route;date;hour;prediction
1;2025-11-01;0;5
1;2025-11-01;1;2
1;2025-11-01;2;1
1;2025-11-01;3;2
1;2025-11-01;4;10
1;2025-11-01;5;145
1;2025-11-01;6;511
1;2025-11-01;7;1697
1;2025-11-01;8;2026
1;2025-11-01;9;1584
1;2025-11-01;10;1410
1;2025-11-01;11;1555
1;2025-11-01;12;1550
1;2025-11-01;13;1653
1;2025-11-01;14;1479
1;2025-11-01;15;1664
1;2025-11-01;16;1713
1;2025-11-01;17;1953
1;2025-11-01;18;1745
1;2025-11-01;19;1362
1;2025-11-01;20;847
1;2025-11-01;21;504
1;2025-11-01;22;231
1;2025-11-01;23;41
1;2025-11-02;0;1
1;2025-11-02;1;3
1;2025-11-02;2;2
1;2025-11-02;3;3
1;2025-11-02;4;3
1;2025-11-02;5;29
1;2025-11-02;6;129
1;2025-11-02;7;282
1;2025-11-02;8;399
1;2025-11-02;9;666
1;2025-11-02;10;757
1;2025-11-02;11;772
1;2025-11-02;12;923
1;2025-11-02;13;960
1;2025-11-02;14;866
1;2025-11-02;15;769
1;2025-11-02;16;708
1;2025-11-02;17;669
1;2025-11-02;18;587
1;2025-11-02;19;527
1;2025-11-02;20;369
1;2025-11-02;21;279
1;2025-11-02;22;102
1;2025-11-02;23;29
1;2025-11-03;0;6
1;2025-11-03;1;8
1;2025-11-03;2;7
1;2025-11-03;3;7
1;2025-11-03;4;8
1;2025-11-03;5;38
1;2025-11-03;6;139
1;2025-11-03;7;283
1;2025-11-03;8;430
1;2025-11-03;9;689
1;2025-11-03;10;835
1;2025-11-03;11;770
1;2025-11-03;12;999
1;2025-11-03;13;1019
1;2025-11-03;14;919
1;2025-11-03;15;798
1;2025-11-03;16;742
1;2025-11-03;17;689
1;2025-11-03;18;657
1;2025-11-03;19;530
1;2025-11-03;20;408
1;2025-11-03;21;279
1;2025-11-03;22;94
1;2025-11-03;23;28
1;2025-11-04;0;7
1;2025-11-04;1;8
1;2025-11-04;2;7
1;2025-11-04;3;6
1;2025-11-04;4;10
1;2025-11-04;5;29
1;2025-11-04;6;145
1;2025-11-04;7;304
1;2025-11-04;8;435
1;2025-11-04;9;682
1;2025-11-04;10;831
1;2025-11-04;11;767
1;2025-11-04;12;997
1;2025-11-04;13;1019
1;2025-11-04;14;874
1;2025-11-04;15;778
1;2025-11-04;16;742
1;2025-11-04;17;691
1;2025-11-04;18;660
1;2025-11-04;19;545
1;2025-11-04;20;403
1;2025-11-04;21;279
1;2025-11-04;22;103
1;2025-11-04;23;33
1;2025-11-05;0;2
1;2025-11-05;1;1
1;2025-11-05;2;0
1;2025-11-05;3;0
1;2025-11-05;4;9
1;2025-11-05;5;134
1;2025-11-05;6;525
1;2025-11-05;7;1512
1;2025-11-05;8;1991
1;2025-11-05;9;1492
1;2025-11-05;10;1418
1;2025-11-05;11;1319
1;2025-11-05;12;1439
1;2025-11-05;13;1524
1;2025-11-05;14;1364
1;2025-11-05;15;1506
1;2025-11-05;16;1499
1;2025-11-05;17;1896
1;2025-11-05;18;1832
1;2025-11-05;19;1413
1;2025-11-05;20;863
1;2025-11-05;21;471
1;2025-11-05;22;220
1;2025-11-05;23;37
1;2025-11-06;0;3
1;2025-11-06;1;1
1;2025-11-06;2;0
1;2025-11-06;3;1
1;2025-11-06;4;9
1;2025-11-06;5;121
1;2025-11-06;6;489
1;2025-11-06;7;1557
1;2025-11-06;8;2005
1;2025-11-06;9;1492
1;2025-11-06;10;1417
1;2025-11-06;11;1349
1;2025-11-06;12;1456
1;2025-11-06;13;1518
1;2025-11-06;14;1328
1;2025-11-06;15;1523
1;2025-11-06;16;1601
1;2025-11-06;17;1853
1;2025-11-06;18;1821
1;2025-11-06;19;1372
1;2025-11-06;20;894
1;2025-11-06;21;462
1;2025-11-06;22;190
1;2025-11-06;23;41
1;2025-11-07;0;4
1;2025-11-07;1;1
1;2025-11-07;2;0
1;2025-11-07;3;0
1;2025-11-07;4;7
1;2025-11-07;5;133
1;2025-11-07;6;498
1;2025-11-07;7;1580
1;2025-11-07;8;1943
1;2025-11-07;9;1454
1;2025-11-07;10;1356
1;2025-11-07;11;1336
1;2025-11-07;12;1405
1;2025-11-07;13;1429
1;2025-11-07;14;1254
1;2025-11-07;15;1412
1;2025-11-07;16;1579
1;2025-11-07;17;1870
1;2025-11-07;18;1574
1;2025-11-07;19;1254
1;2025-11-07;20;810
1;2025-11-07;21;477
1;2025-11-07;22;209
1;2025-11-07;23;47
1;2025-11-08;0;4
1;2025-11-08;1;2
1;2025-11-08;2;1
1;2025-11-08;3;2
1;2025-11-08;4;2
1;2025-11-08;5;33
1;2025-11-08;6;163
1;2025-11-08;7;392
1;2025-11-08;8;543
1;2025-11-08;9;768
1;2025-11-08;10;922
1;2025-11-08;11;805
1;2025-11-08;12;1050
1;2025-11-08;13;1105
1;2025-11-08;14;979
1;2025-11-08;15;870
1;2025-11-08;16;819
1;2025-11-08;17;789
1;2025-11-08;18;697
1;2025-11-08;19;633
1;2025-11-08;20;449
1;2025-11-08;21;292
1;2025-11-08;22;122
1;2025-11-08;23;24
1;2025-11-09;0;0
1;2025-11-09;1;2
1;2025-11-09;2;1
1;2025-11-09;3;2
1;2025-11-09;4;3
1;2025-11-09;5;29
1;2025-11-09;6;129
1;2025-11-09;7;294
1;2025-11-09;8;415
1;2025-11-09;9;648
1;2025-11-09;10;772
1;2025-11-09;11;724
1;2025-11-09;12;916
1;2025-11-09;13;953
1;2025-11-09;14;827
1;2025-11-09;15;752
1;2025-11-09;16;703
1;2025-11-09;17;675
1;2025-11-09;18;605
1;2025-11-09;19;523
1;2025-11-09;20;381
1;2025-11-09;21;263
1;2025-11-09;22;98
1;2025-11-09;23;26
1;2025-11-10;0;0
1;2025-11-10;1;4
1;2025-11-10;2;2
1;2025-11-10;3;2
1;2025-11-10;4;13
1;2025-11-10;5;141
1;2025-11-10;6;536
1;2025-11-10;7;1564
1;2025-11-10;8;2070
1;2025-11-10;9;1507
1;2025-11-10;10;1336
1;2025-11-10;11;1326
1;2025-11-10;12;1452
1;2025-11-10;13;1432
1;2025-11-10;14;1361
1;2025-11-10;15;1506
1;2025-11-10;16;1613
1;2025-11-10;17;1985
1;2025-11-10;18;2042
1;2025-11-10;19;1551
1;2025-11-10;20;897
1;2025-11-10;21;480
1;2025-11-10;22;196
1;2025-11-10;23;37
1;2025-11-11;0;3
1;2025-11-11;1;3
1;2025-11-11;2;2
1;2025-11-11;3;2
1;2025-11-11;4;12
1;2025-11-11;5;136
1;2025-11-11;6;555
1;2025-11-11;7;1685
1;2025-11-11;8;2111
1;2025-11-11;9;1598
1;2025-11-11;10;1449
1;2025-11-11;11;1397
1;2025-11-11;12;1479
1;2025-11-11;13;1506
1;2025-11-11;14;1378
1;2025-11-11;15;1465
1;2025-11-11;16;1594
1;2025-11-11;17;1961
1;2025-11-11;18;1943
1;2025-11-11;19;1533
1;2025-11-11;20;928
1;2025-11-11;21;493
1;2025-11-11;22;219
1;2025-11-11;23;39
1;2025-11-12;0;1
1;2025-11-12;1;1
1;2025-11-12;2;0
1;2025-11-12;3;0
1;2025-11-12;4;8
1;2025-11-12;5;131
1;2025-11-12;6;511
1;2025-11-12;7;1502
1;2025-11-12;8;1959
1;2025-11-12;9;1471
1;2025-11-12;10;1341
1;2025-11-12;11;1287
1;2025-11-12;12;1395
1;2025-11-12;13;1475
1;2025-11-12;14;1319
1;2025-11-12;15;1478
1;2025-11-12;16;1470
1;2025-11-12;17;1855
1;2025-11-12;18;1792
1;2025-11-12;19;1399
1;2025-11-12;20;853
1;2025-11-12;21;459
1;2025-11-12;22;221
1;2025-11-12;23;37
1;2025-11-13;0;2
1;2025-11-13;1;1
1;2025-11-13;2;0
1;2025-11-13;3;0
1;2025-11-13;4;8
1;2025-11-13;5;120
1;2025-11-13;6;489
1;2025-11-13;7;1527
1;2025-11-13;8;2001
1;2025-11-13;9;1481
1;2025-11-13;10;1360
1;2025-11-13;11;1333
1;2025-11-13;12;1425
1;2025-11-13;13;1474
1;2025-11-13;14;1331
1;2025-11-13;15;1495
1;2025-11-13;16;1546
1;2025-11-13;17;1844
1;2025-11-13;18;1804
1;2025-11-13;19;1368
1;2025-11-13;20;872
1;2025-11-13;21;471
1;2025-11-13;22;205
1;2025-11-13;23;43
1;2025-11-14;0;3
1;2025-11-14;1;1
1;2025-11-14;2;0
1;2025-11-14;3;0
1;2025-11-14;4;7
1;2025-11-14;5;129
1;2025-11-14;6;480
1;2025-11-14;7;1502
1;2025-11-14;8;1869
1;2025-11-14;9;1441
1;2025-11-14;10;1307
1;2025-11-14;11;1323
1;2025-11-14;12;1373
1;2025-11-14;13;1440
1;2025-11-14;14;1261
1;2025-11-14;15;1417
1;2025-11-14;16;1558
1;2025-11-14;17;1799
1;2025-11-14;18;1536
1;2025-11-14;19;1216
1;2025-11-14;20;795
1;2025-11-14;21;474
1;2025-11-14;22;218
1;2025-11-14;23;43
1;2025-11-15;0;0
1;2025-11-15;1;0
1;2025-11-15;2;0
1;2025-11-15;3;0
1;2025-11-15;4;0
1;2025-11-15;5;24
1;2025-11-15;6;143
1;2025-11-15;7;329
1;2025-11-15;8;469
1;2025-11-15;9;693
1;2025-11-15;10;779
1;2025-11-15;11;706
1;2025-11-15;12;922
1;2025-11-15;13;974
1;2025-11-15;14;857
1;2025-11-15;15;748
1;2025-11-15;16;708
1;2025-11-15;17;688
1;2025-11-15;18;603
1;2025-11-15;19;548
1;2025-11-15;20;376
1;2025-11-15;21;260
1;2025-11-15;22;104
1;2025-11-15;23;17
1;2025-11-16;0;0
1;2025-11-16;1;2
1;2025-11-16;2;1
1;2025-11-16;3;2
1;2025-11-16;4;1
1;2025-11-16;5;26
1;2025-11-16;6;124
1;2025-11-16;7;263
1;2025-11-16;8;387
1;2025-11-16;9;673
1;2025-11-16;10;728
1;2025-11-16;11;714
1;2025-11-16;12;896
1;2025-11-16;13;944
1;2025-11-16;14;785
1;2025-11-16;15;714
1;2025-11-16;16;674
1;2025-11-16;17;645
1;2025-11-16;18;583
1;2025-11-16;19;510
1;2025-11-16;20;361
1;2025-11-16;21;261
1;2025-11-16;22;97
1;2025-11-16;23;21
1;2025-11-17;0;0
1;2025-11-17;1;3
1;2025-11-17;2;2
1;2025-11-17;3;2
1;2025-11-17;4;10
1;2025-11-17;5;132
1;2025-11-17;6;511
1;2025-11-17;7;1471
1;2025-11-17;8;1959
1;2025-11-17;9;1524
1;2025-11-17;10;1287
1;2025-11-17;11;1306
1;2025-11-17;12;1424
1;2025-11-17;13;1456
1;2025-11-17;14;1308
1;2025-11-17;15;1460
1;2025-11-17;16;1562
1;2025-11-17;17;1910
1;2025-11-17;18;1947
1;2025-11-17;19;1516
1;2025-11-17;20;860
1;2025-11-17;21;476
1;2025-11-17;22;194
1;2025-11-17;23;33
1;2025-11-18;0;0
1;2025-11-18;1;1
1;2025-11-18;2;0
1;2025-11-18;3;0
1;2025-11-18;4;7
1;2025-11-18;5;121
1;2025-11-18;6;484
1;2025-11-18;7;1433
1;2025-11-18;8;1482
1;2025-11-18;9;1512
1;2025-11-18;10;1271
1;2025-11-18;11;1278
1;2025-11-18;12;1341
1;2025-11-18;13;1422
1;2025-11-18;14;1230
1;2025-11-18;15;1324
1;2025-11-18;16;1433
1;2025-11-18;17;1758
1;2025-11-18;18;1705
1;2025-11-18;19;1384
1;2025-11-18;20;835
1;2025-11-18;21;456
1;2025-11-18;22;200
1;2025-11-18;23;30
1;2025-11-19;0;2
1;2025-11-19;1;2
1;2025-11-19;2;1
1;2025-11-19;3;1
1;2025-11-19;4;9
1;2025-11-19;5;131
1;2025-11-19;6;514
1;2025-11-19;7;1468
1;2025-11-19;8;1932
1;2025-11-19;9;1560
1;2025-11-19;10;1341
1;2025-11-19;11;1340
1;2025-11-19;12;1424
1;2025-11-19;13;1526
1;2025-11-19;14;1343
1;2025-11-19;15;1497
1;2025-11-19;16;1494
1;2025-11-19;17;1866
1;2025-11-19;18;1805
1;2025-11-19;19;1448
1;2025-11-19;20;857
1;2025-11-19;21;480
1;2025-11-19;22;233
1;2025-11-19;23;36
1;2025-11-20;0;3
1;2025-11-20;1;2
1;2025-11-20;2;1
1;2025-11-20;3;1
1;2025-11-20;4;8
1;2025-11-20;5;117
1;2025-11-20;6;480
1;2025-11-20;7;1439
1;2025-11-20;8;1933
1;2025-11-20;9;1554
1;2025-11-20;10;1330
1;2025-11-20;11;1359
1;2025-11-20;12;1431
1;2025-11-20;13;1506
1;2025-11-20;14;1334
1;2025-11-20;15;1479
1;2025-11-20;16;1529
1;2025-11-20;17;1832
1;2025-11-20;18;1782
1;2025-11-20;19;1390
1;2025-11-20;20;849
1;2025-11-20;21;491
1;2025-11-20;22;212
1;2025-11-20;23;41
1;2025-11-21;0;4
1;2025-11-21;1;2
1;2025-11-21;2;1
1;2025-11-21;3;1
1;2025-11-21;4;8
1;2025-11-21;5;129
1;2025-11-21;6;493
1;2025-11-21;7;1472
1;2025-11-21;8;1860
1;2025-11-21;9;1510
1;2025-11-21;10;1306
1;2025-11-21;11;1381
1;2025-11-21;12;1421
1;2025-11-21;13;1500
1;2025-11-21;14;1325
1;2025-11-21;15;1468
1;2025-11-21;16;1590
1;2025-11-21;17;1815
1;2025-11-21;18;1584
1;2025-11-21;19;1251
1;2025-11-21;20;794
1;2025-11-21;21;498
1;2025-11-21;22;229
1;2025-11-21;23;42
1;2025-11-22;0;4
1;2025-11-22;1;3
1;2025-11-22;2;2
1;2025-11-22;3;3
1;2025-11-22;4;3
1;2025-11-22;5;32
1;2025-11-22;6;166
1;2025-11-22;7;374
1;2025-11-22;8;533
1;2025-11-22;9;808
1;2025-11-22;10;903
1;2025-11-22;11;813
1;2025-11-22;12;1053
1;2025-11-22;13;1116
1;2025-11-22;14;964
1;2025-11-22;15;853
1;2025-11-22;16;816
1;2025-11-22;17;789
1;2025-11-22;18;693
1;2025-11-22;19;642
1;2025-11-22;20;439
1;2025-11-22;21;303
1;2025-11-22;22;124
1;2025-11-22;23;23
1;2025-11-23;0;0
1;2025-11-23;1;3
1;2025-11-23;2;2
1;2025-11-23;3;3
1;2025-11-23;4;2
1;2025-11-23;5;28
1;2025-11-23;6;130
1;2025-11-23;7;281
1;2025-11-23;8;408
1;2025-11-23;9;688
1;2025-11-23;10;766
1;2025-11-23;11;730
1;2025-11-23;12;931
1;2025-11-23;13;980
1;2025-11-23;14;813
1;2025-11-23;15;740
1;2025-11-23;16;699
1;2025-11-23;17;672
1;2025-11-23;18;613
1;2025-11-23;19;533
1;2025-11-23;20;376
1;2025-11-23;21;268
1;2025-11-23;22;99
1;2025-11-23;23;23
1;2025-11-24;0;0
1;2025-11-24;1;2
1;2025-11-24;2;1
1;2025-11-24;3;1
1;2025-11-24;4;9
1;2025-11-24;5;132
1;2025-11-24;6;514
1;2025-11-24;7;1571
1;2025-11-24;8;2026
1;2025-11-24;9;1432
1;2025-11-24;10;1296
1;2025-11-24;11;1256
1;2025-11-24;12;1410
1;2025-11-24;13;1428
1;2025-11-24;14;1287
1;2025-11-24;15;1463
1;2025-11-24;16;1558
1;2025-11-24;17;1930
1;2025-11-24;18;1954
1;2025-11-24;19;1487
1;2025-11-24;20;865
1;2025-11-24;21;455
1;2025-11-24;22;190
1;2025-11-24;23;34
1;2025-11-25;0;0
1;2025-11-25;1;0
1;2025-11-25;2;0
1;2025-11-25;3;0
1;2025-11-25;4;7
1;2025-11-25;5;128
1;2025-11-25;6;513
1;2025-11-25;7;1596
1;2025-11-25;8;1938
1;2025-11-25;9;1459
1;2025-11-25;10;1348
1;2025-11-25;11;1276
1;2025-11-25;12;1371
1;2025-11-25;13;1424
1;2025-11-25;14;1275
1;2025-11-25;15;1380
1;2025-11-25;16;1474
1;2025-11-25;17;1823
1;2025-11-25;18;1798
1;2025-11-25;19;1403
1;2025-11-25;20;877
1;2025-11-25;21;451
1;2025-11-25;22;201
1;2025-11-25;23;35
1;2025-11-26;0;0
1;2025-11-26;1;0
1;2025-11-26;2;0
1;2025-11-26;3;0
1;2025-11-26;4;7
1;2025-11-26;5;128
1;2025-11-26;6;503
1;2025-11-26;7;1558
1;2025-11-26;8;1965
1;2025-11-26;9;1399
1;2025-11-26;10;1307
1;2025-11-26;11;1239
1;2025-11-26;12;1363
1;2025-11-26;13;1426
1;2025-11-26;14;1293
1;2025-11-26;15;1455
1;2025-11-26;16;1445
1;2025-11-26;17;1840
1;2025-11-26;18;1782
1;2025-11-26;19;1375
1;2025-11-26;20;833
1;2025-11-26;21;438
1;2025-11-26;22;213
1;2025-11-26;23;36
1;2025-11-27;0;1
1;2025-11-27;1;1
1;2025-11-27;2;0
1;2025-11-27;3;0
1;2025-11-27;4;7
1;2025-11-27;5;119
1;2025-11-27;6;478
1;2025-11-27;7;1531
1;2025-11-27;8;2008
1;2025-11-27;9;1468
1;2025-11-27;10;1342
1;2025-11-27;11;1310
1;2025-11-27;12;1413
1;2025-11-27;13;1470
1;2025-11-27;14;1316
1;2025-11-27;15;1479
1;2025-11-27;16;1528
1;2025-11-27;17;1863
1;2025-11-27;18;1789
1;2025-11-27;19;1370
1;2025-11-27;20;856
1;2025-11-27;21;469
1;2025-11-27;22;206
1;2025-11-27;23;42
1;2025-11-28;0;2
1;2025-11-28;1;1
1;2025-11-28;2;0
1;2025-11-28;3;0
1;2025-11-28;4;7
1;2025-11-28;5;128
1;2025-11-28;6;484
1;2025-11-28;7;1540
1;2025-11-28;8;1901
1;2025-11-28;9;1419
1;2025-11-28;10;1311
1;2025-11-28;11;1321
1;2025-11-28;12;1391
1;2025-11-28;13;1469
1;2025-11-28;14;1295
1;2025-11-28;15;1460
1;2025-11-28;16;1579
1;2025-11-28;17;1817
1;2025-11-28;18;1572
1;2025-11-28;19;1214
1;2025-11-28;20;792
1;2025-11-28;21;469
1;2025-11-28;22;218
1;2025-11-28;23;42
1;2025-11-29;0;3
1;2025-11-29;1;2
1;2025-11-29;2;1
1;2025-11-29;3;2
1;2025-11-29;4;2
1;2025-11-29;5;32
1;2025-11-29;6;164
1;2025-11-29;7;376
1;2025-11-29;8;534
1;2025-11-29;9;774
1;2025-11-29;10;898
1;2025-11-29;11;784
1;2025-11-29;12;1027
1;2025-11-29;13;1086
1;2025-11-29;14;936
1;2025-11-29;15;842
1;2025-11-29;16;807
1;2025-11-29;17;781
1;2025-11-29;18;678
1;2025-11-29;19;622
1;2025-11-29;20;441
1;2025-11-29;21;293
1;2025-11-29;22;122
1;2025-11-29;23;24
1;2025-11-30;0;0
1;2025-11-30;1;1
1;2025-11-30;2;0
1;2025-11-30;3;1
1;2025-11-30;4;1
1;2025-11-30;5;27
1;2025-11-30;6;127
1;2025-11-30;7;286
1;2025-11-30;8;410
1;2025-11-30;9;644
1;2025-11-30;10;757
1;2025-11-30;11;693
1;2025-11-30;12;903
1;2025-11-30;13;940
1;2025-11-30;14;784
1;2025-11-30;15;724
1;2025-11-30;16;683
1;2025-11-30;17;663
1;2025-11-30;18;604
1;2025-11-30;19;512
1;2025-11-30;20;375
1;2025-11-30;21;252
1;2025-11-30;22;94
1;2025-11-30;23;22
1;2025-12-01;0;0
1;2025-12-01;1;1
1;2025-12-01;2;0
1;2025-12-01;3;0
1;2025-12-01;4;9
1;2025-12-01;5;129
1;2025-12-01;6;518
1;2025-12-01;7;1540
1;2025-12-01;8;1992
1;2025-12-01;9;1403
1;2025-12-01;10;1271
1;2025-12-01;11;1239
1;2025-12-01;12;1377
1;2025-12-01;13;1381
1;2025-12-01;14;1267
1;2025-12-01;15;1438
1;2025-12-01;16;1518
1;2025-12-01;17;1883
1;2025-12-01;18;1933
1;2025-12-01;19;1458
1;2025-12-01;20;858
1;2025-12-01;21;450
1;2025-12-01;22;190
1;2025-12-01;23;34
1;2025-12-02;0;0
1;2025-12-02;1;0
1;2025-12-02;2;0
1;2025-12-02;3;0
1;2025-12-02;4;7
1;2025-12-02;5;128
1;2025-12-02;6;512
1;2025-12-02;7;1575
1;2025-12-02;8;1947
1;2025-12-02;9;1452
1;2025-12-02;10;1330
1;2025-12-02;11;1269
1;2025-12-02;12;1363
1;2025-12-02;13;1417
1;2025-12-02;14;1267
1;2025-12-02;15;1375
1;2025-12-02;16;1463
1;2025-12-02;17;1809
1;2025-12-02;18;1781
1;2025-12-02;19;1387
1;2025-12-02;20;872
1;2025-12-02;21;450
1;2025-12-02;22;201
1;2025-12-02;23;34
1;2025-12-03;0;0
1;2025-12-03;1;0
1;2025-12-03;2;0
1;2025-12-03;3;0
1;2025-12-03;4;7
1;2025-12-03;5;128
1;2025-12-03;6;504
1;2025-12-03;7;1491
1;2025-12-03;8;1933
1;2025-12-03;9;1444
1;2025-12-03;10;1288
1;2025-12-03;11;1261
1;2025-12-03;12;1361
1;2025-12-03;13;1430
1;2025-12-03;14;1277
1;2025-12-03;15;1453
1;2025-12-03;16;1442
1;2025-12-03;17;1832
1;2025-12-03;18;1762
1;2025-12-03;19;1383
1;2025-12-03;20;841
1;2025-12-03;21;446
1;2025-12-03;22;220
1;2025-12-03;23;36
1;2025-12-04;0;1
1;2025-12-04;1;0
1;2025-12-04;2;0
1;2025-12-04;3;0
1;2025-12-04;4;7
1;2025-12-04;5;118
1;2025-12-04;6;481
1;2025-12-04;7;1492
1;2025-12-04;8;1979
1;2025-12-04;9;1459
1;2025-12-04;10;1314
1;2025-12-04;11;1305
1;2025-12-04;12;1393
1;2025-12-04;13;1441
1;2025-12-04;14;1306
1;2025-12-04;15;1463
1;2025-12-04;16;1499
1;2025-12-04;17;1830
1;2025-12-04;18;1772
1;2025-12-04;19;1352
1;2025-12-04;20;850
1;2025-12-04;21;471
1;2025-12-04;22;208
1;2025-12-04;23;43
1;2025-12-05;0;2
1;2025-12-05;1;0
1;2025-12-05;2;0
1;2025-12-05;3;0
1;2025-12-05;4;6
1;2025-12-05;5;125
1;2025-12-05;6;479
1;2025-12-05;7;1481
1;2025-12-05;8;1852
1;2025-12-05;9;1399
1;2025-12-05;10;1270
1;2025-12-05;11;1303
1;2025-12-05;12;1360
1;2025-12-05;13;1437
1;2025-12-05;14;1273
1;2025-12-05;15;1435
1;2025-12-05;16;1539
1;2025-12-05;17;1766
1;2025-12-05;18;1538
1;2025-12-05;19;1183
1;2025-12-05;20;777
1;2025-12-05;21;464
1;2025-12-05;22;217
1;2025-12-05;23;41
1;2025-12-06;0;2
1;2025-12-06;1;0
1;2025-12-06;2;0
1;2025-12-06;3;0
1;2025-12-06;4;0
1;2025-12-06;5;29
1;2025-12-06;6;157
1;2025-12-06;7;354
1;2025-12-06;8;508
1;2025-12-06;9;735
1;2025-12-06;10;846
1;2025-12-06;11;745
1;2025-12-06;12;972
1;2025-12-06;13;1025
1;2025-12-06;14;892
1;2025-12-06;15;800
1;2025-12-06;16;765
1;2025-12-06;17;740
1;2025-12-06;18;643
1;2025-12-06;19;586
1;2025-12-06;20;422
1;2025-12-06;21;280
1;2025-12-06;22;118
1;2025-12-06;23;23
1;2025-12-07;0;0
1;2025-12-07;1;0
1;2025-12-07;2;0
1;2025-12-07;3;0
1;2025-12-07;4;0
1;2025-12-07;5;24
1;2025-12-07;6;119
1;2025-12-07;7;261
1;2025-12-07;8;382
1;2025-12-07;9;611
1;2025-12-07;10;700
1;2025-12-07;11;653
1;2025-12-07;12;844
1;2025-12-07;13;882
1;2025-12-07;14;731
1;2025-12-07;15;678
1;2025-12-07;16;638
1;2025-12-07;17;619
1;2025-12-07;18;562
1;2025-12-07;19;478
1;2025-12-07;20;355
1;2025-12-07;21;237
1;2025-12-07;22;89
1;2025-12-07;23;19
1;2025-12-08;0;0
1;2025-12-08;1;0
1;2025-12-08;2;0
1;2025-12-08;3;0
1;2025-12-08;4;7
1;2025-12-08;5;123
1;2025-12-08;6;493
1;2025-12-08;7;1462
1;2025-12-08;8;1902
1;2025-12-08;9;1353
1;2025-12-08;10;1213
1;2025-12-08;11;1189
1;2025-12-08;12;1322
1;2025-12-08;13;1337
1;2025-12-08;14;1207
1;2025-12-08;15;1379
1;2025-12-08;16;1454
1;2025-12-08;17;1803
1;2025-12-08;18;1837
1;2025-12-08;19;1393
1;2025-12-08;20;825
1;2025-12-08;21;432
1;2025-12-08;22;183
1;2025-12-08;23;32
1;2025-12-09;0;0
1;2025-12-09;1;0
1;2025-12-09;2;0
1;2025-12-09;3;0
1;2025-12-09;4;5
1;2025-12-09;5;124
1;2025-12-09;6;488
1;2025-12-09;7;1496
1;2025-12-09;8;1886
1;2025-12-09;9;1424
1;2025-12-09;10;1284
1;2025-12-09;11;1234
1;2025-12-09;12;1319
1;2025-12-09;13;1389
1;2025-12-09;14;1219
1;2025-12-09;15;1332
1;2025-12-09;16;1418
1;2025-12-09;17;1748
1;2025-12-09;18;1704
1;2025-12-09;19;1339
1;2025-12-09;20;850
1;2025-12-09;21;437
1;2025-12-09;22;197
1;2025-12-09;23;32
1;2025-12-10;0;0
1;2025-12-10;1;0
1;2025-12-10;2;0
1;2025-12-10;3;0
1;2025-12-10;4;6
1;2025-12-10;5;122
1;2025-12-10;6;480
1;2025-12-10;7;1437
1;2025-12-10;8;1858
1;2025-12-10;9;1378
1;2025-12-10;10;1229
1;2025-12-10;11;1203
1;2025-12-10;12;1302
1;2025-12-10;13;1376
1;2025-12-10;14;1220
1;2025-12-10;15;1393
1;2025-12-10;16;1379
1;2025-12-10;17;1755
1;2025-12-10;18;1683
1;2025-12-10;19;1316
1;2025-12-10;20;808
1;2025-12-10;21;425
1;2025-12-10;22;209
1;2025-12-10;23;33
1;2025-12-11;0;0
1;2025-12-11;1;0
1;2025-12-11;2;0
1;2025-12-11;3;0
1;2025-12-11;4;5
1;2025-12-11;5;109
1;2025-12-11;6;446
1;2025-12-11;7;1374
1;2025-12-11;8;1847
1;2025-12-11;9;1380
1;2025-12-11;10;1216
1;2025-12-11;11;1223
1;2025-12-11;12;1301
1;2025-12-11;13;1360
1;2025-12-11;14;1209
1;2025-12-11;15;1366
1;2025-12-11;16;1404
1;2025-12-11;17;1719
1;2025-12-11;18;1637
1;2025-12-11;19;1262
1;2025-12-11;20;803
1;2025-12-11;21;440
1;2025-12-11;22;196
1;2025-12-11;23;38
1;2025-12-12;0;0
1;2025-12-12;1;0
1;2025-12-12;2;0
1;2025-12-12;3;0
1;2025-12-12;4;4
1;2025-12-12;5;116
1;2025-12-12;6;444
1;2025-12-12;7;1369
1;2025-12-12;8;1730
1;2025-12-12;9;1319
1;2025-12-12;10;1178
1;2025-12-12;11;1220
1;2025-12-12;12;1270
1;2025-12-12;13;1356
1;2025-12-12;14;1184
1;2025-12-12;15;1342
1;2025-12-12;16;1439
1;2025-12-12;17;1655
1;2025-12-12;18;1427
1;2025-12-12;19;1103
1;2025-12-12;20;734
1;2025-12-12;21;433
1;2025-12-12;22;204
1;2025-12-12;23;36
1;2025-12-13;0;0
1;2025-12-13;1;0
1;2025-12-13;2;0
1;2025-12-13;3;0
1;2025-12-13;4;0
1;2025-12-13;5;23
1;2025-12-13;6;138
1;2025-12-13;7;312
1;2025-12-13;8;454
1;2025-12-13;9;674
1;2025-12-13;10;749
1;2025-12-13;11;673
1;2025-12-13;12;868
1;2025-12-13;13;929
1;2025-12-13;14;795
1;2025-12-13;15;716
1;2025-12-13;16;686
1;2025-12-13;17;664
1;2025-12-13;18;572
1;2025-12-13;19;526
1;2025-12-13;20;382
1;2025-12-13;21;252
1;2025-12-13;22;106
1;2025-12-13;23;17
1;2025-12-14;0;0
1;2025-12-14;1;0
1;2025-12-14;2;0
1;2025-12-14;3;0
1;2025-12-14;4;0
1;2025-12-14;5;20
1;2025-12-14;6;108
1;2025-12-14;7;234
1;2025-12-14;8;350
1;2025-12-14;9;569
1;2025-12-14;10;636
1;2025-12-14;11;603
1;2025-12-14;12;776
1;2025-12-14;13;817
1;2025-12-14;14;668
1;2025-12-14;15;624
1;2025-12-14;16;585
1;2025-12-14;17;569
1;2025-12-14;18;514
1;2025-12-14;19;438
1;2025-12-14;20;328
1;2025-12-14;21;218
1;2025-12-14;22;81
1;2025-12-14;23;15
1;2025-12-15;0;0
1;2025-12-15;1;0
1;2025-12-15;2;0
1;2025-12-15;3;0
1;2025-12-15;4;6
1;2025-12-15;5;117
1;2025-12-15;6;481
1;2025-12-15;7;1396
1;2025-12-15;8;1834
1;2025-12-15;9;1309
1;2025-12-15;10;1157
1;2025-12-15;11;1151
1;2025-12-15;12;1280
1;2025-12-15;13;1296
1;2025-12-15;14;1159
1;2025-12-15;15;1336
1;2025-12-15;16;1400
1;2025-12-15;17;1742
1;2025-12-15;18;1769
1;2025-12-15;19;1339
1;2025-12-15;20;796
1;2025-12-15;21;417
1;2025-12-15;22;175
1;2025-12-15;23;30
1;2025-12-16;0;0
1;2025-12-16;1;0
1;2025-12-16;2;0
1;2025-12-16;3;0
1;2025-12-16;4;5
1;2025-12-16;5;121
1;2025-12-16;6;486
1;2025-12-16;7;1463
1;2025-12-16;8;1856
1;2025-12-16;9;1382
1;2025-12-16;10;1249
1;2025-12-16;11;1208
1;2025-12-16;12;1295
1;2025-12-16;13;1354
1;2025-12-16;14;1196
1;2025-12-16;15;1311
1;2025-12-16;16;1386
1;2025-12-16;17;1716
1;2025-12-16;18;1675
1;2025-12-16;19;1306
1;2025-12-16;20;836
1;2025-12-16;21;428
1;2025-12-16;22;193
1;2025-12-16;23;31
1;2025-12-17;0;0
1;2025-12-17;1;0
1;2025-12-17;2;0
1;2025-12-17;3;0
1;2025-12-17;4;5
1;2025-12-17;5;119
1;2025-12-17;6;474
1;2025-12-17;7;1373
1;2025-12-17;8;1807
1;2025-12-17;9;1366
1;2025-12-17;10;1195
1;2025-12-17;11;1190
1;2025-12-17;12;1275
1;2025-12-17;13;1348
1;2025-12-17;14;1189
1;2025-12-17;15;1366
1;2025-12-17;16;1349
1;2025-12-17;17;1717
1;2025-12-17;18;1639
1;2025-12-17;19;1293
1;2025-12-17;20;801
1;2025-12-17;21;420
1;2025-12-17;22;209
1;2025-12-17;23;32
1;2025-12-18;0;0
1;2025-12-18;1;0
1;2025-12-18;2;0
1;2025-12-18;3;0
1;2025-12-18;4;5
1;2025-12-18;5;109
1;2025-12-18;6;453
1;2025-12-18;7;1356
1;2025-12-18;8;1841
1;2025-12-18;9;1375
1;2025-12-18;10;1209
1;2025-12-18;11;1228
1;2025-12-18;12;1299
1;2025-12-18;13;1350
1;2025-12-18;14;1211
1;2025-12-18;15;1369
1;2025-12-18;16;1394
1;2025-12-18;17;1708
1;2025-12-18;18;1639
1;2025-12-18;19;1258
1;2025-12-18;20;806
1;2025-12-18;21;442
1;2025-12-18;22;199
1;2025-12-18;23;38
1;2025-12-19;0;0
1;2025-12-19;1;0
1;2025-12-19;2;0
1;2025-12-19;3;0
1;2025-12-19;4;4
1;2025-12-19;5;116
1;2025-12-19;6;453
1;2025-12-19;7;1344
1;2025-12-19;8;1725
1;2025-12-19;9;1319
1;2025-12-19;10;1166
1;2025-12-19;11;1228
1;2025-12-19;12;1271
1;2025-12-19;13;1347
1;2025-12-19;14;1184
1;2025-12-19;15;1347
1;2025-12-19;16;1432
1;2025-12-19;17;1650
1;2025-12-19;18;1429
1;2025-12-19;19;1101
1;2025-12-19;20;737
1;2025-12-19;21;436
1;2025-12-19;22;207
1;2025-12-19;23;36
1;2025-12-20;0;0
1;2025-12-20;1;0
1;2025-12-20;2;0
1;2025-12-20;3;0
1;2025-12-20;4;0
1;2025-12-20;5;24
1;2025-12-20;6;146
1;2025-12-20;7;303
1;2025-12-20;8;454
1;2025-12-20;9;676
1;2025-12-20;10;746
1;2025-12-20;11;687
1;2025-12-20;12;877
1;2025-12-20;13;937
1;2025-12-20;14;802
1;2025-12-20;15;724
1;2025-12-20;16;676
1;2025-12-20;17;663
1;2025-12-20;18;575
1;2025-12-20;19;524
1;2025-12-20;20;387
1;2025-12-20;21;257
1;2025-12-20;22;110
1;2025-12-20;23;19
1;2025-12-21;0;0
1;2025-12-21;1;0
1;2025-12-21;2;0
1;2025-12-21;3;0
1;2025-12-21;4;0
1;2025-12-21;5;19
1;2025-12-21;6;111
1;2025-12-21;7;224
1;2025-12-21;8;343
1;2025-12-21;9;566
1;2025-12-21;10;626
1;2025-12-21;11;606
1;2025-12-21;12;769
1;2025-12-21;13;814
1;2025-12-21;14;661
1;2025-12-21;15;619
1;2025-12-21;16;568
1;2025-12-21;17;558
1;2025-12-21;18;506
1;2025-12-21;19;431
1;2025-12-21;20;329
1;2025-12-21;21;219
1;2025-12-21;22;83
1;2025-12-21;23;16
1;2025-12-22;0;0
1;2025-12-22;1;0
1;2025-12-22;2;0
1;2025-12-22;3;0
1;2025-12-22;4;5
1;2025-12-22;5;114
1;2025-12-22;6;470
1;2025-12-22;7;1326
1;2025-12-22;8;1767
1;2025-12-22;9;1299
1;2025-12-22;10;1134
1;2025-12-22;11;1139
1;2025-12-22;12;1248
1;2025-12-22;13;1290
1;2025-12-22;14;1125
1;2025-12-22;15;1300
1;2025-12-22;16;1347
1;2025-12-22;17;1689
1;2025-12-22;18;1703
1;2025-12-22;19;1304
1;2025-12-22;20;786
1;2025-12-22;21;412
1;2025-12-22;22;176
1;2025-12-22;23;29
1;2025-12-23;0;0
1;2025-12-23;1;0
1;2025-12-23;2;0
1;2025-12-23;3;0
1;2025-12-23;4;4
1;2025-12-23;5;117
1;2025-12-23;6;476
1;2025-12-23;7;1354
1;2025-12-23;8;1768
1;2025-12-23;9;1381
1;2025-12-23;10;1203
1;2025-12-23;11;1197
1;2025-12-23;12;1261
1;2025-12-23;13;1348
1;2025-12-23;14;1146
1;2025-12-23;15;1275
1;2025-12-23;16;1328
1;2025-12-23;17;1656
1;2025-12-23;18;1597
1;2025-12-23;19;1268
1;2025-12-23;20;822
1;2025-12-23;21;423
1;2025-12-23;22;193
1;2025-12-23;23;29
1;2025-12-24;0;0
1;2025-12-24;1;0
1;2025-12-24;2;0
1;2025-12-24;3;0
1;2025-12-24;4;3
1;2025-12-24;5;115
1;2025-12-24;6;471
1;2025-12-24;7;1301
1;2025-12-24;8;1742
1;2025-12-24;9;1345
1;2025-12-24;10;1152
1;2025-12-24;11;1174
1;2025-12-24;12;1247
1;2025-12-24;13;1339
1;2025-12-24;14;1148
1;2025-12-24;15;1337
1;2025-12-24;16;1292
1;2025-12-24;17;1663
1;2025-12-24;18;1580
1;2025-12-24;19;1250
1;2025-12-24;20;785
1;2025-12-24;21;413
1;2025-12-24;22;207
1;2025-12-24;23;31
1;2025-12-25;0;0
1;2025-12-25;1;0
1;2025-12-25;2;0
1;2025-12-25;3;0
1;2025-12-25;4;0
1;2025-12-25;5;104
1;2025-12-25;6;474
1;2025-12-25;7;1253
1;2025-12-25;8;1737
1;2025-12-25;9;1302
1;2025-12-25;10;1130
1;2025-12-25;11;1202
1;2025-12-25;12;1231
1;2025-12-25;13;1273
1;2025-12-25;14;1163
1;2025-12-25;15;1322
1;2025-12-25;16;1294
1;2025-12-25;17;1588
1;2025-12-25;18;1548
1;2025-12-25;19;1188
1;2025-12-25;20;804
1;2025-12-25;21;430
1;2025-12-25;22;208
1;2025-12-25;23;39
1;2025-12-26;0;0
1;2025-12-26;1;0
1;2025-12-26;2;0
1;2025-12-26;3;0
1;2025-12-26;4;0
1;2025-12-26;5;107
1;2025-12-26;6;467
1;2025-12-26;7;1274
1;2025-12-26;8;1642
1;2025-12-26;9;1248
1;2025-12-26;10;1098
1;2025-12-26;11;1199
1;2025-12-26;12;1207
1;2025-12-26;13;1275
1;2025-12-26;14;1156
1;2025-12-26;15;1307
1;2025-12-26;16;1346
1;2025-12-26;17;1541
1;2025-12-26;18;1358
1;2025-12-26;19;1040
1;2025-12-26;20;732
1;2025-12-26;21;423
1;2025-12-26;22;214
1;2025-12-26;23;32
1;2025-12-27;0;0
1;2025-12-27;1;0
1;2025-12-27;2;0
1;2025-12-27;3;0
1;2025-12-27;4;0
1;2025-12-27;5;18
1;2025-12-27;6;152
1;2025-12-27;7;283
1;2025-12-27;8;436
1;2025-12-27;9;648
1;2025-12-27;10;698
1;2025-12-27;11;675
1;2025-12-27;12;831
1;2025-12-27;13;873
1;2025-12-27;14;771
1;2025-12-27;15;705
1;2025-12-27;16;645
1;2025-12-27;17;627
1;2025-12-27;18;550
1;2025-12-27;19;503
1;2025-12-27;20;392
1;2025-12-27;21;249
1;2025-12-27;22;115
1;2025-12-27;23;17
1;2025-12-28;0;0
1;2025-12-28;1;0
1;2025-12-28;2;0
1;2025-12-28;3;0
1;2025-12-28;4;0
1;2025-12-28;5;14
1;2025-12-28;6;115
1;2025-12-28;7;210
1;2025-12-28;8;333
1;2025-12-28;9;541
1;2025-12-28;10;587
1;2025-12-28;11;597
1;2025-12-28;12;735
1;2025-12-28;13;760
1;2025-12-28;14;645
1;2025-12-28;15;608
1;2025-12-28;16;545
1;2025-12-28;17;531
1;2025-12-28;18;490
1;2025-12-28;19;414
1;2025-12-28;20;332
1;2025-12-28;21;212
1;2025-12-28;22;86
1;2025-12-28;23;14
1;2025-12-29;0;0
1;2025-12-29;1;0
1;2025-12-29;2;0
1;2025-12-29;3;0
1;2025-12-29;4;3
1;2025-12-29;5;110
1;2025-12-29;6;492
1;2025-12-29;7;1245
1;2025-12-29;8;1697
1;2025-12-29;9;1209
1;2025-12-29;10;1053
1;2025-12-29;11;1103
1;2025-12-29;12;1182
1;2025-12-29;13;1187
1;2025-12-29;14;1087
1;2025-12-29;15;1260
1;2025-12-29;16;1264
1;2025-12-29;17;1582
1;2025-12-29;18;1628
1;2025-12-29;19;1228
1;2025-12-29;20;782
1;2025-12-29;21;397
1;2025-12-29;22;181
1;2025-12-29;23;30
1;2025-12-30;0;0
1;2025-12-30;1;0
1;2025-12-30;2;0
1;2025-12-30;3;0
1;2025-12-30;4;0
1;2025-12-30;5;114
1;2025-12-30;6;498
1;2025-12-30;7;1323
1;2025-12-30;8;1734
1;2025-12-30;9;1280
1;2025-12-30;10;1144
1;2025-12-30;11;1163
1;2025-12-30;12;1202
1;2025-12-30;13;1244
1;2025-12-30;14;1140
1;2025-12-30;15;1247
1;2025-12-30;16;1268
1;2025-12-30;17;1567
1;2025-12-30;18;1557
1;2025-12-30;19;1207
1;2025-12-30;20;826
1;2025-12-30;21;410
1;2025-12-30;22;201
1;2025-12-30;23;30
1;2025-12-31;0;0
1;2025-12-31;1;0
1;2025-12-31;2;0
1;2025-12-31;3;0
1;2025-12-31;4;0
1;2025-12-31;5;9
1;2025-12-31;6;110
1;2025-12-31;7;196
1;2025-12-31;8;318
1;2025-12-31;9;543
1;2025-12-31;10;583
1;2025-12-31;11;604
1;2025-12-31;12;752
1;2025-12-31;13;777
1;2025-12-31;14;667
1;2025-12-31;15;611
1;2025-12-31;16;547
1;2025-12-31;17;521
1;2025-12-31;18;480
1;2025-12-31;19;401
1;2025-12-31;20;327
1;2025-12-31;21;217
1;2025-12-31;22;87
1;2025-12-31;23;11
5;2025-11-01;0;0
5;2025-11-01;1;0
5;2025-11-01;2;0
5;2025-11-01;3;0
5;2025-11-01;4;0
5;2025-11-01;5;0
5;2025-11-01;6;0
5;2025-11-01;7;0
5;2025-11-01;8;0
5;2025-11-01;9;0
5;2025-11-01;10;0
5;2025-11-01;11;0
5;2025-11-01;12;0
5;2025-11-01;13;0
5;2025-11-01;14;0
5;2025-11-01;15;0
5;2025-11-01;16;0
5;2025-11-01;17;0
5;2025-11-01;18;0
5;2025-11-01;19;0
5;2025-11-01;20;0
5;2025-11-01;21;0
5;2025-11-01;22;0
5;2025-11-01;23;0
5;2025-11-02;0;0
5;2025-11-02;1;0
5;2025-11-02;2;0
5;2025-11-02;3;0
5;2025-11-02;4;0
5;2025-11-02;5;0
5;2025-11-02;6;0
5;2025-11-02;7;0
5;2025-11-02;8;0
5;2025-11-02;9;0
5;2025-11-02;10;0
5;2025-11-02;11;0
5;2025-11-02;12;0
5;2025-11-02;13;0
5;2025-11-02;14;0
5;2025-11-02;15;0
5;2025-11-02;16;0
5;2025-11-02;17;0
5;2025-11-02;18;0
5;2025-11-02;19;0
5;2025-11-02;20;0
5;2025-11-02;21;0
5;2025-11-02;22;0
5;2025-11-02;23;0
5;2025-11-03;0;0
5;2025-11-03;1;0
5;2025-11-03;2;0
5;2025-11-03;3;0
5;2025-11-03;4;0
5;2025-11-03;5;0
5;2025-11-03;6;0
5;2025-11-03;7;0
5;2025-11-03;8;0
5;2025-11-03;9;0
5;2025-11-03;10;0
5;2025-11-03;11;0
5;2025-11-03;12;0
5;2025-11-03;13;0
5;2025-11-03;14;0
5;2025-11-03;15;0
5;2025-11-03;16;0
5;2025-11-03;17;0
5;2025-11-03;18;0
5;2025-11-03;19;0
5;2025-11-03;20;0
5;2025-11-03;21;0
5;2025-11-03;22;0
5;2025-11-03;23;0
5;2025-11-04;0;0
5;2025-11-04;1;0
5;2025-11-04;2;0
5;2025-11-04;3;0
5;2025-11-04;4;0
5;2025-11-04;5;0
5;2025-11-04;6;0
5;2025-11-04;7;0
5;2025-11-04;8;0
5;2025-11-04;9;0
5;2025-11-04;10;0
5;2025-11-04;11;0
5;2025-11-04;12;0
5;2025-11-04;13;0
5;2025-11-04;14;0
5;2025-11-04;15;0
5;2025-11-04;16;0
5;2025-11-04;17;0
5;2025-11-04;18;0
5;2025-11-04;19;0
5;2025-11-04;20;0
5;2025-11-04;21;0
5;2025-11-04;22;0
5;2025-11-04;23;0
5;2025-11-05;0;0
5;2025-11-05;1;0
5;2025-11-05;2;0
5;2025-11-05;3;0
5;2025-11-05;4;0
5;2025-11-05;5;0
5;2025-11-05;6;0
5;2025-11-05;7;0
5;2025-11-05;8;0
5;2025-11-05;9;0
5;2025-11-05;10;0
5;2025-11-05;11;0
5;2025-11-05;12;0
5;2025-11-05;13;0
5;2025-11-05;14;0
5;2025-11-05;15;0
5;2025-11-05;16;0
5;2025-11-05;17;0
5;2025-11-05;18;0
5;2025-11-05;19;0
5;2025-11-05;20;0
5;2025-11-05;21;0
5;2025-11-05;22;0
5;2025-11-05;23;0
5;2025-11-06;0;0
5;2025-11-06;1;0
5;2025-11-06;2;0
5;2025-11-06;3;0
5;2025-11-06;4;0
5;2025-11-06;5;0
5;2025-11-06;6;0
5;2025-11-06;7;0
5;2025-11-06;8;0
5;2025-11-06;9;0
5;2025-11-06;10;0
5;2025-11-06;11;0
5;2025-11-06;12;0
5;2025-11-06;13;0
5;2025-11-06;14;0
5;2025-11-06;15;0
5;2025-11-06;16;0
5;2025-11-06;17;0
5;2025-11-06;18;0
5;2025-11-06;19;0
5;2025-11-06;20;0
5;2025-11-06;21;0
5;2025-11-06;22;0
5;2025-11-06;23;0
5;2025-11-07;0;0
5;2025-11-07;1;0
5;2025-11-07;2;0
5;2025-11-07;3;0
5;2025-11-07;4;0
5;2025-11-07;5;0
5;2025-11-07;6;0
5;2025-11-07;7;0
5;2025-11-07;8;0
5;2025-11-07;9;0
5;2025-11-07;10;0
5;2025-11-07;11;0
5;2025-11-07;12;0
5;2025-11-07;13;0
5;2025-11-07;14;0
5;2025-11-07;15;0
5;2025-11-07;16;0
5;2025-11-07;17;0
5;2025-11-07;18;0
5;2025-11-07;19;0
5;2025-11-07;20;0
5;2025-11-07;21;0
5;2025-11-07;22;0
5;2025-11-07;23;0
5;2025-11-08;0;0
5;2025-11-08;1;0
5;2025-11-08;2;0
5;2025-11-08;3;0
5;2025-11-08;4;0
5;2025-11-08;5;0
5;2025-11-08;6;0
5;2025-11-08;7;0
5;2025-11-08;8;0
5;2025-11-08;9;0
5;2025-11-08;10;0
5;2025-11-08;11;0
5;2025-11-08;12;0
5;2025-11-08;13;0
5;2025-11-08;14;0
5;2025-11-08;15;0
5;2025-11-08;16;0
5;2025-11-08;17;0
5;2025-11-08;18;0
5;2025-11-08;19;0
5;2025-11-08;20;0
5;2025-11-08;21;0
5;2025-11-08;22;0
5;2025-11-08;23;0
5;2025-11-09;0;0
5;2025-11-09;1;0
5;2025-11-09;2;0
5;2025-11-09;3;0
5;2025-11-09;4;0
5;2025-11-09;5;0
5;2025-11-09;6;0
5;2025-11-09;7;0
5;2025-11-09;8;0
5;2025-11-09;9;0
5;2025-11-09;10;0
5;2025-11-09;11;0
5;2025-11-09;12;0
5;2025-11-09;13;0
5;2025-11-09;14;0
5;2025-11-09;15;0
5;2025-11-09;16;0
5;2025-11-09;17;0
5;2025-11-09;18;0
5;2025-11-09;19;0
5;2025-11-09;20;0
5;2025-11-09;21;0
5;2025-11-09;22;0
5;2025-11-09;23;0
5;2025-11-10;0;0
5;2025-11-10;1;0
5;2025-11-10;2;0
5;2025-11-10;3;0
5;2025-11-10;4;0
5;2025-11-10;5;0
5;2025-11-10;6;0
5;2025-11-10;7;0
5;2025-11-10;8;0
5;2025-11-10;9;0
5;2025-11-10;10;0
5;2025-11-10;11;0
5;2025-11-10;12;0
5;2025-11-10;13;0
5;2025-11-10;14;0
5;2025-11-10;15;0
5;2025-11-10;16;0
5;2025-11-10;17;0
5;2025-11-10;18;0
5;2025-11-10;19;0
5;2025-11-10;20;0
5;2025-11-10;21;0
5;2025-11-10;22;0
5;2025-11-10;23;0
5;2025-11-11;0;0
5;2025-11-11;1;0
5;2025-11-11;2;0
5;2025-11-11;3;0
5;2025-11-11;4;0
5;2025-11-11;5;0
5;2025-11-11;6;0
5;2025-11-11;7;0
5;2025-11-11;8;0
5;2025-11-11;9;0
5;2025-11-11;10;0
5;2025-11-11;11;0
5;2025-11-11;12;0
5;2025-11-11;13;0
5;2025-11-11;14;0
5;2025-11-11;15;0
5;2025-11-11;16;0
5;2025-11-11;17;0
5;2025-11-11;18;0
5;2025-11-11;19;0
5;2025-11-11;20;0
5;2025-11-11;21;0
5;2025-11-11;22;0
5;2025-11-11;23;0
5;2025-11-12;0;0
5;2025-11-12;1;0
5;2025-11-12;2;0
5;2025-11-12;3;0
5;2025-11-12;4;0
5;2025-11-12;5;0
5;2025-11-12;6;0
5;2025-11-12;7;0
5;2025-11-12;8;0
5;2025-11-12;9;0
5;2025-11-12;10;0
5;2025-11-12;11;0
5;2025-11-12;12;0
5;2025-11-12;13;0
5;2025-11-12;14;0
5;2025-11-12;15;0
5;2025-11-12;16;0
5;2025-11-12;17;0
5;2025-11-12;18;0
5;2025-11-12;19;0
5;2025-11-12;20;0
5;2025-11-12;21;0
5;2025-11-12;22;0
5;2025-11-12;23;0
5;2025-11-13;0;0
5;2025-11-13;1;0
5;2025-11-13;2;0
5;2025-11-13;3;0
5;2025-11-13;4;0
5;2025-11-13;5;0
5;2025-11-13;6;0
5;2025-11-13;7;0
5;2025-11-13;8;0
5;2025-11-13;9;0
5;2025-11-13;10;0
5;2025-11-13;11;0
5;2025-11-13;12;0
5;2025-11-13;13;0
5;2025-11-13;14;0
5;2025-11-13;15;0
5;2025-11-13;16;0
5;2025-11-13;17;0
5;2025-11-13;18;0
5;2025-11-13;19;0
5;2025-11-13;20;0
5;2025-11-13;21;0
5;2025-11-13;22;0
5;2025-11-13;23;0
5;2025-11-14;0;0
5;2025-11-14;1;0
5;2025-11-14;2;0
5;2025-11-14;3;0
5;2025-11-14;4;0
5;2025-11-14;5;0
5;2025-11-14;6;0
5;2025-11-14;7;0
5;2025-11-14;8;0
5;2025-11-14;9;0
5;2025-11-14;10;0
5;2025-11-14;11;0
5;2025-11-14;12;0
5;2025-11-14;13;0
5;2025-11-14;14;0
5;2025-11-14;15;0
5;2025-11-14;16;0
5;2025-11-14;17;0
5;2025-11-14;18;0
5;2025-11-14;19;0
5;2025-11-14;20;0
5;2025-11-14;21;0
5;2025-11-14;22;0
5;2025-11-14;23;0
5;2025-11-15;0;0
5;2025-11-15;1;0
5;2025-11-15;2;0
5;2025-11-15;3;0
5;2025-11-15;4;0
5;2025-11-15;5;0
5;2025-11-15;6;0
5;2025-11-15;7;0
5;2025-11-15;8;0
5;2025-11-15;9;0
5;2025-11-15;10;0
5;2025-11-15;11;0
5;2025-11-15;12;0
5;2025-11-15;13;0
5;2025-11-15;14;0
5;2025-11-15;15;0
5;2025-11-15;16;0
5;2025-11-15;17;0
5;2025-11-15;18;0
5;2025-11-15;19;0
5;2025-11-15;20;0
5;2025-11-15;21;0
5;2025-11-15;22;0
5;2025-11-15;23;0
5;2025-11-16;0;0
5;2025-11-16;1;0
5;2025-11-16;2;0
5;2025-11-16;3;0
5;2025-11-16;4;0
5;2025-11-16;5;0
5;2025-11-16;6;0
5;2025-11-16;7;0
5;2025-11-16;8;0
5;2025-11-16;9;0
5;2025-11-16;10;0
5;2025-11-16;11;0
5;2025-11-16;12;0
5;2025-11-16;13;0
5;2025-11-16;14;0
5;2025-11-16;15;0
5;2025-11-16;16;0
5;2025-11-16;17;0
5;2025-11-16;18;0
5;2025-11-16;19;0
5;2025-11-16;20;0
5;2025-11-16;21;0
5;2025-11-16;22;0
5;2025-11-16;23;0
5;2025-11-17;0;0
5;2025-11-17;1;0
5;2025-11-17;2;0
5;2025-11-17;3;0
5;2025-11-17;4;0
5;2025-11-17;5;0
5;2025-11-17;6;0
5;2025-11-17;7;0
5;2025-11-17;8;0
5;2025-11-17;9;0
5;2025-11-17;10;0
5;2025-11-17;11;0
5;2025-11-17;12;0
5;2025-11-17;13;0
5;2025-11-17;14;0
5;2025-11-17;15;0
5;2025-11-17;16;0
5;2025-11-17;17;0
5;2025-11-17;18;0
5;2025-11-17;19;0
5;2025-11-17;20;0
5;2025-11-17;21;0
5;2025-11-17;22;0
5;2025-11-17;23;0
5;2025-11-18;0;0
5;2025-11-18;1;0
5;2025-11-18;2;0
5;2025-11-18;3;0
5;2025-11-18;4;0
5;2025-11-18;5;0
5;2025-11-18;6;0
5;2025-11-18;7;0
5;2025-11-18;8;0
5;2025-11-18;9;0
5;2025-11-18;10;0
5;2025-11-18;11;0
5;2025-11-18;12;0
5;2025-11-18;13;0
5;2025-11-18;14;0
5;2025-11-18;15;0
5;2025-11-18;16;0
5;2025-11-18;17;0
5;2025-11-18;18;0
5;2025-11-18;19;0
5;2025-11-18;20;0
5;2025-11-18;21;0
5;2025-11-18;22;0
5;2025-11-18;23;0
5;2025-11-19;0;0
5;2025-11-19;1;0
5;2025-11-19;2;0
5;2025-11-19;3;0
5;2025-11-19;4;0
5;2025-11-19;5;0
5;2025-11-19;6;0
5;2025-11-19;7;0
5;2025-11-19;8;0
5;2025-11-19;9;0
5;2025-11-19;10;0
5;2025-11-19;11;0
5;2025-11-19;12;0
5;2025-11-19;13;0
5;2025-11-19;14;0
5;2025-11-19;15;0
5;2025-11-19;16;0
5;2025-11-19;17;0
5;2025-11-19;18;0
5;2025-11-19;19;0
5;2025-11-19;20;0
5;2025-11-19;21;0
5;2025-11-19;22;0
5;2025-11-19;23;0
5;2025-11-20;0;0
5;2025-11-20;1;0
5;2025-11-20;2;0
5;2025-11-20;3;0
5;2025-11-20;4;0
5;2025-11-20;5;0
5;2025-11-20;6;0
5;2025-11-20;7;0
5;2025-11-20;8;0
5;2025-11-20;9;0
5;2025-11-20;10;0
5;2025-11-20;11;0
5;2025-11-20;12;0
5;2025-11-20;13;0
5;2025-11-20;14;0
5;2025-11-20;15;0
5;2025-11-20;16;0
5;2025-11-20;17;0
5;2025-11-20;18;0
5;2025-11-20;19;0
5;2025-11-20;20;0
5;2025-11-20;21;0
5;2025-11-20;22;0
5;2025-11-20;23;0
5;2025-11-21;0;0
5;2025-11-21;1;0
5;2025-11-21;2;0
5;2025-11-21;3;0
5;2025-11-21;4;0
5;2025-11-21;5;0
5;2025-11-21;6;0
5;2025-11-21;7;0
5;2025-11-21;8;0
5;2025-11-21;9;0
5;2025-11-21;10;0
5;2025-11-21;11;0
5;2025-11-21;12;0
5;2025-11-21;13;0
5;2025-11-21;14;0
5;2025-11-21;15;0
5;2025-11-21;16;0
5;2025-11-21;17;0
5;2025-11-21;18;0
5;2025-11-21;19;0
5;2025-11-21;20;0
5;2025-11-21;21;0
5;2025-11-21;22;0
5;2025-11-21;23;0
5;2025-11-22;0;0
5;2025-11-22;1;0
5;2025-11-22;2;0
5;2025-11-22;3;0
5;2025-11-22;4;0
5;2025-11-22;5;0
5;2025-11-22;6;0
5;2025-11-22;7;0
5;2025-11-22;8;0
5;2025-11-22;9;0
5;2025-11-22;10;0
5;2025-11-22;11;0
5;2025-11-22;12;0
5;2025-11-22;13;0
5;2025-11-22;14;0
5;2025-11-22;15;0
5;2025-11-22;16;0
5;2025-11-22;17;0
5;2025-11-22;18;0
5;2025-11-22;19;0
5;2025-11-22;20;0
5;2025-11-22;21;0
5;2025-11-22;22;0
5;2025-11-22;23;0
5;2025-11-23;0;0
5;2025-11-23;1;0
5;2025-11-23;2;0
5;2025-11-23;3;0
5;2025-11-23;4;0
5;2025-11-23;5;0
5;2025-11-23;6;0
5;2025-11-23;7;0
5;2025-11-23;8;0
5;2025-11-23;9;0
5;2025-11-23;10;0
5;2025-11-23;11;0
5;2025-11-23;12;0
5;2025-11-23;13;0
5;2025-11-23;14;0
5;2025-11-23;15;0
5;2025-11-23;16;0
5;2025-11-23;17;0
5;2025-11-23;18;0
5;2025-11-23;19;0
5;2025-11-23;20;0
5;2025-11-23;21;0
5;2025-11-23;22;0
5;2025-11-23;23;0
5;2025-11-24;0;0
5;2025-11-24;1;0
5;2025-11-24;2;0
5;2025-11-24;3;0
5;2025-11-24;4;0
5;2025-11-24;5;0
5;2025-11-24;6;0
5;2025-11-24;7;0
5;2025-11-24;8;0
5;2025-11-24;9;0
5;2025-11-24;10;0
5;2025-11-24;11;0
5;2025-11-24;12;0
5;2025-11-24;13;0
5;2025-11-24;14;0
5;2025-11-24;15;0
5;2025-11-24;16;0
5;2025-11-24;17;0
5;2025-11-24;18;0
5;2025-11-24;19;0
5;2025-11-24;20;0
5;2025-11-24;21;0
5;2025-11-24;22;0
5;2025-11-24;23;0
5;2025-11-25;0;0
5;2025-11-25;1;0
5;2025-11-25;2;0
5;2025-11-25;3;0
5;2025-11-25;4;0
5;2025-11-25;5;0
5;2025-11-25;6;0
5;2025-11-25;7;0
5;2025-11-25;8;0
5;2025-11-25;9;0
5;2025-11-25;10;0
5;2025-11-25;11;0
5;2025-11-25;12;0
5;2025-11-25;13;0
5;2025-11-25;14;0
5;2025-11-25;15;0
5;2025-11-25;16;0
5;2025-11-25;17;0
5;2025-11-25;18;0
5;2025-11-25;19;0
5;2025-11-25;20;0
5;2025-11-25;21;0
5;2025-11-25;22;0
5;2025-11-25;23;0
5;2025-11-26;0;0
5;2025-11-26;1;0
5;2025-11-26;2;0
5;2025-11-26;3;0
5;2025-11-26;4;0
5;2025-11-26;5;0
5;2025-11-26;6;0
5;2025-11-26;7;0
5;2025-11-26;8;0
5;2025-11-26;9;0
5;2025-11-26;10;0
5;2025-11-26;11;0
5;2025-11-26;12;0
5;2025-11-26;13;0
5;2025-11-26;14;0
5;2025-11-26;15;0
5;2025-11-26;16;0
5;2025-11-26;17;0
5;2025-11-26;18;0
5;2025-11-26;19;0
5;2025-11-26;20;0
5;2025-11-26;21;0
5;2025-11-26;22;0
5;2025-11-26;23;0
5;2025-11-27;0;0
5;2025-11-27;1;0
5;2025-11-27;2;0
5;2025-11-27;3;0
5;2025-11-27;4;0
5;2025-11-27;5;0
5;2025-11-27;6;0
5;2025-11-27;7;0
5;2025-11-27;8;0
5;2025-11-27;9;0
5;2025-11-27;10;0
5;2025-11-27;11;0
5;2025-11-27;12;0
5;2025-11-27;13;0
5;2025-11-27;14;0
5;2025-11-27;15;0
5;2025-11-27;16;0
5;2025-11-27;17;0
5;2025-11-27;18;0
5;2025-11-27;19;0
5;2025-11-27;20;0
5;2025-11-27;21;0
5;2025-11-27;22;0
5;2025-11-27;23;0
5;2025-11-28;0;0
5;2025-11-28;1;0
5;2025-11-28;2;0
5;2025-11-28;3;0
5;2025-11-28;4;0
5;2025-11-28;5;0
5;2025-11-28;6;0
5;2025-11-28;7;0
5;2025-11-28;8;0
5;2025-11-28;9;0
5;2025-11-28;10;0
5;2025-11-28;11;0
5;2025-11-28;12;0
5;2025-11-28;13;0
5;2025-11-28;14;0
5;2025-11-28;15;0
5;2025-11-28;16;0
5;2025-11-28;17;0
5;2025-11-28;18;0
5;2025-11-28;19;0
5;2025-11-28;20;0
5;2025-11-28;21;0
5;2025-11-28;22;0
5;2025-11-28;23;0
5;2025-11-29;0;0
5;2025-11-29;1;0
5;2025-11-29;2;0
5;2025-11-29;3;0
5;2025-11-29;4;0
5;2025-11-29;5;0
5;2025-11-29;6;0
5;2025-11-29;7;0
5;2025-11-29;8;0
5;2025-11-29;9;0
5;2025-11-29;10;0
5;2025-11-29;11;0
5;2025-11-29;12;0
5;2025-11-29;13;0
5;2025-11-29;14;0
5;2025-11-29;15;0
5;2025-11-29;16;0
5;2025-11-29;17;0
5;2025-11-29;18;0
5;2025-11-29;19;0
5;2025-11-29;20;0
5;2025-11-29;21;0
5;2025-11-29;22;0
5;2025-11-29;23;0
5;2025-11-30;0;0
5;2025-11-30;1;0
5;2025-11-30;2;0
5;2025-11-30;3;0
5;2025-11-30;4;0
5;2025-11-30;5;0
5;2025-11-30;6;0
5;2025-11-30;7;0
5;2025-11-30;8;0
5;2025-11-30;9;0
5;2025-11-30;10;0
5;2025-11-30;11;0
5;2025-11-30;12;0
5;2025-11-30;13;0
5;2025-11-30;14;0
5;2025-11-30;15;0
5;2025-11-30;16;0
5;2025-11-30;17;0
5;2025-11-30;18;0
5;2025-11-30;19;0
5;2025-11-30;20;0
5;2025-11-30;21;0
5;2025-11-30;22;0
5;2025-11-30;23;0
5;2025-12-01;0;0
5;2025-12-01;1;0
5;2025-12-01;2;0
5;2025-12-01;3;0
5;2025-12-01;4;0
5;2025-12-01;5;0
5;2025-12-01;6;0
5;2025-12-01;7;0
5;2025-12-01;8;0
5;2025-12-01;9;0
5;2025-12-01;10;0
5;2025-12-01;11;0
5;2025-12-01;12;0
5;2025-12-01;13;0
5;2025-12-01;14;0
5;2025-12-01;15;0
5;2025-12-01;16;0
5;2025-12-01;17;0
5;2025-12-01;18;0
5;2025-12-01;19;0
5;2025-12-01;20;0
5;2025-12-01;21;0
5;2025-12-01;22;0
5;2025-12-01;23;0
5;2025-12-02;0;0
5;2025-12-02;1;0
5;2025-12-02;2;0
5;2025-12-02;3;0
5;2025-12-02;4;0
5;2025-12-02;5;0
5;2025-12-02;6;0
5;2025-12-02;7;0
5;2025-12-02;8;0
5;2025-12-02;9;0
5;2025-12-02;10;0
5;2025-12-02;11;0
5;2025-12-02;12;0
5;2025-12-02;13;0
5;2025-12-02;14;0
5;2025-12-02;15;0
5;2025-12-02;16;0
5;2025-12-02;17;0
5;2025-12-02;18;0
5;2025-12-02;19;0
5;2025-12-02;20;0
5;2025-12-02;21;0
5;2025-12-02;22;0
5;2025-12-02;23;0
5;2025-12-03;0;0
5;2025-12-03;1;0
5;2025-12-03;2;0
5;2025-12-03;3;0
5;2025-12-03;4;0
5;2025-12-03;5;0
5;2025-12-03;6;0
5;2025-12-03;7;0
5;2025-12-03;8;0
5;2025-12-03;9;0
5;2025-12-03;10;0
5;2025-12-03;11;0
5;2025-12-03;12;0
5;2025-12-03;13;0
5;2025-12-03;14;0
5;2025-12-03;15;0
5;2025-12-03;16;0
5;2025-12-03;17;0
5;2025-12-03;18;0
5;2025-12-03;19;0
5;2025-12-03;20;0
5;2025-12-03;21;0
5;2025-12-03;22;0
5;2025-12-03;23;0
5;2025-12-04;0;0
5;2025-12-04;1;0
5;2025-12-04;2;0
5;2025-12-04;3;0
5;2025-12-04;4;0
5;2025-12-04;5;0
5;2025-12-04;6;0
5;2025-12-04;7;0
5;2025-12-04;8;0
5;2025-12-04;9;0
5;2025-12-04;10;0
5;2025-12-04;11;0
5;2025-12-04;12;0
5;2025-12-04;13;0
5;2025-12-04;14;0
5;2025-12-04;15;0
5;2025-12-04;16;0
5;2025-12-04;17;0
5;2025-12-04;18;0
5;2025-12-04;19;0
5;2025-12-04;20;0
5;2025-12-04;21;0
5;2025-12-04;22;0
5;2025-12-04;23;0
5;2025-12-05;0;0
5;2025-12-05;1;0
5;2025-12-05;2;0
5;2025-12-05;3;0
5;2025-12-05;4;0
5;2025-12-05;5;0
5;2025-12-05;6;0
5;2025-12-05;7;0
5;2025-12-05;8;0
5;2025-12-05;9;0
5;2025-12-05;10;0
5;2025-12-05;11;0
5;2025-12-05;12;0
5;2025-12-05;13;0
5;2025-12-05;14;0
5;2025-12-05;15;0
5;2025-12-05;16;0
5;2025-12-05;17;0
5;2025-12-05;18;0
5;2025-12-05;19;0
5;2025-12-05;20;0
5;2025-12-05;21;0
5;2025-12-05;22;0
5;2025-12-05;23;0
5;2025-12-06;0;0
5;2025-12-06;1;0
5;2025-12-06;2;0
5;2025-12-06;3;0
5;2025-12-06;4;0
5;2025-12-06;5;0
5;2025-12-06;6;0
5;2025-12-06;7;0
5;2025-12-06;8;0
5;2025-12-06;9;0
5;2025-12-06;10;0
5;2025-12-06;11;0
5;2025-12-06;12;0
5;2025-12-06;13;0
5;2025-12-06;14;0
5;2025-12-06;15;0
5;2025-12-06;16;0
5;2025-12-06;17;0
5;2025-12-06;18;0
5;2025-12-06;19;0
5;2025-12-06;20;0
5;2025-12-06;21;0
5;2025-12-06;22;0
5;2025-12-06;23;0
5;2025-12-07;0;0
5;2025-12-07;1;0
5;2025-12-07;2;0
5;2025-12-07;3;0
5;2025-12-07;4;0
5;2025-12-07;5;0
5;2025-12-07;6;0
5;2025-12-07;7;0
5;2025-12-07;8;0
5;2025-12-07;9;0
5;2025-12-07;10;0
5;2025-12-07;11;0
5;2025-12-07;12;0
5;2025-12-07;13;0
5;2025-12-07;14;0
5;2025-12-07;15;0
5;2025-12-07;16;0
5;2025-12-07;17;0
5;2025-12-07;18;0
5;2025-12-07;19;0
5;2025-12-07;20;0
5;2025-12-07;21;0
5;2025-12-07;22;0
5;2025-12-07;23;0
5;2025-12-08;0;0
5;2025-12-08;1;0
5;2025-12-08;2;0
5;2025-12-08;3;0
5;2025-12-08;4;0
5;2025-12-08;5;0
5;2025-12-08;6;0
5;2025-12-08;7;0
5;2025-12-08;8;0
5;2025-12-08;9;0
5;2025-12-08;10;0
5;2025-12-08;11;0
5;2025-12-08;12;0
5;2025-12-08;13;0
5;2025-12-08;14;0
5;2025-12-08;15;0
5;2025-12-08;16;0
5;2025-12-08;17;0
5;2025-12-08;18;0
5;2025-12-08;19;0
5;2025-12-08;20;0
5;2025-12-08;21;0
5;2025-12-08;22;0
5;2025-12-08;23;0
5;2025-12-09;0;0
5;2025-12-09;1;0
5;2025-12-09;2;0
5;2025-12-09;3;0
5;2025-12-09;4;0
5;2025-12-09;5;0
5;2025-12-09;6;0
5;2025-12-09;7;0
5;2025-12-09;8;0
5;2025-12-09;9;0
5;2025-12-09;10;0
5;2025-12-09;11;0
5;2025-12-09;12;0
5;2025-12-09;13;0
5;2025-12-09;14;0
5;2025-12-09;15;0
5;2025-12-09;16;0
5;2025-12-09;17;0
5;2025-12-09;18;0
5;2025-12-09;19;0
5;2025-12-09;20;0
5;2025-12-09;21;0
5;2025-12-09;22;0
5;2025-12-09;23;0
5;2025-12-10;0;0
5;2025-12-10;1;0
5;2025-12-10;2;0
5;2025-12-10;3;0
5;2025-12-10;4;0
5;2025-12-10;5;0
5;2025-12-10;6;0
5;2025-12-10;7;0
5;2025-12-10;8;0
5;2025-12-10;9;0
5;2025-12-10;10;0
5;2025-12-10;11;0
5;2025-12-10;12;0
5;2025-12-10;13;0
5;2025-12-10;14;0
5;2025-12-10;15;0
5;2025-12-10;16;0
5;2025-12-10;17;0
5;2025-12-10;18;0
5;2025-12-10;19;0
5;2025-12-10;20;0
5;2025-12-10;21;0
5;2025-12-10;22;0
5;2025-12-10;23;0
5;2025-12-11;0;0
5;2025-12-11;1;0
5;2025-12-11;2;0
5;2025-12-11;3;0
5;2025-12-11;4;0
5;2025-12-11;5;0
5;2025-12-11;6;0
5;2025-12-11;7;0
5;2025-12-11;8;0
5;2025-12-11;9;0
5;2025-12-11;10;0
5;2025-12-11;11;0
5;2025-12-11;12;0
5;2025-12-11;13;0
5;2025-12-11;14;0
5;2025-12-11;15;0
5;2025-12-11;16;0
5;2025-12-11;17;0
5;2025-12-11;18;0
5;2025-12-11;19;0
5;2025-12-11;20;0
5;2025-12-11;21;0
5;2025-12-11;22;0
5;2025-12-11;23;0
5;2025-12-12;0;0
5;2025-12-12;1;0
5;2025-12-12;2;0
5;2025-12-12;3;0
5;2025-12-12;4;0
5;2025-12-12;5;0
5;2025-12-12;6;0
5;2025-12-12;7;0
5;2025-12-12;8;0
5;2025-12-12;9;0
5;2025-12-12;10;0
5;2025-12-12;11;0
5;2025-12-12;12;0
5;2025-12-12;13;0
5;2025-12-12;14;0
5;2025-12-12;15;0
5;2025-12-12;16;0
5;2025-12-12;17;0
5;2025-12-12;18;0
5;2025-12-12;19;0
5;2025-12-12;20;0
5;2025-12-12;21;0
5;2025-12-12;22;0
5;2025-12-12;23;0
5;2025-12-13;0;0
5;2025-12-13;1;0
5;2025-12-13;2;0
5;2025-12-13;3;0
5;2025-12-13;4;0
5;2025-12-13;5;0
5;2025-12-13;6;0
5;2025-12-13;7;0
5;2025-12-13;8;0
5;2025-12-13;9;0
5;2025-12-13;10;0
5;2025-12-13;11;0
5;2025-12-13;12;0
5;2025-12-13;13;0
5;2025-12-13;14;0
5;2025-12-13;15;0
5;2025-12-13;16;0
5;2025-12-13;17;0
5;2025-12-13;18;0
5;2025-12-13;19;0
5;2025-12-13;20;0
5;2025-12-13;21;0
5;2025-12-13;22;0
5;2025-12-13;23;0
5;2025-12-14;0;0
5;2025-12-14;1;0
5;2025-12-14;2;0
5;2025-12-14;3;0
5;2025-12-14;4;0
5;2025-12-14;5;0
5;2025-12-14;6;0
5;2025-12-14;7;0
5;2025-12-14;8;0
5;2025-12-14;9;0
5;2025-12-14;10;0
5;2025-12-14;11;0
5;2025-12-14;12;0
5;2025-12-14;13;0
5;2025-12-14;14;0
5;2025-12-14;15;0
5;2025-12-14;16;0
5;2025-12-14;17;0
5;2025-12-14;18;0
5;2025-12-14;19;0
5;2025-12-14;20;0
5;2025-12-14;21;0
5;2025-12-14;22;0
5;2025-12-14;23;0
5;2025-12-15;0;0
5;2025-12-15;1;0
5;2025-12-15;2;0
5;2025-12-15;3;0
5;2025-12-15;4;0
5;2025-12-15;5;0
5;2025-12-15;6;0
5;2025-12-15;7;0
5;2025-12-15;8;0
5;2025-12-15;9;0
5;2025-12-15;10;0
5;2025-12-15;11;0
5;2025-12-15;12;0
5;2025-12-15;13;0
5;2025-12-15;14;0
5;2025-12-15;15;0
5;2025-12-15;16;0
5;2025-12-15;17;0
5;2025-12-15;18;0
5;2025-12-15;19;0
5;2025-12-15;20;0
5;2025-12-15;21;0
5;2025-12-15;22;0
5;2025-12-15;23;0
5;2025-12-16;0;0
5;2025-12-16;1;0
5;2025-12-16;2;0
5;2025-12-16;3;0
5;2025-12-16;4;0
5;2025-12-16;5;0
5;2025-12-16;6;0
5;2025-12-16;7;0
5;2025-12-16;8;0
5;2025-12-16;9;0
5;2025-12-16;10;0
5;2025-12-16;11;0
5;2025-12-16;12;0
5;2025-12-16;13;0
5;2025-12-16;14;0
5;2025-12-16;15;0
5;2025-12-16;16;0
5;2025-12-16;17;0
5;2025-12-16;18;0
5;2025-12-16;19;0
5;2025-12-16;20;0
5;2025-12-16;21;0
5;2025-12-16;22;0
5;2025-12-16;23;0
5;2025-12-17;0;0
5;2025-12-17;1;0
5;2025-12-17;2;0
5;2025-12-17;3;0
5;2025-12-17;4;0
5;2025-12-17;5;0
5;2025-12-17;6;0
5;2025-12-17;7;0
5;2025-12-17;8;0
5;2025-12-17;9;0
5;2025-12-17;10;0
5;2025-12-17;11;0
5;2025-12-17;12;0
5;2025-12-17;13;0
5;2025-12-17;14;0
5;2025-12-17;15;0
5;2025-12-17;16;0
5;2025-12-17;17;0
5;2025-12-17;18;0
5;2025-12-17;19;0
5;2025-12-17;20;0
5;2025-12-17;21;0
5;2025-12-17;22;0
5;2025-12-17;23;0
5;2025-12-18;0;0
5;2025-12-18;1;0
5;2025-12-18;2;0
5;2025-12-18;3;0
5;2025-12-18;4;0
5;2025-12-18;5;0
5;2025-12-18;6;0
5;2025-12-18;7;0
5;2025-12-18;8;0
5;2025-12-18;9;0
5;2025-12-18;10;0
5;2025-12-18;11;0
5;2025-12-18;12;0
5;2025-12-18;13;0
5;2025-12-18;14;0
5;2025-12-18;15;0
5;2025-12-18;16;0
5;2025-12-18;17;0
5;2025-12-18;18;0
5;2025-12-18;19;0
5;2025-12-18;20;0
5;2025-12-18;21;0
5;2025-12-18;22;0
5;2025-12-18;23;0
5;2025-12-19;0;0
5;2025-12-19;1;0
5;2025-12-19;2;0
5;2025-12-19;3;0
5;2025-12-19;4;0
5;2025-12-19;5;0
5;2025-12-19;6;0
5;2025-12-19;7;0
5;2025-12-19;8;0
5;2025-12-19;9;0
5;2025-12-19;10;0
5;2025-12-19;11;0
5;2025-12-19;12;0
5;2025-12-19;13;0
5;2025-12-19;14;0
5;2025-12-19;15;0
5;2025-12-19;16;0
5;2025-12-19;17;0
5;2025-12-19;18;0
5;2025-12-19;19;0
5;2025-12-19;20;0
5;2025-12-19;21;0
5;2025-12-19;22;0
5;2025-12-19;23;0
5;2025-12-20;0;0
5;2025-12-20;1;0
5;2025-12-20;2;0
5;2025-12-20;3;0
5;2025-12-20;4;0
5;2025-12-20;5;0
5;2025-12-20;6;0
5;2025-12-20;7;0
5;2025-12-20;8;0
5;2025-12-20;9;0
5;2025-12-20;10;0
5;2025-12-20;11;0
5;2025-12-20;12;0
5;2025-12-20;13;0
5;2025-12-20;14;0
5;2025-12-20;15;0
5;2025-12-20;16;0
5;2025-12-20;17;0
5;2025-12-20;18;0
5;2025-12-20;19;0
5;2025-12-20;20;0
5;2025-12-20;21;0
5;2025-12-20;22;0
5;2025-12-20;23;0
5;2025-12-21;0;0
5;2025-12-21;1;0
5;2025-12-21;2;0
5;2025-12-21;3;0
5;2025-12-21;4;0
5;2025-12-21;5;0
5;2025-12-21;6;0
5;2025-12-21;7;0
5;2025-12-21;8;0
5;2025-12-21;9;0
5;2025-12-21;10;0
5;2025-12-21;11;0
5;2025-12-21;12;0
5;2025-12-21;13;0
5;2025-12-21;14;0
5;2025-12-21;15;0
5;2025-12-21;16;0
5;2025-12-21;17;0
5;2025-12-21;18;0
5;2025-12-21;19;0
5;2025-12-21;20;0
5;2025-12-21;21;0
5;2025-12-21;22;0
5;2025-12-21;23;0
5;2025-12-22;0;0
5;2025-12-22;1;0
5;2025-12-22;2;0
5;2025-12-22;3;0
5;2025-12-22;4;0
5;2025-12-22;5;0
5;2025-12-22;6;0
5;2025-12-22;7;0
5;2025-12-22;8;0
5;2025-12-22;9;0
5;2025-12-22;10;0
5;2025-12-22;11;0
5;2025-12-22;12;0
5;2025-12-22;13;0
5;2025-12-22;14;0
5;2025-12-22;15;0
5;2025-12-22;16;0
5;2025-12-22;17;0
5;2025-12-22;18;0
5;2025-12-22;19;0
5;2025-12-22;20;0
5;2025-12-22;21;0
5;2025-12-22;22;0
5;2025-12-22;23;0
5;2025-12-23;0;0
5;2025-12-23;1;0
5;2025-12-23;2;0
5;2025-12-23;3;0
5;2025-12-23;4;0
5;2025-12-23;5;0
5;2025-12-23;6;0
5;2025-12-23;7;0
5;2025-12-23;8;0
5;2025-12-23;9;0
5;2025-12-23;10;0
5;2025-12-23;11;0
5;2025-12-23;12;0
5;2025-12-23;13;0
5;2025-12-23;14;0
5;2025-12-23;15;0
5;2025-12-23;16;0
5;2025-12-23;17;0
5;2025-12-23;18;0
5;2025-12-23;19;0
5;2025-12-23;20;0
5;2025-12-23;21;0
5;2025-12-23;22;0
5;2025-12-23;23;0
5;2025-12-24;0;0
5;2025-12-24;1;0
5;2025-12-24;2;0
5;2025-12-24;3;0
5;2025-12-24;4;0
5;2025-12-24;5;0
5;2025-12-24;6;0
5;2025-12-24;7;0
5;2025-12-24;8;0
5;2025-12-24;9;0
5;2025-12-24;10;0
5;2025-12-24;11;0
5;2025-12-24;12;0
5;2025-12-24;13;0
5;2025-12-24;14;0
5;2025-12-24;15;0
5;2025-12-24;16;0
5;2025-12-24;17;0
5;2025-12-24;18;0
5;2025-12-24;19;0
5;2025-12-24;20;0
5;2025-12-24;21;0
5;2025-12-24;22;0
5;2025-12-24;23;0
5;2025-12-25;0;0
5;2025-12-25;1;0
5;2025-12-25;2;0
5;2025-12-25;3;0
5;2025-12-25;4;0
5;2025-12-25;5;0
5;2025-12-25;6;0
5;2025-12-25;7;0
5;2025-12-25;8;0
5;2025-12-25;9;0
5;2025-12-25;10;0
5;2025-12-25;11;0
5;2025-12-25;12;0
5;2025-12-25;13;0
5;2025-12-25;14;0
5;2025-12-25;15;0
5;2025-12-25;16;0
5;2025-12-25;17;0
5;2025-12-25;18;0
5;2025-12-25;19;0
5;2025-12-25;20;0
5;2025-12-25;21;0
5;2025-12-25;22;0
5;2025-12-25;23;0
5;2025-12-26;0;0
5;2025-12-26;1;0
5;2025-12-26;2;0
5;2025-12-26;3;0
5;2025-12-26;4;0
5;2025-12-26;5;0
5;2025-12-26;6;0
5;2025-12-26;7;0
5;2025-12-26;8;0
5;2025-12-26;9;0
5;2025-12-26;10;0
5;2025-12-26;11;0
5;2025-12-26;12;0
5;2025-12-26;13;0
5;2025-12-26;14;0
5;2025-12-26;15;0
5;2025-12-26;16;0
5;2025-12-26;17;0
5;2025-12-26;18;0
5;2025-12-26;19;0
5;2025-12-26;20;0
5;2025-12-26;21;0
5;2025-12-26;22;0
5;2025-12-26;23;0
5;2025-12-27;0;0
5;2025-12-27;1;0
5;2025-12-27;2;0
5;2025-12-27;3;0
5;2025-12-27;4;0
5;2025-12-27;5;0
5;2025-12-27;6;0
5;2025-12-27;7;0
5;2025-12-27;8;0
5;2025-12-27;9;0
5;2025-12-27;10;0
5;2025-12-27;11;0
5;2025-12-27;12;0
5;2025-12-27;13;0
5;2025-12-27;14;0
5;2025-12-27;15;0
5;2025-12-27;16;0
5;2025-12-27;17;0
5;2025-12-27;18;0
5;2025-12-27;19;0
5;2025-12-27;20;0
5;2025-12-27;21;0
5;2025-12-27;22;0
5;2025-12-27;23;0
5;2025-12-28;0;0
5;2025-12-28;1;0
5;2025-12-28;2;0
5;2025-12-28;3;0
5;2025-12-28;4;0
5;2025-12-28;5;0
5;2025-12-28;6;0
5;2025-12-28;7;0
5;2025-12-28;8;0
5;2025-12-28;9;0
5;2025-12-28;10;0
5;2025-12-28;11;0
5;2025-12-28;12;0
5;2025-12-28;13;0
5;2025-12-28;14;0
5;2025-12-28;15;0
5;2025-12-28;16;0
5;2025-12-28;17;0
5;2025-12-28;18;0
5;2025-12-28;19;0
5;2025-12-28;20;0
5;2025-12-28;21;0
5;2025-12-28;22;0
5;2025-12-28;23;0
5;2025-12-29;0;0
5;2025-12-29;1;0
5;2025-12-29;2;0
5;2025-12-29;3;0
5;2025-12-29;4;0
5;2025-12-29;5;0
5;2025-12-29;6;0
5;2025-12-29;7;0
5;2025-12-29;8;0
5;2025-12-29;9;0
5;2025-12-29;10;0
5;2025-12-29;11;0
5;2025-12-29;12;0
5;2025-12-29;13;0
5;2025-12-29;14;0
5;2025-12-29;15;0
5;2025-12-29;16;0
5;2025-12-29;17;0
5;2025-12-29;18;0
5;2025-12-29;19;0
5;2025-12-29;20;0
5;2025-12-29;21;0
5;2025-12-29;22;0
5;2025-12-29;23;0
5;2025-12-30;0;0
5;2025-12-30;1;0
5;2025-12-30;2;0
5;2025-12-30;3;0
5;2025-12-30;4;0
5;2025-12-30;5;0
5;2025-12-30;6;0
5;2025-12-30;7;0
5;2025-12-30;8;0
5;2025-12-30;9;0
5;2025-12-30;10;0
5;2025-12-30;11;0
5;2025-12-30;12;0
5;2025-12-30;13;0
5;2025-12-30;14;0
5;2025-12-30;15;0
5;2025-12-30;16;0
5;2025-12-30;17;0
5;2025-12-30;18;0
5;2025-12-30;19;0
5;2025-12-30;20;0
5;2025-12-30;21;0
5;2025-12-30;22;0
5;2025-12-30;23;0
5;2025-12-31;0;0
5;2025-12-31;1;0
5;2025-12-31;2;0
5;2025-12-31;3;0
5;2025-12-31;4;0
5;2025-12-31;5;0
5;2025-12-31;6;0
5;2025-12-31;7;0
5;2025-12-31;8;0
5;2025-12-31;9;0
5;2025-12-31;10;0
5;2025-12-31;11;0
5;2025-12-31;12;0
5;2025-12-31;13;0
5;2025-12-31;14;0
5;2025-12-31;15;0
5;2025-12-31;16;0
5;2025-12-31;17;0
5;2025-12-31;18;0
5;2025-12-31;19;0
5;2025-12-31;20;0
5;2025-12-31;21;0
5;2025-12-31;22;0
5;2025-12-31;23;0
7;2025-11-01;0;71
7;2025-11-01;1;11
7;2025-11-01;2;0
7;2025-11-01;3;0
7;2025-11-01;4;0
7;2025-11-01;5;196
7;2025-11-01;6;658
7;2025-11-01;7;1297
7;2025-11-01;8;2387
7;2025-11-01;9;1396
7;2025-11-01;10;1272
7;2025-11-01;11;1232
7;2025-11-01;12;1405
7;2025-11-01;13;1448
7;2025-11-01;14;1342
7;2025-11-01;15;1535
7;2025-11-01;16;1731
7;2025-11-01;17;2036
7;2025-11-01;18;1819
7;2025-11-01;19;1216
7;2025-11-01;20;961
7;2025-11-01;21;505
7;2025-11-01;22;217
7;2025-11-01;23;226
7;2025-11-02;0;116
7;2025-11-02;1;19
7;2025-11-02;2;0
7;2025-11-02;3;0
7;2025-11-02;4;0
7;2025-11-02;5;32
7;2025-11-02;6;174
7;2025-11-02;7;245
7;2025-11-02;8;517
7;2025-11-02;9;604
7;2025-11-02;10;574
7;2025-11-02;11;760
7;2025-11-02;12;823
7;2025-11-02;13;874
7;2025-11-02;14;906
7;2025-11-02;15;939
7;2025-11-02;16;797
7;2025-11-02;17;893
7;2025-11-02;18;829
7;2025-11-02;19;638
7;2025-11-02;20;560
7;2025-11-02;21;418
7;2025-11-02;22;207
7;2025-11-02;23;161
7;2025-11-03;0;104
7;2025-11-03;1;26
7;2025-11-03;2;5
7;2025-11-03;3;5
7;2025-11-03;4;7
7;2025-11-03;5;40
7;2025-11-03;6;187
7;2025-11-03;7;330
7;2025-11-03;8;567
7;2025-11-03;9;690
7;2025-11-03;10;901
7;2025-11-03;11;1135
7;2025-11-03;12;1218
7;2025-11-03;13;1269
7;2025-11-03;14;1371
7;2025-11-03;15;1256
7;2025-11-03;16;1022
7;2025-11-03;17;1182
7;2025-11-03;18;971
7;2025-11-03;19;791
7;2025-11-03;20;737
7;2025-11-03;21;576
7;2025-11-03;22;285
7;2025-11-03;23;166
7;2025-11-04;0;115
7;2025-11-04;1;29
7;2025-11-04;2;5
7;2025-11-04;3;6
7;2025-11-04;4;7
7;2025-11-04;5;43
7;2025-11-04;6;208
7;2025-11-04;7;350
7;2025-11-04;8;564
7;2025-11-04;9;744
7;2025-11-04;10;921
7;2025-11-04;11;1094
7;2025-11-04;12;1253
7;2025-11-04;13;1209
7;2025-11-04;14;1118
7;2025-11-04;15;1222
7;2025-11-04;16;1026
7;2025-11-04;17;1232
7;2025-11-04;18;986
7;2025-11-04;19;834
7;2025-11-04;20;806
7;2025-11-04;21;564
7;2025-11-04;22;247
7;2025-11-04;23;165
7;2025-11-05;0;50
7;2025-11-05;1;7
7;2025-11-05;2;0
7;2025-11-05;3;0
7;2025-11-05;4;4
7;2025-11-05;5;198
7;2025-11-05;6;682
7;2025-11-05;7;1558
7;2025-11-05;8;2432
7;2025-11-05;9;1900
7;2025-11-05;10;1855
7;2025-11-05;11;1612
7;2025-11-05;12;1822
7;2025-11-05;13;1674
7;2025-11-05;14;1730
7;2025-11-05;15;1888
7;2025-11-05;16;1866
7;2025-11-05;17;2461
7;2025-11-05;18;2570
7;2025-11-05;19;1689
7;2025-11-05;20;1094
7;2025-11-05;21;646
7;2025-11-05;22;232
7;2025-11-05;23;165
7;2025-11-06;0;50
7;2025-11-06;1;9
7;2025-11-06;2;0
7;2025-11-06;3;0
7;2025-11-06;4;4
7;2025-11-06;5;196
7;2025-11-06;6;685
7;2025-11-06;7;1511
7;2025-11-06;8;2501
7;2025-11-06;9;1818
7;2025-11-06;10;1707
7;2025-11-06;11;1595
7;2025-11-06;12;1778
7;2025-11-06;13;1590
7;2025-11-06;14;1811
7;2025-11-06;15;1848
7;2025-11-06;16;1860
7;2025-11-06;17;2390
7;2025-11-06;18;2818
7;2025-11-06;19;1678
7;2025-11-06;20;1118
7;2025-11-06;21;697
7;2025-11-06;22;243
7;2025-11-06;23;172
7;2025-11-07;0;64
7;2025-11-07;1;9
7;2025-11-07;2;0
7;2025-11-07;3;0
7;2025-11-07;4;3
7;2025-11-07;5;190
7;2025-11-07;6;627
7;2025-11-07;7;1489
7;2025-11-07;8;2320
7;2025-11-07;9;1753
7;2025-11-07;10;1795
7;2025-11-07;11;1618
7;2025-11-07;12;1747
7;2025-11-07;13;1786
7;2025-11-07;14;1787
7;2025-11-07;15;1889
7;2025-11-07;16;2036
7;2025-11-07;17;2404
7;2025-11-07;18;2082
7;2025-11-07;19;1478
7;2025-11-07;20;1054
7;2025-11-07;21;618
7;2025-11-07;22;262
7;2025-11-07;23;203
7;2025-11-08;0;103
7;2025-11-08;1;22
7;2025-11-08;2;0
7;2025-11-08;3;0
7;2025-11-08;4;0
7;2025-11-08;5;54
7;2025-11-08;6;270
7;2025-11-08;7;421
7;2025-11-08;8;685
7;2025-11-08;9;702
7;2025-11-08;10;750
7;2025-11-08;11;909
7;2025-11-08;12;1065
7;2025-11-08;13;1064
7;2025-11-08;14;1026
7;2025-11-08;15;1060
7;2025-11-08;16;973
7;2025-11-08;17;1002
7;2025-11-08;18;948
7;2025-11-08;19;868
7;2025-11-08;20;754
7;2025-11-08;21;537
7;2025-11-08;22;247
7;2025-11-08;23;216
7;2025-11-09;0;104
7;2025-11-09;1;19
7;2025-11-09;2;0
7;2025-11-09;3;0
7;2025-11-09;4;0
7;2025-11-09;5;31
7;2025-11-09;6;174
7;2025-11-09;7;268
7;2025-11-09;8;501
7;2025-11-09;9;577
7;2025-11-09;10;600
7;2025-11-09;11;765
7;2025-11-09;12;834
7;2025-11-09;13;869
7;2025-11-09;14;906
7;2025-11-09;15;957
7;2025-11-09;16;794
7;2025-11-09;17;918
7;2025-11-09;18;803
7;2025-11-09;19;638
7;2025-11-09;20;595
7;2025-11-09;21;439
7;2025-11-09;22;210
7;2025-11-09;23;156
7;2025-11-10;0;55
7;2025-11-10;1;9
7;2025-11-10;2;0
7;2025-11-10;3;0
7;2025-11-10;4;5
7;2025-11-10;5;200
7;2025-11-10;6;693
7;2025-11-10;7;1527
7;2025-11-10;8;2541
7;2025-11-10;9;1845
7;2025-11-10;10;1666
7;2025-11-10;11;1481
7;2025-11-10;12;1674
7;2025-11-10;13;1693
7;2025-11-10;14;1694
7;2025-11-10;15;1806
7;2025-11-10;16;1838
7;2025-11-10;17;2349
7;2025-11-10;18;2617
7;2025-11-10;19;1684
7;2025-11-10;20;1082
7;2025-11-10;21;607
7;2025-11-10;22;227
7;2025-11-10;23;134
7;2025-11-11;0;44
7;2025-11-11;1;8
7;2025-11-11;2;0
7;2025-11-11;3;0
7;2025-11-11;4;6
7;2025-11-11;5;211
7;2025-11-11;6;709
7;2025-11-11;7;1599
7;2025-11-11;8;2554
7;2025-11-11;9;1914
7;2025-11-11;10;1795
7;2025-11-11;11;1675
7;2025-11-11;12;1863
7;2025-11-11;13;1738
7;2025-11-11;14;1639
7;2025-11-11;15;1832
7;2025-11-11;16;1909
7;2025-11-11;17;2444
7;2025-11-11;18;2660
7;2025-11-11;19;1760
7;2025-11-11;20;1167
7;2025-11-11;21;696
7;2025-11-11;22;243
7;2025-11-11;23;148
7;2025-11-12;0;47
7;2025-11-12;1;6
7;2025-11-12;2;0
7;2025-11-12;3;0
7;2025-11-12;4;3
7;2025-11-12;5;193
7;2025-11-12;6;679
7;2025-11-12;7;1512
7;2025-11-12;8;2432
7;2025-11-12;9;1877
7;2025-11-12;10;1791
7;2025-11-12;11;1574
7;2025-11-12;12;1744
7;2025-11-12;13;1650
7;2025-11-12;14;1758
7;2025-11-12;15;1864
7;2025-11-12;16;1802
7;2025-11-12;17;2374
7;2025-11-12;18;2526
7;2025-11-12;19;1643
7;2025-11-12;20;1090
7;2025-11-12;21;627
7;2025-11-12;22;233
7;2025-11-12;23;162
7;2025-11-13;0;52
7;2025-11-13;1;9
7;2025-11-13;2;0
7;2025-11-13;3;0
7;2025-11-13;4;3
7;2025-11-13;5;191
7;2025-11-13;6;688
7;2025-11-13;7;1507
7;2025-11-13;8;2429
7;2025-11-13;9;1757
7;2025-11-13;10;1662
7;2025-11-13;11;1550
7;2025-11-13;12;1715
7;2025-11-13;13;1581
7;2025-11-13;14;1768
7;2025-11-13;15;1795
7;2025-11-13;16;1795
7;2025-11-13;17;2323
7;2025-11-13;18;2739
7;2025-11-13;19;1630
7;2025-11-13;20;1078
7;2025-11-13;21;673
7;2025-11-13;22;236
7;2025-11-13;23;170
7;2025-11-14;0;54
7;2025-11-14;1;7
7;2025-11-14;2;0
7;2025-11-14;3;0
7;2025-11-14;4;2
7;2025-11-14;5;188
7;2025-11-14;6;614
7;2025-11-14;7;1438
7;2025-11-14;8;2282
7;2025-11-14;9;1749
7;2025-11-14;10;1695
7;2025-11-14;11;1593
7;2025-11-14;12;1693
7;2025-11-14;13;1760
7;2025-11-14;14;1784
7;2025-11-14;15;1867
7;2025-11-14;16;1975
7;2025-11-14;17;2289
7;2025-11-14;18;2086
7;2025-11-14;19;1467
7;2025-11-14;20;1037
7;2025-11-14;21;601
7;2025-11-14;22;243
7;2025-11-14;23;181
7;2025-11-15;0;64
7;2025-11-15;1;8
7;2025-11-15;2;0
7;2025-11-15;3;0
7;2025-11-15;4;2
7;2025-11-15;5;57
7;2025-11-15;6;278
7;2025-11-15;7;443
7;2025-11-15;8;729
7;2025-11-15;9;817
7;2025-11-15;10;926
7;2025-11-15;11;1072
7;2025-11-15;12;1276
7;2025-11-15;13;1260
7;2025-11-15;14;1240
7;2025-11-15;15;1195
7;2025-11-15;16;1094
7;2025-11-15;17;1102
7;2025-11-15;18;1058
7;2025-11-15;19;976
7;2025-11-15;20;778
7;2025-11-15;21;592
7;2025-11-15;22;175
7;2025-11-15;23;142
7;2025-11-16;0;70
7;2025-11-16;1;10
7;2025-11-16;2;0
7;2025-11-16;3;0
7;2025-11-16;4;1
7;2025-11-16;5;35
7;2025-11-16;6;194
7;2025-11-16;7;287
7;2025-11-16;8;555
7;2025-11-16;9;651
7;2025-11-16;10;761
7;2025-11-16;11;932
7;2025-11-16;12;1064
7;2025-11-16;13;1117
7;2025-11-16;14;1155
7;2025-11-16;15;1102
7;2025-11-16;16;901
7;2025-11-16;17;1038
7;2025-11-16;18;886
7;2025-11-16;19;717
7;2025-11-16;20;641
7;2025-11-16;21;483
7;2025-11-16;22;169
7;2025-11-16;23;114
7;2025-11-17;0;46
7;2025-11-17;1;5
7;2025-11-17;2;0
7;2025-11-17;3;0
7;2025-11-17;4;3
7;2025-11-17;5;189
7;2025-11-17;6;690
7;2025-11-17;7;1447
7;2025-11-17;8;2502
7;2025-11-17;9;1841
7;2025-11-17;10;1622
7;2025-11-17;11;1492
7;2025-11-17;12;1667
7;2025-11-17;13;1713
7;2025-11-17;14;1723
7;2025-11-17;15;1786
7;2025-11-17;16;1783
7;2025-11-17;17;2252
7;2025-11-17;18;2577
7;2025-11-17;19;1636
7;2025-11-17;20;1034
7;2025-11-17;21;571
7;2025-11-17;22;204
7;2025-11-17;23;115
7;2025-11-18;0;29
7;2025-11-18;1;1
7;2025-11-18;2;0
7;2025-11-18;3;0
7;2025-11-18;4;2
7;2025-11-18;5;183
7;2025-11-18;6;636
7;2025-11-18;7;1402
7;2025-11-18;8;2337
7;2025-11-18;9;1756
7;2025-11-18;10;1605
7;2025-11-18;11;1579
7;2025-11-18;12;1696
7;2025-11-18;13;1645
7;2025-11-18;14;1574
7;2025-11-18;15;1674
7;2025-11-18;16;1711
7;2025-11-18;17;2173
7;2025-11-18;18;2430
7;2025-11-18;19;1582
7;2025-11-18;20;1025
7;2025-11-18;21;607
7;2025-11-18;22;190
7;2025-11-18;23;114
7;2025-11-19;0;42
7;2025-11-19;1;3
7;2025-11-19;2;0
7;2025-11-19;3;0
7;2025-11-19;4;3
7;2025-11-19;5;189
7;2025-11-19;6;690
7;2025-11-19;7;1467
7;2025-11-19;8;2516
7;2025-11-19;9;1961
7;2025-11-19;10;1800
7;2025-11-19;11;1631
7;2025-11-19;12;1769
7;2025-11-19;13;1724
7;2025-11-19;14;1848
7;2025-11-19;15;1888
7;2025-11-19;16;1818
7;2025-11-19;17;2380
7;2025-11-19;18;2567
7;2025-11-19;19;1643
7;2025-11-19;20;1078
7;2025-11-19;21;618
7;2025-11-19;22;224
7;2025-11-19;23;147
7;2025-11-20;0;45
7;2025-11-20;1;5
7;2025-11-20;2;0
7;2025-11-20;3;0
7;2025-11-20;4;2
7;2025-11-20;5;181
7;2025-11-20;6;691
7;2025-11-20;7;1429
7;2025-11-20;8;2445
7;2025-11-20;9;1792
7;2025-11-20;10;1639
7;2025-11-20;11;1591
7;2025-11-20;12;1712
7;2025-11-20;13;1649
7;2025-11-20;14;1813
7;2025-11-20;15;1787
7;2025-11-20;16;1776
7;2025-11-20;17;2277
7;2025-11-20;18;2706
7;2025-11-20;19;1605
7;2025-11-20;20;1033
7;2025-11-20;21;639
7;2025-11-20;22;216
7;2025-11-20;23;147
7;2025-11-21;0;49
7;2025-11-21;1;6
7;2025-11-21;2;0
7;2025-11-21;3;0
7;2025-11-21;4;2
7;2025-11-21;5;185
7;2025-11-21;6;630
7;2025-11-21;7;1415
7;2025-11-21;8;2340
7;2025-11-21;9;1804
7;2025-11-21;10;1707
7;2025-11-21;11;1650
7;2025-11-21;12;1743
7;2025-11-21;13;1821
7;2025-11-21;14;1860
7;2025-11-21;15;1904
7;2025-11-21;16;2044
7;2025-11-21;17;2310
7;2025-11-21;18;2149
7;2025-11-21;19;1471
7;2025-11-21;20;1030
7;2025-11-21;21;601
7;2025-11-21;22;241
7;2025-11-21;23;168
7;2025-11-22;0;68
7;2025-11-22;1;12
7;2025-11-22;2;0
7;2025-11-22;3;0
7;2025-11-22;4;3
7;2025-11-22;5;60
7;2025-11-22;6;302
7;2025-11-22;7;461
7;2025-11-22;8;797
7;2025-11-22;9;909
7;2025-11-22;10;1002
7;2025-11-22;11;1225
7;2025-11-22;12;1400
7;2025-11-22;13;1423
7;2025-11-22;14;1424
7;2025-11-22;15;1306
7;2025-11-22;16;1199
7;2025-11-22;17;1182
7;2025-11-22;18;1149
7;2025-11-22;19;1048
7;2025-11-22;20;815
7;2025-11-22;21;616
7;2025-11-22;22;187
7;2025-11-22;23;151
7;2025-11-23;0;71
7;2025-11-23;1;11
7;2025-11-23;2;0
7;2025-11-23;3;0
7;2025-11-23;4;2
7;2025-11-23;5;35
7;2025-11-23;6;203
7;2025-11-23;7;296
7;2025-11-23;8;581
7;2025-11-23;9;681
7;2025-11-23;10;818
7;2025-11-23;11;1024
7;2025-11-23;12;1156
7;2025-11-23;13;1208
7;2025-11-23;14;1283
7;2025-11-23;15;1169
7;2025-11-23;16;962
7;2025-11-23;17;1089
7;2025-11-23;18;925
7;2025-11-23;19;742
7;2025-11-23;20;657
7;2025-11-23;21;495
7;2025-11-23;22;173
7;2025-11-23;23;115
7;2025-11-24;0;50
7;2025-11-24;1;8
7;2025-11-24;2;0
7;2025-11-24;3;0
7;2025-11-24;4;4
7;2025-11-24;5;192
7;2025-11-24;6;696
7;2025-11-24;7;1507
7;2025-11-24;8;2471
7;2025-11-24;9;1780
7;2025-11-24;10;1645
7;2025-11-24;11;1461
7;2025-11-24;12;1688
7;2025-11-24;13;1658
7;2025-11-24;14;1699
7;2025-11-24;15;1808
7;2025-11-24;16;1794
7;2025-11-24;17;2267
7;2025-11-24;18;2580
7;2025-11-24;19;1641
7;2025-11-24;20;1065
7;2025-11-24;21;587
7;2025-11-24;22;193
7;2025-11-24;23;121
7;2025-11-25;0;39
7;2025-11-25;1;7
7;2025-11-25;2;0
7;2025-11-25;3;0
7;2025-11-25;4;3
7;2025-11-25;5;195
7;2025-11-25;6;667
7;2025-11-25;7;1511
7;2025-11-25;8;2391
7;2025-11-25;9;1727
7;2025-11-25;10;1688
7;2025-11-25;11;1583
7;2025-11-25;12;1776
7;2025-11-25;13;1642
7;2025-11-25;14;1649
7;2025-11-25;15;1760
7;2025-11-25;16;1791
7;2025-11-25;17;2251
7;2025-11-25;18;2495
7;2025-11-25;19;1614
7;2025-11-25;20;1086
7;2025-11-25;21;649
7;2025-11-25;22;248
7;2025-11-25;23;147
7;2025-11-26;0;52
7;2025-11-26;1;7
7;2025-11-26;2;0
7;2025-11-26;3;0
7;2025-11-26;4;3
7;2025-11-26;5;186
7;2025-11-26;6;668
7;2025-11-26;7;1495
7;2025-11-26;8;2403
7;2025-11-26;9;1808
7;2025-11-26;10;1785
7;2025-11-26;11;1540
7;2025-11-26;12;1731
7;2025-11-26;13;1603
7;2025-11-26;14;1773
7;2025-11-26;15;1856
7;2025-11-26;16;1780
7;2025-11-26;17;2331
7;2025-11-26;18;2479
7;2025-11-26;19;1585
7;2025-11-26;20;1085
7;2025-11-26;21;624
7;2025-11-26;22;277
7;2025-11-26;23;177
7;2025-11-27;0;57
7;2025-11-27;1;9
7;2025-11-27;2;0
7;2025-11-27;3;0
7;2025-11-27;4;3
7;2025-11-27;5;185
7;2025-11-27;6;691
7;2025-11-27;7;1483
7;2025-11-27;8;2411
7;2025-11-27;9;1733
7;2025-11-27;10;1666
7;2025-11-27;11;1561
7;2025-11-27;12;1717
7;2025-11-27;13;1606
7;2025-11-27;14;1784
7;2025-11-27;15;1802
7;2025-11-27;16;1770
7;2025-11-27;17;2295
7;2025-11-27;18;2704
7;2025-11-27;19;1613
7;2025-11-27;20;1057
7;2025-11-27;21;662
7;2025-11-27;22;263
7;2025-11-27;23;176
7;2025-11-28;0;59
7;2025-11-28;1;10
7;2025-11-28;2;0
7;2025-11-28;3;0
7;2025-11-28;4;3
7;2025-11-28;5;186
7;2025-11-28;6;621
7;2025-11-28;7;1438
7;2025-11-28;8;2305
7;2025-11-28;9;1741
7;2025-11-28;10;1708
7;2025-11-28;11;1619
7;2025-11-28;12;1740
7;2025-11-28;13;1770
7;2025-11-28;14;1845
7;2025-11-28;15;1922
7;2025-11-28;16;2027
7;2025-11-28;17;2287
7;2025-11-28;18;2130
7;2025-11-28;19;1465
7;2025-11-28;20;1046
7;2025-11-28;21;611
7;2025-11-28;22;298
7;2025-11-28;23;196
7;2025-11-29;0;90
7;2025-11-29;1;19
7;2025-11-29;2;0
7;2025-11-29;3;0
7;2025-11-29;4;3
7;2025-11-29;5;59
7;2025-11-29;6;293
7;2025-11-29;7;464
7;2025-11-29;8;770
7;2025-11-29;9;903
7;2025-11-29;10;1010
7;2025-11-29;11;1225
7;2025-11-29;12;1386
7;2025-11-29;13;1402
7;2025-11-29;14;1437
7;2025-11-29;15;1317
7;2025-11-29;16;1188
7;2025-11-29;17;1164
7;2025-11-29;18;1142
7;2025-11-29;19;1048
7;2025-11-29;20;814
7;2025-11-29;21;621
7;2025-11-29;22;264
7;2025-11-29;23;193
7;2025-11-30;0;88
7;2025-11-30;1;16
7;2025-11-30;2;0
7;2025-11-30;3;0
7;2025-11-30;4;2
7;2025-11-30;5;35
7;2025-11-30;6;199
7;2025-11-30;7;301
7;2025-11-30;8;562
7;2025-11-30;9;654
7;2025-11-30;10;828
7;2025-11-30;11;1016
7;2025-11-30;12;1167
7;2025-11-30;13;1191
7;2025-11-30;14;1284
7;2025-11-30;15;1171
7;2025-11-30;16;957
7;2025-11-30;17;1084
7;2025-11-30;18;907
7;2025-11-30;19;732
7;2025-11-30;20;663
7;2025-11-30;21;500
7;2025-11-30;22;229
7;2025-11-30;23;141
7;2025-12-01;0;63
7;2025-12-01;1;11
7;2025-12-01;2;0
7;2025-12-01;3;0
7;2025-12-01;4;3
7;2025-12-01;5;192
7;2025-12-01;6;691
7;2025-12-01;7;1496
7;2025-12-01;8;2419
7;2025-12-01;9;1735
7;2025-12-01;10;1593
7;2025-12-01;11;1406
7;2025-12-01;12;1634
7;2025-12-01;13;1604
7;2025-12-01;14;1638
7;2025-12-01;15;1753
7;2025-12-01;16;1760
7;2025-12-01;17;2219
7;2025-12-01;18;2514
7;2025-12-01;19;1594
7;2025-12-01;20;1051
7;2025-12-01;21;576
7;2025-12-01;22;245
7;2025-12-01;23;146
7;2025-12-02;0;49
7;2025-12-02;1;10
7;2025-12-02;2;0
7;2025-12-02;3;0
7;2025-12-02;4;2
7;2025-12-02;5;193
7;2025-12-02;6;666
7;2025-12-02;7;1501
7;2025-12-02;8;2373
7;2025-12-02;9;1711
7;2025-12-02;10;1664
7;2025-12-02;11;1569
7;2025-12-02;12;1756
7;2025-12-02;13;1632
7;2025-12-02;14;1659
7;2025-12-02;15;1756
7;2025-12-02;16;1777
7;2025-12-02;17;2229
7;2025-12-02;18;2483
7;2025-12-02;19;1595
7;2025-12-02;20;1076
7;2025-12-02;21;642
7;2025-12-02;22;297
7;2025-12-02;23;161
7;2025-12-03;0;54
7;2025-12-03;1;8
7;2025-12-03;2;0
7;2025-12-03;3;0
7;2025-12-03;4;2
7;2025-12-03;5;186
7;2025-12-03;6;675
7;2025-12-03;7;1463
7;2025-12-03;8;2429
7;2025-12-03;9;1843
7;2025-12-03;10;1737
7;2025-12-03;11;1542
7;2025-12-03;12;1687
7;2025-12-03;13;1622
7;2025-12-03;14;1772
7;2025-12-03;15;1836
7;2025-12-03;16;1761
7;2025-12-03;17;2305
7;2025-12-03;18;2465
7;2025-12-03;19;1578
7;2025-12-03;20;1070
7;2025-12-03;21;610
7;2025-12-03;22;323
7;2025-12-03;23;187
7;2025-12-04;0;61
7;2025-12-04;1;11
7;2025-12-04;2;0
7;2025-12-04;3;0
7;2025-12-04;4;2
7;2025-12-04;5;184
7;2025-12-04;6;688
7;2025-12-04;7;1470
7;2025-12-04;8;2374
7;2025-12-04;9;1704
7;2025-12-04;10;1617
7;2025-12-04;11;1521
7;2025-12-04;12;1661
7;2025-12-04;13;1569
7;2025-12-04;14;1735
7;2025-12-04;15;1757
7;2025-12-04;16;1740
7;2025-12-04;17;2254
7;2025-12-04;18;2655
7;2025-12-04;19;1576
7;2025-12-04;20;1043
7;2025-12-04;21;649
7;2025-12-04;22;297
7;2025-12-04;23;187
7;2025-12-05;0;61
7;2025-12-05;1;11
7;2025-12-05;2;0
7;2025-12-05;3;0
7;2025-12-05;4;1
7;2025-12-05;5;183
7;2025-12-05;6;609
7;2025-12-05;7;1405
7;2025-12-05;8;2253
7;2025-12-05;9;1702
7;2025-12-05;10;1640
7;2025-12-05;11;1573
7;2025-12-05;12;1676
7;2025-12-05;13;1720
7;2025-12-05;14;1791
7;2025-12-05;15;1867
7;2025-12-05;16;1979
7;2025-12-05;17;2221
7;2025-12-05;18;2077
7;2025-12-05;19;1419
7;2025-12-05;20;1021
7;2025-12-05;21;592
7;2025-12-05;22;337
7;2025-12-05;23;204
7;2025-12-06;0;92
7;2025-12-06;1;20
7;2025-12-06;2;0
7;2025-12-06;3;0
7;2025-12-06;4;1
7;2025-12-06;5;55
7;2025-12-06;6;275
7;2025-12-06;7;444
7;2025-12-06;8;722
7;2025-12-06;9;858
7;2025-12-06;10;954
7;2025-12-06;11;1162
7;2025-12-06;12;1307
7;2025-12-06;13;1324
7;2025-12-06;14;1361
7;2025-12-06;15;1246
7;2025-12-06;16;1125
7;2025-12-06;17;1102
7;2025-12-06;18;1086
7;2025-12-06;19;992
7;2025-12-06;20;774
7;2025-12-06;21;587
7;2025-12-06;22;297
7;2025-12-06;23;202
7;2025-12-07;0;87
7;2025-12-07;1;16
7;2025-12-07;2;0
7;2025-12-07;3;0
7;2025-12-07;4;0
7;2025-12-07;5;31
7;2025-12-07;6;186
7;2025-12-07;7;282
7;2025-12-07;8;527
7;2025-12-07;9;618
7;2025-12-07;10;768
7;2025-12-07;11;961
7;2025-12-07;12;1088
7;2025-12-07;13;1126
7;2025-12-07;14;1206
7;2025-12-07;15;1094
7;2025-12-07;16;894
7;2025-12-07;17;1016
7;2025-12-07;18;853
7;2025-12-07;19;685
7;2025-12-07;20;621
7;2025-12-07;21;463
7;2025-12-07;22;253
7;2025-12-07;23;142
7;2025-12-08;0;62
7;2025-12-08;1;11
7;2025-12-08;2;0
7;2025-12-08;3;0
7;2025-12-08;4;1
7;2025-12-08;5;183
7;2025-12-08;6;664
7;2025-12-08;7;1429
7;2025-12-08;8;2319
7;2025-12-08;9;1670
7;2025-12-08;10;1525
7;2025-12-08;11;1359
7;2025-12-08;12;1572
7;2025-12-08;13;1551
7;2025-12-08;14;1586
7;2025-12-08;15;1693
7;2025-12-08;16;1680
7;2025-12-08;17;2122
7;2025-12-08;18;2418
7;2025-12-08;19;1528
7;2025-12-08;20;1009
7;2025-12-08;21;550
7;2025-12-08;22;269
7;2025-12-08;23;146
7;2025-12-09;0;48
7;2025-12-09;1;9
7;2025-12-09;2;0
7;2025-12-09;3;0
7;2025-12-09;4;1
7;2025-12-09;5;187
7;2025-12-09;6;643
7;2025-12-09;7;1437
7;2025-12-09;8;2295
7;2025-12-09;9;1672
7;2025-12-09;10;1597
7;2025-12-09;11;1528
7;2025-12-09;12;1692
7;2025-12-09;13;1597
7;2025-12-09;14;1623
7;2025-12-09;15;1706
7;2025-12-09;16;1697
7;2025-12-09;17;2144
7;2025-12-09;18;2412
7;2025-12-09;19;1549
7;2025-12-09;20;1040
7;2025-12-09;21;617
7;2025-12-09;22;310
7;2025-12-09;23;161
7;2025-12-10;0;52
7;2025-12-10;1;7
7;2025-12-10;2;0
7;2025-12-10;3;0
7;2025-12-10;4;1
7;2025-12-10;5;178
7;2025-12-10;6;642
7;2025-12-10;7;1406
7;2025-12-10;8;2309
7;2025-12-10;9;1752
7;2025-12-10;10;1657
7;2025-12-10;11;1474
7;2025-12-10;12;1609
7;2025-12-10;13;1543
7;2025-12-10;14;1692
7;2025-12-10;15;1760
7;2025-12-10;16;1669
7;2025-12-10;17;2197
7;2025-12-10;18;2365
7;2025-12-10;19;1503
7;2025-12-10;20;1031
7;2025-12-10;21;584
7;2025-12-10;22;325
7;2025-12-10;23;182
7;2025-12-11;0;57
7;2025-12-11;1;9
7;2025-12-11;2;0
7;2025-12-11;3;0
7;2025-12-11;4;0
7;2025-12-11;5;171
7;2025-12-11;6;636
7;2025-12-11;7;1363
7;2025-12-11;8;2203
7;2025-12-11;9;1596
7;2025-12-11;10;1489
7;2025-12-11;11;1425
7;2025-12-11;12;1538
7;2025-12-11;13;1470
7;2025-12-11;14;1608
7;2025-12-11;15;1631
7;2025-12-11;16;1598
7;2025-12-11;17;2089
7;2025-12-11;18;2475
7;2025-12-11;19;1473
7;2025-12-11;20;970
7;2025-12-11;21;600
7;2025-12-11;22;291
7;2025-12-11;23;178
7;2025-12-12;0;56
7;2025-12-12;1;9
7;2025-12-12;2;0
7;2025-12-12;3;0
7;2025-12-12;4;0
7;2025-12-12;5;170
7;2025-12-12;6;562
7;2025-12-12;7;1304
7;2025-12-12;8;2085
7;2025-12-12;9;1587
7;2025-12-12;10;1507
7;2025-12-12;11;1465
7;2025-12-12;12;1549
7;2025-12-12;13;1599
7;2025-12-12;14;1654
7;2025-12-12;15;1729
7;2025-12-12;16;1811
7;2025-12-12;17;2053
7;2025-12-12;18;1941
7;2025-12-12;19;1326
7;2025-12-12;20;952
7;2025-12-12;21;548
7;2025-12-12;22;329
7;2025-12-12;23;193
7;2025-12-13;0;81
7;2025-12-13;1;15
7;2025-12-13;2;0
7;2025-12-13;3;0
7;2025-12-13;4;0
7;2025-12-13;5;48
7;2025-12-13;6;243
7;2025-12-13;7;398
7;2025-12-13;8;649
7;2025-12-13;9;779
7;2025-12-13;10;842
7;2025-12-13;11;1043
7;2025-12-13;12;1150
7;2025-12-13;13;1182
7;2025-12-13;14;1205
7;2025-12-13;15;1102
7;2025-12-13;16;994
7;2025-12-13;17;983
7;2025-12-13;18;980
7;2025-12-13;19;897
7;2025-12-13;20;691
7;2025-12-13;21;517
7;2025-12-13;22;278
7;2025-12-13;23;150
7;2025-12-14;0;67
7;2025-12-14;1;11
7;2025-12-14;2;0
7;2025-12-14;3;0
7;2025-12-14;4;0
7;2025-12-14;5;27
7;2025-12-14;6;169
7;2025-12-14;7;259
7;2025-12-14;8;484
7;2025-12-14;9;569
7;2025-12-14;10;699
7;2025-12-14;11;886
7;2025-12-14;12;991
7;2025-12-14;13;1033
7;2025-12-14;14;1102
7;2025-12-14;15;997
7;2025-12-14;16;816
7;2025-12-14;17;929
7;2025-12-14;18;784
7;2025-12-14;19;629
7;2025-12-14;20;569
7;2025-12-14;21;419
7;2025-12-14;22;243
7;2025-12-14;23;115
7;2025-12-15;0;61
7;2025-12-15;1;12
7;2025-12-15;2;0
7;2025-12-15;3;0
7;2025-12-15;4;0
7;2025-12-15;5;174
7;2025-12-15;6;645
7;2025-12-15;7;1375
7;2025-12-15;8;2240
7;2025-12-15;9;1602
7;2025-12-15;10;1456
7;2025-12-15;11;1314
7;2025-12-15;12;1505
7;2025-12-15;13;1489
7;2025-12-15;14;1528
7;2025-12-15;15;1631
7;2025-12-15;16;1626
7;2025-12-15;17;2039
7;2025-12-15;18;2324
7;2025-12-15;19;1452
7;2025-12-15;20;969
7;2025-12-15;21;524
7;2025-12-15;22;270
7;2025-12-15;23;141
7;2025-12-16;0;47
7;2025-12-16;1;9
7;2025-12-16;2;0
7;2025-12-16;3;0
7;2025-12-16;4;1
7;2025-12-16;5;183
7;2025-12-16;6;629
7;2025-12-16;7;1417
7;2025-12-16;8;2236
7;2025-12-16;9;1617
7;2025-12-16;10;1551
7;2025-12-16;11;1484
7;2025-12-16;12;1645
7;2025-12-16;13;1540
7;2025-12-16;14;1568
7;2025-12-16;15;1660
7;2025-12-16;16;1666
7;2025-12-16;17;2100
7;2025-12-16;18;2355
7;2025-12-16;19;1504
7;2025-12-16;20;1022
7;2025-12-16;21;605
7;2025-12-16;22;306
7;2025-12-16;23;160
7;2025-12-17;0;51
7;2025-12-17;1;6
7;2025-12-17;2;0
7;2025-12-17;3;0
7;2025-12-17;4;0
7;2025-12-17;5;175
7;2025-12-17;6;629
7;2025-12-17;7;1368
7;2025-12-17;8;2264
7;2025-12-17;9;1725
7;2025-12-17;10;1590
7;2025-12-17;11;1435
7;2025-12-17;12;1546
7;2025-12-17;13;1503
7;2025-12-17;14;1630
7;2025-12-17;15;1698
7;2025-12-17;16;1621
7;2025-12-17;17;2138
7;2025-12-17;18;2303
7;2025-12-17;19;1474
7;2025-12-17;20;1005
7;2025-12-17;21;566
7;2025-12-17;22;324
7;2025-12-17;23;181
7;2025-12-18;0;58
7;2025-12-18;1;10
7;2025-12-18;2;0
7;2025-12-18;3;0
7;2025-12-18;4;0
7;2025-12-18;5;172
7;2025-12-18;6;640
7;2025-12-18;7;1372
7;2025-12-18;8;2203
7;2025-12-18;9;1591
7;2025-12-18;10;1471
7;2025-12-18;11;1410
7;2025-12-18;12;1515
7;2025-12-18;13;1450
7;2025-12-18;14;1581
7;2025-12-18;15;1614
7;2025-12-18;16;1598
7;2025-12-18;17;2087
7;2025-12-18;18;2470
7;2025-12-18;19;1187
7;2025-12-18;20;974
7;2025-12-18;21;599
7;2025-12-18;22;295
7;2025-12-18;23;181
7;2025-12-19;0;57
7;2025-12-19;1;9
7;2025-12-19;2;0
7;2025-12-19;3;0
7;2025-12-19;4;0
7;2025-12-19;5;170
7;2025-12-19;6;565
7;2025-12-19;7;1305
7;2025-12-19;8;2086
7;2025-12-19;9;1580
7;2025-12-19;10;1479
7;2025-12-19;11;1451
7;2025-12-19;12;1520
7;2025-12-19;13;1576
7;2025-12-19;14;1622
7;2025-12-19;15;1706
7;2025-12-19;16;1815
7;2025-12-19;17;2047
7;2025-12-19;18;1929
7;2025-12-19;19;1314
7;2025-12-19;20;950
7;2025-12-19;21;544
7;2025-12-19;22;333
7;2025-12-19;23;195
7;2025-12-20;0;85
7;2025-12-20;1;17
7;2025-12-20;2;0
7;2025-12-20;3;0
7;2025-12-20;4;0
7;2025-12-20;5;48
7;2025-12-20;6;248
7;2025-12-20;7;406
7;2025-12-20;8;651
7;2025-12-20;9;777
7;2025-12-20;10;832
7;2025-12-20;11;1047
7;2025-12-20;12;1132
7;2025-12-20;13;1164
7;2025-12-20;14;1180
7;2025-12-20;15;1099
7;2025-12-20;16;1000
7;2025-12-20;17;984
7;2025-12-20;18;985
7;2025-12-20;19;888
7;2025-12-20;20;704
7;2025-12-20;21;519
7;2025-12-20;22;289
7;2025-12-20;23;148
7;2025-12-21;0;63
7;2025-12-21;1;8
7;2025-12-21;2;0
7;2025-12-21;3;0
7;2025-12-21;4;0
7;2025-12-21;5;26
7;2025-12-21;6;169
7;2025-12-21;7;259
7;2025-12-21;8;479
7;2025-12-21;9;562
7;2025-12-21;10;677
7;2025-12-21;11;875
7;2025-12-21;12;956
7;2025-12-21;13;1004
7;2025-12-21;14;1059
7;2025-12-21;15;974
7;2025-12-21;16;800
7;2025-12-21;17;914
7;2025-12-21;18;777
7;2025-12-21;19;619
7;2025-12-21;20;571
7;2025-12-21;21;413
7;2025-12-21;22;248
7;2025-12-21;23;105
7;2025-12-22;0;49
7;2025-12-22;1;7
7;2025-12-22;2;0
7;2025-12-22;3;0
7;2025-12-22;4;0
7;2025-12-22;5;170
7;2025-12-22;6;626
7;2025-12-22;7;1333
7;2025-12-22;8;2178
7;2025-12-22;9;1570
7;2025-12-22;10;1400
7;2025-12-22;11;1287
7;2025-12-22;12;1442
7;2025-12-22;13;1448
7;2025-12-22;14;1467
7;2025-12-22;15;1580
7;2025-12-22;16;1543
7;2025-12-22;17;1962
7;2025-12-22;18;2271
7;2025-12-22;19;1417
7;2025-12-22;20;951
7;2025-12-22;21;508
7;2025-12-22;22;275
7;2025-12-22;23;139
7;2025-12-23;0;45
7;2025-12-23;1;8
7;2025-12-23;2;0
7;2025-12-23;3;0
7;2025-12-23;4;0
7;2025-12-23;5;175
7;2025-12-23;6;614
7;2025-12-23;7;1354
7;2025-12-23;8;2181
7;2025-12-23;9;1582
7;2025-12-23;10;1464
7;2025-12-23;11;1451
7;2025-12-23;12;1550
7;2025-12-23;13;1494
7;2025-12-23;14;1506
7;2025-12-23;15;1595
7;2025-12-23;16;1582
7;2025-12-23;17;1998
7;2025-12-23;18;2274
7;2025-12-23;19;1445
7;2025-12-23;20;984
7;2025-12-23;21;572
7;2025-12-23;22;308
7;2025-12-23;23;153
7;2025-12-24;0;49
7;2025-12-24;1;5
7;2025-12-24;2;0
7;2025-12-24;3;0
7;2025-12-24;4;0
7;2025-12-24;5;166
7;2025-12-24;6;616
7;2025-12-24;7;1328
7;2025-12-24;8;2204
7;2025-12-24;9;1667
7;2025-12-24;10;1514
7;2025-12-24;11;1401
7;2025-12-24;12;1469
7;2025-12-24;13;1443
7;2025-12-24;14;1562
7;2025-12-24;15;1643
7;2025-12-24;16;1557
7;2025-12-24;17;2047
7;2025-12-24;18;2233
7;2025-12-24;19;1406
7;2025-12-24;20;978
7;2025-12-24;21;539
7;2025-12-24;22;321
7;2025-12-24;23;172
7;2025-12-25;0;57
7;2025-12-25;1;7
7;2025-12-25;2;0
7;2025-12-25;3;0
7;2025-12-25;4;0
7;2025-12-25;5;169
7;2025-12-25;6;622
7;2025-12-25;7;1399
7;2025-12-25;8;2115
7;2025-12-25;9;1512
7;2025-12-25;10;1320
7;2025-12-25;11;1291
7;2025-12-25;12;1330
7;2025-12-25;13;1277
7;2025-12-25;14;1371
7;2025-12-25;15;1458
7;2025-12-25;16;1522
7;2025-12-25;17;1982
7;2025-12-25;18;2336
7;2025-12-25;19;1363
7;2025-12-25;20;960
7;2025-12-25;21;579
7;2025-12-25;22;273
7;2025-12-25;23;183
7;2025-12-26;0;51
7;2025-12-26;1;3
7;2025-12-26;2;0
7;2025-12-26;3;0
7;2025-12-26;4;0
7;2025-12-26;5;164
7;2025-12-26;6;545
7;2025-12-26;7;1350
7;2025-12-26;8;2002
7;2025-12-26;9;1517
7;2025-12-26;10;1352
7;2025-12-26;11;1329
7;2025-12-26;12;1361
7;2025-12-26;13;1401
7;2025-12-26;14;1434
7;2025-12-26;15;1562
7;2025-12-26;16;1732
7;2025-12-26;17;1963
7;2025-12-26;18;1859
7;2025-12-26;19;1319
7;2025-12-26;20;942
7;2025-12-26;21;530
7;2025-12-26;22;307
7;2025-12-26;23;196
7;2025-12-27;0;83
7;2025-12-27;1;14
7;2025-12-27;2;0
7;2025-12-27;3;0
7;2025-12-27;4;0
7;2025-12-27;5;45
7;2025-12-27;6;245
7;2025-12-27;7;426
7;2025-12-27;8;652
7;2025-12-27;9;770
7;2025-12-27;10;765
7;2025-12-27;11;973
7;2025-12-27;12;1016
7;2025-12-27;13;1061
7;2025-12-27;14;1061
7;2025-12-27;15;1014
7;2025-12-27;16;984
7;2025-12-27;17;972
7;2025-12-27;18;961
7;2025-12-27;19;911
7;2025-12-27;20;699
7;2025-12-27;21;511
7;2025-12-27;22;268
7;2025-12-27;23;135
7;2025-12-28;0;51
7;2025-12-28;1;0
7;2025-12-28;2;0
7;2025-12-28;3;0
7;2025-12-28;4;0
7;2025-12-28;5;23
7;2025-12-28;6;167
7;2025-12-28;7;276
7;2025-12-28;8;481
7;2025-12-28;9;559
7;2025-12-28;10;629
7;2025-12-28;11;818
7;2025-12-28;12;867
7;2025-12-28;13;917
7;2025-12-28;14;955
7;2025-12-28;15;907
7;2025-12-28;16;801
7;2025-12-28;17;915
7;2025-12-28;18;768
7;2025-12-28;19;641
7;2025-12-28;20;576
7;2025-12-28;21;413
7;2025-12-28;22;230
7;2025-12-28;23;94
7;2025-12-29;0;40
7;2025-12-29;1;2
7;2025-12-29;2;0
7;2025-12-29;3;0
7;2025-12-29;4;0
7;2025-12-29;5;169
7;2025-12-29;6;609
7;2025-12-29;7;1375
7;2025-12-29;8;2084
7;2025-12-29;9;1480
7;2025-12-29;10;1254
7;2025-12-29;11;1165
7;2025-12-29;12;1265
7;2025-12-29;13;1261
7;2025-12-29;14;1256
7;2025-12-29;15;1415
7;2025-12-29;16;1496
7;2025-12-29;17;1895
7;2025-12-29;18;2148
7;2025-12-29;19;1399
7;2025-12-29;20;942
7;2025-12-29;21;501
7;2025-12-29;22;248
7;2025-12-29;23;145
7;2025-12-30;0;46
7;2025-12-30;1;7
7;2025-12-30;2;0
7;2025-12-30;3;0
7;2025-12-30;4;0
7;2025-12-30;5;180
7;2025-12-30;6;598
7;2025-12-30;7;1441
7;2025-12-30;8;2094
7;2025-12-30;9;1511
7;2025-12-30;10;1348
7;2025-12-30;11;1312
7;2025-12-30;12;1393
7;2025-12-30;13;1312
7;2025-12-30;14;1306
7;2025-12-30;15;1453
7;2025-12-30;16;1547
7;2025-12-30;17;1969
7;2025-12-30;18;2199
7;2025-12-30;19;1476
7;2025-12-30;20;1001
7;2025-12-30;21;582
7;2025-12-30;22;280
7;2025-12-30;23;165
7;2025-12-31;0;81
7;2025-12-31;1;9
7;2025-12-31;2;0
7;2025-12-31;3;0
7;2025-12-31;4;0
7;2025-12-31;5;17
7;2025-12-31;6;155
7;2025-12-31;7;262
7;2025-12-31;8;445
7;2025-12-31;9;538
7;2025-12-31;10;617
7;2025-12-31;11;819
7;2025-12-31;12;887
7;2025-12-31;13;936
7;2025-12-31;14;977
7;2025-12-31;15;917
7;2025-12-31;16;783
7;2025-12-31;17;895
7;2025-12-31;18;754
7;2025-12-31;19;616
7;2025-12-31;20;572
7;2025-12-31;21;412
7;2025-12-31;22;242
7;2025-12-31;23;140
11;2025-11-01;0;74
11;2025-11-01;1;3
11;2025-11-01;2;2
11;2025-11-01;3;1
11;2025-11-01;4;0
11;2025-11-01;5;262
11;2025-11-01;6;1352
11;2025-11-01;7;2448
11;2025-11-01;8;3224
11;2025-11-01;9;2401
11;2025-11-01;10;2030
11;2025-11-01;11;1952
11;2025-11-01;12;2011
11;2025-11-01;13;1927
11;2025-11-01;14;2206
11;2025-11-01;15;2317
11;2025-11-01;16;2426
11;2025-11-01;17;2901
11;2025-11-01;18;2470
11;2025-11-01;19;2108
11;2025-11-01;20;1381
11;2025-11-01;21;855
11;2025-11-01;22;433
11;2025-11-01;23;289
11;2025-11-02;0;112
11;2025-11-02;1;13
11;2025-11-02;2;4
11;2025-11-02;3;2
11;2025-11-02;4;3
11;2025-11-02;5;112
11;2025-11-02;6;532
11;2025-11-02;7;537
11;2025-11-02;8;697
11;2025-11-02;9;979
11;2025-11-02;10;1112
11;2025-11-02;11;1540
11;2025-11-02;12;1727
11;2025-11-02;13;1574
11;2025-11-02;14;1692
11;2025-11-02;15;1624
11;2025-11-02;16;1598
11;2025-11-02;17;1740
11;2025-11-02;18;1282
11;2025-11-02;19;1072
11;2025-11-02;20;845
11;2025-11-02;21;624
11;2025-11-02;22;350
11;2025-11-02;23;262
11;2025-11-03;0;130
11;2025-11-03;1;22
11;2025-11-03;2;8
11;2025-11-03;3;7
11;2025-11-03;4;9
11;2025-11-03;5;131
11;2025-11-03;6;559
11;2025-11-03;7;638
11;2025-11-03;8;741
11;2025-11-03;9;1003
11;2025-11-03;10;1198
11;2025-11-03;11;1681
11;2025-11-03;12;1907
11;2025-11-03;13;1764
11;2025-11-03;14;1848
11;2025-11-03;15;1902
11;2025-11-03;16;1650
11;2025-11-03;17;1889
11;2025-11-03;18;1407
11;2025-11-03;19;1214
11;2025-11-03;20;892
11;2025-11-03;21;688
11;2025-11-03;22;366
11;2025-11-03;23;296
11;2025-11-04;0;108
11;2025-11-04;1;18
11;2025-11-04;2;8
11;2025-11-04;3;7
11;2025-11-04;4;8
11;2025-11-04;5;127
11;2025-11-04;6;532
11;2025-11-04;7;613
11;2025-11-04;8;747
11;2025-11-04;9;1014
11;2025-11-04;10;1187
11;2025-11-04;11;1659
11;2025-11-04;12;1911
11;2025-11-04;13;1850
11;2025-11-04;14;1780
11;2025-11-04;15;1749
11;2025-11-04;16;1622
11;2025-11-04;17;1893
11;2025-11-04;18;1449
11;2025-11-04;19;1225
11;2025-11-04;20;1018
11;2025-11-04;21;669
11;2025-11-04;22;376
11;2025-11-04;23;289
11;2025-11-05;0;70
11;2025-11-05;1;1
11;2025-11-05;2;1
11;2025-11-05;3;0
11;2025-11-05;4;0
11;2025-11-05;5;266
11;2025-11-05;6;1265
11;2025-11-05;7;2422
11;2025-11-05;8;3111
11;2025-11-05;9;2355
11;2025-11-05;10;1894
11;2025-11-05;11;1908
11;2025-11-05;12;1938
11;2025-11-05;13;2040
11;2025-11-05;14;1854
11;2025-11-05;15;1790
11;2025-11-05;16;1892
11;2025-11-05;17;2566
11;2025-11-05;18;2932
11;2025-11-05;19;2393
11;2025-11-05;20;1558
11;2025-11-05;21;829
11;2025-11-05;22;389
11;2025-11-05;23;237
11;2025-11-06;0;63
11;2025-11-06;1;2
11;2025-11-06;2;2
11;2025-11-06;3;0
11;2025-11-06;4;0
11;2025-11-06;5;270
11;2025-11-06;6;1369
11;2025-11-06;7;2447
11;2025-11-06;8;3147
11;2025-11-06;9;2470
11;2025-11-06;10;2085
11;2025-11-06;11;1942
11;2025-11-06;12;2051
11;2025-11-06;13;2029
11;2025-11-06;14;2067
11;2025-11-06;15;2025
11;2025-11-06;16;2310
11;2025-11-06;17;2779
11;2025-11-06;18;3025
11;2025-11-06;19;2361
11;2025-11-06;20;1534
11;2025-11-06;21;955
11;2025-11-06;22;420
11;2025-11-06;23;250
11;2025-11-07;0;77
11;2025-11-07;1;2
11;2025-11-07;2;1
11;2025-11-07;3;0
11;2025-11-07;4;0
11;2025-11-07;5;265
11;2025-11-07;6;1353
11;2025-11-07;7;2380
11;2025-11-07;8;3072
11;2025-11-07;9;2311
11;2025-11-07;10;1962
11;2025-11-07;11;1879
11;2025-11-07;12;1957
11;2025-11-07;13;1896
11;2025-11-07;14;2003
11;2025-11-07;15;2030
11;2025-11-07;16;2343
11;2025-11-07;17;2773
11;2025-11-07;18;2387
11;2025-11-07;19;2117
11;2025-11-07;20;1422
11;2025-11-07;21;852
11;2025-11-07;22;424
11;2025-11-07;23;303
11;2025-11-08;0;102
11;2025-11-08;1;4
11;2025-11-08;2;3
11;2025-11-08;3;0
11;2025-11-08;4;3
11;2025-11-08;5;187
11;2025-11-08;6;808
11;2025-11-08;7;777
11;2025-11-08;8;1052
11;2025-11-08;9;1181
11;2025-11-08;10;1325
11;2025-11-08;11;1687
11;2025-11-08;12;1905
11;2025-11-08;13;1767
11;2025-11-08;14;1858
11;2025-11-08;15;1761
11;2025-11-08;16;1715
11;2025-11-08;17;1820
11;2025-11-08;18;1533
11;2025-11-08;19;1477
11;2025-11-08;20;1115
11;2025-11-08;21;722
11;2025-11-08;22;419
11;2025-11-08;23;308
11;2025-11-09;0;110
11;2025-11-09;1;12
11;2025-11-09;2;3
11;2025-11-09;3;1
11;2025-11-09;4;2
11;2025-11-09;5;116
11;2025-11-09;6;523
11;2025-11-09;7;561
11;2025-11-09;8;688
11;2025-11-09;9;957
11;2025-11-09;10;1095
11;2025-11-09;11;1508
11;2025-11-09;12;1686
11;2025-11-09;13;1569
11;2025-11-09;14;1631
11;2025-11-09;15;1629
11;2025-11-09;16;1539
11;2025-11-09;17;1702
11;2025-11-09;18;1292
11;2025-11-09;19;1077
11;2025-11-09;20;870
11;2025-11-09;21;610
11;2025-11-09;22;346
11;2025-11-09;23;256
11;2025-11-10;0;79
11;2025-11-10;1;10
11;2025-11-10;2;4
11;2025-11-10;3;2
11;2025-11-10;4;1
11;2025-11-10;5;285
11;2025-11-10;6;1438
11;2025-11-10;7;2447
11;2025-11-10;8;3245
11;2025-11-10;9;2427
11;2025-11-10;10;1937
11;2025-11-10;11;1963
11;2025-11-10;12;1864
11;2025-11-10;13;1926
11;2025-11-10;14;2021
11;2025-11-10;15;2030
11;2025-11-10;16;2210
11;2025-11-10;17;2797
11;2025-11-10;18;3087
11;2025-11-10;19;2477
11;2025-11-10;20;1543
11;2025-11-10;21;841
11;2025-11-10;22;400
11;2025-11-10;23;223
11;2025-11-11;0;61
11;2025-11-11;1;4
11;2025-11-11;2;3
11;2025-11-11;3;1
11;2025-11-11;4;0
11;2025-11-11;5;268
11;2025-11-11;6;1428
11;2025-11-11;7;2450
11;2025-11-11;8;3300
11;2025-11-11;9;2496
11;2025-11-11;10;1979
11;2025-11-11;11;1931
11;2025-11-11;12;1941
11;2025-11-11;13;2058
11;2025-11-11;14;2093
11;2025-11-11;15;2036
11;2025-11-11;16;2212
11;2025-11-11;17;2825
11;2025-11-11;18;3088
11;2025-11-11;19;2401
11;2025-11-11;20;1579
11;2025-11-11;21;863
11;2025-11-11;22;415
11;2025-11-11;23;225
11;2025-11-12;0;64
11;2025-11-12;1;0
11;2025-11-12;2;1
11;2025-11-12;3;0
11;2025-11-12;4;0
11;2025-11-12;5;263
11;2025-11-12;6;1250
11;2025-11-12;7;2381
11;2025-11-12;8;3042
11;2025-11-12;9;2284
11;2025-11-12;10;1842
11;2025-11-12;11;1838
11;2025-11-12;12;1900
11;2025-11-12;13;1954
11;2025-11-12;14;1877
11;2025-11-12;15;1841
11;2025-11-12;16;1926
11;2025-11-12;17;2571
11;2025-11-12;18;2832
11;2025-11-12;19;2291
11;2025-11-12;20;1522
11;2025-11-12;21;844
11;2025-11-12;22;386
11;2025-11-12;23;236
11;2025-11-13;0;63
11;2025-11-13;1;1
11;2025-11-13;2;1
11;2025-11-13;3;0
11;2025-11-13;4;0
11;2025-11-13;5;272
11;2025-11-13;6;1318
11;2025-11-13;7;2380
11;2025-11-13;8;3036
11;2025-11-13;9;2405
11;2025-11-13;10;2004
11;2025-11-13;11;1854
11;2025-11-13;12;1987
11;2025-11-13;13;1961
11;2025-11-13;14;1946
11;2025-11-13;15;1969
11;2025-11-13;16;2215
11;2025-11-13;17;2682
11;2025-11-13;18;2928
11;2025-11-13;19;2280
11;2025-11-13;20;1487
11;2025-11-13;21;915
11;2025-11-13;22;421
11;2025-11-13;23;240
11;2025-11-14;0;73
11;2025-11-14;1;1
11;2025-11-14;2;2
11;2025-11-14;3;0
11;2025-11-14;4;0
11;2025-11-14;5;259
11;2025-11-14;6;1305
11;2025-11-14;7;2295
11;2025-11-14;8;3000
11;2025-11-14;9;2252
11;2025-11-14;10;1902
11;2025-11-14;11;1833
11;2025-11-14;12;1889
11;2025-11-14;13;1865
11;2025-11-14;14;1995
11;2025-11-14;15;2064
11;2025-11-14;16;2274
11;2025-11-14;17;2718
11;2025-11-14;18;2367
11;2025-11-14;19;2033
11;2025-11-14;20;1397
11;2025-11-14;21;832
11;2025-11-14;22;429
11;2025-11-14;23;289
11;2025-11-15;0;83
11;2025-11-15;1;0
11;2025-11-15;2;0
11;2025-11-15;3;0
11;2025-11-15;4;0
11;2025-11-15;5;160
11;2025-11-15;6;700
11;2025-11-15;7;690
11;2025-11-15;8;949
11;2025-11-15;9;1045
11;2025-11-15;10;1178
11;2025-11-15;11;1472
11;2025-11-15;12;1712
11;2025-11-15;13;1560
11;2025-11-15;14;1656
11;2025-11-15;15;1552
11;2025-11-15;16;1524
11;2025-11-15;17;1609
11;2025-11-15;18;1384
11;2025-11-15;19;1305
11;2025-11-15;20;1009
11;2025-11-15;21;631
11;2025-11-15;22;363
11;2025-11-15;23;260
11;2025-11-16;0;100
11;2025-11-16;1;10
11;2025-11-16;2;3
11;2025-11-16;3;0
11;2025-11-16;4;1
11;2025-11-16;5;109
11;2025-11-16;6;487
11;2025-11-16;7;532
11;2025-11-16;8;695
11;2025-11-16;9;930
11;2025-11-16;10;1045
11;2025-11-16;11;1405
11;2025-11-16;12;1630
11;2025-11-16;13;1508
11;2025-11-16;14;1610
11;2025-11-16;15;1579
11;2025-11-16;16;1486
11;2025-11-16;17;1592
11;2025-11-16;18;1258
11;2025-11-16;19;1013
11;2025-11-16;20;845
11;2025-11-16;21;577
11;2025-11-16;22;321
11;2025-11-16;23;236
11;2025-11-17;0;74
11;2025-11-17;1;7
11;2025-11-17;2;3
11;2025-11-17;3;1
11;2025-11-17;4;0
11;2025-11-17;5;269
11;2025-11-17;6;1340
11;2025-11-17;7;2385
11;2025-11-17;8;3202
11;2025-11-17;9;2366
11;2025-11-17;10;1867
11;2025-11-17;11;1861
11;2025-11-17;12;1793
11;2025-11-17;13;1876
11;2025-11-17;14;1981
11;2025-11-17;15;1972
11;2025-11-17;16;2152
11;2025-11-17;17;2664
11;2025-11-17;18;2963
11;2025-11-17;19;2304
11;2025-11-17;20;1511
11;2025-11-17;21;805
11;2025-11-17;22;383
11;2025-11-17;23;208
11;2025-11-18;0;54
11;2025-11-18;1;0
11;2025-11-18;2;2
11;2025-11-18;3;0
11;2025-11-18;4;0
11;2025-11-18;5;236
11;2025-11-18;6;1251
11;2025-11-18;7;2240
11;2025-11-18;8;3048
11;2025-11-18;9;2282
11;2025-11-18;10;1778
11;2025-11-18;11;1705
11;2025-11-18;12;1733
11;2025-11-18;13;1853
11;2025-11-18;14;1924
11;2025-11-18;15;1872
11;2025-11-18;16;2019
11;2025-11-18;17;2523
11;2025-11-18;18;2775
11;2025-11-18;19;2103
11;2025-11-18;20;1419
11;2025-11-18;21;779
11;2025-11-18;22;372
11;2025-11-18;23;198
11;2025-11-19;0;63
11;2025-11-19;1;1
11;2025-11-19;2;2
11;2025-11-19;3;0
11;2025-11-19;4;0
11;2025-11-19;5;261
11;2025-11-19;6;1257
11;2025-11-19;7;2384
11;2025-11-19;8;3175
11;2025-11-19;9;2328
11;2025-11-19;10;1865
11;2025-11-19;11;1855
11;2025-11-19;12;1938
11;2025-11-19;13;1969
11;2025-11-19;14;1987
11;2025-11-19;15;1920
11;2025-11-19;16;2008
11;2025-11-19;17;2600
11;2025-11-19;18;2879
11;2025-11-19;19;2274
11;2025-11-19;20;1551
11;2025-11-19;21;859
11;2025-11-19;22;386
11;2025-11-19;23;241
11;2025-11-20;0;61
11;2025-11-20;1;2
11;2025-11-20;2;2
11;2025-11-20;3;0
11;2025-11-20;4;0
11;2025-11-20;5;265
11;2025-11-20;6;1274
11;2025-11-20;7;2316
11;2025-11-20;8;3098
11;2025-11-20;9;2407
11;2025-11-20;10;1977
11;2025-11-20;11;1800
11;2025-11-20;12;1965
11;2025-11-20;13;1940
11;2025-11-20;14;1968
11;2025-11-20;15;1979
11;2025-11-20;16;2221
11;2025-11-20;17;2618
11;2025-11-20;18;2915
11;2025-11-20;19;2193
11;2025-11-20;20;1478
11;2025-11-20;21;890
11;2025-11-20;22;409
11;2025-11-20;23;233
11;2025-11-21;0;73
11;2025-11-21;1;2
11;2025-11-21;2;2
11;2025-11-21;3;0
11;2025-11-21;4;0
11;2025-11-21;5;264
11;2025-11-21;6;1301
11;2025-11-21;7;2275
11;2025-11-21;8;3064
11;2025-11-21;9;2291
11;2025-11-21;10;1937
11;2025-11-21;11;1854
11;2025-11-21;12;1967
11;2025-11-21;13;1898
11;2025-11-21;14;2071
11;2025-11-21;15;2134
11;2025-11-21;16;2341
11;2025-11-21;17;2763
11;2025-11-21;18;2432
11;2025-11-21;19;2027
11;2025-11-21;20;1422
11;2025-11-21;21;842
11;2025-11-21;22;433
11;2025-11-21;23;288
11;2025-11-22;0;98
11;2025-11-22;1;5
11;2025-11-22;2;4
11;2025-11-22;3;2
11;2025-11-22;4;4
11;2025-11-22;5;185
11;2025-11-22;6;804
11;2025-11-22;7;766
11;2025-11-22;8;1094
11;2025-11-22;9;1204
11;2025-11-22;10;1327
11;2025-11-22;11;1671
11;2025-11-22;12;1934
11;2025-11-22;13;1764
11;2025-11-22;14;1892
11;2025-11-22;15;1761
11;2025-11-22;16;1752
11;2025-11-22;17;1804
11;2025-11-22;18;1567
11;2025-11-22;19;1449
11;2025-11-22;20;1138
11;2025-11-22;21;716
11;2025-11-22;22;409
11;2025-11-22;23;301
11;2025-11-23;0;105
11;2025-11-23;1;11
11;2025-11-23;2;4
11;2025-11-23;3;1
11;2025-11-23;4;2
11;2025-11-23;5;115
11;2025-11-23;6;509
11;2025-11-23;7;560
11;2025-11-23;8;716
11;2025-11-23;9;961
11;2025-11-23;10;1087
11;2025-11-23;11;1474
11;2025-11-23;12;1694
11;2025-11-23;13;1568
11;2025-11-23;14;1662
11;2025-11-23;15;1645
11;2025-11-23;16;1546
11;2025-11-23;17;1657
11;2025-11-23;18;1309
11;2025-11-23;19;1058
11;2025-11-23;20;887
11;2025-11-23;21;597
11;2025-11-23;22;333
11;2025-11-23;23;247
11;2025-11-24;0;74
11;2025-11-24;1;7
11;2025-11-24;2;2
11;2025-11-24;3;0
11;2025-11-24;4;0
11;2025-11-24;5;273
11;2025-11-24;6;1332
11;2025-11-24;7;2423
11;2025-11-24;8;3051
11;2025-11-24;9;2321
11;2025-11-24;10;1841
11;2025-11-24;11;1851
11;2025-11-24;12;1747
11;2025-11-24;13;1862
11;2025-11-24;14;1887
11;2025-11-24;15;1926
11;2025-11-24;16;2100
11;2025-11-24;17;2672
11;2025-11-24;18;2910
11;2025-11-24;19;2327
11;2025-11-24;20;1509
11;2025-11-24;21;801
11;2025-11-24;22;392
11;2025-11-24;23;206
11;2025-11-25;0;58
11;2025-11-25;1;1
11;2025-11-25;2;1
11;2025-11-25;3;0
11;2025-11-25;4;0
11;2025-11-25;5;253
11;2025-11-25;6;1315
11;2025-11-25;7;2344
11;2025-11-25;8;2995
11;2025-11-25;9;2322
11;2025-11-25;10;1831
11;2025-11-25;11;1765
11;2025-11-25;12;1790
11;2025-11-25;13;1884
11;2025-11-25;14;1902
11;2025-11-25;15;1908
11;2025-11-25;16;2063
11;2025-11-25;17;2625
11;2025-11-25;18;2795
11;2025-11-25;19;2206
11;2025-11-25;20;1437
11;2025-11-25;21;813
11;2025-11-25;22;398
11;2025-11-25;23;204
11;2025-11-26;0;59
11;2025-11-26;1;0
11;2025-11-26;2;0
11;2025-11-26;3;0
11;2025-11-26;4;0
11;2025-11-26;5;259
11;2025-11-26;6;1230
11;2025-11-26;7;2362
11;2025-11-26;8;2910
11;2025-11-26;9;2203
11;2025-11-26;10;1796
11;2025-11-26;11;1805
11;2025-11-26;12;1861
11;2025-11-26;13;1887
11;2025-11-26;14;1840
11;2025-11-26;15;1837
11;2025-11-26;16;1919
11;2025-11-26;17;2560
11;2025-11-26;18;2733
11;2025-11-26;19;2257
11;2025-11-26;20;1497
11;2025-11-26;21;837
11;2025-11-26;22;381
11;2025-11-26;23;233
11;2025-11-27;0;62
11;2025-11-27;1;1
11;2025-11-27;2;1
11;2025-11-27;3;0
11;2025-11-27;4;0
11;2025-11-27;5;270
11;2025-11-27;6;1277
11;2025-11-27;7;2355
11;2025-11-27;8;2967
11;2025-11-27;9;2365
11;2025-11-27;10;1947
11;2025-11-27;11;1802
11;2025-11-27;12;1907
11;2025-11-27;13;1921
11;2025-11-27;14;1877
11;2025-11-27;15;1946
11;2025-11-27;16;2158
11;2025-11-27;17;2612
11;2025-11-27;18;2853
11;2025-11-27;19;2212
11;2025-11-27;20;1461
11;2025-11-27;21;882
11;2025-11-27;22;414
11;2025-11-27;23;232
11;2025-11-28;0;71
11;2025-11-28;1;1
11;2025-11-28;2;1
11;2025-11-28;3;0
11;2025-11-28;4;0
11;2025-11-28;5;262
11;2025-11-28;6;1291
11;2025-11-28;7;2277
11;2025-11-28;8;2922
11;2025-11-28;9;2241
11;2025-11-28;10;1896
11;2025-11-28;11;1841
11;2025-11-28;12;1895
11;2025-11-28;13;1867
11;2025-11-28;14;1983
11;2025-11-28;15;2101
11;2025-11-28;16;2278
11;2025-11-28;17;2737
11;2025-11-28;18;2361
11;2025-11-28;19;2012
11;2025-11-28;20;1393
11;2025-11-28;21;826
11;2025-11-28;22;434
11;2025-11-28;23;283
11;2025-11-29;0;99
11;2025-11-29;1;4
11;2025-11-29;2;3
11;2025-11-29;3;1
11;2025-11-29;4;3
11;2025-11-29;5;185
11;2025-11-29;6;798
11;2025-11-29;7;760
11;2025-11-29;8;1055
11;2025-11-29;9;1186
11;2025-11-29;10;1304
11;2025-11-29;11;1648
11;2025-11-29;12;1882
11;2025-11-29;13;1750
11;2025-11-29;14;1827
11;2025-11-29;15;1729
11;2025-11-29;16;1714
11;2025-11-29;17;1789
11;2025-11-29;18;1532
11;2025-11-29;19;1436
11;2025-11-29;20;1119
11;2025-11-29;21;714
11;2025-11-29;22;414
11;2025-11-29;23;301
11;2025-11-30;0;104
11;2025-11-30;1;10
11;2025-11-30;2;2
11;2025-11-30;3;0
11;2025-11-30;4;1
11;2025-11-30;5;114
11;2025-11-30;6;499
11;2025-11-30;7;554
11;2025-11-30;8;675
11;2025-11-30;9;928
11;2025-11-30;10;1056
11;2025-11-30;11;1437
11;2025-11-30;12;1640
11;2025-11-30;13;1529
11;2025-11-30;14;1574
11;2025-11-30;15;1594
11;2025-11-30;16;1482
11;2025-11-30;17;1625
11;2025-11-30;18;1264
11;2025-11-30;19;1046
11;2025-11-30;20;861
11;2025-11-30;21;585
11;2025-11-30;22;332
11;2025-11-30;23;243
11;2025-12-01;0;72
11;2025-12-01;1;6
11;2025-12-01;2;1
11;2025-12-01;3;0
11;2025-12-01;4;0
11;2025-12-01;5;273
11;2025-12-01;6;1329
11;2025-12-01;7;2355
11;2025-12-01;8;2991
11;2025-12-01;9;2302
11;2025-12-01;10;1827
11;2025-12-01;11;1818
11;2025-12-01;12;1758
11;2025-12-01;13;1825
11;2025-12-01;14;1851
11;2025-12-01;15;1887
11;2025-12-01;16;2083
11;2025-12-01;17;2645
11;2025-12-01;18;2866
11;2025-12-01;19;2319
11;2025-12-01;20;1487
11;2025-12-01;21;799
11;2025-12-01;22;394
11;2025-12-01;23;205
11;2025-12-02;0;58
11;2025-12-02;1;0
11;2025-12-02;2;0
11;2025-12-02;3;0
11;2025-12-02;4;0
11;2025-12-02;5;253
11;2025-12-02;6;1305
11;2025-12-02;7;2330
11;2025-12-02;8;2971
11;2025-12-02;9;2310
11;2025-12-02;10;1823
11;2025-12-02;11;1746
11;2025-12-02;12;1786
11;2025-12-02;13;1871
11;2025-12-02;14;1894
11;2025-12-02;15;1904
11;2025-12-02;16;2049
11;2025-12-02;17;2614
11;2025-12-02;18;2776
11;2025-12-02;19;2186
11;2025-12-02;20;1421
11;2025-12-02;21;811
11;2025-12-02;22;398
11;2025-12-02;23;202
11;2025-12-03;0;59
11;2025-12-03;1;0
11;2025-12-03;2;0
11;2025-12-03;3;0
11;2025-12-03;4;0
11;2025-12-03;5;259
11;2025-12-03;6;1238
11;2025-12-03;7;2319
11;2025-12-03;8;2975
11;2025-12-03;9;2254
11;2025-12-03;10;1806
11;2025-12-03;11;1792
11;2025-12-03;12;1888
11;2025-12-03;13;1889
11;2025-12-03;14;1883
11;2025-12-03;15;1863
11;2025-12-03;16;1950
11;2025-12-03;17;2563
11;2025-12-03;18;2749
11;2025-12-03;19;2226
11;2025-12-03;20;1485
11;2025-12-03;21;849
11;2025-12-03;22;383
11;2025-12-03;23;235
11;2025-12-04;0;61
11;2025-12-04;1;1
11;2025-12-04;2;1
11;2025-12-04;3;0
11;2025-12-04;4;0
11;2025-12-04;5;270
11;2025-12-04;6;1272
11;2025-12-04;7;2311
11;2025-12-04;8;2943
11;2025-12-04;9;2361
11;2025-12-04;10;1940
11;2025-12-04;11;1778
11;2025-12-04;12;1920
11;2025-12-04;13;1901
11;2025-12-04;14;1860
11;2025-12-04;15;1932
11;2025-12-04;16;2154
11;2025-12-04;17;2600
11;2025-12-04;18;2830
11;2025-12-04;19;2203
11;2025-12-04;20;1443
11;2025-12-04;21;883
11;2025-12-04;22;416
11;2025-12-04;23;231
11;2025-12-05;0;69
11;2025-12-05;1;1
11;2025-12-05;2;0
11;2025-12-05;3;0
11;2025-12-05;4;0
11;2025-12-05;5;258
11;2025-12-05;6;1269
11;2025-12-05;7;2215
11;2025-12-05;8;2873
11;2025-12-05;9;2218
11;2025-12-05;10;1872
11;2025-12-05;11;1802
11;2025-12-05;12;1887
11;2025-12-05;13;1835
11;2025-12-05;14;1957
11;2025-12-05;15;2077
11;2025-12-05;16;2255
11;2025-12-05;17;2702
11;2025-12-05;18;2322
11;2025-12-05;19;1977
11;2025-12-05;20;1363
11;2025-12-05;21;818
11;2025-12-05;22;431
11;2025-12-05;23;278
11;2025-12-06;0;93
11;2025-12-06;1;2
11;2025-12-06;2;1
11;2025-12-06;3;0
11;2025-12-06;4;1
11;2025-12-06;5;177
11;2025-12-06;6;762
11;2025-12-06;7;722
11;2025-12-06;8;1000
11;2025-12-06;9;1130
11;2025-12-06;10;1247
11;2025-12-06;11;1561
11;2025-12-06;12;1807
11;2025-12-06;13;1667
11;2025-12-06;14;1735
11;2025-12-06;15;1642
11;2025-12-06;16;1628
11;2025-12-06;17;1714
11;2025-12-06;18;1463
11;2025-12-06;19;1377
11;2025-12-06;20;1067
11;2025-12-06;21;686
11;2025-12-06;22;400
11;2025-12-06;23;289
11;2025-12-07;0;97
11;2025-12-07;1;8
11;2025-12-07;2;1
11;2025-12-07;3;0
11;2025-12-07;4;0
11;2025-12-07;5;106
11;2025-12-07;6;469
11;2025-12-07;7;518
11;2025-12-07;8;637
11;2025-12-07;9;880
11;2025-12-07;10;996
11;2025-12-07;11;1339
11;2025-12-07;12;1555
11;2025-12-07;13;1438
11;2025-12-07;14;1487
11;2025-12-07;15;1503
11;2025-12-07;16;1391
11;2025-12-07;17;1530
11;2025-12-07;18;1194
11;2025-12-07;19;983
11;2025-12-07;20;807
11;2025-12-07;21;555
11;2025-12-07;22;314
11;2025-12-07;23;229
11;2025-12-08;0;69
11;2025-12-08;1;5
11;2025-12-08;2;0
11;2025-12-08;3;0
11;2025-12-08;4;0
11;2025-12-08;5;261
11;2025-12-08;6;1272
11;2025-12-08;7;2271
11;2025-12-08;8;2884
11;2025-12-08;9;2225
11;2025-12-08;10;1758
11;2025-12-08;11;1743
11;2025-12-08;12;1691
11;2025-12-08;13;1763
11;2025-12-08;14;1789
11;2025-12-08;15;1823
11;2025-12-08;16;2005
11;2025-12-08;17;2546
11;2025-12-08;18;2753
11;2025-12-08;19;2216
11;2025-12-08;20;1429
11;2025-12-08;21;772
11;2025-12-08;22;381
11;2025-12-08;23;197
11;2025-12-09;0;57
11;2025-12-09;1;0
11;2025-12-09;2;0
11;2025-12-09;3;0
11;2025-12-09;4;0
11;2025-12-09;5;244
11;2025-12-09;6;1269
11;2025-12-09;7;2282
11;2025-12-09;8;2920
11;2025-12-09;9;2264
11;2025-12-09;10;1775
11;2025-12-09;11;1696
11;2025-12-09;12;1723
11;2025-12-09;13;1830
11;2025-12-09;14;1863
11;2025-12-09;15;1870
11;2025-12-09;16;1987
11;2025-12-09;17;2539
11;2025-12-09;18;2703
11;2025-12-09;19;2110
11;2025-12-09;20;1380
11;2025-12-09;21;794
11;2025-12-09;22;388
11;2025-12-09;23;197
11;2025-12-10;0;56
11;2025-12-10;1;0
11;2025-12-10;2;0
11;2025-12-10;3;0
11;2025-12-10;4;0
11;2025-12-10;5;249
11;2025-12-10;6;1191
11;2025-12-10;7;2269
11;2025-12-10;8;2865
11;2025-12-10;9;2176
11;2025-12-10;10;1745
11;2025-12-10;11;1725
11;2025-12-10;12;1811
11;2025-12-10;13;1827
11;2025-12-10;14;1815
11;2025-12-10;15;1804
11;2025-12-10;16;1876
11;2025-12-10;17;2483
11;2025-12-10;18;2644
11;2025-12-10;19;2154
11;2025-12-10;20;1433
11;2025-12-10;21;824
11;2025-12-10;22;371
11;2025-12-10;23;226
11;2025-12-11;0;57
11;2025-12-11;1;0
11;2025-12-11;2;0
11;2025-12-11;3;0
11;2025-12-11;4;0
11;2025-12-11;5;253
11;2025-12-11;6;1205
11;2025-12-11;7;2203
11;2025-12-11;8;2804
11;2025-12-11;9;2257
11;2025-12-11;10;1836
11;2025-12-11;11;1677
11;2025-12-11;12;1806
11;2025-12-11;13;1808
11;2025-12-11;14;1773
11;2025-12-11;15;1838
11;2025-12-11;16;2029
11;2025-12-11;17;2464
11;2025-12-11;18;2689
11;2025-12-11;19;2079
11;2025-12-11;20;1364
11;2025-12-11;21;841
11;2025-12-11;22;395
11;2025-12-11;23;219
11;2025-12-12;0;64
11;2025-12-12;1;0
11;2025-12-12;2;0
11;2025-12-12;3;0
11;2025-12-12;4;0
11;2025-12-12;5;243
11;2025-12-12;6;1204
11;2025-12-12;7;2119
11;2025-12-12;8;2738
11;2025-12-12;9;2119
11;2025-12-12;10;1777
11;2025-12-12;11;1703
11;2025-12-12;12;1777
11;2025-12-12;13;1748
11;2025-12-12;14;1865
11;2025-12-12;15;1978
11;2025-12-12;16;2124
11;2025-12-12;17;2565
11;2025-12-12;18;2214
11;2025-12-12;19;1878
11;2025-12-12;20;1294
11;2025-12-12;21;781
11;2025-12-12;22;411
11;2025-12-12;23;264
11;2025-12-13;0;84
11;2025-12-13;1;0
11;2025-12-13;2;0
11;2025-12-13;3;0
11;2025-12-13;4;0
11;2025-12-13;5;164
11;2025-12-13;6;720
11;2025-12-13;7;694
11;2025-12-13;8;966
11;2025-12-13;9;1085
11;2025-12-13;10;1178
11;2025-12-13;11;1462
11;2025-12-13;12;1685
11;2025-12-13;13;1460
11;2025-12-13;14;1111
11;2025-12-13;15;1559
11;2025-12-13;16;1538
11;2025-12-13;17;1626
11;2025-12-13;18;1399
11;2025-12-13;19;1306
11;2025-12-13;20;1011
11;2025-12-13;21;652
11;2025-12-13;22;378
11;2025-12-13;23;270
11;2025-12-14;0;88
11;2025-12-14;1;4
11;2025-12-14;2;0
11;2025-12-14;3;0
11;2025-12-14;4;0
11;2025-12-14;5;98
11;2025-12-14;6;440
11;2025-12-14;7;490
11;2025-12-14;8;605
11;2025-12-14;9;838
11;2025-12-14;10;938
11;2025-12-14;11;1248
11;2025-12-14;12;1464
11;2025-12-14;13;1355
11;2025-12-14;14;1403
11;2025-12-14;15;1418
11;2025-12-14;16;1311
11;2025-12-14;17;1444
11;2025-12-14;18;1129
11;2025-12-14;19;924
11;2025-12-14;20;757
11;2025-12-14;21;526
11;2025-12-14;22;295
11;2025-12-14;23;213
11;2025-12-15;0;66
11;2025-12-15;1;4
11;2025-12-15;2;0
11;2025-12-15;3;0
11;2025-12-15;4;0
11;2025-12-15;5;254
11;2025-12-15;6;1227
11;2025-12-15;7;2199
11;2025-12-15;8;2794
11;2025-12-15;9;2185
11;2025-12-15;10;1714
11;2025-12-15;11;1687
11;2025-12-15;12;1665
11;2025-12-15;13;1719
11;2025-12-15;14;1740
11;2025-12-15;15;1780
11;2025-12-15;16;1971
11;2025-12-15;17;2491
11;2025-12-15;18;2670
11;2025-12-15;19;2142
11;2025-12-15;20;1379
11;2025-12-15;21;756
11;2025-12-15;22;371
11;2025-12-15;23;189
11;2025-12-16;0;56
11;2025-12-16;1;0
11;2025-12-16;2;0
11;2025-12-16;3;0
11;2025-12-16;4;0
11;2025-12-16;5;243
11;2025-12-16;6;1250
11;2025-12-16;7;2245
11;2025-12-16;8;2846
11;2025-12-16;9;2233
11;2025-12-16;10;1756
11;2025-12-16;11;1670
11;2025-12-16;12;1719
11;2025-12-16;13;1807
11;2025-12-16;14;1827
11;2025-12-16;15;1843
11;2025-12-16;16;1965
11;2025-12-16;17;2522
11;2025-12-16;18;2665
11;2025-12-16;19;2095
11;2025-12-16;20;1358
11;2025-12-16;21;788
11;2025-12-16;22;386
11;2025-12-16;23;195
11;2025-12-17;0;55
11;2025-12-17;1;0
11;2025-12-17;2;0
11;2025-12-17;3;0
11;2025-12-17;4;0
11;2025-12-17;5;245
11;2025-12-17;6;1181
11;2025-12-17;7;2216
11;2025-12-17;8;2842
11;2025-12-17;9;2168
11;2025-12-17;10;1724
11;2025-12-17;11;1696
11;2025-12-17;12;1797
11;2025-12-17;13;1804
11;2025-12-17;14;1803
11;2025-12-17;15;1788
11;2025-12-17;16;1861
11;2025-12-17;17;2455
11;2025-12-17;18;2623
11;2025-12-17;19;2121
11;2025-12-17;20;1408
11;2025-12-17;21;820
11;2025-12-17;22;368
11;2025-12-17;23;225
11;2025-12-18;0;57
11;2025-12-18;1;0
11;2025-12-18;2;0
11;2025-12-18;3;0
11;2025-12-18;4;0
11;2025-12-18;5;256
11;2025-12-18;6;1208
11;2025-12-18;7;2192
11;2025-12-18;8;2798
11;2025-12-18;9;2268
11;2025-12-18;10;1844
11;2025-12-18;11;1674
11;2025-12-18;12;1826
11;2025-12-18;13;1810
11;2025-12-18;14;1770
11;2025-12-18;15;1842
11;2025-12-18;16;2042
11;2025-12-18;17;2480
11;2025-12-18;18;2695
11;2025-12-18;19;2092
11;2025-12-18;20;1362
11;2025-12-18;21;850
11;2025-12-18;22;400
11;2025-12-18;23;220
11;2025-12-19;0;64
11;2025-12-19;1;0
11;2025-12-19;2;0
11;2025-12-19;3;0
11;2025-12-19;4;0
11;2025-12-19;5;245
11;2025-12-19;6;1206
11;2025-12-19;7;2096
11;2025-12-19;8;2729
11;2025-12-19;9;2135
11;2025-12-19;10;1786
11;2025-12-19;11;1700
11;2025-12-19;12;1808
11;2025-12-19;13;1750
11;2025-12-19;14;1867
11;2025-12-19;15;1985
11;2025-12-19;16;2146
11;2025-12-19;17;2585
11;2025-12-19;18;2219
11;2025-12-19;19;1883
11;2025-12-19;20;1288
11;2025-12-19;21;789
11;2025-12-19;22;415
11;2025-12-19;23;265
11;2025-12-20;0;82
11;2025-12-20;1;0
11;2025-12-20;2;0
11;2025-12-20;3;0
11;2025-12-20;4;0
11;2025-12-20;5;166
11;2025-12-20;6;705
11;2025-12-20;7;679
11;2025-12-20;8;942
11;2025-12-20;9;1083
11;2025-12-20;10;1172
11;2025-12-20;11;1434
11;2025-12-20;12;1701
11;2025-12-20;13;1558
11;2025-12-20;14;1540
11;2025-12-20;15;1545
11;2025-12-20;16;1536
11;2025-12-20;17;1627
11;2025-12-20;18;1377
11;2025-12-20;19;1306
11;2025-12-20;20;991
11;2025-12-20;21;661
11;2025-12-20;22;383
11;2025-12-20;23;269
11;2025-12-21;0;86
11;2025-12-21;1;4
11;2025-12-21;2;0
11;2025-12-21;3;0
11;2025-12-21;4;0
11;2025-12-21;5;98
11;2025-12-21;6;435
11;2025-12-21;7;487
11;2025-12-21;8;601
11;2025-12-21;9;844
11;2025-12-21;10;938
11;2025-12-21;11;1233
11;2025-12-21;12;1465
11;2025-12-21;13;1355
11;2025-12-21;14;1398
11;2025-12-21;15;1417
11;2025-12-21;16;1313
11;2025-12-21;17;1451
11;2025-12-21;18;1125
11;2025-12-21;19;932
11;2025-12-21;20;751
11;2025-12-21;21;535
11;2025-12-21;22;300
11;2025-12-21;23;214
11;2025-12-22;0;64
11;2025-12-22;1;3
11;2025-12-22;2;0
11;2025-12-22;3;0
11;2025-12-22;4;0
11;2025-12-22;5;249
11;2025-12-22;6;1199
11;2025-12-22;7;2182
11;2025-12-22;8;2785
11;2025-12-22;9;2176
11;2025-12-22;10;1684
11;2025-12-22;11;1650
11;2025-12-22;12;1605
11;2025-12-22;13;1702
11;2025-12-22;14;1728
11;2025-12-22;15;1762
11;2025-12-22;16;1929
11;2025-12-22;17;2447
11;2025-12-22;18;2628
11;2025-12-22;19;2117
11;2025-12-22;20;1358
11;2025-12-22;21;753
11;2025-12-22;22;368
11;2025-12-22;23;187
11;2025-12-23;0;53
11;2025-12-23;1;0
11;2025-12-23;2;0
11;2025-12-23;3;0
11;2025-12-23;4;0
11;2025-12-23;5;236
11;2025-12-23;6;1204
11;2025-12-23;7;2191
11;2025-12-23;8;2829
11;2025-12-23;9;2241
11;2025-12-23;10;1713
11;2025-12-23;11;1615
11;2025-12-23;12;1668
11;2025-12-23;13;1779
11;2025-12-23;14;1812
11;2025-12-23;15;1826
11;2025-12-23;16;1942
11;2025-12-23;17;2470
11;2025-12-23;18;2606
11;2025-12-23;19;2028
11;2025-12-23;20;1314
11;2025-12-23;21;785
11;2025-12-23;22;380
11;2025-12-23;23;189
11;2025-12-24;0;51
11;2025-12-24;1;0
11;2025-12-24;2;0
11;2025-12-24;3;0
11;2025-12-24;4;0
11;2025-12-24;5;241
11;2025-12-24;6;1131
11;2025-12-24;7;2182
11;2025-12-24;8;2789
11;2025-12-24;9;2168
11;2025-12-24;10;1686
11;2025-12-24;11;1641
11;2025-12-24;12;1754
11;2025-12-24;13;1780
11;2025-12-24;14;1770
11;2025-12-24;15;1768
11;2025-12-24;16;1845
11;2025-12-24;17;2424
11;2025-12-24;18;2556
11;2025-12-24;19;2071
11;2025-12-24;20;1363
11;2025-12-24;21;818
11;2025-12-24;22;364
11;2025-12-24;23;217
11;2025-12-25;0;49
11;2025-12-25;1;0
11;2025-12-25;2;0
11;2025-12-25;3;0
11;2025-12-25;4;0
11;2025-12-25;5;252
11;2025-12-25;6;1159
11;2025-12-25;7;2068
11;2025-12-25;8;2624
11;2025-12-25;9;2198
11;2025-12-25;10;1742
11;2025-12-25;11;1574
11;2025-12-25;12;1762
11;2025-12-25;13;1739
11;2025-12-25;14;1667
11;2025-12-25;15;1772
11;2025-12-25;16;2010
11;2025-12-25;17;2445
11;2025-12-25;18;2635
11;2025-12-25;19;2068
11;2025-12-25;20;1286
11;2025-12-25;21;849
11;2025-12-25;22;407
11;2025-12-25;23;214
11;2025-12-26;0;52
11;2025-12-26;1;0
11;2025-12-26;2;0
11;2025-12-26;3;0
11;2025-12-26;4;0
11;2025-12-26;5;238
11;2025-12-26;6;1156
11;2025-12-26;7;2015
11;2025-12-26;8;2579
11;2025-12-26;9;2055
11;2025-12-26;10;1688
11;2025-12-26;11;1605
11;2025-12-26;12;1723
11;2025-12-26;13;1690
11;2025-12-26;14;1760
11;2025-12-26;15;1912
11;2025-12-26;16;2097
11;2025-12-26;17;2552
11;2025-12-26;18;2198
11;2025-12-26;19;1879
11;2025-12-26;20;1234
11;2025-12-26;21;783
11;2025-12-26;22;420
11;2025-12-26;23;252
11;2025-12-27;0;73
11;2025-12-27;1;0
11;2025-12-27;2;0
11;2025-12-27;3;0
11;2025-12-27;4;0
11;2025-12-27;5;161
11;2025-12-27;6;695
11;2025-12-27;7;639
11;2025-12-27;8;899
11;2025-12-27;9;1062
11;2025-12-27;10;1114
11;2025-12-27;11;1352
11;2025-12-27;12;1645
11;2025-12-27;13;1484
11;2025-12-27;14;1450
11;2025-12-27;15;1483
11;2025-12-27;16;1518
11;2025-12-27;17;1609
11;2025-12-27;18;1375
11;2025-12-27;19;1290
11;2025-12-27;20;938
11;2025-12-27;21;656
11;2025-12-27;22;387
11;2025-12-27;23;262
11;2025-12-28;0;76
11;2025-12-28;1;0
11;2025-12-28;2;0
11;2025-12-28;3;0
11;2025-12-28;4;0
11;2025-12-28;5;95
11;2025-12-28;6;431
11;2025-12-28;7;462
11;2025-12-28;8;572
11;2025-12-28;9;826
11;2025-12-28;10;899
11;2025-12-28;11;1170
11;2025-12-28;12;1433
11;2025-12-28;13;1302
11;2025-12-28;14;1320
11;2025-12-28;15;1364
11;2025-12-28;16;1301
11;2025-12-28;17;1446
11;2025-12-28;18;1129
11;2025-12-28;19;935
11;2025-12-28;20;717
11;2025-12-28;21;533
11;2025-12-28;22;305
11;2025-12-28;23;208
11;2025-12-29;0;58
11;2025-12-29;1;0
11;2025-12-29;2;0
11;2025-12-29;3;0
11;2025-12-29;4;0
11;2025-12-29;5;248
11;2025-12-29;6;1177
11;2025-12-29;7;2043
11;2025-12-29;8;2575
11;2025-12-29;9;2093
11;2025-12-29;10;1614
11;2025-12-29;11;1567
11;2025-12-29;12;1599
11;2025-12-29;13;1633
11;2025-12-29;14;1617
11;2025-12-29;15;1686
11;2025-12-29;16;1896
11;2025-12-29;17;2430
11;2025-12-29;18;2583
11;2025-12-29;19;2117
11;2025-12-29;20;1290
11;2025-12-29;21;753
11;2025-12-29;22;377
11;2025-12-29;23;186
11;2025-12-30;0;48
11;2025-12-30;1;0
11;2025-12-30;2;0
11;2025-12-30;3;0
11;2025-12-30;4;0
11;2025-12-30;5;237
11;2025-12-30;6;1200
11;2025-12-30;7;2099
11;2025-12-30;8;2630
11;2025-12-30;9;2130
11;2025-12-30;10;1651
11;2025-12-30;11;1555
11;2025-12-30;12;1646
11;2025-12-30;13;1716
11;2025-12-30;14;1695
11;2025-12-30;15;1749
11;2025-12-30;16;1892
11;2025-12-30;17;2467
11;2025-12-30;18;2596
11;2025-12-30;19;2082
11;2025-12-30;20;1279
11;2025-12-30;21;783
11;2025-12-30;22;393
11;2025-12-30;23;190
11;2025-12-31;0;80
11;2025-12-31;1;0
11;2025-12-31;2;0
11;2025-12-31;3;0
11;2025-12-31;4;0
11;2025-12-31;5;90
11;2025-12-31;6;410
11;2025-12-31;7;444
11;2025-12-31;8;544
11;2025-12-31;9;799
11;2025-12-31;10;902
11;2025-12-31;11;1173
11;2025-12-31;12;1473
11;2025-12-31;13;1320
11;2025-12-31;14;1344
11;2025-12-31;15;1382
11;2025-12-31;16;1284
11;2025-12-31;17;1448
11;2025-12-31;18;1111
11;2025-12-31;19;918
11;2025-12-31;20;715
11;2025-12-31;21;538
11;2025-12-31;22;314
11;2025-12-31;23;210
12;2025-11-01;0;50
12;2025-11-01;1;0
12;2025-11-01;2;1
12;2025-11-01;3;1
12;2025-11-01;4;7
12;2025-11-01;5;336
12;2025-11-01;6;1435
12;2025-11-01;7;2766
12;2025-11-01;8;3648
12;2025-11-01;9;2425
12;2025-11-01;10;2035
12;2025-11-01;11;2075
12;2025-11-01;12;2102
12;2025-11-01;13;2146
12;2025-11-01;14;2065
12;2025-11-01;15;2466
12;2025-11-01;16;3234
12;2025-11-01;17;3160
12;2025-11-01;18;2727
12;2025-11-01;19;2258
12;2025-11-01;20;1596
12;2025-11-01;21;1147
12;2025-11-01;22;518
12;2025-11-01;23;315
12;2025-11-02;0;90
12;2025-11-02;1;7
12;2025-11-02;2;2
12;2025-11-02;3;3
12;2025-11-02;4;5
12;2025-11-02;5;161
12;2025-11-02;6;585
12;2025-11-02;7;737
12;2025-11-02;8;816
12;2025-11-02;9;1007
12;2025-11-02;10;1262
12;2025-11-02;11;1379
12;2025-11-02;12;1408
12;2025-11-02;13;1696
12;2025-11-02;14;1510
12;2025-11-02;15;1518
12;2025-11-02;16;1610
12;2025-11-02;17;1604
12;2025-11-02;18;1437
12;2025-11-02;19;1062
12;2025-11-02;20;822
12;2025-11-02;21;691
12;2025-11-02;22;427
12;2025-11-02;23;217
12;2025-11-03;0;94
12;2025-11-03;1;13
12;2025-11-03;2;7
12;2025-11-03;3;6
12;2025-11-03;4;10
12;2025-11-03;5;166
12;2025-11-03;6;622
12;2025-11-03;7;738
12;2025-11-03;8;852
12;2025-11-03;9;1128
12;2025-11-03;10;1375
12;2025-11-03;11;1485
12;2025-11-03;12;1592
12;2025-11-03;13;1852
12;2025-11-03;14;1618
12;2025-11-03;15;1506
12;2025-11-03;16;1684
12;2025-11-03;17;1712
12;2025-11-03;18;1454
12;2025-11-03;19;1096
12;2025-11-03;20;839
12;2025-11-03;21;677
12;2025-11-03;22;405
12;2025-11-03;23;241
12;2025-11-04;0;105
12;2025-11-04;1;14
12;2025-11-04;2;7
12;2025-11-04;3;7
12;2025-11-04;4;10
12;2025-11-04;5;178
12;2025-11-04;6;632
12;2025-11-04;7;768
12;2025-11-04;8;840
12;2025-11-04;9;1133
12;2025-11-04;10;1350
12;2025-11-04;11;1378
12;2025-11-04;12;1484
12;2025-11-04;13;1794
12;2025-11-04;14;1558
12;2025-11-04;15;1537
12;2025-11-04;16;1680
12;2025-11-04;17;1706
12;2025-11-04;18;1465
12;2025-11-04;19;1130
12;2025-11-04;20;849
12;2025-11-04;21;706
12;2025-11-04;22;405
12;2025-11-04;23;262
12;2025-11-05;0;52
12;2025-11-05;1;1
12;2025-11-05;2;1
12;2025-11-05;3;0
12;2025-11-05;4;8
12;2025-11-05;5;344
12;2025-11-05;6;1527
12;2025-11-05;7;2770
12;2025-11-05;8;3489
12;2025-11-05;9;2648
12;2025-11-05;10;2095
12;2025-11-05;11;2048
12;2025-11-05;12;2138
12;2025-11-05;13;2096
12;2025-11-05;14;2012
12;2025-11-05;15;2342
12;2025-11-05;16;2758
12;2025-11-05;17;2970
12;2025-11-05;18;3011
12;2025-11-05;19;2398
12;2025-11-05;20;1536
12;2025-11-05;21;1045
12;2025-11-05;22;472
12;2025-11-05;23;266
12;2025-11-06;0;47
12;2025-11-06;1;2
12;2025-11-06;2;1
12;2025-11-06;3;0
12;2025-11-06;4;7
12;2025-11-06;5;331
12;2025-11-06;6;1446
12;2025-11-06;7;2859
12;2025-11-06;8;3696
12;2025-11-06;9;2502
12;2025-11-06;10;2140
12;2025-11-06;11;2047
12;2025-11-06;12;2017
12;2025-11-06;13;2058
12;2025-11-06;14;1939
12;2025-11-06;15;2267
12;2025-11-06;16;2688
12;2025-11-06;17;3224
12;2025-11-06;18;3301
12;2025-11-06;19;2495
12;2025-11-06;20;1669
12;2025-11-06;21;974
12;2025-11-06;22;464
12;2025-11-06;23;270
12;2025-11-07;0;57
12;2025-11-07;1;1
12;2025-11-07;2;1
12;2025-11-07;3;0
12;2025-11-07;4;5
12;2025-11-07;5;336
12;2025-11-07;6;1420
12;2025-11-07;7;2692
12;2025-11-07;8;3519
12;2025-11-07;9;2486
12;2025-11-07;10;1961
12;2025-11-07;11;1967
12;2025-11-07;12;1965
12;2025-11-07;13;1995
12;2025-11-07;14;2056
12;2025-11-07;15;2328
12;2025-11-07;16;2916
12;2025-11-07;17;3048
12;2025-11-07;18;2496
12;2025-11-07;19;2131
12;2025-11-07;20;1455
12;2025-11-07;21;970
12;2025-11-07;22;451
12;2025-11-07;23;292
12;2025-11-08;0;81
12;2025-11-08;1;3
12;2025-11-08;2;1
12;2025-11-08;3;1
12;2025-11-08;4;4
12;2025-11-08;5;250
12;2025-11-08;6;875
12;2025-11-08;7;969
12;2025-11-08;8;1081
12;2025-11-08;9;1255
12;2025-11-08;10;1172
12;2025-11-08;11;1354
12;2025-11-08;12;1505
12;2025-11-08;13;1730
12;2025-11-08;14;1619
12;2025-11-08;15;1522
12;2025-11-08;16;1594
12;2025-11-08;17;1600
12;2025-11-08;18;1505
12;2025-11-08;19;1411
12;2025-11-08;20;1075
12;2025-11-08;21;772
12;2025-11-08;22;397
12;2025-11-08;23;301
12;2025-11-09;0;85
12;2025-11-09;1;6
12;2025-11-09;2;2
12;2025-11-09;3;2
12;2025-11-09;4;4
12;2025-11-09;5;165
12;2025-11-09;6;575
12;2025-11-09;7;722
12;2025-11-09;8;819
12;2025-11-09;9;1019
12;2025-11-09;10;1234
12;2025-11-09;11;1333
12;2025-11-09;12;1389
12;2025-11-09;13;1651
12;2025-11-09;14;1506
12;2025-11-09;15;1434
12;2025-11-09;16;1542
12;2025-11-09;17;1588
12;2025-11-09;18;1368
12;2025-11-09;19;1046
12;2025-11-09;20;805
12;2025-11-09;21;669
12;2025-11-09;22;387
12;2025-11-09;23;218
12;2025-11-10;0;62
12;2025-11-10;1;3
12;2025-11-10;2;2
12;2025-11-10;3;2
12;2025-11-10;4;9
12;2025-11-10;5;360
12;2025-11-10;6;1541
12;2025-11-10;7;2817
12;2025-11-10;8;3610
12;2025-11-10;9;2588
12;2025-11-10;10;2052
12;2025-11-10;11;1906
12;2025-11-10;12;2031
12;2025-11-10;13;2050
12;2025-11-10;14;1992
12;2025-11-10;15;2210
12;2025-11-10;16;2665
12;2025-11-10;17;3067
12;2025-11-10;18;3275
12;2025-11-10;19;2433
12;2025-11-10;20;1599
12;2025-11-10;21;1007
12;2025-11-10;22;454
12;2025-11-10;23;241
12;2025-11-11;0;51
12;2025-11-11;1;1
12;2025-11-11;2;2
12;2025-11-11;3;2
12;2025-11-11;4;8
12;2025-11-11;5;368
12;2025-11-11;6;1581
12;2025-11-11;7;2905
12;2025-11-11;8;3783
12;2025-11-11;9;2665
12;2025-11-11;10;2190
12;2025-11-11;11;2068
12;2025-11-11;12;2018
12;2025-11-11;13;2112
12;2025-11-11;14;2075
12;2025-11-11;15;2232
12;2025-11-11;16;2742
12;2025-11-11;17;3164
12;2025-11-11;18;3277
12;2025-11-11;19;2565
12;2025-11-11;20;1584
12;2025-11-11;21;1019
12;2025-11-11;22;492
12;2025-11-11;23;255
12;2025-11-12;0;50
12;2025-11-12;1;0
12;2025-11-12;2;0
12;2025-11-12;3;0
12;2025-11-12;4;6
12;2025-11-12;5;339
12;2025-11-12;6;1492
12;2025-11-12;7;2669
12;2025-11-12;8;3436
12;2025-11-12;9;2569
12;2025-11-12;10;2023
12;2025-11-12;11;1969
12;2025-11-12;12;2023
12;2025-11-12;13;2001
12;2025-11-12;14;1956
12;2025-11-12;15;2210
12;2025-11-12;16;2606
12;2025-11-12;17;2894
12;2025-11-12;18;2988
12;2025-11-12;19;2320
12;2025-11-12;20;1491
12;2025-11-12;21;1017
12;2025-11-12;22;459
12;2025-11-12;23;258
12;2025-11-13;0;46
12;2025-11-13;1;1
12;2025-11-13;2;0
12;2025-11-13;3;0
12;2025-11-13;4;6
12;2025-11-13;5;329
12;2025-11-13;6;1411
12;2025-11-13;7;2740
12;2025-11-13;8;3574
12;2025-11-13;9;2458
12;2025-11-13;10;2025
12;2025-11-13;11;1995
12;2025-11-13;12;2009
12;2025-11-13;13;1977
12;2025-11-13;14;1945
12;2025-11-13;15;2169
12;2025-11-13;16;2575
12;2025-11-13;17;3058
12;2025-11-13;18;3159
12;2025-11-13;19;2432
12;2025-11-13;20;1599
12;2025-11-13;21;963
12;2025-11-13;22;458
12;2025-11-13;23;263
12;2025-11-14;0;52
12;2025-11-14;1;0
12;2025-11-14;2;0
12;2025-11-14;3;0
12;2025-11-14;4;5
12;2025-11-14;5;323
12;2025-11-14;6;1392
12;2025-11-14;7;2616
12;2025-11-14;8;3433
12;2025-11-14;9;2359
12;2025-11-14;10;1898
12;2025-11-14;11;1909
12;2025-11-14;12;1935
12;2025-11-14;13;1953
12;2025-11-14;14;1983
12;2025-11-14;15;2281
12;2025-11-14;16;2865
12;2025-11-14;17;2867
12;2025-11-14;18;2480
12;2025-11-14;19;2089
12;2025-11-14;20;1464
12;2025-11-14;21;987
12;2025-11-14;22;469
12;2025-11-14;23;290
12;2025-11-15;0;64
12;2025-11-15;1;0
12;2025-11-15;2;0
12;2025-11-15;3;0
12;2025-11-15;4;0
12;2025-11-15;5;219
12;2025-11-15;6;783
12;2025-11-15;7;837
12;2025-11-15;8;933
12;2025-11-15;9;1077
12;2025-11-15;10;1427
12;2025-11-15;11;1342
12;2025-11-15;12;1291
12;2025-11-15;13;1489
12;2025-11-15;14;1395
12;2025-11-15;15;1327
12;2025-11-15;16;1396
12;2025-11-15;17;1350
12;2025-11-15;18;1319
12;2025-11-15;19;1207
12;2025-11-15;20;914
12;2025-11-15;21;691
12;2025-11-15;22;344
12;2025-11-15;23;247
12;2025-11-16;0;74
12;2025-11-16;1;4
12;2025-11-16;2;0
12;2025-11-16;3;1
12;2025-11-16;4;3
12;2025-11-16;5;166
12;2025-11-16;6;442
12;2025-11-16;7;492
12;2025-11-16;8;768
12;2025-11-16;9;941
12;2025-11-16;10;1191
12;2025-11-16;11;1290
12;2025-11-16;12;1306
12;2025-11-16;13;1596
12;2025-11-16;14;1421
12;2025-11-16;15;1408
12;2025-11-16;16;1492
12;2025-11-16;17;1412
12;2025-11-16;18;1278
12;2025-11-16;19;961
12;2025-11-16;20;755
12;2025-11-16;21;660
12;2025-11-16;22;373
12;2025-11-16;23;198
12;2025-11-17;0;56
12;2025-11-17;1;2
12;2025-11-17;2;0
12;2025-11-17;3;1
12;2025-11-17;4;6
12;2025-11-17;5;352
12;2025-11-17;6;1482
12;2025-11-17;7;2674
12;2025-11-17;8;3494
12;2025-11-17;9;2427
12;2025-11-17;10;1992
12;2025-11-17;11;1848
12;2025-11-17;12;1953
12;2025-11-17;13;2005
12;2025-11-17;14;1904
12;2025-11-17;15;2202
12;2025-11-17;16;2617
12;2025-11-17;17;2822
12;2025-11-17;18;3125
12;2025-11-17;19;2252
12;2025-11-17;20;1553
12;2025-11-17;21;1015
12;2025-11-17;22;438
12;2025-11-17;23;230
12;2025-11-18;0;41
12;2025-11-18;1;0
12;2025-11-18;2;0
12;2025-11-18;3;0
12;2025-11-18;4;4
12;2025-11-18;5;334
12;2025-11-18;6;1423
12;2025-11-18;7;2565
12;2025-11-18;8;3404
12;2025-11-18;9;2336
12;2025-11-18;10;1997
12;2025-11-18;11;1893
12;2025-11-18;12;1840
12;2025-11-18;13;1945
12;2025-11-18;14;1864
12;2025-11-18;15;2082
12;2025-11-18;16;2522
12;2025-11-18;17;2714
12;2025-11-18;18;2959
12;2025-11-18;19;2205
12;2025-11-18;20;1458
12;2025-11-18;21;960
12;2025-11-18;22;445
12;2025-11-18;23;224
12;2025-11-19;0;50
12;2025-11-19;1;0
12;2025-11-19;2;0
12;2025-11-19;3;1
12;2025-11-19;4;6
12;2025-11-19;5;355
12;2025-11-19;6;1528
12;2025-11-19;7;2622
12;2025-11-19;8;3435
12;2025-11-19;9;2511
12;2025-11-19;10;2071
12;2025-11-19;11;2015
12;2025-11-19;12;2014
12;2025-11-19;13;2060
12;2025-11-19;14;1962
12;2025-11-19;15;2271
12;2025-11-19;16;2661
12;2025-11-19;17;2821
12;2025-11-19;18;3016
12;2025-11-19;19;2301
12;2025-11-19;20;1499
12;2025-11-19;21;1063
12;2025-11-19;22;481
12;2025-11-19;23;256
12;2025-11-20;0;45
12;2025-11-20;1;0
12;2025-11-20;2;0
12;2025-11-20;3;0
12;2025-11-20;4;6
12;2025-11-20;5;337
12;2025-11-20;6;1414
12;2025-11-20;7;2632
12;2025-11-20;8;3490
12;2025-11-20;9;2357
12;2025-11-20;10;2017
12;2025-11-20;11;1986
12;2025-11-20;12;1989
12;2025-11-20;13;2012
12;2025-11-20;14;1938
12;2025-11-20;15;2223
12;2025-11-20;16;2603
12;2025-11-20;17;2870
12;2025-11-20;18;3074
12;2025-11-20;19;2322
12;2025-11-20;20;1561
12;2025-11-20;21;997
12;2025-11-20;22;468
12;2025-11-20;23;255
12;2025-11-21;0;52
12;2025-11-21;1;0
12;2025-11-21;2;0
12;2025-11-21;3;1
12;2025-11-21;4;6
12;2025-11-21;5;331
12;2025-11-21;6;1438
12;2025-11-21;7;2603
12;2025-11-21;8;3430
12;2025-11-21;9;2324
12;2025-11-21;10;1921
12;2025-11-21;11;1970
12;2025-11-21;12;1959
12;2025-11-21;13;2002
12;2025-11-21;14;2013
12;2025-11-21;15;2337
12;2025-11-21;16;2920
12;2025-11-21;17;2817
12;2025-11-21;18;2530
12;2025-11-21;19;2109
12;2025-11-21;20;1471
12;2025-11-21;21;1040
12;2025-11-21;22;496
12;2025-11-21;23;290
12;2025-11-22;0;77
12;2025-11-22;1;3
12;2025-11-22;2;2
12;2025-11-22;3;3
12;2025-11-22;4;4
12;2025-11-22;5;259
12;2025-11-22;6;900
12;2025-11-22;7;953
12;2025-11-22;8;1075
12;2025-11-22;9;1223
12;2025-11-22;10;1515
12;2025-11-22;11;1490
12;2025-11-22;12;1478
12;2025-11-22;13;1727
12;2025-11-22;14;1621
12;2025-11-22;15;1546
12;2025-11-22;16;1589
12;2025-11-22;17;1525
12;2025-11-22;18;1491
12;2025-11-22;19;1368
12;2025-11-22;20;1049
12;2025-11-22;21;794
12;2025-11-22;22;406
12;2025-11-22;23;285
12;2025-11-23;0;79
12;2025-11-23;1;5
12;2025-11-23;2;1
12;2025-11-23;3;2
12;2025-11-23;4;4
12;2025-11-23;5;174
12;2025-11-23;6;579
12;2025-11-23;7;690
12;2025-11-23;8;805
12;2025-11-23;9;988
12;2025-11-23;10;1237
12;2025-11-23;11;1340
12;2025-11-23;12;1360
12;2025-11-23;13;1659
12;2025-11-23;14;1485
12;2025-11-23;15;1441
12;2025-11-23;16;1538
12;2025-11-23;17;1496
12;2025-11-23;18;1325
12;2025-11-23;19;1008
12;2025-11-23;20;783
12;2025-11-23;21;688
12;2025-11-23;22;383
12;2025-11-23;23;209
12;2025-11-24;0;58
12;2025-11-24;1;1
12;2025-11-24;2;1
12;2025-11-24;3;0
12;2025-11-24;4;5
12;2025-11-24;5;342
12;2025-11-24;6;1461
12;2025-11-24;7;2756
12;2025-11-24;8;3550
12;2025-11-24;9;2492
12;2025-11-24;10;1944
12;2025-11-24;11;1802
12;2025-11-24;12;1942
12;2025-11-24;13;1932
12;2025-11-24;14;1903
12;2025-11-24;15;2112
12;2025-11-24;16;2535
12;2025-11-24;17;2933
12;2025-11-24;18;3150
12;2025-11-24;19;2283
12;2025-11-24;20;1562
12;2025-11-24;21;987
12;2025-11-24;22;414
12;2025-11-24;23;234
12;2025-11-25;0;45
12;2025-11-25;1;0
12;2025-11-25;2;0
12;2025-11-25;3;0
12;2025-11-25;4;4
12;2025-11-25;5;333
12;2025-11-25;6;1438
12;2025-11-25;7;2702
12;2025-11-25;8;3571
12;2025-11-25;9;2488
12;2025-11-25;10;1995
12;2025-11-25;11;1913
12;2025-11-25;12;1901
12;2025-11-25;13;1930
12;2025-11-25;14;1945
12;2025-11-25;15;2032
12;2025-11-25;16;2493
12;2025-11-25;17;2949
12;2025-11-25;18;3029
12;2025-11-25;19;2357
12;2025-11-25;20;1482
12;2025-11-25;21;943
12;2025-11-25;22;441
12;2025-11-25;23;233
12;2025-11-26;0;49
12;2025-11-26;1;0
12;2025-11-26;2;0
12;2025-11-26;3;0
12;2025-11-26;4;4
12;2025-11-26;5;332
12;2025-11-26;6;1475
12;2025-11-26;7;2640
12;2025-11-26;8;3400
12;2025-11-26;9;2539
12;2025-11-26;10;1944
12;2025-11-26;11;1901
12;2025-11-26;12;1936
12;2025-11-26;13;1901
12;2025-11-26;14;1921
12;2025-11-26;15;2060
12;2025-11-26;16;2457
12;2025-11-26;17;2914
12;2025-11-26;18;2966
12;2025-11-26;19;2297
12;2025-11-26;20;1445
12;2025-11-26;21;987
12;2025-11-26;22;435
12;2025-11-26;23;252
12;2025-11-27;0;45
12;2025-11-27;1;0
12;2025-11-27;2;0
12;2025-11-27;3;0
12;2025-11-27;4;5
12;2025-11-27;5;329
12;2025-11-27;6;1397
12;2025-11-27;7;2716
12;2025-11-27;8;3557
12;2025-11-27;9;2436
12;2025-11-27;10;1980
12;2025-11-27;11;1959
12;2025-11-27;12;2002
12;2025-11-27;13;1947
12;2025-11-27;14;1958
12;2025-11-27;15;2141
12;2025-11-27;16;2526
12;2025-11-27;17;2989
12;2025-11-27;18;3093
12;2025-11-27;19;2353
12;2025-11-27;20;1573
12;2025-11-27;21;968
12;2025-11-27;22;445
12;2025-11-27;23;260
12;2025-11-28;0;51
12;2025-11-28;1;0
12;2025-11-28;2;0
12;2025-11-28;3;0
12;2025-11-28;4;5
12;2025-11-28;5;318
12;2025-11-28;6;1405
12;2025-11-28;7;2650
12;2025-11-28;8;3471
12;2025-11-28;9;2358
12;2025-11-28;10;1871
12;2025-11-28;11;1906
12;2025-11-28;12;1943
12;2025-11-28;13;1928
12;2025-11-28;14;2009
12;2025-11-28;15;2244
12;2025-11-28;16;2815
12;2025-11-28;17;2887
12;2025-11-28;18;2517
12;2025-11-28;19;2106
12;2025-11-28;20;1472
12;2025-11-28;21;1009
12;2025-11-28;22;474
12;2025-11-28;23;293
12;2025-11-29;0;77
12;2025-11-29;1;3
12;2025-11-29;2;1
12;2025-11-29;3;1
12;2025-11-29;4;4
12;2025-11-29;5;250
12;2025-11-29;6;876
12;2025-11-29;7;956
12;2025-11-29;8;1076
12;2025-11-29;9;1238
12;2025-11-29;10;1481
12;2025-11-29;11;1448
12;2025-11-29;12;1474
12;2025-11-29;13;1682
12;2025-11-29;14;1621
12;2025-11-29;15;1511
12;2025-11-29;16;1545
12;2025-11-29;17;1533
12;2025-11-29;18;1473
12;2025-11-29;19;1362
12;2025-11-29;20;1046
12;2025-11-29;21;760
12;2025-11-29;22;394
12;2025-11-29;23;288
12;2025-11-30;0;79
12;2025-11-30;1;5
12;2025-11-30;2;1
12;2025-11-30;3;1
12;2025-11-30;4;3
12;2025-11-30;5;166
12;2025-11-30;6;554
12;2025-11-30;7;678
12;2025-11-30;8;792
12;2025-11-30;9;992
12;2025-11-30;10;1190
12;2025-11-30;11;1284
12;2025-11-30;12;1336
12;2025-11-30;13;1584
12;2025-11-30;14;1464
12;2025-11-30;15;1364
12;2025-11-30;16;1465
12;2025-11-30;17;1508
12;2025-11-30;18;1292
12;2025-11-30;19;998
12;2025-11-30;20;768
12;2025-11-30;21;649
12;2025-11-30;22;360
12;2025-11-30;23;209
12;2025-12-01;0;58
12;2025-12-01;1;1
12;2025-12-01;2;0
12;2025-12-01;3;0
12;2025-12-01;4;5
12;2025-12-01;5;336
12;2025-12-01;6;1429
12;2025-12-01;7;2682
12;2025-12-01;8;3454
12;2025-12-01;9;2462
12;2025-12-01;10;1887
12;2025-12-01;11;1758
12;2025-12-01;12;1906
12;2025-12-01;13;1879
12;2025-12-01;14;1874
12;2025-12-01;15;2049
12;2025-12-01;16;2457
12;2025-12-01;17;2902
12;2025-12-01;18;3075
12;2025-12-01;19;2293
12;2025-12-01;20;1517
12;2025-12-01;21;954
12;2025-12-01;22;414
12;2025-12-01;23;229
12;2025-12-02;0;44
12;2025-12-02;1;0
12;2025-12-02;2;0
12;2025-12-02;3;0
12;2025-12-02;4;4
12;2025-12-02;5;327
12;2025-12-02;6;1421
12;2025-12-02;7;2668
12;2025-12-02;8;3541
12;2025-12-02;9;2468
12;2025-12-02;10;1975
12;2025-12-02;11;1904
12;2025-12-02;12;1894
12;2025-12-02;13;1912
12;2025-12-02;14;1937
12;2025-12-02;15;2013
12;2025-12-02;16;2475
12;2025-12-02;17;2923
12;2025-12-02;18;3006
12;2025-12-02;19;2335
12;2025-12-02;20;1469
12;2025-12-02;21;932
12;2025-12-02;22;437
12;2025-12-02;23;230
12;2025-12-03;0;49
12;2025-12-03;1;0
12;2025-12-03;2;0
12;2025-12-03;3;0
12;2025-12-03;4;5
12;2025-12-03;5;336
12;2025-12-03;6;1466
12;2025-12-03;7;2582
12;2025-12-03;8;3372
12;2025-12-03;9;2520
12;2025-12-03;10;1965
12;2025-12-03;11;1917
12;2025-12-03;12;1950
12;2025-12-03;13;1925
12;2025-12-03;14;1945
12;2025-12-03;15;2105
12;2025-12-03;16;2475
12;2025-12-03;17;2858
12;2025-12-03;18;2954
12;2025-12-03;19;2272
12;2025-12-03;20;1447
12;2025-12-03;21;993
12;2025-12-03;22;450
12;2025-12-03;23;250
12;2025-12-04;0;45
12;2025-12-04;1;0
12;2025-12-04;2;0
12;2025-12-04;3;0
12;2025-12-04;4;5
12;2025-12-04;5;325
12;2025-12-04;6;1378
12;2025-12-04;7;2654
12;2025-12-04;8;3485
12;2025-12-04;9;2414
12;2025-12-04;10;1944
12;2025-12-04;11;1941
12;2025-12-04;12;1988
12;2025-12-04;13;1917
12;2025-12-04;14;1946
12;2025-12-04;15;2106
12;2025-12-04;16;2484
12;2025-12-04;17;2955
12;2025-12-04;18;3049
12;2025-12-04;19;2354
12;2025-12-04;20;1543
12;2025-12-04;21;949
12;2025-12-04;22;447
12;2025-12-04;23;257
12;2025-12-05;0;49
12;2025-12-05;1;0
12;2025-12-05;2;0
12;2025-12-05;3;0
12;2025-12-05;4;4
12;2025-12-05;5;310
12;2025-12-05;6;1374
12;2025-12-05;7;2568
12;2025-12-05;8;3377
12;2025-12-05;9;2309
12;2025-12-05;10;1824
12;2025-12-05;11;1869
12;2025-12-05;12;1911
12;2025-12-05;13;1883
12;2025-12-05;14;1975
12;2025-12-05;15;2195
12;2025-12-05;16;2754
12;2025-12-05;17;2819
12;2025-12-05;18;2465
12;2025-12-05;19;2077
12;2025-12-05;20;1437
12;2025-12-05;21;987
12;2025-12-05;22;471
12;2025-12-05;23;286
12;2025-12-06;0;73
12;2025-12-06;1;1
12;2025-12-06;2;0
12;2025-12-06;3;0
12;2025-12-06;4;2
12;2025-12-06;5;235
12;2025-12-06;6;833
12;2025-12-06;7;904
12;2025-12-06;8;1016
12;2025-12-06;9;1180
12;2025-12-06;10;1381
12;2025-12-06;11;1364
12;2025-12-06;12;1403
12;2025-12-06;13;1587
12;2025-12-06;14;1534
12;2025-12-06;15;1425
12;2025-12-06;16;1464
12;2025-12-06;17;1454
12;2025-12-06;18;1400
12;2025-12-06;19;1306
12;2025-12-06;20;994
12;2025-12-06;21;713
12;2025-12-06;22;376
12;2025-12-06;23;273
12;2025-12-07;0;72
12;2025-12-07;1;3
12;2025-12-07;2;0
12;2025-12-07;3;0
12;2025-12-07;4;1
12;2025-12-07;5;154
12;2025-12-07;6;521
12;2025-12-07;7;633
12;2025-12-07;8;737
12;2025-12-07;9;929
12;2025-12-07;10;1114
12;2025-12-07;11;1202
12;2025-12-07;12;1259
12;2025-12-07;13;1484
12;2025-12-07;14;1373
12;2025-12-07;15;1281
12;2025-12-07;16;1375
12;2025-12-07;17;1399
12;2025-12-07;18;1209
12;2025-12-07;19;933
12;2025-12-07;20;722
12;2025-12-07;21;606
12;2025-12-07;22;340
12;2025-12-07;23;194
12;2025-12-08;0;55
12;2025-12-08;1;0
12;2025-12-08;2;0
12;2025-12-08;3;0
12;2025-12-08;4;3
12;2025-12-08;5;321
12;2025-12-08;6;1367
12;2025-12-08;7;2569
12;2025-12-08;8;3322
12;2025-12-08;9;2364
12;2025-12-08;10;1818
12;2025-12-08;11;1691
12;2025-12-08;12;1842
12;2025-12-08;13;1813
12;2025-12-08;14;1806
12;2025-12-08;15;1983
12;2025-12-08;16;2370
12;2025-12-08;17;2771
12;2025-12-08;18;2955
12;2025-12-08;19;2185
12;2025-12-08;20;1466
12;2025-12-08;21;921
12;2025-12-08;22;397
12;2025-12-08;23;220
12;2025-12-09;0;42
12;2025-12-09;1;0
12;2025-12-09;2;0
12;2025-12-09;3;0
12;2025-12-09;4;3
12;2025-12-09;5;317
12;2025-12-09;6;1373
12;2025-12-09;7;2586
12;2025-12-09;8;3456
12;2025-12-09;9;2392
12;2025-12-09;10;1939
12;2025-12-09;11;1857
12;2025-12-09;12;1861
12;2025-12-09;13;1881
12;2025-12-09;14;1885
12;2025-12-09;15;1993
12;2025-12-09;16;2438
12;2025-12-09;17;2804
12;2025-12-09;18;2921
12;2025-12-09;19;2243
12;2025-12-09;20;1448
12;2025-12-09;21;915
12;2025-12-09;22;429
12;2025-12-09;23;225
12;2025-12-10;0;45
12;2025-12-10;1;0
12;2025-12-10;2;0
12;2025-12-10;3;0
12;2025-12-10;4;3
12;2025-12-10;5;319
12;2025-12-10;6;1411
12;2025-12-10;7;2504
12;2025-12-10;8;3272
12;2025-12-10;9;2446
12;2025-12-10;10;1890
12;2025-12-10;11;1841
12;2025-12-10;12;1888
12;2025-12-10;13;1849
12;2025-12-10;14;1868
12;2025-12-10;15;2022
12;2025-12-10;16;2386
12;2025-12-10;17;2762
12;2025-12-10;18;2862
12;2025-12-10;19;2189
12;2025-12-10;20;1404
12;2025-12-10;21;956
12;2025-12-10;22;429
12;2025-12-10;23;242
12;2025-12-11;0;40
12;2025-12-11;1;0
12;2025-12-11;2;0
12;2025-12-11;3;0
12;2025-12-11;4;2
12;2025-12-11;5;306
12;2025-12-11;6;1303
12;2025-12-11;7;2512
12;2025-12-11;8;3307
12;2025-12-11;9;2292
12;2025-12-11;10;1854
12;2025-12-11;11;1841
12;2025-12-11;12;1902
12;2025-12-11;13;1822
12;2025-12-11;14;1847
12;2025-12-11;15;2016
12;2025-12-11;16;2370
12;2025-12-11;17;2770
12;2025-12-11;18;2903
12;2025-12-11;19;2206
12;2025-12-11;20;1486
12;2025-12-11;21;907
12;2025-12-11;22;424
12;2025-12-11;23;243
12;2025-12-12;0;44
12;2025-12-12;1;0
12;2025-12-12;2;0
12;2025-12-12;3;0
12;2025-12-12;4;1
12;2025-12-12;5;292
12;2025-12-12;6;1301
12;2025-12-12;7;2438
12;2025-12-12;8;3210
12;2025-12-12;9;2194
12;2025-12-12;10;1738
12;2025-12-12;11;1770
12;2025-12-12;12;1827
12;2025-12-12;13;1790
12;2025-12-12;14;1868
12;2025-12-12;15;2096
12;2025-12-12;16;2625
12;2025-12-12;17;2651
12;2025-12-12;18;2356
12;2025-12-12;19;1959
12;2025-12-12;20;1386
12;2025-12-12;21;942
12;2025-12-12;22;447
12;2025-12-12;23;271
12;2025-12-13;0;63
12;2025-12-13;1;0
12;2025-12-13;2;0
12;2025-12-13;3;0
12;2025-12-13;4;0
12;2025-12-13;5;212
12;2025-12-13;6;761
12;2025-12-13;7;830
12;2025-12-13;8;938
12;2025-12-13;9;1079
12;2025-12-13;10;1274
12;2025-12-13;11;1250
12;2025-12-13;12;1292
12;2025-12-13;13;1456
12;2025-12-13;14;1390
12;2025-12-13;15;1324
12;2025-12-13;16;1358
12;2025-12-13;17;1311
12;2025-12-13;18;1292
12;2025-12-13;19;1188
12;2025-12-13;20;923
12;2025-12-13;21;656
12;2025-12-13;22;344
12;2025-12-13;23;247
12;2025-12-14;0;64
12;2025-12-14;1;0
12;2025-12-14;2;0
12;2025-12-14;3;0
12;2025-12-14;4;0
12;2025-12-14;5;142
12;2025-12-14;6;484
12;2025-12-14;7;586
12;2025-12-14;8;691
12;2025-12-14;9;871
12;2025-12-14;10;1045
12;2025-12-14;11;1126
12;2025-12-14;12;1187
12;2025-12-14;13;1387
12;2025-12-14;14;1282
12;2025-12-14;15;1206
12;2025-12-14;16;1291
12;2025-12-14;17;1296
12;2025-12-14;18;1136
12;2025-12-14;19;869
12;2025-12-14;20;680
12;2025-12-14;21;568
12;2025-12-14;22;318
12;2025-12-14;23;180
12;2025-12-15;0;52
12;2025-12-15;1;0
12;2025-12-15;2;0
12;2025-12-15;3;0
12;2025-12-15;4;2
12;2025-12-15;5;309
12;2025-12-15;6;1323
12;2025-12-15;7;2477
12;2025-12-15;8;3219
12;2025-12-15;9;2305
12;2025-12-15;10;1761
12;2025-12-15;11;1650
12;2025-12-15;12;1802
12;2025-12-15;13;1751
12;2025-12-15;14;1775
12;2025-12-15;15;1920
12;2025-12-15;16;2284
12;2025-12-15;17;2694
12;2025-12-15;18;2880
12;2025-12-15;19;2112
12;2025-12-15;20;1417
12;2025-12-15;21;893
12;2025-12-15;22;384
12;2025-12-15;23;212
12;2025-12-16;0;42
12;2025-12-16;1;0
12;2025-12-16;2;0
12;2025-12-16;3;0
12;2025-12-16;4;2
12;2025-12-16;5;310
12;2025-12-16;6;1355
12;2025-12-16;7;2542
12;2025-12-16;8;3391
12;2025-12-16;9;2374
12;2025-12-16;10;1897
12;2025-12-16;11;1830
12;2025-12-16;12;1840
12;2025-12-16;13;1835
12;2025-12-16;14;1864
12;2025-12-16;15;1938
12;2025-12-16;16;2380
12;2025-12-16;17;2787
12;2025-12-16;18;2896
12;2025-12-16;19;2227
12;2025-12-16;20;1424
12;2025-12-16;21;895
12;2025-12-16;22;421
12;2025-12-16;23;221
12;2025-12-17;0;44
12;2025-12-17;1;0
12;2025-12-17;2;0
12;2025-12-17;3;0
12;2025-12-17;4;2
12;2025-12-17;5;317
12;2025-12-17;6;1390
12;2025-12-17;7;2447
12;2025-12-17;8;3210
12;2025-12-17;9;2410
12;2025-12-17;10;1875
12;2025-12-17;11;1822
12;2025-12-17;12;1875
12;2025-12-17;13;1832
12;2025-12-17;14;1850
12;2025-12-17;15;2011
12;2025-12-17;16;2360
12;2025-12-17;17;2705
12;2025-12-17;18;2832
12;2025-12-17;19;2160
12;2025-12-17;20;1394
12;2025-12-17;21;945
12;2025-12-17;22;432
12;2025-12-17;23;239
12;2025-12-18;0;41
12;2025-12-18;1;0
12;2025-12-18;2;0
12;2025-12-18;3;0
12;2025-12-18;4;2
12;2025-12-18;5;306
12;2025-12-18;6;1302
12;2025-12-18;7;2497
12;2025-12-18;8;3292
12;2025-12-18;9;2302
12;2025-12-18;10;1847
12;2025-12-18;11;1844
12;2025-12-18;12;1912
12;2025-12-18;13;1817
12;2025-12-18;14;1852
12;2025-12-18;15;2007
12;2025-12-18;16;2362
12;2025-12-18;17;2780
12;2025-12-18;18;2910
12;2025-12-18;19;2230
12;2025-12-18;20;1482
12;2025-12-18;21;901
12;2025-12-18;22;429
12;2025-12-18;23;244
12;2025-12-19;0;45
12;2025-12-19;1;0
12;2025-12-19;2;0
12;2025-12-19;3;0
12;2025-12-19;4;1
12;2025-12-19;5;293
12;2025-12-19;6;1303
12;2025-12-19;7;2417
12;2025-12-19;8;3190
12;2025-12-19;9;2205
12;2025-12-19;10;1734
12;2025-12-19;11;1778
12;2025-12-19;12;1838
12;2025-12-19;13;1784
12;2025-12-19;14;1883
12;2025-12-19;15;2088
12;2025-12-19;16;2612
12;2025-12-19;17;2661
12;2025-12-19;18;2367
12;2025-12-19;19;1976
12;2025-12-19;20;1382
12;2025-12-19;21;938
12;2025-12-19;22;453
12;2025-12-19;23;271
12;2025-12-20;0;66
12;2025-12-20;1;0
12;2025-12-20;2;0
12;2025-12-20;3;0
12;2025-12-20;4;0
12;2025-12-20;5;211
12;2025-12-20;6;767
12;2025-12-20;7;820
12;2025-12-20;8;928
12;2025-12-20;9;1102
12;2025-12-20;10;1264
12;2025-12-20;11;1253
12;2025-12-20;12;1313
12;2025-12-20;13;1452
12;2025-12-20;14;1400
12;2025-12-20;15;1308
12;2025-12-20;16;1352
12;2025-12-20;17;1328
12;2025-12-20;18;1310
12;2025-12-20;19;1217
12;2025-12-20;20;921
12;2025-12-20;21;657
12;2025-12-20;22;354
12;2025-12-20;23;250
12;2025-12-21;0;65
12;2025-12-21;1;0
12;2025-12-21;2;0
12;2025-12-21;3;0
12;2025-12-21;4;0
12;2025-12-21;5;139
12;2025-12-21;6;483
12;2025-12-21;7;578
12;2025-12-21;8;679
12;2025-12-21;9;877
12;2025-12-21;10;1030
12;2025-12-21;11;1113
12;2025-12-21;12;1191
12;2025-12-21;13;1374
12;2025-12-21;14;1265
12;2025-12-21;15;1188
12;2025-12-21;16;1282
12;2025-12-21;17;1290
12;2025-12-21;18;1139
12;2025-12-21;19;878
12;2025-12-21;20;676
12;2025-12-21;21;564
12;2025-12-21;22;323
12;2025-12-21;23;180
12;2025-12-22;0;51
12;2025-12-22;1;0
12;2025-12-22;2;0
12;2025-12-22;3;0
12;2025-12-22;4;1
12;2025-12-22;5;300
12;2025-12-22;6;1297
12;2025-12-22;7;2421
12;2025-12-22;8;3158
12;2025-12-22;9;2277
12;2025-12-22;10;1735
12;2025-12-22;11;1609
12;2025-12-22;12;1786
12;2025-12-22;13;1736
12;2025-12-22;14;1721
12;2025-12-22;15;1902
12;2025-12-22;16;2273
12;2025-12-22;17;2614
12;2025-12-22;18;2838
12;2025-12-22;19;2074
12;2025-12-22;20;1408
12;2025-12-22;21;889
12;2025-12-22;22;385
12;2025-12-22;23;210
12;2025-12-23;0;39
12;2025-12-23;1;0
12;2025-12-23;2;0
12;2025-12-23;3;0
12;2025-12-23;4;0
12;2025-12-23;5;301
12;2025-12-23;6;1316
12;2025-12-23;7;2443
12;2025-12-23;8;3302
12;2025-12-23;9;2328
12;2025-12-23;10;1866
12;2025-12-23;11;1795
12;2025-12-23;12;1830
12;2025-12-23;13;1814
12;2025-12-23;14;1829
12;2025-12-23;15;1928
12;2025-12-23;16;2350
12;2025-12-23;17;2676
12;2025-12-23;18;2844
12;2025-12-23;19;2150
12;2025-12-23;20;1401
12;2025-12-23;21;888
12;2025-12-23;22;421
12;2025-12-23;23;216
12;2025-12-24;0;42
12;2025-12-24;1;0
12;2025-12-24;2;0
12;2025-12-24;3;0
12;2025-12-24;4;0
12;2025-12-24;5;304
12;2025-12-24;6;1353
12;2025-12-24;7;2370
12;2025-12-24;8;3138
12;2025-12-24;9;2390
12;2025-12-24;10;1828
12;2025-12-24;11;1784
12;2025-12-24;12;1865
12;2025-12-24;13;1790
12;2025-12-24;14;1821
12;2025-12-24;15;1967
12;2025-12-24;16;2308
12;2025-12-24;17;2641
12;2025-12-24;18;2799
12;2025-12-24;19;2105
12;2025-12-24;20;1362
12;2025-12-24;21;930
12;2025-12-24;22;424
12;2025-12-24;23;233
12;2025-12-25;0;38
12;2025-12-25;1;0
12;2025-12-25;2;0
12;2025-12-25;3;0
12;2025-12-25;4;0
12;2025-12-25;5;290
12;2025-12-25;6;1237
12;2025-12-25;7;2361
12;2025-12-25;8;3082
12;2025-12-25;9;2257
12;2025-12-25;10;1749
12;2025-12-25;11;1773
12;2025-12-25;12;1870
12;2025-12-25;13;1722
12;2025-12-25;14;1778
12;2025-12-25;15;1901
12;2025-12-25;16;2263
12;2025-12-25;17;2720
12;2025-12-25;18;2874
12;2025-12-25;19;2247
12;2025-12-25;20;1449
12;2025-12-25;21;844
12;2025-12-25;22;431
12;2025-12-25;23;236
12;2025-12-26;0;38
12;2025-12-26;1;0
12;2025-12-26;2;0
12;2025-12-26;3;0
12;2025-12-26;4;0
12;2025-12-26;5;271
12;2025-12-26;6;1238
12;2025-12-26;7;2314
12;2025-12-26;8;3016
12;2025-12-26;9;2154
12;2025-12-26;10;1648
12;2025-12-26;11;1711
12;2025-12-26;12;1795
12;2025-12-26;13;1702
12;2025-12-26;14;1793
12;2025-12-26;15;1995
12;2025-12-26;16;2548
12;2025-12-26;17;2609
12;2025-12-26;18;2353
12;2025-12-26;19;2001
12;2025-12-26;20;1361
12;2025-12-26;21;873
12;2025-12-26;22;448
12;2025-12-26;23;259
12;2025-12-27;0;61
12;2025-12-27;1;0
12;2025-12-27;2;0
12;2025-12-27;3;0
12;2025-12-27;4;0
12;2025-12-27;5;202
12;2025-12-27;6;726
12;2025-12-27;7;786
12;2025-12-27;8;882
12;2025-12-27;9;1077
12;2025-12-27;10;1211
12;2025-12-27;11;1216
12;2025-12-27;12;1283
12;2025-12-27;13;1379
12;2025-12-27;14;1362
12;2025-12-27;15;1257
12;2025-12-27;16;1304
12;2025-12-27;17;1308
12;2025-12-27;18;1302
12;2025-12-27;19;1232
12;2025-12-27;20;908
12;2025-12-27;21;607
12;2025-12-27;22;356
12;2025-12-27;23;238
12;2025-12-28;0;61
12;2025-12-28;1;0
12;2025-12-28;2;0
12;2025-12-28;3;0
12;2025-12-28;4;0
12;2025-12-28;5;132
12;2025-12-28;6;462
12;2025-12-28;7;557
12;2025-12-28;8;647
12;2025-12-28;9;864
12;2025-12-28;10;989
12;2025-12-28;11;1086
12;2025-12-28;12;1166
12;2025-12-28;13;1305
12;2025-12-28;14;1233
12;2025-12-28;15;1139
12;2025-12-28;16;1240
12;2025-12-28;17;1282
12;2025-12-28;18;1142
12;2025-12-28;19;901
12;2025-12-28;20;671
12;2025-12-28;21;522
12;2025-12-28;22;323
12;2025-12-28;23;171
12;2025-12-29;0;51
12;2025-12-29;1;0
12;2025-12-29;2;0
12;2025-12-29;3;0
12;2025-12-29;4;0
12;2025-12-29;5;290
12;2025-12-29;6;1243
12;2025-12-29;7;2310
12;2025-12-29;8;2958
12;2025-12-29;9;2238
12;2025-12-29;10;1644
12;2025-12-29;11;1561
12;2025-12-29;12;1743
12;2025-12-29;13;1631
12;2025-12-29;14;1673
12;2025-12-29;15;1783
12;2025-12-29;16;2153
12;2025-12-29;17;2606
12;2025-12-29;18;2817
12;2025-12-29;19;2130
12;2025-12-29;20;1378
12;2025-12-29;21;822
12;2025-12-29;22;385
12;2025-12-29;23;205
12;2025-12-30;0;39
12;2025-12-30;1;0
12;2025-12-30;2;0
12;2025-12-30;3;0
12;2025-12-30;4;0
12;2025-12-30;5;290
12;2025-12-30;6;1274
12;2025-12-30;7;2384
12;2025-12-30;8;3127
12;2025-12-30;9;2302
12;2025-12-30;10;1773
12;2025-12-30;11;1733
12;2025-12-30;12;1782
12;2025-12-30;13;1717
12;2025-12-30;14;1754
12;2025-12-30;15;1812
12;2025-12-30;16;2266
12;2025-12-30;17;2701
12;2025-12-30;18;2842
12;2025-12-30;19;2255
12;2025-12-30;20;1395
12;2025-12-30;21;821
12;2025-12-30;22;420
12;2025-12-30;23;214
12;2025-12-31;0;65
12;2025-12-31;1;0
12;2025-12-31;2;0
12;2025-12-31;3;0
12;2025-12-31;4;0
12;2025-12-31;5;123
12;2025-12-31;6;453
12;2025-12-31;7;531
12;2025-12-31;8;618
12;2025-12-31;9;839
12;2025-12-31;10;986
12;2025-12-31;11;1098
12;2025-12-31;12;1187
12;2025-12-31;13;1339
12;2025-12-31;14;1244
12;2025-12-31;15;1149
12;2025-12-31;16;1269
12;2025-12-31;17;1262
12;2025-12-31;18;1131
12;2025-12-31;19;889
12;2025-12-31;20;665
12;2025-12-31;21;524
12;2025-12-31;22;328
12;2025-12-31;23;170
17;2025-11-01;0;150
17;2025-11-01;1;16
17;2025-11-01;2;2
17;2025-11-01;3;1
17;2025-11-01;4;28
17;2025-11-01;5;328
17;2025-11-01;6;1622
17;2025-11-01;7;4317
17;2025-11-01;8;5606
17;2025-11-01;9;4123
17;2025-11-01;10;3237
17;2025-11-01;11;3261
17;2025-11-01;12;3298
17;2025-11-01;13;3488
17;2025-11-01;14;3418
17;2025-11-01;15;3675
17;2025-11-01;16;4483
17;2025-11-01;17;4873
17;2025-11-01;18;4132
17;2025-11-01;19;3177
17;2025-11-01;20;2328
17;2025-11-01;21;1543
17;2025-11-01;22;822
17;2025-11-01;23;489
17;2025-11-02;0;182
17;2025-11-02;1;24
17;2025-11-02;2;4
17;2025-11-02;3;2
17;2025-11-02;4;6
17;2025-11-02;5;114
17;2025-11-02;6;460
17;2025-11-02;7;853
17;2025-11-02;8;1294
17;2025-11-02;9;1868
17;2025-11-02;10;2108
17;2025-11-02;11;2721
17;2025-11-02;12;3112
17;2025-11-02;13;3413
17;2025-11-02;14;3440
17;2025-11-02;15;3325
17;2025-11-02;16;3299
17;2025-11-02;17;3153
17;2025-11-02;18;2622
17;2025-11-02;19;2132
17;2025-11-02;20;1640
17;2025-11-02;21;1169
17;2025-11-02;22;694
17;2025-11-02;23;350
17;2025-11-03;0;219
17;2025-11-03;1;30
17;2025-11-03;2;8
17;2025-11-03;3;8
17;2025-11-03;4;10
17;2025-11-03;5;120
17;2025-11-03;6;482
17;2025-11-03;7;866
17;2025-11-03;8;1380
17;2025-11-03;9;1871
17;2025-11-03;10;2362
17;2025-11-03;11;2823
17;2025-11-03;12;3206
17;2025-11-03;13;3524
17;2025-11-03;14;3679
17;2025-11-03;15;3598
17;2025-11-03;16;3412
17;2025-11-03;17;3252
17;2025-11-03;18;2782
17;2025-11-03;19;2207
17;2025-11-03;20;1836
17;2025-11-03;21;1296
17;2025-11-03;22;736
17;2025-11-03;23;380
17;2025-11-04;0;210
17;2025-11-04;1;29
17;2025-11-04;2;8
17;2025-11-04;3;7
17;2025-11-04;4;10
17;2025-11-04;5;126
17;2025-11-04;6;484
17;2025-11-04;7;864
17;2025-11-04;8;1335
17;2025-11-04;9;1847
17;2025-11-04;10;2290
17;2025-11-04;11;2768
17;2025-11-04;12;3108
17;2025-11-04;13;3434
17;2025-11-04;14;3673
17;2025-11-04;15;3662
17;2025-11-04;16;3429
17;2025-11-04;17;3334
17;2025-11-04;18;2826
17;2025-11-04;19;2287
17;2025-11-04;20;1793
17;2025-11-04;21;1331
17;2025-11-04;22;764
17;2025-11-04;23;389
17;2025-11-05;0;128
17;2025-11-05;1;9
17;2025-11-05;2;1
17;2025-11-05;3;1
17;2025-11-05;4;27
17;2025-11-05;5;302
17;2025-11-05;6;1536
17;2025-11-05;7;4127
17;2025-11-05;8;5450
17;2025-11-05;9;3903
17;2025-11-05;10;3173
17;2025-11-05;11;3180
17;2025-11-05;12;3113
17;2025-11-05;13;3271
17;2025-11-05;14;3403
17;2025-11-05;15;3454
17;2025-11-05;16;3757
17;2025-11-05;17;4533
17;2025-11-05;18;4675
17;2025-11-05;19;3293
17;2025-11-05;20;2333
17;2025-11-05;21;1475
17;2025-11-05;22;777
17;2025-11-05;23;400
17;2025-11-06;0;131
17;2025-11-06;1;10
17;2025-11-06;2;1
17;2025-11-06;3;1
17;2025-11-06;4;26
17;2025-11-06;5;311
17;2025-11-06;6;1549
17;2025-11-06;7;4164
17;2025-11-06;8;5405
17;2025-11-06;9;3990
17;2025-11-06;10;3180
17;2025-11-06;11;3150
17;2025-11-06;12;3176
17;2025-11-06;13;3293
17;2025-11-06;14;3370
17;2025-11-06;15;3377
17;2025-11-06;16;3853
17;2025-11-06;17;4555
17;2025-11-06;18;4627
17;2025-11-06;19;3381
17;2025-11-06;20;2476
17;2025-11-06;21;1520
17;2025-11-06;22;799
17;2025-11-06;23;418
17;2025-11-07;0;152
17;2025-11-07;1;17
17;2025-11-07;2;1
17;2025-11-07;3;1
17;2025-11-07;4;24
17;2025-11-07;5;305
17;2025-11-07;6;1547
17;2025-11-07;7;4050
17;2025-11-07;8;5325
17;2025-11-07;9;3834
17;2025-11-07;10;3080
17;2025-11-07;11;3033
17;2025-11-07;12;2970
17;2025-11-07;13;3154
17;2025-11-07;14;3156
17;2025-11-07;15;3459
17;2025-11-07;16;4071
17;2025-11-07;17;4638
17;2025-11-07;18;4168
17;2025-11-07;19;3115
17;2025-11-07;20;2353
17;2025-11-07;21;1554
17;2025-11-07;22;816
17;2025-11-07;23;478
17;2025-11-08;0;200
17;2025-11-08;1;22
17;2025-11-08;2;2
17;2025-11-08;3;2
17;2025-11-08;4;7
17;2025-11-08;5;132
17;2025-11-08;6;569
17;2025-11-08;7;1268
17;2025-11-08;8;1828
17;2025-11-08;9;2302
17;2025-11-08;10;2500
17;2025-11-08;11;2969
17;2025-11-08;12;3245
17;2025-11-08;13;3559
17;2025-11-08;14;3555
17;2025-11-08;15;3522
17;2025-11-08;16;3497
17;2025-11-08;17;3227
17;2025-11-08;18;2872
17;2025-11-08;19;2373
17;2025-11-08;20;1885
17;2025-11-08;21;1364
17;2025-11-08;22;811
17;2025-11-08;23;442
17;2025-11-09;0;181
17;2025-11-09;1;23
17;2025-11-09;2;3
17;2025-11-09;3;2
17;2025-11-09;4;5
17;2025-11-09;5;110
17;2025-11-09;6;448
17;2025-11-09;7;841
17;2025-11-09;8;1296
17;2025-11-09;9;1816
17;2025-11-09;10;2069
17;2025-11-09;11;2612
17;2025-11-09;12;2954
17;2025-11-09;13;3272
17;2025-11-09;14;3355
17;2025-11-09;15;3294
17;2025-11-09;16;3243
17;2025-11-09;17;3055
17;2025-11-09;18;2573
17;2025-11-09;19;2094
17;2025-11-09;20;1651
17;2025-11-09;21;1161
17;2025-11-09;22;701
17;2025-11-09;23;340
17;2025-11-10;0;112
17;2025-11-10;1;16
17;2025-11-10;2;4
17;2025-11-10;3;2
17;2025-11-10;4;29
17;2025-11-10;5;310
17;2025-11-10;6;1599
17;2025-11-10;7;4309
17;2025-11-10;8;5723
17;2025-11-10;9;4007
17;2025-11-10;10;3132
17;2025-11-10;11;3145
17;2025-11-10;12;3079
17;2025-11-10;13;3202
17;2025-11-10;14;3220
17;2025-11-10;15;3345
17;2025-11-10;16;3805
17;2025-11-10;17;4699
17;2025-11-10;18;4791
17;2025-11-10;19;3485
17;2025-11-10;20;2379
17;2025-11-10;21;1417
17;2025-11-10;22;725
17;2025-11-10;23;363
17;2025-11-11;0;113
17;2025-11-11;1;12
17;2025-11-11;2;3
17;2025-11-11;3;2
17;2025-11-11;4;29
17;2025-11-11;5;325
17;2025-11-11;6;1639
17;2025-11-11;7;4396
17;2025-11-11;8;5745
17;2025-11-11;9;4142
17;2025-11-11;10;3257
17;2025-11-11;11;3164
17;2025-11-11;12;3167
17;2025-11-11;13;3275
17;2025-11-11;14;3381
17;2025-11-11;15;3418
17;2025-11-11;16;3768
17;2025-11-11;17;4802
17;2025-11-11;18;4874
17;2025-11-11;19;3501
17;2025-11-11;20;2404
17;2025-11-11;21;1459
17;2025-11-11;22;760
17;2025-11-11;23;395
17;2025-11-12;0;123
17;2025-11-12;1;9
17;2025-11-12;2;1
17;2025-11-12;3;0
17;2025-11-12;4;24
17;2025-11-12;5;298
17;2025-11-12;6;1504
17;2025-11-12;7;4043
17;2025-11-12;8;5268
17;2025-11-12;9;3819
17;2025-11-12;10;3055
17;2025-11-12;11;3075
17;2025-11-12;12;2986
17;2025-11-12;13;3183
17;2025-11-12;14;3230
17;2025-11-12;15;3298
17;2025-11-12;16;3652
17;2025-11-12;17;4419
17;2025-11-12;18;4539
17;2025-11-12;19;3252
17;2025-11-12;20;2292
17;2025-11-12;21;1436
17;2025-11-12;22;770
17;2025-11-12;23;396
17;2025-11-13;0;128
17;2025-11-13;1;10
17;2025-11-13;2;1
17;2025-11-13;3;0
17;2025-11-13;4;24
17;2025-11-13;5;305
17;2025-11-13;6;1521
17;2025-11-13;7;4077
17;2025-11-13;8;5307
17;2025-11-13;9;3882
17;2025-11-13;10;3111
17;2025-11-13;11;3071
17;2025-11-13;12;3044
17;2025-11-13;13;3170
17;2025-11-13;14;3246
17;2025-11-13;15;3291
17;2025-11-13;16;3723
17;2025-11-13;17;4463
17;2025-11-13;18;4593
17;2025-11-13;19;3342
17;2025-11-13;20;2412
17;2025-11-13;21;1469
17;2025-11-13;22;806
17;2025-11-13;23;410
17;2025-11-14;0;146
17;2025-11-14;1;15
17;2025-11-14;2;1
17;2025-11-14;3;0
17;2025-11-14;4;22
17;2025-11-14;5;295
17;2025-11-14;6;1491
17;2025-11-14;7;3975
17;2025-11-14;8;5094
17;2025-11-14;9;3741
17;2025-11-14;10;3000
17;2025-11-14;11;2984
17;2025-11-14;12;3001
17;2025-11-14;13;3161
17;2025-11-14;14;3163
17;2025-11-14;15;3414
17;2025-11-14;16;4068
17;2025-11-14;17;4535
17;2025-11-14;18;4097
17;2025-11-14;19;3111
17;2025-11-14;20;2297
17;2025-11-14;21;1528
17;2025-11-14;22;828
17;2025-11-14;23;462
17;2025-11-15;0;163
17;2025-11-15;1;15
17;2025-11-15;2;0
17;2025-11-15;3;0
17;2025-11-15;4;1
17;2025-11-15;5;109
17;2025-11-15;6;493
17;2025-11-15;7;1104
17;2025-11-15;8;1639
17;2025-11-15;9;2091
17;2025-11-15;10;2190
17;2025-11-15;11;2670
17;2025-11-15;12;2837
17;2025-11-15;13;3149
17;2025-11-15;14;3093
17;2025-11-15;15;2959
17;2025-11-15;16;3045
17;2025-11-15;17;2864
17;2025-11-15;18;2482
17;2025-11-15;19;2068
17;2025-11-15;20;1616
17;2025-11-15;21;1170
17;2025-11-15;22;698
17;2025-11-15;23;390
17;2025-11-16;0;169
17;2025-11-16;1;21
17;2025-11-16;2;3
17;2025-11-16;3;0
17;2025-11-16;4;3
17;2025-11-16;5;102
17;2025-11-16;6;425
17;2025-11-16;7;805
17;2025-11-16;8;1226
17;2025-11-16;9;1799
17;2025-11-16;10;1982
17;2025-11-16;11;2583
17;2025-11-16;12;2957
17;2025-11-16;13;3233
17;2025-11-16;14;3225
17;2025-11-16;15;3058
17;2025-11-16;16;3179
17;2025-11-16;17;2960
17;2025-11-16;18;2389
17;2025-11-16;19;1998
17;2025-11-16;20;1508
17;2025-11-16;21;1097
17;2025-11-16;22;657
17;2025-11-16;23;327
17;2025-11-17;0;107
17;2025-11-17;1;14
17;2025-11-17;2;3
17;2025-11-17;3;1
17;2025-11-17;4;25
17;2025-11-17;5;296
17;2025-11-17;6;1515
17;2025-11-17;7;4134
17;2025-11-17;8;5442
17;2025-11-17;9;3988
17;2025-11-17;10;2999
17;2025-11-17;11;3098
17;2025-11-17;12;3081
17;2025-11-17;13;3229
17;2025-11-17;14;3186
17;2025-11-17;15;3211
17;2025-11-17;16;3784
17;2025-11-17;17;4587
17;2025-11-17;18;4512
17;2025-11-17;19;3359
17;2025-11-17;20;2245
17;2025-11-17;21;1367
17;2025-11-17;22;692
17;2025-11-17;23;352
17;2025-11-18;0;101
17;2025-11-18;1;8
17;2025-11-18;2;1
17;2025-11-18;3;0
17;2025-11-18;4;21
17;2025-11-18;5;288
17;2025-11-18;6;1436
17;2025-11-18;7;3933
17;2025-11-18;8;5103
17;2025-11-18;9;3837
17;2025-11-18;10;2864
17;2025-11-18;11;2902
17;2025-11-18;12;2948
17;2025-11-18;13;3066
17;2025-11-18;14;3071
17;2025-11-18;15;2992
17;2025-11-18;16;3503
17;2025-11-18;17;4318
17;2025-11-18;18;4273
17;2025-11-18;19;3150
17;2025-11-18;20;2138
17;2025-11-18;21;1303
17;2025-11-18;22;669
17;2025-11-18;23;352
17;2025-11-19;0;123
17;2025-11-19;1;10
17;2025-11-19;2;2
17;2025-11-19;3;0
17;2025-11-19;4;24
17;2025-11-19;5;300
17;2025-11-19;6;1511
17;2025-11-19;7;4071
17;2025-11-19;8;5259
17;2025-11-19;9;3964
17;2025-11-19;10;3085
17;2025-11-19;11;3184
17;2025-11-19;12;3148
17;2025-11-19;13;3340
17;2025-11-19;14;3300
17;2025-11-19;15;3306
17;2025-11-19;16;3766
17;2025-11-19;17;4552
17;2025-11-19;18;4506
17;2025-11-19;19;3290
17;2025-11-19;20;2250
17;2025-11-19;21;1453
17;2025-11-19;22;765
17;2025-11-19;23;406
17;2025-11-20;0;126
17;2025-11-20;1;11
17;2025-11-20;2;2
17;2025-11-20;3;0
17;2025-11-20;4;22
17;2025-11-20;5;297
17;2025-11-20;6;1247
17;2025-11-20;7;3876
17;2025-11-20;8;5169
17;2025-11-20;9;3951
17;2025-11-20;10;3071
17;2025-11-20;11;3120
17;2025-11-20;12;3150
17;2025-11-20;13;3265
17;2025-11-20;14;3263
17;2025-11-20;15;3230
17;2025-11-20;16;3771
17;2025-11-20;17;4494
17;2025-11-20;18;4441
17;2025-11-20;19;3293
17;2025-11-20;20;2287
17;2025-11-20;21;1443
17;2025-11-20;22;780
17;2025-11-20;23;409
17;2025-11-21;0;144
17;2025-11-21;1;16
17;2025-11-21;2;2
17;2025-11-21;3;0
17;2025-11-21;4;23
17;2025-11-21;5;295
17;2025-11-21;6;1497
17;2025-11-21;7;3993
17;2025-11-21;8;5177
17;2025-11-21;9;3904
17;2025-11-21;10;3072
17;2025-11-21;11;3135
17;2025-11-21;12;3138
17;2025-11-21;13;3307
17;2025-11-21;14;3269
17;2025-11-21;15;3466
17;2025-11-21;16;4200
17;2025-11-21;17;4679
17;2025-11-21;18;4111
17;2025-11-21;19;3158
17;2025-11-21;20;2269
17;2025-11-21;21;1534
17;2025-11-21;22;732
17;2025-11-21;23;240
17;2025-11-22;0;192
17;2025-11-22;1;23
17;2025-11-22;2;4
17;2025-11-22;3;2
17;2025-11-22;4;6
17;2025-11-22;5;128
17;2025-11-22;6;561
17;2025-11-22;7;1267
17;2025-11-22;8;1828
17;2025-11-22;9;2402
17;2025-11-22;10;2480
17;2025-11-22;11;3066
17;2025-11-22;12;3334
17;2025-11-22;13;3633
17;2025-11-22;14;3539
17;2025-11-22;15;3403
17;2025-11-22;16;3534
17;2025-11-22;17;3268
17;2025-11-22;18;2817
17;2025-11-22;19;2366
17;2025-11-22;20;1806
17;2025-11-22;21;1333
17;2025-11-22;22;797
17;2025-11-22;23;444
17;2025-11-23;0;176
17;2025-11-23;1;23
17;2025-11-23;2;4
17;2025-11-23;3;1
17;2025-11-23;4;5
17;2025-11-23;5;107
17;2025-11-23;6;440
17;2025-11-23;7;831
17;2025-11-23;8;1284
17;2025-11-23;9;1870
17;2025-11-23;10;2060
17;2025-11-23;11;2672
17;2025-11-23;12;3039
17;2025-11-23;13;3347
17;2025-11-23;14;3355
17;2025-11-23;15;3208
17;2025-11-23;16;3286
17;2025-11-23;17;3069
17;2025-11-23;18;2479
17;2025-11-23;19;2058
17;2025-11-23;20;1573
17;2025-11-23;21;1138
17;2025-11-23;22;682
17;2025-11-23;23;340
17;2025-11-24;0;106
17;2025-11-24;1;12
17;2025-11-24;2;2
17;2025-11-24;3;1
17;2025-11-24;4;25
17;2025-11-24;5;298
17;2025-11-24;6;1512
17;2025-11-24;7;4135
17;2025-11-24;8;5556
17;2025-11-24;9;3889
17;2025-11-24;10;2949
17;2025-11-24;11;2991
17;2025-11-24;12;2889
17;2025-11-24;13;3096
17;2025-11-24;14;3123
17;2025-11-24;15;3218
17;2025-11-24;16;3709
17;2025-11-24;17;4491
17;2025-11-24;18;4555
17;2025-11-24;19;3342
17;2025-11-24;20;2299
17;2025-11-24;21;1352
17;2025-11-24;22;701
17;2025-11-24;23;345
17;2025-11-25;0;105
17;2025-11-25;1;8
17;2025-11-25;2;0
17;2025-11-25;3;0
17;2025-11-25;4;24
17;2025-11-25;5;298
17;2025-11-25;6;1501
17;2025-11-25;7;4070
17;2025-11-25;8;5378
17;2025-11-25;9;3858
17;2025-11-25;10;2992
17;2025-11-25;11;2912
17;2025-11-25;12;2881
17;2025-11-25;13;3022
17;2025-11-25;14;3121
17;2025-11-25;15;3161
17;2025-11-25;16;3501
17;2025-11-25;17;4370
17;2025-11-25;18;4530
17;2025-11-25;19;3248
17;2025-11-25;20;2290
17;2025-11-25;21;1334
17;2025-11-25;22;725
17;2025-11-25;23;360
17;2025-11-26;0;117
17;2025-11-26;1;8
17;2025-11-26;2;0
17;2025-11-26;3;0
17;2025-11-26;4;23
17;2025-11-26;5;291
17;2025-11-26;6;1476
17;2025-11-26;7;3951
17;2025-11-26;8;5271
17;2025-11-26;9;3739
17;2025-11-26;10;2968
17;2025-11-26;11;2972
17;2025-11-26;12;2806
17;2025-11-26;13;3063
17;2025-11-26;14;3097
17;2025-11-26;15;3205
17;2025-11-26;16;3516
17;2025-11-26;17;4304
17;2025-11-26;18;4414
17;2025-11-26;19;3145
17;2025-11-26;20;2248
17;2025-11-26;21;1384
17;2025-11-26;22;752
17;2025-11-26;23;388
17;2025-11-27;0;126
17;2025-11-27;1;10
17;2025-11-27;2;1
17;2025-11-27;3;0
17;2025-11-27;4;23
17;2025-11-27;5;298
17;2025-11-27;6;1444
17;2025-11-27;7;4007
17;2025-11-27;8;5267
17;2025-11-27;9;3842
17;2025-11-27;10;3027
17;2025-11-27;11;3009
17;2025-11-27;12;2969
17;2025-11-27;13;3136
17;2025-11-27;14;3198
17;2025-11-27;15;3238
17;2025-11-27;16;3694
17;2025-11-27;17;4393
17;2025-11-27;18;4483
17;2025-11-27;19;3265
17;2025-11-27;20;2333
17;2025-11-27;21;1430
17;2025-11-27;22;784
17;2025-11-27;23;400
17;2025-11-28;0;142
17;2025-11-28;1;14
17;2025-11-28;2;1
17;2025-11-28;3;0
17;2025-11-28;4;23
17;2025-11-28;5;291
17;2025-11-28;6;1475
17;2025-11-28;7;3977
17;2025-11-28;8;5174
17;2025-11-28;9;3781
17;2025-11-28;10;2999
17;2025-11-28;11;2536
17;2025-11-28;12;2636
17;2025-11-28;13;3183
17;2025-11-28;14;3200
17;2025-11-28;15;3461
17;2025-11-28;16;4117
17;2025-11-28;17;4524
17;2025-11-28;18;4085
17;2025-11-28;19;3097
17;2025-11-28;20;2280
17;2025-11-28;21;1505
17;2025-11-28;22;825
17;2025-11-28;23;424
17;2025-11-29;0;194
17;2025-11-29;1;22
17;2025-11-29;2;3
17;2025-11-29;3;2
17;2025-11-29;4;6
17;2025-11-29;5;127
17;2025-11-29;6;552
17;2025-11-29;7;1254
17;2025-11-29;8;1794
17;2025-11-29;9;2313
17;2025-11-29;10;2433
17;2025-11-29;11;2955
17;2025-11-29;12;3215
17;2025-11-29;13;3498
17;2025-11-29;14;3465
17;2025-11-29;15;3400
17;2025-11-29;16;3472
17;2025-11-29;17;3178
17;2025-11-29;18;2842
17;2025-11-29;19;2365
17;2025-11-29;20;1833
17;2025-11-29;21;1334
17;2025-11-29;22;809
17;2025-11-29;23;433
17;2025-11-30;0;174
17;2025-11-30;1;21
17;2025-11-30;2;2
17;2025-11-30;3;1
17;2025-11-30;4;4
17;2025-11-30;5;104
17;2025-11-30;6;429
17;2025-11-30;7;813
17;2025-11-30;8;1262
17;2025-11-30;9;1777
17;2025-11-30;10;2003
17;2025-11-30;11;2542
17;2025-11-30;12;2847
17;2025-11-30;13;3154
17;2025-11-30;14;3230
17;2025-11-30;15;3161
17;2025-11-30;16;3166
17;2025-11-30;17;2940
17;2025-11-30;18;2459
17;2025-11-30;19;2020
17;2025-11-30;20;1585
17;2025-11-30;21;1114
17;2025-11-30;22;683
17;2025-11-30;23;328
17;2025-12-01;0;105
17;2025-12-01;1;12
17;2025-12-01;2;1
17;2025-12-01;3;0
17;2025-12-01;4;24
17;2025-12-01;5;294
17;2025-12-01;6;1500
17;2025-12-01;7;4070
17;2025-12-01;8;5435
17;2025-12-01;9;3790
17;2025-12-01;10;2936
17;2025-12-01;11;2950
17;2025-12-01;12;2838
17;2025-12-01;13;2985
17;2025-12-01;14;3040
17;2025-12-01;15;3184
17;2025-12-01;16;3610
17;2025-12-01;17;4414
17;2025-12-01;18;4569
17;2025-12-01;19;3339
17;2025-12-01;20;2299
17;2025-12-01;21;1332
17;2025-12-01;22;717
17;2025-12-01;23;343
17;2025-12-02;0;104
17;2025-12-02;1;8
17;2025-12-02;2;0
17;2025-12-02;3;0
17;2025-12-02;4;23
17;2025-12-02;5;296
17;2025-12-02;6;1490
17;2025-12-02;7;4039
17;2025-12-02;8;5340
17;2025-12-02;9;3822
17;2025-12-02;10;2978
17;2025-12-02;11;2896
17;2025-12-02;12;2858
17;2025-12-02;13;2997
17;2025-12-02;14;3096
17;2025-12-02;15;3132
17;2025-12-02;16;3474
17;2025-12-02;17;4334
17;2025-12-02;18;4496
17;2025-12-02;19;3232
17;2025-12-02;20;2281
17;2025-12-02;21;1320
17;2025-12-02;22;724
17;2025-12-02;23;358
17;2025-12-03;0;119
17;2025-12-03;1;8
17;2025-12-03;2;0
17;2025-12-03;3;0
17;2025-12-03;4;23
17;2025-12-03;5;292
17;2025-12-03;6;1469
17;2025-12-03;7;3967
17;2025-12-03;8;5141
17;2025-12-03;9;3761
17;2025-12-03;10;2968
17;2025-12-03;11;3016
17;2025-12-03;12;2889
17;2025-12-03;13;3089
17;2025-12-03;14;3085
17;2025-12-03;15;3183
17;2025-12-03;16;3573
17;2025-12-03;17;4306
17;2025-12-03;18;4415
17;2025-12-03;19;3194
17;2025-12-03;20;2235
17;2025-12-03;21;1385
17;2025-12-03;22;762
17;2025-12-03;23;390
17;2025-12-04;0;125
17;2025-12-04;1;9
17;2025-12-04;2;0
17;2025-12-04;3;0
17;2025-12-04;4;23
17;2025-12-04;5;296
17;2025-12-04;6;1457
17;2025-12-04;7;3974
17;2025-12-04;8;5180
17;2025-12-04;9;3785
17;2025-12-04;10;3021
17;2025-12-04;11;2990
17;2025-12-04;12;2941
17;2025-12-04;13;3061
17;2025-12-04;14;3134
17;2025-12-04;15;3203
17;2025-12-04;16;3632
17;2025-12-04;17;4345
17;2025-12-04;18;4489
17;2025-12-04;19;3265
17;2025-12-04;20;2327
17;2025-12-04;21;1414
17;2025-12-04;22;795
17;2025-12-04;23;399
17;2025-12-05;0;139
17;2025-12-05;1;13
17;2025-12-05;2;0
17;2025-12-05;3;0
17;2025-12-05;4;22
17;2025-12-05;5;285
17;2025-12-05;6;1445
17;2025-12-05;7;3890
17;2025-12-05;8;5032
17;2025-12-05;9;3697
17;2025-12-05;10;2954
17;2025-12-05;11;2995
17;2025-12-05;12;2954
17;2025-12-05;13;3097
17;2025-12-05;14;3117
17;2025-12-05;15;3386
17;2025-12-05;16;4032
17;2025-12-05;17;4427
17;2025-12-05;18;4022
17;2025-12-05;19;3058
17;2025-12-05;20;2242
17;2025-12-05;21;1470
17;2025-12-05;22;832
17;2025-12-05;23;434
17;2025-12-06;0;184
17;2025-12-06;1;19
17;2025-12-06;2;1
17;2025-12-06;3;0
17;2025-12-06;4;4
17;2025-12-06;5;121
17;2025-12-06;6;527
17;2025-12-06;7;1194
17;2025-12-06;8;1706
17;2025-12-06;9;2178
17;2025-12-06;10;2325
17;2025-12-06;11;2803
17;2025-12-06;12;3034
17;2025-12-06;13;3283
17;2025-12-06;14;3276
17;2025-12-06;15;3223
17;2025-12-06;16;3278
17;2025-12-06;17;3022
17;2025-12-06;18;2738
17;2025-12-06;19;2281
17;2025-12-06;20;1774
17;2025-12-06;21;1277
17;2025-12-06;22;786
17;2025-12-06;23;414
17;2025-12-07;0;164
17;2025-12-07;1;18
17;2025-12-07;2;0
17;2025-12-07;3;0
17;2025-12-07;4;2
17;2025-12-07;5;97
17;2025-12-07;6;401
17;2025-12-07;7;764
17;2025-12-07;8;1173
17;2025-12-07;9;1659
17;2025-12-07;10;1880
17;2025-12-07;11;2391
17;2025-12-07;12;2681
17;2025-12-07;13;2941
17;2025-12-07;14;3009
17;2025-12-07;15;2939
17;2025-12-07;16;2975
17;2025-12-07;17;2750
17;2025-12-07;18;2319
17;2025-12-07;19;1921
17;2025-12-07;20;1501
17;2025-12-07;21;1047
17;2025-12-07;22;650
17;2025-12-07;23;307
17;2025-12-08;0;100
17;2025-12-08;1;10
17;2025-12-08;2;0
17;2025-12-08;3;0
17;2025-12-08;4;22
17;2025-12-08;5;282
17;2025-12-08;6;1430
17;2025-12-08;7;3902
17;2025-12-08;8;5169
17;2025-12-08;9;3634
17;2025-12-08;10;2807
17;2025-12-08;11;2835
17;2025-12-08;12;2737
17;2025-12-08;13;2886
17;2025-12-08;14;2930
17;2025-12-08;15;3054
17;2025-12-08;16;3488
17;2025-12-08;17;4229
17;2025-12-08;18;4376
17;2025-12-08;19;3217
17;2025-12-08;20;2211
17;2025-12-08;21;1278
17;2025-12-08;22;689
17;2025-12-08;23;328
17;2025-12-09;0;102
17;2025-12-09;1;7
17;2025-12-09;2;0
17;2025-12-09;3;0
17;2025-12-09;4;21
17;2025-12-09;5;287
17;2025-12-09;6;1437
17;2025-12-09;7;3929
17;2025-12-09;8;5100
17;2025-12-09;9;3691
17;2025-12-09;10;2878
17;2025-12-09;11;2807
17;2025-12-09;12;2817
17;2025-12-09;13;2945
17;2025-12-09;14;3032
17;2025-12-09;15;3046
17;2025-12-09;16;3412
17;2025-12-09;17;4204
17;2025-12-09;18;4354
17;2025-12-09;19;3160
17;2025-12-09;20;2220
17;2025-12-09;21;1293
17;2025-12-09;22;703
17;2025-12-09;23;345
17;2025-12-10;0;114
17;2025-12-10;1;6
17;2025-12-10;2;0
17;2025-12-10;3;0
17;2025-12-10;4;21
17;2025-12-10;5;281
17;2025-12-10;6;1410
17;2025-12-10;7;3814
17;2025-12-10;8;4939
17;2025-12-10;9;3588
17;2025-12-10;10;2845
17;2025-12-10;11;2876
17;2025-12-10;12;2752
17;2025-12-10;13;2951
17;2025-12-10;14;2960
17;2025-12-10;15;3054
17;2025-12-10;16;3424
17;2025-12-10;17;4121
17;2025-12-10;18;4245
17;2025-12-10;19;3074
17;2025-12-10;20;2167
17;2025-12-10;21;1332
17;2025-12-10;22;732
17;2025-12-10;23;373
17;2025-12-11;0;118
17;2025-12-11;1;7
17;2025-12-11;2;0
17;2025-12-11;3;0
17;2025-12-11;4;19
17;2025-12-11;5;278
17;2025-12-11;6;1372
17;2025-12-11;7;3756
17;2025-12-11;8;4829
17;2025-12-11;9;3543
17;2025-12-11;10;2812
17;2025-12-11;11;2806
17;2025-12-11;12;2775
17;2025-12-11;13;2888
17;2025-12-11;14;2945
17;2025-12-11;15;2981
17;2025-12-11;16;3444
17;2025-12-11;17;4065
17;2025-12-11;18;4210
17;2025-12-11;19;3098
17;2025-12-11;20;2200
17;2025-12-11;21;1330
17;2025-12-11;22;747
17;2025-12-11;23;371
17;2025-12-12;0;130
17;2025-12-12;1;10
17;2025-12-12;2;0
17;2025-12-12;3;0
17;2025-12-12;4;18
17;2025-12-12;5;268
17;2025-12-12;6;1352
17;2025-12-12;7;3672
17;2025-12-12;8;4699
17;2025-12-12;9;3456
17;2025-12-12;10;2759
17;2025-12-12;11;2762
17;2025-12-12;12;2753
17;2025-12-12;13;2916
17;2025-12-12;14;2935
17;2025-12-12;15;3160
17;2025-12-12;16;3807
17;2025-12-12;17;4145
17;2025-12-12;18;3789
17;2025-12-12;19;2905
17;2025-12-12;20;2129
17;2025-12-12;21;1387
17;2025-12-12;22;790
17;2025-12-12;23;417
17;2025-12-13;0;166
17;2025-12-13;1;13
17;2025-12-13;2;0
17;2025-12-13;3;0
17;2025-12-13;4;0
17;2025-12-13;5;109
17;2025-12-13;6;481
17;2025-12-13;7;1102
17;2025-12-13;8;1555
17;2025-12-13;9;1989
17;2025-12-13;10;2098
17;2025-12-13;11;2537
17;2025-12-13;12;2775
17;2025-12-13;13;2977
17;2025-12-13;14;2959
17;2025-12-13;15;2889
17;2025-12-13;16;3002
17;2025-12-13;17;2753
17;2025-12-13;18;2514
17;2025-12-13;19;2110
17;2025-12-13;20;1634
17;2025-12-13;21;1169
17;2025-12-13;22;715
17;2025-12-13;23;371
17;2025-12-14;0;151
17;2025-12-14;1;14
17;2025-12-14;2;0
17;2025-12-14;3;0
17;2025-12-14;4;0
17;2025-12-14;5;89
17;2025-12-14;6;372
17;2025-12-14;7;715
17;2025-12-14;8;1091
17;2025-12-14;9;1550
17;2025-12-14;10;1745
17;2025-12-14;11;2228
17;2025-12-14;12;2499
17;2025-12-14;13;2723
17;2025-12-14;14;2779
17;2025-12-14;15;2702
17;2025-12-14;16;2781
17;2025-12-14;17;2554
17;2025-12-14;18;2169
17;2025-12-14;19;1810
17;2025-12-14;20;1408
17;2025-12-14;21;974
17;2025-12-14;22;609
17;2025-12-14;23;284
17;2025-12-15;0;96
17;2025-12-15;1;9
17;2025-12-15;2;0
17;2025-12-15;3;0
17;2025-12-15;4;20
17;2025-12-15;5;271
17;2025-12-15;6;1374
17;2025-12-15;7;3760
17;2025-12-15;8;4999
17;2025-12-15;9;3538
17;2025-12-15;10;2716
17;2025-12-15;11;2764
17;2025-12-15;12;2634
17;2025-12-15;13;2775
17;2025-12-15;14;2812
17;2025-12-15;15;2934
17;2025-12-15;16;3387
17;2025-12-15;17;4070
17;2025-12-15;18;4216
17;2025-12-15;19;3110
17;2025-12-15;20;2132
17;2025-12-15;21;1219
17;2025-12-15;22;670
17;2025-12-15;23;317
17;2025-12-16;0;100
17;2025-12-16;1;6
17;2025-12-16;2;0
17;2025-12-16;3;0
17;2025-12-16;4;21
17;2025-12-16;5;283
17;2025-12-16;6;1419
17;2025-12-16;7;3867
17;2025-12-16;8;5066
17;2025-12-16;9;3628
17;2025-12-16;10;2848
17;2025-12-16;11;2774
17;2025-12-16;12;2735
17;2025-12-16;13;2860
17;2025-12-16;14;2964
17;2025-12-16;15;2989
17;2025-12-16;16;3347
17;2025-12-16;17;4132
17;2025-12-16;18;4315
17;2025-12-16;19;3129
17;2025-12-16;20;2206
17;2025-12-16;21;1203
17;2025-12-16;22;410
17;2025-12-16;23;179
17;2025-12-17;0;54
17;2025-12-17;1;0
17;2025-12-17;2;0
17;2025-12-17;3;0
17;2025-12-17;4;0
17;2025-12-17;5;273
17;2025-12-17;6;1385
17;2025-12-17;7;3762
17;2025-12-17;8;4810
17;2025-12-17;9;3521
17;2025-12-17;10;2795
17;2025-12-17;11;2843
17;2025-12-17;12;2731
17;2025-12-17;13;2892
17;2025-12-17;14;2897
17;2025-12-17;15;2987
17;2025-12-17;16;3390
17;2025-12-17;17;4049
17;2025-12-17;18;4203
17;2025-12-17;19;3067
17;2025-12-17;20;2137
17;2025-12-17;21;1312
17;2025-12-17;22;728
17;2025-12-17;23;367
17;2025-12-18;0;118
17;2025-12-18;1;6
17;2025-12-18;2;0
17;2025-12-18;3;0
17;2025-12-18;4;19
17;2025-12-18;5;280
17;2025-12-18;6;1376
17;2025-12-18;7;3752
17;2025-12-18;8;4817
17;2025-12-18;9;3523
17;2025-12-18;10;2829
17;2025-12-18;11;2808
17;2025-12-18;12;2761
17;2025-12-18;13;2844
17;2025-12-18;14;2920
17;2025-12-18;15;2980
17;2025-12-18;16;3427
17;2025-12-18;17;4060
17;2025-12-18;18;4254
17;2025-12-18;19;3127
17;2025-12-18;20;2213
17;2025-12-18;21;1329
17;2025-12-18;22;759
17;2025-12-18;23;374
17;2025-12-19;0;131
17;2025-12-19;1;10
17;2025-12-19;2;0
17;2025-12-19;3;0
17;2025-12-19;4;18
17;2025-12-19;5;269
17;2025-12-19;6;1354
17;2025-12-19;7;3668
17;2025-12-19;8;4695
17;2025-12-19;9;3455
17;2025-12-19;10;2775
17;2025-12-19;11;2794
17;2025-12-19;12;2752
17;2025-12-19;13;2875
17;2025-12-19;14;2903
17;2025-12-19;15;3148
17;2025-12-19;16;3807
17;2025-12-19;17;4137
17;2025-12-19;18;3816
17;2025-12-19;19;2930
17;2025-12-19;20;2134
17;2025-12-19;21;1378
17;2025-12-19;22;803
17;2025-12-19;23;419
17;2025-12-20;0;170
17;2025-12-20;1;14
17;2025-12-20;2;0
17;2025-12-20;3;0
17;2025-12-20;4;1
17;2025-12-20;5;111
17;2025-12-20;6;485
17;2025-12-20;7;1103
17;2025-12-20;8;1569
17;2025-12-20;9;1976
17;2025-12-20;10;2146
17;2025-12-20;11;2583
17;2025-12-20;12;2783
17;2025-12-20;13;2912
17;2025-12-20;14;2951
17;2025-12-20;15;2918
17;2025-12-20;16;3008
17;2025-12-20;17;2768
17;2025-12-20;18;2582
17;2025-12-20;19;2171
17;2025-12-20;20;1665
17;2025-12-20;21;1172
17;2025-12-20;22;752
17;2025-12-20;23;383
17;2025-12-21;0;153
17;2025-12-21;1;13
17;2025-12-21;2;0
17;2025-12-21;3;0
17;2025-12-21;4;0
17;2025-12-21;5;89
17;2025-12-21;6;371
17;2025-12-21;7;710
17;2025-12-21;8;1083
17;2025-12-21;9;1516
17;2025-12-21;10;1749
17;2025-12-21;11;2222
17;2025-12-21;12;2490
17;2025-12-21;13;2638
17;2025-12-21;14;2740
17;2025-12-21;15;2690
17;2025-12-21;16;2757
17;2025-12-21;17;2537
17;2025-12-21;18;2203
17;2025-12-21;19;1844
17;2025-12-21;20;1420
17;2025-12-21;21;971
17;2025-12-21;22;627
17;2025-12-21;23;286
17;2025-12-22;0;95
17;2025-12-22;1;8
17;2025-12-22;2;0
17;2025-12-22;3;0
17;2025-12-22;4;19
17;2025-12-22;5;268
17;2025-12-22;6;1343
17;2025-12-22;7;3698
17;2025-12-22;8;4833
17;2025-12-22;9;3399
17;2025-12-22;10;2656
17;2025-12-22;11;2693
17;2025-12-22;12;2631
17;2025-12-22;13;2711
17;2025-12-22;14;2779
17;2025-12-22;15;2894
17;2025-12-22;16;3339
17;2025-12-22;17;3992
17;2025-12-22;18;4179
17;2025-12-22;19;3106
17;2025-12-22;20;2104
17;2025-12-22;21;1210
17;2025-12-22;22;666
17;2025-12-22;23;311
17;2025-12-23;0;98
17;2025-12-23;1;5
17;2025-12-23;2;0
17;2025-12-23;3;0
17;2025-12-23;4;19
17;2025-12-23;5;278
17;2025-12-23;6;1362
17;2025-12-23;7;3762
17;2025-12-23;8;4842
17;2025-12-23;9;3518
17;2025-12-23;10;2754
17;2025-12-23;11;2718
17;2025-12-23;12;2727
17;2025-12-23;13;2786
17;2025-12-23;14;2887
17;2025-12-23;15;2902
17;2025-12-23;16;3317
17;2025-12-23;17;4009
17;2025-12-23;18;4225
17;2025-12-23;19;3107
17;2025-12-23;20;2139
17;2025-12-23;21;1212
17;2025-12-23;22;551
17;2025-12-23;23;187
17;2025-12-24;0;88
17;2025-12-24;1;4
17;2025-12-24;2;0
17;2025-12-24;3;0
17;2025-12-24;4;14
17;2025-12-24;5;271
17;2025-12-24;6;1334
17;2025-12-24;7;3651
17;2025-12-24;8;4676
17;2025-12-24;9;3416
17;2025-12-24;10;2716
17;2025-12-24;11;2778
17;2025-12-24;12;2665
17;2025-12-24;13;2779
17;2025-12-24;14;2805
17;2025-12-24;15;2901
17;2025-12-24;16;3329
17;2025-12-24;17;3921
17;2025-12-24;18;4126
17;2025-12-24;19;3029
17;2025-12-24;20;2083
17;2025-12-24;21;1264
17;2025-12-24;22;721
17;2025-12-24;23;358
17;2025-12-25;0;113
17;2025-12-25;1;1
17;2025-12-25;2;0
17;2025-12-25;3;0
17;2025-12-25;4;14
17;2025-12-25;5;276
17;2025-12-25;6;1316
17;2025-12-25;7;3543
17;2025-12-25;8;4594
17;2025-12-25;9;3260
17;2025-12-25;10;2672
17;2025-12-25;11;2641
17;2025-12-25;12;2571
17;2025-12-25;13;2524
17;2025-12-25;14;2660
17;2025-12-25;15;2785
17;2025-12-25;16;3225
17;2025-12-25;17;3811
17;2025-12-25;18;4319
17;2025-12-25;19;3179
17;2025-12-25;20;2224
17;2025-12-25;21;1277
17;2025-12-25;22;789
17;2025-12-25;23;356
17;2025-12-26;0;121
17;2025-12-26;1;0
17;2025-12-26;2;0
17;2025-12-26;3;0
17;2025-12-26;4;8
17;2025-12-26;5;263
17;2025-12-26;6;1306
17;2025-12-26;7;3479
17;2025-12-26;8;4537
17;2025-12-26;9;3198
17;2025-12-26;10;2628
17;2025-12-26;11;2594
17;2025-12-26;12;2553
17;2025-12-26;13;2595
17;2025-12-26;14;2686
17;2025-12-26;15;2961
17;2025-12-26;16;3571
17;2025-12-26;17;3929
17;2025-12-26;18;3906
17;2025-12-26;19;2991
17;2025-12-26;20;2178
17;2025-12-26;21;1350
17;2025-12-26;22;827
17;2025-12-26;23;396
17;2025-12-27;0;163
17;2025-12-27;1;7
17;2025-12-27;2;0
17;2025-12-27;3;0
17;2025-12-27;4;0
17;2025-12-27;5;110
17;2025-12-27;6;477
17;2025-12-27;7;1084
17;2025-12-27;8;1531
17;2025-12-27;9;1884
17;2025-12-27;10;2046
17;2025-12-27;11;2451
17;2025-12-27;12;2622
17;2025-12-27;13;2643
17;2025-12-27;14;2705
17;2025-12-27;15;2731
17;2025-12-27;16;2882
17;2025-12-27;17;2645
17;2025-12-27;18;2676
17;2025-12-27;19;2258
17;2025-12-27;20;1699
17;2025-12-27;21;1143
17;2025-12-27;22;787
17;2025-12-27;23;362
17;2025-12-28;0;146
17;2025-12-28;1;6
17;2025-12-28;2;0
17;2025-12-28;3;0
17;2025-12-28;4;0
17;2025-12-28;5;88
17;2025-12-28;6;368
17;2025-12-28;7;701
17;2025-12-28;8;1076
17;2025-12-28;9;1459
17;2025-12-28;10;1692
17;2025-12-28;11;2126
17;2025-12-28;12;2338
17;2025-12-28;13;2398
17;2025-12-28;14;2523
17;2025-12-28;15;2532
17;2025-12-28;16;2642
17;2025-12-28;17;2444
17;2025-12-28;18;2296
17;2025-12-28;19;1923
17;2025-12-28;20;1466
17;2025-12-28;21;954
17;2025-12-28;22;660
17;2025-12-28;23;274
17;2025-12-29;0;92
17;2025-12-29;1;4
17;2025-12-29;2;0
17;2025-12-29;3;0
17;2025-12-29;4;16
17;2025-12-29;5;266
17;2025-12-29;6;1306
17;2025-12-29;7;3517
17;2025-12-29;8;4672
17;2025-12-29;9;3171
17;2025-12-29;10;2546
17;2025-12-29;11;2550
17;2025-12-29;12;2406
17;2025-12-29;13;2382
17;2025-12-29;14;2508
17;2025-12-29;15;2697
17;2025-12-29;16;3124
17;2025-12-29;17;3754
17;2025-12-29;18;4236
17;2025-12-29;19;3141
17;2025-12-29;20;2137
17;2025-12-29;21;1164
17;2025-12-29;22;697
17;2025-12-29;23;302
17;2025-12-30;0;95
17;2025-12-30;1;0
17;2025-12-30;2;0
17;2025-12-30;3;0
17;2025-12-30;4;14
17;2025-12-30;5;278
17;2025-12-30;6;1353
17;2025-12-30;7;3615
17;2025-12-30;8;4752
17;2025-12-30;9;3254
17;2025-12-30;10;2664
17;2025-12-30;11;2550
17;2025-12-30;12;2492
17;2025-12-30;13;2470
17;2025-12-30;14;2649
17;2025-12-30;15;2754
17;2025-12-30;16;3083
17;2025-12-30;17;3827
17;2025-12-30;18;4362
17;2025-12-30;19;3170
17;2025-12-30;20;2233
17;2025-12-30;21;1209
17;2025-12-30;22;658
17;2025-12-30;23;282
17;2025-12-31;0;127
17;2025-12-31;1;4
17;2025-12-31;2;0
17;2025-12-31;3;0
17;2025-12-31;4;0
17;2025-12-31;5;80
17;2025-12-31;6;350
17;2025-12-31;7;650
17;2025-12-31;8;1013
17;2025-12-31;9;1387
17;2025-12-31;10;1698
17;2025-12-31;11;2136
17;2025-12-31;12;2356
17;2025-12-31;13;2471
17;2025-12-31;14;2607
17;2025-12-31;15;2566
17;2025-12-31;16;2626
17;2025-12-31;17;2439
17;2025-12-31;18;2245
17;2025-12-31;19;1913
17;2025-12-31;20;1480
17;2025-12-31;21;963
17;2025-12-31;22;683
17;2025-12-31;23;278
25;2025-11-01;0;6
25;2025-11-01;1;1
25;2025-11-01;2;0
25;2025-11-01;3;0
25;2025-11-01;4;2
25;2025-11-01;5;16
25;2025-11-01;6;244
25;2025-11-01;7;573
25;2025-11-01;8;924
25;2025-11-01;9;469
25;2025-11-01;10;371
25;2025-11-01;11;493
25;2025-11-01;12;469
25;2025-11-01;13;653
25;2025-11-01;14;590
25;2025-11-01;15;707
25;2025-11-01;16;835
25;2025-11-01;17;861
25;2025-11-01;18;744
25;2025-11-01;19;591
25;2025-11-01;20;326
25;2025-11-01;21;239
25;2025-11-01;22;129
25;2025-11-01;23;6
25;2025-11-02;0;16
25;2025-11-02;1;3
25;2025-11-02;2;0
25;2025-11-02;3;0
25;2025-11-02;4;3
25;2025-11-02;5;12
25;2025-11-02;6;86
25;2025-11-02;7;114
25;2025-11-02;8;210
25;2025-11-02;9;246
25;2025-11-02;10;247
25;2025-11-02;11;346
25;2025-11-02;12;401
25;2025-11-02;13;530
25;2025-11-02;14;535
25;2025-11-02;15;663
25;2025-11-02;16;573
25;2025-11-02;17;534
25;2025-11-02;18;460
25;2025-11-02;19;388
25;2025-11-02;20;254
25;2025-11-02;21;185
25;2025-11-02;22;106
25;2025-11-02;23;35
25;2025-11-03;0;21
25;2025-11-03;1;6
25;2025-11-03;2;0
25;2025-11-03;3;0
25;2025-11-03;4;7
25;2025-11-03;5;18
25;2025-11-03;6;80
25;2025-11-03;7;105
25;2025-11-03;8;211
25;2025-11-03;9;253
25;2025-11-03;10;259
25;2025-11-03;11;335
25;2025-11-03;12;430
25;2025-11-03;13;576
25;2025-11-03;14;581
25;2025-11-03;15;681
25;2025-11-03;16;586
25;2025-11-03;17;505
25;2025-11-03;18;444
25;2025-11-03;19;423
25;2025-11-03;20;273
25;2025-11-03;21;194
25;2025-11-03;22;105
25;2025-11-03;23;46
25;2025-11-04;0;22
25;2025-11-04;1;6
25;2025-11-04;2;0
25;2025-11-04;3;0
25;2025-11-04;4;7
25;2025-11-04;5;19
25;2025-11-04;6;79
25;2025-11-04;7;112
25;2025-11-04;8;224
25;2025-11-04;9;234
25;2025-11-04;10;250
25;2025-11-04;11;365
25;2025-11-04;12;414
25;2025-11-04;13;533
25;2025-11-04;14;546
25;2025-11-04;15;713
25;2025-11-04;16;605
25;2025-11-04;17;514
25;2025-11-04;18;467
25;2025-11-04;19;416
25;2025-11-04;20;260
25;2025-11-04;21;197
25;2025-11-04;22;103
25;2025-11-04;23;43
25;2025-11-05;0;0
25;2025-11-05;1;0
25;2025-11-05;2;0
25;2025-11-05;3;0
25;2025-11-05;4;1
25;2025-11-05;5;15
25;2025-11-05;6;219
25;2025-11-05;7;533
25;2025-11-05;8;952
25;2025-11-05;9;494
25;2025-11-05;10;375
25;2025-11-05;11;486
25;2025-11-05;12;491
25;2025-11-05;13;639
25;2025-11-05;14;341
25;2025-11-05;15;601
25;2025-11-05;16;723
25;2025-11-05;17;849
25;2025-11-05;18;936
25;2025-11-05;19;619
25;2025-11-05;20;365
25;2025-11-05;21;260
25;2025-11-05;22;118
25;2025-11-05;23;9
25;2025-11-06;0;1
25;2025-11-06;1;0
25;2025-11-06;2;0
25;2025-11-06;3;0
25;2025-11-06;4;2
25;2025-11-06;5;17
25;2025-11-06;6;210
25;2025-11-06;7;556
25;2025-11-06;8;930
25;2025-11-06;9;505
25;2025-11-06;10;421
25;2025-11-06;11;469
25;2025-11-06;12;446
25;2025-11-06;13;587
25;2025-11-06;14;518
25;2025-11-06;15;660
25;2025-11-06;16;736
25;2025-11-06;17;814
25;2025-11-06;18;855
25;2025-11-06;19;645
25;2025-11-06;20;307
25;2025-11-06;21;219
25;2025-11-06;22;104
25;2025-11-06;23;6
25;2025-11-07;0;0
25;2025-11-07;1;0
25;2025-11-07;2;0
25;2025-11-07;3;0
25;2025-11-07;4;1
25;2025-11-07;5;10
25;2025-11-07;6;202
25;2025-11-07;7;551
25;2025-11-07;8;897
25;2025-11-07;9;464
25;2025-11-07;10;368
25;2025-11-07;11;476
25;2025-11-07;12;450
25;2025-11-07;13;589
25;2025-11-07;14;507
25;2025-11-07;15;635
25;2025-11-07;16;789
25;2025-11-07;17;778
25;2025-11-07;18;728
25;2025-11-07;19;564
25;2025-11-07;20;332
25;2025-11-07;21;202
25;2025-11-07;22;121
25;2025-11-07;23;13
25;2025-11-08;0;2
25;2025-11-08;1;1
25;2025-11-08;2;0
25;2025-11-08;3;0
25;2025-11-08;4;2
25;2025-11-08;5;9
25;2025-11-08;6;71
25;2025-11-08;7;146
25;2025-11-08;8;348
25;2025-11-08;9;285
25;2025-11-08;10;287
25;2025-11-08;11;429
25;2025-11-08;12;423
25;2025-11-08;13;590
25;2025-11-08;14;567
25;2025-11-08;15;715
25;2025-11-08;16;611
25;2025-11-08;17;523
25;2025-11-08;18;509
25;2025-11-08;19;486
25;2025-11-08;20;272
25;2025-11-08;21;214
25;2025-11-08;22;129
25;2025-11-08;23;49
25;2025-11-09;0;14
25;2025-11-09;1;2
25;2025-11-09;2;0
25;2025-11-09;3;0
25;2025-11-09;4;3
25;2025-11-09;5;9
25;2025-11-09;6;69
25;2025-11-09;7;109
25;2025-11-09;8;215
25;2025-11-09;9;241
25;2025-11-09;10;244
25;2025-11-09;11;344
25;2025-11-09;12;392
25;2025-11-09;13;538
25;2025-11-09;14;524
25;2025-11-09;15;669
25;2025-11-09;16;574
25;2025-11-09;17;514
25;2025-11-09;18;457
25;2025-11-09;19;399
25;2025-11-09;20;251
25;2025-11-09;21;184
25;2025-11-09;22;103
25;2025-11-09;23;36
25;2025-11-10;0;8
25;2025-11-10;1;2
25;2025-11-10;2;0
25;2025-11-10;3;0
25;2025-11-10;4;3
25;2025-11-10;5;11
25;2025-11-10;6;197
25;2025-11-10;7;592
25;2025-11-10;8;969
25;2025-11-10;9;526
25;2025-11-10;10;372
25;2025-11-10;11;449
25;2025-11-10;12;445
25;2025-11-10;13;598
25;2025-11-10;14;456
25;2025-11-10;15;568
25;2025-11-10;16;726
25;2025-11-10;17;772
25;2025-11-10;18;844
25;2025-11-10;19;591
25;2025-11-10;20;342
25;2025-11-10;21;228
25;2025-11-10;22;108
25;2025-11-10;23;7
25;2025-11-11;0;0
25;2025-11-11;1;2
25;2025-11-11;2;0
25;2025-11-11;3;0
25;2025-11-11;4;3
25;2025-11-11;5;11
25;2025-11-11;6;201
25;2025-11-11;7;582
25;2025-11-11;8;986
25;2025-11-11;9;524
25;2025-11-11;10;414
25;2025-11-11;11;488
25;2025-11-11;12;421
25;2025-11-11;13;537
25;2025-11-11;14;509
25;2025-11-11;15;593
25;2025-11-11;16;723
25;2025-11-11;17;755
25;2025-11-11;18;834
25;2025-11-11;19;590
25;2025-11-11;20;339
25;2025-11-11;21;228
25;2025-11-11;22;108
25;2025-11-11;23;7
25;2025-11-12;0;0
25;2025-11-12;1;0
25;2025-11-12;2;0
25;2025-11-12;3;0
25;2025-11-12;4;1
25;2025-11-12;5;10
25;2025-11-12;6;193
25;2025-11-12;7;534
25;2025-11-12;8;940
25;2025-11-12;9;488
25;2025-11-12;10;363
25;2025-11-12;11;464
25;2025-11-12;12;472
25;2025-11-12;13;622
25;2025-11-12;14;405
25;2025-11-12;15;591
25;2025-11-12;16;713
25;2025-11-12;17;791
25;2025-11-12;18;875
25;2025-11-12;19;594
25;2025-11-12;20;352
25;2025-11-12;21;236
25;2025-11-12;22;113
25;2025-11-12;23;6
25;2025-11-13;0;0
25;2025-11-13;1;0
25;2025-11-13;2;0
25;2025-11-13;3;0
25;2025-11-13;4;1
25;2025-11-13;5;11
25;2025-11-13;6;182
25;2025-11-13;7;547
25;2025-11-13;8;946
25;2025-11-13;9;489
25;2025-11-13;10;402
25;2025-11-13;11;456
25;2025-11-13;12;436
25;2025-11-13;13;580
25;2025-11-13;14;501
25;2025-11-13;15;635
25;2025-11-13;16;713
25;2025-11-13;17;790
25;2025-11-13;18;835
25;2025-11-13;19;611
25;2025-11-13;20;312
25;2025-11-13;21;221
25;2025-11-13;22;109
25;2025-11-13;23;6
25;2025-11-14;0;0
25;2025-11-14;1;0
25;2025-11-14;2;0
25;2025-11-14;3;0
25;2025-11-14;4;1
25;2025-11-14;5;7
25;2025-11-14;6;178
25;2025-11-14;7;538
25;2025-11-14;8;858
25;2025-11-14;9;451
25;2025-11-14;10;358
25;2025-11-14;11;464
25;2025-11-14;12;454
25;2025-11-14;13;589
25;2025-11-14;14;513
25;2025-11-14;15;638
25;2025-11-14;16;769
25;2025-11-14;17;768
25;2025-11-14;18;703
25;2025-11-14;19;548
25;2025-11-14;20;317
25;2025-11-14;21;208
25;2025-11-14;22;125
25;2025-11-14;23;8
25;2025-11-15;0;0
25;2025-11-15;1;0
25;2025-11-15;2;0
25;2025-11-15;3;0
25;2025-11-15;4;0
25;2025-11-15;5;4
25;2025-11-15;6;58
25;2025-11-15;7;130
25;2025-11-15;8;304
25;2025-11-15;9;254
25;2025-11-15;10;249
25;2025-11-15;11;364
25;2025-11-15;12;364
25;2025-11-15;13;495
25;2025-11-15;14;486
25;2025-11-15;15;609
25;2025-11-15;16;527
25;2025-11-15;17;461
25;2025-11-15;18;444
25;2025-11-15;19;439
25;2025-11-15;20;231
25;2025-11-15;21;188
25;2025-11-15;22;107
25;2025-11-15;23;35
25;2025-11-16;0;12
25;2025-11-16;1;1
25;2025-11-16;2;0
25;2025-11-16;3;0
25;2025-11-16;4;1
25;2025-11-16;5;8
25;2025-11-16;6;62
25;2025-11-16;7;109
25;2025-11-16;8;210
25;2025-11-16;9;237
25;2025-11-16;10;234
25;2025-11-16;11;328
25;2025-11-16;12;383
25;2025-11-16;13;518
25;2025-11-16;14;512
25;2025-11-16;15;637
25;2025-11-16;16;546
25;2025-11-16;17;499
25;2025-11-16;18;440
25;2025-11-16;19;413
25;2025-11-16;20;236
25;2025-11-16;21;182
25;2025-11-16;22;101
25;2025-11-16;23;31
25;2025-11-17;0;7
25;2025-11-17;1;2
25;2025-11-17;2;0
25;2025-11-17;3;0
25;2025-11-17;4;2
25;2025-11-17;5;10
25;2025-11-17;6;186
25;2025-11-17;7;591
25;2025-11-17;8;948
25;2025-11-17;9;519
25;2025-11-17;10;357
25;2025-11-17;11;440
25;2025-11-17;12;443
25;2025-11-17;13;589
25;2025-11-17;14;444
25;2025-11-17;15;571
25;2025-11-17;16;718
25;2025-11-17;17;781
25;2025-11-17;18;833
25;2025-11-17;19;612
25;2025-11-17;20;324
25;2025-11-17;21;223
25;2025-11-17;22;107
25;2025-11-17;23;5
25;2025-11-18;0;0
25;2025-11-18;1;0
25;2025-11-18;2;0
25;2025-11-18;3;0
25;2025-11-18;4;0
25;2025-11-18;5;8
25;2025-11-18;6;174
25;2025-11-18;7;535
25;2025-11-18;8;870
25;2025-11-18;9;482
25;2025-11-18;10;365
25;2025-11-18;11;430
25;2025-11-18;12;388
25;2025-11-18;13;486
25;2025-11-18;14;462
25;2025-11-18;15;539
25;2025-11-18;16;651
25;2025-11-18;17;709
25;2025-11-18;18;759
25;2025-11-18;19;574
25;2025-11-18;20;302
25;2025-11-18;21;207
25;2025-11-18;22;98
25;2025-11-18;23;3
25;2025-11-19;0;0
25;2025-11-19;1;1
25;2025-11-19;2;0
25;2025-11-19;3;0
25;2025-11-19;4;1
25;2025-11-19;5;11
25;2025-11-19;6;190
25;2025-11-19;7;557
25;2025-11-19;8;948
25;2025-11-19;9;500
25;2025-11-19;10;369
25;2025-11-19;11;465
25;2025-11-19;12;483
25;2025-11-19;13;628
25;2025-11-19;14;448
25;2025-11-19;15;606
25;2025-11-19;16;720
25;2025-11-19;17;796
25;2025-11-19;18;867
25;2025-11-19;19;621
25;2025-11-19;20;355
25;2025-11-19;21;238
25;2025-11-19;22;117
25;2025-11-19;23;5
25;2025-11-20;0;0
25;2025-11-20;1;1
25;2025-11-20;2;0
25;2025-11-20;3;0
25;2025-11-20;4;1
25;2025-11-20;5;11
25;2025-11-20;6;176
25;2025-11-20;7;558
25;2025-11-20;8;950
25;2025-11-20;9;491
25;2025-11-20;10;395
25;2025-11-20;11;451
25;2025-11-20;12;443
25;2025-11-20;13;586
25;2025-11-20;14;504
25;2025-11-20;15;636
25;2025-11-20;16;707
25;2025-11-20;17;798
25;2025-11-20;18;823
25;2025-11-20;19;634
25;2025-11-20;20;313
25;2025-11-20;21;226
25;2025-11-20;22;113
25;2025-11-20;23;5
25;2025-11-21;0;0
25;2025-11-21;1;1
25;2025-11-21;2;0
25;2025-11-21;3;0
25;2025-11-21;4;1
25;2025-11-21;5;8
25;2025-11-21;6;177
25;2025-11-21;7;557
25;2025-11-21;8;881
25;2025-11-21;9;467
25;2025-11-21;10;369
25;2025-11-21;11;471
25;2025-11-21;12;468
25;2025-11-21;13;600
25;2025-11-21;14;537
25;2025-11-21;15;667
25;2025-11-21;16;789
25;2025-11-21;17;801
25;2025-11-21;18;715
25;2025-11-21;19;575
25;2025-11-21;20;324
25;2025-11-21;21;229
25;2025-11-21;22;131
25;2025-11-21;23;7
25;2025-11-22;0;2
25;2025-11-22;1;3
25;2025-11-22;2;0
25;2025-11-22;3;0
25;2025-11-22;4;3
25;2025-11-22;5;8
25;2025-11-22;6;67
25;2025-11-22;7;154
25;2025-11-22;8;354
25;2025-11-22;9;295
25;2025-11-22;10;290
25;2025-11-22;11;423
25;2025-11-22;12;427
25;2025-11-22;13;576
25;2025-11-22;14;565
25;2025-11-22;15;700
25;2025-11-22;16;601
25;2025-11-22;17;527
25;2025-11-22;18;504
25;2025-11-22;19;510
25;2025-11-22;20;271
25;2025-11-22;21;220
25;2025-11-22;22;128
25;2025-11-22;23;44
25;2025-11-23;0;13
25;2025-11-23;1;2
25;2025-11-23;2;0
25;2025-11-23;3;0
25;2025-11-23;4;2
25;2025-11-23;5;9
25;2025-11-23;6;63
25;2025-11-23;7;112
25;2025-11-23;8;221
25;2025-11-23;9;245
25;2025-11-23;10;244
25;2025-11-23;11;342
25;2025-11-23;12;394
25;2025-11-23;13;539
25;2025-11-23;14;527
25;2025-11-23;15;666
25;2025-11-23;16;567
25;2025-11-23;17;513
25;2025-11-23;18;453
25;2025-11-23;19;429
25;2025-11-23;20;246
25;2025-11-23;21;190
25;2025-11-23;22;103
25;2025-11-23;23;33
25;2025-11-24;0;7
25;2025-11-24;1;0
25;2025-11-24;2;0
25;2025-11-24;3;0
25;2025-11-24;4;2
25;2025-11-24;5;9
25;2025-11-24;6;183
25;2025-11-24;7;579
25;2025-11-24;8;959
25;2025-11-24;9;515
25;2025-11-24;10;354
25;2025-11-24;11;444
25;2025-11-24;12;434
25;2025-11-24;13;585
25;2025-11-24;14;434
25;2025-11-24;15;575
25;2025-11-24;16;729
25;2025-11-24;17;782
25;2025-11-24;18;846
25;2025-11-24;19;585
25;2025-11-24;20;323
25;2025-11-24;21;219
25;2025-11-24;22;104
25;2025-11-24;23;5
25;2025-11-25;0;0
25;2025-11-25;1;0
25;2025-11-25;2;0
25;2025-11-25;3;0
25;2025-11-25;4;0
25;2025-11-25;5;7
25;2025-11-25;6;178
25;2025-11-25;7;540
25;2025-11-25;8;930
25;2025-11-25;9;503
25;2025-11-25;10;386
25;2025-11-25;11;456
25;2025-11-25;12;397
25;2025-11-25;13;517
25;2025-11-25;14;474
25;2025-11-25;15;567
25;2025-11-25;16;687
25;2025-11-25;17;725
25;2025-11-25;18;798
25;2025-11-25;19;562
25;2025-11-25;20;313
25;2025-11-25;21;213
25;2025-11-25;22;101
25;2025-11-25;23;5
25;2025-11-26;0;0
25;2025-11-26;1;0
25;2025-11-26;2;0
25;2025-11-26;3;0
25;2025-11-26;4;0
25;2025-11-26;5;8
25;2025-11-26;6;182
25;2025-11-26;7;525
25;2025-11-26;8;946
25;2025-11-26;9;483
25;2025-11-26;10;355
25;2025-11-26;11;452
25;2025-11-26;12;455
25;2025-11-26;13;605
25;2025-11-26;14;441
25;2025-11-26;15;589
25;2025-11-26;16;711
25;2025-11-26;17;754
25;2025-11-26;18;837
25;2025-11-26;19;565
25;2025-11-26;20;343
25;2025-11-26;21;222
25;2025-11-26;22;106
25;2025-11-26;23;5
25;2025-11-27;0;0
25;2025-11-27;1;0
25;2025-11-27;2;0
25;2025-11-27;3;0
25;2025-11-27;4;1
25;2025-11-27;5;10
25;2025-11-27;6;173
25;2025-11-27;7;544
25;2025-11-27;8;966
25;2025-11-27;9;487
25;2025-11-27;10;391
25;2025-11-27;11;452
25;2025-11-27;12;436
25;2025-11-27;13;587
25;2025-11-27;14;495
25;2025-11-27;15;634
25;2025-11-27;16;713
25;2025-11-27;17;795
25;2025-11-27;18;825
25;2025-11-27;19;604
25;2025-11-27;20;315
25;2025-11-27;21;220
25;2025-11-27;22;110
25;2025-11-27;23;5
25;2025-11-28;0;0
25;2025-11-28;1;0
25;2025-11-28;2;0
25;2025-11-28;3;0
25;2025-11-28;4;1
25;2025-11-28;5;6
25;2025-11-28;6;172
25;2025-11-28;7;538
25;2025-11-28;8;883
25;2025-11-28;9;461
25;2025-11-28;10;361
25;2025-11-28;11;470
25;2025-11-28;12;463
25;2025-11-28;13;603
25;2025-11-28;14;532
25;2025-11-28;15;668
25;2025-11-28;16;791
25;2025-11-28;17;792
25;2025-11-28;18;702
25;2025-11-28;19;547
25;2025-11-28;20;318
25;2025-11-28;21;222
25;2025-11-28;22;126
25;2025-11-28;23;6
25;2025-11-29;0;1
25;2025-11-29;1;1
25;2025-11-29;2;0
25;2025-11-29;3;0
25;2025-11-29;4;2
25;2025-11-29;5;7
25;2025-11-29;6;63
25;2025-11-29;7;149
25;2025-11-29;8;350
25;2025-11-29;9;291
25;2025-11-29;10;287
25;2025-11-29;11;418
25;2025-11-29;12;424
25;2025-11-29;13;573
25;2025-11-29;14;553
25;2025-11-29;15;692
25;2025-11-29;16;599
25;2025-11-29;17;516
25;2025-11-29;18;497
25;2025-11-29;19;489
25;2025-11-29;20;268
25;2025-11-29;21;212
25;2025-11-29;22;128
25;2025-11-29;23;46
25;2025-11-30;0;12
25;2025-11-30;1;1
25;2025-11-30;2;0
25;2025-11-30;3;0
25;2025-11-30;4;2
25;2025-11-30;5;7
25;2025-11-30;6;59
25;2025-11-30;7;105
25;2025-11-30;8;217
25;2025-11-30;9;238
25;2025-11-30;10;238
25;2025-11-30;11;336
25;2025-11-30;12;382
25;2025-11-30;13;532
25;2025-11-30;14;513
25;2025-11-30;15;657
25;2025-11-30;16;562
25;2025-11-30;17;495
25;2025-11-30;18;446
25;2025-11-30;19;408
25;2025-11-30;20;241
25;2025-11-30;21;183
25;2025-11-30;22;99
25;2025-11-30;23;34
25;2025-12-01;0;6
25;2025-12-01;1;0
25;2025-12-01;2;0
25;2025-12-01;3;0
25;2025-12-01;4;1
25;2025-12-01;5;7
25;2025-12-01;6;177
25;2025-12-01;7;568
25;2025-12-01;8;943
25;2025-12-01;9;503
25;2025-12-01;10;352
25;2025-12-01;11;437
25;2025-12-01;12;424
25;2025-12-01;13;573
25;2025-12-01;14;425
25;2025-12-01;15;561
25;2025-12-01;16;711
25;2025-12-01;17;753
25;2025-12-01;18;836
25;2025-12-01;19;567
25;2025-12-01;20;317
25;2025-12-01;21;218
25;2025-12-01;22;104
25;2025-12-01;23;5
25;2025-12-02;0;0
25;2025-12-02;1;0
25;2025-12-02;2;0
25;2025-12-02;3;0
25;2025-12-02;4;0
25;2025-12-02;5;6
25;2025-12-02;6;175
25;2025-12-02;7;537
25;2025-12-02;8;923
25;2025-12-02;9;502
25;2025-12-02;10;383
25;2025-12-02;11;453
25;2025-12-02;12;395
25;2025-12-02;13;515
25;2025-12-02;14;470
25;2025-12-02;15;562
25;2025-12-02;16;686
25;2025-12-02;17;720
25;2025-12-02;18;796
25;2025-12-02;19;557
25;2025-12-02;20;310
25;2025-12-02;21;211
25;2025-12-02;22;101
25;2025-12-02;23;5
25;2025-12-03;0;0
25;2025-12-03;1;0
25;2025-12-03;2;0
25;2025-12-03;3;0
25;2025-12-03;4;0
25;2025-12-03;5;7
25;2025-12-03;6;177
25;2025-12-03;7;531
25;2025-12-03;8;934
25;2025-12-03;9;484
25;2025-12-03;10;355
25;2025-12-03;11;446
25;2025-12-03;12;456
25;2025-12-03;13;607
25;2025-12-03;14;453
25;2025-12-03;15;579
25;2025-12-03;16;705
25;2025-12-03;17;742
25;2025-12-03;18;828
25;2025-12-03;19;574
25;2025-12-03;20;342
25;2025-12-03;21;223
25;2025-12-03;22;109
25;2025-12-03;23;5
25;2025-12-04;0;0
25;2025-12-04;1;0
25;2025-12-04;2;0
25;2025-12-04;3;0
25;2025-12-04;4;0
25;2025-12-04;5;8
25;2025-12-04;6;167
25;2025-12-04;7;537
25;2025-12-04;8;954
25;2025-12-04;9;478
25;2025-12-04;10;386
25;2025-12-04;11;442
25;2025-12-04;12;427
25;2025-12-04;13;575
25;2025-12-04;14;487
25;2025-12-04;15;615
25;2025-12-04;16;696
25;2025-12-04;17;770
25;2025-12-04;18;813
25;2025-12-04;19;589
25;2025-12-04;20;311
25;2025-12-04;21;219
25;2025-12-04;22;111
25;2025-12-04;23;5
25;2025-12-05;0;0
25;2025-12-05;1;0
25;2025-12-05;2;0
25;2025-12-05;3;0
25;2025-12-05;4;0
25;2025-12-05;5;5
25;2025-12-05;6;165
25;2025-12-05;7;526
25;2025-12-05;8;857
25;2025-12-05;9;449
25;2025-12-05;10;353
25;2025-12-05;11;455
25;2025-12-05;12;452
25;2025-12-05;13;586
25;2025-12-05;14;521
25;2025-12-05;15;646
25;2025-12-05;16;769
25;2025-12-05;17;765
25;2025-12-05;18;683
25;2025-12-05;19;531
25;2025-12-05;20;309
25;2025-12-05;21;219
25;2025-12-05;22;125
25;2025-12-05;23;6
25;2025-12-06;0;0
25;2025-12-06;1;0
25;2025-12-06;2;0
25;2025-12-06;3;0
25;2025-12-06;4;0
25;2025-12-06;5;4
25;2025-12-06;6;57
25;2025-12-06;7;142
25;2025-12-06;8;330
25;2025-12-06;9;275
25;2025-12-06;10;273
25;2025-12-06;11;396
25;2025-12-06;12;403
25;2025-12-06;13;541
25;2025-12-06;14;523
25;2025-12-06;15;655
25;2025-12-06;16;569
25;2025-12-06;17;487
25;2025-12-06;18;476
25;2025-12-06;19;461
25;2025-12-06;20;255
25;2025-12-06;21;202
25;2025-12-06;22;123
25;2025-12-06;23;43
25;2025-12-07;0;10
25;2025-12-07;1;0
25;2025-12-07;2;0
25;2025-12-07;3;0
25;2025-12-07;4;0
25;2025-12-07;5;5
25;2025-12-07;6;53
25;2025-12-07;7;98
25;2025-12-07;8;200
25;2025-12-07;9;222
25;2025-12-07;10;222
25;2025-12-07;11;312
25;2025-12-07;12;358
25;2025-12-07;13;497
25;2025-12-07;14;481
25;2025-12-07;15;609
25;2025-12-07;16;526
25;2025-12-07;17;461
25;2025-12-07;18;420
25;2025-12-07;19;387
25;2025-12-07;20;226
25;2025-12-07;21;172
25;2025-12-07;22;94
25;2025-12-07;23;30
25;2025-12-08;0;5
25;2025-12-08;1;0
25;2025-12-08;2;0
25;2025-12-08;3;0
25;2025-12-08;4;0
25;2025-12-08;5;6
25;2025-12-08;6;168
25;2025-12-08;7;547
25;2025-12-08;8;903
25;2025-12-08;9;483
25;2025-12-08;10;336
25;2025-12-08;11;420
25;2025-12-08;12;410
25;2025-12-08;13;555
25;2025-12-08;14;409
25;2025-12-08;15;544
25;2025-12-08;16;688
25;2025-12-08;17;729
25;2025-12-08;18;806
25;2025-12-08;19;551
25;2025-12-08;20;303
25;2025-12-08;21;209
25;2025-12-08;22;100
25;2025-12-08;23;4
25;2025-12-09;0;0
25;2025-12-09;1;0
25;2025-12-09;2;0
25;2025-12-09;3;0
25;2025-12-09;4;0
25;2025-12-09;5;5
25;2025-12-09;6;166
25;2025-12-09;7;518
25;2025-12-09;8;878
25;2025-12-09;9;484
25;2025-12-09;10;368
25;2025-12-09;11;437
25;2025-12-09;12;386
25;2025-12-09;13;504
25;2025-12-09;14;455
25;2025-12-09;15;546
25;2025-12-09;16;665
25;2025-12-09;17;701
25;2025-12-09;18;771
25;2025-12-09;19;545
25;2025-12-09;20;299
25;2025-12-09;21;202
25;2025-12-09;22;99
25;2025-12-09;23;4
25;2025-12-10;0;0
25;2025-12-10;1;0
25;2025-12-10;2;0
25;2025-12-10;3;0
25;2025-12-10;4;0
25;2025-12-10;5;6
25;2025-12-10;6;167
25;2025-12-10;7;504
25;2025-12-10;8;884
25;2025-12-10;9;459
25;2025-12-10;10;335
25;2025-12-10;11;422
25;2025-12-10;12;434
25;2025-12-10;13;576
25;2025-12-10;14;431
25;2025-12-10;15;551
25;2025-12-10;16;673
25;2025-12-10;17;706
25;2025-12-10;18;790
25;2025-12-10;19;545
25;2025-12-10;20;323
25;2025-12-10;21;208
25;2025-12-10;22;103
25;2025-12-10;23;3
25;2025-12-11;0;0
25;2025-12-11;1;0
25;2025-12-11;2;0
25;2025-12-11;3;0
25;2025-12-11;4;0
25;2025-12-11;5;6
25;2025-12-11;6;151
25;2025-12-11;7;496
25;2025-12-11;8;863
25;2025-12-11;9;439
25;2025-12-11;10;351
25;2025-12-11;11;404
25;2025-12-11;12;395
25;2025-12-11;13;530
25;2025-12-11;14;448
25;2025-12-11;15;565
25;2025-12-11;16;642
25;2025-12-11;17;713
25;2025-12-11;18;751
25;2025-12-11;19;551
25;2025-12-11;20;286
25;2025-12-11;21;200
25;2025-12-11;22;102
25;2025-12-11;23;3
25;2025-12-12;0;0
25;2025-12-12;1;0
25;2025-12-12;2;0
25;2025-12-12;3;0
25;2025-12-12;4;0
25;2025-12-12;5;3
25;2025-12-12;6;148
25;2025-12-12;7;483
25;2025-12-12;8;774
25;2025-12-12;9;410
25;2025-12-12;10;320
25;2025-12-12;11;414
25;2025-12-12;12;416
25;2025-12-12;13;539
25;2025-12-12;14;477
25;2025-12-12;15;592
25;2025-12-12;16;705
25;2025-12-12;17;705
25;2025-12-12;18;632
25;2025-12-12;19;494
25;2025-12-12;20;282
25;2025-12-12;21;199
25;2025-12-12;22;114
25;2025-12-12;23;3
25;2025-12-13;0;0
25;2025-12-13;1;0
25;2025-12-13;2;0
25;2025-12-13;3;0
25;2025-12-13;4;0
25;2025-12-13;5;0
25;2025-12-13;6;48
25;2025-12-13;7;129
25;2025-12-13;8;293
25;2025-12-13;9;247
25;2025-12-13;10;242
25;2025-12-13;11;350
25;2025-12-13;12;362
25;2025-12-13;13;444
25;2025-12-13;14;307
25;2025-12-13;15;578
25;2025-12-13;16;509
25;2025-12-13;17;443
25;2025-12-13;18;434
25;2025-12-13;19;423
25;2025-12-13;20;229
25;2025-12-13;21;179
25;2025-12-13;22;110
25;2025-12-13;23;34
25;2025-12-14;0;7
25;2025-12-14;1;0
25;2025-12-14;2;0
25;2025-12-14;3;0
25;2025-12-14;4;0
25;2025-12-14;5;1
25;2025-12-14;6;45
25;2025-12-14;7;88
25;2025-12-14;8;179
25;2025-12-14;9;201
25;2025-12-14;10;199
25;2025-12-14;11;279
25;2025-12-14;12;324
25;2025-12-14;13;447
25;2025-12-14;14;434
25;2025-12-14;15;545
25;2025-12-14;16;476
25;2025-12-14;17;419
25;2025-12-14;18;384
25;2025-12-14;19;356
25;2025-12-14;20;203
25;2025-12-14;21;155
25;2025-12-14;22;84
25;2025-12-14;23;25
25;2025-12-15;0;4
25;2025-12-15;1;0
25;2025-12-15;2;0
25;2025-12-15;3;0
25;2025-12-15;4;0
25;2025-12-15;5;4
25;2025-12-15;6;159
25;2025-12-15;7;526
25;2025-12-15;8;869
25;2025-12-15;9;467
25;2025-12-15;10;321
25;2025-12-15;11;400
25;2025-12-15;12;392
25;2025-12-15;13;528
25;2025-12-15;14;392
25;2025-12-15;15;517
25;2025-12-15;16;663
25;2025-12-15;17;698
25;2025-12-15;18;773
25;2025-12-15;19;529
25;2025-12-15;20;289
25;2025-12-15;21;202
25;2025-12-15;22;95
25;2025-12-15;23;3
25;2025-12-16;0;0
25;2025-12-16;1;0
25;2025-12-16;2;0
25;2025-12-16;3;0
25;2025-12-16;4;0
25;2025-12-16;5;4
25;2025-12-16;6;160
25;2025-12-16;7;503
25;2025-12-16;8;849
25;2025-12-16;9;471
25;2025-12-16;10;358
25;2025-12-16;11;422
25;2025-12-16;12;372
25;2025-12-16;13;484
25;2025-12-16;14;441
25;2025-12-16;15;525
25;2025-12-16;16;647
25;2025-12-16;17;675
25;2025-12-16;18;753
25;2025-12-16;19;524
25;2025-12-16;20;291
25;2025-12-16;21;198
25;2025-12-16;22;96
25;2025-12-16;23;4
25;2025-12-17;0;0
25;2025-12-17;1;0
25;2025-12-17;2;0
25;2025-12-17;3;0
25;2025-12-17;4;0
25;2025-12-17;5;4
25;2025-12-17;6;160
25;2025-12-17;7;491
25;2025-12-17;8;843
25;2025-12-17;9;444
25;2025-12-17;10;324
25;2025-12-17;11;405
25;2025-12-17;12;420
25;2025-12-17;13;554
25;2025-12-17;14;421
25;2025-12-17;15;527
25;2025-12-17;16;648
25;2025-12-17;17;678
25;2025-12-17;18;766
25;2025-12-17;19;530
25;2025-12-17;20;315
25;2025-12-17;21;203
25;2025-12-17;22;101
25;2025-12-17;23;2
25;2025-12-18;0;0
25;2025-12-18;1;0
25;2025-12-18;2;0
25;2025-12-18;3;0
25;2025-12-18;4;0
25;2025-12-18;5;5
25;2025-12-18;6;148
25;2025-12-18;7;493
25;2025-12-18;8;853
25;2025-12-18;9;435
25;2025-12-18;10;350
25;2025-12-18;11;398
25;2025-12-18;12;389
25;2025-12-18;13;520
25;2025-12-18;14;443
25;2025-12-18;15;553
25;2025-12-18;16;634
25;2025-12-18;17;699
25;2025-12-18;18;748
25;2025-12-18;19;540
25;2025-12-18;20;285
25;2025-12-18;21;200
25;2025-12-18;22;102
25;2025-12-18;23;3
25;2025-12-19;0;0
25;2025-12-19;1;0
25;2025-12-19;2;0
25;2025-12-19;3;0
25;2025-12-19;4;0
25;2025-12-19;5;2
25;2025-12-19;6;146
25;2025-12-19;7;481
25;2025-12-19;8;764
25;2025-12-19;9;408
25;2025-12-19;10;320
25;2025-12-19;11;408
25;2025-12-19;12;410
25;2025-12-19;13;528
25;2025-12-19;14;475
25;2025-12-19;15;577
25;2025-12-19;16;698
25;2025-12-19;17;690
25;2025-12-19;18;628
25;2025-12-19;19;486
25;2025-12-19;20;281
25;2025-12-19;21;201
25;2025-12-19;22;115
25;2025-12-19;23;3
25;2025-12-20;0;0
25;2025-12-20;1;0
25;2025-12-20;2;0
25;2025-12-20;3;0
25;2025-12-20;4;0
25;2025-12-20;5;0
25;2025-12-20;6;47
25;2025-12-20;7;127
25;2025-12-20;8;284
25;2025-12-20;9;245
25;2025-12-20;10;243
25;2025-12-20;11;340
25;2025-12-20;12;358
25;2025-12-20;13;469
25;2025-12-20;14;449
25;2025-12-20;15;557
25;2025-12-20;16;502
25;2025-12-20;17;426
25;2025-12-20;18;435
25;2025-12-20;19;412
25;2025-12-20;20;226
25;2025-12-20;21;181
25;2025-12-20;22;113
25;2025-12-20;23;36
25;2025-12-21;0;7
25;2025-12-21;1;0
25;2025-12-21;2;0
25;2025-12-21;3;0
25;2025-12-21;4;0
25;2025-12-21;5;0
25;2025-12-21;6;44
25;2025-12-21;7;87
25;2025-12-21;8;172
25;2025-12-21;9;197
25;2025-12-21;10;198
25;2025-12-21;11;270
25;2025-12-21;12;320
25;2025-12-21;13;439
25;2025-12-21;14;426
25;2025-12-21;15;524
25;2025-12-21;16;466
25;2025-12-21;17;405
25;2025-12-21;18;385
25;2025-12-21;19;349
25;2025-12-21;20;201
25;2025-12-21;21;154
25;2025-12-21;22;86
25;2025-12-21;23;25
25;2025-12-22;0;3
25;2025-12-22;1;0
25;2025-12-22;2;0
25;2025-12-22;3;0
25;2025-12-22;4;0
25;2025-12-22;5;4
25;2025-12-22;6;153
25;2025-12-22;7;511
25;2025-12-22;8;814
25;2025-12-22;9;448
25;2025-12-22;10;311
25;2025-12-22;11;382
25;2025-12-22;12;385
25;2025-12-22;13;518
25;2025-12-22;14;378
25;2025-12-22;15;497
25;2025-12-22;16;637
25;2025-12-22;17;670
25;2025-12-22;18;755
25;2025-12-22;19;518
25;2025-12-22;20;278
25;2025-12-22;21;191
25;2025-12-22;22;94
25;2025-12-22;23;2
25;2025-12-23;0;0
25;2025-12-23;1;0
25;2025-12-23;2;0
25;2025-12-23;3;0
25;2025-12-23;4;0
25;2025-12-23;5;3
25;2025-12-23;6;151
25;2025-12-23;7;487
25;2025-12-23;8;792
25;2025-12-23;9;451
25;2025-12-23;10;340
25;2025-12-23;11;395
25;2025-12-23;12;361
25;2025-12-23;13;468
25;2025-12-23;14;422
25;2025-12-23;15;494
25;2025-12-23;16;616
25;2025-12-23;17;644
25;2025-12-23;18;723
25;2025-12-23;19;512
25;2025-12-23;20;275
25;2025-12-23;21;188
25;2025-12-23;22;94
25;2025-12-23;23;2
25;2025-12-24;0;0
25;2025-12-24;1;0
25;2025-12-24;2;0
25;2025-12-24;3;0
25;2025-12-24;4;0
25;2025-12-24;5;3
25;2025-12-24;6;151
25;2025-12-24;7;474
25;2025-12-24;8;797
25;2025-12-24;9;428
25;2025-12-24;10;310
25;2025-12-24;11;379
25;2025-12-24;12;404
25;2025-12-24;13;531
25;2025-12-24;14;401
25;2025-12-24;15;495
25;2025-12-24;16;622
25;2025-12-24;17;646
25;2025-12-24;18;739
25;2025-12-24;19;510
25;2025-12-24;20;297
25;2025-12-24;21;193
25;2025-12-24;22;97
25;2025-12-24;23;1
25;2025-12-25;0;0
25;2025-12-25;1;0
25;2025-12-25;2;0
25;2025-12-25;3;0
25;2025-12-25;4;0
25;2025-12-25;5;0
25;2025-12-25;6;132
25;2025-12-25;7;476
25;2025-12-25;8;775
25;2025-12-25;9;410
25;2025-12-25;10;334
25;2025-12-25;11;357
25;2025-12-25;12;356
25;2025-12-25;13;468
25;2025-12-25;14;416
25;2025-12-25;15;489
25;2025-12-25;16;588
25;2025-12-25;17;642
25;2025-12-25;18;730
25;2025-12-25;19;485
25;2025-12-25;20;275
25;2025-12-25;21;194
25;2025-12-25;22;102
25;2025-12-25;23;0
25;2025-12-26;0;0
25;2025-12-26;1;0
25;2025-12-26;2;0
25;2025-12-26;3;0
25;2025-12-26;4;0
25;2025-12-26;5;0
25;2025-12-26;6;127
25;2025-12-26;7;468
25;2025-12-26;8;712
25;2025-12-26;9;386
25;2025-12-26;10;304
25;2025-12-26;11;373
25;2025-12-26;12;379
25;2025-12-26;13;481
25;2025-12-26;14;446
25;2025-12-26;15;527
25;2025-12-26;16;658
25;2025-12-26;17;654
25;2025-12-26;18;623
25;2025-12-26;19;437
25;2025-12-26;20;271
25;2025-12-26;21;191
25;2025-12-26;22;112
25;2025-12-26;23;0
25;2025-12-27;0;0
25;2025-12-27;1;0
25;2025-12-27;2;0
25;2025-12-27;3;0
25;2025-12-27;4;0
25;2025-12-27;5;0
25;2025-12-27;6;37
25;2025-12-27;7;125
25;2025-12-27;8;270
25;2025-12-27;9;238
25;2025-12-27;10;238
25;2025-12-27;11;319
25;2025-12-27;12;336
25;2025-12-27;13;433
25;2025-12-27;14;431
25;2025-12-27;15;517
25;2025-12-27;16;483
25;2025-12-27;17;410
25;2025-12-27;18;436
25;2025-12-27;19;382
25;2025-12-27;20;228
25;2025-12-27;21;180
25;2025-12-27;22;115
25;2025-12-27;23;33
25;2025-12-28;0;2
25;2025-12-28;1;0
25;2025-12-28;2;0
25;2025-12-28;3;0
25;2025-12-28;4;0
25;2025-12-28;5;0
25;2025-12-28;6;34
25;2025-12-28;7;84
25;2025-12-28;8;163
25;2025-12-28;9;193
25;2025-12-28;10;196
25;2025-12-28;11;255
25;2025-12-28;12;302
25;2025-12-28;13;408
25;2025-12-28;14;422
25;2025-12-28;15;489
25;2025-12-28;16;454
25;2025-12-28;17;393
25;2025-12-28;18;392
25;2025-12-28;19;324
25;2025-12-28;20;204
25;2025-12-28;21;155
25;2025-12-28;22;87
25;2025-12-28;23;22
25;2025-12-29;0;1
25;2025-12-29;1;0
25;2025-12-29;2;0
25;2025-12-29;3;0
25;2025-12-29;4;0
25;2025-12-29;5;0
25;2025-12-29;6;135
25;2025-12-29;7;489
25;2025-12-29;8;743
25;2025-12-29;9;421
25;2025-12-29;10;298
25;2025-12-29;11;344
25;2025-12-29;12;344
25;2025-12-29;13;452
25;2025-12-29;14;356
25;2025-12-29;15;433
25;2025-12-29;16;588
25;2025-12-29;17;607
25;2025-12-29;18;733
25;2025-12-29;19;454
25;2025-12-29;20;273
25;2025-12-29;21;189
25;2025-12-29;22;93
25;2025-12-29;23;1
25;2025-12-30;0;0
25;2025-12-30;1;0
25;2025-12-30;2;0
25;2025-12-30;3;0
25;2025-12-30;4;0
25;2025-12-30;5;0
25;2025-12-30;6;137
25;2025-12-30;7;473
25;2025-12-30;8;741
25;2025-12-30;9;428
25;2025-12-30;10;333
25;2025-12-30;11;368
25;2025-12-30;12;330
25;2025-12-30;13;420
25;2025-12-30;14;403
25;2025-12-30;15;449
25;2025-12-30;16;581
25;2025-12-30;17;601
25;2025-12-30;18;724
25;2025-12-30;19;452
25;2025-12-30;20;277
25;2025-12-30;21;187
25;2025-12-30;22;94
25;2025-12-30;23;0
25;2025-12-31;0;5
25;2025-12-31;1;0
25;2025-12-31;2;0
25;2025-12-31;3;0
25;2025-12-31;4;0
25;2025-12-31;5;0
25;2025-12-31;6;26
25;2025-12-31;7;73
25;2025-12-31;8;148
25;2025-12-31;9;183
25;2025-12-31;10;191
25;2025-12-31;11;256
25;2025-12-31;12;306
25;2025-12-31;13;415
25;2025-12-31;14;432
25;2025-12-31;15;517
25;2025-12-31;16;462
25;2025-12-31;17;392
25;2025-12-31;18;386
25;2025-12-31;19;324
25;2025-12-31;20;198
25;2025-12-31;21;154
25;2025-12-31;22;88
25;2025-12-31;23;23
26;2025-11-01;0;39
26;2025-11-01;1;2
26;2025-11-01;2;0
26;2025-11-01;3;0
26;2025-11-01;4;1
26;2025-11-01;5;98
26;2025-11-01;6;438
26;2025-11-01;7;1087
26;2025-11-01;8;2299
26;2025-11-01;9;1433
26;2025-11-01;10;1299
26;2025-11-01;11;1124
26;2025-11-01;12;1181
26;2025-11-01;13;1307
26;2025-11-01;14;1390
26;2025-11-01;15;1483
26;2025-11-01;16;1715
26;2025-11-01;17;1878
26;2025-11-01;18;1475
26;2025-11-01;19;1151
26;2025-11-01;20;805
26;2025-11-01;21;504
26;2025-11-01;22;227
26;2025-11-01;23;190
26;2025-11-02;0;56
26;2025-11-02;1;5
26;2025-11-02;2;2
26;2025-11-02;3;2
26;2025-11-02;4;3
26;2025-11-02;5;32
26;2025-11-02;6;159
26;2025-11-02;7;286
26;2025-11-02;8;451
26;2025-11-02;9;574
26;2025-11-02;10;635
26;2025-11-02;11;888
26;2025-11-02;12;884
26;2025-11-02;13;972
26;2025-11-02;14;1009
26;2025-11-02;15;879
26;2025-11-02;16;855
26;2025-11-02;17;885
26;2025-11-02;18;742
26;2025-11-02;19;587
26;2025-11-02;20;429
26;2025-11-02;21;317
26;2025-11-02;22;194
26;2025-11-02;23;129
26;2025-11-03;0;60
26;2025-11-03;1;12
26;2025-11-03;2;6
26;2025-11-03;3;6
26;2025-11-03;4;8
26;2025-11-03;5;38
26;2025-11-03;6;171
26;2025-11-03;7;282
26;2025-11-03;8;457
26;2025-11-03;9;584
26;2025-11-03;10;684
26;2025-11-03;11;935
26;2025-11-03;12;946
26;2025-11-03;13;1038
26;2025-11-03;14;1042
26;2025-11-03;15;917
26;2025-11-03;16;921
26;2025-11-03;17;911
26;2025-11-03;18;788
26;2025-11-03;19;601
26;2025-11-03;20;493
26;2025-11-03;21;343
26;2025-11-03;22;201
26;2025-11-03;23;119
26;2025-11-04;0;66
26;2025-11-04;1;12
26;2025-11-04;2;6
26;2025-11-04;3;6
26;2025-11-04;4;7
26;2025-11-04;5;38
26;2025-11-04;6;172
26;2025-11-04;7;284
26;2025-11-04;8;454
26;2025-11-04;9;583
26;2025-11-04;10;698
26;2025-11-04;11;943
26;2025-11-04;12;922
26;2025-11-04;13;1024
26;2025-11-04;14;1057
26;2025-11-04;15;898
26;2025-11-04;16;911
26;2025-11-04;17;892
26;2025-11-04;18;813
26;2025-11-04;19;609
26;2025-11-04;20;482
26;2025-11-04;21;340
26;2025-11-04;22;204
26;2025-11-04;23;115
26;2025-11-05;0;34
26;2025-11-05;1;1
26;2025-11-05;2;0
26;2025-11-05;3;0
26;2025-11-05;4;2
26;2025-11-05;5;97
26;2025-11-05;6;473
26;2025-11-05;7;1080
26;2025-11-05;8;2381
26;2025-11-05;9;1470
26;2025-11-05;10;1283
26;2025-11-05;11;1126
26;2025-11-05;12;1222
26;2025-11-05;13;1268
26;2025-11-05;14;1453
26;2025-11-05;15;1412
26;2025-11-05;16;1524
26;2025-11-05;17;1760
26;2025-11-05;18;1837
26;2025-11-05;19;1223
26;2025-11-05;20;816
26;2025-11-05;21;543
26;2025-11-05;22;221
26;2025-11-05;23;136
26;2025-11-06;0;45
26;2025-11-06;1;2
26;2025-11-06;2;0
26;2025-11-06;3;0
26;2025-11-06;4;1
26;2025-11-06;5;98
26;2025-11-06;6;460
26;2025-11-06;7;1063
26;2025-11-06;8;2396
26;2025-11-06;9;1537
26;2025-11-06;10;1243
26;2025-11-06;11;1182
26;2025-11-06;12;1196
26;2025-11-06;13;1285
26;2025-11-06;14;1418
26;2025-11-06;15;1422
26;2025-11-06;16;1560
26;2025-11-06;17;1862
26;2025-11-06;18;1923
26;2025-11-06;19;1296
26;2025-11-06;20;780
26;2025-11-06;21;519
26;2025-11-06;22;209
26;2025-11-06;23;149
26;2025-11-07;0;39
26;2025-11-07;1;2
26;2025-11-07;2;0
26;2025-11-07;3;0
26;2025-11-07;4;1
26;2025-11-07;5;85
26;2025-11-07;6;466
26;2025-11-07;7;1002
26;2025-11-07;8;2207
26;2025-11-07;9;1376
26;2025-11-07;10;1222
26;2025-11-07;11;1060
26;2025-11-07;12;1119
26;2025-11-07;13;1167
26;2025-11-07;14;1360
26;2025-11-07;15;1390
26;2025-11-07;16;1635
26;2025-11-07;17;1802
26;2025-11-07;18;1350
26;2025-11-07;19;1100
26;2025-11-07;20;712
26;2025-11-07;21;477
26;2025-11-07;22;204
26;2025-11-07;23;168
26;2025-11-08;0;50
26;2025-11-08;1;3
26;2025-11-08;2;0
26;2025-11-08;3;0
26;2025-11-08;4;2
26;2025-11-08;5;54
26;2025-11-08;6;246
26;2025-11-08;7;378
26;2025-11-08;8;698
26;2025-11-08;9;733
26;2025-11-08;10;860
26;2025-11-08;11;1028
26;2025-11-08;12;1083
26;2025-11-08;13;1120
26;2025-11-08;14;1200
26;2025-11-08;15;1012
26;2025-11-08;16;1050
26;2025-11-08;17;1034
26;2025-11-08;18;916
26;2025-11-08;19;855
26;2025-11-08;20;583
26;2025-11-08;21;405
26;2025-11-08;22;210
26;2025-11-08;23;164
26;2025-11-09;0;55
26;2025-11-09;1;5
26;2025-11-09;2;0
26;2025-11-09;3;0
26;2025-11-09;4;2
26;2025-11-09;5;33
26;2025-11-09;6;154
26;2025-11-09;7;275
26;2025-11-09;8;457
26;2025-11-09;9;568
26;2025-11-09;10;632
26;2025-11-09;11;868
26;2025-11-09;12;871
26;2025-11-09;13;978
26;2025-11-09;14;1009
26;2025-11-09;15;872
26;2025-11-09;16;863
26;2025-11-09;17;886
26;2025-11-09;18;748
26;2025-11-09;19;583
26;2025-11-09;20;440
26;2025-11-09;21;317
26;2025-11-09;22;188
26;2025-11-09;23;118
26;2025-11-10;0;34
26;2025-11-10;1;4
26;2025-11-10;2;1
26;2025-11-10;3;1
26;2025-11-10;4;4
26;2025-11-10;5;102
26;2025-11-10;6;487
26;2025-11-10;7;1147
26;2025-11-10;8;2296
26;2025-11-10;9;1510
26;2025-11-10;10;1252
26;2025-11-10;11;1119
26;2025-11-10;12;1145
26;2025-11-10;13;1255
26;2025-11-10;14;1356
26;2025-11-10;15;1407
26;2025-11-10;16;1524
26;2025-11-10;17;1810
26;2025-11-10;18;1966
26;2025-11-10;19;1290
26;2025-11-10;20;803
26;2025-11-10;21;504
26;2025-11-10;22;207
26;2025-11-10;23;115
26;2025-11-11;0;35
26;2025-11-11;1;3
26;2025-11-11;2;1
26;2025-11-11;3;1
26;2025-11-11;4;4
26;2025-11-11;5;96
26;2025-11-11;6;492
26;2025-11-11;7;1150
26;2025-11-11;8;2451
26;2025-11-11;9;1526
26;2025-11-11;10;1277
26;2025-11-11;11;1141
26;2025-11-11;12;1200
26;2025-11-11;13;1257
26;2025-11-11;14;1356
26;2025-11-11;15;1398
26;2025-11-11;16;1553
26;2025-11-11;17;1868
26;2025-11-11;18;1956
26;2025-11-11;19;1367
26;2025-11-11;20;816
26;2025-11-11;21;508
26;2025-11-11;22;229
26;2025-11-11;23;129
26;2025-11-12;0;33
26;2025-11-12;1;1
26;2025-11-12;2;0
26;2025-11-12;3;0
26;2025-11-12;4;1
26;2025-11-12;5;93
26;2025-11-12;6;464
26;2025-11-12;7;1062
26;2025-11-12;8;2335
26;2025-11-12;9;1442
26;2025-11-12;10;1230
26;2025-11-12;11;1095
26;2025-11-12;12;1151
26;2025-11-12;13;1220
26;2025-11-12;14;1401
26;2025-11-12;15;1359
26;2025-11-12;16;1478
26;2025-11-12;17;1693
26;2025-11-12;18;1780
26;2025-11-12;19;1183
26;2025-11-12;20;783
26;2025-11-12;21;522
26;2025-11-12;22;220
26;2025-11-12;23;133
26;2025-11-13;0;41
26;2025-11-13;1;1
26;2025-11-13;2;0
26;2025-11-13;3;0
26;2025-11-13;4;0
26;2025-11-13;5;92
26;2025-11-13;6;449
26;2025-11-13;7;1064
26;2025-11-13;8;2304
26;2025-11-13;9;1480
26;2025-11-13;10;1199
26;2025-11-13;11;1141
26;2025-11-13;12;1133
26;2025-11-13;13;1215
26;2025-11-13;14;1340
26;2025-11-13;15;1365
26;2025-11-13;16;1499
26;2025-11-13;17;1771
26;2025-11-13;18;1871
26;2025-11-13;19;1245
26;2025-11-13;20;772
26;2025-11-13;21;496
26;2025-11-13;22;217
26;2025-11-13;23;142
26;2025-11-14;0;37
26;2025-11-14;1;2
26;2025-11-14;2;0
26;2025-11-14;3;0
26;2025-11-14;4;0
26;2025-11-14;5;85
26;2025-11-14;6;455
26;2025-11-14;7;993
26;2025-11-14;8;2159
26;2025-11-14;9;1335
26;2025-11-14;10;1184
26;2025-11-14;11;1046
26;2025-11-14;12;1089
26;2025-11-14;13;1172
26;2025-11-14;14;1321
26;2025-11-14;15;1357
26;2025-11-14;16;1582
26;2025-11-14;17;1729
26;2025-11-14;18;1372
26;2025-11-14;19;1076
26;2025-11-14;20;719
26;2025-11-14;21;472
26;2025-11-14;22;207
26;2025-11-14;23;165
26;2025-11-15;0;38
26;2025-11-15;1;0
26;2025-11-15;2;0
26;2025-11-15;3;0
26;2025-11-15;4;0
26;2025-11-15;5;43
26;2025-11-15;6;213
26;2025-11-15;7;340
26;2025-11-15;8;624
26;2025-11-15;9;640
26;2025-11-15;10;754
26;2025-11-15;11;894
26;2025-11-15;12;926
26;2025-11-15;13;961
26;2025-11-15;14;1046
26;2025-11-15;15;874
26;2025-11-15;16;928
26;2025-11-15;17;885
26;2025-11-15;18;797
26;2025-11-15;19;718
26;2025-11-15;20;483
26;2025-11-15;21;342
26;2025-11-15;22;182
26;2025-11-15;23;137
26;2025-11-16;0;47
26;2025-11-16;1;4
26;2025-11-16;2;0
26;2025-11-16;3;0
26;2025-11-16;4;1
26;2025-11-16;5;31
26;2025-11-16;6;149
26;2025-11-16;7;269
26;2025-11-16;8;445
26;2025-11-16;9;546
26;2025-11-16;10;618
26;2025-11-16;11;839
26;2025-11-16;12;822
26;2025-11-16;13;931
26;2025-11-16;14;984
26;2025-11-16;15;830
26;2025-11-16;16;845
26;2025-11-16;17;843
26;2025-11-16;18;721
26;2025-11-16;19;555
26;2025-11-16;20;405
26;2025-11-16;21;307
26;2025-11-16;22;188
26;2025-11-16;23;113
26;2025-11-17;0;31
26;2025-11-17;1;3
26;2025-11-17;2;0
26;2025-11-17;3;0
26;2025-11-17;4;3
26;2025-11-17;5;98
26;2025-11-17;6;463
26;2025-11-17;7;1104
26;2025-11-17;8;2304
26;2025-11-17;9;1473
26;2025-11-17;10;1237
26;2025-11-17;11;1103
26;2025-11-17;12;1104
26;2025-11-17;13;1235
26;2025-11-17;14;1362
26;2025-11-17;15;1366
26;2025-11-17;16;1516
26;2025-11-17;17;1780
26;2025-11-17;18;1910
26;2025-11-17;19;1251
26;2025-11-17;20;760
26;2025-11-17;21;495
26;2025-11-17;22;206
26;2025-11-17;23;114
26;2025-11-18;0;28
26;2025-11-18;1;1
26;2025-11-18;2;0
26;2025-11-18;3;0
26;2025-11-18;4;1
26;2025-11-18;5;83
26;2025-11-18;6;434
26;2025-11-18;7;1025
26;2025-11-18;8;2249
26;2025-11-18;9;1367
26;2025-11-18;10;1157
26;2025-11-18;11;1036
26;2025-11-18;12;1073
26;2025-11-18;13;1149
26;2025-11-18;14;1240
26;2025-11-18;15;1247
26;2025-11-18;16;1431
26;2025-11-18;17;1669
26;2025-11-18;18;1739
26;2025-11-18;19;1211
26;2025-11-18;20;720
26;2025-11-18;21;458
26;2025-11-18;22;210
26;2025-11-18;23;116
26;2025-11-19;0;33
26;2025-11-19;1;1
26;2025-11-19;2;0
26;2025-11-19;3;0
26;2025-11-19;4;2
26;2025-11-19;5;95
26;2025-11-19;6;470
26;2025-11-19;7;1083
26;2025-11-19;8;2376
26;2025-11-19;9;1464
26;2025-11-19;10;1245
26;2025-11-19;11;1121
26;2025-11-19;12;1150
26;2025-11-19;13;1232
26;2025-11-19;14;1434
26;2025-11-19;15;1380
26;2025-11-19;16;1506
26;2025-11-19;17;1721
26;2025-11-19;18;1798
26;2025-11-19;19;1195
26;2025-11-19;20;766
26;2025-11-19;21;534
26;2025-11-19;22;230
26;2025-11-19;23;139
26;2025-11-20;0;38
26;2025-11-20;1;1
26;2025-11-20;2;0
26;2025-11-20;3;0
26;2025-11-20;4;1
26;2025-11-20;5;90
26;2025-11-20;6;441
26;2025-11-20;7;1062
26;2025-11-20;8;2305
26;2025-11-20;9;1465
26;2025-11-20;10;1200
26;2025-11-20;11;1150
26;2025-11-20;12;1111
26;2025-11-20;13;1210
26;2025-11-20;14;1355
26;2025-11-20;15;1356
26;2025-11-20;16;1498
26;2025-11-20;17;1761
26;2025-11-20;18;1852
26;2025-11-20;19;1226
26;2025-11-20;20;747
26;2025-11-20;21;497
26;2025-11-20;22;225
26;2025-11-20;23;144
26;2025-11-21;0;37
26;2025-11-21;1;2
26;2025-11-21;2;0
26;2025-11-21;3;0
26;2025-11-21;4;1
26;2025-11-21;5;88
26;2025-11-21;6;461
26;2025-11-21;7;1047
26;2025-11-21;8;2193
26;2025-11-21;9;1366
26;2025-11-21;10;1216
26;2025-11-21;11;1083
26;2025-11-21;12;1111
26;2025-11-21;13;1207
26;2025-11-21;14;1357
26;2025-11-21;15;1395
26;2025-11-21;16;1622
26;2025-11-21;17;1735
26;2025-11-21;18;1414
26;2025-11-21;19;1084
26;2025-11-21;20;722
26;2025-11-21;21;478
26;2025-11-21;22;218
26;2025-11-21;23;170
26;2025-11-22;0;48
26;2025-11-22;1;3
26;2025-11-22;2;1
26;2025-11-22;3;1
26;2025-11-22;4;3
26;2025-11-22;5;54
26;2025-11-22;6;249
26;2025-11-22;7;393
26;2025-11-22;8;718
26;2025-11-22;9;741
26;2025-11-22;10;865
26;2025-11-22;11;1034
26;2025-11-22;12;1065
26;2025-11-22;13;1111
26;2025-11-22;14;1220
26;2025-11-22;15;1016
26;2025-11-22;16;1060
26;2025-11-22;17;1032
26;2025-11-22;18;919
26;2025-11-22;19;840
26;2025-11-22;20;551
26;2025-11-22;21;402
26;2025-11-22;22;212
26;2025-11-22;23;164
26;2025-11-23;0;51
26;2025-11-23;1;5
26;2025-11-23;2;0
26;2025-11-23;3;0
26;2025-11-23;4;2
26;2025-11-23;5;34
26;2025-11-23;6;152
26;2025-11-23;7;278
26;2025-11-23;8;465
26;2025-11-23;9;570
26;2025-11-23;10;642
26;2025-11-23;11;871
26;2025-11-23;12;856
26;2025-11-23;13;974
26;2025-11-23;14;1031
26;2025-11-23;15;870
26;2025-11-23;16;881
26;2025-11-23;17;887
26;2025-11-23;18;750
26;2025-11-23;19;578
26;2025-11-23;20;425
26;2025-11-23;21;319
26;2025-11-23;22;193
26;2025-11-23;23;117
26;2025-11-24;0;32
26;2025-11-24;1;3
26;2025-11-24;2;0
26;2025-11-24;3;0
26;2025-11-24;4;1
26;2025-11-24;5;97
26;2025-11-24;6;456
26;2025-11-24;7;1091
26;2025-11-24;8;2314
26;2025-11-24;9;1481
26;2025-11-24;10;1231
26;2025-11-24;11;1086
26;2025-11-24;12;1114
26;2025-11-24;13;1247
26;2025-11-24;14;1351
26;2025-11-24;15;1368
26;2025-11-24;16;1519
26;2025-11-24;17;1787
26;2025-11-24;18;1913
26;2025-11-24;19;1250
26;2025-11-24;20;783
26;2025-11-24;21;486
26;2025-11-24;22;198
26;2025-11-24;23;109
26;2025-11-25;0;30
26;2025-11-25;1;0
26;2025-11-25;2;0
26;2025-11-25;3;0
26;2025-11-25;4;0
26;2025-11-25;5;86
26;2025-11-25;6;452
26;2025-11-25;7;1070
26;2025-11-25;8;2322
26;2025-11-25;9;1423
26;2025-11-25;10;1183
26;2025-11-25;11;1044
26;2025-11-25;12;1117
26;2025-11-25;13;1183
26;2025-11-25;14;1277
26;2025-11-25;15;1299
26;2025-11-25;16;1467
26;2025-11-25;17;1760
26;2025-11-25;18;1807
26;2025-11-25;19;1263
26;2025-11-25;20;771
26;2025-11-25;21;468
26;2025-11-25;22;210
26;2025-11-25;23;118
26;2025-11-26;0;32
26;2025-11-26;1;0
26;2025-11-26;2;0
26;2025-11-26;3;0
26;2025-11-26;4;0
26;2025-11-26;5;91
26;2025-11-26;6;448
26;2025-11-26;7;1046
26;2025-11-26;8;2306
26;2025-11-26;9;1431
26;2025-11-26;10;1196
26;2025-11-26;11;1064
26;2025-11-26;12;1119
26;2025-11-26;13;1195
26;2025-11-26;14;1370
26;2025-11-26;15;1340
26;2025-11-26;16;1450
26;2025-11-26;17;1671
26;2025-11-26;18;1739
26;2025-11-26;19;1152
26;2025-11-26;20;766
26;2025-11-26;21;500
26;2025-11-26;22;210
26;2025-11-26;23;129
26;2025-11-27;0;39
26;2025-11-27;1;0
26;2025-11-27;2;0
26;2025-11-27;3;0
26;2025-11-27;4;0
26;2025-11-27;5;89
26;2025-11-27;6;432
26;2025-11-27;7;1044
26;2025-11-27;8;2314
26;2025-11-27;9;1465
26;2025-11-27;10;1187
26;2025-11-27;11;1132
26;2025-11-27;12;1113
26;2025-11-27;13;1216
26;2025-11-27;14;1333
26;2025-11-27;15;1354
26;2025-11-27;16;1484
26;2025-11-27;17;1766
26;2025-11-27;18;1849
26;2025-11-27;19;1225
26;2025-11-27;20;771
26;2025-11-27;21;488
26;2025-11-27;22;215
26;2025-11-27;23;139
26;2025-11-28;0;37
26;2025-11-28;1;1
26;2025-11-28;2;0
26;2025-11-28;3;0
26;2025-11-28;4;0
26;2025-11-28;5;88
26;2025-11-28;6;447
26;2025-11-28;7;1022
26;2025-11-28;8;2193
26;2025-11-28;9;1357
26;2025-11-28;10;1195
26;2025-11-28;11;1059
26;2025-11-28;12;1109
26;2025-11-28;13;1222
26;2025-11-28;14;1342
26;2025-11-28;15;1394
26;2025-11-28;16;1596
26;2025-11-28;17;1737
26;2025-11-28;18;1411
26;2025-11-28;19;1077
26;2025-11-28;20;740
26;2025-11-28;21;469
26;2025-11-28;22;206
26;2025-11-28;23;165
26;2025-11-29;0;48
26;2025-11-29;1;3
26;2025-11-29;2;0
26;2025-11-29;3;0
26;2025-11-29;4;2
26;2025-11-29;5;53
26;2025-11-29;6;250
26;2025-11-29;7;384
26;2025-11-29;8;708
26;2025-11-29;9;731
26;2025-11-29;10;846
26;2025-11-29;11;1016
26;2025-11-29;12;1058
26;2025-11-29;13;1104
26;2025-11-29;14;1200
26;2025-11-29;15;1003
26;2025-11-29;16;1040
26;2025-11-29;17;1018
26;2025-11-29;18;911
26;2025-11-29;19;833
26;2025-11-29;20;555
26;2025-11-29;21;396
26;2025-11-29;22;205
26;2025-11-29;23;158
26;2025-11-30;0;51
26;2025-11-30;1;4
26;2025-11-30;2;0
26;2025-11-30;3;0
26;2025-11-30;4;0
26;2025-11-30;5;32
26;2025-11-30;6;148
26;2025-11-30;7;268
26;2025-11-30;8;452
26;2025-11-30;9;555
26;2025-11-30;10;623
26;2025-11-30;11;841
26;2025-11-30;12;843
26;2025-11-30;13;958
26;2025-11-30;14;998
26;2025-11-30;15;850
26;2025-11-30;16;858
26;2025-11-30;17;865
26;2025-11-30;18;735
26;2025-11-30;19;565
26;2025-11-30;20;428
26;2025-11-30;21;309
26;2025-11-30;22;184
26;2025-11-30;23;111
26;2025-12-01;0;30
26;2025-12-01;1;2
26;2025-12-01;2;0
26;2025-12-01;3;0
26;2025-12-01;4;1
26;2025-12-01;5;94
26;2025-12-01;6;459
26;2025-12-01;7;1096
26;2025-12-01;8;2216
26;2025-12-01;9;1442
26;2025-12-01;10;1198
26;2025-12-01;11;1052
26;2025-12-01;12;1085
26;2025-12-01;13;1196
26;2025-12-01;14;1307
26;2025-12-01;15;1335
26;2025-12-01;16;1474
26;2025-12-01;17;1733
26;2025-12-01;18;1882
26;2025-12-01;19;1227
26;2025-12-01;20;768
26;2025-12-01;21;474
26;2025-12-01;22;197
26;2025-12-01;23;107
26;2025-12-02;0;29
26;2025-12-02;1;0
26;2025-12-02;2;0
26;2025-12-02;3;0
26;2025-12-02;4;0
26;2025-12-02;5;85
26;2025-12-02;6;450
26;2025-12-02;7;1068
26;2025-12-02;8;2308
26;2025-12-02;9;1410
26;2025-12-02;10;1173
26;2025-12-02;11;1034
26;2025-12-02;12;1109
26;2025-12-02;13;1174
26;2025-12-02;14;1267
26;2025-12-02;15;1288
26;2025-12-02;16;1460
26;2025-12-02;17;1744
26;2025-12-02;18;1794
26;2025-12-02;19;1252
26;2025-12-02;20;766
26;2025-12-02;21;464
26;2025-12-02;22;211
26;2025-12-02;23;117
26;2025-12-03;0;31
26;2025-12-03;1;0
26;2025-12-03;2;0
26;2025-12-03;3;0
26;2025-12-03;4;0
26;2025-12-03;5;89
26;2025-12-03;6;455
26;2025-12-03;7;1058
26;2025-12-03;8;2280
26;2025-12-03;9;1420
26;2025-12-03;10;1188
26;2025-12-03;11;1065
26;2025-12-03;12;1110
26;2025-12-03;13;1187
26;2025-12-03;14;1365
26;2025-12-03;15;1333
26;2025-12-03;16;1440
26;2025-12-03;17;1650
26;2025-12-03;18;1732
26;2025-12-03;19;1145
26;2025-12-03;20;750
26;2025-12-03;21;501
26;2025-12-03;22;215
26;2025-12-03;23;130
26;2025-12-04;0;37
26;2025-12-04;1;0
26;2025-12-04;2;0
26;2025-12-04;3;0
26;2025-12-04;4;0
26;2025-12-04;5;87
26;2025-12-04;6;434
26;2025-12-04;7;1049
26;2025-12-04;8;2237
26;2025-12-04;9;1435
26;2025-12-04;10;1165
26;2025-12-04;11;1107
26;2025-12-04;12;1089
26;2025-12-04;13;1176
26;2025-12-04;14;1294
26;2025-12-04;15;1327
26;2025-12-04;16;1453
26;2025-12-04;17;1717
26;2025-12-04;18;1825
26;2025-12-04;19;1202
26;2025-12-04;20;758
26;2025-12-04;21;478
26;2025-12-04;22;217
26;2025-12-04;23;137
26;2025-12-05;0;35
26;2025-12-05;1;1
26;2025-12-05;2;0
26;2025-12-05;3;0
26;2025-12-05;4;0
26;2025-12-05;5;85
26;2025-12-05;6;442
26;2025-12-05;7;1015
26;2025-12-05;8;2112
26;2025-12-05;9;1318
26;2025-12-05;10;1164
26;2025-12-05;11;1030
26;2025-12-05;12;1080
26;2025-12-05;13;1185
26;2025-12-05;14;1299
26;2025-12-05;15;1359
26;2025-12-05;16;1554
26;2025-12-05;17;1675
26;2025-12-05;18;1381
26;2025-12-05;19;1046
26;2025-12-05;20;721
26;2025-12-05;21;455
26;2025-12-05;22;205
26;2025-12-05;23;161
26;2025-12-06;0;44
26;2025-12-06;1;1
26;2025-12-06;2;0
26;2025-12-06;3;0
26;2025-12-06;4;0
26;2025-12-06;5;48
26;2025-12-06;6;242
26;2025-12-06;7;367
26;2025-12-06;8;665
26;2025-12-06;9;689
26;2025-12-06;10;800
26;2025-12-06;11;957
26;2025-12-06;12;999
26;2025-12-06;13;1033
26;2025-12-06;14;1124
26;2025-12-06;15;944
26;2025-12-06;16;984
26;2025-12-06;17;952
26;2025-12-06;18;865
26;2025-12-06;19;786
26;2025-12-06;20;528
26;2025-12-06;21;374
26;2025-12-06;22;197
26;2025-12-06;23;148
26;2025-12-07;0;45
26;2025-12-07;1;2
26;2025-12-07;2;0
26;2025-12-07;3;0
26;2025-12-07;4;0
26;2025-12-07;5;28
26;2025-12-07;6;140
26;2025-12-07;7;252
26;2025-12-07;8;420
26;2025-12-07;9;515
26;2025-12-07;10;582
26;2025-12-07;11;784
26;2025-12-07;12;785
26;2025-12-07;13;889
26;2025-12-07;14;926
26;2025-12-07;15;790
26;2025-12-07;16;802
26;2025-12-07;17;799
26;2025-12-07;18;688
26;2025-12-07;19;525
26;2025-12-07;20;399
26;2025-12-07;21;288
26;2025-12-07;22;174
26;2025-12-07;23;102
26;2025-12-08;0;28
26;2025-12-08;1;0
26;2025-12-08;2;0
26;2025-12-08;3;0
26;2025-12-08;4;0
26;2025-12-08;5;88
26;2025-12-08;6;440
26;2025-12-08;7;1046
26;2025-12-08;8;2137
26;2025-12-08;9;1379
26;2025-12-08;10;1149
26;2025-12-08;11;1011
26;2025-12-08;12;1039
26;2025-12-08;13;1154
26;2025-12-08;14;1262
26;2025-12-08;15;1278
26;2025-12-08;16;1417
26;2025-12-08;17;1663
26;2025-12-08;18;1801
26;2025-12-08;19;1172
26;2025-12-08;20;735
26;2025-12-08;21;455
26;2025-12-08;22;190
26;2025-12-08;23;102
26;2025-12-09;0;28
26;2025-12-09;1;0
26;2025-12-09;2;0
26;2025-12-09;3;0
26;2025-12-09;4;0
26;2025-12-09;5;80
26;2025-12-09;6;436
26;2025-12-09;7;1018
26;2025-12-09;8;2245
26;2025-12-09;9;1356
26;2025-12-09;10;1132
26;2025-12-09;11;1005
26;2025-12-09;12;1070
26;2025-12-09;13;1143
26;2025-12-09;14;1234
26;2025-12-09;15;1241
26;2025-12-09;16;1413
26;2025-12-09;17;1687
26;2025-12-09;18;1734
26;2025-12-09;19;1209
26;2025-12-09;20;740
26;2025-12-09;21;453
26;2025-12-09;22;205
26;2025-12-09;23;113
26;2025-12-10;0;29
26;2025-12-10;1;0
26;2025-12-10;2;0
26;2025-12-10;3;0
26;2025-12-10;4;0
26;2025-12-10;5;84
26;2025-12-10;6;435
26;2025-12-10;7;1004
26;2025-12-10;8;2187
26;2025-12-10;9;1353
26;2025-12-10;10;1136
26;2025-12-10;11;1014
26;2025-12-10;12;1057
26;2025-12-10;13;1134
26;2025-12-10;14;1303
26;2025-12-10;15;1267
26;2025-12-10;16;1378
26;2025-12-10;17;1572
26;2025-12-10;18;1656
26;2025-12-10;19;1090
26;2025-12-10;20;722
26;2025-12-10;21;478
26;2025-12-10;22;205
26;2025-12-10;23;123
26;2025-12-11;0;33
26;2025-12-11;1;0
26;2025-12-11;2;0
26;2025-12-11;3;0
26;2025-12-11;4;0
26;2025-12-11;5;78
26;2025-12-11;6;406
26;2025-12-11;7;970
26;2025-12-11;8;2095
26;2025-12-11;9;1330
26;2025-12-11;10;1085
26;2025-12-11;11;1032
26;2025-12-11;12;1014
26;2025-12-11;13;1103
26;2025-12-11;14;1205
26;2025-12-11;15;1228
26;2025-12-11;16;1356
26;2025-12-11;17;1586
26;2025-12-11;18;1696
26;2025-12-11;19;1114
26;2025-12-11;20;707
26;2025-12-11;21;446
26;2025-12-11;22;202
26;2025-12-11;23;125
26;2025-12-12;0;30
26;2025-12-12;1;0
26;2025-12-12;2;0
26;2025-12-12;3;0
26;2025-12-12;4;0
26;2025-12-12;5;76
26;2025-12-12;6;413
26;2025-12-12;7;938
26;2025-12-12;8;1976
26;2025-12-12;9;1222
26;2025-12-12;10;1083
26;2025-12-12;11;959
26;2025-12-12;12;1004
26;2025-12-12;13;1108
26;2025-12-12;14;1206
26;2025-12-12;15;1256
26;2025-12-12;16;1446
26;2025-12-12;17;1547
26;2025-12-12;18;1291
26;2025-12-12;19;972
26;2025-12-12;20;674
26;2025-12-12;21;425
26;2025-12-12;22;190
26;2025-12-12;23;147
26;2025-12-13;0;35
26;2025-12-13;1;0
26;2025-12-13;2;0
26;2025-12-13;3;0
26;2025-12-13;4;0
26;2025-12-13;5;39
26;2025-12-13;6;219
26;2025-12-13;7;329
26;2025-12-13;8;604
26;2025-12-13;9;619
26;2025-12-13;10;721
26;2025-12-13;11;858
26;2025-12-13;12;891
26;2025-12-13;13;923
26;2025-12-13;14;997
26;2025-12-13;15;838
26;2025-12-13;16;889
26;2025-12-13;17;848
26;2025-12-13;18;781
26;2025-12-13;19;705
26;2025-12-13;20;474
26;2025-12-13;21;336
26;2025-12-13;22;177
26;2025-12-13;23;128
26;2025-12-14;0;38
26;2025-12-14;1;0
26;2025-12-14;2;0
26;2025-12-14;3;0
26;2025-12-14;4;0
26;2025-12-14;5;23
26;2025-12-14;6;129
26;2025-12-14;7;233
26;2025-12-14;8;387
26;2025-12-14;9;474
26;2025-12-14;10;538
26;2025-12-14;11;720
26;2025-12-14;12;721
26;2025-12-14;13;816
26;2025-12-14;14;847
26;2025-12-14;15;722
26;2025-12-14;16;685
26;2025-12-14;17;728
26;2025-12-14;18;635
26;2025-12-14;19;482
26;2025-12-14;20;366
26;2025-12-14;21;264
26;2025-12-14;22;161
26;2025-12-14;23;91
26;2025-12-15;0;25
26;2025-12-15;1;0
26;2025-12-15;2;0
26;2025-12-15;3;0
26;2025-12-15;4;0
26;2025-12-15;5;83
26;2025-12-15;6;424
26;2025-12-15;7;1022
26;2025-12-15;8;2055
26;2025-12-15;9;1332
26;2025-12-15;10;1113
26;2025-12-15;11;974
26;2025-12-15;12;1006
26;2025-12-15;13;1116
26;2025-12-15;14;1218
26;2025-12-15;15;1236
26;2025-12-15;16;1375
26;2025-12-15;17;1595
26;2025-12-15;18;1734
26;2025-12-15;19;1121
26;2025-12-15;20;703
26;2025-12-15;21;433
26;2025-12-15;22;183
26;2025-12-15;23;97
26;2025-12-16;0;27
26;2025-12-16;1;0
26;2025-12-16;2;0
26;2025-12-16;3;0
26;2025-12-16;4;0
26;2025-12-16;5;78
26;2025-12-16;6;430
26;2025-12-16;7;1011
26;2025-12-16;8;2174
26;2025-12-16;9;1328
26;2025-12-16;10;1111
26;2025-12-16;11;978
26;2025-12-16;12;1053
26;2025-12-16;13;1113
26;2025-12-16;14;1194
26;2025-12-16;15;1215
26;2025-12-16;16;1387
26;2025-12-16;17;1633
26;2025-12-16;18;1698
26;2025-12-16;19;1177
26;2025-12-16;20;727
26;2025-12-16;21;439
26;2025-12-16;22;202
26;2025-12-16;23;110
26;2025-12-17;0;27
26;2025-12-17;1;0
26;2025-12-17;2;0
26;2025-12-17;3;0
26;2025-12-17;4;0
26;2025-12-17;5;81
26;2025-12-17;6;432
26;2025-12-17;7;991
26;2025-12-17;8;2114
26;2025-12-17;9;1319
26;2025-12-17;10;1110
26;2025-12-17;11;991
26;2025-12-17;12;1033
26;2025-12-17;13;1103
26;2025-12-17;14;1261
26;2025-12-17;15;1235
26;2025-12-17;16;1346
26;2025-12-17;17;1520
26;2025-12-17;18;1622
26;2025-12-17;19;1065
26;2025-12-17;20;703
26;2025-12-17;21;468
26;2025-12-17;22;203
26;2025-12-17;23;120
26;2025-12-18;0;32
26;2025-12-18;1;0
26;2025-12-18;2;0
26;2025-12-18;3;0
26;2025-12-18;4;0
26;2025-12-18;5;78
26;2025-12-18;6;412
26;2025-12-18;7;983
26;2025-12-18;8;2056
26;2025-12-18;9;1324
26;2025-12-18;10;1083
26;2025-12-18;11;1024
26;2025-12-18;12;1011
26;2025-12-18;13;1086
26;2025-12-18;14;1185
26;2025-12-18;15;1222
26;2025-12-18;16;1350
26;2025-12-18;17;1565
26;2025-12-18;18;1697
26;2025-12-18;19;1110
26;2025-12-18;20;706
26;2025-12-18;21;443
26;2025-12-18;22;205
26;2025-12-18;23;125
26;2025-12-19;0;30
26;2025-12-19;1;0
26;2025-12-19;2;0
26;2025-12-19;3;0
26;2025-12-19;4;0
26;2025-12-19;5;76
26;2025-12-19;6;419
26;2025-12-19;7;958
26;2025-12-19;8;1937
26;2025-12-19;9;1220
26;2025-12-19;10;1084
26;2025-12-19;11;954
26;2025-12-19;12;1006
26;2025-12-19;13;1097
26;2025-12-19;14;1188
26;2025-12-19;15;1256
26;2025-12-19;16;1445
26;2025-12-19;17;1524
26;2025-12-19;18;1292
26;2025-12-19;19;966
26;2025-12-19;20;672
26;2025-12-19;21;421
26;2025-12-19;22;193
26;2025-12-19;23;147
26;2025-12-20;0;36
26;2025-12-20;1;0
26;2025-12-20;2;0
26;2025-12-20;3;0
26;2025-12-20;4;0
26;2025-12-20;5;40
26;2025-12-20;6;230
26;2025-12-20;7;343
26;2025-12-20;8;588
26;2025-12-20;9;619
26;2025-12-20;10;733
26;2025-12-20;11;849
26;2025-12-20;12;898
26;2025-12-20;13;909
26;2025-12-20;14;990
26;2025-12-20;15;844
26;2025-12-20;16;897
26;2025-12-20;17;836
26;2025-12-20;18;791
26;2025-12-20;19;701
26;2025-12-20;20;479
26;2025-12-20;21;337
26;2025-12-20;22;186
26;2025-12-20;23;130
26;2025-12-21;0;37
26;2025-12-21;1;0
26;2025-12-21;2;0
26;2025-12-21;3;0
26;2025-12-21;4;0
26;2025-12-21;5;22
26;2025-12-21;6;133
26;2025-12-21;7;235
26;2025-12-21;8;372
26;2025-12-21;9;464
26;2025-12-21;10;537
26;2025-12-21;11;700
26;2025-12-21;12;711
26;2025-12-21;13;789
26;2025-12-21;14;824
26;2025-12-21;15;711
26;2025-12-21;16;732
26;2025-12-21;17;707
26;2025-12-21;18;633
26;2025-12-21;19;472
26;2025-12-21;20;364
26;2025-12-21;21;261
26;2025-12-21;22;165
26;2025-12-21;23;90
26;2025-12-22;0;25
26;2025-12-22;1;0
26;2025-12-22;2;0
26;2025-12-22;3;0
26;2025-12-22;4;0
26;2025-12-22;5;80
26;2025-12-22;6;422
26;2025-12-22;7;984
26;2025-12-22;8;1983
26;2025-12-22;9;1281
26;2025-12-22;10;1088
26;2025-12-22;11;939
26;2025-12-22;12;972
26;2025-12-22;13;1077
26;2025-12-22;14;1188
26;2025-12-22;15;1195
26;2025-12-22;16;1335
26;2025-12-22;17;1545
26;2025-12-22;18;1697
26;2025-12-22;19;1087
26;2025-12-22;20;688
26;2025-12-22;21;430
26;2025-12-22;22;183
26;2025-12-22;23;95
26;2025-12-23;0;24
26;2025-12-23;1;0
26;2025-12-23;2;0
26;2025-12-23;3;0
26;2025-12-23;4;0
26;2025-12-23;5;74
26;2025-12-23;6;427
26;2025-12-23;7;983
26;2025-12-23;8;2088
26;2025-12-23;9;1279
26;2025-12-23;10;1085
26;2025-12-23;11;944
26;2025-12-23;12;1017
26;2025-12-23;13;1077
26;2025-12-23;14;1163
26;2025-12-23;15;1174
26;2025-12-23;16;1349
26;2025-12-23;17;1571
26;2025-12-23;18;1650
26;2025-12-23;19;1130
26;2025-12-23;20;698
26;2025-12-23;21;429
26;2025-12-23;22;201
26;2025-12-23;23;106
26;2025-12-24;0;24
26;2025-12-24;1;0
26;2025-12-24;2;0
26;2025-12-24;3;0
26;2025-12-24;4;0
26;2025-12-24;5;77
26;2025-12-24;6;428
26;2025-12-24;7;974
26;2025-12-24;8;2034
26;2025-12-24;9;1278
26;2025-12-24;10;1091
26;2025-12-24;11;953
26;2025-12-24;12;1004
26;2025-12-24;13;1068
26;2025-12-24;14;1225
26;2025-12-24;15;1199
26;2025-12-24;16;1318
26;2025-12-24;17;1464
26;2025-12-24;18;1580
26;2025-12-24;19;1021
26;2025-12-24;20;680
26;2025-12-24;21;452
26;2025-12-24;22;201
26;2025-12-24;23;114
26;2025-12-25;0;26
26;2025-12-25;1;0
26;2025-12-25;2;0
26;2025-12-25;3;0
26;2025-12-25;4;0
26;2025-12-25;5;68
26;2025-12-25;6;436
26;2025-12-25;7;999
26;2025-12-25;8;1836
26;2025-12-25;9;1270
26;2025-12-25;10;1057
26;2025-12-25;11;962
26;2025-12-25;12;979
26;2025-12-25;13;996
26;2025-12-25;14;1060
26;2025-12-25;15;1155
26;2025-12-25;16;1307
26;2025-12-25;17;1426
26;2025-12-25;18;1652
26;2025-12-25;19;1062
26;2025-12-25;20;694
26;2025-12-25;21;417
26;2025-12-25;22;209
26;2025-12-25;23;113
26;2025-12-26;0;19
26;2025-12-26;1;0
26;2025-12-26;2;0
26;2025-12-26;3;0
26;2025-12-26;4;0
26;2025-12-26;5;61
26;2025-12-26;6;440
26;2025-12-26;7;960
26;2025-12-26;8;1774
26;2025-12-26;9;1178
26;2025-12-26;10;1059
26;2025-12-26;11;906
26;2025-12-26;12;975
26;2025-12-26;13;1016
26;2025-12-26;14;1073
26;2025-12-26;15;1188
26;2025-12-26;16;1405
26;2025-12-26;17;1410
26;2025-12-26;18;1270
26;2025-12-26;19;936
26;2025-12-26;20;667
26;2025-12-26;21;396
26;2025-12-26;22;194
26;2025-12-26;23;129
26;2025-12-27;0;27
26;2025-12-27;1;0
26;2025-12-27;2;0
26;2025-12-27;3;0
26;2025-12-27;4;0
26;2025-12-27;5;30
26;2025-12-27;6;247
26;2025-12-27;7;357
26;2025-12-27;8;542
26;2025-12-27;9;610
26;2025-12-27;10;719
26;2025-12-27;11;822
26;2025-12-27;12;884
26;2025-12-27;13;854
26;2025-12-27;14;897
26;2025-12-27;15;812
26;2025-12-27;16;879
26;2025-12-27;17;779
26;2025-12-27;18;786
26;2025-12-27;19;690
26;2025-12-27;20;474
26;2025-12-27;21;317
26;2025-12-27;22;189
26;2025-12-27;23;117
26;2025-12-28;0;29
26;2025-12-28;1;0
26;2025-12-28;2;0
26;2025-12-28;3;0
26;2025-12-28;4;0
26;2025-12-28;5;13
26;2025-12-28;6;142
26;2025-12-28;7;246
26;2025-12-28;8;341
26;2025-12-28;9;460
26;2025-12-28;10;531
26;2025-12-28;11;681
26;2025-12-28;12;706
26;2025-12-28;13;743
26;2025-12-28;14;746
26;2025-12-28;15;687
26;2025-12-28;16;720
26;2025-12-28;17;659
26;2025-12-28;18;633
26;2025-12-28;19;467
26;2025-12-28;20;364
26;2025-12-28;21;246
26;2025-12-28;22;168
26;2025-12-28;23;79
26;2025-12-29;0;20
26;2025-12-29;1;0
26;2025-12-29;2;0
26;2025-12-29;3;0
26;2025-12-29;4;0
26;2025-12-29;5;71
26;2025-12-29;6;443
26;2025-12-29;7;1018
26;2025-12-29;8;1755
26;2025-12-29;9;1238
26;2025-12-29;10;1056
26;2025-12-29;11;888
26;2025-12-29;12;950
26;2025-12-29;13;986
26;2025-12-29;14;1042
26;2025-12-29;15;1131
26;2025-12-29;16;1292
26;2025-12-29;17;1391
26;2025-12-29;18;1650
26;2025-12-29;19;1045
26;2025-12-29;20;682
26;2025-12-29;21;400
26;2025-12-29;22;185
26;2025-12-29;23;86
26;2025-12-30;0;20
26;2025-12-30;1;0
26;2025-12-30;2;0
26;2025-12-30;3;0
26;2025-12-30;4;0
26;2025-12-30;5;65
26;2025-12-30;6;455
26;2025-12-30;7;1013
26;2025-12-30;8;1886
26;2025-12-30;9;1251
26;2025-12-30;10;1065
26;2025-12-30;11;905
26;2025-12-30;12;1003
26;2025-12-30;13;996
26;2025-12-30;14;1034
26;2025-12-30;15;1123
26;2025-12-30;16;1318
26;2025-12-30;17;1446
26;2025-12-30;18;1637
26;2025-12-30;19;1115
26;2025-12-30;20;715
26;2025-12-30;21;409
26;2025-12-30;22;205
26;2025-12-30;23;97
26;2025-12-31;0;28
26;2025-12-31;1;0
26;2025-12-31;2;0
26;2025-12-31;3;0
26;2025-12-31;4;0
26;2025-12-31;5;7
26;2025-12-31;6;139
26;2025-12-31;7;234
26;2025-12-31;8;325
26;2025-12-31;9;443
26;2025-12-31;10;525
26;2025-12-31;11;698
26;2025-12-31;12;716
26;2025-12-31;13;761
26;2025-12-31;14;765
26;2025-12-31;15;688
26;2025-12-31;16;729
26;2025-12-31;17;653
26;2025-12-31;18;622
26;2025-12-31;19;458
26;2025-12-31;20;362
26;2025-12-31;21;243
26;2025-12-31;22;177
26;2025-12-31;23;78
28;2025-11-01;0;4
28;2025-11-01;1;1
28;2025-11-01;2;1
28;2025-11-01;3;0
28;2025-11-01;4;2
28;2025-11-01;5;79
28;2025-11-01;6;274
28;2025-11-01;7;821
28;2025-11-01;8;1257
28;2025-11-01;9;838
28;2025-11-01;10;651
28;2025-11-01;11;595
28;2025-11-01;12;758
28;2025-11-01;13;774
28;2025-11-01;14;686
28;2025-11-01;15;779
28;2025-11-01;16;1117
28;2025-11-01;17;1131
28;2025-11-01;18;917
28;2025-11-01;19;658
28;2025-11-01;20;464
28;2025-11-01;21;323
28;2025-11-01;22;137
28;2025-11-01;23;20
28;2025-11-02;0;5
28;2025-11-02;1;2
28;2025-11-02;2;2
28;2025-11-02;3;1
28;2025-11-02;4;2
28;2025-11-02;5;35
28;2025-11-02;6;84
28;2025-11-02;7;177
28;2025-11-02;8;291
28;2025-11-02;9;353
28;2025-11-02;10;393
28;2025-11-02;11;455
28;2025-11-02;12;509
28;2025-11-02;13;551
28;2025-11-02;14;550
28;2025-11-02;15;540
28;2025-11-02;16;504
28;2025-11-02;17;553
28;2025-11-02;18;486
28;2025-11-02;19;400
28;2025-11-02;20;295
28;2025-11-02;21;241
28;2025-11-02;22;117
28;2025-11-02;23;12
28;2025-11-03;0;8
28;2025-11-03;1;7
28;2025-11-03;2;7
28;2025-11-03;3;6
28;2025-11-03;4;6
28;2025-11-03;5;43
28;2025-11-03;6;97
28;2025-11-03;7;164
28;2025-11-03;8;310
28;2025-11-03;9;364
28;2025-11-03;10;418
28;2025-11-03;11;456
28;2025-11-03;12;538
28;2025-11-03;13;571
28;2025-11-03;14;571
28;2025-11-03;15;526
28;2025-11-03;16;503
28;2025-11-03;17;570
28;2025-11-03;18;466
28;2025-11-03;19;414
28;2025-11-03;20;301
28;2025-11-03;21;265
28;2025-11-03;22;126
28;2025-11-03;23;15
28;2025-11-04;0;8
28;2025-11-04;1;7
28;2025-11-04;2;7
28;2025-11-04;3;6
28;2025-11-04;4;6
28;2025-11-04;5;40
28;2025-11-04;6;97
28;2025-11-04;7;167
28;2025-11-04;8;305
28;2025-11-04;9;363
28;2025-11-04;10;406
28;2025-11-04;11;459
28;2025-11-04;12;529
28;2025-11-04;13;571
28;2025-11-04;14;579
28;2025-11-04;15;562
28;2025-11-04;16;493
28;2025-11-04;17;558
28;2025-11-04;18;497
28;2025-11-04;19;377
28;2025-11-04;20;296
28;2025-11-04;21;281
28;2025-11-04;22;131
28;2025-11-04;23;15
28;2025-11-05;0;2
28;2025-11-05;1;0
28;2025-11-05;2;1
28;2025-11-05;3;0
28;2025-11-05;4;0
28;2025-11-05;5;78
28;2025-11-05;6;274
28;2025-11-05;7;773
28;2025-11-05;8;1353
28;2025-11-05;9;859
28;2025-11-05;10;633
28;2025-11-05;11;608
28;2025-11-05;12;757
28;2025-11-05;13;798
28;2025-11-05;14;720
28;2025-11-05;15;714
28;2025-11-05;16;880
28;2025-11-05;17;1057
28;2025-11-05;18;1011
28;2025-11-05;19;748
28;2025-11-05;20;530
28;2025-11-05;21;349
28;2025-11-05;22;133
28;2025-11-05;23;13
28;2025-11-06;0;2
28;2025-11-06;1;0
28;2025-11-06;2;1
28;2025-11-06;3;0
28;2025-11-06;4;0
28;2025-11-06;5;78
28;2025-11-06;6;244
28;2025-11-06;7;803
28;2025-11-06;8;1242
28;2025-11-06;9;771
28;2025-11-06;10;564
28;2025-11-06;11;544
28;2025-11-06;12;672
28;2025-11-06;13;762
28;2025-11-06;14;700
28;2025-11-06;15;746
28;2025-11-06;16;851
28;2025-11-06;17;1113
28;2025-11-06;18;1059
28;2025-11-06;19;762
28;2025-11-06;20;524
28;2025-11-06;21;331
28;2025-11-06;22;139
28;2025-11-06;23;14
28;2025-11-07;0;2
28;2025-11-07;1;0
28;2025-11-07;2;1
28;2025-11-07;3;0
28;2025-11-07;4;1
28;2025-11-07;5;78
28;2025-11-07;6;269
28;2025-11-07;7;796
28;2025-11-07;8;1269
28;2025-11-07;9;829
28;2025-11-07;10;625
28;2025-11-07;11;549
28;2025-11-07;12;738
28;2025-11-07;13;735
28;2025-11-07;14;721
28;2025-11-07;15;686
28;2025-11-07;16;928
28;2025-11-07;17;986
28;2025-11-07;18;832
28;2025-11-07;19;635
28;2025-11-07;20;420
28;2025-11-07;21;292
28;2025-11-07;22;125
28;2025-11-07;23;14
28;2025-11-08;0;3
28;2025-11-08;1;1
28;2025-11-08;2;1
28;2025-11-08;3;0
28;2025-11-08;4;0
28;2025-11-08;5;38
28;2025-11-08;6;104
28;2025-11-08;7;231
28;2025-11-08;8;436
28;2025-11-08;9;476
28;2025-11-08;10;486
28;2025-11-08;11;515
28;2025-11-08;12;622
28;2025-11-08;13;627
28;2025-11-08;14;610
28;2025-11-08;15;613
28;2025-11-08;16;588
28;2025-11-08;17;623
28;2025-11-08;18;541
28;2025-11-08;19;433
28;2025-11-08;20;318
28;2025-11-08;21;278
28;2025-11-08;22;132
28;2025-11-08;23;17
28;2025-11-09;0;4
28;2025-11-09;1;1
28;2025-11-09;2;2
28;2025-11-09;3;0
28;2025-11-09;4;1
28;2025-11-09;5;34
28;2025-11-09;6;85
28;2025-11-09;7;170
28;2025-11-09;8;300
28;2025-11-09;9;351
28;2025-11-09;10;380
28;2025-11-09;11;434
28;2025-11-09;12;505
28;2025-11-09;13;547
28;2025-11-09;14;542
28;2025-11-09;15;534
28;2025-11-09;16;495
28;2025-11-09;17;535
28;2025-11-09;18;462
28;2025-11-09;19;386
28;2025-11-09;20;284
28;2025-11-09;21;236
28;2025-11-09;22;114
28;2025-11-09;23;11
28;2025-11-10;0;3
28;2025-11-10;1;2
28;2025-11-10;2;3
28;2025-11-10;3;1
28;2025-11-10;4;3
28;2025-11-10;5;89
28;2025-11-10;6;287
28;2025-11-10;7;815
28;2025-11-10;8;1349
28;2025-11-10;9;887
28;2025-11-10;10;636
28;2025-11-10;11;571
28;2025-11-10;12;711
28;2025-11-10;13;713
28;2025-11-10;14;657
28;2025-11-10;15;674
28;2025-11-10;16;900
28;2025-11-10;17;1027
28;2025-11-10;18;1032
28;2025-11-10;19;765
28;2025-11-10;20;484
28;2025-11-10;21;316
28;2025-11-10;22;124
28;2025-11-10;23;12
28;2025-11-11;0;3
28;2025-11-11;1;2
28;2025-11-11;2;2
28;2025-11-11;3;1
28;2025-11-11;4;2
28;2025-11-11;5;82
28;2025-11-11;6;274
28;2025-11-11;7;831
28;2025-11-11;8;1371
28;2025-11-11;9;904
28;2025-11-11;10;690
28;2025-11-11;11;602
28;2025-11-11;12;720
28;2025-11-11;13;778
28;2025-11-11;14;700
28;2025-11-11;15;718
28;2025-11-11;16;842
28;2025-11-11;17;1035
28;2025-11-11;18;1034
28;2025-11-11;19;755
28;2025-11-11;20;522
28;2025-11-11;21;330
28;2025-11-11;22;127
28;2025-11-11;23;18
28;2025-11-12;0;1
28;2025-11-12;1;0
28;2025-11-12;2;0
28;2025-11-12;3;0
28;2025-11-12;4;0
28;2025-11-12;5;78
28;2025-11-12;6;271
28;2025-11-12;7;765
28;2025-11-12;8;1316
28;2025-11-12;9;834
28;2025-11-12;10;615
28;2025-11-12;11;594
28;2025-11-12;12;716
28;2025-11-12;13;752
28;2025-11-12;14;698
28;2025-11-12;15;700
28;2025-11-12;16;853
28;2025-11-12;17;1030
28;2025-11-12;18;978
28;2025-11-12;19;725
28;2025-11-12;20;490
28;2025-11-12;21;320
28;2025-11-12;22;133
28;2025-11-12;23;14
28;2025-11-13;0;1
28;2025-11-13;1;0
28;2025-11-13;2;0
28;2025-11-13;3;0
28;2025-11-13;4;0
28;2025-11-13;5;75
28;2025-11-13;6;259
28;2025-11-13;7;812
28;2025-11-13;8;1289
28;2025-11-13;9;831
28;2025-11-13;10;591
28;2025-11-13;11;548
28;2025-11-13;12;695
28;2025-11-13;13;740
28;2025-11-13;14;682
28;2025-11-13;15;717
28;2025-11-13;16;833
28;2025-11-13;17;1037
28;2025-11-13;18;1036
28;2025-11-13;19;737
28;2025-11-13;20;514
28;2025-11-13;21;321
28;2025-11-13;22;137
28;2025-11-13;23;14
28;2025-11-14;0;1
28;2025-11-14;1;0
28;2025-11-14;2;0
28;2025-11-14;3;0
28;2025-11-14;4;0
28;2025-11-14;5;74
28;2025-11-14;6;253
28;2025-11-14;7;771
28;2025-11-14;8;1211
28;2025-11-14;9;815
28;2025-11-14;10;602
28;2025-11-14;11;543
28;2025-11-14;12;708
28;2025-11-14;13;708
28;2025-11-14;14;703
28;2025-11-14;15;687
28;2025-11-14;16;923
28;2025-11-14;17;973
28;2025-11-14;18;831
28;2025-11-14;19;616
28;2025-11-14;20;425
28;2025-11-14;21;293
28;2025-11-14;22;129
28;2025-11-14;23;15
28;2025-11-15;0;0
28;2025-11-15;1;0
28;2025-11-15;2;0
28;2025-11-15;3;0
28;2025-11-15;4;0
28;2025-11-15;5;31
28;2025-11-15;6;90
28;2025-11-15;7;206
28;2025-11-15;8;386
28;2025-11-15;9;420
28;2025-11-15;10;423
28;2025-11-15;11;446
28;2025-11-15;12;536
28;2025-11-15;13;534
28;2025-11-15;14;542
28;2025-11-15;15;530
28;2025-11-15;16;499
28;2025-11-15;17;535
28;2025-11-15;18;474
28;2025-11-15;19;381
28;2025-11-15;20;269
28;2025-11-15;21;227
28;2025-11-15;22;104
28;2025-11-15;23;10
28;2025-11-16;0;2
28;2025-11-16;1;0
28;2025-11-16;2;0
28;2025-11-16;3;0
28;2025-11-16;4;0
28;2025-11-16;5;33
28;2025-11-16;6;81
28;2025-11-16;7;168
28;2025-11-16;8;286
28;2025-11-16;9;349
28;2025-11-16;10;379
28;2025-11-16;11;427
28;2025-11-16;12;492
28;2025-11-16;13;530
28;2025-11-16;14;531
28;2025-11-16;15;523
28;2025-11-16;16;486
28;2025-11-16;17;524
28;2025-11-16;18;463
28;2025-11-16;19;380
28;2025-11-16;20;269
28;2025-11-16;21;217
28;2025-11-16;22;100
28;2025-11-16;23;11
28;2025-11-17;0;2
28;2025-11-17;1;1
28;2025-11-17;2;0
28;2025-11-17;3;0
28;2025-11-17;4;1
28;2025-11-17;5;83
28;2025-11-17;6;275
28;2025-11-17;7;816
28;2025-11-17;8;1326
28;2025-11-17;9;889
28;2025-11-17;10;631
28;2025-11-17;11;573
28;2025-11-17;12;705
28;2025-11-17;13;704
28;2025-11-17;14;672
28;2025-11-17;15;681
28;2025-11-17;16;904
28;2025-11-17;17;1016
28;2025-11-17;18;1038
28;2025-11-17;19;754
28;2025-11-17;20;467
28;2025-11-17;21;295
28;2025-11-17;22;115
28;2025-11-17;23;11
28;2025-11-18;0;0
28;2025-11-18;1;0
28;2025-11-18;2;0
28;2025-11-18;3;0
28;2025-11-18;4;0
28;2025-11-18;5;70
28;2025-11-18;6;241
28;2025-11-18;7;767
28;2025-11-18;8;1233
28;2025-11-18;9;838
28;2025-11-18;10;633
28;2025-11-18;11;555
28;2025-11-18;12;659
28;2025-11-18;13;706
28;2025-11-18;14;651
28;2025-11-18;15;659
28;2025-11-18;16;775
28;2025-11-18;17;926
28;2025-11-18;18;947
28;2025-11-18;19;691
28;2025-11-18;20;469
28;2025-11-18;21;280
28;2025-11-18;22;107
28;2025-11-18;23;14
28;2025-11-19;0;1
28;2025-11-19;1;0
28;2025-11-19;2;0
28;2025-11-19;3;0
28;2025-11-19;4;0
28;2025-11-19;5;82
28;2025-11-19;6;273
28;2025-11-19;7;792
28;2025-11-19;8;1314
28;2025-11-19;9;854
28;2025-11-19;10;639
28;2025-11-19;11;619
28;2025-11-19;12;735
28;2025-11-19;13;760
28;2025-11-19;14;723
28;2025-11-19;15;722
28;2025-11-19;16;881
28;2025-11-19;17;1060
28;2025-11-19;18;1020
28;2025-11-19;19;749
28;2025-11-19;20;484
28;2025-11-19;21;307
28;2025-11-19;22;131
28;2025-11-19;23;15
28;2025-11-20;0;1
28;2025-11-20;1;0
28;2025-11-20;2;0
28;2025-11-20;3;0
28;2025-11-20;4;0
28;2025-11-20;5;76
28;2025-11-20;6;261
28;2025-11-20;7;834
28;2025-11-20;8;1302
28;2025-11-20;9;871
28;2025-11-20;10;621
28;2025-11-20;11;569
28;2025-11-20;12;724
28;2025-11-20;13;745
28;2025-11-20;14;703
28;2025-11-20;15;724
28;2025-11-20;16;847
28;2025-11-20;17;1036
28;2025-11-20;18;1070
28;2025-11-20;19;749
28;2025-11-20;20;507
28;2025-11-20;21;308
28;2025-11-20;22;129
28;2025-11-20;23;14
28;2025-11-21;0;1
28;2025-11-21;1;0
28;2025-11-21;2;0
28;2025-11-21;3;0
28;2025-11-21;4;1
28;2025-11-21;5;78
28;2025-11-21;6;259
28;2025-11-21;7;793
28;2025-11-21;8;1224
28;2025-11-21;9;835
28;2025-11-21;10;620
28;2025-11-21;11;565
28;2025-11-21;12;723
28;2025-11-21;13;727
28;2025-11-21;14;724
28;2025-11-21;15;723
28;2025-11-21;16;957
28;2025-11-21;17;1009
28;2025-11-21;18;870
28;2025-11-21;19;642
28;2025-11-21;20;436
28;2025-11-21;21;298
28;2025-11-21;22;130
28;2025-11-21;23;17
28;2025-11-22;0;3
28;2025-11-22;1;2
28;2025-11-22;2;2
28;2025-11-22;3;1
28;2025-11-22;4;1
28;2025-11-22;5;41
28;2025-11-22;6;104
28;2025-11-22;7;242
28;2025-11-22;8;442
28;2025-11-22;9;489
28;2025-11-22;10;495
28;2025-11-22;11;521
28;2025-11-22;12;625
28;2025-11-22;13;622
28;2025-11-22;14;631
28;2025-11-22;15;620
28;2025-11-22;16;577
28;2025-11-22;17;621
28;2025-11-22;18;558
28;2025-11-22;19;443
28;2025-11-22;20;312
28;2025-11-22;21;263
28;2025-11-22;22;124
28;2025-11-22;23;17
28;2025-11-23;0;3
28;2025-11-23;1;1
28;2025-11-23;2;1
28;2025-11-23;3;0
28;2025-11-23;4;0
28;2025-11-23;5;35
28;2025-11-23;6;85
28;2025-11-23;7;172
28;2025-11-23;8;301
28;2025-11-23;9;358
28;2025-11-23;10;389
28;2025-11-23;11;439
28;2025-11-23;12;512
28;2025-11-23;13;549
28;2025-11-23;14;552
28;2025-11-23;15;543
28;2025-11-23;16;500
28;2025-11-23;17;541
28;2025-11-23;18;472
28;2025-11-23;19;391
28;2025-11-23;20;276
28;2025-11-23;21;225
28;2025-11-23;22;105
28;2025-11-23;23;12
28;2025-11-24;0;2
28;2025-11-24;1;0
28;2025-11-24;2;1
28;2025-11-24;3;0
28;2025-11-24;4;0
28;2025-11-24;5;79
28;2025-11-24;6;278
28;2025-11-24;7;807
28;2025-11-24;8;1349
28;2025-11-24;9;878
28;2025-11-24;10;607
28;2025-11-24;11;556
28;2025-11-24;12;692
28;2025-11-24;13;701
28;2025-11-24;14;656
28;2025-11-24;15;677
28;2025-11-24;16;886
28;2025-11-24;17;995
28;2025-11-24;18;997
28;2025-11-24;19;739
28;2025-11-24;20;471
28;2025-11-24;21;302
28;2025-11-24;22;120
28;2025-11-24;23;10
28;2025-11-25;0;1
28;2025-11-25;1;0
28;2025-11-25;2;0
28;2025-11-25;3;0
28;2025-11-25;4;0
28;2025-11-25;5;71
28;2025-11-25;6;254
28;2025-11-25;7;774
28;2025-11-25;8;1298
28;2025-11-25;9;851
28;2025-11-25;10;631
28;2025-11-25;11;557
28;2025-11-25;12;673
28;2025-11-25;13;731
28;2025-11-25;14;655
28;2025-11-25;15;672
28;2025-11-25;16;794
28;2025-11-25;17;957
28;2025-11-25;18;937
28;2025-11-25;19;710
28;2025-11-25;20;489
28;2025-11-25;21;299
28;2025-11-25;22;116
28;2025-11-25;23;15
28;2025-11-26;0;1
28;2025-11-26;1;0
28;2025-11-26;2;0
28;2025-11-26;3;0
28;2025-11-26;4;0
28;2025-11-26;5;76
28;2025-11-26;6;271
28;2025-11-26;7;749
28;2025-11-26;8;1304
28;2025-11-26;9;802
28;2025-11-26;10;589
28;2025-11-26;11;575
28;2025-11-26;12;690
28;2025-11-26;13;723
28;2025-11-26;14;674
28;2025-11-26;15;684
28;2025-11-26;16;819
28;2025-11-26;17;1003
28;2025-11-26;18;932
28;2025-11-26;19;707
28;2025-11-26;20;463
28;2025-11-26;21;303
28;2025-11-26;22;134
28;2025-11-26;23;13
28;2025-11-27;0;1
28;2025-11-27;1;0
28;2025-11-27;2;0
28;2025-11-27;3;0
28;2025-11-27;4;0
28;2025-11-27;5;72
28;2025-11-27;6;264
28;2025-11-27;7;825
28;2025-11-27;8;1345
28;2025-11-27;9;873
28;2025-11-27;10;607
28;2025-11-27;11;554
28;2025-11-27;12;717
28;2025-11-27;13;738
28;2025-11-27;14;684
28;2025-11-27;15;712
28;2025-11-27;16;825
28;2025-11-27;17;1010
28;2025-11-27;18;1028
28;2025-11-27;19;731
28;2025-11-27;20;508
28;2025-11-27;21;314
28;2025-11-27;22;135
28;2025-11-27;23;14
28;2025-11-28;0;1
28;2025-11-28;1;0
28;2025-11-28;2;0
28;2025-11-28;3;0
28;2025-11-28;4;0
28;2025-11-28;5;73
28;2025-11-28;6;252
28;2025-11-28;7;770
28;2025-11-28;8;1229
28;2025-11-28;9;818
28;2025-11-28;10;593
28;2025-11-28;11;546
28;2025-11-28;12;703
28;2025-11-28;13;714
28;2025-11-28;14;702
28;2025-11-28;15;714
28;2025-11-28;16;931
28;2025-11-28;17;990
28;2025-11-28;18;836
28;2025-11-28;19;620
28;2025-11-28;20;434
28;2025-11-28;21;300
28;2025-11-28;22;135
28;2025-11-28;23;16
28;2025-11-29;0;3
28;2025-11-29;1;1
28;2025-11-29;2;1
28;2025-11-29;3;0
28;2025-11-29;4;0
28;2025-11-29;5;39
28;2025-11-29;6;101
28;2025-11-29;7;236
28;2025-11-29;8;441
28;2025-11-29;9;486
28;2025-11-29;10;481
28;2025-11-29;11;507
28;2025-11-29;12;611
28;2025-11-29;13;612
28;2025-11-29;14;623
28;2025-11-29;15;608
28;2025-11-29;16;559
28;2025-11-29;17;603
28;2025-11-29;18;541
28;2025-11-29;19;430
28;2025-11-29;20;311
28;2025-11-29;21;265
28;2025-11-29;22;127
28;2025-11-29;23;16
28;2025-11-30;0;2
28;2025-11-30;1;0
28;2025-11-30;2;1
28;2025-11-30;3;0
28;2025-11-30;4;0
28;2025-11-30;5;32
28;2025-11-30;6;83
28;2025-11-30;7;165
28;2025-11-30;8;297
28;2025-11-30;9;347
28;2025-11-30;10;370
28;2025-11-30;11;418
28;2025-11-30;12;494
28;2025-11-30;13;537
28;2025-11-30;14;528
28;2025-11-30;15;525
28;2025-11-30;16;481
28;2025-11-30;17;520
28;2025-11-30;18;447
28;2025-11-30;19;374
28;2025-11-30;20;272
28;2025-11-30;21;227
28;2025-11-30;22;106
28;2025-11-30;23;11
28;2025-12-01;0;1
28;2025-12-01;1;0
28;2025-12-01;2;0
28;2025-12-01;3;0
28;2025-12-01;4;0
28;2025-12-01;5;78
28;2025-12-01;6;275
28;2025-12-01;7;785
28;2025-12-01;8;1304
28;2025-12-01;9;860
28;2025-12-01;10;591
28;2025-12-01;11;542
28;2025-12-01;12;673
28;2025-12-01;13;686
28;2025-12-01;14;631
28;2025-12-01;15;659
28;2025-12-01;16;865
28;2025-12-01;17;964
28;2025-12-01;18;974
28;2025-12-01;19;719
28;2025-12-01;20;461
28;2025-12-01;21;298
28;2025-12-01;22;118
28;2025-12-01;23;10
28;2025-12-02;0;0
28;2025-12-02;1;0
28;2025-12-02;2;0
28;2025-12-02;3;0
28;2025-12-02;4;0
28;2025-12-02;5;70
28;2025-12-02;6;253
28;2025-12-02;7;769
28;2025-12-02;8;1294
28;2025-12-02;9;850
28;2025-12-02;10;625
28;2025-12-02;11;552
28;2025-12-02;12;667
28;2025-12-02;13;728
28;2025-12-02;14;650
28;2025-12-02;15;665
28;2025-12-02;16;794
28;2025-12-02;17;950
28;2025-12-02;18;931
28;2025-12-02;19;706
28;2025-12-02;20;487
28;2025-12-02;21;297
28;2025-12-02;22;115
28;2025-12-02;23;14
28;2025-12-03;0;1
28;2025-12-03;1;0
28;2025-12-03;2;0
28;2025-12-03;3;0
28;2025-12-03;4;0
28;2025-12-03;5;78
28;2025-12-03;6;267
28;2025-12-03;7;756
28;2025-12-03;8;1285
28;2025-12-03;9;817
28;2025-12-03;10;598
28;2025-12-03;11;580
28;2025-12-03;12;689
28;2025-12-03;13;724
28;2025-12-03;14;672
28;2025-12-03;15;688
28;2025-12-03;16;824
28;2025-12-03;17;998
28;2025-12-03;18;951
28;2025-12-03;19;703
28;2025-12-03;20;462
28;2025-12-03;21;300
28;2025-12-03;22;132
28;2025-12-03;23;14
28;2025-12-04;0;1
28;2025-12-04;1;0
28;2025-12-04;2;0
28;2025-12-04;3;0
28;2025-12-04;4;0
28;2025-12-04;5;72
28;2025-12-04;6;264
28;2025-12-04;7;813
28;2025-12-04;8;1320
28;2025-12-04;9;870
28;2025-12-04;10;602
28;2025-12-04;11;546
28;2025-12-04;12;707
28;2025-12-04;13;726
28;2025-12-04;14;667
28;2025-12-04;15;697
28;2025-12-04;16;812
28;2025-12-04;17;982
28;2025-12-04;18;1015
28;2025-12-04;19;656
28;2025-12-04;20;501
28;2025-12-04;21;310
28;2025-12-04;22;133
28;2025-12-04;23;14
28;2025-12-05;0;0
28;2025-12-05;1;0
28;2025-12-05;2;0
28;2025-12-05;3;0
28;2025-12-05;4;0
28;2025-12-05;5;72
28;2025-12-05;6;247
28;2025-12-05;7;750
28;2025-12-05;8;1186
28;2025-12-05;9;803
28;2025-12-05;10;578
28;2025-12-05;11;532
28;2025-12-05;12;681
28;2025-12-05;13;696
28;2025-12-05;14;679
28;2025-12-05;15;697
28;2025-12-05;16;911
28;2025-12-05;17;960
28;2025-12-05;18;819
28;2025-12-05;19;601
28;2025-12-05;20;424
28;2025-12-05;21;294
28;2025-12-05;22;131
28;2025-12-05;23;15
28;2025-12-06;0;1
28;2025-12-06;1;0
28;2025-12-06;2;0
28;2025-12-06;3;0
28;2025-12-06;4;0
28;2025-12-06;5;36
28;2025-12-06;6;96
28;2025-12-06;7;222
28;2025-12-06;8;416
28;2025-12-06;9;462
28;2025-12-06;10;453
28;2025-12-06;11;477
28;2025-12-06;12;573
28;2025-12-06;13;578
28;2025-12-06;14;587
28;2025-12-06;15;569
28;2025-12-06;16;528
28;2025-12-06;17;565
28;2025-12-06;18;510
28;2025-12-06;19;405
28;2025-12-06;20;296
28;2025-12-06;21;254
28;2025-12-06;22;120
28;2025-12-06;23;14
28;2025-12-07;0;0
28;2025-12-07;1;0
28;2025-12-07;2;0
28;2025-12-07;3;0
28;2025-12-07;4;0
28;2025-12-07;5;29
28;2025-12-07;6;77
28;2025-12-07;7;153
28;2025-12-07;8;276
28;2025-12-07;9;328
28;2025-12-07;10;346
28;2025-12-07;11;390
28;2025-12-07;12;459
28;2025-12-07;13;501
28;2025-12-07;14;491
28;2025-12-07;15;488
28;2025-12-07;16;450
28;2025-12-07;17;481
28;2025-12-07;18;419
28;2025-12-07;19;348
28;2025-12-07;20;254
28;2025-12-07;21;212
28;2025-12-07;22;98
28;2025-12-07;23;8
28;2025-12-08;0;0
28;2025-12-08;1;0
28;2025-12-08;2;0
28;2025-12-08;3;0
28;2025-12-08;4;0
28;2025-12-08;5;73
28;2025-12-08;6;261
28;2025-12-08;7;754
28;2025-12-08;8;1254
28;2025-12-08;9;831
28;2025-12-08;10;567
28;2025-12-08;11;521
28;2025-12-08;12;646
28;2025-12-08;13;660
28;2025-12-08;14;610
28;2025-12-08;15;634
28;2025-12-08;16;834
28;2025-12-08;17;926
28;2025-12-08;18;939
28;2025-12-08;19;688
28;2025-12-08;20;442
28;2025-12-08;21;285
28;2025-12-08;22;112
28;2025-12-08;23;8
28;2025-12-09;0;0
28;2025-12-09;1;0
28;2025-12-09;2;0
28;2025-12-09;3;0
28;2025-12-09;4;0
28;2025-12-09;5;66
28;2025-12-09;6;240
28;2025-12-09;7;746
28;2025-12-09;8;1250
28;2025-12-09;9;831
28;2025-12-09;10;608
28;2025-12-09;11;538
28;2025-12-09;12;648
28;2025-12-09;13;706
28;2025-12-09;14;635
28;2025-12-09;15;645
28;2025-12-09;16;777
28;2025-12-09;17;924
28;2025-12-09;18;909
28;2025-12-09;19;683
28;2025-12-09;20;473
28;2025-12-09;21;286
28;2025-12-09;22;110
28;2025-12-09;23;13
28;2025-12-10;0;0
28;2025-12-10;1;0
28;2025-12-10;2;0
28;2025-12-10;3;0
28;2025-12-10;4;0
28;2025-12-10;5;72
28;2025-12-10;6;255
28;2025-12-10;7;721
28;2025-12-10;8;1233
28;2025-12-10;9;782
28;2025-12-10;10;567
28;2025-12-10;11;552
28;2025-12-10;12;655
28;2025-12-10;13;690
28;2025-12-10;14;642
28;2025-12-10;15;654
28;2025-12-10;16;788
28;2025-12-10;17;951
28;2025-12-10;18;906
28;2025-12-10;19;669
28;2025-12-10;20;441
28;2025-12-10;21;286
28;2025-12-10;22;126
28;2025-12-10;23;12
28;2025-12-11;0;0
28;2025-12-11;1;0
28;2025-12-11;2;0
28;2025-12-11;3;0
28;2025-12-11;4;0
28;2025-12-11;5;65
28;2025-12-11;6;243
28;2025-12-11;7;763
28;2025-12-11;8;1233
28;2025-12-11;9;824
28;2025-12-11;10;563
28;2025-12-11;11;510
28;2025-12-11;12;658
28;2025-12-11;13;676
28;2025-12-11;14;623
28;2025-12-11;15;648
28;2025-12-11;16;759
28;2025-12-11;17;909
28;2025-12-11;18;952
28;2025-12-11;19;668
28;2025-12-11;20;470
28;2025-12-11;21;289
28;2025-12-11;22;122
28;2025-12-11;23;11
28;2025-12-12;0;0
28;2025-12-12;1;0
28;2025-12-12;2;0
28;2025-12-12;3;0
28;2025-12-12;4;0
28;2025-12-12;5;64
28;2025-12-12;6;226
28;2025-12-12;7;701
28;2025-12-12;8;1103
28;2025-12-12;9;755
28;2025-12-12;10;537
28;2025-12-12;11;495
28;2025-12-12;12;631
28;2025-12-12;13;647
28;2025-12-12;14;632
28;2025-12-12;15;646
28;2025-12-12;16;848
28;2025-12-12;17;889
28;2025-12-12;18;767
28;2025-12-12;19;559
28;2025-12-12;20;398
28;2025-12-12;21;274
28;2025-12-12;22;121
28;2025-12-12;23;12
28;2025-12-13;0;0
28;2025-12-13;1;0
28;2025-12-13;2;0
28;2025-12-13;3;0
28;2025-12-13;4;0
28;2025-12-13;5;29
28;2025-12-13;6;83
28;2025-12-13;7;201
28;2025-12-13;8;371
28;2025-12-13;9;421
28;2025-12-13;10;407
28;2025-12-13;11;427
28;2025-12-13;12;509
28;2025-12-13;13;514
28;2025-12-13;14;526
28;2025-12-13;15;507
28;2025-12-13;16;476
28;2025-12-13;17;504
28;2025-12-13;18;463
28;2025-12-13;19;364
28;2025-12-13;20;267
28;2025-12-13;21;225
28;2025-12-13;22;105
28;2025-12-13;23;9
28;2025-12-14;0;0
28;2025-12-14;1;0
28;2025-12-14;2;0
28;2025-12-14;3;0
28;2025-12-14;4;0
28;2025-12-14;5;24
28;2025-12-14;6;68
28;2025-12-14;7;140
28;2025-12-14;8;252
28;2025-12-14;9;305
28;2025-12-14;10;318
28;2025-12-14;11;357
28;2025-12-14;12;418
28;2025-12-14;13;458
28;2025-12-14;14;449
28;2025-12-14;15;446
28;2025-12-14;16;414
28;2025-12-14;17;438
28;2025-12-14;18;387
28;2025-12-14;19;319
28;2025-12-14;20;234
28;2025-12-14;21;193
28;2025-12-14;22;87
28;2025-12-14;23;5
28;2025-12-15;0;0
28;2025-12-15;1;0
28;2025-12-15;2;0
28;2025-12-15;3;0
28;2025-12-15;4;0
28;2025-12-15;5;70
28;2025-12-15;6;252
28;2025-12-15;7;729
28;2025-12-15;8;1211
28;2025-12-15;9;811
28;2025-12-15;10;545
28;2025-12-15;11;501
28;2025-12-15;12;621
28;2025-12-15;13;639
28;2025-12-15;14;586
28;2025-12-15;15;614
28;2025-12-15;16;802
28;2025-12-15;17;884
28;2025-12-15;18;906
28;2025-12-15;19;660
28;2025-12-15;20;426
28;2025-12-15;21;274
28;2025-12-15;22;107
28;2025-12-15;23;7
28;2025-12-16;0;0
28;2025-12-16;1;0
28;2025-12-16;2;0
28;2025-12-16;3;0
28;2025-12-16;4;0
28;2025-12-16;5;65
28;2025-12-16;6;238
28;2025-12-16;7;729
28;2025-12-16;8;1219
28;2025-12-16;9;813
28;2025-12-16;10;590
28;2025-12-16;11;522
28;2025-12-16;12;628
28;2025-12-16;13;691
28;2025-12-16;14;614
28;2025-12-16;15;627
28;2025-12-16;16;755
28;2025-12-16;17;891
28;2025-12-16;18;881
28;2025-12-16;19;667
28;2025-12-16;20;465
28;2025-12-16;21;282
28;2025-12-16;22;109
28;2025-12-16;23;12
28;2025-12-17;0;0
28;2025-12-17;1;0
28;2025-12-17;2;0
28;2025-12-17;3;0
28;2025-12-17;4;0
28;2025-12-17;5;71
28;2025-12-17;6;248
28;2025-12-17;7;710
28;2025-12-17;8;1188
28;2025-12-17;9;771
28;2025-12-17;10;557
28;2025-12-17;11;541
28;2025-12-17;12;637
28;2025-12-17;13;674
28;2025-12-17;14;623
28;2025-12-17;15;639
28;2025-12-17;16;770
28;2025-12-17;17;921
28;2025-12-17;18;890
28;2025-12-17;19;654
28;2025-12-17;20;434
28;2025-12-17;21;280
28;2025-12-17;22;123
28;2025-12-17;23;11
28;2025-12-18;0;0
28;2025-12-18;1;0
28;2025-12-18;2;0
28;2025-12-18;3;0
28;2025-12-18;4;0
28;2025-12-18;5;65
28;2025-12-18;6;245
28;2025-12-18;7;762
28;2025-12-18;8;1218
28;2025-12-18;9;825
28;2025-12-18;10;562
28;2025-12-18;11;507
28;2025-12-18;12;653
28;2025-12-18;13;674
28;2025-12-18;14;615
28;2025-12-18;15;643
28;2025-12-18;16;755
28;2025-12-18;17;896
28;2025-12-18;18;946
28;2025-12-18;19;661
28;2025-12-18;20;471
28;2025-12-18;21;290
28;2025-12-18;22;123
28;2025-12-18;23;11
28;2025-12-19;0;0
28;2025-12-19;1;0
28;2025-12-19;2;0
28;2025-12-19;3;0
28;2025-12-19;4;0
28;2025-12-19;5;65
28;2025-12-19;6;229
28;2025-12-19;7;702
28;2025-12-19;8;1088
28;2025-12-19;9;758
28;2025-12-19;10;536
28;2025-12-19;11;493
28;2025-12-19;12;625
28;2025-12-19;13;647
28;2025-12-19;14;623
28;2025-12-19;15;644
28;2025-12-19;16;844
28;2025-12-19;17;875
28;2025-12-19;18;765
28;2025-12-19;19;556
28;2025-12-19;20;399
28;2025-12-19;21;275
28;2025-12-19;22;122
28;2025-12-19;23;12
28;2025-12-20;0;0
28;2025-12-20;1;0
28;2025-12-20;2;0
28;2025-12-20;3;0
28;2025-12-20;4;0
28;2025-12-20;5;30
28;2025-12-20;6;87
28;2025-12-20;7;201
28;2025-12-20;8;366
28;2025-12-20;9;429
28;2025-12-20;10;407
28;2025-12-20;11;430
28;2025-12-20;12;506
28;2025-12-20;13;520
28;2025-12-20;14;521
28;2025-12-20;15;506
28;2025-12-20;16;477
28;2025-12-20;17;493
28;2025-12-20;18;464
28;2025-12-20;19;366
28;2025-12-20;20;272
28;2025-12-20;21;229
28;2025-12-20;22;107
28;2025-12-20;23;10
28;2025-12-21;0;0
28;2025-12-21;1;0
28;2025-12-21;2;0
28;2025-12-21;3;0
28;2025-12-21;4;0
28;2025-12-21;5;24
28;2025-12-21;6;69
28;2025-12-21;7;138
28;2025-12-21;8;243
28;2025-12-21;9;306
28;2025-12-21;10;313
28;2025-12-21;11;355
28;2025-12-21;12;410
28;2025-12-21;13;455
28;2025-12-21;14;439
28;2025-12-21;15;438
28;2025-12-21;16;410
28;2025-12-21;17;424
28;2025-12-21;18;384
28;2025-12-21;19;316
28;2025-12-21;20;235
28;2025-12-21;21;192
28;2025-12-21;22;87
28;2025-12-21;23;5
28;2025-12-22;0;0
28;2025-12-22;1;0
28;2025-12-22;2;0
28;2025-12-22;3;0
28;2025-12-22;4;0
28;2025-12-22;5;67
28;2025-12-22;6;242
28;2025-12-22;7;709
28;2025-12-22;8;1160
28;2025-12-22;9;799
28;2025-12-22;10;530
28;2025-12-22;11;494
28;2025-12-22;12;603
28;2025-12-22;13;623
28;2025-12-22;14;573
28;2025-12-22;15;596
28;2025-12-22;16;788
28;2025-12-22;17;855
28;2025-12-22;18;893
28;2025-12-22;19;645
28;2025-12-22;20;419
28;2025-12-22;21;265
28;2025-12-22;22;104
28;2025-12-22;23;6
28;2025-12-23;0;0
28;2025-12-23;1;0
28;2025-12-23;2;0
28;2025-12-23;3;0
28;2025-12-23;4;0
28;2025-12-23;5;62
28;2025-12-23;6;226
28;2025-12-23;7;712
28;2025-12-23;8;1160
28;2025-12-23;9;809
28;2025-12-23;10;575
28;2025-12-23;11;512
28;2025-12-23;12;607
28;2025-12-23;13;672
28;2025-12-23;14;597
28;2025-12-23;15;611
28;2025-12-23;16;738
28;2025-12-23;17;853
28;2025-12-23;18;870
28;2025-12-23;19;646
28;2025-12-23;20;454
28;2025-12-23;21;269
28;2025-12-23;22;103
28;2025-12-23;23;11
28;2025-12-24;0;0
28;2025-12-24;1;0
28;2025-12-24;2;0
28;2025-12-24;3;0
28;2025-12-24;4;0
28;2025-12-24;5;67
28;2025-12-24;6;241
28;2025-12-24;7;691
28;2025-12-24;8;1144
28;2025-12-24;9;767
28;2025-12-24;10;539
28;2025-12-24;11;527
28;2025-12-24;12;614
28;2025-12-24;13;657
28;2025-12-24;14;603
28;2025-12-24;15;622
28;2025-12-24;16;750
28;2025-12-24;17;878
28;2025-12-24;18;870
28;2025-12-24;19;634
28;2025-12-24;20;424
28;2025-12-24;21;269
28;2025-12-24;22;118
28;2025-12-24;23;9
28;2025-12-25;0;0
28;2025-12-25;1;0
28;2025-12-25;2;0
28;2025-12-25;3;0
28;2025-12-25;4;0
28;2025-12-25;5;62
28;2025-12-25;6;246
28;2025-12-25;7;742
28;2025-12-25;8;1100
28;2025-12-25;9;803
28;2025-12-25;10;545
28;2025-12-25;11;483
28;2025-12-25;12;605
28;2025-12-25;13;641
28;2025-12-25;14;566
28;2025-12-25;15;612
28;2025-12-25;16;719
28;2025-12-25;17;815
28;2025-12-25;18;891
28;2025-12-25;19;639
28;2025-12-25;20;478
28;2025-12-25;21;292
28;2025-12-25;22;123
28;2025-12-25;23;6
28;2025-12-26;0;0
28;2025-12-26;1;0
28;2025-12-26;2;0
28;2025-12-26;3;0
28;2025-12-26;4;0
28;2025-12-26;5;57
28;2025-12-26;6;227
28;2025-12-26;7;684
28;2025-12-26;8;1003
28;2025-12-26;9;736
28;2025-12-26;10;521
28;2025-12-26;11;469
28;2025-12-26;12;585
28;2025-12-26;13;615
28;2025-12-26;14;584
28;2025-12-26;15;613
28;2025-12-26;16;815
28;2025-12-26;17;816
28;2025-12-26;18;723
28;2025-12-26;19;542
28;2025-12-26;20;406
28;2025-12-26;21;275
28;2025-12-26;22;118
28;2025-12-26;23;2
28;2025-12-27;0;0
28;2025-12-27;1;0
28;2025-12-27;2;0
28;2025-12-27;3;0
28;2025-12-27;4;0
28;2025-12-27;5;26
28;2025-12-27;6;84
28;2025-12-27;7;200
28;2025-12-27;8;337
28;2025-12-27;9;424
28;2025-12-27;10;404
28;2025-12-27;11;412
28;2025-12-27;12;478
28;2025-12-27;13;500
28;2025-12-27;14;486
28;2025-12-27;15;490
28;2025-12-27;16;460
28;2025-12-27;17;460
28;2025-12-27;18;447
28;2025-12-27;19;357
28;2025-12-27;20;280
28;2025-12-27;21;234
28;2025-12-27;22;107
28;2025-12-27;23;3
28;2025-12-28;0;0
28;2025-12-28;1;0
28;2025-12-28;2;0
28;2025-12-28;3;0
28;2025-12-28;4;0
28;2025-12-28;5;20
28;2025-12-28;6;67
28;2025-12-28;7;136
28;2025-12-28;8;224
28;2025-12-28;9;302
28;2025-12-28;10;312
28;2025-12-28;11;340
28;2025-12-28;12;388
28;2025-12-28;13;440
28;2025-12-28;14;410
28;2025-12-28;15;425
28;2025-12-28;16;397
28;2025-12-28;17;396
28;2025-12-28;18;369
28;2025-12-28;19;310
28;2025-12-28;20;243
28;2025-12-28;21;199
28;2025-12-28;22;87
28;2025-12-28;23;0
28;2025-12-29;0;0
28;2025-12-29;1;0
28;2025-12-29;2;0
28;2025-12-29;3;0
28;2025-12-29;4;0
28;2025-12-29;5;66
28;2025-12-29;6;248
28;2025-12-29;7;692
28;2025-12-29;8;1047
28;2025-12-29;9;770
28;2025-12-29;10;512
28;2025-12-29;11;464
28;2025-12-29;12;556
28;2025-12-29;13;592
28;2025-12-29;14;518
28;2025-12-29;15;563
28;2025-12-29;16;738
28;2025-12-29;17;769
28;2025-12-29;18;829
28;2025-12-29;19;619
28;2025-12-29;20;426
28;2025-12-29;21;273
28;2025-12-29;22;106
28;2025-12-29;23;3
28;2025-12-30;0;0
28;2025-12-30;1;0
28;2025-12-30;2;0
28;2025-12-30;3;0
28;2025-12-30;4;0
28;2025-12-30;5;60
28;2025-12-30;6;237
28;2025-12-30;7;700
28;2025-12-30;8;1069
28;2025-12-30;9;779
28;2025-12-30;10;561
28;2025-12-30;11;488
28;2025-12-30;12;570
28;2025-12-30;13;644
28;2025-12-30;14;552
28;2025-12-30;15;581
28;2025-12-30;16;708
28;2025-12-30;17;792
28;2025-12-30;18;814
28;2025-12-30;19;635
28;2025-12-30;20;470
28;2025-12-30;21;284
28;2025-12-30;22;108
28;2025-12-30;23;6
28;2025-12-31;0;0
28;2025-12-31;1;0
28;2025-12-31;2;0
28;2025-12-31;3;0
28;2025-12-31;4;0
28;2025-12-31;5;15
28;2025-12-31;6;62
28;2025-12-31;7;126
28;2025-12-31;8;215
28;2025-12-31;9;297
28;2025-12-31;10;309
28;2025-12-31;11;344
28;2025-12-31;12;395
28;2025-12-31;13;450
28;2025-12-31;14;425
28;2025-12-31;15;426
28;2025-12-31;16;403
28;2025-12-31;17;397
28;2025-12-31;18;365
28;2025-12-31;19;307
28;2025-12-31;20;242
28;2025-12-31;21;200
28;2025-12-31;22;85
28;2025-12-31;23;0
50;2025-11-01;0;15
50;2025-11-01;1;4
50;2025-11-01;2;0
50;2025-11-01;3;0
50;2025-11-01;4;0
50;2025-11-01;5;1
50;2025-11-01;6;10
50;2025-11-01;7;34
50;2025-11-01;8;58
50;2025-11-01;9;53
50;2025-11-01;10;35
50;2025-11-01;11;31
50;2025-11-01;12;28
50;2025-11-01;13;29
50;2025-11-01;14;27
50;2025-11-01;15;35
50;2025-11-01;16;41
50;2025-11-01;17;48
50;2025-11-01;18;31
50;2025-11-01;19;19
50;2025-11-01;20;14
50;2025-11-01;21;9
50;2025-11-01;22;0
50;2025-11-01;23;3
50;2025-11-02;0;0
50;2025-11-02;1;0
50;2025-11-02;2;0
50;2025-11-02;3;0
50;2025-11-02;4;0
50;2025-11-02;5;0
50;2025-11-02;6;2
50;2025-11-02;7;4
50;2025-11-02;8;9
50;2025-11-02;9;8
50;2025-11-02;10;9
50;2025-11-02;11;12
50;2025-11-02;12;10
50;2025-11-02;13;15
50;2025-11-02;14;25
50;2025-11-02;15;22
50;2025-11-02;16;27
50;2025-11-02;17;25
50;2025-11-02;18;17
50;2025-11-02;19;14
50;2025-11-02;20;13
50;2025-11-02;21;9
50;2025-11-02;22;11
50;2025-11-02;23;4
50;2025-11-03;0;39
50;2025-11-03;1;12
50;2025-11-03;2;5
50;2025-11-03;3;5
50;2025-11-03;4;7
50;2025-11-03;5;33
50;2025-11-03;6;116
50;2025-11-03;7;212
50;2025-11-03;8;395
50;2025-11-03;9;505
50;2025-11-03;10;542
50;2025-11-03;11;657
50;2025-11-03;12;729
50;2025-11-03;13;807
50;2025-11-03;14;859
50;2025-11-03;15;736
50;2025-11-03;16;766
50;2025-11-03;17;710
50;2025-11-03;18;673
50;2025-11-03;19;518
50;2025-11-03;20;468
50;2025-11-03;21;362
50;2025-11-03;22;180
50;2025-11-03;23;120
50;2025-11-04;0;51
50;2025-11-04;1;10
50;2025-11-04;2;5
50;2025-11-04;3;5
50;2025-11-04;4;7
50;2025-11-04;5;35
50;2025-11-04;6;112
50;2025-11-04;7;227
50;2025-11-04;8;368
50;2025-11-04;9;509
50;2025-11-04;10;563
50;2025-11-04;11;641
50;2025-11-04;12;710
50;2025-11-04;13;796
50;2025-11-04;14;862
50;2025-11-04;15;746
50;2025-11-04;16;786
50;2025-11-04;17;736
50;2025-11-04;18;649
50;2025-11-04;19;550
50;2025-11-04;20;477
50;2025-11-04;21;355
50;2025-11-04;22;154
50;2025-11-04;23;110
50;2025-11-05;0;16
50;2025-11-05;1;0
50;2025-11-05;2;0
50;2025-11-05;3;0
50;2025-11-05;4;5
50;2025-11-05;5;74
50;2025-11-05;6;479
50;2025-11-05;7;1680
50;2025-11-05;8;2783
50;2025-11-05;9;2146
50;2025-11-05;10;1626
50;2025-11-05;11;1482
50;2025-11-05;12;1441
50;2025-11-05;13;1513
50;2025-11-05;14;1400
50;2025-11-05;15;1442
50;2025-11-05;16;1752
50;2025-11-05;17;2299
50;2025-11-05;18;2304
50;2025-11-05;19;1408
50;2025-11-05;20;845
50;2025-11-05;21;633
50;2025-11-05;22;213
50;2025-11-05;23;134
50;2025-11-06;0;20
50;2025-11-06;1;0
50;2025-11-06;2;0
50;2025-11-06;3;0
50;2025-11-06;4;5
50;2025-11-06;5;74
50;2025-11-06;6;457
50;2025-11-06;7;1673
50;2025-11-06;8;2632
50;2025-11-06;9;2179
50;2025-11-06;10;1696
50;2025-11-06;11;1455
50;2025-11-06;12;1439
50;2025-11-06;13;1487
50;2025-11-06;14;1389
50;2025-11-06;15;1581
50;2025-11-06;16;1747
50;2025-11-06;17;2274
50;2025-11-06;18;2464
50;2025-11-06;19;1453
50;2025-11-06;20;1030
50;2025-11-06;21;693
50;2025-11-06;22;239
50;2025-11-06;23;148
50;2025-11-07;0;27
50;2025-11-07;1;0
50;2025-11-07;2;0
50;2025-11-07;3;0
50;2025-11-07;4;4
50;2025-11-07;5;68
50;2025-11-07;6;482
50;2025-11-07;7;1596
50;2025-11-07;8;2719
50;2025-11-07;9;2151
50;2025-11-07;10;1435
50;2025-11-07;11;1422
50;2025-11-07;12;1339
50;2025-11-07;13;1440
50;2025-11-07;14;1387
50;2025-11-07;15;1653
50;2025-11-07;16;2007
50;2025-11-07;17;1992
50;2025-11-07;18;1631
50;2025-11-07;19;1127
50;2025-11-07;20;832
50;2025-11-07;21;543
50;2025-11-07;22;220
50;2025-11-07;23;155
50;2025-11-08;0;1
50;2025-11-08;1;0
50;2025-11-08;2;0
50;2025-11-08;3;0
50;2025-11-08;4;0
50;2025-11-08;5;0
50;2025-11-08;6;1
50;2025-11-08;7;7
50;2025-11-08;8;13
50;2025-11-08;9;16
50;2025-11-08;10;13
50;2025-11-08;11;14
50;2025-11-08;12;14
50;2025-11-08;13;19
50;2025-11-08;14;17
50;2025-11-08;15;17
50;2025-11-08;16;18
50;2025-11-08;17;18
50;2025-11-08;18;14
50;2025-11-08;19;9
50;2025-11-08;20;10
50;2025-11-08;21;7
50;2025-11-08;22;0
50;2025-11-08;23;0
50;2025-11-09;0;0
50;2025-11-09;1;0
50;2025-11-09;2;0
50;2025-11-09;3;0
50;2025-11-09;4;0
50;2025-11-09;5;0
50;2025-11-09;6;1
50;2025-11-09;7;4
50;2025-11-09;8;9
50;2025-11-09;9;9
50;2025-11-09;10;10
50;2025-11-09;11;12
50;2025-11-09;12;10
50;2025-11-09;13;16
50;2025-11-09;14;20
50;2025-11-09;15;17
50;2025-11-09;16;21
50;2025-11-09;17;19
50;2025-11-09;18;15
50;2025-11-09;19;11
50;2025-11-09;20;11
50;2025-11-09;21;8
50;2025-11-09;22;3
50;2025-11-09;23;0
50;2025-11-10;0;14
50;2025-11-10;1;0
50;2025-11-10;2;0
50;2025-11-10;3;0
50;2025-11-10;4;7
50;2025-11-10;5;68
50;2025-11-10;6;499
50;2025-11-10;7;1692
50;2025-11-10;8;2845
50;2025-11-10;9;2238
50;2025-11-10;10;1648
50;2025-11-10;11;1491
50;2025-11-10;12;1359
50;2025-11-10;13;1465
50;2025-11-10;14;1386
50;2025-11-10;15;1564
50;2025-11-10;16;1693
50;2025-11-10;17;1753
50;2025-11-10;18;2409
50;2025-11-10;19;1419
50;2025-11-10;20;897
50;2025-11-10;21;614
50;2025-11-10;22;188
50;2025-11-10;23;105
50;2025-11-11;0;22
50;2025-11-11;1;0
50;2025-11-11;2;0
50;2025-11-11;3;0
50;2025-11-11;4;5
50;2025-11-11;5;68
50;2025-11-11;6;527
50;2025-11-11;7;1729
50;2025-11-11;8;2826
50;2025-11-11;9;2300
50;2025-11-11;10;1691
50;2025-11-11;11;1499
50;2025-11-11;12;1456
50;2025-11-11;13;1524
50;2025-11-11;14;1436
50;2025-11-11;15;1605
50;2025-11-11;16;1734
50;2025-11-11;17;2309
50;2025-11-11;18;2458
50;2025-11-11;19;1471
50;2025-11-11;20;954
50;2025-11-11;21;625
50;2025-11-11;22;190
50;2025-11-11;23;108
50;2025-11-12;0;18
50;2025-11-12;1;0
50;2025-11-12;2;0
50;2025-11-12;3;0
50;2025-11-12;4;4
50;2025-11-12;5;65
50;2025-11-12;6;467
50;2025-11-12;7;1570
50;2025-11-12;8;2663
50;2025-11-12;9;2081
50;2025-11-12;10;1565
50;2025-11-12;11;1427
50;2025-11-12;12;1354
50;2025-11-12;13;1455
50;2025-11-12;14;1362
50;2025-11-12;15;1476
50;2025-11-12;16;1658
50;2025-11-12;17;2213
50;2025-11-12;18;2240
50;2025-11-12;19;1371
50;2025-11-12;20;826
50;2025-11-12;21;601
50;2025-11-12;22;207
50;2025-11-12;23;122
50;2025-11-13;0;22
50;2025-11-13;1;0
50;2025-11-13;2;0
50;2025-11-13;3;0
50;2025-11-13;4;3
50;2025-11-13;5;67
50;2025-11-13;6;464
50;2025-11-13;7;1592
50;2025-11-13;8;2572
50;2025-11-13;9;2105
50;2025-11-13;10;1606
50;2025-11-13;11;1395
50;2025-11-13;12;1360
50;2025-11-13;13;1430
50;2025-11-13;14;1339
50;2025-11-13;15;1490
50;2025-11-13;16;1723
50;2025-11-13;17;2175
50;2025-11-13;18;2312
50;2025-11-13;19;1383
50;2025-11-13;20;937
50;2025-11-13;21;650
50;2025-11-13;22;222
50;2025-11-13;23;138
50;2025-11-14;0;23
50;2025-11-14;1;0
50;2025-11-14;2;0
50;2025-11-14;3;0
50;2025-11-14;4;3
50;2025-11-14;5;62
50;2025-11-14;6;467
50;2025-11-14;7;1518
50;2025-11-14;8;2573
50;2025-11-14;9;2058
50;2025-11-14;10;1428
50;2025-11-14;11;1440
50;2025-11-14;12;1343
50;2025-11-14;13;1397
50;2025-11-14;14;1356
50;2025-11-14;15;1587
50;2025-11-14;16;1932
50;2025-11-14;17;1944
50;2025-11-14;18;1611
50;2025-11-14;19;1118
50;2025-11-14;20;791
50;2025-11-14;21;531
50;2025-11-14;22;207
50;2025-11-14;23;139
50;2025-11-15;0;20
50;2025-11-15;1;0
50;2025-11-15;2;0
50;2025-11-15;3;0
50;2025-11-15;4;0
50;2025-11-15;5;15
50;2025-11-15;6;126
50;2025-11-15;7;296
50;2025-11-15;8;520
50;2025-11-15;9;646
50;2025-11-15;10;530
50;2025-11-15;11;646
50;2025-11-15;12;703
50;2025-11-15;13;711
50;2025-11-15;14;725
50;2025-11-15;15;716
50;2025-11-15;16;688
50;2025-11-15;17;717
50;2025-11-15;18;468
50;2025-11-15;19;446
50;2025-11-15;20;329
50;2025-11-15;21;258
50;2025-11-15;22;98
50;2025-11-15;23;54
50;2025-11-16;0;14
50;2025-11-16;1;0
50;2025-11-16;2;0
50;2025-11-16;3;0
50;2025-11-16;4;0
50;2025-11-16;5;15
50;2025-11-16;6;57
50;2025-11-16;7;100
50;2025-11-16;8;338
50;2025-11-16;9;443
50;2025-11-16;10;506
50;2025-11-16;11;672
50;2025-11-16;12;704
50;2025-11-16;13;777
50;2025-11-16;14;921
50;2025-11-16;15;781
50;2025-11-16;16;853
50;2025-11-16;17;808
50;2025-11-16;18;632
50;2025-11-16;19;583
50;2025-11-16;20;451
50;2025-11-16;21;332
50;2025-11-16;22;107
50;2025-11-16;23;49
50;2025-11-17;0;12
50;2025-11-17;1;0
50;2025-11-17;2;0
50;2025-11-17;3;0
50;2025-11-17;4;5
50;2025-11-17;5;61
50;2025-11-17;6;474
50;2025-11-17;7;1586
50;2025-11-17;8;2792
50;2025-11-17;9;2243
50;2025-11-17;10;1626
50;2025-11-17;11;1502
50;2025-11-17;12;1344
50;2025-11-17;13;1435
50;2025-11-17;14;1398
50;2025-11-17;15;1520
50;2025-11-17;16;1663
50;2025-11-17;17;2225
50;2025-11-17;18;2320
50;2025-11-17;19;1420
50;2025-11-17;20;868
50;2025-11-17;21;601
50;2025-11-17;22;170
50;2025-11-17;23;92
50;2025-11-18;0;12
50;2025-11-18;1;0
50;2025-11-18;2;0
50;2025-11-18;3;0
50;2025-11-18;4;3
50;2025-11-18;5;55
50;2025-11-18;6;469
50;2025-11-18;7;1493
50;2025-11-18;8;2604
50;2025-11-18;9;2156
50;2025-11-18;10;1549
50;2025-11-18;11;1423
50;2025-11-18;12;1338
50;2025-11-18;13;1396
50;2025-11-18;14;1340
50;2025-11-18;15;1443
50;2025-11-18;16;1576
50;2025-11-18;17;2095
50;2025-11-18;18;2196
50;2025-11-18;19;1373
50;2025-11-18;20;859
50;2025-11-18;21;580
50;2025-11-18;22;154
50;2025-11-18;23;81
50;2025-11-19;0;16
50;2025-11-19;1;0
50;2025-11-19;2;0
50;2025-11-19;3;0
50;2025-11-19;4;4
50;2025-11-19;5;63
50;2025-11-19;6;479
50;2025-11-19;7;1538
50;2025-11-19;8;2691
50;2025-11-19;9;2155
50;2025-11-19;10;1612
50;2025-11-19;11;1487
50;2025-11-19;12;1404
50;2025-11-19;13;1484
50;2025-11-19;14;1433
50;2025-11-19;15;1540
50;2025-11-19;16;1694
50;2025-11-19;17;2255
50;2025-11-19;18;2255
50;2025-11-19;19;1429
50;2025-11-19;20;831
50;2025-11-19;21;606
50;2025-11-19;22;186
50;2025-11-19;23;110
50;2025-11-20;0;19
50;2025-11-20;1;0
50;2025-11-20;2;0
50;2025-11-20;3;0
50;2025-11-20;4;3
50;2025-11-20;5;61
50;2025-11-20;6;470
50;2025-11-20;7;1519
50;2025-11-20;8;2595
50;2025-11-20;9;2152
50;2025-11-20;10;1614
50;2025-11-20;11;1434
50;2025-11-20;12;1388
50;2025-11-20;13;1432
50;2025-11-20;14;1389
50;2025-11-20;15;1472
50;2025-11-20;16;1753
50;2025-11-20;17;2166
50;2025-11-20;18;2266
50;2025-11-20;19;1416
50;2025-11-20;20;904
50;2025-11-20;21;645
50;2025-11-20;22;191
50;2025-11-20;23;116
50;2025-11-21;0;22
50;2025-11-21;1;0
50;2025-11-21;2;0
50;2025-11-21;3;0
50;2025-11-21;4;4
50;2025-11-21;5;60
50;2025-11-21;6;483
50;2025-11-21;7;1514
50;2025-11-21;8;2614
50;2025-11-21;9;2097
50;2025-11-21;10;1486
50;2025-11-21;11;1508
50;2025-11-21;12;1402
50;2025-11-21;13;1434
50;2025-11-21;14;1403
50;2025-11-21;15;1606
50;2025-11-21;16;1969
50;2025-11-21;17;2018
50;2025-11-21;18;1655
50;2025-11-21;19;1178
50;2025-11-21;20;791
50;2025-11-21;21;538
50;2025-11-21;22;197
50;2025-11-21;23;131
50;2025-11-22;0;30
50;2025-11-22;1;0
50;2025-11-22;2;0
50;2025-11-22;3;0
50;2025-11-22;4;4
50;2025-11-22;5;26
50;2025-11-22;6;155
50;2025-11-22;7;362
50;2025-11-22;8;614
50;2025-11-22;9;699
50;2025-11-22;10;623
50;2025-11-22;11;752
50;2025-11-22;12;791
50;2025-11-22;13;847
50;2025-11-22;14;865
50;2025-11-22;15;788
50;2025-11-22;16;816
50;2025-11-22;17;805
50;2025-11-22;18;636
50;2025-11-22;19;576
50;2025-11-22;20;438
50;2025-11-22;21;345
50;2025-11-22;22;129
50;2025-11-22;23;82
50;2025-11-23;0;23
50;2025-11-23;1;0
50;2025-11-23;2;0
50;2025-11-23;3;0
50;2025-11-23;4;2
50;2025-11-23;5;20
50;2025-11-23;6;92
50;2025-11-23;7;182
50;2025-11-23;8;375
50;2025-11-23;9;481
50;2025-11-23;10;522
50;2025-11-23;11;640
50;2025-11-23;12;684
50;2025-11-23;13;783
50;2025-11-23;14;869
50;2025-11-23;15;729
50;2025-11-23;16;801
50;2025-11-23;17;755
50;2025-11-23;18;635
50;2025-11-23;19;550
50;2025-11-23;20;449
50;2025-11-23;21;341
50;2025-11-23;22;126
50;2025-11-23;23;70
50;2025-11-24;0;13
50;2025-11-24;1;0
50;2025-11-24;2;0
50;2025-11-24;3;0
50;2025-11-24;4;5
50;2025-11-24;5;61
50;2025-11-24;6;459
50;2025-11-24;7;1624
50;2025-11-24;8;2803
50;2025-11-24;9;2196
50;2025-11-24;10;1591
50;2025-11-24;11;1439
50;2025-11-24;12;1277
50;2025-11-24;13;1432
50;2025-11-24;14;1335
50;2025-11-24;15;1509
50;2025-11-24;16;1636
50;2025-11-24;17;2194
50;2025-11-24;18;2313
50;2025-11-24;19;1084
50;2025-11-24;20;872
50;2025-11-24;21;598
50;2025-11-24;22;180
50;2025-11-24;23;97
50;2025-11-25;0;17
50;2025-11-25;1;0
50;2025-11-25;2;0
50;2025-11-25;3;0
50;2025-11-25;4;2
50;2025-11-25;5;59
50;2025-11-25;6;478
50;2025-11-25;7;1579
50;2025-11-25;8;2685
50;2025-11-25;9;2130
50;2025-11-25;10;1546
50;2025-11-25;11;1380
50;2025-11-25;12;1314
50;2025-11-25;13;1425
50;2025-11-25;14;1321
50;2025-11-25;15;1466
50;2025-11-25;16;1590
50;2025-11-25;17;2133
50;2025-11-25;18;2302
50;2025-11-25;19;1343
50;2025-11-25;20;887
50;2025-11-25;21;584
50;2025-11-25;22;198
50;2025-11-25;23;110
50;2025-11-26;0;23
50;2025-11-26;1;0
50;2025-11-26;2;0
50;2025-11-26;3;0
50;2025-11-26;4;3
50;2025-11-26;5;60
50;2025-11-26;6;450
50;2025-11-26;7;1531
50;2025-11-26;8;2609
50;2025-11-26;9;2019
50;2025-11-26;10;1510
50;2025-11-26;11;1345
50;2025-11-26;12;1267
50;2025-11-26;13;1431
50;2025-11-26;14;1305
50;2025-11-26;15;1493
50;2025-11-26;16;1596
50;2025-11-26;17;2161
50;2025-11-26;18;2182
50;2025-11-26;19;1303
50;2025-11-26;20;804
50;2025-11-26;21;573
50;2025-11-26;22;217
50;2025-11-26;23;127
50;2025-11-27;0;27
50;2025-11-27;1;0
50;2025-11-27;2;0
50;2025-11-27;3;0
50;2025-11-27;4;3
50;2025-11-27;5;61
50;2025-11-27;6;459
50;2025-11-27;7;1551
50;2025-11-27;8;2602
50;2025-11-27;9;2101
50;2025-11-27;10;1566
50;2025-11-27;11;1369
50;2025-11-27;12;1315
50;2025-11-27;13;1425
50;2025-11-27;14;1326
50;2025-11-27;15;1451
50;2025-11-27;16;1728
50;2025-11-27;17;2124
50;2025-11-27;18;2243
50;2025-11-27;19;1335
50;2025-11-27;20;895
50;2025-11-27;21;638
50;2025-11-27;22;222
50;2025-11-27;23;138
50;2025-11-28;0;29
50;2025-11-28;1;0
50;2025-11-28;2;0
50;2025-11-28;3;0
50;2025-11-28;4;3
50;2025-11-28;5;59
50;2025-11-28;6;464
50;2025-11-28;7;1520
50;2025-11-28;8;2588
50;2025-11-28;9;2022
50;2025-11-28;10;1444
50;2025-11-28;11;1443
50;2025-11-28;12;1334
50;2025-11-28;13;1419
50;2025-11-28;14;1338
50;2025-11-28;15;1570
50;2025-11-28;16;1918
50;2025-11-28;17;1969
50;2025-11-28;18;1643
50;2025-11-28;19;1110
50;2025-11-28;20;777
50;2025-11-28;21;528
50;2025-11-28;22;230
50;2025-11-28;23;156
50;2025-11-29;0;43
50;2025-11-29;1;1
50;2025-11-29;2;0
50;2025-11-29;3;0
50;2025-11-29;4;4
50;2025-11-29;5;28
50;2025-11-29;6;152
50;2025-11-29;7;369
50;2025-11-29;8;613
50;2025-11-29;9;666
50;2025-11-29;10;609
50;2025-11-29;11;739
50;2025-11-29;12;765
50;2025-11-29;13;842
50;2025-11-29;14;852
50;2025-11-29;15;773
50;2025-11-29;16;813
50;2025-11-29;17;780
50;2025-11-29;18;662
50;2025-11-29;19;572
50;2025-11-29;20;451
50;2025-11-29;21;354
50;2025-11-29;22;171
50;2025-11-29;23;119
50;2025-11-30;0;35
50;2025-11-30;1;1
50;2025-11-30;2;0
50;2025-11-30;3;0
50;2025-11-30;4;2
50;2025-11-30;5;21
50;2025-11-30;6;91
50;2025-11-30;7;187
50;2025-11-30;8;372
50;2025-11-30;9;470
50;2025-11-30;10;506
50;2025-11-30;11;603
50;2025-11-30;12;648
50;2025-11-30;13;757
50;2025-11-30;14;802
50;2025-11-30;15;683
50;2025-11-30;16;746
50;2025-11-30;17;702
50;2025-11-30;18;617
50;2025-11-30;19;510
50;2025-11-30;20;436
50;2025-11-30;21;333
50;2025-11-30;22;153
50;2025-11-30;23;97
50;2025-12-01;0;21
50;2025-12-01;1;1
50;2025-12-01;2;0
50;2025-12-01;3;0
50;2025-12-01;4;4
50;2025-12-01;5;62
50;2025-12-01;6;456
50;2025-12-01;7;1598
50;2025-12-01;8;2697
50;2025-12-01;9;2106
50;2025-12-01;10;1551
50;2025-12-01;11;1390
50;2025-12-01;12;1240
50;2025-12-01;13;1383
50;2025-12-01;14;1297
50;2025-12-01;15;1457
50;2025-12-01;16;1594
50;2025-12-01;17;2164
50;2025-12-01;18;2282
50;2025-12-01;19;1360
50;2025-12-01;20;853
50;2025-12-01;21;579
50;2025-12-01;22;207
50;2025-12-01;23;115
50;2025-12-02;0;25
50;2025-12-02;1;0
50;2025-12-02;2;0
50;2025-12-02;3;0
50;2025-12-02;4;2
50;2025-12-02;5;58
50;2025-12-02;6;474
50;2025-12-02;7;1556
50;2025-12-02;8;2666
50;2025-12-02;9;2109
50;2025-12-02;10;1533
50;2025-12-02;11;1377
50;2025-12-02;12;1304
50;2025-12-02;13;1407
50;2025-12-02;14;1310
50;2025-12-02;15;1451
50;2025-12-02;16;1578
50;2025-12-02;17;2114
50;2025-12-02;18;2294
50;2025-12-02;19;1337
50;2025-12-02;20;880
50;2025-12-02;21;579
50;2025-12-02;22;222
50;2025-12-02;23;119
50;2025-12-03;0;27
50;2025-12-03;1;2
50;2025-12-03;2;0
50;2025-12-03;3;0
50;2025-12-03;4;3
50;2025-12-03;5;61
50;2025-12-03;6;459
50;2025-12-03;7;1500
50;2025-12-03;8;2584
50;2025-12-03;9;2015
50;2025-12-03;10;1521
50;2025-12-03;11;1371
50;2025-12-03;12;1280
50;2025-12-03;13;1415
50;2025-12-03;14;1326
50;2025-12-03;15;1480
50;2025-12-03;16;1608
50;2025-12-03;17;2153
50;2025-12-03;18;2199
50;2025-12-03;19;1334
50;2025-12-03;20;801
50;2025-12-03;21;575
50;2025-12-03;22;232
50;2025-12-03;23;133
50;2025-12-04;0;31
50;2025-12-04;1;1
50;2025-12-04;2;0
50;2025-12-04;3;0
50;2025-12-04;4;2
50;2025-12-04;5;61
50;2025-12-04;6;461
50;2025-12-04;7;1525
50;2025-12-04;8;2536
50;2025-12-04;9;2044
50;2025-12-04;10;1541
50;2025-12-04;11;1345
50;2025-12-04;12;1292
50;2025-12-04;13;1388
50;2025-12-04;14;1303
50;2025-12-04;15;1412
50;2025-12-04;16;1702
50;2025-12-04;17;2093
50;2025-12-04;18;2220
50;2025-12-04;19;1327
50;2025-12-04;20;877
50;2025-12-04;21;624
50;2025-12-04;22;238
50;2025-12-04;23;145
50;2025-12-05;0;32
50;2025-12-05;1;1
50;2025-12-05;2;0
50;2025-12-05;3;0
50;2025-12-05;4;2
50;2025-12-05;5;58
50;2025-12-05;6;458
50;2025-12-05;7;1475
50;2025-12-05;8;2502
50;2025-12-05;9;1956
50;2025-12-05;10;1415
50;2025-12-05;11;1417
50;2025-12-05;12;1305
50;2025-12-05;13;1374
50;2025-12-05;14;1307
50;2025-12-05;15;1519
50;2025-12-05;16;1872
50;2025-12-05;17;1928
50;2025-12-05;18;1616
50;2025-12-05;19;1096
50;2025-12-05;20;755
50;2025-12-05;21;513
50;2025-12-05;22;244
50;2025-12-05;23;161
50;2025-12-06;0;46
50;2025-12-06;1;1
50;2025-12-06;2;0
50;2025-12-06;3;0
50;2025-12-06;4;2
50;2025-12-06;5;26
50;2025-12-06;6;145
50;2025-12-06;7;350
50;2025-12-06;8;576
50;2025-12-06;9;620
50;2025-12-06;10;575
50;2025-12-06;11;700
50;2025-12-06;12;720
50;2025-12-06;13;792
50;2025-12-06;14;803
50;2025-12-06;15;724
50;2025-12-06;16;769
50;2025-12-06;17;733
50;2025-12-06;18;640
50;2025-12-06;19;550
50;2025-12-06;20;435
50;2025-12-06;21;339
50;2025-12-06;22;182
50;2025-12-06;23;125
50;2025-12-07;0;38
50;2025-12-07;1;2
50;2025-12-07;2;0
50;2025-12-07;3;0
50;2025-12-07;4;0
50;2025-12-07;5;19
50;2025-12-07;6;88
50;2025-12-07;7;179
50;2025-12-07;8;349
50;2025-12-07;9;444
50;2025-12-07;10;476
50;2025-12-07;11;568
50;2025-12-07;12;606
50;2025-12-07;13;699
50;2025-12-07;14;743
50;2025-12-07;15;624
50;2025-12-07;16;688
50;2025-12-07;17;646
50;2025-12-07;18;578
50;2025-12-07;19;479
50;2025-12-07;20;406
50;2025-12-07;21;312
50;2025-12-07;22;155
50;2025-12-07;23;100
50;2025-12-08;0;23
50;2025-12-08;1;1
50;2025-12-08;2;0
50;2025-12-08;3;0
50;2025-12-08;4;2
50;2025-12-08;5;58
50;2025-12-08;6;436
50;2025-12-08;7;1518
50;2025-12-08;8;2585
50;2025-12-08;9;2027
50;2025-12-08;10;1490
50;2025-12-08;11;1345
50;2025-12-08;12;1190
50;2025-12-08;13;1324
50;2025-12-08;14;1253
50;2025-12-08;15;1394
50;2025-12-08;16;1532
50;2025-12-08;17;2073
50;2025-12-08;18;2189
50;2025-12-08;19;1290
50;2025-12-08;20;819
50;2025-12-08;21;557
50;2025-12-08;22;211
50;2025-12-08;23;115
50;2025-12-09;0;26
50;2025-12-09;1;0
50;2025-12-09;2;0
50;2025-12-09;3;0
50;2025-12-09;4;1
50;2025-12-09;5;56
50;2025-12-09;6;457
50;2025-12-09;7;1488
50;2025-12-09;8;2577
50;2025-12-09;9;2056
50;2025-12-09;10;1488
50;2025-12-09;11;1357
50;2025-12-09;12;1274
50;2025-12-09;13;1357
50;2025-12-09;14;1287
50;2025-12-09;15;1404
50;2025-12-09;16;1536
50;2025-12-09;17;2029
50;2025-12-09;18;2221
50;2025-12-09;19;1302
50;2025-12-09;20;857
50;2025-12-09;21;567
50;2025-12-09;22;224
50;2025-12-09;23;120
50;2025-12-10;0;26
50;2025-12-10;1;1
50;2025-12-10;2;0
50;2025-12-10;3;0
50;2025-12-10;4;1
50;2025-12-10;5;57
50;2025-12-10;6;437
50;2025-12-10;7;1433
50;2025-12-10;8;2474
50;2025-12-10;9;1934
50;2025-12-10;10;1455
50;2025-12-10;11;1315
50;2025-12-10;12;1217
50;2025-12-10;13;1351
50;2025-12-10;14;1269
50;2025-12-10;15;1419
50;2025-12-10;16;1536
50;2025-12-10;17;2053
50;2025-12-10;18;2106
50;2025-12-10;19;1275
50;2025-12-10;20;770
50;2025-12-10;21;552
50;2025-12-10;22;227
50;2025-12-10;23;129
50;2025-12-11;0;29
50;2025-12-11;1;0
50;2025-12-11;2;0
50;2025-12-11;3;0
50;2025-12-11;4;0
50;2025-12-11;5;56
50;2025-12-11;6;431
50;2025-12-11;7;1414
50;2025-12-11;8;2378
50;2025-12-11;9;1934
50;2025-12-11;10;1446
50;2025-12-11;11;1278
50;2025-12-11;12;1209
50;2025-12-11;13;1296
50;2025-12-11;14;1225
50;2025-12-11;15;1316
50;2025-12-11;16;1597
50;2025-12-11;17;1946
50;2025-12-11;18;2072
50;2025-12-11;19;1248
50;2025-12-11;20;822
50;2025-12-11;21;590
50;2025-12-11;22;227
50;2025-12-11;23;139
50;2025-12-12;0;30
50;2025-12-12;1;0
50;2025-12-12;2;0
50;2025-12-12;3;0
50;2025-12-12;4;0
50;2025-12-12;5;53
50;2025-12-12;6;427
50;2025-12-12;7;1370
50;2025-12-12;8;2337
50;2025-12-12;9;1844
50;2025-12-12;10;1328
50;2025-12-12;11;1341
50;2025-12-12;12;1221
50;2025-12-12;13;1280
50;2025-12-12;14;1226
50;2025-12-12;15;1415
50;2025-12-12;16;1747
50;2025-12-12;17;1794
50;2025-12-12;18;1516
50;2025-12-12;19;1031
50;2025-12-12;20;709
50;2025-12-12;21;485
50;2025-12-12;22;233
50;2025-12-12;23;154
50;2025-12-13;0;39
50;2025-12-13;1;0
50;2025-12-13;2;0
50;2025-12-13;3;0
50;2025-12-13;4;0
50;2025-12-13;5;21
50;2025-12-13;6;128
50;2025-12-13;7;311
50;2025-12-13;8;517
50;2025-12-13;9;563
50;2025-12-13;10;517
50;2025-12-13;11;637
50;2025-12-13;12;646
50;2025-12-13;13;702
50;2025-12-13;14;722
50;2025-12-13;15;645
50;2025-12-13;16;688
50;2025-12-13;17;655
50;2025-12-13;18;574
50;2025-12-13;19;499
50;2025-12-13;20;388
50;2025-12-13;21;304
50;2025-12-13;22;164
50;2025-12-13;23;86
50;2025-12-14;0;25
50;2025-12-14;1;0
50;2025-12-14;2;0
50;2025-12-14;3;0
50;2025-12-14;4;0
50;2025-12-14;5;16
50;2025-12-14;6;79
50;2025-12-14;7;160
50;2025-12-14;8;320
50;2025-12-14;9;411
50;2025-12-14;10;439
50;2025-12-14;11;526
50;2025-12-14;12;556
50;2025-12-14;13;636
50;2025-12-14;14;679
50;2025-12-14;15;567
50;2025-12-14;16;627
50;2025-12-14;17;591
50;2025-12-14;18;532
50;2025-12-14;19;443
50;2025-12-14;20;370
50;2025-12-14;21;286
50;2025-12-14;22;143
50;2025-12-14;23;75
50;2025-12-15;0;22
50;2025-12-15;1;1
50;2025-12-15;2;0
50;2025-12-15;3;0
50;2025-12-15;4;1
50;2025-12-15;5;56
50;2025-12-15;6;424
50;2025-12-15;7;1457
50;2025-12-15;8;2511
50;2025-12-15;9;1953
50;2025-12-15;10;1444
50;2025-12-15;11;1300
50;2025-12-15;12;1138
50;2025-12-15;13;1278
50;2025-12-15;14;1207
50;2025-12-15;15;1337
50;2025-12-15;16;1483
50;2025-12-15;17;2023
50;2025-12-15;18;2135
50;2025-12-15;19;1257
50;2025-12-15;20;788
50;2025-12-15;21;537
50;2025-12-15;22;208
50;2025-12-15;23;110
50;2025-12-16;0;26
50;2025-12-16;1;0
50;2025-12-16;2;0
50;2025-12-16;3;0
50;2025-12-16;4;0
50;2025-12-16;5;55
50;2025-12-16;6;451
50;2025-12-16;7;1462
50;2025-12-16;8;2525
50;2025-12-16;9;2004
50;2025-12-16;10;1458
50;2025-12-16;11;1320
50;2025-12-16;12;1234
50;2025-12-16;13;1328
50;2025-12-16;14;1245
50;2025-12-16;15;1368
50;2025-12-16;16;1500
50;2025-12-16;17;1999
50;2025-12-16;18;2188
50;2025-12-16;19;1277
50;2025-12-16;20;839
50;2025-12-16;21;556
50;2025-12-16;22;224
50;2025-12-16;23;119
50;2025-12-17;0;26
50;2025-12-17;1;1
50;2025-12-17;2;0
50;2025-12-17;3;0
50;2025-12-17;4;1
50;2025-12-17;5;56
50;2025-12-17;6;434
50;2025-12-17;7;1398
50;2025-12-17;8;2409
50;2025-12-17;9;1894
50;2025-12-17;10;1432
50;2025-12-17;11;1298
50;2025-12-17;12;1195
50;2025-12-17;13;1316
50;2025-12-17;14;1245
50;2025-12-17;15;1380
50;2025-12-17;16;1506
50;2025-12-17;17;2011
50;2025-12-17;18;2073
50;2025-12-17;19;1263
50;2025-12-17;20;755
50;2025-12-17;21;544
50;2025-12-17;22;226
50;2025-12-17;23;127
50;2025-12-18;0;29
50;2025-12-18;1;0
50;2025-12-18;2;0
50;2025-12-18;3;0
50;2025-12-18;4;0
50;2025-12-18;5;57
50;2025-12-18;6;437
50;2025-12-18;7;1414
50;2025-12-18;8;2354
50;2025-12-18;9;1911
50;2025-12-18;10;1444
50;2025-12-18;11;1269
50;2025-12-18;12;1200
50;2025-12-18;13;1284
50;2025-12-18;14;1215
50;2025-12-18;15;1302
50;2025-12-18;16;1588
50;2025-12-18;17;1947
50;2025-12-18;18;2081
50;2025-12-18;19;1252
50;2025-12-18;20;819
50;2025-12-18;21;588
50;2025-12-18;22;232
50;2025-12-18;23;140
50;2025-12-19;0;30
50;2025-12-19;1;0
50;2025-12-19;2;0
50;2025-12-19;3;0
50;2025-12-19;4;0
50;2025-12-19;5;53
50;2025-12-19;6;434
50;2025-12-19;7;1367
50;2025-12-19;8;2322
50;2025-12-19;9;1824
50;2025-12-19;10;1330
50;2025-12-19;11;1335
50;2025-12-19;12;1212
50;2025-12-19;13;1272
50;2025-12-19;14;1214
50;2025-12-19;15;1399
50;2025-12-19;16;1742
50;2025-12-19;17;1803
50;2025-12-19;18;1527
50;2025-12-19;19;1038
50;2025-12-19;20;705
50;2025-12-19;21;484
50;2025-12-19;22;238
50;2025-12-19;23;154
50;2025-12-20;0;41
50;2025-12-20;1;0
50;2025-12-20;2;0
50;2025-12-20;3;0
50;2025-12-20;4;0
50;2025-12-20;5;22
50;2025-12-20;6;132
50;2025-12-20;7;311
50;2025-12-20;8;513
50;2025-12-20;9;556
50;2025-12-20;10;522
50;2025-12-20;11;634
50;2025-12-20;12;637
50;2025-12-20;13;698
50;2025-12-20;14;723
50;2025-12-20;15;630
50;2025-12-20;16;685
50;2025-12-20;17;660
50;2025-12-20;18;590
50;2025-12-20;19;511
50;2025-12-20;20;391
50;2025-12-20;21;308
50;2025-12-20;22;173
50;2025-12-20;23;88
50;2025-12-21;0;22
50;2025-12-21;1;0
50;2025-12-21;2;0
50;2025-12-21;3;0
50;2025-12-21;4;0
50;2025-12-21;5;16
50;2025-12-21;6;80
50;2025-12-21;7;159
50;2025-12-21;8;312
50;2025-12-21;9;404
50;2025-12-21;10;437
50;2025-12-21;11;518
50;2025-12-21;12;543
50;2025-12-21;13;621
50;2025-12-21;14;671
50;2025-12-21;15;545
50;2025-12-21;16;612
50;2025-12-21;17;582
50;2025-12-21;18;533
50;2025-12-21;19;445
50;2025-12-21;20;366
50;2025-12-21;21;285
50;2025-12-21;22;146
50;2025-12-21;23;71
50;2025-12-22;0;15
50;2025-12-22;1;0
50;2025-12-22;2;0
50;2025-12-22;3;0
50;2025-12-22;4;0
50;2025-12-22;5;54
50;2025-12-22;6;416
50;2025-12-22;7;1408
50;2025-12-22;8;2424
50;2025-12-22;9;1918
50;2025-12-22;10;1418
50;2025-12-22;11;1284
50;2025-12-22;12;1114
50;2025-12-22;13;1239
50;2025-12-22;14;1203
50;2025-12-22;15;1285
50;2025-12-22;16;1443
50;2025-12-22;17;1950
50;2025-12-22;18;2094
50;2025-12-22;19;1241
50;2025-12-22;20;775
50;2025-12-22;21;533
50;2025-12-22;22;207
50;2025-12-22;23;109
50;2025-12-23;0;26
50;2025-12-23;1;0
50;2025-12-23;2;0
50;2025-12-23;3;0
50;2025-12-23;4;0
50;2025-12-23;5;53
50;2025-12-23;6;446
50;2025-12-23;7;1391
50;2025-12-23;8;2442
50;2025-12-23;9;1956
50;2025-12-23;10;1430
50;2025-12-23;11;1306
50;2025-12-23;12;1197
50;2025-12-23;13;1281
50;2025-12-23;14;1235
50;2025-12-23;15;1301
50;2025-12-23;16;1457
50;2025-12-23;17;1931
50;2025-12-23;18;2156
50;2025-12-23;19;1269
50;2025-12-23;20;814
50;2025-12-23;21;547
50;2025-12-23;22;221
50;2025-12-23;23;114
50;2025-12-24;0;24
50;2025-12-24;1;0
50;2025-12-24;2;0
50;2025-12-24;3;0
50;2025-12-24;4;0
50;2025-12-24;5;54
50;2025-12-24;6;428
50;2025-12-24;7;1342
50;2025-12-24;8;2345
50;2025-12-24;9;1841
50;2025-12-24;10;1402
50;2025-12-24;11;1269
50;2025-12-24;12;1145
50;2025-12-24;13;1274
50;2025-12-24;14;1220
50;2025-12-24;15;1316
50;2025-12-24;16;1458
50;2025-12-24;17;1958
50;2025-12-24;18;2055
50;2025-12-24;19;1248
50;2025-12-24;20;732
50;2025-12-24;21;533
50;2025-12-24;22;222
50;2025-12-24;23;121
50;2025-12-25;0;26
50;2025-12-25;1;0
50;2025-12-25;2;0
50;2025-12-25;3;0
50;2025-12-25;4;0
50;2025-12-25;5;56
50;2025-12-25;6;451
50;2025-12-25;7;1388
50;2025-12-25;8;2182
50;2025-12-25;9;1768
50;2025-12-25;10;1380
50;2025-12-25;11;1195
50;2025-12-25;12;1122
50;2025-12-25;13;1194
50;2025-12-25;14;1122
50;2025-12-25;15;1206
50;2025-12-25;16;1460
50;2025-12-25;17;1889
50;2025-12-25;18;2041
50;2025-12-25;19;1237
50;2025-12-25;20;777
50;2025-12-25;21;565
50;2025-12-25;22;242
50;2025-12-25;23;132
50;2025-12-26;0;22
50;2025-12-26;1;0
50;2025-12-26;2;0
50;2025-12-26;3;0
50;2025-12-26;4;0
50;2025-12-26;5;47
50;2025-12-26;6;443
50;2025-12-26;7;1356
50;2025-12-26;8;2163
50;2025-12-26;9;1709
50;2025-12-26;10;1272
50;2025-12-26;11;1277
50;2025-12-26;12;1160
50;2025-12-26;13;1187
50;2025-12-26;14;1128
50;2025-12-26;15;1329
50;2025-12-26;16;1610
50;2025-12-26;17;1755
50;2025-12-26;18;1499
50;2025-12-26;19;1024
50;2025-12-26;20;673
50;2025-12-26;21;464
50;2025-12-26;22;245
50;2025-12-26;23;142
50;2025-12-27;0;35
50;2025-12-27;1;0
50;2025-12-27;2;0
50;2025-12-27;3;0
50;2025-12-27;4;0
50;2025-12-27;5;19
50;2025-12-27;6;137
50;2025-12-27;7;310
50;2025-12-27;8;482
50;2025-12-27;9;518
50;2025-12-27;10;502
50;2025-12-27;11;606
50;2025-12-27;12;605
50;2025-12-27;13;652
50;2025-12-27;14;665
50;2025-12-27;15;594
50;2025-12-27;16;641
50;2025-12-27;17;648
50;2025-12-27;18;584
50;2025-12-27;19;508
50;2025-12-27;20;371
50;2025-12-27;21;295
50;2025-12-27;22;180
50;2025-12-27;23;71
50;2025-12-28;0;12
50;2025-12-28;1;0
50;2025-12-28;2;0
50;2025-12-28;3;0
50;2025-12-28;4;0
50;2025-12-28;5;13
50;2025-12-28;6;85
50;2025-12-28;7;163
50;2025-12-28;8;303
50;2025-12-28;9;333
50;2025-12-28;10;291
50;2025-12-28;11;511
50;2025-12-28;12;535
50;2025-12-28;13;602
50;2025-12-28;14;636
50;2025-12-28;15;535
50;2025-12-28;16;593
50;2025-12-28;17;596
50;2025-12-28;18;545
50;2025-12-28;19;457
50;2025-12-28;20;361
50;2025-12-28;21;282
50;2025-12-28;22;157
50;2025-12-28;23;57
50;2025-12-29;0;7
50;2025-12-29;1;0
50;2025-12-29;2;0
50;2025-12-29;3;0
50;2025-12-29;4;0
50;2025-12-29;5;55
50;2025-12-29;6;432
50;2025-12-29;7;1407
50;2025-12-29;8;2253
50;2025-12-29;9;1759
50;2025-12-29;10;1350
50;2025-12-29;11;1198
50;2025-12-29;12;1038
50;2025-12-29;13;1156
50;2025-12-29;14;1086
50;2025-12-29;15;1203
50;2025-12-29;16;1337
50;2025-12-29;17;1913
50;2025-12-29;18;2049
50;2025-12-29;19;1220
50;2025-12-29;20;740
50;2025-12-29;21;513
50;2025-12-29;22;218
50;2025-12-29;23;105
50;2025-12-30;0;22
50;2025-12-30;1;0
50;2025-12-30;2;0
50;2025-12-30;3;0
50;2025-12-30;4;0
50;2025-12-30;5;53
50;2025-12-30;6;462
50;2025-12-30;7;1431
50;2025-12-30;8;2280
50;2025-12-30;9;1821
50;2025-12-30;10;1373
50;2025-12-30;11;1230
50;2025-12-30;12;1143
50;2025-12-30;13;1208
50;2025-12-30;14;1126
50;2025-12-30;15;1254
50;2025-12-30;16;1360
50;2025-12-30;17;1908
50;2025-12-30;18;2111
50;2025-12-30;19;1245
50;2025-12-30;20;793
50;2025-12-30;21;531
50;2025-12-30;22;236
50;2025-12-30;23;114
50;2025-12-31;0;30
50;2025-12-31;1;0
50;2025-12-31;2;0
50;2025-12-31;3;0
50;2025-12-31;4;0
50;2025-12-31;5;9
50;2025-12-31;6;79
50;2025-12-31;7;148
50;2025-12-31;8;278
50;2025-12-31;9;371
50;2025-12-31;10;416
50;2025-12-31;11;508
50;2025-12-31;12;531
50;2025-12-31;13;580
50;2025-12-31;14;626
50;2025-12-31;15;522
50;2025-12-31;16;576
50;2025-12-31;17;560
50;2025-12-31;18;516
50;2025-12-31;19;441
50;2025-12-31;20;354
50;2025-12-31;21;273
50;2025-12-31;22;157
50;2025-12-31;23;85
