route;date;hour;prediction
1;2025-11-01;0;28
1;2025-11-01;1;3
1;2025-11-01;2;2
1;2025-11-01;3;2
1;2025-11-01;4;5
1;2025-11-01;5;141
1;2025-11-01;6;434
1;2025-11-01;7;1345
1;2025-11-01;8;1849
1;2025-11-01;9;1422
1;2025-11-01;10;1223
1;2025-11-01;11;1265
1;2025-11-01;12;1281
1;2025-11-01;13;1309
1;2025-11-01;14;1304
1;2025-11-01;15;1367
1;2025-11-01;16;1500
1;2025-11-01;17;1646
1;2025-11-01;18;1541
1;2025-11-01;19;1170
1;2025-11-01;20;734
1;2025-11-01;21;445
1;2025-11-01;22;225
1;2025-11-01;23;110
1;2025-11-02;0;34
1;2025-11-02;1;1
1;2025-11-02;2;0
1;2025-11-02;3;0
1;2025-11-02;4;0
1;2025-11-02;5;28
1;2025-11-02;6;137
1;2025-11-02;7;231
1;2025-11-02;8;386
1;2025-11-02;9;524
1;2025-11-02;10;736
1;2025-11-02;11;757
1;2025-11-02;12;856
1;2025-11-02;13;876
1;2025-11-02;14;810
1;2025-11-02;15;796
1;2025-11-02;16;700
1;2025-11-02;17;647
1;2025-11-02;18;590
1;2025-11-02;19;466
1;2025-11-02;20;341
1;2025-11-02;21;278
1;2025-11-02;22;136
1;2025-11-02;23;49
1;2025-11-03;0;50
1;2025-11-03;1;15
1;2025-11-03;2;14
1;2025-11-03;3;14
1;2025-11-03;4;13
1;2025-11-03;5;46
1;2025-11-03;6;190
1;2025-11-03;7;429
1;2025-11-03;8;609
1;2025-11-03;9;636
1;2025-11-03;10;817
1;2025-11-03;11;816
1;2025-11-03;12;875
1;2025-11-03;13;890
1;2025-11-03;14;843
1;2025-11-03;15;853
1;2025-11-03;16;782
1;2025-11-03;17;861
1;2025-11-03;18;882
1;2025-11-03;19;648
1;2025-11-03;20;475
1;2025-11-03;21;310
1;2025-11-03;22;161
1;2025-11-03;23;65
1;2025-11-04;0;49
1;2025-11-04;1;16
1;2025-11-04;2;15
1;2025-11-04;3;15
1;2025-11-04;4;15
1;2025-11-04;5;48
1;2025-11-04;6;188
1;2025-11-04;7;428
1;2025-11-04;8;603
1;2025-11-04;9;634
1;2025-11-04;10;796
1;2025-11-04;11;812
1;2025-11-04;12;860
1;2025-11-04;13;881
1;2025-11-04;14;836
1;2025-11-04;15;844
1;2025-11-04;16;781
1;2025-11-04;17;857
1;2025-11-04;18;875
1;2025-11-04;19;638
1;2025-11-04;20;465
1;2025-11-04;21;309
1;2025-11-04;22;163
1;2025-11-04;23;70
1;2025-11-05;0;25
1;2025-11-05;1;1
1;2025-11-05;2;0
1;2025-11-05;3;0
1;2025-11-05;4;3
1;2025-11-05;5;135
1;2025-11-05;6;439
1;2025-11-05;7;1514
1;2025-11-05;8;2027
1;2025-11-05;9;1521
1;2025-11-05;10;1271
1;2025-11-05;11;1289
1;2025-11-05;12;1267
1;2025-11-05;13;1294
1;2025-11-05;14;1310
1;2025-11-05;15;1401
1;2025-11-05;16;1557
1;2025-11-05;17;1849
1;2025-11-05;18;1837
1;2025-11-05;19;1362
1;2025-11-05;20;889
1;2025-11-05;21;438
1;2025-11-05;22;210
1;2025-11-05;23;82
1;2025-11-06;0;23
1;2025-11-06;1;0
1;2025-11-06;2;0
1;2025-11-06;3;0
1;2025-11-06;4;3
1;2025-11-06;5;141
1;2025-11-06;6;447
1;2025-11-06;7;1513
1;2025-11-06;8;2039
1;2025-11-06;9;1540
1;2025-11-06;10;1292
1;2025-11-06;11;1315
1;2025-11-06;12;1295
1;2025-11-06;13;1320
1;2025-11-06;14;1333
1;2025-11-06;15;1422
1;2025-11-06;16;1577
1;2025-11-06;17;1861
1;2025-11-06;18;1823
1;2025-11-06;19;1350
1;2025-11-06;20;879
1;2025-11-06;21;442
1;2025-11-06;22;216
1;2025-11-06;23;88
1;2025-11-07;0;23
1;2025-11-07;1;0
1;2025-11-07;2;0
1;2025-11-07;3;0
1;2025-11-07;4;2
1;2025-11-07;5;141
1;2025-11-07;6;450
1;2025-11-07;7;1518
1;2025-11-07;8;2032
1;2025-11-07;9;1544
1;2025-11-07;10;1291
1;2025-11-07;11;1356
1;2025-11-07;12;1349
1;2025-11-07;13;1387
1;2025-11-07;14;1395
1;2025-11-07;15;1485
1;2025-11-07;16;1634
1;2025-11-07;17;1786
1;2025-11-07;18;1668
1;2025-11-07;19;1314
1;2025-11-07;20;876
1;2025-11-07;21;449
1;2025-11-07;22;231
1;2025-11-07;23;111
1;2025-11-08;0;32
1;2025-11-08;1;1
1;2025-11-08;2;0
1;2025-11-08;3;0
1;2025-11-08;4;0
1;2025-11-08;5;56
1;2025-11-08;6;189
1;2025-11-08;7;379
1;2025-11-08;8;541
1;2025-11-08;9;658
1;2025-11-08;10;819
1;2025-11-08;11;840
1;2025-11-08;12;930
1;2025-11-08;13;955
1;2025-11-08;14;899
1;2025-11-08;15;887
1;2025-11-08;16;809
1;2025-11-08;17;761
1;2025-11-08;18;674
1;2025-11-08;19;556
1;2025-11-08;20;404
1;2025-11-08;21;311
1;2025-11-08;22;172
1;2025-11-08;23;67
1;2025-11-09;0;36
1;2025-11-09;1;2
1;2025-11-09;2;0
1;2025-11-09;3;0
1;2025-11-09;4;0
1;2025-11-09;5;24
1;2025-11-09;6;130
1;2025-11-09;7;236
1;2025-11-09;8;370
1;2025-11-09;9;499
1;2025-11-09;10;684
1;2025-11-09;11;708
1;2025-11-09;12;799
1;2025-11-09;13;815
1;2025-11-09;14;760
1;2025-11-09;15;753
1;2025-11-09;16;660
1;2025-11-09;17;619
1;2025-11-09;18;556
1;2025-11-09;19;449
1;2025-11-09;20;323
1;2025-11-09;21;265
1;2025-11-09;22;124
1;2025-11-09;23;38
1;2025-11-10;0;24
1;2025-11-10;1;0
1;2025-11-10;2;0
1;2025-11-10;3;0
1;2025-11-10;4;3
1;2025-11-10;5;133
1;2025-11-10;6;436
1;2025-11-10;7;1516
1;2025-11-10;8;2054
1;2025-11-10;9;1532
1;2025-11-10;10;1278
1;2025-11-10;11;1282
1;2025-11-10;12;1268
1;2025-11-10;13;1289
1;2025-11-10;14;1296
1;2025-11-10;15;1388
1;2025-11-10;16;1553
1;2025-11-10;17;1851
1;2025-11-10;18;1843
1;2025-11-10;19;1354
1;2025-11-10;20;881
1;2025-11-10;21;435
1;2025-11-10;22;202
1;2025-11-10;23;70
1;2025-11-11;0;23
1;2025-11-11;1;0
1;2025-11-11;2;0
1;2025-11-11;3;0
1;2025-11-11;4;3
1;2025-11-11;5;141
1;2025-11-11;6;448
1;2025-11-11;7;1528
1;2025-11-11;8;2071
1;2025-11-11;9;1552
1;2025-11-11;10;1327
1;2025-11-11;11;1324
1;2025-11-11;12;1319
1;2025-11-11;13;1343
1;2025-11-11;14;1351
1;2025-11-11;15;1442
1;2025-11-11;16;1582
1;2025-11-11;17;1875
1;2025-11-11;18;1864
1;2025-11-11;19;1369
1;2025-11-11;20;894
1;2025-11-11;21;455
1;2025-11-11;22;222
1;2025-11-11;23;88
1;2025-11-12;0;22
1;2025-11-12;1;0
1;2025-11-12;2;0
1;2025-11-12;3;0
1;2025-11-12;4;1
1;2025-11-12;5;136
1;2025-11-12;6;446
1;2025-11-12;7;1510
1;2025-11-12;8;2045
1;2025-11-12;9;1528
1;2025-11-12;10;1284
1;2025-11-12;11;1289
1;2025-11-12;12;1275
1;2025-11-12;13;1300
1;2025-11-12;14;1309
1;2025-11-12;15;1401
1;2025-11-12;16;1554
1;2025-11-12;17;1846
1;2025-11-12;18;1845
1;2025-11-12;19;1341
1;2025-11-12;20;868
1;2025-11-12;21;441
1;2025-11-12;22;205
1;2025-11-12;23;76
1;2025-11-13;0;22
1;2025-11-13;1;0
1;2025-11-13;2;0
1;2025-11-13;3;0
1;2025-11-13;4;0
1;2025-11-13;5;136
1;2025-11-13;6;442
1;2025-11-13;7;1490
1;2025-11-13;8;2005
1;2025-11-13;9;1510
1;2025-11-13;10;1270
1;2025-11-13;11;1266
1;2025-11-13;12;1263
1;2025-11-13;13;1288
1;2025-11-13;14;1295
1;2025-11-13;15;1383
1;2025-11-13;16;1532
1;2025-11-13;17;1800
1;2025-11-13;18;1788
1;2025-11-13;19;1303
1;2025-11-13;20;834
1;2025-11-13;21;426
1;2025-11-13;22;200
1;2025-11-13;23;86
1;2025-11-14;0;24
1;2025-11-14;1;0
1;2025-11-14;2;0
1;2025-11-14;3;0
1;2025-11-14;4;2
1;2025-11-14;5;139
1;2025-11-14;6;448
1;2025-11-14;7;1506
1;2025-11-14;8;2025
1;2025-11-14;9;1532
1;2025-11-14;10;1290
1;2025-11-14;11;1333
1;2025-11-14;12;1341
1;2025-11-14;13;1376
1;2025-11-14;14;1381
1;2025-11-14;15;1470
1;2025-11-14;16;1613
1;2025-11-14;17;1763
1;2025-11-14;18;1643
1;2025-11-14;19;1282
1;2025-11-14;20;848
1;2025-11-14;21;443
1;2025-11-14;22;220
1;2025-11-14;23;106
1;2025-11-15;0;52
1;2025-11-15;1;22
1;2025-11-15;2;20
1;2025-11-15;3;20
1;2025-11-15;4;18
1;2025-11-15;5;74
1;2025-11-15;6;201
1;2025-11-15;7;374
1;2025-11-15;8;553
1;2025-11-15;9;670
1;2025-11-15;10;837
1;2025-11-15;11;849
1;2025-11-15;12;931
1;2025-11-15;13;959
1;2025-11-15;14;906
1;2025-11-15;15;896
1;2025-11-15;16;813
1;2025-11-15;17;758
1;2025-11-15;18;681
1;2025-11-15;19;543
1;2025-11-15;20;392
1;2025-11-15;21;309
1;2025-11-15;22;169
1;2025-11-15;23;64
1;2025-11-16;0;73
1;2025-11-16;1;38
1;2025-11-16;2;36
1;2025-11-16;3;36
1;2025-11-16;4;36
1;2025-11-16;5;53
1;2025-11-16;6;151
1;2025-11-16;7;249
1;2025-11-16;8;397
1;2025-11-16;9;531
1;2025-11-16;10;724
1;2025-11-16;11;753
1;2025-11-16;12;834
1;2025-11-16;13;853
1;2025-11-16;14;797
1;2025-11-16;15;785
1;2025-11-16;16;693
1;2025-11-16;17;646
1;2025-11-16;18;595
1;2025-11-16;19;475
1;2025-11-16;20;349
1;2025-11-16;21;281
1;2025-11-16;22;146
1;2025-11-16;23;38
1;2025-11-17;0;25
1;2025-11-17;1;1
1;2025-11-17;2;1
1;2025-11-17;3;1
1;2025-11-17;4;3
1;2025-11-17;5;134
1;2025-11-17;6;437
1;2025-11-17;7;1525
1;2025-11-17;8;2054
1;2025-11-17;9;1547
1;2025-11-17;10;1305
1;2025-11-17;11;1315
1;2025-11-17;12;1295
1;2025-11-17;13;1325
1;2025-11-17;14;1323
1;2025-11-17;15;1413
1;2025-11-17;16;1569
1;2025-11-17;17;1854
1;2025-11-17;18;1845
1;2025-11-17;19;1355
1;2025-11-17;20;882
1;2025-11-17;21;443
1;2025-11-17;22;205
1;2025-11-17;23;74
1;2025-11-18;0;22
1;2025-11-18;1;0
1;2025-11-18;2;0
1;2025-11-18;3;0
1;2025-11-18;4;0
1;2025-11-18;5;134
1;2025-11-18;6;438
1;2025-11-18;7;1495
1;2025-11-18;8;2004
1;2025-11-18;9;1504
1;2025-11-18;10;1286
1;2025-11-18;11;1283
1;2025-11-18;12;1275
1;2025-11-18;13;1303
1;2025-11-18;14;1304
1;2025-11-18;15;1393
1;2025-11-18;16;1535
1;2025-11-18;17;1808
1;2025-11-18;18;1802
1;2025-11-18;19;1316
1;2025-11-18;20;842
1;2025-11-18;21;425
1;2025-11-18;22;194
1;2025-11-18;23;74
1;2025-11-19;0;24
1;2025-11-19;1;1
1;2025-11-19;2;1
1;2025-11-19;3;1
1;2025-11-19;4;4
1;2025-11-19;5;138
1;2025-11-19;6;447
1;2025-11-19;7;1504
1;2025-11-19;8;2039
1;2025-11-19;9;1531
1;2025-11-19;10;1289
1;2025-11-19;11;1308
1;2025-11-19;12;1277
1;2025-11-19;13;1305
1;2025-11-19;14;1320
1;2025-11-19;15;1410
1;2025-11-19;16;1564
1;2025-11-19;17;1852
1;2025-11-19;18;1841
1;2025-11-19;19;1356
1;2025-11-19;20;881
1;2025-11-19;21;442
1;2025-11-19;22;208
1;2025-11-19;23;77
1;2025-11-20;0;23
1;2025-11-20;1;0
1;2025-11-20;2;0
1;2025-11-20;3;0
1;2025-11-20;4;3
1;2025-11-20;5;138
1;2025-11-20;6;447
1;2025-11-20;7;1510
1;2025-11-20;8;2043
1;2025-11-20;9;1537
1;2025-11-20;10;1320
1;2025-11-20;11;1327
1;2025-11-20;12;1314
1;2025-11-20;13;1330
1;2025-11-20;14;1338
1;2025-11-20;15;1424
1;2025-11-20;16;1564
1;2025-11-20;17;1849
1;2025-11-20;18;1829
1;2025-11-20;19;1352
1;2025-11-20;20;881
1;2025-11-20;21;444
1;2025-11-20;22;211
1;2025-11-20;23;80
1;2025-11-21;0;25
1;2025-11-21;1;2
1;2025-11-21;2;1
1;2025-11-21;3;1
1;2025-11-21;4;4
1;2025-11-21;5;139
1;2025-11-21;6;450
1;2025-11-21;7;1497
1;2025-11-21;8;2026
1;2025-11-21;9;1537
1;2025-11-21;10;1311
1;2025-11-21;11;1351
1;2025-11-21;12;1351
1;2025-11-21;13;1374
1;2025-11-21;14;1378
1;2025-11-21;15;1462
1;2025-11-21;16;1603
1;2025-11-21;17;1754
1;2025-11-21;18;1646
1;2025-11-21;19;1274
1;2025-11-21;20;840
1;2025-11-21;21;440
1;2025-11-21;22;213
1;2025-11-21;23;99
1;2025-11-22;0;31
1;2025-11-22;1;0
1;2025-11-22;2;0
1;2025-11-22;3;0
1;2025-11-22;4;0
1;2025-11-22;5;47
1;2025-11-22;6;177
1;2025-11-22;7;344
1;2025-11-22;8;506
1;2025-11-22;9;640
1;2025-11-22;10;821
1;2025-11-22;11;807
1;2025-11-22;12;923
1;2025-11-22;13;949
1;2025-11-22;14;879
1;2025-11-22;15;865
1;2025-11-22;16;773
1;2025-11-22;17;725
1;2025-11-22;18;656
1;2025-11-22;19;514
1;2025-11-22;20;365
1;2025-11-22;21;287
1;2025-11-22;22;149
1;2025-11-22;23;52
1;2025-11-23;0;59
1;2025-11-23;1;25
1;2025-11-23;2;22
1;2025-11-23;3;22
1;2025-11-23;4;22
1;2025-11-23;5;41
1;2025-11-23;6;145
1;2025-11-23;7;260
1;2025-11-23;8;407
1;2025-11-23;9;537
1;2025-11-23;10;738
1;2025-11-23;11;760
1;2025-11-23;12;855
1;2025-11-23;13;877
1;2025-11-23;14;818
1;2025-11-23;15;805
1;2025-11-23;16;709
1;2025-11-23;17;659
1;2025-11-23;18;609
1;2025-11-23;19;484
1;2025-11-23;20;359
1;2025-11-23;21;276
1;2025-11-23;22;136
1;2025-11-23;23;26
1;2025-11-24;0;25
1;2025-11-24;1;1
1;2025-11-24;2;0
1;2025-11-24;3;0
1;2025-11-24;4;1
1;2025-11-24;5;135
1;2025-11-24;6;438
1;2025-11-24;7;1511
1;2025-11-24;8;2016
1;2025-11-24;9;1514
1;2025-11-24;10;1249
1;2025-11-24;11;1246
1;2025-11-24;12;1226
1;2025-11-24;13;1258
1;2025-11-24;14;1267
1;2025-11-24;15;1373
1;2025-11-24;16;1521
1;2025-11-24;17;1803
1;2025-11-24;18;1798
1;2025-11-24;19;1313
1;2025-11-24;20;841
1;2025-11-24;21;421
1;2025-11-24;22;191
1;2025-11-24;23;67
1;2025-11-25;0;24
1;2025-11-25;1;1
1;2025-11-25;2;1
1;2025-11-25;3;1
1;2025-11-25;4;4
1;2025-11-25;5;141
1;2025-11-25;6;447
1;2025-11-25;7;1530
1;2025-11-25;8;2071
1;2025-11-25;9;1540
1;2025-11-25;10;1309
1;2025-11-25;11;1310
1;2025-11-25;12;1295
1;2025-11-25;13;1317
1;2025-11-25;14;1332
1;2025-11-25;15;1423
1;2025-11-25;16;1569
1;2025-11-25;17;1866
1;2025-11-25;18;1856
1;2025-11-25;19;1370
1;2025-11-25;20;897
1;2025-11-25;21;446
1;2025-11-25;22;213
1;2025-11-25;23;79
1;2025-11-26;0;22
1;2025-11-26;1;0
1;2025-11-26;2;0
1;2025-11-26;3;0
1;2025-11-26;4;1
1;2025-11-26;5;139
1;2025-11-26;6;445
1;2025-11-26;7;1498
1;2025-11-26;8;2015
1;2025-11-26;9;1512
1;2025-11-26;10;1287
1;2025-11-26;11;1277
1;2025-11-26;12;1278
1;2025-11-26;13;1300
1;2025-11-26;14;1306
1;2025-11-26;15;1397
1;2025-11-26;16;1533
1;2025-11-26;17;1809
1;2025-11-26;18;1810
1;2025-11-26;19;1322
1;2025-11-26;20;849
1;2025-11-26;21;430
1;2025-11-26;22;201
1;2025-11-26;23;82
1;2025-11-27;0;22
1;2025-11-27;1;0
1;2025-11-27;2;0
1;2025-11-27;3;0
1;2025-11-27;4;0
1;2025-11-27;5;137
1;2025-11-27;6;443
1;2025-11-27;7;1504
1;2025-11-27;8;2024
1;2025-11-27;9;1519
1;2025-11-27;10;1280
1;2025-11-27;11;1274
1;2025-11-27;12;1271
1;2025-11-27;13;1300
1;2025-11-27;14;1305
1;2025-11-27;15;1397
1;2025-11-27;16;1540
1;2025-11-27;17;1806
1;2025-11-27;18;1795
1;2025-11-27;19;1312
1;2025-11-27;20;842
1;2025-11-27;21;430
1;2025-11-27;22;201
1;2025-11-27;23;85
1;2025-11-28;0;23
1;2025-11-28;1;0
1;2025-11-28;2;0
1;2025-11-28;3;0
1;2025-11-28;4;0
1;2025-11-28;5;138
1;2025-11-28;6;450
1;2025-11-28;7;1497
1;2025-11-28;8;2031
1;2025-11-28;9;1531
1;2025-11-28;10;1294
1;2025-11-28;11;1326
1;2025-11-28;12;1334
1;2025-11-28;13;1358
1;2025-11-28;14;1361
1;2025-11-28;15;1450
1;2025-11-28;16;1594
1;2025-11-28;17;1746
1;2025-11-28;18;1636
1;2025-11-28;19;1264
1;2025-11-28;20;828
1;2025-11-28;21;436
1;2025-11-28;22;211
1;2025-11-28;23;96
1;2025-11-29;0;33
1;2025-11-29;1;3
1;2025-11-29;2;1
1;2025-11-29;3;1
1;2025-11-29;4;1
1;2025-11-29;5;50
1;2025-11-29;6;184
1;2025-11-29;7;375
1;2025-11-29;8;559
1;2025-11-29;9;669
1;2025-11-29;10;827
1;2025-11-29;11;840
1;2025-11-29;12;928
1;2025-11-29;13;955
1;2025-11-29;14;898
1;2025-11-29;15;889
1;2025-11-29;16;814
1;2025-11-29;17;764
1;2025-11-29;18;693
1;2025-11-29;19;557
1;2025-11-29;20;407
1;2025-11-29;21;307
1;2025-11-29;22;162
1;2025-11-29;23;56
1;2025-11-30;0;57
1;2025-11-30;1;23
1;2025-11-30;2;20
1;2025-11-30;3;20
1;2025-11-30;4;19
1;2025-11-30;5;37
1;2025-11-30;6;138
1;2025-11-30;7;238
1;2025-11-30;8;386
1;2025-11-30;9;521
1;2025-11-30;10;697
1;2025-11-30;11;700
1;2025-11-30;12;796
1;2025-11-30;13;822
1;2025-11-30;14;758
1;2025-11-30;15;752
1;2025-11-30;16;666
1;2025-11-30;17;632
1;2025-11-30;18;582
1;2025-11-30;19;451
1;2025-11-30;20;325
1;2025-11-30;21;268
1;2025-11-30;22;124
1;2025-11-30;23;18
1;2025-12-01;0;25
1;2025-12-01;1;2
1;2025-12-01;2;1
1;2025-12-01;3;1
1;2025-12-01;4;3
1;2025-12-01;5;131
1;2025-12-01;6;434
1;2025-12-01;7;1507
1;2025-12-01;8;2041
1;2025-12-01;9;1508
1;2025-12-01;10;1248
1;2025-12-01;11;1257
1;2025-12-01;12;1237
1;2025-12-01;13;1262
1;2025-12-01;14;1270
1;2025-12-01;15;1363
1;2025-12-01;16;1531
1;2025-12-01;17;1828
1;2025-12-01;18;1822
1;2025-12-01;19;1339
1;2025-12-01;20;867
1;2025-12-01;21;429
1;2025-12-01;22;196
1;2025-12-01;23;70
1;2025-12-02;0;22
1;2025-12-02;1;0
1;2025-12-02;2;0
1;2025-12-02;3;0
1;2025-12-02;4;1
1;2025-12-02;5;138
1;2025-12-02;6;442
1;2025-12-02;7;1503
1;2025-12-02;8;2025
1;2025-12-02;9;1513
1;2025-12-02;10;1288
1;2025-12-02;11;1270
1;2025-12-02;12;1276
1;2025-12-02;13;1301
1;2025-12-02;14;1310
1;2025-12-02;15;1397
1;2025-12-02;16;1530
1;2025-12-02;17;1812
1;2025-12-02;18;1805
1;2025-12-02;19;1329
1;2025-12-02;20;855
1;2025-12-02;21;429
1;2025-12-02;22;202
1;2025-12-02;23;81
1;2025-12-03;0;22
1;2025-12-03;1;0
1;2025-12-03;2;0
1;2025-12-03;3;0
1;2025-12-03;4;1
1;2025-12-03;5;137
1;2025-12-03;6;447
1;2025-12-03;7;1509
1;2025-12-03;8;2047
1;2025-12-03;9;1531
1;2025-12-03;10;1295
1;2025-12-03;11;1295
1;2025-12-03;12;1286
1;2025-12-03;13;1312
1;2025-12-03;14;1320
1;2025-12-03;15;1413
1;2025-12-03;16;1561
1;2025-12-03;17;1851
1;2025-12-03;18;1851
1;2025-12-03;19;1351
1;2025-12-03;20;877
1;2025-12-03;21;448
1;2025-12-03;22;214
1;2025-12-03;23;86
1;2025-12-04;0;23
1;2025-12-04;1;0
1;2025-12-04;2;0
1;2025-12-04;3;0
1;2025-12-04;4;3
1;2025-12-04;5;139
1;2025-12-04;6;448
1;2025-12-04;7;1511
1;2025-12-04;8;2053
1;2025-12-04;9;1541
1;2025-12-04;10;1308
1;2025-12-04;11;1308
1;2025-12-04;12;1306
1;2025-12-04;13;1332
1;2025-12-04;14;1340
1;2025-12-04;15;1431
1;2025-12-04;16;1570
1;2025-12-04;17;1855
1;2025-12-04;18;1835
1;2025-12-04;19;1349
1;2025-12-04;20;877
1;2025-12-04;21;454
1;2025-12-04;22;221
1;2025-12-04;23;89
1;2025-12-05;0;23
1;2025-12-05;1;0
1;2025-12-05;2;0
1;2025-12-05;3;0
1;2025-12-05;4;1
1;2025-12-05;5;138
1;2025-12-05;6;449
1;2025-12-05;7;1504
1;2025-12-05;8;2038
1;2025-12-05;9;1541
1;2025-12-05;10;1302
1;2025-12-05;11;1327
1;2025-12-05;12;1340
1;2025-12-05;13;1372
1;2025-12-05;14;1375
1;2025-12-05;15;1468
1;2025-12-05;16;1611
1;2025-12-05;17;1765
1;2025-12-05;18;1659
1;2025-12-05;19;1283
1;2025-12-05;20;847
1;2025-12-05;21;449
1;2025-12-05;22;223
1;2025-12-05;23;107
1;2025-12-06;0;31
1;2025-12-06;1;1
1;2025-12-06;2;0
1;2025-12-06;3;0
1;2025-12-06;4;0
1;2025-12-06;5;47
1;2025-12-06;6;181
1;2025-12-06;7;364
1;2025-12-06;8;548
1;2025-12-06;9;659
1;2025-12-06;10;826
1;2025-12-06;11;814
1;2025-12-06;12;919
1;2025-12-06;13;946
1;2025-12-06;14;882
1;2025-12-06;15;874
1;2025-12-06;16;791
1;2025-12-06;17;749
1;2025-12-06;18;676
1;2025-12-06;19;540
1;2025-12-06;20;392
1;2025-12-06;21;305
1;2025-12-06;22;158
1;2025-12-06;23;53
1;2025-12-07;0;59
1;2025-12-07;1;25
1;2025-12-07;2;22
1;2025-12-07;3;22
1;2025-12-07;4;23
1;2025-12-07;5;40
1;2025-12-07;6;145
1;2025-12-07;7;257
1;2025-12-07;8;405
1;2025-12-07;9;526
1;2025-12-07;10;712
1;2025-12-07;11;729
1;2025-12-07;12;820
1;2025-12-07;13;838
1;2025-12-07;14;781
1;2025-12-07;15;773
1;2025-12-07;16;684
1;2025-12-07;17;643
1;2025-12-07;18;592
1;2025-12-07;19;464
1;2025-12-07;20;339
1;2025-12-07;21;275
1;2025-12-07;22;133
1;2025-12-07;23;23
1;2025-12-08;0;25
1;2025-12-08;1;2
1;2025-12-08;2;1
1;2025-12-08;3;1
1;2025-12-08;4;4
1;2025-12-08;5;132
1;2025-12-08;6;435
1;2025-12-08;7;1514
1;2025-12-08;8;2047
1;2025-12-08;9;1524
1;2025-12-08;10;1265
1;2025-12-08;11;1275
1;2025-12-08;12;1256
1;2025-12-08;13;1276
1;2025-12-08;14;1282
1;2025-12-08;15;1373
1;2025-12-08;16;1542
1;2025-12-08;17;1840
1;2025-12-08;18;1832
1;2025-12-08;19;1343
1;2025-12-08;20;873
1;2025-12-08;21;429
1;2025-12-08;22;195
1;2025-12-08;23;64
1;2025-12-09;0;24
1;2025-12-09;1;1
1;2025-12-09;2;1
1;2025-12-09;3;1
1;2025-12-09;4;4
1;2025-12-09;5;140
1;2025-12-09;6;445
1;2025-12-09;7;1525
1;2025-12-09;8;2061
1;2025-12-09;9;1530
1;2025-12-09;10;1290
1;2025-12-09;11;1294
1;2025-12-09;12;1283
1;2025-12-09;13;1310
1;2025-12-09;14;1322
1;2025-12-09;15;1413
1;2025-12-09;16;1560
1;2025-12-09;17;1855
1;2025-12-09;18;1848
1;2025-12-09;19;1360
1;2025-12-09;20;888
1;2025-12-09;21;444
1;2025-12-09;22;212
1;2025-12-09;23;76
1;2025-12-10;0;24
1;2025-12-10;1;1
1;2025-12-10;2;1
1;2025-12-10;3;1
1;2025-12-10;4;4
1;2025-12-10;5;139
1;2025-12-10;6;449
1;2025-12-10;7;1514
1;2025-12-10;8;2055
1;2025-12-10;9;1529
1;2025-12-10;10;1283
1;2025-12-10;11;1294
1;2025-12-10;12;1277
1;2025-12-10;13;1297
1;2025-12-10;14;1307
1;2025-12-10;15;1397
1;2025-12-10;16;1554
1;2025-12-10;17;1845
1;2025-12-10;18;1837
1;2025-12-10;19;1341
1;2025-12-10;20;870
1;2025-12-10;21;439
1;2025-12-10;22;208
1;2025-12-10;23;76
1;2025-12-11;0;22
1;2025-12-11;1;0
1;2025-12-11;2;0
1;2025-12-11;3;0
1;2025-12-11;4;0
1;2025-12-11;5;135
1;2025-12-11;6;442
1;2025-12-11;7;1491
1;2025-12-11;8;2004
1;2025-12-11;9;1496
1;2025-12-11;10;1253
1;2025-12-11;11;1248
1;2025-12-11;12;1249
1;2025-12-11;13;1282
1;2025-12-11;14;1288
1;2025-12-11;15;1377
1;2025-12-11;16;1520
1;2025-12-11;17;1782
1;2025-12-11;18;1773
1;2025-12-11;19;1290
1;2025-12-11;20;824
1;2025-12-11;21;424
1;2025-12-11;22;203
1;2025-12-11;23;87
1;2025-12-12;0;24
1;2025-12-12;1;1
1;2025-12-12;2;1
1;2025-12-12;3;1
1;2025-12-12;4;3
1;2025-12-12;5;138
1;2025-12-12;6;448
1;2025-12-12;7;1485
1;2025-12-12;8;2019
1;2025-12-12;9;1504
1;2025-12-12;10;1259
1;2025-12-12;11;1296
1;2025-12-12;12;1305
1;2025-12-12;13;1337
1;2025-12-12;14;1340
1;2025-12-12;15;1429
1;2025-12-12;16;1572
1;2025-12-12;17;1724
1;2025-12-12;18;1617
1;2025-12-12;19;1250
1;2025-12-12;20;818
1;2025-12-12;21;436
1;2025-12-12;22;214
1;2025-12-12;23;99
1;2025-12-13;0;52
1;2025-12-13;1;21
1;2025-12-13;2;19
1;2025-12-13;3;19
1;2025-12-13;4;19
1;2025-12-13;5;66
1;2025-12-13;6;188
1;2025-12-13;7;377
1;2025-12-13;8;555
1;2025-12-13;9;645
1;2025-12-13;10;797
1;2025-12-13;11;805
1;2025-12-13;12;896
1;2025-12-13;13;927
1;2025-12-13;14;874
1;2025-12-13;15;866
1;2025-12-13;16;785
1;2025-12-13;17;738
1;2025-12-13;18;667
1;2025-12-13;19;544
1;2025-12-13;20;403
1;2025-12-13;21;305
1;2025-12-13;22;168
1;2025-12-13;23;62
1;2025-12-14;0;59
1;2025-12-14;1;25
1;2025-12-14;2;22
1;2025-12-14;3;22
1;2025-12-14;4;23
1;2025-12-14;5;38
1;2025-12-14;6;143
1;2025-12-14;7;247
1;2025-12-14;8;392
1;2025-12-14;9;496
1;2025-12-14;10;675
1;2025-12-14;11;696
1;2025-12-14;12;785
1;2025-12-14;13;809
1;2025-12-14;14;757
1;2025-12-14;15;748
1;2025-12-14;16;658
1;2025-12-14;17;619
1;2025-12-14;18;570
1;2025-12-14;19;450
1;2025-12-14;20;332
1;2025-12-14;21;269
1;2025-12-14;22;129
1;2025-12-14;23;19
1;2025-12-15;0;25
1;2025-12-15;1;2
1;2025-12-15;2;1
1;2025-12-15;3;1
1;2025-12-15;4;4
1;2025-12-15;5;135
1;2025-12-15;6;438
1;2025-12-15;7;1514
1;2025-12-15;8;2056
1;2025-12-15;9;1517
1;2025-12-15;10;1271
1;2025-12-15;11;1274
1;2025-12-15;12;1262
1;2025-12-15;13;1288
1;2025-12-15;14;1298
1;2025-12-15;15;1389
1;2025-12-15;16;1541
1;2025-12-15;17;1840
1;2025-12-15;18;1832
1;2025-12-15;19;1345
1;2025-12-15;20;875
1;2025-12-15;21;431
1;2025-12-15;22;203
1;2025-12-15;23;70
1;2025-12-16;0;23
1;2025-12-16;1;1
1;2025-12-16;2;1
1;2025-12-16;3;0
1;2025-12-16;4;2
1;2025-12-16;5;140
1;2025-12-16;6;445
1;2025-12-16;7;1525
1;2025-12-16;8;2063
1;2025-12-16;9;1530
1;2025-12-16;10;1281
1;2025-12-16;11;1287
1;2025-12-16;12;1273
1;2025-12-16;13;1309
1;2025-12-16;14;1317
1;2025-12-16;15;1410
1;2025-12-16;16;1563
1;2025-12-16;17;1849
1;2025-12-16;18;1840
1;2025-12-16;19;1347
1;2025-12-16;20;877
1;2025-12-16;21;442
1;2025-12-16;22;213
1;2025-12-16;23;78
1;2025-12-17;0;23
1;2025-12-17;1;0
1;2025-12-17;2;0
1;2025-12-17;3;0
1;2025-12-17;4;1
1;2025-12-17;5;135
1;2025-12-17;6;440
1;2025-12-17;7;1489
1;2025-12-17;8;2006
1;2025-12-17;9;1496
1;2025-12-17;10;1248
1;2025-12-17;11;1246
1;2025-12-17;12;1243
1;2025-12-17;13;1275
1;2025-12-17;14;1284
1;2025-12-17;15;1372
1;2025-12-17;16;1525
1;2025-12-17;17;1795
1;2025-12-17;18;1795
1;2025-12-17;19;1308
1;2025-12-17;20;838
1;2025-12-17;21;419
1;2025-12-17;22;197
1;2025-12-17;23;81
1;2025-12-18;0;23
1;2025-12-18;1;0
1;2025-12-18;2;0
1;2025-12-18;3;0
1;2025-12-18;4;1
1;2025-12-18;5;134
1;2025-12-18;6;439
1;2025-12-18;7;1473
1;2025-12-18;8;1993
1;2025-12-18;9;1479
1;2025-12-18;10;1241
1;2025-12-18;11;1230
1;2025-12-18;12;1230
1;2025-12-18;13;1256
1;2025-12-18;14;1266
1;2025-12-18;15;1354
1;2025-12-18;16;1492
1;2025-12-18;17;1762
1;2025-12-18;18;1754
1;2025-12-18;19;1282
1;2025-12-18;20;815
1;2025-12-18;21;409
1;2025-12-18;22;189
1;2025-12-18;23;73
1;2025-12-19;0;24
1;2025-12-19;1;1
1;2025-12-19;2;1
1;2025-12-19;3;1
1;2025-12-19;4;2
1;2025-12-19;5;136
1;2025-12-19;6;446
1;2025-12-19;7;1482
1;2025-12-19;8;2017
1;2025-12-19;9;1506
1;2025-12-19;10;1255
1;2025-12-19;11;1284
1;2025-12-19;12;1289
1;2025-12-19;13;1321
1;2025-12-19;14;1327
1;2025-12-19;15;1419
1;2025-12-19;16;1567
1;2025-12-19;17;1728
1;2025-12-19;18;1615
1;2025-12-19;19;1248
1;2025-12-19;20;817
1;2025-12-19;21;432
1;2025-12-19;22;211
1;2025-12-19;23;100
1;2025-12-20;0;33
1;2025-12-20;1;2
1;2025-12-20;2;1
1;2025-12-20;3;1
1;2025-12-20;4;0
1;2025-12-20;5;46
1;2025-12-20;6;176
1;2025-12-20;7;338
1;2025-12-20;8;500
1;2025-12-20;9;610
1;2025-12-20;10;780
1;2025-12-20;11;763
1;2025-12-20;12;872
1;2025-12-20;13;899
1;2025-12-20;14;837
1;2025-12-20;15;823
1;2025-12-20;16;735
1;2025-12-20;17;698
1;2025-12-20;18;627
1;2025-12-20;19;490
1;2025-12-20;20;344
1;2025-12-20;21;275
1;2025-12-20;22;139
1;2025-12-20;23;44
1;2025-12-21;0;58
1;2025-12-21;1;24
1;2025-12-21;2;21
1;2025-12-21;3;21
1;2025-12-21;4;20
1;2025-12-21;5;35
1;2025-12-21;6;138
1;2025-12-21;7;227
1;2025-12-21;8;375
1;2025-12-21;9;492
1;2025-12-21;10;663
1;2025-12-21;11;668
1;2025-12-21;12;763
1;2025-12-21;13;783
1;2025-12-21;14;723
1;2025-12-21;15;719
1;2025-12-21;16;632
1;2025-12-21;17;598
1;2025-12-21;18;550
1;2025-12-21;19;416
1;2025-12-21;20;295
1;2025-12-21;21;255
1;2025-12-21;22;116
1;2025-12-21;23;12
1;2025-12-22;0;25
1;2025-12-22;1;2
1;2025-12-22;2;1
1;2025-12-22;3;1
1;2025-12-22;4;4
1;2025-12-22;5;133
1;2025-12-22;6;434
1;2025-12-22;7;1506
1;2025-12-22;8;2043
1;2025-12-22;9;1507
1;2025-12-22;10;1249
1;2025-12-22;11;1260
1;2025-12-22;12;1243
1;2025-12-22;13;1269
1;2025-12-22;14;1275
1;2025-12-22;15;1365
1;2025-12-22;16;1527
1;2025-12-22;17;1822
1;2025-12-22;18;1814
1;2025-12-22;19;1325
1;2025-12-22;20;856
1;2025-12-22;21;422
1;2025-12-22;22;193
1;2025-12-22;23;60
1;2025-12-23;0;24
1;2025-12-23;1;1
1;2025-12-23;2;1
1;2025-12-23;3;1
1;2025-12-23;4;4
1;2025-12-23;5;137
1;2025-12-23;6;445
1;2025-12-23;7;1508
1;2025-12-23;8;2045
1;2025-12-23;9;1500
1;2025-12-23;10;1250
1;2025-12-23;11;1250
1;2025-12-23;12;1229
1;2025-12-23;13;1263
1;2025-12-23;14;1283
1;2025-12-23;15;1378
1;2025-12-23;16;1531
1;2025-12-23;17;1826
1;2025-12-23;18;1817
1;2025-12-23;19;1348
1;2025-12-23;20;878
1;2025-12-23;21;441
1;2025-12-23;22;213
1;2025-12-23;23;77
1;2025-12-24;0;24
1;2025-12-24;1;1
1;2025-12-24;2;1
1;2025-12-24;3;1
1;2025-12-24;4;4
1;2025-12-24;5;139
1;2025-12-24;6;449
1;2025-12-24;7;1510
1;2025-12-24;8;2048
1;2025-12-24;9;1514
1;2025-12-24;10;1262
1;2025-12-24;11;1273
1;2025-12-24;12;1255
1;2025-12-24;13;1287
1;2025-12-24;14;1299
1;2025-12-24;15;1391
1;2025-12-24;16;1543
1;2025-12-24;17;1837
1;2025-12-24;18;1827
1;2025-12-24;19;1337
1;2025-12-24;20;871
1;2025-12-24;21;438
1;2025-12-24;22;209
1;2025-12-24;23;75
1;2025-12-25;0;23
1;2025-12-25;1;0
1;2025-12-25;2;0
1;2025-12-25;3;0
1;2025-12-25;4;2
1;2025-12-25;5;139
1;2025-12-25;6;447
1;2025-12-25;7;1505
1;2025-12-25;8;2041
1;2025-12-25;9;1516
1;2025-12-25;10;1270
1;2025-12-25;11;1282
1;2025-12-25;12;1278
1;2025-12-25;13;1311
1;2025-12-25;14;1317
1;2025-12-25;15;1406
1;2025-12-25;16;1557
1;2025-12-25;17;1832
1;2025-12-25;18;1814
1;2025-12-25;19;1329
1;2025-12-25;20;862
1;2025-12-25;21;447
1;2025-12-25;22;219
1;2025-12-25;23;87
1;2025-12-26;0;25
1;2025-12-26;1;1
1;2025-12-26;2;1
1;2025-12-26;3;0
1;2025-12-26;4;3
1;2025-12-26;5;139
1;2025-12-26;6;450
1;2025-12-26;7;1505
1;2025-12-26;8;2037
1;2025-12-26;9;1533
1;2025-12-26;10;1279
1;2025-12-26;11;1329
1;2025-12-26;12;1336
1;2025-12-26;13;1378
1;2025-12-26;14;1380
1;2025-12-26;15;1470
1;2025-12-26;16;1615
1;2025-12-26;17;1756
1;2025-12-26;18;1645
1;2025-12-26;19;1273
1;2025-12-26;20;839
1;2025-12-26;21;442
1;2025-12-26;22;220
1;2025-12-26;23;105
1;2025-12-27;0;33
1;2025-12-27;1;2
1;2025-12-27;2;1
1;2025-12-27;3;1
1;2025-12-27;4;1
1;2025-12-27;5;49
1;2025-12-27;6;182
1;2025-12-27;7;369
1;2025-12-27;8;554
1;2025-12-27;9;649
1;2025-12-27;10;814
1;2025-12-27;11;819
1;2025-12-27;12;916
1;2025-12-27;13;943
1;2025-12-27;14;884
1;2025-12-27;15;872
1;2025-12-27;16;791
1;2025-12-27;17;740
1;2025-12-27;18;667
1;2025-12-27;19;532
1;2025-12-27;20;386
1;2025-12-27;21;301
1;2025-12-27;22;159
1;2025-12-27;23;52
1;2025-12-28;0;59
1;2025-12-28;1;26
1;2025-12-28;2;23
1;2025-12-28;3;23
1;2025-12-28;4;22
1;2025-12-28;5;40
1;2025-12-28;6;143
1;2025-12-28;7;237
1;2025-12-28;8;385
1;2025-12-28;9;489
1;2025-12-28;10;672
1;2025-12-28;11;686
1;2025-12-28;12;776
1;2025-12-28;13;796
1;2025-12-28;14;740
1;2025-12-28;15;733
1;2025-12-28;16;643
1;2025-12-28;17;606
1;2025-12-28;18;556
1;2025-12-28;19;427
1;2025-12-28;20;305
1;2025-12-28;21;259
1;2025-12-28;22;121
1;2025-12-28;23;13
1;2025-12-29;0;26
1;2025-12-29;1;2
1;2025-12-29;2;1
1;2025-12-29;3;1
1;2025-12-29;4;3
1;2025-12-29;5;133
1;2025-12-29;6;435
1;2025-12-29;7;1493
1;2025-12-29;8;2034
1;2025-12-29;9;1500
1;2025-12-29;10;1250
1;2025-12-29;11;1256
1;2025-12-29;12;1246
1;2025-12-29;13;1271
1;2025-12-29;14;1278
1;2025-12-29;15;1374
1;2025-12-29;16;1531
1;2025-12-29;17;1821
1;2025-12-29;18;1807
1;2025-12-29;19;1321
1;2025-12-29;20;854
1;2025-12-29;21;428
1;2025-12-29;22;201
1;2025-12-29;23;75
1;2025-12-30;0;24
1;2025-12-30;1;1
1;2025-12-30;2;1
1;2025-12-30;3;1
1;2025-12-30;4;2
1;2025-12-30;5;138
1;2025-12-30;6;444
1;2025-12-30;7;1493
1;2025-12-30;8;2026
1;2025-12-30;9;1508
1;2025-12-30;10;1290
1;2025-12-30;11;1287
1;2025-12-30;12;1285
1;2025-12-30;13;1312
1;2025-12-30;14;1316
1;2025-12-30;15;1408
1;2025-12-30;16;1550
1;2025-12-30;17;1835
1;2025-12-30;18;1811
1;2025-12-30;19;1326
1;2025-12-30;20;858
1;2025-12-30;21;440
1;2025-12-30;22;214
1;2025-12-30;23;87
1;2025-12-31;0;73
1;2025-12-31;1;40
1;2025-12-31;2;39
1;2025-12-31;3;39
1;2025-12-31;4;38
1;2025-12-31;5;65
1;2025-12-31;6;213
1;2025-12-31;7;434
1;2025-12-31;8;637
1;2025-12-31;9;677
1;2025-12-31;10;870
1;2025-12-31;11;865
1;2025-12-31;12;909
1;2025-12-31;13;920
1;2025-12-31;14;881
1;2025-12-31;15;885
1;2025-12-31;16;815
1;2025-12-31;17;891
1;2025-12-31;18;922
1;2025-12-31;19;667
1;2025-12-31;20;495
1;2025-12-31;21;330
1;2025-12-31;22;177
1;2025-12-31;23;57
5;2025-11-01;0;0
5;2025-11-01;1;0
5;2025-11-01;2;0
5;2025-11-01;3;0
5;2025-11-01;4;0
5;2025-11-01;5;0
5;2025-11-01;6;0
5;2025-11-01;7;0
5;2025-11-01;8;0
5;2025-11-01;9;0
5;2025-11-01;10;0
5;2025-11-01;11;0
5;2025-11-01;12;0
5;2025-11-01;13;0
5;2025-11-01;14;0
5;2025-11-01;15;0
5;2025-11-01;16;0
5;2025-11-01;17;0
5;2025-11-01;18;0
5;2025-11-01;19;0
5;2025-11-01;20;0
5;2025-11-01;21;0
5;2025-11-01;22;0
5;2025-11-01;23;0
5;2025-11-02;0;0
5;2025-11-02;1;0
5;2025-11-02;2;0
5;2025-11-02;3;0
5;2025-11-02;4;0
5;2025-11-02;5;0
5;2025-11-02;6;0
5;2025-11-02;7;0
5;2025-11-02;8;0
5;2025-11-02;9;0
5;2025-11-02;10;0
5;2025-11-02;11;0
5;2025-11-02;12;0
5;2025-11-02;13;0
5;2025-11-02;14;0
5;2025-11-02;15;0
5;2025-11-02;16;0
5;2025-11-02;17;0
5;2025-11-02;18;0
5;2025-11-02;19;0
5;2025-11-02;20;0
5;2025-11-02;21;0
5;2025-11-02;22;0
5;2025-11-02;23;0
5;2025-11-03;0;0
5;2025-11-03;1;0
5;2025-11-03;2;0
5;2025-11-03;3;0
5;2025-11-03;4;0
5;2025-11-03;5;0
5;2025-11-03;6;0
5;2025-11-03;7;0
5;2025-11-03;8;0
5;2025-11-03;9;0
5;2025-11-03;10;0
5;2025-11-03;11;0
5;2025-11-03;12;0
5;2025-11-03;13;0
5;2025-11-03;14;0
5;2025-11-03;15;0
5;2025-11-03;16;0
5;2025-11-03;17;0
5;2025-11-03;18;0
5;2025-11-03;19;0
5;2025-11-03;20;0
5;2025-11-03;21;0
5;2025-11-03;22;0
5;2025-11-03;23;0
5;2025-11-04;0;0
5;2025-11-04;1;0
5;2025-11-04;2;0
5;2025-11-04;3;0
5;2025-11-04;4;0
5;2025-11-04;5;0
5;2025-11-04;6;0
5;2025-11-04;7;0
5;2025-11-04;8;0
5;2025-11-04;9;0
5;2025-11-04;10;0
5;2025-11-04;11;0
5;2025-11-04;12;0
5;2025-11-04;13;0
5;2025-11-04;14;0
5;2025-11-04;15;0
5;2025-11-04;16;0
5;2025-11-04;17;0
5;2025-11-04;18;0
5;2025-11-04;19;0
5;2025-11-04;20;0
5;2025-11-04;21;0
5;2025-11-04;22;0
5;2025-11-04;23;0
5;2025-11-05;0;0
5;2025-11-05;1;0
5;2025-11-05;2;0
5;2025-11-05;3;0
5;2025-11-05;4;0
5;2025-11-05;5;0
5;2025-11-05;6;0
5;2025-11-05;7;0
5;2025-11-05;8;0
5;2025-11-05;9;0
5;2025-11-05;10;0
5;2025-11-05;11;0
5;2025-11-05;12;0
5;2025-11-05;13;0
5;2025-11-05;14;0
5;2025-11-05;15;0
5;2025-11-05;16;0
5;2025-11-05;17;0
5;2025-11-05;18;0
5;2025-11-05;19;0
5;2025-11-05;20;0
5;2025-11-05;21;0
5;2025-11-05;22;0
5;2025-11-05;23;0
5;2025-11-06;0;0
5;2025-11-06;1;0
5;2025-11-06;2;0
5;2025-11-06;3;0
5;2025-11-06;4;0
5;2025-11-06;5;0
5;2025-11-06;6;0
5;2025-11-06;7;0
5;2025-11-06;8;0
5;2025-11-06;9;0
5;2025-11-06;10;0
5;2025-11-06;11;0
5;2025-11-06;12;0
5;2025-11-06;13;0
5;2025-11-06;14;0
5;2025-11-06;15;0
5;2025-11-06;16;0
5;2025-11-06;17;0
5;2025-11-06;18;0
5;2025-11-06;19;0
5;2025-11-06;20;0
5;2025-11-06;21;0
5;2025-11-06;22;0
5;2025-11-06;23;0
5;2025-11-07;0;0
5;2025-11-07;1;0
5;2025-11-07;2;0
5;2025-11-07;3;0
5;2025-11-07;4;0
5;2025-11-07;5;0
5;2025-11-07;6;0
5;2025-11-07;7;0
5;2025-11-07;8;0
5;2025-11-07;9;0
5;2025-11-07;10;0
5;2025-11-07;11;0
5;2025-11-07;12;0
5;2025-11-07;13;0
5;2025-11-07;14;0
5;2025-11-07;15;0
5;2025-11-07;16;0
5;2025-11-07;17;0
5;2025-11-07;18;0
5;2025-11-07;19;0
5;2025-11-07;20;0
5;2025-11-07;21;0
5;2025-11-07;22;0
5;2025-11-07;23;0
5;2025-11-08;0;0
5;2025-11-08;1;0
5;2025-11-08;2;0
5;2025-11-08;3;0
5;2025-11-08;4;0
5;2025-11-08;5;0
5;2025-11-08;6;0
5;2025-11-08;7;0
5;2025-11-08;8;0
5;2025-11-08;9;0
5;2025-11-08;10;0
5;2025-11-08;11;0
5;2025-11-08;12;0
5;2025-11-08;13;0
5;2025-11-08;14;0
5;2025-11-08;15;0
5;2025-11-08;16;0
5;2025-11-08;17;0
5;2025-11-08;18;0
5;2025-11-08;19;0
5;2025-11-08;20;0
5;2025-11-08;21;0
5;2025-11-08;22;0
5;2025-11-08;23;0
5;2025-11-09;0;0
5;2025-11-09;1;0
5;2025-11-09;2;0
5;2025-11-09;3;0
5;2025-11-09;4;0
5;2025-11-09;5;0
5;2025-11-09;6;0
5;2025-11-09;7;0
5;2025-11-09;8;0
5;2025-11-09;9;0
5;2025-11-09;10;0
5;2025-11-09;11;0
5;2025-11-09;12;0
5;2025-11-09;13;0
5;2025-11-09;14;0
5;2025-11-09;15;0
5;2025-11-09;16;0
5;2025-11-09;17;0
5;2025-11-09;18;0
5;2025-11-09;19;0
5;2025-11-09;20;0
5;2025-11-09;21;0
5;2025-11-09;22;0
5;2025-11-09;23;0
5;2025-11-10;0;0
5;2025-11-10;1;0
5;2025-11-10;2;0
5;2025-11-10;3;0
5;2025-11-10;4;0
5;2025-11-10;5;0
5;2025-11-10;6;0
5;2025-11-10;7;0
5;2025-11-10;8;0
5;2025-11-10;9;0
5;2025-11-10;10;0
5;2025-11-10;11;0
5;2025-11-10;12;0
5;2025-11-10;13;0
5;2025-11-10;14;0
5;2025-11-10;15;0
5;2025-11-10;16;0
5;2025-11-10;17;0
5;2025-11-10;18;0
5;2025-11-10;19;0
5;2025-11-10;20;0
5;2025-11-10;21;0
5;2025-11-10;22;0
5;2025-11-10;23;0
5;2025-11-11;0;0
5;2025-11-11;1;0
5;2025-11-11;2;0
5;2025-11-11;3;0
5;2025-11-11;4;0
5;2025-11-11;5;0
5;2025-11-11;6;0
5;2025-11-11;7;0
5;2025-11-11;8;0
5;2025-11-11;9;0
5;2025-11-11;10;0
5;2025-11-11;11;0
5;2025-11-11;12;0
5;2025-11-11;13;0
5;2025-11-11;14;0
5;2025-11-11;15;0
5;2025-11-11;16;0
5;2025-11-11;17;0
5;2025-11-11;18;0
5;2025-11-11;19;0
5;2025-11-11;20;0
5;2025-11-11;21;0
5;2025-11-11;22;0
5;2025-11-11;23;0
5;2025-11-12;0;0
5;2025-11-12;1;0
5;2025-11-12;2;0
5;2025-11-12;3;0
5;2025-11-12;4;0
5;2025-11-12;5;0
5;2025-11-12;6;0
5;2025-11-12;7;0
5;2025-11-12;8;0
5;2025-11-12;9;0
5;2025-11-12;10;0
5;2025-11-12;11;0
5;2025-11-12;12;0
5;2025-11-12;13;0
5;2025-11-12;14;0
5;2025-11-12;15;0
5;2025-11-12;16;0
5;2025-11-12;17;0
5;2025-11-12;18;0
5;2025-11-12;19;0
5;2025-11-12;20;0
5;2025-11-12;21;0
5;2025-11-12;22;0
5;2025-11-12;23;0
5;2025-11-13;0;0
5;2025-11-13;1;0
5;2025-11-13;2;0
5;2025-11-13;3;0
5;2025-11-13;4;0
5;2025-11-13;5;0
5;2025-11-13;6;0
5;2025-11-13;7;0
5;2025-11-13;8;0
5;2025-11-13;9;0
5;2025-11-13;10;0
5;2025-11-13;11;0
5;2025-11-13;12;0
5;2025-11-13;13;0
5;2025-11-13;14;0
5;2025-11-13;15;0
5;2025-11-13;16;0
5;2025-11-13;17;0
5;2025-11-13;18;0
5;2025-11-13;19;0
5;2025-11-13;20;0
5;2025-11-13;21;0
5;2025-11-13;22;0
5;2025-11-13;23;0
5;2025-11-14;0;0
5;2025-11-14;1;0
5;2025-11-14;2;0
5;2025-11-14;3;0
5;2025-11-14;4;0
5;2025-11-14;5;0
5;2025-11-14;6;0
5;2025-11-14;7;0
5;2025-11-14;8;0
5;2025-11-14;9;0
5;2025-11-14;10;0
5;2025-11-14;11;0
5;2025-11-14;12;0
5;2025-11-14;13;0
5;2025-11-14;14;0
5;2025-11-14;15;0
5;2025-11-14;16;0
5;2025-11-14;17;0
5;2025-11-14;18;0
5;2025-11-14;19;0
5;2025-11-14;20;0
5;2025-11-14;21;0
5;2025-11-14;22;0
5;2025-11-14;23;0
5;2025-11-15;0;0
5;2025-11-15;1;0
5;2025-11-15;2;0
5;2025-11-15;3;0
5;2025-11-15;4;0
5;2025-11-15;5;0
5;2025-11-15;6;0
5;2025-11-15;7;0
5;2025-11-15;8;0
5;2025-11-15;9;0
5;2025-11-15;10;0
5;2025-11-15;11;0
5;2025-11-15;12;0
5;2025-11-15;13;0
5;2025-11-15;14;0
5;2025-11-15;15;0
5;2025-11-15;16;0
5;2025-11-15;17;0
5;2025-11-15;18;0
5;2025-11-15;19;0
5;2025-11-15;20;0
5;2025-11-15;21;0
5;2025-11-15;22;0
5;2025-11-15;23;0
5;2025-11-16;0;0
5;2025-11-16;1;0
5;2025-11-16;2;0
5;2025-11-16;3;0
5;2025-11-16;4;0
5;2025-11-16;5;0
5;2025-11-16;6;0
5;2025-11-16;7;0
5;2025-11-16;8;0
5;2025-11-16;9;0
5;2025-11-16;10;0
5;2025-11-16;11;0
5;2025-11-16;12;0
5;2025-11-16;13;0
5;2025-11-16;14;0
5;2025-11-16;15;0
5;2025-11-16;16;0
5;2025-11-16;17;0
5;2025-11-16;18;0
5;2025-11-16;19;0
5;2025-11-16;20;0
5;2025-11-16;21;0
5;2025-11-16;22;0
5;2025-11-16;23;0
5;2025-11-17;0;0
5;2025-11-17;1;0
5;2025-11-17;2;0
5;2025-11-17;3;0
5;2025-11-17;4;0
5;2025-11-17;5;0
5;2025-11-17;6;0
5;2025-11-17;7;0
5;2025-11-17;8;0
5;2025-11-17;9;0
5;2025-11-17;10;0
5;2025-11-17;11;0
5;2025-11-17;12;0
5;2025-11-17;13;0
5;2025-11-17;14;0
5;2025-11-17;15;0
5;2025-11-17;16;0
5;2025-11-17;17;0
5;2025-11-17;18;0
5;2025-11-17;19;0
5;2025-11-17;20;0
5;2025-11-17;21;0
5;2025-11-17;22;0
5;2025-11-17;23;0
5;2025-11-18;0;0
5;2025-11-18;1;0
5;2025-11-18;2;0
5;2025-11-18;3;0
5;2025-11-18;4;0
5;2025-11-18;5;0
5;2025-11-18;6;0
5;2025-11-18;7;0
5;2025-11-18;8;0
5;2025-11-18;9;0
5;2025-11-18;10;0
5;2025-11-18;11;0
5;2025-11-18;12;0
5;2025-11-18;13;0
5;2025-11-18;14;0
5;2025-11-18;15;0
5;2025-11-18;16;0
5;2025-11-18;17;0
5;2025-11-18;18;0
5;2025-11-18;19;0
5;2025-11-18;20;0
5;2025-11-18;21;0
5;2025-11-18;22;0
5;2025-11-18;23;0
5;2025-11-19;0;0
5;2025-11-19;1;0
5;2025-11-19;2;0
5;2025-11-19;3;0
5;2025-11-19;4;0
5;2025-11-19;5;0
5;2025-11-19;6;0
5;2025-11-19;7;0
5;2025-11-19;8;0
5;2025-11-19;9;0
5;2025-11-19;10;0
5;2025-11-19;11;0
5;2025-11-19;12;0
5;2025-11-19;13;0
5;2025-11-19;14;0
5;2025-11-19;15;0
5;2025-11-19;16;0
5;2025-11-19;17;0
5;2025-11-19;18;0
5;2025-11-19;19;0
5;2025-11-19;20;0
5;2025-11-19;21;0
5;2025-11-19;22;0
5;2025-11-19;23;0
5;2025-11-20;0;0
5;2025-11-20;1;0
5;2025-11-20;2;0
5;2025-11-20;3;0
5;2025-11-20;4;0
5;2025-11-20;5;0
5;2025-11-20;6;0
5;2025-11-20;7;0
5;2025-11-20;8;0
5;2025-11-20;9;0
5;2025-11-20;10;0
5;2025-11-20;11;0
5;2025-11-20;12;0
5;2025-11-20;13;0
5;2025-11-20;14;0
5;2025-11-20;15;0
5;2025-11-20;16;0
5;2025-11-20;17;0
5;2025-11-20;18;0
5;2025-11-20;19;0
5;2025-11-20;20;0
5;2025-11-20;21;0
5;2025-11-20;22;0
5;2025-11-20;23;0
5;2025-11-21;0;0
5;2025-11-21;1;0
5;2025-11-21;2;0
5;2025-11-21;3;0
5;2025-11-21;4;0
5;2025-11-21;5;0
5;2025-11-21;6;0
5;2025-11-21;7;0
5;2025-11-21;8;0
5;2025-11-21;9;0
5;2025-11-21;10;0
5;2025-11-21;11;0
5;2025-11-21;12;0
5;2025-11-21;13;0
5;2025-11-21;14;0
5;2025-11-21;15;0
5;2025-11-21;16;0
5;2025-11-21;17;0
5;2025-11-21;18;0
5;2025-11-21;19;0
5;2025-11-21;20;0
5;2025-11-21;21;0
5;2025-11-21;22;0
5;2025-11-21;23;0
5;2025-11-22;0;0
5;2025-11-22;1;0
5;2025-11-22;2;0
5;2025-11-22;3;0
5;2025-11-22;4;0
5;2025-11-22;5;0
5;2025-11-22;6;0
5;2025-11-22;7;0
5;2025-11-22;8;0
5;2025-11-22;9;0
5;2025-11-22;10;0
5;2025-11-22;11;0
5;2025-11-22;12;0
5;2025-11-22;13;0
5;2025-11-22;14;0
5;2025-11-22;15;0
5;2025-11-22;16;0
5;2025-11-22;17;0
5;2025-11-22;18;0
5;2025-11-22;19;0
5;2025-11-22;20;0
5;2025-11-22;21;0
5;2025-11-22;22;0
5;2025-11-22;23;0
5;2025-11-23;0;0
5;2025-11-23;1;0
5;2025-11-23;2;0
5;2025-11-23;3;0
5;2025-11-23;4;0
5;2025-11-23;5;0
5;2025-11-23;6;0
5;2025-11-23;7;0
5;2025-11-23;8;0
5;2025-11-23;9;0
5;2025-11-23;10;0
5;2025-11-23;11;0
5;2025-11-23;12;0
5;2025-11-23;13;0
5;2025-11-23;14;0
5;2025-11-23;15;0
5;2025-11-23;16;0
5;2025-11-23;17;0
5;2025-11-23;18;0
5;2025-11-23;19;0
5;2025-11-23;20;0
5;2025-11-23;21;0
5;2025-11-23;22;0
5;2025-11-23;23;0
5;2025-11-24;0;0
5;2025-11-24;1;0
5;2025-11-24;2;0
5;2025-11-24;3;0
5;2025-11-24;4;0
5;2025-11-24;5;0
5;2025-11-24;6;0
5;2025-11-24;7;0
5;2025-11-24;8;0
5;2025-11-24;9;0
5;2025-11-24;10;0
5;2025-11-24;11;0
5;2025-11-24;12;0
5;2025-11-24;13;0
5;2025-11-24;14;0
5;2025-11-24;15;0
5;2025-11-24;16;0
5;2025-11-24;17;0
5;2025-11-24;18;0
5;2025-11-24;19;0
5;2025-11-24;20;0
5;2025-11-24;21;0
5;2025-11-24;22;0
5;2025-11-24;23;0
5;2025-11-25;0;0
5;2025-11-25;1;0
5;2025-11-25;2;0
5;2025-11-25;3;0
5;2025-11-25;4;0
5;2025-11-25;5;0
5;2025-11-25;6;0
5;2025-11-25;7;0
5;2025-11-25;8;0
5;2025-11-25;9;0
5;2025-11-25;10;0
5;2025-11-25;11;0
5;2025-11-25;12;0
5;2025-11-25;13;0
5;2025-11-25;14;0
5;2025-11-25;15;0
5;2025-11-25;16;0
5;2025-11-25;17;0
5;2025-11-25;18;0
5;2025-11-25;19;0
5;2025-11-25;20;0
5;2025-11-25;21;0
5;2025-11-25;22;0
5;2025-11-25;23;0
5;2025-11-26;0;0
5;2025-11-26;1;0
5;2025-11-26;2;0
5;2025-11-26;3;0
5;2025-11-26;4;0
5;2025-11-26;5;0
5;2025-11-26;6;0
5;2025-11-26;7;0
5;2025-11-26;8;0
5;2025-11-26;9;0
5;2025-11-26;10;0
5;2025-11-26;11;0
5;2025-11-26;12;0
5;2025-11-26;13;0
5;2025-11-26;14;0
5;2025-11-26;15;0
5;2025-11-26;16;0
5;2025-11-26;17;0
5;2025-11-26;18;0
5;2025-11-26;19;0
5;2025-11-26;20;0
5;2025-11-26;21;0
5;2025-11-26;22;0
5;2025-11-26;23;0
5;2025-11-27;0;0
5;2025-11-27;1;0
5;2025-11-27;2;0
5;2025-11-27;3;0
5;2025-11-27;4;0
5;2025-11-27;5;0
5;2025-11-27;6;0
5;2025-11-27;7;0
5;2025-11-27;8;0
5;2025-11-27;9;0
5;2025-11-27;10;0
5;2025-11-27;11;0
5;2025-11-27;12;0
5;2025-11-27;13;0
5;2025-11-27;14;0
5;2025-11-27;15;0
5;2025-11-27;16;0
5;2025-11-27;17;0
5;2025-11-27;18;0
5;2025-11-27;19;0
5;2025-11-27;20;0
5;2025-11-27;21;0
5;2025-11-27;22;0
5;2025-11-27;23;0
5;2025-11-28;0;0
5;2025-11-28;1;0
5;2025-11-28;2;0
5;2025-11-28;3;0
5;2025-11-28;4;0
5;2025-11-28;5;0
5;2025-11-28;6;0
5;2025-11-28;7;0
5;2025-11-28;8;0
5;2025-11-28;9;0
5;2025-11-28;10;0
5;2025-11-28;11;0
5;2025-11-28;12;0
5;2025-11-28;13;0
5;2025-11-28;14;0
5;2025-11-28;15;0
5;2025-11-28;16;0
5;2025-11-28;17;0
5;2025-11-28;18;0
5;2025-11-28;19;0
5;2025-11-28;20;0
5;2025-11-28;21;0
5;2025-11-28;22;0
5;2025-11-28;23;0
5;2025-11-29;0;0
5;2025-11-29;1;0
5;2025-11-29;2;0
5;2025-11-29;3;0
5;2025-11-29;4;0
5;2025-11-29;5;0
5;2025-11-29;6;0
5;2025-11-29;7;0
5;2025-11-29;8;0
5;2025-11-29;9;0
5;2025-11-29;10;0
5;2025-11-29;11;0
5;2025-11-29;12;0
5;2025-11-29;13;0
5;2025-11-29;14;0
5;2025-11-29;15;0
5;2025-11-29;16;0
5;2025-11-29;17;0
5;2025-11-29;18;0
5;2025-11-29;19;0
5;2025-11-29;20;0
5;2025-11-29;21;0
5;2025-11-29;22;0
5;2025-11-29;23;0
5;2025-11-30;0;0
5;2025-11-30;1;0
5;2025-11-30;2;0
5;2025-11-30;3;0
5;2025-11-30;4;0
5;2025-11-30;5;0
5;2025-11-30;6;0
5;2025-11-30;7;0
5;2025-11-30;8;0
5;2025-11-30;9;0
5;2025-11-30;10;0
5;2025-11-30;11;0
5;2025-11-30;12;0
5;2025-11-30;13;0
5;2025-11-30;14;0
5;2025-11-30;15;0
5;2025-11-30;16;0
5;2025-11-30;17;0
5;2025-11-30;18;0
5;2025-11-30;19;0
5;2025-11-30;20;0
5;2025-11-30;21;0
5;2025-11-30;22;0
5;2025-11-30;23;0
5;2025-12-01;0;0
5;2025-12-01;1;0
5;2025-12-01;2;0
5;2025-12-01;3;0
5;2025-12-01;4;0
5;2025-12-01;5;0
5;2025-12-01;6;0
5;2025-12-01;7;0
5;2025-12-01;8;0
5;2025-12-01;9;0
5;2025-12-01;10;0
5;2025-12-01;11;0
5;2025-12-01;12;0
5;2025-12-01;13;0
5;2025-12-01;14;0
5;2025-12-01;15;0
5;2025-12-01;16;0
5;2025-12-01;17;0
5;2025-12-01;18;0
5;2025-12-01;19;0
5;2025-12-01;20;0
5;2025-12-01;21;0
5;2025-12-01;22;0
5;2025-12-01;23;0
5;2025-12-02;0;0
5;2025-12-02;1;0
5;2025-12-02;2;0
5;2025-12-02;3;0
5;2025-12-02;4;0
5;2025-12-02;5;0
5;2025-12-02;6;0
5;2025-12-02;7;0
5;2025-12-02;8;0
5;2025-12-02;9;0
5;2025-12-02;10;0
5;2025-12-02;11;0
5;2025-12-02;12;0
5;2025-12-02;13;0
5;2025-12-02;14;0
5;2025-12-02;15;0
5;2025-12-02;16;0
5;2025-12-02;17;0
5;2025-12-02;18;0
5;2025-12-02;19;0
5;2025-12-02;20;0
5;2025-12-02;21;0
5;2025-12-02;22;0
5;2025-12-02;23;0
5;2025-12-03;0;0
5;2025-12-03;1;0
5;2025-12-03;2;0
5;2025-12-03;3;0
5;2025-12-03;4;0
5;2025-12-03;5;0
5;2025-12-03;6;0
5;2025-12-03;7;0
5;2025-12-03;8;0
5;2025-12-03;9;0
5;2025-12-03;10;0
5;2025-12-03;11;0
5;2025-12-03;12;0
5;2025-12-03;13;0
5;2025-12-03;14;0
5;2025-12-03;15;0
5;2025-12-03;16;0
5;2025-12-03;17;0
5;2025-12-03;18;0
5;2025-12-03;19;0
5;2025-12-03;20;0
5;2025-12-03;21;0
5;2025-12-03;22;0
5;2025-12-03;23;0
5;2025-12-04;0;0
5;2025-12-04;1;0
5;2025-12-04;2;0
5;2025-12-04;3;0
5;2025-12-04;4;0
5;2025-12-04;5;0
5;2025-12-04;6;0
5;2025-12-04;7;0
5;2025-12-04;8;0
5;2025-12-04;9;0
5;2025-12-04;10;0
5;2025-12-04;11;0
5;2025-12-04;12;0
5;2025-12-04;13;0
5;2025-12-04;14;0
5;2025-12-04;15;0
5;2025-12-04;16;0
5;2025-12-04;17;0
5;2025-12-04;18;0
5;2025-12-04;19;0
5;2025-12-04;20;0
5;2025-12-04;21;0
5;2025-12-04;22;0
5;2025-12-04;23;0
5;2025-12-05;0;0
5;2025-12-05;1;0
5;2025-12-05;2;0
5;2025-12-05;3;0
5;2025-12-05;4;0
5;2025-12-05;5;0
5;2025-12-05;6;0
5;2025-12-05;7;0
5;2025-12-05;8;0
5;2025-12-05;9;0
5;2025-12-05;10;0
5;2025-12-05;11;0
5;2025-12-05;12;0
5;2025-12-05;13;0
5;2025-12-05;14;0
5;2025-12-05;15;0
5;2025-12-05;16;0
5;2025-12-05;17;0
5;2025-12-05;18;0
5;2025-12-05;19;0
5;2025-12-05;20;0
5;2025-12-05;21;0
5;2025-12-05;22;0
5;2025-12-05;23;0
5;2025-12-06;0;0
5;2025-12-06;1;0
5;2025-12-06;2;0
5;2025-12-06;3;0
5;2025-12-06;4;0
5;2025-12-06;5;0
5;2025-12-06;6;0
5;2025-12-06;7;0
5;2025-12-06;8;0
5;2025-12-06;9;0
5;2025-12-06;10;0
5;2025-12-06;11;0
5;2025-12-06;12;0
5;2025-12-06;13;0
5;2025-12-06;14;0
5;2025-12-06;15;0
5;2025-12-06;16;0
5;2025-12-06;17;0
5;2025-12-06;18;0
5;2025-12-06;19;0
5;2025-12-06;20;0
5;2025-12-06;21;0
5;2025-12-06;22;0
5;2025-12-06;23;0
5;2025-12-07;0;0
5;2025-12-07;1;0
5;2025-12-07;2;0
5;2025-12-07;3;0
5;2025-12-07;4;0
5;2025-12-07;5;0
5;2025-12-07;6;0
5;2025-12-07;7;0
5;2025-12-07;8;0
5;2025-12-07;9;0
5;2025-12-07;10;0
5;2025-12-07;11;0
5;2025-12-07;12;0
5;2025-12-07;13;0
5;2025-12-07;14;0
5;2025-12-07;15;0
5;2025-12-07;16;0
5;2025-12-07;17;0
5;2025-12-07;18;0
5;2025-12-07;19;0
5;2025-12-07;20;0
5;2025-12-07;21;0
5;2025-12-07;22;0
5;2025-12-07;23;0
5;2025-12-08;0;0
5;2025-12-08;1;0
5;2025-12-08;2;0
5;2025-12-08;3;0
5;2025-12-08;4;0
5;2025-12-08;5;0
5;2025-12-08;6;0
5;2025-12-08;7;0
5;2025-12-08;8;0
5;2025-12-08;9;0
5;2025-12-08;10;0
5;2025-12-08;11;0
5;2025-12-08;12;0
5;2025-12-08;13;0
5;2025-12-08;14;0
5;2025-12-08;15;0
5;2025-12-08;16;0
5;2025-12-08;17;0
5;2025-12-08;18;0
5;2025-12-08;19;0
5;2025-12-08;20;0
5;2025-12-08;21;0
5;2025-12-08;22;0
5;2025-12-08;23;0
5;2025-12-09;0;0
5;2025-12-09;1;0
5;2025-12-09;2;0
5;2025-12-09;3;0
5;2025-12-09;4;0
5;2025-12-09;5;0
5;2025-12-09;6;0
5;2025-12-09;7;0
5;2025-12-09;8;0
5;2025-12-09;9;0
5;2025-12-09;10;0
5;2025-12-09;11;0
5;2025-12-09;12;0
5;2025-12-09;13;0
5;2025-12-09;14;0
5;2025-12-09;15;0
5;2025-12-09;16;0
5;2025-12-09;17;0
5;2025-12-09;18;0
5;2025-12-09;19;0
5;2025-12-09;20;0
5;2025-12-09;21;0
5;2025-12-09;22;0
5;2025-12-09;23;0
5;2025-12-10;0;0
5;2025-12-10;1;0
5;2025-12-10;2;0
5;2025-12-10;3;0
5;2025-12-10;4;0
5;2025-12-10;5;0
5;2025-12-10;6;0
5;2025-12-10;7;0
5;2025-12-10;8;0
5;2025-12-10;9;0
5;2025-12-10;10;0
5;2025-12-10;11;0
5;2025-12-10;12;0
5;2025-12-10;13;0
5;2025-12-10;14;0
5;2025-12-10;15;0
5;2025-12-10;16;0
5;2025-12-10;17;0
5;2025-12-10;18;0
5;2025-12-10;19;0
5;2025-12-10;20;0
5;2025-12-10;21;0
5;2025-12-10;22;0
5;2025-12-10;23;0
5;2025-12-11;0;0
5;2025-12-11;1;0
5;2025-12-11;2;0
5;2025-12-11;3;0
5;2025-12-11;4;0
5;2025-12-11;5;0
5;2025-12-11;6;0
5;2025-12-11;7;0
5;2025-12-11;8;0
5;2025-12-11;9;0
5;2025-12-11;10;0
5;2025-12-11;11;0
5;2025-12-11;12;0
5;2025-12-11;13;0
5;2025-12-11;14;0
5;2025-12-11;15;0
5;2025-12-11;16;0
5;2025-12-11;17;0
5;2025-12-11;18;0
5;2025-12-11;19;0
5;2025-12-11;20;0
5;2025-12-11;21;0
5;2025-12-11;22;0
5;2025-12-11;23;0
5;2025-12-12;0;0
5;2025-12-12;1;0
5;2025-12-12;2;0
5;2025-12-12;3;0
5;2025-12-12;4;0
5;2025-12-12;5;0
5;2025-12-12;6;0
5;2025-12-12;7;0
5;2025-12-12;8;0
5;2025-12-12;9;0
5;2025-12-12;10;0
5;2025-12-12;11;0
5;2025-12-12;12;0
5;2025-12-12;13;0
5;2025-12-12;14;0
5;2025-12-12;15;0
5;2025-12-12;16;0
5;2025-12-12;17;0
5;2025-12-12;18;0
5;2025-12-12;19;0
5;2025-12-12;20;0
5;2025-12-12;21;0
5;2025-12-12;22;0
5;2025-12-12;23;0
5;2025-12-13;0;0
5;2025-12-13;1;0
5;2025-12-13;2;0
5;2025-12-13;3;0
5;2025-12-13;4;0
5;2025-12-13;5;0
5;2025-12-13;6;0
5;2025-12-13;7;0
5;2025-12-13;8;0
5;2025-12-13;9;0
5;2025-12-13;10;0
5;2025-12-13;11;0
5;2025-12-13;12;0
5;2025-12-13;13;0
5;2025-12-13;14;0
5;2025-12-13;15;0
5;2025-12-13;16;0
5;2025-12-13;17;0
5;2025-12-13;18;0
5;2025-12-13;19;0
5;2025-12-13;20;0
5;2025-12-13;21;0
5;2025-12-13;22;0
5;2025-12-13;23;0
5;2025-12-14;0;0
5;2025-12-14;1;0
5;2025-12-14;2;0
5;2025-12-14;3;0
5;2025-12-14;4;0
5;2025-12-14;5;0
5;2025-12-14;6;0
5;2025-12-14;7;0
5;2025-12-14;8;0
5;2025-12-14;9;0
5;2025-12-14;10;0
5;2025-12-14;11;0
5;2025-12-14;12;0
5;2025-12-14;13;0
5;2025-12-14;14;0
5;2025-12-14;15;0
5;2025-12-14;16;0
5;2025-12-14;17;0
5;2025-12-14;18;0
5;2025-12-14;19;0
5;2025-12-14;20;0
5;2025-12-14;21;0
5;2025-12-14;22;0
5;2025-12-14;23;0
5;2025-12-15;0;0
5;2025-12-15;1;0
5;2025-12-15;2;0
5;2025-12-15;3;0
5;2025-12-15;4;0
5;2025-12-15;5;0
5;2025-12-15;6;0
5;2025-12-15;7;0
5;2025-12-15;8;0
5;2025-12-15;9;0
5;2025-12-15;10;0
5;2025-12-15;11;0
5;2025-12-15;12;0
5;2025-12-15;13;0
5;2025-12-15;14;0
5;2025-12-15;15;0
5;2025-12-15;16;0
5;2025-12-15;17;0
5;2025-12-15;18;0
5;2025-12-15;19;0
5;2025-12-15;20;0
5;2025-12-15;21;0
5;2025-12-15;22;0
5;2025-12-15;23;0
5;2025-12-16;0;0
5;2025-12-16;1;0
5;2025-12-16;2;0
5;2025-12-16;3;0
5;2025-12-16;4;0
5;2025-12-16;5;0
5;2025-12-16;6;0
5;2025-12-16;7;0
5;2025-12-16;8;0
5;2025-12-16;9;0
5;2025-12-16;10;0
5;2025-12-16;11;0
5;2025-12-16;12;0
5;2025-12-16;13;0
5;2025-12-16;14;0
5;2025-12-16;15;0
5;2025-12-16;16;0
5;2025-12-16;17;0
5;2025-12-16;18;0
5;2025-12-16;19;0
5;2025-12-16;20;0
5;2025-12-16;21;0
5;2025-12-16;22;0
5;2025-12-16;23;0
5;2025-12-17;0;0
5;2025-12-17;1;0
5;2025-12-17;2;0
5;2025-12-17;3;0
5;2025-12-17;4;0
5;2025-12-17;5;0
5;2025-12-17;6;0
5;2025-12-17;7;0
5;2025-12-17;8;0
5;2025-12-17;9;0
5;2025-12-17;10;0
5;2025-12-17;11;0
5;2025-12-17;12;0
5;2025-12-17;13;0
5;2025-12-17;14;0
5;2025-12-17;15;0
5;2025-12-17;16;0
5;2025-12-17;17;0
5;2025-12-17;18;0
5;2025-12-17;19;0
5;2025-12-17;20;0
5;2025-12-17;21;0
5;2025-12-17;22;0
5;2025-12-17;23;0
5;2025-12-18;0;0
5;2025-12-18;1;0
5;2025-12-18;2;0
5;2025-12-18;3;0
5;2025-12-18;4;0
5;2025-12-18;5;0
5;2025-12-18;6;0
5;2025-12-18;7;0
5;2025-12-18;8;0
5;2025-12-18;9;0
5;2025-12-18;10;0
5;2025-12-18;11;0
5;2025-12-18;12;0
5;2025-12-18;13;0
5;2025-12-18;14;0
5;2025-12-18;15;0
5;2025-12-18;16;0
5;2025-12-18;17;0
5;2025-12-18;18;0
5;2025-12-18;19;0
5;2025-12-18;20;0
5;2025-12-18;21;0
5;2025-12-18;22;0
5;2025-12-18;23;0
5;2025-12-19;0;0
5;2025-12-19;1;0
5;2025-12-19;2;0
5;2025-12-19;3;0
5;2025-12-19;4;0
5;2025-12-19;5;0
5;2025-12-19;6;0
5;2025-12-19;7;0
5;2025-12-19;8;0
5;2025-12-19;9;0
5;2025-12-19;10;0
5;2025-12-19;11;0
5;2025-12-19;12;0
5;2025-12-19;13;0
5;2025-12-19;14;0
5;2025-12-19;15;0
5;2025-12-19;16;0
5;2025-12-19;17;0
5;2025-12-19;18;0
5;2025-12-19;19;0
5;2025-12-19;20;0
5;2025-12-19;21;0
5;2025-12-19;22;0
5;2025-12-19;23;0
5;2025-12-20;0;0
5;2025-12-20;1;0
5;2025-12-20;2;0
5;2025-12-20;3;0
5;2025-12-20;4;0
5;2025-12-20;5;0
5;2025-12-20;6;0
5;2025-12-20;7;0
5;2025-12-20;8;0
5;2025-12-20;9;0
5;2025-12-20;10;0
5;2025-12-20;11;0
5;2025-12-20;12;0
5;2025-12-20;13;0
5;2025-12-20;14;0
5;2025-12-20;15;0
5;2025-12-20;16;0
5;2025-12-20;17;0
5;2025-12-20;18;0
5;2025-12-20;19;0
5;2025-12-20;20;0
5;2025-12-20;21;0
5;2025-12-20;22;0
5;2025-12-20;23;0
5;2025-12-21;0;0
5;2025-12-21;1;0
5;2025-12-21;2;0
5;2025-12-21;3;0
5;2025-12-21;4;0
5;2025-12-21;5;0
5;2025-12-21;6;0
5;2025-12-21;7;0
5;2025-12-21;8;0
5;2025-12-21;9;0
5;2025-12-21;10;0
5;2025-12-21;11;0
5;2025-12-21;12;0
5;2025-12-21;13;0
5;2025-12-21;14;0
5;2025-12-21;15;0
5;2025-12-21;16;0
5;2025-12-21;17;0
5;2025-12-21;18;0
5;2025-12-21;19;0
5;2025-12-21;20;0
5;2025-12-21;21;0
5;2025-12-21;22;0
5;2025-12-21;23;0
5;2025-12-22;0;0
5;2025-12-22;1;0
5;2025-12-22;2;0
5;2025-12-22;3;0
5;2025-12-22;4;0
5;2025-12-22;5;0
5;2025-12-22;6;0
5;2025-12-22;7;0
5;2025-12-22;8;0
5;2025-12-22;9;0
5;2025-12-22;10;0
5;2025-12-22;11;0
5;2025-12-22;12;0
5;2025-12-22;13;0
5;2025-12-22;14;0
5;2025-12-22;15;0
5;2025-12-22;16;0
5;2025-12-22;17;0
5;2025-12-22;18;0
5;2025-12-22;19;0
5;2025-12-22;20;0
5;2025-12-22;21;0
5;2025-12-22;22;0
5;2025-12-22;23;0
5;2025-12-23;0;0
5;2025-12-23;1;0
5;2025-12-23;2;0
5;2025-12-23;3;0
5;2025-12-23;4;0
5;2025-12-23;5;0
5;2025-12-23;6;0
5;2025-12-23;7;0
5;2025-12-23;8;0
5;2025-12-23;9;0
5;2025-12-23;10;0
5;2025-12-23;11;0
5;2025-12-23;12;0
5;2025-12-23;13;0
5;2025-12-23;14;0
5;2025-12-23;15;0
5;2025-12-23;16;0
5;2025-12-23;17;0
5;2025-12-23;18;0
5;2025-12-23;19;0
5;2025-12-23;20;0
5;2025-12-23;21;0
5;2025-12-23;22;0
5;2025-12-23;23;0
5;2025-12-24;0;0
5;2025-12-24;1;0
5;2025-12-24;2;0
5;2025-12-24;3;0
5;2025-12-24;4;0
5;2025-12-24;5;0
5;2025-12-24;6;0
5;2025-12-24;7;0
5;2025-12-24;8;0
5;2025-12-24;9;0
5;2025-12-24;10;0
5;2025-12-24;11;0
5;2025-12-24;12;0
5;2025-12-24;13;0
5;2025-12-24;14;0
5;2025-12-24;15;0
5;2025-12-24;16;0
5;2025-12-24;17;0
5;2025-12-24;18;0
5;2025-12-24;19;0
5;2025-12-24;20;0
5;2025-12-24;21;0
5;2025-12-24;22;0
5;2025-12-24;23;0
5;2025-12-25;0;0
5;2025-12-25;1;0
5;2025-12-25;2;0
5;2025-12-25;3;0
5;2025-12-25;4;0
5;2025-12-25;5;0
5;2025-12-25;6;0
5;2025-12-25;7;0
5;2025-12-25;8;0
5;2025-12-25;9;0
5;2025-12-25;10;0
5;2025-12-25;11;0
5;2025-12-25;12;0
5;2025-12-25;13;0
5;2025-12-25;14;0
5;2025-12-25;15;0
5;2025-12-25;16;0
5;2025-12-25;17;0
5;2025-12-25;18;0
5;2025-12-25;19;0
5;2025-12-25;20;0
5;2025-12-25;21;0
5;2025-12-25;22;0
5;2025-12-25;23;0
5;2025-12-26;0;0
5;2025-12-26;1;0
5;2025-12-26;2;0
5;2025-12-26;3;0
5;2025-12-26;4;0
5;2025-12-26;5;0
5;2025-12-26;6;0
5;2025-12-26;7;0
5;2025-12-26;8;0
5;2025-12-26;9;0
5;2025-12-26;10;0
5;2025-12-26;11;0
5;2025-12-26;12;0
5;2025-12-26;13;0
5;2025-12-26;14;0
5;2025-12-26;15;0
5;2025-12-26;16;0
5;2025-12-26;17;0
5;2025-12-26;18;0
5;2025-12-26;19;0
5;2025-12-26;20;0
5;2025-12-26;21;0
5;2025-12-26;22;0
5;2025-12-26;23;0
5;2025-12-27;0;0
5;2025-12-27;1;0
5;2025-12-27;2;0
5;2025-12-27;3;0
5;2025-12-27;4;0
5;2025-12-27;5;0
5;2025-12-27;6;0
5;2025-12-27;7;0
5;2025-12-27;8;0
5;2025-12-27;9;0
5;2025-12-27;10;0
5;2025-12-27;11;0
5;2025-12-27;12;0
5;2025-12-27;13;0
5;2025-12-27;14;0
5;2025-12-27;15;0
5;2025-12-27;16;0
5;2025-12-27;17;0
5;2025-12-27;18;0
5;2025-12-27;19;0
5;2025-12-27;20;0
5;2025-12-27;21;0
5;2025-12-27;22;0
5;2025-12-27;23;0
5;2025-12-28;0;0
5;2025-12-28;1;0
5;2025-12-28;2;0
5;2025-12-28;3;0
5;2025-12-28;4;0
5;2025-12-28;5;0
5;2025-12-28;6;0
5;2025-12-28;7;0
5;2025-12-28;8;0
5;2025-12-28;9;0
5;2025-12-28;10;0
5;2025-12-28;11;0
5;2025-12-28;12;0
5;2025-12-28;13;0
5;2025-12-28;14;0
5;2025-12-28;15;0
5;2025-12-28;16;0
5;2025-12-28;17;0
5;2025-12-28;18;0
5;2025-12-28;19;0
5;2025-12-28;20;0
5;2025-12-28;21;0
5;2025-12-28;22;0
5;2025-12-28;23;0
5;2025-12-29;0;0
5;2025-12-29;1;0
5;2025-12-29;2;0
5;2025-12-29;3;0
5;2025-12-29;4;0
5;2025-12-29;5;0
5;2025-12-29;6;0
5;2025-12-29;7;0
5;2025-12-29;8;0
5;2025-12-29;9;0
5;2025-12-29;10;0
5;2025-12-29;11;0
5;2025-12-29;12;0
5;2025-12-29;13;0
5;2025-12-29;14;0
5;2025-12-29;15;0
5;2025-12-29;16;0
5;2025-12-29;17;0
5;2025-12-29;18;0
5;2025-12-29;19;0
5;2025-12-29;20;0
5;2025-12-29;21;0
5;2025-12-29;22;0
5;2025-12-29;23;0
5;2025-12-30;0;0
5;2025-12-30;1;0
5;2025-12-30;2;0
5;2025-12-30;3;0
5;2025-12-30;4;0
5;2025-12-30;5;0
5;2025-12-30;6;0
5;2025-12-30;7;0
5;2025-12-30;8;0
5;2025-12-30;9;0
5;2025-12-30;10;0
5;2025-12-30;11;0
5;2025-12-30;12;0
5;2025-12-30;13;0
5;2025-12-30;14;0
5;2025-12-30;15;0
5;2025-12-30;16;0
5;2025-12-30;17;0
5;2025-12-30;18;0
5;2025-12-30;19;0
5;2025-12-30;20;0
5;2025-12-30;21;0
5;2025-12-30;22;0
5;2025-12-30;23;0
5;2025-12-31;0;0
5;2025-12-31;1;0
5;2025-12-31;2;0
5;2025-12-31;3;0
5;2025-12-31;4;0
5;2025-12-31;5;0
5;2025-12-31;6;0
5;2025-12-31;7;0
5;2025-12-31;8;0
5;2025-12-31;9;0
5;2025-12-31;10;0
5;2025-12-31;11;0
5;2025-12-31;12;0
5;2025-12-31;13;0
5;2025-12-31;14;0
5;2025-12-31;15;0
5;2025-12-31;16;0
5;2025-12-31;17;0
5;2025-12-31;18;0
5;2025-12-31;19;0
5;2025-12-31;20;0
5;2025-12-31;21;0
5;2025-12-31;22;0
5;2025-12-31;23;0
7;2025-11-01;0;55
7;2025-11-01;1;8
7;2025-11-01;2;3
7;2025-11-01;3;2
7;2025-11-01;4;5
7;2025-11-01;5;159
7;2025-11-01;6;563
7;2025-11-01;7;1417
7;2025-11-01;8;2057
7;2025-11-01;9;1520
7;2025-11-01;10;1310
7;2025-11-01;11;1326
7;2025-11-01;12;1364
7;2025-11-01;13;1406
7;2025-11-01;14;1403
7;2025-11-01;15;1501
7;2025-11-01;16;1667
7;2025-11-01;17;1798
7;2025-11-01;18;1737
7;2025-11-01;19;1311
7;2025-11-01;20;859
7;2025-11-01;21;572
7;2025-11-01;22;304
7;2025-11-01;23;210
7;2025-11-02;0;68
7;2025-11-02;1;8
7;2025-11-02;2;0
7;2025-11-02;3;0
7;2025-11-02;4;0
7;2025-11-02;5;26
7;2025-11-02;6;148
7;2025-11-02;7;241
7;2025-11-02;8;434
7;2025-11-02;9;466
7;2025-11-02;10;560
7;2025-11-02;11;608
7;2025-11-02;12;734
7;2025-11-02;13;664
7;2025-11-02;14;757
7;2025-11-02;15;751
7;2025-11-02;16;707
7;2025-11-02;17;681
7;2025-11-02;18;642
7;2025-11-02;19;523
7;2025-11-02;20;392
7;2025-11-02;21;309
7;2025-11-02;22;159
7;2025-11-02;23;100
7;2025-11-03;0;85
7;2025-11-03;1;23
7;2025-11-03;2;15
7;2025-11-03;3;16
7;2025-11-03;4;17
7;2025-11-03;5;54
7;2025-11-03;6;262
7;2025-11-03;7;496
7;2025-11-03;8;732
7;2025-11-03;9;682
7;2025-11-03;10;762
7;2025-11-03;11;794
7;2025-11-03;12;915
7;2025-11-03;13;828
7;2025-11-03;14;932
7;2025-11-03;15;962
7;2025-11-03;16;877
7;2025-11-03;17;996
7;2025-11-03;18;1126
7;2025-11-03;19;761
7;2025-11-03;20;564
7;2025-11-03;21;411
7;2025-11-03;22;178
7;2025-11-03;23;111
7;2025-11-04;0;85
7;2025-11-04;1;24
7;2025-11-04;2;16
7;2025-11-04;3;16
7;2025-11-04;4;17
7;2025-11-04;5;55
7;2025-11-04;6;261
7;2025-11-04;7;477
7;2025-11-04;8;701
7;2025-11-04;9;652
7;2025-11-04;10;731
7;2025-11-04;11;765
7;2025-11-04;12;882
7;2025-11-04;13;793
7;2025-11-04;14;899
7;2025-11-04;15;931
7;2025-11-04;16;845
7;2025-11-04;17;966
7;2025-11-04;18;1100
7;2025-11-04;19;727
7;2025-11-04;20;529
7;2025-11-04;21;398
7;2025-11-04;22;180
7;2025-11-04;23;114
7;2025-11-05;0;54
7;2025-11-05;1;6
7;2025-11-05;2;1
7;2025-11-05;3;1
7;2025-11-05;4;8
7;2025-11-05;5;172
7;2025-11-05;6;657
7;2025-11-05;7;1695
7;2025-11-05;8;2395
7;2025-11-05;9;1758
7;2025-11-05;10;1507
7;2025-11-05;11;1509
7;2025-11-05;12;1559
7;2025-11-05;13;1601
7;2025-11-05;14;1599
7;2025-11-05;15;1741
7;2025-11-05;16;1877
7;2025-11-05;17;2181
7;2025-11-05;18;2315
7;2025-11-05;19;1611
7;2025-11-05;20;1102
7;2025-11-05;21;656
7;2025-11-05;22;288
7;2025-11-05;23;173
7;2025-11-06;0;52
7;2025-11-06;1;4
7;2025-11-06;2;0
7;2025-11-06;3;0
7;2025-11-06;4;7
7;2025-11-06;5;176
7;2025-11-06;6;645
7;2025-11-06;7;1698
7;2025-11-06;8;2395
7;2025-11-06;9;1750
7;2025-11-06;10;1509
7;2025-11-06;11;1512
7;2025-11-06;12;1561
7;2025-11-06;13;1599
7;2025-11-06;14;1597
7;2025-11-06;15;1735
7;2025-11-06;16;1871
7;2025-11-06;17;2170
7;2025-11-06;18;2277
7;2025-11-06;19;1578
7;2025-11-06;20;1073
7;2025-11-06;21;644
7;2025-11-06;22;302
7;2025-11-06;23;190
7;2025-11-07;0;49
7;2025-11-07;1;4
7;2025-11-07;2;0
7;2025-11-07;3;0
7;2025-11-07;4;6
7;2025-11-07;5;168
7;2025-11-07;6;642
7;2025-11-07;7;1684
7;2025-11-07;8;2363
7;2025-11-07;9;1726
7;2025-11-07;10;1504
7;2025-11-07;11;1524
7;2025-11-07;12;1593
7;2025-11-07;13;1631
7;2025-11-07;14;1636
7;2025-11-07;15;1765
7;2025-11-07;16;1893
7;2025-11-07;17;2064
7;2025-11-07;18;2027
7;2025-11-07;19;1517
7;2025-11-07;20;1044
7;2025-11-07;21;642
7;2025-11-07;22;309
7;2025-11-07;23;206
7;2025-11-08;0;63
7;2025-11-08;1;8
7;2025-11-08;2;0
7;2025-11-08;3;0
7;2025-11-08;4;0
7;2025-11-08;5;59
7;2025-11-08;6;218
7;2025-11-08;7;386
7;2025-11-08;8;596
7;2025-11-08;9;576
7;2025-11-08;10;652
7;2025-11-08;11;686
7;2025-11-08;12;807
7;2025-11-08;13;751
7;2025-11-08;14;822
7;2025-11-08;15;822
7;2025-11-08;16;790
7;2025-11-08;17;773
7;2025-11-08;18;736
7;2025-11-08;19;603
7;2025-11-08;20;439
7;2025-11-08;21;350
7;2025-11-08;22;188
7;2025-11-08;23;116
7;2025-11-09;0;71
7;2025-11-09;1;9
7;2025-11-09;2;0
7;2025-11-09;3;0
7;2025-11-09;4;0
7;2025-11-09;5;22
7;2025-11-09;6;134
7;2025-11-09;7;231
7;2025-11-09;8;410
7;2025-11-09;9;438
7;2025-11-09;10;522
7;2025-11-09;11;562
7;2025-11-09;12;684
7;2025-11-09;13;621
7;2025-11-09;14;703
7;2025-11-09;15;701
7;2025-11-09;16;662
7;2025-11-09;17;650
7;2025-11-09;18;602
7;2025-11-09;19;502
7;2025-11-09;20;370
7;2025-11-09;21;290
7;2025-11-09;22;142
7;2025-11-09;23;87
7;2025-11-10;0;50
7;2025-11-10;1;5
7;2025-11-10;2;1
7;2025-11-10;3;1
7;2025-11-10;4;8
7;2025-11-10;5;175
7;2025-11-10;6;651
7;2025-11-10;7;1714
7;2025-11-10;8;2440
7;2025-11-10;9;1781
7;2025-11-10;10;1523
7;2025-11-10;11;1525
7;2025-11-10;12;1567
7;2025-11-10;13;1609
7;2025-11-10;14;1598
7;2025-11-10;15;1735
7;2025-11-10;16;1883
7;2025-11-10;17;2189
7;2025-11-10;18;2322
7;2025-11-10;19;1614
7;2025-11-10;20;1106
7;2025-11-10;21;654
7;2025-11-10;22;285
7;2025-11-10;23;168
7;2025-11-11;0;48
7;2025-11-11;1;4
7;2025-11-11;2;0
7;2025-11-11;3;0
7;2025-11-11;4;7
7;2025-11-11;5;179
7;2025-11-11;6;656
7;2025-11-11;7;1734
7;2025-11-11;8;2462
7;2025-11-11;9;1794
7;2025-11-11;10;1548
7;2025-11-11;11;1548
7;2025-11-11;12;1622
7;2025-11-11;13;1636
7;2025-11-11;14;1656
7;2025-11-11;15;1786
7;2025-11-11;16;1913
7;2025-11-11;17;2221
7;2025-11-11;18;2361
7;2025-11-11;19;1632
7;2025-11-11;20;1121
7;2025-11-11;21;680
7;2025-11-11;22;307
7;2025-11-11;23;185
7;2025-11-12;0;49
7;2025-11-12;1;3
7;2025-11-12;2;0
7;2025-11-12;3;0
7;2025-11-12;4;7
7;2025-11-12;5;177
7;2025-11-12;6;638
7;2025-11-12;7;1718
7;2025-11-12;8;2433
7;2025-11-12;9;1781
7;2025-11-12;10;1527
7;2025-11-12;11;1529
7;2025-11-12;12;1583
7;2025-11-12;13;1622
7;2025-11-12;14;1624
7;2025-11-12;15;1762
7;2025-11-12;16;1895
7;2025-11-12;17;2205
7;2025-11-12;18;2351
7;2025-11-12;19;1619
7;2025-11-12;20;1109
7;2025-11-12;21;660
7;2025-11-12;22;292
7;2025-11-12;23;171
7;2025-11-13;0;51
7;2025-11-13;1;3
7;2025-11-13;2;0
7;2025-11-13;3;0
7;2025-11-13;4;6
7;2025-11-13;5;173
7;2025-11-13;6;623
7;2025-11-13;7;1698
7;2025-11-13;8;2397
7;2025-11-13;9;1750
7;2025-11-13;10;1501
7;2025-11-13;11;1506
7;2025-11-13;12;1577
7;2025-11-13;13;1599
7;2025-11-13;14;1613
7;2025-11-13;15;1738
7;2025-11-13;16;1869
7;2025-11-13;17;2155
7;2025-11-13;18;2295
7;2025-11-13;19;1573
7;2025-11-13;20;1069
7;2025-11-13;21;627
7;2025-11-13;22;291
7;2025-11-13;23;185
7;2025-11-14;0;51
7;2025-11-14;1;4
7;2025-11-14;2;0
7;2025-11-14;3;0
7;2025-11-14;4;5
7;2025-11-14;5;166
7;2025-11-14;6;635
7;2025-11-14;7;1693
7;2025-11-14;8;2381
7;2025-11-14;9;1742
7;2025-11-14;10;1518
7;2025-11-14;11;1532
7;2025-11-14;12;1598
7;2025-11-14;13;1634
7;2025-11-14;14;1645
7;2025-11-14;15;1769
7;2025-11-14;16;1899
7;2025-11-14;17;2067
7;2025-11-14;18;2019
7;2025-11-14;19;1513
7;2025-11-14;20;1043
7;2025-11-14;21;633
7;2025-11-14;22;292
7;2025-11-14;23;199
7;2025-11-15;0;87
7;2025-11-15;1;27
7;2025-11-15;2;19
7;2025-11-15;3;19
7;2025-11-15;4;20
7;2025-11-15;5;109
7;2025-11-15;6;281
7;2025-11-15;7;526
7;2025-11-15;8;800
7;2025-11-15;9;768
7;2025-11-15;10;839
7;2025-11-15;11;874
7;2025-11-15;12;1061
7;2025-11-15;13;958
7;2025-11-15;14;1084
7;2025-11-15;15;1077
7;2025-11-15;16;997
7;2025-11-15;17;990
7;2025-11-15;18;974
7;2025-11-15;19;732
7;2025-11-15;20;539
7;2025-11-15;21;403
7;2025-11-15;22;213
7;2025-11-15;23;141
7;2025-11-16;0;117
7;2025-11-16;1;48
7;2025-11-16;2;37
7;2025-11-16;3;38
7;2025-11-16;4;38
7;2025-11-16;5;73
7;2025-11-16;6;207
7;2025-11-16;7;343
7;2025-11-16;8;576
7;2025-11-16;9;596
7;2025-11-16;10;688
7;2025-11-16;11;733
7;2025-11-16;12;908
7;2025-11-16;13;799
7;2025-11-16;14;929
7;2025-11-16;15;924
7;2025-11-16;16;842
7;2025-11-16;17;833
7;2025-11-16;18;819
7;2025-11-16;19;629
7;2025-11-16;20;467
7;2025-11-16;21;368
7;2025-11-16;22;188
7;2025-11-16;23;111
7;2025-11-17;0;54
7;2025-11-17;1;5
7;2025-11-17;2;0
7;2025-11-17;3;1
7;2025-11-17;4;9
7;2025-11-17;5;183
7;2025-11-17;6;658
7;2025-11-17;7;1739
7;2025-11-17;8;2472
7;2025-11-17;9;1821
7;2025-11-17;10;1583
7;2025-11-17;11;1591
7;2025-11-17;12;1629
7;2025-11-17;13;1660
7;2025-11-17;14;1664
7;2025-11-17;15;1798
7;2025-11-17;16;1931
7;2025-11-17;17;2238
7;2025-11-17;18;2368
7;2025-11-17;19;1650
7;2025-11-17;20;1130
7;2025-11-17;21;672
7;2025-11-17;22;308
7;2025-11-17;23;190
7;2025-11-18;0;55
7;2025-11-18;1;4
7;2025-11-18;2;0
7;2025-11-18;3;0
7;2025-11-18;4;6
7;2025-11-18;5;180
7;2025-11-18;6;645
7;2025-11-18;7;1745
7;2025-11-18;8;2451
7;2025-11-18;9;1804
7;2025-11-18;10;1578
7;2025-11-18;11;1586
7;2025-11-18;12;1637
7;2025-11-18;13;1657
7;2025-11-18;14;1672
7;2025-11-18;15;1793
7;2025-11-18;16;1933
7;2025-11-18;17;2231
7;2025-11-18;18;2365
7;2025-11-18;19;1637
7;2025-11-18;20;1111
7;2025-11-18;21;648
7;2025-11-18;22;296
7;2025-11-18;23;179
7;2025-11-19;0;59
7;2025-11-19;1;6
7;2025-11-19;2;2
7;2025-11-19;3;2
7;2025-11-19;4;8
7;2025-11-19;5;182
7;2025-11-19;6;650
7;2025-11-19;7;1730
7;2025-11-19;8;2453
7;2025-11-19;9;1808
7;2025-11-19;10;1572
7;2025-11-19;11;1577
7;2025-11-19;12;1620
7;2025-11-19;13;1655
7;2025-11-19;14;1656
7;2025-11-19;15;1799
7;2025-11-19;16;1931
7;2025-11-19;17;2233
7;2025-11-19;18;2361
7;2025-11-19;19;1644
7;2025-11-19;20;1122
7;2025-11-19;21;674
7;2025-11-19;22;311
7;2025-11-19;23;197
7;2025-11-20;0;60
7;2025-11-20;1;5
7;2025-11-20;2;0
7;2025-11-20;3;1
7;2025-11-20;4;7
7;2025-11-20;5;181
7;2025-11-20;6;653
7;2025-11-20;7;1741
7;2025-11-20;8;2460
7;2025-11-20;9;1808
7;2025-11-20;10;1585
7;2025-11-20;11;1590
7;2025-11-20;12;1644
7;2025-11-20;13;1662
7;2025-11-20;14;1669
7;2025-11-20;15;1803
7;2025-11-20;16;1927
7;2025-11-20;17;2225
7;2025-11-20;18;2348
7;2025-11-20;19;1636
7;2025-11-20;20;1119
7;2025-11-20;21;674
7;2025-11-20;22;319
7;2025-11-20;23;207
7;2025-11-21;0;58
7;2025-11-21;1;6
7;2025-11-21;2;1
7;2025-11-21;3;1
7;2025-11-21;4;7
7;2025-11-21;5;173
7;2025-11-21;6;647
7;2025-11-21;7;1712
7;2025-11-21;8;2431
7;2025-11-21;9;1794
7;2025-11-21;10;1582
7;2025-11-21;11;1597
7;2025-11-21;12;1666
7;2025-11-21;13;1686
7;2025-11-21;14;1700
7;2025-11-21;15;1823
7;2025-11-21;16;1947
7;2025-11-21;17;2113
7;2025-11-21;18;2077
7;2025-11-21;19;1546
7;2025-11-21;20;1065
7;2025-11-21;21;650
7;2025-11-21;22;303
7;2025-11-21;23;213
7;2025-11-22;0;66
7;2025-11-22;1;7
7;2025-11-22;2;0
7;2025-11-22;3;0
7;2025-11-22;4;1
7;2025-11-22;5;79
7;2025-11-22;6;256
7;2025-11-22;7;490
7;2025-11-22;8;750
7;2025-11-22;9;752
7;2025-11-22;10;826
7;2025-11-22;11;846
7;2025-11-22;12;1054
7;2025-11-22;13;928
7;2025-11-22;14;1075
7;2025-11-22;15;1051
7;2025-11-22;16;964
7;2025-11-22;17;959
7;2025-11-22;18;954
7;2025-11-22;19;699
7;2025-11-22;20;508
7;2025-11-22;21;383
7;2025-11-22;22;193
7;2025-11-22;23;125
7;2025-11-23;0;103
7;2025-11-23;1;34
7;2025-11-23;2;24
7;2025-11-23;3;24
7;2025-11-23;4;25
7;2025-11-23;5;61
7;2025-11-23;6;207
7;2025-11-23;7;352
7;2025-11-23;8;584
7;2025-11-23;9;605
7;2025-11-23;10;695
7;2025-11-23;11;744
7;2025-11-23;12;923
7;2025-11-23;13;813
7;2025-11-23;14;949
7;2025-11-23;15;936
7;2025-11-23;16;859
7;2025-11-23;17;844
7;2025-11-23;18;834
7;2025-11-23;19;638
7;2025-11-23;20;476
7;2025-11-23;21;366
7;2025-11-23;22;180
7;2025-11-23;23;101
7;2025-11-24;0;54
7;2025-11-24;1;5
7;2025-11-24;2;0
7;2025-11-24;3;0
7;2025-11-24;4;6
7;2025-11-24;5;193
7;2025-11-24;6;663
7;2025-11-24;7;1762
7;2025-11-24;8;2467
7;2025-11-24;9;1842
7;2025-11-24;10;1587
7;2025-11-24;11;1580
7;2025-11-24;12;1612
7;2025-11-24;13;1658
7;2025-11-24;14;1650
7;2025-11-24;15;1780
7;2025-11-24;16;1932
7;2025-11-24;17;2233
7;2025-11-24;18;2365
7;2025-11-24;19;1653
7;2025-11-24;20;1129
7;2025-11-24;21;660
7;2025-11-24;22;311
7;2025-11-24;23;191
7;2025-11-25;0;57
7;2025-11-25;1;6
7;2025-11-25;2;1
7;2025-11-25;3;1
7;2025-11-25;4;8
7;2025-11-25;5;184
7;2025-11-25;6;666
7;2025-11-25;7;1756
7;2025-11-25;8;2493
7;2025-11-25;9;1824
7;2025-11-25;10;1587
7;2025-11-25;11;1586
7;2025-11-25;12;1644
7;2025-11-25;13;1669
7;2025-11-25;14;1675
7;2025-11-25;15;1809
7;2025-11-25;16;1942
7;2025-11-25;17;2249
7;2025-11-25;18;2384
7;2025-11-25;19;1658
7;2025-11-25;20;1138
7;2025-11-25;21;685
7;2025-11-25;22;328
7;2025-11-25;23;193
7;2025-11-26;0;49
7;2025-11-26;1;5
7;2025-11-26;2;1
7;2025-11-26;3;1
7;2025-11-26;4;7
7;2025-11-26;5;189
7;2025-11-26;6;646
7;2025-11-26;7;1749
7;2025-11-26;8;2469
7;2025-11-26;9;1829
7;2025-11-26;10;1583
7;2025-11-26;11;1588
7;2025-11-26;12;1662
7;2025-11-26;13;1679
7;2025-11-26;14;1699
7;2025-11-26;15;1821
7;2025-11-26;16;1951
7;2025-11-26;17;2245
7;2025-11-26;18;2394
7;2025-11-26;19;1662
7;2025-11-26;20;1137
7;2025-11-26;21;672
7;2025-11-26;22;330
7;2025-11-26;23;203
7;2025-11-27;0;49
7;2025-11-27;1;5
7;2025-11-27;2;0
7;2025-11-27;3;0
7;2025-11-27;4;4
7;2025-11-27;5;180
7;2025-11-27;6;646
7;2025-11-27;7;1754
7;2025-11-27;8;2471
7;2025-11-27;9;1824
7;2025-11-27;10;1567
7;2025-11-27;11;1575
7;2025-11-27;12;1645
7;2025-11-27;13;1670
7;2025-11-27;14;1684
7;2025-11-27;15;1814
7;2025-11-27;16;1939
7;2025-11-27;17;2224
7;2025-11-27;18;2364
7;2025-11-27;19;1633
7;2025-11-27;20;1116
7;2025-11-27;21;647
7;2025-11-27;22;317
7;2025-11-27;23;200
7;2025-11-28;0;47
7;2025-11-28;1;6
7;2025-11-28;2;1
7;2025-11-28;3;1
7;2025-11-28;4;3
7;2025-11-28;5;171
7;2025-11-28;6;642
7;2025-11-28;7;1721
7;2025-11-28;8;2444
7;2025-11-28;9;1800
7;2025-11-28;10;1575
7;2025-11-28;11;1587
7;2025-11-28;12;1661
7;2025-11-28;13;1685
7;2025-11-28;14;1695
7;2025-11-28;15;1820
7;2025-11-28;16;1948
7;2025-11-28;17;2119
7;2025-11-28;18;2083
7;2025-11-28;19;1550
7;2025-11-28;20;1068
7;2025-11-28;21;638
7;2025-11-28;22;310
7;2025-11-28;23;199
7;2025-11-29;0;59
7;2025-11-29;1;8
7;2025-11-29;2;1
7;2025-11-29;3;1
7;2025-11-29;4;2
7;2025-11-29;5;78
7;2025-11-29;6;269
7;2025-11-29;7;503
7;2025-11-29;8;784
7;2025-11-29;9;740
7;2025-11-29;10;812
7;2025-11-29;11;844
7;2025-11-29;12;1029
7;2025-11-29;13;929
7;2025-11-29;14;1051
7;2025-11-29;15;1051
7;2025-11-29;16;973
7;2025-11-29;17;968
7;2025-11-29;18;964
7;2025-11-29;19;719
7;2025-11-29;20;527
7;2025-11-29;21;401
7;2025-11-29;22;203
7;2025-11-29;23;111
7;2025-11-30;0;89
7;2025-11-30;1;30
7;2025-11-30;2;21
7;2025-11-30;3;21
7;2025-11-30;4;22
7;2025-11-30;5;59
7;2025-11-30;6;183
7;2025-11-30;7;342
7;2025-11-30;8;581
7;2025-11-30;9;610
7;2025-11-30;10;693
7;2025-11-30;11;716
7;2025-11-30;12;909
7;2025-11-30;13;799
7;2025-11-30;14;932
7;2025-11-30;15;927
7;2025-11-30;16;839
7;2025-11-30;17;838
7;2025-11-30;18;828
7;2025-11-30;19;621
7;2025-11-30;20;458
7;2025-11-30;21;345
7;2025-11-30;22;182
7;2025-11-30;23;84
7;2025-12-01;0;51
7;2025-12-01;1;9
7;2025-12-01;2;4
7;2025-12-01;3;4
7;2025-12-01;4;9
7;2025-12-01;5;183
7;2025-12-01;6;660
7;2025-12-01;7;1740
7;2025-12-01;8;2477
7;2025-12-01;9;1818
7;2025-12-01;10;1570
7;2025-12-01;11;1571
7;2025-12-01;12;1606
7;2025-12-01;13;1658
7;2025-12-01;14;1641
7;2025-12-01;15;1783
7;2025-12-01;16;1927
7;2025-12-01;17;2236
7;2025-12-01;18;2370
7;2025-12-01;19;1659
7;2025-12-01;20;1135
7;2025-12-01;21;677
7;2025-12-01;22;318
7;2025-12-01;23;185
7;2025-12-02;0;50
7;2025-12-02;1;7
7;2025-12-02;2;2
7;2025-12-02;3;2
7;2025-12-02;4;7
7;2025-12-02;5;187
7;2025-12-02;6;660
7;2025-12-02;7;1748
7;2025-12-02;8;2471
7;2025-12-02;9;1812
7;2025-12-02;10;1564
7;2025-12-02;11;1567
7;2025-12-02;12;1644
7;2025-12-02;13;1663
7;2025-12-02;14;1685
7;2025-12-02;15;1801
7;2025-12-02;16;1934
7;2025-12-02;17;2230
7;2025-12-02;18;2371
7;2025-12-02;19;1652
7;2025-12-02;20;1126
7;2025-12-02;21;675
7;2025-12-02;22;325
7;2025-12-02;23;196
7;2025-12-03;0;49
7;2025-12-03;1;5
7;2025-12-03;2;1
7;2025-12-03;3;1
7;2025-12-03;4;6
7;2025-12-03;5;185
7;2025-12-03;6;662
7;2025-12-03;7;1749
7;2025-12-03;8;2489
7;2025-12-03;9;1833
7;2025-12-03;10;1589
7;2025-12-03;11;1594
7;2025-12-03;12;1659
7;2025-12-03;13;1690
7;2025-12-03;14;1700
7;2025-12-03;15;1835
7;2025-12-03;16;1966
7;2025-12-03;17;2274
7;2025-12-03;18;2422
7;2025-12-03;19;1680
7;2025-12-03;20;1154
7;2025-12-03;21;695
7;2025-12-03;22;341
7;2025-12-03;23;205
7;2025-12-04;0;50
7;2025-12-04;1;6
7;2025-12-04;2;1
7;2025-12-04;3;1
7;2025-12-04;4;6
7;2025-12-04;5;180
7;2025-12-04;6;653
7;2025-12-04;7;1746
7;2025-12-04;8;2492
7;2025-12-04;9;1827
7;2025-12-04;10;1579
7;2025-12-04;11;1581
7;2025-12-04;12;1651
7;2025-12-04;13;1679
7;2025-12-04;14;1692
7;2025-12-04;15;1822
7;2025-12-04;16;1944
7;2025-12-04;17;2250
7;2025-12-04;18;2380
7;2025-12-04;19;1654
7;2025-12-04;20;1136
7;2025-12-04;21;681
7;2025-12-04;22;335
7;2025-12-04;23;205
7;2025-12-05;0;47
7;2025-12-05;1;6
7;2025-12-05;2;1
7;2025-12-05;3;1
7;2025-12-05;4;5
7;2025-12-05;5;173
7;2025-12-05;6;654
7;2025-12-05;7;1725
7;2025-12-05;8;2455
7;2025-12-05;9;1807
7;2025-12-05;10;1580
7;2025-12-05;11;1591
7;2025-12-05;12;1674
7;2025-12-05;13;1696
7;2025-12-05;14;1716
7;2025-12-05;15;1837
7;2025-12-05;16;1968
7;2025-12-05;17;2143
7;2025-12-05;18;2116
7;2025-12-05;19;1574
7;2025-12-05;20;1092
7;2025-12-05;21;668
7;2025-12-05;22;334
7;2025-12-05;23;222
7;2025-12-06;0;56
7;2025-12-06;1;6
7;2025-12-06;2;0
7;2025-12-06;3;0
7;2025-12-06;4;0
7;2025-12-06;5;77
7;2025-12-06;6;263
7;2025-12-06;7;499
7;2025-12-06;8;781
7;2025-12-06;9;755
7;2025-12-06;10;825
7;2025-12-06;11;841
7;2025-12-06;12;1047
7;2025-12-06;13;930
7;2025-12-06;14;1070
7;2025-12-06;15;1061
7;2025-12-06;16;971
7;2025-12-06;17;971
7;2025-12-06;18;966
7;2025-12-06;19;713
7;2025-12-06;20;526
7;2025-12-06;21;395
7;2025-12-06;22;207
7;2025-12-06;23;114
7;2025-12-07;0;91
7;2025-12-07;1;32
7;2025-12-07;2;24
7;2025-12-07;3;24
7;2025-12-07;4;25
7;2025-12-07;5;59
7;2025-12-07;6;202
7;2025-12-07;7;345
7;2025-12-07;8;579
7;2025-12-07;9;591
7;2025-12-07;10;672
7;2025-12-07;11;715
7;2025-12-07;12;894
7;2025-12-07;13;785
7;2025-12-07;14;914
7;2025-12-07;15;909
7;2025-12-07;16;830
7;2025-12-07;17;824
7;2025-12-07;18;810
7;2025-12-07;19;613
7;2025-12-07;20;455
7;2025-12-07;21;354
7;2025-12-07;22;181
7;2025-12-07;23;81
7;2025-12-08;0;51
7;2025-12-08;1;9
7;2025-12-08;2;4
7;2025-12-08;3;4
7;2025-12-08;4;9
7;2025-12-08;5;180
7;2025-12-08;6;657
7;2025-12-08;7;1727
7;2025-12-08;8;2466
7;2025-12-08;9;1805
7;2025-12-08;10;1554
7;2025-12-08;11;1554
7;2025-12-08;12;1592
7;2025-12-08;13;1639
7;2025-12-08;14;1623
7;2025-12-08;15;1769
7;2025-12-08;16;1908
7;2025-12-08;17;2214
7;2025-12-08;18;2347
7;2025-12-08;19;1629
7;2025-12-08;20;1114
7;2025-12-08;21;663
7;2025-12-08;22;307
7;2025-12-08;23;176
7;2025-12-09;0;52
7;2025-12-09;1;8
7;2025-12-09;2;3
7;2025-12-09;3;3
7;2025-12-09;4;8
7;2025-12-09;5;183
7;2025-12-09;6;659
7;2025-12-09;7;1748
7;2025-12-09;8;2483
7;2025-12-09;9;1813
7;2025-12-09;10;1573
7;2025-12-09;11;1575
7;2025-12-09;12;1630
7;2025-12-09;13;1660
7;2025-12-09;14;1667
7;2025-12-09;15;1801
7;2025-12-09;16;1933
7;2025-12-09;17;2239
7;2025-12-09;18;2373
7;2025-12-09;19;1649
7;2025-12-09;20;1132
7;2025-12-09;21;682
7;2025-12-09;22;327
7;2025-12-09;23;191
7;2025-12-10;0;45
7;2025-12-10;1;7
7;2025-12-10;2;3
7;2025-12-10;3;3
7;2025-12-10;4;9
7;2025-12-10;5;180
7;2025-12-10;6;642
7;2025-12-10;7;1708
7;2025-12-10;8;2429
7;2025-12-10;9;1772
7;2025-12-10;10;1527
7;2025-12-10;11;1528
7;2025-12-10;12;1581
7;2025-12-10;13;1610
7;2025-12-10;14;1609
7;2025-12-10;15;1750
7;2025-12-10;16;1883
7;2025-12-10;17;2187
7;2025-12-10;18;2324
7;2025-12-10;19;1599
7;2025-12-10;20;1095
7;2025-12-10;21;654
7;2025-12-10;22;310
7;2025-12-10;23;173
7;2025-12-11;0;43
7;2025-12-11;1;5
7;2025-12-11;2;1
7;2025-12-11;3;1
7;2025-12-11;4;4
7;2025-12-11;5;174
7;2025-12-11;6;624
7;2025-12-11;7;1692
7;2025-12-11;8;2387
7;2025-12-11;9;1744
7;2025-12-11;10;1476
7;2025-12-11;11;1487
7;2025-12-11;12;1559
7;2025-12-11;13;1584
7;2025-12-11;14;1602
7;2025-12-11;15;1729
7;2025-12-11;16;1853
7;2025-12-11;17;2133
7;2025-12-11;18;2272
7;2025-12-11;19;1557
7;2025-12-11;20;1058
7;2025-12-11;21;623
7;2025-12-11;22;304
7;2025-12-11;23;183
7;2025-12-12;0;42
7;2025-12-12;1;7
7;2025-12-12;2;2
7;2025-12-12;3;2
7;2025-12-12;4;7
7;2025-12-12;5;169
7;2025-12-12;6;625
7;2025-12-12;7;1670
7;2025-12-12;8;2378
7;2025-12-12;9;1723
7;2025-12-12;10;1487
7;2025-12-12;11;1502
7;2025-12-12;12;1579
7;2025-12-12;13;1604
7;2025-12-12;14;1622
7;2025-12-12;15;1744
7;2025-12-12;16;1867
7;2025-12-12;17;2038
7;2025-12-12;18;2001
7;2025-12-12;19;1488
7;2025-12-12;20;1024
7;2025-12-12;21;619
7;2025-12-12;22;300
7;2025-12-12;23;186
7;2025-12-13;0;70
7;2025-12-13;1;25
7;2025-12-13;2;19
7;2025-12-13;3;19
7;2025-12-13;4;20
7;2025-12-13;5;91
7;2025-12-13;6;265
7;2025-12-13;7;470
7;2025-12-13;8;732
7;2025-12-13;9;676
7;2025-12-13;10;728
7;2025-12-13;11;764
7;2025-12-13;12;954
7;2025-12-13;13;852
7;2025-12-13;14;982
7;2025-12-13;15;976
7;2025-12-13;16;896
7;2025-12-13;17;891
7;2025-12-13;18;883
7;2025-12-13;19;663
7;2025-12-13;20;493
7;2025-12-13;21;379
7;2025-12-13;22;196
7;2025-12-13;23;110
7;2025-12-14;0;94
7;2025-12-14;1;33
7;2025-12-14;2;24
7;2025-12-14;3;24
7;2025-12-14;4;25
7;2025-12-14;5;59
7;2025-12-14;6;192
7;2025-12-14;7;319
7;2025-12-14;8;524
7;2025-12-14;9;526
7;2025-12-14;10;595
7;2025-12-14;11;640
7;2025-12-14;12;819
7;2025-12-14;13;714
7;2025-12-14;14;847
7;2025-12-14;15;841
7;2025-12-14;16;760
7;2025-12-14;17;755
7;2025-12-14;18;740
7;2025-12-14;19;564
7;2025-12-14;20;426
7;2025-12-14;21;333
7;2025-12-14;22;166
7;2025-12-14;23;76
7;2025-12-15;0;50
7;2025-12-15;1;6
7;2025-12-15;2;2
7;2025-12-15;3;2
7;2025-12-15;4;9
7;2025-12-15;5;178
7;2025-12-15;6;649
7;2025-12-15;7;1697
7;2025-12-15;8;2425
7;2025-12-15;9;1759
7;2025-12-15;10;1499
7;2025-12-15;11;1501
7;2025-12-15;12;1556
7;2025-12-15;13;1590
7;2025-12-15;14;1593
7;2025-12-15;15;1727
7;2025-12-15;16;1863
7;2025-12-15;17;2168
7;2025-12-15;18;2297
7;2025-12-15;19;1596
7;2025-12-15;20;1091
7;2025-12-15;21;651
7;2025-12-15;22;302
7;2025-12-15;23;166
7;2025-12-16;0;44
7;2025-12-16;1;6
7;2025-12-16;2;2
7;2025-12-16;3;2
7;2025-12-16;4;8
7;2025-12-16;5;179
7;2025-12-16;6;650
7;2025-12-16;7;1720
7;2025-12-16;8;2436
7;2025-12-16;9;1770
7;2025-12-16;10;1508
7;2025-12-16;11;1512
7;2025-12-16;12;1574
7;2025-12-16;13;1609
7;2025-12-16;14;1621
7;2025-12-16;15;1758
7;2025-12-16;16;1885
7;2025-12-16;17;2194
7;2025-12-16;18;2336
7;2025-12-16;19;1610
7;2025-12-16;20;1105
7;2025-12-16;21;661
7;2025-12-16;22;316
7;2025-12-16;23;175
7;2025-12-17;0;43
7;2025-12-17;1;6
7;2025-12-17;2;2
7;2025-12-17;3;2
7;2025-12-17;4;7
7;2025-12-17;5;179
7;2025-12-17;6;630
7;2025-12-17;7;1686
7;2025-12-17;8;2385
7;2025-12-17;9;1746
7;2025-12-17;10;1485
7;2025-12-17;11;1493
7;2025-12-17;12;1563
7;2025-12-17;13;1596
7;2025-12-17;14;1606
7;2025-12-17;15;1736
7;2025-12-17;16;1868
7;2025-12-17;17;2157
7;2025-12-17;18;2310
7;2025-12-17;19;1586
7;2025-12-17;20;1077
7;2025-12-17;21;631
7;2025-12-17;22;308
7;2025-12-17;23;179
7;2025-12-18;0;45
7;2025-12-18;1;7
7;2025-12-18;2;3
7;2025-12-18;3;3
7;2025-12-18;4;7
7;2025-12-18;5;175
7;2025-12-18;6;618
7;2025-12-18;7;1676
7;2025-12-18;8;2375
7;2025-12-18;9;1725
7;2025-12-18;10;1465
7;2025-12-18;11;1470
7;2025-12-18;12;1543
7;2025-12-18;13;1565
7;2025-12-18;14;1584
7;2025-12-18;15;1704
7;2025-12-18;16;1829
7;2025-12-18;17;2114
7;2025-12-18;18;2251
7;2025-12-18;19;1550
7;2025-12-18;20;1049
7;2025-12-18;21;611
7;2025-12-18;22;292
7;2025-12-18;23;172
7;2025-12-19;0;42
7;2025-12-19;1;6
7;2025-12-19;2;2
7;2025-12-19;3;2
7;2025-12-19;4;6
7;2025-12-19;5;168
7;2025-12-19;6;627
7;2025-12-19;7;1672
7;2025-12-19;8;2379
7;2025-12-19;9;1724
7;2025-12-19;10;1488
7;2025-12-19;11;1500
7;2025-12-19;12;1579
7;2025-12-19;13;1604
7;2025-12-19;14;1621
7;2025-12-19;15;1745
7;2025-12-19;16;1868
7;2025-12-19;17;2040
7;2025-12-19;18;2008
7;2025-12-19;19;1495
7;2025-12-19;20;1030
7;2025-12-19;21;620
7;2025-12-19;22;302
7;2025-12-19;23;189
7;2025-12-20;0;51
7;2025-12-20;1;7
7;2025-12-20;2;1
7;2025-12-20;3;1
7;2025-12-20;4;2
7;2025-12-20;5;75
7;2025-12-20;6;240
7;2025-12-20;7;443
7;2025-12-20;8;686
7;2025-12-20;9;666
7;2025-12-20;10;727
7;2025-12-20;11;743
7;2025-12-20;12;951
7;2025-12-20;13;830
7;2025-12-20;14;974
7;2025-12-20;15;952
7;2025-12-20;16;863
7;2025-12-20;17;868
7;2025-12-20;18;858
7;2025-12-20;19;621
7;2025-12-20;20;447
7;2025-12-20;21;338
7;2025-12-20;22;174
7;2025-12-20;23;95
7;2025-12-21;0;92
7;2025-12-21;1;31
7;2025-12-21;2;22
7;2025-12-21;3;23
7;2025-12-21;4;24
7;2025-12-21;5;59
7;2025-12-21;6;180
7;2025-12-21;7;309
7;2025-12-21;8;517
7;2025-12-21;9;539
7;2025-12-21;10;608
7;2025-12-21;11;636
7;2025-12-21;12;824
7;2025-12-21;13;711
7;2025-12-21;14;847
7;2025-12-21;15;843
7;2025-12-21;16;754
7;2025-12-21;17;754
7;2025-12-21;18;740
7;2025-12-21;19;542
7;2025-12-21;20;402
7;2025-12-21;21;313
7;2025-12-21;22;161
7;2025-12-21;23;73
7;2025-12-22;0;50
7;2025-12-22;1;6
7;2025-12-22;2;1
7;2025-12-22;3;2
7;2025-12-22;4;10
7;2025-12-22;5;177
7;2025-12-22;6;637
7;2025-12-22;7;1690
7;2025-12-22;8;2411
7;2025-12-22;9;1747
7;2025-12-22;10;1488
7;2025-12-22;11;1491
7;2025-12-22;12;1533
7;2025-12-22;13;1579
7;2025-12-22;14;1570
7;2025-12-22;15;1709
7;2025-12-22;16;1847
7;2025-12-22;17;2149
7;2025-12-22;18;2280
7;2025-12-22;19;1576
7;2025-12-22;20;1072
7;2025-12-22;21;635
7;2025-12-22;22;293
7;2025-12-22;23;156
7;2025-12-23;0;45
7;2025-12-23;1;8
7;2025-12-23;2;4
7;2025-12-23;3;3
7;2025-12-23;4;8
7;2025-12-23;5;175
7;2025-12-23;6;644
7;2025-12-23;7;1704
7;2025-12-23;8;2421
7;2025-12-23;9;1746
7;2025-12-23;10;1487
7;2025-12-23;11;1488
7;2025-12-23;12;1541
7;2025-12-23;13;1580
7;2025-12-23;14;1584
7;2025-12-23;15;1722
7;2025-12-23;16;1860
7;2025-12-23;17;2165
7;2025-12-23;18;2298
7;2025-12-23;19;1601
7;2025-12-23;20;1097
7;2025-12-23;21;659
7;2025-12-23;22;313
7;2025-12-23;23;172
7;2025-12-24;0;45
7;2025-12-24;1;7
7;2025-12-24;2;3
7;2025-12-24;3;3
7;2025-12-24;4;8
7;2025-12-24;5;179
7;2025-12-24;6;637
7;2025-12-24;7;1701
7;2025-12-24;8;2416
7;2025-12-24;9;1760
7;2025-12-24;10;1508
7;2025-12-24;11;1510
7;2025-12-24;12;1561
7;2025-12-24;13;1598
7;2025-12-24;14;1601
7;2025-12-24;15;1740
7;2025-12-24;16;1873
7;2025-12-24;17;2177
7;2025-12-24;18;2309
7;2025-12-24;19;1594
7;2025-12-24;20;1094
7;2025-12-24;21;650
7;2025-12-24;22;311
7;2025-12-24;23;173
7;2025-12-25;0;43
7;2025-12-25;1;5
7;2025-12-25;2;1
7;2025-12-25;3;1
7;2025-12-25;4;6
7;2025-12-25;5;177
7;2025-12-25;6;631
7;2025-12-25;7;1698
7;2025-12-25;8;2411
7;2025-12-25;9;1755
7;2025-12-25;10;1491
7;2025-12-25;11;1500
7;2025-12-25;12;1567
7;2025-12-25;13;1602
7;2025-12-25;14;1611
7;2025-12-25;15;1750
7;2025-12-25;16;1873
7;2025-12-25;17;2172
7;2025-12-25;18;2302
7;2025-12-25;19;1586
7;2025-12-25;20;1086
7;2025-12-25;21;644
7;2025-12-25;22;318
7;2025-12-25;23;185
7;2025-12-26;0;43
7;2025-12-26;1;7
7;2025-12-26;2;2
7;2025-12-26;3;2
7;2025-12-26;4;7
7;2025-12-26;5;170
7;2025-12-26;6;639
7;2025-12-26;7;1682
7;2025-12-26;8;2390
7;2025-12-26;9;1741
7;2025-12-26;10;1501
7;2025-12-26;11;1522
7;2025-12-26;12;1595
7;2025-12-26;13;1630
7;2025-12-26;14;1644
7;2025-12-26;15;1770
7;2025-12-26;16;1895
7;2025-12-26;17;2058
7;2025-12-26;18;2017
7;2025-12-26;19;1498
7;2025-12-26;20;1031
7;2025-12-26;21;628
7;2025-12-26;22;305
7;2025-12-26;23;190
7;2025-12-27;0;51
7;2025-12-27;1;7
7;2025-12-27;2;1
7;2025-12-27;3;1
7;2025-12-27;4;2
7;2025-12-27;5;75
7;2025-12-27;6;252
7;2025-12-27;7;459
7;2025-12-27;8;726
7;2025-12-27;9;672
7;2025-12-27;10;736
7;2025-12-27;11;768
7;2025-12-27;12;960
7;2025-12-27;13;851
7;2025-12-27;14;983
7;2025-12-27;15;975
7;2025-12-27;16;894
7;2025-12-27;17;887
7;2025-12-27;18;875
7;2025-12-27;19;648
7;2025-12-27;20;473
7;2025-12-27;21;367
7;2025-12-27;22;186
7;2025-12-27;23;98
7;2025-12-28;0;93
7;2025-12-28;1;33
7;2025-12-28;2;24
7;2025-12-28;3;24
7;2025-12-28;4;26
7;2025-12-28;5;62
7;2025-12-28;6;184
7;2025-12-28;7;315
7;2025-12-28;8;525
7;2025-12-28;9;528
7;2025-12-28;10;599
7;2025-12-28;11;643
7;2025-12-28;12;826
7;2025-12-28;13;718
7;2025-12-28;14;848
7;2025-12-28;15;843
7;2025-12-28;16;757
7;2025-12-28;17;755
7;2025-12-28;18;740
7;2025-12-28;19;548
7;2025-12-28;20;405
7;2025-12-28;21;314
7;2025-12-28;22;162
7;2025-12-28;23;72
7;2025-12-29;0;53
7;2025-12-29;1;6
7;2025-12-29;2;2
7;2025-12-29;3;2
7;2025-12-29;4;10
7;2025-12-29;5;177
7;2025-12-29;6;646
7;2025-12-29;7;1684
7;2025-12-29;8;2407
7;2025-12-29;9;1758
7;2025-12-29;10;1497
7;2025-12-29;11;1501
7;2025-12-29;12;1559
7;2025-12-29;13;1590
7;2025-12-29;14;1594
7;2025-12-29;15;1730
7;2025-12-29;16;1864
7;2025-12-29;17;2165
7;2025-12-29;18;2289
7;2025-12-29;19;1588
7;2025-12-29;20;1088
7;2025-12-29;21;652
7;2025-12-29;22;306
7;2025-12-29;23;177
7;2025-12-30;0;46
7;2025-12-30;1;8
7;2025-12-30;2;3
7;2025-12-30;3;3
7;2025-12-30;4;8
7;2025-12-30;5;178
7;2025-12-30;6;649
7;2025-12-30;7;1692
7;2025-12-30;8;2397
7;2025-12-30;9;1743
7;2025-12-30;10;1505
7;2025-12-30;11;1508
7;2025-12-30;12;1571
7;2025-12-30;13;1604
7;2025-12-30;14;1613
7;2025-12-30;15;1743
7;2025-12-30;16;1870
7;2025-12-30;17;2174
7;2025-12-30;18;2295
7;2025-12-30;19;1585
7;2025-12-30;20;1084
7;2025-12-30;21;656
7;2025-12-30;22;314
7;2025-12-30;23;185
7;2025-12-31;0;98
7;2025-12-31;1;47
7;2025-12-31;2;41
7;2025-12-31;3;41
7;2025-12-31;4;43
7;2025-12-31;5;87
7;2025-12-31;6;309
7;2025-12-31;7;533
7;2025-12-31;8;780
7;2025-12-31;9;737
7;2025-12-31;10;824
7;2025-12-31;11;859
7;2025-12-31;12;977
7;2025-12-31;13;878
7;2025-12-31;14;988
7;2025-12-31;15;1011
7;2025-12-31;16;928
7;2025-12-31;17;1051
7;2025-12-31;18;1191
7;2025-12-31;19;806
7;2025-12-31;20;610
7;2025-12-31;21;451
7;2025-12-31;22;220
7;2025-12-31;23;110
11;2025-11-01;0;59
11;2025-11-01;1;6
11;2025-11-01;2;2
11;2025-11-01;3;2
11;2025-11-01;4;8
11;2025-11-01;5;236
11;2025-11-01;6;1218
11;2025-11-01;7;1986
11;2025-11-01;8;2914
11;2025-11-01;9;2278
11;2025-11-01;10;1879
11;2025-11-01;11;1856
11;2025-11-01;12;1885
11;2025-11-01;13;1925
11;2025-11-01;14;1932
11;2025-11-01;15;2044
11;2025-11-01;16;2329
11;2025-11-01;17;2546
11;2025-11-01;18;2470
11;2025-11-01;19;1953
11;2025-11-01;20;1206
11;2025-11-01;21;751
11;2025-11-01;22;411
11;2025-11-01;23;303
11;2025-11-02;0;81
11;2025-11-02;1;7
11;2025-11-02;2;0
11;2025-11-02;3;0
11;2025-11-02;4;2
11;2025-11-02;5;79
11;2025-11-02;6;428
11;2025-11-02;7;621
11;2025-11-02;8;893
11;2025-11-02;9;1095
11;2025-11-02;10;1361
11;2025-11-02;11;1477
11;2025-11-02;12;1533
11;2025-11-02;13;1567
11;2025-11-02;14;1567
11;2025-11-02;15;1601
11;2025-11-02;16;1675
11;2025-11-02;17;1643
11;2025-11-02;18;1573
11;2025-11-02;19;1274
11;2025-11-02;20;804
11;2025-11-02;21;565
11;2025-11-02;22;348
11;2025-11-02;23;248
11;2025-11-03;0;94
11;2025-11-03;1;21
11;2025-11-03;2;14
11;2025-11-03;3;14
11;2025-11-03;4;19
11;2025-11-03;5;104
11;2025-11-03;6;517
11;2025-11-03;7;802
11;2025-11-03;8;1210
11;2025-11-03;9;1212
11;2025-11-03;10;1400
11;2025-11-03;11;1452
11;2025-11-03;12;1502
11;2025-11-03;13;1536
11;2025-11-03;14;1534
11;2025-11-03;15;1592
11;2025-11-03;16;1693
11;2025-11-03;17;1903
11;2025-11-03;18;1963
11;2025-11-03;19;1434
11;2025-11-03;20;918
11;2025-11-03;21;596
11;2025-11-03;22;364
11;2025-11-03;23;256
11;2025-11-04;0;94
11;2025-11-04;1;22
11;2025-11-04;2;18
11;2025-11-04;3;17
11;2025-11-04;4;23
11;2025-11-04;5;106
11;2025-11-04;6;508
11;2025-11-04;7;778
11;2025-11-04;8;1125
11;2025-11-04;9;1148
11;2025-11-04;10;1335
11;2025-11-04;11;1402
11;2025-11-04;12;1455
11;2025-11-04;13;1494
11;2025-11-04;14;1493
11;2025-11-04;15;1554
11;2025-11-04;16;1648
11;2025-11-04;17;1862
11;2025-11-04;18;1925
11;2025-11-04;19;1409
11;2025-11-04;20;888
11;2025-11-04;21;593
11;2025-11-04;22;368
11;2025-11-04;23;261
11;2025-11-05;0;55
11;2025-11-05;1;2
11;2025-11-05;2;0
11;2025-11-05;3;0
11;2025-11-05;4;5
11;2025-11-05;5;234
11;2025-11-05;6;1343
11;2025-11-05;7;2169
11;2025-11-05;8;3170
11;2025-11-05;9;2428
11;2025-11-05;10;1946
11;2025-11-05;11;1866
11;2025-11-05;12;1884
11;2025-11-05;13;1928
11;2025-11-05;14;1934
11;2025-11-05;15;2078
11;2025-11-05;16;2375
11;2025-11-05;17;2837
11;2025-11-05;18;2938
11;2025-11-05;19;2191
11;2025-11-05;20;1395
11;2025-11-05;21;827
11;2025-11-05;22;371
11;2025-11-05;23;245
11;2025-11-06;0;53
11;2025-11-06;1;1
11;2025-11-06;2;0
11;2025-11-06;3;0
11;2025-11-06;4;6
11;2025-11-06;5;238
11;2025-11-06;6;1342
11;2025-11-06;7;2164
11;2025-11-06;8;3203
11;2025-11-06;9;2430
11;2025-11-06;10;1940
11;2025-11-06;11;1864
11;2025-11-06;12;1889
11;2025-11-06;13;1926
11;2025-11-06;14;1932
11;2025-11-06;15;2072
11;2025-11-06;16;2361
11;2025-11-06;17;2825
11;2025-11-06;18;2898
11;2025-11-06;19;2170
11;2025-11-06;20;1381
11;2025-11-06;21;830
11;2025-11-06;22;386
11;2025-11-06;23;262
11;2025-11-07;0;53
11;2025-11-07;1;1
11;2025-11-07;2;0
11;2025-11-07;3;0
11;2025-11-07;4;6
11;2025-11-07;5;239
11;2025-11-07;6;1343
11;2025-11-07;7;2160
11;2025-11-07;8;3154
11;2025-11-07;9;2396
11;2025-11-07;10;1921
11;2025-11-07;11;1911
11;2025-11-07;12;1946
11;2025-11-07;13;1996
11;2025-11-07;14;2003
11;2025-11-07;15;2142
11;2025-11-07;16;2426
11;2025-11-07;17;2667
11;2025-11-07;18;2584
11;2025-11-07;19;2075
11;2025-11-07;20;1335
11;2025-11-07;21;863
11;2025-11-07;22;406
11;2025-11-07;23;291
11;2025-11-08;0;71
11;2025-11-08;1;6
11;2025-11-08;2;1
11;2025-11-08;3;1
11;2025-11-08;4;7
11;2025-11-08;5;135
11;2025-11-08;6;572
11;2025-11-08;7;810
11;2025-11-08;8;1103
11;2025-11-08;9;1198
11;2025-11-08;10;1444
11;2025-11-08;11;1552
11;2025-11-08;12;1600
11;2025-11-08;13;1634
11;2025-11-08;14;1634
11;2025-11-08;15;1675
11;2025-11-08;16;1743
11;2025-11-08;17;1731
11;2025-11-08;18;1665
11;2025-11-08;19;1387
11;2025-11-08;20;895
11;2025-11-08;21;627
11;2025-11-08;22;399
11;2025-11-08;23;284
11;2025-11-09;0;83
11;2025-11-09;1;8
11;2025-11-09;2;1
11;2025-11-09;3;0
11;2025-11-09;4;6
11;2025-11-09;5;80
11;2025-11-09;6;410
11;2025-11-09;7;610
11;2025-11-09;8;826
11;2025-11-09;9;1023
11;2025-11-09;10;1276
11;2025-11-09;11;1394
11;2025-11-09;12;1454
11;2025-11-09;13;1485
11;2025-11-09;14;1485
11;2025-11-09;15;1523
11;2025-11-09;16;1601
11;2025-11-09;17;1587
11;2025-11-09;18;1511
11;2025-11-09;19;1218
11;2025-11-09;20;761
11;2025-11-09;21;523
11;2025-11-09;22;326
11;2025-11-09;23;228
11;2025-11-10;0;54
11;2025-11-10;1;2
11;2025-11-10;2;0
11;2025-11-10;3;0
11;2025-11-10;4;7
11;2025-11-10;5;244
11;2025-11-10;6;1373
11;2025-11-10;7;2210
11;2025-11-10;8;3235
11;2025-11-10;9;2463
11;2025-11-10;10;1993
11;2025-11-10;11;1906
11;2025-11-10;12;1924
11;2025-11-10;13;1953
11;2025-11-10;14;1959
11;2025-11-10;15;2098
11;2025-11-10;16;2398
11;2025-11-10;17;2854
11;2025-11-10;18;2958
11;2025-11-10;19;2204
11;2025-11-10;20;1412
11;2025-11-10;21;829
11;2025-11-10;22;375
11;2025-11-10;23;246
11;2025-11-11;0;52
11;2025-11-11;1;1
11;2025-11-11;2;0
11;2025-11-11;3;0
11;2025-11-11;4;6
11;2025-11-11;5;242
11;2025-11-11;6;1355
11;2025-11-11;7;2216
11;2025-11-11;8;3317
11;2025-11-11;9;2549
11;2025-11-11;10;2045
11;2025-11-11;11;1949
11;2025-11-11;12;1971
11;2025-11-11;13;2007
11;2025-11-11;14;2013
11;2025-11-11;15;2155
11;2025-11-11;16;2447
11;2025-11-11;17;2925
11;2025-11-11;18;3030
11;2025-11-11;19;2269
11;2025-11-11;20;1456
11;2025-11-11;21;853
11;2025-11-11;22;398
11;2025-11-11;23;266
11;2025-11-12;0;53
11;2025-11-12;1;1
11;2025-11-12;2;0
11;2025-11-12;3;0
11;2025-11-12;4;5
11;2025-11-12;5;240
11;2025-11-12;6;1349
11;2025-11-12;7;2214
11;2025-11-12;8;3285
11;2025-11-12;9;2497
11;2025-11-12;10;1992
11;2025-11-12;11;1906
11;2025-11-12;12;1927
11;2025-11-12;13;1970
11;2025-11-12;14;1976
11;2025-11-12;15;2118
11;2025-11-12;16;2410
11;2025-11-12;17;2879
11;2025-11-12;18;2992
11;2025-11-12;19;2223
11;2025-11-12;20;1421
11;2025-11-12;21;837
11;2025-11-12;22;379
11;2025-11-12;23;248
11;2025-11-13;0;53
11;2025-11-13;1;1
11;2025-11-13;2;0
11;2025-11-13;3;0
11;2025-11-13;4;5
11;2025-11-13;5;238
11;2025-11-13;6;1306
11;2025-11-13;7;2178
11;2025-11-13;8;3251
11;2025-11-13;9;2488
11;2025-11-13;10;1988
11;2025-11-13;11;1903
11;2025-11-13;12;1926
11;2025-11-13;13;1964
11;2025-11-13;14;1970
11;2025-11-13;15;2108
11;2025-11-13;16;2408
11;2025-11-13;17;2859
11;2025-11-13;18;2964
11;2025-11-13;19;2208
11;2025-11-13;20;1408
11;2025-11-13;21;815
11;2025-11-13;22;379
11;2025-11-13;23;267
11;2025-11-14;0;54
11;2025-11-14;1;1
11;2025-11-14;2;0
11;2025-11-14;3;0
11;2025-11-14;4;6
11;2025-11-14;5;238
11;2025-11-14;6;1343
11;2025-11-14;7;2180
11;2025-11-14;8;3203
11;2025-11-14;9;2441
11;2025-11-14;10;1956
11;2025-11-14;11;1931
11;2025-11-14;12;1967
11;2025-11-14;13;2020
11;2025-11-14;14;2028
11;2025-11-14;15;2167
11;2025-11-14;16;2459
11;2025-11-14;17;2700
11;2025-11-14;18;2617
11;2025-11-14;19;2075
11;2025-11-14;20;1340
11;2025-11-14;21;844
11;2025-11-14;22;402
11;2025-11-14;23;293
11;2025-11-15;0;88
11;2025-11-15;1;23
11;2025-11-15;2;18
11;2025-11-15;3;18
11;2025-11-15;4;22
11;2025-11-15;5;171
11;2025-11-15;6;566
11;2025-11-15;7;831
11;2025-11-15;8;1161
11;2025-11-15;9;1259
11;2025-11-15;10;1496
11;2025-11-15;11;1588
11;2025-11-15;12;1626
11;2025-11-15;13;1664
11;2025-11-15;14;1664
11;2025-11-15;15;1704
11;2025-11-15;16;1785
11;2025-11-15;17;1768
11;2025-11-15;18;1698
11;2025-11-15;19;1377
11;2025-11-15;20;897
11;2025-11-15;21;582
11;2025-11-15;22;394
11;2025-11-15;23;279
11;2025-11-16;0;95
11;2025-11-16;1;20
11;2025-11-16;2;10
11;2025-11-16;3;10
11;2025-11-16;4;15
11;2025-11-16;5;94
11;2025-11-16;6;400
11;2025-11-16;7;585
11;2025-11-16;8;825
11;2025-11-16;9;1027
11;2025-11-16;10;1287
11;2025-11-16;11;1407
11;2025-11-16;12;1459
11;2025-11-16;13;1492
11;2025-11-16;14;1492
11;2025-11-16;15;1527
11;2025-11-16;16;1602
11;2025-11-16;17;1574
11;2025-11-16;18;1505
11;2025-11-16;19;1202
11;2025-11-16;20;746
11;2025-11-16;21;504
11;2025-11-16;22;325
11;2025-11-16;23;228
11;2025-11-17;0;54
11;2025-11-17;1;2
11;2025-11-17;2;0
11;2025-11-17;3;0
11;2025-11-17;4;7
11;2025-11-17;5;246
11;2025-11-17;6;1382
11;2025-11-17;7;2221
11;2025-11-17;8;3258
11;2025-11-17;9;2495
11;2025-11-17;10;2023
11;2025-11-17;11;1943
11;2025-11-17;12;1954
11;2025-11-17;13;2000
11;2025-11-17;14;2007
11;2025-11-17;15;2145
11;2025-11-17;16;2436
11;2025-11-17;17;2877
11;2025-11-17;18;2967
11;2025-11-17;19;2211
11;2025-11-17;20;1420
11;2025-11-17;21;831
11;2025-11-17;22;377
11;2025-11-17;23;247
11;2025-11-18;0;54
11;2025-11-18;1;2
11;2025-11-18;2;0
11;2025-11-18;3;0
11;2025-11-18;4;6
11;2025-11-18;5;239
11;2025-11-18;6;1301
11;2025-11-18;7;2172
11;2025-11-18;8;3247
11;2025-11-18;9;2484
11;2025-11-18;10;2002
11;2025-11-18;11;1915
11;2025-11-18;12;1931
11;2025-11-18;13;1969
11;2025-11-18;14;1976
11;2025-11-18;15;2112
11;2025-11-18;16;2403
11;2025-11-18;17;2857
11;2025-11-18;18;2952
11;2025-11-18;19;2189
11;2025-11-18;20;1389
11;2025-11-18;21;801
11;2025-11-18;22;364
11;2025-11-18;23;239
11;2025-11-19;0;51
11;2025-11-19;1;0
11;2025-11-19;2;0
11;2025-11-19;3;0
11;2025-11-19;4;4
11;2025-11-19;5;238
11;2025-11-19;6;1351
11;2025-11-19;7;2195
11;2025-11-19;8;3256
11;2025-11-19;9;2476
11;2025-11-19;10;1989
11;2025-11-19;11;1900
11;2025-11-19;12;1911
11;2025-11-19;13;1951
11;2025-11-19;14;1958
11;2025-11-19;15;2101
11;2025-11-19;16;2396
11;2025-11-19;17;2851
11;2025-11-19;18;2941
11;2025-11-19;19;2192
11;2025-11-19;20;1398
11;2025-11-19;21;828
11;2025-11-19;22;374
11;2025-11-19;23;244
11;2025-11-20;0;54
11;2025-11-20;1;2
11;2025-11-20;2;0
11;2025-11-20;3;0
11;2025-11-20;4;6
11;2025-11-20;5;240
11;2025-11-20;6;1362
11;2025-11-20;7;2206
11;2025-11-20;8;3294
11;2025-11-20;9;2519
11;2025-11-20;10;2038
11;2025-11-20;11;1951
11;2025-11-20;12;1963
11;2025-11-20;13;1992
11;2025-11-20;14;1999
11;2025-11-20;15;2139
11;2025-11-20;16;2430
11;2025-11-20;17;2879
11;2025-11-20;18;2963
11;2025-11-20;19;2223
11;2025-11-20;20;1426
11;2025-11-20;21;849
11;2025-11-20;22;387
11;2025-11-20;23;260
11;2025-11-21;0;54
11;2025-11-21;1;2
11;2025-11-21;2;0
11;2025-11-21;3;0
11;2025-11-21;4;6
11;2025-11-21;5;241
11;2025-11-21;6;1363
11;2025-11-21;7;2190
11;2025-11-21;8;3234
11;2025-11-21;9;2469
11;2025-11-21;10;2020
11;2025-11-21;11;1993
11;2025-11-21;12;2017
11;2025-11-21;13;2049
11;2025-11-21;14;2056
11;2025-11-21;15;2194
11;2025-11-21;16;2477
11;2025-11-21;17;2706
11;2025-11-21;18;2628
11;2025-11-21;19;2083
11;2025-11-21;20;1350
11;2025-11-21;21;851
11;2025-11-21;22;398
11;2025-11-21;23;288
11;2025-11-22;0;71
11;2025-11-22;1;6
11;2025-11-22;2;1
11;2025-11-22;3;1
11;2025-11-22;4;8
11;2025-11-22;5;143
11;2025-11-22;6;562
11;2025-11-22;7;822
11;2025-11-22;8;1204
11;2025-11-22;9;1365
11;2025-11-22;10;1557
11;2025-11-22;11;1637
11;2025-11-22;12;1680
11;2025-11-22;13;1718
11;2025-11-22;14;1718
11;2025-11-22;15;1756
11;2025-11-22;16;1832
11;2025-11-22;17;1815
11;2025-11-22;18;1753
11;2025-11-22;19;1461
11;2025-11-22;20;954
11;2025-11-22;21;627
11;2025-11-22;22;391
11;2025-11-22;23;281
11;2025-11-23;0;83
11;2025-11-23;1;8
11;2025-11-23;2;0
11;2025-11-23;3;0
11;2025-11-23;4;3
11;2025-11-23;5;81
11;2025-11-23;6;426
11;2025-11-23;7;612
11;2025-11-23;8;852
11;2025-11-23;9;1064
11;2025-11-23;10;1322
11;2025-11-23;11;1451
11;2025-11-23;12;1508
11;2025-11-23;13;1550
11;2025-11-23;14;1550
11;2025-11-23;15;1585
11;2025-11-23;16;1663
11;2025-11-23;17;1630
11;2025-11-23;18;1565
11;2025-11-23;19;1277
11;2025-11-23;20;807
11;2025-11-23;21;558
11;2025-11-23;22;338
11;2025-11-23;23;238
11;2025-11-24;0;55
11;2025-11-24;1;2
11;2025-11-24;2;0
11;2025-11-24;3;0
11;2025-11-24;4;5
11;2025-11-24;5;257
11;2025-11-24;6;1344
11;2025-11-24;7;2200
11;2025-11-24;8;3221
11;2025-11-24;9;2448
11;2025-11-24;10;1970
11;2025-11-24;11;1877
11;2025-11-24;12;1896
11;2025-11-24;13;1944
11;2025-11-24;14;1951
11;2025-11-24;15;2102
11;2025-11-24;16;2403
11;2025-11-24;17;2848
11;2025-11-24;18;2950
11;2025-11-24;19;2198
11;2025-11-24;20;1415
11;2025-11-24;21;803
11;2025-11-24;22;375
11;2025-11-24;23;246
11;2025-11-25;0;52
11;2025-11-25;1;1
11;2025-11-25;2;0
11;2025-11-25;3;0
11;2025-11-25;4;6
11;2025-11-25;5;241
11;2025-11-25;6;1371
11;2025-11-25;7;2223
11;2025-11-25;8;3318
11;2025-11-25;9;2519
11;2025-11-25;10;2016
11;2025-11-25;11;1922
11;2025-11-25;12;1942
11;2025-11-25;13;1977
11;2025-11-25;14;1983
11;2025-11-25;15;2125
11;2025-11-25;16;2422
11;2025-11-25;17;2893
11;2025-11-25;18;2995
11;2025-11-25;19;2244
11;2025-11-25;20;1443
11;2025-11-25;21;848
11;2025-11-25;22;382
11;2025-11-25;23;249
11;2025-11-26;0;53
11;2025-11-26;1;1
11;2025-11-26;2;0
11;2025-11-26;3;0
11;2025-11-26;4;6
11;2025-11-26;5;246
11;2025-11-26;6;1334
11;2025-11-26;7;2201
11;2025-11-26;8;3285
11;2025-11-26;9;2515
11;2025-11-26;10;2018
11;2025-11-26;11;1928
11;2025-11-26;12;1948
11;2025-11-26;13;1986
11;2025-11-26;14;1991
11;2025-11-26;15;2132
11;2025-11-26;16;2425
11;2025-11-26;17;2886
11;2025-11-26;18;2998
11;2025-11-26;19;2246
11;2025-11-26;20;1431
11;2025-11-26;21;822
11;2025-11-26;22;383
11;2025-11-26;23;257
11;2025-11-27;0;54
11;2025-11-27;1;1
11;2025-11-27;2;0
11;2025-11-27;3;0
11;2025-11-27;4;4
11;2025-11-27;5;240
11;2025-11-27;6;1330
11;2025-11-27;7;2206
11;2025-11-27;8;3275
11;2025-11-27;9;2495
11;2025-11-27;10;1991
11;2025-11-27;11;1911
11;2025-11-27;12;1934
11;2025-11-27;13;1979
11;2025-11-27;14;1985
11;2025-11-27;15;2125
11;2025-11-27;16;2417
11;2025-11-27;17;2868
11;2025-11-27;18;2970
11;2025-11-27;19;2219
11;2025-11-27;20;1416
11;2025-11-27;21;812
11;2025-11-27;22;379
11;2025-11-27;23;265
11;2025-11-28;0;54
11;2025-11-28;1;2
11;2025-11-28;2;0
11;2025-11-28;3;0
11;2025-11-28;4;3
11;2025-11-28;5;238
11;2025-11-28;6;1338
11;2025-11-28;7;2183
11;2025-11-28;8;3218
11;2025-11-28;9;2462
11;2025-11-28;10;1985
11;2025-11-28;11;1953
11;2025-11-28;12;1981
11;2025-11-28;13;2020
11;2025-11-28;14;2027
11;2025-11-28;15;2166
11;2025-11-28;16;2457
11;2025-11-28;17;2697
11;2025-11-28;18;2625
11;2025-11-28;19;2069
11;2025-11-28;20;1333
11;2025-11-28;21;821
11;2025-11-28;22;387
11;2025-11-28;23;278
11;2025-11-29;0;71
11;2025-11-29;1;6
11;2025-11-29;2;1
11;2025-11-29;3;1
11;2025-11-29;4;7
11;2025-11-29;5;142
11;2025-11-29;6;579
11;2025-11-29;7;846
11;2025-11-29;8;1174
11;2025-11-29;9;1293
11;2025-11-29;10;1499
11;2025-11-29;11;1586
11;2025-11-29;12;1631
11;2025-11-29;13;1670
11;2025-11-29;14;1670
11;2025-11-29;15;1712
11;2025-11-29;16;1792
11;2025-11-29;17;1783
11;2025-11-29;18;1725
11;2025-11-29;19;1413
11;2025-11-29;20;923
11;2025-11-29;21;613
11;2025-11-29;22;398
11;2025-11-29;23;282
11;2025-11-30;0;82
11;2025-11-30;1;7
11;2025-11-30;2;0
11;2025-11-30;3;0
11;2025-11-30;4;2
11;2025-11-30;5;83
11;2025-11-30;6;411
11;2025-11-30;7;606
11;2025-11-30;8;863
11;2025-11-30;9;1097
11;2025-11-30;10;1320
11;2025-11-30;11;1419
11;2025-11-30;12;1478
11;2025-11-30;13;1523
11;2025-11-30;14;1522
11;2025-11-30;15;1558
11;2025-11-30;16;1630
11;2025-11-30;17;1624
11;2025-11-30;18;1558
11;2025-11-30;19;1290
11;2025-11-30;20;808
11;2025-11-30;21;543
11;2025-11-30;22;342
11;2025-11-30;23;245
11;2025-12-01;0;54
11;2025-12-01;1;2
11;2025-12-01;2;0
11;2025-12-01;3;0
11;2025-12-01;4;6
11;2025-12-01;5;245
11;2025-12-01;6;1363
11;2025-12-01;7;2214
11;2025-12-01;8;3247
11;2025-12-01;9;2464
11;2025-12-01;10;1976
11;2025-12-01;11;1890
11;2025-12-01;12;1907
11;2025-12-01;13;1948
11;2025-12-01;14;1954
11;2025-12-01;15;2093
11;2025-12-01;16;2393
11;2025-12-01;17;2849
11;2025-12-01;18;2953
11;2025-12-01;19;2202
11;2025-12-01;20;1420
11;2025-12-01;21;838
11;2025-12-01;22;376
11;2025-12-01;23;245
11;2025-12-02;0;52
11;2025-12-02;1;2
11;2025-12-02;2;0
11;2025-12-02;3;0
11;2025-12-02;4;7
11;2025-12-02;5;245
11;2025-12-02;6;1337
11;2025-12-02;7;2210
11;2025-12-02;8;3295
11;2025-12-02;9;2514
11;2025-12-02;10;2015
11;2025-12-02;11;1919
11;2025-12-02;12;1941
11;2025-12-02;13;1984
11;2025-12-02;14;1990
11;2025-12-02;15;2128
11;2025-12-02;16;2421
11;2025-12-02;17;2887
11;2025-12-02;18;2993
11;2025-12-02;19;2255
11;2025-12-02;20;1439
11;2025-12-02;21;833
11;2025-12-02;22;384
11;2025-12-02;23;256
11;2025-12-03;0;53
11;2025-12-03;1;1
11;2025-12-03;2;0
11;2025-12-03;3;0
11;2025-12-03;4;5
11;2025-12-03;5;243
11;2025-12-03;6;1356
11;2025-12-03;7;2217
11;2025-12-03;8;3303
11;2025-12-03;9;2523
11;2025-12-03;10;2021
11;2025-12-03;11;1932
11;2025-12-03;12;1954
11;2025-12-03;13;1996
11;2025-12-03;14;2003
11;2025-12-03;15;2145
11;2025-12-03;16;2438
11;2025-12-03;17;2916
11;2025-12-03;18;3030
11;2025-12-03;19;2269
11;2025-12-03;20;1455
11;2025-12-03;21;863
11;2025-12-03;22;395
11;2025-12-03;23;260
11;2025-12-04;0;53
11;2025-12-04;1;1
11;2025-12-04;2;0
11;2025-12-04;3;0
11;2025-12-04;4;5
11;2025-12-04;5;239
11;2025-12-04;6;1353
11;2025-12-04;7;2216
11;2025-12-04;8;3308
11;2025-12-04;9;2529
11;2025-12-04;10;2017
11;2025-12-04;11;1927
11;2025-12-04;12;1950
11;2025-12-04;13;1992
11;2025-12-04;14;1999
11;2025-12-04;15;2141
11;2025-12-04;16;2422
11;2025-12-04;17;2888
11;2025-12-04;18;2984
11;2025-12-04;19;2250
11;2025-12-04;20;1440
11;2025-12-04;21;853
11;2025-12-04;22;400
11;2025-12-04;23;271
11;2025-12-05;0;54
11;2025-12-05;1;2
11;2025-12-05;2;0
11;2025-12-05;3;0
11;2025-12-05;4;6
11;2025-12-05;5;241
11;2025-12-05;6;1364
11;2025-12-05;7;2205
11;2025-12-05;8;3247
11;2025-12-05;9;2479
11;2025-12-05;10;1996
11;2025-12-05;11;1964
11;2025-12-05;12;1997
11;2025-12-05;13;2046
11;2025-12-05;14;2053
11;2025-12-05;15;2194
11;2025-12-05;16;2490
11;2025-12-05;17;2738
11;2025-12-05;18;2675
11;2025-12-05;19;2128
11;2025-12-05;20;1381
11;2025-12-05;21;866
11;2025-12-05;22;413
11;2025-12-05;23;301
11;2025-12-06;0;71
11;2025-12-06;1;6
11;2025-12-06;2;1
11;2025-12-06;3;1
11;2025-12-06;4;7
11;2025-12-06;5;143
11;2025-12-06;6;575
11;2025-12-06;7;842
11;2025-12-06;8;1181
11;2025-12-06;9;1333
11;2025-12-06;10;1541
11;2025-12-06;11;1618
11;2025-12-06;12;1665
11;2025-12-06;13;1706
11;2025-12-06;14;1705
11;2025-12-06;15;1747
11;2025-12-06;16;1826
11;2025-12-06;17;1823
11;2025-12-06;18;1763
11;2025-12-06;19;1458
11;2025-12-06;20;955
11;2025-12-06;21;632
11;2025-12-06;22;406
11;2025-12-06;23;289
11;2025-12-07;0;83
11;2025-12-07;1;8
11;2025-12-07;2;0
11;2025-12-07;3;0
11;2025-12-07;4;3
11;2025-12-07;5;81
11;2025-12-07;6;418
11;2025-12-07;7;612
11;2025-12-07;8;849
11;2025-12-07;9;1045
11;2025-12-07;10;1290
11;2025-12-07;11;1413
11;2025-12-07;12;1473
11;2025-12-07;13;1505
11;2025-12-07;14;1504
11;2025-12-07;15;1540
11;2025-12-07;16;1619
11;2025-12-07;17;1602
11;2025-12-07;18;1538
11;2025-12-07;19;1237
11;2025-12-07;20;778
11;2025-12-07;21;517
11;2025-12-07;22;330
11;2025-12-07;23;232
11;2025-12-08;0;54
11;2025-12-08;1;2
11;2025-12-08;2;0
11;2025-12-08;3;0
11;2025-12-08;4;6
11;2025-12-08;5;242
11;2025-12-08;6;1367
11;2025-12-08;7;2207
11;2025-12-08;8;3240
11;2025-12-08;9;2458
11;2025-12-08;10;1981
11;2025-12-08;11;1895
11;2025-12-08;12;1913
11;2025-12-08;13;1943
11;2025-12-08;14;1949
11;2025-12-08;15;2088
11;2025-12-08;16;2386
11;2025-12-08;17;2837
11;2025-12-08;18;2941
11;2025-12-08;19;2186
11;2025-12-08;20;1404
11;2025-12-08;21;822
11;2025-12-08;22;369
11;2025-12-08;23;240
11;2025-12-09;0;52
11;2025-12-09;1;1
11;2025-12-09;2;0
11;2025-12-09;3;0
11;2025-12-09;4;6
11;2025-12-09;5;240
11;2025-12-09;6;1363
11;2025-12-09;7;2217
11;2025-12-09;8;3303
11;2025-12-09;9;2502
11;2025-12-09;10;1995
11;2025-12-09;11;1905
11;2025-12-09;12;1928
11;2025-12-09;13;1970
11;2025-12-09;14;1976
11;2025-12-09;15;2119
11;2025-12-09;16;2416
11;2025-12-09;17;2884
11;2025-12-09;18;2987
11;2025-12-09;19;2238
11;2025-12-09;20;1435
11;2025-12-09;21;843
11;2025-12-09;22;382
11;2025-12-09;23;249
11;2025-12-10;0;52
11;2025-12-10;1;1
11;2025-12-10;2;0
11;2025-12-10;3;0
11;2025-12-10;4;5
11;2025-12-10;5;240
11;2025-12-10;6;1342
11;2025-12-10;7;2207
11;2025-12-10;8;3279
11;2025-12-10;9;2482
11;2025-12-10;10;1988
11;2025-12-10;11;1901
11;2025-12-10;12;1922
11;2025-12-10;13;1952
11;2025-12-10;14;1958
11;2025-12-10;15;2099
11;2025-12-10;16;2389
11;2025-12-10;17;2854
11;2025-12-10;18;2958
11;2025-12-10;19;2198
11;2025-12-10;20;1397
11;2025-12-10;21;819
11;2025-12-10;22;380
11;2025-12-10;23;249
11;2025-12-11;0;54
11;2025-12-11;1;1
11;2025-12-11;2;0
11;2025-12-11;3;0
11;2025-12-11;4;4
11;2025-12-11;5;238
11;2025-12-11;6;1303
11;2025-12-11;7;2180
11;2025-12-11;8;3248
11;2025-12-11;9;2467
11;2025-12-11;10;1959
11;2025-12-11;11;1881
11;2025-12-11;12;1908
11;2025-12-11;13;1958
11;2025-12-11;14;1964
11;2025-12-11;15;2104
11;2025-12-11;16;2396
11;2025-12-11;17;2842
11;2025-12-11;18;2945
11;2025-12-11;19;2197
11;2025-12-11;20;1392
11;2025-12-11;21;792
11;2025-12-11;22;382
11;2025-12-11;23;268
11;2025-12-12;0;54
11;2025-12-12;1;1
11;2025-12-12;2;0
11;2025-12-12;3;0
11;2025-12-12;4;6
11;2025-12-12;5;241
11;2025-12-12;6;1341
11;2025-12-12;7;2185
11;2025-12-12;8;3219
11;2025-12-12;9;2425
11;2025-12-12;10;1941
11;2025-12-12;11;1913
11;2025-12-12;12;1948
11;2025-12-12;13;1997
11;2025-12-12;14;2004
11;2025-12-12;15;2143
11;2025-12-12;16;2439
11;2025-12-12;17;2678
11;2025-12-12;18;2607
11;2025-12-12;19;2065
11;2025-12-12;20;1332
11;2025-12-12;21;820
11;2025-12-12;22;390
11;2025-12-12;23;281
11;2025-12-13;0;88
11;2025-12-13;1;22
11;2025-12-13;2;17
11;2025-12-13;3;17
11;2025-12-13;4;23
11;2025-12-13;5;156
11;2025-12-13;6;557
11;2025-12-13;7;813
11;2025-12-13;8;1146
11;2025-12-13;9;1238
11;2025-12-13;10;1439
11;2025-12-13;11;1527
11;2025-12-13;12;1577
11;2025-12-13;13;1623
11;2025-12-13;14;1623
11;2025-12-13;15;1666
11;2025-12-13;16;1749
11;2025-12-13;17;1741
11;2025-12-13;18;1680
11;2025-12-13;19;1377
11;2025-12-13;20;894
11;2025-12-13;21;585
11;2025-12-13;22;396
11;2025-12-13;23;277
11;2025-12-14;0;82
11;2025-12-14;1;7
11;2025-12-14;2;0
11;2025-12-14;3;0
11;2025-12-14;4;2
11;2025-12-14;5;79
11;2025-12-14;6;407
11;2025-12-14;7;599
11;2025-12-14;8;832
11;2025-12-14;9;1000
11;2025-12-14;10;1236
11;2025-12-14;11;1361
11;2025-12-14;12;1423
11;2025-12-14;13;1471
11;2025-12-14;14;1471
11;2025-12-14;15;1507
11;2025-12-14;16;1592
11;2025-12-14;17;1576
11;2025-12-14;18;1511
11;2025-12-14;19;1219
11;2025-12-14;20;767
11;2025-12-14;21;511
11;2025-12-14;22;325
11;2025-12-14;23;226
11;2025-12-15;0;55
11;2025-12-15;1;2
11;2025-12-15;2;0
11;2025-12-15;3;0
11;2025-12-15;4;7
11;2025-12-15;5;244
11;2025-12-15;6;1364
11;2025-12-15;7;2198
11;2025-12-15;8;3237
11;2025-12-15;9;2453
11;2025-12-15;10;1974
11;2025-12-15;11;1886
11;2025-12-15;12;1906
11;2025-12-15;13;1946
11;2025-12-15;14;1952
11;2025-12-15;15;2091
11;2025-12-15;16;2394
11;2025-12-15;17;2850
11;2025-12-15;18;2954
11;2025-12-15;19;2207
11;2025-12-15;20;1416
11;2025-12-15;21;826
11;2025-12-15;22;382
11;2025-12-15;23;248
11;2025-12-16;0;52
11;2025-12-16;1;1
11;2025-12-16;2;0
11;2025-12-16;3;0
11;2025-12-16;4;7
11;2025-12-16;5;243
11;2025-12-16;6;1356
11;2025-12-16;7;2221
11;2025-12-16;8;3320
11;2025-12-16;9;2522
11;2025-12-16;10;1987
11;2025-12-16;11;1900
11;2025-12-16;12;1925
11;2025-12-16;13;1979
11;2025-12-16;14;1985
11;2025-12-16;15;2127
11;2025-12-16;16;2420
11;2025-12-16;17;2895
11;2025-12-16;18;3003
11;2025-12-16;19;2245
11;2025-12-16;20;1438
11;2025-12-16;21;840
11;2025-12-16;22;393
11;2025-12-16;23;258
11;2025-12-17;0;52
11;2025-12-17;1;1
11;2025-12-17;2;0
11;2025-12-17;3;0
11;2025-12-17;4;4
11;2025-12-17;5;242
11;2025-12-17;6;1318
11;2025-12-17;7;2190
11;2025-12-17;8;3268
11;2025-12-17;9;2480
11;2025-12-17;10;1966
11;2025-12-17;11;1886
11;2025-12-17;12;1911
11;2025-12-17;13;1962
11;2025-12-17;14;1968
11;2025-12-17;15;2106
11;2025-12-17;16;2400
11;2025-12-17;17;2854
11;2025-12-17;18;2970
11;2025-12-17;19;2218
11;2025-12-17;20;1412
11;2025-12-17;21;820
11;2025-12-17;22;382
11;2025-12-17;23;259
11;2025-12-18;0;53
11;2025-12-18;1;1
11;2025-12-18;2;0
11;2025-12-18;3;0
11;2025-12-18;4;5
11;2025-12-18;5;238
11;2025-12-18;6;1308
11;2025-12-18;7;2174
11;2025-12-18;8;3236
11;2025-12-18;9;2446
11;2025-12-18;10;1951
11;2025-12-18;11;1866
11;2025-12-18;12;1889
11;2025-12-18;13;1932
11;2025-12-18;14;1938
11;2025-12-18;15;2076
11;2025-12-18;16;2371
11;2025-12-18;17;2816
11;2025-12-18;18;2919
11;2025-12-18;19;2180
11;2025-12-18;20;1384
11;2025-12-18;21;788
11;2025-12-18;22;367
11;2025-12-18;23;253
11;2025-12-19;0;53
11;2025-12-19;1;1
11;2025-12-19;2;0
11;2025-12-19;3;0
11;2025-12-19;4;6
11;2025-12-19;5;240
11;2025-12-19;6;1345
11;2025-12-19;7;2185
11;2025-12-19;8;3220
11;2025-12-19;9;2430
11;2025-12-19;10;1946
11;2025-12-19;11;1915
11;2025-12-19;12;1949
11;2025-12-19;13;1998
11;2025-12-19;14;2005
11;2025-12-19;15;2145
11;2025-12-19;16;2441
11;2025-12-19;17;2680
11;2025-12-19;18;2614
11;2025-12-19;19;2073
11;2025-12-19;20;1341
11;2025-12-19;21;833
11;2025-12-19;22;392
11;2025-12-19;23;284
11;2025-12-20;0;71
11;2025-12-20;1;6
11;2025-12-20;2;1
11;2025-12-20;3;1
11;2025-12-20;4;7
11;2025-12-20;5;141
11;2025-12-20;6;548
11;2025-12-20;7;813
11;2025-12-20;8;1173
11;2025-12-20;9;1292
11;2025-12-20;10;1489
11;2025-12-20;11;1567
11;2025-12-20;12;1614
11;2025-12-20;13;1655
11;2025-12-20;14;1654
11;2025-12-20;15;1691
11;2025-12-20;16;1776
11;2025-12-20;17;1772
11;2025-12-20;18;1711
11;2025-12-20;19;1414
11;2025-12-20;20;921
11;2025-12-20;21;590
11;2025-12-20;22;376
11;2025-12-20;23;267
11;2025-12-21;0;83
11;2025-12-21;1;8
11;2025-12-21;2;0
11;2025-12-21;3;0
11;2025-12-21;4;3
11;2025-12-21;5;80
11;2025-12-21;6;398
11;2025-12-21;7;593
11;2025-12-21;8;850
11;2025-12-21;9;1051
11;2025-12-21;10;1283
11;2025-12-21;11;1388
11;2025-12-21;12;1448
11;2025-12-21;13;1482
11;2025-12-21;14;1482
11;2025-12-21;15;1520
11;2025-12-21;16;1601
11;2025-12-21;17;1592
11;2025-12-21;18;1528
11;2025-12-21;19;1225
11;2025-12-21;20;765
11;2025-12-21;21;501
11;2025-12-21;22;324
11;2025-12-21;23;228
11;2025-12-22;0;54
11;2025-12-22;1;2
11;2025-12-22;2;0
11;2025-12-22;3;0
11;2025-12-22;4;7
11;2025-12-22;5;244
11;2025-12-22;6;1357
11;2025-12-22;7;2193
11;2025-12-22;8;3226
11;2025-12-22;9;2433
11;2025-12-22;10;1952
11;2025-12-22;11;1869
11;2025-12-22;12;1888
11;2025-12-22;13;1928
11;2025-12-22;14;1934
11;2025-12-22;15;2072
11;2025-12-22;16;2371
11;2025-12-22;17;2819
11;2025-12-22;18;2922
11;2025-12-22;19;2167
11;2025-12-22;20;1385
11;2025-12-22;21;803
11;2025-12-22;22;370
11;2025-12-22;23;238
11;2025-12-23;0;51
11;2025-12-23;1;0
11;2025-12-23;2;0
11;2025-12-23;3;0
11;2025-12-23;4;5
11;2025-12-23;5;237
11;2025-12-23;6;1344
11;2025-12-23;7;2193
11;2025-12-23;8;3260
11;2025-12-23;9;2444
11;2025-12-23;10;1927
11;2025-12-23;11;1826
11;2025-12-23;12;1850
11;2025-12-23;13;1898
11;2025-12-23;14;1904
11;2025-12-23;15;2049
11;2025-12-23;16;2348
11;2025-12-23;17;2817
11;2025-12-23;18;2921
11;2025-12-23;19;2192
11;2025-12-23;20;1401
11;2025-12-23;21;824
11;2025-12-23;22;378
11;2025-12-23;23;243
11;2025-12-24;0;52
11;2025-12-24;1;1
11;2025-12-24;2;0
11;2025-12-24;3;0
11;2025-12-24;4;4
11;2025-12-24;5;240
11;2025-12-24;6;1348
11;2025-12-24;7;2197
11;2025-12-24;8;3265
11;2025-12-24;9;2463
11;2025-12-24;10;1961
11;2025-12-24;11;1875
11;2025-12-24;12;1897
11;2025-12-24;13;1943
11;2025-12-24;14;1949
11;2025-12-24;15;2092
11;2025-12-24;16;2389
11;2025-12-24;17;2854
11;2025-12-24;18;2958
11;2025-12-24;19;2205
11;2025-12-24;20;1411
11;2025-12-24;21;830
11;2025-12-24;22;381
11;2025-12-24;23;249
11;2025-12-25;0;53
11;2025-12-25;1;1
11;2025-12-25;2;0
11;2025-12-25;3;0
11;2025-12-25;4;6
11;2025-12-25;5;242
11;2025-12-25;6;1339
11;2025-12-25;7;2200
11;2025-12-25;8;3283
11;2025-12-25;9;2490
11;2025-12-25;10;1965
11;2025-12-25;11;1887
11;2025-12-25;12;1914
11;2025-12-25;13;1965
11;2025-12-25;14;1971
11;2025-12-25;15;2112
11;2025-12-25;16;2404
11;2025-12-25;17;2867
11;2025-12-25;18;2964
11;2025-12-25;19;2214
11;2025-12-25;20;1411
11;2025-12-25;21;825
11;2025-12-25;22;396
11;2025-12-25;23;269
11;2025-12-26;0;53
11;2025-12-26;1;1
11;2025-12-26;2;0
11;2025-12-26;3;0
11;2025-12-26;4;6
11;2025-12-26;5;242
11;2025-12-26;6;1342
11;2025-12-26;7;2185
11;2025-12-26;8;3233
11;2025-12-26;9;2449
11;2025-12-26;10;1945
11;2025-12-26;11;1924
11;2025-12-26;12;1962
11;2025-12-26;13;2023
11;2025-12-26;14;2030
11;2025-12-26;15;2170
11;2025-12-26;16;2459
11;2025-12-26;17;2698
11;2025-12-26;18;2616
11;2025-12-26;19;2078
11;2025-12-26;20;1341
11;2025-12-26;21;823
11;2025-12-26;22;400
11;2025-12-26;23;291
11;2025-12-27;0;72
11;2025-12-27;1;6
11;2025-12-27;2;1
11;2025-12-27;3;1
11;2025-12-27;4;7
11;2025-12-27;5;142
11;2025-12-27;6;568
11;2025-12-27;7;837
11;2025-12-27;8;1178
11;2025-12-27;9;1278
11;2025-12-27;10;1480
11;2025-12-27;11;1575
11;2025-12-27;12;1624
11;2025-12-27;13;1664
11;2025-12-27;14;1664
11;2025-12-27;15;1705
11;2025-12-27;16;1784
11;2025-12-27;17;1770
11;2025-12-27;18;1708
11;2025-12-27;19;1397
11;2025-12-27;20;907
11;2025-12-27;21;590
11;2025-12-27;22;394
11;2025-12-27;23;276
11;2025-12-28;0;82
11;2025-12-28;1;8
11;2025-12-28;2;0
11;2025-12-28;3;0
11;2025-12-28;4;4
11;2025-12-28;5;82
11;2025-12-28;6;397
11;2025-12-28;7;602
11;2025-12-28;8;842
11;2025-12-28;9;1016
11;2025-12-28;10;1258
11;2025-12-28;11;1381
11;2025-12-28;12;1441
11;2025-12-28;13;1475
11;2025-12-28;14;1474
11;2025-12-28;15;1510
11;2025-12-28;16;1595
11;2025-12-28;17;1580
11;2025-12-28;18;1516
11;2025-12-28;19;1217
11;2025-12-28;20;760
11;2025-12-28;21;499
11;2025-12-28;22;323
11;2025-12-28;23;226
11;2025-12-29;0;56
11;2025-12-29;1;3
11;2025-12-29;2;1
11;2025-12-29;3;1
11;2025-12-29;4;8
11;2025-12-29;5;245
11;2025-12-29;6;1361
11;2025-12-29;7;2191
11;2025-12-29;8;3223
11;2025-12-29;9;2456
11;2025-12-29;10;1971
11;2025-12-29;11;1884
11;2025-12-29;12;1904
11;2025-12-29;13;1947
11;2025-12-29;14;1953
11;2025-12-29;15;2094
11;2025-12-29;16;2395
11;2025-12-29;17;2845
11;2025-12-29;18;2941
11;2025-12-29;19;2191
11;2025-12-29;20;1406
11;2025-12-29;21;821
11;2025-12-29;22;381
11;2025-12-29;23;255
11;2025-12-30;0;53
11;2025-12-30;1;1
11;2025-12-30;2;0
11;2025-12-30;3;0
11;2025-12-30;4;6
11;2025-12-30;5;241
11;2025-12-30;6;1366
11;2025-12-30;7;2193
11;2025-12-30;8;3259
11;2025-12-30;9;2464
11;2025-12-30;10;1980
11;2025-12-30;11;1904
11;2025-12-30;12;1926
11;2025-12-30;13;1970
11;2025-12-30;14;1976
11;2025-12-30;15;2116
11;2025-12-30;16;2407
11;2025-12-30;17;2860
11;2025-12-30;18;2938
11;2025-12-30;19;2187
11;2025-12-30;20;1403
11;2025-12-30;21;833
11;2025-12-30;22;390
11;2025-12-30;23;265
11;2025-12-31;0;93
11;2025-12-31;1;22
11;2025-12-31;2;15
11;2025-12-31;3;15
11;2025-12-31;4;20
11;2025-12-31;5;112
11;2025-12-31;6;535
11;2025-12-31;7;804
11;2025-12-31;8;1241
11;2025-12-31;9;1250
11;2025-12-31;10;1451
11;2025-12-31;11;1511
11;2025-12-31;12;1548
11;2025-12-31;13;1572
11;2025-12-31;14;1570
11;2025-12-31;15;1630
11;2025-12-31;16;1729
11;2025-12-31;17;1933
11;2025-12-31;18;1997
11;2025-12-31;19;1448
11;2025-12-31;20;939
11;2025-12-31;21;596
11;2025-12-31;22;372
11;2025-12-31;23;264
12;2025-11-01;0;59
12;2025-11-01;1;6
12;2025-11-01;2;2
12;2025-11-01;3;2
12;2025-11-01;4;9
12;2025-11-01;5;237
12;2025-11-01;6;1209
12;2025-11-01;7;2404
12;2025-11-01;8;2975
12;2025-11-01;9;2289
12;2025-11-01;10;1897
12;2025-11-01;11;1874
12;2025-11-01;12;1904
12;2025-11-01;13;1944
12;2025-11-01;14;1951
12;2025-11-01;15;2063
12;2025-11-01;16;2348
12;2025-11-01;17;2568
12;2025-11-01;18;2486
12;2025-11-01;19;1976
12;2025-11-01;20;1318
12;2025-11-01;21;814
12;2025-11-01;22;422
12;2025-11-01;23;314
12;2025-11-02;0;81
12;2025-11-02;1;7
12;2025-11-02;2;0
12;2025-11-02;3;0
12;2025-11-02;4;3
12;2025-11-02;5;80
12;2025-11-02;6;416
12;2025-11-02;7;711
12;2025-11-02;8;838
12;2025-11-02;9;1087
12;2025-11-02;10;1350
12;2025-11-02;11;1467
12;2025-11-02;12;1524
12;2025-11-02;13;1558
12;2025-11-02;14;1558
12;2025-11-02;15;1592
12;2025-11-02;16;1666
12;2025-11-02;17;1638
12;2025-11-02;18;1561
12;2025-11-02;19;1268
12;2025-11-02;20;857
12;2025-11-02;21;576
12;2025-11-02;22;344
12;2025-11-02;23;245
12;2025-11-03;0;93
12;2025-11-03;1;21
12;2025-11-03;2;14
12;2025-11-03;3;14
12;2025-11-03;4;19
12;2025-11-03;5;104
12;2025-11-03;6;505
12;2025-11-03;7;1038
12;2025-11-03;8;1237
12;2025-11-03;9;1209
12;2025-11-03;10;1395
12;2025-11-03;11;1447
12;2025-11-03;12;1498
12;2025-11-03;13;1532
12;2025-11-03;14;1530
12;2025-11-03;15;1588
12;2025-11-03;16;1689
12;2025-11-03;17;1899
12;2025-11-03;18;1959
12;2025-11-03;19;1430
12;2025-11-03;20;959
12;2025-11-03;21;611
12;2025-11-03;22;362
12;2025-11-03;23;253
12;2025-11-04;0;94
12;2025-11-04;1;22
12;2025-11-04;2;18
12;2025-11-04;3;18
12;2025-11-04;4;23
12;2025-11-04;5;107
12;2025-11-04;6;494
12;2025-11-04;7;988
12;2025-11-04;8;1152
12;2025-11-04;9;1145
12;2025-11-04;10;1330
12;2025-11-04;11;1396
12;2025-11-04;12;1452
12;2025-11-04;13;1491
12;2025-11-04;14;1490
12;2025-11-04;15;1552
12;2025-11-04;16;1645
12;2025-11-04;17;1860
12;2025-11-04;18;1923
12;2025-11-04;19;1407
12;2025-11-04;20;935
12;2025-11-04;21;608
12;2025-11-04;22;366
12;2025-11-04;23;259
12;2025-11-05;0;54
12;2025-11-05;1;2
12;2025-11-05;2;0
12;2025-11-05;3;0
12;2025-11-05;4;6
12;2025-11-05;5;235
12;2025-11-05;6;1332
12;2025-11-05;7;2558
12;2025-11-05;8;3178
12;2025-11-05;9;2441
12;2025-11-05;10;1953
12;2025-11-05;11;1873
12;2025-11-05;12;1893
12;2025-11-05;13;1936
12;2025-11-05;14;1943
12;2025-11-05;15;2086
12;2025-11-05;16;2384
12;2025-11-05;17;2846
12;2025-11-05;18;2947
12;2025-11-05;19;2200
12;2025-11-05;20;1495
12;2025-11-05;21;883
12;2025-11-05;22;374
12;2025-11-05;23;248
12;2025-11-06;0;53
12;2025-11-06;1;1
12;2025-11-06;2;0
12;2025-11-06;3;0
12;2025-11-06;4;7
12;2025-11-06;5;239
12;2025-11-06;6;1330
12;2025-11-06;7;2603
12;2025-11-06;8;3232
12;2025-11-06;9;2429
12;2025-11-06;10;1946
12;2025-11-06;11;1870
12;2025-11-06;12;1896
12;2025-11-06;13;1933
12;2025-11-06;14;1939
12;2025-11-06;15;2079
12;2025-11-06;16;2368
12;2025-11-06;17;2832
12;2025-11-06;18;2905
12;2025-11-06;19;2177
12;2025-11-06;20;1475
12;2025-11-06;21;891
12;2025-11-06;22;390
12;2025-11-06;23;266
12;2025-11-07;0;53
12;2025-11-07;1;1
12;2025-11-07;2;0
12;2025-11-07;3;0
12;2025-11-07;4;6
12;2025-11-07;5;239
12;2025-11-07;6;1333
12;2025-11-07;7;2613
12;2025-11-07;8;3215
12;2025-11-07;9;2405
12;2025-11-07;10;1938
12;2025-11-07;11;1927
12;2025-11-07;12;1966
12;2025-11-07;13;2015
12;2025-11-07;14;2022
12;2025-11-07;15;2161
12;2025-11-07;16;2445
12;2025-11-07;17;2690
12;2025-11-07;18;2601
12;2025-11-07;19;2098
12;2025-11-07;20;1437
12;2025-11-07;21;922
12;2025-11-07;22;417
12;2025-11-07;23;302
12;2025-11-08;0;71
12;2025-11-08;1;6
12;2025-11-08;2;1
12;2025-11-08;3;1
12;2025-11-08;4;6
12;2025-11-08;5;133
12;2025-11-08;6;557
12;2025-11-08;7;941
12;2025-11-08;8;1045
12;2025-11-08;9;1182
12;2025-11-08;10;1426
12;2025-11-08;11;1534
12;2025-11-08;12;1583
12;2025-11-08;13;1617
12;2025-11-08;14;1616
12;2025-11-08;15;1657
12;2025-11-08;16;1726
12;2025-11-08;17;1718
12;2025-11-08;18;1645
12;2025-11-08;19;1373
12;2025-11-08;20;930
12;2025-11-08;21;632
12;2025-11-08;22;393
12;2025-11-08;23;278
12;2025-11-09;0;83
12;2025-11-09;1;8
12;2025-11-09;2;1
12;2025-11-09;3;1
12;2025-11-09;4;6
12;2025-11-09;5;80
12;2025-11-09;6;398
12;2025-11-09;7;686
12;2025-11-09;8;771
12;2025-11-09;9;1015
12;2025-11-09;10;1266
12;2025-11-09;11;1384
12;2025-11-09;12;1445
12;2025-11-09;13;1476
12;2025-11-09;14;1476
12;2025-11-09;15;1514
12;2025-11-09;16;1592
12;2025-11-09;17;1582
12;2025-11-09;18;1499
12;2025-11-09;19;1213
12;2025-11-09;20;802
12;2025-11-09;21;541
12;2025-11-09;22;322
12;2025-11-09;23;224
12;2025-11-10;0;54
12;2025-11-10;1;2
12;2025-11-10;2;0
12;2025-11-10;3;0
12;2025-11-10;4;7
12;2025-11-10;5;244
12;2025-11-10;6;1360
12;2025-11-10;7;2639
12;2025-11-10;8;3285
12;2025-11-10;9;2461
12;2025-11-10;10;1998
12;2025-11-10;11;1910
12;2025-11-10;12;1929
12;2025-11-10;13;1959
12;2025-11-10;14;1965
12;2025-11-10;15;2104
12;2025-11-10;16;2404
12;2025-11-10;17;2859
12;2025-11-10;18;2963
12;2025-11-10;19;2209
12;2025-11-10;20;1504
12;2025-11-10;21;880
12;2025-11-10;22;378
12;2025-11-10;23;248
12;2025-11-11;0;52
12;2025-11-11;1;1
12;2025-11-11;2;0
12;2025-11-11;3;0
12;2025-11-11;4;7
12;2025-11-11;5;242
12;2025-11-11;6;1342
12;2025-11-11;7;2714
12;2025-11-11;8;3370
12;2025-11-11;9;2547
12;2025-11-11;10;2051
12;2025-11-11;11;1954
12;2025-11-11;12;1977
12;2025-11-11;13;2013
12;2025-11-11;14;2019
12;2025-11-11;15;2162
12;2025-11-11;16;2453
12;2025-11-11;17;2931
12;2025-11-11;18;3036
12;2025-11-11;19;2275
12;2025-11-11;20;1569
12;2025-11-11;21;916
12;2025-11-11;22;401
12;2025-11-11;23;268
12;2025-11-12;0;52
12;2025-11-12;1;1
12;2025-11-12;2;0
12;2025-11-12;3;0
12;2025-11-12;4;6
12;2025-11-12;5;241
12;2025-11-12;6;1342
12;2025-11-12;7;2715
12;2025-11-12;8;3363
12;2025-11-12;9;2523
12;2025-11-12;10;2012
12;2025-11-12;11;1926
12;2025-11-12;12;1948
12;2025-11-12;13;1991
12;2025-11-12;14;1996
12;2025-11-12;15;2138
12;2025-11-12;16;2431
12;2025-11-12;17;2899
12;2025-11-12;18;3013
12;2025-11-12;19;2244
12;2025-11-12;20;1539
12;2025-11-12;21;904
12;2025-11-12;22;387
12;2025-11-12;23;257
12;2025-11-13;0;53
12;2025-11-13;1;1
12;2025-11-13;2;0
12;2025-11-13;3;0
12;2025-11-13;4;6
12;2025-11-13;5;238
12;2025-11-13;6;1297
12;2025-11-13;7;2658
12;2025-11-13;8;3312
12;2025-11-13;9;2497
12;2025-11-13;10;2004
12;2025-11-13;11;1919
12;2025-11-13;12;1943
12;2025-11-13;13;1980
12;2025-11-13;14;1987
12;2025-11-13;15;2124
12;2025-11-13;16;2425
12;2025-11-13;17;2876
12;2025-11-13;18;2981
12;2025-11-13;19;2224
12;2025-11-13;20;1523
12;2025-11-13;21;882
12;2025-11-13;22;385
12;2025-11-13;23;273
12;2025-11-14;0;53
12;2025-11-14;1;1
12;2025-11-14;2;0
12;2025-11-14;3;0
12;2025-11-14;4;6
12;2025-11-14;5;238
12;2025-11-14;6;1333
12;2025-11-14;7;2647
12;2025-11-14;8;3262
12;2025-11-14;9;2449
12;2025-11-14;10;1971
12;2025-11-14;11;1946
12;2025-11-14;12;1983
12;2025-11-14;13;2036
12;2025-11-14;14;2044
12;2025-11-14;15;2183
12;2025-11-14;16;2476
12;2025-11-14;17;2720
12;2025-11-14;18;2631
12;2025-11-14;19;2095
12;2025-11-14;20;1439
12;2025-11-14;21;905
12;2025-11-14;22;412
12;2025-11-14;23;303
12;2025-11-15;0;88
12;2025-11-15;1;23
12;2025-11-15;2;18
12;2025-11-15;3;18
12;2025-11-15;4;21
12;2025-11-15;5;169
12;2025-11-15;6;552
12;2025-11-15;7;976
12;2025-11-15;8;1105
12;2025-11-15;9;1244
12;2025-11-15;10;1479
12;2025-11-15;11;1570
12;2025-11-15;12;1609
12;2025-11-15;13;1648
12;2025-11-15;14;1647
12;2025-11-15;15;1688
12;2025-11-15;16;1769
12;2025-11-15;17;1755
12;2025-11-15;18;1679
12;2025-11-15;19;1364
12;2025-11-15;20;921
12;2025-11-15;21;591
12;2025-11-15;22;387
12;2025-11-15;23;273
12;2025-11-16;0;95
12;2025-11-16;1;20
12;2025-11-16;2;10
12;2025-11-16;3;10
12;2025-11-16;4;15
12;2025-11-16;5;95
12;2025-11-16;6;388
12;2025-11-16;7;681
12;2025-11-16;8;770
12;2025-11-16;9;1020
12;2025-11-16;10;1277
12;2025-11-16;11;1397
12;2025-11-16;12;1450
12;2025-11-16;13;1483
12;2025-11-16;14;1483
12;2025-11-16;15;1518
12;2025-11-16;16;1593
12;2025-11-16;17;1569
12;2025-11-16;18;1493
12;2025-11-16;19;1196
12;2025-11-16;20;786
12;2025-11-16;21;506
12;2025-11-16;22;321
12;2025-11-16;23;224
12;2025-11-17;0;54
12;2025-11-17;1;2
12;2025-11-17;2;0
12;2025-11-17;3;0
12;2025-11-17;4;7
12;2025-11-17;5;246
12;2025-11-17;6;1370
12;2025-11-17;7;2662
12;2025-11-17;8;3308
12;2025-11-17;9;2493
12;2025-11-17;10;2028
12;2025-11-17;11;1947
12;2025-11-17;12;1961
12;2025-11-17;13;2008
12;2025-11-17;14;2014
12;2025-11-17;15;2152
12;2025-11-17;16;2444
12;2025-11-17;17;2884
12;2025-11-17;18;2974
12;2025-11-17;19;2219
12;2025-11-17;20;1513
12;2025-11-17;21;894
12;2025-11-17;22;379
12;2025-11-17;23;249
12;2025-11-18;0;53
12;2025-11-18;1;2
12;2025-11-18;2;1
12;2025-11-18;3;1
12;2025-11-18;4;6
12;2025-11-18;5;239
12;2025-11-18;6;1289
12;2025-11-18;7;2651
12;2025-11-18;8;3300
12;2025-11-18;9;2482
12;2025-11-18;10;2007
12;2025-11-18;11;1920
12;2025-11-18;12;1939
12;2025-11-18;13;1977
12;2025-11-18;14;1984
12;2025-11-18;15;2120
12;2025-11-18;16;2411
12;2025-11-18;17;2866
12;2025-11-18;18;2960
12;2025-11-18;19;2197
12;2025-11-18;20;1490
12;2025-11-18;21;862
12;2025-11-18;22;366
12;2025-11-18;23;241
12;2025-11-19;0;51
12;2025-11-19;1;0
12;2025-11-19;2;0
12;2025-11-19;3;0
12;2025-11-19;4;5
12;2025-11-19;5;240
12;2025-11-19;6;1343
12;2025-11-19;7;2682
12;2025-11-19;8;3331
12;2025-11-19;9;2500
12;2025-11-19;10;2006
12;2025-11-19;11;1917
12;2025-11-19;12;1929
12;2025-11-19;13;1970
12;2025-11-19;14;1976
12;2025-11-19;15;2119
12;2025-11-19;16;2414
12;2025-11-19;17;2869
12;2025-11-19;18;2960
12;2025-11-19;19;2210
12;2025-11-19;20;1504
12;2025-11-19;21;883
12;2025-11-19;22;382
12;2025-11-19;23;252
12;2025-11-20;0;53
12;2025-11-20;1;2
12;2025-11-20;2;0
12;2025-11-20;3;0
12;2025-11-20;4;6
12;2025-11-20;5;240
12;2025-11-20;6;1353
12;2025-11-20;7;2705
12;2025-11-20;8;3352
12;2025-11-20;9;2525
12;2025-11-20;10;2051
12;2025-11-20;11;1964
12;2025-11-20;12;1977
12;2025-11-20;13;2006
12;2025-11-20;14;2013
12;2025-11-20;15;2153
12;2025-11-20;16;2444
12;2025-11-20;17;2893
12;2025-11-20;18;2977
12;2025-11-20;19;2237
12;2025-11-20;20;1536
12;2025-11-20;21;900
12;2025-11-20;22;392
12;2025-11-20;23;265
12;2025-11-21;0;53
12;2025-11-21;1;2
12;2025-11-21;2;0
12;2025-11-21;3;0
12;2025-11-21;4;6
12;2025-11-21;5;241
12;2025-11-21;6;1354
12;2025-11-21;7;2677
12;2025-11-21;8;3295
12;2025-11-21;9;2480
12;2025-11-21;10;2037
12;2025-11-21;11;2011
12;2025-11-21;12;2036
12;2025-11-21;13;2068
12;2025-11-21;14;2075
12;2025-11-21;15;2212
12;2025-11-21;16;2496
12;2025-11-21;17;2729
12;2025-11-21;18;2644
12;2025-11-21;19;2105
12;2025-11-21;20;1450
12;2025-11-21;21;898
12;2025-11-21;22;409
12;2025-11-21;23;300
12;2025-11-22;0;71
12;2025-11-22;1;7
12;2025-11-22;2;1
12;2025-11-22;3;1
12;2025-11-22;4;7
12;2025-11-22;5;142
12;2025-11-22;6;548
12;2025-11-22;7;1012
12;2025-11-22;8;1150
12;2025-11-22;9;1353
12;2025-11-22;10;1542
12;2025-11-22;11;1623
12;2025-11-22;12;1666
12;2025-11-22;13;1704
12;2025-11-22;14;1704
12;2025-11-22;15;1742
12;2025-11-22;16;1818
12;2025-11-22;17;1805
12;2025-11-22;18;1736
12;2025-11-22;19;1451
12;2025-11-22;20;1010
12;2025-11-22;21;620
12;2025-11-22;22;385
12;2025-11-22;23;275
12;2025-11-23;0;82
12;2025-11-23;1;8
12;2025-11-23;2;0
12;2025-11-23;3;0
12;2025-11-23;4;3
12;2025-11-23;5;82
12;2025-11-23;6;414
12;2025-11-23;7;707
12;2025-11-23;8;797
12;2025-11-23;9;1056
12;2025-11-23;10;1311
12;2025-11-23;11;1440
12;2025-11-23;12;1498
12;2025-11-23;13;1540
12;2025-11-23;14;1540
12;2025-11-23;15;1575
12;2025-11-23;16;1653
12;2025-11-23;17;1624
12;2025-11-23;18;1552
12;2025-11-23;19;1271
12;2025-11-23;20;860
12;2025-11-23;21;556
12;2025-11-23;22;333
12;2025-11-23;23;234
12;2025-11-24;0;55
12;2025-11-24;1;2
12;2025-11-24;2;0
12;2025-11-24;3;0
12;2025-11-24;4;6
12;2025-11-24;5;257
12;2025-11-24;6;1332
12;2025-11-24;7;2617
12;2025-11-24;8;3270
12;2025-11-24;9;2446
12;2025-11-24;10;1974
12;2025-11-24;11;1881
12;2025-11-24;12;1904
12;2025-11-24;13;1951
12;2025-11-24;14;1958
12;2025-11-24;15;2110
12;2025-11-24;16;2410
12;2025-11-24;17;2856
12;2025-11-24;18;2958
12;2025-11-24;19;2205
12;2025-11-24;20;1498
12;2025-11-24;21;868
12;2025-11-24;22;377
12;2025-11-24;23;248
12;2025-11-25;0;52
12;2025-11-25;1;1
12;2025-11-25;2;0
12;2025-11-25;3;0
12;2025-11-25;4;6
12;2025-11-25;5;241
12;2025-11-25;6;1359
12;2025-11-25;7;2721
12;2025-11-25;8;3371
12;2025-11-25;9;2516
12;2025-11-25;10;2020
12;2025-11-25;11;1927
12;2025-11-25;12;1948
12;2025-11-25;13;1982
12;2025-11-25;14;1988
12;2025-11-25;15;2131
12;2025-11-25;16;2428
12;2025-11-25;17;2898
12;2025-11-25;18;3001
12;2025-11-25;19;2249
12;2025-11-25;20;1544
12;2025-11-25;21;896
12;2025-11-25;22;383
12;2025-11-25;23;251
12;2025-11-26;0;52
12;2025-11-26;1;1
12;2025-11-26;2;0
12;2025-11-26;3;0
12;2025-11-26;4;7
12;2025-11-26;5;248
12;2025-11-26;6;1326
12;2025-11-26;7;2690
12;2025-11-26;8;3347
12;2025-11-26;9;2526
12;2025-11-26;10;2035
12;2025-11-26;11;1946
12;2025-11-26;12;1966
12;2025-11-26;13;2004
12;2025-11-26;14;2010
12;2025-11-26;15;2150
12;2025-11-26;16;2443
12;2025-11-26;17;2905
12;2025-11-26;18;3017
12;2025-11-26;19;2264
12;2025-11-26;20;1558
12;2025-11-26;21;892
12;2025-11-26;22;391
12;2025-11-26;23;265
12;2025-11-27;0;53
12;2025-11-27;1;1
12;2025-11-27;2;0
12;2025-11-27;3;0
12;2025-11-27;4;5
12;2025-11-27;5;240
12;2025-11-27;6;1321
12;2025-11-27;7;2680
12;2025-11-27;8;3336
12;2025-11-27;9;2504
12;2025-11-27;10;2007
12;2025-11-27;11;1926
12;2025-11-27;12;1953
12;2025-11-27;13;1998
12;2025-11-27;14;2003
12;2025-11-27;15;2143
12;2025-11-27;16;2435
12;2025-11-27;17;2886
12;2025-11-27;18;2988
12;2025-11-27;19;2238
12;2025-11-27;20;1535
12;2025-11-27;21;880
12;2025-11-27;22;385
12;2025-11-27;23;271
12;2025-11-28;0;54
12;2025-11-28;1;2
12;2025-11-28;2;0
12;2025-11-28;3;0
12;2025-11-28;4;3
12;2025-11-28;5;238
12;2025-11-28;6;1328
12;2025-11-28;7;2659
12;2025-11-28;8;3279
12;2025-11-28;9;2473
12;2025-11-28;10;2003
12;2025-11-28;11;1971
12;2025-11-28;12;2000
12;2025-11-28;13;2039
12;2025-11-28;14;2046
12;2025-11-28;15;2185
12;2025-11-28;16;2476
12;2025-11-28;17;2719
12;2025-11-28;18;2642
12;2025-11-28;19;2091
12;2025-11-28;20;1434
12;2025-11-28;21;884
12;2025-11-28;22;399
12;2025-11-28;23;290
12;2025-11-29;0;71
12;2025-11-29;1;6
12;2025-11-29;2;1
12;2025-11-29;3;1
12;2025-11-29;4;6
12;2025-11-29;5;141
12;2025-11-29;6;565
12;2025-11-29;7;992
12;2025-11-29;8;1117
12;2025-11-29;9;1279
12;2025-11-29;10;1481
12;2025-11-29;11;1569
12;2025-11-29;12;1615
12;2025-11-29;13;1654
12;2025-11-29;14;1654
12;2025-11-29;15;1696
12;2025-11-29;16;1775
12;2025-11-29;17;1771
12;2025-11-29;18;1706
12;2025-11-29;19;1401
12;2025-11-29;20;960
12;2025-11-29;21;624
12;2025-11-29;22;392
12;2025-11-29;23;276
12;2025-11-30;0;82
12;2025-11-30;1;8
12;2025-11-30;2;0
12;2025-11-30;3;0
12;2025-11-30;4;2
12;2025-11-30;5;83
12;2025-11-30;6;399
12;2025-11-30;7;714
12;2025-11-30;8;809
12;2025-11-30;9;1090
12;2025-11-30;10;1310
12;2025-11-30;11;1409
12;2025-11-30;12;1471
12;2025-11-30;13;1515
12;2025-11-30;14;1515
12;2025-11-30;15;1551
12;2025-11-30;16;1623
12;2025-11-30;17;1620
12;2025-11-30;18;1548
12;2025-11-30;19;1287
12;2025-11-30;20;874
12;2025-11-30;21;564
12;2025-11-30;22;338
12;2025-11-30;23;241
12;2025-12-01;0;54
12;2025-12-01;1;2
12;2025-12-01;2;0
12;2025-12-01;3;0
12;2025-12-01;4;7
12;2025-12-01;5;246
12;2025-12-01;6;1351
12;2025-12-01;7;2651
12;2025-12-01;8;3296
12;2025-12-01;9;2462
12;2025-12-01;10;1981
12;2025-12-01;11;1894
12;2025-12-01;12;1913
12;2025-12-01;13;1953
12;2025-12-01;14;1960
12;2025-12-01;15;2099
12;2025-12-01;16;2399
12;2025-12-01;17;2854
12;2025-12-01;18;2958
12;2025-12-01;19;2207
12;2025-12-01;20;1502
12;2025-12-01;21;900
12;2025-12-01;22;378
12;2025-12-01;23;247
12;2025-12-02;0;52
12;2025-12-02;1;2
12;2025-12-02;2;0
12;2025-12-02;3;0
12;2025-12-02;4;7
12;2025-12-02;5;245
12;2025-12-02;6;1325
12;2025-12-02;7;2692
12;2025-12-02;8;3349
12;2025-12-02;9;2512
12;2025-12-02;10;2020
12;2025-12-02;11;1925
12;2025-12-02;12;1948
12;2025-12-02;13;1990
12;2025-12-02;14;1997
12;2025-12-02;15;2134
12;2025-12-02;16;2428
12;2025-12-02;17;2893
12;2025-12-02;18;2999
12;2025-12-02;19;2261
12;2025-12-02;20;1554
12;2025-12-02;21;897
12;2025-12-02;22;386
12;2025-12-02;23;259
12;2025-12-03;0;52
12;2025-12-03;1;1
12;2025-12-03;2;0
12;2025-12-03;3;0
12;2025-12-03;4;6
12;2025-12-03;5;245
12;2025-12-03;6;1348
12;2025-12-03;7;2725
12;2025-12-03;8;3380
12;2025-12-03;9;2548
12;2025-12-03;10;2040
12;2025-12-03;11;1951
12;2025-12-03;12;1974
12;2025-12-03;13;2017
12;2025-12-03;14;2023
12;2025-12-03;15;2166
12;2025-12-03;16;2459
12;2025-12-03;17;2937
12;2025-12-03;18;3051
12;2025-12-03;19;2289
12;2025-12-03;20;1583
12;2025-12-03;21;932
12;2025-12-03;22;404
12;2025-12-03;23;268
12;2025-12-04;0;53
12;2025-12-04;1;1
12;2025-12-04;2;0
12;2025-12-04;3;0
12;2025-12-04;4;6
12;2025-12-04;5;239
12;2025-12-04;6;1344
12;2025-12-04;7;2713
12;2025-12-04;8;3369
12;2025-12-04;9;2537
12;2025-12-04;10;2032
12;2025-12-04;11;1942
12;2025-12-04;12;1966
12;2025-12-04;13;2009
12;2025-12-04;14;2015
12;2025-12-04;15;2157
12;2025-12-04;16;2438
12;2025-12-04;17;2905
12;2025-12-04;18;3000
12;2025-12-04;19;2266
12;2025-12-04;20;1564
12;2025-12-04;21;920
12;2025-12-04;22;406
12;2025-12-04;23;278
12;2025-12-05;0;53
12;2025-12-05;1;2
12;2025-12-05;2;0
12;2025-12-05;3;0
12;2025-12-05;4;6
12;2025-12-05;5;241
12;2025-12-05;6;1355
12;2025-12-05;7;2682
12;2025-12-05;8;3309
12;2025-12-05;9;2490
12;2025-12-05;10;2014
12;2025-12-05;11;1981
12;2025-12-05;12;2016
12;2025-12-05;13;2065
12;2025-12-05;14;2072
12;2025-12-05;15;2213
12;2025-12-05;16;2508
12;2025-12-05;17;2760
12;2025-12-05;18;2691
12;2025-12-05;19;2151
12;2025-12-05;20;1494
12;2025-12-05;21;929
12;2025-12-05;22;424
12;2025-12-05;23;313
12;2025-12-06;0;71
12;2025-12-06;1;6
12;2025-12-06;2;1
12;2025-12-06;3;1
12;2025-12-06;4;6
12;2025-12-06;5;142
12;2025-12-06;6;562
12;2025-12-06;7;997
12;2025-12-06;8;1125
12;2025-12-06;9;1319
12;2025-12-06;10;1524
12;2025-12-06;11;1601
12;2025-12-06;12;1649
12;2025-12-06;13;1690
12;2025-12-06;14;1689
12;2025-12-06;15;1731
12;2025-12-06;16;1811
12;2025-12-06;17;1811
12;2025-12-06;18;1744
12;2025-12-06;19;1445
12;2025-12-06;20;1006
12;2025-12-06;21;647
12;2025-12-06;22;400
12;2025-12-06;23;283
12;2025-12-07;0;83
12;2025-12-07;1;8
12;2025-12-07;2;0
12;2025-12-07;3;0
12;2025-12-07;4;3
12;2025-12-07;5;81
12;2025-12-07;6;405
12;2025-12-07;7;712
12;2025-12-07;8;795
12;2025-12-07;9;1037
12;2025-12-07;10;1280
12;2025-12-07;11;1403
12;2025-12-07;12;1464
12;2025-12-07;13;1496
12;2025-12-07;14;1495
12;2025-12-07;15;1531
12;2025-12-07;16;1610
12;2025-12-07;17;1596
12;2025-12-07;18;1526
12;2025-12-07;19;1232
12;2025-12-07;20;821
12;2025-12-07;21;525
12;2025-12-07;22;327
12;2025-12-07;23;228
12;2025-12-08;0;54
12;2025-12-08;1;2
12;2025-12-08;2;0
12;2025-12-08;3;0
12;2025-12-08;4;7
12;2025-12-08;5;242
12;2025-12-08;6;1355
12;2025-12-08;7;2651
12;2025-12-08;8;3289
12;2025-12-08;9;2456
12;2025-12-08;10;1985
12;2025-12-08;11;1900
12;2025-12-08;12;1918
12;2025-12-08;13;1949
12;2025-12-08;14;1955
12;2025-12-08;15;2094
12;2025-12-08;16;2392
12;2025-12-08;17;2843
12;2025-12-08;18;2946
12;2025-12-08;19;2192
12;2025-12-08;20;1488
12;2025-12-08;21;874
12;2025-12-08;22;371
12;2025-12-08;23;242
12;2025-12-09;0;52
12;2025-12-09;1;1
12;2025-12-09;2;0
12;2025-12-09;3;0
12;2025-12-09;4;6
12;2025-12-09;5;240
12;2025-12-09;6;1351
12;2025-12-09;7;2712
12;2025-12-09;8;3355
12;2025-12-09;9;2499
12;2025-12-09;10;1999
12;2025-12-09;11;1909
12;2025-12-09;12;1934
12;2025-12-09;13;1975
12;2025-12-09;14;1982
12;2025-12-09;15;2124
12;2025-12-09;16;2421
12;2025-12-09;17;2889
12;2025-12-09;18;2993
12;2025-12-09;19;2243
12;2025-12-09;20;1539
12;2025-12-09;21;891
12;2025-12-09;22;384
12;2025-12-09;23;250
12;2025-12-10;0;52
12;2025-12-10;1;1
12;2025-12-10;2;0
12;2025-12-10;3;0
12;2025-12-10;4;7
12;2025-12-10;5;242
12;2025-12-10;6;1337
12;2025-12-10;7;2711
12;2025-12-10;8;3360
12;2025-12-10;9;2511
12;2025-12-10;10;2010
12;2025-12-10;11;1924
12;2025-12-10;12;1946
12;2025-12-10;13;1976
12;2025-12-10;14;1982
12;2025-12-10;15;2123
12;2025-12-10;16;2413
12;2025-12-10;17;2877
12;2025-12-10;18;2982
12;2025-12-10;19;2221
12;2025-12-10;20;1517
12;2025-12-10;21;889
12;2025-12-10;22;388
12;2025-12-10;23;257
12;2025-12-11;0;53
12;2025-12-11;1;1
12;2025-12-11;2;0
12;2025-12-11;3;0
12;2025-12-11;4;4
12;2025-12-11;5;239
12;2025-12-11;6;1297
12;2025-12-11;7;2665
12;2025-12-11;8;3312
12;2025-12-11;9;2478
12;2025-12-11;10;1977
12;2025-12-11;11;1900
12;2025-12-11;12;1930
12;2025-12-11;13;1979
12;2025-12-11;14;1986
12;2025-12-11;15;2126
12;2025-12-11;16;2417
12;2025-12-11;17;2863
12;2025-12-11;18;2966
12;2025-12-11;19;2218
12;2025-12-11;20;1518
12;2025-12-11;21;863
12;2025-12-11;22;388
12;2025-12-11;23;274
12;2025-12-12;0;53
12;2025-12-12;1;1
12;2025-12-12;2;0
12;2025-12-12;3;0
12;2025-12-12;4;6
12;2025-12-12;5;241
12;2025-12-12;6;1330
12;2025-12-12;7;2660
12;2025-12-12;8;3279
12;2025-12-12;9;2431
12;2025-12-12;10;1954
12;2025-12-12;11;1926
12;2025-12-12;12;1961
12;2025-12-12;13;2011
12;2025-12-12;14;2018
12;2025-12-12;15;2157
12;2025-12-12;16;2453
12;2025-12-12;17;2696
12;2025-12-12;18;2618
12;2025-12-12;19;2082
12;2025-12-12;20;1427
12;2025-12-12;21;880
12;2025-12-12;22;401
12;2025-12-12;23;292
12;2025-12-13;0;87
12;2025-12-13;1;23
12;2025-12-13;2;17
12;2025-12-13;3;17
12;2025-12-13;4;22
12;2025-12-13;5;155
12;2025-12-13;6;546
12;2025-12-13;7;973
12;2025-12-13;8;1092
12;2025-12-13;9;1223
12;2025-12-13;10;1421
12;2025-12-13;11;1509
12;2025-12-13;12;1560
12;2025-12-13;13;1606
12;2025-12-13;14;1606
12;2025-12-13;15;1649
12;2025-12-13;16;1733
12;2025-12-13;17;1728
12;2025-12-13;18;1661
12;2025-12-13;19;1364
12;2025-12-13;20;928
12;2025-12-13;21;586
12;2025-12-13;22;389
12;2025-12-13;23;271
12;2025-12-14;0;82
12;2025-12-14;1;7
12;2025-12-14;2;0
12;2025-12-14;3;0
12;2025-12-14;4;3
12;2025-12-14;5;79
12;2025-12-14;6;397
12;2025-12-14;7;696
12;2025-12-14;8;780
12;2025-12-14;9;992
12;2025-12-14;10;1225
12;2025-12-14;11;1350
12;2025-12-14;12;1413
12;2025-12-14;13;1461
12;2025-12-14;14;1461
12;2025-12-14;15;1497
12;2025-12-14;16;1582
12;2025-12-14;17;1570
12;2025-12-14;18;1498
12;2025-12-14;19;1212
12;2025-12-14;20;807
12;2025-12-14;21;517
12;2025-12-14;22;320
12;2025-12-14;23;221
12;2025-12-15;0;54
12;2025-12-15;1;2
12;2025-12-15;2;1
12;2025-12-15;3;0
12;2025-12-15;4;7
12;2025-12-15;5;244
12;2025-12-15;6;1355
12;2025-12-15;7;2645
12;2025-12-15;8;3289
12;2025-12-15;9;2449
12;2025-12-15;10;1978
12;2025-12-15;11;1889
12;2025-12-15;12;1910
12;2025-12-15;13;1950
12;2025-12-15;14;1956
12;2025-12-15;15;2095
12;2025-12-15;16;2398
12;2025-12-15;17;2854
12;2025-12-15;18;2959
12;2025-12-15;19;2211
12;2025-12-15;20;1506
12;2025-12-15;21;877
12;2025-12-15;22;384
12;2025-12-15;23;249
12;2025-12-16;0;51
12;2025-12-16;1;1
12;2025-12-16;2;0
12;2025-12-16;3;0
12;2025-12-16;4;7
12;2025-12-16;5;243
12;2025-12-16;6;1342
12;2025-12-16;7;2726
12;2025-12-16;8;3372
12;2025-12-16;9;2515
12;2025-12-16;10;1987
12;2025-12-16;11;1901
12;2025-12-16;12;1928
12;2025-12-16;13;1982
12;2025-12-16;14;1988
12;2025-12-16;15;2130
12;2025-12-16;16;2423
12;2025-12-16;17;2898
12;2025-12-16;18;3006
12;2025-12-16;19;2249
12;2025-12-16;20;1544
12;2025-12-16;21;900
12;2025-12-16;22;395
12;2025-12-16;23;260
12;2025-12-17;0;52
12;2025-12-17;1;1
12;2025-12-17;2;0
12;2025-12-17;3;0
12;2025-12-17;4;6
12;2025-12-17;5;243
12;2025-12-17;6;1308
12;2025-12-17;7;2680
12;2025-12-17;8;3328
12;2025-12-17;9;2485
12;2025-12-17;10;1978
12;2025-12-17;11;1899
12;2025-12-17;12;1926
12;2025-12-17;13;1977
12;2025-12-17;14;1983
12;2025-12-17;15;2121
12;2025-12-17;16;2415
12;2025-12-17;17;2870
12;2025-12-17;18;2985
12;2025-12-17;19;2233
12;2025-12-17;20;1529
12;2025-12-17;21;886
12;2025-12-17;22;390
12;2025-12-17;23;267
12;2025-12-18;0;53
12;2025-12-18;1;1
12;2025-12-18;2;0
12;2025-12-18;3;0
12;2025-12-18;4;5
12;2025-12-18;5;238
12;2025-12-18;6;1297
12;2025-12-18;7;2644
12;2025-12-18;8;3295
12;2025-12-18;9;2449
12;2025-12-18;10;1962
12;2025-12-18;11;1877
12;2025-12-18;12;1900
12;2025-12-18;13;1943
12;2025-12-18;14;1950
12;2025-12-18;15;2087
12;2025-12-18;16;2383
12;2025-12-18;17;2828
12;2025-12-18;18;2931
12;2025-12-18;19;2192
12;2025-12-18;20;1490
12;2025-12-18;21;852
12;2025-12-18;22;373
12;2025-12-18;23;259
12;2025-12-19;0;53
12;2025-12-19;1;1
12;2025-12-19;2;0
12;2025-12-19;3;0
12;2025-12-19;4;6
12;2025-12-19;5;240
12;2025-12-19;6;1334
12;2025-12-19;7;2656
12;2025-12-19;8;3280
12;2025-12-19;9;2436
12;2025-12-19;10;1958
12;2025-12-19;11;1928
12;2025-12-19;12;1963
12;2025-12-19;13;2012
12;2025-12-19;14;2019
12;2025-12-19;15;2159
12;2025-12-19;16;2455
12;2025-12-19;17;2698
12;2025-12-19;18;2626
12;2025-12-19;19;2091
12;2025-12-19;20;1436
12;2025-12-19;21;892
12;2025-12-19;22;403
12;2025-12-19;23;295
12;2025-12-20;0;71
12;2025-12-20;1;6
12;2025-12-20;2;1
12;2025-12-20;3;1
12;2025-12-20;4;6
12;2025-12-20;5;140
12;2025-12-20;6;533
12;2025-12-20;7;983
12;2025-12-20;8;1117
12;2025-12-20;9;1275
12;2025-12-20;10;1469
12;2025-12-20;11;1547
12;2025-12-20;12;1595
12;2025-12-20;13;1636
12;2025-12-20;14;1636
12;2025-12-20;15;1673
12;2025-12-20;16;1758
12;2025-12-20;17;1757
12;2025-12-20;18;1690
12;2025-12-20;19;1399
12;2025-12-20;20;960
12;2025-12-20;21;585
12;2025-12-20;22;370
12;2025-12-20;23;262
12;2025-12-21;0;82
12;2025-12-21;1;8
12;2025-12-21;2;0
12;2025-12-21;3;0
12;2025-12-21;4;3
12;2025-12-21;5;80
12;2025-12-21;6;384
12;2025-12-21;7;698
12;2025-12-21;8;794
12;2025-12-21;9;1038
12;2025-12-21;10;1268
12;2025-12-21;11;1373
12;2025-12-21;12;1434
12;2025-12-21;13;1469
12;2025-12-21;14;1468
12;2025-12-21;15;1506
12;2025-12-21;16;1587
12;2025-12-21;17;1581
12;2025-12-21;18;1512
12;2025-12-21;19;1215
12;2025-12-21;20;806
12;2025-12-21;21;518
12;2025-12-21;22;320
12;2025-12-21;23;224
12;2025-12-22;0;54
12;2025-12-22;1;2
12;2025-12-22;2;0
12;2025-12-22;3;0
12;2025-12-22;4;7
12;2025-12-22;5;244
12;2025-12-22;6;1348
12;2025-12-22;7;2640
12;2025-12-22;8;3279
12;2025-12-22;9;2430
12;2025-12-22;10;1956
12;2025-12-22;11;1874
12;2025-12-22;12;1893
12;2025-12-22;13;1933
12;2025-12-22;14;1940
12;2025-12-22;15;2077
12;2025-12-22;16;2377
12;2025-12-22;17;2825
12;2025-12-22;18;2927
12;2025-12-22;19;2173
12;2025-12-22;20;1469
12;2025-12-22;21;857
12;2025-12-22;22;372
12;2025-12-22;23;240
12;2025-12-23;0;51
12;2025-12-23;1;0
12;2025-12-23;2;0
12;2025-12-23;3;0
12;2025-12-23;4;5
12;2025-12-23;5;237
12;2025-12-23;6;1336
12;2025-12-23;7;2680
12;2025-12-23;8;3317
12;2025-12-23;9;2442
12;2025-12-23;10;1932
12;2025-12-23;11;1832
12;2025-12-23;12;1856
12;2025-12-23;13;1904
12;2025-12-23;14;1911
12;2025-12-23;15;2055
12;2025-12-23;16;2354
12;2025-12-23;17;2824
12;2025-12-23;18;2928
12;2025-12-23;19;2198
12;2025-12-23;20;1496
12;2025-12-23;21;876
12;2025-12-23;22;380
12;2025-12-23;23;245
12;2025-12-24;0;52
12;2025-12-24;1;1
12;2025-12-24;2;0
12;2025-12-24;3;0
12;2025-12-24;4;6
12;2025-12-24;5;241
12;2025-12-24;6;1343
12;2025-12-24;7;2700
12;2025-12-24;8;3343
12;2025-12-24;9;2487
12;2025-12-24;10;1978
12;2025-12-24;11;1892
12;2025-12-24;12;1915
12;2025-12-24;13;1961
12;2025-12-24;14;1966
12;2025-12-24;15;2110
12;2025-12-24;16;2407
12;2025-12-24;17;2872
12;2025-12-24;18;2975
12;2025-12-24;19;2223
12;2025-12-24;20;1523
12;2025-12-24;21;885
12;2025-12-24;22;389
12;2025-12-24;23;256
12;2025-12-25;0;53
12;2025-12-25;1;1
12;2025-12-25;2;0
12;2025-12-25;3;0
12;2025-12-25;4;6
12;2025-12-25;5;242
12;2025-12-25;6;1328
12;2025-12-25;7;2701
12;2025-12-25;8;3342
12;2025-12-25;9;2494
12;2025-12-25;10;1975
12;2025-12-25;11;1897
12;2025-12-25;12;1928
12;2025-12-25;13;1978
12;2025-12-25;14;1985
12;2025-12-25;15;2126
12;2025-12-25;16;2418
12;2025-12-25;17;2881
12;2025-12-25;18;2978
12;2025-12-25;19;2228
12;2025-12-25;20;1527
12;2025-12-25;21;888
12;2025-12-25;22;403
12;2025-12-25;23;275
12;2025-12-26;0;53
12;2025-12-26;1;1
12;2025-12-26;2;0
12;2025-12-26;3;0
12;2025-12-26;4;6
12;2025-12-26;5;242
12;2025-12-26;6;1336
12;2025-12-26;7;2680
12;2025-12-26;8;3298
12;2025-12-26;9;2460
12;2025-12-26;10;1963
12;2025-12-26;11;1941
12;2025-12-26;12;1982
12;2025-12-26;13;2043
12;2025-12-26;14;2051
12;2025-12-26;15;2190
12;2025-12-26;16;2480
12;2025-12-26;17;2722
12;2025-12-26;18;2634
12;2025-12-26;19;2102
12;2025-12-26;20;1449
12;2025-12-26;21;888
12;2025-12-26;22;412
12;2025-12-26;23;302
12;2025-12-27;0;71
12;2025-12-27;1;6
12;2025-12-27;2;1
12;2025-12-27;3;1
12;2025-12-27;4;6
12;2025-12-27;5;140
12;2025-12-27;6;553
12;2025-12-27;7;990
12;2025-12-27;8;1120
12;2025-12-27;9;1259
12;2025-12-27;10;1458
12;2025-12-27;11;1553
12;2025-12-27;12;1603
12;2025-12-27;13;1643
12;2025-12-27;14;1643
12;2025-12-27;15;1684
12;2025-12-27;16;1763
12;2025-12-27;17;1753
12;2025-12-27;18;1685
12;2025-12-27;19;1380
12;2025-12-27;20;940
12;2025-12-27;21;601
12;2025-12-27;22;388
12;2025-12-27;23;270
12;2025-12-28;0;82
12;2025-12-28;1;8
12;2025-12-28;2;0
12;2025-12-28;3;0
12;2025-12-28;4;4
12;2025-12-28;5;82
12;2025-12-28;6;383
12;2025-12-28;7;691
12;2025-12-28;8;786
12;2025-12-28;9;1003
12;2025-12-28;10;1243
12;2025-12-28;11;1366
12;2025-12-28;12;1427
12;2025-12-28;13;1461
12;2025-12-28;14;1460
12;2025-12-28;15;1496
12;2025-12-28;16;1581
12;2025-12-28;17;1570
12;2025-12-28;18;1499
12;2025-12-28;19;1206
12;2025-12-28;20;796
12;2025-12-28;21;514
12;2025-12-28;22;319
12;2025-12-28;23;222
12;2025-12-29;0;56
12;2025-12-29;1;3
12;2025-12-29;2;1
12;2025-12-29;3;1
12;2025-12-29;4;8
12;2025-12-29;5;245
12;2025-12-29;6;1347
12;2025-12-29;7;2601
12;2025-12-29;8;3248
12;2025-12-29;9;2448
12;2025-12-29;10;1970
12;2025-12-29;11;1883
12;2025-12-29;12;1904
12;2025-12-29;13;1947
12;2025-12-29;14;1953
12;2025-12-29;15;2094
12;2025-12-29;16;2395
12;2025-12-29;17;2845
12;2025-12-29;18;2941
12;2025-12-29;19;2191
12;2025-12-29;20;1490
12;2025-12-29;21;880
12;2025-12-29;22;382
12;2025-12-29;23;256
12;2025-12-30;0;53
12;2025-12-30;1;1
12;2025-12-30;2;0
12;2025-12-30;3;0
12;2025-12-30;4;6
12;2025-12-30;5;241
12;2025-12-30;6;1352
12;2025-12-30;7;2653
12;2025-12-30;8;3288
12;2025-12-30;9;2457
12;2025-12-30;10;1980
12;2025-12-30;11;1903
12;2025-12-30;12;1927
12;2025-12-30;13;1971
12;2025-12-30;14;1976
12;2025-12-30;15;2116
12;2025-12-30;16;2408
12;2025-12-30;17;2860
12;2025-12-30;18;2939
12;2025-12-30;19;2188
12;2025-12-30;20;1486
12;2025-12-30;21;892
12;2025-12-30;22;391
12;2025-12-30;23;266
12;2025-12-31;0;93
12;2025-12-31;1;22
12;2025-12-31;2;15
12;2025-12-31;3;15
12;2025-12-31;4;20
12;2025-12-31;5;112
12;2025-12-31;6;523
12;2025-12-31;7;1024
12;2025-12-31;8;1234
12;2025-12-31;9;1249
12;2025-12-31;10;1447
12;2025-12-31;11;1507
12;2025-12-31;12;1545
12;2025-12-31;13;1569
12;2025-12-31;14;1567
12;2025-12-31;15;1627
12;2025-12-31;16;1725
12;2025-12-31;17;1930
12;2025-12-31;18;1994
12;2025-12-31;19;1445
12;2025-12-31;20;975
12;2025-12-31;21;609
12;2025-12-31;22;370
12;2025-12-31;23;262
17;2025-11-01;0;123
17;2025-11-01;1;18
17;2025-11-01;2;3
17;2025-11-01;3;3
17;2025-11-01;4;15
17;2025-11-01;5;344
17;2025-11-01;6;1470
17;2025-11-01;7;3794
17;2025-11-01;8;4417
17;2025-11-01;9;3585
17;2025-11-01;10;3026
17;2025-11-01;11;3001
17;2025-11-01;12;3065
17;2025-11-01;13;3154
17;2025-11-01;14;3165
17;2025-11-01;15;3333
17;2025-11-01;16;3669
17;2025-11-01;17;3989
17;2025-11-01;18;3899
17;2025-11-01;19;3208
17;2025-11-01;20;2152
17;2025-11-01;21;1499
17;2025-11-01;22;734
17;2025-11-01;23;428
17;2025-11-02;0;154
17;2025-11-02;1;21
17;2025-11-02;2;0
17;2025-11-02;3;0
17;2025-11-02;4;8
17;2025-11-02;5;95
17;2025-11-02;6;472
17;2025-11-02;7;1605
17;2025-11-02;8;1699
17;2025-11-02;9;2004
17;2025-11-02;10;2516
17;2025-11-02;11;2711
17;2025-11-02;12;2801
17;2025-11-02;13;2894
17;2025-11-02;14;2894
17;2025-11-02;15;2960
17;2025-11-02;16;3076
17;2025-11-02;17;3014
17;2025-11-02;18;2929
17;2025-11-02;19;2510
17;2025-11-02;20;1751
17;2025-11-02;21;1242
17;2025-11-02;22;687
17;2025-11-02;23;378
17;2025-11-03;0;164
17;2025-11-03;1;34
17;2025-11-03;2;16
17;2025-11-03;3;16
17;2025-11-03;4;27
17;2025-11-03;5;118
17;2025-11-03;6;605
17;2025-11-03;7;2131
17;2025-11-03;8;2275
17;2025-11-03;9;2241
17;2025-11-03;10;2544
17;2025-11-03;11;2669
17;2025-11-03;12;2725
17;2025-11-03;13;2821
17;2025-11-03;14;2819
17;2025-11-03;15;2912
17;2025-11-03;16;3055
17;2025-11-03;17;3313
17;2025-11-03;18;3365
17;2025-11-03;19;2649
17;2025-11-03;20;1830
17;2025-11-03;21;1223
17;2025-11-03;22;674
17;2025-11-03;23;378
17;2025-11-04;0;167
17;2025-11-04;1;37
17;2025-11-04;2;19
17;2025-11-04;3;19
17;2025-11-04;4;30
17;2025-11-04;5;121
17;2025-11-04;6;589
17;2025-11-04;7;1982
17;2025-11-04;8;2143
17;2025-11-04;9;2125
17;2025-11-04;10;2503
17;2025-11-04;11;2642
17;2025-11-04;12;2709
17;2025-11-04;13;2790
17;2025-11-04;14;2788
17;2025-11-04;15;2888
17;2025-11-04;16;3023
17;2025-11-04;17;3286
17;2025-11-04;18;3345
17;2025-11-04;19;2640
17;2025-11-04;20;1819
17;2025-11-04;21;1224
17;2025-11-04;22;686
17;2025-11-04;23;380
17;2025-11-05;0;117
17;2025-11-05;1;14
17;2025-11-05;2;1
17;2025-11-05;3;1
17;2025-11-05;4;10
17;2025-11-05;5;338
17;2025-11-05;6;1594
17;2025-11-05;7;4080
17;2025-11-05;8;4775
17;2025-11-05;9;3736
17;2025-11-05;10;3043
17;2025-11-05;11;2958
17;2025-11-05;12;2984
17;2025-11-05;13;3066
17;2025-11-05;14;3076
17;2025-11-05;15;3280
17;2025-11-05;16;3622
17;2025-11-05;17;4254
17;2025-11-05;18;4354
17;2025-11-05;19;3381
17;2025-11-05;20;2277
17;2025-11-05;21;1485
17;2025-11-05;22;714
17;2025-11-05;23;336
17;2025-11-06;0;116
17;2025-11-06;1;13
17;2025-11-06;2;1
17;2025-11-06;3;0
17;2025-11-06;4;16
17;2025-11-06;5;348
17;2025-11-06;6;1606
17;2025-11-06;7;4131
17;2025-11-06;8;4846
17;2025-11-06;9;3758
17;2025-11-06;10;3071
17;2025-11-06;11;2991
17;2025-11-06;12;3024
17;2025-11-06;13;3099
17;2025-11-06;14;3109
17;2025-11-06;15;3309
17;2025-11-06;16;3643
17;2025-11-06;17;4277
17;2025-11-06;18;4350
17;2025-11-06;19;3385
17;2025-11-06;20;2284
17;2025-11-06;21;1515
17;2025-11-06;22;750
17;2025-11-06;23;362
17;2025-11-07;0;117
17;2025-11-07;1;14
17;2025-11-07;2;1
17;2025-11-07;3;1
17;2025-11-07;4;15
17;2025-11-07;5;349
17;2025-11-07;6;1605
17;2025-11-07;7;4064
17;2025-11-07;8;4742
17;2025-11-07;9;3766
17;2025-11-07;10;3100
17;2025-11-07;11;3086
17;2025-11-07;12;3135
17;2025-11-07;13;3233
17;2025-11-07;14;3245
17;2025-11-07;15;3445
17;2025-11-07;16;3774
17;2025-11-07;17;4171
17;2025-11-07;18;4077
17;2025-11-07;19;3364
17;2025-11-07;20;2305
17;2025-11-07;21;1621
17;2025-11-07;22;865
17;2025-11-07;23;432
17;2025-11-08;0;143
17;2025-11-08;1;19
17;2025-11-08;2;0
17;2025-11-08;3;0
17;2025-11-08;4;10
17;2025-11-08;5;161
17;2025-11-08;6;638
17;2025-11-08;7;1794
17;2025-11-08;8;1881
17;2025-11-08;9;2123
17;2025-11-08;10;2593
17;2025-11-08;11;2776
17;2025-11-08;12;2860
17;2025-11-08;13;2943
17;2025-11-08;14;2942
17;2025-11-08;15;3016
17;2025-11-08;16;3126
17;2025-11-08;17;3090
17;2025-11-08;18;3010
17;2025-11-08;19;2618
17;2025-11-08;20;1826
17;2025-11-08;21;1309
17;2025-11-08;22;770
17;2025-11-08;23;418
17;2025-11-09;0;156
17;2025-11-09;1;22
17;2025-11-09;2;1
17;2025-11-09;3;1
17;2025-11-09;4;7
17;2025-11-09;5;91
17;2025-11-09;6;447
17;2025-11-09;7;1526
17;2025-11-09;8;1565
17;2025-11-09;9;1886
17;2025-11-09;10;2402
17;2025-11-09;11;2595
17;2025-11-09;12;2692
17;2025-11-09;13;2780
17;2025-11-09;14;2780
17;2025-11-09;15;2855
17;2025-11-09;16;2974
17;2025-11-09;17;2935
17;2025-11-09;18;2845
17;2025-11-09;19;2426
17;2025-11-09;20;1667
17;2025-11-09;21;1150
17;2025-11-09;22;623
17;2025-11-09;23;338
17;2025-11-10;0;116
17;2025-11-10;1;14
17;2025-11-10;2;0
17;2025-11-10;3;0
17;2025-11-10;4;8
17;2025-11-10;5;334
17;2025-11-10;6;1584
17;2025-11-10;7;4105
17;2025-11-10;8;4789
17;2025-11-10;9;3695
17;2025-11-10;10;3046
17;2025-11-10;11;2948
17;2025-11-10;12;2972
17;2025-11-10;13;3046
17;2025-11-10;14;3056
17;2025-11-10;15;3254
17;2025-11-10;16;3590
17;2025-11-10;17;4212
17;2025-11-10;18;4316
17;2025-11-10;19;3339
17;2025-11-10;20;2235
17;2025-11-10;21;1463
17;2025-11-10;22;673
17;2025-11-10;23;320
17;2025-11-11;0;113
17;2025-11-11;1;13
17;2025-11-11;2;0
17;2025-11-11;3;1
17;2025-11-11;4;13
17;2025-11-11;5;345
17;2025-11-11;6;1598
17;2025-11-11;7;4276
17;2025-11-11;8;4965
17;2025-11-11;9;3824
17;2025-11-11;10;3125
17;2025-11-11;11;3021
17;2025-11-11;12;3050
17;2025-11-11;13;3130
17;2025-11-11;14;3140
17;2025-11-11;15;3342
17;2025-11-11;16;3672
17;2025-11-11;17;4324
17;2025-11-11;18;4429
17;2025-11-11;19;3439
17;2025-11-11;20;2333
17;2025-11-11;21;1524
17;2025-11-11;22;721
17;2025-11-11;23;351
17;2025-11-12;0;113
17;2025-11-12;1;13
17;2025-11-12;2;0
17;2025-11-12;3;0
17;2025-11-12;4;9
17;2025-11-12;5;341
17;2025-11-12;6;1578
17;2025-11-12;7;4228
17;2025-11-12;8;4909
17;2025-11-12;9;3775
17;2025-11-12;10;3066
17;2025-11-12;11;2969
17;2025-11-12;12;2997
17;2025-11-12;13;3084
17;2025-11-12;14;3093
17;2025-11-12;15;3297
17;2025-11-12;16;3622
17;2025-11-12;17;4255
17;2025-11-12;18;4367
17;2025-11-12;19;3369
17;2025-11-12;20;2265
17;2025-11-12;21;1455
17;2025-11-12;22;682
17;2025-11-12;23;336
17;2025-11-13;0;114
17;2025-11-13;1;13
17;2025-11-13;2;0
17;2025-11-13;3;0
17;2025-11-13;4;9
17;2025-11-13;5;341
17;2025-11-13;6;1560
17;2025-11-13;7;4188
17;2025-11-13;8;4875
17;2025-11-13;9;3765
17;2025-11-13;10;3072
17;2025-11-13;11;2976
17;2025-11-13;12;3007
17;2025-11-13;13;3096
17;2025-11-13;14;3106
17;2025-11-13;15;3295
17;2025-11-13;16;3640
17;2025-11-13;17;4262
17;2025-11-13;18;4364
17;2025-11-13;19;3368
17;2025-11-13;20;2269
17;2025-11-13;21;1467
17;2025-11-13;22;700
17;2025-11-13;23;362
17;2025-11-14;0;116
17;2025-11-14;1;14
17;2025-11-14;2;0
17;2025-11-14;3;1
17;2025-11-14;4;13
17;2025-11-14;5;345
17;2025-11-14;6;1607
17;2025-11-14;7;4094
17;2025-11-14;8;4757
17;2025-11-14;9;3773
17;2025-11-14;10;3098
17;2025-11-14;11;3069
17;2025-11-14;12;3112
17;2025-11-14;13;3216
17;2025-11-14;14;3228
17;2025-11-14;15;3427
17;2025-11-14;16;3771
17;2025-11-14;17;4169
17;2025-11-14;18;4073
17;2025-11-14;19;3325
17;2025-11-14;20;2271
17;2025-11-14;21;1574
17;2025-11-14;22;804
17;2025-11-14;23;417
17;2025-11-15;0;154
17;2025-11-15;1;35
17;2025-11-15;2;17
17;2025-11-15;3;17
17;2025-11-15;4;18
17;2025-11-15;5;174
17;2025-11-15;6;611
17;2025-11-15;7;1901
17;2025-11-15;8;1987
17;2025-11-15;9;2243
17;2025-11-15;10;2599
17;2025-11-15;11;2761
17;2025-11-15;12;2834
17;2025-11-15;13;2923
17;2025-11-15;14;2922
17;2025-11-15;15;2995
17;2025-11-15;16;3105
17;2025-11-15;17;3060
17;2025-11-15;18;2976
17;2025-11-15;19;2526
17;2025-11-15;20;1735
17;2025-11-15;21;1169
17;2025-11-15;22;648
17;2025-11-15;23;377
17;2025-11-16;0;165
17;2025-11-16;1;34
17;2025-11-16;2;13
17;2025-11-16;3;13
17;2025-11-16;4;18
17;2025-11-16;5;93
17;2025-11-16;6;420
17;2025-11-16;7;1525
17;2025-11-16;8;1583
17;2025-11-16;9;1907
17;2025-11-16;10;2417
17;2025-11-16;11;2613
17;2025-11-16;12;2700
17;2025-11-16;13;2782
17;2025-11-16;14;2781
17;2025-11-16;15;2850
17;2025-11-16;16;2959
17;2025-11-16;17;2907
17;2025-11-16;18;2823
17;2025-11-16;19;2404
17;2025-11-16;20;1645
17;2025-11-16;21;1113
17;2025-11-16;22;583
17;2025-11-16;23;323
17;2025-11-17;0;115
17;2025-11-17;1;14
17;2025-11-17;2;1
17;2025-11-17;3;1
17;2025-11-17;4;12
17;2025-11-17;5;339
17;2025-11-17;6;1596
17;2025-11-17;7;4145
17;2025-11-17;8;4824
17;2025-11-17;9;3739
17;2025-11-17;10;3110
17;2025-11-17;11;3020
17;2025-11-17;12;3044
17;2025-11-17;13;3133
17;2025-11-17;14;3143
17;2025-11-17;15;3341
17;2025-11-17;16;3661
17;2025-11-17;17;4259
17;2025-11-17;18;4346
17;2025-11-17;19;3358
17;2025-11-17;20;2254
17;2025-11-17;21;1481
17;2025-11-17;22;663
17;2025-11-17;23;328
17;2025-11-18;0;112
17;2025-11-18;1;13
17;2025-11-18;2;1
17;2025-11-18;3;1
17;2025-11-18;4;8
17;2025-11-18;5;337
17;2025-11-18;6;1540
17;2025-11-18;7;4173
17;2025-11-18;8;4863
17;2025-11-18;9;3744
17;2025-11-18;10;3069
17;2025-11-18;11;2971
17;2025-11-18;12;3001
17;2025-11-18;13;3081
17;2025-11-18;14;3091
17;2025-11-18;15;3290
17;2025-11-18;16;3619
17;2025-11-18;17;4241
17;2025-11-18;18;4332
17;2025-11-18;19;3335
17;2025-11-18;20;2229
17;2025-11-18;21;1427
17;2025-11-18;22;647
17;2025-11-18;23;331
17;2025-11-19;0;114
17;2025-11-19;1;14
17;2025-11-19;2;1
17;2025-11-19;3;1
17;2025-11-19;4;9
17;2025-11-19;5;341
17;2025-11-19;6;1579
17;2025-11-19;7;4192
17;2025-11-19;8;4881
17;2025-11-19;9;3756
17;2025-11-19;10;3063
17;2025-11-19;11;2972
17;2025-11-19;12;2990
17;2025-11-19;13;3077
17;2025-11-19;14;3087
17;2025-11-19;15;3289
17;2025-11-19;16;3623
17;2025-11-19;17;4249
17;2025-11-19;18;4338
17;2025-11-19;19;3374
17;2025-11-19;20;2270
17;2025-11-19;21;1455
17;2025-11-19;22;698
17;2025-11-19;23;338
17;2025-11-20;0;116
17;2025-11-20;1;14
17;2025-11-20;2;0
17;2025-11-20;3;1
17;2025-11-20;4;13
17;2025-11-20;5;344
17;2025-11-20;6;1593
17;2025-11-20;7;4232
17;2025-11-20;8;4919
17;2025-11-20;9;3802
17;2025-11-20;10;3136
17;2025-11-20;11;3047
17;2025-11-20;12;3067
17;2025-11-20;13;3141
17;2025-11-20;14;3151
17;2025-11-20;15;3348
17;2025-11-20;16;3694
17;2025-11-20;17;4313
17;2025-11-20;18;4396
17;2025-11-20;19;3428
17;2025-11-20;20;2327
17;2025-11-20;21;1522
17;2025-11-20;22;732
17;2025-11-20;23;363
17;2025-11-21;0;117
17;2025-11-21;1;14
17;2025-11-21;2;1
17;2025-11-21;3;1
17;2025-11-21;4;13
17;2025-11-21;5;345
17;2025-11-21;6;1595
17;2025-11-21;7;4112
17;2025-11-21;8;4757
17;2025-11-21;9;3779
17;2025-11-21;10;3150
17;2025-11-21;11;3121
17;2025-11-21;12;3153
17;2025-11-21;13;3234
17;2025-11-21;14;3244
17;2025-11-21;15;3439
17;2025-11-21;16;3778
17;2025-11-21;17;4165
17;2025-11-21;18;4073
17;2025-11-21;19;3321
17;2025-11-21;20;2267
17;2025-11-21;21;1560
17;2025-11-21;22;784
17;2025-11-21;23;415
17;2025-11-22;0;141
17;2025-11-22;1;19
17;2025-11-22;2;1
17;2025-11-22;3;1
17;2025-11-22;4;11
17;2025-11-22;5;159
17;2025-11-22;6;612
17;2025-11-22;7;1882
17;2025-11-22;8;1968
17;2025-11-22;9;2223
17;2025-11-22;10;2642
17;2025-11-22;11;2806
17;2025-11-22;12;2883
17;2025-11-22;13;2977
17;2025-11-22;14;2977
17;2025-11-22;15;3049
17;2025-11-22;16;3154
17;2025-11-22;17;3108
17;2025-11-22;18;3031
17;2025-11-22;19;2634
17;2025-11-22;20;1844
17;2025-11-22;21;1287
17;2025-11-22;22;683
17;2025-11-22;23;390
17;2025-11-23;0;156
17;2025-11-23;1;22
17;2025-11-23;2;0
17;2025-11-23;3;0
17;2025-11-23;4;6
17;2025-11-23;5;82
17;2025-11-23;6;448
17;2025-11-23;7;1549
17;2025-11-23;8;1609
17;2025-11-23;9;1931
17;2025-11-23;10;2438
17;2025-11-23;11;2644
17;2025-11-23;12;2736
17;2025-11-23;13;2833
17;2025-11-23;14;2832
17;2025-11-23;15;2900
17;2025-11-23;16;3013
17;2025-11-23;17;2951
17;2025-11-23;18;2871
17;2025-11-23;19;2474
17;2025-11-23;20;1714
17;2025-11-23;21;1187
17;2025-11-23;22;635
17;2025-11-23;23;336
17;2025-11-24;0;114
17;2025-11-24;1;14
17;2025-11-24;2;1
17;2025-11-24;3;0
17;2025-11-24;4;7
17;2025-11-24;5;335
17;2025-11-24;6;1562
17;2025-11-24;7;4042
17;2025-11-24;8;4707
17;2025-11-24;9;3628
17;2025-11-24;10;2968
17;2025-11-24;11;2869
17;2025-11-24;12;2902
17;2025-11-24;13;2994
17;2025-11-24;14;3004
17;2025-11-24;15;3220
17;2025-11-24;16;3550
17;2025-11-24;17;4155
17;2025-11-24;18;4254
17;2025-11-24;19;3278
17;2025-11-24;20;2173
17;2025-11-24;21;1393
17;2025-11-24;22;589
17;2025-11-24;23;303
17;2025-11-25;0;114
17;2025-11-25;1;14
17;2025-11-25;2;1
17;2025-11-25;3;1
17;2025-11-25;4;10
17;2025-11-25;5;341
17;2025-11-25;6;1598
17;2025-11-25;7;4240
17;2025-11-25;8;4925
17;2025-11-25;9;3779
17;2025-11-25;10;3082
17;2025-11-25;11;2983
17;2025-11-25;12;3011
17;2025-11-25;13;3093
17;2025-11-25;14;3103
17;2025-11-25;15;3305
17;2025-11-25;16;3641
17;2025-11-25;17;4281
17;2025-11-25;18;4383
17;2025-11-25;19;3418
17;2025-11-25;20;2314
17;2025-11-25;21;1502
17;2025-11-25;22;702
17;2025-11-25;23;335
17;2025-11-26;0;113
17;2025-11-26;1;13
17;2025-11-26;2;1
17;2025-11-26;3;0
17;2025-11-26;4;13
17;2025-11-26;5;346
17;2025-11-26;6;1568
17;2025-11-26;7;4208
17;2025-11-26;8;4889
17;2025-11-26;9;3767
17;2025-11-26;10;3067
17;2025-11-26;11;2964
17;2025-11-26;12;2991
17;2025-11-26;13;3067
17;2025-11-26;14;3077
17;2025-11-26;15;3281
17;2025-11-26;16;3607
17;2025-11-26;17;4239
17;2025-11-26;18;4350
17;2025-11-26;19;3370
17;2025-11-26;20;2265
17;2025-11-26;21;1446
17;2025-11-26;22;653
17;2025-11-26;23;344
17;2025-11-27;0;115
17;2025-11-27;1;15
17;2025-11-27;2;2
17;2025-11-27;3;3
17;2025-11-27;4;10
17;2025-11-27;5;343
17;2025-11-27;6;1567
17;2025-11-27;7;4170
17;2025-11-27;8;4858
17;2025-11-27;9;3744
17;2025-11-27;10;3054
17;2025-11-27;11;2960
17;2025-11-27;12;2997
17;2025-11-27;13;3082
17;2025-11-27;14;3092
17;2025-11-27;15;3296
17;2025-11-27;16;3637
17;2025-11-27;17;4254
17;2025-11-27;18;4353
17;2025-11-27;19;3366
17;2025-11-27;20;2264
17;2025-11-27;21;1453
17;2025-11-27;22;669
17;2025-11-27;23;356
17;2025-11-28;0;114
17;2025-11-28;1;13
17;2025-11-28;2;0
17;2025-11-28;3;0
17;2025-11-28;4;8
17;2025-11-28;5;341
17;2025-11-28;6;1594
17;2025-11-28;7;4120
17;2025-11-28;8;4763
17;2025-11-28;9;3781
17;2025-11-28;10;3116
17;2025-11-28;11;3078
17;2025-11-28;12;3112
17;2025-11-28;13;3198
17;2025-11-28;14;3209
17;2025-11-28;15;3408
17;2025-11-28;16;3748
17;2025-11-28;17;4140
17;2025-11-28;18;4054
17;2025-11-28;19;3277
17;2025-11-28;20;2221
17;2025-11-28;21;1502
17;2025-11-28;22;739
17;2025-11-28;23;398
17;2025-11-29;0;142
17;2025-11-29;1;20
17;2025-11-29;2;2
17;2025-11-29;3;2
17;2025-11-29;4;9
17;2025-11-29;5;157
17;2025-11-29;6;635
17;2025-11-29;7;1866
17;2025-11-29;8;1946
17;2025-11-29;9;2191
17;2025-11-29;10;2634
17;2025-11-29;11;2795
17;2025-11-29;12;2875
17;2025-11-29;13;2963
17;2025-11-29;14;2963
17;2025-11-29;15;3037
17;2025-11-29;16;3151
17;2025-11-29;17;3120
17;2025-11-29;18;3047
17;2025-11-29;19;2622
17;2025-11-29;20;1833
17;2025-11-29;21;1272
17;2025-11-29;22;693
17;2025-11-29;23;393
17;2025-11-30;0;154
17;2025-11-30;1;22
17;2025-11-30;2;1
17;2025-11-30;3;1
17;2025-11-30;4;7
17;2025-11-30;5;83
17;2025-11-30;6;435
17;2025-11-30;7;1588
17;2025-11-30;8;1641
17;2025-11-30;9;1966
17;2025-11-30;10;2419
17;2025-11-30;11;2597
17;2025-11-30;12;2697
17;2025-11-30;13;2792
17;2025-11-30;14;2791
17;2025-11-30;15;2856
17;2025-11-30;16;2956
17;2025-11-30;17;2920
17;2025-11-30;18;2843
17;2025-11-30;19;2470
17;2025-11-30;20;1708
17;2025-11-30;21;1165
17;2025-11-30;22;598
17;2025-11-30;23;334
17;2025-12-01;0;116
17;2025-12-01;1;14
17;2025-12-01;2;1
17;2025-12-01;3;1
17;2025-12-01;4;6
17;2025-12-01;5;329
17;2025-12-01;6;1572
17;2025-12-01;7;4074
17;2025-12-01;8;4755
17;2025-12-01;9;3658
17;2025-12-01;10;2996
17;2025-12-01;11;2902
17;2025-12-01;12;2926
17;2025-12-01;13;3011
17;2025-12-01;14;3021
17;2025-12-01;15;3211
17;2025-12-01;16;3540
17;2025-12-01;17;4155
17;2025-12-01;18;4259
17;2025-12-01;19;3290
17;2025-12-01;20;2186
17;2025-12-01;21;1413
17;2025-12-01;22;648
17;2025-12-01;23;310
17;2025-12-02;0;113
17;2025-12-02;1;14
17;2025-12-02;2;1
17;2025-12-02;3;1
17;2025-12-02;4;10
17;2025-12-02;5;341
17;2025-12-02;6;1564
17;2025-12-02;7;4194
17;2025-12-02;8;4880
17;2025-12-02;9;3744
17;2025-12-02;10;3053
17;2025-12-02;11;2944
17;2025-12-02;12;2973
17;2025-12-02;13;3060
17;2025-12-02;14;3070
17;2025-12-02;15;3259
17;2025-12-02;16;3585
17;2025-12-02;17;4221
17;2025-12-02;18;4326
17;2025-12-02;19;3364
17;2025-12-02;20;2259
17;2025-12-02;21;1452
17;2025-12-02;22;665
17;2025-12-02;23;340
17;2025-12-03;0;113
17;2025-12-03;1;13
17;2025-12-03;2;0
17;2025-12-03;3;0
17;2025-12-03;4;10
17;2025-12-03;5;340
17;2025-12-03;6;1576
17;2025-12-03;7;4229
17;2025-12-03;8;4915
17;2025-12-03;9;3785
17;2025-12-03;10;3079
17;2025-12-03;11;2976
17;2025-12-03;12;3005
17;2025-12-03;13;3092
17;2025-12-03;14;3102
17;2025-12-03;15;3296
17;2025-12-03;16;3622
17;2025-12-03;17;4270
17;2025-12-03;18;4383
17;2025-12-03;19;3399
17;2025-12-03;20;2294
17;2025-12-03;21;1477
17;2025-12-03;22;688
17;2025-12-03;23;345
17;2025-12-04;0;113
17;2025-12-04;1;13
17;2025-12-04;2;0
17;2025-12-04;3;0
17;2025-12-04;4;10
17;2025-12-04;5;341
17;2025-12-04;6;1580
17;2025-12-04;7;4237
17;2025-12-04;8;4925
17;2025-12-04;9;3797
17;2025-12-04;10;3089
17;2025-12-04;11;2994
17;2025-12-04;12;3025
17;2025-12-04;13;3111
17;2025-12-04;14;3121
17;2025-12-04;15;3323
17;2025-12-04;16;3653
17;2025-12-04;17;4288
17;2025-12-04;18;4383
17;2025-12-04;19;3406
17;2025-12-04;20;2305
17;2025-12-04;21;1496
17;2025-12-04;22;714
17;2025-12-04;23;361
17;2025-12-05;0;114
17;2025-12-05;1;13
17;2025-12-05;2;0
17;2025-12-05;3;0
17;2025-12-05;4;9
17;2025-12-05;5;342
17;2025-12-05;6;1596
17;2025-12-05;7;4116
17;2025-12-05;8;4761
17;2025-12-05;9;3771
17;2025-12-05;10;3092
17;2025-12-05;11;3051
17;2025-12-05;12;3091
17;2025-12-05;13;3192
17;2025-12-05;14;3204
17;2025-12-05;15;3406
17;2025-12-05;16;3751
17;2025-12-05;17;4155
17;2025-12-05;18;4078
17;2025-12-05;19;3321
17;2025-12-05;20;2265
17;2025-12-05;21;1553
17;2025-12-05;22;778
17;2025-12-05;23;410
17;2025-12-06;0;140
17;2025-12-06;1;18
17;2025-12-06;2;0
17;2025-12-06;3;0
17;2025-12-06;4;6
17;2025-12-06;5;156
17;2025-12-06;6;629
17;2025-12-06;7;1862
17;2025-12-06;8;1948
17;2025-12-06;9;2200
17;2025-12-06;10;2650
17;2025-12-06;11;2806
17;2025-12-06;12;2888
17;2025-12-06;13;2983
17;2025-12-06;14;2983
17;2025-12-06;15;3048
17;2025-12-06;16;3156
17;2025-12-06;17;3123
17;2025-12-06;18;3049
17;2025-12-06;19;2642
17;2025-12-06;20;1853
17;2025-12-06;21;1288
17;2025-12-06;22;701
17;2025-12-06;23;397
17;2025-12-07;0;156
17;2025-12-07;1;22
17;2025-12-07;2;1
17;2025-12-07;3;1
17;2025-12-07;4;7
17;2025-12-07;5;82
17;2025-12-07;6;441
17;2025-12-07;7;1541
17;2025-12-07;8;1597
17;2025-12-07;9;1910
17;2025-12-07;10;2406
17;2025-12-07;11;2602
17;2025-12-07;12;2697
17;2025-12-07;13;2783
17;2025-12-07;14;2783
17;2025-12-07;15;2856
17;2025-12-07;16;2969
17;2025-12-07;17;2923
17;2025-12-07;18;2844
17;2025-12-07;19;2435
17;2025-12-07;20;1676
17;2025-12-07;21;1138
17;2025-12-07;22;595
17;2025-12-07;23;328
17;2025-12-08;0;116
17;2025-12-08;1;14
17;2025-12-08;2;1
17;2025-12-08;3;1
17;2025-12-08;4;11
17;2025-12-08;5;335
17;2025-12-08;6;1582
17;2025-12-08;7;4115
17;2025-12-08;8;4797
17;2025-12-08;9;3701
17;2025-12-08;10;3044
17;2025-12-08;11;2949
17;2025-12-08;12;2974
17;2025-12-08;13;3048
17;2025-12-08;14;3058
17;2025-12-08;15;3257
17;2025-12-08;16;3589
17;2025-12-08;17;4203
17;2025-12-08;18;4307
17;2025-12-08;19;3335
17;2025-12-08;20;2233
17;2025-12-08;21;1459
17;2025-12-08;22;674
17;2025-12-08;23;318
17;2025-12-09;0;114
17;2025-12-09;1;13
17;2025-12-09;2;0
17;2025-12-09;3;1
17;2025-12-09;4;13
17;2025-12-09;5;343
17;2025-12-09;6;1590
17;2025-12-09;7;4231
17;2025-12-09;8;4916
17;2025-12-09;9;3769
17;2025-12-09;10;3066
17;2025-12-09;11;2969
17;2025-12-09;12;2999
17;2025-12-09;13;3084
17;2025-12-09;14;3095
17;2025-12-09;15;3296
17;2025-12-09;16;3632
17;2025-12-09;17;4271
17;2025-12-09;18;4374
17;2025-12-09;19;3411
17;2025-12-09;20;2308
17;2025-12-09;21;1502
17;2025-12-09;22;710
17;2025-12-09;23;336
17;2025-12-10;0;115
17;2025-12-10;1;14
17;2025-12-10;2;1
17;2025-12-10;3;1
17;2025-12-10;4;16
17;2025-12-10;5;348
17;2025-12-10;6;1585
17;2025-12-10;7;4229
17;2025-12-10;8;4920
17;2025-12-10;9;3778
17;2025-12-10;10;3080
17;2025-12-10;11;2986
17;2025-12-10;12;3014
17;2025-12-10;13;3088
17;2025-12-10;14;3098
17;2025-12-10;15;3299
17;2025-12-10;16;3628
17;2025-12-10;17;4262
17;2025-12-10;18;4366
17;2025-12-10;19;3382
17;2025-12-10;20;2279
17;2025-12-10;21;1468
17;2025-12-10;22;704
17;2025-12-10;23;347
17;2025-12-11;0;113
17;2025-12-11;1;12
17;2025-12-11;2;0
17;2025-12-11;3;0
17;2025-12-11;4;7
17;2025-12-11;5;339
17;2025-12-11;6;1547
17;2025-12-11;7;4142
17;2025-12-11;8;4822
17;2025-12-11;9;3706
17;2025-12-11;10;3010
17;2025-12-11;11;2919
17;2025-12-11;12;2960
17;2025-12-11;13;3054
17;2025-12-11;14;3065
17;2025-12-11;15;3269
17;2025-12-11;16;3610
17;2025-12-11;17;4222
17;2025-12-11;18;4322
17;2025-12-11;19;3339
17;2025-12-11;20;2240
17;2025-12-11;21;1429
17;2025-12-11;22;663
17;2025-12-11;23;354
17;2025-12-12;0;115
17;2025-12-12;1;14
17;2025-12-12;2;1
17;2025-12-12;3;1
17;2025-12-12;4;14
17;2025-12-12;5;346
17;2025-12-12;6;1584
17;2025-12-12;7;4082
17;2025-12-12;8;4729
17;2025-12-12;9;3728
17;2025-12-12;10;3054
17;2025-12-12;11;3021
17;2025-12-12;12;3063
17;2025-12-12;13;3164
17;2025-12-12;14;3175
17;2025-12-12;15;3374
17;2025-12-12;16;3720
17;2025-12-12;17;4111
17;2025-12-12;18;4025
17;2025-12-12;19;3269
17;2025-12-12;20;2216
17;2025-12-12;21;1507
17;2025-12-12;22;761
17;2025-12-12;23;404
17;2025-12-13;0;157
17;2025-12-13;1;37
17;2025-12-13;2;18
17;2025-12-13;3;18
17;2025-12-13;4;24
17;2025-12-13;5;172
17;2025-12-13;6;596
17;2025-12-13;7;1797
17;2025-12-13;8;1875
17;2025-12-13;9;2106
17;2025-12-13;10;2534
17;2025-12-13;11;2696
17;2025-12-13;12;2781
17;2025-12-13;13;2892
17;2025-12-13;14;2892
17;2025-12-13;15;2972
17;2025-12-13;16;3091
17;2025-12-13;17;3059
17;2025-12-13;18;2981
17;2025-12-13;19;2581
17;2025-12-13;20;1797
17;2025-12-13;21;1239
17;2025-12-13;22;699
17;2025-12-13;23;388
17;2025-12-14;0;154
17;2025-12-14;1;20
17;2025-12-14;2;0
17;2025-12-14;3;0
17;2025-12-14;4;5
17;2025-12-14;5;78
17;2025-12-14;6;422
17;2025-12-14;7;1500
17;2025-12-14;8;1552
17;2025-12-14;9;1850
17;2025-12-14;10;2337
17;2025-12-14;11;2536
17;2025-12-14;12;2633
17;2025-12-14;13;2740
17;2025-12-14;14;2740
17;2025-12-14;15;2819
17;2025-12-14;16;2939
17;2025-12-14;17;2898
17;2025-12-14;18;2819
17;2025-12-14;19;2416
17;2025-12-14;20;1662
17;2025-12-14;21;1127
17;2025-12-14;22;601
17;2025-12-14;23;318
17;2025-12-15;0;117
17;2025-12-15;1;15
17;2025-12-15;2;1
17;2025-12-15;3;1
17;2025-12-15;4;9
17;2025-12-15;5;335
17;2025-12-15;6;1581
17;2025-12-15;7;4093
17;2025-12-15;8;4785
17;2025-12-15;9;3678
17;2025-12-15;10;3020
17;2025-12-15;11;2921
17;2025-12-15;12;2948
17;2025-12-15;13;3031
17;2025-12-15;14;3042
17;2025-12-15;15;3240
17;2025-12-15;16;3578
17;2025-12-15;17;4201
17;2025-12-15;18;4305
17;2025-12-15;19;3339
17;2025-12-15;20;2236
17;2025-12-15;21;1465
17;2025-12-15;22;681
17;2025-12-15;23;319
17;2025-12-16;0;113
17;2025-12-16;1;14
17;2025-12-16;2;1
17;2025-12-16;3;1
17;2025-12-16;4;14
17;2025-12-16;5;346
17;2025-12-16;6;1586
17;2025-12-16;7;4247
17;2025-12-16;8;4935
17;2025-12-16;9;3784
17;2025-12-16;10;3065
17;2025-12-16;11;2966
17;2025-12-16;12;3005
17;2025-12-16;13;3108
17;2025-12-16;14;3118
17;2025-12-16;15;3322
17;2025-12-16;16;3648
17;2025-12-16;17;4287
17;2025-12-16;18;4391
17;2025-12-16;19;3405
17;2025-12-16;20;2302
17;2025-12-16;21;1488
17;2025-12-16;22;703
17;2025-12-16;23;343
17;2025-12-17;0;113
17;2025-12-17;1;13
17;2025-12-17;2;0
17;2025-12-17;3;1
17;2025-12-17;4;10
17;2025-12-17;5;339
17;2025-12-17;6;1550
17;2025-12-17;7;4161
17;2025-12-17;8;4845
17;2025-12-17;9;3717
17;2025-12-17;10;3030
17;2025-12-17;11;2936
17;2025-12-17;12;2974
17;2025-12-17;13;3070
17;2025-12-17;14;3081
17;2025-12-17;15;3270
17;2025-12-17;16;3596
17;2025-12-17;17;4217
17;2025-12-17;18;4330
17;2025-12-17;19;3360
17;2025-12-17;20;2257
17;2025-12-17;21;1440
17;2025-12-17;22;676
17;2025-12-17;23;347
17;2025-12-18;0;114
17;2025-12-18;1;13
17;2025-12-18;2;0
17;2025-12-18;3;0
17;2025-12-18;4;9
17;2025-12-18;5;338
17;2025-12-18;6;1546
17;2025-12-18;7;4126
17;2025-12-18;8;4813
17;2025-12-18;9;3685
17;2025-12-18;10;3000
17;2025-12-18;11;2904
17;2025-12-18;12;2933
17;2025-12-18;13;3020
17;2025-12-18;14;3030
17;2025-12-18;15;3219
17;2025-12-18;16;3564
17;2025-12-18;17;4176
17;2025-12-18;18;4278
17;2025-12-18;19;3306
17;2025-12-18;20;2206
17;2025-12-18;21;1399
17;2025-12-18;22;653
17;2025-12-18;23;339
17;2025-12-19;0;115
17;2025-12-19;1;14
17;2025-12-19;2;1
17;2025-12-19;3;1
17;2025-12-19;4;10
17;2025-12-19;5;341
17;2025-12-19;6;1578
17;2025-12-19;7;4052
17;2025-12-19;8;4702
17;2025-12-19;9;3706
17;2025-12-19;10;3030
17;2025-12-19;11;2989
17;2025-12-19;12;3030
17;2025-12-19;13;3131
17;2025-12-19;14;3142
17;2025-12-19;15;3333
17;2025-12-19;16;3678
17;2025-12-19;17;4076
17;2025-12-19;18;3995
17;2025-12-19;19;3254
17;2025-12-19;20;2200
17;2025-12-19;21;1491
17;2025-12-19;22;752
17;2025-12-19;23;402
17;2025-12-20;0;141
17;2025-12-20;1;19
17;2025-12-20;2;1
17;2025-12-20;3;1
17;2025-12-20;4;8
17;2025-12-20;5;154
17;2025-12-20;6;599
17;2025-12-20;7;1827
17;2025-12-20;8;1912
17;2025-12-20;9;2144
17;2025-12-20;10;2582
17;2025-12-20;11;2740
17;2025-12-20;12;2822
17;2025-12-20;13;2917
17;2025-12-20;14;2917
17;2025-12-20;15;2977
17;2025-12-20;16;3091
17;2025-12-20;17;3062
17;2025-12-20;18;2987
17;2025-12-20;19;2581
17;2025-12-20;20;1794
17;2025-12-20;21;1232
17;2025-12-20;22;651
17;2025-12-20;23;375
17;2025-12-21;0;154
17;2025-12-21;1;22
17;2025-12-21;2;1
17;2025-12-21;3;1
17;2025-12-21;4;6
17;2025-12-21;5;79
17;2025-12-21;6;424
17;2025-12-21;7;1522
17;2025-12-21;8;1584
17;2025-12-21;9;1891
17;2025-12-21;10;2355
17;2025-12-21;11;2540
17;2025-12-21;12;2635
17;2025-12-21;13;2731
17;2025-12-21;14;2730
17;2025-12-21;15;2810
17;2025-12-21;16;2920
17;2025-12-21;17;2884
17;2025-12-21;18;2806
17;2025-12-21;19;2391
17;2025-12-21;20;1633
17;2025-12-21;21;1090
17;2025-12-21;22;565
17;2025-12-21;23;314
17;2025-12-22;0;116
17;2025-12-22;1;14
17;2025-12-22;2;0
17;2025-12-22;3;0
17;2025-12-22;4;15
17;2025-12-22;5;339
17;2025-12-22;6;1575
17;2025-12-22;7;4091
17;2025-12-22;8;4776
17;2025-12-22;9;3669
17;2025-12-22;10;3014
17;2025-12-22;11;2922
17;2025-12-22;12;2948
17;2025-12-22;13;3032
17;2025-12-22;14;3042
17;2025-12-22;15;3240
17;2025-12-22;16;3574
17;2025-12-22;17;4185
17;2025-12-22;18;4287
17;2025-12-22;19;3309
17;2025-12-22;20;2207
17;2025-12-22;21;1436
17;2025-12-22;22;662
17;2025-12-22;23;316
17;2025-12-23;0;112
17;2025-12-23;1;13
17;2025-12-23;2;0
17;2025-12-23;3;0
17;2025-12-23;4;8
17;2025-12-23;5;337
17;2025-12-23;6;1561
17;2025-12-23;7;4159
17;2025-12-23;8;4841
17;2025-12-23;9;3681
17;2025-12-23;10;2956
17;2025-12-23;11;2850
17;2025-12-23;12;2881
17;2025-12-23;13;2967
17;2025-12-23;14;2978
17;2025-12-23;15;3185
17;2025-12-23;16;3523
17;2025-12-23;17;4162
17;2025-12-23;18;4268
17;2025-12-23;19;3343
17;2025-12-23;20;2243
17;2025-12-23;21;1437
17;2025-12-23;22;697
17;2025-12-23;23;320
17;2025-12-24;0;115
17;2025-12-24;1;13
17;2025-12-24;2;0
17;2025-12-24;3;1
17;2025-12-24;4;13
17;2025-12-24;5;344
17;2025-12-24;6;1580
17;2025-12-24;7;4201
17;2025-12-24;8;4889
17;2025-12-24;9;3743
17;2025-12-24;10;3029
17;2025-12-24;11;2936
17;2025-12-24;12;2966
17;2025-12-24;13;3056
17;2025-12-24;14;3065
17;2025-12-24;15;3272
17;2025-12-24;16;3608
17;2025-12-24;17;4243
17;2025-12-24;18;4346
17;2025-12-24;19;3374
17;2025-12-24;20;2275
17;2025-12-24;21;1466
17;2025-12-24;22;699
17;2025-12-24;23;338
17;2025-12-25;0;114
17;2025-12-25;1;13
17;2025-12-25;2;0
17;2025-12-25;3;1
17;2025-12-25;4;14
17;2025-12-25;5;347
17;2025-12-25;6;1576
17;2025-12-25;7;4201
17;2025-12-25;8;4886
17;2025-12-25;9;3754
17;2025-12-25;10;3055
17;2025-12-25;11;2973
17;2025-12-25;12;3013
17;2025-12-25;13;3110
17;2025-12-25;14;3120
17;2025-12-25;15;3321
17;2025-12-25;16;3662
17;2025-12-25;17;4289
17;2025-12-25;18;4383
17;2025-12-25;19;3387
17;2025-12-25;20;2289
17;2025-12-25;21;1480
17;2025-12-25;22;714
17;2025-12-25;23;365
17;2025-12-26;0;115
17;2025-12-26;1;14
17;2025-12-26;2;1
17;2025-12-26;3;0
17;2025-12-26;4;15
17;2025-12-26;5;349
17;2025-12-26;6;1591
17;2025-12-26;7;4121
17;2025-12-26;8;4766
17;2025-12-26;9;3772
17;2025-12-26;10;3084
17;2025-12-26;11;3058
17;2025-12-26;12;3109
17;2025-12-26;13;3224
17;2025-12-26;14;3236
17;2025-12-26;15;3435
17;2025-12-26;16;3780
17;2025-12-26;17;4177
17;2025-12-26;18;4085
17;2025-12-26;19;3339
17;2025-12-26;20;2287
17;2025-12-26;21;1573
17;2025-12-26;22;799
17;2025-12-26;23;421
17;2025-12-27;0;142
17;2025-12-27;1;19
17;2025-12-27;2;1
17;2025-12-27;3;1
17;2025-12-27;4;8
17;2025-12-27;5;156
17;2025-12-27;6;624
17;2025-12-27;7;1840
17;2025-12-27;8;1930
17;2025-12-27;9;2160
17;2025-12-27;10;2605
17;2025-12-27;11;2775
17;2025-12-27;12;2858
17;2025-12-27;13;2953
17;2025-12-27;14;2953
17;2025-12-27;15;3025
17;2025-12-27;16;3140
17;2025-12-27;17;3103
17;2025-12-27;18;3026
17;2025-12-27;19;2598
17;2025-12-27;20;1809
17;2025-12-27;21;1251
17;2025-12-27;22;690
17;2025-12-27;23;385
17;2025-12-28;0;153
17;2025-12-28;1;21
17;2025-12-28;2;0
17;2025-12-28;3;0
17;2025-12-28;4;7
17;2025-12-28;5;82
17;2025-12-28;6;432
17;2025-12-28;7;1512
17;2025-12-28;8;1573
17;2025-12-28;9;1871
17;2025-12-28;10;2360
17;2025-12-28;11;2553
17;2025-12-28;12;2648
17;2025-12-28;13;2744
17;2025-12-28;14;2743
17;2025-12-28;15;2818
17;2025-12-28;16;2932
17;2025-12-28;17;2888
17;2025-12-28;18;2810
17;2025-12-28;19;2387
17;2025-12-28;20;1629
17;2025-12-28;21;1087
17;2025-12-28;22;572
17;2025-12-28;23;313
17;2025-12-29;0;117
17;2025-12-29;1;15
17;2025-12-29;2;1
17;2025-12-29;3;1
17;2025-12-29;4;10
17;2025-12-29;5;335
17;2025-12-29;6;1580
17;2025-12-29;7;4029
17;2025-12-29;8;4721
17;2025-12-29;9;3652
17;2025-12-29;10;2979
17;2025-12-29;11;2885
17;2025-12-29;12;2912
17;2025-12-29;13;2998
17;2025-12-29;14;3008
17;2025-12-29;15;3213
17;2025-12-29;16;3543
17;2025-12-29;17;4157
17;2025-12-29;18;4252
17;2025-12-29;19;3277
17;2025-12-29;20;2178
17;2025-12-29;21;1412
17;2025-12-29;22;656
17;2025-12-29;23;313
17;2025-12-30;0;114
17;2025-12-30;1;14
17;2025-12-30;2;0
17;2025-12-30;3;1
17;2025-12-30;4;13
17;2025-12-30;5;345
17;2025-12-30;6;1600
17;2025-12-30;7;4127
17;2025-12-30;8;4791
17;2025-12-30;9;3733
17;2025-12-30;10;3059
17;2025-12-30;11;2971
17;2025-12-30;12;3000
17;2025-12-30;13;3096
17;2025-12-30;14;3106
17;2025-12-30;15;3307
17;2025-12-30;16;3632
17;2025-12-30;17;4248
17;2025-12-30;18;4318
17;2025-12-30;19;3333
17;2025-12-30;20;2233
17;2025-12-30;21;1454
17;2025-12-30;22;717
17;2025-12-30;23;359
17;2025-12-31;0;163
17;2025-12-31;1;34
17;2025-12-31;2;15
17;2025-12-31;3;16
17;2025-12-31;4;25
17;2025-12-31;5;110
17;2025-12-31;6;596
17;2025-12-31;7;2087
17;2025-12-31;8;2258
17;2025-12-31;9;2271
17;2025-12-31;10;2573
17;2025-12-31;11;2707
17;2025-12-31;12;2751
17;2025-12-31;13;2824
17;2025-12-31;14;2822
17;2025-12-31;15;2914
17;2025-12-31;16;3047
17;2025-12-31;17;3301
17;2025-12-31;18;3356
17;2025-12-31;19;2625
17;2025-12-31;20;1807
17;2025-12-31;21;1174
17;2025-12-31;22;642
17;2025-12-31;23;369
25;2025-11-01;0;3
25;2025-11-01;1;0
25;2025-11-01;2;0
25;2025-11-01;3;0
25;2025-11-01;4;0
25;2025-11-01;5;40
25;2025-11-01;6;249
25;2025-11-01;7;485
25;2025-11-01;8;905
25;2025-11-01;9;476
25;2025-11-01;10;445
25;2025-11-01;11;477
25;2025-11-01;12;484
25;2025-11-01;13;592
25;2025-11-01;14;593
25;2025-11-01;15;649
25;2025-11-01;16;748
25;2025-11-01;17;790
25;2025-11-01;18;769
25;2025-11-01;19;537
25;2025-11-01;20;296
25;2025-11-01;21;227
25;2025-11-01;22;90
25;2025-11-01;23;2
25;2025-11-02;0;16
25;2025-11-02;1;2
25;2025-11-02;2;0
25;2025-11-02;3;0
25;2025-11-02;4;0
25;2025-11-02;5;0
25;2025-11-02;6;100
25;2025-11-02;7;142
25;2025-11-02;8;208
25;2025-11-02;9;244
25;2025-11-02;10;338
25;2025-11-02;11;383
25;2025-11-02;12;400
25;2025-11-02;13;506
25;2025-11-02;14;510
25;2025-11-02;15;555
25;2025-11-02;16;555
25;2025-11-02;17;507
25;2025-11-02;18;468
25;2025-11-02;19;424
25;2025-11-02;20;257
25;2025-11-02;21;198
25;2025-11-02;22;96
25;2025-11-02;23;25
25;2025-11-03;0;32
25;2025-11-03;1;17
25;2025-11-03;2;15
25;2025-11-03;3;15
25;2025-11-03;4;15
25;2025-11-03;5;11
25;2025-11-03;6;127
25;2025-11-03;7;207
25;2025-11-03;8;313
25;2025-11-03;9;281
25;2025-11-03;10;364
25;2025-11-03;11;394
25;2025-11-03;12;409
25;2025-11-03;13;514
25;2025-11-03;14;515
25;2025-11-03;15;568
25;2025-11-03;16;580
25;2025-11-03;17;575
25;2025-11-03;18;581
25;2025-11-03;19;476
25;2025-11-03;20;290
25;2025-11-03;21;216
25;2025-11-03;22;110
25;2025-11-03;23;31
25;2025-11-04;0;32
25;2025-11-04;1;17
25;2025-11-04;2;14
25;2025-11-04;3;15
25;2025-11-04;4;14
25;2025-11-04;5;12
25;2025-11-04;6;129
25;2025-11-04;7;210
25;2025-11-04;8;317
25;2025-11-04;9;282
25;2025-11-04;10;362
25;2025-11-04;11;394
25;2025-11-04;12;412
25;2025-11-04;13;511
25;2025-11-04;14;513
25;2025-11-04;15;564
25;2025-11-04;16;587
25;2025-11-04;17;583
25;2025-11-04;18;589
25;2025-11-04;19;477
25;2025-11-04;20;293
25;2025-11-04;21;221
25;2025-11-04;22;118
25;2025-11-04;23;42
25;2025-11-05;0;8
25;2025-11-05;1;1
25;2025-11-05;2;0
25;2025-11-05;3;0
25;2025-11-05;4;0
25;2025-11-05;5;42
25;2025-11-05;6;250
25;2025-11-05;7;494
25;2025-11-05;8;942
25;2025-11-05;9;475
25;2025-11-05;10;409
25;2025-11-05;11;427
25;2025-11-05;12;431
25;2025-11-05;13;539
25;2025-11-05;14;539
25;2025-11-05;15;597
25;2025-11-05;16;709
25;2025-11-05;17;798
25;2025-11-05;18;845
25;2025-11-05;19;577
25;2025-11-05;20;319
25;2025-11-05;21;229
25;2025-11-05;22;87
25;2025-11-05;23;0
25;2025-11-06;0;6
25;2025-11-06;1;0
25;2025-11-06;2;0
25;2025-11-06;3;0
25;2025-11-06;4;1
25;2025-11-06;5;48
25;2025-11-06;6;259
25;2025-11-06;7;505
25;2025-11-06;8;961
25;2025-11-06;9;484
25;2025-11-06;10;427
25;2025-11-06;11;447
25;2025-11-06;12;455
25;2025-11-06;13;553
25;2025-11-06;14;553
25;2025-11-06;15;606
25;2025-11-06;16;727
25;2025-11-06;17;818
25;2025-11-06;18;849
25;2025-11-06;19;574
25;2025-11-06;20;324
25;2025-11-06;21;239
25;2025-11-06;22;97
25;2025-11-06;23;7
25;2025-11-07;0;7
25;2025-11-07;1;1
25;2025-11-07;2;0
25;2025-11-07;3;0
25;2025-11-07;4;1
25;2025-11-07;5;50
25;2025-11-07;6;266
25;2025-11-07;7;510
25;2025-11-07;8;962
25;2025-11-07;9;484
25;2025-11-07;10;448
25;2025-11-07;11;485
25;2025-11-07;12;496
25;2025-11-07;13;603
25;2025-11-07;14;606
25;2025-11-07;15;671
25;2025-11-07;16;783
25;2025-11-07;17;837
25;2025-11-07;18;819
25;2025-11-07;19;576
25;2025-11-07;20;325
25;2025-11-07;21;247
25;2025-11-07;22;110
25;2025-11-07;23;23
25;2025-11-08;0;12
25;2025-11-08;1;2
25;2025-11-08;2;0
25;2025-11-08;3;0
25;2025-11-08;4;0
25;2025-11-08;5;4
25;2025-11-08;6;122
25;2025-11-08;7;182
25;2025-11-08;8;284
25;2025-11-08;9;283
25;2025-11-08;10;365
25;2025-11-08;11;397
25;2025-11-08;12;412
25;2025-11-08;13;519
25;2025-11-08;14;524
25;2025-11-08;15;571
25;2025-11-08;16;582
25;2025-11-08;17;548
25;2025-11-08;18;507
25;2025-11-08;19;450
25;2025-11-08;20;273
25;2025-11-08;21;208
25;2025-11-08;22;111
25;2025-11-08;23;32
25;2025-11-09;0;18
25;2025-11-09;1;3
25;2025-11-09;2;0
25;2025-11-09;3;0
25;2025-11-09;4;0
25;2025-11-09;5;0
25;2025-11-09;6;93
25;2025-11-09;7;138
25;2025-11-09;8;187
25;2025-11-09;9;234
25;2025-11-09;10;322
25;2025-11-09;11;360
25;2025-11-09;12;379
25;2025-11-09;13;478
25;2025-11-09;14;481
25;2025-11-09;15;520
25;2025-11-09;16;518
25;2025-11-09;17;480
25;2025-11-09;18;437
25;2025-11-09;19;409
25;2025-11-09;20;246
25;2025-11-09;21;187
25;2025-11-09;22;87
25;2025-11-09;23;21
25;2025-11-10;0;7
25;2025-11-10;1;0
25;2025-11-10;2;0
25;2025-11-10;3;0
25;2025-11-10;4;0
25;2025-11-10;5;44
25;2025-11-10;6;249
25;2025-11-10;7;507
25;2025-11-10;8;997
25;2025-11-10;9;494
25;2025-11-10;10;420
25;2025-11-10;11;441
25;2025-11-10;12;448
25;2025-11-10;13;547
25;2025-11-10;14;547
25;2025-11-10;15;599
25;2025-11-10;16;728
25;2025-11-10;17;825
25;2025-11-10;18;870
25;2025-11-10;19;569
25;2025-11-10;20;314
25;2025-11-10;21;224
25;2025-11-10;22;79
25;2025-11-10;23;0
25;2025-11-11;0;6
25;2025-11-11;1;0
25;2025-11-11;2;0
25;2025-11-11;3;0
25;2025-11-11;4;0
25;2025-11-11;5;44
25;2025-11-11;6;255
25;2025-11-11;7;517
25;2025-11-11;8;990
25;2025-11-11;9;493
25;2025-11-11;10;430
25;2025-11-11;11;451
25;2025-11-11;12;456
25;2025-11-11;13;554
25;2025-11-11;14;554
25;2025-11-11;15;616
25;2025-11-11;16;730
25;2025-11-11;17;827
25;2025-11-11;18;873
25;2025-11-11;19;585
25;2025-11-11;20;329
25;2025-11-11;21;241
25;2025-11-11;22;96
25;2025-11-11;23;4
25;2025-11-12;0;6
25;2025-11-12;1;0
25;2025-11-12;2;0
25;2025-11-12;3;0
25;2025-11-12;4;0
25;2025-11-12;5;43
25;2025-11-12;6;256
25;2025-11-12;7;516
25;2025-11-12;8;986
25;2025-11-12;9;497
25;2025-11-12;10;433
25;2025-11-12;11;455
25;2025-11-12;12;460
25;2025-11-12;13;562
25;2025-11-12;14;561
25;2025-11-12;15;619
25;2025-11-12;16;730
25;2025-11-12;17;825
25;2025-11-12;18;881
25;2025-11-12;19;583
25;2025-11-12;20;326
25;2025-11-12;21;236
25;2025-11-12;22;88
25;2025-11-12;23;0
25;2025-11-13;0;5
25;2025-11-13;1;0
25;2025-11-13;2;0
25;2025-11-13;3;0
25;2025-11-13;4;0
25;2025-11-13;5;41
25;2025-11-13;6;253
25;2025-11-13;7;514
25;2025-11-13;8;937
25;2025-11-13;9;483
25;2025-11-13;10;420
25;2025-11-13;11;443
25;2025-11-13;12;450
25;2025-11-13;13;552
25;2025-11-13;14;552
25;2025-11-13;15;594
25;2025-11-13;16;709
25;2025-11-13;17;792
25;2025-11-13;18;838
25;2025-11-13;19;566
25;2025-11-13;20;312
25;2025-11-13;21;225
25;2025-11-13;22;82
25;2025-11-13;23;0
25;2025-11-14;0;7
25;2025-11-14;1;1
25;2025-11-14;2;0
25;2025-11-14;3;0
25;2025-11-14;4;0
25;2025-11-14;5;48
25;2025-11-14;6;264
25;2025-11-14;7;508
25;2025-11-14;8;959
25;2025-11-14;9;481
25;2025-11-14;10;440
25;2025-11-14;11;470
25;2025-11-14;12;479
25;2025-11-14;13;597
25;2025-11-14;14;598
25;2025-11-14;15;660
25;2025-11-14;16;765
25;2025-11-14;17;823
25;2025-11-14;18;799
25;2025-11-14;19;560
25;2025-11-14;20;314
25;2025-11-14;21;239
25;2025-11-14;22;99
25;2025-11-14;23;10
25;2025-11-15;0;32
25;2025-11-15;1;23
25;2025-11-15;2;21
25;2025-11-15;3;21
25;2025-11-15;4;18
25;2025-11-15;5;22
25;2025-11-15;6;135
25;2025-11-15;7;199
25;2025-11-15;8;289
25;2025-11-15;9;316
25;2025-11-15;10;387
25;2025-11-15;11;417
25;2025-11-15;12;428
25;2025-11-15;13;539
25;2025-11-15;14;542
25;2025-11-15;15;584
25;2025-11-15;16;574
25;2025-11-15;17;531
25;2025-11-15;18;495
25;2025-11-15;19;455
25;2025-11-15;20;283
25;2025-11-15;21;211
25;2025-11-15;22;117
25;2025-11-15;23;38
25;2025-11-16;0;54
25;2025-11-16;1;38
25;2025-11-16;2;36
25;2025-11-16;3;36
25;2025-11-16;4;36
25;2025-11-16;5;28
25;2025-11-16;6;120
25;2025-11-16;7;163
25;2025-11-16;8;222
25;2025-11-16;9;273
25;2025-11-16;10;358
25;2025-11-16;11;401
25;2025-11-16;12;416
25;2025-11-16;13;520
25;2025-11-16;14;523
25;2025-11-16;15;554
25;2025-11-16;16;549
25;2025-11-16;17;502
25;2025-11-16;18;467
25;2025-11-16;19;434
25;2025-11-16;20;268
25;2025-11-16;21;207
25;2025-11-16;22;114
25;2025-11-16;23;25
25;2025-11-17;0;8
25;2025-11-17;1;1
25;2025-11-17;2;0
25;2025-11-17;3;0
25;2025-11-17;4;2
25;2025-11-17;5;50
25;2025-11-17;6;257
25;2025-11-17;7;515
25;2025-11-17;8;995
25;2025-11-17;9;504
25;2025-11-17;10;444
25;2025-11-17;11;468
25;2025-11-17;12;467
25;2025-11-17;13;568
25;2025-11-17;14;569
25;2025-11-17;15;617
25;2025-11-17;16;735
25;2025-11-17;17;824
25;2025-11-17;18;875
25;2025-11-17;19;608
25;2025-11-17;20;344
25;2025-11-17;21;253
25;2025-11-17;22;101
25;2025-11-17;23;9
25;2025-11-18;0;6
25;2025-11-18;1;0
25;2025-11-18;2;0
25;2025-11-18;3;0
25;2025-11-18;4;0
25;2025-11-18;5;44
25;2025-11-18;6;252
25;2025-11-18;7;511
25;2025-11-18;8;927
25;2025-11-18;9;474
25;2025-11-18;10;424
25;2025-11-18;11;449
25;2025-11-18;12;448
25;2025-11-18;13;546
25;2025-11-18;14;547
25;2025-11-18;15;588
25;2025-11-18;16;702
25;2025-11-18;17;791
25;2025-11-18;18;845
25;2025-11-18;19;578
25;2025-11-18;20;319
25;2025-11-18;21;232
25;2025-11-18;22;88
25;2025-11-18;23;0
25;2025-11-19;0;8
25;2025-11-19;1;1
25;2025-11-19;2;1
25;2025-11-19;3;0
25;2025-11-19;4;0
25;2025-11-19;5;42
25;2025-11-19;6;252
25;2025-11-19;7;509
25;2025-11-19;8;953
25;2025-11-19;9;491
25;2025-11-19;10;429
25;2025-11-19;11;450
25;2025-11-19;12;446
25;2025-11-19;13;558
25;2025-11-19;14;558
25;2025-11-19;15;613
25;2025-11-19;16;718
25;2025-11-19;17;809
25;2025-11-19;18;853
25;2025-11-19;19;578
25;2025-11-19;20;318
25;2025-11-19;21;229
25;2025-11-19;22;87
25;2025-11-19;23;0
25;2025-11-20;0;5
25;2025-11-20;1;0
25;2025-11-20;2;0
25;2025-11-20;3;0
25;2025-11-20;4;0
25;2025-11-20;5;45
25;2025-11-20;6;257
25;2025-11-20;7;515
25;2025-11-20;8;986
25;2025-11-20;9;496
25;2025-11-20;10;444
25;2025-11-20;11;468
25;2025-11-20;12;465
25;2025-11-20;13;573
25;2025-11-20;14;573
25;2025-11-20;15;633
25;2025-11-20;16;741
25;2025-11-20;17;829
25;2025-11-20;18;867
25;2025-11-20;19;581
25;2025-11-20;20;323
25;2025-11-20;21;236
25;2025-11-20;22;89
25;2025-11-20;23;0
25;2025-11-21;0;8
25;2025-11-21;1;2
25;2025-11-21;2;1
25;2025-11-21;3;0
25;2025-11-21;4;1
25;2025-11-21;5;46
25;2025-11-21;6;263
25;2025-11-21;7;509
25;2025-11-21;8;977
25;2025-11-21;9;495
25;2025-11-21;10;457
25;2025-11-21;11;488
25;2025-11-21;12;491
25;2025-11-21;13;602
25;2025-11-21;14;602
25;2025-11-21;15;667
25;2025-11-21;16;768
25;2025-11-21;17;819
25;2025-11-21;18;801
25;2025-11-21;19;550
25;2025-11-21;20;304
25;2025-11-21;21;229
25;2025-11-21;22;85
25;2025-11-21;23;0
25;2025-11-22;0;9
25;2025-11-22;1;0
25;2025-11-22;2;0
25;2025-11-22;3;0
25;2025-11-22;4;0
25;2025-11-22;5;0
25;2025-11-22;6;117
25;2025-11-22;7;184
25;2025-11-22;8;267
25;2025-11-22;9;311
25;2025-11-22;10;382
25;2025-11-22;11;399
25;2025-11-22;12;412
25;2025-11-22;13;528
25;2025-11-22;14;531
25;2025-11-22;15;560
25;2025-11-22;16;565
25;2025-11-22;17;528
25;2025-11-22;18;488
25;2025-11-22;19;432
25;2025-11-22;20;254
25;2025-11-22;21;187
25;2025-11-22;22;89
25;2025-11-22;23;11
25;2025-11-23;0;39
25;2025-11-23;1;24
25;2025-11-23;2;22
25;2025-11-23;3;22
25;2025-11-23;4;21
25;2025-11-23;5;14
25;2025-11-23;6;114
25;2025-11-23;7;158
25;2025-11-23;8;234
25;2025-11-23;9;267
25;2025-11-23;10;352
25;2025-11-23;11;397
25;2025-11-23;12;415
25;2025-11-23;13;530
25;2025-11-23;14;534
25;2025-11-23;15;566
25;2025-11-23;16;567
25;2025-11-23;17;522
25;2025-11-23;18;490
25;2025-11-23;19;436
25;2025-11-23;20;261
25;2025-11-23;21;200
25;2025-11-23;22;101
25;2025-11-23;23;9
25;2025-11-24;0;8
25;2025-11-24;1;1
25;2025-11-24;2;0
25;2025-11-24;3;0
25;2025-11-24;4;0
25;2025-11-24;5;48
25;2025-11-24;6;254
25;2025-11-24;7;513
25;2025-11-24;8;979
25;2025-11-24;9;513
25;2025-11-24;10;440
25;2025-11-24;11;449
25;2025-11-24;12;454
25;2025-11-24;13;555
25;2025-11-24;14;555
25;2025-11-24;15;590
25;2025-11-24;16;729
25;2025-11-24;17;824
25;2025-11-24;18;876
25;2025-11-24;19;594
25;2025-11-24;20;333
25;2025-11-24;21;242
25;2025-11-24;22;97
25;2025-11-24;23;7
25;2025-11-25;0;7
25;2025-11-25;1;1
25;2025-11-25;2;0
25;2025-11-25;3;0
25;2025-11-25;4;1
25;2025-11-25;5;45
25;2025-11-25;6;255
25;2025-11-25;7;515
25;2025-11-25;8;1002
25;2025-11-25;9;492
25;2025-11-25;10;431
25;2025-11-25;11;449
25;2025-11-25;12;452
25;2025-11-25;13;559
25;2025-11-25;14;559
25;2025-11-25;15;620
25;2025-11-25;16;735
25;2025-11-25;17;830
25;2025-11-25;18;875
25;2025-11-25;19;589
25;2025-11-25;20;328
25;2025-11-25;21;239
25;2025-11-25;22;97
25;2025-11-25;23;7
25;2025-11-26;0;5
25;2025-11-26;1;0
25;2025-11-26;2;0
25;2025-11-26;3;0
25;2025-11-26;4;0
25;2025-11-26;5;45
25;2025-11-26;6;256
25;2025-11-26;7;518
25;2025-11-26;8;965
25;2025-11-26;9;493
25;2025-11-26;10;430
25;2025-11-26;11;454
25;2025-11-26;12;457
25;2025-11-26;13;558
25;2025-11-26;14;557
25;2025-11-26;15;602
25;2025-11-26;16;728
25;2025-11-26;17;827
25;2025-11-26;18;874
25;2025-11-26;19;583
25;2025-11-26;20;325
25;2025-11-26;21;234
25;2025-11-26;22;91
25;2025-11-26;23;1
25;2025-11-27;0;4
25;2025-11-27;1;0
25;2025-11-27;2;0
25;2025-11-27;3;0
25;2025-11-27;4;0
25;2025-11-27;5;44
25;2025-11-27;6;259
25;2025-11-27;7;520
25;2025-11-27;8;974
25;2025-11-27;9;494
25;2025-11-27;10;429
25;2025-11-27;11;456
25;2025-11-27;12;461
25;2025-11-27;13;565
25;2025-11-27;14;565
25;2025-11-27;15;612
25;2025-11-27;16;727
25;2025-11-27;17;809
25;2025-11-27;18;863
25;2025-11-27;19;584
25;2025-11-27;20;329
25;2025-11-27;21;241
25;2025-11-27;22;96
25;2025-11-27;23;9
25;2025-11-28;0;7
25;2025-11-28;1;1
25;2025-11-28;2;0
25;2025-11-28;3;0
25;2025-11-28;4;0
25;2025-11-28;5;46
25;2025-11-28;6;261
25;2025-11-28;7;509
25;2025-11-28;8;972
25;2025-11-28;9;496
25;2025-11-28;10;451
25;2025-11-28;11;480
25;2025-11-28;12;486
25;2025-11-28;13;590
25;2025-11-28;14;591
25;2025-11-28;15;656
25;2025-11-28;16;752
25;2025-11-28;17;799
25;2025-11-28;18;782
25;2025-11-28;19;543
25;2025-11-28;20;302
25;2025-11-28;21;228
25;2025-11-28;22;87
25;2025-11-28;23;0
25;2025-11-29;0;11
25;2025-11-29;1;2
25;2025-11-29;2;0
25;2025-11-29;3;0
25;2025-11-29;4;0
25;2025-11-29;5;5
25;2025-11-29;6;123
25;2025-11-29;7;188
25;2025-11-29;8;299
25;2025-11-29;9;302
25;2025-11-29;10;373
25;2025-11-29;11;405
25;2025-11-29;12;417
25;2025-11-29;13;527
25;2025-11-29;14;530
25;2025-11-29;15;575
25;2025-11-29;16;573
25;2025-11-29;17;535
25;2025-11-29;18;500
25;2025-11-29;19;437
25;2025-11-29;20;268
25;2025-11-29;21;201
25;2025-11-29;22;99
25;2025-11-29;23;18
25;2025-11-30;0;38
25;2025-11-30;1;23
25;2025-11-30;2;21
25;2025-11-30;3;21
25;2025-11-30;4;18
25;2025-11-30;5;9
25;2025-11-30;6;113
25;2025-11-30;7;160
25;2025-11-30;8;242
25;2025-11-30;9;289
25;2025-11-30;10;372
25;2025-11-30;11;392
25;2025-11-30;12;413
25;2025-11-30;13;520
25;2025-11-30;14;522
25;2025-11-30;15;556
25;2025-11-30;16;558
25;2025-11-30;17;521
25;2025-11-30;18;485
25;2025-11-30;19;435
25;2025-11-30;20;264
25;2025-11-30;21;203
25;2025-11-30;22;100
25;2025-11-30;23;12
25;2025-12-01;0;8
25;2025-12-01;1;1
25;2025-12-01;2;0
25;2025-12-01;3;0
25;2025-12-01;4;1
25;2025-12-01;5;43
25;2025-12-01;6;249
25;2025-12-01;7;508
25;2025-12-01;8;997
25;2025-12-01;9;498
25;2025-12-01;10;424
25;2025-12-01;11;443
25;2025-12-01;12;449
25;2025-12-01;13;551
25;2025-12-01;14;551
25;2025-12-01;15;602
25;2025-12-01;16;726
25;2025-12-01;17;826
25;2025-12-01;18;871
25;2025-12-01;19;574
25;2025-12-01;20;317
25;2025-12-01;21;226
25;2025-12-01;22;81
25;2025-12-01;23;0
25;2025-12-02;0;5
25;2025-12-02;1;0
25;2025-12-02;2;0
25;2025-12-02;3;0
25;2025-12-02;4;0
25;2025-12-02;5;41
25;2025-12-02;6;249
25;2025-12-02;7;512
25;2025-12-02;8;972
25;2025-12-02;9;484
25;2025-12-02;10;417
25;2025-12-02;11;439
25;2025-12-02;12;444
25;2025-12-02;13;547
25;2025-12-02;14;547
25;2025-12-02;15;590
25;2025-12-02;16;719
25;2025-12-02;17;819
25;2025-12-02;18;860
25;2025-12-02;19;569
25;2025-12-02;20;312
25;2025-12-02;21;224
25;2025-12-02;22;87
25;2025-12-02;23;0
25;2025-12-03;0;5
25;2025-12-03;1;0
25;2025-12-03;2;0
25;2025-12-03;3;0
25;2025-12-03;4;0
25;2025-12-03;5;42
25;2025-12-03;6;256
25;2025-12-03;7;518
25;2025-12-03;8;998
25;2025-12-03;9;499
25;2025-12-03;10;436
25;2025-12-03;11;459
25;2025-12-03;12;465
25;2025-12-03;13;567
25;2025-12-03;14;568
25;2025-12-03;15;627
25;2025-12-03;16;746
25;2025-12-03;17;847
25;2025-12-03;18;902
25;2025-12-03;19;585
25;2025-12-03;20;328
25;2025-12-03;21;238
25;2025-12-03;22;89
25;2025-12-03;23;0
25;2025-12-04;0;5
25;2025-12-04;1;0
25;2025-12-04;2;0
25;2025-12-04;3;0
25;2025-12-04;4;0
25;2025-12-04;5;45
25;2025-12-04;6;259
25;2025-12-04;7;522
25;2025-12-04;8;997
25;2025-12-04;9;504
25;2025-12-04;10;440
25;2025-12-04;11;463
25;2025-12-04;12;470
25;2025-12-04;13;574
25;2025-12-04;14;574
25;2025-12-04;15;635
25;2025-12-04;16;742
25;2025-12-04;17;830
25;2025-12-04;18;874
25;2025-12-04;19;590
25;2025-12-04;20;334
25;2025-12-04;21;247
25;2025-12-04;22;97
25;2025-12-04;23;3
25;2025-12-05;0;5
25;2025-12-05;1;0
25;2025-12-05;2;0
25;2025-12-05;3;0
25;2025-12-05;4;0
25;2025-12-05;5;42
25;2025-12-05;6;260
25;2025-12-05;7;511
25;2025-12-05;8;988
25;2025-12-05;9;499
25;2025-12-05;10;450
25;2025-12-05;11;478
25;2025-12-05;12;487
25;2025-12-05;13;598
25;2025-12-05;14;599
25;2025-12-05;15;668
25;2025-12-05;16;771
25;2025-12-05;17;824
25;2025-12-05;18;812
25;2025-12-05;19;554
25;2025-12-05;20;311
25;2025-12-05;21;238
25;2025-12-05;22;94
25;2025-12-05;23;6
25;2025-12-06;0;10
25;2025-12-06;1;1
25;2025-12-06;2;0
25;2025-12-06;3;0
25;2025-12-06;4;0
25;2025-12-06;5;1
25;2025-12-06;6;122
25;2025-12-06;7;189
25;2025-12-06;8;311
25;2025-12-06;9;321
25;2025-12-06;10;392
25;2025-12-06;11;406
25;2025-12-06;12;420
25;2025-12-06;13;529
25;2025-12-06;14;532
25;2025-12-06;15;576
25;2025-12-06;16;577
25;2025-12-06;17;544
25;2025-12-06;18;509
25;2025-12-06;19;440
25;2025-12-06;20;270
25;2025-12-06;21;204
25;2025-12-06;22;100
25;2025-12-06;23;18
25;2025-12-07;0;40
25;2025-12-07;1;25
25;2025-12-07;2;23
25;2025-12-07;3;23
25;2025-12-07;4;22
25;2025-12-07;5;15
25;2025-12-07;6;115
25;2025-12-07;7;161
25;2025-12-07;8;230
25;2025-12-07;9;270
25;2025-12-07;10;349
25;2025-12-07;11;390
25;2025-12-07;12;409
25;2025-12-07;13;510
25;2025-12-07;14;513
25;2025-12-07;15;546
25;2025-12-07;16;543
25;2025-12-07;17;500
25;2025-12-07;18;463
25;2025-12-07;19;422
25;2025-12-07;20;259
25;2025-12-07;21;199
25;2025-12-07;22;99
25;2025-12-07;23;9
25;2025-12-08;0;8
25;2025-12-08;1;1
25;2025-12-08;2;0
25;2025-12-08;3;0
25;2025-12-08;4;1
25;2025-12-08;5;43
25;2025-12-08;6;250
25;2025-12-08;7;508
25;2025-12-08;8;995
25;2025-12-08;9;492
25;2025-12-08;10;419
25;2025-12-08;11;439
25;2025-12-08;12;445
25;2025-12-08;13;547
25;2025-12-08;14;547
25;2025-12-08;15;597
25;2025-12-08;16;719
25;2025-12-08;17;817
25;2025-12-08;18;864
25;2025-12-08;19;566
25;2025-12-08;20;311
25;2025-12-08;21;221
25;2025-12-08;22;76
25;2025-12-08;23;0
25;2025-12-09;0;7
25;2025-12-09;1;1
25;2025-12-09;2;0
25;2025-12-09;3;0
25;2025-12-09;4;1
25;2025-12-09;5;44
25;2025-12-09;6;255
25;2025-12-09;7;514
25;2025-12-09;8;1001
25;2025-12-09;9;487
25;2025-12-09;10;422
25;2025-12-09;11;443
25;2025-12-09;12;448
25;2025-12-09;13;559
25;2025-12-09;14;559
25;2025-12-09;15;616
25;2025-12-09;16;734
25;2025-12-09;17;827
25;2025-12-09;18;874
25;2025-12-09;19;587
25;2025-12-09;20;325
25;2025-12-09;21;238
25;2025-12-09;22;97
25;2025-12-09;23;7
25;2025-12-10;0;6
25;2025-12-10;1;0
25;2025-12-10;2;0
25;2025-12-10;3;0
25;2025-12-10;4;1
25;2025-12-10;5;45
25;2025-12-10;6;258
25;2025-12-10;7;519
25;2025-12-10;8;989
25;2025-12-10;9;497
25;2025-12-10;10;433
25;2025-12-10;11;455
25;2025-12-10;12;459
25;2025-12-10;13;561
25;2025-12-10;14;561
25;2025-12-10;15;614
25;2025-12-10;16;726
25;2025-12-10;17;819
25;2025-12-10;18;866
25;2025-12-10;19;575
25;2025-12-10;20;318
25;2025-12-10;21;230
25;2025-12-10;22;85
25;2025-12-10;23;0
25;2025-12-11;0;4
25;2025-12-11;1;0
25;2025-12-11;2;0
25;2025-12-11;3;0
25;2025-12-11;4;0
25;2025-12-11;5;41
25;2025-12-11;6;254
25;2025-12-11;7;516
25;2025-12-11;8;947
25;2025-12-11;9;488
25;2025-12-11;10;418
25;2025-12-11;11;446
25;2025-12-11;12;453
25;2025-12-11;13;557
25;2025-12-11;14;557
25;2025-12-11;15;596
25;2025-12-11;16;713
25;2025-12-11;17;787
25;2025-12-11;18;836
25;2025-12-11;19;569
25;2025-12-11;20;318
25;2025-12-11;21;233
25;2025-12-11;22;92
25;2025-12-11;23;6
25;2025-12-12;0;8
25;2025-12-12;1;1
25;2025-12-12;2;8
25;2025-12-12;3;8
25;2025-12-12;4;9
25;2025-12-12;5;55
25;2025-12-12;6;269
25;2025-12-12;7;517
25;2025-12-12;8;974
25;2025-12-12;9;493
25;2025-12-12;10;443
25;2025-12-12;11;473
25;2025-12-12;12;481
25;2025-12-12;13;592
25;2025-12-12;14;593
25;2025-12-12;15;652
25;2025-12-12;16;752
25;2025-12-12;17;794
25;2025-12-12;18;779
25;2025-12-12;19;550
25;2025-12-12;20;309
25;2025-12-12;21;235
25;2025-12-12;22;95
25;2025-12-12;23;8
25;2025-12-13;0;30
25;2025-12-13;1;20
25;2025-12-13;2;26
25;2025-12-13;3;26
25;2025-12-13;4;26
25;2025-12-13;5;29
25;2025-12-13;6;140
25;2025-12-13;7;201
25;2025-12-13;8;282
25;2025-12-13;9;303
25;2025-12-13;10;363
25;2025-12-13;11;395
25;2025-12-13;12;410
25;2025-12-13;13;518
25;2025-12-13;14;521
25;2025-12-13;15;558
25;2025-12-13;16;549
25;2025-12-13;17;509
25;2025-12-13;18;475
25;2025-12-13;19;433
25;2025-12-13;20;271
25;2025-12-13;21;208
25;2025-12-13;22;115
25;2025-12-13;23;33
25;2025-12-14;0;41
25;2025-12-14;1;25
25;2025-12-14;2;31
25;2025-12-14;3;31
25;2025-12-14;4;30
25;2025-12-14;5;22
25;2025-12-14;6;122
25;2025-12-14;7;164
25;2025-12-14;8;212
25;2025-12-14;9;261
25;2025-12-14;10;335
25;2025-12-14;11;377
25;2025-12-14;12;396
25;2025-12-14;13;495
25;2025-12-14;14;498
25;2025-12-14;15;524
25;2025-12-14;16;523
25;2025-12-14;17;479
25;2025-12-14;18;444
25;2025-12-14;19;411
25;2025-12-14;20;256
25;2025-12-14;21;198
25;2025-12-14;22;102
25;2025-12-14;23;12
25;2025-12-15;0;0
25;2025-12-15;1;0
25;2025-12-15;2;0
25;2025-12-15;3;0
25;2025-12-15;4;1
25;2025-12-15;5;46
25;2025-12-15;6;251
25;2025-12-15;7;508
25;2025-12-15;8;997
25;2025-12-15;9;486
25;2025-12-15;10;409
25;2025-12-15;11;432
25;2025-12-15;12;439
25;2025-12-15;13;540
25;2025-12-15;14;540
25;2025-12-15;15;587
25;2025-12-15;16;718
25;2025-12-15;17;812
25;2025-12-15;18;859
25;2025-12-15;19;558
25;2025-12-15;20;307
25;2025-12-15;21;222
25;2025-12-15;22;85
25;2025-12-15;23;0
25;2025-12-16;0;0
25;2025-12-16;1;0
25;2025-12-16;2;0
25;2025-12-16;3;0
25;2025-12-16;4;1
25;2025-12-16;5;47
25;2025-12-16;6;260
25;2025-12-16;7;522
25;2025-12-16;8;1002
25;2025-12-16;9;492
25;2025-12-16;10;426
25;2025-12-16;11;450
25;2025-12-16;12;456
25;2025-12-16;13;562
25;2025-12-16;14;561
25;2025-12-16;15;620
25;2025-12-16;16;729
25;2025-12-16;17;820
25;2025-12-16;18;875
25;2025-12-16;19;590
25;2025-12-16;20;327
25;2025-12-16;21;246
25;2025-12-16;22;106
25;2025-12-16;23;12
25;2025-12-17;0;2
25;2025-12-17;1;0
25;2025-12-17;2;2
25;2025-12-17;3;2
25;2025-12-17;4;2
25;2025-12-17;5;47
25;2025-12-17;6;260
25;2025-12-17;7;522
25;2025-12-17;8;957
25;2025-12-17;9;488
25;2025-12-17;10;418
25;2025-12-17;11;445
25;2025-12-17;12;451
25;2025-12-17;13;561
25;2025-12-17;14;561
25;2025-12-17;15;602
25;2025-12-17;16;718
25;2025-12-17;17;809
25;2025-12-17;18;866
25;2025-12-17;19;576
25;2025-12-17;20;314
25;2025-12-17;21;228
25;2025-12-17;22;90
25;2025-12-17;23;1
25;2025-12-18;0;2
25;2025-12-18;1;0
25;2025-12-18;2;3
25;2025-12-18;3;3
25;2025-12-18;4;1
25;2025-12-18;5;43
25;2025-12-18;6;252
25;2025-12-18;7;511
25;2025-12-18;8;941
25;2025-12-18;9;475
25;2025-12-18;10;408
25;2025-12-18;11;431
25;2025-12-18;12;437
25;2025-12-18;13;539
25;2025-12-18;14;539
25;2025-12-18;15;574
25;2025-12-18;16;690
25;2025-12-18;17;768
25;2025-12-18;18;813
25;2025-12-18;19;553
25;2025-12-18;20;303
25;2025-12-18;21;214
25;2025-12-18;22;81
25;2025-12-18;23;0
25;2025-12-19;0;2
25;2025-12-19;1;0
25;2025-12-19;2;3
25;2025-12-19;3;2
25;2025-12-19;4;1
25;2025-12-19;5;44
25;2025-12-19;6;258
25;2025-12-19;7;506
25;2025-12-19;8;975
25;2025-12-19;9;482
25;2025-12-19;10;430
25;2025-12-19;11;461
25;2025-12-19;12;469
25;2025-12-19;13;581
25;2025-12-19;14;581
25;2025-12-19;15;645
25;2025-12-19;16;746
25;2025-12-19;17;796
25;2025-12-19;18;786
25;2025-12-19;19;537
25;2025-12-19;20;296
25;2025-12-19;21;224
25;2025-12-19;22;89
25;2025-12-19;23;6
25;2025-12-20;0;5
25;2025-12-20;1;0
25;2025-12-20;2;1
25;2025-12-20;3;1
25;2025-12-20;4;0
25;2025-12-20;5;0
25;2025-12-20;6;116
25;2025-12-20;7;181
25;2025-12-20;8;257
25;2025-12-20;9;296
25;2025-12-20;10;363
25;2025-12-20;11;378
25;2025-12-20;12;392
25;2025-12-20;13;500
25;2025-12-20;14;503
25;2025-12-20;15;526
25;2025-12-20;16;530
25;2025-12-20;17;494
25;2025-12-20;18;456
25;2025-12-20;19;415
25;2025-12-20;20;247
25;2025-12-20;21;182
25;2025-12-20;22;92
25;2025-12-20;23;16
25;2025-12-21;0;33
25;2025-12-21;1;18
25;2025-12-21;2;23
25;2025-12-21;3;24
25;2025-12-21;4;21
25;2025-12-21;5;10
25;2025-12-21;6;110
25;2025-12-21;7;152
25;2025-12-21;8;213
25;2025-12-21;9;268
25;2025-12-21;10;343
25;2025-12-21;11;366
25;2025-12-21;12;386
25;2025-12-21;13;484
25;2025-12-21;14;486
25;2025-12-21;15;517
25;2025-12-21;16;514
25;2025-12-21;17;469
25;2025-12-21;18;437
25;2025-12-21;19;404
25;2025-12-21;20;245
25;2025-12-21;21;190
25;2025-12-21;22;95
25;2025-12-21;23;10
25;2025-12-22;0;0
25;2025-12-22;1;0
25;2025-12-22;2;0
25;2025-12-22;3;0
25;2025-12-22;4;2
25;2025-12-22;5;46
25;2025-12-22;6;250
25;2025-12-22;7;506
25;2025-12-22;8;978
25;2025-12-22;9;483
25;2025-12-22;10;408
25;2025-12-22;11;430
25;2025-12-22;12;436
25;2025-12-22;13;531
25;2025-12-22;14;532
25;2025-12-22;15;574
25;2025-12-22;16;697
25;2025-12-22;17;785
25;2025-12-22;18;835
25;2025-12-22;19;553
25;2025-12-22;20;307
25;2025-12-22;21;222
25;2025-12-22;22;85
25;2025-12-22;23;0
25;2025-12-23;0;0
25;2025-12-23;1;0
25;2025-12-23;2;0
25;2025-12-23;3;0
25;2025-12-23;4;0
25;2025-12-23;5;39
25;2025-12-23;6;245
25;2025-12-23;7;492
25;2025-12-23;8;944
25;2025-12-23;9;459
25;2025-12-23;10;384
25;2025-12-23;11;401
25;2025-12-23;12;406
25;2025-12-23;13;509
25;2025-12-23;14;509
25;2025-12-23;15;562
25;2025-12-23;16;671
25;2025-12-23;17;765
25;2025-12-23;18;813
25;2025-12-23;19;544
25;2025-12-23;20;297
25;2025-12-23;21;216
25;2025-12-23;22;88
25;2025-12-23;23;0
25;2025-12-24;0;3
25;2025-12-24;1;0
25;2025-12-24;2;4
25;2025-12-24;3;4
25;2025-12-24;4;5
25;2025-12-24;5;49
25;2025-12-24;6;262
25;2025-12-24;7;520
25;2025-12-24;8;984
25;2025-12-24;9;492
25;2025-12-24;10;424
25;2025-12-24;11;445
25;2025-12-24;12;450
25;2025-12-24;13;551
25;2025-12-24;14;551
25;2025-12-24;15;603
25;2025-12-24;16;717
25;2025-12-24;17;807
25;2025-12-24;18;857
25;2025-12-24;19;567
25;2025-12-24;20;318
25;2025-12-24;21;231
25;2025-12-24;22;93
25;2025-12-24;23;1
25;2025-12-25;0;2
25;2025-12-25;1;0
25;2025-12-25;2;2
25;2025-12-25;3;2
25;2025-12-25;4;4
25;2025-12-25;5;53
25;2025-12-25;6;266
25;2025-12-25;7;526
25;2025-12-25;8;979
25;2025-12-25;9;498
25;2025-12-25;10;431
25;2025-12-25;11;457
25;2025-12-25;12;465
25;2025-12-25;13;569
25;2025-12-25;14;569
25;2025-12-25;15;625
25;2025-12-25;16;728
25;2025-12-25;17;803
25;2025-12-25;18;852
25;2025-12-25;19;588
25;2025-12-25;20;337
25;2025-12-25;21;254
25;2025-12-25;22;110
25;2025-12-25;23;14
25;2025-12-26;0;4
25;2025-12-26;1;0
25;2025-12-26;2;4
25;2025-12-26;3;4
25;2025-12-26;4;5
25;2025-12-26;5;54
25;2025-12-26;6;270
25;2025-12-26;7;518
25;2025-12-26;8;974
25;2025-12-26;9;496
25;2025-12-26;10;445
25;2025-12-26;11;482
25;2025-12-26;12;491
25;2025-12-26;13;600
25;2025-12-26;14;602
25;2025-12-26;15;665
25;2025-12-26;16;772
25;2025-12-26;17;811
25;2025-12-26;18;793
25;2025-12-26;19;551
25;2025-12-26;20;312
25;2025-12-26;21;241
25;2025-12-26;22;102
25;2025-12-26;23;11
25;2025-12-27;0;4
25;2025-12-27;1;0
25;2025-12-27;2;1
25;2025-12-27;3;1
25;2025-12-27;4;0
25;2025-12-27;5;4
25;2025-12-27;6;122
25;2025-12-27;7;185
25;2025-12-27;8;284
25;2025-12-27;9;289
25;2025-12-27;10;359
25;2025-12-27;11;391
25;2025-12-27;12;405
25;2025-12-27;13;513
25;2025-12-27;14;516
25;2025-12-27;15;553
25;2025-12-27;16;551
25;2025-12-27;17;503
25;2025-12-27;18;468
25;2025-12-27;19;428
25;2025-12-27;20;259
25;2025-12-27;21;200
25;2025-12-27;22;104
25;2025-12-27;23;23
25;2025-12-28;0;33
25;2025-12-28;1;18
25;2025-12-28;2;24
25;2025-12-28;3;24
25;2025-12-28;4;22
25;2025-12-28;5;15
25;2025-12-28;6;114
25;2025-12-28;7;157
25;2025-12-28;8;218
25;2025-12-28;9;256
25;2025-12-28;10;333
25;2025-12-28;11;374
25;2025-12-28;12;393
25;2025-12-28;13;492
25;2025-12-28;14;494
25;2025-12-28;15;522
25;2025-12-28;16;516
25;2025-12-28;17;472
25;2025-12-28;18;438
25;2025-12-28;19;405
25;2025-12-28;20;245
25;2025-12-28;21;186
25;2025-12-28;22;93
25;2025-12-28;23;6
25;2025-12-29;0;1
25;2025-12-29;1;0
25;2025-12-29;2;1
25;2025-12-29;3;1
25;2025-12-29;4;1
25;2025-12-29;5;46
25;2025-12-29;6;250
25;2025-12-29;7;500
25;2025-12-29;8;995
25;2025-12-29;9;489
25;2025-12-29;10;414
25;2025-12-29;11;437
25;2025-12-29;12;445
25;2025-12-29;13;548
25;2025-12-29;14;548
25;2025-12-29;15;600
25;2025-12-29;16;729
25;2025-12-29;17;815
25;2025-12-29;18;857
25;2025-12-29;19;561
25;2025-12-29;20;307
25;2025-12-29;21;225
25;2025-12-29;22;87
25;2025-12-29;23;0
25;2025-12-30;0;0
25;2025-12-30;1;0
25;2025-12-30;2;0
25;2025-12-30;3;0
25;2025-12-30;4;0
25;2025-12-30;5;46
25;2025-12-30;6;255
25;2025-12-30;7;495
25;2025-12-30;8;970
25;2025-12-30;9;472
25;2025-12-30;10;427
25;2025-12-30;11;449
25;2025-12-30;12;456
25;2025-12-30;13;560
25;2025-12-30;14;560
25;2025-12-30;15;626
25;2025-12-30;16;730
25;2025-12-30;17;809
25;2025-12-30;18;845
25;2025-12-30;19;563
25;2025-12-30;20;310
25;2025-12-30;21;231
25;2025-12-30;22;96
25;2025-12-30;23;6
25;2025-12-31;0;55
25;2025-12-31;1;40
25;2025-12-31;2;39
25;2025-12-31;3;39
25;2025-12-31;4;39
25;2025-12-31;5;35
25;2025-12-31;6;153
25;2025-12-31;7;224
25;2025-12-31;8;343
25;2025-12-31;9;317
25;2025-12-31;10;401
25;2025-12-31;11;436
25;2025-12-31;12;444
25;2025-12-31;13;544
25;2025-12-31;14;546
25;2025-12-31;15;597
25;2025-12-31;16;605
25;2025-12-31;17;600
25;2025-12-31;18;606
25;2025-12-31;19;496
25;2025-12-31;20;313
25;2025-12-31;21;239
25;2025-12-31;22;130
25;2025-12-31;23;30
26;2025-11-01;0;28
26;2025-11-01;1;3
26;2025-11-01;2;2
26;2025-11-01;3;2
26;2025-11-01;4;5
26;2025-11-01;5;141
26;2025-11-01;6;434
26;2025-11-01;7;1335
26;2025-11-01;8;1851
26;2025-11-01;9;1417
26;2025-11-01;10;1196
26;2025-11-01;11;1177
26;2025-11-01;12;1206
26;2025-11-01;13;1233
26;2025-11-01;14;1242
26;2025-11-01;15;1309
26;2025-11-01;16;1482
26;2025-11-01;17;1652
26;2025-11-01;18;1552
26;2025-11-01;19;1101
26;2025-11-01;20;696
26;2025-11-01;21;448
26;2025-11-01;22;227
26;2025-11-01;23;113
26;2025-11-02;0;36
26;2025-11-02;1;2
26;2025-11-02;2;0
26;2025-11-02;3;0
26;2025-11-02;4;0
26;2025-11-02;5;33
26;2025-11-02;6;145
26;2025-11-02;7;237
26;2025-11-02;8;404
26;2025-11-02;9;490
26;2025-11-02;10;595
26;2025-11-02;11;813
26;2025-11-02;12;849
26;2025-11-02;13;876
26;2025-11-02;14;875
26;2025-11-02;15;864
26;2025-11-02;16;863
26;2025-11-02;17;796
26;2025-11-02;18;699
26;2025-11-02;19;488
26;2025-11-02;20;370
26;2025-11-02;21;294
26;2025-11-02;22;150
26;2025-11-02;23;57
26;2025-11-03;0;52
26;2025-11-03;1;16
26;2025-11-03;2;15
26;2025-11-03;3;15
26;2025-11-03;4;14
26;2025-11-03;5;52
26;2025-11-03;6;200
26;2025-11-03;7;433
26;2025-11-03;8;628
26;2025-11-03;9;605
26;2025-11-03;10;684
26;2025-11-03;11;831
26;2025-11-03;12;865
26;2025-11-03;13;887
26;2025-11-03;14;884
26;2025-11-03;15;893
26;2025-11-03;16;895
26;2025-11-03;17;1024
26;2025-11-03;18;1035
26;2025-11-03;19;652
26;2025-11-03;20;500
26;2025-11-03;21;325
26;2025-11-03;22;174
26;2025-11-03;23;72
26;2025-11-04;0;52
26;2025-11-04;1;17
26;2025-11-04;2;15
26;2025-11-04;3;15
26;2025-11-04;4;16
26;2025-11-04;5;54
26;2025-11-04;6;198
26;2025-11-04;7;434
26;2025-11-04;8;623
26;2025-11-04;9;606
26;2025-11-04;10;685
26;2025-11-04;11;822
26;2025-11-04;12;856
26;2025-11-04;13;884
26;2025-11-04;14;881
26;2025-11-04;15;896
26;2025-11-04;16;902
26;2025-11-04;17;1036
26;2025-11-04;18;1045
26;2025-11-04;19;661
26;2025-11-04;20;492
26;2025-11-04;21;325
26;2025-11-04;22;177
26;2025-11-04;23;79
26;2025-11-05;0;25
26;2025-11-05;1;1
26;2025-11-05;2;0
26;2025-11-05;3;0
26;2025-11-05;4;3
26;2025-11-05;5;135
26;2025-11-05;6;439
26;2025-11-05;7;1499
26;2025-11-05;8;2024
26;2025-11-05;9;1523
26;2025-11-05;10;1252
26;2025-11-05;11;1160
26;2025-11-05;12;1182
26;2025-11-05;13;1210
26;2025-11-05;14;1217
26;2025-11-05;15;1313
26;2025-11-05;16;1485
26;2025-11-05;17;1856
26;2025-11-05;18;1900
26;2025-11-05;19;1296
26;2025-11-05;20;850
26;2025-11-05;21;442
26;2025-11-05;22;212
26;2025-11-05;23;85
26;2025-11-06;0;24
26;2025-11-06;1;0
26;2025-11-06;2;0
26;2025-11-06;3;0
26;2025-11-06;4;2
26;2025-11-06;5;141
26;2025-11-06;6;447
26;2025-11-06;7;1501
26;2025-11-06;8;2039
26;2025-11-06;9;1538
26;2025-11-06;10;1278
26;2025-11-06;11;1190
26;2025-11-06;12;1217
26;2025-11-06;13;1242
26;2025-11-06;14;1249
26;2025-11-06;15;1343
26;2025-11-06;16;1516
26;2025-11-06;17;1888
26;2025-11-06;18;1904
26;2025-11-06;19;1292
26;2025-11-06;20;841
26;2025-11-06;21;447
26;2025-11-06;22;219
26;2025-11-06;23;90
26;2025-11-07;0;24
26;2025-11-07;1;0
26;2025-11-07;2;0
26;2025-11-07;3;0
26;2025-11-07;4;2
26;2025-11-07;5;141
26;2025-11-07;6;450
26;2025-11-07;7;1511
26;2025-11-07;8;2040
26;2025-11-07;9;1549
26;2025-11-07;10;1306
26;2025-11-07;11;1238
26;2025-11-07;12;1275
26;2025-11-07;13;1313
26;2025-11-07;14;1322
26;2025-11-07;15;1417
26;2025-11-07;16;1588
26;2025-11-07;17;1783
26;2025-11-07;18;1688
26;2025-11-07;19;1255
26;2025-11-07;20;840
26;2025-11-07;21;454
26;2025-11-07;22;234
26;2025-11-07;23;114
26;2025-11-08;0;35
26;2025-11-08;1;1
26;2025-11-08;2;0
26;2025-11-08;3;0
26;2025-11-08;4;0
26;2025-11-08;5;66
26;2025-11-08;6;202
26;2025-11-08;7;390
26;2025-11-08;8;556
26;2025-11-08;9;647
26;2025-11-08;10;748
26;2025-11-08;11;907
26;2025-11-08;12;950
26;2025-11-08;13;975
26;2025-11-08;14;974
26;2025-11-08;15;969
26;2025-11-08;16;971
26;2025-11-08;17;933
26;2025-11-08;18;838
26;2025-11-08;19;639
26;2025-11-08;20;450
26;2025-11-08;21;333
26;2025-11-08;22;189
26;2025-11-08;23;80
26;2025-11-09;0;38
26;2025-11-09;1;3
26;2025-11-09;2;0
26;2025-11-09;3;0
26;2025-11-09;4;1
26;2025-11-09;5;31
26;2025-11-09;6;140
26;2025-11-09;7;243
26;2025-11-09;8;389
26;2025-11-09;9;470
26;2025-11-09;10;564
26;2025-11-09;11;752
26;2025-11-09;12;792
26;2025-11-09;13;815
26;2025-11-09;14;814
26;2025-11-09;15;811
26;2025-11-09;16;810
26;2025-11-09;17;760
26;2025-11-09;18;661
26;2025-11-09;19;458
26;2025-11-09;20;352
26;2025-11-09;21;280
26;2025-11-09;22;136
26;2025-11-09;23;45
26;2025-11-10;0;24
26;2025-11-10;1;0
26;2025-11-10;2;0
26;2025-11-10;3;0
26;2025-11-10;4;3
26;2025-11-10;5;133
26;2025-11-10;6;436
26;2025-11-10;7;1501
26;2025-11-10;8;2052
26;2025-11-10;9;1536
26;2025-11-10;10;1256
26;2025-11-10;11;1167
26;2025-11-10;12;1188
26;2025-11-10;13;1210
26;2025-11-10;14;1217
26;2025-11-10;15;1309
26;2025-11-10;16;1478
26;2025-11-10;17;1850
26;2025-11-10;18;1897
26;2025-11-10;19;1285
26;2025-11-10;20;849
26;2025-11-10;21;439
26;2025-11-10;22;205
26;2025-11-10;23;73
26;2025-11-11;0;23
26;2025-11-11;1;0
26;2025-11-11;2;0
26;2025-11-11;3;0
26;2025-11-11;4;3
26;2025-11-11;5;141
26;2025-11-11;6;448
26;2025-11-11;7;1513
26;2025-11-11;8;2069
26;2025-11-11;9;1548
26;2025-11-11;10;1279
26;2025-11-11;11;1209
26;2025-11-11;12;1235
26;2025-11-11;13;1258
26;2025-11-11;14;1265
26;2025-11-11;15;1360
26;2025-11-11;16;1530
26;2025-11-11;17;1914
26;2025-11-11;18;1954
26;2025-11-11;19;1305
26;2025-11-11;20;856
26;2025-11-11;21;459
26;2025-11-11;22;224
26;2025-11-11;23;90
26;2025-11-12;0;23
26;2025-11-12;1;0
26;2025-11-12;2;0
26;2025-11-12;3;0
26;2025-11-12;4;1
26;2025-11-12;5;136
26;2025-11-12;6;446
26;2025-11-12;7;1495
26;2025-11-12;8;2043
26;2025-11-12;9;1527
26;2025-11-12;10;1256
26;2025-11-12;11;1165
26;2025-11-12;12;1190
26;2025-11-12;13;1216
26;2025-11-12;14;1222
26;2025-11-12;15;1319
26;2025-11-12;16;1490
26;2025-11-12;17;1863
26;2025-11-12;18;1912
26;2025-11-12;19;1272
26;2025-11-12;20;830
26;2025-11-12;21;445
26;2025-11-12;22;207
26;2025-11-12;23;78
26;2025-11-13;0;23
26;2025-11-13;1;0
26;2025-11-13;2;0
26;2025-11-13;3;0
26;2025-11-13;4;0
26;2025-11-13;5;136
26;2025-11-13;6;442
26;2025-11-13;7;1475
26;2025-11-13;8;1994
26;2025-11-13;9;1508
26;2025-11-13;10;1236
26;2025-11-13;11;1152
26;2025-11-13;12;1179
26;2025-11-13;13;1204
26;2025-11-13;14;1211
26;2025-11-13;15;1303
26;2025-11-13;16;1479
26;2025-11-13;17;1839
26;2025-11-13;18;1874
26;2025-11-13;19;1240
26;2025-11-13;20;795
26;2025-11-13;21;429
26;2025-11-13;22;202
26;2025-11-13;23;88
26;2025-11-14;0;24
26;2025-11-14;1;0
26;2025-11-14;2;0
26;2025-11-14;3;0
26;2025-11-14;4;2
26;2025-11-14;5;139
26;2025-11-14;6;448
26;2025-11-14;7;1490
26;2025-11-14;8;2026
26;2025-11-14;9;1528
26;2025-11-14;10;1281
26;2025-11-14;11;1222
26;2025-11-14;12;1256
26;2025-11-14;13;1291
26;2025-11-14;14;1300
26;2025-11-14;15;1393
26;2025-11-14;16;1561
26;2025-11-14;17;1755
26;2025-11-14;18;1649
26;2025-11-14;19;1203
26;2025-11-14;20;807
26;2025-11-14;21;446
26;2025-11-14;22;222
26;2025-11-14;23;109
26;2025-11-15;0;54
26;2025-11-15;1;22
26;2025-11-15;2;20
26;2025-11-15;3;20
26;2025-11-15;4;18
26;2025-11-15;5;84
26;2025-11-15;6;214
26;2025-11-15;7;383
26;2025-11-15;8;565
26;2025-11-15;9;658
26;2025-11-15;10;746
26;2025-11-15;11;911
26;2025-11-15;12;946
26;2025-11-15;13;973
26;2025-11-15;14;972
26;2025-11-15;15;965
26;2025-11-15;16;969
26;2025-11-15;17;920
26;2025-11-15;18;830
26;2025-11-15;19;605
26;2025-11-15;20;439
26;2025-11-15;21;329
26;2025-11-15;22;184
26;2025-11-15;23;75
26;2025-11-16;0;75
26;2025-11-16;1;40
26;2025-11-16;2;37
26;2025-11-16;3;37
26;2025-11-16;4;37
26;2025-11-16;5;60
26;2025-11-16;6;161
26;2025-11-16;7;254
26;2025-11-16;8;414
26;2025-11-16;9;501
26;2025-11-16;10;598
26;2025-11-16;11;794
26;2025-11-16;12;826
26;2025-11-16;13;851
26;2025-11-16;14;850
26;2025-11-16;15;841
26;2025-11-16;16;844
26;2025-11-16;17;782
26;2025-11-16;18;693
26;2025-11-16;19;479
26;2025-11-16;20;378
26;2025-11-16;21;296
26;2025-11-16;22;158
26;2025-11-16;23;45
26;2025-11-17;0;25
26;2025-11-17;1;1
26;2025-11-17;2;1
26;2025-11-17;3;1
26;2025-11-17;4;3
26;2025-11-17;5;134
26;2025-11-17;6;437
26;2025-11-17;7;1512
26;2025-11-17;8;2054
26;2025-11-17;9;1545
26;2025-11-17;10;1280
26;2025-11-17;11;1208
26;2025-11-17;12;1218
26;2025-11-17;13;1248
26;2025-11-17;14;1255
26;2025-11-17;15;1346
26;2025-11-17;16;1521
26;2025-11-17;17;1878
26;2025-11-17;18;1903
26;2025-11-17;19;1287
26;2025-11-17;20;852
26;2025-11-17;21;447
26;2025-11-17;22;208
26;2025-11-17;23;77
26;2025-11-18;0;23
26;2025-11-18;1;0
26;2025-11-18;2;0
26;2025-11-18;3;0
26;2025-11-18;4;0
26;2025-11-18;5;134
26;2025-11-18;6;438
26;2025-11-18;7;1486
26;2025-11-18;8;2002
26;2025-11-18;9;1506
26;2025-11-18;10;1249
26;2025-11-18;11;1181
26;2025-11-18;12;1196
26;2025-11-18;13;1224
26;2025-11-18;14;1232
26;2025-11-18;15;1320
26;2025-11-18;16;1496
26;2025-11-18;17;1860
26;2025-11-18;18;1886
26;2025-11-18;19;1254
26;2025-11-18;20;813
26;2025-11-18;21;428
26;2025-11-18;22;196
26;2025-11-18;23;75
26;2025-11-19;0;24
26;2025-11-19;1;1
26;2025-11-19;2;1
26;2025-11-19;3;1
26;2025-11-19;4;4
26;2025-11-19;5;138
26;2025-11-19;6;447
26;2025-11-19;7;1490
26;2025-11-19;8;2039
26;2025-11-19;9;1532
26;2025-11-19;10;1266
26;2025-11-19;11;1179
26;2025-11-19;12;1194
26;2025-11-19;13;1222
26;2025-11-19;14;1229
26;2025-11-19;15;1322
26;2025-11-19;16;1497
26;2025-11-19;17;1858
26;2025-11-19;18;1894
26;2025-11-19;19;1284
26;2025-11-19;20;844
26;2025-11-19;21;445
26;2025-11-19;22;210
26;2025-11-19;23;79
26;2025-11-20;0;24
26;2025-11-20;1;0
26;2025-11-20;2;0
26;2025-11-20;3;0
26;2025-11-20;4;3
26;2025-11-20;5;138
26;2025-11-20;6;447
26;2025-11-20;7;1497
26;2025-11-20;8;2042
26;2025-11-20;9;1538
26;2025-11-20;10;1287
26;2025-11-20;11;1214
26;2025-11-20;12;1231
26;2025-11-20;13;1248
26;2025-11-20;14;1255
26;2025-11-20;15;1345
26;2025-11-20;16;1507
26;2025-11-20;17;1864
26;2025-11-20;18;1887
26;2025-11-20;19;1282
26;2025-11-20;20;845
26;2025-11-20;21;448
26;2025-11-20;22;213
26;2025-11-20;23;82
26;2025-11-21;0;25
26;2025-11-21;1;2
26;2025-11-21;2;1
26;2025-11-21;3;1
26;2025-11-21;4;4
26;2025-11-21;5;139
26;2025-11-21;6;450
26;2025-11-21;7;1484
26;2025-11-21;8;2027
26;2025-11-21;9;1536
26;2025-11-21;10;1297
26;2025-11-21;11;1244
26;2025-11-21;12;1268
26;2025-11-21;13;1292
26;2025-11-21;14;1299
26;2025-11-21;15;1387
26;2025-11-21;16;1552
26;2025-11-21;17;1734
26;2025-11-21;18;1638
26;2025-11-21;19;1189
26;2025-11-21;20;801
26;2025-11-21;21;444
26;2025-11-21;22;215
26;2025-11-21;23;101
26;2025-11-22;0;33
26;2025-11-22;1;0
26;2025-11-22;2;0
26;2025-11-22;3;0
26;2025-11-22;4;0
26;2025-11-22;5;57
26;2025-11-22;6;191
26;2025-11-22;7;354
26;2025-11-22;8;509
26;2025-11-22;9;630
26;2025-11-22;10;717
26;2025-11-22;11;900
26;2025-11-22;12;937
26;2025-11-22;13;963
26;2025-11-22;14;962
26;2025-11-22;15;951
26;2025-11-22;16;950
26;2025-11-22;17;895
26;2025-11-22;18;797
26;2025-11-22;19;580
26;2025-11-22;20;408
26;2025-11-22;21;307
26;2025-11-22;22;164
26;2025-11-22;23;64
26;2025-11-23;0;61
26;2025-11-23;1;26
26;2025-11-23;2;23
26;2025-11-23;3;23
26;2025-11-23;4;23
26;2025-11-23;5;46
26;2025-11-23;6;153
26;2025-11-23;7;265
26;2025-11-23;8;424
26;2025-11-23;9;511
26;2025-11-23;10;606
26;2025-11-23;11;811
26;2025-11-23;12;848
26;2025-11-23;13;877
26;2025-11-23;14;875
26;2025-11-23;15;866
26;2025-11-23;16;863
26;2025-11-23;17;796
26;2025-11-23;18;710
26;2025-11-23;19;507
26;2025-11-23;20;394
26;2025-11-23;21;299
26;2025-11-23;22;155
26;2025-11-23;23;41
26;2025-11-24;0;25
26;2025-11-24;1;1
26;2025-11-24;2;0
26;2025-11-24;3;0
26;2025-11-24;4;1
26;2025-11-24;5;135
26;2025-11-24;6;438
26;2025-11-24;7;1496
26;2025-11-24;8;2009
26;2025-11-24;9;1512
26;2025-11-24;10;1226
26;2025-11-24;11;1128
26;2025-11-24;12;1147
26;2025-11-24;13;1179
26;2025-11-24;14;1187
26;2025-11-24;15;1293
26;2025-11-24;16;1473
26;2025-11-24;17;1840
26;2025-11-24;18;1881
26;2025-11-24;19;1250
26;2025-11-24;20;817
26;2025-11-24;21;425
26;2025-11-24;22;192
26;2025-11-24;23;68
26;2025-11-25;0;24
26;2025-11-25;1;1
26;2025-11-25;2;1
26;2025-11-25;3;1
26;2025-11-25;4;4
26;2025-11-25;5;141
26;2025-11-25;6;447
26;2025-11-25;7;1515
26;2025-11-25;8;2068
26;2025-11-25;9;1542
26;2025-11-25;10;1276
26;2025-11-25;11;1186
26;2025-11-25;12;1210
26;2025-11-25;13;1232
26;2025-11-25;14;1240
26;2025-11-25;15;1334
26;2025-11-25;16;1503
26;2025-11-25;17;1881
26;2025-11-25;18;1923
26;2025-11-25;19;1301
26;2025-11-25;20;858
26;2025-11-25;21;449
26;2025-11-25;22;215
26;2025-11-25;23;81
26;2025-11-26;0;23
26;2025-11-26;1;0
26;2025-11-26;2;0
26;2025-11-26;3;0
26;2025-11-26;4;1
26;2025-11-26;5;139
26;2025-11-26;6;445
26;2025-11-26;7;1483
26;2025-11-26;8;2008
26;2025-11-26;9;1509
26;2025-11-26;10;1239
26;2025-11-26;11;1170
26;2025-11-26;12;1193
26;2025-11-26;13;1215
26;2025-11-26;14;1222
26;2025-11-26;15;1316
26;2025-11-26;16;1486
26;2025-11-26;17;1855
26;2025-11-26;18;1901
26;2025-11-26;19;1256
26;2025-11-26;20;810
26;2025-11-26;21;434
26;2025-11-26;22;203
26;2025-11-26;23;84
26;2025-11-27;0;22
26;2025-11-27;1;0
26;2025-11-27;2;0
26;2025-11-27;3;0
26;2025-11-27;4;0
26;2025-11-27;5;137
26;2025-11-27;6;443
26;2025-11-27;7;1493
26;2025-11-27;8;2014
26;2025-11-27;9;1525
26;2025-11-27;10;1249
26;2025-11-27;11;1166
26;2025-11-27;12;1190
26;2025-11-27;13;1219
26;2025-11-27;14;1226
26;2025-11-27;15;1320
26;2025-11-27;16;1490
26;2025-11-27;17;1850
26;2025-11-27;18;1881
26;2025-11-27;19;1253
26;2025-11-27;20;807
26;2025-11-27;21;434
26;2025-11-27;22;203
26;2025-11-27;23;87
26;2025-11-28;0;23
26;2025-11-28;1;0
26;2025-11-28;2;0
26;2025-11-28;3;0
26;2025-11-28;4;0
26;2025-11-28;5;138
26;2025-11-28;6;450
26;2025-11-28;7;1481
26;2025-11-28;8;2029
26;2025-11-28;9;1531
26;2025-11-28;10;1281
26;2025-11-28;11;1219
26;2025-11-28;12;1249
26;2025-11-28;13;1273
26;2025-11-28;14;1281
26;2025-11-28;15;1374
26;2025-11-28;16;1540
26;2025-11-28;17;1729
26;2025-11-28;18;1636
26;2025-11-28;19;1178
26;2025-11-28;20;787
26;2025-11-28;21;440
26;2025-11-28;22;213
26;2025-11-28;23;98
26;2025-11-29;0;36
26;2025-11-29;1;2
26;2025-11-29;2;1
26;2025-11-29;3;1
26;2025-11-29;4;1
26;2025-11-29;5;60
26;2025-11-29;6;197
26;2025-11-29;7;377
26;2025-11-29;8;566
26;2025-11-29;9;650
26;2025-11-29;10;738
26;2025-11-29;11;897
26;2025-11-29;12;936
26;2025-11-29;13;963
26;2025-11-29;14;962
26;2025-11-29;15;956
26;2025-11-29;16;961
26;2025-11-29;17;924
26;2025-11-29;18;836
26;2025-11-29;19;616
26;2025-11-29;20;444
26;2025-11-29;21;328
26;2025-11-29;22;177
26;2025-11-29;23;67
26;2025-11-30;0;59
26;2025-11-30;1;24
26;2025-11-30;2;21
26;2025-11-30;3;21
26;2025-11-30;4;20
26;2025-11-30;5;43
26;2025-11-30;6;147
26;2025-11-30;7;240
26;2025-11-30;8;389
26;2025-11-30;9;483
26;2025-11-30;10;567
26;2025-11-30;11;741
26;2025-11-30;12;783
26;2025-11-30;13;815
26;2025-11-30;14;814
26;2025-11-30;15;811
26;2025-11-30;16;814
26;2025-11-30;17;771
26;2025-11-30;18;681
26;2025-11-30;19;466
26;2025-11-30;20;354
26;2025-11-30;21;287
26;2025-11-30;22;141
26;2025-11-30;23;30
26;2025-12-01;0;26
26;2025-12-01;1;2
26;2025-12-01;2;1
26;2025-12-01;3;1
26;2025-12-01;4;3
26;2025-12-01;5;131
26;2025-12-01;6;434
26;2025-12-01;7;1492
26;2025-12-01;8;2036
26;2025-12-01;9;1512
26;2025-12-01;10;1231
26;2025-12-01;11;1136
26;2025-12-01;12;1158
26;2025-12-01;13;1183
26;2025-12-01;14;1190
26;2025-12-01;15;1284
26;2025-12-01;16;1453
26;2025-12-01;17;1824
26;2025-12-01;18;1870
26;2025-12-01;19;1269
26;2025-12-01;20;834
26;2025-12-01;21;433
26;2025-12-01;22;199
26;2025-12-01;23;72
26;2025-12-02;0;23
26;2025-12-02;1;0
26;2025-12-02;2;0
26;2025-12-02;3;0
26;2025-12-02;4;1
26;2025-12-02;5;138
26;2025-12-02;6;442
26;2025-12-02;7;1487
26;2025-12-02;8;2020
26;2025-12-02;9;1512
26;2025-12-02;10;1237
26;2025-12-02;11;1165
26;2025-12-02;12;1191
26;2025-12-02;13;1217
26;2025-12-02;14;1224
26;2025-12-02;15;1315
26;2025-12-02;16;1485
26;2025-12-02;17;1858
26;2025-12-02;18;1899
26;2025-12-02;19;1262
26;2025-12-02;20;816
26;2025-12-02;21;433
26;2025-12-02;22;204
26;2025-12-02;23;83
26;2025-12-03;0;23
26;2025-12-03;1;0
26;2025-12-03;2;0
26;2025-12-03;3;0
26;2025-12-03;4;1
26;2025-12-03;5;137
26;2025-12-03;6;447
26;2025-12-03;7;1494
26;2025-12-03;8;2042
26;2025-12-03;9;1528
26;2025-12-03;10;1258
26;2025-12-03;11;1176
26;2025-12-03;12;1202
26;2025-12-03;13;1227
26;2025-12-03;14;1234
26;2025-12-03;15;1331
26;2025-12-03;16;1502
26;2025-12-03;17;1881
26;2025-12-03;18;1930
26;2025-12-03;19;1284
26;2025-12-03;20;838
26;2025-12-03;21;452
26;2025-12-03;22;216
26;2025-12-03;23;88
26;2025-12-04;0;24
26;2025-12-04;1;0
26;2025-12-04;2;0
26;2025-12-04;3;0
26;2025-12-04;4;2
26;2025-12-04;5;138
26;2025-12-04;6;448
26;2025-12-04;7;1496
26;2025-12-04;8;2052
26;2025-12-04;9;1538
26;2025-12-04;10;1268
26;2025-12-04;11;1195
26;2025-12-04;12;1222
26;2025-12-04;13;1248
26;2025-12-04;14;1255
26;2025-12-04;15;1350
26;2025-12-04;16;1514
26;2025-12-04;17;1885
26;2025-12-04;18;1916
26;2025-12-04;19;1284
26;2025-12-04;20;839
26;2025-12-04;21;458
26;2025-12-04;22;223
26;2025-12-04;23;91
26;2025-12-05;0;24
26;2025-12-05;1;0
26;2025-12-05;2;0
26;2025-12-05;3;0
26;2025-12-05;4;1
26;2025-12-05;5;138
26;2025-12-05;6;449
26;2025-12-05;7;1489
26;2025-12-05;8;2038
26;2025-12-05;9;1539
26;2025-12-05;10;1283
26;2025-12-05;11;1223
26;2025-12-05;12;1255
26;2025-12-05;13;1287
26;2025-12-05;14;1295
26;2025-12-05;15;1392
26;2025-12-05;16;1560
26;2025-12-05;17;1758
26;2025-12-05;18;1674
26;2025-12-05;19;1205
26;2025-12-05;20;806
26;2025-12-05;21;453
26;2025-12-05;22;225
26;2025-12-05;23;109
26;2025-12-06;0;33
26;2025-12-06;1;0
26;2025-12-06;2;0
26;2025-12-06;3;0
26;2025-12-06;4;0
26;2025-12-06;5;57
26;2025-12-06;6;194
26;2025-12-06;7;373
26;2025-12-06;8;551
26;2025-12-06;9;648
26;2025-12-06;10;731
26;2025-12-06;11;892
26;2025-12-06;12;933
26;2025-12-06;13;960
26;2025-12-06;14;960
26;2025-12-06;15;955
26;2025-12-06;16;954
26;2025-12-06;17;921
26;2025-12-06;18;829
26;2025-12-06;19;603
26;2025-12-06;20;436
26;2025-12-06;21;326
26;2025-12-06;22;174
26;2025-12-06;23;65
26;2025-12-07;0;62
26;2025-12-07;1;27
26;2025-12-07;2;23
26;2025-12-07;3;23
26;2025-12-07;4;24
26;2025-12-07;5;45
26;2025-12-07;6;154
26;2025-12-07;7;265
26;2025-12-07;8;423
26;2025-12-07;9;500
26;2025-12-07;10;586
26;2025-12-07;11;775
26;2025-12-07;12;815
26;2025-12-07;13;839
26;2025-12-07;14;838
26;2025-12-07;15;833
26;2025-12-07;16;832
26;2025-12-07;17;779
26;2025-12-07;18;693
26;2025-12-07;19;479
26;2025-12-07;20;377
26;2025-12-07;21;298
26;2025-12-07;22;153
26;2025-12-07;23;38
26;2025-12-08;0;26
26;2025-12-08;1;2
26;2025-12-08;2;1
26;2025-12-08;3;1
26;2025-12-08;4;4
26;2025-12-08;5;132
26;2025-12-08;6;435
26;2025-12-08;7;1499
26;2025-12-08;8;2045
26;2025-12-08;9;1527
26;2025-12-08;10;1248
26;2025-12-08;11;1155
26;2025-12-08;12;1176
26;2025-12-08;13;1197
26;2025-12-08;14;1204
26;2025-12-08;15;1296
26;2025-12-08;16;1464
26;2025-12-08;17;1836
26;2025-12-08;18;1879
26;2025-12-08;19;1274
26;2025-12-08;20;841
26;2025-12-08;21;433
26;2025-12-08;22;198
26;2025-12-08;23;67
26;2025-12-09;0;25
26;2025-12-09;1;1
26;2025-12-09;2;1
26;2025-12-09;3;1
26;2025-12-09;4;4
26;2025-12-09;5;140
26;2025-12-09;6;445
26;2025-12-09;7;1509
26;2025-12-09;8;2059
26;2025-12-09;9;1533
26;2025-12-09;10;1261
26;2025-12-09;11;1172
26;2025-12-09;12;1198
26;2025-12-09;13;1226
26;2025-12-09;14;1233
26;2025-12-09;15;1328
26;2025-12-09;16;1496
26;2025-12-09;17;1873
26;2025-12-09;18;1912
26;2025-12-09;19;1288
26;2025-12-09;20;849
26;2025-12-09;21;448
26;2025-12-09;22;214
26;2025-12-09;23;79
26;2025-12-10;0;25
26;2025-12-10;1;1
26;2025-12-10;2;1
26;2025-12-10;3;1
26;2025-12-10;4;4
26;2025-12-10;5;139
26;2025-12-10;6;449
26;2025-12-10;7;1499
26;2025-12-10;8;2051
26;2025-12-10;9;1528
26;2025-12-10;10;1258
26;2025-12-10;11;1167
26;2025-12-10;12;1192
26;2025-12-10;13;1212
26;2025-12-10;14;1219
26;2025-12-10;15;1313
26;2025-12-10;16;1484
26;2025-12-10;17;1856
26;2025-12-10;18;1898
26;2025-12-10;19;1271
26;2025-12-10;20;832
26;2025-12-10;21;443
26;2025-12-10;22;210
26;2025-12-10;23;78
26;2025-12-11;0;23
26;2025-12-11;1;0
26;2025-12-11;2;0
26;2025-12-11;3;0
26;2025-12-11;4;0
26;2025-12-11;5;135
26;2025-12-11;6;442
26;2025-12-11;7;1479
26;2025-12-11;8;1993
26;2025-12-11;9;1503
26;2025-12-11;10;1221
26;2025-12-11;11;1143
26;2025-12-11;12;1169
26;2025-12-11;13;1201
26;2025-12-11;14;1208
26;2025-12-11;15;1302
26;2025-12-11;16;1472
26;2025-12-11;17;1827
26;2025-12-11;18;1858
26;2025-12-11;19;1228
26;2025-12-11;20;790
26;2025-12-11;21;428
26;2025-12-11;22;205
26;2025-12-11;23;89
26;2025-12-12;0;25
26;2025-12-12;1;1
26;2025-12-12;2;1
26;2025-12-12;3;1
26;2025-12-12;4;3
26;2025-12-12;5;139
26;2025-12-12;6;448
26;2025-12-12;7;1471
26;2025-12-12;8;2018
26;2025-12-12;9;1505
26;2025-12-12;10;1248
26;2025-12-12;11;1189
26;2025-12-12;12;1221
26;2025-12-12;13;1253
26;2025-12-12;14;1262
26;2025-12-12;15;1354
26;2025-12-12;16;1518
26;2025-12-12;17;1707
26;2025-12-12;18;1612
26;2025-12-12;19;1163
26;2025-12-12;20;779
26;2025-12-12;21;440
26;2025-12-12;22;216
26;2025-12-12;23;101
26;2025-12-13;0;54
26;2025-12-13;1;20
26;2025-12-13;2;19
26;2025-12-13;3;19
26;2025-12-13;4;19
26;2025-12-13;5;76
26;2025-12-13;6;200
26;2025-12-13;7;378
26;2025-12-13;8;562
26;2025-12-13;9;630
26;2025-12-13;10;702
26;2025-12-13;11;860
26;2025-12-13;12;904
26;2025-12-13;13;935
26;2025-12-13;14;935
26;2025-12-13;15;929
26;2025-12-13;16;934
26;2025-12-13;17;900
26;2025-12-13;18;815
26;2025-12-13;19;603
26;2025-12-13;20;440
26;2025-12-13;21;326
26;2025-12-13;22;184
26;2025-12-13;23;70
26;2025-12-14;0;62
26;2025-12-14;1;27
26;2025-12-14;2;23
26;2025-12-14;3;23
26;2025-12-14;4;24
26;2025-12-14;5;43
26;2025-12-14;6;152
26;2025-12-14;7;255
26;2025-12-14;8;409
26;2025-12-14;9;473
26;2025-12-14;10;552
26;2025-12-14;11;737
26;2025-12-14;12;779
26;2025-12-14;13;810
26;2025-12-14;14;809
26;2025-12-14;15;805
26;2025-12-14;16;806
26;2025-12-14;17;758
26;2025-12-14;18;672
26;2025-12-14;19;464
26;2025-12-14;20;370
26;2025-12-14;21;292
26;2025-12-14;22;150
26;2025-12-14;23;35
26;2025-12-15;0;26
26;2025-12-15;1;2
26;2025-12-15;2;1
26;2025-12-15;3;1
26;2025-12-15;4;4
26;2025-12-15;5;135
26;2025-12-15;6;438
26;2025-12-15;7;1498
26;2025-12-15;8;2052
26;2025-12-15;9;1524
26;2025-12-15;10;1240
26;2025-12-15;11;1159
26;2025-12-15;12;1182
26;2025-12-15;13;1208
26;2025-12-15;14;1216
26;2025-12-15;15;1307
26;2025-12-15;16;1477
26;2025-12-15;17;1845
26;2025-12-15;18;1893
26;2025-12-15;19;1279
26;2025-12-15;20;842
26;2025-12-15;21;435
26;2025-12-15;22;205
26;2025-12-15;23;73
26;2025-12-16;0;24
26;2025-12-16;1;1
26;2025-12-16;2;1
26;2025-12-16;3;1
26;2025-12-16;4;2
26;2025-12-16;5;140
26;2025-12-16;6;446
26;2025-12-16;7;1515
26;2025-12-16;8;2064
26;2025-12-16;9;1536
26;2025-12-16;10;1258
26;2025-12-16;11;1163
26;2025-12-16;12;1193
26;2025-12-16;13;1229
26;2025-12-16;14;1236
26;2025-12-16;15;1332
26;2025-12-16;16;1508
26;2025-12-16;17;1887
26;2025-12-16;18;1925
26;2025-12-16;19;1289
26;2025-12-16;20;844
26;2025-12-16;21;446
26;2025-12-16;22;215
26;2025-12-16;23;80
26;2025-12-17;0;23
26;2025-12-17;1;0
26;2025-12-17;2;0
26;2025-12-17;3;0
26;2025-12-17;4;1
26;2025-12-17;5;135
26;2025-12-17;6;440
26;2025-12-17;7;1479
26;2025-12-17;8;2004
26;2025-12-17;9;1502
26;2025-12-17;10;1220
26;2025-12-17;11;1132
26;2025-12-17;12;1163
26;2025-12-17;13;1196
26;2025-12-17;14;1203
26;2025-12-17;15;1295
26;2025-12-17;16;1470
26;2025-12-17;17;1834
26;2025-12-17;18;1882
26;2025-12-17;19;1251
26;2025-12-17;20;805
26;2025-12-17;21;423
26;2025-12-17;22;200
26;2025-12-17;23;83
26;2025-12-18;0;24
26;2025-12-18;1;0
26;2025-12-18;2;0
26;2025-12-18;3;0
26;2025-12-18;4;1
26;2025-12-18;5;134
26;2025-12-18;6;439
26;2025-12-18;7;1459
26;2025-12-18;8;1981
26;2025-12-18;9;1480
26;2025-12-18;10;1205
26;2025-12-18;11;1120
26;2025-12-18;12;1147
26;2025-12-18;13;1173
26;2025-12-18;14;1180
26;2025-12-18;15;1271
26;2025-12-18;16;1435
26;2025-12-18;17;1789
26;2025-12-18;18;1828
26;2025-12-18;19;1214
26;2025-12-18;20;777
26;2025-12-18;21;413
26;2025-12-18;22;191
26;2025-12-18;23;75
26;2025-12-19;0;25
26;2025-12-19;1;1
26;2025-12-19;2;1
26;2025-12-19;3;1
26;2025-12-19;4;2
26;2025-12-19;5;136
26;2025-12-19;6;446
26;2025-12-19;7;1468
26;2025-12-19;8;2008
26;2025-12-19;9;1506
26;2025-12-19;10;1248
26;2025-12-19;11;1173
26;2025-12-19;12;1206
26;2025-12-19;13;1238
26;2025-12-19;14;1245
26;2025-12-19;15;1341
26;2025-12-19;16;1505
26;2025-12-19;17;1703
26;2025-12-19;18;1618
26;2025-12-19;19;1174
26;2025-12-19;20;777
26;2025-12-19;21;435
26;2025-12-19;22;213
26;2025-12-19;23;103
26;2025-12-20;0;35
26;2025-12-20;1;2
26;2025-12-20;2;1
26;2025-12-20;3;1
26;2025-12-20;4;0
26;2025-12-20;5;56
26;2025-12-20;6;189
26;2025-12-20;7;347
26;2025-12-20;8;504
26;2025-12-20;9;604
26;2025-12-20;10;683
26;2025-12-20;11;847
26;2025-12-20;12;888
26;2025-12-20;13;915
26;2025-12-20;14;914
26;2025-12-20;15;904
26;2025-12-20;16;903
26;2025-12-20;17;862
26;2025-12-20;18;767
26;2025-12-20;19;550
26;2025-12-20;20;390
26;2025-12-20;21;296
26;2025-12-20;22;157
26;2025-12-20;23;58
26;2025-12-21;0;61
26;2025-12-21;1;26
26;2025-12-21;2;23
26;2025-12-21;3;23
26;2025-12-21;4;21
26;2025-12-21;5;40
26;2025-12-21;6;147
26;2025-12-21;7;237
26;2025-12-21;8;383
26;2025-12-21;9;461
26;2025-12-21;10;538
26;2025-12-21;11;719
26;2025-12-21;12;758
26;2025-12-21;13;785
26;2025-12-21;14;783
26;2025-12-21;15;783
26;2025-12-21;16;785
26;2025-12-21;17;740
26;2025-12-21;18;650
26;2025-12-21;19;428
26;2025-12-21;20;333
26;2025-12-21;21;278
26;2025-12-21;22;136
26;2025-12-21;23;27
26;2025-12-22;0;26
26;2025-12-22;1;2
26;2025-12-22;2;1
26;2025-12-22;3;1
26;2025-12-22;4;4
26;2025-12-22;5;133
26;2025-12-22;6;434
26;2025-12-22;7;1491
26;2025-12-22;8;2039
26;2025-12-22;9;1510
26;2025-12-22;10;1229
26;2025-12-22;11;1142
26;2025-12-22;12;1163
26;2025-12-22;13;1189
26;2025-12-22;14;1196
26;2025-12-22;15;1287
26;2025-12-22;16;1455
26;2025-12-22;17;1824
26;2025-12-22;18;1866
26;2025-12-22;19;1256
26;2025-12-22;20;824
26;2025-12-22;21;426
26;2025-12-22;22;196
26;2025-12-22;23;63
26;2025-12-23;0;24
26;2025-12-23;1;1
26;2025-12-23;2;1
26;2025-12-23;3;1
26;2025-12-23;4;4
26;2025-12-23;5;137
26;2025-12-23;6;445
26;2025-12-23;7;1493
26;2025-12-23;8;2044
26;2025-12-23;9;1503
26;2025-12-23;10;1218
26;2025-12-23;11;1118
26;2025-12-23;12;1144
26;2025-12-23;13;1178
26;2025-12-23;14;1186
26;2025-12-23;15;1283
26;2025-12-23;16;1461
26;2025-12-23;17;1837
26;2025-12-23;18;1887
26;2025-12-23;19;1283
26;2025-12-23;20;839
26;2025-12-23;21;444
26;2025-12-23;22;215
26;2025-12-23;23;79
26;2025-12-24;0;25
26;2025-12-24;1;1
26;2025-12-24;2;1
26;2025-12-24;3;1
26;2025-12-24;4;4
26;2025-12-24;5;139
26;2025-12-24;6;449
26;2025-12-24;7;1495
26;2025-12-24;8;2044
26;2025-12-24;9;1516
26;2025-12-24;10;1240
26;2025-12-24;11;1144
26;2025-12-24;12;1170
26;2025-12-24;13;1202
26;2025-12-24;14;1209
26;2025-12-24;15;1305
26;2025-12-24;16;1473
26;2025-12-24;17;1847
26;2025-12-24;18;1888
26;2025-12-24;19;1267
26;2025-12-24;20;833
26;2025-12-24;21;442
26;2025-12-24;22;211
26;2025-12-24;23;77
26;2025-12-25;0;24
26;2025-12-25;1;0
26;2025-12-25;2;0
26;2025-12-25;3;0
26;2025-12-25;4;2
26;2025-12-25;5;139
26;2025-12-25;6;447
26;2025-12-25;7;1495
26;2025-12-25;8;2041
26;2025-12-25;9;1522
26;2025-12-25;10;1244
26;2025-12-25;11;1167
26;2025-12-25;12;1199
26;2025-12-25;13;1231
26;2025-12-25;14;1239
26;2025-12-25;15;1333
26;2025-12-25;16;1503
26;2025-12-25;17;1870
26;2025-12-25;18;1895
26;2025-12-25;19;1268
26;2025-12-25;20;829
26;2025-12-25;21;450
26;2025-12-25;22;221
26;2025-12-25;23;90
26;2025-12-26;0;25
26;2025-12-26;1;1
26;2025-12-26;2;1
26;2025-12-26;3;0
26;2025-12-26;4;3
26;2025-12-26;5;139
26;2025-12-26;6;449
26;2025-12-26;7;1494
26;2025-12-26;8;2039
26;2025-12-26;9;1534
26;2025-12-26;10;1274
26;2025-12-26;11;1217
26;2025-12-26;12;1255
26;2025-12-26;13;1298
26;2025-12-26;14;1306
26;2025-12-26;15;1399
26;2025-12-26;16;1569
26;2025-12-26;17;1761
26;2025-12-26;18;1660
26;2025-12-26;19;1199
26;2025-12-26;20;802
26;2025-12-26;21;446
26;2025-12-26;22;222
26;2025-12-26;23;107
26;2025-12-27;0;36
26;2025-12-27;1;2
26;2025-12-27;2;1
26;2025-12-27;3;1
26;2025-12-27;4;1
26;2025-12-27;5;60
26;2025-12-27;6;194
26;2025-12-27;7;371
26;2025-12-27;8;561
26;2025-12-27;9;631
26;2025-12-27;10;717
26;2025-12-27;11;882
26;2025-12-27;12;925
26;2025-12-27;13;951
26;2025-12-27;14;951
26;2025-12-27;15;943
26;2025-12-27;16;943
26;2025-12-27;17;904
26;2025-12-27;18;809
26;2025-12-27;19;589
26;2025-12-27;20;424
26;2025-12-27;21;322
26;2025-12-27;22;175
26;2025-12-27;23;64
26;2025-12-28;0;62
26;2025-12-28;1;28
26;2025-12-28;2;25
26;2025-12-28;3;24
26;2025-12-28;4;24
26;2025-12-28;5;45
26;2025-12-28;6;152
26;2025-12-28;7;247
26;2025-12-28;8;403
26;2025-12-28;9;467
26;2025-12-28;10;547
26;2025-12-28;11;732
26;2025-12-28;12;772
26;2025-12-28;13;799
26;2025-12-28;14;797
26;2025-12-28;15;793
26;2025-12-28;16;792
26;2025-12-28;17;742
26;2025-12-28;18;656
26;2025-12-28;19;440
26;2025-12-28;20;344
26;2025-12-28;21;282
26;2025-12-28;22;141
26;2025-12-28;23;28
26;2025-12-29;0;27
26;2025-12-29;1;2
26;2025-12-29;2;1
26;2025-12-29;3;1
26;2025-12-29;4;3
26;2025-12-29;5;133
26;2025-12-29;6;435
26;2025-12-29;7;1479
26;2025-12-29;8;2021
26;2025-12-29;9;1505
26;2025-12-29;10;1222
26;2025-12-29;11;1144
26;2025-12-29;12;1167
26;2025-12-29;13;1193
26;2025-12-29;14;1200
26;2025-12-29;15;1295
26;2025-12-29;16;1463
26;2025-12-29;17;1827
26;2025-12-29;18;1867
26;2025-12-29;19;1253
26;2025-12-29;20;823
26;2025-12-29;21;433
26;2025-12-29;22;204
26;2025-12-29;23;77
26;2025-12-30;0;25
26;2025-12-30;1;1
26;2025-12-30;2;1
26;2025-12-30;3;1
26;2025-12-30;4;2
26;2025-12-30;5;138
26;2025-12-30;6;445
26;2025-12-30;7;1479
26;2025-12-30;8;2023
26;2025-12-30;9;1508
26;2025-12-30;10;1255
26;2025-12-30;11;1175
26;2025-12-30;12;1201
26;2025-12-30;13;1229
26;2025-12-30;14;1235
26;2025-12-30;15;1331
26;2025-12-30;16;1494
26;2025-12-30;17;1851
26;2025-12-30;18;1875
26;2025-12-30;19;1259
26;2025-12-30;20;820
26;2025-12-30;21;443
26;2025-12-30;22;216
26;2025-12-30;23;89
26;2025-12-31;0;76
26;2025-12-31;1;41
26;2025-12-31;2;39
26;2025-12-31;3;39
26;2025-12-31;4;39
26;2025-12-31;5;71
26;2025-12-31;6;223
26;2025-12-31;7;439
26;2025-12-31;8;657
26;2025-12-31;9;640
26;2025-12-31;10;727
26;2025-12-31;11;880
26;2025-12-31;12;901
26;2025-12-31;13;918
26;2025-12-31;14;915
26;2025-12-31;15;923
26;2025-12-31;16;921
26;2025-12-31;17;1042
26;2025-12-31;18;1064
26;2025-12-31;19;669
26;2025-12-31;20;523
26;2025-12-31;21;345
26;2025-12-31;22;189
26;2025-12-31;23;65
28;2025-11-01;0;2
28;2025-11-01;1;0
28;2025-11-01;2;0
28;2025-11-01;3;0
28;2025-11-01;4;1
28;2025-11-01;5;66
28;2025-11-01;6;290
28;2025-11-01;7;758
28;2025-11-01;8;1213
28;2025-11-01;9;814
28;2025-11-01;10;626
28;2025-11-01;11;569
28;2025-11-01;12;727
28;2025-11-01;13;709
28;2025-11-01;14;730
28;2025-11-01;15;739
28;2025-11-01;16;922
28;2025-11-01;17;944
28;2025-11-01;18;908
28;2025-11-01;19;631
28;2025-11-01;20;403
28;2025-11-01;21;326
28;2025-11-01;22;133
28;2025-11-01;23;24
28;2025-11-02;0;8
28;2025-11-02;1;0
28;2025-11-02;2;0
28;2025-11-02;3;0
28;2025-11-02;4;0
28;2025-11-02;5;8
28;2025-11-02;6;120
28;2025-11-02;7;177
28;2025-11-02;8;300
28;2025-11-02;9;371
28;2025-11-02;10;459
28;2025-11-02;11;438
28;2025-11-02;12;563
28;2025-11-02;13;550
28;2025-11-02;14;575
28;2025-11-02;15;556
28;2025-11-02;16;523
28;2025-11-02;17;495
28;2025-11-02;18;474
28;2025-11-02;19;423
28;2025-11-02;20;316
28;2025-11-02;21;250
28;2025-11-02;22;112
28;2025-11-02;23;21
28;2025-11-03;0;25
28;2025-11-03;1;15
28;2025-11-03;2;15
28;2025-11-03;3;15
28;2025-11-03;4;14
28;2025-11-03;5;22
28;2025-11-03;6;145
28;2025-11-03;7;263
28;2025-11-03;8;422
28;2025-11-03;9;431
28;2025-11-03;10;493
28;2025-11-03;11;449
28;2025-11-03;12;596
28;2025-11-03;13;584
28;2025-11-03;14;603
28;2025-11-03;15;588
28;2025-11-03;16;548
28;2025-11-03;17;617
28;2025-11-03;18;639
28;2025-11-03;19;513
28;2025-11-03;20;349
28;2025-11-03;21;268
28;2025-11-03;22;125
28;2025-11-03;23;27
28;2025-11-04;0;24
28;2025-11-04;1;15
28;2025-11-04;2;15
28;2025-11-04;3;15
28;2025-11-04;4;14
28;2025-11-04;5;24
28;2025-11-04;6;148
28;2025-11-04;7;274
28;2025-11-04;8;425
28;2025-11-04;9;436
28;2025-11-04;10;493
28;2025-11-04;11;448
28;2025-11-04;12;595
28;2025-11-04;13;581
28;2025-11-04;14;600
28;2025-11-04;15;585
28;2025-11-04;16;549
28;2025-11-04;17;619
28;2025-11-04;18;644
28;2025-11-04;19;515
28;2025-11-04;20;349
28;2025-11-04;21;271
28;2025-11-04;22;131
28;2025-11-04;23;37
28;2025-11-05;0;7
28;2025-11-05;1;2
28;2025-11-05;2;2
28;2025-11-05;3;2
28;2025-11-05;4;4
28;2025-11-05;5;67
28;2025-11-05;6;291
28;2025-11-05;7;787
28;2025-11-05;8;1269
28;2025-11-05;9;822
28;2025-11-05;10;592
28;2025-11-05;11;519
28;2025-11-05;12;686
28;2025-11-05;13;672
28;2025-11-05;14;689
28;2025-11-05;15;705
28;2025-11-05;16;887
28;2025-11-05;17;1012
28;2025-11-05;18;1047
28;2025-11-05;19;708
28;2025-11-05;20;421
28;2025-11-05;21;319
28;2025-11-05;22;118
28;2025-11-05;23;5
28;2025-11-06;0;5
28;2025-11-06;1;2
28;2025-11-06;2;2
28;2025-11-06;3;2
28;2025-11-06;4;4
28;2025-11-06;5;72
28;2025-11-06;6;298
28;2025-11-06;7;796
28;2025-11-06;8;1282
28;2025-11-06;9;835
28;2025-11-06;10;604
28;2025-11-06;11;536
28;2025-11-06;12;706
28;2025-11-06;13;689
28;2025-11-06;14;703
28;2025-11-06;15;720
28;2025-11-06;16;902
28;2025-11-06;17;1028
28;2025-11-06;18;1044
28;2025-11-06;19;696
28;2025-11-06;20;423
28;2025-11-06;21;327
28;2025-11-06;22;126
28;2025-11-06;23;12
28;2025-11-07;0;5
28;2025-11-07;1;2
28;2025-11-07;2;2
28;2025-11-07;3;2
28;2025-11-07;4;4
28;2025-11-07;5;73
28;2025-11-07;6;303
28;2025-11-07;7;811
28;2025-11-07;8;1276
28;2025-11-07;9;841
28;2025-11-07;10;628
28;2025-11-07;11;571
28;2025-11-07;12;752
28;2025-11-07;13;740
28;2025-11-07;14;754
28;2025-11-07;15;772
28;2025-11-07;16;952
28;2025-11-07;17;978
28;2025-11-07;18;936
28;2025-11-07;19;678
28;2025-11-07;20;417
28;2025-11-07;21;332
28;2025-11-07;22;142
28;2025-11-07;23;33
28;2025-11-08;0;7
28;2025-11-08;1;1
28;2025-11-08;2;1
28;2025-11-08;3;1
28;2025-11-08;4;0
28;2025-11-08;5;17
28;2025-11-08;6;137
28;2025-11-08;7;270
28;2025-11-08;8;397
28;2025-11-08;9;427
28;2025-11-08;10;492
28;2025-11-08;11;450
28;2025-11-08;12;585
28;2025-11-08;13;572
28;2025-11-08;14;594
28;2025-11-08;15;577
28;2025-11-08;16;542
28;2025-11-08;17;519
28;2025-11-08;18;490
28;2025-11-08;19;448
28;2025-11-08;20;325
28;2025-11-08;21;256
28;2025-11-08;22;122
28;2025-11-08;23;26
28;2025-11-09;0;10
28;2025-11-09;1;1
28;2025-11-09;2;0
28;2025-11-09;3;0
28;2025-11-09;4;0
28;2025-11-09;5;4
28;2025-11-09;6;112
28;2025-11-09;7;167
28;2025-11-09;8;280
28;2025-11-09;9;346
28;2025-11-09;10;437
28;2025-11-09;11;414
28;2025-11-09;12;533
28;2025-11-09;13;516
28;2025-11-09;14;543
28;2025-11-09;15;523
28;2025-11-09;16;482
28;2025-11-09;17;457
28;2025-11-09;18;430
28;2025-11-09;19;404
28;2025-11-09;20;301
28;2025-11-09;21;236
28;2025-11-09;22;97
28;2025-11-09;23;10
28;2025-11-10;0;5
28;2025-11-10;1;1
28;2025-11-10;2;1
28;2025-11-10;3;1
28;2025-11-10;4;3
28;2025-11-10;5;53
28;2025-11-10;6;275
28;2025-11-10;7;787
28;2025-11-10;8;1299
28;2025-11-10;9;832
28;2025-11-10;10;589
28;2025-11-10;11;515
28;2025-11-10;12;673
28;2025-11-10;13;661
28;2025-11-10;14;675
28;2025-11-10;15;693
28;2025-11-10;16;885
28;2025-11-10;17;1010
28;2025-11-10;18;1049
28;2025-11-10;19;682
28;2025-11-10;20;395
28;2025-11-10;21;294
28;2025-11-10;22;92
28;2025-11-10;23;0
28;2025-11-11;0;5
28;2025-11-11;1;2
28;2025-11-11;2;2
28;2025-11-11;3;2
28;2025-11-11;4;4
28;2025-11-11;5;70
28;2025-11-11;6;296
28;2025-11-11;7;813
28;2025-11-11;8;1322
28;2025-11-11;9;846
28;2025-11-11;10;615
28;2025-11-11;11;545
28;2025-11-11;12;710
28;2025-11-11;13;690
28;2025-11-11;14;704
28;2025-11-11;15;723
28;2025-11-11;16;916
28;2025-11-11;17;1043
28;2025-11-11;18;1077
28;2025-11-11;19;717
28;2025-11-11;20;434
28;2025-11-11;21;333
28;2025-11-11;22;129
28;2025-11-11;23;13
28;2025-11-12;0;5
28;2025-11-12;1;1
28;2025-11-12;2;1
28;2025-11-12;3;1
28;2025-11-12;4;2
28;2025-11-12;5;67
28;2025-11-12;6;296
28;2025-11-12;7;808
28;2025-11-12;8;1307
28;2025-11-12;9;842
28;2025-11-12;10;613
28;2025-11-12;11;543
28;2025-11-12;12;707
28;2025-11-12;13;686
28;2025-11-12;14;704
28;2025-11-12;15;717
28;2025-11-12;16;903
28;2025-11-12;17;1029
28;2025-11-12;18;1074
28;2025-11-12;19;707
28;2025-11-12;20;430
28;2025-11-12;21;327
28;2025-11-12;22;120
28;2025-11-12;23;5
28;2025-11-13;0;4
28;2025-11-13;1;1
28;2025-11-13;2;1
28;2025-11-13;3;1
28;2025-11-13;4;1
28;2025-11-13;5;68
28;2025-11-13;6;293
28;2025-11-13;7;795
28;2025-11-13;8;1253
28;2025-11-13;9;817
28;2025-11-13;10;605
28;2025-11-13;11;531
28;2025-11-13;12;696
28;2025-11-13;13;674
28;2025-11-13;14;694
28;2025-11-13;15;700
28;2025-11-13;16;872
28;2025-11-13;17;991
28;2025-11-13;18;1028
28;2025-11-13;19;674
28;2025-11-13;20;412
28;2025-11-13;21;312
28;2025-11-13;22;113
28;2025-11-13;23;12
28;2025-11-14;0;6
28;2025-11-14;1;2
28;2025-11-14;2;2
28;2025-11-14;3;2
28;2025-11-14;4;4
28;2025-11-14;5;71
28;2025-11-14;6;300
28;2025-11-14;7;797
28;2025-11-14;8;1277
28;2025-11-14;9;830
28;2025-11-14;10;626
28;2025-11-14;11;558
28;2025-11-14;12;737
28;2025-11-14;13;727
28;2025-11-14;14;745
28;2025-11-14;15;759
28;2025-11-14;16;936
28;2025-11-14;17;963
28;2025-11-14;18;916
28;2025-11-14;19;657
28;2025-11-14;20;412
28;2025-11-14;21;328
28;2025-11-14;22;133
28;2025-11-14;23;24
28;2025-11-15;0;27
28;2025-11-15;1;23
28;2025-11-15;2;23
28;2025-11-15;3;23
28;2025-11-15;4;20
28;2025-11-15;5;36
28;2025-11-15;6;152
28;2025-11-15;7;262
28;2025-11-15;8;416
28;2025-11-15;9;443
28;2025-11-15;10;509
28;2025-11-15;11;475
28;2025-11-15;12;593
28;2025-11-15;13;577
28;2025-11-15;14;609
28;2025-11-15;15;580
28;2025-11-15;16;552
28;2025-11-15;17;525
28;2025-11-15;18;505
28;2025-11-15;19;445
28;2025-11-15;20;342
28;2025-11-15;21;266
28;2025-11-15;22;131
28;2025-11-15;23;34
28;2025-11-16;0;46
28;2025-11-16;1;37
28;2025-11-16;2;36
28;2025-11-16;3;37
28;2025-11-16;4;37
28;2025-11-16;5;33
28;2025-11-16;6;133
28;2025-11-16;7;174
28;2025-11-16;8;312
28;2025-11-16;9;374
28;2025-11-16;10;470
28;2025-11-16;11;450
28;2025-11-16;12;559
28;2025-11-16;13;539
28;2025-11-16;14;574
28;2025-11-16;15;545
28;2025-11-16;16;514
28;2025-11-16;17;487
28;2025-11-16;18;469
28;2025-11-16;19;416
28;2025-11-16;20;320
28;2025-11-16;21;253
28;2025-11-16;22;120
28;2025-11-16;23;10
28;2025-11-17;0;6
28;2025-11-17;1;2
28;2025-11-17;2;3
28;2025-11-17;3;3
28;2025-11-17;4;3
28;2025-11-17;5;55
28;2025-11-17;6;277
28;2025-11-17;7;803
28;2025-11-17;8;1305
28;2025-11-17;9;847
28;2025-11-17;10;614
28;2025-11-17;11;539
28;2025-11-17;12;697
28;2025-11-17;13;682
28;2025-11-17;14;699
28;2025-11-17;15;711
28;2025-11-17;16;900
28;2025-11-17;17;1024
28;2025-11-17;18;1064
28;2025-11-17;19;708
28;2025-11-17;20;419
28;2025-11-17;21;318
28;2025-11-17;22;112
28;2025-11-17;23;6
28;2025-11-18;0;5
28;2025-11-18;1;2
28;2025-11-18;2;2
28;2025-11-18;3;2
28;2025-11-18;4;2
28;2025-11-18;5;64
28;2025-11-18;6;286
28;2025-11-18;7;797
28;2025-11-18;8;1249
28;2025-11-18;9;818
28;2025-11-18;10;609
28;2025-11-18;11;538
28;2025-11-18;12;699
28;2025-11-18;13;674
28;2025-11-18;14;691
28;2025-11-18;15;702
28;2025-11-18;16;870
28;2025-11-18;17;995
28;2025-11-18;18;1042
28;2025-11-18;19;689
28;2025-11-18;20;415
28;2025-11-18;21;314
28;2025-11-18;22;114
28;2025-11-18;23;13
28;2025-11-19;0;7
28;2025-11-19;1;3
28;2025-11-19;2;3
28;2025-11-19;3;3
28;2025-11-19;4;4
28;2025-11-19;5;68
28;2025-11-19;6;292
28;2025-11-19;7;795
28;2025-11-19;8;1297
28;2025-11-19;9;841
28;2025-11-19;10;609
28;2025-11-19;11;540
28;2025-11-19;12;699
28;2025-11-19;13;684
28;2025-11-19;14;699
28;2025-11-19;15;717
28;2025-11-19;16;905
28;2025-11-19;17;1032
28;2025-11-19;18;1068
28;2025-11-19;19;709
28;2025-11-19;20;424
28;2025-11-19;21;323
28;2025-11-19;22;123
28;2025-11-19;23;7
28;2025-11-20;0;6
28;2025-11-20;1;2
28;2025-11-20;2;2
28;2025-11-20;3;2
28;2025-11-20;4;4
28;2025-11-20;5;70
28;2025-11-20;6;298
28;2025-11-20;7;812
28;2025-11-20;8;1310
28;2025-11-20;9;857
28;2025-11-20;10;636
28;2025-11-20;11;559
28;2025-11-20;12;728
28;2025-11-20;13;707
28;2025-11-20;14;722
28;2025-11-20;15;739
28;2025-11-20;16;917
28;2025-11-20;17;1044
28;2025-11-20;18;1071
28;2025-11-20;19;712
28;2025-11-20;20;428
28;2025-11-20;21;328
28;2025-11-20;22;123
28;2025-11-20;23;6
28;2025-11-21;0;7
28;2025-11-21;1;3
28;2025-11-21;2;4
28;2025-11-21;3;4
28;2025-11-21;4;6
28;2025-11-21;5;71
28;2025-11-21;6;301
28;2025-11-21;7;802
28;2025-11-21;8;1290
28;2025-11-21;9;853
28;2025-11-21;10;645
28;2025-11-21;11;580
28;2025-11-21;12;751
28;2025-11-21;13;734
28;2025-11-21;14;750
28;2025-11-21;15;765
28;2025-11-21;16;944
28;2025-11-21;17;973
28;2025-11-21;18;936
28;2025-11-21;19;654
28;2025-11-21;20;412
28;2025-11-21;21;327
28;2025-11-21;22;128
28;2025-11-21;23;18
28;2025-11-22;0;4
28;2025-11-22;1;0
28;2025-11-22;2;0
28;2025-11-22;3;0
28;2025-11-22;4;0
28;2025-11-22;5;6
28;2025-11-22;6;126
28;2025-11-22;7;240
28;2025-11-22;8;364
28;2025-11-22;9;412
28;2025-11-22;10;496
28;2025-11-22;11;444
28;2025-11-22;12;570
28;2025-11-22;13;550
28;2025-11-22;14;585
28;2025-11-22;15;549
28;2025-11-22;16;516
28;2025-11-22;17;493
28;2025-11-22;18;472
28;2025-11-22;19;399
28;2025-11-22;20;302
28;2025-11-22;21;229
28;2025-11-22;22;93
28;2025-11-22;23;3
28;2025-11-23;0;32
28;2025-11-23;1;22
28;2025-11-23;2;22
28;2025-11-23;3;22
28;2025-11-23;4;22
28;2025-11-23;5;20
28;2025-11-23;6;127
28;2025-11-23;7;186
28;2025-11-23;8;323
28;2025-11-23;9;386
28;2025-11-23;10;476
28;2025-11-23;11;446
28;2025-11-23;12;572
28;2025-11-23;13;555
28;2025-11-23;14;589
28;2025-11-23;15;561
28;2025-11-23;16;537
28;2025-11-23;17;505
28;2025-11-23;18;487
28;2025-11-23;19;422
28;2025-11-23;20;313
28;2025-11-23;21;246
28;2025-11-23;22;108
28;2025-11-23;23;0
28;2025-11-24;0;6
28;2025-11-24;1;2
28;2025-11-24;2;2
28;2025-11-24;3;2
28;2025-11-24;4;2
28;2025-11-24;5;56
28;2025-11-24;6;278
28;2025-11-24;7;795
28;2025-11-24;8;1256
28;2025-11-24;9;828
28;2025-11-24;10;597
28;2025-11-24;11;514
28;2025-11-24;12;671
28;2025-11-24;13;656
28;2025-11-24;14;674
28;2025-11-24;15;683
28;2025-11-24;16;856
28;2025-11-24;17;980
28;2025-11-24;18;1031
28;2025-11-24;19;680
28;2025-11-24;20;404
28;2025-11-24;21;302
28;2025-11-24;22;102
28;2025-11-24;23;3
28;2025-11-25;0;6
28;2025-11-25;1;3
28;2025-11-25;2;3
28;2025-11-25;3;3
28;2025-11-25;4;5
28;2025-11-25;5;69
28;2025-11-25;6;295
28;2025-11-25;7;821
28;2025-11-25;8;1331
28;2025-11-25;9;851
28;2025-11-25;10;619
28;2025-11-25;11;541
28;2025-11-25;12;712
28;2025-11-25;13;692
28;2025-11-25;14;708
28;2025-11-25;15;725
28;2025-11-25;16;916
28;2025-11-25;17;1043
28;2025-11-25;18;1078
28;2025-11-25;19;719
28;2025-11-25;20;429
28;2025-11-25;21;327
28;2025-11-25;22;125
28;2025-11-25;23;10
28;2025-11-26;0;5
28;2025-11-26;1;1
28;2025-11-26;2;1
28;2025-11-26;3;1
28;2025-11-26;4;2
28;2025-11-26;5;70
28;2025-11-26;6;295
28;2025-11-26;7;807
28;2025-11-26;8;1280
28;2025-11-26;9;832
28;2025-11-26;10;609
28;2025-11-26;11;538
28;2025-11-26;12;701
28;2025-11-26;13;680
28;2025-11-26;14;695
28;2025-11-26;15;708
28;2025-11-26;16;892
28;2025-11-26;17;1014
28;2025-11-26;18;1057
28;2025-11-26;19;691
28;2025-11-26;20;419
28;2025-11-26;21;315
28;2025-11-26;22;113
28;2025-11-26;23;9
28;2025-11-27;0;4
28;2025-11-27;1;1
28;2025-11-27;2;1
28;2025-11-27;3;1
28;2025-11-27;4;1
28;2025-11-27;5;69
28;2025-11-27;6;298
28;2025-11-27;7;817
28;2025-11-27;8;1291
28;2025-11-27;9;844
28;2025-11-27;10;617
28;2025-11-27;11;541
28;2025-11-27;12;709
28;2025-11-27;13;690
28;2025-11-27;14;708
28;2025-11-27;15;717
28;2025-11-27;16;895
28;2025-11-27;17;1015
28;2025-11-27;18;1052
28;2025-11-27;19;690
28;2025-11-27;20;425
28;2025-11-27;21;325
28;2025-11-27;22;123
28;2025-11-27;23;21
28;2025-11-28;0;5
28;2025-11-28;1;2
28;2025-11-28;2;2
28;2025-11-28;3;2
28;2025-11-28;4;2
28;2025-11-28;5;70
28;2025-11-28;6;301
28;2025-11-28;7;793
28;2025-11-28;8;1290
28;2025-11-28;9;843
28;2025-11-28;10;630
28;2025-11-28;11;571
28;2025-11-28;12;735
28;2025-11-28;13;717
28;2025-11-28;14;735
28;2025-11-28;15;748
28;2025-11-28;16;930
28;2025-11-28;17;954
28;2025-11-28;18;919
28;2025-11-28;19;646
28;2025-11-28;20;409
28;2025-11-28;21;325
28;2025-11-28;22;127
28;2025-11-28;23;17
28;2025-11-29;0;6
28;2025-11-29;1;2
28;2025-11-29;2;2
28;2025-11-29;3;2
28;2025-11-29;4;2
28;2025-11-29;5;11
28;2025-11-29;6;135
28;2025-11-29;7;255
28;2025-11-29;8;410
28;2025-11-29;9;427
28;2025-11-29;10;498
28;2025-11-29;11;456
28;2025-11-29;12;577
28;2025-11-29;13;561
28;2025-11-29;14;595
28;2025-11-29;15;566
28;2025-11-29;16;539
28;2025-11-29;17;515
28;2025-11-29;18;496
28;2025-11-29;19;430
28;2025-11-29;20;322
28;2025-11-29;21;249
28;2025-11-29;22;106
28;2025-11-29;23;8
28;2025-11-30;0;30
28;2025-11-30;1;21
28;2025-11-30;2;20
28;2025-11-30;3;21
28;2025-11-30;4;19
28;2025-11-30;5;16
28;2025-11-30;6;125
28;2025-11-30;7;173
28;2025-11-30;8;314
28;2025-11-30;9;371
28;2025-11-30;10;474
28;2025-11-30;11;437
28;2025-11-30;12;551
28;2025-11-30;13;529
28;2025-11-30;14;566
28;2025-11-30;15;534
28;2025-11-30;16;509
28;2025-11-30;17;488
28;2025-11-30;18;468
28;2025-11-30;19;403
28;2025-11-30;20;311
28;2025-11-30;21;243
28;2025-11-30;22;103
28;2025-11-30;23;0
28;2025-12-01;0;6
28;2025-12-01;1;2
28;2025-12-01;2;2
28;2025-12-01;3;2
28;2025-12-01;4;4
28;2025-12-01;5;51
28;2025-12-01;6;273
28;2025-12-01;7;777
28;2025-12-01;8;1285
28;2025-12-01;9;811
28;2025-12-01;10;578
28;2025-12-01;11;512
28;2025-12-01;12;664
28;2025-12-01;13;653
28;2025-12-01;14;669
28;2025-12-01;15;684
28;2025-12-01;16;865
28;2025-12-01;17;988
28;2025-12-01;18;1030
28;2025-12-01;19;675
28;2025-12-01;20;391
28;2025-12-01;21;290
28;2025-12-01;22;88
28;2025-12-01;23;0
28;2025-12-02;0;5
28;2025-12-02;1;1
28;2025-12-02;2;1
28;2025-12-02;3;1
28;2025-12-02;4;2
28;2025-12-02;5;67
28;2025-12-02;6;291
28;2025-12-02;7;804
28;2025-12-02;8;1283
28;2025-12-02;9;824
28;2025-12-02;10;598
28;2025-12-02;11;526
28;2025-12-02;12;688
28;2025-12-02;13;671
28;2025-12-02;14;686
28;2025-12-02;15;696
28;2025-12-02;16;883
28;2025-12-02;17;1006
28;2025-12-02;18;1042
28;2025-12-02;19;685
28;2025-12-02;20;409
28;2025-12-02;21;308
28;2025-12-02;22;111
28;2025-12-02;23;10
28;2025-12-03;0;5
28;2025-12-03;1;2
28;2025-12-03;2;2
28;2025-12-03;3;2
28;2025-12-03;4;3
28;2025-12-03;5;68
28;2025-12-03;6;296
28;2025-12-03;7;808
28;2025-12-03;8;1311
28;2025-12-03;9;847
28;2025-12-03;10;620
28;2025-12-03;11;549
28;2025-12-03;12;711
28;2025-12-03;13;693
28;2025-12-03;14;709
28;2025-12-03;15;724
28;2025-12-03;16;915
28;2025-12-03;17;1039
28;2025-12-03;18;1082
28;2025-12-03;19;712
28;2025-12-03;20;432
28;2025-12-03;21;330
28;2025-12-03;22;123
28;2025-12-03;23;10
28;2025-12-04;0;5
28;2025-12-04;1;2
28;2025-12-04;2;2
28;2025-12-04;3;2
28;2025-12-04;4;4
28;2025-12-04;5;70
28;2025-12-04;6;299
28;2025-12-04;7;813
28;2025-12-04;8;1319
28;2025-12-04;9;853
28;2025-12-04;10;625
28;2025-12-04;11;554
28;2025-12-04;12;723
28;2025-12-04;13;700
28;2025-12-04;14;720
28;2025-12-04;15;733
28;2025-12-04;16;919
28;2025-12-04;17;1045
28;2025-12-04;18;1071
28;2025-12-04;19;710
28;2025-12-04;20;438
28;2025-12-04;21;338
28;2025-12-04;22;131
28;2025-12-04;23;12
28;2025-12-05;0;5
28;2025-12-05;1;2
28;2025-12-05;2;2
28;2025-12-05;3;2
28;2025-12-05;4;3
28;2025-12-05;5;70
28;2025-12-05;6;300
28;2025-12-05;7;803
28;2025-12-05;8;1298
28;2025-12-05;9;850
28;2025-12-05;10;634
28;2025-12-05;11;569
28;2025-12-05;12;742
28;2025-12-05;13;729
28;2025-12-05;14;747
28;2025-12-05;15;761
28;2025-12-05;16;944
28;2025-12-05;17;972
28;2025-12-05;18;939
28;2025-12-05;19;659
28;2025-12-05;20;416
28;2025-12-05;21;332
28;2025-12-05;22;133
28;2025-12-05;23;23
28;2025-12-06;0;4
28;2025-12-06;1;1
28;2025-12-06;2;0
28;2025-12-06;3;1
28;2025-12-06;4;0
28;2025-12-06;5;7
28;2025-12-06;6;129
28;2025-12-06;7;254
28;2025-12-06;8;412
28;2025-12-06;9;433
28;2025-12-06;10;505
28;2025-12-06;11;451
28;2025-12-06;12;575
28;2025-12-06;13;558
28;2025-12-06;14;591
28;2025-12-06;15;562
28;2025-12-06;16;537
28;2025-12-06;17;517
28;2025-12-06;18;495
28;2025-12-06;19;422
28;2025-12-06;20;318
28;2025-12-06;21;246
28;2025-12-06;22;103
28;2025-12-06;23;6
28;2025-12-07;0;33
28;2025-12-07;1;24
28;2025-12-07;2;23
28;2025-12-07;3;23
28;2025-12-07;4;23
28;2025-12-07;5;20
28;2025-12-07;6;128
28;2025-12-07;7;180
28;2025-12-07;8;319
28;2025-12-07;9;371
28;2025-12-07;10;460
28;2025-12-07;11;437
28;2025-12-07;12;552
28;2025-12-07;13;531
28;2025-12-07;14;566
28;2025-12-07;15;539
28;2025-12-07;16;507
28;2025-12-07;17;481
28;2025-12-07;18;463
28;2025-12-07;19;404
28;2025-12-07;20;309
28;2025-12-07;21;243
28;2025-12-07;22;103
28;2025-12-07;23;0
28;2025-12-08;0;6
28;2025-12-08;1;2
28;2025-12-08;2;3
28;2025-12-08;3;3
28;2025-12-08;4;5
28;2025-12-08;5;52
28;2025-12-08;6;275
28;2025-12-08;7;791
28;2025-12-08;8;1295
28;2025-12-08;9;827
28;2025-12-08;10;586
28;2025-12-08;11;510
28;2025-12-08;12;669
28;2025-12-08;13;656
28;2025-12-08;14;672
28;2025-12-08;15;689
28;2025-12-08;16;876
28;2025-12-08;17;1001
28;2025-12-08;18;1042
28;2025-12-08;19;674
28;2025-12-08;20;390
28;2025-12-08;21;290
28;2025-12-08;22;88
28;2025-12-08;23;0
28;2025-12-09;0;6
28;2025-12-09;1;3
28;2025-12-09;2;3
28;2025-12-09;3;3
28;2025-12-09;4;5
28;2025-12-09;5;68
28;2025-12-09;6;294
28;2025-12-09;7;820
28;2025-12-09;8;1322
28;2025-12-09;9;845
28;2025-12-09;10;609
28;2025-12-09;11;531
28;2025-12-09;12;704
28;2025-12-09;13;687
28;2025-12-09;14;702
28;2025-12-09;15;720
28;2025-12-09;16;910
28;2025-12-09;17;1035
28;2025-12-09;18;1072
28;2025-12-09;19;710
28;2025-12-09;20;426
28;2025-12-09;21;326
28;2025-12-09;22;124
28;2025-12-09;23;9
28;2025-12-10;0;6
28;2025-12-10;1;3
28;2025-12-10;2;3
28;2025-12-10;3;3
28;2025-12-10;4;5
28;2025-12-10;5;70
28;2025-12-10;6;298
28;2025-12-10;7;809
28;2025-12-10;8;1308
28;2025-12-10;9;837
28;2025-12-10;10;614
28;2025-12-10;11;539
28;2025-12-10;12;705
28;2025-12-10;13;683
28;2025-12-10;14;699
28;2025-12-10;15;714
28;2025-12-10;16;896
28;2025-12-10;17;1021
28;2025-12-10;18;1058
28;2025-12-10;19;695
28;2025-12-10;20;421
28;2025-12-10;21;319
28;2025-12-10;22;116
28;2025-12-10;23;0
28;2025-12-11;0;4
28;2025-12-11;1;1
28;2025-12-11;2;1
28;2025-12-11;3;1
28;2025-12-11;4;0
28;2025-12-11;5;67
28;2025-12-11;6;293
28;2025-12-11;7;798
28;2025-12-11;8;1260
28;2025-12-11;9;813
28;2025-12-11;10;597
28;2025-12-11;11;525
28;2025-12-11;12;686
28;2025-12-11;13;670
28;2025-12-11;14;689
28;2025-12-11;15;698
28;2025-12-11;16;868
28;2025-12-11;17;983
28;2025-12-11;18;1021
28;2025-12-11;19;668
28;2025-12-11;20;412
28;2025-12-11;21;314
28;2025-12-11;22;118
28;2025-12-11;23;16
28;2025-12-12;0;6
28;2025-12-12;1;3
28;2025-12-12;2;11
28;2025-12-12;3;11
28;2025-12-12;4;12
28;2025-12-12;5;78
28;2025-12-12;6;306
28;2025-12-12;7;794
28;2025-12-12;8;1276
28;2025-12-12;9;818
28;2025-12-12;10;614
28;2025-12-12;11;556
28;2025-12-12;12;718
28;2025-12-12;13;703
28;2025-12-12;14;722
28;2025-12-12;15;735
28;2025-12-12;16;911
28;2025-12-12;17;935
28;2025-12-12;18;899
28;2025-12-12;19;636
28;2025-12-12;20;409
28;2025-12-12;21;326
28;2025-12-12;22;131
28;2025-12-12;23;21
28;2025-12-13;0;25
28;2025-12-13;1;16
28;2025-12-13;2;24
28;2025-12-13;3;24
28;2025-12-13;4;23
28;2025-12-13;5;31
28;2025-12-13;6;142
28;2025-12-13;7;252
28;2025-12-13;8;395
28;2025-12-13;9;399
28;2025-12-13;10;462
28;2025-12-13;11;429
28;2025-12-13;12;543
28;2025-12-13;13;532
28;2025-12-13;14;564
28;2025-12-13;15;537
28;2025-12-13;16;507
28;2025-12-13;17;483
28;2025-12-13;18;462
28;2025-12-13;19;407
28;2025-12-13;20;314
28;2025-12-13;21;246
28;2025-12-13;22;114
28;2025-12-13;23;13
28;2025-12-14;0;33
28;2025-12-14;1;23
28;2025-12-14;2;31
28;2025-12-14;3;31
28;2025-12-14;4;31
28;2025-12-14;5;25
28;2025-12-14;6;133
28;2025-12-14;7;168
28;2025-12-14;8;297
28;2025-12-14;9;337
28;2025-12-14;10;430
28;2025-12-14;11;417
28;2025-12-14;12;519
28;2025-12-14;13;503
28;2025-12-14;14;538
28;2025-12-14;15;510
28;2025-12-14;16;477
28;2025-12-14;17;452
28;2025-12-14;18;435
28;2025-12-14;19;386
28;2025-12-14;20;306
28;2025-12-14;21;242
28;2025-12-14;22;106
28;2025-12-14;23;0
28;2025-12-15;0;0
28;2025-12-15;1;0
28;2025-12-15;2;3
28;2025-12-15;3;3
28;2025-12-15;4;5
28;2025-12-15;5;55
28;2025-12-15;6;277
28;2025-12-15;7;785
28;2025-12-15;8;1287
28;2025-12-15;9;810
28;2025-12-15;10;568
28;2025-12-15;11;498
28;2025-12-15;12;651
28;2025-12-15;13;644
28;2025-12-15;14;657
28;2025-12-15;15;677
28;2025-12-15;16;865
28;2025-12-15;17;988
28;2025-12-15;18;1027
28;2025-12-15;19;665
28;2025-12-15;20;381
28;2025-12-15;21;286
28;2025-12-15;22;94
28;2025-12-15;23;0
28;2025-12-16;0;0
28;2025-12-16;1;0
28;2025-12-16;2;3
28;2025-12-16;3;3
28;2025-12-16;4;3
28;2025-12-16;5;69
28;2025-12-16;6;298
28;2025-12-16;7;824
28;2025-12-16;8;1317
28;2025-12-16;9;836
28;2025-12-16;10;607
28;2025-12-16;11;530
28;2025-12-16;12;701
28;2025-12-16;13;684
28;2025-12-16;14;698
28;2025-12-16;15;714
28;2025-12-16;16;902
28;2025-12-16;17;1024
28;2025-12-16;18;1062
28;2025-12-16;19;700
28;2025-12-16;20;416
28;2025-12-16;21;322
28;2025-12-16;22;126
28;2025-12-16;23;11
28;2025-12-17;0;1
28;2025-12-17;1;0
28;2025-12-17;2;6
28;2025-12-17;3;6
28;2025-12-17;4;7
28;2025-12-17;5;70
28;2025-12-17;6;297
28;2025-12-17;7;808
28;2025-12-17;8;1267
28;2025-12-17;9;815
28;2025-12-17;10;595
28;2025-12-17;11;519
28;2025-12-17;12;684
28;2025-12-17;13;672
28;2025-12-17;14;687
28;2025-12-17;15;697
28;2025-12-17;16;875
28;2025-12-17;17;994
28;2025-12-17;18;1040
28;2025-12-17;19;680
28;2025-12-17;20;403
28;2025-12-17;21;304
28;2025-12-17;22;112
28;2025-12-17;23;11
28;2025-12-18;0;2
28;2025-12-18;1;0
28;2025-12-18;2;6
28;2025-12-18;3;6
28;2025-12-18;4;7
28;2025-12-18;5;70
28;2025-12-18;6;294
28;2025-12-18;7;784
28;2025-12-18;8;1246
28;2025-12-18;9;789
28;2025-12-18;10;579
28;2025-12-18;11;510
28;2025-12-18;12;666
28;2025-12-18;13;645
28;2025-12-18;14;663
28;2025-12-18;15;671
28;2025-12-18;16;838
28;2025-12-18;17;958
28;2025-12-18;18;995
28;2025-12-18;19;655
28;2025-12-18;20;397
28;2025-12-18;21;295
28;2025-12-18;22;104
28;2025-12-18;23;3
28;2025-12-19;0;2
28;2025-12-19;1;0
28;2025-12-19;2;7
28;2025-12-19;3;7
28;2025-12-19;4;8
28;2025-12-19;5;72
28;2025-12-19;6;301
28;2025-12-19;7;787
28;2025-12-19;8;1271
28;2025-12-19;9;814
28;2025-12-19;10;609
28;2025-12-19;11;548
28;2025-12-19;12;711
28;2025-12-19;13;696
28;2025-12-19;14;714
28;2025-12-19;15;727
28;2025-12-19;16;901
28;2025-12-19;17;925
28;2025-12-19;18;893
28;2025-12-19;19;626
28;2025-12-19;20;396
28;2025-12-19;21;314
28;2025-12-19;22;124
28;2025-12-19;23;19
28;2025-12-20;0;0
28;2025-12-20;1;0
28;2025-12-20;2;2
28;2025-12-20;3;3
28;2025-12-20;4;0
28;2025-12-20;5;6
28;2025-12-20;6;127
28;2025-12-20;7;237
28;2025-12-20;8;354
28;2025-12-20;9;380
28;2025-12-20;10;465
28;2025-12-20;11;417
28;2025-12-20;12;532
28;2025-12-20;13;513
28;2025-12-20;14;548
28;2025-12-20;15;512
28;2025-12-20;16;475
28;2025-12-20;17;459
28;2025-12-20;18;438
28;2025-12-20;19;379
28;2025-12-20;20;291
28;2025-12-20;21;220
28;2025-12-20;22;90
28;2025-12-20;23;3
28;2025-12-21;0;25
28;2025-12-21;1;15
28;2025-12-21;2;23
28;2025-12-21;3;23
28;2025-12-21;4;21
28;2025-12-21;5;15
28;2025-12-21;6;120
28;2025-12-21;7;160
28;2025-12-21;8;293
28;2025-12-21;9;339
28;2025-12-21;10;436
28;2025-12-21;11;407
28;2025-12-21;12;514
28;2025-12-21;13;493
28;2025-12-21;14;530
28;2025-12-21;15;501
28;2025-12-21;16;468
28;2025-12-21;17;446
28;2025-12-21;18;429
28;2025-12-21;19;370
28;2025-12-21;20;289
28;2025-12-21;21;228
28;2025-12-21;22;97
28;2025-12-21;23;0
28;2025-12-22;0;0
28;2025-12-22;1;0
28;2025-12-22;2;2
28;2025-12-22;3;2
28;2025-12-22;4;4
28;2025-12-22;5;53
28;2025-12-22;6;274
28;2025-12-22;7;773
28;2025-12-22;8;1269
28;2025-12-22;9;792
28;2025-12-22;10;557
28;2025-12-22;11;493
28;2025-12-22;12;638
28;2025-12-22;13;629
28;2025-12-22;14;644
28;2025-12-22;15;660
28;2025-12-22;16;843
28;2025-12-22;17;965
28;2025-12-22;18;1006
28;2025-12-22;19;647
28;2025-12-22;20;379
28;2025-12-22;21;284
28;2025-12-22;22;91
28;2025-12-22;23;0
28;2025-12-23;0;0
28;2025-12-23;1;0
28;2025-12-23;2;3
28;2025-12-23;3;3
28;2025-12-23;4;4
28;2025-12-23;5;65
28;2025-12-23;6;283
28;2025-12-23;7;780
28;2025-12-23;8;1274
28;2025-12-23;9;785
28;2025-12-23;10;549
28;2025-12-23;11;488
28;2025-12-23;12;637
28;2025-12-23;13;627
28;2025-12-23;14;639
28;2025-12-23;15;660
28;2025-12-23;16;848
28;2025-12-23;17;973
28;2025-12-23;18;1009
28;2025-12-23;19;667
28;2025-12-23;20;401
28;2025-12-23;21;308
28;2025-12-23;22;121
28;2025-12-23;23;4
28;2025-12-24;0;2
28;2025-12-24;1;0
28;2025-12-24;2;7
28;2025-12-24;3;7
28;2025-12-24;4;9
28;2025-12-24;5;74
28;2025-12-24;6;302
28;2025-12-24;7;803
28;2025-12-24;8;1295
28;2025-12-24;9;820
28;2025-12-24;10;590
28;2025-12-24;11;524
28;2025-12-24;12;680
28;2025-12-24;13;664
28;2025-12-24;14;680
28;2025-12-24;15;696
28;2025-12-24;16;880
28;2025-12-24;17;1005
28;2025-12-24;18;1042
28;2025-12-24;19;683
28;2025-12-24;20;418
28;2025-12-24;21;318
28;2025-12-24;22;122
28;2025-12-24;23;4
28;2025-12-25;0;1
28;2025-12-25;1;0
28;2025-12-25;2;5
28;2025-12-25;3;5
28;2025-12-25;4;7
28;2025-12-25;5;75
28;2025-12-25;6;302
28;2025-12-25;7;813
28;2025-12-25;8;1302
28;2025-12-25;9;833
28;2025-12-25;10;606
28;2025-12-25;11;537
28;2025-12-25;12;703
28;2025-12-25;13;690
28;2025-12-25;14;706
28;2025-12-25;15;722
28;2025-12-25;16;902
28;2025-12-25;17;1021
28;2025-12-25;18;1050
28;2025-12-25;19;699
28;2025-12-25;20;430
28;2025-12-25;21;334
28;2025-12-25;22;136
28;2025-12-25;23;19
28;2025-12-26;0;3
28;2025-12-26;1;0
28;2025-12-26;2;7
28;2025-12-26;3;7
28;2025-12-26;4;8
28;2025-12-26;5;76
28;2025-12-26;6;304
28;2025-12-26;7;805
28;2025-12-26;8;1285
28;2025-12-26;9;833
28;2025-12-26;10;623
28;2025-12-26;11;564
28;2025-12-26;12;732
28;2025-12-26;13;723
28;2025-12-26;14;738
28;2025-12-26;15;755
28;2025-12-26;16;934
28;2025-12-26;17;957
28;2025-12-26;18;918
28;2025-12-26;19;645
28;2025-12-26;20;412
28;2025-12-26;21;331
28;2025-12-26;22;140
28;2025-12-26;23;29
28;2025-12-27;0;0
28;2025-12-27;1;0
28;2025-12-27;2;2
28;2025-12-27;3;2
28;2025-12-27;4;2
28;2025-12-27;5;9
28;2025-12-27;6;132
28;2025-12-27;7;250
28;2025-12-27;8;397
28;2025-12-27;9;401
28;2025-12-27;10;480
28;2025-12-27;11;438
28;2025-12-27;12;557
28;2025-12-27;13;539
28;2025-12-27;14;574
28;2025-12-27;15;543
28;2025-12-27;16;514
28;2025-12-27;17;487
28;2025-12-27;18;466
28;2025-12-27;19;407
28;2025-12-27;20;310
28;2025-12-27;21;244
28;2025-12-27;22;108
28;2025-12-27;23;9
28;2025-12-28;0;25
28;2025-12-28;1;17
28;2025-12-28;2;24
28;2025-12-28;3;25
28;2025-12-28;4;23
28;2025-12-28;5;20
28;2025-12-28;6;126
28;2025-12-28;7;166
28;2025-12-28;8;298
28;2025-12-28;9;338
28;2025-12-28;10;435
28;2025-12-28;11;418
28;2025-12-28;12;525
28;2025-12-28;13;504
28;2025-12-28;14;540
28;2025-12-28;15;508
28;2025-12-28;16;473
28;2025-12-28;17;448
28;2025-12-28;18;430
28;2025-12-28;19;375
28;2025-12-28;20;293
28;2025-12-28;21;227
28;2025-12-28;22;95
28;2025-12-28;23;0
28;2025-12-29;0;0
28;2025-12-29;1;0
28;2025-12-29;2;3
28;2025-12-29;3;3
28;2025-12-29;4;4
28;2025-12-29;5;56
28;2025-12-29;6;277
28;2025-12-29;7;773
28;2025-12-29;8;1276
28;2025-12-29;9;804
28;2025-12-29;10;569
28;2025-12-29;11;503
28;2025-12-29;12;660
28;2025-12-29;13;650
28;2025-12-29;14;664
28;2025-12-29;15;683
28;2025-12-29;16;867
28;2025-12-29;17;988
28;2025-12-29;18;1019
28;2025-12-29;19;658
28;2025-12-29;20;382
28;2025-12-29;21;289
28;2025-12-29;22;96
28;2025-12-29;23;0
28;2025-12-30;0;0
28;2025-12-30;1;0
28;2025-12-30;2;3
28;2025-12-30;3;3
28;2025-12-30;4;3
28;2025-12-30;5;70
28;2025-12-30;6;295
28;2025-12-30;7;780
28;2025-12-30;8;1268
28;2025-12-30;9;806
28;2025-12-30;10;602
28;2025-12-30;11;532
28;2025-12-30;12;698
28;2025-12-30;13;681
28;2025-12-30;14;697
28;2025-12-30;15;711
28;2025-12-30;16;886
28;2025-12-30;17;1008
28;2025-12-30;18;1031
28;2025-12-30;19;675
28;2025-12-30;20;406
28;2025-12-30;21;315
28;2025-12-30;22;123
28;2025-12-30;23;8
28;2025-12-31;0;48
28;2025-12-31;1;39
28;2025-12-31;2;39
28;2025-12-31;3;39
28;2025-12-31;4;38
28;2025-12-31;5;40
28;2025-12-31;6;169
28;2025-12-31;7;264
28;2025-12-31;8;445
28;2025-12-31;9;455
28;2025-12-31;10;527
28;2025-12-31;11;489
28;2025-12-31;12;621
28;2025-12-31;13;600
28;2025-12-31;14;627
28;2025-12-31;15;603
28;2025-12-31;16;570
28;2025-12-31;17;645
28;2025-12-31;18;676
28;2025-12-31;19;523
28;2025-12-31;20;373
28;2025-12-31;21;290
28;2025-12-31;22;143
28;2025-12-31;23;21
50;2025-11-01;0;1
50;2025-11-01;1;0
50;2025-11-01;2;0
50;2025-11-01;3;0
50;2025-11-01;4;0
50;2025-11-01;5;3
50;2025-11-01;6;11
50;2025-11-01;7;40
50;2025-11-01;8;60
50;2025-11-01;9;46
50;2025-11-01;10;36
50;2025-11-01;11;35
50;2025-11-01;12;34
50;2025-11-01;13;35
50;2025-11-01;14;35
50;2025-11-01;15;37
50;2025-11-01;16;44
50;2025-11-01;17;49
50;2025-11-01;18;46
50;2025-11-01;19;31
50;2025-11-01;20;18
50;2025-11-01;21;14
50;2025-11-01;22;7
50;2025-11-01;23;4
50;2025-11-02;0;1
50;2025-11-02;1;0
50;2025-11-02;2;0
50;2025-11-02;3;0
50;2025-11-02;4;0
50;2025-11-02;5;1
50;2025-11-02;6;5
50;2025-11-02;7;16
50;2025-11-02;8;23
50;2025-11-02;9;27
50;2025-11-02;10;29
50;2025-11-02;11;31
50;2025-11-02;12;30
50;2025-11-02;13;31
50;2025-11-02;14;31
50;2025-11-02;15;31
50;2025-11-02;16;33
50;2025-11-02;17;33
50;2025-11-02;18;31
50;2025-11-02;19;22
50;2025-11-02;20;14
50;2025-11-02;21;11
50;2025-11-02;22;7
50;2025-11-02;23;4
50;2025-11-03;0;56
50;2025-11-03;1;13
50;2025-11-03;2;10
50;2025-11-03;3;10
50;2025-11-03;4;17
50;2025-11-03;5;61
50;2025-11-03;6;237
50;2025-11-03;7;781
50;2025-11-03;8;1146
50;2025-11-03;9;1147
50;2025-11-03;10;1216
50;2025-11-03;11;1238
50;2025-11-03;12;1212
50;2025-11-03;13;1223
50;2025-11-03;14;1221
50;2025-11-03;15;1260
50;2025-11-03;16;1339
50;2025-11-03;17;1548
50;2025-11-03;18;1593
50;2025-11-03;19;1033
50;2025-11-03;20;647
50;2025-11-03;21;498
50;2025-11-03;22;250
50;2025-11-03;23;128
50;2025-11-04;0;66
50;2025-11-04;1;24
50;2025-11-04;2;22
50;2025-11-04;3;23
50;2025-11-04;4;29
50;2025-11-04;5;75
50;2025-11-04;6;247
50;2025-11-04;7;742
50;2025-11-04;8;1092
50;2025-11-04;9;1095
50;2025-11-04;10;1164
50;2025-11-04;11;1200
50;2025-11-04;12;1176
50;2025-11-04;13;1192
50;2025-11-04;14;1191
50;2025-11-04;15;1234
50;2025-11-04;16;1285
50;2025-11-04;17;1508
50;2025-11-04;18;1545
50;2025-11-04;19;1014
50;2025-11-04;20;627
50;2025-11-04;21;483
50;2025-11-04;22;255
50;2025-11-04;23;132
50;2025-11-05;0;26
50;2025-11-05;1;0
50;2025-11-05;2;0
50;2025-11-05;3;0
50;2025-11-05;4;4
50;2025-11-05;5;123
50;2025-11-05;6;432
50;2025-11-05;7;1761
50;2025-11-05;8;2650
50;2025-11-05;9;1964
50;2025-11-05;10;1530
50;2025-11-05;11;1439
50;2025-11-05;12;1391
50;2025-11-05;13;1407
50;2025-11-05;14;1414
50;2025-11-05;15;1528
50;2025-11-05;16;1757
50;2025-11-05;17;2190
50;2025-11-05;18;2277
50;2025-11-05;19;1486
50;2025-11-05;20;898
50;2025-11-05;21;672
50;2025-11-05;22;263
50;2025-11-05;23;137
50;2025-11-06;0;26
50;2025-11-06;1;1
50;2025-11-06;2;0
50;2025-11-06;3;0
50;2025-11-06;4;3
50;2025-11-06;5;126
50;2025-11-06;6;437
50;2025-11-06;7;1752
50;2025-11-06;8;2628
50;2025-11-06;9;1928
50;2025-11-06;10;1509
50;2025-11-06;11;1426
50;2025-11-06;12;1384
50;2025-11-06;13;1398
50;2025-11-06;14;1404
50;2025-11-06;15;1516
50;2025-11-06;16;1740
50;2025-11-06;17;2183
50;2025-11-06;18;2234
50;2025-11-06;19;1452
50;2025-11-06;20;871
50;2025-11-06;21;658
50;2025-11-06;22;268
50;2025-11-06;23;147
50;2025-11-07;0;25
50;2025-11-07;1;1
50;2025-11-07;2;0
50;2025-11-07;3;0
50;2025-11-07;4;3
50;2025-11-07;5;120
50;2025-11-07;6;435
50;2025-11-07;7;1738
50;2025-11-07;8;2580
50;2025-11-07;9;1905
50;2025-11-07;10;1478
50;2025-11-07;11;1461
50;2025-11-07;12;1425
50;2025-11-07;13;1451
50;2025-11-07;14;1458
50;2025-11-07;15;1571
50;2025-11-07;16;1796
50;2025-11-07;17;2026
50;2025-11-07;18;1908
50;2025-11-07;19;1337
50;2025-11-07;20;798
50;2025-11-07;21;656
50;2025-11-07;22;274
50;2025-11-07;23;161
50;2025-11-08;0;1
50;2025-11-08;1;0
50;2025-11-08;2;0
50;2025-11-08;3;0
50;2025-11-08;4;0
50;2025-11-08;5;2
50;2025-11-08;6;7
50;2025-11-08;7;18
50;2025-11-08;8;25
50;2025-11-08;9;28
50;2025-11-08;10;30
50;2025-11-08;11;32
50;2025-11-08;12;31
50;2025-11-08;13;31
50;2025-11-08;14;31
50;2025-11-08;15;32
50;2025-11-08;16;33
50;2025-11-08;17;33
50;2025-11-08;18;31
50;2025-11-08;19;23
50;2025-11-08;20;14
50;2025-11-08;21;12
50;2025-11-08;22;7
50;2025-11-08;23;4
50;2025-11-09;0;1
50;2025-11-09;1;0
50;2025-11-09;2;0
50;2025-11-09;3;0
50;2025-11-09;4;0
50;2025-11-09;5;1
50;2025-11-09;6;5
50;2025-11-09;7;15
50;2025-11-09;8;22
50;2025-11-09;9;26
50;2025-11-09;10;28
50;2025-11-09;11;30
50;2025-11-09;12;29
50;2025-11-09;13;29
50;2025-11-09;14;29
50;2025-11-09;15;30
50;2025-11-09;16;32
50;2025-11-09;17;32
50;2025-11-09;18;29
50;2025-11-09;19;21
50;2025-11-09;20;13
50;2025-11-09;21;11
50;2025-11-09;22;6
50;2025-11-09;23;3
50;2025-11-10;0;22
50;2025-11-10;1;0
50;2025-11-10;2;0
50;2025-11-10;3;0
50;2025-11-10;4;4
50;2025-11-10;5;125
50;2025-11-10;6;433
50;2025-11-10;7;1772
50;2025-11-10;8;2689
50;2025-11-10;9;1978
50;2025-11-10;10;1540
50;2025-11-10;11;1441
50;2025-11-10;12;1391
50;2025-11-10;13;1407
50;2025-11-10;14;1413
50;2025-11-10;15;1523
50;2025-11-10;16;1767
50;2025-11-10;17;2201
50;2025-11-10;18;2287
50;2025-11-10;19;1486
50;2025-11-10;20;898
50;2025-11-10;21;660
50;2025-11-10;22;253
50;2025-11-10;23;122
50;2025-11-11;0;22
50;2025-11-11;1;1
50;2025-11-11;2;0
50;2025-11-11;3;0
50;2025-11-11;4;4
50;2025-11-11;5;121
50;2025-11-11;6;437
50;2025-11-11;7;1841
50;2025-11-11;8;2752
50;2025-11-11;9;2036
50;2025-11-11;10;1601
50;2025-11-11;11;1498
50;2025-11-11;12;1448
50;2025-11-11;13;1463
50;2025-11-11;14;1469
50;2025-11-11;15;1583
50;2025-11-11;16;1825
50;2025-11-11;17;2277
50;2025-11-11;18;2364
50;2025-11-11;19;1559
50;2025-11-11;20;969
50;2025-11-11;21;694
50;2025-11-11;22;277
50;2025-11-11;23;145
50;2025-11-12;0;23
50;2025-11-12;1;0
50;2025-11-12;2;0
50;2025-11-12;3;0
50;2025-11-12;4;3
50;2025-11-12;5;124
50;2025-11-12;6;439
50;2025-11-12;7;1796
50;2025-11-12;8;2696
50;2025-11-12;9;1996
50;2025-11-12;10;1560
50;2025-11-12;11;1468
50;2025-11-12;12;1419
50;2025-11-12;13;1436
50;2025-11-12;14;1441
50;2025-11-12;15;1554
50;2025-11-12;16;1787
50;2025-11-12;17;2226
50;2025-11-12;18;2322
50;2025-11-12;19;1522
50;2025-11-12;20;934
50;2025-11-12;21;672
50;2025-11-12;22;262
50;2025-11-12;23;135
50;2025-11-13;0;26
50;2025-11-13;1;0
50;2025-11-13;2;0
50;2025-11-13;3;0
50;2025-11-13;4;3
50;2025-11-13;5;124
50;2025-11-13;6;436
50;2025-11-13;7;1810
50;2025-11-13;8;2689
50;2025-11-13;9;1995
50;2025-11-13;10;1550
50;2025-11-13;11;1458
50;2025-11-13;12;1413
50;2025-11-13;13;1429
50;2025-11-13;14;1436
50;2025-11-13;15;1538
50;2025-11-13;16;1777
50;2025-11-13;17;2195
50;2025-11-13;18;2275
50;2025-11-13;19;1478
50;2025-11-13;20;899
50;2025-11-13;21;636
50;2025-11-13;22;263
50;2025-11-13;23;148
50;2025-11-14;0;24
50;2025-11-14;1;1
50;2025-11-14;2;0
50;2025-11-14;3;0
50;2025-11-14;4;3
50;2025-11-14;5;117
50;2025-11-14;6;432
50;2025-11-14;7;1786
50;2025-11-14;8;2634
50;2025-11-14;9;1950
50;2025-11-14;10;1520
50;2025-11-14;11;1488
50;2025-11-14;12;1451
50;2025-11-14;13;1476
50;2025-11-14;14;1483
50;2025-11-14;15;1595
50;2025-11-14;16;1826
50;2025-11-14;17;2056
50;2025-11-14;18;1938
50;2025-11-14;19;1335
50;2025-11-14;20;800
50;2025-11-14;21;648
50;2025-11-14;22;257
50;2025-11-14;23;156
50;2025-11-15;0;26
50;2025-11-15;1;0
50;2025-11-15;2;0
50;2025-11-15;3;0
50;2025-11-15;4;0
50;2025-11-15;5;85
50;2025-11-15;6;267
50;2025-11-15;7;778
50;2025-11-15;8;1108
50;2025-11-15;9;1206
50;2025-11-15;10;1267
50;2025-11-15;11;1330
50;2025-11-15;12;1308
50;2025-11-15;13;1328
50;2025-11-15;14;1327
50;2025-11-15;15;1350
50;2025-11-15;16;1429
50;2025-11-15;17;1422
50;2025-11-15;18;1321
50;2025-11-15;19;953
50;2025-11-15;20;588
50;2025-11-15;21;469
50;2025-11-15;22;253
50;2025-11-15;23;126
50;2025-11-16;0;58
50;2025-11-16;1;11
50;2025-11-16;2;7
50;2025-11-16;3;8
50;2025-11-16;4;14
50;2025-11-16;5;60
50;2025-11-16;6;214
50;2025-11-16;7;593
50;2025-11-16;8;901
50;2025-11-16;9;1053
50;2025-11-16;10;1134
50;2025-11-16;11;1208
50;2025-11-16;12;1185
50;2025-11-16;13;1203
50;2025-11-16;14;1203
50;2025-11-16;15;1225
50;2025-11-16;16;1302
50;2025-11-16;17;1293
50;2025-11-16;18;1196
50;2025-11-16;19;847
50;2025-11-16;20;509
50;2025-11-16;21;431
50;2025-11-16;22;255
50;2025-11-16;23;124
50;2025-11-17;0;23
50;2025-11-17;1;0
50;2025-11-17;2;0
50;2025-11-17;3;0
50;2025-11-17;4;4
50;2025-11-17;5;125
50;2025-11-17;6;437
50;2025-11-17;7;1824
50;2025-11-17;8;2747
50;2025-11-17;9;2046
50;2025-11-17;10;1607
50;2025-11-17;11;1516
50;2025-11-17;12;1467
50;2025-11-17;13;1490
50;2025-11-17;14;1497
50;2025-11-17;15;1607
50;2025-11-17;16;1851
50;2025-11-17;17;2275
50;2025-11-17;18;2350
50;2025-11-17;19;1537
50;2025-11-17;20;942
50;2025-11-17;21;685
50;2025-11-17;22;264
50;2025-11-17;23;130
50;2025-11-18;0;23
50;2025-11-18;1;0
50;2025-11-18;2;0
50;2025-11-18;3;0
50;2025-11-18;4;1
50;2025-11-18;5;114
50;2025-11-18;6;424
50;2025-11-18;7;1828
50;2025-11-18;8;2719
50;2025-11-18;9;2021
50;2025-11-18;10;1573
50;2025-11-18;11;1479
50;2025-11-18;12;1441
50;2025-11-18;13;1456
50;2025-11-18;14;1463
50;2025-11-18;15;1565
50;2025-11-18;16;1809
50;2025-11-18;17;2236
50;2025-11-18;18;2315
50;2025-11-18;19;1491
50;2025-11-18;20;894
50;2025-11-18;21;638
50;2025-11-18;22;238
50;2025-11-18;23;110
50;2025-11-19;0;25
50;2025-11-19;1;0
50;2025-11-19;2;0
50;2025-11-19;3;0
50;2025-11-19;4;2
50;2025-11-19;5;119
50;2025-11-19;6;438
50;2025-11-19;7;1781
50;2025-11-19;8;2685
50;2025-11-19;9;1996
50;2025-11-19;10;1551
50;2025-11-19;11;1454
50;2025-11-19;12;1407
50;2025-11-19;13;1426
50;2025-11-19;14;1432
50;2025-11-19;15;1547
50;2025-11-19;16;1783
50;2025-11-19;17;2215
50;2025-11-19;18;2289
50;2025-11-19;19;1487
50;2025-11-19;20;891
50;2025-11-19;21;657
50;2025-11-19;22;264
50;2025-11-19;23;137
50;2025-11-20;0;27
50;2025-11-20;1;0
50;2025-11-20;2;0
50;2025-11-20;3;0
50;2025-11-20;4;2
50;2025-11-20;5;120
50;2025-11-20;6;437
50;2025-11-20;7;1808
50;2025-11-20;8;2710
50;2025-11-20;9;2011
50;2025-11-20;10;1575
50;2025-11-20;11;1481
50;2025-11-20;12;1436
50;2025-11-20;13;1445
50;2025-11-20;14;1452
50;2025-11-20;15;1564
50;2025-11-20;16;1789
50;2025-11-20;17;2211
50;2025-11-20;18;2272
50;2025-11-20;19;1486
50;2025-11-20;20;899
50;2025-11-20;21;675
50;2025-11-20;22;277
50;2025-11-20;23;153
50;2025-11-21;0;25
50;2025-11-21;1;0
50;2025-11-21;2;0
50;2025-11-21;3;0
50;2025-11-21;4;2
50;2025-11-21;5;115
50;2025-11-21;6;434
50;2025-11-21;7;1763
50;2025-11-21;8;2648
50;2025-11-21;9;1977
50;2025-11-21;10;1556
50;2025-11-21;11;1522
50;2025-11-21;12;1480
50;2025-11-21;13;1499
50;2025-11-21;14;1506
50;2025-11-21;15;1617
50;2025-11-21;16;1848
50;2025-11-21;17;2062
50;2025-11-21;18;1948
50;2025-11-21;19;1347
50;2025-11-21;20;806
50;2025-11-21;21;660
50;2025-11-21;22;248
50;2025-11-21;23;147
50;2025-11-22;0;2
50;2025-11-22;1;0
50;2025-11-22;2;0
50;2025-11-22;3;0
50;2025-11-22;4;0
50;2025-11-22;5;54
50;2025-11-22;6;244
50;2025-11-22;7;826
50;2025-11-22;8;1158
50;2025-11-22;9;1275
50;2025-11-22;10;1303
50;2025-11-22;11;1355
50;2025-11-22;12;1337
50;2025-11-22;13;1355
50;2025-11-22;14;1355
50;2025-11-22;15;1371
50;2025-11-22;16;1461
50;2025-11-22;17;1456
50;2025-11-22;18;1362
50;2025-11-22;19;1008
50;2025-11-22;20;646
50;2025-11-22;21;474
50;2025-11-22;22;244
50;2025-11-22;23;114
50;2025-11-23;0;48
50;2025-11-23;1;0
50;2025-11-23;2;0
50;2025-11-23;3;0
50;2025-11-23;4;4
50;2025-11-23;5;49
50;2025-11-23;6;213
50;2025-11-23;7;609
50;2025-11-23;8;917
50;2025-11-23;9;1065
50;2025-11-23;10;1147
50;2025-11-23;11;1230
50;2025-11-23;12;1206
50;2025-11-23;13;1230
50;2025-11-23;14;1230
50;2025-11-23;15;1250
50;2025-11-23;16;1337
50;2025-11-23;17;1328
50;2025-11-23;18;1234
50;2025-11-23;19;894
50;2025-11-23;20;555
50;2025-11-23;21;449
50;2025-11-23;22;263
50;2025-11-23;23;126
50;2025-11-24;0;23
50;2025-11-24;1;0
50;2025-11-24;2;0
50;2025-11-24;3;0
50;2025-11-24;4;1
50;2025-11-24;5;135
50;2025-11-24;6;444
50;2025-11-24;7;1787
50;2025-11-24;8;2697
50;2025-11-24;9;2013
50;2025-11-24;10;1565
50;2025-11-24;11;1461
50;2025-11-24;12;1419
50;2025-11-24;13;1444
50;2025-11-24;14;1450
50;2025-11-24;15;1568
50;2025-11-24;16;1815
50;2025-11-24;17;2241
50;2025-11-24;18;2326
50;2025-11-24;19;1517
50;2025-11-24;20;920
50;2025-11-24;21;660
50;2025-11-24;22;264
50;2025-11-24;23;129
50;2025-11-25;0;22
50;2025-11-25;1;0
50;2025-11-25;2;0
50;2025-11-25;3;0
50;2025-11-25;4;3
50;2025-11-25;5;116
50;2025-11-25;6;431
50;2025-11-25;7;1800
50;2025-11-25;8;2717
50;2025-11-25;9;2003
50;2025-11-25;10;1557
50;2025-11-25;11;1457
50;2025-11-25;12;1412
50;2025-11-25;13;1429
50;2025-11-25;14;1436
50;2025-11-25;15;1550
50;2025-11-25;16;1777
50;2025-11-25;17;2221
50;2025-11-25;18;2305
50;2025-11-25;19;1503
50;2025-11-25;20;908
50;2025-11-25;21;672
50;2025-11-25;22;254
50;2025-11-25;23;137
50;2025-11-26;0;34
50;2025-11-26;1;0
50;2025-11-26;2;0
50;2025-11-26;3;0
50;2025-11-26;4;4
50;2025-11-26;5;126
50;2025-11-26;6;445
50;2025-11-26;7;1823
50;2025-11-26;8;2738
50;2025-11-26;9;2047
50;2025-11-26;10;1613
50;2025-11-26;11;1517
50;2025-11-26;12;1474
50;2025-11-26;13;1487
50;2025-11-26;14;1493
50;2025-11-26;15;1598
50;2025-11-26;16;1847
50;2025-11-26;17;2277
50;2025-11-26;18;2372
50;2025-11-26;19;1570
50;2025-11-26;20;974
50;2025-11-26;21;672
50;2025-11-26;22;275
50;2025-11-26;23;160
50;2025-11-27;0;35
50;2025-11-27;1;0
50;2025-11-27;2;0
50;2025-11-27;3;0
50;2025-11-27;4;0
50;2025-11-27;5;121
50;2025-11-27;6;436
50;2025-11-27;7;1805
50;2025-11-27;8;2701
50;2025-11-27;9;2008
50;2025-11-27;10;1563
50;2025-11-27;11;1475
50;2025-11-27;12;1437
50;2025-11-27;13;1454
50;2025-11-27;14;1459
50;2025-11-27;15;1565
50;2025-11-27;16;1802
50;2025-11-27;17;2220
50;2025-11-27;18;2298
50;2025-11-27;19;1491
50;2025-11-27;20;903
50;2025-11-27;21;642
50;2025-11-27;22;256
50;2025-11-27;23;155
50;2025-11-28;0;33
50;2025-11-28;1;0
50;2025-11-28;2;0
50;2025-11-28;3;0
50;2025-11-28;4;0
50;2025-11-28;5;110
50;2025-11-28;6;430
50;2025-11-28;7;1765
50;2025-11-28;8;2654
50;2025-11-28;9;1975
50;2025-11-28;10;1547
50;2025-11-28;11;1508
50;2025-11-28;12;1476
50;2025-11-28;13;1496
50;2025-11-28;14;1503
50;2025-11-28;15;1615
50;2025-11-28;16;1849
50;2025-11-28;17;2071
50;2025-11-28;18;1965
50;2025-11-28;19;1362
50;2025-11-28;20;820
50;2025-11-28;21;659
50;2025-11-28;22;264
50;2025-11-28;23;171
50;2025-11-29;0;18
50;2025-11-29;1;0
50;2025-11-29;2;0
50;2025-11-29;3;0
50;2025-11-29;4;0
50;2025-11-29;5;61
50;2025-11-29;6;251
50;2025-11-29;7;793
50;2025-11-29;8;1124
50;2025-11-29;9;1212
50;2025-11-29;10;1256
50;2025-11-29;11;1315
50;2025-11-29;12;1283
50;2025-11-29;13;1302
50;2025-11-29;14;1301
50;2025-11-29;15;1326
50;2025-11-29;16;1402
50;2025-11-29;17;1409
50;2025-11-29;18;1318
50;2025-11-29;19;961
50;2025-11-29;20;599
50;2025-11-29;21;482
50;2025-11-29;22;261
50;2025-11-29;23;138
50;2025-11-30;0;81
50;2025-11-30;1;28
50;2025-11-30;2;26
50;2025-11-30;3;26
50;2025-11-30;4;33
50;2025-11-30;5;84
50;2025-11-30;6;243
50;2025-11-30;7;678
50;2025-11-30;8;989
50;2025-11-30;9;1154
50;2025-11-30;10;1218
50;2025-11-30;11;1271
50;2025-11-30;12;1251
50;2025-11-30;13;1274
50;2025-11-30;14;1273
50;2025-11-30;15;1295
50;2025-11-30;16;1382
50;2025-11-30;17;1391
50;2025-11-30;18;1298
50;2025-11-30;19;957
50;2025-11-30;20;617
50;2025-11-30;21;480
50;2025-11-30;22;281
50;2025-11-30;23;150
50;2025-12-01;0;32
50;2025-12-01;1;0
50;2025-12-01;2;0
50;2025-12-01;3;0
50;2025-12-01;4;3
50;2025-12-01;5;124
50;2025-12-01;6;435
50;2025-12-01;7;1796
50;2025-12-01;8;2722
50;2025-12-01;9;2012
50;2025-12-01;10;1571
50;2025-12-01;11;1473
50;2025-12-01;12;1423
50;2025-12-01;13;1444
50;2025-12-01;14;1451
50;2025-12-01;15;1562
50;2025-12-01;16;1795
50;2025-12-01;17;2226
50;2025-12-01;18;2313
50;2025-12-01;19;1518
50;2025-12-01;20;923
50;2025-12-01;21;689
50;2025-12-01;22;266
50;2025-12-01;23;143
50;2025-12-02;0;31
50;2025-12-02;1;0
50;2025-12-02;2;0
50;2025-12-02;3;0
50;2025-12-02;4;3
50;2025-12-02;5;118
50;2025-12-02;6;435
50;2025-12-02;7;1829
50;2025-12-02;8;2745
50;2025-12-02;9;2037
50;2025-12-02;10;1596
50;2025-12-02;11;1494
50;2025-12-02;12;1445
50;2025-12-02;13;1467
50;2025-12-02;14;1473
50;2025-12-02;15;1577
50;2025-12-02;16;1826
50;2025-12-02;17;2260
50;2025-12-02;18;2347
50;2025-12-02;19;1558
50;2025-12-02;20;962
50;2025-12-02;21;676
50;2025-12-02;22;271
50;2025-12-02;23;155
50;2025-12-03;0;33
50;2025-12-03;1;0
50;2025-12-03;2;0
50;2025-12-03;3;0
50;2025-12-03;4;3
50;2025-12-03;5;124
50;2025-12-03;6;446
50;2025-12-03;7;1841
50;2025-12-03;8;2761
50;2025-12-03;9;2058
50;2025-12-03;10;1625
50;2025-12-03;11;1529
50;2025-12-03;12;1480
50;2025-12-03;13;1496
50;2025-12-03;14;1502
50;2025-12-03;15;1616
50;2025-12-03;16;1865
50;2025-12-03;17;2311
50;2025-12-03;18;2407
50;2025-12-03;19;1597
50;2025-12-03;20;1001
50;2025-12-03;21;705
50;2025-12-03;22;289
50;2025-12-03;23;164
50;2025-12-04;0;36
50;2025-12-04;1;1
50;2025-12-04;2;0
50;2025-12-04;3;0
50;2025-12-04;4;2
50;2025-12-04;5;125
50;2025-12-04;6;446
50;2025-12-04;7;1842
50;2025-12-04;8;2763
50;2025-12-04;9;2054
50;2025-12-04;10;1617
50;2025-12-04;11;1520
50;2025-12-04;12;1476
50;2025-12-04;13;1492
50;2025-12-04;14;1498
50;2025-12-04;15;1612
50;2025-12-04;16;1852
50;2025-12-04;17;2288
50;2025-12-04;18;2359
50;2025-12-04;19;1560
50;2025-12-04;20;973
50;2025-12-04;21;702
50;2025-12-04;22;290
50;2025-12-04;23;171
50;2025-12-05;0;34
50;2025-12-05;1;1
50;2025-12-05;2;0
50;2025-12-05;3;0
50;2025-12-05;4;2
50;2025-12-05;5;114
50;2025-12-05;6;437
50;2025-12-05;7;1796
50;2025-12-05;8;2688
50;2025-12-05;9;2008
50;2025-12-05;10;1582
50;2025-12-05;11;1543
50;2025-12-05;12;1504
50;2025-12-05;13;1532
50;2025-12-05;14;1539
50;2025-12-05;15;1654
50;2025-12-05;16;1906
50;2025-12-05;17;2135
50;2025-12-05;18;2037
50;2025-12-05;19;1434
50;2025-12-05;20;892
50;2025-12-05;21;695
50;2025-12-05;22;297
50;2025-12-05;23;200
50;2025-12-06;0;46
50;2025-12-06;1;6
50;2025-12-06;2;7
50;2025-12-06;3;7
50;2025-12-06;4;14
50;2025-12-06;5;91
50;2025-12-06;6;279
50;2025-12-06;7;832
50;2025-12-06;8;1168
50;2025-12-06;9;1277
50;2025-12-06;10;1328
50;2025-12-06;11;1376
50;2025-12-06;12;1343
50;2025-12-06;13;1363
50;2025-12-06;14;1363
50;2025-12-06;15;1386
50;2025-12-06;16;1473
50;2025-12-06;17;1480
50;2025-12-06;18;1387
50;2025-12-06;19;1024
50;2025-12-06;20;663
50;2025-12-06;21;513
50;2025-12-06;22;301
50;2025-12-06;23;175
50;2025-12-07;0;80
50;2025-12-07;1;26
50;2025-12-07;2;23
50;2025-12-07;3;25
50;2025-12-07;4;31
50;2025-12-07;5;78
50;2025-12-07;6;240
50;2025-12-07;7;616
50;2025-12-07;8;924
50;2025-12-07;9;1064
50;2025-12-07;10;1145
50;2025-12-07;11;1222
50;2025-12-07;12;1196
50;2025-12-07;13;1216
50;2025-12-07;14;1216
50;2025-12-07;15;1238
50;2025-12-07;16;1308
50;2025-12-07;17;1309
50;2025-12-07;18;1218
50;2025-12-07;19;871
50;2025-12-07;20;533
50;2025-12-07;21;457
50;2025-12-07;22;272
50;2025-12-07;23;145
50;2025-12-08;0;32
50;2025-12-08;1;0
50;2025-12-08;2;0
50;2025-12-08;3;0
50;2025-12-08;4;4
50;2025-12-08;5;121
50;2025-12-08;6;433
50;2025-12-08;7;1775
50;2025-12-08;8;2703
50;2025-12-08;9;1993
50;2025-12-08;10;1547
50;2025-12-08;11;1450
50;2025-12-08;12;1400
50;2025-12-08;13;1415
50;2025-12-08;14;1422
50;2025-12-08;15;1533
50;2025-12-08;16;1762
50;2025-12-08;17;2195
50;2025-12-08;18;2280
50;2025-12-08;19;1475
50;2025-12-08;20;882
50;2025-12-08;21;664
50;2025-12-08;22;249
50;2025-12-08;23;131
50;2025-12-09;0;31
50;2025-12-09;1;0
50;2025-12-09;2;0
50;2025-12-09;3;0
50;2025-12-09;4;2
50;2025-12-09;5;115
50;2025-12-09;6;430
50;2025-12-09;7;1795
50;2025-12-09;8;2711
50;2025-12-09;9;1996
50;2025-12-09;10;1547
50;2025-12-09;11;1450
50;2025-12-09;12;1404
50;2025-12-09;13;1427
50;2025-12-09;14;1434
50;2025-12-09;15;1548
50;2025-12-09;16;1775
50;2025-12-09;17;2222
50;2025-12-09;18;2307
50;2025-12-09;19;1501
50;2025-12-09;20;907
50;2025-12-09;21;670
50;2025-12-09;22;253
50;2025-12-09;23;135
50;2025-12-10;0;32
50;2025-12-10;1;0
50;2025-12-10;2;0
50;2025-12-10;3;0
50;2025-12-10;4;3
50;2025-12-10;5;125
50;2025-12-10;6;440
50;2025-12-10;7;1786
50;2025-12-10;8;2695
50;2025-12-10;9;1987
50;2025-12-10;10;1550
50;2025-12-10;11;1457
50;2025-12-10;12;1408
50;2025-12-10;13;1422
50;2025-12-10;14;1427
50;2025-12-10;15;1539
50;2025-12-10;16;1768
50;2025-12-10;17;2205
50;2025-12-10;18;2292
50;2025-12-10;19;1494
50;2025-12-10;20;906
50;2025-12-10;21;662
50;2025-12-10;22;256
50;2025-12-10;23;138
50;2025-12-11;0;33
50;2025-12-11;1;0
50;2025-12-11;2;0
50;2025-12-11;3;0
50;2025-12-11;4;0
50;2025-12-11;5;122
50;2025-12-11;6;434
50;2025-12-11;7;1767
50;2025-12-11;8;2662
50;2025-12-11;9;1968
50;2025-12-11;10;1520
50;2025-12-11;11;1436
50;2025-12-11;12;1397
50;2025-12-11;13;1416
50;2025-12-11;14;1423
50;2025-12-11;15;1527
50;2025-12-11;16;1761
50;2025-12-11;17;2179
50;2025-12-11;18;2258
50;2025-12-11;19;1468
50;2025-12-11;20;889
50;2025-12-11;21;626
50;2025-12-11;22;247
50;2025-12-11;23;145
50;2025-12-12;0;32
50;2025-12-12;1;0
50;2025-12-12;2;0
50;2025-12-12;3;0
50;2025-12-12;4;2
50;2025-12-12;5;116
50;2025-12-12;6;430
50;2025-12-12;7;1750
50;2025-12-12;8;2629
50;2025-12-12;9;1930
50;2025-12-12;10;1496
50;2025-12-12;11;1461
50;2025-12-12;12;1426
50;2025-12-12;13;1454
50;2025-12-12;14;1461
50;2025-12-12;15;1573
50;2025-12-12;16;1804
50;2025-12-12;17;2030
50;2025-12-12;18;1924
50;2025-12-12;19;1338
50;2025-12-12;20;805
50;2025-12-12;21;645
50;2025-12-12;22;254
50;2025-12-12;23;160
50;2025-12-13;0;57
50;2025-12-13;1;13
50;2025-12-13;2;13
50;2025-12-13;3;13
50;2025-12-13;4;20
50;2025-12-13;5;92
50;2025-12-13;6;267
50;2025-12-13;7;780
50;2025-12-13;8;1094
50;2025-12-13;9;1160
50;2025-12-13;10;1197
50;2025-12-13;11;1256
50;2025-12-13;12;1224
50;2025-12-13;13;1251
50;2025-12-13;14;1251
50;2025-12-13;15;1275
50;2025-12-13;16;1350
50;2025-12-13;17;1349
50;2025-12-13;18;1255
50;2025-12-13;19;922
50;2025-12-13;20;571
50;2025-12-13;21;464
50;2025-12-13;22;266
50;2025-12-13;23;142
50;2025-12-14;0;69
50;2025-12-14;1;25
50;2025-12-14;2;21
50;2025-12-14;3;22
50;2025-12-14;4;28
50;2025-12-14;5;71
50;2025-12-14;6;229
50;2025-12-14;7;579
50;2025-12-14;8;872
50;2025-12-14;9;992
50;2025-12-14;10;1069
50;2025-12-14;11;1148
50;2025-12-14;12;1124
50;2025-12-14;13;1151
50;2025-12-14;14;1151
50;2025-12-14;15;1173
50;2025-12-14;16;1243
50;2025-12-14;17;1240
50;2025-12-14;18;1148
50;2025-12-14;19;826
50;2025-12-14;20;499
50;2025-12-14;21;425
50;2025-12-14;22;242
50;2025-12-14;23;116
50;2025-12-15;0;23
50;2025-12-15;1;1
50;2025-12-15;2;0
50;2025-12-15;3;2
50;2025-12-15;4;6
50;2025-12-15;5;125
50;2025-12-15;6;437
50;2025-12-15;7;1772
50;2025-12-15;8;2694
50;2025-12-15;9;1976
50;2025-12-15;10;1531
50;2025-12-15;11;1431
50;2025-12-15;12;1381
50;2025-12-15;13;1402
50;2025-12-15;14;1408
50;2025-12-15;15;1518
50;2025-12-15;16;1762
50;2025-12-15;17;2201
50;2025-12-15;18;2287
50;2025-12-15;19;1493
50;2025-12-15;20;904
50;2025-12-15;21;660
50;2025-12-15;22;257
50;2025-12-15;23;131
50;2025-12-16;0;29
50;2025-12-16;1;1
50;2025-12-16;2;0
50;2025-12-16;3;0
50;2025-12-16;4;4
50;2025-12-16;5;123
50;2025-12-16;6;434
50;2025-12-16;7;1815
50;2025-12-16;8;2716
50;2025-12-16;9;2000
50;2025-12-16;10;1540
50;2025-12-16;11;1446
50;2025-12-16;12;1400
50;2025-12-16;13;1429
50;2025-12-16;14;1435
50;2025-12-16;15;1548
50;2025-12-16;16;1785
50;2025-12-16;17;2229
50;2025-12-16;18;2319
50;2025-12-16;19;1523
50;2025-12-16;20;935
50;2025-12-16;21;680
50;2025-12-16;22;264
50;2025-12-16;23;142
50;2025-12-17;0;32
50;2025-12-17;1;0
50;2025-12-17;2;0
50;2025-12-17;3;0
50;2025-12-17;4;3
50;2025-12-17;5;129
50;2025-12-17;6;439
50;2025-12-17;7;1777
50;2025-12-17;8;2673
50;2025-12-17;9;1981
50;2025-12-17;10;1539
50;2025-12-17;11;1452
50;2025-12-17;12;1406
50;2025-12-17;13;1426
50;2025-12-17;14;1432
50;2025-12-17;15;1535
50;2025-12-17;16;1772
50;2025-12-17;17;2194
50;2025-12-17;18;2292
50;2025-12-17;19;1503
50;2025-12-17;20;915
50;2025-12-17;21;644
50;2025-12-17;22;255
50;2025-12-17;23;144
50;2025-12-18;0;35
50;2025-12-18;1;1
50;2025-12-18;2;0
50;2025-12-18;3;0
50;2025-12-18;4;3
50;2025-12-18;5;122
50;2025-12-18;6;433
50;2025-12-18;7;1747
50;2025-12-18;8;2648
50;2025-12-18;9;1947
50;2025-12-18;10;1515
50;2025-12-18;11;1423
50;2025-12-18;12;1377
50;2025-12-18;13;1394
50;2025-12-18;14;1400
50;2025-12-18;15;1502
50;2025-12-18;16;1729
50;2025-12-18;17;2147
50;2025-12-18;18;2225
50;2025-12-18;19;1449
50;2025-12-18;20;869
50;2025-12-18;21;625
50;2025-12-18;22;244
50;2025-12-18;23;143
50;2025-12-19;0;32
50;2025-12-19;1;1
50;2025-12-19;2;0
50;2025-12-19;3;0
50;2025-12-19;4;2
50;2025-12-19;5;116
50;2025-12-19;6;432
50;2025-12-19;7;1740
50;2025-12-19;8;2621
50;2025-12-19;9;1926
50;2025-12-19;10;1495
50;2025-12-19;11;1458
50;2025-12-19;12;1418
50;2025-12-19;13;1446
50;2025-12-19;14;1453
50;2025-12-19;15;1566
50;2025-12-19;16;1797
50;2025-12-19;17;2019
50;2025-12-19;18;1917
50;2025-12-19;19;1338
50;2025-12-19;20;805
50;2025-12-19;21;649
50;2025-12-19;22;261
50;2025-12-19;23;168
50;2025-12-20;0;38
50;2025-12-20;1;1
50;2025-12-20;2;1
50;2025-12-20;3;1
50;2025-12-20;4;7
50;2025-12-20;5;80
50;2025-12-20;6;264
50;2025-12-20;7;790
50;2025-12-20;8;1111
50;2025-12-20;9;1197
50;2025-12-20;10;1234
50;2025-12-20;11;1283
50;2025-12-20;12;1249
50;2025-12-20;13;1270
50;2025-12-20;14;1269
50;2025-12-20;15;1284
50;2025-12-20;16;1354
50;2025-12-20;17;1360
50;2025-12-20;18;1266
50;2025-12-20;19;930
50;2025-12-20;20;576
50;2025-12-20;21;433
50;2025-12-20;22;248
50;2025-12-20;23;129
50;2025-12-21;0;71
50;2025-12-21;1;25
50;2025-12-21;2;21
50;2025-12-21;3;22
50;2025-12-21;4;32
50;2025-12-21;5;77
50;2025-12-21;6;232
50;2025-12-21;7;609
50;2025-12-21;8;914
50;2025-12-21;9;1057
50;2025-12-21;10;1129
50;2025-12-21;11;1189
50;2025-12-21;12;1163
50;2025-12-21;13;1183
50;2025-12-21;14;1182
50;2025-12-21;15;1206
50;2025-12-21;16;1280
50;2025-12-21;17;1284
50;2025-12-21;18;1193
50;2025-12-21;19;851
50;2025-12-21;20;520
50;2025-12-21;21;432
50;2025-12-21;22;250
50;2025-12-21;23;126
50;2025-12-22;0;21
50;2025-12-22;1;0
50;2025-12-22;2;0
50;2025-12-22;3;0
50;2025-12-22;4;5
50;2025-12-22;5;125
50;2025-12-22;6;431
50;2025-12-22;7;1749
50;2025-12-22;8;2665
50;2025-12-22;9;1948
50;2025-12-22;10;1500
50;2025-12-22;11;1406
50;2025-12-22;12;1356
50;2025-12-22;13;1377
50;2025-12-22;14;1384
50;2025-12-22;15;1493
50;2025-12-22;16;1720
50;2025-12-22;17;2155
50;2025-12-22;18;2240
50;2025-12-22;19;1440
50;2025-12-22;20;854
50;2025-12-22;21;634
50;2025-12-22;22;237
50;2025-12-22;23;117
50;2025-12-23;0;30
50;2025-12-23;1;0
50;2025-12-23;2;0
50;2025-12-23;3;0
50;2025-12-23;4;2
50;2025-12-23;5;114
50;2025-12-23;6;428
50;2025-12-23;7;1754
50;2025-12-23;8;2650
50;2025-12-23;9;1928
50;2025-12-23;10;1472
50;2025-12-23;11;1365
50;2025-12-23;12;1319
50;2025-12-23;13;1345
50;2025-12-23;14;1352
50;2025-12-23;15;1468
50;2025-12-23;16;1703
50;2025-12-23;17;2148
50;2025-12-23;18;2234
50;2025-12-23;19;1454
50;2025-12-23;20;869
50;2025-12-23;21;645
50;2025-12-23;22;244
50;2025-12-23;23;124
50;2025-12-24;0;33
50;2025-12-24;1;0
50;2025-12-24;2;0
50;2025-12-24;3;0
50;2025-12-24;4;2
50;2025-12-24;5;124
50;2025-12-24;6;440
50;2025-12-24;7;1760
50;2025-12-24;8;2662
50;2025-12-24;9;1955
50;2025-12-24;10;1514
50;2025-12-24;11;1421
50;2025-12-24;12;1374
50;2025-12-24;13;1396
50;2025-12-24;14;1402
50;2025-12-24;15;1516
50;2025-12-24;16;1742
50;2025-12-24;17;2180
50;2025-12-24;18;2266
50;2025-12-24;19;1476
50;2025-12-24;20;893
50;2025-12-24;21;650
50;2025-12-24;22;256
50;2025-12-24;23;138
50;2025-12-25;0;34
50;2025-12-25;1;0
50;2025-12-25;2;0
50;2025-12-25;3;0
50;2025-12-25;4;3
50;2025-12-25;5;127
50;2025-12-25;6;441
50;2025-12-25;7;1790
50;2025-12-25;8;2689
50;2025-12-25;9;1979
50;2025-12-25;10;1527
50;2025-12-25;11;1443
50;2025-12-25;12;1403
50;2025-12-25;13;1423
50;2025-12-25;14;1430
50;2025-12-25;15;1541
50;2025-12-25;16;1775
50;2025-12-25;17;2213
50;2025-12-25;18;2285
50;2025-12-25;19;1493
50;2025-12-25;20;914
50;2025-12-25;21;663
50;2025-12-25;22;265
50;2025-12-25;23;150
50;2025-12-26;0;32
50;2025-12-26;1;0
50;2025-12-26;2;0
50;2025-12-26;3;0
50;2025-12-26;4;2
50;2025-12-26;5;120
50;2025-12-26;6;433
50;2025-12-26;7;1767
50;2025-12-26;8;2643
50;2025-12-26;9;1951
50;2025-12-26;10;1499
50;2025-12-26;11;1471
50;2025-12-26;12;1438
50;2025-12-26;13;1473
50;2025-12-26;14;1481
50;2025-12-26;15;1593
50;2025-12-26;16;1826
50;2025-12-26;17;2054
50;2025-12-26;18;1937
50;2025-12-26;19;1343
50;2025-12-26;20;811
50;2025-12-26;21;647
50;2025-12-26;22;256
50;2025-12-26;23;160
50;2025-12-27;0;43
50;2025-12-27;1;5
50;2025-12-27;2;5
50;2025-12-27;3;5
50;2025-12-27;4;12
50;2025-12-27;5;85
50;2025-12-27;6;272
50;2025-12-27;7;793
50;2025-12-27;8;1118
50;2025-12-27;9;1184
50;2025-12-27;10;1231
50;2025-12-27;11;1298
50;2025-12-27;12;1264
50;2025-12-27;13;1285
50;2025-12-27;14;1285
50;2025-12-27;15;1306
50;2025-12-27;16;1376
50;2025-12-27;17;1372
50;2025-12-27;18;1277
50;2025-12-27;19;936
50;2025-12-27;20;581
50;2025-12-27;21;476
50;2025-12-27;22;264
50;2025-12-27;23;137
50;2025-12-28;0;71
50;2025-12-28;1;26
50;2025-12-28;2;22
50;2025-12-28;3;24
50;2025-12-28;4;34
50;2025-12-28;5;78
50;2025-12-28;6;235
50;2025-12-28;7;603
50;2025-12-28;8;907
50;2025-12-28;9;1027
50;2025-12-28;10;1109
50;2025-12-28;11;1187
50;2025-12-28;12;1160
50;2025-12-28;13;1180
50;2025-12-28;14;1180
50;2025-12-28;15;1200
50;2025-12-28;16;1271
50;2025-12-28;17;1272
50;2025-12-28;18;1181
50;2025-12-28;19;842
50;2025-12-28;20;511
50;2025-12-28;21;429
50;2025-12-28;22;249
50;2025-12-28;23;123
50;2025-12-29;0;26
50;2025-12-29;1;1
50;2025-12-29;2;1
50;2025-12-29;3;2
50;2025-12-29;4;7
50;2025-12-29;5;125
50;2025-12-29;6;436
50;2025-12-29;7;1773
50;2025-12-29;8;2693
50;2025-12-29;9;1991
50;2025-12-29;10;1553
50;2025-12-29;11;1456
50;2025-12-29;12;1406
50;2025-12-29;13;1427
50;2025-12-29;14;1433
50;2025-12-29;15;1546
50;2025-12-29;16;1792
50;2025-12-29;17;2219
50;2025-12-29;18;2290
50;2025-12-29;19;1499
50;2025-12-29;20;919
50;2025-12-29;21;676
50;2025-12-29;22;266
50;2025-12-29;23;148
50;2025-12-30;0;32
50;2025-12-30;1;1
50;2025-12-30;2;0
50;2025-12-30;3;0
50;2025-12-30;4;3
50;2025-12-30;5;117
50;2025-12-30;6;429
50;2025-12-30;7;1772
50;2025-12-30;8;2659
50;2025-12-30;9;1954
50;2025-12-30;10;1521
50;2025-12-30;11;1438
50;2025-12-30;12;1395
50;2025-12-30;13;1419
50;2025-12-30;14;1425
50;2025-12-30;15;1538
50;2025-12-30;16;1766
50;2025-12-30;17;2188
50;2025-12-30;18;2242
50;2025-12-30;19;1454
50;2025-12-30;20;873
50;2025-12-30;21;671
50;2025-12-30;22;259
50;2025-12-30;23;150
50;2025-12-31;0;62
50;2025-12-31;1;14
50;2025-12-31;2;11
50;2025-12-31;3;11
50;2025-12-31;4;19
50;2025-12-31;5;68
50;2025-12-31;6;250
50;2025-12-31;7;771
50;2025-12-31;8;1151
50;2025-12-31;9;1159
50;2025-12-31;10;1218
50;2025-12-31;11;1245
50;2025-12-31;12;1213
50;2025-12-31;13;1223
50;2025-12-31;14;1221
50;2025-12-31;15;1262
50;2025-12-31;16;1340
50;2025-12-31;17;1553
50;2025-12-31;18;1601
50;2025-12-31;19;1028
50;2025-12-31;20;643
50;2025-12-31;21;507
50;2025-12-31;22;258
50;2025-12-31;23;120
