route;date;hour;prediction
1;2025-11-01;0;4
1;2025-11-01;1;0
1;2025-11-01;2;0
1;2025-11-01;3;0
1;2025-11-01;4;8
1;2025-11-01;5;135
1;2025-11-01;6;484
1;2025-11-01;7;1502
1;2025-11-01;8;1878
1;2025-11-01;9;1450
1;2025-11-01;10;1314
1;2025-11-01;11;1360
1;2025-11-01;12;1371
1;2025-11-01;13;1412
1;2025-11-01;14;1320
1;2025-11-01;15;1468
1;2025-11-01;16;1574
1;2025-11-01;17;1822
1;2025-11-01;18;1604
1;2025-11-01;19;1289
1;2025-11-01;20;827
1;2025-11-01;21;479
1;2025-11-01;22;191
1;2025-11-01;23;40
1;2025-11-02;0;0
1;2025-11-02;1;0
1;2025-11-02;2;0
1;2025-11-02;3;0
1;2025-11-02;4;0
1;2025-11-02;5;23
1;2025-11-02;6;117
1;2025-11-02;7;259
1;2025-11-02;8;353
1;2025-11-02;9;603
1;2025-11-02;10;677
1;2025-11-02;11;718
1;2025-11-02;12;816
1;2025-11-02;13;852
1;2025-11-02;14;797
1;2025-11-02;15;707
1;2025-11-02;16;645
1;2025-11-02;17;591
1;2025-11-02;18;513
1;2025-11-02;19;441
1;2025-11-02;20;332
1;2025-11-02;21;267
1;2025-11-02;22;100
1;2025-11-02;23;27
1;2025-11-03;0;0
1;2025-11-03;1;0
1;2025-11-03;2;0
1;2025-11-03;3;0
1;2025-11-03;4;0
1;2025-11-03;5;23
1;2025-11-03;6;117
1;2025-11-03;7;259
1;2025-11-03;8;353
1;2025-11-03;9;603
1;2025-11-03;10;677
1;2025-11-03;11;718
1;2025-11-03;12;816
1;2025-11-03;13;852
1;2025-11-03;14;797
1;2025-11-03;15;707
1;2025-11-03;16;645
1;2025-11-03;17;591
1;2025-11-03;18;513
1;2025-11-03;19;441
1;2025-11-03;20;332
1;2025-11-03;21;267
1;2025-11-03;22;100
1;2025-11-03;23;27
1;2025-11-04;0;0
1;2025-11-04;1;0
1;2025-11-04;2;0
1;2025-11-04;3;0
1;2025-11-04;4;0
1;2025-11-04;5;23
1;2025-11-04;6;117
1;2025-11-04;7;259
1;2025-11-04;8;353
1;2025-11-04;9;603
1;2025-11-04;10;677
1;2025-11-04;11;718
1;2025-11-04;12;816
1;2025-11-04;13;852
1;2025-11-04;14;797
1;2025-11-04;15;707
1;2025-11-04;16;645
1;2025-11-04;17;591
1;2025-11-04;18;513
1;2025-11-04;19;441
1;2025-11-04;20;332
1;2025-11-04;21;267
1;2025-11-04;22;100
1;2025-11-04;23;27
1;2025-11-05;0;3
1;2025-11-05;1;0
1;2025-11-05;2;0
1;2025-11-05;3;0
1;2025-11-05;4;9
1;2025-11-05;5;131
1;2025-11-05;6;530
1;2025-11-05;7;1459
1;2025-11-05;8;1949
1;2025-11-05;9;1453
1;2025-11-05;10;1346
1;2025-11-05;11;1324
1;2025-11-05;12;1384
1;2025-11-05;13;1474
1;2025-11-05;14;1355
1;2025-11-05;15;1501
1;2025-11-05;16;1518
1;2025-11-05;17;1788
1;2025-11-05;18;1787
1;2025-11-05;19;1360
1;2025-11-05;20;882
1;2025-11-05;21;476
1;2025-11-05;22;203
1;2025-11-05;23;34
1;2025-11-06;0;4
1;2025-11-06;1;0
1;2025-11-06;2;0
1;2025-11-06;3;0
1;2025-11-06;4;10
1;2025-11-06;5;119
1;2025-11-06;6;477
1;2025-11-06;7;1474
1;2025-11-06;8;1924
1;2025-11-06;9;1441
1;2025-11-06;10;1341
1;2025-11-06;11;1326
1;2025-11-06;12;1394
1;2025-11-06;13;1441
1;2025-11-06;14;1353
1;2025-11-06;15;1500
1;2025-11-06;16;1534
1;2025-11-06;17;1771
1;2025-11-06;18;1786
1;2025-11-06;19;1314
1;2025-11-06;20;883
1;2025-11-06;21;456
1;2025-11-06;22;179
1;2025-11-06;23;37
1;2025-11-07;0;4
1;2025-11-07;1;0
1;2025-11-07;2;0
1;2025-11-07;3;0
1;2025-11-07;4;8
1;2025-11-07;5;135
1;2025-11-07;6;484
1;2025-11-07;7;1502
1;2025-11-07;8;1878
1;2025-11-07;9;1450
1;2025-11-07;10;1314
1;2025-11-07;11;1360
1;2025-11-07;12;1371
1;2025-11-07;13;1412
1;2025-11-07;14;1320
1;2025-11-07;15;1468
1;2025-11-07;16;1574
1;2025-11-07;17;1822
1;2025-11-07;18;1604
1;2025-11-07;19;1289
1;2025-11-07;20;827
1;2025-11-07;21;479
1;2025-11-07;22;191
1;2025-11-07;23;40
1;2025-11-08;0;3
1;2025-11-08;1;0
1;2025-11-08;2;0
1;2025-11-08;3;0
1;2025-11-08;4;1
1;2025-11-08;5;32
1;2025-11-08;6;157
1;2025-11-08;7;366
1;2025-11-08;8;495
1;2025-11-08;9;763
1;2025-11-08;10;921
1;2025-11-08;11;883
1;2025-11-08;12;1070
1;2025-11-08;13;1120
1;2025-11-08;14;1033
1;2025-11-08;15;901
1;2025-11-08;16;785
1;2025-11-08;17;726
1;2025-11-08;18;647
1;2025-11-08;19;580
1;2025-11-08;20;432
1;2025-11-08;21;299
1;2025-11-08;22;118
1;2025-11-08;23;24
1;2025-11-09;0;0
1;2025-11-09;1;0
1;2025-11-09;2;0
1;2025-11-09;3;0
1;2025-11-09;4;0
1;2025-11-09;5;23
1;2025-11-09;6;117
1;2025-11-09;7;259
1;2025-11-09;8;353
1;2025-11-09;9;603
1;2025-11-09;10;677
1;2025-11-09;11;718
1;2025-11-09;12;816
1;2025-11-09;13;852
1;2025-11-09;14;797
1;2025-11-09;15;707
1;2025-11-09;16;645
1;2025-11-09;17;591
1;2025-11-09;18;513
1;2025-11-09;19;441
1;2025-11-09;20;332
1;2025-11-09;21;267
1;2025-11-09;22;100
1;2025-11-09;23;27
1;2025-11-10;0;1
1;2025-11-10;1;0
1;2025-11-10;2;0
1;2025-11-10;3;0
1;2025-11-10;4;9
1;2025-11-10;5;132
1;2025-11-10;6;492
1;2025-11-10;7;1458
1;2025-11-10;8;1937
1;2025-11-10;9;1448
1;2025-11-10;10;1289
1;2025-11-10;11;1283
1;2025-11-10;12;1377
1;2025-11-10;13;1427
1;2025-11-10;14;1401
1;2025-11-10;15;1514
1;2025-11-10;16;1585
1;2025-11-10;17;1835
1;2025-11-10;18;1903
1;2025-11-10;19;1409
1;2025-11-10;20;895
1;2025-11-10;21;451
1;2025-11-10;22;170
1;2025-11-10;23;39
1;2025-11-11;0;5
1;2025-11-11;1;0
1;2025-11-11;2;0
1;2025-11-11;3;0
1;2025-11-11;4;11
1;2025-11-11;5;116
1;2025-11-11;6;505
1;2025-11-11;7;1548
1;2025-11-11;8;1966
1;2025-11-11;9;1490
1;2025-11-11;10;1355
1;2025-11-11;11;1335
1;2025-11-11;12;1373
1;2025-11-11;13;1421
1;2025-11-11;14;1308
1;2025-11-11;15;1427
1;2025-11-11;16;1520
1;2025-11-11;17;1806
1;2025-11-11;18;1813
1;2025-11-11;19;1399
1;2025-11-11;20;873
1;2025-11-11;21;481
1;2025-11-11;22;186
1;2025-11-11;23;38
1;2025-11-12;0;3
1;2025-11-12;1;0
1;2025-11-12;2;0
1;2025-11-12;3;0
1;2025-11-12;4;9
1;2025-11-12;5;131
1;2025-11-12;6;530
1;2025-11-12;7;1459
1;2025-11-12;8;1949
1;2025-11-12;9;1453
1;2025-11-12;10;1346
1;2025-11-12;11;1324
1;2025-11-12;12;1384
1;2025-11-12;13;1474
1;2025-11-12;14;1355
1;2025-11-12;15;1501
1;2025-11-12;16;1518
1;2025-11-12;17;1788
1;2025-11-12;18;1787
1;2025-11-12;19;1360
1;2025-11-12;20;882
1;2025-11-12;21;476
1;2025-11-12;22;203
1;2025-11-12;23;34
1;2025-11-13;0;4
1;2025-11-13;1;0
1;2025-11-13;2;0
1;2025-11-13;3;0
1;2025-11-13;4;10
1;2025-11-13;5;119
1;2025-11-13;6;477
1;2025-11-13;7;1474
1;2025-11-13;8;1924
1;2025-11-13;9;1441
1;2025-11-13;10;1341
1;2025-11-13;11;1326
1;2025-11-13;12;1394
1;2025-11-13;13;1441
1;2025-11-13;14;1353
1;2025-11-13;15;1500
1;2025-11-13;16;1534
1;2025-11-13;17;1771
1;2025-11-13;18;1786
1;2025-11-13;19;1314
1;2025-11-13;20;883
1;2025-11-13;21;456
1;2025-11-13;22;179
1;2025-11-13;23;37
1;2025-11-14;0;4
1;2025-11-14;1;0
1;2025-11-14;2;0
1;2025-11-14;3;0
1;2025-11-14;4;8
1;2025-11-14;5;135
1;2025-11-14;6;484
1;2025-11-14;7;1502
1;2025-11-14;8;1878
1;2025-11-14;9;1450
1;2025-11-14;10;1314
1;2025-11-14;11;1360
1;2025-11-14;12;1371
1;2025-11-14;13;1412
1;2025-11-14;14;1320
1;2025-11-14;15;1468
1;2025-11-14;16;1574
1;2025-11-14;17;1822
1;2025-11-14;18;1604
1;2025-11-14;19;1289
1;2025-11-14;20;827
1;2025-11-14;21;479
1;2025-11-14;22;191
1;2025-11-14;23;40
1;2025-11-15;0;3
1;2025-11-15;1;0
1;2025-11-15;2;0
1;2025-11-15;3;0
1;2025-11-15;4;1
1;2025-11-15;5;32
1;2025-11-15;6;157
1;2025-11-15;7;366
1;2025-11-15;8;495
1;2025-11-15;9;763
1;2025-11-15;10;921
1;2025-11-15;11;883
1;2025-11-15;12;1070
1;2025-11-15;13;1120
1;2025-11-15;14;1033
1;2025-11-15;15;901
1;2025-11-15;16;785
1;2025-11-15;17;726
1;2025-11-15;18;647
1;2025-11-15;19;580
1;2025-11-15;20;432
1;2025-11-15;21;299
1;2025-11-15;22;118
1;2025-11-15;23;24
1;2025-11-16;0;0
1;2025-11-16;1;0
1;2025-11-16;2;0
1;2025-11-16;3;0
1;2025-11-16;4;0
1;2025-11-16;5;23
1;2025-11-16;6;117
1;2025-11-16;7;259
1;2025-11-16;8;353
1;2025-11-16;9;603
1;2025-11-16;10;677
1;2025-11-16;11;718
1;2025-11-16;12;816
1;2025-11-16;13;852
1;2025-11-16;14;797
1;2025-11-16;15;707
1;2025-11-16;16;645
1;2025-11-16;17;591
1;2025-11-16;18;513
1;2025-11-16;19;441
1;2025-11-16;20;332
1;2025-11-16;21;267
1;2025-11-16;22;100
1;2025-11-16;23;27
1;2025-11-17;0;1
1;2025-11-17;1;0
1;2025-11-17;2;0
1;2025-11-17;3;0
1;2025-11-17;4;9
1;2025-11-17;5;132
1;2025-11-17;6;492
1;2025-11-17;7;1458
1;2025-11-17;8;1937
1;2025-11-17;9;1448
1;2025-11-17;10;1289
1;2025-11-17;11;1283
1;2025-11-17;12;1377
1;2025-11-17;13;1427
1;2025-11-17;14;1401
1;2025-11-17;15;1514
1;2025-11-17;16;1585
1;2025-11-17;17;1835
1;2025-11-17;18;1903
1;2025-11-17;19;1409
1;2025-11-17;20;895
1;2025-11-17;21;451
1;2025-11-17;22;170
1;2025-11-17;23;39
1;2025-11-18;0;5
1;2025-11-18;1;0
1;2025-11-18;2;0
1;2025-11-18;3;0
1;2025-11-18;4;11
1;2025-11-18;5;116
1;2025-11-18;6;505
1;2025-11-18;7;1548
1;2025-11-18;8;1966
1;2025-11-18;9;1490
1;2025-11-18;10;1355
1;2025-11-18;11;1335
1;2025-11-18;12;1373
1;2025-11-18;13;1421
1;2025-11-18;14;1308
1;2025-11-18;15;1427
1;2025-11-18;16;1520
1;2025-11-18;17;1806
1;2025-11-18;18;1813
1;2025-11-18;19;1399
1;2025-11-18;20;873
1;2025-11-18;21;481
1;2025-11-18;22;186
1;2025-11-18;23;38
1;2025-11-19;0;3
1;2025-11-19;1;0
1;2025-11-19;2;0
1;2025-11-19;3;0
1;2025-11-19;4;9
1;2025-11-19;5;131
1;2025-11-19;6;530
1;2025-11-19;7;1459
1;2025-11-19;8;1949
1;2025-11-19;9;1453
1;2025-11-19;10;1346
1;2025-11-19;11;1324
1;2025-11-19;12;1384
1;2025-11-19;13;1474
1;2025-11-19;14;1355
1;2025-11-19;15;1501
1;2025-11-19;16;1518
1;2025-11-19;17;1788
1;2025-11-19;18;1787
1;2025-11-19;19;1360
1;2025-11-19;20;882
1;2025-11-19;21;476
1;2025-11-19;22;203
1;2025-11-19;23;34
1;2025-11-20;0;4
1;2025-11-20;1;0
1;2025-11-20;2;0
1;2025-11-20;3;0
1;2025-11-20;4;10
1;2025-11-20;5;119
1;2025-11-20;6;477
1;2025-11-20;7;1474
1;2025-11-20;8;1924
1;2025-11-20;9;1441
1;2025-11-20;10;1341
1;2025-11-20;11;1326
1;2025-11-20;12;1394
1;2025-11-20;13;1441
1;2025-11-20;14;1353
1;2025-11-20;15;1500
1;2025-11-20;16;1534
1;2025-11-20;17;1771
1;2025-11-20;18;1786
1;2025-11-20;19;1314
1;2025-11-20;20;883
1;2025-11-20;21;456
1;2025-11-20;22;179
1;2025-11-20;23;37
1;2025-11-21;0;4
1;2025-11-21;1;0
1;2025-11-21;2;0
1;2025-11-21;3;0
1;2025-11-21;4;8
1;2025-11-21;5;135
1;2025-11-21;6;484
1;2025-11-21;7;1502
1;2025-11-21;8;1878
1;2025-11-21;9;1450
1;2025-11-21;10;1314
1;2025-11-21;11;1360
1;2025-11-21;12;1371
1;2025-11-21;13;1412
1;2025-11-21;14;1320
1;2025-11-21;15;1468
1;2025-11-21;16;1574
1;2025-11-21;17;1822
1;2025-11-21;18;1604
1;2025-11-21;19;1289
1;2025-11-21;20;827
1;2025-11-21;21;479
1;2025-11-21;22;191
1;2025-11-21;23;40
1;2025-11-22;0;3
1;2025-11-22;1;0
1;2025-11-22;2;0
1;2025-11-22;3;0
1;2025-11-22;4;1
1;2025-11-22;5;32
1;2025-11-22;6;157
1;2025-11-22;7;366
1;2025-11-22;8;495
1;2025-11-22;9;763
1;2025-11-22;10;921
1;2025-11-22;11;883
1;2025-11-22;12;1070
1;2025-11-22;13;1120
1;2025-11-22;14;1033
1;2025-11-22;15;901
1;2025-11-22;16;785
1;2025-11-22;17;726
1;2025-11-22;18;647
1;2025-11-22;19;580
1;2025-11-22;20;432
1;2025-11-22;21;299
1;2025-11-22;22;118
1;2025-11-22;23;24
1;2025-11-23;0;0
1;2025-11-23;1;0
1;2025-11-23;2;0
1;2025-11-23;3;0
1;2025-11-23;4;0
1;2025-11-23;5;23
1;2025-11-23;6;117
1;2025-11-23;7;259
1;2025-11-23;8;353
1;2025-11-23;9;603
1;2025-11-23;10;677
1;2025-11-23;11;718
1;2025-11-23;12;816
1;2025-11-23;13;852
1;2025-11-23;14;797
1;2025-11-23;15;707
1;2025-11-23;16;645
1;2025-11-23;17;591
1;2025-11-23;18;513
1;2025-11-23;19;441
1;2025-11-23;20;332
1;2025-11-23;21;267
1;2025-11-23;22;100
1;2025-11-23;23;27
1;2025-11-24;0;1
1;2025-11-24;1;0
1;2025-11-24;2;0
1;2025-11-24;3;0
1;2025-11-24;4;9
1;2025-11-24;5;132
1;2025-11-24;6;492
1;2025-11-24;7;1458
1;2025-11-24;8;1937
1;2025-11-24;9;1448
1;2025-11-24;10;1289
1;2025-11-24;11;1283
1;2025-11-24;12;1377
1;2025-11-24;13;1427
1;2025-11-24;14;1401
1;2025-11-24;15;1514
1;2025-11-24;16;1585
1;2025-11-24;17;1835
1;2025-11-24;18;1903
1;2025-11-24;19;1409
1;2025-11-24;20;895
1;2025-11-24;21;451
1;2025-11-24;22;170
1;2025-11-24;23;39
1;2025-11-25;0;5
1;2025-11-25;1;0
1;2025-11-25;2;0
1;2025-11-25;3;0
1;2025-11-25;4;11
1;2025-11-25;5;116
1;2025-11-25;6;505
1;2025-11-25;7;1548
1;2025-11-25;8;1966
1;2025-11-25;9;1490
1;2025-11-25;10;1355
1;2025-11-25;11;1335
1;2025-11-25;12;1373
1;2025-11-25;13;1421
1;2025-11-25;14;1308
1;2025-11-25;15;1427
1;2025-11-25;16;1520
1;2025-11-25;17;1806
1;2025-11-25;18;1813
1;2025-11-25;19;1399
1;2025-11-25;20;873
1;2025-11-25;21;481
1;2025-11-25;22;186
1;2025-11-25;23;38
1;2025-11-26;0;3
1;2025-11-26;1;0
1;2025-11-26;2;0
1;2025-11-26;3;0
1;2025-11-26;4;9
1;2025-11-26;5;131
1;2025-11-26;6;530
1;2025-11-26;7;1459
1;2025-11-26;8;1949
1;2025-11-26;9;1453
1;2025-11-26;10;1346
1;2025-11-26;11;1324
1;2025-11-26;12;1384
1;2025-11-26;13;1474
1;2025-11-26;14;1355
1;2025-11-26;15;1501
1;2025-11-26;16;1518
1;2025-11-26;17;1788
1;2025-11-26;18;1787
1;2025-11-26;19;1360
1;2025-11-26;20;882
1;2025-11-26;21;476
1;2025-11-26;22;203
1;2025-11-26;23;34
1;2025-11-27;0;4
1;2025-11-27;1;0
1;2025-11-27;2;0
1;2025-11-27;3;0
1;2025-11-27;4;10
1;2025-11-27;5;119
1;2025-11-27;6;477
1;2025-11-27;7;1474
1;2025-11-27;8;1924
1;2025-11-27;9;1441
1;2025-11-27;10;1341
1;2025-11-27;11;1326
1;2025-11-27;12;1394
1;2025-11-27;13;1441
1;2025-11-27;14;1353
1;2025-11-27;15;1500
1;2025-11-27;16;1534
1;2025-11-27;17;1771
1;2025-11-27;18;1786
1;2025-11-27;19;1314
1;2025-11-27;20;883
1;2025-11-27;21;456
1;2025-11-27;22;179
1;2025-11-27;23;37
1;2025-11-28;0;4
1;2025-11-28;1;0
1;2025-11-28;2;0
1;2025-11-28;3;0
1;2025-11-28;4;8
1;2025-11-28;5;135
1;2025-11-28;6;484
1;2025-11-28;7;1502
1;2025-11-28;8;1878
1;2025-11-28;9;1450
1;2025-11-28;10;1314
1;2025-11-28;11;1360
1;2025-11-28;12;1371
1;2025-11-28;13;1412
1;2025-11-28;14;1320
1;2025-11-28;15;1468
1;2025-11-28;16;1574
1;2025-11-28;17;1822
1;2025-11-28;18;1604
1;2025-11-28;19;1289
1;2025-11-28;20;827
1;2025-11-28;21;479
1;2025-11-28;22;191
1;2025-11-28;23;40
1;2025-11-29;0;3
1;2025-11-29;1;0
1;2025-11-29;2;0
1;2025-11-29;3;0
1;2025-11-29;4;1
1;2025-11-29;5;32
1;2025-11-29;6;157
1;2025-11-29;7;366
1;2025-11-29;8;495
1;2025-11-29;9;763
1;2025-11-29;10;921
1;2025-11-29;11;883
1;2025-11-29;12;1070
1;2025-11-29;13;1120
1;2025-11-29;14;1033
1;2025-11-29;15;901
1;2025-11-29;16;785
1;2025-11-29;17;726
1;2025-11-29;18;647
1;2025-11-29;19;580
1;2025-11-29;20;432
1;2025-11-29;21;299
1;2025-11-29;22;118
1;2025-11-29;23;24
1;2025-11-30;0;0
1;2025-11-30;1;0
1;2025-11-30;2;0
1;2025-11-30;3;0
1;2025-11-30;4;0
1;2025-11-30;5;23
1;2025-11-30;6;117
1;2025-11-30;7;259
1;2025-11-30;8;353
1;2025-11-30;9;603
1;2025-11-30;10;677
1;2025-11-30;11;718
1;2025-11-30;12;816
1;2025-11-30;13;852
1;2025-11-30;14;797
1;2025-11-30;15;707
1;2025-11-30;16;645
1;2025-11-30;17;591
1;2025-11-30;18;513
1;2025-11-30;19;441
1;2025-11-30;20;332
1;2025-11-30;21;267
1;2025-11-30;22;100
1;2025-11-30;23;27
1;2025-12-01;0;1
1;2025-12-01;1;0
1;2025-12-01;2;0
1;2025-12-01;3;0
1;2025-12-01;4;9
1;2025-12-01;5;132
1;2025-12-01;6;492
1;2025-12-01;7;1458
1;2025-12-01;8;1937
1;2025-12-01;9;1448
1;2025-12-01;10;1289
1;2025-12-01;11;1283
1;2025-12-01;12;1377
1;2025-12-01;13;1427
1;2025-12-01;14;1401
1;2025-12-01;15;1514
1;2025-12-01;16;1585
1;2025-12-01;17;1835
1;2025-12-01;18;1903
1;2025-12-01;19;1409
1;2025-12-01;20;895
1;2025-12-01;21;451
1;2025-12-01;22;170
1;2025-12-01;23;39
1;2025-12-02;0;5
1;2025-12-02;1;0
1;2025-12-02;2;0
1;2025-12-02;3;0
1;2025-12-02;4;11
1;2025-12-02;5;116
1;2025-12-02;6;505
1;2025-12-02;7;1548
1;2025-12-02;8;1966
1;2025-12-02;9;1490
1;2025-12-02;10;1355
1;2025-12-02;11;1335
1;2025-12-02;12;1373
1;2025-12-02;13;1421
1;2025-12-02;14;1308
1;2025-12-02;15;1427
1;2025-12-02;16;1520
1;2025-12-02;17;1806
1;2025-12-02;18;1813
1;2025-12-02;19;1399
1;2025-12-02;20;873
1;2025-12-02;21;481
1;2025-12-02;22;186
1;2025-12-02;23;38
1;2025-12-03;0;3
1;2025-12-03;1;0
1;2025-12-03;2;0
1;2025-12-03;3;0
1;2025-12-03;4;9
1;2025-12-03;5;131
1;2025-12-03;6;530
1;2025-12-03;7;1459
1;2025-12-03;8;1949
1;2025-12-03;9;1453
1;2025-12-03;10;1346
1;2025-12-03;11;1324
1;2025-12-03;12;1384
1;2025-12-03;13;1474
1;2025-12-03;14;1355
1;2025-12-03;15;1501
1;2025-12-03;16;1518
1;2025-12-03;17;1788
1;2025-12-03;18;1787
1;2025-12-03;19;1360
1;2025-12-03;20;882
1;2025-12-03;21;476
1;2025-12-03;22;203
1;2025-12-03;23;34
1;2025-12-04;0;4
1;2025-12-04;1;0
1;2025-12-04;2;0
1;2025-12-04;3;0
1;2025-12-04;4;10
1;2025-12-04;5;119
1;2025-12-04;6;477
1;2025-12-04;7;1474
1;2025-12-04;8;1924
1;2025-12-04;9;1441
1;2025-12-04;10;1341
1;2025-12-04;11;1326
1;2025-12-04;12;1394
1;2025-12-04;13;1441
1;2025-12-04;14;1353
1;2025-12-04;15;1500
1;2025-12-04;16;1534
1;2025-12-04;17;1771
1;2025-12-04;18;1786
1;2025-12-04;19;1314
1;2025-12-04;20;883
1;2025-12-04;21;456
1;2025-12-04;22;179
1;2025-12-04;23;37
1;2025-12-05;0;4
1;2025-12-05;1;0
1;2025-12-05;2;0
1;2025-12-05;3;0
1;2025-12-05;4;8
1;2025-12-05;5;135
1;2025-12-05;6;484
1;2025-12-05;7;1502
1;2025-12-05;8;1878
1;2025-12-05;9;1450
1;2025-12-05;10;1314
1;2025-12-05;11;1360
1;2025-12-05;12;1371
1;2025-12-05;13;1412
1;2025-12-05;14;1320
1;2025-12-05;15;1468
1;2025-12-05;16;1574
1;2025-12-05;17;1822
1;2025-12-05;18;1604
1;2025-12-05;19;1289
1;2025-12-05;20;827
1;2025-12-05;21;479
1;2025-12-05;22;191
1;2025-12-05;23;40
1;2025-12-06;0;3
1;2025-12-06;1;0
1;2025-12-06;2;0
1;2025-12-06;3;0
1;2025-12-06;4;1
1;2025-12-06;5;32
1;2025-12-06;6;157
1;2025-12-06;7;366
1;2025-12-06;8;495
1;2025-12-06;9;763
1;2025-12-06;10;921
1;2025-12-06;11;883
1;2025-12-06;12;1070
1;2025-12-06;13;1120
1;2025-12-06;14;1033
1;2025-12-06;15;901
1;2025-12-06;16;785
1;2025-12-06;17;726
1;2025-12-06;18;647
1;2025-12-06;19;580
1;2025-12-06;20;432
1;2025-12-06;21;299
1;2025-12-06;22;118
1;2025-12-06;23;24
1;2025-12-07;0;0
1;2025-12-07;1;0
1;2025-12-07;2;0
1;2025-12-07;3;0
1;2025-12-07;4;0
1;2025-12-07;5;23
1;2025-12-07;6;117
1;2025-12-07;7;259
1;2025-12-07;8;353
1;2025-12-07;9;603
1;2025-12-07;10;677
1;2025-12-07;11;718
1;2025-12-07;12;816
1;2025-12-07;13;852
1;2025-12-07;14;797
1;2025-12-07;15;707
1;2025-12-07;16;645
1;2025-12-07;17;591
1;2025-12-07;18;513
1;2025-12-07;19;441
1;2025-12-07;20;332
1;2025-12-07;21;267
1;2025-12-07;22;100
1;2025-12-07;23;27
1;2025-12-08;0;1
1;2025-12-08;1;0
1;2025-12-08;2;0
1;2025-12-08;3;0
1;2025-12-08;4;9
1;2025-12-08;5;132
1;2025-12-08;6;492
1;2025-12-08;7;1458
1;2025-12-08;8;1937
1;2025-12-08;9;1448
1;2025-12-08;10;1289
1;2025-12-08;11;1283
1;2025-12-08;12;1377
1;2025-12-08;13;1427
1;2025-12-08;14;1401
1;2025-12-08;15;1514
1;2025-12-08;16;1585
1;2025-12-08;17;1835
1;2025-12-08;18;1903
1;2025-12-08;19;1409
1;2025-12-08;20;895
1;2025-12-08;21;451
1;2025-12-08;22;170
1;2025-12-08;23;39
1;2025-12-09;0;5
1;2025-12-09;1;0
1;2025-12-09;2;0
1;2025-12-09;3;0
1;2025-12-09;4;11
1;2025-12-09;5;116
1;2025-12-09;6;505
1;2025-12-09;7;1548
1;2025-12-09;8;1966
1;2025-12-09;9;1490
1;2025-12-09;10;1355
1;2025-12-09;11;1335
1;2025-12-09;12;1373
1;2025-12-09;13;1421
1;2025-12-09;14;1308
1;2025-12-09;15;1427
1;2025-12-09;16;1520
1;2025-12-09;17;1806
1;2025-12-09;18;1813
1;2025-12-09;19;1399
1;2025-12-09;20;873
1;2025-12-09;21;481
1;2025-12-09;22;186
1;2025-12-09;23;38
1;2025-12-10;0;3
1;2025-12-10;1;0
1;2025-12-10;2;0
1;2025-12-10;3;0
1;2025-12-10;4;9
1;2025-12-10;5;131
1;2025-12-10;6;530
1;2025-12-10;7;1459
1;2025-12-10;8;1949
1;2025-12-10;9;1453
1;2025-12-10;10;1346
1;2025-12-10;11;1324
1;2025-12-10;12;1384
1;2025-12-10;13;1474
1;2025-12-10;14;1355
1;2025-12-10;15;1501
1;2025-12-10;16;1518
1;2025-12-10;17;1788
1;2025-12-10;18;1787
1;2025-12-10;19;1360
1;2025-12-10;20;882
1;2025-12-10;21;476
1;2025-12-10;22;203
1;2025-12-10;23;34
1;2025-12-11;0;4
1;2025-12-11;1;0
1;2025-12-11;2;0
1;2025-12-11;3;0
1;2025-12-11;4;10
1;2025-12-11;5;119
1;2025-12-11;6;477
1;2025-12-11;7;1474
1;2025-12-11;8;1924
1;2025-12-11;9;1441
1;2025-12-11;10;1341
1;2025-12-11;11;1326
1;2025-12-11;12;1394
1;2025-12-11;13;1441
1;2025-12-11;14;1353
1;2025-12-11;15;1500
1;2025-12-11;16;1534
1;2025-12-11;17;1771
1;2025-12-11;18;1786
1;2025-12-11;19;1314
1;2025-12-11;20;883
1;2025-12-11;21;456
1;2025-12-11;22;179
1;2025-12-11;23;37
1;2025-12-12;0;4
1;2025-12-12;1;0
1;2025-12-12;2;0
1;2025-12-12;3;0
1;2025-12-12;4;8
1;2025-12-12;5;135
1;2025-12-12;6;484
1;2025-12-12;7;1502
1;2025-12-12;8;1878
1;2025-12-12;9;1450
1;2025-12-12;10;1314
1;2025-12-12;11;1360
1;2025-12-12;12;1371
1;2025-12-12;13;1412
1;2025-12-12;14;1320
1;2025-12-12;15;1468
1;2025-12-12;16;1574
1;2025-12-12;17;1822
1;2025-12-12;18;1604
1;2025-12-12;19;1289
1;2025-12-12;20;827
1;2025-12-12;21;479
1;2025-12-12;22;191
1;2025-12-12;23;40
1;2025-12-13;0;3
1;2025-12-13;1;0
1;2025-12-13;2;0
1;2025-12-13;3;0
1;2025-12-13;4;1
1;2025-12-13;5;32
1;2025-12-13;6;157
1;2025-12-13;7;366
1;2025-12-13;8;495
1;2025-12-13;9;763
1;2025-12-13;10;921
1;2025-12-13;11;883
1;2025-12-13;12;1070
1;2025-12-13;13;1120
1;2025-12-13;14;1033
1;2025-12-13;15;901
1;2025-12-13;16;785
1;2025-12-13;17;726
1;2025-12-13;18;647
1;2025-12-13;19;580
1;2025-12-13;20;432
1;2025-12-13;21;299
1;2025-12-13;22;118
1;2025-12-13;23;24
1;2025-12-14;0;0
1;2025-12-14;1;0
1;2025-12-14;2;0
1;2025-12-14;3;0
1;2025-12-14;4;0
1;2025-12-14;5;23
1;2025-12-14;6;117
1;2025-12-14;7;259
1;2025-12-14;8;353
1;2025-12-14;9;603
1;2025-12-14;10;677
1;2025-12-14;11;718
1;2025-12-14;12;816
1;2025-12-14;13;852
1;2025-12-14;14;797
1;2025-12-14;15;707
1;2025-12-14;16;645
1;2025-12-14;17;591
1;2025-12-14;18;513
1;2025-12-14;19;441
1;2025-12-14;20;332
1;2025-12-14;21;267
1;2025-12-14;22;100
1;2025-12-14;23;27
1;2025-12-15;0;1
1;2025-12-15;1;0
1;2025-12-15;2;0
1;2025-12-15;3;0
1;2025-12-15;4;9
1;2025-12-15;5;132
1;2025-12-15;6;492
1;2025-12-15;7;1458
1;2025-12-15;8;1937
1;2025-12-15;9;1448
1;2025-12-15;10;1289
1;2025-12-15;11;1283
1;2025-12-15;12;1377
1;2025-12-15;13;1427
1;2025-12-15;14;1401
1;2025-12-15;15;1514
1;2025-12-15;16;1585
1;2025-12-15;17;1835
1;2025-12-15;18;1903
1;2025-12-15;19;1409
1;2025-12-15;20;895
1;2025-12-15;21;451
1;2025-12-15;22;170
1;2025-12-15;23;39
1;2025-12-16;0;5
1;2025-12-16;1;0
1;2025-12-16;2;0
1;2025-12-16;3;0
1;2025-12-16;4;11
1;2025-12-16;5;116
1;2025-12-16;6;505
1;2025-12-16;7;1548
1;2025-12-16;8;1966
1;2025-12-16;9;1490
1;2025-12-16;10;1355
1;2025-12-16;11;1335
1;2025-12-16;12;1373
1;2025-12-16;13;1421
1;2025-12-16;14;1308
1;2025-12-16;15;1427
1;2025-12-16;16;1520
1;2025-12-16;17;1806
1;2025-12-16;18;1813
1;2025-12-16;19;1399
1;2025-12-16;20;873
1;2025-12-16;21;481
1;2025-12-16;22;186
1;2025-12-16;23;38
1;2025-12-17;0;3
1;2025-12-17;1;0
1;2025-12-17;2;0
1;2025-12-17;3;0
1;2025-12-17;4;9
1;2025-12-17;5;131
1;2025-12-17;6;530
1;2025-12-17;7;1459
1;2025-12-17;8;1949
1;2025-12-17;9;1453
1;2025-12-17;10;1346
1;2025-12-17;11;1324
1;2025-12-17;12;1384
1;2025-12-17;13;1474
1;2025-12-17;14;1355
1;2025-12-17;15;1501
1;2025-12-17;16;1518
1;2025-12-17;17;1788
1;2025-12-17;18;1787
1;2025-12-17;19;1360
1;2025-12-17;20;882
1;2025-12-17;21;476
1;2025-12-17;22;203
1;2025-12-17;23;34
1;2025-12-18;0;4
1;2025-12-18;1;0
1;2025-12-18;2;0
1;2025-12-18;3;0
1;2025-12-18;4;10
1;2025-12-18;5;119
1;2025-12-18;6;477
1;2025-12-18;7;1474
1;2025-12-18;8;1924
1;2025-12-18;9;1441
1;2025-12-18;10;1341
1;2025-12-18;11;1326
1;2025-12-18;12;1394
1;2025-12-18;13;1441
1;2025-12-18;14;1353
1;2025-12-18;15;1500
1;2025-12-18;16;1534
1;2025-12-18;17;1771
1;2025-12-18;18;1786
1;2025-12-18;19;1314
1;2025-12-18;20;883
1;2025-12-18;21;456
1;2025-12-18;22;179
1;2025-12-18;23;37
1;2025-12-19;0;4
1;2025-12-19;1;0
1;2025-12-19;2;0
1;2025-12-19;3;0
1;2025-12-19;4;8
1;2025-12-19;5;135
1;2025-12-19;6;484
1;2025-12-19;7;1502
1;2025-12-19;8;1878
1;2025-12-19;9;1450
1;2025-12-19;10;1314
1;2025-12-19;11;1360
1;2025-12-19;12;1371
1;2025-12-19;13;1412
1;2025-12-19;14;1320
1;2025-12-19;15;1468
1;2025-12-19;16;1574
1;2025-12-19;17;1822
1;2025-12-19;18;1604
1;2025-12-19;19;1289
1;2025-12-19;20;827
1;2025-12-19;21;479
1;2025-12-19;22;191
1;2025-12-19;23;40
1;2025-12-20;0;3
1;2025-12-20;1;0
1;2025-12-20;2;0
1;2025-12-20;3;0
1;2025-12-20;4;1
1;2025-12-20;5;32
1;2025-12-20;6;157
1;2025-12-20;7;366
1;2025-12-20;8;495
1;2025-12-20;9;763
1;2025-12-20;10;921
1;2025-12-20;11;883
1;2025-12-20;12;1070
1;2025-12-20;13;1120
1;2025-12-20;14;1033
1;2025-12-20;15;901
1;2025-12-20;16;785
1;2025-12-20;17;726
1;2025-12-20;18;647
1;2025-12-20;19;580
1;2025-12-20;20;432
1;2025-12-20;21;299
1;2025-12-20;22;118
1;2025-12-20;23;24
1;2025-12-21;0;0
1;2025-12-21;1;0
1;2025-12-21;2;0
1;2025-12-21;3;0
1;2025-12-21;4;0
1;2025-12-21;5;23
1;2025-12-21;6;117
1;2025-12-21;7;259
1;2025-12-21;8;353
1;2025-12-21;9;603
1;2025-12-21;10;677
1;2025-12-21;11;718
1;2025-12-21;12;816
1;2025-12-21;13;852
1;2025-12-21;14;797
1;2025-12-21;15;707
1;2025-12-21;16;645
1;2025-12-21;17;591
1;2025-12-21;18;513
1;2025-12-21;19;441
1;2025-12-21;20;332
1;2025-12-21;21;267
1;2025-12-21;22;100
1;2025-12-21;23;27
1;2025-12-22;0;1
1;2025-12-22;1;0
1;2025-12-22;2;0
1;2025-12-22;3;0
1;2025-12-22;4;9
1;2025-12-22;5;132
1;2025-12-22;6;492
1;2025-12-22;7;1458
1;2025-12-22;8;1937
1;2025-12-22;9;1448
1;2025-12-22;10;1289
1;2025-12-22;11;1283
1;2025-12-22;12;1377
1;2025-12-22;13;1427
1;2025-12-22;14;1401
1;2025-12-22;15;1514
1;2025-12-22;16;1585
1;2025-12-22;17;1835
1;2025-12-22;18;1903
1;2025-12-22;19;1409
1;2025-12-22;20;895
1;2025-12-22;21;451
1;2025-12-22;22;170
1;2025-12-22;23;39
1;2025-12-23;0;5
1;2025-12-23;1;0
1;2025-12-23;2;0
1;2025-12-23;3;0
1;2025-12-23;4;11
1;2025-12-23;5;116
1;2025-12-23;6;505
1;2025-12-23;7;1548
1;2025-12-23;8;1966
1;2025-12-23;9;1490
1;2025-12-23;10;1355
1;2025-12-23;11;1335
1;2025-12-23;12;1373
1;2025-12-23;13;1421
1;2025-12-23;14;1308
1;2025-12-23;15;1427
1;2025-12-23;16;1520
1;2025-12-23;17;1806
1;2025-12-23;18;1813
1;2025-12-23;19;1399
1;2025-12-23;20;873
1;2025-12-23;21;481
1;2025-12-23;22;186
1;2025-12-23;23;38
1;2025-12-24;0;3
1;2025-12-24;1;0
1;2025-12-24;2;0
1;2025-12-24;3;0
1;2025-12-24;4;9
1;2025-12-24;5;131
1;2025-12-24;6;530
1;2025-12-24;7;1459
1;2025-12-24;8;1949
1;2025-12-24;9;1453
1;2025-12-24;10;1346
1;2025-12-24;11;1324
1;2025-12-24;12;1384
1;2025-12-24;13;1474
1;2025-12-24;14;1355
1;2025-12-24;15;1501
1;2025-12-24;16;1518
1;2025-12-24;17;1788
1;2025-12-24;18;1787
1;2025-12-24;19;1360
1;2025-12-24;20;882
1;2025-12-24;21;476
1;2025-12-24;22;203
1;2025-12-24;23;34
1;2025-12-25;0;4
1;2025-12-25;1;0
1;2025-12-25;2;0
1;2025-12-25;3;0
1;2025-12-25;4;10
1;2025-12-25;5;119
1;2025-12-25;6;477
1;2025-12-25;7;1474
1;2025-12-25;8;1924
1;2025-12-25;9;1441
1;2025-12-25;10;1341
1;2025-12-25;11;1326
1;2025-12-25;12;1394
1;2025-12-25;13;1441
1;2025-12-25;14;1353
1;2025-12-25;15;1500
1;2025-12-25;16;1534
1;2025-12-25;17;1771
1;2025-12-25;18;1786
1;2025-12-25;19;1314
1;2025-12-25;20;883
1;2025-12-25;21;456
1;2025-12-25;22;179
1;2025-12-25;23;37
1;2025-12-26;0;4
1;2025-12-26;1;0
1;2025-12-26;2;0
1;2025-12-26;3;0
1;2025-12-26;4;8
1;2025-12-26;5;135
1;2025-12-26;6;484
1;2025-12-26;7;1502
1;2025-12-26;8;1878
1;2025-12-26;9;1450
1;2025-12-26;10;1314
1;2025-12-26;11;1360
1;2025-12-26;12;1371
1;2025-12-26;13;1412
1;2025-12-26;14;1320
1;2025-12-26;15;1468
1;2025-12-26;16;1574
1;2025-12-26;17;1822
1;2025-12-26;18;1604
1;2025-12-26;19;1289
1;2025-12-26;20;827
1;2025-12-26;21;479
1;2025-12-26;22;191
1;2025-12-26;23;40
1;2025-12-27;0;3
1;2025-12-27;1;0
1;2025-12-27;2;0
1;2025-12-27;3;0
1;2025-12-27;4;1
1;2025-12-27;5;32
1;2025-12-27;6;157
1;2025-12-27;7;366
1;2025-12-27;8;495
1;2025-12-27;9;763
1;2025-12-27;10;921
1;2025-12-27;11;883
1;2025-12-27;12;1070
1;2025-12-27;13;1120
1;2025-12-27;14;1033
1;2025-12-27;15;901
1;2025-12-27;16;785
1;2025-12-27;17;726
1;2025-12-27;18;647
1;2025-12-27;19;580
1;2025-12-27;20;432
1;2025-12-27;21;299
1;2025-12-27;22;118
1;2025-12-27;23;24
1;2025-12-28;0;0
1;2025-12-28;1;0
1;2025-12-28;2;0
1;2025-12-28;3;0
1;2025-12-28;4;0
1;2025-12-28;5;23
1;2025-12-28;6;117
1;2025-12-28;7;259
1;2025-12-28;8;353
1;2025-12-28;9;603
1;2025-12-28;10;677
1;2025-12-28;11;718
1;2025-12-28;12;816
1;2025-12-28;13;852
1;2025-12-28;14;797
1;2025-12-28;15;707
1;2025-12-28;16;645
1;2025-12-28;17;591
1;2025-12-28;18;513
1;2025-12-28;19;441
1;2025-12-28;20;332
1;2025-12-28;21;267
1;2025-12-28;22;100
1;2025-12-28;23;27
1;2025-12-29;0;1
1;2025-12-29;1;0
1;2025-12-29;2;0
1;2025-12-29;3;0
1;2025-12-29;4;9
1;2025-12-29;5;132
1;2025-12-29;6;492
1;2025-12-29;7;1458
1;2025-12-29;8;1937
1;2025-12-29;9;1448
1;2025-12-29;10;1289
1;2025-12-29;11;1283
1;2025-12-29;12;1377
1;2025-12-29;13;1427
1;2025-12-29;14;1401
1;2025-12-29;15;1514
1;2025-12-29;16;1585
1;2025-12-29;17;1835
1;2025-12-29;18;1903
1;2025-12-29;19;1409
1;2025-12-29;20;895
1;2025-12-29;21;451
1;2025-12-29;22;170
1;2025-12-29;23;39
1;2025-12-30;0;5
1;2025-12-30;1;0
1;2025-12-30;2;0
1;2025-12-30;3;0
1;2025-12-30;4;11
1;2025-12-30;5;116
1;2025-12-30;6;505
1;2025-12-30;7;1548
1;2025-12-30;8;1966
1;2025-12-30;9;1490
1;2025-12-30;10;1355
1;2025-12-30;11;1335
1;2025-12-30;12;1373
1;2025-12-30;13;1421
1;2025-12-30;14;1308
1;2025-12-30;15;1427
1;2025-12-30;16;1520
1;2025-12-30;17;1806
1;2025-12-30;18;1813
1;2025-12-30;19;1399
1;2025-12-30;20;873
1;2025-12-30;21;481
1;2025-12-30;22;186
1;2025-12-30;23;38
1;2025-12-31;0;0
1;2025-12-31;1;0
1;2025-12-31;2;0
1;2025-12-31;3;0
1;2025-12-31;4;0
1;2025-12-31;5;23
1;2025-12-31;6;117
1;2025-12-31;7;259
1;2025-12-31;8;353
1;2025-12-31;9;603
1;2025-12-31;10;677
1;2025-12-31;11;718
1;2025-12-31;12;816
1;2025-12-31;13;852
1;2025-12-31;14;797
1;2025-12-31;15;707
1;2025-12-31;16;645
1;2025-12-31;17;591
1;2025-12-31;18;513
1;2025-12-31;19;441
1;2025-12-31;20;332
1;2025-12-31;21;267
1;2025-12-31;22;100
1;2025-12-31;23;27
5;2025-11-01;0;0
5;2025-11-01;1;0
5;2025-11-01;2;0
5;2025-11-01;3;0
5;2025-11-01;4;0
5;2025-11-01;5;0
5;2025-11-01;6;0
5;2025-11-01;7;0
5;2025-11-01;8;0
5;2025-11-01;9;0
5;2025-11-01;10;0
5;2025-11-01;11;0
5;2025-11-01;12;0
5;2025-11-01;13;0
5;2025-11-01;14;0
5;2025-11-01;15;0
5;2025-11-01;16;0
5;2025-11-01;17;0
5;2025-11-01;18;0
5;2025-11-01;19;0
5;2025-11-01;20;0
5;2025-11-01;21;0
5;2025-11-01;22;0
5;2025-11-01;23;0
5;2025-11-02;0;0
5;2025-11-02;1;0
5;2025-11-02;2;0
5;2025-11-02;3;0
5;2025-11-02;4;0
5;2025-11-02;5;0
5;2025-11-02;6;0
5;2025-11-02;7;0
5;2025-11-02;8;0
5;2025-11-02;9;0
5;2025-11-02;10;0
5;2025-11-02;11;0
5;2025-11-02;12;0
5;2025-11-02;13;0
5;2025-11-02;14;0
5;2025-11-02;15;0
5;2025-11-02;16;0
5;2025-11-02;17;0
5;2025-11-02;18;0
5;2025-11-02;19;0
5;2025-11-02;20;0
5;2025-11-02;21;0
5;2025-11-02;22;0
5;2025-11-02;23;0
5;2025-11-03;0;0
5;2025-11-03;1;0
5;2025-11-03;2;0
5;2025-11-03;3;0
5;2025-11-03;4;0
5;2025-11-03;5;0
5;2025-11-03;6;0
5;2025-11-03;7;0
5;2025-11-03;8;0
5;2025-11-03;9;0
5;2025-11-03;10;0
5;2025-11-03;11;0
5;2025-11-03;12;0
5;2025-11-03;13;0
5;2025-11-03;14;0
5;2025-11-03;15;0
5;2025-11-03;16;0
5;2025-11-03;17;0
5;2025-11-03;18;0
5;2025-11-03;19;0
5;2025-11-03;20;0
5;2025-11-03;21;0
5;2025-11-03;22;0
5;2025-11-03;23;0
5;2025-11-04;0;0
5;2025-11-04;1;0
5;2025-11-04;2;0
5;2025-11-04;3;0
5;2025-11-04;4;0
5;2025-11-04;5;0
5;2025-11-04;6;0
5;2025-11-04;7;0
5;2025-11-04;8;0
5;2025-11-04;9;0
5;2025-11-04;10;0
5;2025-11-04;11;0
5;2025-11-04;12;0
5;2025-11-04;13;0
5;2025-11-04;14;0
5;2025-11-04;15;0
5;2025-11-04;16;0
5;2025-11-04;17;0
5;2025-11-04;18;0
5;2025-11-04;19;0
5;2025-11-04;20;0
5;2025-11-04;21;0
5;2025-11-04;22;0
5;2025-11-04;23;0
5;2025-11-05;0;0
5;2025-11-05;1;0
5;2025-11-05;2;0
5;2025-11-05;3;0
5;2025-11-05;4;0
5;2025-11-05;5;0
5;2025-11-05;6;0
5;2025-11-05;7;0
5;2025-11-05;8;0
5;2025-11-05;9;0
5;2025-11-05;10;0
5;2025-11-05;11;0
5;2025-11-05;12;0
5;2025-11-05;13;0
5;2025-11-05;14;0
5;2025-11-05;15;0
5;2025-11-05;16;0
5;2025-11-05;17;0
5;2025-11-05;18;0
5;2025-11-05;19;0
5;2025-11-05;20;0
5;2025-11-05;21;0
5;2025-11-05;22;0
5;2025-11-05;23;0
5;2025-11-06;0;0
5;2025-11-06;1;0
5;2025-11-06;2;0
5;2025-11-06;3;0
5;2025-11-06;4;0
5;2025-11-06;5;0
5;2025-11-06;6;0
5;2025-11-06;7;0
5;2025-11-06;8;0
5;2025-11-06;9;0
5;2025-11-06;10;0
5;2025-11-06;11;0
5;2025-11-06;12;0
5;2025-11-06;13;0
5;2025-11-06;14;0
5;2025-11-06;15;0
5;2025-11-06;16;0
5;2025-11-06;17;0
5;2025-11-06;18;0
5;2025-11-06;19;0
5;2025-11-06;20;0
5;2025-11-06;21;0
5;2025-11-06;22;0
5;2025-11-06;23;0
5;2025-11-07;0;0
5;2025-11-07;1;0
5;2025-11-07;2;0
5;2025-11-07;3;0
5;2025-11-07;4;0
5;2025-11-07;5;0
5;2025-11-07;6;0
5;2025-11-07;7;0
5;2025-11-07;8;0
5;2025-11-07;9;0
5;2025-11-07;10;0
5;2025-11-07;11;0
5;2025-11-07;12;0
5;2025-11-07;13;0
5;2025-11-07;14;0
5;2025-11-07;15;0
5;2025-11-07;16;0
5;2025-11-07;17;0
5;2025-11-07;18;0
5;2025-11-07;19;0
5;2025-11-07;20;0
5;2025-11-07;21;0
5;2025-11-07;22;0
5;2025-11-07;23;0
5;2025-11-08;0;0
5;2025-11-08;1;0
5;2025-11-08;2;0
5;2025-11-08;3;0
5;2025-11-08;4;0
5;2025-11-08;5;0
5;2025-11-08;6;0
5;2025-11-08;7;0
5;2025-11-08;8;0
5;2025-11-08;9;0
5;2025-11-08;10;0
5;2025-11-08;11;0
5;2025-11-08;12;0
5;2025-11-08;13;0
5;2025-11-08;14;0
5;2025-11-08;15;0
5;2025-11-08;16;0
5;2025-11-08;17;0
5;2025-11-08;18;0
5;2025-11-08;19;0
5;2025-11-08;20;0
5;2025-11-08;21;0
5;2025-11-08;22;0
5;2025-11-08;23;0
5;2025-11-09;0;0
5;2025-11-09;1;0
5;2025-11-09;2;0
5;2025-11-09;3;0
5;2025-11-09;4;0
5;2025-11-09;5;0
5;2025-11-09;6;0
5;2025-11-09;7;0
5;2025-11-09;8;0
5;2025-11-09;9;0
5;2025-11-09;10;0
5;2025-11-09;11;0
5;2025-11-09;12;0
5;2025-11-09;13;0
5;2025-11-09;14;0
5;2025-11-09;15;0
5;2025-11-09;16;0
5;2025-11-09;17;0
5;2025-11-09;18;0
5;2025-11-09;19;0
5;2025-11-09;20;0
5;2025-11-09;21;0
5;2025-11-09;22;0
5;2025-11-09;23;0
5;2025-11-10;0;0
5;2025-11-10;1;0
5;2025-11-10;2;0
5;2025-11-10;3;0
5;2025-11-10;4;0
5;2025-11-10;5;0
5;2025-11-10;6;0
5;2025-11-10;7;0
5;2025-11-10;8;0
5;2025-11-10;9;0
5;2025-11-10;10;0
5;2025-11-10;11;0
5;2025-11-10;12;0
5;2025-11-10;13;0
5;2025-11-10;14;0
5;2025-11-10;15;0
5;2025-11-10;16;0
5;2025-11-10;17;0
5;2025-11-10;18;0
5;2025-11-10;19;0
5;2025-11-10;20;0
5;2025-11-10;21;0
5;2025-11-10;22;0
5;2025-11-10;23;0
5;2025-11-11;0;0
5;2025-11-11;1;0
5;2025-11-11;2;0
5;2025-11-11;3;0
5;2025-11-11;4;0
5;2025-11-11;5;0
5;2025-11-11;6;0
5;2025-11-11;7;0
5;2025-11-11;8;0
5;2025-11-11;9;0
5;2025-11-11;10;0
5;2025-11-11;11;0
5;2025-11-11;12;0
5;2025-11-11;13;0
5;2025-11-11;14;0
5;2025-11-11;15;0
5;2025-11-11;16;0
5;2025-11-11;17;0
5;2025-11-11;18;0
5;2025-11-11;19;0
5;2025-11-11;20;0
5;2025-11-11;21;0
5;2025-11-11;22;0
5;2025-11-11;23;0
5;2025-11-12;0;0
5;2025-11-12;1;0
5;2025-11-12;2;0
5;2025-11-12;3;0
5;2025-11-12;4;0
5;2025-11-12;5;0
5;2025-11-12;6;0
5;2025-11-12;7;0
5;2025-11-12;8;0
5;2025-11-12;9;0
5;2025-11-12;10;0
5;2025-11-12;11;0
5;2025-11-12;12;0
5;2025-11-12;13;0
5;2025-11-12;14;0
5;2025-11-12;15;0
5;2025-11-12;16;0
5;2025-11-12;17;0
5;2025-11-12;18;0
5;2025-11-12;19;0
5;2025-11-12;20;0
5;2025-11-12;21;0
5;2025-11-12;22;0
5;2025-11-12;23;0
5;2025-11-13;0;0
5;2025-11-13;1;0
5;2025-11-13;2;0
5;2025-11-13;3;0
5;2025-11-13;4;0
5;2025-11-13;5;0
5;2025-11-13;6;0
5;2025-11-13;7;0
5;2025-11-13;8;0
5;2025-11-13;9;0
5;2025-11-13;10;0
5;2025-11-13;11;0
5;2025-11-13;12;0
5;2025-11-13;13;0
5;2025-11-13;14;0
5;2025-11-13;15;0
5;2025-11-13;16;0
5;2025-11-13;17;0
5;2025-11-13;18;0
5;2025-11-13;19;0
5;2025-11-13;20;0
5;2025-11-13;21;0
5;2025-11-13;22;0
5;2025-11-13;23;0
5;2025-11-14;0;0
5;2025-11-14;1;0
5;2025-11-14;2;0
5;2025-11-14;3;0
5;2025-11-14;4;0
5;2025-11-14;5;0
5;2025-11-14;6;0
5;2025-11-14;7;0
5;2025-11-14;8;0
5;2025-11-14;9;0
5;2025-11-14;10;0
5;2025-11-14;11;0
5;2025-11-14;12;0
5;2025-11-14;13;0
5;2025-11-14;14;0
5;2025-11-14;15;0
5;2025-11-14;16;0
5;2025-11-14;17;0
5;2025-11-14;18;0
5;2025-11-14;19;0
5;2025-11-14;20;0
5;2025-11-14;21;0
5;2025-11-14;22;0
5;2025-11-14;23;0
5;2025-11-15;0;0
5;2025-11-15;1;0
5;2025-11-15;2;0
5;2025-11-15;3;0
5;2025-11-15;4;0
5;2025-11-15;5;0
5;2025-11-15;6;0
5;2025-11-15;7;0
5;2025-11-15;8;0
5;2025-11-15;9;0
5;2025-11-15;10;0
5;2025-11-15;11;0
5;2025-11-15;12;0
5;2025-11-15;13;0
5;2025-11-15;14;0
5;2025-11-15;15;0
5;2025-11-15;16;0
5;2025-11-15;17;0
5;2025-11-15;18;0
5;2025-11-15;19;0
5;2025-11-15;20;0
5;2025-11-15;21;0
5;2025-11-15;22;0
5;2025-11-15;23;0
5;2025-11-16;0;0
5;2025-11-16;1;0
5;2025-11-16;2;0
5;2025-11-16;3;0
5;2025-11-16;4;0
5;2025-11-16;5;0
5;2025-11-16;6;0
5;2025-11-16;7;0
5;2025-11-16;8;0
5;2025-11-16;9;0
5;2025-11-16;10;0
5;2025-11-16;11;0
5;2025-11-16;12;0
5;2025-11-16;13;0
5;2025-11-16;14;0
5;2025-11-16;15;0
5;2025-11-16;16;0
5;2025-11-16;17;0
5;2025-11-16;18;0
5;2025-11-16;19;0
5;2025-11-16;20;0
5;2025-11-16;21;0
5;2025-11-16;22;0
5;2025-11-16;23;0
5;2025-11-17;0;0
5;2025-11-17;1;0
5;2025-11-17;2;0
5;2025-11-17;3;0
5;2025-11-17;4;0
5;2025-11-17;5;0
5;2025-11-17;6;0
5;2025-11-17;7;0
5;2025-11-17;8;0
5;2025-11-17;9;0
5;2025-11-17;10;0
5;2025-11-17;11;0
5;2025-11-17;12;0
5;2025-11-17;13;0
5;2025-11-17;14;0
5;2025-11-17;15;0
5;2025-11-17;16;0
5;2025-11-17;17;0
5;2025-11-17;18;0
5;2025-11-17;19;0
5;2025-11-17;20;0
5;2025-11-17;21;0
5;2025-11-17;22;0
5;2025-11-17;23;0
5;2025-11-18;0;0
5;2025-11-18;1;0
5;2025-11-18;2;0
5;2025-11-18;3;0
5;2025-11-18;4;0
5;2025-11-18;5;0
5;2025-11-18;6;0
5;2025-11-18;7;0
5;2025-11-18;8;0
5;2025-11-18;9;0
5;2025-11-18;10;0
5;2025-11-18;11;0
5;2025-11-18;12;0
5;2025-11-18;13;0
5;2025-11-18;14;0
5;2025-11-18;15;0
5;2025-11-18;16;0
5;2025-11-18;17;0
5;2025-11-18;18;0
5;2025-11-18;19;0
5;2025-11-18;20;0
5;2025-11-18;21;0
5;2025-11-18;22;0
5;2025-11-18;23;0
5;2025-11-19;0;0
5;2025-11-19;1;0
5;2025-11-19;2;0
5;2025-11-19;3;0
5;2025-11-19;4;0
5;2025-11-19;5;0
5;2025-11-19;6;0
5;2025-11-19;7;0
5;2025-11-19;8;0
5;2025-11-19;9;0
5;2025-11-19;10;0
5;2025-11-19;11;0
5;2025-11-19;12;0
5;2025-11-19;13;0
5;2025-11-19;14;0
5;2025-11-19;15;0
5;2025-11-19;16;0
5;2025-11-19;17;0
5;2025-11-19;18;0
5;2025-11-19;19;0
5;2025-11-19;20;0
5;2025-11-19;21;0
5;2025-11-19;22;0
5;2025-11-19;23;0
5;2025-11-20;0;0
5;2025-11-20;1;0
5;2025-11-20;2;0
5;2025-11-20;3;0
5;2025-11-20;4;0
5;2025-11-20;5;0
5;2025-11-20;6;0
5;2025-11-20;7;0
5;2025-11-20;8;0
5;2025-11-20;9;0
5;2025-11-20;10;0
5;2025-11-20;11;0
5;2025-11-20;12;0
5;2025-11-20;13;0
5;2025-11-20;14;0
5;2025-11-20;15;0
5;2025-11-20;16;0
5;2025-11-20;17;0
5;2025-11-20;18;0
5;2025-11-20;19;0
5;2025-11-20;20;0
5;2025-11-20;21;0
5;2025-11-20;22;0
5;2025-11-20;23;0
5;2025-11-21;0;0
5;2025-11-21;1;0
5;2025-11-21;2;0
5;2025-11-21;3;0
5;2025-11-21;4;0
5;2025-11-21;5;0
5;2025-11-21;6;0
5;2025-11-21;7;0
5;2025-11-21;8;0
5;2025-11-21;9;0
5;2025-11-21;10;0
5;2025-11-21;11;0
5;2025-11-21;12;0
5;2025-11-21;13;0
5;2025-11-21;14;0
5;2025-11-21;15;0
5;2025-11-21;16;0
5;2025-11-21;17;0
5;2025-11-21;18;0
5;2025-11-21;19;0
5;2025-11-21;20;0
5;2025-11-21;21;0
5;2025-11-21;22;0
5;2025-11-21;23;0
5;2025-11-22;0;0
5;2025-11-22;1;0
5;2025-11-22;2;0
5;2025-11-22;3;0
5;2025-11-22;4;0
5;2025-11-22;5;0
5;2025-11-22;6;0
5;2025-11-22;7;0
5;2025-11-22;8;0
5;2025-11-22;9;0
5;2025-11-22;10;0
5;2025-11-22;11;0
5;2025-11-22;12;0
5;2025-11-22;13;0
5;2025-11-22;14;0
5;2025-11-22;15;0
5;2025-11-22;16;0
5;2025-11-22;17;0
5;2025-11-22;18;0
5;2025-11-22;19;0
5;2025-11-22;20;0
5;2025-11-22;21;0
5;2025-11-22;22;0
5;2025-11-22;23;0
5;2025-11-23;0;0
5;2025-11-23;1;0
5;2025-11-23;2;0
5;2025-11-23;3;0
5;2025-11-23;4;0
5;2025-11-23;5;0
5;2025-11-23;6;0
5;2025-11-23;7;0
5;2025-11-23;8;0
5;2025-11-23;9;0
5;2025-11-23;10;0
5;2025-11-23;11;0
5;2025-11-23;12;0
5;2025-11-23;13;0
5;2025-11-23;14;0
5;2025-11-23;15;0
5;2025-11-23;16;0
5;2025-11-23;17;0
5;2025-11-23;18;0
5;2025-11-23;19;0
5;2025-11-23;20;0
5;2025-11-23;21;0
5;2025-11-23;22;0
5;2025-11-23;23;0
5;2025-11-24;0;0
5;2025-11-24;1;0
5;2025-11-24;2;0
5;2025-11-24;3;0
5;2025-11-24;4;0
5;2025-11-24;5;0
5;2025-11-24;6;0
5;2025-11-24;7;0
5;2025-11-24;8;0
5;2025-11-24;9;0
5;2025-11-24;10;0
5;2025-11-24;11;0
5;2025-11-24;12;0
5;2025-11-24;13;0
5;2025-11-24;14;0
5;2025-11-24;15;0
5;2025-11-24;16;0
5;2025-11-24;17;0
5;2025-11-24;18;0
5;2025-11-24;19;0
5;2025-11-24;20;0
5;2025-11-24;21;0
5;2025-11-24;22;0
5;2025-11-24;23;0
5;2025-11-25;0;0
5;2025-11-25;1;0
5;2025-11-25;2;0
5;2025-11-25;3;0
5;2025-11-25;4;0
5;2025-11-25;5;0
5;2025-11-25;6;0
5;2025-11-25;7;0
5;2025-11-25;8;0
5;2025-11-25;9;0
5;2025-11-25;10;0
5;2025-11-25;11;0
5;2025-11-25;12;0
5;2025-11-25;13;0
5;2025-11-25;14;0
5;2025-11-25;15;0
5;2025-11-25;16;0
5;2025-11-25;17;0
5;2025-11-25;18;0
5;2025-11-25;19;0
5;2025-11-25;20;0
5;2025-11-25;21;0
5;2025-11-25;22;0
5;2025-11-25;23;0
5;2025-11-26;0;0
5;2025-11-26;1;0
5;2025-11-26;2;0
5;2025-11-26;3;0
5;2025-11-26;4;0
5;2025-11-26;5;0
5;2025-11-26;6;0
5;2025-11-26;7;0
5;2025-11-26;8;0
5;2025-11-26;9;0
5;2025-11-26;10;0
5;2025-11-26;11;0
5;2025-11-26;12;0
5;2025-11-26;13;0
5;2025-11-26;14;0
5;2025-11-26;15;0
5;2025-11-26;16;0
5;2025-11-26;17;0
5;2025-11-26;18;0
5;2025-11-26;19;0
5;2025-11-26;20;0
5;2025-11-26;21;0
5;2025-11-26;22;0
5;2025-11-26;23;0
5;2025-11-27;0;0
5;2025-11-27;1;0
5;2025-11-27;2;0
5;2025-11-27;3;0
5;2025-11-27;4;0
5;2025-11-27;5;0
5;2025-11-27;6;0
5;2025-11-27;7;0
5;2025-11-27;8;0
5;2025-11-27;9;0
5;2025-11-27;10;0
5;2025-11-27;11;0
5;2025-11-27;12;0
5;2025-11-27;13;0
5;2025-11-27;14;0
5;2025-11-27;15;0
5;2025-11-27;16;0
5;2025-11-27;17;0
5;2025-11-27;18;0
5;2025-11-27;19;0
5;2025-11-27;20;0
5;2025-11-27;21;0
5;2025-11-27;22;0
5;2025-11-27;23;0
5;2025-11-28;0;0
5;2025-11-28;1;0
5;2025-11-28;2;0
5;2025-11-28;3;0
5;2025-11-28;4;0
5;2025-11-28;5;0
5;2025-11-28;6;0
5;2025-11-28;7;0
5;2025-11-28;8;0
5;2025-11-28;9;0
5;2025-11-28;10;0
5;2025-11-28;11;0
5;2025-11-28;12;0
5;2025-11-28;13;0
5;2025-11-28;14;0
5;2025-11-28;15;0
5;2025-11-28;16;0
5;2025-11-28;17;0
5;2025-11-28;18;0
5;2025-11-28;19;0
5;2025-11-28;20;0
5;2025-11-28;21;0
5;2025-11-28;22;0
5;2025-11-28;23;0
5;2025-11-29;0;0
5;2025-11-29;1;0
5;2025-11-29;2;0
5;2025-11-29;3;0
5;2025-11-29;4;0
5;2025-11-29;5;0
5;2025-11-29;6;0
5;2025-11-29;7;0
5;2025-11-29;8;0
5;2025-11-29;9;0
5;2025-11-29;10;0
5;2025-11-29;11;0
5;2025-11-29;12;0
5;2025-11-29;13;0
5;2025-11-29;14;0
5;2025-11-29;15;0
5;2025-11-29;16;0
5;2025-11-29;17;0
5;2025-11-29;18;0
5;2025-11-29;19;0
5;2025-11-29;20;0
5;2025-11-29;21;0
5;2025-11-29;22;0
5;2025-11-29;23;0
5;2025-11-30;0;0
5;2025-11-30;1;0
5;2025-11-30;2;0
5;2025-11-30;3;0
5;2025-11-30;4;0
5;2025-11-30;5;0
5;2025-11-30;6;0
5;2025-11-30;7;0
5;2025-11-30;8;0
5;2025-11-30;9;0
5;2025-11-30;10;0
5;2025-11-30;11;0
5;2025-11-30;12;0
5;2025-11-30;13;0
5;2025-11-30;14;0
5;2025-11-30;15;0
5;2025-11-30;16;0
5;2025-11-30;17;0
5;2025-11-30;18;0
5;2025-11-30;19;0
5;2025-11-30;20;0
5;2025-11-30;21;0
5;2025-11-30;22;0
5;2025-11-30;23;0
5;2025-12-01;0;0
5;2025-12-01;1;0
5;2025-12-01;2;0
5;2025-12-01;3;0
5;2025-12-01;4;0
5;2025-12-01;5;0
5;2025-12-01;6;0
5;2025-12-01;7;0
5;2025-12-01;8;0
5;2025-12-01;9;0
5;2025-12-01;10;0
5;2025-12-01;11;0
5;2025-12-01;12;0
5;2025-12-01;13;0
5;2025-12-01;14;0
5;2025-12-01;15;0
5;2025-12-01;16;0
5;2025-12-01;17;0
5;2025-12-01;18;0
5;2025-12-01;19;0
5;2025-12-01;20;0
5;2025-12-01;21;0
5;2025-12-01;22;0
5;2025-12-01;23;0
5;2025-12-02;0;0
5;2025-12-02;1;0
5;2025-12-02;2;0
5;2025-12-02;3;0
5;2025-12-02;4;0
5;2025-12-02;5;0
5;2025-12-02;6;0
5;2025-12-02;7;0
5;2025-12-02;8;0
5;2025-12-02;9;0
5;2025-12-02;10;0
5;2025-12-02;11;0
5;2025-12-02;12;0
5;2025-12-02;13;0
5;2025-12-02;14;0
5;2025-12-02;15;0
5;2025-12-02;16;0
5;2025-12-02;17;0
5;2025-12-02;18;0
5;2025-12-02;19;0
5;2025-12-02;20;0
5;2025-12-02;21;0
5;2025-12-02;22;0
5;2025-12-02;23;0
5;2025-12-03;0;0
5;2025-12-03;1;0
5;2025-12-03;2;0
5;2025-12-03;3;0
5;2025-12-03;4;0
5;2025-12-03;5;0
5;2025-12-03;6;0
5;2025-12-03;7;0
5;2025-12-03;8;0
5;2025-12-03;9;0
5;2025-12-03;10;0
5;2025-12-03;11;0
5;2025-12-03;12;0
5;2025-12-03;13;0
5;2025-12-03;14;0
5;2025-12-03;15;0
5;2025-12-03;16;0
5;2025-12-03;17;0
5;2025-12-03;18;0
5;2025-12-03;19;0
5;2025-12-03;20;0
5;2025-12-03;21;0
5;2025-12-03;22;0
5;2025-12-03;23;0
5;2025-12-04;0;0
5;2025-12-04;1;0
5;2025-12-04;2;0
5;2025-12-04;3;0
5;2025-12-04;4;0
5;2025-12-04;5;0
5;2025-12-04;6;0
5;2025-12-04;7;0
5;2025-12-04;8;0
5;2025-12-04;9;0
5;2025-12-04;10;0
5;2025-12-04;11;0
5;2025-12-04;12;0
5;2025-12-04;13;0
5;2025-12-04;14;0
5;2025-12-04;15;0
5;2025-12-04;16;0
5;2025-12-04;17;0
5;2025-12-04;18;0
5;2025-12-04;19;0
5;2025-12-04;20;0
5;2025-12-04;21;0
5;2025-12-04;22;0
5;2025-12-04;23;0
5;2025-12-05;0;0
5;2025-12-05;1;0
5;2025-12-05;2;0
5;2025-12-05;3;0
5;2025-12-05;4;0
5;2025-12-05;5;0
5;2025-12-05;6;0
5;2025-12-05;7;0
5;2025-12-05;8;0
5;2025-12-05;9;0
5;2025-12-05;10;0
5;2025-12-05;11;0
5;2025-12-05;12;0
5;2025-12-05;13;0
5;2025-12-05;14;0
5;2025-12-05;15;0
5;2025-12-05;16;0
5;2025-12-05;17;0
5;2025-12-05;18;0
5;2025-12-05;19;0
5;2025-12-05;20;0
5;2025-12-05;21;0
5;2025-12-05;22;0
5;2025-12-05;23;0
5;2025-12-06;0;0
5;2025-12-06;1;0
5;2025-12-06;2;0
5;2025-12-06;3;0
5;2025-12-06;4;0
5;2025-12-06;5;0
5;2025-12-06;6;0
5;2025-12-06;7;0
5;2025-12-06;8;0
5;2025-12-06;9;0
5;2025-12-06;10;0
5;2025-12-06;11;0
5;2025-12-06;12;0
5;2025-12-06;13;0
5;2025-12-06;14;0
5;2025-12-06;15;0
5;2025-12-06;16;0
5;2025-12-06;17;0
5;2025-12-06;18;0
5;2025-12-06;19;0
5;2025-12-06;20;0
5;2025-12-06;21;0
5;2025-12-06;22;0
5;2025-12-06;23;0
5;2025-12-07;0;0
5;2025-12-07;1;0
5;2025-12-07;2;0
5;2025-12-07;3;0
5;2025-12-07;4;0
5;2025-12-07;5;0
5;2025-12-07;6;0
5;2025-12-07;7;0
5;2025-12-07;8;0
5;2025-12-07;9;0
5;2025-12-07;10;0
5;2025-12-07;11;0
5;2025-12-07;12;0
5;2025-12-07;13;0
5;2025-12-07;14;0
5;2025-12-07;15;0
5;2025-12-07;16;0
5;2025-12-07;17;0
5;2025-12-07;18;0
5;2025-12-07;19;0
5;2025-12-07;20;0
5;2025-12-07;21;0
5;2025-12-07;22;0
5;2025-12-07;23;0
5;2025-12-08;0;0
5;2025-12-08;1;0
5;2025-12-08;2;0
5;2025-12-08;3;0
5;2025-12-08;4;0
5;2025-12-08;5;0
5;2025-12-08;6;0
5;2025-12-08;7;0
5;2025-12-08;8;0
5;2025-12-08;9;0
5;2025-12-08;10;0
5;2025-12-08;11;0
5;2025-12-08;12;0
5;2025-12-08;13;0
5;2025-12-08;14;0
5;2025-12-08;15;0
5;2025-12-08;16;0
5;2025-12-08;17;0
5;2025-12-08;18;0
5;2025-12-08;19;0
5;2025-12-08;20;0
5;2025-12-08;21;0
5;2025-12-08;22;0
5;2025-12-08;23;0
5;2025-12-09;0;0
5;2025-12-09;1;0
5;2025-12-09;2;0
5;2025-12-09;3;0
5;2025-12-09;4;0
5;2025-12-09;5;0
5;2025-12-09;6;0
5;2025-12-09;7;0
5;2025-12-09;8;0
5;2025-12-09;9;0
5;2025-12-09;10;0
5;2025-12-09;11;0
5;2025-12-09;12;0
5;2025-12-09;13;0
5;2025-12-09;14;0
5;2025-12-09;15;0
5;2025-12-09;16;0
5;2025-12-09;17;0
5;2025-12-09;18;0
5;2025-12-09;19;0
5;2025-12-09;20;0
5;2025-12-09;21;0
5;2025-12-09;22;0
5;2025-12-09;23;0
5;2025-12-10;0;0
5;2025-12-10;1;0
5;2025-12-10;2;0
5;2025-12-10;3;0
5;2025-12-10;4;0
5;2025-12-10;5;0
5;2025-12-10;6;0
5;2025-12-10;7;0
5;2025-12-10;8;0
5;2025-12-10;9;0
5;2025-12-10;10;0
5;2025-12-10;11;0
5;2025-12-10;12;0
5;2025-12-10;13;0
5;2025-12-10;14;0
5;2025-12-10;15;0
5;2025-12-10;16;0
5;2025-12-10;17;0
5;2025-12-10;18;0
5;2025-12-10;19;0
5;2025-12-10;20;0
5;2025-12-10;21;0
5;2025-12-10;22;0
5;2025-12-10;23;0
5;2025-12-11;0;0
5;2025-12-11;1;0
5;2025-12-11;2;0
5;2025-12-11;3;0
5;2025-12-11;4;0
5;2025-12-11;5;0
5;2025-12-11;6;0
5;2025-12-11;7;0
5;2025-12-11;8;0
5;2025-12-11;9;0
5;2025-12-11;10;0
5;2025-12-11;11;0
5;2025-12-11;12;0
5;2025-12-11;13;0
5;2025-12-11;14;0
5;2025-12-11;15;0
5;2025-12-11;16;0
5;2025-12-11;17;0
5;2025-12-11;18;0
5;2025-12-11;19;0
5;2025-12-11;20;0
5;2025-12-11;21;0
5;2025-12-11;22;0
5;2025-12-11;23;0
5;2025-12-12;0;0
5;2025-12-12;1;0
5;2025-12-12;2;0
5;2025-12-12;3;0
5;2025-12-12;4;0
5;2025-12-12;5;0
5;2025-12-12;6;0
5;2025-12-12;7;0
5;2025-12-12;8;0
5;2025-12-12;9;0
5;2025-12-12;10;0
5;2025-12-12;11;0
5;2025-12-12;12;0
5;2025-12-12;13;0
5;2025-12-12;14;0
5;2025-12-12;15;0
5;2025-12-12;16;0
5;2025-12-12;17;0
5;2025-12-12;18;0
5;2025-12-12;19;0
5;2025-12-12;20;0
5;2025-12-12;21;0
5;2025-12-12;22;0
5;2025-12-12;23;0
5;2025-12-13;0;0
5;2025-12-13;1;0
5;2025-12-13;2;0
5;2025-12-13;3;0
5;2025-12-13;4;0
5;2025-12-13;5;0
5;2025-12-13;6;0
5;2025-12-13;7;0
5;2025-12-13;8;0
5;2025-12-13;9;0
5;2025-12-13;10;0
5;2025-12-13;11;0
5;2025-12-13;12;0
5;2025-12-13;13;0
5;2025-12-13;14;0
5;2025-12-13;15;0
5;2025-12-13;16;0
5;2025-12-13;17;0
5;2025-12-13;18;0
5;2025-12-13;19;0
5;2025-12-13;20;0
5;2025-12-13;21;0
5;2025-12-13;22;0
5;2025-12-13;23;0
5;2025-12-14;0;0
5;2025-12-14;1;0
5;2025-12-14;2;0
5;2025-12-14;3;0
5;2025-12-14;4;0
5;2025-12-14;5;0
5;2025-12-14;6;0
5;2025-12-14;7;0
5;2025-12-14;8;0
5;2025-12-14;9;0
5;2025-12-14;10;0
5;2025-12-14;11;0
5;2025-12-14;12;0
5;2025-12-14;13;0
5;2025-12-14;14;0
5;2025-12-14;15;0
5;2025-12-14;16;0
5;2025-12-14;17;0
5;2025-12-14;18;0
5;2025-12-14;19;0
5;2025-12-14;20;0
5;2025-12-14;21;0
5;2025-12-14;22;0
5;2025-12-14;23;0
5;2025-12-15;0;0
5;2025-12-15;1;0
5;2025-12-15;2;0
5;2025-12-15;3;0
5;2025-12-15;4;0
5;2025-12-15;5;0
5;2025-12-15;6;0
5;2025-12-15;7;0
5;2025-12-15;8;0
5;2025-12-15;9;0
5;2025-12-15;10;0
5;2025-12-15;11;0
5;2025-12-15;12;0
5;2025-12-15;13;0
5;2025-12-15;14;0
5;2025-12-15;15;0
5;2025-12-15;16;0
5;2025-12-15;17;0
5;2025-12-15;18;0
5;2025-12-15;19;0
5;2025-12-15;20;0
5;2025-12-15;21;0
5;2025-12-15;22;0
5;2025-12-15;23;0
5;2025-12-16;0;0
5;2025-12-16;1;0
5;2025-12-16;2;0
5;2025-12-16;3;0
5;2025-12-16;4;0
5;2025-12-16;5;0
5;2025-12-16;6;0
5;2025-12-16;7;0
5;2025-12-16;8;0
5;2025-12-16;9;0
5;2025-12-16;10;0
5;2025-12-16;11;0
5;2025-12-16;12;0
5;2025-12-16;13;0
5;2025-12-16;14;0
5;2025-12-16;15;0
5;2025-12-16;16;0
5;2025-12-16;17;0
5;2025-12-16;18;0
5;2025-12-16;19;0
5;2025-12-16;20;0
5;2025-12-16;21;0
5;2025-12-16;22;0
5;2025-12-16;23;0
5;2025-12-17;0;0
5;2025-12-17;1;0
5;2025-12-17;2;0
5;2025-12-17;3;0
5;2025-12-17;4;0
5;2025-12-17;5;0
5;2025-12-17;6;0
5;2025-12-17;7;0
5;2025-12-17;8;0
5;2025-12-17;9;0
5;2025-12-17;10;0
5;2025-12-17;11;0
5;2025-12-17;12;0
5;2025-12-17;13;0
5;2025-12-17;14;0
5;2025-12-17;15;0
5;2025-12-17;16;0
5;2025-12-17;17;0
5;2025-12-17;18;0
5;2025-12-17;19;0
5;2025-12-17;20;0
5;2025-12-17;21;0
5;2025-12-17;22;0
5;2025-12-17;23;0
5;2025-12-18;0;0
5;2025-12-18;1;0
5;2025-12-18;2;0
5;2025-12-18;3;0
5;2025-12-18;4;0
5;2025-12-18;5;0
5;2025-12-18;6;0
5;2025-12-18;7;0
5;2025-12-18;8;0
5;2025-12-18;9;0
5;2025-12-18;10;0
5;2025-12-18;11;0
5;2025-12-18;12;0
5;2025-12-18;13;0
5;2025-12-18;14;0
5;2025-12-18;15;0
5;2025-12-18;16;0
5;2025-12-18;17;0
5;2025-12-18;18;0
5;2025-12-18;19;0
5;2025-12-18;20;0
5;2025-12-18;21;0
5;2025-12-18;22;0
5;2025-12-18;23;0
5;2025-12-19;0;0
5;2025-12-19;1;0
5;2025-12-19;2;0
5;2025-12-19;3;0
5;2025-12-19;4;0
5;2025-12-19;5;0
5;2025-12-19;6;0
5;2025-12-19;7;0
5;2025-12-19;8;0
5;2025-12-19;9;0
5;2025-12-19;10;0
5;2025-12-19;11;0
5;2025-12-19;12;0
5;2025-12-19;13;0
5;2025-12-19;14;0
5;2025-12-19;15;0
5;2025-12-19;16;0
5;2025-12-19;17;0
5;2025-12-19;18;0
5;2025-12-19;19;0
5;2025-12-19;20;0
5;2025-12-19;21;0
5;2025-12-19;22;0
5;2025-12-19;23;0
5;2025-12-20;0;0
5;2025-12-20;1;0
5;2025-12-20;2;0
5;2025-12-20;3;0
5;2025-12-20;4;0
5;2025-12-20;5;0
5;2025-12-20;6;0
5;2025-12-20;7;0
5;2025-12-20;8;0
5;2025-12-20;9;0
5;2025-12-20;10;0
5;2025-12-20;11;0
5;2025-12-20;12;0
5;2025-12-20;13;0
5;2025-12-20;14;0
5;2025-12-20;15;0
5;2025-12-20;16;0
5;2025-12-20;17;0
5;2025-12-20;18;0
5;2025-12-20;19;0
5;2025-12-20;20;0
5;2025-12-20;21;0
5;2025-12-20;22;0
5;2025-12-20;23;0
5;2025-12-21;0;0
5;2025-12-21;1;0
5;2025-12-21;2;0
5;2025-12-21;3;0
5;2025-12-21;4;0
5;2025-12-21;5;0
5;2025-12-21;6;0
5;2025-12-21;7;0
5;2025-12-21;8;0
5;2025-12-21;9;0
5;2025-12-21;10;0
5;2025-12-21;11;0
5;2025-12-21;12;0
5;2025-12-21;13;0
5;2025-12-21;14;0
5;2025-12-21;15;0
5;2025-12-21;16;0
5;2025-12-21;17;0
5;2025-12-21;18;0
5;2025-12-21;19;0
5;2025-12-21;20;0
5;2025-12-21;21;0
5;2025-12-21;22;0
5;2025-12-21;23;0
5;2025-12-22;0;0
5;2025-12-22;1;0
5;2025-12-22;2;0
5;2025-12-22;3;0
5;2025-12-22;4;0
5;2025-12-22;5;0
5;2025-12-22;6;0
5;2025-12-22;7;0
5;2025-12-22;8;0
5;2025-12-22;9;0
5;2025-12-22;10;0
5;2025-12-22;11;0
5;2025-12-22;12;0
5;2025-12-22;13;0
5;2025-12-22;14;0
5;2025-12-22;15;0
5;2025-12-22;16;0
5;2025-12-22;17;0
5;2025-12-22;18;0
5;2025-12-22;19;0
5;2025-12-22;20;0
5;2025-12-22;21;0
5;2025-12-22;22;0
5;2025-12-22;23;0
5;2025-12-23;0;0
5;2025-12-23;1;0
5;2025-12-23;2;0
5;2025-12-23;3;0
5;2025-12-23;4;0
5;2025-12-23;5;0
5;2025-12-23;6;0
5;2025-12-23;7;0
5;2025-12-23;8;0
5;2025-12-23;9;0
5;2025-12-23;10;0
5;2025-12-23;11;0
5;2025-12-23;12;0
5;2025-12-23;13;0
5;2025-12-23;14;0
5;2025-12-23;15;0
5;2025-12-23;16;0
5;2025-12-23;17;0
5;2025-12-23;18;0
5;2025-12-23;19;0
5;2025-12-23;20;0
5;2025-12-23;21;0
5;2025-12-23;22;0
5;2025-12-23;23;0
5;2025-12-24;0;0
5;2025-12-24;1;0
5;2025-12-24;2;0
5;2025-12-24;3;0
5;2025-12-24;4;0
5;2025-12-24;5;0
5;2025-12-24;6;0
5;2025-12-24;7;0
5;2025-12-24;8;0
5;2025-12-24;9;0
5;2025-12-24;10;0
5;2025-12-24;11;0
5;2025-12-24;12;0
5;2025-12-24;13;0
5;2025-12-24;14;0
5;2025-12-24;15;0
5;2025-12-24;16;0
5;2025-12-24;17;0
5;2025-12-24;18;0
5;2025-12-24;19;0
5;2025-12-24;20;0
5;2025-12-24;21;0
5;2025-12-24;22;0
5;2025-12-24;23;0
5;2025-12-25;0;0
5;2025-12-25;1;0
5;2025-12-25;2;0
5;2025-12-25;3;0
5;2025-12-25;4;0
5;2025-12-25;5;0
5;2025-12-25;6;0
5;2025-12-25;7;0
5;2025-12-25;8;0
5;2025-12-25;9;0
5;2025-12-25;10;0
5;2025-12-25;11;0
5;2025-12-25;12;0
5;2025-12-25;13;0
5;2025-12-25;14;0
5;2025-12-25;15;0
5;2025-12-25;16;0
5;2025-12-25;17;0
5;2025-12-25;18;0
5;2025-12-25;19;0
5;2025-12-25;20;0
5;2025-12-25;21;0
5;2025-12-25;22;0
5;2025-12-25;23;0
5;2025-12-26;0;0
5;2025-12-26;1;0
5;2025-12-26;2;0
5;2025-12-26;3;0
5;2025-12-26;4;0
5;2025-12-26;5;0
5;2025-12-26;6;0
5;2025-12-26;7;0
5;2025-12-26;8;0
5;2025-12-26;9;0
5;2025-12-26;10;0
5;2025-12-26;11;0
5;2025-12-26;12;0
5;2025-12-26;13;0
5;2025-12-26;14;0
5;2025-12-26;15;0
5;2025-12-26;16;0
5;2025-12-26;17;0
5;2025-12-26;18;0
5;2025-12-26;19;0
5;2025-12-26;20;0
5;2025-12-26;21;0
5;2025-12-26;22;0
5;2025-12-26;23;0
5;2025-12-27;0;0
5;2025-12-27;1;0
5;2025-12-27;2;0
5;2025-12-27;3;0
5;2025-12-27;4;0
5;2025-12-27;5;0
5;2025-12-27;6;0
5;2025-12-27;7;0
5;2025-12-27;8;0
5;2025-12-27;9;0
5;2025-12-27;10;0
5;2025-12-27;11;0
5;2025-12-27;12;0
5;2025-12-27;13;0
5;2025-12-27;14;0
5;2025-12-27;15;0
5;2025-12-27;16;0
5;2025-12-27;17;0
5;2025-12-27;18;0
5;2025-12-27;19;0
5;2025-12-27;20;0
5;2025-12-27;21;0
5;2025-12-27;22;0
5;2025-12-27;23;0
5;2025-12-28;0;0
5;2025-12-28;1;0
5;2025-12-28;2;0
5;2025-12-28;3;0
5;2025-12-28;4;0
5;2025-12-28;5;0
5;2025-12-28;6;0
5;2025-12-28;7;0
5;2025-12-28;8;0
5;2025-12-28;9;0
5;2025-12-28;10;0
5;2025-12-28;11;0
5;2025-12-28;12;0
5;2025-12-28;13;0
5;2025-12-28;14;0
5;2025-12-28;15;0
5;2025-12-28;16;0
5;2025-12-28;17;0
5;2025-12-28;18;0
5;2025-12-28;19;0
5;2025-12-28;20;0
5;2025-12-28;21;0
5;2025-12-28;22;0
5;2025-12-28;23;0
5;2025-12-29;0;0
5;2025-12-29;1;0
5;2025-12-29;2;0
5;2025-12-29;3;0
5;2025-12-29;4;0
5;2025-12-29;5;0
5;2025-12-29;6;0
5;2025-12-29;7;0
5;2025-12-29;8;0
5;2025-12-29;9;0
5;2025-12-29;10;0
5;2025-12-29;11;0
5;2025-12-29;12;0
5;2025-12-29;13;0
5;2025-12-29;14;0
5;2025-12-29;15;0
5;2025-12-29;16;0
5;2025-12-29;17;0
5;2025-12-29;18;0
5;2025-12-29;19;0
5;2025-12-29;20;0
5;2025-12-29;21;0
5;2025-12-29;22;0
5;2025-12-29;23;0
5;2025-12-30;0;0
5;2025-12-30;1;0
5;2025-12-30;2;0
5;2025-12-30;3;0
5;2025-12-30;4;0
5;2025-12-30;5;0
5;2025-12-30;6;0
5;2025-12-30;7;0
5;2025-12-30;8;0
5;2025-12-30;9;0
5;2025-12-30;10;0
5;2025-12-30;11;0
5;2025-12-30;12;0
5;2025-12-30;13;0
5;2025-12-30;14;0
5;2025-12-30;15;0
5;2025-12-30;16;0
5;2025-12-30;17;0
5;2025-12-30;18;0
5;2025-12-30;19;0
5;2025-12-30;20;0
5;2025-12-30;21;0
5;2025-12-30;22;0
5;2025-12-30;23;0
5;2025-12-31;0;0
5;2025-12-31;1;0
5;2025-12-31;2;0
5;2025-12-31;3;0
5;2025-12-31;4;0
5;2025-12-31;5;0
5;2025-12-31;6;0
5;2025-12-31;7;0
5;2025-12-31;8;0
5;2025-12-31;9;0
5;2025-12-31;10;0
5;2025-12-31;11;0
5;2025-12-31;12;0
5;2025-12-31;13;0
5;2025-12-31;14;0
5;2025-12-31;15;0
5;2025-12-31;16;0
5;2025-12-31;17;0
5;2025-12-31;18;0
5;2025-12-31;19;0
5;2025-12-31;20;0
5;2025-12-31;21;0
5;2025-12-31;22;0
5;2025-12-31;23;0
7;2025-11-01;0;69
7;2025-11-01;1;11
7;2025-11-01;2;0
7;2025-11-01;3;0
7;2025-11-01;4;1
7;2025-11-01;5;176
7;2025-11-01;6;591
7;2025-11-01;7;1507
7;2025-11-01;8;2320
7;2025-11-01;9;1725
7;2025-11-01;10;1679
7;2025-11-01;11;1520
7;2025-11-01;12;1630
7;2025-11-01;13;1643
7;2025-11-01;14;1654
7;2025-11-01;15;1800
7;2025-11-01;16;1938
7;2025-11-01;17;2315
7;2025-11-01;18;2150
7;2025-11-01;19;1430
7;2025-11-01;20;997
7;2025-11-01;21;591
7;2025-11-01;22;307
7;2025-11-01;23;222
7;2025-11-02;0;100
7;2025-11-02;1;21
7;2025-11-02;2;0
7;2025-11-02;3;0
7;2025-11-02;4;1
7;2025-11-02;5;27
7;2025-11-02;6;130
7;2025-11-02;7;192
7;2025-11-02;8;378
7;2025-11-02;9;486
7;2025-11-02;10;404
7;2025-11-02;11;556
7;2025-11-02;12;635
7;2025-11-02;13;622
7;2025-11-02;14;669
7;2025-11-02;15;688
7;2025-11-02;16;600
7;2025-11-02;17;628
7;2025-11-02;18;648
7;2025-11-02;19;481
7;2025-11-02;20;398
7;2025-11-02;21;296
7;2025-11-02;22;148
7;2025-11-02;23;121
7;2025-11-03;0;100
7;2025-11-03;1;21
7;2025-11-03;2;0
7;2025-11-03;3;0
7;2025-11-03;4;1
7;2025-11-03;5;27
7;2025-11-03;6;130
7;2025-11-03;7;192
7;2025-11-03;8;378
7;2025-11-03;9;486
7;2025-11-03;10;404
7;2025-11-03;11;556
7;2025-11-03;12;635
7;2025-11-03;13;622
7;2025-11-03;14;669
7;2025-11-03;15;688
7;2025-11-03;16;600
7;2025-11-03;17;628
7;2025-11-03;18;648
7;2025-11-03;19;481
7;2025-11-03;20;398
7;2025-11-03;21;296
7;2025-11-03;22;148
7;2025-11-03;23;121
7;2025-11-04;0;100
7;2025-11-04;1;21
7;2025-11-04;2;0
7;2025-11-04;3;0
7;2025-11-04;4;1
7;2025-11-04;5;27
7;2025-11-04;6;130
7;2025-11-04;7;192
7;2025-11-04;8;378
7;2025-11-04;9;486
7;2025-11-04;10;404
7;2025-11-04;11;556
7;2025-11-04;12;635
7;2025-11-04;13;622
7;2025-11-04;14;669
7;2025-11-04;15;688
7;2025-11-04;16;600
7;2025-11-04;17;628
7;2025-11-04;18;648
7;2025-11-04;19;481
7;2025-11-04;20;398
7;2025-11-04;21;296
7;2025-11-04;22;148
7;2025-11-04;23;121
7;2025-11-05;0;60
7;2025-11-05;1;9
7;2025-11-05;2;0
7;2025-11-05;3;0
7;2025-11-05;4;2
7;2025-11-05;5;187
7;2025-11-05;6;602
7;2025-11-05;7;1542
7;2025-11-05;8;2429
7;2025-11-05;9;1846
7;2025-11-05;10;1703
7;2025-11-05;11;1539
7;2025-11-05;12;1729
7;2025-11-05;13;1564
7;2025-11-05;14;1616
7;2025-11-05;15;1779
7;2025-11-05;16;1870
7;2025-11-05;17;2407
7;2025-11-05;18;2523
7;2025-11-05;19;1611
7;2025-11-05;20;1051
7;2025-11-05;21;626
7;2025-11-05;22;295
7;2025-11-05;23;188
7;2025-11-06;0;60
7;2025-11-06;1;12
7;2025-11-06;2;0
7;2025-11-06;3;0
7;2025-11-06;4;1
7;2025-11-06;5;181
7;2025-11-06;6;602
7;2025-11-06;7;1555
7;2025-11-06;8;2463
7;2025-11-06;9;1801
7;2025-11-06;10;1594
7;2025-11-06;11;1521
7;2025-11-06;12;1658
7;2025-11-06;13;1532
7;2025-11-06;14;1691
7;2025-11-06;15;1749
7;2025-11-06;16;1849
7;2025-11-06;17;2284
7;2025-11-06;18;2557
7;2025-11-06;19;1603
7;2025-11-06;20;1046
7;2025-11-06;21;612
7;2025-11-06;22;301
7;2025-11-06;23;208
7;2025-11-07;0;69
7;2025-11-07;1;11
7;2025-11-07;2;0
7;2025-11-07;3;0
7;2025-11-07;4;1
7;2025-11-07;5;176
7;2025-11-07;6;591
7;2025-11-07;7;1507
7;2025-11-07;8;2320
7;2025-11-07;9;1725
7;2025-11-07;10;1679
7;2025-11-07;11;1520
7;2025-11-07;12;1630
7;2025-11-07;13;1643
7;2025-11-07;14;1654
7;2025-11-07;15;1800
7;2025-11-07;16;1938
7;2025-11-07;17;2315
7;2025-11-07;18;2150
7;2025-11-07;19;1430
7;2025-11-07;20;997
7;2025-11-07;21;591
7;2025-11-07;22;307
7;2025-11-07;23;222
7;2025-11-08;0;111
7;2025-11-08;1;22
7;2025-11-08;2;0
7;2025-11-08;3;0
7;2025-11-08;4;2
7;2025-11-08;5;48
7;2025-11-08;6;262
7;2025-11-08;7;337
7;2025-11-08;8;685
7;2025-11-08;9;566
7;2025-11-08;10;600
7;2025-11-08;11;695
7;2025-11-08;12;935
7;2025-11-08;13;867
7;2025-11-08;14;836
7;2025-11-08;15;835
7;2025-11-08;16;796
7;2025-11-08;17;807
7;2025-11-08;18;752
7;2025-11-08;19;634
7;2025-11-08;20;536
7;2025-11-08;21;371
7;2025-11-08;22;216
7;2025-11-08;23;171
7;2025-11-09;0;100
7;2025-11-09;1;21
7;2025-11-09;2;0
7;2025-11-09;3;0
7;2025-11-09;4;1
7;2025-11-09;5;27
7;2025-11-09;6;130
7;2025-11-09;7;192
7;2025-11-09;8;378
7;2025-11-09;9;486
7;2025-11-09;10;404
7;2025-11-09;11;556
7;2025-11-09;12;635
7;2025-11-09;13;622
7;2025-11-09;14;669
7;2025-11-09;15;688
7;2025-11-09;16;600
7;2025-11-09;17;628
7;2025-11-09;18;648
7;2025-11-09;19;481
7;2025-11-09;20;398
7;2025-11-09;21;296
7;2025-11-09;22;148
7;2025-11-09;23;121
7;2025-11-10;0;59
7;2025-11-10;1;11
7;2025-11-10;2;0
7;2025-11-10;3;0
7;2025-11-10;4;1
7;2025-11-10;5;180
7;2025-11-10;6;577
7;2025-11-10;7;1569
7;2025-11-10;8;2472
7;2025-11-10;9;1768
7;2025-11-10;10;1612
7;2025-11-10;11;1497
7;2025-11-10;12;1579
7;2025-11-10;13;1579
7;2025-11-10;14;1618
7;2025-11-10;15;1755
7;2025-11-10;16;1820
7;2025-11-10;17;2378
7;2025-11-10;18;2503
7;2025-11-10;19;1690
7;2025-11-10;20;1049
7;2025-11-10;21;600
7;2025-11-10;22;292
7;2025-11-10;23;167
7;2025-11-11;0;57
7;2025-11-11;1;10
7;2025-11-11;2;0
7;2025-11-11;3;0
7;2025-11-11;4;2
7;2025-11-11;5;185
7;2025-11-11;6;600
7;2025-11-11;7;1618
7;2025-11-11;8;2403
7;2025-11-11;9;1856
7;2025-11-11;10;1675
7;2025-11-11;11;1567
7;2025-11-11;12;1676
7;2025-11-11;13;1588
7;2025-11-11;14;1541
7;2025-11-11;15;1767
7;2025-11-11;16;1827
7;2025-11-11;17;2346
7;2025-11-11;18;2533
7;2025-11-11;19;1716
7;2025-11-11;20;1117
7;2025-11-11;21;648
7;2025-11-11;22;318
7;2025-11-11;23;206
7;2025-11-12;0;60
7;2025-11-12;1;9
7;2025-11-12;2;0
7;2025-11-12;3;0
7;2025-11-12;4;2
7;2025-11-12;5;187
7;2025-11-12;6;602
7;2025-11-12;7;1542
7;2025-11-12;8;2429
7;2025-11-12;9;1846
7;2025-11-12;10;1703
7;2025-11-12;11;1539
7;2025-11-12;12;1729
7;2025-11-12;13;1564
7;2025-11-12;14;1616
7;2025-11-12;15;1779
7;2025-11-12;16;1870
7;2025-11-12;17;2407
7;2025-11-12;18;2523
7;2025-11-12;19;1611
7;2025-11-12;20;1051
7;2025-11-12;21;626
7;2025-11-12;22;295
7;2025-11-12;23;188
7;2025-11-13;0;60
7;2025-11-13;1;12
7;2025-11-13;2;0
7;2025-11-13;3;0
7;2025-11-13;4;1
7;2025-11-13;5;181
7;2025-11-13;6;602
7;2025-11-13;7;1555
7;2025-11-13;8;2463
7;2025-11-13;9;1801
7;2025-11-13;10;1594
7;2025-11-13;11;1521
7;2025-11-13;12;1658
7;2025-11-13;13;1532
7;2025-11-13;14;1691
7;2025-11-13;15;1749
7;2025-11-13;16;1849
7;2025-11-13;17;2284
7;2025-11-13;18;2557
7;2025-11-13;19;1603
7;2025-11-13;20;1046
7;2025-11-13;21;612
7;2025-11-13;22;301
7;2025-11-13;23;208
7;2025-11-14;0;69
7;2025-11-14;1;11
7;2025-11-14;2;0
7;2025-11-14;3;0
7;2025-11-14;4;1
7;2025-11-14;5;176
7;2025-11-14;6;591
7;2025-11-14;7;1507
7;2025-11-14;8;2320
7;2025-11-14;9;1725
7;2025-11-14;10;1679
7;2025-11-14;11;1520
7;2025-11-14;12;1630
7;2025-11-14;13;1643
7;2025-11-14;14;1654
7;2025-11-14;15;1800
7;2025-11-14;16;1938
7;2025-11-14;17;2315
7;2025-11-14;18;2150
7;2025-11-14;19;1430
7;2025-11-14;20;997
7;2025-11-14;21;591
7;2025-11-14;22;307
7;2025-11-14;23;222
7;2025-11-15;0;111
7;2025-11-15;1;22
7;2025-11-15;2;0
7;2025-11-15;3;0
7;2025-11-15;4;2
7;2025-11-15;5;48
7;2025-11-15;6;262
7;2025-11-15;7;337
7;2025-11-15;8;685
7;2025-11-15;9;566
7;2025-11-15;10;600
7;2025-11-15;11;695
7;2025-11-15;12;935
7;2025-11-15;13;867
7;2025-11-15;14;836
7;2025-11-15;15;835
7;2025-11-15;16;796
7;2025-11-15;17;807
7;2025-11-15;18;752
7;2025-11-15;19;634
7;2025-11-15;20;536
7;2025-11-15;21;371
7;2025-11-15;22;216
7;2025-11-15;23;171
7;2025-11-16;0;100
7;2025-11-16;1;21
7;2025-11-16;2;0
7;2025-11-16;3;0
7;2025-11-16;4;1
7;2025-11-16;5;27
7;2025-11-16;6;130
7;2025-11-16;7;192
7;2025-11-16;8;378
7;2025-11-16;9;486
7;2025-11-16;10;404
7;2025-11-16;11;556
7;2025-11-16;12;635
7;2025-11-16;13;622
7;2025-11-16;14;669
7;2025-11-16;15;688
7;2025-11-16;16;600
7;2025-11-16;17;628
7;2025-11-16;18;648
7;2025-11-16;19;481
7;2025-11-16;20;398
7;2025-11-16;21;296
7;2025-11-16;22;148
7;2025-11-16;23;121
7;2025-11-17;0;59
7;2025-11-17;1;11
7;2025-11-17;2;0
7;2025-11-17;3;0
7;2025-11-17;4;1
7;2025-11-17;5;180
7;2025-11-17;6;577
7;2025-11-17;7;1569
7;2025-11-17;8;2472
7;2025-11-17;9;1768
7;2025-11-17;10;1612
7;2025-11-17;11;1497
7;2025-11-17;12;1579
7;2025-11-17;13;1579
7;2025-11-17;14;1618
7;2025-11-17;15;1755
7;2025-11-17;16;1820
7;2025-11-17;17;2378
7;2025-11-17;18;2503
7;2025-11-17;19;1690
7;2025-11-17;20;1049
7;2025-11-17;21;600
7;2025-11-17;22;292
7;2025-11-17;23;167
7;2025-11-18;0;57
7;2025-11-18;1;10
7;2025-11-18;2;0
7;2025-11-18;3;0
7;2025-11-18;4;2
7;2025-11-18;5;185
7;2025-11-18;6;600
7;2025-11-18;7;1618
7;2025-11-18;8;2403
7;2025-11-18;9;1856
7;2025-11-18;10;1675
7;2025-11-18;11;1567
7;2025-11-18;12;1676
7;2025-11-18;13;1588
7;2025-11-18;14;1541
7;2025-11-18;15;1767
7;2025-11-18;16;1827
7;2025-11-18;17;2346
7;2025-11-18;18;2533
7;2025-11-18;19;1716
7;2025-11-18;20;1117
7;2025-11-18;21;648
7;2025-11-18;22;318
7;2025-11-18;23;206
7;2025-11-19;0;60
7;2025-11-19;1;9
7;2025-11-19;2;0
7;2025-11-19;3;0
7;2025-11-19;4;2
7;2025-11-19;5;187
7;2025-11-19;6;602
7;2025-11-19;7;1542
7;2025-11-19;8;2429
7;2025-11-19;9;1846
7;2025-11-19;10;1703
7;2025-11-19;11;1539
7;2025-11-19;12;1729
7;2025-11-19;13;1564
7;2025-11-19;14;1616
7;2025-11-19;15;1779
7;2025-11-19;16;1870
7;2025-11-19;17;2407
7;2025-11-19;18;2523
7;2025-11-19;19;1611
7;2025-11-19;20;1051
7;2025-11-19;21;626
7;2025-11-19;22;295
7;2025-11-19;23;188
7;2025-11-20;0;60
7;2025-11-20;1;12
7;2025-11-20;2;0
7;2025-11-20;3;0
7;2025-11-20;4;1
7;2025-11-20;5;181
7;2025-11-20;6;602
7;2025-11-20;7;1555
7;2025-11-20;8;2463
7;2025-11-20;9;1801
7;2025-11-20;10;1594
7;2025-11-20;11;1521
7;2025-11-20;12;1658
7;2025-11-20;13;1532
7;2025-11-20;14;1691
7;2025-11-20;15;1749
7;2025-11-20;16;1849
7;2025-11-20;17;2284
7;2025-11-20;18;2557
7;2025-11-20;19;1603
7;2025-11-20;20;1046
7;2025-11-20;21;612
7;2025-11-20;22;301
7;2025-11-20;23;208
7;2025-11-21;0;69
7;2025-11-21;1;11
7;2025-11-21;2;0
7;2025-11-21;3;0
7;2025-11-21;4;1
7;2025-11-21;5;176
7;2025-11-21;6;591
7;2025-11-21;7;1507
7;2025-11-21;8;2320
7;2025-11-21;9;1725
7;2025-11-21;10;1679
7;2025-11-21;11;1520
7;2025-11-21;12;1630
7;2025-11-21;13;1643
7;2025-11-21;14;1654
7;2025-11-21;15;1800
7;2025-11-21;16;1938
7;2025-11-21;17;2315
7;2025-11-21;18;2150
7;2025-11-21;19;1430
7;2025-11-21;20;997
7;2025-11-21;21;591
7;2025-11-21;22;307
7;2025-11-21;23;222
7;2025-11-22;0;111
7;2025-11-22;1;22
7;2025-11-22;2;0
7;2025-11-22;3;0
7;2025-11-22;4;2
7;2025-11-22;5;48
7;2025-11-22;6;262
7;2025-11-22;7;337
7;2025-11-22;8;685
7;2025-11-22;9;566
7;2025-11-22;10;600
7;2025-11-22;11;695
7;2025-11-22;12;935
7;2025-11-22;13;867
7;2025-11-22;14;836
7;2025-11-22;15;835
7;2025-11-22;16;796
7;2025-11-22;17;807
7;2025-11-22;18;752
7;2025-11-22;19;634
7;2025-11-22;20;536
7;2025-11-22;21;371
7;2025-11-22;22;216
7;2025-11-22;23;171
7;2025-11-23;0;100
7;2025-11-23;1;21
7;2025-11-23;2;0
7;2025-11-23;3;0
7;2025-11-23;4;1
7;2025-11-23;5;27
7;2025-11-23;6;130
7;2025-11-23;7;192
7;2025-11-23;8;378
7;2025-11-23;9;486
7;2025-11-23;10;404
7;2025-11-23;11;556
7;2025-11-23;12;635
7;2025-11-23;13;622
7;2025-11-23;14;669
7;2025-11-23;15;688
7;2025-11-23;16;600
7;2025-11-23;17;628
7;2025-11-23;18;648
7;2025-11-23;19;481
7;2025-11-23;20;398
7;2025-11-23;21;296
7;2025-11-23;22;148
7;2025-11-23;23;121
7;2025-11-24;0;59
7;2025-11-24;1;11
7;2025-11-24;2;0
7;2025-11-24;3;0
7;2025-11-24;4;1
7;2025-11-24;5;180
7;2025-11-24;6;577
7;2025-11-24;7;1569
7;2025-11-24;8;2472
7;2025-11-24;9;1768
7;2025-11-24;10;1612
7;2025-11-24;11;1497
7;2025-11-24;12;1579
7;2025-11-24;13;1579
7;2025-11-24;14;1618
7;2025-11-24;15;1755
7;2025-11-24;16;1820
7;2025-11-24;17;2378
7;2025-11-24;18;2503
7;2025-11-24;19;1690
7;2025-11-24;20;1049
7;2025-11-24;21;600
7;2025-11-24;22;292
7;2025-11-24;23;167
7;2025-11-25;0;57
7;2025-11-25;1;10
7;2025-11-25;2;0
7;2025-11-25;3;0
7;2025-11-25;4;2
7;2025-11-25;5;185
7;2025-11-25;6;600
7;2025-11-25;7;1618
7;2025-11-25;8;2403
7;2025-11-25;9;1856
7;2025-11-25;10;1675
7;2025-11-25;11;1567
7;2025-11-25;12;1676
7;2025-11-25;13;1588
7;2025-11-25;14;1541
7;2025-11-25;15;1767
7;2025-11-25;16;1827
7;2025-11-25;17;2346
7;2025-11-25;18;2533
7;2025-11-25;19;1716
7;2025-11-25;20;1117
7;2025-11-25;21;648
7;2025-11-25;22;318
7;2025-11-25;23;206
7;2025-11-26;0;60
7;2025-11-26;1;9
7;2025-11-26;2;0
7;2025-11-26;3;0
7;2025-11-26;4;2
7;2025-11-26;5;187
7;2025-11-26;6;602
7;2025-11-26;7;1542
7;2025-11-26;8;2429
7;2025-11-26;9;1846
7;2025-11-26;10;1703
7;2025-11-26;11;1539
7;2025-11-26;12;1729
7;2025-11-26;13;1564
7;2025-11-26;14;1616
7;2025-11-26;15;1779
7;2025-11-26;16;1870
7;2025-11-26;17;2407
7;2025-11-26;18;2523
7;2025-11-26;19;1611
7;2025-11-26;20;1051
7;2025-11-26;21;626
7;2025-11-26;22;295
7;2025-11-26;23;188
7;2025-11-27;0;60
7;2025-11-27;1;12
7;2025-11-27;2;0
7;2025-11-27;3;0
7;2025-11-27;4;1
7;2025-11-27;5;181
7;2025-11-27;6;602
7;2025-11-27;7;1555
7;2025-11-27;8;2463
7;2025-11-27;9;1801
7;2025-11-27;10;1594
7;2025-11-27;11;1521
7;2025-11-27;12;1658
7;2025-11-27;13;1532
7;2025-11-27;14;1691
7;2025-11-27;15;1749
7;2025-11-27;16;1849
7;2025-11-27;17;2284
7;2025-11-27;18;2557
7;2025-11-27;19;1603
7;2025-11-27;20;1046
7;2025-11-27;21;612
7;2025-11-27;22;301
7;2025-11-27;23;208
7;2025-11-28;0;69
7;2025-11-28;1;11
7;2025-11-28;2;0
7;2025-11-28;3;0
7;2025-11-28;4;1
7;2025-11-28;5;176
7;2025-11-28;6;591
7;2025-11-28;7;1507
7;2025-11-28;8;2320
7;2025-11-28;9;1725
7;2025-11-28;10;1679
7;2025-11-28;11;1520
7;2025-11-28;12;1630
7;2025-11-28;13;1643
7;2025-11-28;14;1654
7;2025-11-28;15;1800
7;2025-11-28;16;1938
7;2025-11-28;17;2315
7;2025-11-28;18;2150
7;2025-11-28;19;1430
7;2025-11-28;20;997
7;2025-11-28;21;591
7;2025-11-28;22;307
7;2025-11-28;23;222
7;2025-11-29;0;111
7;2025-11-29;1;22
7;2025-11-29;2;0
7;2025-11-29;3;0
7;2025-11-29;4;2
7;2025-11-29;5;48
7;2025-11-29;6;262
7;2025-11-29;7;337
7;2025-11-29;8;685
7;2025-11-29;9;566
7;2025-11-29;10;600
7;2025-11-29;11;695
7;2025-11-29;12;935
7;2025-11-29;13;867
7;2025-11-29;14;836
7;2025-11-29;15;835
7;2025-11-29;16;796
7;2025-11-29;17;807
7;2025-11-29;18;752
7;2025-11-29;19;634
7;2025-11-29;20;536
7;2025-11-29;21;371
7;2025-11-29;22;216
7;2025-11-29;23;171
7;2025-11-30;0;100
7;2025-11-30;1;21
7;2025-11-30;2;0
7;2025-11-30;3;0
7;2025-11-30;4;1
7;2025-11-30;5;27
7;2025-11-30;6;130
7;2025-11-30;7;192
7;2025-11-30;8;378
7;2025-11-30;9;486
7;2025-11-30;10;404
7;2025-11-30;11;556
7;2025-11-30;12;635
7;2025-11-30;13;622
7;2025-11-30;14;669
7;2025-11-30;15;688
7;2025-11-30;16;600
7;2025-11-30;17;628
7;2025-11-30;18;648
7;2025-11-30;19;481
7;2025-11-30;20;398
7;2025-11-30;21;296
7;2025-11-30;22;148
7;2025-11-30;23;121
7;2025-12-01;0;59
7;2025-12-01;1;11
7;2025-12-01;2;0
7;2025-12-01;3;0
7;2025-12-01;4;1
7;2025-12-01;5;180
7;2025-12-01;6;577
7;2025-12-01;7;1569
7;2025-12-01;8;2472
7;2025-12-01;9;1768
7;2025-12-01;10;1612
7;2025-12-01;11;1497
7;2025-12-01;12;1579
7;2025-12-01;13;1579
7;2025-12-01;14;1618
7;2025-12-01;15;1755
7;2025-12-01;16;1820
7;2025-12-01;17;2378
7;2025-12-01;18;2503
7;2025-12-01;19;1690
7;2025-12-01;20;1049
7;2025-12-01;21;600
7;2025-12-01;22;292
7;2025-12-01;23;167
7;2025-12-02;0;57
7;2025-12-02;1;10
7;2025-12-02;2;0
7;2025-12-02;3;0
7;2025-12-02;4;2
7;2025-12-02;5;185
7;2025-12-02;6;600
7;2025-12-02;7;1618
7;2025-12-02;8;2403
7;2025-12-02;9;1856
7;2025-12-02;10;1675
7;2025-12-02;11;1567
7;2025-12-02;12;1676
7;2025-12-02;13;1588
7;2025-12-02;14;1541
7;2025-12-02;15;1767
7;2025-12-02;16;1827
7;2025-12-02;17;2346
7;2025-12-02;18;2533
7;2025-12-02;19;1716
7;2025-12-02;20;1117
7;2025-12-02;21;648
7;2025-12-02;22;318
7;2025-12-02;23;206
7;2025-12-03;0;60
7;2025-12-03;1;9
7;2025-12-03;2;0
7;2025-12-03;3;0
7;2025-12-03;4;2
7;2025-12-03;5;187
7;2025-12-03;6;602
7;2025-12-03;7;1542
7;2025-12-03;8;2429
7;2025-12-03;9;1846
7;2025-12-03;10;1703
7;2025-12-03;11;1539
7;2025-12-03;12;1729
7;2025-12-03;13;1564
7;2025-12-03;14;1616
7;2025-12-03;15;1779
7;2025-12-03;16;1870
7;2025-12-03;17;2407
7;2025-12-03;18;2523
7;2025-12-03;19;1611
7;2025-12-03;20;1051
7;2025-12-03;21;626
7;2025-12-03;22;295
7;2025-12-03;23;188
7;2025-12-04;0;60
7;2025-12-04;1;12
7;2025-12-04;2;0
7;2025-12-04;3;0
7;2025-12-04;4;1
7;2025-12-04;5;181
7;2025-12-04;6;602
7;2025-12-04;7;1555
7;2025-12-04;8;2463
7;2025-12-04;9;1801
7;2025-12-04;10;1594
7;2025-12-04;11;1521
7;2025-12-04;12;1658
7;2025-12-04;13;1532
7;2025-12-04;14;1691
7;2025-12-04;15;1749
7;2025-12-04;16;1849
7;2025-12-04;17;2284
7;2025-12-04;18;2557
7;2025-12-04;19;1603
7;2025-12-04;20;1046
7;2025-12-04;21;612
7;2025-12-04;22;301
7;2025-12-04;23;208
7;2025-12-05;0;69
7;2025-12-05;1;11
7;2025-12-05;2;0
7;2025-12-05;3;0
7;2025-12-05;4;1
7;2025-12-05;5;176
7;2025-12-05;6;591
7;2025-12-05;7;1507
7;2025-12-05;8;2320
7;2025-12-05;9;1725
7;2025-12-05;10;1679
7;2025-12-05;11;1520
7;2025-12-05;12;1630
7;2025-12-05;13;1643
7;2025-12-05;14;1654
7;2025-12-05;15;1800
7;2025-12-05;16;1938
7;2025-12-05;17;2315
7;2025-12-05;18;2150
7;2025-12-05;19;1430
7;2025-12-05;20;997
7;2025-12-05;21;591
7;2025-12-05;22;307
7;2025-12-05;23;222
7;2025-12-06;0;111
7;2025-12-06;1;22
7;2025-12-06;2;0
7;2025-12-06;3;0
7;2025-12-06;4;2
7;2025-12-06;5;48
7;2025-12-06;6;262
7;2025-12-06;7;337
7;2025-12-06;8;685
7;2025-12-06;9;566
7;2025-12-06;10;600
7;2025-12-06;11;695
7;2025-12-06;12;935
7;2025-12-06;13;867
7;2025-12-06;14;836
7;2025-12-06;15;835
7;2025-12-06;16;796
7;2025-12-06;17;807
7;2025-12-06;18;752
7;2025-12-06;19;634
7;2025-12-06;20;536
7;2025-12-06;21;371
7;2025-12-06;22;216
7;2025-12-06;23;171
7;2025-12-07;0;100
7;2025-12-07;1;21
7;2025-12-07;2;0
7;2025-12-07;3;0
7;2025-12-07;4;1
7;2025-12-07;5;27
7;2025-12-07;6;130
7;2025-12-07;7;192
7;2025-12-07;8;378
7;2025-12-07;9;486
7;2025-12-07;10;404
7;2025-12-07;11;556
7;2025-12-07;12;635
7;2025-12-07;13;622
7;2025-12-07;14;669
7;2025-12-07;15;688
7;2025-12-07;16;600
7;2025-12-07;17;628
7;2025-12-07;18;648
7;2025-12-07;19;481
7;2025-12-07;20;398
7;2025-12-07;21;296
7;2025-12-07;22;148
7;2025-12-07;23;121
7;2025-12-08;0;59
7;2025-12-08;1;11
7;2025-12-08;2;0
7;2025-12-08;3;0
7;2025-12-08;4;1
7;2025-12-08;5;180
7;2025-12-08;6;577
7;2025-12-08;7;1569
7;2025-12-08;8;2472
7;2025-12-08;9;1768
7;2025-12-08;10;1612
7;2025-12-08;11;1497
7;2025-12-08;12;1579
7;2025-12-08;13;1579
7;2025-12-08;14;1618
7;2025-12-08;15;1755
7;2025-12-08;16;1820
7;2025-12-08;17;2378
7;2025-12-08;18;2503
7;2025-12-08;19;1690
7;2025-12-08;20;1049
7;2025-12-08;21;600
7;2025-12-08;22;292
7;2025-12-08;23;167
7;2025-12-09;0;57
7;2025-12-09;1;10
7;2025-12-09;2;0
7;2025-12-09;3;0
7;2025-12-09;4;2
7;2025-12-09;5;185
7;2025-12-09;6;600
7;2025-12-09;7;1618
7;2025-12-09;8;2403
7;2025-12-09;9;1856
7;2025-12-09;10;1675
7;2025-12-09;11;1567
7;2025-12-09;12;1676
7;2025-12-09;13;1588
7;2025-12-09;14;1541
7;2025-12-09;15;1767
7;2025-12-09;16;1827
7;2025-12-09;17;2346
7;2025-12-09;18;2533
7;2025-12-09;19;1716
7;2025-12-09;20;1117
7;2025-12-09;21;648
7;2025-12-09;22;318
7;2025-12-09;23;206
7;2025-12-10;0;60
7;2025-12-10;1;9
7;2025-12-10;2;0
7;2025-12-10;3;0
7;2025-12-10;4;2
7;2025-12-10;5;187
7;2025-12-10;6;602
7;2025-12-10;7;1542
7;2025-12-10;8;2429
7;2025-12-10;9;1846
7;2025-12-10;10;1703
7;2025-12-10;11;1539
7;2025-12-10;12;1729
7;2025-12-10;13;1564
7;2025-12-10;14;1616
7;2025-12-10;15;1779
7;2025-12-10;16;1870
7;2025-12-10;17;2407
7;2025-12-10;18;2523
7;2025-12-10;19;1611
7;2025-12-10;20;1051
7;2025-12-10;21;626
7;2025-12-10;22;295
7;2025-12-10;23;188
7;2025-12-11;0;60
7;2025-12-11;1;12
7;2025-12-11;2;0
7;2025-12-11;3;0
7;2025-12-11;4;1
7;2025-12-11;5;181
7;2025-12-11;6;602
7;2025-12-11;7;1555
7;2025-12-11;8;2463
7;2025-12-11;9;1801
7;2025-12-11;10;1594
7;2025-12-11;11;1521
7;2025-12-11;12;1658
7;2025-12-11;13;1532
7;2025-12-11;14;1691
7;2025-12-11;15;1749
7;2025-12-11;16;1849
7;2025-12-11;17;2284
7;2025-12-11;18;2557
7;2025-12-11;19;1603
7;2025-12-11;20;1046
7;2025-12-11;21;612
7;2025-12-11;22;301
7;2025-12-11;23;208
7;2025-12-12;0;69
7;2025-12-12;1;11
7;2025-12-12;2;0
7;2025-12-12;3;0
7;2025-12-12;4;1
7;2025-12-12;5;176
7;2025-12-12;6;591
7;2025-12-12;7;1507
7;2025-12-12;8;2320
7;2025-12-12;9;1725
7;2025-12-12;10;1679
7;2025-12-12;11;1520
7;2025-12-12;12;1630
7;2025-12-12;13;1643
7;2025-12-12;14;1654
7;2025-12-12;15;1800
7;2025-12-12;16;1938
7;2025-12-12;17;2315
7;2025-12-12;18;2150
7;2025-12-12;19;1430
7;2025-12-12;20;997
7;2025-12-12;21;591
7;2025-12-12;22;307
7;2025-12-12;23;222
7;2025-12-13;0;111
7;2025-12-13;1;22
7;2025-12-13;2;0
7;2025-12-13;3;0
7;2025-12-13;4;2
7;2025-12-13;5;48
7;2025-12-13;6;262
7;2025-12-13;7;337
7;2025-12-13;8;685
7;2025-12-13;9;566
7;2025-12-13;10;600
7;2025-12-13;11;695
7;2025-12-13;12;935
7;2025-12-13;13;867
7;2025-12-13;14;836
7;2025-12-13;15;835
7;2025-12-13;16;796
7;2025-12-13;17;807
7;2025-12-13;18;752
7;2025-12-13;19;634
7;2025-12-13;20;536
7;2025-12-13;21;371
7;2025-12-13;22;216
7;2025-12-13;23;171
7;2025-12-14;0;100
7;2025-12-14;1;21
7;2025-12-14;2;0
7;2025-12-14;3;0
7;2025-12-14;4;1
7;2025-12-14;5;27
7;2025-12-14;6;130
7;2025-12-14;7;192
7;2025-12-14;8;378
7;2025-12-14;9;486
7;2025-12-14;10;404
7;2025-12-14;11;556
7;2025-12-14;12;635
7;2025-12-14;13;622
7;2025-12-14;14;669
7;2025-12-14;15;688
7;2025-12-14;16;600
7;2025-12-14;17;628
7;2025-12-14;18;648
7;2025-12-14;19;481
7;2025-12-14;20;398
7;2025-12-14;21;296
7;2025-12-14;22;148
7;2025-12-14;23;121
7;2025-12-15;0;59
7;2025-12-15;1;11
7;2025-12-15;2;0
7;2025-12-15;3;0
7;2025-12-15;4;1
7;2025-12-15;5;180
7;2025-12-15;6;577
7;2025-12-15;7;1569
7;2025-12-15;8;2472
7;2025-12-15;9;1768
7;2025-12-15;10;1612
7;2025-12-15;11;1497
7;2025-12-15;12;1579
7;2025-12-15;13;1579
7;2025-12-15;14;1618
7;2025-12-15;15;1755
7;2025-12-15;16;1820
7;2025-12-15;17;2378
7;2025-12-15;18;2503
7;2025-12-15;19;1690
7;2025-12-15;20;1049
7;2025-12-15;21;600
7;2025-12-15;22;292
7;2025-12-15;23;167
7;2025-12-16;0;57
7;2025-12-16;1;10
7;2025-12-16;2;0
7;2025-12-16;3;0
7;2025-12-16;4;2
7;2025-12-16;5;185
7;2025-12-16;6;600
7;2025-12-16;7;1618
7;2025-12-16;8;2403
7;2025-12-16;9;1856
7;2025-12-16;10;1675
7;2025-12-16;11;1567
7;2025-12-16;12;1676
7;2025-12-16;13;1588
7;2025-12-16;14;1541
7;2025-12-16;15;1767
7;2025-12-16;16;1827
7;2025-12-16;17;2346
7;2025-12-16;18;2533
7;2025-12-16;19;1716
7;2025-12-16;20;1117
7;2025-12-16;21;648
7;2025-12-16;22;318
7;2025-12-16;23;206
7;2025-12-17;0;60
7;2025-12-17;1;9
7;2025-12-17;2;0
7;2025-12-17;3;0
7;2025-12-17;4;2
7;2025-12-17;5;187
7;2025-12-17;6;602
7;2025-12-17;7;1542
7;2025-12-17;8;2429
7;2025-12-17;9;1846
7;2025-12-17;10;1703
7;2025-12-17;11;1539
7;2025-12-17;12;1729
7;2025-12-17;13;1564
7;2025-12-17;14;1616
7;2025-12-17;15;1779
7;2025-12-17;16;1870
7;2025-12-17;17;2407
7;2025-12-17;18;2523
7;2025-12-17;19;1611
7;2025-12-17;20;1051
7;2025-12-17;21;626
7;2025-12-17;22;295
7;2025-12-17;23;188
7;2025-12-18;0;60
7;2025-12-18;1;12
7;2025-12-18;2;0
7;2025-12-18;3;0
7;2025-12-18;4;1
7;2025-12-18;5;181
7;2025-12-18;6;602
7;2025-12-18;7;1555
7;2025-12-18;8;2463
7;2025-12-18;9;1801
7;2025-12-18;10;1594
7;2025-12-18;11;1521
7;2025-12-18;12;1658
7;2025-12-18;13;1532
7;2025-12-18;14;1691
7;2025-12-18;15;1749
7;2025-12-18;16;1849
7;2025-12-18;17;2284
7;2025-12-18;18;2557
7;2025-12-18;19;1603
7;2025-12-18;20;1046
7;2025-12-18;21;612
7;2025-12-18;22;301
7;2025-12-18;23;208
7;2025-12-19;0;69
7;2025-12-19;1;11
7;2025-12-19;2;0
7;2025-12-19;3;0
7;2025-12-19;4;1
7;2025-12-19;5;176
7;2025-12-19;6;591
7;2025-12-19;7;1507
7;2025-12-19;8;2320
7;2025-12-19;9;1725
7;2025-12-19;10;1679
7;2025-12-19;11;1520
7;2025-12-19;12;1630
7;2025-12-19;13;1643
7;2025-12-19;14;1654
7;2025-12-19;15;1800
7;2025-12-19;16;1938
7;2025-12-19;17;2315
7;2025-12-19;18;2150
7;2025-12-19;19;1430
7;2025-12-19;20;997
7;2025-12-19;21;591
7;2025-12-19;22;307
7;2025-12-19;23;222
7;2025-12-20;0;111
7;2025-12-20;1;22
7;2025-12-20;2;0
7;2025-12-20;3;0
7;2025-12-20;4;2
7;2025-12-20;5;48
7;2025-12-20;6;262
7;2025-12-20;7;337
7;2025-12-20;8;685
7;2025-12-20;9;566
7;2025-12-20;10;600
7;2025-12-20;11;695
7;2025-12-20;12;935
7;2025-12-20;13;867
7;2025-12-20;14;836
7;2025-12-20;15;835
7;2025-12-20;16;796
7;2025-12-20;17;807
7;2025-12-20;18;752
7;2025-12-20;19;634
7;2025-12-20;20;536
7;2025-12-20;21;371
7;2025-12-20;22;216
7;2025-12-20;23;171
7;2025-12-21;0;100
7;2025-12-21;1;21
7;2025-12-21;2;0
7;2025-12-21;3;0
7;2025-12-21;4;1
7;2025-12-21;5;27
7;2025-12-21;6;130
7;2025-12-21;7;192
7;2025-12-21;8;378
7;2025-12-21;9;486
7;2025-12-21;10;404
7;2025-12-21;11;556
7;2025-12-21;12;635
7;2025-12-21;13;622
7;2025-12-21;14;669
7;2025-12-21;15;688
7;2025-12-21;16;600
7;2025-12-21;17;628
7;2025-12-21;18;648
7;2025-12-21;19;481
7;2025-12-21;20;398
7;2025-12-21;21;296
7;2025-12-21;22;148
7;2025-12-21;23;121
7;2025-12-22;0;59
7;2025-12-22;1;11
7;2025-12-22;2;0
7;2025-12-22;3;0
7;2025-12-22;4;1
7;2025-12-22;5;180
7;2025-12-22;6;577
7;2025-12-22;7;1569
7;2025-12-22;8;2472
7;2025-12-22;9;1768
7;2025-12-22;10;1612
7;2025-12-22;11;1497
7;2025-12-22;12;1579
7;2025-12-22;13;1579
7;2025-12-22;14;1618
7;2025-12-22;15;1755
7;2025-12-22;16;1820
7;2025-12-22;17;2378
7;2025-12-22;18;2503
7;2025-12-22;19;1690
7;2025-12-22;20;1049
7;2025-12-22;21;600
7;2025-12-22;22;292
7;2025-12-22;23;167
7;2025-12-23;0;57
7;2025-12-23;1;10
7;2025-12-23;2;0
7;2025-12-23;3;0
7;2025-12-23;4;2
7;2025-12-23;5;185
7;2025-12-23;6;600
7;2025-12-23;7;1618
7;2025-12-23;8;2403
7;2025-12-23;9;1856
7;2025-12-23;10;1675
7;2025-12-23;11;1567
7;2025-12-23;12;1676
7;2025-12-23;13;1588
7;2025-12-23;14;1541
7;2025-12-23;15;1767
7;2025-12-23;16;1827
7;2025-12-23;17;2346
7;2025-12-23;18;2533
7;2025-12-23;19;1716
7;2025-12-23;20;1117
7;2025-12-23;21;648
7;2025-12-23;22;318
7;2025-12-23;23;206
7;2025-12-24;0;60
7;2025-12-24;1;9
7;2025-12-24;2;0
7;2025-12-24;3;0
7;2025-12-24;4;2
7;2025-12-24;5;187
7;2025-12-24;6;602
7;2025-12-24;7;1542
7;2025-12-24;8;2429
7;2025-12-24;9;1846
7;2025-12-24;10;1703
7;2025-12-24;11;1539
7;2025-12-24;12;1729
7;2025-12-24;13;1564
7;2025-12-24;14;1616
7;2025-12-24;15;1779
7;2025-12-24;16;1870
7;2025-12-24;17;2407
7;2025-12-24;18;2523
7;2025-12-24;19;1611
7;2025-12-24;20;1051
7;2025-12-24;21;626
7;2025-12-24;22;295
7;2025-12-24;23;188
7;2025-12-25;0;60
7;2025-12-25;1;12
7;2025-12-25;2;0
7;2025-12-25;3;0
7;2025-12-25;4;1
7;2025-12-25;5;181
7;2025-12-25;6;602
7;2025-12-25;7;1555
7;2025-12-25;8;2463
7;2025-12-25;9;1801
7;2025-12-25;10;1594
7;2025-12-25;11;1521
7;2025-12-25;12;1658
7;2025-12-25;13;1532
7;2025-12-25;14;1691
7;2025-12-25;15;1749
7;2025-12-25;16;1849
7;2025-12-25;17;2284
7;2025-12-25;18;2557
7;2025-12-25;19;1603
7;2025-12-25;20;1046
7;2025-12-25;21;612
7;2025-12-25;22;301
7;2025-12-25;23;208
7;2025-12-26;0;69
7;2025-12-26;1;11
7;2025-12-26;2;0
7;2025-12-26;3;0
7;2025-12-26;4;1
7;2025-12-26;5;176
7;2025-12-26;6;591
7;2025-12-26;7;1507
7;2025-12-26;8;2320
7;2025-12-26;9;1725
7;2025-12-26;10;1679
7;2025-12-26;11;1520
7;2025-12-26;12;1630
7;2025-12-26;13;1643
7;2025-12-26;14;1654
7;2025-12-26;15;1800
7;2025-12-26;16;1938
7;2025-12-26;17;2315
7;2025-12-26;18;2150
7;2025-12-26;19;1430
7;2025-12-26;20;997
7;2025-12-26;21;591
7;2025-12-26;22;307
7;2025-12-26;23;222
7;2025-12-27;0;111
7;2025-12-27;1;22
7;2025-12-27;2;0
7;2025-12-27;3;0
7;2025-12-27;4;2
7;2025-12-27;5;48
7;2025-12-27;6;262
7;2025-12-27;7;337
7;2025-12-27;8;685
7;2025-12-27;9;566
7;2025-12-27;10;600
7;2025-12-27;11;695
7;2025-12-27;12;935
7;2025-12-27;13;867
7;2025-12-27;14;836
7;2025-12-27;15;835
7;2025-12-27;16;796
7;2025-12-27;17;807
7;2025-12-27;18;752
7;2025-12-27;19;634
7;2025-12-27;20;536
7;2025-12-27;21;371
7;2025-12-27;22;216
7;2025-12-27;23;171
7;2025-12-28;0;100
7;2025-12-28;1;21
7;2025-12-28;2;0
7;2025-12-28;3;0
7;2025-12-28;4;1
7;2025-12-28;5;27
7;2025-12-28;6;130
7;2025-12-28;7;192
7;2025-12-28;8;378
7;2025-12-28;9;486
7;2025-12-28;10;404
7;2025-12-28;11;556
7;2025-12-28;12;635
7;2025-12-28;13;622
7;2025-12-28;14;669
7;2025-12-28;15;688
7;2025-12-28;16;600
7;2025-12-28;17;628
7;2025-12-28;18;648
7;2025-12-28;19;481
7;2025-12-28;20;398
7;2025-12-28;21;296
7;2025-12-28;22;148
7;2025-12-28;23;121
7;2025-12-29;0;59
7;2025-12-29;1;11
7;2025-12-29;2;0
7;2025-12-29;3;0
7;2025-12-29;4;1
7;2025-12-29;5;180
7;2025-12-29;6;577
7;2025-12-29;7;1569
7;2025-12-29;8;2472
7;2025-12-29;9;1768
7;2025-12-29;10;1612
7;2025-12-29;11;1497
7;2025-12-29;12;1579
7;2025-12-29;13;1579
7;2025-12-29;14;1618
7;2025-12-29;15;1755
7;2025-12-29;16;1820
7;2025-12-29;17;2378
7;2025-12-29;18;2503
7;2025-12-29;19;1690
7;2025-12-29;20;1049
7;2025-12-29;21;600
7;2025-12-29;22;292
7;2025-12-29;23;167
7;2025-12-30;0;57
7;2025-12-30;1;10
7;2025-12-30;2;0
7;2025-12-30;3;0
7;2025-12-30;4;2
7;2025-12-30;5;185
7;2025-12-30;6;600
7;2025-12-30;7;1618
7;2025-12-30;8;2403
7;2025-12-30;9;1856
7;2025-12-30;10;1675
7;2025-12-30;11;1567
7;2025-12-30;12;1676
7;2025-12-30;13;1588
7;2025-12-30;14;1541
7;2025-12-30;15;1767
7;2025-12-30;16;1827
7;2025-12-30;17;2346
7;2025-12-30;18;2533
7;2025-12-30;19;1716
7;2025-12-30;20;1117
7;2025-12-30;21;648
7;2025-12-30;22;318
7;2025-12-30;23;206
7;2025-12-31;0;100
7;2025-12-31;1;21
7;2025-12-31;2;0
7;2025-12-31;3;0
7;2025-12-31;4;1
7;2025-12-31;5;27
7;2025-12-31;6;130
7;2025-12-31;7;192
7;2025-12-31;8;378
7;2025-12-31;9;486
7;2025-12-31;10;404
7;2025-12-31;11;556
7;2025-12-31;12;635
7;2025-12-31;13;622
7;2025-12-31;14;669
7;2025-12-31;15;688
7;2025-12-31;16;600
7;2025-12-31;17;628
7;2025-12-31;18;648
7;2025-12-31;19;481
7;2025-12-31;20;398
7;2025-12-31;21;296
7;2025-12-31;22;148
7;2025-12-31;23;121
11;2025-11-01;0;67
11;2025-11-01;1;2
11;2025-11-01;2;0
11;2025-11-01;3;0
11;2025-11-01;4;0
11;2025-11-01;5;253
11;2025-11-01;6;1305
11;2025-11-01;7;2418
11;2025-11-01;8;3203
11;2025-11-01;9;2300
11;2025-11-01;10;1903
11;2025-11-01;11;1799
11;2025-11-01;12;1913
11;2025-11-01;13;1907
11;2025-11-01;14;2024
11;2025-11-01;15;1989
11;2025-11-01;16;2265
11;2025-11-01;17;2788
11;2025-11-01;18;2575
11;2025-11-01;19;2023
11;2025-11-01;20;1360
11;2025-11-01;21;831
11;2025-11-01;22;384
11;2025-11-01;23;297
11;2025-11-02;0;113
11;2025-11-02;1;17
11;2025-11-02;2;0
11;2025-11-02;3;0
11;2025-11-02;4;0
11;2025-11-02;5;102
11;2025-11-02;6;508
11;2025-11-02;7;490
11;2025-11-02;8;696
11;2025-11-02;9;935
11;2025-11-02;10;1030
11;2025-11-02;11;1495
11;2025-11-02;12;1604
11;2025-11-02;13;1541
11;2025-11-02;14;1640
11;2025-11-02;15;1586
11;2025-11-02;16;1555
11;2025-11-02;17;1717
11;2025-11-02;18;1246
11;2025-11-02;19;1051
11;2025-11-02;20;787
11;2025-11-02;21;605
11;2025-11-02;22;359
11;2025-11-02;23;245
11;2025-11-03;0;113
11;2025-11-03;1;17
11;2025-11-03;2;0
11;2025-11-03;3;0
11;2025-11-03;4;0
11;2025-11-03;5;102
11;2025-11-03;6;508
11;2025-11-03;7;490
11;2025-11-03;8;696
11;2025-11-03;9;935
11;2025-11-03;10;1030
11;2025-11-03;11;1495
11;2025-11-03;12;1604
11;2025-11-03;13;1541
11;2025-11-03;14;1640
11;2025-11-03;15;1586
11;2025-11-03;16;1555
11;2025-11-03;17;1717
11;2025-11-03;18;1246
11;2025-11-03;19;1051
11;2025-11-03;20;787
11;2025-11-03;21;605
11;2025-11-03;22;359
11;2025-11-03;23;245
11;2025-11-04;0;113
11;2025-11-04;1;17
11;2025-11-04;2;0
11;2025-11-04;3;0
11;2025-11-04;4;0
11;2025-11-04;5;102
11;2025-11-04;6;508
11;2025-11-04;7;490
11;2025-11-04;8;696
11;2025-11-04;9;935
11;2025-11-04;10;1030
11;2025-11-04;11;1495
11;2025-11-04;12;1604
11;2025-11-04;13;1541
11;2025-11-04;14;1640
11;2025-11-04;15;1586
11;2025-11-04;16;1555
11;2025-11-04;17;1717
11;2025-11-04;18;1246
11;2025-11-04;19;1051
11;2025-11-04;20;787
11;2025-11-04;21;605
11;2025-11-04;22;359
11;2025-11-04;23;245
11;2025-11-05;0;64
11;2025-11-05;1;1
11;2025-11-05;2;0
11;2025-11-05;3;0
11;2025-11-05;4;0
11;2025-11-05;5;252
11;2025-11-05;6;1264
11;2025-11-05;7;2453
11;2025-11-05;8;3157
11;2025-11-05;9;2353
11;2025-11-05;10;1916
11;2025-11-05;11;1914
11;2025-11-05;12;1931
11;2025-11-05;13;2053
11;2025-11-05;14;1996
11;2025-11-05;15;1883
11;2025-11-05;16;2053
11;2025-11-05;17;2659
11;2025-11-05;18;2998
11;2025-11-05;19;2216
11;2025-11-05;20;1397
11;2025-11-05;21;792
11;2025-11-05;22;385
11;2025-11-05;23;246
11;2025-11-06;0;59
11;2025-11-06;1;1
11;2025-11-06;2;0
11;2025-11-06;3;0
11;2025-11-06;4;0
11;2025-11-06;5;243
11;2025-11-06;6;1326
11;2025-11-06;7;2432
11;2025-11-06;8;3156
11;2025-11-06;9;2387
11;2025-11-06;10;2077
11;2025-11-06;11;1865
11;2025-11-06;12;2054
11;2025-11-06;13;2068
11;2025-11-06;14;2080
11;2025-11-06;15;1903
11;2025-11-06;16;2249
11;2025-11-06;17;2755
11;2025-11-06;18;3126
11;2025-11-06;19;2257
11;2025-11-06;20;1448
11;2025-11-06;21;868
11;2025-11-06;22;400
11;2025-11-06;23;254
11;2025-11-07;0;67
11;2025-11-07;1;2
11;2025-11-07;2;0
11;2025-11-07;3;0
11;2025-11-07;4;0
11;2025-11-07;5;253
11;2025-11-07;6;1305
11;2025-11-07;7;2418
11;2025-11-07;8;3203
11;2025-11-07;9;2300
11;2025-11-07;10;1903
11;2025-11-07;11;1799
11;2025-11-07;12;1913
11;2025-11-07;13;1907
11;2025-11-07;14;2024
11;2025-11-07;15;1989
11;2025-11-07;16;2265
11;2025-11-07;17;2788
11;2025-11-07;18;2575
11;2025-11-07;19;2023
11;2025-11-07;20;1360
11;2025-11-07;21;831
11;2025-11-07;22;384
11;2025-11-07;23;297
11;2025-11-08;0;103
11;2025-11-08;1;2
11;2025-11-08;2;0
11;2025-11-08;3;0
11;2025-11-08;4;0
11;2025-11-08;5;177
11;2025-11-08;6;847
11;2025-11-08;7;785
11;2025-11-08;8;1087
11;2025-11-08;9;1193
11;2025-11-08;10;1384
11;2025-11-08;11;1687
11;2025-11-08;12;1932
11;2025-11-08;13;1810
11;2025-11-08;14;1985
11;2025-11-08;15;1847
11;2025-11-08;16;1754
11;2025-11-08;17;1854
11;2025-11-08;18;1505
11;2025-11-08;19;1512
11;2025-11-08;20;995
11;2025-11-08;21;733
11;2025-11-08;22;420
11;2025-11-08;23;284
11;2025-11-09;0;113
11;2025-11-09;1;17
11;2025-11-09;2;0
11;2025-11-09;3;0
11;2025-11-09;4;0
11;2025-11-09;5;102
11;2025-11-09;6;508
11;2025-11-09;7;490
11;2025-11-09;8;696
11;2025-11-09;9;935
11;2025-11-09;10;1030
11;2025-11-09;11;1495
11;2025-11-09;12;1604
11;2025-11-09;13;1541
11;2025-11-09;14;1640
11;2025-11-09;15;1586
11;2025-11-09;16;1555
11;2025-11-09;17;1717
11;2025-11-09;18;1246
11;2025-11-09;19;1051
11;2025-11-09;20;787
11;2025-11-09;21;605
11;2025-11-09;22;359
11;2025-11-09;23;245
11;2025-11-10;0;68
11;2025-11-10;1;8
11;2025-11-10;2;0
11;2025-11-10;3;0
11;2025-11-10;4;1
11;2025-11-10;5;244
11;2025-11-10;6;1334
11;2025-11-10;7;2405
11;2025-11-10;8;3140
11;2025-11-10;9;2346
11;2025-11-10;10;1895
11;2025-11-10;11;1881
11;2025-11-10;12;1846
11;2025-11-10;13;1903
11;2025-11-10;14;1955
11;2025-11-10;15;2011
11;2025-11-10;16;2195
11;2025-11-10;17;2737
11;2025-11-10;18;2938
11;2025-11-10;19;2230
11;2025-11-10;20;1296
11;2025-11-10;21;797
11;2025-11-10;22;354
11;2025-11-10;23;226
11;2025-11-11;0;53
11;2025-11-11;1;1
11;2025-11-11;2;0
11;2025-11-11;3;0
11;2025-11-11;4;0
11;2025-11-11;5;237
11;2025-11-11;6;1310
11;2025-11-11;7;2435
11;2025-11-11;8;3261
11;2025-11-11;9;2410
11;2025-11-11;10;1950
11;2025-11-11;11;1828
11;2025-11-11;12;1898
11;2025-11-11;13;2015
11;2025-11-11;14;1959
11;2025-11-11;15;1911
11;2025-11-11;16;2159
11;2025-11-11;17;2780
11;2025-11-11;18;2954
11;2025-11-11;19;2255
11;2025-11-11;20;1474
11;2025-11-11;21;800
11;2025-11-11;22;379
11;2025-11-11;23;235
11;2025-11-12;0;64
11;2025-11-12;1;1
11;2025-11-12;2;0
11;2025-11-12;3;0
11;2025-11-12;4;0
11;2025-11-12;5;252
11;2025-11-12;6;1264
11;2025-11-12;7;2453
11;2025-11-12;8;3157
11;2025-11-12;9;2353
11;2025-11-12;10;1916
11;2025-11-12;11;1914
11;2025-11-12;12;1931
11;2025-11-12;13;2053
11;2025-11-12;14;1996
11;2025-11-12;15;1883
11;2025-11-12;16;2053
11;2025-11-12;17;2659
11;2025-11-12;18;2998
11;2025-11-12;19;2216
11;2025-11-12;20;1397
11;2025-11-12;21;792
11;2025-11-12;22;385
11;2025-11-12;23;246
11;2025-11-13;0;59
11;2025-11-13;1;1
11;2025-11-13;2;0
11;2025-11-13;3;0
11;2025-11-13;4;0
11;2025-11-13;5;243
11;2025-11-13;6;1326
11;2025-11-13;7;2432
11;2025-11-13;8;3156
11;2025-11-13;9;2387
11;2025-11-13;10;2077
11;2025-11-13;11;1865
11;2025-11-13;12;2054
11;2025-11-13;13;2068
11;2025-11-13;14;2080
11;2025-11-13;15;1903
11;2025-11-13;16;2249
11;2025-11-13;17;2755
11;2025-11-13;18;3126
11;2025-11-13;19;2257
11;2025-11-13;20;1448
11;2025-11-13;21;868
11;2025-11-13;22;400
11;2025-11-13;23;254
11;2025-11-14;0;67
11;2025-11-14;1;2
11;2025-11-14;2;0
11;2025-11-14;3;0
11;2025-11-14;4;0
11;2025-11-14;5;253
11;2025-11-14;6;1305
11;2025-11-14;7;2418
11;2025-11-14;8;3203
11;2025-11-14;9;2300
11;2025-11-14;10;1903
11;2025-11-14;11;1799
11;2025-11-14;12;1913
11;2025-11-14;13;1907
11;2025-11-14;14;2024
11;2025-11-14;15;1989
11;2025-11-14;16;2265
11;2025-11-14;17;2788
11;2025-11-14;18;2575
11;2025-11-14;19;2023
11;2025-11-14;20;1360
11;2025-11-14;21;831
11;2025-11-14;22;384
11;2025-11-14;23;297
11;2025-11-15;0;103
11;2025-11-15;1;2
11;2025-11-15;2;0
11;2025-11-15;3;0
11;2025-11-15;4;0
11;2025-11-15;5;177
11;2025-11-15;6;847
11;2025-11-15;7;785
11;2025-11-15;8;1087
11;2025-11-15;9;1193
11;2025-11-15;10;1384
11;2025-11-15;11;1687
11;2025-11-15;12;1932
11;2025-11-15;13;1810
11;2025-11-15;14;1985
11;2025-11-15;15;1847
11;2025-11-15;16;1754
11;2025-11-15;17;1854
11;2025-11-15;18;1505
11;2025-11-15;19;1512
11;2025-11-15;20;995
11;2025-11-15;21;733
11;2025-11-15;22;420
11;2025-11-15;23;284
11;2025-11-16;0;113
11;2025-11-16;1;17
11;2025-11-16;2;0
11;2025-11-16;3;0
11;2025-11-16;4;0
11;2025-11-16;5;102
11;2025-11-16;6;508
11;2025-11-16;7;490
11;2025-11-16;8;696
11;2025-11-16;9;935
11;2025-11-16;10;1030
11;2025-11-16;11;1495
11;2025-11-16;12;1604
11;2025-11-16;13;1541
11;2025-11-16;14;1640
11;2025-11-16;15;1586
11;2025-11-16;16;1555
11;2025-11-16;17;1717
11;2025-11-16;18;1246
11;2025-11-16;19;1051
11;2025-11-16;20;787
11;2025-11-16;21;605
11;2025-11-16;22;359
11;2025-11-16;23;245
11;2025-11-17;0;68
11;2025-11-17;1;8
11;2025-11-17;2;0
11;2025-11-17;3;0
11;2025-11-17;4;1
11;2025-11-17;5;244
11;2025-11-17;6;1334
11;2025-11-17;7;2405
11;2025-11-17;8;3140
11;2025-11-17;9;2346
11;2025-11-17;10;1895
11;2025-11-17;11;1881
11;2025-11-17;12;1846
11;2025-11-17;13;1903
11;2025-11-17;14;1955
11;2025-11-17;15;2011
11;2025-11-17;16;2195
11;2025-11-17;17;2737
11;2025-11-17;18;2938
11;2025-11-17;19;2230
11;2025-11-17;20;1296
11;2025-11-17;21;797
11;2025-11-17;22;354
11;2025-11-17;23;226
11;2025-11-18;0;53
11;2025-11-18;1;1
11;2025-11-18;2;0
11;2025-11-18;3;0
11;2025-11-18;4;0
11;2025-11-18;5;237
11;2025-11-18;6;1310
11;2025-11-18;7;2435
11;2025-11-18;8;3261
11;2025-11-18;9;2410
11;2025-11-18;10;1950
11;2025-11-18;11;1828
11;2025-11-18;12;1898
11;2025-11-18;13;2015
11;2025-11-18;14;1959
11;2025-11-18;15;1911
11;2025-11-18;16;2159
11;2025-11-18;17;2780
11;2025-11-18;18;2954
11;2025-11-18;19;2255
11;2025-11-18;20;1474
11;2025-11-18;21;800
11;2025-11-18;22;379
11;2025-11-18;23;235
11;2025-11-19;0;64
11;2025-11-19;1;1
11;2025-11-19;2;0
11;2025-11-19;3;0
11;2025-11-19;4;0
11;2025-11-19;5;252
11;2025-11-19;6;1264
11;2025-11-19;7;2453
11;2025-11-19;8;3157
11;2025-11-19;9;2353
11;2025-11-19;10;1916
11;2025-11-19;11;1914
11;2025-11-19;12;1931
11;2025-11-19;13;2053
11;2025-11-19;14;1996
11;2025-11-19;15;1883
11;2025-11-19;16;2053
11;2025-11-19;17;2659
11;2025-11-19;18;2998
11;2025-11-19;19;2216
11;2025-11-19;20;1397
11;2025-11-19;21;792
11;2025-11-19;22;385
11;2025-11-19;23;246
11;2025-11-20;0;59
11;2025-11-20;1;1
11;2025-11-20;2;0
11;2025-11-20;3;0
11;2025-11-20;4;0
11;2025-11-20;5;243
11;2025-11-20;6;1326
11;2025-11-20;7;2432
11;2025-11-20;8;3156
11;2025-11-20;9;2387
11;2025-11-20;10;2077
11;2025-11-20;11;1865
11;2025-11-20;12;2054
11;2025-11-20;13;2068
11;2025-11-20;14;2080
11;2025-11-20;15;1903
11;2025-11-20;16;2249
11;2025-11-20;17;2755
11;2025-11-20;18;3126
11;2025-11-20;19;2257
11;2025-11-20;20;1448
11;2025-11-20;21;868
11;2025-11-20;22;400
11;2025-11-20;23;254
11;2025-11-21;0;67
11;2025-11-21;1;2
11;2025-11-21;2;0
11;2025-11-21;3;0
11;2025-11-21;4;0
11;2025-11-21;5;253
11;2025-11-21;6;1305
11;2025-11-21;7;2418
11;2025-11-21;8;3203
11;2025-11-21;9;2300
11;2025-11-21;10;1903
11;2025-11-21;11;1799
11;2025-11-21;12;1913
11;2025-11-21;13;1907
11;2025-11-21;14;2024
11;2025-11-21;15;1989
11;2025-11-21;16;2265
11;2025-11-21;17;2788
11;2025-11-21;18;2575
11;2025-11-21;19;2023
11;2025-11-21;20;1360
11;2025-11-21;21;831
11;2025-11-21;22;384
11;2025-11-21;23;297
11;2025-11-22;0;103
11;2025-11-22;1;2
11;2025-11-22;2;0
11;2025-11-22;3;0
11;2025-11-22;4;0
11;2025-11-22;5;177
11;2025-11-22;6;847
11;2025-11-22;7;785
11;2025-11-22;8;1087
11;2025-11-22;9;1193
11;2025-11-22;10;1384
11;2025-11-22;11;1687
11;2025-11-22;12;1932
11;2025-11-22;13;1810
11;2025-11-22;14;1985
11;2025-11-22;15;1847
11;2025-11-22;16;1754
11;2025-11-22;17;1854
11;2025-11-22;18;1505
11;2025-11-22;19;1512
11;2025-11-22;20;995
11;2025-11-22;21;733
11;2025-11-22;22;420
11;2025-11-22;23;284
11;2025-11-23;0;113
11;2025-11-23;1;17
11;2025-11-23;2;0
11;2025-11-23;3;0
11;2025-11-23;4;0
11;2025-11-23;5;102
11;2025-11-23;6;508
11;2025-11-23;7;490
11;2025-11-23;8;696
11;2025-11-23;9;935
11;2025-11-23;10;1030
11;2025-11-23;11;1495
11;2025-11-23;12;1604
11;2025-11-23;13;1541
11;2025-11-23;14;1640
11;2025-11-23;15;1586
11;2025-11-23;16;1555
11;2025-11-23;17;1717
11;2025-11-23;18;1246
11;2025-11-23;19;1051
11;2025-11-23;20;787
11;2025-11-23;21;605
11;2025-11-23;22;359
11;2025-11-23;23;245
11;2025-11-24;0;68
11;2025-11-24;1;8
11;2025-11-24;2;0
11;2025-11-24;3;0
11;2025-11-24;4;1
11;2025-11-24;5;244
11;2025-11-24;6;1334
11;2025-11-24;7;2405
11;2025-11-24;8;3140
11;2025-11-24;9;2346
11;2025-11-24;10;1895
11;2025-11-24;11;1881
11;2025-11-24;12;1846
11;2025-11-24;13;1903
11;2025-11-24;14;1955
11;2025-11-24;15;2011
11;2025-11-24;16;2195
11;2025-11-24;17;2737
11;2025-11-24;18;2938
11;2025-11-24;19;2230
11;2025-11-24;20;1296
11;2025-11-24;21;797
11;2025-11-24;22;354
11;2025-11-24;23;226
11;2025-11-25;0;53
11;2025-11-25;1;1
11;2025-11-25;2;0
11;2025-11-25;3;0
11;2025-11-25;4;0
11;2025-11-25;5;237
11;2025-11-25;6;1310
11;2025-11-25;7;2435
11;2025-11-25;8;3261
11;2025-11-25;9;2410
11;2025-11-25;10;1950
11;2025-11-25;11;1828
11;2025-11-25;12;1898
11;2025-11-25;13;2015
11;2025-11-25;14;1959
11;2025-11-25;15;1911
11;2025-11-25;16;2159
11;2025-11-25;17;2780
11;2025-11-25;18;2954
11;2025-11-25;19;2255
11;2025-11-25;20;1474
11;2025-11-25;21;800
11;2025-11-25;22;379
11;2025-11-25;23;235
11;2025-11-26;0;64
11;2025-11-26;1;1
11;2025-11-26;2;0
11;2025-11-26;3;0
11;2025-11-26;4;0
11;2025-11-26;5;252
11;2025-11-26;6;1264
11;2025-11-26;7;2453
11;2025-11-26;8;3157
11;2025-11-26;9;2353
11;2025-11-26;10;1916
11;2025-11-26;11;1914
11;2025-11-26;12;1931
11;2025-11-26;13;2053
11;2025-11-26;14;1996
11;2025-11-26;15;1883
11;2025-11-26;16;2053
11;2025-11-26;17;2659
11;2025-11-26;18;2998
11;2025-11-26;19;2216
11;2025-11-26;20;1397
11;2025-11-26;21;792
11;2025-11-26;22;385
11;2025-11-26;23;246
11;2025-11-27;0;59
11;2025-11-27;1;1
11;2025-11-27;2;0
11;2025-11-27;3;0
11;2025-11-27;4;0
11;2025-11-27;5;243
11;2025-11-27;6;1326
11;2025-11-27;7;2432
11;2025-11-27;8;3156
11;2025-11-27;9;2387
11;2025-11-27;10;2077
11;2025-11-27;11;1865
11;2025-11-27;12;2054
11;2025-11-27;13;2068
11;2025-11-27;14;2080
11;2025-11-27;15;1903
11;2025-11-27;16;2249
11;2025-11-27;17;2755
11;2025-11-27;18;3126
11;2025-11-27;19;2257
11;2025-11-27;20;1448
11;2025-11-27;21;868
11;2025-11-27;22;400
11;2025-11-27;23;254
11;2025-11-28;0;67
11;2025-11-28;1;2
11;2025-11-28;2;0
11;2025-11-28;3;0
11;2025-11-28;4;0
11;2025-11-28;5;253
11;2025-11-28;6;1305
11;2025-11-28;7;2418
11;2025-11-28;8;3203
11;2025-11-28;9;2300
11;2025-11-28;10;1903
11;2025-11-28;11;1799
11;2025-11-28;12;1913
11;2025-11-28;13;1907
11;2025-11-28;14;2024
11;2025-11-28;15;1989
11;2025-11-28;16;2265
11;2025-11-28;17;2788
11;2025-11-28;18;2575
11;2025-11-28;19;2023
11;2025-11-28;20;1360
11;2025-11-28;21;831
11;2025-11-28;22;384
11;2025-11-28;23;297
11;2025-11-29;0;103
11;2025-11-29;1;2
11;2025-11-29;2;0
11;2025-11-29;3;0
11;2025-11-29;4;0
11;2025-11-29;5;177
11;2025-11-29;6;847
11;2025-11-29;7;785
11;2025-11-29;8;1087
11;2025-11-29;9;1193
11;2025-11-29;10;1384
11;2025-11-29;11;1687
11;2025-11-29;12;1932
11;2025-11-29;13;1810
11;2025-11-29;14;1985
11;2025-11-29;15;1847
11;2025-11-29;16;1754
11;2025-11-29;17;1854
11;2025-11-29;18;1505
11;2025-11-29;19;1512
11;2025-11-29;20;995
11;2025-11-29;21;733
11;2025-11-29;22;420
11;2025-11-29;23;284
11;2025-11-30;0;113
11;2025-11-30;1;17
11;2025-11-30;2;0
11;2025-11-30;3;0
11;2025-11-30;4;0
11;2025-11-30;5;102
11;2025-11-30;6;508
11;2025-11-30;7;490
11;2025-11-30;8;696
11;2025-11-30;9;935
11;2025-11-30;10;1030
11;2025-11-30;11;1495
11;2025-11-30;12;1604
11;2025-11-30;13;1541
11;2025-11-30;14;1640
11;2025-11-30;15;1586
11;2025-11-30;16;1555
11;2025-11-30;17;1717
11;2025-11-30;18;1246
11;2025-11-30;19;1051
11;2025-11-30;20;787
11;2025-11-30;21;605
11;2025-11-30;22;359
11;2025-11-30;23;245
11;2025-12-01;0;68
11;2025-12-01;1;8
11;2025-12-01;2;0
11;2025-12-01;3;0
11;2025-12-01;4;1
11;2025-12-01;5;244
11;2025-12-01;6;1334
11;2025-12-01;7;2405
11;2025-12-01;8;3140
11;2025-12-01;9;2346
11;2025-12-01;10;1895
11;2025-12-01;11;1881
11;2025-12-01;12;1846
11;2025-12-01;13;1903
11;2025-12-01;14;1955
11;2025-12-01;15;2011
11;2025-12-01;16;2195
11;2025-12-01;17;2737
11;2025-12-01;18;2938
11;2025-12-01;19;2230
11;2025-12-01;20;1296
11;2025-12-01;21;797
11;2025-12-01;22;354
11;2025-12-01;23;226
11;2025-12-02;0;53
11;2025-12-02;1;1
11;2025-12-02;2;0
11;2025-12-02;3;0
11;2025-12-02;4;0
11;2025-12-02;5;237
11;2025-12-02;6;1310
11;2025-12-02;7;2435
11;2025-12-02;8;3261
11;2025-12-02;9;2410
11;2025-12-02;10;1950
11;2025-12-02;11;1828
11;2025-12-02;12;1898
11;2025-12-02;13;2015
11;2025-12-02;14;1959
11;2025-12-02;15;1911
11;2025-12-02;16;2159
11;2025-12-02;17;2780
11;2025-12-02;18;2954
11;2025-12-02;19;2255
11;2025-12-02;20;1474
11;2025-12-02;21;800
11;2025-12-02;22;379
11;2025-12-02;23;235
11;2025-12-03;0;64
11;2025-12-03;1;1
11;2025-12-03;2;0
11;2025-12-03;3;0
11;2025-12-03;4;0
11;2025-12-03;5;252
11;2025-12-03;6;1264
11;2025-12-03;7;2453
11;2025-12-03;8;3157
11;2025-12-03;9;2353
11;2025-12-03;10;1916
11;2025-12-03;11;1914
11;2025-12-03;12;1931
11;2025-12-03;13;2053
11;2025-12-03;14;1996
11;2025-12-03;15;1883
11;2025-12-03;16;2053
11;2025-12-03;17;2659
11;2025-12-03;18;2998
11;2025-12-03;19;2216
11;2025-12-03;20;1397
11;2025-12-03;21;792
11;2025-12-03;22;385
11;2025-12-03;23;246
11;2025-12-04;0;59
11;2025-12-04;1;1
11;2025-12-04;2;0
11;2025-12-04;3;0
11;2025-12-04;4;0
11;2025-12-04;5;243
11;2025-12-04;6;1326
11;2025-12-04;7;2432
11;2025-12-04;8;3156
11;2025-12-04;9;2387
11;2025-12-04;10;2077
11;2025-12-04;11;1865
11;2025-12-04;12;2054
11;2025-12-04;13;2068
11;2025-12-04;14;2080
11;2025-12-04;15;1903
11;2025-12-04;16;2249
11;2025-12-04;17;2755
11;2025-12-04;18;3126
11;2025-12-04;19;2257
11;2025-12-04;20;1448
11;2025-12-04;21;868
11;2025-12-04;22;400
11;2025-12-04;23;254
11;2025-12-05;0;67
11;2025-12-05;1;2
11;2025-12-05;2;0
11;2025-12-05;3;0
11;2025-12-05;4;0
11;2025-12-05;5;253
11;2025-12-05;6;1305
11;2025-12-05;7;2418
11;2025-12-05;8;3203
11;2025-12-05;9;2300
11;2025-12-05;10;1903
11;2025-12-05;11;1799
11;2025-12-05;12;1913
11;2025-12-05;13;1907
11;2025-12-05;14;2024
11;2025-12-05;15;1989
11;2025-12-05;16;2265
11;2025-12-05;17;2788
11;2025-12-05;18;2575
11;2025-12-05;19;2023
11;2025-12-05;20;1360
11;2025-12-05;21;831
11;2025-12-05;22;384
11;2025-12-05;23;297
11;2025-12-06;0;103
11;2025-12-06;1;2
11;2025-12-06;2;0
11;2025-12-06;3;0
11;2025-12-06;4;0
11;2025-12-06;5;177
11;2025-12-06;6;847
11;2025-12-06;7;785
11;2025-12-06;8;1087
11;2025-12-06;9;1193
11;2025-12-06;10;1384
11;2025-12-06;11;1687
11;2025-12-06;12;1932
11;2025-12-06;13;1810
11;2025-12-06;14;1985
11;2025-12-06;15;1847
11;2025-12-06;16;1754
11;2025-12-06;17;1854
11;2025-12-06;18;1505
11;2025-12-06;19;1512
11;2025-12-06;20;995
11;2025-12-06;21;733
11;2025-12-06;22;420
11;2025-12-06;23;284
11;2025-12-07;0;113
11;2025-12-07;1;17
11;2025-12-07;2;0
11;2025-12-07;3;0
11;2025-12-07;4;0
11;2025-12-07;5;102
11;2025-12-07;6;508
11;2025-12-07;7;490
11;2025-12-07;8;696
11;2025-12-07;9;935
11;2025-12-07;10;1030
11;2025-12-07;11;1495
11;2025-12-07;12;1604
11;2025-12-07;13;1541
11;2025-12-07;14;1640
11;2025-12-07;15;1586
11;2025-12-07;16;1555
11;2025-12-07;17;1717
11;2025-12-07;18;1246
11;2025-12-07;19;1051
11;2025-12-07;20;787
11;2025-12-07;21;605
11;2025-12-07;22;359
11;2025-12-07;23;245
11;2025-12-08;0;68
11;2025-12-08;1;8
11;2025-12-08;2;0
11;2025-12-08;3;0
11;2025-12-08;4;1
11;2025-12-08;5;244
11;2025-12-08;6;1334
11;2025-12-08;7;2405
11;2025-12-08;8;3140
11;2025-12-08;9;2346
11;2025-12-08;10;1895
11;2025-12-08;11;1881
11;2025-12-08;12;1846
11;2025-12-08;13;1903
11;2025-12-08;14;1955
11;2025-12-08;15;2011
11;2025-12-08;16;2195
11;2025-12-08;17;2737
11;2025-12-08;18;2938
11;2025-12-08;19;2230
11;2025-12-08;20;1296
11;2025-12-08;21;797
11;2025-12-08;22;354
11;2025-12-08;23;226
11;2025-12-09;0;53
11;2025-12-09;1;1
11;2025-12-09;2;0
11;2025-12-09;3;0
11;2025-12-09;4;0
11;2025-12-09;5;237
11;2025-12-09;6;1310
11;2025-12-09;7;2435
11;2025-12-09;8;3261
11;2025-12-09;9;2410
11;2025-12-09;10;1950
11;2025-12-09;11;1828
11;2025-12-09;12;1898
11;2025-12-09;13;2015
11;2025-12-09;14;1959
11;2025-12-09;15;1911
11;2025-12-09;16;2159
11;2025-12-09;17;2780
11;2025-12-09;18;2954
11;2025-12-09;19;2255
11;2025-12-09;20;1474
11;2025-12-09;21;800
11;2025-12-09;22;379
11;2025-12-09;23;235
11;2025-12-10;0;64
11;2025-12-10;1;1
11;2025-12-10;2;0
11;2025-12-10;3;0
11;2025-12-10;4;0
11;2025-12-10;5;252
11;2025-12-10;6;1264
11;2025-12-10;7;2453
11;2025-12-10;8;3157
11;2025-12-10;9;2353
11;2025-12-10;10;1916
11;2025-12-10;11;1914
11;2025-12-10;12;1931
11;2025-12-10;13;2053
11;2025-12-10;14;1996
11;2025-12-10;15;1883
11;2025-12-10;16;2053
11;2025-12-10;17;2659
11;2025-12-10;18;2998
11;2025-12-10;19;2216
11;2025-12-10;20;1397
11;2025-12-10;21;792
11;2025-12-10;22;385
11;2025-12-10;23;246
11;2025-12-11;0;59
11;2025-12-11;1;1
11;2025-12-11;2;0
11;2025-12-11;3;0
11;2025-12-11;4;0
11;2025-12-11;5;243
11;2025-12-11;6;1326
11;2025-12-11;7;2432
11;2025-12-11;8;3156
11;2025-12-11;9;2387
11;2025-12-11;10;2077
11;2025-12-11;11;1865
11;2025-12-11;12;2054
11;2025-12-11;13;2068
11;2025-12-11;14;2080
11;2025-12-11;15;1903
11;2025-12-11;16;2249
11;2025-12-11;17;2755
11;2025-12-11;18;3126
11;2025-12-11;19;2257
11;2025-12-11;20;1448
11;2025-12-11;21;868
11;2025-12-11;22;400
11;2025-12-11;23;254
11;2025-12-12;0;67
11;2025-12-12;1;2
11;2025-12-12;2;0
11;2025-12-12;3;0
11;2025-12-12;4;0
11;2025-12-12;5;253
11;2025-12-12;6;1305
11;2025-12-12;7;2418
11;2025-12-12;8;3203
11;2025-12-12;9;2300
11;2025-12-12;10;1903
11;2025-12-12;11;1799
11;2025-12-12;12;1913
11;2025-12-12;13;1907
11;2025-12-12;14;2024
11;2025-12-12;15;1989
11;2025-12-12;16;2265
11;2025-12-12;17;2788
11;2025-12-12;18;2575
11;2025-12-12;19;2023
11;2025-12-12;20;1360
11;2025-12-12;21;831
11;2025-12-12;22;384
11;2025-12-12;23;297
11;2025-12-13;0;103
11;2025-12-13;1;2
11;2025-12-13;2;0
11;2025-12-13;3;0
11;2025-12-13;4;0
11;2025-12-13;5;177
11;2025-12-13;6;847
11;2025-12-13;7;785
11;2025-12-13;8;1087
11;2025-12-13;9;1193
11;2025-12-13;10;1384
11;2025-12-13;11;1687
11;2025-12-13;12;1932
11;2025-12-13;13;1810
11;2025-12-13;14;1985
11;2025-12-13;15;1847
11;2025-12-13;16;1754
11;2025-12-13;17;1854
11;2025-12-13;18;1505
11;2025-12-13;19;1512
11;2025-12-13;20;995
11;2025-12-13;21;733
11;2025-12-13;22;420
11;2025-12-13;23;284
11;2025-12-14;0;113
11;2025-12-14;1;17
11;2025-12-14;2;0
11;2025-12-14;3;0
11;2025-12-14;4;0
11;2025-12-14;5;102
11;2025-12-14;6;508
11;2025-12-14;7;490
11;2025-12-14;8;696
11;2025-12-14;9;935
11;2025-12-14;10;1030
11;2025-12-14;11;1495
11;2025-12-14;12;1604
11;2025-12-14;13;1541
11;2025-12-14;14;1640
11;2025-12-14;15;1586
11;2025-12-14;16;1555
11;2025-12-14;17;1717
11;2025-12-14;18;1246
11;2025-12-14;19;1051
11;2025-12-14;20;787
11;2025-12-14;21;605
11;2025-12-14;22;359
11;2025-12-14;23;245
11;2025-12-15;0;68
11;2025-12-15;1;8
11;2025-12-15;2;0
11;2025-12-15;3;0
11;2025-12-15;4;1
11;2025-12-15;5;244
11;2025-12-15;6;1334
11;2025-12-15;7;2405
11;2025-12-15;8;3140
11;2025-12-15;9;2346
11;2025-12-15;10;1895
11;2025-12-15;11;1881
11;2025-12-15;12;1846
11;2025-12-15;13;1903
11;2025-12-15;14;1955
11;2025-12-15;15;2011
11;2025-12-15;16;2195
11;2025-12-15;17;2737
11;2025-12-15;18;2938
11;2025-12-15;19;2230
11;2025-12-15;20;1296
11;2025-12-15;21;797
11;2025-12-15;22;354
11;2025-12-15;23;226
11;2025-12-16;0;53
11;2025-12-16;1;1
11;2025-12-16;2;0
11;2025-12-16;3;0
11;2025-12-16;4;0
11;2025-12-16;5;237
11;2025-12-16;6;1310
11;2025-12-16;7;2435
11;2025-12-16;8;3261
11;2025-12-16;9;2410
11;2025-12-16;10;1950
11;2025-12-16;11;1828
11;2025-12-16;12;1898
11;2025-12-16;13;2015
11;2025-12-16;14;1959
11;2025-12-16;15;1911
11;2025-12-16;16;2159
11;2025-12-16;17;2780
11;2025-12-16;18;2954
11;2025-12-16;19;2255
11;2025-12-16;20;1474
11;2025-12-16;21;800
11;2025-12-16;22;379
11;2025-12-16;23;235
11;2025-12-17;0;64
11;2025-12-17;1;1
11;2025-12-17;2;0
11;2025-12-17;3;0
11;2025-12-17;4;0
11;2025-12-17;5;252
11;2025-12-17;6;1264
11;2025-12-17;7;2453
11;2025-12-17;8;3157
11;2025-12-17;9;2353
11;2025-12-17;10;1916
11;2025-12-17;11;1914
11;2025-12-17;12;1931
11;2025-12-17;13;2053
11;2025-12-17;14;1996
11;2025-12-17;15;1883
11;2025-12-17;16;2053
11;2025-12-17;17;2659
11;2025-12-17;18;2998
11;2025-12-17;19;2216
11;2025-12-17;20;1397
11;2025-12-17;21;792
11;2025-12-17;22;385
11;2025-12-17;23;246
11;2025-12-18;0;59
11;2025-12-18;1;1
11;2025-12-18;2;0
11;2025-12-18;3;0
11;2025-12-18;4;0
11;2025-12-18;5;243
11;2025-12-18;6;1326
11;2025-12-18;7;2432
11;2025-12-18;8;3156
11;2025-12-18;9;2387
11;2025-12-18;10;2077
11;2025-12-18;11;1865
11;2025-12-18;12;2054
11;2025-12-18;13;2068
11;2025-12-18;14;2080
11;2025-12-18;15;1903
11;2025-12-18;16;2249
11;2025-12-18;17;2755
11;2025-12-18;18;3126
11;2025-12-18;19;2257
11;2025-12-18;20;1448
11;2025-12-18;21;868
11;2025-12-18;22;400
11;2025-12-18;23;254
11;2025-12-19;0;67
11;2025-12-19;1;2
11;2025-12-19;2;0
11;2025-12-19;3;0
11;2025-12-19;4;0
11;2025-12-19;5;253
11;2025-12-19;6;1305
11;2025-12-19;7;2418
11;2025-12-19;8;3203
11;2025-12-19;9;2300
11;2025-12-19;10;1903
11;2025-12-19;11;1799
11;2025-12-19;12;1913
11;2025-12-19;13;1907
11;2025-12-19;14;2024
11;2025-12-19;15;1989
11;2025-12-19;16;2265
11;2025-12-19;17;2788
11;2025-12-19;18;2575
11;2025-12-19;19;2023
11;2025-12-19;20;1360
11;2025-12-19;21;831
11;2025-12-19;22;384
11;2025-12-19;23;297
11;2025-12-20;0;103
11;2025-12-20;1;2
11;2025-12-20;2;0
11;2025-12-20;3;0
11;2025-12-20;4;0
11;2025-12-20;5;177
11;2025-12-20;6;847
11;2025-12-20;7;785
11;2025-12-20;8;1087
11;2025-12-20;9;1193
11;2025-12-20;10;1384
11;2025-12-20;11;1687
11;2025-12-20;12;1932
11;2025-12-20;13;1810
11;2025-12-20;14;1985
11;2025-12-20;15;1847
11;2025-12-20;16;1754
11;2025-12-20;17;1854
11;2025-12-20;18;1505
11;2025-12-20;19;1512
11;2025-12-20;20;995
11;2025-12-20;21;733
11;2025-12-20;22;420
11;2025-12-20;23;284
11;2025-12-21;0;113
11;2025-12-21;1;17
11;2025-12-21;2;0
11;2025-12-21;3;0
11;2025-12-21;4;0
11;2025-12-21;5;102
11;2025-12-21;6;508
11;2025-12-21;7;490
11;2025-12-21;8;696
11;2025-12-21;9;935
11;2025-12-21;10;1030
11;2025-12-21;11;1495
11;2025-12-21;12;1604
11;2025-12-21;13;1541
11;2025-12-21;14;1640
11;2025-12-21;15;1586
11;2025-12-21;16;1555
11;2025-12-21;17;1717
11;2025-12-21;18;1246
11;2025-12-21;19;1051
11;2025-12-21;20;787
11;2025-12-21;21;605
11;2025-12-21;22;359
11;2025-12-21;23;245
11;2025-12-22;0;68
11;2025-12-22;1;8
11;2025-12-22;2;0
11;2025-12-22;3;0
11;2025-12-22;4;1
11;2025-12-22;5;244
11;2025-12-22;6;1334
11;2025-12-22;7;2405
11;2025-12-22;8;3140
11;2025-12-22;9;2346
11;2025-12-22;10;1895
11;2025-12-22;11;1881
11;2025-12-22;12;1846
11;2025-12-22;13;1903
11;2025-12-22;14;1955
11;2025-12-22;15;2011
11;2025-12-22;16;2195
11;2025-12-22;17;2737
11;2025-12-22;18;2938
11;2025-12-22;19;2230
11;2025-12-22;20;1296
11;2025-12-22;21;797
11;2025-12-22;22;354
11;2025-12-22;23;226
11;2025-12-23;0;53
11;2025-12-23;1;1
11;2025-12-23;2;0
11;2025-12-23;3;0
11;2025-12-23;4;0
11;2025-12-23;5;237
11;2025-12-23;6;1310
11;2025-12-23;7;2435
11;2025-12-23;8;3261
11;2025-12-23;9;2410
11;2025-12-23;10;1950
11;2025-12-23;11;1828
11;2025-12-23;12;1898
11;2025-12-23;13;2015
11;2025-12-23;14;1959
11;2025-12-23;15;1911
11;2025-12-23;16;2159
11;2025-12-23;17;2780
11;2025-12-23;18;2954
11;2025-12-23;19;2255
11;2025-12-23;20;1474
11;2025-12-23;21;800
11;2025-12-23;22;379
11;2025-12-23;23;235
11;2025-12-24;0;64
11;2025-12-24;1;1
11;2025-12-24;2;0
11;2025-12-24;3;0
11;2025-12-24;4;0
11;2025-12-24;5;252
11;2025-12-24;6;1264
11;2025-12-24;7;2453
11;2025-12-24;8;3157
11;2025-12-24;9;2353
11;2025-12-24;10;1916
11;2025-12-24;11;1914
11;2025-12-24;12;1931
11;2025-12-24;13;2053
11;2025-12-24;14;1996
11;2025-12-24;15;1883
11;2025-12-24;16;2053
11;2025-12-24;17;2659
11;2025-12-24;18;2998
11;2025-12-24;19;2216
11;2025-12-24;20;1397
11;2025-12-24;21;792
11;2025-12-24;22;385
11;2025-12-24;23;246
11;2025-12-25;0;59
11;2025-12-25;1;1
11;2025-12-25;2;0
11;2025-12-25;3;0
11;2025-12-25;4;0
11;2025-12-25;5;243
11;2025-12-25;6;1326
11;2025-12-25;7;2432
11;2025-12-25;8;3156
11;2025-12-25;9;2387
11;2025-12-25;10;2077
11;2025-12-25;11;1865
11;2025-12-25;12;2054
11;2025-12-25;13;2068
11;2025-12-25;14;2080
11;2025-12-25;15;1903
11;2025-12-25;16;2249
11;2025-12-25;17;2755
11;2025-12-25;18;3126
11;2025-12-25;19;2257
11;2025-12-25;20;1448
11;2025-12-25;21;868
11;2025-12-25;22;400
11;2025-12-25;23;254
11;2025-12-26;0;67
11;2025-12-26;1;2
11;2025-12-26;2;0
11;2025-12-26;3;0
11;2025-12-26;4;0
11;2025-12-26;5;253
11;2025-12-26;6;1305
11;2025-12-26;7;2418
11;2025-12-26;8;3203
11;2025-12-26;9;2300
11;2025-12-26;10;1903
11;2025-12-26;11;1799
11;2025-12-26;12;1913
11;2025-12-26;13;1907
11;2025-12-26;14;2024
11;2025-12-26;15;1989
11;2025-12-26;16;2265
11;2025-12-26;17;2788
11;2025-12-26;18;2575
11;2025-12-26;19;2023
11;2025-12-26;20;1360
11;2025-12-26;21;831
11;2025-12-26;22;384
11;2025-12-26;23;297
11;2025-12-27;0;103
11;2025-12-27;1;2
11;2025-12-27;2;0
11;2025-12-27;3;0
11;2025-12-27;4;0
11;2025-12-27;5;177
11;2025-12-27;6;847
11;2025-12-27;7;785
11;2025-12-27;8;1087
11;2025-12-27;9;1193
11;2025-12-27;10;1384
11;2025-12-27;11;1687
11;2025-12-27;12;1932
11;2025-12-27;13;1810
11;2025-12-27;14;1985
11;2025-12-27;15;1847
11;2025-12-27;16;1754
11;2025-12-27;17;1854
11;2025-12-27;18;1505
11;2025-12-27;19;1512
11;2025-12-27;20;995
11;2025-12-27;21;733
11;2025-12-27;22;420
11;2025-12-27;23;284
11;2025-12-28;0;113
11;2025-12-28;1;17
11;2025-12-28;2;0
11;2025-12-28;3;0
11;2025-12-28;4;0
11;2025-12-28;5;102
11;2025-12-28;6;508
11;2025-12-28;7;490
11;2025-12-28;8;696
11;2025-12-28;9;935
11;2025-12-28;10;1030
11;2025-12-28;11;1495
11;2025-12-28;12;1604
11;2025-12-28;13;1541
11;2025-12-28;14;1640
11;2025-12-28;15;1586
11;2025-12-28;16;1555
11;2025-12-28;17;1717
11;2025-12-28;18;1246
11;2025-12-28;19;1051
11;2025-12-28;20;787
11;2025-12-28;21;605
11;2025-12-28;22;359
11;2025-12-28;23;245
11;2025-12-29;0;68
11;2025-12-29;1;8
11;2025-12-29;2;0
11;2025-12-29;3;0
11;2025-12-29;4;1
11;2025-12-29;5;244
11;2025-12-29;6;1334
11;2025-12-29;7;2405
11;2025-12-29;8;3140
11;2025-12-29;9;2346
11;2025-12-29;10;1895
11;2025-12-29;11;1881
11;2025-12-29;12;1846
11;2025-12-29;13;1903
11;2025-12-29;14;1955
11;2025-12-29;15;2011
11;2025-12-29;16;2195
11;2025-12-29;17;2737
11;2025-12-29;18;2938
11;2025-12-29;19;2230
11;2025-12-29;20;1296
11;2025-12-29;21;797
11;2025-12-29;22;354
11;2025-12-29;23;226
11;2025-12-30;0;53
11;2025-12-30;1;1
11;2025-12-30;2;0
11;2025-12-30;3;0
11;2025-12-30;4;0
11;2025-12-30;5;237
11;2025-12-30;6;1310
11;2025-12-30;7;2435
11;2025-12-30;8;3261
11;2025-12-30;9;2410
11;2025-12-30;10;1950
11;2025-12-30;11;1828
11;2025-12-30;12;1898
11;2025-12-30;13;2015
11;2025-12-30;14;1959
11;2025-12-30;15;1911
11;2025-12-30;16;2159
11;2025-12-30;17;2780
11;2025-12-30;18;2954
11;2025-12-30;19;2255
11;2025-12-30;20;1474
11;2025-12-30;21;800
11;2025-12-30;22;379
11;2025-12-30;23;235
11;2025-12-31;0;113
11;2025-12-31;1;17
11;2025-12-31;2;0
11;2025-12-31;3;0
11;2025-12-31;4;0
11;2025-12-31;5;102
11;2025-12-31;6;508
11;2025-12-31;7;490
11;2025-12-31;8;696
11;2025-12-31;9;935
11;2025-12-31;10;1030
11;2025-12-31;11;1495
11;2025-12-31;12;1604
11;2025-12-31;13;1541
11;2025-12-31;14;1640
11;2025-12-31;15;1586
11;2025-12-31;16;1555
11;2025-12-31;17;1717
11;2025-12-31;18;1246
11;2025-12-31;19;1051
11;2025-12-31;20;787
11;2025-12-31;21;605
11;2025-12-31;22;359
11;2025-12-31;23;245
12;2025-11-01;0;53
12;2025-11-01;1;1
12;2025-11-01;2;0
12;2025-11-01;3;0
12;2025-11-01;4;5
12;2025-11-01;5;328
12;2025-11-01;6;1414
12;2025-11-01;7;2699
12;2025-11-01;8;3424
12;2025-11-01;9;2470
12;2025-11-01;10;1931
12;2025-11-01;11;1885
12;2025-11-01;12;1934
12;2025-11-01;13;2061
12;2025-11-01;14;1941
12;2025-11-01;15;2243
12;2025-11-01;16;2816
12;2025-11-01;17;2925
12;2025-11-01;18;2656
12;2025-11-01;19;2175
12;2025-11-01;20;1407
12;2025-11-01;21;971
12;2025-11-01;22;474
12;2025-11-01;23;293
12;2025-11-02;0;84
12;2025-11-02;1;5
12;2025-11-02;2;0
12;2025-11-02;3;0
12;2025-11-02;4;3
12;2025-11-02;5;137
12;2025-11-02;6;533
12;2025-11-02;7;727
12;2025-11-02;8;733
12;2025-11-02;9;923
12;2025-11-02;10;1148
12;2025-11-02;11;1269
12;2025-11-02;12;1320
12;2025-11-02;13;1535
12;2025-11-02;14;1449
12;2025-11-02;15;1489
12;2025-11-02;16;1523
12;2025-11-02;17;1554
12;2025-11-02;18;1398
12;2025-11-02;19;1028
12;2025-11-02;20;793
12;2025-11-02;21;602
12;2025-11-02;22;405
12;2025-11-02;23;204
12;2025-11-03;0;84
12;2025-11-03;1;5
12;2025-11-03;2;0
12;2025-11-03;3;0
12;2025-11-03;4;3
12;2025-11-03;5;137
12;2025-11-03;6;533
12;2025-11-03;7;727
12;2025-11-03;8;733
12;2025-11-03;9;923
12;2025-11-03;10;1148
12;2025-11-03;11;1269
12;2025-11-03;12;1320
12;2025-11-03;13;1535
12;2025-11-03;14;1449
12;2025-11-03;15;1489
12;2025-11-03;16;1523
12;2025-11-03;17;1554
12;2025-11-03;18;1398
12;2025-11-03;19;1028
12;2025-11-03;20;793
12;2025-11-03;21;602
12;2025-11-03;22;405
12;2025-11-03;23;204
12;2025-11-04;0;84
12;2025-11-04;1;5
12;2025-11-04;2;0
12;2025-11-04;3;0
12;2025-11-04;4;3
12;2025-11-04;5;137
12;2025-11-04;6;533
12;2025-11-04;7;727
12;2025-11-04;8;733
12;2025-11-04;9;923
12;2025-11-04;10;1148
12;2025-11-04;11;1269
12;2025-11-04;12;1320
12;2025-11-04;13;1535
12;2025-11-04;14;1449
12;2025-11-04;15;1489
12;2025-11-04;16;1523
12;2025-11-04;17;1554
12;2025-11-04;18;1398
12;2025-11-04;19;1028
12;2025-11-04;20;793
12;2025-11-04;21;602
12;2025-11-04;22;405
12;2025-11-04;23;204
12;2025-11-05;0;57
12;2025-11-05;1;1
12;2025-11-05;2;0
12;2025-11-05;3;0
12;2025-11-05;4;7
12;2025-11-05;5;329
12;2025-11-05;6;1461
12;2025-11-05;7;2694
12;2025-11-05;8;3542
12;2025-11-05;9;2561
12;2025-11-05;10;2089
12;2025-11-05;11;1950
12;2025-11-05;12;2036
12;2025-11-05;13;2030
12;2025-11-05;14;1895
12;2025-11-05;15;2261
12;2025-11-05;16;2753
12;2025-11-05;17;2934
12;2025-11-05;18;3020
12;2025-11-05;19;2392
12;2025-11-05;20;1521
12;2025-11-05;21;997
12;2025-11-05;22;488
12;2025-11-05;23;263
12;2025-11-06;0;50
12;2025-11-06;1;2
12;2025-11-06;2;0
12;2025-11-06;3;0
12;2025-11-06;4;7
12;2025-11-06;5;314
12;2025-11-06;6;1429
12;2025-11-06;7;2740
12;2025-11-06;8;3607
12;2025-11-06;9;2491
12;2025-11-06;10;2034
12;2025-11-06;11;1868
12;2025-11-06;12;1955
12;2025-11-06;13;2035
12;2025-11-06;14;1882
12;2025-11-06;15;2188
12;2025-11-06;16;2674
12;2025-11-06;17;3001
12;2025-11-06;18;3153
12;2025-11-06;19;2413
12;2025-11-06;20;1560
12;2025-11-06;21;949
12;2025-11-06;22;483
12;2025-11-06;23;263
12;2025-11-07;0;53
12;2025-11-07;1;1
12;2025-11-07;2;0
12;2025-11-07;3;0
12;2025-11-07;4;5
12;2025-11-07;5;328
12;2025-11-07;6;1414
12;2025-11-07;7;2699
12;2025-11-07;8;3424
12;2025-11-07;9;2470
12;2025-11-07;10;1931
12;2025-11-07;11;1885
12;2025-11-07;12;1934
12;2025-11-07;13;2061
12;2025-11-07;14;1941
12;2025-11-07;15;2243
12;2025-11-07;16;2816
12;2025-11-07;17;2925
12;2025-11-07;18;2656
12;2025-11-07;19;2175
12;2025-11-07;20;1407
12;2025-11-07;21;971
12;2025-11-07;22;474
12;2025-11-07;23;293
12;2025-11-08;0;69
12;2025-11-08;1;2
12;2025-11-08;2;0
12;2025-11-08;3;0
12;2025-11-08;4;2
12;2025-11-08;5;233
12;2025-11-08;6;816
12;2025-11-08;7;919
12;2025-11-08;8;1041
12;2025-11-08;9;1241
12;2025-11-08;10;1466
12;2025-11-08;11;1482
12;2025-11-08;12;1515
12;2025-11-08;13;1709
12;2025-11-08;14;1552
12;2025-11-08;15;1512
12;2025-11-08;16;1652
12;2025-11-08;17;1598
12;2025-11-08;18;1530
12;2025-11-08;19;1395
12;2025-11-08;20;984
12;2025-11-08;21;787
12;2025-11-08;22;403
12;2025-11-08;23;299
12;2025-11-09;0;84
12;2025-11-09;1;5
12;2025-11-09;2;0
12;2025-11-09;3;0
12;2025-11-09;4;3
12;2025-11-09;5;137
12;2025-11-09;6;533
12;2025-11-09;7;727
12;2025-11-09;8;733
12;2025-11-09;9;923
12;2025-11-09;10;1148
12;2025-11-09;11;1269
12;2025-11-09;12;1320
12;2025-11-09;13;1535
12;2025-11-09;14;1449
12;2025-11-09;15;1489
12;2025-11-09;16;1523
12;2025-11-09;17;1554
12;2025-11-09;18;1398
12;2025-11-09;19;1028
12;2025-11-09;20;793
12;2025-11-09;21;602
12;2025-11-09;22;405
12;2025-11-09;23;204
12;2025-11-10;0;54
12;2025-11-10;1;2
12;2025-11-10;2;0
12;2025-11-10;3;0
12;2025-11-10;4;7
12;2025-11-10;5;311
12;2025-11-10;6;1431
12;2025-11-10;7;2678
12;2025-11-10;8;3514
12;2025-11-10;9;2469
12;2025-11-10;10;1980
12;2025-11-10;11;1888
12;2025-11-10;12;2031
12;2025-11-10;13;1982
12;2025-11-10;14;1894
12;2025-11-10;15;2171
12;2025-11-10;16;2661
12;2025-11-10;17;2961
12;2025-11-10;18;3114
12;2025-11-10;19;2323
12;2025-11-10;20;1563
12;2025-11-10;21;950
12;2025-11-10;22;457
12;2025-11-10;23;244
12;2025-11-11;0;48
12;2025-11-11;1;1
12;2025-11-11;2;0
12;2025-11-11;3;0
12;2025-11-11;4;6
12;2025-11-11;5;328
12;2025-11-11;6;1452
12;2025-11-11;7;2775
12;2025-11-11;8;3625
12;2025-11-11;9;2517
12;2025-11-11;10;2054
12;2025-11-11;11;1922
12;2025-11-11;12;1972
12;2025-11-11;13;2055
12;2025-11-11;14;1923
12;2025-11-11;15;2185
12;2025-11-11;16;2650
12;2025-11-11;17;2980
12;2025-11-11;18;3145
12;2025-11-11;19;2346
12;2025-11-11;20;1493
12;2025-11-11;21;945
12;2025-11-11;22;462
12;2025-11-11;23;259
12;2025-11-12;0;57
12;2025-11-12;1;1
12;2025-11-12;2;0
12;2025-11-12;3;0
12;2025-11-12;4;7
12;2025-11-12;5;329
12;2025-11-12;6;1461
12;2025-11-12;7;2694
12;2025-11-12;8;3542
12;2025-11-12;9;2561
12;2025-11-12;10;2089
12;2025-11-12;11;1950
12;2025-11-12;12;2036
12;2025-11-12;13;2030
12;2025-11-12;14;1895
12;2025-11-12;15;2261
12;2025-11-12;16;2753
12;2025-11-12;17;2934
12;2025-11-12;18;3020
12;2025-11-12;19;2392
12;2025-11-12;20;1521
12;2025-11-12;21;997
12;2025-11-12;22;488
12;2025-11-12;23;263
12;2025-11-13;0;50
12;2025-11-13;1;2
12;2025-11-13;2;0
12;2025-11-13;3;0
12;2025-11-13;4;7
12;2025-11-13;5;314
12;2025-11-13;6;1429
12;2025-11-13;7;2740
12;2025-11-13;8;3607
12;2025-11-13;9;2491
12;2025-11-13;10;2034
12;2025-11-13;11;1868
12;2025-11-13;12;1955
12;2025-11-13;13;2035
12;2025-11-13;14;1882
12;2025-11-13;15;2188
12;2025-11-13;16;2674
12;2025-11-13;17;3001
12;2025-11-13;18;3153
12;2025-11-13;19;2413
12;2025-11-13;20;1560
12;2025-11-13;21;949
12;2025-11-13;22;483
12;2025-11-13;23;263
12;2025-11-14;0;53
12;2025-11-14;1;1
12;2025-11-14;2;0
12;2025-11-14;3;0
12;2025-11-14;4;5
12;2025-11-14;5;328
12;2025-11-14;6;1414
12;2025-11-14;7;2699
12;2025-11-14;8;3424
12;2025-11-14;9;2470
12;2025-11-14;10;1931
12;2025-11-14;11;1885
12;2025-11-14;12;1934
12;2025-11-14;13;2061
12;2025-11-14;14;1941
12;2025-11-14;15;2243
12;2025-11-14;16;2816
12;2025-11-14;17;2925
12;2025-11-14;18;2656
12;2025-11-14;19;2175
12;2025-11-14;20;1407
12;2025-11-14;21;971
12;2025-11-14;22;474
12;2025-11-14;23;293
12;2025-11-15;0;69
12;2025-11-15;1;2
12;2025-11-15;2;0
12;2025-11-15;3;0
12;2025-11-15;4;2
12;2025-11-15;5;233
12;2025-11-15;6;816
12;2025-11-15;7;919
12;2025-11-15;8;1041
12;2025-11-15;9;1241
12;2025-11-15;10;1466
12;2025-11-15;11;1482
12;2025-11-15;12;1515
12;2025-11-15;13;1709
12;2025-11-15;14;1552
12;2025-11-15;15;1512
12;2025-11-15;16;1652
12;2025-11-15;17;1598
12;2025-11-15;18;1530
12;2025-11-15;19;1395
12;2025-11-15;20;984
12;2025-11-15;21;787
12;2025-11-15;22;403
12;2025-11-15;23;299
12;2025-11-16;0;84
12;2025-11-16;1;5
12;2025-11-16;2;0
12;2025-11-16;3;0
12;2025-11-16;4;3
12;2025-11-16;5;137
12;2025-11-16;6;533
12;2025-11-16;7;727
12;2025-11-16;8;733
12;2025-11-16;9;923
12;2025-11-16;10;1148
12;2025-11-16;11;1269
12;2025-11-16;12;1320
12;2025-11-16;13;1535
12;2025-11-16;14;1449
12;2025-11-16;15;1489
12;2025-11-16;16;1523
12;2025-11-16;17;1554
12;2025-11-16;18;1398
12;2025-11-16;19;1028
12;2025-11-16;20;793
12;2025-11-16;21;602
12;2025-11-16;22;405
12;2025-11-16;23;204
12;2025-11-17;0;54
12;2025-11-17;1;2
12;2025-11-17;2;0
12;2025-11-17;3;0
12;2025-11-17;4;7
12;2025-11-17;5;311
12;2025-11-17;6;1431
12;2025-11-17;7;2678
12;2025-11-17;8;3514
12;2025-11-17;9;2469
12;2025-11-17;10;1980
12;2025-11-17;11;1888
12;2025-11-17;12;2031
12;2025-11-17;13;1982
12;2025-11-17;14;1894
12;2025-11-17;15;2171
12;2025-11-17;16;2661
12;2025-11-17;17;2961
12;2025-11-17;18;3114
12;2025-11-17;19;2323
12;2025-11-17;20;1563
12;2025-11-17;21;950
12;2025-11-17;22;457
12;2025-11-17;23;244
12;2025-11-18;0;48
12;2025-11-18;1;1
12;2025-11-18;2;0
12;2025-11-18;3;0
12;2025-11-18;4;6
12;2025-11-18;5;328
12;2025-11-18;6;1452
12;2025-11-18;7;2775
12;2025-11-18;8;3625
12;2025-11-18;9;2517
12;2025-11-18;10;2054
12;2025-11-18;11;1922
12;2025-11-18;12;1972
12;2025-11-18;13;2055
12;2025-11-18;14;1923
12;2025-11-18;15;2185
12;2025-11-18;16;2650
12;2025-11-18;17;2980
12;2025-11-18;18;3145
12;2025-11-18;19;2346
12;2025-11-18;20;1493
12;2025-11-18;21;945
12;2025-11-18;22;462
12;2025-11-18;23;259
12;2025-11-19;0;57
12;2025-11-19;1;1
12;2025-11-19;2;0
12;2025-11-19;3;0
12;2025-11-19;4;7
12;2025-11-19;5;329
12;2025-11-19;6;1461
12;2025-11-19;7;2694
12;2025-11-19;8;3542
12;2025-11-19;9;2561
12;2025-11-19;10;2089
12;2025-11-19;11;1950
12;2025-11-19;12;2036
12;2025-11-19;13;2030
12;2025-11-19;14;1895
12;2025-11-19;15;2261
12;2025-11-19;16;2753
12;2025-11-19;17;2934
12;2025-11-19;18;3020
12;2025-11-19;19;2392
12;2025-11-19;20;1521
12;2025-11-19;21;997
12;2025-11-19;22;488
12;2025-11-19;23;263
12;2025-11-20;0;50
12;2025-11-20;1;2
12;2025-11-20;2;0
12;2025-11-20;3;0
12;2025-11-20;4;7
12;2025-11-20;5;314
12;2025-11-20;6;1429
12;2025-11-20;7;2740
12;2025-11-20;8;3607
12;2025-11-20;9;2491
12;2025-11-20;10;2034
12;2025-11-20;11;1868
12;2025-11-20;12;1955
12;2025-11-20;13;2035
12;2025-11-20;14;1882
12;2025-11-20;15;2188
12;2025-11-20;16;2674
12;2025-11-20;17;3001
12;2025-11-20;18;3153
12;2025-11-20;19;2413
12;2025-11-20;20;1560
12;2025-11-20;21;949
12;2025-11-20;22;483
12;2025-11-20;23;263
12;2025-11-21;0;53
12;2025-11-21;1;1
12;2025-11-21;2;0
12;2025-11-21;3;0
12;2025-11-21;4;5
12;2025-11-21;5;328
12;2025-11-21;6;1414
12;2025-11-21;7;2699
12;2025-11-21;8;3424
12;2025-11-21;9;2470
12;2025-11-21;10;1931
12;2025-11-21;11;1885
12;2025-11-21;12;1934
12;2025-11-21;13;2061
12;2025-11-21;14;1941
12;2025-11-21;15;2243
12;2025-11-21;16;2816
12;2025-11-21;17;2925
12;2025-11-21;18;2656
12;2025-11-21;19;2175
12;2025-11-21;20;1407
12;2025-11-21;21;971
12;2025-11-21;22;474
12;2025-11-21;23;293
12;2025-11-22;0;69
12;2025-11-22;1;2
12;2025-11-22;2;0
12;2025-11-22;3;0
12;2025-11-22;4;2
12;2025-11-22;5;233
12;2025-11-22;6;816
12;2025-11-22;7;919
12;2025-11-22;8;1041
12;2025-11-22;9;1241
12;2025-11-22;10;1466
12;2025-11-22;11;1482
12;2025-11-22;12;1515
12;2025-11-22;13;1709
12;2025-11-22;14;1552
12;2025-11-22;15;1512
12;2025-11-22;16;1652
12;2025-11-22;17;1598
12;2025-11-22;18;1530
12;2025-11-22;19;1395
12;2025-11-22;20;984
12;2025-11-22;21;787
12;2025-11-22;22;403
12;2025-11-22;23;299
12;2025-11-23;0;84
12;2025-11-23;1;5
12;2025-11-23;2;0
12;2025-11-23;3;0
12;2025-11-23;4;3
12;2025-11-23;5;137
12;2025-11-23;6;533
12;2025-11-23;7;727
12;2025-11-23;8;733
12;2025-11-23;9;923
12;2025-11-23;10;1148
12;2025-11-23;11;1269
12;2025-11-23;12;1320
12;2025-11-23;13;1535
12;2025-11-23;14;1449
12;2025-11-23;15;1489
12;2025-11-23;16;1523
12;2025-11-23;17;1554
12;2025-11-23;18;1398
12;2025-11-23;19;1028
12;2025-11-23;20;793
12;2025-11-23;21;602
12;2025-11-23;22;405
12;2025-11-23;23;204
12;2025-11-24;0;54
12;2025-11-24;1;2
12;2025-11-24;2;0
12;2025-11-24;3;0
12;2025-11-24;4;7
12;2025-11-24;5;311
12;2025-11-24;6;1431
12;2025-11-24;7;2678
12;2025-11-24;8;3514
12;2025-11-24;9;2469
12;2025-11-24;10;1980
12;2025-11-24;11;1888
12;2025-11-24;12;2031
12;2025-11-24;13;1982
12;2025-11-24;14;1894
12;2025-11-24;15;2171
12;2025-11-24;16;2661
12;2025-11-24;17;2961
12;2025-11-24;18;3114
12;2025-11-24;19;2323
12;2025-11-24;20;1563
12;2025-11-24;21;950
12;2025-11-24;22;457
12;2025-11-24;23;244
12;2025-11-25;0;48
12;2025-11-25;1;1
12;2025-11-25;2;0
12;2025-11-25;3;0
12;2025-11-25;4;6
12;2025-11-25;5;328
12;2025-11-25;6;1452
12;2025-11-25;7;2775
12;2025-11-25;8;3625
12;2025-11-25;9;2517
12;2025-11-25;10;2054
12;2025-11-25;11;1922
12;2025-11-25;12;1972
12;2025-11-25;13;2055
12;2025-11-25;14;1923
12;2025-11-25;15;2185
12;2025-11-25;16;2650
12;2025-11-25;17;2980
12;2025-11-25;18;3145
12;2025-11-25;19;2346
12;2025-11-25;20;1493
12;2025-11-25;21;945
12;2025-11-25;22;462
12;2025-11-25;23;259
12;2025-11-26;0;57
12;2025-11-26;1;1
12;2025-11-26;2;0
12;2025-11-26;3;0
12;2025-11-26;4;7
12;2025-11-26;5;329
12;2025-11-26;6;1461
12;2025-11-26;7;2694
12;2025-11-26;8;3542
12;2025-11-26;9;2561
12;2025-11-26;10;2089
12;2025-11-26;11;1950
12;2025-11-26;12;2036
12;2025-11-26;13;2030
12;2025-11-26;14;1895
12;2025-11-26;15;2261
12;2025-11-26;16;2753
12;2025-11-26;17;2934
12;2025-11-26;18;3020
12;2025-11-26;19;2392
12;2025-11-26;20;1521
12;2025-11-26;21;997
12;2025-11-26;22;488
12;2025-11-26;23;263
12;2025-11-27;0;50
12;2025-11-27;1;2
12;2025-11-27;2;0
12;2025-11-27;3;0
12;2025-11-27;4;7
12;2025-11-27;5;314
12;2025-11-27;6;1429
12;2025-11-27;7;2740
12;2025-11-27;8;3607
12;2025-11-27;9;2491
12;2025-11-27;10;2034
12;2025-11-27;11;1868
12;2025-11-27;12;1955
12;2025-11-27;13;2035
12;2025-11-27;14;1882
12;2025-11-27;15;2188
12;2025-11-27;16;2674
12;2025-11-27;17;3001
12;2025-11-27;18;3153
12;2025-11-27;19;2413
12;2025-11-27;20;1560
12;2025-11-27;21;949
12;2025-11-27;22;483
12;2025-11-27;23;263
12;2025-11-28;0;53
12;2025-11-28;1;1
12;2025-11-28;2;0
12;2025-11-28;3;0
12;2025-11-28;4;5
12;2025-11-28;5;328
12;2025-11-28;6;1414
12;2025-11-28;7;2699
12;2025-11-28;8;3424
12;2025-11-28;9;2470
12;2025-11-28;10;1931
12;2025-11-28;11;1885
12;2025-11-28;12;1934
12;2025-11-28;13;2061
12;2025-11-28;14;1941
12;2025-11-28;15;2243
12;2025-11-28;16;2816
12;2025-11-28;17;2925
12;2025-11-28;18;2656
12;2025-11-28;19;2175
12;2025-11-28;20;1407
12;2025-11-28;21;971
12;2025-11-28;22;474
12;2025-11-28;23;293
12;2025-11-29;0;69
12;2025-11-29;1;2
12;2025-11-29;2;0
12;2025-11-29;3;0
12;2025-11-29;4;2
12;2025-11-29;5;233
12;2025-11-29;6;816
12;2025-11-29;7;919
12;2025-11-29;8;1041
12;2025-11-29;9;1241
12;2025-11-29;10;1466
12;2025-11-29;11;1482
12;2025-11-29;12;1515
12;2025-11-29;13;1709
12;2025-11-29;14;1552
12;2025-11-29;15;1512
12;2025-11-29;16;1652
12;2025-11-29;17;1598
12;2025-11-29;18;1530
12;2025-11-29;19;1395
12;2025-11-29;20;984
12;2025-11-29;21;787
12;2025-11-29;22;403
12;2025-11-29;23;299
12;2025-11-30;0;84
12;2025-11-30;1;5
12;2025-11-30;2;0
12;2025-11-30;3;0
12;2025-11-30;4;3
12;2025-11-30;5;137
12;2025-11-30;6;533
12;2025-11-30;7;727
12;2025-11-30;8;733
12;2025-11-30;9;923
12;2025-11-30;10;1148
12;2025-11-30;11;1269
12;2025-11-30;12;1320
12;2025-11-30;13;1535
12;2025-11-30;14;1449
12;2025-11-30;15;1489
12;2025-11-30;16;1523
12;2025-11-30;17;1554
12;2025-11-30;18;1398
12;2025-11-30;19;1028
12;2025-11-30;20;793
12;2025-11-30;21;602
12;2025-11-30;22;405
12;2025-11-30;23;204
12;2025-12-01;0;54
12;2025-12-01;1;2
12;2025-12-01;2;0
12;2025-12-01;3;0
12;2025-12-01;4;7
12;2025-12-01;5;311
12;2025-12-01;6;1431
12;2025-12-01;7;2678
12;2025-12-01;8;3514
12;2025-12-01;9;2469
12;2025-12-01;10;1980
12;2025-12-01;11;1888
12;2025-12-01;12;2031
12;2025-12-01;13;1982
12;2025-12-01;14;1894
12;2025-12-01;15;2171
12;2025-12-01;16;2661
12;2025-12-01;17;2961
12;2025-12-01;18;3114
12;2025-12-01;19;2323
12;2025-12-01;20;1563
12;2025-12-01;21;950
12;2025-12-01;22;457
12;2025-12-01;23;244
12;2025-12-02;0;48
12;2025-12-02;1;1
12;2025-12-02;2;0
12;2025-12-02;3;0
12;2025-12-02;4;6
12;2025-12-02;5;328
12;2025-12-02;6;1452
12;2025-12-02;7;2775
12;2025-12-02;8;3625
12;2025-12-02;9;2517
12;2025-12-02;10;2054
12;2025-12-02;11;1922
12;2025-12-02;12;1972
12;2025-12-02;13;2055
12;2025-12-02;14;1923
12;2025-12-02;15;2185
12;2025-12-02;16;2650
12;2025-12-02;17;2980
12;2025-12-02;18;3145
12;2025-12-02;19;2346
12;2025-12-02;20;1493
12;2025-12-02;21;945
12;2025-12-02;22;462
12;2025-12-02;23;259
12;2025-12-03;0;57
12;2025-12-03;1;1
12;2025-12-03;2;0
12;2025-12-03;3;0
12;2025-12-03;4;7
12;2025-12-03;5;329
12;2025-12-03;6;1461
12;2025-12-03;7;2694
12;2025-12-03;8;3542
12;2025-12-03;9;2561
12;2025-12-03;10;2089
12;2025-12-03;11;1950
12;2025-12-03;12;2036
12;2025-12-03;13;2030
12;2025-12-03;14;1895
12;2025-12-03;15;2261
12;2025-12-03;16;2753
12;2025-12-03;17;2934
12;2025-12-03;18;3020
12;2025-12-03;19;2392
12;2025-12-03;20;1521
12;2025-12-03;21;997
12;2025-12-03;22;488
12;2025-12-03;23;263
12;2025-12-04;0;50
12;2025-12-04;1;2
12;2025-12-04;2;0
12;2025-12-04;3;0
12;2025-12-04;4;7
12;2025-12-04;5;314
12;2025-12-04;6;1429
12;2025-12-04;7;2740
12;2025-12-04;8;3607
12;2025-12-04;9;2491
12;2025-12-04;10;2034
12;2025-12-04;11;1868
12;2025-12-04;12;1955
12;2025-12-04;13;2035
12;2025-12-04;14;1882
12;2025-12-04;15;2188
12;2025-12-04;16;2674
12;2025-12-04;17;3001
12;2025-12-04;18;3153
12;2025-12-04;19;2413
12;2025-12-04;20;1560
12;2025-12-04;21;949
12;2025-12-04;22;483
12;2025-12-04;23;263
12;2025-12-05;0;53
12;2025-12-05;1;1
12;2025-12-05;2;0
12;2025-12-05;3;0
12;2025-12-05;4;5
12;2025-12-05;5;328
12;2025-12-05;6;1414
12;2025-12-05;7;2699
12;2025-12-05;8;3424
12;2025-12-05;9;2470
12;2025-12-05;10;1931
12;2025-12-05;11;1885
12;2025-12-05;12;1934
12;2025-12-05;13;2061
12;2025-12-05;14;1941
12;2025-12-05;15;2243
12;2025-12-05;16;2816
12;2025-12-05;17;2925
12;2025-12-05;18;2656
12;2025-12-05;19;2175
12;2025-12-05;20;1407
12;2025-12-05;21;971
12;2025-12-05;22;474
12;2025-12-05;23;293
12;2025-12-06;0;69
12;2025-12-06;1;2
12;2025-12-06;2;0
12;2025-12-06;3;0
12;2025-12-06;4;2
12;2025-12-06;5;233
12;2025-12-06;6;816
12;2025-12-06;7;919
12;2025-12-06;8;1041
12;2025-12-06;9;1241
12;2025-12-06;10;1466
12;2025-12-06;11;1482
12;2025-12-06;12;1515
12;2025-12-06;13;1709
12;2025-12-06;14;1552
12;2025-12-06;15;1512
12;2025-12-06;16;1652
12;2025-12-06;17;1598
12;2025-12-06;18;1530
12;2025-12-06;19;1395
12;2025-12-06;20;984
12;2025-12-06;21;787
12;2025-12-06;22;403
12;2025-12-06;23;299
12;2025-12-07;0;84
12;2025-12-07;1;5
12;2025-12-07;2;0
12;2025-12-07;3;0
12;2025-12-07;4;3
12;2025-12-07;5;137
12;2025-12-07;6;533
12;2025-12-07;7;727
12;2025-12-07;8;733
12;2025-12-07;9;923
12;2025-12-07;10;1148
12;2025-12-07;11;1269
12;2025-12-07;12;1320
12;2025-12-07;13;1535
12;2025-12-07;14;1449
12;2025-12-07;15;1489
12;2025-12-07;16;1523
12;2025-12-07;17;1554
12;2025-12-07;18;1398
12;2025-12-07;19;1028
12;2025-12-07;20;793
12;2025-12-07;21;602
12;2025-12-07;22;405
12;2025-12-07;23;204
12;2025-12-08;0;54
12;2025-12-08;1;2
12;2025-12-08;2;0
12;2025-12-08;3;0
12;2025-12-08;4;7
12;2025-12-08;5;311
12;2025-12-08;6;1431
12;2025-12-08;7;2678
12;2025-12-08;8;3514
12;2025-12-08;9;2469
12;2025-12-08;10;1980
12;2025-12-08;11;1888
12;2025-12-08;12;2031
12;2025-12-08;13;1982
12;2025-12-08;14;1894
12;2025-12-08;15;2171
12;2025-12-08;16;2661
12;2025-12-08;17;2961
12;2025-12-08;18;3114
12;2025-12-08;19;2323
12;2025-12-08;20;1563
12;2025-12-08;21;950
12;2025-12-08;22;457
12;2025-12-08;23;244
12;2025-12-09;0;48
12;2025-12-09;1;1
12;2025-12-09;2;0
12;2025-12-09;3;0
12;2025-12-09;4;6
12;2025-12-09;5;328
12;2025-12-09;6;1452
12;2025-12-09;7;2775
12;2025-12-09;8;3625
12;2025-12-09;9;2517
12;2025-12-09;10;2054
12;2025-12-09;11;1922
12;2025-12-09;12;1972
12;2025-12-09;13;2055
12;2025-12-09;14;1923
12;2025-12-09;15;2185
12;2025-12-09;16;2650
12;2025-12-09;17;2980
12;2025-12-09;18;3145
12;2025-12-09;19;2346
12;2025-12-09;20;1493
12;2025-12-09;21;945
12;2025-12-09;22;462
12;2025-12-09;23;259
12;2025-12-10;0;57
12;2025-12-10;1;1
12;2025-12-10;2;0
12;2025-12-10;3;0
12;2025-12-10;4;7
12;2025-12-10;5;329
12;2025-12-10;6;1461
12;2025-12-10;7;2694
12;2025-12-10;8;3542
12;2025-12-10;9;2561
12;2025-12-10;10;2089
12;2025-12-10;11;1950
12;2025-12-10;12;2036
12;2025-12-10;13;2030
12;2025-12-10;14;1895
12;2025-12-10;15;2261
12;2025-12-10;16;2753
12;2025-12-10;17;2934
12;2025-12-10;18;3020
12;2025-12-10;19;2392
12;2025-12-10;20;1521
12;2025-12-10;21;997
12;2025-12-10;22;488
12;2025-12-10;23;263
12;2025-12-11;0;50
12;2025-12-11;1;2
12;2025-12-11;2;0
12;2025-12-11;3;0
12;2025-12-11;4;7
12;2025-12-11;5;314
12;2025-12-11;6;1429
12;2025-12-11;7;2740
12;2025-12-11;8;3607
12;2025-12-11;9;2491
12;2025-12-11;10;2034
12;2025-12-11;11;1868
12;2025-12-11;12;1955
12;2025-12-11;13;2035
12;2025-12-11;14;1882
12;2025-12-11;15;2188
12;2025-12-11;16;2674
12;2025-12-11;17;3001
12;2025-12-11;18;3153
12;2025-12-11;19;2413
12;2025-12-11;20;1560
12;2025-12-11;21;949
12;2025-12-11;22;483
12;2025-12-11;23;263
12;2025-12-12;0;53
12;2025-12-12;1;1
12;2025-12-12;2;0
12;2025-12-12;3;0
12;2025-12-12;4;5
12;2025-12-12;5;328
12;2025-12-12;6;1414
12;2025-12-12;7;2699
12;2025-12-12;8;3424
12;2025-12-12;9;2470
12;2025-12-12;10;1931
12;2025-12-12;11;1885
12;2025-12-12;12;1934
12;2025-12-12;13;2061
12;2025-12-12;14;1941
12;2025-12-12;15;2243
12;2025-12-12;16;2816
12;2025-12-12;17;2925
12;2025-12-12;18;2656
12;2025-12-12;19;2175
12;2025-12-12;20;1407
12;2025-12-12;21;971
12;2025-12-12;22;474
12;2025-12-12;23;293
12;2025-12-13;0;69
12;2025-12-13;1;2
12;2025-12-13;2;0
12;2025-12-13;3;0
12;2025-12-13;4;2
12;2025-12-13;5;233
12;2025-12-13;6;816
12;2025-12-13;7;919
12;2025-12-13;8;1041
12;2025-12-13;9;1241
12;2025-12-13;10;1466
12;2025-12-13;11;1482
12;2025-12-13;12;1515
12;2025-12-13;13;1709
12;2025-12-13;14;1552
12;2025-12-13;15;1512
12;2025-12-13;16;1652
12;2025-12-13;17;1598
12;2025-12-13;18;1530
12;2025-12-13;19;1395
12;2025-12-13;20;984
12;2025-12-13;21;787
12;2025-12-13;22;403
12;2025-12-13;23;299
12;2025-12-14;0;84
12;2025-12-14;1;5
12;2025-12-14;2;0
12;2025-12-14;3;0
12;2025-12-14;4;3
12;2025-12-14;5;137
12;2025-12-14;6;533
12;2025-12-14;7;727
12;2025-12-14;8;733
12;2025-12-14;9;923
12;2025-12-14;10;1148
12;2025-12-14;11;1269
12;2025-12-14;12;1320
12;2025-12-14;13;1535
12;2025-12-14;14;1449
12;2025-12-14;15;1489
12;2025-12-14;16;1523
12;2025-12-14;17;1554
12;2025-12-14;18;1398
12;2025-12-14;19;1028
12;2025-12-14;20;793
12;2025-12-14;21;602
12;2025-12-14;22;405
12;2025-12-14;23;204
12;2025-12-15;0;54
12;2025-12-15;1;2
12;2025-12-15;2;0
12;2025-12-15;3;0
12;2025-12-15;4;7
12;2025-12-15;5;311
12;2025-12-15;6;1431
12;2025-12-15;7;2678
12;2025-12-15;8;3514
12;2025-12-15;9;2469
12;2025-12-15;10;1980
12;2025-12-15;11;1888
12;2025-12-15;12;2031
12;2025-12-15;13;1982
12;2025-12-15;14;1894
12;2025-12-15;15;2171
12;2025-12-15;16;2661
12;2025-12-15;17;2961
12;2025-12-15;18;3114
12;2025-12-15;19;2323
12;2025-12-15;20;1563
12;2025-12-15;21;950
12;2025-12-15;22;457
12;2025-12-15;23;244
12;2025-12-16;0;48
12;2025-12-16;1;1
12;2025-12-16;2;0
12;2025-12-16;3;0
12;2025-12-16;4;6
12;2025-12-16;5;328
12;2025-12-16;6;1452
12;2025-12-16;7;2775
12;2025-12-16;8;3625
12;2025-12-16;9;2517
12;2025-12-16;10;2054
12;2025-12-16;11;1922
12;2025-12-16;12;1972
12;2025-12-16;13;2055
12;2025-12-16;14;1923
12;2025-12-16;15;2185
12;2025-12-16;16;2650
12;2025-12-16;17;2980
12;2025-12-16;18;3145
12;2025-12-16;19;2346
12;2025-12-16;20;1493
12;2025-12-16;21;945
12;2025-12-16;22;462
12;2025-12-16;23;259
12;2025-12-17;0;57
12;2025-12-17;1;1
12;2025-12-17;2;0
12;2025-12-17;3;0
12;2025-12-17;4;7
12;2025-12-17;5;329
12;2025-12-17;6;1461
12;2025-12-17;7;2694
12;2025-12-17;8;3542
12;2025-12-17;9;2561
12;2025-12-17;10;2089
12;2025-12-17;11;1950
12;2025-12-17;12;2036
12;2025-12-17;13;2030
12;2025-12-17;14;1895
12;2025-12-17;15;2261
12;2025-12-17;16;2753
12;2025-12-17;17;2934
12;2025-12-17;18;3020
12;2025-12-17;19;2392
12;2025-12-17;20;1521
12;2025-12-17;21;997
12;2025-12-17;22;488
12;2025-12-17;23;263
12;2025-12-18;0;50
12;2025-12-18;1;2
12;2025-12-18;2;0
12;2025-12-18;3;0
12;2025-12-18;4;7
12;2025-12-18;5;314
12;2025-12-18;6;1429
12;2025-12-18;7;2740
12;2025-12-18;8;3607
12;2025-12-18;9;2491
12;2025-12-18;10;2034
12;2025-12-18;11;1868
12;2025-12-18;12;1955
12;2025-12-18;13;2035
12;2025-12-18;14;1882
12;2025-12-18;15;2188
12;2025-12-18;16;2674
12;2025-12-18;17;3001
12;2025-12-18;18;3153
12;2025-12-18;19;2413
12;2025-12-18;20;1560
12;2025-12-18;21;949
12;2025-12-18;22;483
12;2025-12-18;23;263
12;2025-12-19;0;53
12;2025-12-19;1;1
12;2025-12-19;2;0
12;2025-12-19;3;0
12;2025-12-19;4;5
12;2025-12-19;5;328
12;2025-12-19;6;1414
12;2025-12-19;7;2699
12;2025-12-19;8;3424
12;2025-12-19;9;2470
12;2025-12-19;10;1931
12;2025-12-19;11;1885
12;2025-12-19;12;1934
12;2025-12-19;13;2061
12;2025-12-19;14;1941
12;2025-12-19;15;2243
12;2025-12-19;16;2816
12;2025-12-19;17;2925
12;2025-12-19;18;2656
12;2025-12-19;19;2175
12;2025-12-19;20;1407
12;2025-12-19;21;971
12;2025-12-19;22;474
12;2025-12-19;23;293
12;2025-12-20;0;69
12;2025-12-20;1;2
12;2025-12-20;2;0
12;2025-12-20;3;0
12;2025-12-20;4;2
12;2025-12-20;5;233
12;2025-12-20;6;816
12;2025-12-20;7;919
12;2025-12-20;8;1041
12;2025-12-20;9;1241
12;2025-12-20;10;1466
12;2025-12-20;11;1482
12;2025-12-20;12;1515
12;2025-12-20;13;1709
12;2025-12-20;14;1552
12;2025-12-20;15;1512
12;2025-12-20;16;1652
12;2025-12-20;17;1598
12;2025-12-20;18;1530
12;2025-12-20;19;1395
12;2025-12-20;20;984
12;2025-12-20;21;787
12;2025-12-20;22;403
12;2025-12-20;23;299
12;2025-12-21;0;84
12;2025-12-21;1;5
12;2025-12-21;2;0
12;2025-12-21;3;0
12;2025-12-21;4;3
12;2025-12-21;5;137
12;2025-12-21;6;533
12;2025-12-21;7;727
12;2025-12-21;8;733
12;2025-12-21;9;923
12;2025-12-21;10;1148
12;2025-12-21;11;1269
12;2025-12-21;12;1320
12;2025-12-21;13;1535
12;2025-12-21;14;1449
12;2025-12-21;15;1489
12;2025-12-21;16;1523
12;2025-12-21;17;1554
12;2025-12-21;18;1398
12;2025-12-21;19;1028
12;2025-12-21;20;793
12;2025-12-21;21;602
12;2025-12-21;22;405
12;2025-12-21;23;204
12;2025-12-22;0;54
12;2025-12-22;1;2
12;2025-12-22;2;0
12;2025-12-22;3;0
12;2025-12-22;4;7
12;2025-12-22;5;311
12;2025-12-22;6;1431
12;2025-12-22;7;2678
12;2025-12-22;8;3514
12;2025-12-22;9;2469
12;2025-12-22;10;1980
12;2025-12-22;11;1888
12;2025-12-22;12;2031
12;2025-12-22;13;1982
12;2025-12-22;14;1894
12;2025-12-22;15;2171
12;2025-12-22;16;2661
12;2025-12-22;17;2961
12;2025-12-22;18;3114
12;2025-12-22;19;2323
12;2025-12-22;20;1563
12;2025-12-22;21;950
12;2025-12-22;22;457
12;2025-12-22;23;244
12;2025-12-23;0;48
12;2025-12-23;1;1
12;2025-12-23;2;0
12;2025-12-23;3;0
12;2025-12-23;4;6
12;2025-12-23;5;328
12;2025-12-23;6;1452
12;2025-12-23;7;2775
12;2025-12-23;8;3625
12;2025-12-23;9;2517
12;2025-12-23;10;2054
12;2025-12-23;11;1922
12;2025-12-23;12;1972
12;2025-12-23;13;2055
12;2025-12-23;14;1923
12;2025-12-23;15;2185
12;2025-12-23;16;2650
12;2025-12-23;17;2980
12;2025-12-23;18;3145
12;2025-12-23;19;2346
12;2025-12-23;20;1493
12;2025-12-23;21;945
12;2025-12-23;22;462
12;2025-12-23;23;259
12;2025-12-24;0;57
12;2025-12-24;1;1
12;2025-12-24;2;0
12;2025-12-24;3;0
12;2025-12-24;4;7
12;2025-12-24;5;329
12;2025-12-24;6;1461
12;2025-12-24;7;2694
12;2025-12-24;8;3542
12;2025-12-24;9;2561
12;2025-12-24;10;2089
12;2025-12-24;11;1950
12;2025-12-24;12;2036
12;2025-12-24;13;2030
12;2025-12-24;14;1895
12;2025-12-24;15;2261
12;2025-12-24;16;2753
12;2025-12-24;17;2934
12;2025-12-24;18;3020
12;2025-12-24;19;2392
12;2025-12-24;20;1521
12;2025-12-24;21;997
12;2025-12-24;22;488
12;2025-12-24;23;263
12;2025-12-25;0;50
12;2025-12-25;1;2
12;2025-12-25;2;0
12;2025-12-25;3;0
12;2025-12-25;4;7
12;2025-12-25;5;314
12;2025-12-25;6;1429
12;2025-12-25;7;2740
12;2025-12-25;8;3607
12;2025-12-25;9;2491
12;2025-12-25;10;2034
12;2025-12-25;11;1868
12;2025-12-25;12;1955
12;2025-12-25;13;2035
12;2025-12-25;14;1882
12;2025-12-25;15;2188
12;2025-12-25;16;2674
12;2025-12-25;17;3001
12;2025-12-25;18;3153
12;2025-12-25;19;2413
12;2025-12-25;20;1560
12;2025-12-25;21;949
12;2025-12-25;22;483
12;2025-12-25;23;263
12;2025-12-26;0;53
12;2025-12-26;1;1
12;2025-12-26;2;0
12;2025-12-26;3;0
12;2025-12-26;4;5
12;2025-12-26;5;328
12;2025-12-26;6;1414
12;2025-12-26;7;2699
12;2025-12-26;8;3424
12;2025-12-26;9;2470
12;2025-12-26;10;1931
12;2025-12-26;11;1885
12;2025-12-26;12;1934
12;2025-12-26;13;2061
12;2025-12-26;14;1941
12;2025-12-26;15;2243
12;2025-12-26;16;2816
12;2025-12-26;17;2925
12;2025-12-26;18;2656
12;2025-12-26;19;2175
12;2025-12-26;20;1407
12;2025-12-26;21;971
12;2025-12-26;22;474
12;2025-12-26;23;293
12;2025-12-27;0;69
12;2025-12-27;1;2
12;2025-12-27;2;0
12;2025-12-27;3;0
12;2025-12-27;4;2
12;2025-12-27;5;233
12;2025-12-27;6;816
12;2025-12-27;7;919
12;2025-12-27;8;1041
12;2025-12-27;9;1241
12;2025-12-27;10;1466
12;2025-12-27;11;1482
12;2025-12-27;12;1515
12;2025-12-27;13;1709
12;2025-12-27;14;1552
12;2025-12-27;15;1512
12;2025-12-27;16;1652
12;2025-12-27;17;1598
12;2025-12-27;18;1530
12;2025-12-27;19;1395
12;2025-12-27;20;984
12;2025-12-27;21;787
12;2025-12-27;22;403
12;2025-12-27;23;299
12;2025-12-28;0;84
12;2025-12-28;1;5
12;2025-12-28;2;0
12;2025-12-28;3;0
12;2025-12-28;4;3
12;2025-12-28;5;137
12;2025-12-28;6;533
12;2025-12-28;7;727
12;2025-12-28;8;733
12;2025-12-28;9;923
12;2025-12-28;10;1148
12;2025-12-28;11;1269
12;2025-12-28;12;1320
12;2025-12-28;13;1535
12;2025-12-28;14;1449
12;2025-12-28;15;1489
12;2025-12-28;16;1523
12;2025-12-28;17;1554
12;2025-12-28;18;1398
12;2025-12-28;19;1028
12;2025-12-28;20;793
12;2025-12-28;21;602
12;2025-12-28;22;405
12;2025-12-28;23;204
12;2025-12-29;0;54
12;2025-12-29;1;2
12;2025-12-29;2;0
12;2025-12-29;3;0
12;2025-12-29;4;7
12;2025-12-29;5;311
12;2025-12-29;6;1431
12;2025-12-29;7;2678
12;2025-12-29;8;3514
12;2025-12-29;9;2469
12;2025-12-29;10;1980
12;2025-12-29;11;1888
12;2025-12-29;12;2031
12;2025-12-29;13;1982
12;2025-12-29;14;1894
12;2025-12-29;15;2171
12;2025-12-29;16;2661
12;2025-12-29;17;2961
12;2025-12-29;18;3114
12;2025-12-29;19;2323
12;2025-12-29;20;1563
12;2025-12-29;21;950
12;2025-12-29;22;457
12;2025-12-29;23;244
12;2025-12-30;0;48
12;2025-12-30;1;1
12;2025-12-30;2;0
12;2025-12-30;3;0
12;2025-12-30;4;6
12;2025-12-30;5;328
12;2025-12-30;6;1452
12;2025-12-30;7;2775
12;2025-12-30;8;3625
12;2025-12-30;9;2517
12;2025-12-30;10;2054
12;2025-12-30;11;1922
12;2025-12-30;12;1972
12;2025-12-30;13;2055
12;2025-12-30;14;1923
12;2025-12-30;15;2185
12;2025-12-30;16;2650
12;2025-12-30;17;2980
12;2025-12-30;18;3145
12;2025-12-30;19;2346
12;2025-12-30;20;1493
12;2025-12-30;21;945
12;2025-12-30;22;462
12;2025-12-30;23;259
12;2025-12-31;0;84
12;2025-12-31;1;5
12;2025-12-31;2;0
12;2025-12-31;3;0
12;2025-12-31;4;3
12;2025-12-31;5;137
12;2025-12-31;6;533
12;2025-12-31;7;727
12;2025-12-31;8;733
12;2025-12-31;9;923
12;2025-12-31;10;1148
12;2025-12-31;11;1269
12;2025-12-31;12;1320
12;2025-12-31;13;1535
12;2025-12-31;14;1449
12;2025-12-31;15;1489
12;2025-12-31;16;1523
12;2025-12-31;17;1554
12;2025-12-31;18;1398
12;2025-12-31;19;1028
12;2025-12-31;20;793
12;2025-12-31;21;602
12;2025-12-31;22;405
12;2025-12-31;23;204
17;2025-11-01;0;138
17;2025-11-01;1;15
17;2025-11-01;2;0
17;2025-11-01;3;0
17;2025-11-01;4;25
17;2025-11-01;5;309
17;2025-11-01;6;1535
17;2025-11-01;7;4145
17;2025-11-01;8;5289
17;2025-11-01;9;3786
17;2025-11-01;10;2997
17;2025-11-01;11;3029
17;2025-11-01;12;2991
17;2025-11-01;13;3092
17;2025-11-01;14;3150
17;2025-11-01;15;3370
17;2025-11-01;16;3978
17;2025-11-01;17;4638
17;2025-11-01;18;4397
17;2025-11-01;19;3225
17;2025-11-01;20;2325
17;2025-11-01;21;1539
17;2025-11-01;22;752
17;2025-11-01;23;446
17;2025-11-02;0;186
17;2025-11-02;1;25
17;2025-11-02;2;0
17;2025-11-02;3;0
17;2025-11-02;4;3
17;2025-11-02;5;108
17;2025-11-02;6;443
17;2025-11-02;7;848
17;2025-11-02;8;1225
17;2025-11-02;9;1690
17;2025-11-02;10;1977
17;2025-11-02;11;2534
17;2025-11-02;12;2890
17;2025-11-02;13;3183
17;2025-11-02;14;3287
17;2025-11-02;15;3192
17;2025-11-02;16;3142
17;2025-11-02;17;3018
17;2025-11-02;18;2624
17;2025-11-02;19;2097
17;2025-11-02;20;1567
17;2025-11-02;21;1130
17;2025-11-02;22;680
17;2025-11-02;23;319
17;2025-11-03;0;186
17;2025-11-03;1;25
17;2025-11-03;2;0
17;2025-11-03;3;0
17;2025-11-03;4;3
17;2025-11-03;5;108
17;2025-11-03;6;443
17;2025-11-03;7;848
17;2025-11-03;8;1225
17;2025-11-03;9;1690
17;2025-11-03;10;1977
17;2025-11-03;11;2534
17;2025-11-03;12;2890
17;2025-11-03;13;3183
17;2025-11-03;14;3287
17;2025-11-03;15;3192
17;2025-11-03;16;3142
17;2025-11-03;17;3018
17;2025-11-03;18;2624
17;2025-11-03;19;2097
17;2025-11-03;20;1567
17;2025-11-03;21;1130
17;2025-11-03;22;680
17;2025-11-03;23;319
17;2025-11-04;0;186
17;2025-11-04;1;25
17;2025-11-04;2;0
17;2025-11-04;3;0
17;2025-11-04;4;3
17;2025-11-04;5;108
17;2025-11-04;6;443
17;2025-11-04;7;848
17;2025-11-04;8;1225
17;2025-11-04;9;1690
17;2025-11-04;10;1977
17;2025-11-04;11;2534
17;2025-11-04;12;2890
17;2025-11-04;13;3183
17;2025-11-04;14;3287
17;2025-11-04;15;3192
17;2025-11-04;16;3142
17;2025-11-04;17;3018
17;2025-11-04;18;2624
17;2025-11-04;19;2097
17;2025-11-04;20;1567
17;2025-11-04;21;1130
17;2025-11-04;22;680
17;2025-11-04;23;319
17;2025-11-05;0;122
17;2025-11-05;1;11
17;2025-11-05;2;0
17;2025-11-05;3;0
17;2025-11-05;4;25
17;2025-11-05;5;302
17;2025-11-05;6;1523
17;2025-11-05;7;4170
17;2025-11-05;8;5342
17;2025-11-05;9;3752
17;2025-11-05;10;3039
17;2025-11-05;11;3043
17;2025-11-05;12;3079
17;2025-11-05;13;3105
17;2025-11-05;14;3253
17;2025-11-05;15;3324
17;2025-11-05;16;3703
17;2025-11-05;17;4509
17;2025-11-05;18;4706
17;2025-11-05;19;3283
17;2025-11-05;20;2292
17;2025-11-05;21;1458
17;2025-11-05;22;719
17;2025-11-05;23;379
17;2025-11-06;0;130
17;2025-11-06;1;12
17;2025-11-06;2;0
17;2025-11-06;3;0
17;2025-11-06;4;25
17;2025-11-06;5;312
17;2025-11-06;6;1534
17;2025-11-06;7;4202
17;2025-11-06;8;5334
17;2025-11-06;9;3859
17;2025-11-06;10;3080
17;2025-11-06;11;3056
17;2025-11-06;12;3076
17;2025-11-06;13;3120
17;2025-11-06;14;3193
17;2025-11-06;15;3289
17;2025-11-06;16;3772
17;2025-11-06;17;4498
17;2025-11-06;18;4633
17;2025-11-06;19;3331
17;2025-11-06;20;2383
17;2025-11-06;21;1481
17;2025-11-06;22;729
17;2025-11-06;23;393
17;2025-11-07;0;138
17;2025-11-07;1;15
17;2025-11-07;2;0
17;2025-11-07;3;0
17;2025-11-07;4;25
17;2025-11-07;5;309
17;2025-11-07;6;1535
17;2025-11-07;7;4145
17;2025-11-07;8;5289
17;2025-11-07;9;3786
17;2025-11-07;10;2997
17;2025-11-07;11;3029
17;2025-11-07;12;2991
17;2025-11-07;13;3092
17;2025-11-07;14;3150
17;2025-11-07;15;3370
17;2025-11-07;16;3978
17;2025-11-07;17;4638
17;2025-11-07;18;4397
17;2025-11-07;19;3225
17;2025-11-07;20;2325
17;2025-11-07;21;1539
17;2025-11-07;22;752
17;2025-11-07;23;446
17;2025-11-08;0;205
17;2025-11-08;1;26
17;2025-11-08;2;0
17;2025-11-08;3;0
17;2025-11-08;4;6
17;2025-11-08;5;137
17;2025-11-08;6;586
17;2025-11-08;7;1278
17;2025-11-08;8;1803
17;2025-11-08;9;2258
17;2025-11-08;10;2524
17;2025-11-08;11;2984
17;2025-11-08;12;3287
17;2025-11-08;13;3513
17;2025-11-08;14;3487
17;2025-11-08;15;3480
17;2025-11-08;16;3518
17;2025-11-08;17;3232
17;2025-11-08;18;2861
17;2025-11-08;19;2349
17;2025-11-08;20;1847
17;2025-11-08;21;1313
17;2025-11-08;22;789
17;2025-11-08;23;443
17;2025-11-09;0;186
17;2025-11-09;1;25
17;2025-11-09;2;0
17;2025-11-09;3;0
17;2025-11-09;4;3
17;2025-11-09;5;108
17;2025-11-09;6;443
17;2025-11-09;7;848
17;2025-11-09;8;1225
17;2025-11-09;9;1690
17;2025-11-09;10;1977
17;2025-11-09;11;2534
17;2025-11-09;12;2890
17;2025-11-09;13;3183
17;2025-11-09;14;3287
17;2025-11-09;15;3192
17;2025-11-09;16;3142
17;2025-11-09;17;3018
17;2025-11-09;18;2624
17;2025-11-09;19;2097
17;2025-11-09;20;1567
17;2025-11-09;21;1130
17;2025-11-09;22;680
17;2025-11-09;23;319
17;2025-11-10;0;122
17;2025-11-10;1;14
17;2025-11-10;2;0
17;2025-11-10;3;0
17;2025-11-10;4;26
17;2025-11-10;5;302
17;2025-11-10;6;1525
17;2025-11-10;7;4135
17;2025-11-10;8;5366
17;2025-11-10;9;3814
17;2025-11-10;10;2976
17;2025-11-10;11;2933
17;2025-11-10;12;2946
17;2025-11-10;13;3037
17;2025-11-10;14;3068
17;2025-11-10;15;3187
17;2025-11-10;16;3636
17;2025-11-10;17;4358
17;2025-11-10;18;4609
17;2025-11-10;19;3139
17;2025-11-10;20;2234
17;2025-11-10;21;1397
17;2025-11-10;22;665
17;2025-11-10;23;343
17;2025-11-11;0;114
17;2025-11-11;1;11
17;2025-11-11;2;0
17;2025-11-11;3;0
17;2025-11-11;4;24
17;2025-11-11;5;318
17;2025-11-11;6;1548
17;2025-11-11;7;4216
17;2025-11-11;8;5346
17;2025-11-11;9;3843
17;2025-11-11;10;2981
17;2025-11-11;11;2947
17;2025-11-11;12;2970
17;2025-11-11;13;3051
17;2025-11-11;14;3175
17;2025-11-11;15;3235
17;2025-11-11;16;3623
17;2025-11-11;17;4564
17;2025-11-11;18;4791
17;2025-11-11;19;3340
17;2025-11-11;20;2298
17;2025-11-11;21;1446
17;2025-11-11;22;689
17;2025-11-11;23;369
17;2025-11-12;0;122
17;2025-11-12;1;11
17;2025-11-12;2;0
17;2025-11-12;3;0
17;2025-11-12;4;25
17;2025-11-12;5;302
17;2025-11-12;6;1523
17;2025-11-12;7;4170
17;2025-11-12;8;5342
17;2025-11-12;9;3752
17;2025-11-12;10;3039
17;2025-11-12;11;3043
17;2025-11-12;12;3079
17;2025-11-12;13;3105
17;2025-11-12;14;3253
17;2025-11-12;15;3324
17;2025-11-12;16;3703
17;2025-11-12;17;4509
17;2025-11-12;18;4706
17;2025-11-12;19;3283
17;2025-11-12;20;2292
17;2025-11-12;21;1458
17;2025-11-12;22;719
17;2025-11-12;23;379
17;2025-11-13;0;130
17;2025-11-13;1;12
17;2025-11-13;2;0
17;2025-11-13;3;0
17;2025-11-13;4;25
17;2025-11-13;5;312
17;2025-11-13;6;1534
17;2025-11-13;7;4202
17;2025-11-13;8;5334
17;2025-11-13;9;3859
17;2025-11-13;10;3080
17;2025-11-13;11;3056
17;2025-11-13;12;3076
17;2025-11-13;13;3120
17;2025-11-13;14;3193
17;2025-11-13;15;3289
17;2025-11-13;16;3772
17;2025-11-13;17;4498
17;2025-11-13;18;4633
17;2025-11-13;19;3331
17;2025-11-13;20;2383
17;2025-11-13;21;1481
17;2025-11-13;22;729
17;2025-11-13;23;393
17;2025-11-14;0;138
17;2025-11-14;1;15
17;2025-11-14;2;0
17;2025-11-14;3;0
17;2025-11-14;4;25
17;2025-11-14;5;309
17;2025-11-14;6;1535
17;2025-11-14;7;4145
17;2025-11-14;8;5289
17;2025-11-14;9;3786
17;2025-11-14;10;2997
17;2025-11-14;11;3029
17;2025-11-14;12;2991
17;2025-11-14;13;3092
17;2025-11-14;14;3150
17;2025-11-14;15;3370
17;2025-11-14;16;3978
17;2025-11-14;17;4638
17;2025-11-14;18;4397
17;2025-11-14;19;3225
17;2025-11-14;20;2325
17;2025-11-14;21;1539
17;2025-11-14;22;752
17;2025-11-14;23;446
17;2025-11-15;0;205
17;2025-11-15;1;26
17;2025-11-15;2;0
17;2025-11-15;3;0
17;2025-11-15;4;6
17;2025-11-15;5;137
17;2025-11-15;6;586
17;2025-11-15;7;1278
17;2025-11-15;8;1803
17;2025-11-15;9;2258
17;2025-11-15;10;2524
17;2025-11-15;11;2984
17;2025-11-15;12;3287
17;2025-11-15;13;3513
17;2025-11-15;14;3487
17;2025-11-15;15;3480
17;2025-11-15;16;3518
17;2025-11-15;17;3232
17;2025-11-15;18;2861
17;2025-11-15;19;2349
17;2025-11-15;20;1847
17;2025-11-15;21;1313
17;2025-11-15;22;789
17;2025-11-15;23;443
17;2025-11-16;0;186
17;2025-11-16;1;25
17;2025-11-16;2;0
17;2025-11-16;3;0
17;2025-11-16;4;3
17;2025-11-16;5;108
17;2025-11-16;6;443
17;2025-11-16;7;848
17;2025-11-16;8;1225
17;2025-11-16;9;1690
17;2025-11-16;10;1977
17;2025-11-16;11;2534
17;2025-11-16;12;2890
17;2025-11-16;13;3183
17;2025-11-16;14;3287
17;2025-11-16;15;3192
17;2025-11-16;16;3142
17;2025-11-16;17;3018
17;2025-11-16;18;2624
17;2025-11-16;19;2097
17;2025-11-16;20;1567
17;2025-11-16;21;1130
17;2025-11-16;22;680
17;2025-11-16;23;319
17;2025-11-17;0;122
17;2025-11-17;1;14
17;2025-11-17;2;0
17;2025-11-17;3;0
17;2025-11-17;4;26
17;2025-11-17;5;302
17;2025-11-17;6;1525
17;2025-11-17;7;4135
17;2025-11-17;8;5366
17;2025-11-17;9;3814
17;2025-11-17;10;2976
17;2025-11-17;11;2933
17;2025-11-17;12;2946
17;2025-11-17;13;3037
17;2025-11-17;14;3068
17;2025-11-17;15;3187
17;2025-11-17;16;3636
17;2025-11-17;17;4358
17;2025-11-17;18;4609
17;2025-11-17;19;3139
17;2025-11-17;20;2234
17;2025-11-17;21;1397
17;2025-11-17;22;665
17;2025-11-17;23;343
17;2025-11-18;0;114
17;2025-11-18;1;11
17;2025-11-18;2;0
17;2025-11-18;3;0
17;2025-11-18;4;24
17;2025-11-18;5;318
17;2025-11-18;6;1548
17;2025-11-18;7;4216
17;2025-11-18;8;5346
17;2025-11-18;9;3843
17;2025-11-18;10;2981
17;2025-11-18;11;2947
17;2025-11-18;12;2970
17;2025-11-18;13;3051
17;2025-11-18;14;3175
17;2025-11-18;15;3235
17;2025-11-18;16;3623
17;2025-11-18;17;4564
17;2025-11-18;18;4791
17;2025-11-18;19;3340
17;2025-11-18;20;2298
17;2025-11-18;21;1446
17;2025-11-18;22;689
17;2025-11-18;23;369
17;2025-11-19;0;122
17;2025-11-19;1;11
17;2025-11-19;2;0
17;2025-11-19;3;0
17;2025-11-19;4;25
17;2025-11-19;5;302
17;2025-11-19;6;1523
17;2025-11-19;7;4170
17;2025-11-19;8;5342
17;2025-11-19;9;3752
17;2025-11-19;10;3039
17;2025-11-19;11;3043
17;2025-11-19;12;3079
17;2025-11-19;13;3105
17;2025-11-19;14;3253
17;2025-11-19;15;3324
17;2025-11-19;16;3703
17;2025-11-19;17;4509
17;2025-11-19;18;4706
17;2025-11-19;19;3283
17;2025-11-19;20;2292
17;2025-11-19;21;1458
17;2025-11-19;22;719
17;2025-11-19;23;379
17;2025-11-20;0;130
17;2025-11-20;1;12
17;2025-11-20;2;0
17;2025-11-20;3;0
17;2025-11-20;4;25
17;2025-11-20;5;312
17;2025-11-20;6;1534
17;2025-11-20;7;4202
17;2025-11-20;8;5334
17;2025-11-20;9;3859
17;2025-11-20;10;3080
17;2025-11-20;11;3056
17;2025-11-20;12;3076
17;2025-11-20;13;3120
17;2025-11-20;14;3193
17;2025-11-20;15;3289
17;2025-11-20;16;3772
17;2025-11-20;17;4498
17;2025-11-20;18;4633
17;2025-11-20;19;3331
17;2025-11-20;20;2383
17;2025-11-20;21;1481
17;2025-11-20;22;729
17;2025-11-20;23;393
17;2025-11-21;0;138
17;2025-11-21;1;15
17;2025-11-21;2;0
17;2025-11-21;3;0
17;2025-11-21;4;25
17;2025-11-21;5;309
17;2025-11-21;6;1535
17;2025-11-21;7;4145
17;2025-11-21;8;5289
17;2025-11-21;9;3786
17;2025-11-21;10;2997
17;2025-11-21;11;3029
17;2025-11-21;12;2991
17;2025-11-21;13;3092
17;2025-11-21;14;3150
17;2025-11-21;15;3370
17;2025-11-21;16;3978
17;2025-11-21;17;4638
17;2025-11-21;18;4397
17;2025-11-21;19;3225
17;2025-11-21;20;2325
17;2025-11-21;21;1539
17;2025-11-21;22;752
17;2025-11-21;23;446
17;2025-11-22;0;205
17;2025-11-22;1;26
17;2025-11-22;2;0
17;2025-11-22;3;0
17;2025-11-22;4;6
17;2025-11-22;5;137
17;2025-11-22;6;586
17;2025-11-22;7;1278
17;2025-11-22;8;1803
17;2025-11-22;9;2258
17;2025-11-22;10;2524
17;2025-11-22;11;2984
17;2025-11-22;12;3287
17;2025-11-22;13;3513
17;2025-11-22;14;3487
17;2025-11-22;15;3480
17;2025-11-22;16;3518
17;2025-11-22;17;3232
17;2025-11-22;18;2861
17;2025-11-22;19;2349
17;2025-11-22;20;1847
17;2025-11-22;21;1313
17;2025-11-22;22;789
17;2025-11-22;23;443
17;2025-11-23;0;186
17;2025-11-23;1;25
17;2025-11-23;2;0
17;2025-11-23;3;0
17;2025-11-23;4;3
17;2025-11-23;5;108
17;2025-11-23;6;443
17;2025-11-23;7;848
17;2025-11-23;8;1225
17;2025-11-23;9;1690
17;2025-11-23;10;1977
17;2025-11-23;11;2534
17;2025-11-23;12;2890
17;2025-11-23;13;3183
17;2025-11-23;14;3287
17;2025-11-23;15;3192
17;2025-11-23;16;3142
17;2025-11-23;17;3018
17;2025-11-23;18;2624
17;2025-11-23;19;2097
17;2025-11-23;20;1567
17;2025-11-23;21;1130
17;2025-11-23;22;680
17;2025-11-23;23;319
17;2025-11-24;0;122
17;2025-11-24;1;14
17;2025-11-24;2;0
17;2025-11-24;3;0
17;2025-11-24;4;26
17;2025-11-24;5;302
17;2025-11-24;6;1525
17;2025-11-24;7;4135
17;2025-11-24;8;5366
17;2025-11-24;9;3814
17;2025-11-24;10;2976
17;2025-11-24;11;2933
17;2025-11-24;12;2946
17;2025-11-24;13;3037
17;2025-11-24;14;3068
17;2025-11-24;15;3187
17;2025-11-24;16;3636
17;2025-11-24;17;4358
17;2025-11-24;18;4609
17;2025-11-24;19;3139
17;2025-11-24;20;2234
17;2025-11-24;21;1397
17;2025-11-24;22;665
17;2025-11-24;23;343
17;2025-11-25;0;114
17;2025-11-25;1;11
17;2025-11-25;2;0
17;2025-11-25;3;0
17;2025-11-25;4;24
17;2025-11-25;5;318
17;2025-11-25;6;1548
17;2025-11-25;7;4216
17;2025-11-25;8;5346
17;2025-11-25;9;3843
17;2025-11-25;10;2981
17;2025-11-25;11;2947
17;2025-11-25;12;2970
17;2025-11-25;13;3051
17;2025-11-25;14;3175
17;2025-11-25;15;3235
17;2025-11-25;16;3623
17;2025-11-25;17;4564
17;2025-11-25;18;4791
17;2025-11-25;19;3340
17;2025-11-25;20;2298
17;2025-11-25;21;1446
17;2025-11-25;22;689
17;2025-11-25;23;369
17;2025-11-26;0;122
17;2025-11-26;1;11
17;2025-11-26;2;0
17;2025-11-26;3;0
17;2025-11-26;4;25
17;2025-11-26;5;302
17;2025-11-26;6;1523
17;2025-11-26;7;4170
17;2025-11-26;8;5342
17;2025-11-26;9;3752
17;2025-11-26;10;3039
17;2025-11-26;11;3043
17;2025-11-26;12;3079
17;2025-11-26;13;3105
17;2025-11-26;14;3253
17;2025-11-26;15;3324
17;2025-11-26;16;3703
17;2025-11-26;17;4509
17;2025-11-26;18;4706
17;2025-11-26;19;3283
17;2025-11-26;20;2292
17;2025-11-26;21;1458
17;2025-11-26;22;719
17;2025-11-26;23;379
17;2025-11-27;0;130
17;2025-11-27;1;12
17;2025-11-27;2;0
17;2025-11-27;3;0
17;2025-11-27;4;25
17;2025-11-27;5;312
17;2025-11-27;6;1534
17;2025-11-27;7;4202
17;2025-11-27;8;5334
17;2025-11-27;9;3859
17;2025-11-27;10;3080
17;2025-11-27;11;3056
17;2025-11-27;12;3076
17;2025-11-27;13;3120
17;2025-11-27;14;3193
17;2025-11-27;15;3289
17;2025-11-27;16;3772
17;2025-11-27;17;4498
17;2025-11-27;18;4633
17;2025-11-27;19;3331
17;2025-11-27;20;2383
17;2025-11-27;21;1481
17;2025-11-27;22;729
17;2025-11-27;23;393
17;2025-11-28;0;138
17;2025-11-28;1;15
17;2025-11-28;2;0
17;2025-11-28;3;0
17;2025-11-28;4;25
17;2025-11-28;5;309
17;2025-11-28;6;1535
17;2025-11-28;7;4145
17;2025-11-28;8;5289
17;2025-11-28;9;3786
17;2025-11-28;10;2997
17;2025-11-28;11;3029
17;2025-11-28;12;2991
17;2025-11-28;13;3092
17;2025-11-28;14;3150
17;2025-11-28;15;3370
17;2025-11-28;16;3978
17;2025-11-28;17;4638
17;2025-11-28;18;4397
17;2025-11-28;19;3225
17;2025-11-28;20;2325
17;2025-11-28;21;1539
17;2025-11-28;22;752
17;2025-11-28;23;446
17;2025-11-29;0;205
17;2025-11-29;1;26
17;2025-11-29;2;0
17;2025-11-29;3;0
17;2025-11-29;4;6
17;2025-11-29;5;137
17;2025-11-29;6;586
17;2025-11-29;7;1278
17;2025-11-29;8;1803
17;2025-11-29;9;2258
17;2025-11-29;10;2524
17;2025-11-29;11;2984
17;2025-11-29;12;3287
17;2025-11-29;13;3513
17;2025-11-29;14;3487
17;2025-11-29;15;3480
17;2025-11-29;16;3518
17;2025-11-29;17;3232
17;2025-11-29;18;2861
17;2025-11-29;19;2349
17;2025-11-29;20;1847
17;2025-11-29;21;1313
17;2025-11-29;22;789
17;2025-11-29;23;443
17;2025-11-30;0;186
17;2025-11-30;1;25
17;2025-11-30;2;0
17;2025-11-30;3;0
17;2025-11-30;4;3
17;2025-11-30;5;108
17;2025-11-30;6;443
17;2025-11-30;7;848
17;2025-11-30;8;1225
17;2025-11-30;9;1690
17;2025-11-30;10;1977
17;2025-11-30;11;2534
17;2025-11-30;12;2890
17;2025-11-30;13;3183
17;2025-11-30;14;3287
17;2025-11-30;15;3192
17;2025-11-30;16;3142
17;2025-11-30;17;3018
17;2025-11-30;18;2624
17;2025-11-30;19;2097
17;2025-11-30;20;1567
17;2025-11-30;21;1130
17;2025-11-30;22;680
17;2025-11-30;23;319
17;2025-12-01;0;122
17;2025-12-01;1;14
17;2025-12-01;2;0
17;2025-12-01;3;0
17;2025-12-01;4;26
17;2025-12-01;5;302
17;2025-12-01;6;1525
17;2025-12-01;7;4135
17;2025-12-01;8;5366
17;2025-12-01;9;3814
17;2025-12-01;10;2976
17;2025-12-01;11;2933
17;2025-12-01;12;2946
17;2025-12-01;13;3037
17;2025-12-01;14;3068
17;2025-12-01;15;3187
17;2025-12-01;16;3636
17;2025-12-01;17;4358
17;2025-12-01;18;4609
17;2025-12-01;19;3139
17;2025-12-01;20;2234
17;2025-12-01;21;1397
17;2025-12-01;22;665
17;2025-12-01;23;343
17;2025-12-02;0;114
17;2025-12-02;1;11
17;2025-12-02;2;0
17;2025-12-02;3;0
17;2025-12-02;4;24
17;2025-12-02;5;318
17;2025-12-02;6;1548
17;2025-12-02;7;4216
17;2025-12-02;8;5346
17;2025-12-02;9;3843
17;2025-12-02;10;2981
17;2025-12-02;11;2947
17;2025-12-02;12;2970
17;2025-12-02;13;3051
17;2025-12-02;14;3175
17;2025-12-02;15;3235
17;2025-12-02;16;3623
17;2025-12-02;17;4564
17;2025-12-02;18;4791
17;2025-12-02;19;3340
17;2025-12-02;20;2298
17;2025-12-02;21;1446
17;2025-12-02;22;689
17;2025-12-02;23;369
17;2025-12-03;0;122
17;2025-12-03;1;11
17;2025-12-03;2;0
17;2025-12-03;3;0
17;2025-12-03;4;25
17;2025-12-03;5;302
17;2025-12-03;6;1523
17;2025-12-03;7;4170
17;2025-12-03;8;5342
17;2025-12-03;9;3752
17;2025-12-03;10;3039
17;2025-12-03;11;3043
17;2025-12-03;12;3079
17;2025-12-03;13;3105
17;2025-12-03;14;3253
17;2025-12-03;15;3324
17;2025-12-03;16;3703
17;2025-12-03;17;4509
17;2025-12-03;18;4706
17;2025-12-03;19;3283
17;2025-12-03;20;2292
17;2025-12-03;21;1458
17;2025-12-03;22;719
17;2025-12-03;23;379
17;2025-12-04;0;130
17;2025-12-04;1;12
17;2025-12-04;2;0
17;2025-12-04;3;0
17;2025-12-04;4;25
17;2025-12-04;5;312
17;2025-12-04;6;1534
17;2025-12-04;7;4202
17;2025-12-04;8;5334
17;2025-12-04;9;3859
17;2025-12-04;10;3080
17;2025-12-04;11;3056
17;2025-12-04;12;3076
17;2025-12-04;13;3120
17;2025-12-04;14;3193
17;2025-12-04;15;3289
17;2025-12-04;16;3772
17;2025-12-04;17;4498
17;2025-12-04;18;4633
17;2025-12-04;19;3331
17;2025-12-04;20;2383
17;2025-12-04;21;1481
17;2025-12-04;22;729
17;2025-12-04;23;393
17;2025-12-05;0;138
17;2025-12-05;1;15
17;2025-12-05;2;0
17;2025-12-05;3;0
17;2025-12-05;4;25
17;2025-12-05;5;309
17;2025-12-05;6;1535
17;2025-12-05;7;4145
17;2025-12-05;8;5289
17;2025-12-05;9;3786
17;2025-12-05;10;2997
17;2025-12-05;11;3029
17;2025-12-05;12;2991
17;2025-12-05;13;3092
17;2025-12-05;14;3150
17;2025-12-05;15;3370
17;2025-12-05;16;3978
17;2025-12-05;17;4638
17;2025-12-05;18;4397
17;2025-12-05;19;3225
17;2025-12-05;20;2325
17;2025-12-05;21;1539
17;2025-12-05;22;752
17;2025-12-05;23;446
17;2025-12-06;0;205
17;2025-12-06;1;26
17;2025-12-06;2;0
17;2025-12-06;3;0
17;2025-12-06;4;6
17;2025-12-06;5;137
17;2025-12-06;6;586
17;2025-12-06;7;1278
17;2025-12-06;8;1803
17;2025-12-06;9;2258
17;2025-12-06;10;2524
17;2025-12-06;11;2984
17;2025-12-06;12;3287
17;2025-12-06;13;3513
17;2025-12-06;14;3487
17;2025-12-06;15;3480
17;2025-12-06;16;3518
17;2025-12-06;17;3232
17;2025-12-06;18;2861
17;2025-12-06;19;2349
17;2025-12-06;20;1847
17;2025-12-06;21;1313
17;2025-12-06;22;789
17;2025-12-06;23;443
17;2025-12-07;0;186
17;2025-12-07;1;25
17;2025-12-07;2;0
17;2025-12-07;3;0
17;2025-12-07;4;3
17;2025-12-07;5;108
17;2025-12-07;6;443
17;2025-12-07;7;848
17;2025-12-07;8;1225
17;2025-12-07;9;1690
17;2025-12-07;10;1977
17;2025-12-07;11;2534
17;2025-12-07;12;2890
17;2025-12-07;13;3183
17;2025-12-07;14;3287
17;2025-12-07;15;3192
17;2025-12-07;16;3142
17;2025-12-07;17;3018
17;2025-12-07;18;2624
17;2025-12-07;19;2097
17;2025-12-07;20;1567
17;2025-12-07;21;1130
17;2025-12-07;22;680
17;2025-12-07;23;319
17;2025-12-08;0;122
17;2025-12-08;1;14
17;2025-12-08;2;0
17;2025-12-08;3;0
17;2025-12-08;4;26
17;2025-12-08;5;302
17;2025-12-08;6;1525
17;2025-12-08;7;4135
17;2025-12-08;8;5366
17;2025-12-08;9;3814
17;2025-12-08;10;2976
17;2025-12-08;11;2933
17;2025-12-08;12;2946
17;2025-12-08;13;3037
17;2025-12-08;14;3068
17;2025-12-08;15;3187
17;2025-12-08;16;3636
17;2025-12-08;17;4358
17;2025-12-08;18;4609
17;2025-12-08;19;3139
17;2025-12-08;20;2234
17;2025-12-08;21;1397
17;2025-12-08;22;665
17;2025-12-08;23;343
17;2025-12-09;0;114
17;2025-12-09;1;11
17;2025-12-09;2;0
17;2025-12-09;3;0
17;2025-12-09;4;24
17;2025-12-09;5;318
17;2025-12-09;6;1548
17;2025-12-09;7;4216
17;2025-12-09;8;5346
17;2025-12-09;9;3843
17;2025-12-09;10;2981
17;2025-12-09;11;2947
17;2025-12-09;12;2970
17;2025-12-09;13;3051
17;2025-12-09;14;3175
17;2025-12-09;15;3235
17;2025-12-09;16;3623
17;2025-12-09;17;4564
17;2025-12-09;18;4791
17;2025-12-09;19;3340
17;2025-12-09;20;2298
17;2025-12-09;21;1446
17;2025-12-09;22;689
17;2025-12-09;23;369
17;2025-12-10;0;122
17;2025-12-10;1;11
17;2025-12-10;2;0
17;2025-12-10;3;0
17;2025-12-10;4;25
17;2025-12-10;5;302
17;2025-12-10;6;1523
17;2025-12-10;7;4170
17;2025-12-10;8;5342
17;2025-12-10;9;3752
17;2025-12-10;10;3039
17;2025-12-10;11;3043
17;2025-12-10;12;3079
17;2025-12-10;13;3105
17;2025-12-10;14;3253
17;2025-12-10;15;3324
17;2025-12-10;16;3703
17;2025-12-10;17;4509
17;2025-12-10;18;4706
17;2025-12-10;19;3283
17;2025-12-10;20;2292
17;2025-12-10;21;1458
17;2025-12-10;22;719
17;2025-12-10;23;379
17;2025-12-11;0;130
17;2025-12-11;1;12
17;2025-12-11;2;0
17;2025-12-11;3;0
17;2025-12-11;4;25
17;2025-12-11;5;312
17;2025-12-11;6;1534
17;2025-12-11;7;4202
17;2025-12-11;8;5334
17;2025-12-11;9;3859
17;2025-12-11;10;3080
17;2025-12-11;11;3056
17;2025-12-11;12;3076
17;2025-12-11;13;3120
17;2025-12-11;14;3193
17;2025-12-11;15;3289
17;2025-12-11;16;3772
17;2025-12-11;17;4498
17;2025-12-11;18;4633
17;2025-12-11;19;3331
17;2025-12-11;20;2383
17;2025-12-11;21;1481
17;2025-12-11;22;729
17;2025-12-11;23;393
17;2025-12-12;0;138
17;2025-12-12;1;15
17;2025-12-12;2;0
17;2025-12-12;3;0
17;2025-12-12;4;25
17;2025-12-12;5;309
17;2025-12-12;6;1535
17;2025-12-12;7;4145
17;2025-12-12;8;5289
17;2025-12-12;9;3786
17;2025-12-12;10;2997
17;2025-12-12;11;3029
17;2025-12-12;12;2991
17;2025-12-12;13;3092
17;2025-12-12;14;3150
17;2025-12-12;15;3370
17;2025-12-12;16;3978
17;2025-12-12;17;4638
17;2025-12-12;18;4397
17;2025-12-12;19;3225
17;2025-12-12;20;2325
17;2025-12-12;21;1539
17;2025-12-12;22;752
17;2025-12-12;23;446
17;2025-12-13;0;205
17;2025-12-13;1;26
17;2025-12-13;2;0
17;2025-12-13;3;0
17;2025-12-13;4;6
17;2025-12-13;5;137
17;2025-12-13;6;586
17;2025-12-13;7;1278
17;2025-12-13;8;1803
17;2025-12-13;9;2258
17;2025-12-13;10;2524
17;2025-12-13;11;2984
17;2025-12-13;12;3287
17;2025-12-13;13;3513
17;2025-12-13;14;3487
17;2025-12-13;15;3480
17;2025-12-13;16;3518
17;2025-12-13;17;3232
17;2025-12-13;18;2861
17;2025-12-13;19;2349
17;2025-12-13;20;1847
17;2025-12-13;21;1313
17;2025-12-13;22;789
17;2025-12-13;23;443
17;2025-12-14;0;186
17;2025-12-14;1;25
17;2025-12-14;2;0
17;2025-12-14;3;0
17;2025-12-14;4;3
17;2025-12-14;5;108
17;2025-12-14;6;443
17;2025-12-14;7;848
17;2025-12-14;8;1225
17;2025-12-14;9;1690
17;2025-12-14;10;1977
17;2025-12-14;11;2534
17;2025-12-14;12;2890
17;2025-12-14;13;3183
17;2025-12-14;14;3287
17;2025-12-14;15;3192
17;2025-12-14;16;3142
17;2025-12-14;17;3018
17;2025-12-14;18;2624
17;2025-12-14;19;2097
17;2025-12-14;20;1567
17;2025-12-14;21;1130
17;2025-12-14;22;680
17;2025-12-14;23;319
17;2025-12-15;0;122
17;2025-12-15;1;14
17;2025-12-15;2;0
17;2025-12-15;3;0
17;2025-12-15;4;26
17;2025-12-15;5;302
17;2025-12-15;6;1525
17;2025-12-15;7;4135
17;2025-12-15;8;5366
17;2025-12-15;9;3814
17;2025-12-15;10;2976
17;2025-12-15;11;2933
17;2025-12-15;12;2946
17;2025-12-15;13;3037
17;2025-12-15;14;3068
17;2025-12-15;15;3187
17;2025-12-15;16;3636
17;2025-12-15;17;4358
17;2025-12-15;18;4609
17;2025-12-15;19;3139
17;2025-12-15;20;2234
17;2025-12-15;21;1397
17;2025-12-15;22;665
17;2025-12-15;23;343
17;2025-12-16;0;114
17;2025-12-16;1;11
17;2025-12-16;2;0
17;2025-12-16;3;0
17;2025-12-16;4;24
17;2025-12-16;5;318
17;2025-12-16;6;1548
17;2025-12-16;7;4216
17;2025-12-16;8;5346
17;2025-12-16;9;3843
17;2025-12-16;10;2981
17;2025-12-16;11;2947
17;2025-12-16;12;2970
17;2025-12-16;13;3051
17;2025-12-16;14;3175
17;2025-12-16;15;3235
17;2025-12-16;16;3623
17;2025-12-16;17;4564
17;2025-12-16;18;4791
17;2025-12-16;19;3340
17;2025-12-16;20;2298
17;2025-12-16;21;1446
17;2025-12-16;22;689
17;2025-12-16;23;369
17;2025-12-17;0;122
17;2025-12-17;1;11
17;2025-12-17;2;0
17;2025-12-17;3;0
17;2025-12-17;4;25
17;2025-12-17;5;302
17;2025-12-17;6;1523
17;2025-12-17;7;4170
17;2025-12-17;8;5342
17;2025-12-17;9;3752
17;2025-12-17;10;3039
17;2025-12-17;11;3043
17;2025-12-17;12;3079
17;2025-12-17;13;3105
17;2025-12-17;14;3253
17;2025-12-17;15;3324
17;2025-12-17;16;3703
17;2025-12-17;17;4509
17;2025-12-17;18;4706
17;2025-12-17;19;3283
17;2025-12-17;20;2292
17;2025-12-17;21;1458
17;2025-12-17;22;719
17;2025-12-17;23;379
17;2025-12-18;0;130
17;2025-12-18;1;12
17;2025-12-18;2;0
17;2025-12-18;3;0
17;2025-12-18;4;25
17;2025-12-18;5;312
17;2025-12-18;6;1534
17;2025-12-18;7;4202
17;2025-12-18;8;5334
17;2025-12-18;9;3859
17;2025-12-18;10;3080
17;2025-12-18;11;3056
17;2025-12-18;12;3076
17;2025-12-18;13;3120
17;2025-12-18;14;3193
17;2025-12-18;15;3289
17;2025-12-18;16;3772
17;2025-12-18;17;4498
17;2025-12-18;18;4633
17;2025-12-18;19;3331
17;2025-12-18;20;2383
17;2025-12-18;21;1481
17;2025-12-18;22;729
17;2025-12-18;23;393
17;2025-12-19;0;138
17;2025-12-19;1;15
17;2025-12-19;2;0
17;2025-12-19;3;0
17;2025-12-19;4;25
17;2025-12-19;5;309
17;2025-12-19;6;1535
17;2025-12-19;7;4145
17;2025-12-19;8;5289
17;2025-12-19;9;3786
17;2025-12-19;10;2997
17;2025-12-19;11;3029
17;2025-12-19;12;2991
17;2025-12-19;13;3092
17;2025-12-19;14;3150
17;2025-12-19;15;3370
17;2025-12-19;16;3978
17;2025-12-19;17;4638
17;2025-12-19;18;4397
17;2025-12-19;19;3225
17;2025-12-19;20;2325
17;2025-12-19;21;1539
17;2025-12-19;22;752
17;2025-12-19;23;446
17;2025-12-20;0;205
17;2025-12-20;1;26
17;2025-12-20;2;0
17;2025-12-20;3;0
17;2025-12-20;4;6
17;2025-12-20;5;137
17;2025-12-20;6;586
17;2025-12-20;7;1278
17;2025-12-20;8;1803
17;2025-12-20;9;2258
17;2025-12-20;10;2524
17;2025-12-20;11;2984
17;2025-12-20;12;3287
17;2025-12-20;13;3513
17;2025-12-20;14;3487
17;2025-12-20;15;3480
17;2025-12-20;16;3518
17;2025-12-20;17;3232
17;2025-12-20;18;2861
17;2025-12-20;19;2349
17;2025-12-20;20;1847
17;2025-12-20;21;1313
17;2025-12-20;22;789
17;2025-12-20;23;443
17;2025-12-21;0;186
17;2025-12-21;1;25
17;2025-12-21;2;0
17;2025-12-21;3;0
17;2025-12-21;4;3
17;2025-12-21;5;108
17;2025-12-21;6;443
17;2025-12-21;7;848
17;2025-12-21;8;1225
17;2025-12-21;9;1690
17;2025-12-21;10;1977
17;2025-12-21;11;2534
17;2025-12-21;12;2890
17;2025-12-21;13;3183
17;2025-12-21;14;3287
17;2025-12-21;15;3192
17;2025-12-21;16;3142
17;2025-12-21;17;3018
17;2025-12-21;18;2624
17;2025-12-21;19;2097
17;2025-12-21;20;1567
17;2025-12-21;21;1130
17;2025-12-21;22;680
17;2025-12-21;23;319
17;2025-12-22;0;122
17;2025-12-22;1;14
17;2025-12-22;2;0
17;2025-12-22;3;0
17;2025-12-22;4;26
17;2025-12-22;5;302
17;2025-12-22;6;1525
17;2025-12-22;7;4135
17;2025-12-22;8;5366
17;2025-12-22;9;3814
17;2025-12-22;10;2976
17;2025-12-22;11;2933
17;2025-12-22;12;2946
17;2025-12-22;13;3037
17;2025-12-22;14;3068
17;2025-12-22;15;3187
17;2025-12-22;16;3636
17;2025-12-22;17;4358
17;2025-12-22;18;4609
17;2025-12-22;19;3139
17;2025-12-22;20;2234
17;2025-12-22;21;1397
17;2025-12-22;22;665
17;2025-12-22;23;343
17;2025-12-23;0;114
17;2025-12-23;1;11
17;2025-12-23;2;0
17;2025-12-23;3;0
17;2025-12-23;4;24
17;2025-12-23;5;318
17;2025-12-23;6;1548
17;2025-12-23;7;4216
17;2025-12-23;8;5346
17;2025-12-23;9;3843
17;2025-12-23;10;2981
17;2025-12-23;11;2947
17;2025-12-23;12;2970
17;2025-12-23;13;3051
17;2025-12-23;14;3175
17;2025-12-23;15;3235
17;2025-12-23;16;3623
17;2025-12-23;17;4564
17;2025-12-23;18;4791
17;2025-12-23;19;3340
17;2025-12-23;20;2298
17;2025-12-23;21;1446
17;2025-12-23;22;689
17;2025-12-23;23;369
17;2025-12-24;0;122
17;2025-12-24;1;11
17;2025-12-24;2;0
17;2025-12-24;3;0
17;2025-12-24;4;25
17;2025-12-24;5;302
17;2025-12-24;6;1523
17;2025-12-24;7;4170
17;2025-12-24;8;5342
17;2025-12-24;9;3752
17;2025-12-24;10;3039
17;2025-12-24;11;3043
17;2025-12-24;12;3079
17;2025-12-24;13;3105
17;2025-12-24;14;3253
17;2025-12-24;15;3324
17;2025-12-24;16;3703
17;2025-12-24;17;4509
17;2025-12-24;18;4706
17;2025-12-24;19;3283
17;2025-12-24;20;2292
17;2025-12-24;21;1458
17;2025-12-24;22;719
17;2025-12-24;23;379
17;2025-12-25;0;130
17;2025-12-25;1;12
17;2025-12-25;2;0
17;2025-12-25;3;0
17;2025-12-25;4;25
17;2025-12-25;5;312
17;2025-12-25;6;1534
17;2025-12-25;7;4202
17;2025-12-25;8;5334
17;2025-12-25;9;3859
17;2025-12-25;10;3080
17;2025-12-25;11;3056
17;2025-12-25;12;3076
17;2025-12-25;13;3120
17;2025-12-25;14;3193
17;2025-12-25;15;3289
17;2025-12-25;16;3772
17;2025-12-25;17;4498
17;2025-12-25;18;4633
17;2025-12-25;19;3331
17;2025-12-25;20;2383
17;2025-12-25;21;1481
17;2025-12-25;22;729
17;2025-12-25;23;393
17;2025-12-26;0;138
17;2025-12-26;1;15
17;2025-12-26;2;0
17;2025-12-26;3;0
17;2025-12-26;4;25
17;2025-12-26;5;309
17;2025-12-26;6;1535
17;2025-12-26;7;4145
17;2025-12-26;8;5289
17;2025-12-26;9;3786
17;2025-12-26;10;2997
17;2025-12-26;11;3029
17;2025-12-26;12;2991
17;2025-12-26;13;3092
17;2025-12-26;14;3150
17;2025-12-26;15;3370
17;2025-12-26;16;3978
17;2025-12-26;17;4638
17;2025-12-26;18;4397
17;2025-12-26;19;3225
17;2025-12-26;20;2325
17;2025-12-26;21;1539
17;2025-12-26;22;752
17;2025-12-26;23;446
17;2025-12-27;0;205
17;2025-12-27;1;26
17;2025-12-27;2;0
17;2025-12-27;3;0
17;2025-12-27;4;6
17;2025-12-27;5;137
17;2025-12-27;6;586
17;2025-12-27;7;1278
17;2025-12-27;8;1803
17;2025-12-27;9;2258
17;2025-12-27;10;2524
17;2025-12-27;11;2984
17;2025-12-27;12;3287
17;2025-12-27;13;3513
17;2025-12-27;14;3487
17;2025-12-27;15;3480
17;2025-12-27;16;3518
17;2025-12-27;17;3232
17;2025-12-27;18;2861
17;2025-12-27;19;2349
17;2025-12-27;20;1847
17;2025-12-27;21;1313
17;2025-12-27;22;789
17;2025-12-27;23;443
17;2025-12-28;0;186
17;2025-12-28;1;25
17;2025-12-28;2;0
17;2025-12-28;3;0
17;2025-12-28;4;3
17;2025-12-28;5;108
17;2025-12-28;6;443
17;2025-12-28;7;848
17;2025-12-28;8;1225
17;2025-12-28;9;1690
17;2025-12-28;10;1977
17;2025-12-28;11;2534
17;2025-12-28;12;2890
17;2025-12-28;13;3183
17;2025-12-28;14;3287
17;2025-12-28;15;3192
17;2025-12-28;16;3142
17;2025-12-28;17;3018
17;2025-12-28;18;2624
17;2025-12-28;19;2097
17;2025-12-28;20;1567
17;2025-12-28;21;1130
17;2025-12-28;22;680
17;2025-12-28;23;319
17;2025-12-29;0;122
17;2025-12-29;1;14
17;2025-12-29;2;0
17;2025-12-29;3;0
17;2025-12-29;4;26
17;2025-12-29;5;302
17;2025-12-29;6;1525
17;2025-12-29;7;4135
17;2025-12-29;8;5366
17;2025-12-29;9;3814
17;2025-12-29;10;2976
17;2025-12-29;11;2933
17;2025-12-29;12;2946
17;2025-12-29;13;3037
17;2025-12-29;14;3068
17;2025-12-29;15;3187
17;2025-12-29;16;3636
17;2025-12-29;17;4358
17;2025-12-29;18;4609
17;2025-12-29;19;3139
17;2025-12-29;20;2234
17;2025-12-29;21;1397
17;2025-12-29;22;665
17;2025-12-29;23;343
17;2025-12-30;0;114
17;2025-12-30;1;11
17;2025-12-30;2;0
17;2025-12-30;3;0
17;2025-12-30;4;24
17;2025-12-30;5;318
17;2025-12-30;6;1548
17;2025-12-30;7;4216
17;2025-12-30;8;5346
17;2025-12-30;9;3843
17;2025-12-30;10;2981
17;2025-12-30;11;2947
17;2025-12-30;12;2970
17;2025-12-30;13;3051
17;2025-12-30;14;3175
17;2025-12-30;15;3235
17;2025-12-30;16;3623
17;2025-12-30;17;4564
17;2025-12-30;18;4791
17;2025-12-30;19;3340
17;2025-12-30;20;2298
17;2025-12-30;21;1446
17;2025-12-30;22;689
17;2025-12-30;23;369
17;2025-12-31;0;186
17;2025-12-31;1;25
17;2025-12-31;2;0
17;2025-12-31;3;0
17;2025-12-31;4;3
17;2025-12-31;5;108
17;2025-12-31;6;443
17;2025-12-31;7;848
17;2025-12-31;8;1225
17;2025-12-31;9;1690
17;2025-12-31;10;1977
17;2025-12-31;11;2534
17;2025-12-31;12;2890
17;2025-12-31;13;3183
17;2025-12-31;14;3287
17;2025-12-31;15;3192
17;2025-12-31;16;3142
17;2025-12-31;17;3018
17;2025-12-31;18;2624
17;2025-12-31;19;2097
17;2025-12-31;20;1567
17;2025-12-31;21;1130
17;2025-12-31;22;680
17;2025-12-31;23;319
25;2025-11-01;0;1
25;2025-11-01;1;0
25;2025-11-01;2;0
25;2025-11-01;3;0
25;2025-11-01;4;0
25;2025-11-01;5;16
25;2025-11-01;6;251
25;2025-11-01;7;552
25;2025-11-01;8;875
25;2025-11-01;9;449
25;2025-11-01;10;381
25;2025-11-01;11;442
25;2025-11-01;12;421
25;2025-11-01;13;557
25;2025-11-01;14;466
25;2025-11-01;15;612
25;2025-11-01;16;772
25;2025-11-01;17;781
25;2025-11-01;18;745
25;2025-11-01;19;615
25;2025-11-01;20;341
25;2025-11-01;21;214
25;2025-11-01;22;104
25;2025-11-01;23;15
25;2025-11-02;0;16
25;2025-11-02;1;1
25;2025-11-02;2;0
25;2025-11-02;3;0
25;2025-11-02;4;0
25;2025-11-02;5;10
25;2025-11-02;6;102
25;2025-11-02;7;107
25;2025-11-02;8;185
25;2025-11-02;9;219
25;2025-11-02;10;222
25;2025-11-02;11;309
25;2025-11-02;12;380
25;2025-11-02;13;487
25;2025-11-02;14;556
25;2025-11-02;15;655
25;2025-11-02;16;554
25;2025-11-02;17;555
25;2025-11-02;18;449
25;2025-11-02;19;310
25;2025-11-02;20;230
25;2025-11-02;21;158
25;2025-11-02;22;97
25;2025-11-02;23;34
25;2025-11-03;0;16
25;2025-11-03;1;1
25;2025-11-03;2;0
25;2025-11-03;3;0
25;2025-11-03;4;0
25;2025-11-03;5;10
25;2025-11-03;6;102
25;2025-11-03;7;107
25;2025-11-03;8;185
25;2025-11-03;9;219
25;2025-11-03;10;222
25;2025-11-03;11;309
25;2025-11-03;12;380
25;2025-11-03;13;487
25;2025-11-03;14;556
25;2025-11-03;15;655
25;2025-11-03;16;554
25;2025-11-03;17;555
25;2025-11-03;18;449
25;2025-11-03;19;310
25;2025-11-03;20;230
25;2025-11-03;21;158
25;2025-11-03;22;97
25;2025-11-03;23;34
25;2025-11-04;0;16
25;2025-11-04;1;1
25;2025-11-04;2;0
25;2025-11-04;3;0
25;2025-11-04;4;0
25;2025-11-04;5;10
25;2025-11-04;6;102
25;2025-11-04;7;107
25;2025-11-04;8;185
25;2025-11-04;9;219
25;2025-11-04;10;222
25;2025-11-04;11;309
25;2025-11-04;12;380
25;2025-11-04;13;487
25;2025-11-04;14;556
25;2025-11-04;15;655
25;2025-11-04;16;554
25;2025-11-04;17;555
25;2025-11-04;18;449
25;2025-11-04;19;310
25;2025-11-04;20;230
25;2025-11-04;21;158
25;2025-11-04;22;97
25;2025-11-04;23;34
25;2025-11-05;0;1
25;2025-11-05;1;0
25;2025-11-05;2;0
25;2025-11-05;3;0
25;2025-11-05;4;0
25;2025-11-05;5;19
25;2025-11-05;6;247
25;2025-11-05;7;529
25;2025-11-05;8;902
25;2025-11-05;9;471
25;2025-11-05;10;385
25;2025-11-05;11;452
25;2025-11-05;12;447
25;2025-11-05;13;580
25;2025-11-05;14;398
25;2025-11-05;15;577
25;2025-11-05;16;676
25;2025-11-05;17;837
25;2025-11-05;18;857
25;2025-11-05;19;636
25;2025-11-05;20;337
25;2025-11-05;21;256
25;2025-11-05;22;104
25;2025-11-05;23;10
25;2025-11-06;0;2
25;2025-11-06;1;0
25;2025-11-06;2;0
25;2025-11-06;3;0
25;2025-11-06;4;0
25;2025-11-06;5;20
25;2025-11-06;6;249
25;2025-11-06;7;540
25;2025-11-06;8;875
25;2025-11-06;9;462
25;2025-11-06;10;392
25;2025-11-06;11;435
25;2025-11-06;12;423
25;2025-11-06;13;545
25;2025-11-06;14;507
25;2025-11-06;15;605
25;2025-11-06;16;699
25;2025-11-06;17;748
25;2025-11-06;18;778
25;2025-11-06;19;602
25;2025-11-06;20;307
25;2025-11-06;21;215
25;2025-11-06;22;91
25;2025-11-06;23;6
25;2025-11-07;0;1
25;2025-11-07;1;0
25;2025-11-07;2;0
25;2025-11-07;3;0
25;2025-11-07;4;0
25;2025-11-07;5;16
25;2025-11-07;6;251
25;2025-11-07;7;552
25;2025-11-07;8;875
25;2025-11-07;9;449
25;2025-11-07;10;381
25;2025-11-07;11;442
25;2025-11-07;12;421
25;2025-11-07;13;557
25;2025-11-07;14;466
25;2025-11-07;15;612
25;2025-11-07;16;772
25;2025-11-07;17;781
25;2025-11-07;18;745
25;2025-11-07;19;615
25;2025-11-07;20;341
25;2025-11-07;21;214
25;2025-11-07;22;104
25;2025-11-07;23;15
25;2025-11-08;0;8
25;2025-11-08;1;0
25;2025-11-08;2;0
25;2025-11-08;3;0
25;2025-11-08;4;0
25;2025-11-08;5;19
25;2025-11-08;6;125
25;2025-11-08;7;136
25;2025-11-08;8;317
25;2025-11-08;9;287
25;2025-11-08;10;283
25;2025-11-08;11;383
25;2025-11-08;12;391
25;2025-11-08;13;625
25;2025-11-08;14;630
25;2025-11-08;15;728
25;2025-11-08;16;665
25;2025-11-08;17;553
25;2025-11-08;18;521
25;2025-11-08;19;453
25;2025-11-08;20;262
25;2025-11-08;21;202
25;2025-11-08;22;121
25;2025-11-08;23;45
25;2025-11-09;0;16
25;2025-11-09;1;1
25;2025-11-09;2;0
25;2025-11-09;3;0
25;2025-11-09;4;0
25;2025-11-09;5;10
25;2025-11-09;6;102
25;2025-11-09;7;107
25;2025-11-09;8;185
25;2025-11-09;9;219
25;2025-11-09;10;222
25;2025-11-09;11;309
25;2025-11-09;12;380
25;2025-11-09;13;487
25;2025-11-09;14;556
25;2025-11-09;15;655
25;2025-11-09;16;554
25;2025-11-09;17;555
25;2025-11-09;18;449
25;2025-11-09;19;310
25;2025-11-09;20;230
25;2025-11-09;21;158
25;2025-11-09;22;97
25;2025-11-09;23;34
25;2025-11-10;0;6
25;2025-11-10;1;0
25;2025-11-10;2;0
25;2025-11-10;3;0
25;2025-11-10;4;0
25;2025-11-10;5;17
25;2025-11-10;6;239
25;2025-11-10;7;532
25;2025-11-10;8;919
25;2025-11-10;9;506
25;2025-11-10;10;351
25;2025-11-10;11;414
25;2025-11-10;12;420
25;2025-11-10;13;564
25;2025-11-10;14;461
25;2025-11-10;15;523
25;2025-11-10;16;693
25;2025-11-10;17;764
25;2025-11-10;18;766
25;2025-11-10;19;589
25;2025-11-10;20;323
25;2025-11-10;21;210
25;2025-11-10;22;93
25;2025-11-10;23;12
25;2025-11-11;0;4
25;2025-11-11;1;0
25;2025-11-11;2;0
25;2025-11-11;3;0
25;2025-11-11;4;0
25;2025-11-11;5;17
25;2025-11-11;6;240
25;2025-11-11;7;534
25;2025-11-11;8;934
25;2025-11-11;9;460
25;2025-11-11;10;367
25;2025-11-11;11;427
25;2025-11-11;12;412
25;2025-11-11;13;506
25;2025-11-11;14;458
25;2025-11-11;15;565
25;2025-11-11;16;681
25;2025-11-11;17;746
25;2025-11-11;18;748
25;2025-11-11;19;574
25;2025-11-11;20;327
25;2025-11-11;21;216
25;2025-11-11;22;89
25;2025-11-11;23;8
25;2025-11-12;0;1
25;2025-11-12;1;0
25;2025-11-12;2;0
25;2025-11-12;3;0
25;2025-11-12;4;0
25;2025-11-12;5;19
25;2025-11-12;6;247
25;2025-11-12;7;529
25;2025-11-12;8;902
25;2025-11-12;9;471
25;2025-11-12;10;385
25;2025-11-12;11;452
25;2025-11-12;12;447
25;2025-11-12;13;580
25;2025-11-12;14;398
25;2025-11-12;15;577
25;2025-11-12;16;676
25;2025-11-12;17;837
25;2025-11-12;18;857
25;2025-11-12;19;636
25;2025-11-12;20;337
25;2025-11-12;21;256
25;2025-11-12;22;104
25;2025-11-12;23;10
25;2025-11-13;0;2
25;2025-11-13;1;0
25;2025-11-13;2;0
25;2025-11-13;3;0
25;2025-11-13;4;0
25;2025-11-13;5;20
25;2025-11-13;6;249
25;2025-11-13;7;540
25;2025-11-13;8;875
25;2025-11-13;9;462
25;2025-11-13;10;392
25;2025-11-13;11;435
25;2025-11-13;12;423
25;2025-11-13;13;545
25;2025-11-13;14;507
25;2025-11-13;15;605
25;2025-11-13;16;699
25;2025-11-13;17;748
25;2025-11-13;18;778
25;2025-11-13;19;602
25;2025-11-13;20;307
25;2025-11-13;21;215
25;2025-11-13;22;91
25;2025-11-13;23;6
25;2025-11-14;0;1
25;2025-11-14;1;0
25;2025-11-14;2;0
25;2025-11-14;3;0
25;2025-11-14;4;0
25;2025-11-14;5;16
25;2025-11-14;6;251
25;2025-11-14;7;552
25;2025-11-14;8;875
25;2025-11-14;9;449
25;2025-11-14;10;381
25;2025-11-14;11;442
25;2025-11-14;12;421
25;2025-11-14;13;557
25;2025-11-14;14;466
25;2025-11-14;15;612
25;2025-11-14;16;772
25;2025-11-14;17;781
25;2025-11-14;18;745
25;2025-11-14;19;615
25;2025-11-14;20;341
25;2025-11-14;21;214
25;2025-11-14;22;104
25;2025-11-14;23;15
25;2025-11-15;0;8
25;2025-11-15;1;0
25;2025-11-15;2;0
25;2025-11-15;3;0
25;2025-11-15;4;0
25;2025-11-15;5;19
25;2025-11-15;6;125
25;2025-11-15;7;136
25;2025-11-15;8;317
25;2025-11-15;9;287
25;2025-11-15;10;283
25;2025-11-15;11;383
25;2025-11-15;12;391
25;2025-11-15;13;625
25;2025-11-15;14;630
25;2025-11-15;15;728
25;2025-11-15;16;665
25;2025-11-15;17;553
25;2025-11-15;18;521
25;2025-11-15;19;453
25;2025-11-15;20;262
25;2025-11-15;21;202
25;2025-11-15;22;121
25;2025-11-15;23;45
25;2025-11-16;0;16
25;2025-11-16;1;1
25;2025-11-16;2;0
25;2025-11-16;3;0
25;2025-11-16;4;0
25;2025-11-16;5;10
25;2025-11-16;6;102
25;2025-11-16;7;107
25;2025-11-16;8;185
25;2025-11-16;9;219
25;2025-11-16;10;222
25;2025-11-16;11;309
25;2025-11-16;12;380
25;2025-11-16;13;487
25;2025-11-16;14;556
25;2025-11-16;15;655
25;2025-11-16;16;554
25;2025-11-16;17;555
25;2025-11-16;18;449
25;2025-11-16;19;310
25;2025-11-16;20;230
25;2025-11-16;21;158
25;2025-11-16;22;97
25;2025-11-16;23;34
25;2025-11-17;0;6
25;2025-11-17;1;0
25;2025-11-17;2;0
25;2025-11-17;3;0
25;2025-11-17;4;0
25;2025-11-17;5;17
25;2025-11-17;6;239
25;2025-11-17;7;532
25;2025-11-17;8;919
25;2025-11-17;9;506
25;2025-11-17;10;351
25;2025-11-17;11;414
25;2025-11-17;12;420
25;2025-11-17;13;564
25;2025-11-17;14;461
25;2025-11-17;15;523
25;2025-11-17;16;693
25;2025-11-17;17;764
25;2025-11-17;18;766
25;2025-11-17;19;589
25;2025-11-17;20;323
25;2025-11-17;21;210
25;2025-11-17;22;93
25;2025-11-17;23;12
25;2025-11-18;0;4
25;2025-11-18;1;0
25;2025-11-18;2;0
25;2025-11-18;3;0
25;2025-11-18;4;0
25;2025-11-18;5;17
25;2025-11-18;6;240
25;2025-11-18;7;534
25;2025-11-18;8;934
25;2025-11-18;9;460
25;2025-11-18;10;367
25;2025-11-18;11;427
25;2025-11-18;12;412
25;2025-11-18;13;506
25;2025-11-18;14;458
25;2025-11-18;15;565
25;2025-11-18;16;681
25;2025-11-18;17;746
25;2025-11-18;18;748
25;2025-11-18;19;574
25;2025-11-18;20;327
25;2025-11-18;21;216
25;2025-11-18;22;89
25;2025-11-18;23;8
25;2025-11-19;0;1
25;2025-11-19;1;0
25;2025-11-19;2;0
25;2025-11-19;3;0
25;2025-11-19;4;0
25;2025-11-19;5;19
25;2025-11-19;6;247
25;2025-11-19;7;529
25;2025-11-19;8;902
25;2025-11-19;9;471
25;2025-11-19;10;385
25;2025-11-19;11;452
25;2025-11-19;12;447
25;2025-11-19;13;580
25;2025-11-19;14;398
25;2025-11-19;15;577
25;2025-11-19;16;676
25;2025-11-19;17;837
25;2025-11-19;18;857
25;2025-11-19;19;636
25;2025-11-19;20;337
25;2025-11-19;21;256
25;2025-11-19;22;104
25;2025-11-19;23;10
25;2025-11-20;0;2
25;2025-11-20;1;0
25;2025-11-20;2;0
25;2025-11-20;3;0
25;2025-11-20;4;0
25;2025-11-20;5;20
25;2025-11-20;6;249
25;2025-11-20;7;540
25;2025-11-20;8;875
25;2025-11-20;9;462
25;2025-11-20;10;392
25;2025-11-20;11;435
25;2025-11-20;12;423
25;2025-11-20;13;545
25;2025-11-20;14;507
25;2025-11-20;15;605
25;2025-11-20;16;699
25;2025-11-20;17;748
25;2025-11-20;18;778
25;2025-11-20;19;602
25;2025-11-20;20;307
25;2025-11-20;21;215
25;2025-11-20;22;91
25;2025-11-20;23;6
25;2025-11-21;0;1
25;2025-11-21;1;0
25;2025-11-21;2;0
25;2025-11-21;3;0
25;2025-11-21;4;0
25;2025-11-21;5;16
25;2025-11-21;6;251
25;2025-11-21;7;552
25;2025-11-21;8;875
25;2025-11-21;9;449
25;2025-11-21;10;381
25;2025-11-21;11;442
25;2025-11-21;12;421
25;2025-11-21;13;557
25;2025-11-21;14;466
25;2025-11-21;15;612
25;2025-11-21;16;772
25;2025-11-21;17;781
25;2025-11-21;18;745
25;2025-11-21;19;615
25;2025-11-21;20;341
25;2025-11-21;21;214
25;2025-11-21;22;104
25;2025-11-21;23;15
25;2025-11-22;0;8
25;2025-11-22;1;0
25;2025-11-22;2;0
25;2025-11-22;3;0
25;2025-11-22;4;0
25;2025-11-22;5;19
25;2025-11-22;6;125
25;2025-11-22;7;136
25;2025-11-22;8;317
25;2025-11-22;9;287
25;2025-11-22;10;283
25;2025-11-22;11;383
25;2025-11-22;12;391
25;2025-11-22;13;625
25;2025-11-22;14;630
25;2025-11-22;15;728
25;2025-11-22;16;665
25;2025-11-22;17;553
25;2025-11-22;18;521
25;2025-11-22;19;453
25;2025-11-22;20;262
25;2025-11-22;21;202
25;2025-11-22;22;121
25;2025-11-22;23;45
25;2025-11-23;0;16
25;2025-11-23;1;1
25;2025-11-23;2;0
25;2025-11-23;3;0
25;2025-11-23;4;0
25;2025-11-23;5;10
25;2025-11-23;6;102
25;2025-11-23;7;107
25;2025-11-23;8;185
25;2025-11-23;9;219
25;2025-11-23;10;222
25;2025-11-23;11;309
25;2025-11-23;12;380
25;2025-11-23;13;487
25;2025-11-23;14;556
25;2025-11-23;15;655
25;2025-11-23;16;554
25;2025-11-23;17;555
25;2025-11-23;18;449
25;2025-11-23;19;310
25;2025-11-23;20;230
25;2025-11-23;21;158
25;2025-11-23;22;97
25;2025-11-23;23;34
25;2025-11-24;0;6
25;2025-11-24;1;0
25;2025-11-24;2;0
25;2025-11-24;3;0
25;2025-11-24;4;0
25;2025-11-24;5;17
25;2025-11-24;6;239
25;2025-11-24;7;532
25;2025-11-24;8;919
25;2025-11-24;9;506
25;2025-11-24;10;351
25;2025-11-24;11;414
25;2025-11-24;12;420
25;2025-11-24;13;564
25;2025-11-24;14;461
25;2025-11-24;15;523
25;2025-11-24;16;693
25;2025-11-24;17;764
25;2025-11-24;18;766
25;2025-11-24;19;589
25;2025-11-24;20;323
25;2025-11-24;21;210
25;2025-11-24;22;93
25;2025-11-24;23;12
25;2025-11-25;0;4
25;2025-11-25;1;0
25;2025-11-25;2;0
25;2025-11-25;3;0
25;2025-11-25;4;0
25;2025-11-25;5;17
25;2025-11-25;6;240
25;2025-11-25;7;534
25;2025-11-25;8;934
25;2025-11-25;9;460
25;2025-11-25;10;367
25;2025-11-25;11;427
25;2025-11-25;12;412
25;2025-11-25;13;506
25;2025-11-25;14;458
25;2025-11-25;15;565
25;2025-11-25;16;681
25;2025-11-25;17;746
25;2025-11-25;18;748
25;2025-11-25;19;574
25;2025-11-25;20;327
25;2025-11-25;21;216
25;2025-11-25;22;89
25;2025-11-25;23;8
25;2025-11-26;0;1
25;2025-11-26;1;0
25;2025-11-26;2;0
25;2025-11-26;3;0
25;2025-11-26;4;0
25;2025-11-26;5;19
25;2025-11-26;6;247
25;2025-11-26;7;529
25;2025-11-26;8;902
25;2025-11-26;9;471
25;2025-11-26;10;385
25;2025-11-26;11;452
25;2025-11-26;12;447
25;2025-11-26;13;580
25;2025-11-26;14;398
25;2025-11-26;15;577
25;2025-11-26;16;676
25;2025-11-26;17;837
25;2025-11-26;18;857
25;2025-11-26;19;636
25;2025-11-26;20;337
25;2025-11-26;21;256
25;2025-11-26;22;104
25;2025-11-26;23;10
25;2025-11-27;0;2
25;2025-11-27;1;0
25;2025-11-27;2;0
25;2025-11-27;3;0
25;2025-11-27;4;0
25;2025-11-27;5;20
25;2025-11-27;6;249
25;2025-11-27;7;540
25;2025-11-27;8;875
25;2025-11-27;9;462
25;2025-11-27;10;392
25;2025-11-27;11;435
25;2025-11-27;12;423
25;2025-11-27;13;545
25;2025-11-27;14;507
25;2025-11-27;15;605
25;2025-11-27;16;699
25;2025-11-27;17;748
25;2025-11-27;18;778
25;2025-11-27;19;602
25;2025-11-27;20;307
25;2025-11-27;21;215
25;2025-11-27;22;91
25;2025-11-27;23;6
25;2025-11-28;0;1
25;2025-11-28;1;0
25;2025-11-28;2;0
25;2025-11-28;3;0
25;2025-11-28;4;0
25;2025-11-28;5;16
25;2025-11-28;6;251
25;2025-11-28;7;552
25;2025-11-28;8;875
25;2025-11-28;9;449
25;2025-11-28;10;381
25;2025-11-28;11;442
25;2025-11-28;12;421
25;2025-11-28;13;557
25;2025-11-28;14;466
25;2025-11-28;15;612
25;2025-11-28;16;772
25;2025-11-28;17;781
25;2025-11-28;18;745
25;2025-11-28;19;615
25;2025-11-28;20;341
25;2025-11-28;21;214
25;2025-11-28;22;104
25;2025-11-28;23;15
25;2025-11-29;0;8
25;2025-11-29;1;0
25;2025-11-29;2;0
25;2025-11-29;3;0
25;2025-11-29;4;0
25;2025-11-29;5;19
25;2025-11-29;6;125
25;2025-11-29;7;136
25;2025-11-29;8;317
25;2025-11-29;9;287
25;2025-11-29;10;283
25;2025-11-29;11;383
25;2025-11-29;12;391
25;2025-11-29;13;625
25;2025-11-29;14;630
25;2025-11-29;15;728
25;2025-11-29;16;665
25;2025-11-29;17;553
25;2025-11-29;18;521
25;2025-11-29;19;453
25;2025-11-29;20;262
25;2025-11-29;21;202
25;2025-11-29;22;121
25;2025-11-29;23;45
25;2025-11-30;0;16
25;2025-11-30;1;1
25;2025-11-30;2;0
25;2025-11-30;3;0
25;2025-11-30;4;0
25;2025-11-30;5;10
25;2025-11-30;6;102
25;2025-11-30;7;107
25;2025-11-30;8;185
25;2025-11-30;9;219
25;2025-11-30;10;222
25;2025-11-30;11;309
25;2025-11-30;12;380
25;2025-11-30;13;487
25;2025-11-30;14;556
25;2025-11-30;15;655
25;2025-11-30;16;554
25;2025-11-30;17;555
25;2025-11-30;18;449
25;2025-11-30;19;310
25;2025-11-30;20;230
25;2025-11-30;21;158
25;2025-11-30;22;97
25;2025-11-30;23;34
25;2025-12-01;0;6
25;2025-12-01;1;0
25;2025-12-01;2;0
25;2025-12-01;3;0
25;2025-12-01;4;0
25;2025-12-01;5;17
25;2025-12-01;6;239
25;2025-12-01;7;532
25;2025-12-01;8;919
25;2025-12-01;9;506
25;2025-12-01;10;351
25;2025-12-01;11;414
25;2025-12-01;12;420
25;2025-12-01;13;564
25;2025-12-01;14;461
25;2025-12-01;15;523
25;2025-12-01;16;693
25;2025-12-01;17;764
25;2025-12-01;18;766
25;2025-12-01;19;589
25;2025-12-01;20;323
25;2025-12-01;21;210
25;2025-12-01;22;93
25;2025-12-01;23;12
25;2025-12-02;0;4
25;2025-12-02;1;0
25;2025-12-02;2;0
25;2025-12-02;3;0
25;2025-12-02;4;0
25;2025-12-02;5;17
25;2025-12-02;6;240
25;2025-12-02;7;534
25;2025-12-02;8;934
25;2025-12-02;9;460
25;2025-12-02;10;367
25;2025-12-02;11;427
25;2025-12-02;12;412
25;2025-12-02;13;506
25;2025-12-02;14;458
25;2025-12-02;15;565
25;2025-12-02;16;681
25;2025-12-02;17;746
25;2025-12-02;18;748
25;2025-12-02;19;574
25;2025-12-02;20;327
25;2025-12-02;21;216
25;2025-12-02;22;89
25;2025-12-02;23;8
25;2025-12-03;0;1
25;2025-12-03;1;0
25;2025-12-03;2;0
25;2025-12-03;3;0
25;2025-12-03;4;0
25;2025-12-03;5;19
25;2025-12-03;6;247
25;2025-12-03;7;529
25;2025-12-03;8;902
25;2025-12-03;9;471
25;2025-12-03;10;385
25;2025-12-03;11;452
25;2025-12-03;12;447
25;2025-12-03;13;580
25;2025-12-03;14;398
25;2025-12-03;15;577
25;2025-12-03;16;676
25;2025-12-03;17;837
25;2025-12-03;18;857
25;2025-12-03;19;636
25;2025-12-03;20;337
25;2025-12-03;21;256
25;2025-12-03;22;104
25;2025-12-03;23;10
25;2025-12-04;0;2
25;2025-12-04;1;0
25;2025-12-04;2;0
25;2025-12-04;3;0
25;2025-12-04;4;0
25;2025-12-04;5;20
25;2025-12-04;6;249
25;2025-12-04;7;540
25;2025-12-04;8;875
25;2025-12-04;9;462
25;2025-12-04;10;392
25;2025-12-04;11;435
25;2025-12-04;12;423
25;2025-12-04;13;545
25;2025-12-04;14;507
25;2025-12-04;15;605
25;2025-12-04;16;699
25;2025-12-04;17;748
25;2025-12-04;18;778
25;2025-12-04;19;602
25;2025-12-04;20;307
25;2025-12-04;21;215
25;2025-12-04;22;91
25;2025-12-04;23;6
25;2025-12-05;0;1
25;2025-12-05;1;0
25;2025-12-05;2;0
25;2025-12-05;3;0
25;2025-12-05;4;0
25;2025-12-05;5;16
25;2025-12-05;6;251
25;2025-12-05;7;552
25;2025-12-05;8;875
25;2025-12-05;9;449
25;2025-12-05;10;381
25;2025-12-05;11;442
25;2025-12-05;12;421
25;2025-12-05;13;557
25;2025-12-05;14;466
25;2025-12-05;15;612
25;2025-12-05;16;772
25;2025-12-05;17;781
25;2025-12-05;18;745
25;2025-12-05;19;615
25;2025-12-05;20;341
25;2025-12-05;21;214
25;2025-12-05;22;104
25;2025-12-05;23;15
25;2025-12-06;0;8
25;2025-12-06;1;0
25;2025-12-06;2;0
25;2025-12-06;3;0
25;2025-12-06;4;0
25;2025-12-06;5;19
25;2025-12-06;6;125
25;2025-12-06;7;136
25;2025-12-06;8;317
25;2025-12-06;9;287
25;2025-12-06;10;283
25;2025-12-06;11;383
25;2025-12-06;12;391
25;2025-12-06;13;625
25;2025-12-06;14;630
25;2025-12-06;15;728
25;2025-12-06;16;665
25;2025-12-06;17;553
25;2025-12-06;18;521
25;2025-12-06;19;453
25;2025-12-06;20;262
25;2025-12-06;21;202
25;2025-12-06;22;121
25;2025-12-06;23;45
25;2025-12-07;0;16
25;2025-12-07;1;1
25;2025-12-07;2;0
25;2025-12-07;3;0
25;2025-12-07;4;0
25;2025-12-07;5;10
25;2025-12-07;6;102
25;2025-12-07;7;107
25;2025-12-07;8;185
25;2025-12-07;9;219
25;2025-12-07;10;222
25;2025-12-07;11;309
25;2025-12-07;12;380
25;2025-12-07;13;487
25;2025-12-07;14;556
25;2025-12-07;15;655
25;2025-12-07;16;554
25;2025-12-07;17;555
25;2025-12-07;18;449
25;2025-12-07;19;310
25;2025-12-07;20;230
25;2025-12-07;21;158
25;2025-12-07;22;97
25;2025-12-07;23;34
25;2025-12-08;0;6
25;2025-12-08;1;0
25;2025-12-08;2;0
25;2025-12-08;3;0
25;2025-12-08;4;0
25;2025-12-08;5;17
25;2025-12-08;6;239
25;2025-12-08;7;532
25;2025-12-08;8;919
25;2025-12-08;9;506
25;2025-12-08;10;351
25;2025-12-08;11;414
25;2025-12-08;12;420
25;2025-12-08;13;564
25;2025-12-08;14;461
25;2025-12-08;15;523
25;2025-12-08;16;693
25;2025-12-08;17;764
25;2025-12-08;18;766
25;2025-12-08;19;589
25;2025-12-08;20;323
25;2025-12-08;21;210
25;2025-12-08;22;93
25;2025-12-08;23;12
25;2025-12-09;0;4
25;2025-12-09;1;0
25;2025-12-09;2;0
25;2025-12-09;3;0
25;2025-12-09;4;0
25;2025-12-09;5;17
25;2025-12-09;6;240
25;2025-12-09;7;534
25;2025-12-09;8;934
25;2025-12-09;9;460
25;2025-12-09;10;367
25;2025-12-09;11;427
25;2025-12-09;12;412
25;2025-12-09;13;506
25;2025-12-09;14;458
25;2025-12-09;15;565
25;2025-12-09;16;681
25;2025-12-09;17;746
25;2025-12-09;18;748
25;2025-12-09;19;574
25;2025-12-09;20;327
25;2025-12-09;21;216
25;2025-12-09;22;89
25;2025-12-09;23;8
25;2025-12-10;0;1
25;2025-12-10;1;0
25;2025-12-10;2;0
25;2025-12-10;3;0
25;2025-12-10;4;0
25;2025-12-10;5;19
25;2025-12-10;6;247
25;2025-12-10;7;529
25;2025-12-10;8;902
25;2025-12-10;9;471
25;2025-12-10;10;385
25;2025-12-10;11;452
25;2025-12-10;12;447
25;2025-12-10;13;580
25;2025-12-10;14;398
25;2025-12-10;15;577
25;2025-12-10;16;676
25;2025-12-10;17;837
25;2025-12-10;18;857
25;2025-12-10;19;636
25;2025-12-10;20;337
25;2025-12-10;21;256
25;2025-12-10;22;104
25;2025-12-10;23;10
25;2025-12-11;0;2
25;2025-12-11;1;0
25;2025-12-11;2;0
25;2025-12-11;3;0
25;2025-12-11;4;0
25;2025-12-11;5;20
25;2025-12-11;6;249
25;2025-12-11;7;540
25;2025-12-11;8;875
25;2025-12-11;9;462
25;2025-12-11;10;392
25;2025-12-11;11;435
25;2025-12-11;12;423
25;2025-12-11;13;545
25;2025-12-11;14;507
25;2025-12-11;15;605
25;2025-12-11;16;699
25;2025-12-11;17;748
25;2025-12-11;18;778
25;2025-12-11;19;602
25;2025-12-11;20;307
25;2025-12-11;21;215
25;2025-12-11;22;91
25;2025-12-11;23;6
25;2025-12-12;0;1
25;2025-12-12;1;0
25;2025-12-12;2;0
25;2025-12-12;3;0
25;2025-12-12;4;0
25;2025-12-12;5;16
25;2025-12-12;6;251
25;2025-12-12;7;552
25;2025-12-12;8;875
25;2025-12-12;9;449
25;2025-12-12;10;381
25;2025-12-12;11;442
25;2025-12-12;12;421
25;2025-12-12;13;557
25;2025-12-12;14;466
25;2025-12-12;15;612
25;2025-12-12;16;772
25;2025-12-12;17;781
25;2025-12-12;18;745
25;2025-12-12;19;615
25;2025-12-12;20;341
25;2025-12-12;21;214
25;2025-12-12;22;104
25;2025-12-12;23;15
25;2025-12-13;0;8
25;2025-12-13;1;0
25;2025-12-13;2;0
25;2025-12-13;3;0
25;2025-12-13;4;0
25;2025-12-13;5;19
25;2025-12-13;6;125
25;2025-12-13;7;136
25;2025-12-13;8;317
25;2025-12-13;9;287
25;2025-12-13;10;283
25;2025-12-13;11;383
25;2025-12-13;12;391
25;2025-12-13;13;625
25;2025-12-13;14;630
25;2025-12-13;15;728
25;2025-12-13;16;665
25;2025-12-13;17;553
25;2025-12-13;18;521
25;2025-12-13;19;453
25;2025-12-13;20;262
25;2025-12-13;21;202
25;2025-12-13;22;121
25;2025-12-13;23;45
25;2025-12-14;0;16
25;2025-12-14;1;1
25;2025-12-14;2;0
25;2025-12-14;3;0
25;2025-12-14;4;0
25;2025-12-14;5;10
25;2025-12-14;6;102
25;2025-12-14;7;107
25;2025-12-14;8;185
25;2025-12-14;9;219
25;2025-12-14;10;222
25;2025-12-14;11;309
25;2025-12-14;12;380
25;2025-12-14;13;487
25;2025-12-14;14;556
25;2025-12-14;15;655
25;2025-12-14;16;554
25;2025-12-14;17;555
25;2025-12-14;18;449
25;2025-12-14;19;310
25;2025-12-14;20;230
25;2025-12-14;21;158
25;2025-12-14;22;97
25;2025-12-14;23;34
25;2025-12-15;0;6
25;2025-12-15;1;0
25;2025-12-15;2;0
25;2025-12-15;3;0
25;2025-12-15;4;0
25;2025-12-15;5;17
25;2025-12-15;6;239
25;2025-12-15;7;532
25;2025-12-15;8;919
25;2025-12-15;9;506
25;2025-12-15;10;351
25;2025-12-15;11;414
25;2025-12-15;12;420
25;2025-12-15;13;564
25;2025-12-15;14;461
25;2025-12-15;15;523
25;2025-12-15;16;693
25;2025-12-15;17;764
25;2025-12-15;18;766
25;2025-12-15;19;589
25;2025-12-15;20;323
25;2025-12-15;21;210
25;2025-12-15;22;93
25;2025-12-15;23;12
25;2025-12-16;0;4
25;2025-12-16;1;0
25;2025-12-16;2;0
25;2025-12-16;3;0
25;2025-12-16;4;0
25;2025-12-16;5;17
25;2025-12-16;6;240
25;2025-12-16;7;534
25;2025-12-16;8;934
25;2025-12-16;9;460
25;2025-12-16;10;367
25;2025-12-16;11;427
25;2025-12-16;12;412
25;2025-12-16;13;506
25;2025-12-16;14;458
25;2025-12-16;15;565
25;2025-12-16;16;681
25;2025-12-16;17;746
25;2025-12-16;18;748
25;2025-12-16;19;574
25;2025-12-16;20;327
25;2025-12-16;21;216
25;2025-12-16;22;89
25;2025-12-16;23;8
25;2025-12-17;0;1
25;2025-12-17;1;0
25;2025-12-17;2;0
25;2025-12-17;3;0
25;2025-12-17;4;0
25;2025-12-17;5;19
25;2025-12-17;6;247
25;2025-12-17;7;529
25;2025-12-17;8;902
25;2025-12-17;9;471
25;2025-12-17;10;385
25;2025-12-17;11;452
25;2025-12-17;12;447
25;2025-12-17;13;580
25;2025-12-17;14;398
25;2025-12-17;15;577
25;2025-12-17;16;676
25;2025-12-17;17;837
25;2025-12-17;18;857
25;2025-12-17;19;636
25;2025-12-17;20;337
25;2025-12-17;21;256
25;2025-12-17;22;104
25;2025-12-17;23;10
25;2025-12-18;0;2
25;2025-12-18;1;0
25;2025-12-18;2;0
25;2025-12-18;3;0
25;2025-12-18;4;0
25;2025-12-18;5;20
25;2025-12-18;6;249
25;2025-12-18;7;540
25;2025-12-18;8;875
25;2025-12-18;9;462
25;2025-12-18;10;392
25;2025-12-18;11;435
25;2025-12-18;12;423
25;2025-12-18;13;545
25;2025-12-18;14;507
25;2025-12-18;15;605
25;2025-12-18;16;699
25;2025-12-18;17;748
25;2025-12-18;18;778
25;2025-12-18;19;602
25;2025-12-18;20;307
25;2025-12-18;21;215
25;2025-12-18;22;91
25;2025-12-18;23;6
25;2025-12-19;0;1
25;2025-12-19;1;0
25;2025-12-19;2;0
25;2025-12-19;3;0
25;2025-12-19;4;0
25;2025-12-19;5;16
25;2025-12-19;6;251
25;2025-12-19;7;552
25;2025-12-19;8;875
25;2025-12-19;9;449
25;2025-12-19;10;381
25;2025-12-19;11;442
25;2025-12-19;12;421
25;2025-12-19;13;557
25;2025-12-19;14;466
25;2025-12-19;15;612
25;2025-12-19;16;772
25;2025-12-19;17;781
25;2025-12-19;18;745
25;2025-12-19;19;615
25;2025-12-19;20;341
25;2025-12-19;21;214
25;2025-12-19;22;104
25;2025-12-19;23;15
25;2025-12-20;0;8
25;2025-12-20;1;0
25;2025-12-20;2;0
25;2025-12-20;3;0
25;2025-12-20;4;0
25;2025-12-20;5;19
25;2025-12-20;6;125
25;2025-12-20;7;136
25;2025-12-20;8;317
25;2025-12-20;9;287
25;2025-12-20;10;283
25;2025-12-20;11;383
25;2025-12-20;12;391
25;2025-12-20;13;625
25;2025-12-20;14;630
25;2025-12-20;15;728
25;2025-12-20;16;665
25;2025-12-20;17;553
25;2025-12-20;18;521
25;2025-12-20;19;453
25;2025-12-20;20;262
25;2025-12-20;21;202
25;2025-12-20;22;121
25;2025-12-20;23;45
25;2025-12-21;0;16
25;2025-12-21;1;1
25;2025-12-21;2;0
25;2025-12-21;3;0
25;2025-12-21;4;0
25;2025-12-21;5;10
25;2025-12-21;6;102
25;2025-12-21;7;107
25;2025-12-21;8;185
25;2025-12-21;9;219
25;2025-12-21;10;222
25;2025-12-21;11;309
25;2025-12-21;12;380
25;2025-12-21;13;487
25;2025-12-21;14;556
25;2025-12-21;15;655
25;2025-12-21;16;554
25;2025-12-21;17;555
25;2025-12-21;18;449
25;2025-12-21;19;310
25;2025-12-21;20;230
25;2025-12-21;21;158
25;2025-12-21;22;97
25;2025-12-21;23;34
25;2025-12-22;0;6
25;2025-12-22;1;0
25;2025-12-22;2;0
25;2025-12-22;3;0
25;2025-12-22;4;0
25;2025-12-22;5;17
25;2025-12-22;6;239
25;2025-12-22;7;532
25;2025-12-22;8;919
25;2025-12-22;9;506
25;2025-12-22;10;351
25;2025-12-22;11;414
25;2025-12-22;12;420
25;2025-12-22;13;564
25;2025-12-22;14;461
25;2025-12-22;15;523
25;2025-12-22;16;693
25;2025-12-22;17;764
25;2025-12-22;18;766
25;2025-12-22;19;589
25;2025-12-22;20;323
25;2025-12-22;21;210
25;2025-12-22;22;93
25;2025-12-22;23;12
25;2025-12-23;0;4
25;2025-12-23;1;0
25;2025-12-23;2;0
25;2025-12-23;3;0
25;2025-12-23;4;0
25;2025-12-23;5;17
25;2025-12-23;6;240
25;2025-12-23;7;534
25;2025-12-23;8;934
25;2025-12-23;9;460
25;2025-12-23;10;367
25;2025-12-23;11;427
25;2025-12-23;12;412
25;2025-12-23;13;506
25;2025-12-23;14;458
25;2025-12-23;15;565
25;2025-12-23;16;681
25;2025-12-23;17;746
25;2025-12-23;18;748
25;2025-12-23;19;574
25;2025-12-23;20;327
25;2025-12-23;21;216
25;2025-12-23;22;89
25;2025-12-23;23;8
25;2025-12-24;0;1
25;2025-12-24;1;0
25;2025-12-24;2;0
25;2025-12-24;3;0
25;2025-12-24;4;0
25;2025-12-24;5;19
25;2025-12-24;6;247
25;2025-12-24;7;529
25;2025-12-24;8;902
25;2025-12-24;9;471
25;2025-12-24;10;385
25;2025-12-24;11;452
25;2025-12-24;12;447
25;2025-12-24;13;580
25;2025-12-24;14;398
25;2025-12-24;15;577
25;2025-12-24;16;676
25;2025-12-24;17;837
25;2025-12-24;18;857
25;2025-12-24;19;636
25;2025-12-24;20;337
25;2025-12-24;21;256
25;2025-12-24;22;104
25;2025-12-24;23;10
25;2025-12-25;0;2
25;2025-12-25;1;0
25;2025-12-25;2;0
25;2025-12-25;3;0
25;2025-12-25;4;0
25;2025-12-25;5;20
25;2025-12-25;6;249
25;2025-12-25;7;540
25;2025-12-25;8;875
25;2025-12-25;9;462
25;2025-12-25;10;392
25;2025-12-25;11;435
25;2025-12-25;12;423
25;2025-12-25;13;545
25;2025-12-25;14;507
25;2025-12-25;15;605
25;2025-12-25;16;699
25;2025-12-25;17;748
25;2025-12-25;18;778
25;2025-12-25;19;602
25;2025-12-25;20;307
25;2025-12-25;21;215
25;2025-12-25;22;91
25;2025-12-25;23;6
25;2025-12-26;0;1
25;2025-12-26;1;0
25;2025-12-26;2;0
25;2025-12-26;3;0
25;2025-12-26;4;0
25;2025-12-26;5;16
25;2025-12-26;6;251
25;2025-12-26;7;552
25;2025-12-26;8;875
25;2025-12-26;9;449
25;2025-12-26;10;381
25;2025-12-26;11;442
25;2025-12-26;12;421
25;2025-12-26;13;557
25;2025-12-26;14;466
25;2025-12-26;15;612
25;2025-12-26;16;772
25;2025-12-26;17;781
25;2025-12-26;18;745
25;2025-12-26;19;615
25;2025-12-26;20;341
25;2025-12-26;21;214
25;2025-12-26;22;104
25;2025-12-26;23;15
25;2025-12-27;0;8
25;2025-12-27;1;0
25;2025-12-27;2;0
25;2025-12-27;3;0
25;2025-12-27;4;0
25;2025-12-27;5;19
25;2025-12-27;6;125
25;2025-12-27;7;136
25;2025-12-27;8;317
25;2025-12-27;9;287
25;2025-12-27;10;283
25;2025-12-27;11;383
25;2025-12-27;12;391
25;2025-12-27;13;625
25;2025-12-27;14;630
25;2025-12-27;15;728
25;2025-12-27;16;665
25;2025-12-27;17;553
25;2025-12-27;18;521
25;2025-12-27;19;453
25;2025-12-27;20;262
25;2025-12-27;21;202
25;2025-12-27;22;121
25;2025-12-27;23;45
25;2025-12-28;0;16
25;2025-12-28;1;1
25;2025-12-28;2;0
25;2025-12-28;3;0
25;2025-12-28;4;0
25;2025-12-28;5;10
25;2025-12-28;6;102
25;2025-12-28;7;107
25;2025-12-28;8;185
25;2025-12-28;9;219
25;2025-12-28;10;222
25;2025-12-28;11;309
25;2025-12-28;12;380
25;2025-12-28;13;487
25;2025-12-28;14;556
25;2025-12-28;15;655
25;2025-12-28;16;554
25;2025-12-28;17;555
25;2025-12-28;18;449
25;2025-12-28;19;310
25;2025-12-28;20;230
25;2025-12-28;21;158
25;2025-12-28;22;97
25;2025-12-28;23;34
25;2025-12-29;0;6
25;2025-12-29;1;0
25;2025-12-29;2;0
25;2025-12-29;3;0
25;2025-12-29;4;0
25;2025-12-29;5;17
25;2025-12-29;6;239
25;2025-12-29;7;532
25;2025-12-29;8;919
25;2025-12-29;9;506
25;2025-12-29;10;351
25;2025-12-29;11;414
25;2025-12-29;12;420
25;2025-12-29;13;564
25;2025-12-29;14;461
25;2025-12-29;15;523
25;2025-12-29;16;693
25;2025-12-29;17;764
25;2025-12-29;18;766
25;2025-12-29;19;589
25;2025-12-29;20;323
25;2025-12-29;21;210
25;2025-12-29;22;93
25;2025-12-29;23;12
25;2025-12-30;0;4
25;2025-12-30;1;0
25;2025-12-30;2;0
25;2025-12-30;3;0
25;2025-12-30;4;0
25;2025-12-30;5;17
25;2025-12-30;6;240
25;2025-12-30;7;534
25;2025-12-30;8;934
25;2025-12-30;9;460
25;2025-12-30;10;367
25;2025-12-30;11;427
25;2025-12-30;12;412
25;2025-12-30;13;506
25;2025-12-30;14;458
25;2025-12-30;15;565
25;2025-12-30;16;681
25;2025-12-30;17;746
25;2025-12-30;18;748
25;2025-12-30;19;574
25;2025-12-30;20;327
25;2025-12-30;21;216
25;2025-12-30;22;89
25;2025-12-30;23;8
25;2025-12-31;0;16
25;2025-12-31;1;1
25;2025-12-31;2;0
25;2025-12-31;3;0
25;2025-12-31;4;0
25;2025-12-31;5;10
25;2025-12-31;6;102
25;2025-12-31;7;107
25;2025-12-31;8;185
25;2025-12-31;9;219
25;2025-12-31;10;222
25;2025-12-31;11;309
25;2025-12-31;12;380
25;2025-12-31;13;487
25;2025-12-31;14;556
25;2025-12-31;15;655
25;2025-12-31;16;554
25;2025-12-31;17;555
25;2025-12-31;18;449
25;2025-12-31;19;310
25;2025-12-31;20;230
25;2025-12-31;21;158
25;2025-12-31;22;97
25;2025-12-31;23;34
26;2025-11-01;0;33
26;2025-11-01;1;1
26;2025-11-01;2;0
26;2025-11-01;3;0
26;2025-11-01;4;1
26;2025-11-01;5;85
26;2025-11-01;6;477
26;2025-11-01;7;1039
26;2025-11-01;8;2181
26;2025-11-01;9;1380
26;2025-11-01;10;1222
26;2025-11-01;11;1077
26;2025-11-01;12;1107
26;2025-11-01;13;1146
26;2025-11-01;14;1344
26;2025-11-01;15;1342
26;2025-11-01;16;1577
26;2025-11-01;17;1732
26;2025-11-01;18;1456
26;2025-11-01;19;1089
26;2025-11-01;20;679
26;2025-11-01;21;474
26;2025-11-01;22;206
26;2025-11-01;23;145
26;2025-11-02;0;54
26;2025-11-02;1;4
26;2025-11-02;2;0
26;2025-11-02;3;0
26;2025-11-02;4;1
26;2025-11-02;5;21
26;2025-11-02;6;152
26;2025-11-02;7;263
26;2025-11-02;8;376
26;2025-11-02;9;520
26;2025-11-02;10;577
26;2025-11-02;11;805
26;2025-11-02;12;819
26;2025-11-02;13;873
26;2025-11-02;14;867
26;2025-11-02;15;782
26;2025-11-02;16;760
26;2025-11-02;17;786
26;2025-11-02;18;705
26;2025-11-02;19;529
26;2025-11-02;20;406
26;2025-11-02;21;285
26;2025-11-02;22;173
26;2025-11-02;23;117
26;2025-11-03;0;54
26;2025-11-03;1;4
26;2025-11-03;2;0
26;2025-11-03;3;0
26;2025-11-03;4;1
26;2025-11-03;5;21
26;2025-11-03;6;152
26;2025-11-03;7;263
26;2025-11-03;8;376
26;2025-11-03;9;520
26;2025-11-03;10;577
26;2025-11-03;11;805
26;2025-11-03;12;819
26;2025-11-03;13;873
26;2025-11-03;14;867
26;2025-11-03;15;782
26;2025-11-03;16;760
26;2025-11-03;17;786
26;2025-11-03;18;705
26;2025-11-03;19;529
26;2025-11-03;20;406
26;2025-11-03;21;285
26;2025-11-03;22;173
26;2025-11-03;23;117
26;2025-11-04;0;54
26;2025-11-04;1;4
26;2025-11-04;2;0
26;2025-11-04;3;0
26;2025-11-04;4;1
26;2025-11-04;5;21
26;2025-11-04;6;152
26;2025-11-04;7;263
26;2025-11-04;8;376
26;2025-11-04;9;520
26;2025-11-04;10;577
26;2025-11-04;11;805
26;2025-11-04;12;819
26;2025-11-04;13;873
26;2025-11-04;14;867
26;2025-11-04;15;782
26;2025-11-04;16;760
26;2025-11-04;17;786
26;2025-11-04;18;705
26;2025-11-04;19;529
26;2025-11-04;20;406
26;2025-11-04;21;285
26;2025-11-04;22;173
26;2025-11-04;23;117
26;2025-11-05;0;34
26;2025-11-05;1;1
26;2025-11-05;2;0
26;2025-11-05;3;0
26;2025-11-05;4;3
26;2025-11-05;5;97
26;2025-11-05;6;464
26;2025-11-05;7;1095
26;2025-11-05;8;2265
26;2025-11-05;9;1436
26;2025-11-05;10;1220
26;2025-11-05;11;1070
26;2025-11-05;12;1176
26;2025-11-05;13;1199
26;2025-11-05;14;1371
26;2025-11-05;15;1401
26;2025-11-05;16;1504
26;2025-11-05;17;1702
26;2025-11-05;18;1801
26;2025-11-05;19;1225
26;2025-11-05;20;768
26;2025-11-05;21;529
26;2025-11-05;22;218
26;2025-11-05;23;132
26;2025-11-06;0;40
26;2025-11-06;1;1
26;2025-11-06;2;0
26;2025-11-06;3;0
26;2025-11-06;4;2
26;2025-11-06;5;93
26;2025-11-06;6;469
26;2025-11-06;7;1074
26;2025-11-06;8;2234
26;2025-11-06;9;1469
26;2025-11-06;10;1200
26;2025-11-06;11;1110
26;2025-11-06;12;1161
26;2025-11-06;13;1191
26;2025-11-06;14;1365
26;2025-11-06;15;1374
26;2025-11-06;16;1500
26;2025-11-06;17;1702
26;2025-11-06;18;1825
26;2025-11-06;19;1201
26;2025-11-06;20;731
26;2025-11-06;21;484
26;2025-11-06;22;207
26;2025-11-06;23;131
26;2025-11-07;0;33
26;2025-11-07;1;1
26;2025-11-07;2;0
26;2025-11-07;3;0
26;2025-11-07;4;1
26;2025-11-07;5;85
26;2025-11-07;6;477
26;2025-11-07;7;1039
26;2025-11-07;8;2181
26;2025-11-07;9;1380
26;2025-11-07;10;1222
26;2025-11-07;11;1077
26;2025-11-07;12;1107
26;2025-11-07;13;1146
26;2025-11-07;14;1344
26;2025-11-07;15;1342
26;2025-11-07;16;1577
26;2025-11-07;17;1732
26;2025-11-07;18;1456
26;2025-11-07;19;1089
26;2025-11-07;20;679
26;2025-11-07;21;474
26;2025-11-07;22;206
26;2025-11-07;23;145
26;2025-11-08;0;51
26;2025-11-08;1;2
26;2025-11-08;2;0
26;2025-11-08;3;0
26;2025-11-08;4;1
26;2025-11-08;5;52
26;2025-11-08;6;234
26;2025-11-08;7;376
26;2025-11-08;8;631
26;2025-11-08;9;671
26;2025-11-08;10;829
26;2025-11-08;11;992
26;2025-11-08;12;1045
26;2025-11-08;13;1044
26;2025-11-08;14;1065
26;2025-11-08;15;965
26;2025-11-08;16;1014
26;2025-11-08;17;947
26;2025-11-08;18;865
26;2025-11-08;19;780
26;2025-11-08;20;553
26;2025-11-08;21;363
26;2025-11-08;22;210
26;2025-11-08;23;163
26;2025-11-09;0;54
26;2025-11-09;1;4
26;2025-11-09;2;0
26;2025-11-09;3;0
26;2025-11-09;4;1
26;2025-11-09;5;21
26;2025-11-09;6;152
26;2025-11-09;7;263
26;2025-11-09;8;376
26;2025-11-09;9;520
26;2025-11-09;10;577
26;2025-11-09;11;805
26;2025-11-09;12;819
26;2025-11-09;13;873
26;2025-11-09;14;867
26;2025-11-09;15;782
26;2025-11-09;16;760
26;2025-11-09;17;786
26;2025-11-09;18;705
26;2025-11-09;19;529
26;2025-11-09;20;406
26;2025-11-09;21;285
26;2025-11-09;22;173
26;2025-11-09;23;117
26;2025-11-10;0;29
26;2025-11-10;1;1
26;2025-11-10;2;0
26;2025-11-10;3;0
26;2025-11-10;4;2
26;2025-11-10;5;91
26;2025-11-10;6;467
26;2025-11-10;7;1103
26;2025-11-10;8;2188
26;2025-11-10;9;1419
26;2025-11-10;10;1209
26;2025-11-10;11;1055
26;2025-11-10;12;1095
26;2025-11-10;13;1169
26;2025-11-10;14;1280
26;2025-11-10;15;1336
26;2025-11-10;16;1456
26;2025-11-10;17;1707
26;2025-11-10;18;1811
26;2025-11-10;19;1187
26;2025-11-10;20;752
26;2025-11-10;21;470
26;2025-11-10;22;199
26;2025-11-10;23;113
26;2025-11-11;0;33
26;2025-11-11;1;1
26;2025-11-11;2;0
26;2025-11-11;3;0
26;2025-11-11;4;1
26;2025-11-11;5;88
26;2025-11-11;6;474
26;2025-11-11;7;1097
26;2025-11-11;8;2268
26;2025-11-11;9;1442
26;2025-11-11;10;1253
26;2025-11-11;11;1138
26;2025-11-11;12;1148
26;2025-11-11;13;1164
26;2025-11-11;14;1287
26;2025-11-11;15;1350
26;2025-11-11;16;1486
26;2025-11-11;17;1759
26;2025-11-11;18;1867
26;2025-11-11;19;1263
26;2025-11-11;20;741
26;2025-11-11;21;477
26;2025-11-11;22;207
26;2025-11-11;23;116
26;2025-11-12;0;34
26;2025-11-12;1;1
26;2025-11-12;2;0
26;2025-11-12;3;0
26;2025-11-12;4;3
26;2025-11-12;5;97
26;2025-11-12;6;464
26;2025-11-12;7;1095
26;2025-11-12;8;2265
26;2025-11-12;9;1436
26;2025-11-12;10;1220
26;2025-11-12;11;1070
26;2025-11-12;12;1176
26;2025-11-12;13;1199
26;2025-11-12;14;1371
26;2025-11-12;15;1401
26;2025-11-12;16;1504
26;2025-11-12;17;1702
26;2025-11-12;18;1801
26;2025-11-12;19;1225
26;2025-11-12;20;768
26;2025-11-12;21;529
26;2025-11-12;22;218
26;2025-11-12;23;132
26;2025-11-13;0;40
26;2025-11-13;1;1
26;2025-11-13;2;0
26;2025-11-13;3;0
26;2025-11-13;4;2
26;2025-11-13;5;93
26;2025-11-13;6;469
26;2025-11-13;7;1074
26;2025-11-13;8;2234
26;2025-11-13;9;1469
26;2025-11-13;10;1200
26;2025-11-13;11;1110
26;2025-11-13;12;1161
26;2025-11-13;13;1191
26;2025-11-13;14;1365
26;2025-11-13;15;1374
26;2025-11-13;16;1500
26;2025-11-13;17;1702
26;2025-11-13;18;1825
26;2025-11-13;19;1201
26;2025-11-13;20;731
26;2025-11-13;21;484
26;2025-11-13;22;207
26;2025-11-13;23;131
26;2025-11-14;0;33
26;2025-11-14;1;1
26;2025-11-14;2;0
26;2025-11-14;3;0
26;2025-11-14;4;1
26;2025-11-14;5;85
26;2025-11-14;6;477
26;2025-11-14;7;1039
26;2025-11-14;8;2181
26;2025-11-14;9;1380
26;2025-11-14;10;1222
26;2025-11-14;11;1077
26;2025-11-14;12;1107
26;2025-11-14;13;1146
26;2025-11-14;14;1344
26;2025-11-14;15;1342
26;2025-11-14;16;1577
26;2025-11-14;17;1732
26;2025-11-14;18;1456
26;2025-11-14;19;1089
26;2025-11-14;20;679
26;2025-11-14;21;474
26;2025-11-14;22;206
26;2025-11-14;23;145
26;2025-11-15;0;51
26;2025-11-15;1;2
26;2025-11-15;2;0
26;2025-11-15;3;0
26;2025-11-15;4;1
26;2025-11-15;5;52
26;2025-11-15;6;234
26;2025-11-15;7;376
26;2025-11-15;8;631
26;2025-11-15;9;671
26;2025-11-15;10;829
26;2025-11-15;11;992
26;2025-11-15;12;1045
26;2025-11-15;13;1044
26;2025-11-15;14;1065
26;2025-11-15;15;965
26;2025-11-15;16;1014
26;2025-11-15;17;947
26;2025-11-15;18;865
26;2025-11-15;19;780
26;2025-11-15;20;553
26;2025-11-15;21;363
26;2025-11-15;22;210
26;2025-11-15;23;163
26;2025-11-16;0;54
26;2025-11-16;1;4
26;2025-11-16;2;0
26;2025-11-16;3;0
26;2025-11-16;4;1
26;2025-11-16;5;21
26;2025-11-16;6;152
26;2025-11-16;7;263
26;2025-11-16;8;376
26;2025-11-16;9;520
26;2025-11-16;10;577
26;2025-11-16;11;805
26;2025-11-16;12;819
26;2025-11-16;13;873
26;2025-11-16;14;867
26;2025-11-16;15;782
26;2025-11-16;16;760
26;2025-11-16;17;786
26;2025-11-16;18;705
26;2025-11-16;19;529
26;2025-11-16;20;406
26;2025-11-16;21;285
26;2025-11-16;22;173
26;2025-11-16;23;117
26;2025-11-17;0;29
26;2025-11-17;1;1
26;2025-11-17;2;0
26;2025-11-17;3;0
26;2025-11-17;4;2
26;2025-11-17;5;91
26;2025-11-17;6;467
26;2025-11-17;7;1103
26;2025-11-17;8;2188
26;2025-11-17;9;1419
26;2025-11-17;10;1209
26;2025-11-17;11;1055
26;2025-11-17;12;1095
26;2025-11-17;13;1169
26;2025-11-17;14;1280
26;2025-11-17;15;1336
26;2025-11-17;16;1456
26;2025-11-17;17;1707
26;2025-11-17;18;1811
26;2025-11-17;19;1187
26;2025-11-17;20;752
26;2025-11-17;21;470
26;2025-11-17;22;199
26;2025-11-17;23;113
26;2025-11-18;0;33
26;2025-11-18;1;1
26;2025-11-18;2;0
26;2025-11-18;3;0
26;2025-11-18;4;1
26;2025-11-18;5;88
26;2025-11-18;6;474
26;2025-11-18;7;1097
26;2025-11-18;8;2268
26;2025-11-18;9;1442
26;2025-11-18;10;1253
26;2025-11-18;11;1138
26;2025-11-18;12;1148
26;2025-11-18;13;1164
26;2025-11-18;14;1287
26;2025-11-18;15;1350
26;2025-11-18;16;1486
26;2025-11-18;17;1759
26;2025-11-18;18;1867
26;2025-11-18;19;1263
26;2025-11-18;20;741
26;2025-11-18;21;477
26;2025-11-18;22;207
26;2025-11-18;23;116
26;2025-11-19;0;34
26;2025-11-19;1;1
26;2025-11-19;2;0
26;2025-11-19;3;0
26;2025-11-19;4;3
26;2025-11-19;5;97
26;2025-11-19;6;464
26;2025-11-19;7;1095
26;2025-11-19;8;2265
26;2025-11-19;9;1436
26;2025-11-19;10;1220
26;2025-11-19;11;1070
26;2025-11-19;12;1176
26;2025-11-19;13;1199
26;2025-11-19;14;1371
26;2025-11-19;15;1401
26;2025-11-19;16;1504
26;2025-11-19;17;1702
26;2025-11-19;18;1801
26;2025-11-19;19;1225
26;2025-11-19;20;768
26;2025-11-19;21;529
26;2025-11-19;22;218
26;2025-11-19;23;132
26;2025-11-20;0;40
26;2025-11-20;1;1
26;2025-11-20;2;0
26;2025-11-20;3;0
26;2025-11-20;4;2
26;2025-11-20;5;93
26;2025-11-20;6;469
26;2025-11-20;7;1074
26;2025-11-20;8;2234
26;2025-11-20;9;1469
26;2025-11-20;10;1200
26;2025-11-20;11;1110
26;2025-11-20;12;1161
26;2025-11-20;13;1191
26;2025-11-20;14;1365
26;2025-11-20;15;1374
26;2025-11-20;16;1500
26;2025-11-20;17;1702
26;2025-11-20;18;1825
26;2025-11-20;19;1201
26;2025-11-20;20;731
26;2025-11-20;21;484
26;2025-11-20;22;207
26;2025-11-20;23;131
26;2025-11-21;0;33
26;2025-11-21;1;1
26;2025-11-21;2;0
26;2025-11-21;3;0
26;2025-11-21;4;1
26;2025-11-21;5;85
26;2025-11-21;6;477
26;2025-11-21;7;1039
26;2025-11-21;8;2181
26;2025-11-21;9;1380
26;2025-11-21;10;1222
26;2025-11-21;11;1077
26;2025-11-21;12;1107
26;2025-11-21;13;1146
26;2025-11-21;14;1344
26;2025-11-21;15;1342
26;2025-11-21;16;1577
26;2025-11-21;17;1732
26;2025-11-21;18;1456
26;2025-11-21;19;1089
26;2025-11-21;20;679
26;2025-11-21;21;474
26;2025-11-21;22;206
26;2025-11-21;23;145
26;2025-11-22;0;51
26;2025-11-22;1;2
26;2025-11-22;2;0
26;2025-11-22;3;0
26;2025-11-22;4;1
26;2025-11-22;5;52
26;2025-11-22;6;234
26;2025-11-22;7;376
26;2025-11-22;8;631
26;2025-11-22;9;671
26;2025-11-22;10;829
26;2025-11-22;11;992
26;2025-11-22;12;1045
26;2025-11-22;13;1044
26;2025-11-22;14;1065
26;2025-11-22;15;965
26;2025-11-22;16;1014
26;2025-11-22;17;947
26;2025-11-22;18;865
26;2025-11-22;19;780
26;2025-11-22;20;553
26;2025-11-22;21;363
26;2025-11-22;22;210
26;2025-11-22;23;163
26;2025-11-23;0;54
26;2025-11-23;1;4
26;2025-11-23;2;0
26;2025-11-23;3;0
26;2025-11-23;4;1
26;2025-11-23;5;21
26;2025-11-23;6;152
26;2025-11-23;7;263
26;2025-11-23;8;376
26;2025-11-23;9;520
26;2025-11-23;10;577
26;2025-11-23;11;805
26;2025-11-23;12;819
26;2025-11-23;13;873
26;2025-11-23;14;867
26;2025-11-23;15;782
26;2025-11-23;16;760
26;2025-11-23;17;786
26;2025-11-23;18;705
26;2025-11-23;19;529
26;2025-11-23;20;406
26;2025-11-23;21;285
26;2025-11-23;22;173
26;2025-11-23;23;117
26;2025-11-24;0;29
26;2025-11-24;1;1
26;2025-11-24;2;0
26;2025-11-24;3;0
26;2025-11-24;4;2
26;2025-11-24;5;91
26;2025-11-24;6;467
26;2025-11-24;7;1103
26;2025-11-24;8;2188
26;2025-11-24;9;1419
26;2025-11-24;10;1209
26;2025-11-24;11;1055
26;2025-11-24;12;1095
26;2025-11-24;13;1169
26;2025-11-24;14;1280
26;2025-11-24;15;1336
26;2025-11-24;16;1456
26;2025-11-24;17;1707
26;2025-11-24;18;1811
26;2025-11-24;19;1187
26;2025-11-24;20;752
26;2025-11-24;21;470
26;2025-11-24;22;199
26;2025-11-24;23;113
26;2025-11-25;0;33
26;2025-11-25;1;1
26;2025-11-25;2;0
26;2025-11-25;3;0
26;2025-11-25;4;1
26;2025-11-25;5;88
26;2025-11-25;6;474
26;2025-11-25;7;1097
26;2025-11-25;8;2268
26;2025-11-25;9;1442
26;2025-11-25;10;1253
26;2025-11-25;11;1138
26;2025-11-25;12;1148
26;2025-11-25;13;1164
26;2025-11-25;14;1287
26;2025-11-25;15;1350
26;2025-11-25;16;1486
26;2025-11-25;17;1759
26;2025-11-25;18;1867
26;2025-11-25;19;1263
26;2025-11-25;20;741
26;2025-11-25;21;477
26;2025-11-25;22;207
26;2025-11-25;23;116
26;2025-11-26;0;34
26;2025-11-26;1;1
26;2025-11-26;2;0
26;2025-11-26;3;0
26;2025-11-26;4;3
26;2025-11-26;5;97
26;2025-11-26;6;464
26;2025-11-26;7;1095
26;2025-11-26;8;2265
26;2025-11-26;9;1436
26;2025-11-26;10;1220
26;2025-11-26;11;1070
26;2025-11-26;12;1176
26;2025-11-26;13;1199
26;2025-11-26;14;1371
26;2025-11-26;15;1401
26;2025-11-26;16;1504
26;2025-11-26;17;1702
26;2025-11-26;18;1801
26;2025-11-26;19;1225
26;2025-11-26;20;768
26;2025-11-26;21;529
26;2025-11-26;22;218
26;2025-11-26;23;132
26;2025-11-27;0;40
26;2025-11-27;1;1
26;2025-11-27;2;0
26;2025-11-27;3;0
26;2025-11-27;4;2
26;2025-11-27;5;93
26;2025-11-27;6;469
26;2025-11-27;7;1074
26;2025-11-27;8;2234
26;2025-11-27;9;1469
26;2025-11-27;10;1200
26;2025-11-27;11;1110
26;2025-11-27;12;1161
26;2025-11-27;13;1191
26;2025-11-27;14;1365
26;2025-11-27;15;1374
26;2025-11-27;16;1500
26;2025-11-27;17;1702
26;2025-11-27;18;1825
26;2025-11-27;19;1201
26;2025-11-27;20;731
26;2025-11-27;21;484
26;2025-11-27;22;207
26;2025-11-27;23;131
26;2025-11-28;0;33
26;2025-11-28;1;1
26;2025-11-28;2;0
26;2025-11-28;3;0
26;2025-11-28;4;1
26;2025-11-28;5;85
26;2025-11-28;6;477
26;2025-11-28;7;1039
26;2025-11-28;8;2181
26;2025-11-28;9;1380
26;2025-11-28;10;1222
26;2025-11-28;11;1077
26;2025-11-28;12;1107
26;2025-11-28;13;1146
26;2025-11-28;14;1344
26;2025-11-28;15;1342
26;2025-11-28;16;1577
26;2025-11-28;17;1732
26;2025-11-28;18;1456
26;2025-11-28;19;1089
26;2025-11-28;20;679
26;2025-11-28;21;474
26;2025-11-28;22;206
26;2025-11-28;23;145
26;2025-11-29;0;51
26;2025-11-29;1;2
26;2025-11-29;2;0
26;2025-11-29;3;0
26;2025-11-29;4;1
26;2025-11-29;5;52
26;2025-11-29;6;234
26;2025-11-29;7;376
26;2025-11-29;8;631
26;2025-11-29;9;671
26;2025-11-29;10;829
26;2025-11-29;11;992
26;2025-11-29;12;1045
26;2025-11-29;13;1044
26;2025-11-29;14;1065
26;2025-11-29;15;965
26;2025-11-29;16;1014
26;2025-11-29;17;947
26;2025-11-29;18;865
26;2025-11-29;19;780
26;2025-11-29;20;553
26;2025-11-29;21;363
26;2025-11-29;22;210
26;2025-11-29;23;163
26;2025-11-30;0;54
26;2025-11-30;1;4
26;2025-11-30;2;0
26;2025-11-30;3;0
26;2025-11-30;4;1
26;2025-11-30;5;21
26;2025-11-30;6;152
26;2025-11-30;7;263
26;2025-11-30;8;376
26;2025-11-30;9;520
26;2025-11-30;10;577
26;2025-11-30;11;805
26;2025-11-30;12;819
26;2025-11-30;13;873
26;2025-11-30;14;867
26;2025-11-30;15;782
26;2025-11-30;16;760
26;2025-11-30;17;786
26;2025-11-30;18;705
26;2025-11-30;19;529
26;2025-11-30;20;406
26;2025-11-30;21;285
26;2025-11-30;22;173
26;2025-11-30;23;117
26;2025-12-01;0;29
26;2025-12-01;1;1
26;2025-12-01;2;0
26;2025-12-01;3;0
26;2025-12-01;4;2
26;2025-12-01;5;91
26;2025-12-01;6;467
26;2025-12-01;7;1103
26;2025-12-01;8;2188
26;2025-12-01;9;1419
26;2025-12-01;10;1209
26;2025-12-01;11;1055
26;2025-12-01;12;1095
26;2025-12-01;13;1169
26;2025-12-01;14;1280
26;2025-12-01;15;1336
26;2025-12-01;16;1456
26;2025-12-01;17;1707
26;2025-12-01;18;1811
26;2025-12-01;19;1187
26;2025-12-01;20;752
26;2025-12-01;21;470
26;2025-12-01;22;199
26;2025-12-01;23;113
26;2025-12-02;0;33
26;2025-12-02;1;1
26;2025-12-02;2;0
26;2025-12-02;3;0
26;2025-12-02;4;1
26;2025-12-02;5;88
26;2025-12-02;6;474
26;2025-12-02;7;1097
26;2025-12-02;8;2268
26;2025-12-02;9;1442
26;2025-12-02;10;1253
26;2025-12-02;11;1138
26;2025-12-02;12;1148
26;2025-12-02;13;1164
26;2025-12-02;14;1287
26;2025-12-02;15;1350
26;2025-12-02;16;1486
26;2025-12-02;17;1759
26;2025-12-02;18;1867
26;2025-12-02;19;1263
26;2025-12-02;20;741
26;2025-12-02;21;477
26;2025-12-02;22;207
26;2025-12-02;23;116
26;2025-12-03;0;34
26;2025-12-03;1;1
26;2025-12-03;2;0
26;2025-12-03;3;0
26;2025-12-03;4;3
26;2025-12-03;5;97
26;2025-12-03;6;464
26;2025-12-03;7;1095
26;2025-12-03;8;2265
26;2025-12-03;9;1436
26;2025-12-03;10;1220
26;2025-12-03;11;1070
26;2025-12-03;12;1176
26;2025-12-03;13;1199
26;2025-12-03;14;1371
26;2025-12-03;15;1401
26;2025-12-03;16;1504
26;2025-12-03;17;1702
26;2025-12-03;18;1801
26;2025-12-03;19;1225
26;2025-12-03;20;768
26;2025-12-03;21;529
26;2025-12-03;22;218
26;2025-12-03;23;132
26;2025-12-04;0;40
26;2025-12-04;1;1
26;2025-12-04;2;0
26;2025-12-04;3;0
26;2025-12-04;4;2
26;2025-12-04;5;93
26;2025-12-04;6;469
26;2025-12-04;7;1074
26;2025-12-04;8;2234
26;2025-12-04;9;1469
26;2025-12-04;10;1200
26;2025-12-04;11;1110
26;2025-12-04;12;1161
26;2025-12-04;13;1191
26;2025-12-04;14;1365
26;2025-12-04;15;1374
26;2025-12-04;16;1500
26;2025-12-04;17;1702
26;2025-12-04;18;1825
26;2025-12-04;19;1201
26;2025-12-04;20;731
26;2025-12-04;21;484
26;2025-12-04;22;207
26;2025-12-04;23;131
26;2025-12-05;0;33
26;2025-12-05;1;1
26;2025-12-05;2;0
26;2025-12-05;3;0
26;2025-12-05;4;1
26;2025-12-05;5;85
26;2025-12-05;6;477
26;2025-12-05;7;1039
26;2025-12-05;8;2181
26;2025-12-05;9;1380
26;2025-12-05;10;1222
26;2025-12-05;11;1077
26;2025-12-05;12;1107
26;2025-12-05;13;1146
26;2025-12-05;14;1344
26;2025-12-05;15;1342
26;2025-12-05;16;1577
26;2025-12-05;17;1732
26;2025-12-05;18;1456
26;2025-12-05;19;1089
26;2025-12-05;20;679
26;2025-12-05;21;474
26;2025-12-05;22;206
26;2025-12-05;23;145
26;2025-12-06;0;51
26;2025-12-06;1;2
26;2025-12-06;2;0
26;2025-12-06;3;0
26;2025-12-06;4;1
26;2025-12-06;5;52
26;2025-12-06;6;234
26;2025-12-06;7;376
26;2025-12-06;8;631
26;2025-12-06;9;671
26;2025-12-06;10;829
26;2025-12-06;11;992
26;2025-12-06;12;1045
26;2025-12-06;13;1044
26;2025-12-06;14;1065
26;2025-12-06;15;965
26;2025-12-06;16;1014
26;2025-12-06;17;947
26;2025-12-06;18;865
26;2025-12-06;19;780
26;2025-12-06;20;553
26;2025-12-06;21;363
26;2025-12-06;22;210
26;2025-12-06;23;163
26;2025-12-07;0;54
26;2025-12-07;1;4
26;2025-12-07;2;0
26;2025-12-07;3;0
26;2025-12-07;4;1
26;2025-12-07;5;21
26;2025-12-07;6;152
26;2025-12-07;7;263
26;2025-12-07;8;376
26;2025-12-07;9;520
26;2025-12-07;10;577
26;2025-12-07;11;805
26;2025-12-07;12;819
26;2025-12-07;13;873
26;2025-12-07;14;867
26;2025-12-07;15;782
26;2025-12-07;16;760
26;2025-12-07;17;786
26;2025-12-07;18;705
26;2025-12-07;19;529
26;2025-12-07;20;406
26;2025-12-07;21;285
26;2025-12-07;22;173
26;2025-12-07;23;117
26;2025-12-08;0;29
26;2025-12-08;1;1
26;2025-12-08;2;0
26;2025-12-08;3;0
26;2025-12-08;4;2
26;2025-12-08;5;91
26;2025-12-08;6;467
26;2025-12-08;7;1103
26;2025-12-08;8;2188
26;2025-12-08;9;1419
26;2025-12-08;10;1209
26;2025-12-08;11;1055
26;2025-12-08;12;1095
26;2025-12-08;13;1169
26;2025-12-08;14;1280
26;2025-12-08;15;1336
26;2025-12-08;16;1456
26;2025-12-08;17;1707
26;2025-12-08;18;1811
26;2025-12-08;19;1187
26;2025-12-08;20;752
26;2025-12-08;21;470
26;2025-12-08;22;199
26;2025-12-08;23;113
26;2025-12-09;0;33
26;2025-12-09;1;1
26;2025-12-09;2;0
26;2025-12-09;3;0
26;2025-12-09;4;1
26;2025-12-09;5;88
26;2025-12-09;6;474
26;2025-12-09;7;1097
26;2025-12-09;8;2268
26;2025-12-09;9;1442
26;2025-12-09;10;1253
26;2025-12-09;11;1138
26;2025-12-09;12;1148
26;2025-12-09;13;1164
26;2025-12-09;14;1287
26;2025-12-09;15;1350
26;2025-12-09;16;1486
26;2025-12-09;17;1759
26;2025-12-09;18;1867
26;2025-12-09;19;1263
26;2025-12-09;20;741
26;2025-12-09;21;477
26;2025-12-09;22;207
26;2025-12-09;23;116
26;2025-12-10;0;34
26;2025-12-10;1;1
26;2025-12-10;2;0
26;2025-12-10;3;0
26;2025-12-10;4;3
26;2025-12-10;5;97
26;2025-12-10;6;464
26;2025-12-10;7;1095
26;2025-12-10;8;2265
26;2025-12-10;9;1436
26;2025-12-10;10;1220
26;2025-12-10;11;1070
26;2025-12-10;12;1176
26;2025-12-10;13;1199
26;2025-12-10;14;1371
26;2025-12-10;15;1401
26;2025-12-10;16;1504
26;2025-12-10;17;1702
26;2025-12-10;18;1801
26;2025-12-10;19;1225
26;2025-12-10;20;768
26;2025-12-10;21;529
26;2025-12-10;22;218
26;2025-12-10;23;132
26;2025-12-11;0;40
26;2025-12-11;1;1
26;2025-12-11;2;0
26;2025-12-11;3;0
26;2025-12-11;4;2
26;2025-12-11;5;93
26;2025-12-11;6;469
26;2025-12-11;7;1074
26;2025-12-11;8;2234
26;2025-12-11;9;1469
26;2025-12-11;10;1200
26;2025-12-11;11;1110
26;2025-12-11;12;1161
26;2025-12-11;13;1191
26;2025-12-11;14;1365
26;2025-12-11;15;1374
26;2025-12-11;16;1500
26;2025-12-11;17;1702
26;2025-12-11;18;1825
26;2025-12-11;19;1201
26;2025-12-11;20;731
26;2025-12-11;21;484
26;2025-12-11;22;207
26;2025-12-11;23;131
26;2025-12-12;0;33
26;2025-12-12;1;1
26;2025-12-12;2;0
26;2025-12-12;3;0
26;2025-12-12;4;1
26;2025-12-12;5;85
26;2025-12-12;6;477
26;2025-12-12;7;1039
26;2025-12-12;8;2181
26;2025-12-12;9;1380
26;2025-12-12;10;1222
26;2025-12-12;11;1077
26;2025-12-12;12;1107
26;2025-12-12;13;1146
26;2025-12-12;14;1344
26;2025-12-12;15;1342
26;2025-12-12;16;1577
26;2025-12-12;17;1732
26;2025-12-12;18;1456
26;2025-12-12;19;1089
26;2025-12-12;20;679
26;2025-12-12;21;474
26;2025-12-12;22;206
26;2025-12-12;23;145
26;2025-12-13;0;51
26;2025-12-13;1;2
26;2025-12-13;2;0
26;2025-12-13;3;0
26;2025-12-13;4;1
26;2025-12-13;5;52
26;2025-12-13;6;234
26;2025-12-13;7;376
26;2025-12-13;8;631
26;2025-12-13;9;671
26;2025-12-13;10;829
26;2025-12-13;11;992
26;2025-12-13;12;1045
26;2025-12-13;13;1044
26;2025-12-13;14;1065
26;2025-12-13;15;965
26;2025-12-13;16;1014
26;2025-12-13;17;947
26;2025-12-13;18;865
26;2025-12-13;19;780
26;2025-12-13;20;553
26;2025-12-13;21;363
26;2025-12-13;22;210
26;2025-12-13;23;163
26;2025-12-14;0;54
26;2025-12-14;1;4
26;2025-12-14;2;0
26;2025-12-14;3;0
26;2025-12-14;4;1
26;2025-12-14;5;21
26;2025-12-14;6;152
26;2025-12-14;7;263
26;2025-12-14;8;376
26;2025-12-14;9;520
26;2025-12-14;10;577
26;2025-12-14;11;805
26;2025-12-14;12;819
26;2025-12-14;13;873
26;2025-12-14;14;867
26;2025-12-14;15;782
26;2025-12-14;16;760
26;2025-12-14;17;786
26;2025-12-14;18;705
26;2025-12-14;19;529
26;2025-12-14;20;406
26;2025-12-14;21;285
26;2025-12-14;22;173
26;2025-12-14;23;117
26;2025-12-15;0;29
26;2025-12-15;1;1
26;2025-12-15;2;0
26;2025-12-15;3;0
26;2025-12-15;4;2
26;2025-12-15;5;91
26;2025-12-15;6;467
26;2025-12-15;7;1103
26;2025-12-15;8;2188
26;2025-12-15;9;1419
26;2025-12-15;10;1209
26;2025-12-15;11;1055
26;2025-12-15;12;1095
26;2025-12-15;13;1169
26;2025-12-15;14;1280
26;2025-12-15;15;1336
26;2025-12-15;16;1456
26;2025-12-15;17;1707
26;2025-12-15;18;1811
26;2025-12-15;19;1187
26;2025-12-15;20;752
26;2025-12-15;21;470
26;2025-12-15;22;199
26;2025-12-15;23;113
26;2025-12-16;0;33
26;2025-12-16;1;1
26;2025-12-16;2;0
26;2025-12-16;3;0
26;2025-12-16;4;1
26;2025-12-16;5;88
26;2025-12-16;6;474
26;2025-12-16;7;1097
26;2025-12-16;8;2268
26;2025-12-16;9;1442
26;2025-12-16;10;1253
26;2025-12-16;11;1138
26;2025-12-16;12;1148
26;2025-12-16;13;1164
26;2025-12-16;14;1287
26;2025-12-16;15;1350
26;2025-12-16;16;1486
26;2025-12-16;17;1759
26;2025-12-16;18;1867
26;2025-12-16;19;1263
26;2025-12-16;20;741
26;2025-12-16;21;477
26;2025-12-16;22;207
26;2025-12-16;23;116
26;2025-12-17;0;34
26;2025-12-17;1;1
26;2025-12-17;2;0
26;2025-12-17;3;0
26;2025-12-17;4;3
26;2025-12-17;5;97
26;2025-12-17;6;464
26;2025-12-17;7;1095
26;2025-12-17;8;2265
26;2025-12-17;9;1436
26;2025-12-17;10;1220
26;2025-12-17;11;1070
26;2025-12-17;12;1176
26;2025-12-17;13;1199
26;2025-12-17;14;1371
26;2025-12-17;15;1401
26;2025-12-17;16;1504
26;2025-12-17;17;1702
26;2025-12-17;18;1801
26;2025-12-17;19;1225
26;2025-12-17;20;768
26;2025-12-17;21;529
26;2025-12-17;22;218
26;2025-12-17;23;132
26;2025-12-18;0;40
26;2025-12-18;1;1
26;2025-12-18;2;0
26;2025-12-18;3;0
26;2025-12-18;4;2
26;2025-12-18;5;93
26;2025-12-18;6;469
26;2025-12-18;7;1074
26;2025-12-18;8;2234
26;2025-12-18;9;1469
26;2025-12-18;10;1200
26;2025-12-18;11;1110
26;2025-12-18;12;1161
26;2025-12-18;13;1191
26;2025-12-18;14;1365
26;2025-12-18;15;1374
26;2025-12-18;16;1500
26;2025-12-18;17;1702
26;2025-12-18;18;1825
26;2025-12-18;19;1201
26;2025-12-18;20;731
26;2025-12-18;21;484
26;2025-12-18;22;207
26;2025-12-18;23;131
26;2025-12-19;0;33
26;2025-12-19;1;1
26;2025-12-19;2;0
26;2025-12-19;3;0
26;2025-12-19;4;1
26;2025-12-19;5;85
26;2025-12-19;6;477
26;2025-12-19;7;1039
26;2025-12-19;8;2181
26;2025-12-19;9;1380
26;2025-12-19;10;1222
26;2025-12-19;11;1077
26;2025-12-19;12;1107
26;2025-12-19;13;1146
26;2025-12-19;14;1344
26;2025-12-19;15;1342
26;2025-12-19;16;1577
26;2025-12-19;17;1732
26;2025-12-19;18;1456
26;2025-12-19;19;1089
26;2025-12-19;20;679
26;2025-12-19;21;474
26;2025-12-19;22;206
26;2025-12-19;23;145
26;2025-12-20;0;51
26;2025-12-20;1;2
26;2025-12-20;2;0
26;2025-12-20;3;0
26;2025-12-20;4;1
26;2025-12-20;5;52
26;2025-12-20;6;234
26;2025-12-20;7;376
26;2025-12-20;8;631
26;2025-12-20;9;671
26;2025-12-20;10;829
26;2025-12-20;11;992
26;2025-12-20;12;1045
26;2025-12-20;13;1044
26;2025-12-20;14;1065
26;2025-12-20;15;965
26;2025-12-20;16;1014
26;2025-12-20;17;947
26;2025-12-20;18;865
26;2025-12-20;19;780
26;2025-12-20;20;553
26;2025-12-20;21;363
26;2025-12-20;22;210
26;2025-12-20;23;163
26;2025-12-21;0;54
26;2025-12-21;1;4
26;2025-12-21;2;0
26;2025-12-21;3;0
26;2025-12-21;4;1
26;2025-12-21;5;21
26;2025-12-21;6;152
26;2025-12-21;7;263
26;2025-12-21;8;376
26;2025-12-21;9;520
26;2025-12-21;10;577
26;2025-12-21;11;805
26;2025-12-21;12;819
26;2025-12-21;13;873
26;2025-12-21;14;867
26;2025-12-21;15;782
26;2025-12-21;16;760
26;2025-12-21;17;786
26;2025-12-21;18;705
26;2025-12-21;19;529
26;2025-12-21;20;406
26;2025-12-21;21;285
26;2025-12-21;22;173
26;2025-12-21;23;117
26;2025-12-22;0;29
26;2025-12-22;1;1
26;2025-12-22;2;0
26;2025-12-22;3;0
26;2025-12-22;4;2
26;2025-12-22;5;91
26;2025-12-22;6;467
26;2025-12-22;7;1103
26;2025-12-22;8;2188
26;2025-12-22;9;1419
26;2025-12-22;10;1209
26;2025-12-22;11;1055
26;2025-12-22;12;1095
26;2025-12-22;13;1169
26;2025-12-22;14;1280
26;2025-12-22;15;1336
26;2025-12-22;16;1456
26;2025-12-22;17;1707
26;2025-12-22;18;1811
26;2025-12-22;19;1187
26;2025-12-22;20;752
26;2025-12-22;21;470
26;2025-12-22;22;199
26;2025-12-22;23;113
26;2025-12-23;0;33
26;2025-12-23;1;1
26;2025-12-23;2;0
26;2025-12-23;3;0
26;2025-12-23;4;1
26;2025-12-23;5;88
26;2025-12-23;6;474
26;2025-12-23;7;1097
26;2025-12-23;8;2268
26;2025-12-23;9;1442
26;2025-12-23;10;1253
26;2025-12-23;11;1138
26;2025-12-23;12;1148
26;2025-12-23;13;1164
26;2025-12-23;14;1287
26;2025-12-23;15;1350
26;2025-12-23;16;1486
26;2025-12-23;17;1759
26;2025-12-23;18;1867
26;2025-12-23;19;1263
26;2025-12-23;20;741
26;2025-12-23;21;477
26;2025-12-23;22;207
26;2025-12-23;23;116
26;2025-12-24;0;34
26;2025-12-24;1;1
26;2025-12-24;2;0
26;2025-12-24;3;0
26;2025-12-24;4;3
26;2025-12-24;5;97
26;2025-12-24;6;464
26;2025-12-24;7;1095
26;2025-12-24;8;2265
26;2025-12-24;9;1436
26;2025-12-24;10;1220
26;2025-12-24;11;1070
26;2025-12-24;12;1176
26;2025-12-24;13;1199
26;2025-12-24;14;1371
26;2025-12-24;15;1401
26;2025-12-24;16;1504
26;2025-12-24;17;1702
26;2025-12-24;18;1801
26;2025-12-24;19;1225
26;2025-12-24;20;768
26;2025-12-24;21;529
26;2025-12-24;22;218
26;2025-12-24;23;132
26;2025-12-25;0;40
26;2025-12-25;1;1
26;2025-12-25;2;0
26;2025-12-25;3;0
26;2025-12-25;4;2
26;2025-12-25;5;93
26;2025-12-25;6;469
26;2025-12-25;7;1074
26;2025-12-25;8;2234
26;2025-12-25;9;1469
26;2025-12-25;10;1200
26;2025-12-25;11;1110
26;2025-12-25;12;1161
26;2025-12-25;13;1191
26;2025-12-25;14;1365
26;2025-12-25;15;1374
26;2025-12-25;16;1500
26;2025-12-25;17;1702
26;2025-12-25;18;1825
26;2025-12-25;19;1201
26;2025-12-25;20;731
26;2025-12-25;21;484
26;2025-12-25;22;207
26;2025-12-25;23;131
26;2025-12-26;0;33
26;2025-12-26;1;1
26;2025-12-26;2;0
26;2025-12-26;3;0
26;2025-12-26;4;1
26;2025-12-26;5;85
26;2025-12-26;6;477
26;2025-12-26;7;1039
26;2025-12-26;8;2181
26;2025-12-26;9;1380
26;2025-12-26;10;1222
26;2025-12-26;11;1077
26;2025-12-26;12;1107
26;2025-12-26;13;1146
26;2025-12-26;14;1344
26;2025-12-26;15;1342
26;2025-12-26;16;1577
26;2025-12-26;17;1732
26;2025-12-26;18;1456
26;2025-12-26;19;1089
26;2025-12-26;20;679
26;2025-12-26;21;474
26;2025-12-26;22;206
26;2025-12-26;23;145
26;2025-12-27;0;51
26;2025-12-27;1;2
26;2025-12-27;2;0
26;2025-12-27;3;0
26;2025-12-27;4;1
26;2025-12-27;5;52
26;2025-12-27;6;234
26;2025-12-27;7;376
26;2025-12-27;8;631
26;2025-12-27;9;671
26;2025-12-27;10;829
26;2025-12-27;11;992
26;2025-12-27;12;1045
26;2025-12-27;13;1044
26;2025-12-27;14;1065
26;2025-12-27;15;965
26;2025-12-27;16;1014
26;2025-12-27;17;947
26;2025-12-27;18;865
26;2025-12-27;19;780
26;2025-12-27;20;553
26;2025-12-27;21;363
26;2025-12-27;22;210
26;2025-12-27;23;163
26;2025-12-28;0;54
26;2025-12-28;1;4
26;2025-12-28;2;0
26;2025-12-28;3;0
26;2025-12-28;4;1
26;2025-12-28;5;21
26;2025-12-28;6;152
26;2025-12-28;7;263
26;2025-12-28;8;376
26;2025-12-28;9;520
26;2025-12-28;10;577
26;2025-12-28;11;805
26;2025-12-28;12;819
26;2025-12-28;13;873
26;2025-12-28;14;867
26;2025-12-28;15;782
26;2025-12-28;16;760
26;2025-12-28;17;786
26;2025-12-28;18;705
26;2025-12-28;19;529
26;2025-12-28;20;406
26;2025-12-28;21;285
26;2025-12-28;22;173
26;2025-12-28;23;117
26;2025-12-29;0;29
26;2025-12-29;1;1
26;2025-12-29;2;0
26;2025-12-29;3;0
26;2025-12-29;4;2
26;2025-12-29;5;91
26;2025-12-29;6;467
26;2025-12-29;7;1103
26;2025-12-29;8;2188
26;2025-12-29;9;1419
26;2025-12-29;10;1209
26;2025-12-29;11;1055
26;2025-12-29;12;1095
26;2025-12-29;13;1169
26;2025-12-29;14;1280
26;2025-12-29;15;1336
26;2025-12-29;16;1456
26;2025-12-29;17;1707
26;2025-12-29;18;1811
26;2025-12-29;19;1187
26;2025-12-29;20;752
26;2025-12-29;21;470
26;2025-12-29;22;199
26;2025-12-29;23;113
26;2025-12-30;0;33
26;2025-12-30;1;1
26;2025-12-30;2;0
26;2025-12-30;3;0
26;2025-12-30;4;1
26;2025-12-30;5;88
26;2025-12-30;6;474
26;2025-12-30;7;1097
26;2025-12-30;8;2268
26;2025-12-30;9;1442
26;2025-12-30;10;1253
26;2025-12-30;11;1138
26;2025-12-30;12;1148
26;2025-12-30;13;1164
26;2025-12-30;14;1287
26;2025-12-30;15;1350
26;2025-12-30;16;1486
26;2025-12-30;17;1759
26;2025-12-30;18;1867
26;2025-12-30;19;1263
26;2025-12-30;20;741
26;2025-12-30;21;477
26;2025-12-30;22;207
26;2025-12-30;23;116
26;2025-12-31;0;54
26;2025-12-31;1;4
26;2025-12-31;2;0
26;2025-12-31;3;0
26;2025-12-31;4;1
26;2025-12-31;5;21
26;2025-12-31;6;152
26;2025-12-31;7;263
26;2025-12-31;8;376
26;2025-12-31;9;520
26;2025-12-31;10;577
26;2025-12-31;11;805
26;2025-12-31;12;819
26;2025-12-31;13;873
26;2025-12-31;14;867
26;2025-12-31;15;782
26;2025-12-31;16;760
26;2025-12-31;17;786
26;2025-12-31;18;705
26;2025-12-31;19;529
26;2025-12-31;20;406
26;2025-12-31;21;285
26;2025-12-31;22;173
26;2025-12-31;23;117
28;2025-11-01;0;1
28;2025-11-01;1;0
28;2025-11-01;2;0
28;2025-11-01;3;0
28;2025-11-01;4;1
28;2025-11-01;5;76
28;2025-11-01;6;264
28;2025-11-01;7;811
28;2025-11-01;8;1263
28;2025-11-01;9;806
28;2025-11-01;10;612
28;2025-11-01;11;557
28;2025-11-01;12;737
28;2025-11-01;13;709
28;2025-11-01;14;676
28;2025-11-01;15;686
28;2025-11-01;16;898
28;2025-11-01;17;989
28;2025-11-01;18;884
28;2025-11-01;19;668
28;2025-11-01;20;440
28;2025-11-01;21;311
28;2025-11-01;22;117
28;2025-11-01;23;15
28;2025-11-02;0;4
28;2025-11-02;1;1
28;2025-11-02;2;0
28;2025-11-02;3;0
28;2025-11-02;4;1
28;2025-11-02;5;29
28;2025-11-02;6;76
28;2025-11-02;7;163
28;2025-11-02;8;249
28;2025-11-02;9;334
28;2025-11-02;10;383
28;2025-11-02;11;427
28;2025-11-02;12;448
28;2025-11-02;13;524
28;2025-11-02;14;508
28;2025-11-02;15;508
28;2025-11-02;16;465
28;2025-11-02;17;507
28;2025-11-02;18;432
28;2025-11-02;19;383
28;2025-11-02;20;283
28;2025-11-02;21;236
28;2025-11-02;22;110
28;2025-11-02;23;11
28;2025-11-03;0;4
28;2025-11-03;1;1
28;2025-11-03;2;0
28;2025-11-03;3;0
28;2025-11-03;4;1
28;2025-11-03;5;29
28;2025-11-03;6;76
28;2025-11-03;7;163
28;2025-11-03;8;249
28;2025-11-03;9;334
28;2025-11-03;10;383
28;2025-11-03;11;427
28;2025-11-03;12;448
28;2025-11-03;13;524
28;2025-11-03;14;508
28;2025-11-03;15;508
28;2025-11-03;16;465
28;2025-11-03;17;507
28;2025-11-03;18;432
28;2025-11-03;19;383
28;2025-11-03;20;283
28;2025-11-03;21;236
28;2025-11-03;22;110
28;2025-11-03;23;11
28;2025-11-04;0;4
28;2025-11-04;1;1
28;2025-11-04;2;0
28;2025-11-04;3;0
28;2025-11-04;4;1
28;2025-11-04;5;29
28;2025-11-04;6;76
28;2025-11-04;7;163
28;2025-11-04;8;249
28;2025-11-04;9;334
28;2025-11-04;10;383
28;2025-11-04;11;427
28;2025-11-04;12;448
28;2025-11-04;13;524
28;2025-11-04;14;508
28;2025-11-04;15;508
28;2025-11-04;16;465
28;2025-11-04;17;507
28;2025-11-04;18;432
28;2025-11-04;19;383
28;2025-11-04;20;283
28;2025-11-04;21;236
28;2025-11-04;22;110
28;2025-11-04;23;11
28;2025-11-05;0;1
28;2025-11-05;1;0
28;2025-11-05;2;0
28;2025-11-05;3;0
28;2025-11-05;4;2
28;2025-11-05;5;74
28;2025-11-05;6;245
28;2025-11-05;7;760
28;2025-11-05;8;1242
28;2025-11-05;9;833
28;2025-11-05;10;603
28;2025-11-05;11;566
28;2025-11-05;12;728
28;2025-11-05;13;730
28;2025-11-05;14;665
28;2025-11-05;15;679
28;2025-11-05;16;895
28;2025-11-05;17;1017
28;2025-11-05;18;983
28;2025-11-05;19;741
28;2025-11-05;20;518
28;2025-11-05;21;325
28;2025-11-05;22;116
28;2025-11-05;23;13
28;2025-11-06;0;3
28;2025-11-06;1;1
28;2025-11-06;2;0
28;2025-11-06;3;0
28;2025-11-06;4;1
28;2025-11-06;5;79
28;2025-11-06;6;242
28;2025-11-06;7;784
28;2025-11-06;8;1202
28;2025-11-06;9;787
28;2025-11-06;10;567
28;2025-11-06;11;541
28;2025-11-06;12;663
28;2025-11-06;13;706
28;2025-11-06;14;665
28;2025-11-06;15;704
28;2025-11-06;16;878
28;2025-11-06;17;1068
28;2025-11-06;18;1022
28;2025-11-06;19;739
28;2025-11-06;20;510
28;2025-11-06;21;321
28;2025-11-06;22;122
28;2025-11-06;23;11
28;2025-11-07;0;1
28;2025-11-07;1;0
28;2025-11-07;2;0
28;2025-11-07;3;0
28;2025-11-07;4;1
28;2025-11-07;5;76
28;2025-11-07;6;264
28;2025-11-07;7;811
28;2025-11-07;8;1263
28;2025-11-07;9;806
28;2025-11-07;10;612
28;2025-11-07;11;557
28;2025-11-07;12;737
28;2025-11-07;13;709
28;2025-11-07;14;676
28;2025-11-07;15;686
28;2025-11-07;16;898
28;2025-11-07;17;989
28;2025-11-07;18;884
28;2025-11-07;19;668
28;2025-11-07;20;440
28;2025-11-07;21;311
28;2025-11-07;22;117
28;2025-11-07;23;15
28;2025-11-08;0;3
28;2025-11-08;1;1
28;2025-11-08;2;0
28;2025-11-08;3;0
28;2025-11-08;4;1
28;2025-11-08;5;36
28;2025-11-08;6;103
28;2025-11-08;7;229
28;2025-11-08;8;401
28;2025-11-08;9;450
28;2025-11-08;10;489
28;2025-11-08;11;486
28;2025-11-08;12;580
28;2025-11-08;13;594
28;2025-11-08;14;544
28;2025-11-08;15;601
28;2025-11-08;16;609
28;2025-11-08;17;586
28;2025-11-08;18;495
28;2025-11-08;19;388
28;2025-11-08;20;296
28;2025-11-08;21;266
28;2025-11-08;22;116
28;2025-11-08;23;19
28;2025-11-09;0;4
28;2025-11-09;1;1
28;2025-11-09;2;0
28;2025-11-09;3;0
28;2025-11-09;4;1
28;2025-11-09;5;29
28;2025-11-09;6;76
28;2025-11-09;7;163
28;2025-11-09;8;249
28;2025-11-09;9;334
28;2025-11-09;10;383
28;2025-11-09;11;427
28;2025-11-09;12;448
28;2025-11-09;13;524
28;2025-11-09;14;508
28;2025-11-09;15;508
28;2025-11-09;16;465
28;2025-11-09;17;507
28;2025-11-09;18;432
28;2025-11-09;19;383
28;2025-11-09;20;283
28;2025-11-09;21;236
28;2025-11-09;22;110
28;2025-11-09;23;11
28;2025-11-10;0;1
28;2025-11-10;1;1
28;2025-11-10;2;0
28;2025-11-10;3;0
28;2025-11-10;4;2
28;2025-11-10;5;75
28;2025-11-10;6;244
28;2025-11-10;7;735
28;2025-11-10;8;1215
28;2025-11-10;9;795
28;2025-11-10;10;597
28;2025-11-10;11;521
28;2025-11-10;12;662
28;2025-11-10;13;651
28;2025-11-10;14;625
28;2025-11-10;15;624
28;2025-11-10;16;845
28;2025-11-10;17;975
28;2025-11-10;18;932
28;2025-11-10;19;692
28;2025-11-10;20;459
28;2025-11-10;21;297
28;2025-11-10;22;109
28;2025-11-10;23;7
28;2025-11-11;0;1
28;2025-11-11;1;0
28;2025-11-11;2;0
28;2025-11-11;3;0
28;2025-11-11;4;1
28;2025-11-11;5;74
28;2025-11-11;6;245
28;2025-11-11;7;769
28;2025-11-11;8;1265
28;2025-11-11;9;789
28;2025-11-11;10;618
28;2025-11-11;11;554
28;2025-11-11;12;667
28;2025-11-11;13;677
28;2025-11-11;14;648
28;2025-11-11;15;676
28;2025-11-11;16;777
28;2025-11-11;17;957
28;2025-11-11;18;962
28;2025-11-11;19;669
28;2025-11-11;20;472
28;2025-11-11;21;313
28;2025-11-11;22;117
28;2025-11-11;23;11
28;2025-11-12;0;1
28;2025-11-12;1;0
28;2025-11-12;2;0
28;2025-11-12;3;0
28;2025-11-12;4;2
28;2025-11-12;5;74
28;2025-11-12;6;245
28;2025-11-12;7;760
28;2025-11-12;8;1242
28;2025-11-12;9;833
28;2025-11-12;10;603
28;2025-11-12;11;566
28;2025-11-12;12;728
28;2025-11-12;13;730
28;2025-11-12;14;665
28;2025-11-12;15;679
28;2025-11-12;16;895
28;2025-11-12;17;1017
28;2025-11-12;18;983
28;2025-11-12;19;741
28;2025-11-12;20;518
28;2025-11-12;21;325
28;2025-11-12;22;116
28;2025-11-12;23;13
28;2025-11-13;0;3
28;2025-11-13;1;1
28;2025-11-13;2;0
28;2025-11-13;3;0
28;2025-11-13;4;1
28;2025-11-13;5;79
28;2025-11-13;6;242
28;2025-11-13;7;784
28;2025-11-13;8;1202
28;2025-11-13;9;787
28;2025-11-13;10;567
28;2025-11-13;11;541
28;2025-11-13;12;663
28;2025-11-13;13;706
28;2025-11-13;14;665
28;2025-11-13;15;704
28;2025-11-13;16;878
28;2025-11-13;17;1068
28;2025-11-13;18;1022
28;2025-11-13;19;739
28;2025-11-13;20;510
28;2025-11-13;21;321
28;2025-11-13;22;122
28;2025-11-13;23;11
28;2025-11-14;0;1
28;2025-11-14;1;0
28;2025-11-14;2;0
28;2025-11-14;3;0
28;2025-11-14;4;1
28;2025-11-14;5;76
28;2025-11-14;6;264
28;2025-11-14;7;811
28;2025-11-14;8;1263
28;2025-11-14;9;806
28;2025-11-14;10;612
28;2025-11-14;11;557
28;2025-11-14;12;737
28;2025-11-14;13;709
28;2025-11-14;14;676
28;2025-11-14;15;686
28;2025-11-14;16;898
28;2025-11-14;17;989
28;2025-11-14;18;884
28;2025-11-14;19;668
28;2025-11-14;20;440
28;2025-11-14;21;311
28;2025-11-14;22;117
28;2025-11-14;23;15
28;2025-11-15;0;3
28;2025-11-15;1;1
28;2025-11-15;2;0
28;2025-11-15;3;0
28;2025-11-15;4;1
28;2025-11-15;5;36
28;2025-11-15;6;103
28;2025-11-15;7;229
28;2025-11-15;8;401
28;2025-11-15;9;450
28;2025-11-15;10;489
28;2025-11-15;11;486
28;2025-11-15;12;580
28;2025-11-15;13;594
28;2025-11-15;14;544
28;2025-11-15;15;601
28;2025-11-15;16;609
28;2025-11-15;17;586
28;2025-11-15;18;495
28;2025-11-15;19;388
28;2025-11-15;20;296
28;2025-11-15;21;266
28;2025-11-15;22;116
28;2025-11-15;23;19
28;2025-11-16;0;4
28;2025-11-16;1;1
28;2025-11-16;2;0
28;2025-11-16;3;0
28;2025-11-16;4;1
28;2025-11-16;5;29
28;2025-11-16;6;76
28;2025-11-16;7;163
28;2025-11-16;8;249
28;2025-11-16;9;334
28;2025-11-16;10;383
28;2025-11-16;11;427
28;2025-11-16;12;448
28;2025-11-16;13;524
28;2025-11-16;14;508
28;2025-11-16;15;508
28;2025-11-16;16;465
28;2025-11-16;17;507
28;2025-11-16;18;432
28;2025-11-16;19;383
28;2025-11-16;20;283
28;2025-11-16;21;236
28;2025-11-16;22;110
28;2025-11-16;23;11
28;2025-11-17;0;1
28;2025-11-17;1;1
28;2025-11-17;2;0
28;2025-11-17;3;0
28;2025-11-17;4;2
28;2025-11-17;5;75
28;2025-11-17;6;244
28;2025-11-17;7;735
28;2025-11-17;8;1215
28;2025-11-17;9;795
28;2025-11-17;10;597
28;2025-11-17;11;521
28;2025-11-17;12;662
28;2025-11-17;13;651
28;2025-11-17;14;625
28;2025-11-17;15;624
28;2025-11-17;16;845
28;2025-11-17;17;975
28;2025-11-17;18;932
28;2025-11-17;19;692
28;2025-11-17;20;459
28;2025-11-17;21;297
28;2025-11-17;22;109
28;2025-11-17;23;7
28;2025-11-18;0;1
28;2025-11-18;1;0
28;2025-11-18;2;0
28;2025-11-18;3;0
28;2025-11-18;4;1
28;2025-11-18;5;74
28;2025-11-18;6;245
28;2025-11-18;7;769
28;2025-11-18;8;1265
28;2025-11-18;9;789
28;2025-11-18;10;618
28;2025-11-18;11;554
28;2025-11-18;12;667
28;2025-11-18;13;677
28;2025-11-18;14;648
28;2025-11-18;15;676
28;2025-11-18;16;777
28;2025-11-18;17;957
28;2025-11-18;18;962
28;2025-11-18;19;669
28;2025-11-18;20;472
28;2025-11-18;21;313
28;2025-11-18;22;117
28;2025-11-18;23;11
28;2025-11-19;0;1
28;2025-11-19;1;0
28;2025-11-19;2;0
28;2025-11-19;3;0
28;2025-11-19;4;2
28;2025-11-19;5;74
28;2025-11-19;6;245
28;2025-11-19;7;760
28;2025-11-19;8;1242
28;2025-11-19;9;833
28;2025-11-19;10;603
28;2025-11-19;11;566
28;2025-11-19;12;728
28;2025-11-19;13;730
28;2025-11-19;14;665
28;2025-11-19;15;679
28;2025-11-19;16;895
28;2025-11-19;17;1017
28;2025-11-19;18;983
28;2025-11-19;19;741
28;2025-11-19;20;518
28;2025-11-19;21;325
28;2025-11-19;22;116
28;2025-11-19;23;13
28;2025-11-20;0;3
28;2025-11-20;1;1
28;2025-11-20;2;0
28;2025-11-20;3;0
28;2025-11-20;4;1
28;2025-11-20;5;79
28;2025-11-20;6;242
28;2025-11-20;7;784
28;2025-11-20;8;1202
28;2025-11-20;9;787
28;2025-11-20;10;567
28;2025-11-20;11;541
28;2025-11-20;12;663
28;2025-11-20;13;706
28;2025-11-20;14;665
28;2025-11-20;15;704
28;2025-11-20;16;878
28;2025-11-20;17;1068
28;2025-11-20;18;1022
28;2025-11-20;19;739
28;2025-11-20;20;510
28;2025-11-20;21;321
28;2025-11-20;22;122
28;2025-11-20;23;11
28;2025-11-21;0;1
28;2025-11-21;1;0
28;2025-11-21;2;0
28;2025-11-21;3;0
28;2025-11-21;4;1
28;2025-11-21;5;76
28;2025-11-21;6;264
28;2025-11-21;7;811
28;2025-11-21;8;1263
28;2025-11-21;9;806
28;2025-11-21;10;612
28;2025-11-21;11;557
28;2025-11-21;12;737
28;2025-11-21;13;709
28;2025-11-21;14;676
28;2025-11-21;15;686
28;2025-11-21;16;898
28;2025-11-21;17;989
28;2025-11-21;18;884
28;2025-11-21;19;668
28;2025-11-21;20;440
28;2025-11-21;21;311
28;2025-11-21;22;117
28;2025-11-21;23;15
28;2025-11-22;0;3
28;2025-11-22;1;1
28;2025-11-22;2;0
28;2025-11-22;3;0
28;2025-11-22;4;1
28;2025-11-22;5;36
28;2025-11-22;6;103
28;2025-11-22;7;229
28;2025-11-22;8;401
28;2025-11-22;9;450
28;2025-11-22;10;489
28;2025-11-22;11;486
28;2025-11-22;12;580
28;2025-11-22;13;594
28;2025-11-22;14;544
28;2025-11-22;15;601
28;2025-11-22;16;609
28;2025-11-22;17;586
28;2025-11-22;18;495
28;2025-11-22;19;388
28;2025-11-22;20;296
28;2025-11-22;21;266
28;2025-11-22;22;116
28;2025-11-22;23;19
28;2025-11-23;0;4
28;2025-11-23;1;1
28;2025-11-23;2;0
28;2025-11-23;3;0
28;2025-11-23;4;1
28;2025-11-23;5;29
28;2025-11-23;6;76
28;2025-11-23;7;163
28;2025-11-23;8;249
28;2025-11-23;9;334
28;2025-11-23;10;383
28;2025-11-23;11;427
28;2025-11-23;12;448
28;2025-11-23;13;524
28;2025-11-23;14;508
28;2025-11-23;15;508
28;2025-11-23;16;465
28;2025-11-23;17;507
28;2025-11-23;18;432
28;2025-11-23;19;383
28;2025-11-23;20;283
28;2025-11-23;21;236
28;2025-11-23;22;110
28;2025-11-23;23;11
28;2025-11-24;0;1
28;2025-11-24;1;1
28;2025-11-24;2;0
28;2025-11-24;3;0
28;2025-11-24;4;2
28;2025-11-24;5;75
28;2025-11-24;6;244
28;2025-11-24;7;735
28;2025-11-24;8;1215
28;2025-11-24;9;795
28;2025-11-24;10;597
28;2025-11-24;11;521
28;2025-11-24;12;662
28;2025-11-24;13;651
28;2025-11-24;14;625
28;2025-11-24;15;624
28;2025-11-24;16;845
28;2025-11-24;17;975
28;2025-11-24;18;932
28;2025-11-24;19;692
28;2025-11-24;20;459
28;2025-11-24;21;297
28;2025-11-24;22;109
28;2025-11-24;23;7
28;2025-11-25;0;1
28;2025-11-25;1;0
28;2025-11-25;2;0
28;2025-11-25;3;0
28;2025-11-25;4;1
28;2025-11-25;5;74
28;2025-11-25;6;245
28;2025-11-25;7;769
28;2025-11-25;8;1265
28;2025-11-25;9;789
28;2025-11-25;10;618
28;2025-11-25;11;554
28;2025-11-25;12;667
28;2025-11-25;13;677
28;2025-11-25;14;648
28;2025-11-25;15;676
28;2025-11-25;16;777
28;2025-11-25;17;957
28;2025-11-25;18;962
28;2025-11-25;19;669
28;2025-11-25;20;472
28;2025-11-25;21;313
28;2025-11-25;22;117
28;2025-11-25;23;11
28;2025-11-26;0;1
28;2025-11-26;1;0
28;2025-11-26;2;0
28;2025-11-26;3;0
28;2025-11-26;4;2
28;2025-11-26;5;74
28;2025-11-26;6;245
28;2025-11-26;7;760
28;2025-11-26;8;1242
28;2025-11-26;9;833
28;2025-11-26;10;603
28;2025-11-26;11;566
28;2025-11-26;12;728
28;2025-11-26;13;730
28;2025-11-26;14;665
28;2025-11-26;15;679
28;2025-11-26;16;895
28;2025-11-26;17;1017
28;2025-11-26;18;983
28;2025-11-26;19;741
28;2025-11-26;20;518
28;2025-11-26;21;325
28;2025-11-26;22;116
28;2025-11-26;23;13
28;2025-11-27;0;3
28;2025-11-27;1;1
28;2025-11-27;2;0
28;2025-11-27;3;0
28;2025-11-27;4;1
28;2025-11-27;5;79
28;2025-11-27;6;242
28;2025-11-27;7;784
28;2025-11-27;8;1202
28;2025-11-27;9;787
28;2025-11-27;10;567
28;2025-11-27;11;541
28;2025-11-27;12;663
28;2025-11-27;13;706
28;2025-11-27;14;665
28;2025-11-27;15;704
28;2025-11-27;16;878
28;2025-11-27;17;1068
28;2025-11-27;18;1022
28;2025-11-27;19;739
28;2025-11-27;20;510
28;2025-11-27;21;321
28;2025-11-27;22;122
28;2025-11-27;23;11
28;2025-11-28;0;1
28;2025-11-28;1;0
28;2025-11-28;2;0
28;2025-11-28;3;0
28;2025-11-28;4;1
28;2025-11-28;5;76
28;2025-11-28;6;264
28;2025-11-28;7;811
28;2025-11-28;8;1263
28;2025-11-28;9;806
28;2025-11-28;10;612
28;2025-11-28;11;557
28;2025-11-28;12;737
28;2025-11-28;13;709
28;2025-11-28;14;676
28;2025-11-28;15;686
28;2025-11-28;16;898
28;2025-11-28;17;989
28;2025-11-28;18;884
28;2025-11-28;19;668
28;2025-11-28;20;440
28;2025-11-28;21;311
28;2025-11-28;22;117
28;2025-11-28;23;15
28;2025-11-29;0;3
28;2025-11-29;1;1
28;2025-11-29;2;0
28;2025-11-29;3;0
28;2025-11-29;4;1
28;2025-11-29;5;36
28;2025-11-29;6;103
28;2025-11-29;7;229
28;2025-11-29;8;401
28;2025-11-29;9;450
28;2025-11-29;10;489
28;2025-11-29;11;486
28;2025-11-29;12;580
28;2025-11-29;13;594
28;2025-11-29;14;544
28;2025-11-29;15;601
28;2025-11-29;16;609
28;2025-11-29;17;586
28;2025-11-29;18;495
28;2025-11-29;19;388
28;2025-11-29;20;296
28;2025-11-29;21;266
28;2025-11-29;22;116
28;2025-11-29;23;19
28;2025-11-30;0;4
28;2025-11-30;1;1
28;2025-11-30;2;0
28;2025-11-30;3;0
28;2025-11-30;4;1
28;2025-11-30;5;29
28;2025-11-30;6;76
28;2025-11-30;7;163
28;2025-11-30;8;249
28;2025-11-30;9;334
28;2025-11-30;10;383
28;2025-11-30;11;427
28;2025-11-30;12;448
28;2025-11-30;13;524
28;2025-11-30;14;508
28;2025-11-30;15;508
28;2025-11-30;16;465
28;2025-11-30;17;507
28;2025-11-30;18;432
28;2025-11-30;19;383
28;2025-11-30;20;283
28;2025-11-30;21;236
28;2025-11-30;22;110
28;2025-11-30;23;11
28;2025-12-01;0;1
28;2025-12-01;1;1
28;2025-12-01;2;0
28;2025-12-01;3;0
28;2025-12-01;4;2
28;2025-12-01;5;75
28;2025-12-01;6;244
28;2025-12-01;7;735
28;2025-12-01;8;1215
28;2025-12-01;9;795
28;2025-12-01;10;597
28;2025-12-01;11;521
28;2025-12-01;12;662
28;2025-12-01;13;651
28;2025-12-01;14;625
28;2025-12-01;15;624
28;2025-12-01;16;845
28;2025-12-01;17;975
28;2025-12-01;18;932
28;2025-12-01;19;692
28;2025-12-01;20;459
28;2025-12-01;21;297
28;2025-12-01;22;109
28;2025-12-01;23;7
28;2025-12-02;0;1
28;2025-12-02;1;0
28;2025-12-02;2;0
28;2025-12-02;3;0
28;2025-12-02;4;1
28;2025-12-02;5;74
28;2025-12-02;6;245
28;2025-12-02;7;769
28;2025-12-02;8;1265
28;2025-12-02;9;789
28;2025-12-02;10;618
28;2025-12-02;11;554
28;2025-12-02;12;667
28;2025-12-02;13;677
28;2025-12-02;14;648
28;2025-12-02;15;676
28;2025-12-02;16;777
28;2025-12-02;17;957
28;2025-12-02;18;962
28;2025-12-02;19;669
28;2025-12-02;20;472
28;2025-12-02;21;313
28;2025-12-02;22;117
28;2025-12-02;23;11
28;2025-12-03;0;1
28;2025-12-03;1;0
28;2025-12-03;2;0
28;2025-12-03;3;0
28;2025-12-03;4;2
28;2025-12-03;5;74
28;2025-12-03;6;245
28;2025-12-03;7;760
28;2025-12-03;8;1242
28;2025-12-03;9;833
28;2025-12-03;10;603
28;2025-12-03;11;566
28;2025-12-03;12;728
28;2025-12-03;13;730
28;2025-12-03;14;665
28;2025-12-03;15;679
28;2025-12-03;16;895
28;2025-12-03;17;1017
28;2025-12-03;18;983
28;2025-12-03;19;741
28;2025-12-03;20;518
28;2025-12-03;21;325
28;2025-12-03;22;116
28;2025-12-03;23;13
28;2025-12-04;0;3
28;2025-12-04;1;1
28;2025-12-04;2;0
28;2025-12-04;3;0
28;2025-12-04;4;1
28;2025-12-04;5;79
28;2025-12-04;6;242
28;2025-12-04;7;784
28;2025-12-04;8;1202
28;2025-12-04;9;787
28;2025-12-04;10;567
28;2025-12-04;11;541
28;2025-12-04;12;663
28;2025-12-04;13;706
28;2025-12-04;14;665
28;2025-12-04;15;704
28;2025-12-04;16;878
28;2025-12-04;17;1068
28;2025-12-04;18;1022
28;2025-12-04;19;739
28;2025-12-04;20;510
28;2025-12-04;21;321
28;2025-12-04;22;122
28;2025-12-04;23;11
28;2025-12-05;0;1
28;2025-12-05;1;0
28;2025-12-05;2;0
28;2025-12-05;3;0
28;2025-12-05;4;1
28;2025-12-05;5;76
28;2025-12-05;6;264
28;2025-12-05;7;811
28;2025-12-05;8;1263
28;2025-12-05;9;806
28;2025-12-05;10;612
28;2025-12-05;11;557
28;2025-12-05;12;737
28;2025-12-05;13;709
28;2025-12-05;14;676
28;2025-12-05;15;686
28;2025-12-05;16;898
28;2025-12-05;17;989
28;2025-12-05;18;884
28;2025-12-05;19;668
28;2025-12-05;20;440
28;2025-12-05;21;311
28;2025-12-05;22;117
28;2025-12-05;23;15
28;2025-12-06;0;3
28;2025-12-06;1;1
28;2025-12-06;2;0
28;2025-12-06;3;0
28;2025-12-06;4;1
28;2025-12-06;5;36
28;2025-12-06;6;103
28;2025-12-06;7;229
28;2025-12-06;8;401
28;2025-12-06;9;450
28;2025-12-06;10;489
28;2025-12-06;11;486
28;2025-12-06;12;580
28;2025-12-06;13;594
28;2025-12-06;14;544
28;2025-12-06;15;601
28;2025-12-06;16;609
28;2025-12-06;17;586
28;2025-12-06;18;495
28;2025-12-06;19;388
28;2025-12-06;20;296
28;2025-12-06;21;266
28;2025-12-06;22;116
28;2025-12-06;23;19
28;2025-12-07;0;4
28;2025-12-07;1;1
28;2025-12-07;2;0
28;2025-12-07;3;0
28;2025-12-07;4;1
28;2025-12-07;5;29
28;2025-12-07;6;76
28;2025-12-07;7;163
28;2025-12-07;8;249
28;2025-12-07;9;334
28;2025-12-07;10;383
28;2025-12-07;11;427
28;2025-12-07;12;448
28;2025-12-07;13;524
28;2025-12-07;14;508
28;2025-12-07;15;508
28;2025-12-07;16;465
28;2025-12-07;17;507
28;2025-12-07;18;432
28;2025-12-07;19;383
28;2025-12-07;20;283
28;2025-12-07;21;236
28;2025-12-07;22;110
28;2025-12-07;23;11
28;2025-12-08;0;1
28;2025-12-08;1;1
28;2025-12-08;2;0
28;2025-12-08;3;0
28;2025-12-08;4;2
28;2025-12-08;5;75
28;2025-12-08;6;244
28;2025-12-08;7;735
28;2025-12-08;8;1215
28;2025-12-08;9;795
28;2025-12-08;10;597
28;2025-12-08;11;521
28;2025-12-08;12;662
28;2025-12-08;13;651
28;2025-12-08;14;625
28;2025-12-08;15;624
28;2025-12-08;16;845
28;2025-12-08;17;975
28;2025-12-08;18;932
28;2025-12-08;19;692
28;2025-12-08;20;459
28;2025-12-08;21;297
28;2025-12-08;22;109
28;2025-12-08;23;7
28;2025-12-09;0;1
28;2025-12-09;1;0
28;2025-12-09;2;0
28;2025-12-09;3;0
28;2025-12-09;4;1
28;2025-12-09;5;74
28;2025-12-09;6;245
28;2025-12-09;7;769
28;2025-12-09;8;1265
28;2025-12-09;9;789
28;2025-12-09;10;618
28;2025-12-09;11;554
28;2025-12-09;12;667
28;2025-12-09;13;677
28;2025-12-09;14;648
28;2025-12-09;15;676
28;2025-12-09;16;777
28;2025-12-09;17;957
28;2025-12-09;18;962
28;2025-12-09;19;669
28;2025-12-09;20;472
28;2025-12-09;21;313
28;2025-12-09;22;117
28;2025-12-09;23;11
28;2025-12-10;0;1
28;2025-12-10;1;0
28;2025-12-10;2;0
28;2025-12-10;3;0
28;2025-12-10;4;2
28;2025-12-10;5;74
28;2025-12-10;6;245
28;2025-12-10;7;760
28;2025-12-10;8;1242
28;2025-12-10;9;833
28;2025-12-10;10;603
28;2025-12-10;11;566
28;2025-12-10;12;728
28;2025-12-10;13;730
28;2025-12-10;14;665
28;2025-12-10;15;679
28;2025-12-10;16;895
28;2025-12-10;17;1017
28;2025-12-10;18;983
28;2025-12-10;19;741
28;2025-12-10;20;518
28;2025-12-10;21;325
28;2025-12-10;22;116
28;2025-12-10;23;13
28;2025-12-11;0;3
28;2025-12-11;1;1
28;2025-12-11;2;0
28;2025-12-11;3;0
28;2025-12-11;4;1
28;2025-12-11;5;79
28;2025-12-11;6;242
28;2025-12-11;7;784
28;2025-12-11;8;1202
28;2025-12-11;9;787
28;2025-12-11;10;567
28;2025-12-11;11;541
28;2025-12-11;12;663
28;2025-12-11;13;706
28;2025-12-11;14;665
28;2025-12-11;15;704
28;2025-12-11;16;878
28;2025-12-11;17;1068
28;2025-12-11;18;1022
28;2025-12-11;19;739
28;2025-12-11;20;510
28;2025-12-11;21;321
28;2025-12-11;22;122
28;2025-12-11;23;11
28;2025-12-12;0;1
28;2025-12-12;1;0
28;2025-12-12;2;0
28;2025-12-12;3;0
28;2025-12-12;4;1
28;2025-12-12;5;76
28;2025-12-12;6;264
28;2025-12-12;7;811
28;2025-12-12;8;1263
28;2025-12-12;9;806
28;2025-12-12;10;612
28;2025-12-12;11;557
28;2025-12-12;12;737
28;2025-12-12;13;709
28;2025-12-12;14;676
28;2025-12-12;15;686
28;2025-12-12;16;898
28;2025-12-12;17;989
28;2025-12-12;18;884
28;2025-12-12;19;668
28;2025-12-12;20;440
28;2025-12-12;21;311
28;2025-12-12;22;117
28;2025-12-12;23;15
28;2025-12-13;0;3
28;2025-12-13;1;1
28;2025-12-13;2;0
28;2025-12-13;3;0
28;2025-12-13;4;1
28;2025-12-13;5;36
28;2025-12-13;6;103
28;2025-12-13;7;229
28;2025-12-13;8;401
28;2025-12-13;9;450
28;2025-12-13;10;489
28;2025-12-13;11;486
28;2025-12-13;12;580
28;2025-12-13;13;594
28;2025-12-13;14;544
28;2025-12-13;15;601
28;2025-12-13;16;609
28;2025-12-13;17;586
28;2025-12-13;18;495
28;2025-12-13;19;388
28;2025-12-13;20;296
28;2025-12-13;21;266
28;2025-12-13;22;116
28;2025-12-13;23;19
28;2025-12-14;0;4
28;2025-12-14;1;1
28;2025-12-14;2;0
28;2025-12-14;3;0
28;2025-12-14;4;1
28;2025-12-14;5;29
28;2025-12-14;6;76
28;2025-12-14;7;163
28;2025-12-14;8;249
28;2025-12-14;9;334
28;2025-12-14;10;383
28;2025-12-14;11;427
28;2025-12-14;12;448
28;2025-12-14;13;524
28;2025-12-14;14;508
28;2025-12-14;15;508
28;2025-12-14;16;465
28;2025-12-14;17;507
28;2025-12-14;18;432
28;2025-12-14;19;383
28;2025-12-14;20;283
28;2025-12-14;21;236
28;2025-12-14;22;110
28;2025-12-14;23;11
28;2025-12-15;0;1
28;2025-12-15;1;1
28;2025-12-15;2;0
28;2025-12-15;3;0
28;2025-12-15;4;2
28;2025-12-15;5;75
28;2025-12-15;6;244
28;2025-12-15;7;735
28;2025-12-15;8;1215
28;2025-12-15;9;795
28;2025-12-15;10;597
28;2025-12-15;11;521
28;2025-12-15;12;662
28;2025-12-15;13;651
28;2025-12-15;14;625
28;2025-12-15;15;624
28;2025-12-15;16;845
28;2025-12-15;17;975
28;2025-12-15;18;932
28;2025-12-15;19;692
28;2025-12-15;20;459
28;2025-12-15;21;297
28;2025-12-15;22;109
28;2025-12-15;23;7
28;2025-12-16;0;1
28;2025-12-16;1;0
28;2025-12-16;2;0
28;2025-12-16;3;0
28;2025-12-16;4;1
28;2025-12-16;5;74
28;2025-12-16;6;245
28;2025-12-16;7;769
28;2025-12-16;8;1265
28;2025-12-16;9;789
28;2025-12-16;10;618
28;2025-12-16;11;554
28;2025-12-16;12;667
28;2025-12-16;13;677
28;2025-12-16;14;648
28;2025-12-16;15;676
28;2025-12-16;16;777
28;2025-12-16;17;957
28;2025-12-16;18;962
28;2025-12-16;19;669
28;2025-12-16;20;472
28;2025-12-16;21;313
28;2025-12-16;22;117
28;2025-12-16;23;11
28;2025-12-17;0;1
28;2025-12-17;1;0
28;2025-12-17;2;0
28;2025-12-17;3;0
28;2025-12-17;4;2
28;2025-12-17;5;74
28;2025-12-17;6;245
28;2025-12-17;7;760
28;2025-12-17;8;1242
28;2025-12-17;9;833
28;2025-12-17;10;603
28;2025-12-17;11;566
28;2025-12-17;12;728
28;2025-12-17;13;730
28;2025-12-17;14;665
28;2025-12-17;15;679
28;2025-12-17;16;895
28;2025-12-17;17;1017
28;2025-12-17;18;983
28;2025-12-17;19;741
28;2025-12-17;20;518
28;2025-12-17;21;325
28;2025-12-17;22;116
28;2025-12-17;23;13
28;2025-12-18;0;3
28;2025-12-18;1;1
28;2025-12-18;2;0
28;2025-12-18;3;0
28;2025-12-18;4;1
28;2025-12-18;5;79
28;2025-12-18;6;242
28;2025-12-18;7;784
28;2025-12-18;8;1202
28;2025-12-18;9;787
28;2025-12-18;10;567
28;2025-12-18;11;541
28;2025-12-18;12;663
28;2025-12-18;13;706
28;2025-12-18;14;665
28;2025-12-18;15;704
28;2025-12-18;16;878
28;2025-12-18;17;1068
28;2025-12-18;18;1022
28;2025-12-18;19;739
28;2025-12-18;20;510
28;2025-12-18;21;321
28;2025-12-18;22;122
28;2025-12-18;23;11
28;2025-12-19;0;1
28;2025-12-19;1;0
28;2025-12-19;2;0
28;2025-12-19;3;0
28;2025-12-19;4;1
28;2025-12-19;5;76
28;2025-12-19;6;264
28;2025-12-19;7;811
28;2025-12-19;8;1263
28;2025-12-19;9;806
28;2025-12-19;10;612
28;2025-12-19;11;557
28;2025-12-19;12;737
28;2025-12-19;13;709
28;2025-12-19;14;676
28;2025-12-19;15;686
28;2025-12-19;16;898
28;2025-12-19;17;989
28;2025-12-19;18;884
28;2025-12-19;19;668
28;2025-12-19;20;440
28;2025-12-19;21;311
28;2025-12-19;22;117
28;2025-12-19;23;15
28;2025-12-20;0;3
28;2025-12-20;1;1
28;2025-12-20;2;0
28;2025-12-20;3;0
28;2025-12-20;4;1
28;2025-12-20;5;36
28;2025-12-20;6;103
28;2025-12-20;7;229
28;2025-12-20;8;401
28;2025-12-20;9;450
28;2025-12-20;10;489
28;2025-12-20;11;486
28;2025-12-20;12;580
28;2025-12-20;13;594
28;2025-12-20;14;544
28;2025-12-20;15;601
28;2025-12-20;16;609
28;2025-12-20;17;586
28;2025-12-20;18;495
28;2025-12-20;19;388
28;2025-12-20;20;296
28;2025-12-20;21;266
28;2025-12-20;22;116
28;2025-12-20;23;19
28;2025-12-21;0;4
28;2025-12-21;1;1
28;2025-12-21;2;0
28;2025-12-21;3;0
28;2025-12-21;4;1
28;2025-12-21;5;29
28;2025-12-21;6;76
28;2025-12-21;7;163
28;2025-12-21;8;249
28;2025-12-21;9;334
28;2025-12-21;10;383
28;2025-12-21;11;427
28;2025-12-21;12;448
28;2025-12-21;13;524
28;2025-12-21;14;508
28;2025-12-21;15;508
28;2025-12-21;16;465
28;2025-12-21;17;507
28;2025-12-21;18;432
28;2025-12-21;19;383
28;2025-12-21;20;283
28;2025-12-21;21;236
28;2025-12-21;22;110
28;2025-12-21;23;11
28;2025-12-22;0;1
28;2025-12-22;1;1
28;2025-12-22;2;0
28;2025-12-22;3;0
28;2025-12-22;4;2
28;2025-12-22;5;75
28;2025-12-22;6;244
28;2025-12-22;7;735
28;2025-12-22;8;1215
28;2025-12-22;9;795
28;2025-12-22;10;597
28;2025-12-22;11;521
28;2025-12-22;12;662
28;2025-12-22;13;651
28;2025-12-22;14;625
28;2025-12-22;15;624
28;2025-12-22;16;845
28;2025-12-22;17;975
28;2025-12-22;18;932
28;2025-12-22;19;692
28;2025-12-22;20;459
28;2025-12-22;21;297
28;2025-12-22;22;109
28;2025-12-22;23;7
28;2025-12-23;0;1
28;2025-12-23;1;0
28;2025-12-23;2;0
28;2025-12-23;3;0
28;2025-12-23;4;1
28;2025-12-23;5;74
28;2025-12-23;6;245
28;2025-12-23;7;769
28;2025-12-23;8;1265
28;2025-12-23;9;789
28;2025-12-23;10;618
28;2025-12-23;11;554
28;2025-12-23;12;667
28;2025-12-23;13;677
28;2025-12-23;14;648
28;2025-12-23;15;676
28;2025-12-23;16;777
28;2025-12-23;17;957
28;2025-12-23;18;962
28;2025-12-23;19;669
28;2025-12-23;20;472
28;2025-12-23;21;313
28;2025-12-23;22;117
28;2025-12-23;23;11
28;2025-12-24;0;1
28;2025-12-24;1;0
28;2025-12-24;2;0
28;2025-12-24;3;0
28;2025-12-24;4;2
28;2025-12-24;5;74
28;2025-12-24;6;245
28;2025-12-24;7;760
28;2025-12-24;8;1242
28;2025-12-24;9;833
28;2025-12-24;10;603
28;2025-12-24;11;566
28;2025-12-24;12;728
28;2025-12-24;13;730
28;2025-12-24;14;665
28;2025-12-24;15;679
28;2025-12-24;16;895
28;2025-12-24;17;1017
28;2025-12-24;18;983
28;2025-12-24;19;741
28;2025-12-24;20;518
28;2025-12-24;21;325
28;2025-12-24;22;116
28;2025-12-24;23;13
28;2025-12-25;0;3
28;2025-12-25;1;1
28;2025-12-25;2;0
28;2025-12-25;3;0
28;2025-12-25;4;1
28;2025-12-25;5;79
28;2025-12-25;6;242
28;2025-12-25;7;784
28;2025-12-25;8;1202
28;2025-12-25;9;787
28;2025-12-25;10;567
28;2025-12-25;11;541
28;2025-12-25;12;663
28;2025-12-25;13;706
28;2025-12-25;14;665
28;2025-12-25;15;704
28;2025-12-25;16;878
28;2025-12-25;17;1068
28;2025-12-25;18;1022
28;2025-12-25;19;739
28;2025-12-25;20;510
28;2025-12-25;21;321
28;2025-12-25;22;122
28;2025-12-25;23;11
28;2025-12-26;0;1
28;2025-12-26;1;0
28;2025-12-26;2;0
28;2025-12-26;3;0
28;2025-12-26;4;1
28;2025-12-26;5;76
28;2025-12-26;6;264
28;2025-12-26;7;811
28;2025-12-26;8;1263
28;2025-12-26;9;806
28;2025-12-26;10;612
28;2025-12-26;11;557
28;2025-12-26;12;737
28;2025-12-26;13;709
28;2025-12-26;14;676
28;2025-12-26;15;686
28;2025-12-26;16;898
28;2025-12-26;17;989
28;2025-12-26;18;884
28;2025-12-26;19;668
28;2025-12-26;20;440
28;2025-12-26;21;311
28;2025-12-26;22;117
28;2025-12-26;23;15
28;2025-12-27;0;3
28;2025-12-27;1;1
28;2025-12-27;2;0
28;2025-12-27;3;0
28;2025-12-27;4;1
28;2025-12-27;5;36
28;2025-12-27;6;103
28;2025-12-27;7;229
28;2025-12-27;8;401
28;2025-12-27;9;450
28;2025-12-27;10;489
28;2025-12-27;11;486
28;2025-12-27;12;580
28;2025-12-27;13;594
28;2025-12-27;14;544
28;2025-12-27;15;601
28;2025-12-27;16;609
28;2025-12-27;17;586
28;2025-12-27;18;495
28;2025-12-27;19;388
28;2025-12-27;20;296
28;2025-12-27;21;266
28;2025-12-27;22;116
28;2025-12-27;23;19
28;2025-12-28;0;4
28;2025-12-28;1;1
28;2025-12-28;2;0
28;2025-12-28;3;0
28;2025-12-28;4;1
28;2025-12-28;5;29
28;2025-12-28;6;76
28;2025-12-28;7;163
28;2025-12-28;8;249
28;2025-12-28;9;334
28;2025-12-28;10;383
28;2025-12-28;11;427
28;2025-12-28;12;448
28;2025-12-28;13;524
28;2025-12-28;14;508
28;2025-12-28;15;508
28;2025-12-28;16;465
28;2025-12-28;17;507
28;2025-12-28;18;432
28;2025-12-28;19;383
28;2025-12-28;20;283
28;2025-12-28;21;236
28;2025-12-28;22;110
28;2025-12-28;23;11
28;2025-12-29;0;1
28;2025-12-29;1;1
28;2025-12-29;2;0
28;2025-12-29;3;0
28;2025-12-29;4;2
28;2025-12-29;5;75
28;2025-12-29;6;244
28;2025-12-29;7;735
28;2025-12-29;8;1215
28;2025-12-29;9;795
28;2025-12-29;10;597
28;2025-12-29;11;521
28;2025-12-29;12;662
28;2025-12-29;13;651
28;2025-12-29;14;625
28;2025-12-29;15;624
28;2025-12-29;16;845
28;2025-12-29;17;975
28;2025-12-29;18;932
28;2025-12-29;19;692
28;2025-12-29;20;459
28;2025-12-29;21;297
28;2025-12-29;22;109
28;2025-12-29;23;7
28;2025-12-30;0;1
28;2025-12-30;1;0
28;2025-12-30;2;0
28;2025-12-30;3;0
28;2025-12-30;4;1
28;2025-12-30;5;74
28;2025-12-30;6;245
28;2025-12-30;7;769
28;2025-12-30;8;1265
28;2025-12-30;9;789
28;2025-12-30;10;618
28;2025-12-30;11;554
28;2025-12-30;12;667
28;2025-12-30;13;677
28;2025-12-30;14;648
28;2025-12-30;15;676
28;2025-12-30;16;777
28;2025-12-30;17;957
28;2025-12-30;18;962
28;2025-12-30;19;669
28;2025-12-30;20;472
28;2025-12-30;21;313
28;2025-12-30;22;117
28;2025-12-30;23;11
28;2025-12-31;0;4
28;2025-12-31;1;1
28;2025-12-31;2;0
28;2025-12-31;3;0
28;2025-12-31;4;1
28;2025-12-31;5;29
28;2025-12-31;6;76
28;2025-12-31;7;163
28;2025-12-31;8;249
28;2025-12-31;9;334
28;2025-12-31;10;383
28;2025-12-31;11;427
28;2025-12-31;12;448
28;2025-12-31;13;524
28;2025-12-31;14;508
28;2025-12-31;15;508
28;2025-12-31;16;465
28;2025-12-31;17;507
28;2025-12-31;18;432
28;2025-12-31;19;383
28;2025-12-31;20;283
28;2025-12-31;21;236
28;2025-12-31;22;110
28;2025-12-31;23;11
50;2025-11-01;0;1
50;2025-11-01;1;0
50;2025-11-01;2;0
50;2025-11-01;3;0
50;2025-11-01;4;0
50;2025-11-01;5;2
50;2025-11-01;6;13
50;2025-11-01;7;43
50;2025-11-01;8;69
50;2025-11-01;9;54
50;2025-11-01;10;38
50;2025-11-01;11;37
50;2025-11-01;12;35
50;2025-11-01;13;37
50;2025-11-01;14;36
50;2025-11-01;15;42
50;2025-11-01;16;51
50;2025-11-01;17;54
50;2025-11-01;18;46
50;2025-11-01;19;32
50;2025-11-01;20;22
50;2025-11-01;21;15
50;2025-11-01;22;6
50;2025-11-01;23;4
50;2025-11-02;0;0
50;2025-11-02;1;0
50;2025-11-02;2;0
50;2025-11-02;3;0
50;2025-11-02;4;0
50;2025-11-02;5;0
50;2025-11-02;6;0
50;2025-11-02;7;0
50;2025-11-02;8;0
50;2025-11-02;9;0
50;2025-11-02;10;0
50;2025-11-02;11;0
50;2025-11-02;12;0
50;2025-11-02;13;0
50;2025-11-02;14;0
50;2025-11-02;15;0
50;2025-11-02;16;0
50;2025-11-02;17;0
50;2025-11-02;18;0
50;2025-11-02;19;0
50;2025-11-02;20;0
50;2025-11-02;21;0
50;2025-11-02;22;0
50;2025-11-02;23;0
50;2025-11-03;0;0
50;2025-11-03;1;0
50;2025-11-03;2;0
50;2025-11-03;3;0
50;2025-11-03;4;0
50;2025-11-03;5;0
50;2025-11-03;6;0
50;2025-11-03;7;0
50;2025-11-03;8;0
50;2025-11-03;9;0
50;2025-11-03;10;0
50;2025-11-03;11;0
50;2025-11-03;12;0
50;2025-11-03;13;0
50;2025-11-03;14;0
50;2025-11-03;15;0
50;2025-11-03;16;0
50;2025-11-03;17;0
50;2025-11-03;18;0
50;2025-11-03;19;0
50;2025-11-03;20;0
50;2025-11-03;21;0
50;2025-11-03;22;0
50;2025-11-03;23;0
50;2025-11-04;0;0
50;2025-11-04;1;0
50;2025-11-04;2;0
50;2025-11-04;3;0
50;2025-11-04;4;0
50;2025-11-04;5;0
50;2025-11-04;6;0
50;2025-11-04;7;0
50;2025-11-04;8;0
50;2025-11-04;9;0
50;2025-11-04;10;0
50;2025-11-04;11;0
50;2025-11-04;12;0
50;2025-11-04;13;0
50;2025-11-04;14;0
50;2025-11-04;15;0
50;2025-11-04;16;0
50;2025-11-04;17;0
50;2025-11-04;18;0
50;2025-11-04;19;0
50;2025-11-04;20;0
50;2025-11-04;21;0
50;2025-11-04;22;0
50;2025-11-04;23;0
50;2025-11-05;0;21
50;2025-11-05;1;2
50;2025-11-05;2;0
50;2025-11-05;3;0
50;2025-11-05;4;3
50;2025-11-05;5;79
50;2025-11-05;6;531
50;2025-11-05;7;1771
50;2025-11-05;8;2857
50;2025-11-05;9;2173
50;2025-11-05;10;1699
50;2025-11-05;11;1580
50;2025-11-05;12;1514
50;2025-11-05;13;1516
50;2025-11-05;14;1466
50;2025-11-05;15;1631
50;2025-11-05;16;1768
50;2025-11-05;17;2369
50;2025-11-05;18;2391
50;2025-11-05;19;1459
50;2025-11-05;20;922
50;2025-11-05;21;642
50;2025-11-05;22;252
50;2025-11-05;23;155
50;2025-11-06;0;31
50;2025-11-06;1;2
50;2025-11-06;2;0
50;2025-11-06;3;0
50;2025-11-06;4;4
50;2025-11-06;5;73
50;2025-11-06;6;488
50;2025-11-06;7;1668
50;2025-11-06;8;2702
50;2025-11-06;9;2139
50;2025-11-06;10;1681
50;2025-11-06;11;1485
50;2025-11-06;12;1460
50;2025-11-06;13;1470
50;2025-11-06;14;1425
50;2025-11-06;15;1628
50;2025-11-06;16;1686
50;2025-11-06;17;2298
50;2025-11-06;18;2384
50;2025-11-06;19;1422
50;2025-11-06;20;974
50;2025-11-06;21;670
50;2025-11-06;22;257
50;2025-11-06;23;156
50;2025-11-07;0;32
50;2025-11-07;1;2
50;2025-11-07;2;0
50;2025-11-07;3;0
50;2025-11-07;4;4
50;2025-11-07;5;71
50;2025-11-07;6;508
50;2025-11-07;7;1708
50;2025-11-07;8;2775
50;2025-11-07;9;2158
50;2025-11-07;10;1520
50;2025-11-07;11;1481
50;2025-11-07;12;1403
50;2025-11-07;13;1477
50;2025-11-07;14;1450
50;2025-11-07;15;1675
50;2025-11-07;16;2044
50;2025-11-07;17;2150
50;2025-11-07;18;1837
50;2025-11-07;19;1267
50;2025-11-07;20;882
50;2025-11-07;21;581
50;2025-11-07;22;252
50;2025-11-07;23;158
50;2025-11-08;0;0
50;2025-11-08;1;0
50;2025-11-08;2;0
50;2025-11-08;3;0
50;2025-11-08;4;0
50;2025-11-08;5;0
50;2025-11-08;6;0
50;2025-11-08;7;0
50;2025-11-08;8;0
50;2025-11-08;9;0
50;2025-11-08;10;0
50;2025-11-08;11;0
50;2025-11-08;12;0
50;2025-11-08;13;0
50;2025-11-08;14;0
50;2025-11-08;15;0
50;2025-11-08;16;0
50;2025-11-08;17;0
50;2025-11-08;18;0
50;2025-11-08;19;0
50;2025-11-08;20;0
50;2025-11-08;21;0
50;2025-11-08;22;0
50;2025-11-08;23;0
50;2025-11-09;0;0
50;2025-11-09;1;0
50;2025-11-09;2;0
50;2025-11-09;3;0
50;2025-11-09;4;0
50;2025-11-09;5;0
50;2025-11-09;6;0
50;2025-11-09;7;0
50;2025-11-09;8;0
50;2025-11-09;9;0
50;2025-11-09;10;0
50;2025-11-09;11;0
50;2025-11-09;12;0
50;2025-11-09;13;0
50;2025-11-09;14;0
50;2025-11-09;15;0
50;2025-11-09;16;0
50;2025-11-09;17;0
50;2025-11-09;18;0
50;2025-11-09;19;0
50;2025-11-09;20;0
50;2025-11-09;21;0
50;2025-11-09;22;0
50;2025-11-09;23;0
50;2025-11-10;0;14
50;2025-11-10;1;3
50;2025-11-10;2;1
50;2025-11-10;3;0
50;2025-11-10;4;3
50;2025-11-10;5;70
50;2025-11-10;6;520
50;2025-11-10;7;1682
50;2025-11-10;8;2800
50;2025-11-10;9;2205
50;2025-11-10;10;1624
50;2025-11-10;11;1473
50;2025-11-10;12;1370
50;2025-11-10;13;1463
50;2025-11-10;14;1408
50;2025-11-10;15;1629
50;2025-11-10;16;1694
50;2025-11-10;17;2233
50;2025-11-10;18;2367
50;2025-11-10;19;1339
50;2025-11-10;20;884
50;2025-11-10;21;613
50;2025-11-10;22;237
50;2025-11-10;23;135
50;2025-11-11;0;25
50;2025-11-11;1;2
50;2025-11-11;2;0
50;2025-11-11;3;0
50;2025-11-11;4;3
50;2025-11-11;5;78
50;2025-11-11;6;541
50;2025-11-11;7;1789
50;2025-11-11;8;2794
50;2025-11-11;9;2252
50;2025-11-11;10;1714
50;2025-11-11;11;1510
50;2025-11-11;12;1430
50;2025-11-11;13;1499
50;2025-11-11;14;1442
50;2025-11-11;15;1676
50;2025-11-11;16;1759
50;2025-11-11;17;2385
50;2025-11-11;18;2356
50;2025-11-11;19;1447
50;2025-11-11;20;942
50;2025-11-11;21;623
50;2025-11-11;22;240
50;2025-11-11;23;145
50;2025-11-12;0;21
50;2025-11-12;1;2
50;2025-11-12;2;0
50;2025-11-12;3;0
50;2025-11-12;4;3
50;2025-11-12;5;79
50;2025-11-12;6;531
50;2025-11-12;7;1771
50;2025-11-12;8;2857
50;2025-11-12;9;2173
50;2025-11-12;10;1699
50;2025-11-12;11;1580
50;2025-11-12;12;1514
50;2025-11-12;13;1516
50;2025-11-12;14;1466
50;2025-11-12;15;1631
50;2025-11-12;16;1768
50;2025-11-12;17;2369
50;2025-11-12;18;2391
50;2025-11-12;19;1459
50;2025-11-12;20;922
50;2025-11-12;21;642
50;2025-11-12;22;252
50;2025-11-12;23;155
50;2025-11-13;0;31
50;2025-11-13;1;2
50;2025-11-13;2;0
50;2025-11-13;3;0
50;2025-11-13;4;4
50;2025-11-13;5;73
50;2025-11-13;6;488
50;2025-11-13;7;1668
50;2025-11-13;8;2702
50;2025-11-13;9;2139
50;2025-11-13;10;1681
50;2025-11-13;11;1485
50;2025-11-13;12;1460
50;2025-11-13;13;1470
50;2025-11-13;14;1425
50;2025-11-13;15;1628
50;2025-11-13;16;1686
50;2025-11-13;17;2298
50;2025-11-13;18;2384
50;2025-11-13;19;1422
50;2025-11-13;20;974
50;2025-11-13;21;670
50;2025-11-13;22;257
50;2025-11-13;23;156
50;2025-11-14;0;32
50;2025-11-14;1;2
50;2025-11-14;2;0
50;2025-11-14;3;0
50;2025-11-14;4;4
50;2025-11-14;5;71
50;2025-11-14;6;508
50;2025-11-14;7;1708
50;2025-11-14;8;2775
50;2025-11-14;9;2158
50;2025-11-14;10;1520
50;2025-11-14;11;1481
50;2025-11-14;12;1403
50;2025-11-14;13;1477
50;2025-11-14;14;1450
50;2025-11-14;15;1675
50;2025-11-14;16;2044
50;2025-11-14;17;2150
50;2025-11-14;18;1837
50;2025-11-14;19;1267
50;2025-11-14;20;882
50;2025-11-14;21;581
50;2025-11-14;22;252
50;2025-11-14;23;158
50;2025-11-15;0;0
50;2025-11-15;1;0
50;2025-11-15;2;0
50;2025-11-15;3;0
50;2025-11-15;4;0
50;2025-11-15;5;0
50;2025-11-15;6;0
50;2025-11-15;7;0
50;2025-11-15;8;0
50;2025-11-15;9;0
50;2025-11-15;10;0
50;2025-11-15;11;0
50;2025-11-15;12;0
50;2025-11-15;13;0
50;2025-11-15;14;0
50;2025-11-15;15;0
50;2025-11-15;16;0
50;2025-11-15;17;0
50;2025-11-15;18;0
50;2025-11-15;19;0
50;2025-11-15;20;0
50;2025-11-15;21;0
50;2025-11-15;22;0
50;2025-11-15;23;0
50;2025-11-16;0;0
50;2025-11-16;1;0
50;2025-11-16;2;0
50;2025-11-16;3;0
50;2025-11-16;4;0
50;2025-11-16;5;0
50;2025-11-16;6;0
50;2025-11-16;7;0
50;2025-11-16;8;0
50;2025-11-16;9;0
50;2025-11-16;10;0
50;2025-11-16;11;0
50;2025-11-16;12;0
50;2025-11-16;13;0
50;2025-11-16;14;0
50;2025-11-16;15;0
50;2025-11-16;16;0
50;2025-11-16;17;0
50;2025-11-16;18;0
50;2025-11-16;19;0
50;2025-11-16;20;0
50;2025-11-16;21;0
50;2025-11-16;22;0
50;2025-11-16;23;0
50;2025-11-17;0;14
50;2025-11-17;1;3
50;2025-11-17;2;1
50;2025-11-17;3;0
50;2025-11-17;4;3
50;2025-11-17;5;70
50;2025-11-17;6;520
50;2025-11-17;7;1682
50;2025-11-17;8;2800
50;2025-11-17;9;2205
50;2025-11-17;10;1624
50;2025-11-17;11;1473
50;2025-11-17;12;1370
50;2025-11-17;13;1463
50;2025-11-17;14;1408
50;2025-11-17;15;1629
50;2025-11-17;16;1694
50;2025-11-17;17;2233
50;2025-11-17;18;2367
50;2025-11-17;19;1339
50;2025-11-17;20;884
50;2025-11-17;21;613
50;2025-11-17;22;237
50;2025-11-17;23;135
50;2025-11-18;0;25
50;2025-11-18;1;2
50;2025-11-18;2;0
50;2025-11-18;3;0
50;2025-11-18;4;3
50;2025-11-18;5;78
50;2025-11-18;6;541
50;2025-11-18;7;1789
50;2025-11-18;8;2794
50;2025-11-18;9;2252
50;2025-11-18;10;1714
50;2025-11-18;11;1510
50;2025-11-18;12;1430
50;2025-11-18;13;1499
50;2025-11-18;14;1442
50;2025-11-18;15;1676
50;2025-11-18;16;1759
50;2025-11-18;17;2385
50;2025-11-18;18;2356
50;2025-11-18;19;1447
50;2025-11-18;20;942
50;2025-11-18;21;623
50;2025-11-18;22;240
50;2025-11-18;23;145
50;2025-11-19;0;21
50;2025-11-19;1;2
50;2025-11-19;2;0
50;2025-11-19;3;0
50;2025-11-19;4;3
50;2025-11-19;5;79
50;2025-11-19;6;531
50;2025-11-19;7;1771
50;2025-11-19;8;2857
50;2025-11-19;9;2173
50;2025-11-19;10;1699
50;2025-11-19;11;1580
50;2025-11-19;12;1514
50;2025-11-19;13;1516
50;2025-11-19;14;1466
50;2025-11-19;15;1631
50;2025-11-19;16;1768
50;2025-11-19;17;2369
50;2025-11-19;18;2391
50;2025-11-19;19;1459
50;2025-11-19;20;922
50;2025-11-19;21;642
50;2025-11-19;22;252
50;2025-11-19;23;155
50;2025-11-20;0;31
50;2025-11-20;1;2
50;2025-11-20;2;0
50;2025-11-20;3;0
50;2025-11-20;4;4
50;2025-11-20;5;73
50;2025-11-20;6;488
50;2025-11-20;7;1668
50;2025-11-20;8;2702
50;2025-11-20;9;2139
50;2025-11-20;10;1681
50;2025-11-20;11;1485
50;2025-11-20;12;1460
50;2025-11-20;13;1470
50;2025-11-20;14;1425
50;2025-11-20;15;1628
50;2025-11-20;16;1686
50;2025-11-20;17;2298
50;2025-11-20;18;2384
50;2025-11-20;19;1422
50;2025-11-20;20;974
50;2025-11-20;21;670
50;2025-11-20;22;257
50;2025-11-20;23;156
50;2025-11-21;0;32
50;2025-11-21;1;2
50;2025-11-21;2;0
50;2025-11-21;3;0
50;2025-11-21;4;4
50;2025-11-21;5;71
50;2025-11-21;6;508
50;2025-11-21;7;1708
50;2025-11-21;8;2775
50;2025-11-21;9;2158
50;2025-11-21;10;1520
50;2025-11-21;11;1481
50;2025-11-21;12;1403
50;2025-11-21;13;1477
50;2025-11-21;14;1450
50;2025-11-21;15;1675
50;2025-11-21;16;2044
50;2025-11-21;17;2150
50;2025-11-21;18;1837
50;2025-11-21;19;1267
50;2025-11-21;20;882
50;2025-11-21;21;581
50;2025-11-21;22;252
50;2025-11-21;23;158
50;2025-11-22;0;0
50;2025-11-22;1;0
50;2025-11-22;2;0
50;2025-11-22;3;0
50;2025-11-22;4;0
50;2025-11-22;5;0
50;2025-11-22;6;0
50;2025-11-22;7;0
50;2025-11-22;8;0
50;2025-11-22;9;0
50;2025-11-22;10;0
50;2025-11-22;11;0
50;2025-11-22;12;0
50;2025-11-22;13;0
50;2025-11-22;14;0
50;2025-11-22;15;0
50;2025-11-22;16;0
50;2025-11-22;17;0
50;2025-11-22;18;0
50;2025-11-22;19;0
50;2025-11-22;20;0
50;2025-11-22;21;0
50;2025-11-22;22;0
50;2025-11-22;23;0
50;2025-11-23;0;0
50;2025-11-23;1;0
50;2025-11-23;2;0
50;2025-11-23;3;0
50;2025-11-23;4;0
50;2025-11-23;5;0
50;2025-11-23;6;0
50;2025-11-23;7;0
50;2025-11-23;8;0
50;2025-11-23;9;0
50;2025-11-23;10;0
50;2025-11-23;11;0
50;2025-11-23;12;0
50;2025-11-23;13;0
50;2025-11-23;14;0
50;2025-11-23;15;0
50;2025-11-23;16;0
50;2025-11-23;17;0
50;2025-11-23;18;0
50;2025-11-23;19;0
50;2025-11-23;20;0
50;2025-11-23;21;0
50;2025-11-23;22;0
50;2025-11-23;23;0
50;2025-11-24;0;14
50;2025-11-24;1;3
50;2025-11-24;2;1
50;2025-11-24;3;0
50;2025-11-24;4;3
50;2025-11-24;5;70
50;2025-11-24;6;520
50;2025-11-24;7;1682
50;2025-11-24;8;2800
50;2025-11-24;9;2205
50;2025-11-24;10;1624
50;2025-11-24;11;1473
50;2025-11-24;12;1370
50;2025-11-24;13;1463
50;2025-11-24;14;1408
50;2025-11-24;15;1629
50;2025-11-24;16;1694
50;2025-11-24;17;2233
50;2025-11-24;18;2367
50;2025-11-24;19;1339
50;2025-11-24;20;884
50;2025-11-24;21;613
50;2025-11-24;22;237
50;2025-11-24;23;135
50;2025-11-25;0;25
50;2025-11-25;1;2
50;2025-11-25;2;0
50;2025-11-25;3;0
50;2025-11-25;4;3
50;2025-11-25;5;78
50;2025-11-25;6;541
50;2025-11-25;7;1789
50;2025-11-25;8;2794
50;2025-11-25;9;2252
50;2025-11-25;10;1714
50;2025-11-25;11;1510
50;2025-11-25;12;1430
50;2025-11-25;13;1499
50;2025-11-25;14;1442
50;2025-11-25;15;1676
50;2025-11-25;16;1759
50;2025-11-25;17;2385
50;2025-11-25;18;2356
50;2025-11-25;19;1447
50;2025-11-25;20;942
50;2025-11-25;21;623
50;2025-11-25;22;240
50;2025-11-25;23;145
50;2025-11-26;0;21
50;2025-11-26;1;2
50;2025-11-26;2;0
50;2025-11-26;3;0
50;2025-11-26;4;3
50;2025-11-26;5;79
50;2025-11-26;6;531
50;2025-11-26;7;1771
50;2025-11-26;8;2857
50;2025-11-26;9;2173
50;2025-11-26;10;1699
50;2025-11-26;11;1580
50;2025-11-26;12;1514
50;2025-11-26;13;1516
50;2025-11-26;14;1466
50;2025-11-26;15;1631
50;2025-11-26;16;1768
50;2025-11-26;17;2369
50;2025-11-26;18;2391
50;2025-11-26;19;1459
50;2025-11-26;20;922
50;2025-11-26;21;642
50;2025-11-26;22;252
50;2025-11-26;23;155
50;2025-11-27;0;31
50;2025-11-27;1;2
50;2025-11-27;2;0
50;2025-11-27;3;0
50;2025-11-27;4;4
50;2025-11-27;5;73
50;2025-11-27;6;488
50;2025-11-27;7;1668
50;2025-11-27;8;2702
50;2025-11-27;9;2139
50;2025-11-27;10;1681
50;2025-11-27;11;1485
50;2025-11-27;12;1460
50;2025-11-27;13;1470
50;2025-11-27;14;1425
50;2025-11-27;15;1628
50;2025-11-27;16;1686
50;2025-11-27;17;2298
50;2025-11-27;18;2384
50;2025-11-27;19;1422
50;2025-11-27;20;974
50;2025-11-27;21;670
50;2025-11-27;22;257
50;2025-11-27;23;156
50;2025-11-28;0;32
50;2025-11-28;1;2
50;2025-11-28;2;0
50;2025-11-28;3;0
50;2025-11-28;4;4
50;2025-11-28;5;71
50;2025-11-28;6;508
50;2025-11-28;7;1708
50;2025-11-28;8;2775
50;2025-11-28;9;2158
50;2025-11-28;10;1520
50;2025-11-28;11;1481
50;2025-11-28;12;1403
50;2025-11-28;13;1477
50;2025-11-28;14;1450
50;2025-11-28;15;1675
50;2025-11-28;16;2044
50;2025-11-28;17;2150
50;2025-11-28;18;1837
50;2025-11-28;19;1267
50;2025-11-28;20;882
50;2025-11-28;21;581
50;2025-11-28;22;252
50;2025-11-28;23;158
50;2025-11-29;0;0
50;2025-11-29;1;0
50;2025-11-29;2;0
50;2025-11-29;3;0
50;2025-11-29;4;0
50;2025-11-29;5;0
50;2025-11-29;6;0
50;2025-11-29;7;0
50;2025-11-29;8;0
50;2025-11-29;9;0
50;2025-11-29;10;0
50;2025-11-29;11;0
50;2025-11-29;12;0
50;2025-11-29;13;0
50;2025-11-29;14;0
50;2025-11-29;15;0
50;2025-11-29;16;0
50;2025-11-29;17;0
50;2025-11-29;18;0
50;2025-11-29;19;0
50;2025-11-29;20;0
50;2025-11-29;21;0
50;2025-11-29;22;0
50;2025-11-29;23;0
50;2025-11-30;0;0
50;2025-11-30;1;0
50;2025-11-30;2;0
50;2025-11-30;3;0
50;2025-11-30;4;0
50;2025-11-30;5;0
50;2025-11-30;6;0
50;2025-11-30;7;0
50;2025-11-30;8;0
50;2025-11-30;9;0
50;2025-11-30;10;0
50;2025-11-30;11;0
50;2025-11-30;12;0
50;2025-11-30;13;0
50;2025-11-30;14;0
50;2025-11-30;15;0
50;2025-11-30;16;0
50;2025-11-30;17;0
50;2025-11-30;18;0
50;2025-11-30;19;0
50;2025-11-30;20;0
50;2025-11-30;21;0
50;2025-11-30;22;0
50;2025-11-30;23;0
50;2025-12-01;0;14
50;2025-12-01;1;3
50;2025-12-01;2;1
50;2025-12-01;3;0
50;2025-12-01;4;3
50;2025-12-01;5;70
50;2025-12-01;6;520
50;2025-12-01;7;1682
50;2025-12-01;8;2800
50;2025-12-01;9;2205
50;2025-12-01;10;1624
50;2025-12-01;11;1473
50;2025-12-01;12;1370
50;2025-12-01;13;1463
50;2025-12-01;14;1408
50;2025-12-01;15;1629
50;2025-12-01;16;1694
50;2025-12-01;17;2233
50;2025-12-01;18;2367
50;2025-12-01;19;1339
50;2025-12-01;20;884
50;2025-12-01;21;613
50;2025-12-01;22;237
50;2025-12-01;23;135
50;2025-12-02;0;25
50;2025-12-02;1;2
50;2025-12-02;2;0
50;2025-12-02;3;0
50;2025-12-02;4;3
50;2025-12-02;5;78
50;2025-12-02;6;541
50;2025-12-02;7;1789
50;2025-12-02;8;2794
50;2025-12-02;9;2252
50;2025-12-02;10;1714
50;2025-12-02;11;1510
50;2025-12-02;12;1430
50;2025-12-02;13;1499
50;2025-12-02;14;1442
50;2025-12-02;15;1676
50;2025-12-02;16;1759
50;2025-12-02;17;2385
50;2025-12-02;18;2356
50;2025-12-02;19;1447
50;2025-12-02;20;942
50;2025-12-02;21;623
50;2025-12-02;22;240
50;2025-12-02;23;145
50;2025-12-03;0;21
50;2025-12-03;1;2
50;2025-12-03;2;0
50;2025-12-03;3;0
50;2025-12-03;4;3
50;2025-12-03;5;79
50;2025-12-03;6;531
50;2025-12-03;7;1771
50;2025-12-03;8;2857
50;2025-12-03;9;2173
50;2025-12-03;10;1699
50;2025-12-03;11;1580
50;2025-12-03;12;1514
50;2025-12-03;13;1516
50;2025-12-03;14;1466
50;2025-12-03;15;1631
50;2025-12-03;16;1768
50;2025-12-03;17;2369
50;2025-12-03;18;2391
50;2025-12-03;19;1459
50;2025-12-03;20;922
50;2025-12-03;21;642
50;2025-12-03;22;252
50;2025-12-03;23;155
50;2025-12-04;0;31
50;2025-12-04;1;2
50;2025-12-04;2;0
50;2025-12-04;3;0
50;2025-12-04;4;4
50;2025-12-04;5;73
50;2025-12-04;6;488
50;2025-12-04;7;1668
50;2025-12-04;8;2702
50;2025-12-04;9;2139
50;2025-12-04;10;1681
50;2025-12-04;11;1485
50;2025-12-04;12;1460
50;2025-12-04;13;1470
50;2025-12-04;14;1425
50;2025-12-04;15;1628
50;2025-12-04;16;1686
50;2025-12-04;17;2298
50;2025-12-04;18;2384
50;2025-12-04;19;1422
50;2025-12-04;20;974
50;2025-12-04;21;670
50;2025-12-04;22;257
50;2025-12-04;23;156
50;2025-12-05;0;32
50;2025-12-05;1;2
50;2025-12-05;2;0
50;2025-12-05;3;0
50;2025-12-05;4;4
50;2025-12-05;5;71
50;2025-12-05;6;508
50;2025-12-05;7;1708
50;2025-12-05;8;2775
50;2025-12-05;9;2158
50;2025-12-05;10;1520
50;2025-12-05;11;1481
50;2025-12-05;12;1403
50;2025-12-05;13;1477
50;2025-12-05;14;1450
50;2025-12-05;15;1675
50;2025-12-05;16;2044
50;2025-12-05;17;2150
50;2025-12-05;18;1837
50;2025-12-05;19;1267
50;2025-12-05;20;882
50;2025-12-05;21;581
50;2025-12-05;22;252
50;2025-12-05;23;158
50;2025-12-06;0;0
50;2025-12-06;1;0
50;2025-12-06;2;0
50;2025-12-06;3;0
50;2025-12-06;4;0
50;2025-12-06;5;0
50;2025-12-06;6;0
50;2025-12-06;7;0
50;2025-12-06;8;0
50;2025-12-06;9;0
50;2025-12-06;10;0
50;2025-12-06;11;0
50;2025-12-06;12;0
50;2025-12-06;13;0
50;2025-12-06;14;0
50;2025-12-06;15;0
50;2025-12-06;16;0
50;2025-12-06;17;0
50;2025-12-06;18;0
50;2025-12-06;19;0
50;2025-12-06;20;0
50;2025-12-06;21;0
50;2025-12-06;22;0
50;2025-12-06;23;0
50;2025-12-07;0;0
50;2025-12-07;1;0
50;2025-12-07;2;0
50;2025-12-07;3;0
50;2025-12-07;4;0
50;2025-12-07;5;0
50;2025-12-07;6;0
50;2025-12-07;7;0
50;2025-12-07;8;0
50;2025-12-07;9;0
50;2025-12-07;10;0
50;2025-12-07;11;0
50;2025-12-07;12;0
50;2025-12-07;13;0
50;2025-12-07;14;0
50;2025-12-07;15;0
50;2025-12-07;16;0
50;2025-12-07;17;0
50;2025-12-07;18;0
50;2025-12-07;19;0
50;2025-12-07;20;0
50;2025-12-07;21;0
50;2025-12-07;22;0
50;2025-12-07;23;0
50;2025-12-08;0;14
50;2025-12-08;1;3
50;2025-12-08;2;1
50;2025-12-08;3;0
50;2025-12-08;4;3
50;2025-12-08;5;70
50;2025-12-08;6;520
50;2025-12-08;7;1682
50;2025-12-08;8;2800
50;2025-12-08;9;2205
50;2025-12-08;10;1624
50;2025-12-08;11;1473
50;2025-12-08;12;1370
50;2025-12-08;13;1463
50;2025-12-08;14;1408
50;2025-12-08;15;1629
50;2025-12-08;16;1694
50;2025-12-08;17;2233
50;2025-12-08;18;2367
50;2025-12-08;19;1339
50;2025-12-08;20;884
50;2025-12-08;21;613
50;2025-12-08;22;237
50;2025-12-08;23;135
50;2025-12-09;0;25
50;2025-12-09;1;2
50;2025-12-09;2;0
50;2025-12-09;3;0
50;2025-12-09;4;3
50;2025-12-09;5;78
50;2025-12-09;6;541
50;2025-12-09;7;1789
50;2025-12-09;8;2794
50;2025-12-09;9;2252
50;2025-12-09;10;1714
50;2025-12-09;11;1510
50;2025-12-09;12;1430
50;2025-12-09;13;1499
50;2025-12-09;14;1442
50;2025-12-09;15;1676
50;2025-12-09;16;1759
50;2025-12-09;17;2385
50;2025-12-09;18;2356
50;2025-12-09;19;1447
50;2025-12-09;20;942
50;2025-12-09;21;623
50;2025-12-09;22;240
50;2025-12-09;23;145
50;2025-12-10;0;21
50;2025-12-10;1;2
50;2025-12-10;2;0
50;2025-12-10;3;0
50;2025-12-10;4;3
50;2025-12-10;5;79
50;2025-12-10;6;531
50;2025-12-10;7;1771
50;2025-12-10;8;2857
50;2025-12-10;9;2173
50;2025-12-10;10;1699
50;2025-12-10;11;1580
50;2025-12-10;12;1514
50;2025-12-10;13;1516
50;2025-12-10;14;1466
50;2025-12-10;15;1631
50;2025-12-10;16;1768
50;2025-12-10;17;2369
50;2025-12-10;18;2391
50;2025-12-10;19;1459
50;2025-12-10;20;922
50;2025-12-10;21;642
50;2025-12-10;22;252
50;2025-12-10;23;155
50;2025-12-11;0;31
50;2025-12-11;1;2
50;2025-12-11;2;0
50;2025-12-11;3;0
50;2025-12-11;4;4
50;2025-12-11;5;73
50;2025-12-11;6;488
50;2025-12-11;7;1668
50;2025-12-11;8;2702
50;2025-12-11;9;2139
50;2025-12-11;10;1681
50;2025-12-11;11;1485
50;2025-12-11;12;1460
50;2025-12-11;13;1470
50;2025-12-11;14;1425
50;2025-12-11;15;1628
50;2025-12-11;16;1686
50;2025-12-11;17;2298
50;2025-12-11;18;2384
50;2025-12-11;19;1422
50;2025-12-11;20;974
50;2025-12-11;21;670
50;2025-12-11;22;257
50;2025-12-11;23;156
50;2025-12-12;0;32
50;2025-12-12;1;2
50;2025-12-12;2;0
50;2025-12-12;3;0
50;2025-12-12;4;4
50;2025-12-12;5;71
50;2025-12-12;6;508
50;2025-12-12;7;1708
50;2025-12-12;8;2775
50;2025-12-12;9;2158
50;2025-12-12;10;1520
50;2025-12-12;11;1481
50;2025-12-12;12;1403
50;2025-12-12;13;1477
50;2025-12-12;14;1450
50;2025-12-12;15;1675
50;2025-12-12;16;2044
50;2025-12-12;17;2150
50;2025-12-12;18;1837
50;2025-12-12;19;1267
50;2025-12-12;20;882
50;2025-12-12;21;581
50;2025-12-12;22;252
50;2025-12-12;23;158
50;2025-12-13;0;0
50;2025-12-13;1;0
50;2025-12-13;2;0
50;2025-12-13;3;0
50;2025-12-13;4;0
50;2025-12-13;5;0
50;2025-12-13;6;0
50;2025-12-13;7;0
50;2025-12-13;8;0
50;2025-12-13;9;0
50;2025-12-13;10;0
50;2025-12-13;11;0
50;2025-12-13;12;0
50;2025-12-13;13;0
50;2025-12-13;14;0
50;2025-12-13;15;0
50;2025-12-13;16;0
50;2025-12-13;17;0
50;2025-12-13;18;0
50;2025-12-13;19;0
50;2025-12-13;20;0
50;2025-12-13;21;0
50;2025-12-13;22;0
50;2025-12-13;23;0
50;2025-12-14;0;0
50;2025-12-14;1;0
50;2025-12-14;2;0
50;2025-12-14;3;0
50;2025-12-14;4;0
50;2025-12-14;5;0
50;2025-12-14;6;0
50;2025-12-14;7;0
50;2025-12-14;8;0
50;2025-12-14;9;0
50;2025-12-14;10;0
50;2025-12-14;11;0
50;2025-12-14;12;0
50;2025-12-14;13;0
50;2025-12-14;14;0
50;2025-12-14;15;0
50;2025-12-14;16;0
50;2025-12-14;17;0
50;2025-12-14;18;0
50;2025-12-14;19;0
50;2025-12-14;20;0
50;2025-12-14;21;0
50;2025-12-14;22;0
50;2025-12-14;23;0
50;2025-12-15;0;14
50;2025-12-15;1;3
50;2025-12-15;2;1
50;2025-12-15;3;0
50;2025-12-15;4;3
50;2025-12-15;5;70
50;2025-12-15;6;520
50;2025-12-15;7;1682
50;2025-12-15;8;2800
50;2025-12-15;9;2205
50;2025-12-15;10;1624
50;2025-12-15;11;1473
50;2025-12-15;12;1370
50;2025-12-15;13;1463
50;2025-12-15;14;1408
50;2025-12-15;15;1629
50;2025-12-15;16;1694
50;2025-12-15;17;2233
50;2025-12-15;18;2367
50;2025-12-15;19;1339
50;2025-12-15;20;884
50;2025-12-15;21;613
50;2025-12-15;22;237
50;2025-12-15;23;135
50;2025-12-16;0;25
50;2025-12-16;1;2
50;2025-12-16;2;0
50;2025-12-16;3;0
50;2025-12-16;4;3
50;2025-12-16;5;78
50;2025-12-16;6;541
50;2025-12-16;7;1789
50;2025-12-16;8;2794
50;2025-12-16;9;2252
50;2025-12-16;10;1714
50;2025-12-16;11;1510
50;2025-12-16;12;1430
50;2025-12-16;13;1499
50;2025-12-16;14;1442
50;2025-12-16;15;1676
50;2025-12-16;16;1759
50;2025-12-16;17;2385
50;2025-12-16;18;2356
50;2025-12-16;19;1447
50;2025-12-16;20;942
50;2025-12-16;21;623
50;2025-12-16;22;240
50;2025-12-16;23;145
50;2025-12-17;0;21
50;2025-12-17;1;2
50;2025-12-17;2;0
50;2025-12-17;3;0
50;2025-12-17;4;3
50;2025-12-17;5;79
50;2025-12-17;6;531
50;2025-12-17;7;1771
50;2025-12-17;8;2857
50;2025-12-17;9;2173
50;2025-12-17;10;1699
50;2025-12-17;11;1580
50;2025-12-17;12;1514
50;2025-12-17;13;1516
50;2025-12-17;14;1466
50;2025-12-17;15;1631
50;2025-12-17;16;1768
50;2025-12-17;17;2369
50;2025-12-17;18;2391
50;2025-12-17;19;1459
50;2025-12-17;20;922
50;2025-12-17;21;642
50;2025-12-17;22;252
50;2025-12-17;23;155
50;2025-12-18;0;31
50;2025-12-18;1;2
50;2025-12-18;2;0
50;2025-12-18;3;0
50;2025-12-18;4;4
50;2025-12-18;5;73
50;2025-12-18;6;488
50;2025-12-18;7;1668
50;2025-12-18;8;2702
50;2025-12-18;9;2139
50;2025-12-18;10;1681
50;2025-12-18;11;1485
50;2025-12-18;12;1460
50;2025-12-18;13;1470
50;2025-12-18;14;1425
50;2025-12-18;15;1628
50;2025-12-18;16;1686
50;2025-12-18;17;2298
50;2025-12-18;18;2384
50;2025-12-18;19;1422
50;2025-12-18;20;974
50;2025-12-18;21;670
50;2025-12-18;22;257
50;2025-12-18;23;156
50;2025-12-19;0;32
50;2025-12-19;1;2
50;2025-12-19;2;0
50;2025-12-19;3;0
50;2025-12-19;4;4
50;2025-12-19;5;71
50;2025-12-19;6;508
50;2025-12-19;7;1708
50;2025-12-19;8;2775
50;2025-12-19;9;2158
50;2025-12-19;10;1520
50;2025-12-19;11;1481
50;2025-12-19;12;1403
50;2025-12-19;13;1477
50;2025-12-19;14;1450
50;2025-12-19;15;1675
50;2025-12-19;16;2044
50;2025-12-19;17;2150
50;2025-12-19;18;1837
50;2025-12-19;19;1267
50;2025-12-19;20;882
50;2025-12-19;21;581
50;2025-12-19;22;252
50;2025-12-19;23;158
50;2025-12-20;0;0
50;2025-12-20;1;0
50;2025-12-20;2;0
50;2025-12-20;3;0
50;2025-12-20;4;0
50;2025-12-20;5;0
50;2025-12-20;6;0
50;2025-12-20;7;0
50;2025-12-20;8;0
50;2025-12-20;9;0
50;2025-12-20;10;0
50;2025-12-20;11;0
50;2025-12-20;12;0
50;2025-12-20;13;0
50;2025-12-20;14;0
50;2025-12-20;15;0
50;2025-12-20;16;0
50;2025-12-20;17;0
50;2025-12-20;18;0
50;2025-12-20;19;0
50;2025-12-20;20;0
50;2025-12-20;21;0
50;2025-12-20;22;0
50;2025-12-20;23;0
50;2025-12-21;0;0
50;2025-12-21;1;0
50;2025-12-21;2;0
50;2025-12-21;3;0
50;2025-12-21;4;0
50;2025-12-21;5;0
50;2025-12-21;6;0
50;2025-12-21;7;0
50;2025-12-21;8;0
50;2025-12-21;9;0
50;2025-12-21;10;0
50;2025-12-21;11;0
50;2025-12-21;12;0
50;2025-12-21;13;0
50;2025-12-21;14;0
50;2025-12-21;15;0
50;2025-12-21;16;0
50;2025-12-21;17;0
50;2025-12-21;18;0
50;2025-12-21;19;0
50;2025-12-21;20;0
50;2025-12-21;21;0
50;2025-12-21;22;0
50;2025-12-21;23;0
50;2025-12-22;0;14
50;2025-12-22;1;3
50;2025-12-22;2;1
50;2025-12-22;3;0
50;2025-12-22;4;3
50;2025-12-22;5;70
50;2025-12-22;6;520
50;2025-12-22;7;1682
50;2025-12-22;8;2800
50;2025-12-22;9;2205
50;2025-12-22;10;1624
50;2025-12-22;11;1473
50;2025-12-22;12;1370
50;2025-12-22;13;1463
50;2025-12-22;14;1408
50;2025-12-22;15;1629
50;2025-12-22;16;1694
50;2025-12-22;17;2233
50;2025-12-22;18;2367
50;2025-12-22;19;1339
50;2025-12-22;20;884
50;2025-12-22;21;613
50;2025-12-22;22;237
50;2025-12-22;23;135
50;2025-12-23;0;25
50;2025-12-23;1;2
50;2025-12-23;2;0
50;2025-12-23;3;0
50;2025-12-23;4;3
50;2025-12-23;5;78
50;2025-12-23;6;541
50;2025-12-23;7;1789
50;2025-12-23;8;2794
50;2025-12-23;9;2252
50;2025-12-23;10;1714
50;2025-12-23;11;1510
50;2025-12-23;12;1430
50;2025-12-23;13;1499
50;2025-12-23;14;1442
50;2025-12-23;15;1676
50;2025-12-23;16;1759
50;2025-12-23;17;2385
50;2025-12-23;18;2356
50;2025-12-23;19;1447
50;2025-12-23;20;942
50;2025-12-23;21;623
50;2025-12-23;22;240
50;2025-12-23;23;145
50;2025-12-24;0;21
50;2025-12-24;1;2
50;2025-12-24;2;0
50;2025-12-24;3;0
50;2025-12-24;4;3
50;2025-12-24;5;79
50;2025-12-24;6;531
50;2025-12-24;7;1771
50;2025-12-24;8;2857
50;2025-12-24;9;2173
50;2025-12-24;10;1699
50;2025-12-24;11;1580
50;2025-12-24;12;1514
50;2025-12-24;13;1516
50;2025-12-24;14;1466
50;2025-12-24;15;1631
50;2025-12-24;16;1768
50;2025-12-24;17;2369
50;2025-12-24;18;2391
50;2025-12-24;19;1459
50;2025-12-24;20;922
50;2025-12-24;21;642
50;2025-12-24;22;252
50;2025-12-24;23;155
50;2025-12-25;0;31
50;2025-12-25;1;2
50;2025-12-25;2;0
50;2025-12-25;3;0
50;2025-12-25;4;4
50;2025-12-25;5;73
50;2025-12-25;6;488
50;2025-12-25;7;1668
50;2025-12-25;8;2702
50;2025-12-25;9;2139
50;2025-12-25;10;1681
50;2025-12-25;11;1485
50;2025-12-25;12;1460
50;2025-12-25;13;1470
50;2025-12-25;14;1425
50;2025-12-25;15;1628
50;2025-12-25;16;1686
50;2025-12-25;17;2298
50;2025-12-25;18;2384
50;2025-12-25;19;1422
50;2025-12-25;20;974
50;2025-12-25;21;670
50;2025-12-25;22;257
50;2025-12-25;23;156
50;2025-12-26;0;32
50;2025-12-26;1;2
50;2025-12-26;2;0
50;2025-12-26;3;0
50;2025-12-26;4;4
50;2025-12-26;5;71
50;2025-12-26;6;508
50;2025-12-26;7;1708
50;2025-12-26;8;2775
50;2025-12-26;9;2158
50;2025-12-26;10;1520
50;2025-12-26;11;1481
50;2025-12-26;12;1403
50;2025-12-26;13;1477
50;2025-12-26;14;1450
50;2025-12-26;15;1675
50;2025-12-26;16;2044
50;2025-12-26;17;2150
50;2025-12-26;18;1837
50;2025-12-26;19;1267
50;2025-12-26;20;882
50;2025-12-26;21;581
50;2025-12-26;22;252
50;2025-12-26;23;158
50;2025-12-27;0;0
50;2025-12-27;1;0
50;2025-12-27;2;0
50;2025-12-27;3;0
50;2025-12-27;4;0
50;2025-12-27;5;0
50;2025-12-27;6;0
50;2025-12-27;7;0
50;2025-12-27;8;0
50;2025-12-27;9;0
50;2025-12-27;10;0
50;2025-12-27;11;0
50;2025-12-27;12;0
50;2025-12-27;13;0
50;2025-12-27;14;0
50;2025-12-27;15;0
50;2025-12-27;16;0
50;2025-12-27;17;0
50;2025-12-27;18;0
50;2025-12-27;19;0
50;2025-12-27;20;0
50;2025-12-27;21;0
50;2025-12-27;22;0
50;2025-12-27;23;0
50;2025-12-28;0;0
50;2025-12-28;1;0
50;2025-12-28;2;0
50;2025-12-28;3;0
50;2025-12-28;4;0
50;2025-12-28;5;0
50;2025-12-28;6;0
50;2025-12-28;7;0
50;2025-12-28;8;0
50;2025-12-28;9;0
50;2025-12-28;10;0
50;2025-12-28;11;0
50;2025-12-28;12;0
50;2025-12-28;13;0
50;2025-12-28;14;0
50;2025-12-28;15;0
50;2025-12-28;16;0
50;2025-12-28;17;0
50;2025-12-28;18;0
50;2025-12-28;19;0
50;2025-12-28;20;0
50;2025-12-28;21;0
50;2025-12-28;22;0
50;2025-12-28;23;0
50;2025-12-29;0;14
50;2025-12-29;1;3
50;2025-12-29;2;1
50;2025-12-29;3;0
50;2025-12-29;4;3
50;2025-12-29;5;70
50;2025-12-29;6;520
50;2025-12-29;7;1682
50;2025-12-29;8;2800
50;2025-12-29;9;2205
50;2025-12-29;10;1624
50;2025-12-29;11;1473
50;2025-12-29;12;1370
50;2025-12-29;13;1463
50;2025-12-29;14;1408
50;2025-12-29;15;1629
50;2025-12-29;16;1694
50;2025-12-29;17;2233
50;2025-12-29;18;2367
50;2025-12-29;19;1339
50;2025-12-29;20;884
50;2025-12-29;21;613
50;2025-12-29;22;237
50;2025-12-29;23;135
50;2025-12-30;0;25
50;2025-12-30;1;2
50;2025-12-30;2;0
50;2025-12-30;3;0
50;2025-12-30;4;3
50;2025-12-30;5;78
50;2025-12-30;6;541
50;2025-12-30;7;1789
50;2025-12-30;8;2794
50;2025-12-30;9;2252
50;2025-12-30;10;1714
50;2025-12-30;11;1510
50;2025-12-30;12;1430
50;2025-12-30;13;1499
50;2025-12-30;14;1442
50;2025-12-30;15;1676
50;2025-12-30;16;1759
50;2025-12-30;17;2385
50;2025-12-30;18;2356
50;2025-12-30;19;1447
50;2025-12-30;20;942
50;2025-12-30;21;623
50;2025-12-30;22;240
50;2025-12-30;23;145
50;2025-12-31;0;0
50;2025-12-31;1;0
50;2025-12-31;2;0
50;2025-12-31;3;0
50;2025-12-31;4;0
50;2025-12-31;5;0
50;2025-12-31;6;0
50;2025-12-31;7;0
50;2025-12-31;8;0
50;2025-12-31;9;0
50;2025-12-31;10;0
50;2025-12-31;11;0
50;2025-12-31;12;0
50;2025-12-31;13;0
50;2025-12-31;14;0
50;2025-12-31;15;0
50;2025-12-31;16;0
50;2025-12-31;17;0
50;2025-12-31;18;0
50;2025-12-31;19;0
50;2025-12-31;20;0
50;2025-12-31;21;0
50;2025-12-31;22;0
50;2025-12-31;23;0
