route,date,hour,boardings,direct,fleet
1.0,2025-11-01,0.0,,1.2232994226649168,0.0
1.0,2025-11-01,1.0,,2.802479187359455e-34,0.0
1.0,2025-11-01,2.0,,2.802479187359455e-34,0.0
1.0,2025-11-01,3.0,,2.802479187359455e-34,0.0
1.0,2025-11-01,4.0,,0.0,0.0
1.0,2025-11-01,5.0,,50.53830206111504,60.71593123086671
1.0,2025-11-01,6.0,,387.51101894818123,427.79741685412284
1.0,2025-11-01,7.0,,415.4778464736994,413.5080959762452
1.0,2025-11-01,8.0,,593.3936079741543,574.967220810442
1.0,2025-11-01,9.0,,821.3463029687737,793.0116323992778
1.0,2025-11-01,10.0,,941.5647498885253,907.3097083485694
1.0,2025-11-01,11.0,,872.3255338384639,845.5263536280526
1.0,2025-11-01,12.0,,1193.2692265170208,1092.4948096941719
1.0,2025-11-01,13.0,,1192.4405194047858,1136.1102624933376
1.0,2025-11-01,14.0,,1121.2450796462974,1074.199924138309
1.0,2025-11-01,15.0,,984.3127042506911,950.1072742562544
1.0,2025-11-01,16.0,,910.1769818612646,884.1507523284918
1.0,2025-11-01,17.0,,855.0015746400766,859.0153148666669
1.0,2025-11-01,18.0,,656.477788751303,708.7405229175993
1.0,2025-11-01,19.0,,562.4116126880227,544.3901145270908
1.0,2025-11-01,20.0,,392.36827974529353,419.01191277433327
1.0,2025-11-01,21.0,,358.7086090328104,339.3480533403773
1.0,2025-11-01,22.0,,145.41626598869868,151.6793735194443
1.0,2025-11-01,23.0,,32.532757687659874,26.796051070487987
5.0,2025-11-01,0.0,,0.0,0.0
5.0,2025-11-01,1.0,,0.0,0.0
5.0,2025-11-01,2.0,,0.0,0.0
5.0,2025-11-01,3.0,,0.0,0.0
5.0,2025-11-01,4.0,,0.0,0.0
5.0,2025-11-01,5.0,,0.0,0.0
5.0,2025-11-01,6.0,,0.0,0.0
5.0,2025-11-01,7.0,,0.0,0.0
5.0,2025-11-01,8.0,,0.0,0.0
5.0,2025-11-01,9.0,,0.0,0.0
5.0,2025-11-01,10.0,,0.0,0.0
5.0,2025-11-01,11.0,,0.0,0.0
5.0,2025-11-01,12.0,,0.0,0.0
5.0,2025-11-01,13.0,,0.0,0.0
5.0,2025-11-01,14.0,,0.0,0.0
5.0,2025-11-01,15.0,,0.0,0.0
5.0,2025-11-01,16.0,,0.0,0.0
5.0,2025-11-01,17.0,,0.0,0.0
5.0,2025-11-01,18.0,,0.0,0.0
5.0,2025-11-01,19.0,,0.0,0.0
5.0,2025-11-01,20.0,,0.0,0.0
5.0,2025-11-01,21.0,,0.0,0.0
5.0,2025-11-01,22.0,,0.0,0.0
5.0,2025-11-01,23.0,,0.0,0.0
7.0,2025-11-01,0.0,,88.08538776303136,99.28532746756846
7.0,2025-11-01,1.0,,9.104444833020102,0.0
7.0,2025-11-01,2.0,,2.802479187359455e-34,0.0
7.0,2025-11-01,3.0,,2.802479187359455e-34,0.0
7.0,2025-11-01,4.0,,0.0,0.0
7.0,2025-11-01,5.0,,79.75551019407011,57.79028412354762
7.0,2025-11-01,6.0,,352.3336555551318,368.40991194602265
7.0,2025-11-01,7.0,,420.50900496026435,490.72252661350365
7.0,2025-11-01,8.0,,1725.750490238908,1209.6350003783634
7.0,2025-11-01,9.0,,1047.5950036066015,886.0981685211522
7.0,2025-11-01,10.0,,939.0136883706662,941.6654517594675
7.0,2025-11-01,11.0,,1020.2864876402624,821.3231269785691
7.0,2025-11-01,12.0,,1111.4992417193616,997.1637458973823
7.0,2025-11-01,13.0,,1022.8467656208776,990.7206496314132
7.0,2025-11-01,14.0,,1116.9593270262399,1011.6097423092776
7.0,2025-11-01,15.0,,1133.3254586840885,1067.5801221177173
7.0,2025-11-01,16.0,,1244.3020562212853,1147.1764491491551
7.0,2025-11-01,17.0,,1390.6560494625,1202.2295229319188
7.0,2025-11-01,18.0,,1530.8100570626395,1113.7358318288925
7.0,2025-11-01,19.0,,956.0997494899324,948.6608327619567
7.0,2025-11-01,20.0,,717.8432220137327,596.5684894238818
7.0,2025-11-01,21.0,,440.1214137547546,433.24273640650483
7.0,2025-11-01,22.0,,238.23662928542979,241.65625809737472
7.0,2025-11-01,23.0,,150.75688483942147,182.66508336034263
11.0,2025-11-01,0.0,,66.87614374187253,72.59310897964009
11.0,2025-11-01,1.0,,0.0,0.0
11.0,2025-11-01,2.0,,2.802479187359455e-34,0.0
11.0,2025-11-01,3.0,,2.802479187359455e-34,0.0
11.0,2025-11-01,4.0,,0.0,0.0
11.0,2025-11-01,5.0,,185.88626581758467,190.09392851944605
11.0,2025-11-01,6.0,,882.0626681849735,976.8152286519055
11.0,2025-11-01,7.0,,1253.4258111576892,891.8032269909307
11.0,2025-11-01,8.0,,2028.3680529868218,1869.256974336923
11.0,2025-11-01,9.0,,2001.324844709925,2029.1709524389337
11.0,2025-11-01,10.0,,1776.9385613634574,1770.6048067231943
11.0,2025-11-01,11.0,,1808.1712252746072,1814.4603273839762
11.0,2025-11-01,12.0,,1973.5031829516433,1991.7462962807665
11.0,2025-11-01,13.0,,1938.5572742145955,1959.1805710665121
11.0,2025-11-01,14.0,,2028.1288846924451,1965.5604022698747
11.0,2025-11-01,15.0,,1999.4834913496886,1989.8384007064826
11.0,2025-11-01,16.0,,2240.1440209464517,2196.073666214427
11.0,2025-11-01,17.0,,2607.437029659743,2581.385248241052
11.0,2025-11-01,18.0,,2391.574328737478,2455.9304580843163
11.0,2025-11-01,19.0,,1810.3765582838669,1800.9487909613833
11.0,2025-11-01,20.0,,1307.651089591356,1368.4683206492866
11.0,2025-11-01,21.0,,818.9698468913635,816.6446659418478
11.0,2025-11-01,22.0,,429.8657027346328,409.8153534913267
11.0,2025-11-01,23.0,,307.7805307255686,292.75169816651305
12.0,2025-11-01,0.0,,57.32847659266303,51.11393155094276
12.0,2025-11-01,1.0,,0.0,0.0
12.0,2025-11-01,2.0,,2.802479187359455e-34,0.0
12.0,2025-11-01,3.0,,2.802479187359455e-34,0.0
12.0,2025-11-01,4.0,,0.0,0.0
12.0,2025-11-01,5.0,,283.46042294107434,309.24065206039893
12.0,2025-11-01,6.0,,1300.6208296493746,1359.0211817594602
12.0,2025-11-01,7.0,,1802.1775526947483,1724.8537747685436
12.0,2025-11-01,8.0,,2689.753526869836,2568.416510947544
12.0,2025-11-01,9.0,,2077.9064544369967,2141.297493398206
12.0,2025-11-01,10.0,,1818.849251272945,1992.037131636596
12.0,2025-11-01,11.0,,1847.9454346244795,1911.9578889929
12.0,2025-11-01,12.0,,1875.9854179997358,1914.3424398054613
12.0,2025-11-01,13.0,,2047.5781580920693,1897.4159628676382
12.0,2025-11-01,14.0,,1946.39928633246,1823.5052144688088
12.0,2025-11-01,15.0,,2135.1691252767737,2159.837448147315
12.0,2025-11-01,16.0,,2472.2314916808577,2557.791067296369
12.0,2025-11-01,17.0,,2766.5236835839373,2690.0999581918813
12.0,2025-11-01,18.0,,2543.9437272821247,2571.691703864327
12.0,2025-11-01,19.0,,2026.2968653630437,2215.823449463266
12.0,2025-11-01,20.0,,1444.6692867677357,1452.959068062205
12.0,2025-11-01,21.0,,947.6720412358044,954.9662379881531
12.0,2025-11-01,22.0,,430.38713705508195,423.01653157643386
12.0,2025-11-01,23.0,,360.2349494334048,347.2496232742366
17.0,2025-11-01,0.0,,167.07261910734135,173.37399569429215
17.0,2025-11-01,1.0,,4.444780141696493,0.7329184497213852
17.0,2025-11-01,2.0,,2.802479187359455e-34,0.0
17.0,2025-11-01,3.0,,2.802479187359455e-34,0.0
17.0,2025-11-01,4.0,,2.7376906283316464,0.8099486725149909
17.0,2025-11-01,5.0,,278.02403645652953,297.0413763949406
17.0,2025-11-01,6.0,,1387.6445170678655,1478.312899893669
17.0,2025-11-01,7.0,,2873.7847391123,2901.5886489050663
17.0,2025-11-01,8.0,,3183.7221348623375,3425.116271693758
17.0,2025-11-01,9.0,,3497.2664246537274,3744.9213219597946
17.0,2025-11-01,10.0,,3138.975007011761,3008.255732864719
17.0,2025-11-01,11.0,,3183.8177650804682,3151.046015106071
17.0,2025-11-01,12.0,,3266.9173852589315,3316.5201661913725
17.0,2025-11-01,13.0,,3501.2261262151146,3520.5168393976683
17.0,2025-11-01,14.0,,3557.1617516541446,3627.534722514403
17.0,2025-11-01,15.0,,3771.7974592980718,3711.9176769538
17.0,2025-11-01,16.0,,3999.055464627106,3855.4265434776885
17.0,2025-11-01,17.0,,3846.9959294220357,4248.437378218051
17.0,2025-11-01,18.0,,3353.5177804562613,4034.6000202027412
17.0,2025-11-01,19.0,,2986.7735656811365,3138.3516066397383
17.0,2025-11-01,20.0,,2296.744977742592,2315.5091817776065
17.0,2025-11-01,21.0,,1515.0172933567258,1533.9438547211998
17.0,2025-11-01,22.0,,762.1345381235966,794.7968462766219
17.0,2025-11-01,23.0,,460.68319985160684,455.17907541995504
25.0,2025-11-01,0.0,,0.0,2.598117033032248e-10
25.0,2025-11-01,1.0,,2.802479187359455e-34,0.0
25.0,2025-11-01,2.0,,2.802479187359455e-34,0.0
25.0,2025-11-01,3.0,,2.802479187359455e-34,0.0
25.0,2025-11-01,4.0,,2.802479187359455e-34,0.0
25.0,2025-11-01,5.0,,7.9661390372523995,0.0
25.0,2025-11-01,6.0,,199.14140454189481,125.872391719124
25.0,2025-11-01,7.0,,296.1876592934566,240.76726395822442
25.0,2025-11-01,8.0,,568.3523103199389,544.9374315219012
25.0,2025-11-01,9.0,,431.21103895966536,382.4628454712019
25.0,2025-11-01,10.0,,353.2337955926275,341.7855571866757
25.0,2025-11-01,11.0,,440.9243785213748,432.13885588093314
25.0,2025-11-01,12.0,,440.92153248293243,434.44838847520805
25.0,2025-11-01,13.0,,554.0031019341046,551.418640764519
25.0,2025-11-01,14.0,,506.58754347690314,524.0115306527931
25.0,2025-11-01,15.0,,694.8764235081766,649.8976237528955
25.0,2025-11-01,16.0,,741.3997127472109,697.7391907662707
25.0,2025-11-01,17.0,,705.2175396589395,688.3021966439647
25.0,2025-11-01,18.0,,602.0244252875518,627.7249305207949
25.0,2025-11-01,19.0,,519.1753531608043,510.24321761021247
25.0,2025-11-01,20.0,,310.3769155697906,310.23579471283455
25.0,2025-11-01,21.0,,207.25272239418828,213.03671587658272
25.0,2025-11-01,22.0,,107.36139574590176,111.89548902683053
25.0,2025-11-01,23.0,,46.45814812788361,36.716436224209446
26.0,2025-11-01,0.0,,34.18789485222155,30.088489514165012
26.0,2025-11-01,1.0,,0.0,0.0
26.0,2025-11-01,2.0,,2.802479187359455e-34,0.0
26.0,2025-11-01,3.0,,2.802479187359455e-34,0.0
26.0,2025-11-01,4.0,,0.0,0.0
26.0,2025-11-01,5.0,,75.72190510184632,63.97722689711452
26.0,2025-11-01,6.0,,413.0499081166065,437.88937969140096
26.0,2025-11-01,7.0,,355.0107998628563,338.33691731262087
26.0,2025-11-01,8.0,,1749.375525713537,1443.239369572379
26.0,2025-11-01,9.0,,1379.9206054762863,1167.7154629847175
26.0,2025-11-01,10.0,,1220.7047426611323,1280.4894355349677
26.0,2025-11-01,11.0,,1149.7658885251528,1261.8718257334074
26.0,2025-11-01,12.0,,1186.287892830794,1166.204475793525
26.0,2025-11-01,13.0,,1199.7513310713025,1248.1547830964644
26.0,2025-11-01,14.0,,1338.1914885192114,1337.9885017429212
26.0,2025-11-01,15.0,,1391.6916253964919,1327.7398390109793
26.0,2025-11-01,16.0,,1590.3435262728503,1400.9744114274117
26.0,2025-11-01,17.0,,1682.437120518976,1724.786821220382
26.0,2025-11-01,18.0,,1553.413257036371,1667.665956566878
26.0,2025-11-01,19.0,,1128.0990943836048,1160.8521312501323
26.0,2025-11-01,20.0,,669.4101385056512,714.1213471310409
26.0,2025-11-01,21.0,,452.45437242715514,455.16971733148677
26.0,2025-11-01,22.0,,176.72524935161746,174.40203272519284
26.0,2025-11-01,23.0,,170.2922206762789,143.85520909829566
28.0,2025-11-01,0.0,,1.1027439654455586,2.598117033032248e-10
28.0,2025-11-01,1.0,,2.802479187359455e-34,0.0
28.0,2025-11-01,2.0,,2.802479187359455e-34,0.0
28.0,2025-11-01,3.0,,2.802479187359455e-34,0.0
28.0,2025-11-01,4.0,,0.0,0.0
28.0,2025-11-01,5.0,,25.404153781117742,21.807587507565056
28.0,2025-11-01,6.0,,241.20117673269127,191.01082581425558
28.0,2025-11-01,7.0,,241.91780699002422,229.68142568088598
28.0,2025-11-01,8.0,,459.2869511005222,509.16729729161676
28.0,2025-11-01,9.0,,472.04204406742406,494.00753333728125
28.0,2025-11-01,10.0,,492.1752177861795,519.5550597529151
28.0,2025-11-01,11.0,,486.17033331113,484.35944314205267
28.0,2025-11-01,12.0,,760.0995629692524,749.3210100456154
28.0,2025-11-01,13.0,,728.3041626793079,741.7912975635744
28.0,2025-11-01,14.0,,710.4439900744048,718.6511664140288
28.0,2025-11-01,15.0,,736.6153519825662,790.067407376005
28.0,2025-11-01,16.0,,869.9330371246073,920.6185946293464
28.0,2025-11-01,17.0,,677.3474999352864,698.6468444529178
28.0,2025-11-01,18.0,,523.6411870003395,560.143721780658
28.0,2025-11-01,19.0,,423.08967103796,415.52140708278597
28.0,2025-11-01,20.0,,454.7580850560728,469.1424068872038
28.0,2025-11-01,21.0,,330.501055723747,326.0425803343674
28.0,2025-11-01,22.0,,139.82886080937757,149.73126559878557
28.0,2025-11-01,23.0,,14.336566550430591,13.747546547713117
50.0,2025-11-01,0.0,,0.6124200933014009,0.8527684370204043
50.0,2025-11-01,1.0,,0.16100780735852796,0.0
50.0,2025-11-01,2.0,,0.0,6.495292582580625e-12
50.0,2025-11-01,3.0,,7.006197968398644e-36,0.0
50.0,2025-11-01,4.0,,0.0,0.0
50.0,2025-11-01,5.0,,0.8601500166602595,1.4116434786126648
50.0,2025-11-01,6.0,,8.421926937414895,11.668303039860938
50.0,2025-11-01,7.0,,13.564997820633067,13.568016388694913
50.0,2025-11-01,8.0,,51.55161982962519,55.04718054285045
50.0,2025-11-01,9.0,,37.970753222775976,48.855766292089065
50.0,2025-11-01,10.0,,27.882135196045517,37.516976536101225
50.0,2025-11-01,11.0,,31.755796353886797,34.42819995812181
50.0,2025-11-01,12.0,,30.683134721100433,34.40127129563453
50.0,2025-11-01,13.0,,30.25700222540587,35.26545333497119
50.0,2025-11-01,14.0,,29.83463181657043,33.73941258287361
50.0,2025-11-01,15.0,,34.18902095444903,40.62555146773588
50.0,2025-11-01,16.0,,36.35149731486204,43.22081857626579
50.0,2025-11-01,17.0,,46.347941828820105,51.08124509655008
50.0,2025-11-01,18.0,,38.747501301689134,48.31763382888938
50.0,2025-11-01,19.0,,26.31032086980173,32.101764949422474
50.0,2025-11-01,20.0,,19.176840984770337,21.124749059290842
50.0,2025-11-01,21.0,,11.463104121924895,13.812506058880738
50.0,2025-11-01,22.0,,7.25960865892009,6.924783514835569
50.0,2025-11-01,23.0,,4.736385940306901,4.471123734480076
1.0,2025-11-02,0.0,,7.060346964122682,5.751367537708464
1.0,2025-11-02,1.0,,2.802479187359455e-34,2.324659735271001
1.0,2025-11-02,2.0,,2.802479187359455e-34,2.763006428403453
1.0,2025-11-02,3.0,,2.802479187359455e-34,1.0142916460908615
1.0,2025-11-02,4.0,,0.0,3.6345765794800085
1.0,2025-11-02,5.0,,20.840302791676702,24.73210340517213
1.0,2025-11-02,6.0,,156.55892169843193,145.35511660609808
1.0,2025-11-02,7.0,,306.78957823366113,333.9698297460454
1.0,2025-11-02,8.0,,416.6073757112717,433.1366320106422
1.0,2025-11-02,9.0,,711.1617774870575,737.2567083498169
1.0,2025-11-02,10.0,,840.5255410947358,839.3297519005524
1.0,2025-11-02,11.0,,799.6615280543624,813.2711656443378
1.0,2025-11-02,12.0,,970.6381140758632,959.5641542907833
1.0,2025-11-02,13.0,,971.1968170429207,988.8663808671001
1.0,2025-11-02,14.0,,980.1475260594472,943.6825753466675
1.0,2025-11-02,15.0,,867.1382574811288,840.9869351905066
1.0,2025-11-02,16.0,,794.3131167085136,785.3036077326043
1.0,2025-11-02,17.0,,716.407636163103,712.7503729307465
1.0,2025-11-02,18.0,,591.5701740874565,601.9000390335536
1.0,2025-11-02,19.0,,494.76461982373047,476.5030759796062
1.0,2025-11-02,20.0,,364.594015601418,372.8684676427393
1.0,2025-11-02,21.0,,280.31976679226057,275.5493775091593
1.0,2025-11-02,22.0,,76.97745969574014,113.15595942035604
1.0,2025-11-02,23.0,,11.128903796341534,16.04245120393208
5.0,2025-11-02,0.0,,0.0,0.0
5.0,2025-11-02,1.0,,0.0,0.0
5.0,2025-11-02,2.0,,0.0,0.0
5.0,2025-11-02,3.0,,0.0,0.0
5.0,2025-11-02,4.0,,0.0,0.0
5.0,2025-11-02,5.0,,0.0,0.0
5.0,2025-11-02,6.0,,0.0,0.0
5.0,2025-11-02,7.0,,0.0,0.0
5.0,2025-11-02,8.0,,0.0,0.0
5.0,2025-11-02,9.0,,0.0,0.0
5.0,2025-11-02,10.0,,0.0,0.0
5.0,2025-11-02,11.0,,0.0,0.0
5.0,2025-11-02,12.0,,0.0,0.0
5.0,2025-11-02,13.0,,0.0,0.0
5.0,2025-11-02,14.0,,0.0,0.0
5.0,2025-11-02,15.0,,0.0,0.0
5.0,2025-11-02,16.0,,0.0,0.0
5.0,2025-11-02,17.0,,0.0,0.0
5.0,2025-11-02,18.0,,0.0,0.0
5.0,2025-11-02,19.0,,0.0,0.0
5.0,2025-11-02,20.0,,0.0,0.0
5.0,2025-11-02,21.0,,0.0,0.0
5.0,2025-11-02,22.0,,0.0,0.0
5.0,2025-11-02,23.0,,0.0,0.0
7.0,2025-11-02,0.0,,99.15009453209568,104.18121401104955
7.0,2025-11-02,1.0,,24.55504246181144,20.7333533545846
7.0,2025-11-02,2.0,,2.802479187359455e-34,0.0
7.0,2025-11-02,3.0,,2.802479187359455e-34,8.348870708678508
7.0,2025-11-02,4.0,,7.729653650247704,0.0
7.0,2025-11-02,5.0,,29.915473516150893,25.331217600034158
7.0,2025-11-02,6.0,,166.9240822665662,172.56970162272424
7.0,2025-11-02,7.0,,272.8470973844933,337.7753535030207
7.0,2025-11-02,8.0,,514.6881734590881,458.6842418979864
7.0,2025-11-02,9.0,,555.2886806240347,510.3552956560921
7.0,2025-11-02,10.0,,549.6529582456636,490.61458920763386
7.0,2025-11-02,11.0,,647.165748615449,563.0961143416473
7.0,2025-11-02,12.0,,758.6993351206846,687.5547344872977
7.0,2025-11-02,13.0,,706.3433151638512,656.5772190629627
7.0,2025-11-02,14.0,,749.1367790797991,696.4020928135981
7.0,2025-11-02,15.0,,790.494432459708,692.5838282567536
7.0,2025-11-02,16.0,,757.0456765764977,636.2146525768172
7.0,2025-11-02,17.0,,707.939093807987,643.4630163417891
7.0,2025-11-02,18.0,,671.8946052975641,640.6993170383611
7.0,2025-11-02,19.0,,550.7891847525393,497.9270394300148
7.0,2025-11-02,20.0,,467.7285167532671,385.415196214887
7.0,2025-11-02,21.0,,308.4891156252583,320.8209711598837
7.0,2025-11-02,22.0,,157.6110240154033,169.71376626302066
7.0,2025-11-02,23.0,,131.29177401605077,160.59636939742683
11.0,2025-11-02,0.0,,111.70350602529,101.1110078908016
11.0,2025-11-02,1.0,,22.053958491864073,20.78709926103349
11.0,2025-11-02,2.0,,2.802479187359455e-34,2.0047179541512303
11.0,2025-11-02,3.0,,2.802479187359455e-34,0.01687665100664864
11.0,2025-11-02,4.0,,1.822823341932864,0.0
11.0,2025-11-02,5.0,,152.22985780463247,152.0074501812792
11.0,2025-11-02,6.0,,740.1556707942058,769.592184682566
11.0,2025-11-02,7.0,,701.2712750985918,679.5024419252858
11.0,2025-11-02,8.0,,939.0377885943923,975.5722039644016
11.0,2025-11-02,9.0,,1033.1344424804968,980.2415051072257
11.0,2025-11-02,10.0,,1151.360295258664,1105.4250790079732
11.0,2025-11-02,11.0,,1483.3772112089605,1447.7213122863172
11.0,2025-11-02,12.0,,1647.4067346565719,1701.176004574279
11.0,2025-11-02,13.0,,1586.240716901458,1560.352380112428
11.0,2025-11-02,14.0,,1676.087516605121,1555.628851977132
11.0,2025-11-02,15.0,,1687.4719080394282,1688.7999940059644
11.0,2025-11-02,16.0,,1681.742067625842,1627.3731861576734
11.0,2025-11-02,17.0,,1763.6080520467763,1663.8169957684822
11.0,2025-11-02,18.0,,1454.096828376114,1411.167922234768
11.0,2025-11-02,19.0,,1236.3542533706689,1248.0513893211703
11.0,2025-11-02,20.0,,903.0040209578757,905.5409107735627
11.0,2025-11-02,21.0,,616.2758725486865,615.7114405081635
11.0,2025-11-02,22.0,,330.9308807406635,337.5932036262835
11.0,2025-11-02,23.0,,254.80904067286195,233.51647753029116
12.0,2025-11-02,0.0,,81.38726585972694,71.70251541301666
12.0,2025-11-02,1.0,,7.0458493642251945,5.1382860256135805
12.0,2025-11-02,2.0,,2.802479187359455e-34,2.031910338118532
12.0,2025-11-02,3.0,,2.802479187359455e-34,0.08125330763108789
12.0,2025-11-02,4.0,,3.8499098487879304,2.1434402942017026
12.0,2025-11-02,5.0,,183.4906785061542,178.33338104596157
12.0,2025-11-02,6.0,,747.8348207015546,757.8704277100784
12.0,2025-11-02,7.0,,873.2551649043096,892.2432466198838
12.0,2025-11-02,8.0,,870.1112437661669,832.0926504593034
12.0,2025-11-02,9.0,,1068.3041991356156,1022.3333676792687
12.0,2025-11-02,10.0,,1265.0572236643713,1265.1985706961075
12.0,2025-11-02,11.0,,1374.4591210502508,1349.27904217084
12.0,2025-11-02,12.0,,1419.0898301322113,1382.7860595049156
12.0,2025-11-02,13.0,,1557.6459980907675,1545.084693922404
12.0,2025-11-02,14.0,,1485.8283069310376,1464.4532336592692
12.0,2025-11-02,15.0,,1509.5644920939283,1450.8632639028074
12.0,2025-11-02,16.0,,1569.1902383085878,1558.4713169456331
12.0,2025-11-02,17.0,,1524.5514885059636,1507.3531168096165
12.0,2025-11-02,18.0,,1377.623797222311,1294.175343847407
12.0,2025-11-02,19.0,,1121.3358114456203,1166.7951083583173
12.0,2025-11-02,20.0,,799.149911684028,796.1214737487359
12.0,2025-11-02,21.0,,593.9656089906945,599.1534982552837
12.0,2025-11-02,22.0,,341.21345533510635,347.8591846657967
12.0,2025-11-02,23.0,,231.10907371784663,234.02485247138728
17.0,2025-11-02,0.0,,167.94082814199385,186.96130374123817
17.0,2025-11-02,1.0,,25.751693993453515,20.739337159162076
17.0,2025-11-02,2.0,,2.802479187359455e-34,2.648280006507182
17.0,2025-11-02,3.0,,2.802479187359455e-34,0.8048423050637328
17.0,2025-11-02,4.0,,5.35884191327978,5.598012602528227
17.0,2025-11-02,5.0,,121.25796001219712,132.59894243425094
17.0,2025-11-02,6.0,,428.53156817514713,447.7269616226329
17.0,2025-11-02,7.0,,935.7413912425027,977.8017497220285
17.0,2025-11-02,8.0,,1430.4336265943216,1438.402106121267
17.0,2025-11-02,9.0,,1910.3271025051624,1898.2057704741967
17.0,2025-11-02,10.0,,2195.724161190281,2173.582635785041
17.0,2025-11-02,11.0,,2611.4596549008825,2598.62457456562
17.0,2025-11-02,12.0,,2770.272846751689,2834.7718172506366
17.0,2025-11-02,13.0,,2980.253150873081,2996.2896816592634
17.0,2025-11-02,14.0,,3061.321989552376,3073.969631489756
17.0,2025-11-02,15.0,,3127.3144120732672,3176.820864340676
17.0,2025-11-02,16.0,,3171.901137670864,3187.9123406754447
17.0,2025-11-02,17.0,,2998.155513846528,3004.4384703336827
17.0,2025-11-02,18.0,,2561.2602621864667,2703.7384385636065
17.0,2025-11-02,19.0,,2105.332700376367,2264.8338329575645
17.0,2025-11-02,20.0,,1653.5603049838946,1773.8344094303313
17.0,2025-11-02,21.0,,1203.964574505241,1207.236639547642
17.0,2025-11-02,22.0,,699.2544157855307,686.3347492997966
17.0,2025-11-02,23.0,,346.4483669327632,358.5736505654456
25.0,2025-11-02,0.0,,27.895688657313453,14.923242771082
25.0,2025-11-02,1.0,,2.802479187359455e-34,2.97111199919753
25.0,2025-11-02,2.0,,2.802479187359455e-34,1.893948095280499
25.0,2025-11-02,3.0,,2.802479187359455e-34,0.0505103938370491
25.0,2025-11-02,4.0,,2.802479187359455e-34,0.0
25.0,2025-11-02,5.0,,13.690891003257152,9.393137617002457
25.0,2025-11-02,6.0,,112.82093742901662,99.54433573884003
25.0,2025-11-02,7.0,,131.87323718571935,123.14912693736939
25.0,2025-11-02,8.0,,205.0504617435025,219.90343414401815
25.0,2025-11-02,9.0,,258.0941362209303,250.5656729255836
25.0,2025-11-02,10.0,,261.79806320684435,260.0175446364243
25.0,2025-11-02,11.0,,327.2345015458109,351.56652871255983
25.0,2025-11-02,12.0,,368.13082854796954,382.4558564897857
25.0,2025-11-02,13.0,,494.7335829442603,500.4590879962922
25.0,2025-11-02,14.0,,494.6099226090148,487.35033012497576
25.0,2025-11-02,15.0,,632.0240171299664,596.13514491263
25.0,2025-11-02,16.0,,567.0902640371397,573.7027938358942
25.0,2025-11-02,17.0,,498.79651592399557,474.28197537061703
25.0,2025-11-02,18.0,,414.7045601993846,444.06495685001534
25.0,2025-11-02,19.0,,382.57644906488326,390.64491565928734
25.0,2025-11-02,20.0,,247.92080228249458,255.47162539914717
25.0,2025-11-02,21.0,,168.6693381630526,166.67577630143288
25.0,2025-11-02,22.0,,88.84616027406852,88.176423520681
25.0,2025-11-02,23.0,,28.713477534826158,16.95846367026941
26.0,2025-11-02,0.0,,49.97698842079441,46.71088129599714
26.0,2025-11-02,1.0,,2.3111890472811334,0.0
26.0,2025-11-02,2.0,,2.802479187359455e-34,0.0
26.0,2025-11-02,3.0,,2.802479187359455e-34,0.9211124746005769
26.0,2025-11-02,4.0,,0.0,0.0
26.0,2025-11-02,5.0,,30.045489432966647,31.634815763379244
26.0,2025-11-02,6.0,,203.24194905890604,201.9174319238536
26.0,2025-11-02,7.0,,296.4725248120894,304.0931431789991
26.0,2025-11-02,8.0,,443.58888248354197,476.95745036548277
26.0,2025-11-02,9.0,,525.5823563590842,495.8923548451112
26.0,2025-11-02,10.0,,639.0116064761753,649.4845400248845
26.0,2025-11-02,11.0,,840.0556807339756,831.1887863145627
26.0,2025-11-02,12.0,,899.4630593563369,845.3291820617495
26.0,2025-11-02,13.0,,909.437471693644,942.2498647166819
26.0,2025-11-02,14.0,,971.40016388016,960.8821988635565
26.0,2025-11-02,15.0,,900.367540916899,872.7979588327264
26.0,2025-11-02,16.0,,902.9139410087678,916.9439182095555
26.0,2025-11-02,17.0,,818.2220658052311,808.0738467915622
26.0,2025-11-02,18.0,,714.938527455747,708.059352698764
26.0,2025-11-02,19.0,,601.6651223488137,591.0962044640044
26.0,2025-11-02,20.0,,437.89943411069356,451.0199210603571
26.0,2025-11-02,21.0,,294.826239229189,317.2110694615063
26.0,2025-11-02,22.0,,161.3339765506886,160.34559353293778
26.0,2025-11-02,23.0,,122.7786016206717,104.10872081754052
28.0,2025-11-02,0.0,,1.1027439654455586,10.030909940816947
28.0,2025-11-02,1.0,,2.802479187359455e-34,1.6293720021548022
28.0,2025-11-02,2.0,,2.802479187359455e-34,2.8165613055761023
28.0,2025-11-02,3.0,,2.802479187359455e-34,3.1643677091227485
28.0,2025-11-02,4.0,,0.0,0.0
28.0,2025-11-02,5.0,,28.392853609249908,21.83505410367553
28.0,2025-11-02,6.0,,88.66637593166351,88.63818927618264
28.0,2025-11-02,7.0,,178.62020020135935,184.89662747532066
28.0,2025-11-02,8.0,,327.4052214448107,352.66648327580805
28.0,2025-11-02,9.0,,401.4338975123152,416.783578170346
28.0,2025-11-02,10.0,,399.0026104919489,426.07371544574016
28.0,2025-11-02,11.0,,436.1605212508606,445.9508847593633
28.0,2025-11-02,12.0,,539.1735739928326,536.4132228163098
28.0,2025-11-02,13.0,,564.6263342726003,577.8178504166672
28.0,2025-11-02,14.0,,576.297910656931,555.0133418320992
28.0,2025-11-02,15.0,,567.5863345227227,581.0813999243454
28.0,2025-11-02,16.0,,575.7821024005189,587.6181186530033
28.0,2025-11-02,17.0,,561.4426321218596,575.9598305763524
28.0,2025-11-02,18.0,,471.0182678149203,499.74824760545647
28.0,2025-11-02,19.0,,385.9758232525503,390.0135687760774
28.0,2025-11-02,20.0,,308.0772130193878,337.03042477922247
28.0,2025-11-02,21.0,,269.3196181616043,252.23750388932746
28.0,2025-11-02,22.0,,98.10163606182543,108.38385440897393
28.0,2025-11-02,23.0,,5.78706101151774,0.0
50.0,2025-11-02,0.0,,1.2597277992520386,1.4527781278824066
50.0,2025-11-02,1.0,,0.08533620274458398,0.2381171236534898
50.0,2025-11-02,2.0,,0.16648609392478878,6.495292582580625e-12
50.0,2025-11-02,3.0,,7.006197968398644e-36,0.20872176771696288
50.0,2025-11-02,4.0,,0.15673180661041405,0.131197906533678
50.0,2025-11-02,5.0,,0.2709587074344206,0.7732237686123608
50.0,2025-11-02,6.0,,2.775476192526374,3.2637117287890853
50.0,2025-11-02,7.0,,8.58302208941508,10.303860026676642
50.0,2025-11-02,8.0,,11.59864690355357,16.07880676217445
50.0,2025-11-02,9.0,,12.139709498523551,15.453267774102425
50.0,2025-11-02,10.0,,11.978555641528258,14.928366486338637
50.0,2025-11-02,11.0,,15.90399282253899,17.535583958575057
50.0,2025-11-02,12.0,,18.57499741720073,19.30673777975455
50.0,2025-11-02,13.0,,18.993268507035857,20.89245755974819
50.0,2025-11-02,14.0,,21.34768323493666,21.84953137514881
50.0,2025-11-02,15.0,,19.351257964266537,21.015663675373034
50.0,2025-11-02,16.0,,18.806816291065708,19.603823586343548
50.0,2025-11-02,17.0,,19.147031267850732,19.310226364332323
50.0,2025-11-02,18.0,,15.27206632138774,19.39861454911938
50.0,2025-11-02,19.0,,14.23266746311366,17.0291020880424
50.0,2025-11-02,20.0,,10.692707677851816,12.087242870606964
50.0,2025-11-02,21.0,,7.900338507913577,10.375167146442006
50.0,2025-11-02,22.0,,5.290547474540863,5.300943464802779
50.0,2025-11-02,23.0,,3.387346120812367,3.4132306383940865
1.0,2025-11-03,0.0,,0.0,0.0
1.0,2025-11-03,1.0,,2.802479187359455e-34,0.0
1.0,2025-11-03,2.0,,2.802479187359455e-34,0.0
1.0,2025-11-03,3.0,,2.802479187359455e-34,0.0
1.0,2025-11-03,4.0,,0.0,0.0
1.0,2025-11-03,5.0,,47.739764526581126,34.972238667503795
1.0,2025-11-03,6.0,,144.71366368982004,143.65663432004064
1.0,2025-11-03,7.0,,417.20832702018953,464.688678033808
1.0,2025-11-03,8.0,,514.5996244978408,570.7104445154372
1.0,2025-11-03,9.0,,523.5955428695191,576.3376551063608
1.0,2025-11-03,10.0,,489.20528877929786,524.9343476960211
1.0,2025-11-03,11.0,,479.05087159440467,534.9860684699239
1.0,2025-11-03,12.0,,573.6196077823342,697.3967696711327
1.0,2025-11-03,13.0,,575.185649497631,706.9251236739657
1.0,2025-11-03,14.0,,588.3360167136262,708.2247720661427
1.0,2025-11-03,15.0,,545.1218413657151,664.3028853291734
1.0,2025-11-03,16.0,,568.8724565183873,620.4941646224665
1.0,2025-11-03,17.0,,651.8270064395314,617.5397894053717
1.0,2025-11-03,18.0,,602.1968684593189,585.8999362605821
1.0,2025-11-03,19.0,,427.7870890029083,466.6477670139096
1.0,2025-11-03,20.0,,382.22898821140615,441.77344868082304
1.0,2025-11-03,21.0,,393.2272054564873,375.9371808513554
1.0,2025-11-03,22.0,,95.72550095027825,135.83412393028286
1.0,2025-11-03,23.0,,31.572286784236272,23.198678992925537
5.0,2025-11-03,0.0,,0.0,0.0
5.0,2025-11-03,1.0,,0.0,0.0
5.0,2025-11-03,2.0,,0.0,0.0
5.0,2025-11-03,3.0,,0.0,0.0
5.0,2025-11-03,4.0,,0.0,0.0
5.0,2025-11-03,5.0,,0.0,0.0
5.0,2025-11-03,6.0,,0.0,0.0
5.0,2025-11-03,7.0,,0.0,0.0
5.0,2025-11-03,8.0,,0.0,0.0
5.0,2025-11-03,9.0,,0.0,0.0
5.0,2025-11-03,10.0,,0.0,0.0
5.0,2025-11-03,11.0,,0.0,0.0
5.0,2025-11-03,12.0,,0.0,0.0
5.0,2025-11-03,13.0,,0.0,0.0
5.0,2025-11-03,14.0,,0.0,0.0
5.0,2025-11-03,15.0,,0.0,0.0
5.0,2025-11-03,16.0,,0.0,0.0
5.0,2025-11-03,17.0,,0.0,0.0
5.0,2025-11-03,18.0,,0.0,0.0
5.0,2025-11-03,19.0,,0.0,0.0
5.0,2025-11-03,20.0,,0.0,0.0
5.0,2025-11-03,21.0,,0.0,0.0
5.0,2025-11-03,22.0,,0.0,0.0
5.0,2025-11-03,23.0,,0.0,0.0
7.0,2025-11-03,0.0,,47.26575786734499,46.75043434283927
7.0,2025-11-03,1.0,,0.0,0.0
7.0,2025-11-03,2.0,,2.802479187359455e-34,0.0
7.0,2025-11-03,3.0,,2.802479187359455e-34,0.0
7.0,2025-11-03,4.0,,0.0,0.0
7.0,2025-11-03,5.0,,100.24693017243456,73.2336501425886
7.0,2025-11-03,6.0,,354.6969278977885,327.7035863334537
7.0,2025-11-03,7.0,,579.7596575760839,762.3159438501825
7.0,2025-11-03,8.0,,579.758244629385,649.5697680225624
7.0,2025-11-03,9.0,,678.3101718583617,759.7693785755831
7.0,2025-11-03,10.0,,659.2150827206448,822.5756564321129
7.0,2025-11-03,11.0,,826.4048502948203,975.3785370209098
7.0,2025-11-03,12.0,,992.483457191451,1091.740840753491
7.0,2025-11-03,13.0,,1057.8774353547615,1105.3250462819062
7.0,2025-11-03,14.0,,1058.7217689394502,1171.824928459303
7.0,2025-11-03,15.0,,1014.4277400523767,1106.7649318514473
7.0,2025-11-03,16.0,,995.2100800168128,1064.6071106735335
7.0,2025-11-03,17.0,,1135.6409583362706,1130.6619682166452
7.0,2025-11-03,18.0,,1014.4208044198009,1034.7814744046964
7.0,2025-11-03,19.0,,824.3424035980514,903.2566404195089
7.0,2025-11-03,20.0,,585.0217921666639,653.0920643318158
7.0,2025-11-03,21.0,,496.6853107416049,478.16191572864574
7.0,2025-11-03,22.0,,168.0092766914492,150.91045466408417
7.0,2025-11-03,23.0,,171.27145367966293,156.33752418404924
11.0,2025-11-03,0.0,,66.70437140524525,73.15595024186753
11.0,2025-11-03,1.0,,0.0,0.0
11.0,2025-11-03,2.0,,2.802479187359455e-34,0.0
11.0,2025-11-03,3.0,,2.802479187359455e-34,0.0
11.0,2025-11-03,4.0,,0.0,0.0
11.0,2025-11-03,5.0,,143.50934095840637,140.92306137642757
11.0,2025-11-03,6.0,,619.5970794508592,636.8848160815646
11.0,2025-11-03,7.0,,836.8930306533239,838.0794713298199
11.0,2025-11-03,8.0,,1040.993468609104,914.1819480023361
11.0,2025-11-03,9.0,,1012.6944073045296,901.2977080199983
11.0,2025-11-03,10.0,,1091.4654018510719,1092.5134863566448
11.0,2025-11-03,11.0,,1373.1530124685537,1404.6692828065222
11.0,2025-11-03,12.0,,1393.0622271258646,1512.0395657973224
11.0,2025-11-03,13.0,,1420.2012669314759,1373.2021739379566
11.0,2025-11-03,14.0,,1443.2961153520823,1412.9996981710674
11.0,2025-11-03,15.0,,1426.237388754584,1439.8849123304726
11.0,2025-11-03,16.0,,1516.2139976824526,1451.0861721975427
11.0,2025-11-03,17.0,,1649.7712878600514,1549.8902144245922
11.0,2025-11-03,18.0,,1478.4731974016677,1337.3122588537472
11.0,2025-11-03,19.0,,1204.8113755567479,1153.0979960265454
11.0,2025-11-03,20.0,,915.9254218622432,860.2990980334097
11.0,2025-11-03,21.0,,625.7697592230516,622.127251912003
11.0,2025-11-03,22.0,,336.88257160611613,316.9865083108894
11.0,2025-11-03,23.0,,216.5371929111032,216.17932432997526
12.0,2025-11-03,0.0,,58.594618429850776,49.57582500909074
12.0,2025-11-03,1.0,,0.0,0.0
12.0,2025-11-03,2.0,,2.802479187359455e-34,0.0
12.0,2025-11-03,3.0,,2.802479187359455e-34,0.0
12.0,2025-11-03,4.0,,0.0,0.0
12.0,2025-11-03,5.0,,143.91425146367067,153.4828317318516
12.0,2025-11-03,6.0,,569.9672475926342,499.81526225734206
12.0,2025-11-03,7.0,,929.1073873851236,888.9250822128878
12.0,2025-11-03,8.0,,1132.4655148359627,943.4042012342935
12.0,2025-11-03,9.0,,1104.0649690174155,1026.848259178402
12.0,2025-11-03,10.0,,1238.3241494870583,1165.317872408171
12.0,2025-11-03,11.0,,1338.8026109766724,1301.9535537649917
12.0,2025-11-03,12.0,,1306.837466919822,1300.0631715179388
12.0,2025-11-03,13.0,,1362.1006840946093,1403.282885279266
12.0,2025-11-03,14.0,,1343.902735124347,1280.5992474422114
12.0,2025-11-03,15.0,,1364.834235092264,1255.3445853767037
12.0,2025-11-03,16.0,,1528.253737048435,1504.2806412722452
12.0,2025-11-03,17.0,,1516.5699230036107,1504.2968876953823
12.0,2025-11-03,18.0,,1392.4718968451325,1345.3929446501668
12.0,2025-11-03,19.0,,1087.6793044753022,1080.0606101649303
12.0,2025-11-03,20.0,,759.9937057421968,774.2571561794515
12.0,2025-11-03,21.0,,589.293849137555,629.9970093322604
12.0,2025-11-03,22.0,,394.8327365781164,357.48530750732095
12.0,2025-11-03,23.0,,141.79595045981375,109.36742794611045
17.0,2025-11-03,0.0,,84.04510959874436,96.64940754089581
17.0,2025-11-03,1.0,,11.57484043117632,13.822652769307263
17.0,2025-11-03,2.0,,2.802479187359455e-34,0.0
17.0,2025-11-03,3.0,,2.802479187359455e-34,0.0
17.0,2025-11-03,4.0,,0.0,0.0
17.0,2025-11-03,5.0,,87.0739331951246,78.04245242700061
17.0,2025-11-03,6.0,,410.6716487736011,589.4228737709642
17.0,2025-11-03,7.0,,1640.2067460704743,1229.923833447963
17.0,2025-11-03,8.0,,3075.3114181315277,2362.222603578442
17.0,2025-11-03,9.0,,1888.8291236328175,1601.6094246344273
17.0,2025-11-03,10.0,,1780.7148752093865,2011.0556699110102
17.0,2025-11-03,11.0,,2213.5270572586433,2232.8183972303873
17.0,2025-11-03,12.0,,2322.032256604506,2194.427013421978
17.0,2025-11-03,13.0,,2303.5901093148027,2297.254973128407
17.0,2025-11-03,14.0,,2360.4234965651003,2427.482322205124
17.0,2025-11-03,15.0,,2414.5813511575666,2528.0647336010115
17.0,2025-11-03,16.0,,2661.29586195921,2621.582850641851
17.0,2025-11-03,17.0,,3178.131563201479,2831.695301750263
17.0,2025-11-03,18.0,,3346.879539129232,2877.4601419149312
17.0,2025-11-03,19.0,,2032.108587537364,2187.640932334918
17.0,2025-11-03,20.0,,1530.4092432954492,1722.7528545055934
17.0,2025-11-03,21.0,,1181.5125664822444,1179.0693088122357
17.0,2025-11-03,22.0,,700.4857001020068,714.2547814760264
17.0,2025-11-03,23.0,,319.8384976389337,324.55110211082894
25.0,2025-11-03,0.0,,0.0,0.0
25.0,2025-11-03,1.0,,2.802479187359455e-34,0.0
25.0,2025-11-03,2.0,,2.802479187359455e-34,0.0
25.0,2025-11-03,3.0,,2.802479187359455e-34,0.0
25.0,2025-11-03,4.0,,2.802479187359455e-34,0.0
25.0,2025-11-03,5.0,,7.466859959892992,0.0
25.0,2025-11-03,6.0,,95.96557958770406,57.246842238058065
25.0,2025-11-03,7.0,,267.62308550898973,249.73557120694633
25.0,2025-11-03,8.0,,359.7426431027236,375.86851515075847
25.0,2025-11-03,9.0,,200.90772414218213,209.35059139001257
25.0,2025-11-03,10.0,,193.85062662887367,200.504715797401
25.0,2025-11-03,11.0,,250.64187089034306,262.213198195545
25.0,2025-11-03,12.0,,289.82530661995236,310.4510982780156
25.0,2025-11-03,13.0,,384.15670768015957,393.39568864613045
25.0,2025-11-03,14.0,,381.0817340204534,373.1821121383607
25.0,2025-11-03,15.0,,435.6863634541258,469.794879673337
25.0,2025-11-03,16.0,,480.0920703116891,484.463278935387
25.0,2025-11-03,17.0,,493.53023598177765,502.504530252261
25.0,2025-11-03,18.0,,455.0975225803145,476.8495462401775
25.0,2025-11-03,19.0,,308.1458441720907,344.8379057105404
25.0,2025-11-03,20.0,,200.1922184870827,214.0025671654689
25.0,2025-11-03,21.0,,158.6975311166978,147.24295771346465
25.0,2025-11-03,22.0,,97.61194617740821,87.58804422304719
25.0,2025-11-03,23.0,,8.765767472850598,0.0
26.0,2025-11-03,0.0,,14.780131450300773,19.133881499498262
26.0,2025-11-03,1.0,,0.0,0.0
26.0,2025-11-03,2.0,,2.802479187359455e-34,0.0
26.0,2025-11-03,3.0,,2.802479187359455e-34,0.0
26.0,2025-11-03,4.0,,0.0,0.0
26.0,2025-11-03,5.0,,18.045720778487453,16.8539179366823
26.0,2025-11-03,6.0,,163.7956270268597,196.4911479668348
26.0,2025-11-03,7.0,,526.0283996830457,451.94416606677544
26.0,2025-11-03,8.0,,632.5160473822517,701.9575575132245
26.0,2025-11-03,9.0,,481.87838830692255,455.02052687385793
26.0,2025-11-03,10.0,,546.7890464769534,579.9875506648235
26.0,2025-11-03,11.0,,680.7373323772642,738.0245013500157
26.0,2025-11-03,12.0,,687.1910678731881,746.2983227449647
26.0,2025-11-03,13.0,,738.2845621831724,761.1969801480114
26.0,2025-11-03,14.0,,757.2828712509804,778.286490196912
26.0,2025-11-03,15.0,,704.9189141881991,722.847461991296
26.0,2025-11-03,16.0,,741.9798133863709,800.7046211432278
26.0,2025-11-03,17.0,,751.7442706485859,821.9927272447145
26.0,2025-11-03,18.0,,694.9643734381043,725.4934094700533
26.0,2025-11-03,19.0,,541.2861420967113,576.2785764291707
26.0,2025-11-03,20.0,,413.13707752680637,395.9458365952563
26.0,2025-11-03,21.0,,311.930507188163,310.819798634627
26.0,2025-11-03,22.0,,215.23383366861847,199.88025856674219
26.0,2025-11-03,23.0,,107.90970446544921,99.18175816062124
28.0,2025-11-03,0.0,,1.1027439654455586,2.598117033032248e-10
28.0,2025-11-03,1.0,,2.802479187359455e-34,0.0
28.0,2025-11-03,2.0,,2.802479187359455e-34,0.0
28.0,2025-11-03,3.0,,2.802479187359455e-34,0.0
28.0,2025-11-03,4.0,,0.0,0.0
28.0,2025-11-03,5.0,,28.649223746513467,14.655416267399982
28.0,2025-11-03,6.0,,61.8540021856623,89.33984979660828
28.0,2025-11-03,7.0,,375.6209420267102,529.946447028021
28.0,2025-11-03,8.0,,382.71843941324784,588.7871992733094
28.0,2025-11-03,9.0,,395.8905325996031,573.4137116799371
28.0,2025-11-03,10.0,,392.68810569804856,402.1580411989496
28.0,2025-11-03,11.0,,389.8598628135679,426.3819155087007
28.0,2025-11-03,12.0,,446.5854269336007,423.2060013635184
28.0,2025-11-03,13.0,,467.1394479749485,469.76927400788475
28.0,2025-11-03,14.0,,445.8224846756557,448.40732949938706
28.0,2025-11-03,15.0,,451.15155331894636,450.80065117467126
28.0,2025-11-03,16.0,,469.04814926651324,471.03761782921976
28.0,2025-11-03,17.0,,449.64082969085035,617.3786004248983
28.0,2025-11-03,18.0,,406.1063751112554,619.1389894335866
28.0,2025-11-03,19.0,,404.70955085368837,509.8822084270091
28.0,2025-11-03,20.0,,251.13213198202087,253.25330809477336
28.0,2025-11-03,21.0,,227.88543094755926,207.0026608372719
28.0,2025-11-03,22.0,,98.47159681608638,88.93803185841031
28.0,2025-11-03,23.0,,9.91336936196916,6.7923536898989445
50.0,2025-11-03,0.0,,6.397135280556421,0.0
50.0,2025-11-03,1.0,,0.0,0.0
50.0,2025-11-03,2.0,,0.0,2.598117033032248e-10
50.0,2025-11-03,3.0,,2.802479187359455e-34,0.0
50.0,2025-11-03,4.0,,0.0,0.0
50.0,2025-11-03,5.0,,25.111699507117713,10.158675289108647
50.0,2025-11-03,6.0,,226.70603591449668,186.5868074149454
50.0,2025-11-03,7.0,,563.2278451901474,664.4358526989349
50.0,2025-11-03,8.0,,600.6213898476327,619.3541155652885
50.0,2025-11-03,9.0,,616.6918492296601,590.9788194362845
50.0,2025-11-03,10.0,,546.1743444484277,583.1849655603367
50.0,2025-11-03,11.0,,603.671221583119,645.9542105986762
50.0,2025-11-03,12.0,,687.9454431714321,685.7868587539173
50.0,2025-11-03,13.0,,790.5073441419072,766.7097264261746
50.0,2025-11-03,14.0,,759.5116351116999,780.4335133971011
50.0,2025-11-03,15.0,,726.216933093223,753.176794519156
50.0,2025-11-03,16.0,,782.5370995173861,771.6409510405123
50.0,2025-11-03,17.0,,814.3034173103775,842.7798985929984
50.0,2025-11-03,18.0,,752.9457146966438,720.2550006960514
50.0,2025-11-03,19.0,,560.5605353723373,610.2025618242733
50.0,2025-11-03,20.0,,452.143308038562,500.81096129134454
50.0,2025-11-03,21.0,,416.5385463293026,390.4888555346058
50.0,2025-11-03,22.0,,170.3543348963678,181.87123126566408
50.0,2025-11-03,23.0,,106.30212221659623,122.3108224219385
1.0,2025-11-04,0.0,,0.0,0.0
1.0,2025-11-04,1.0,,2.802479187359455e-34,0.0
1.0,2025-11-04,2.0,,2.802479187359455e-34,0.0
1.0,2025-11-04,3.0,,2.802479187359455e-34,0.0
1.0,2025-11-04,4.0,,0.0,0.0
1.0,2025-11-04,5.0,,63.85761744118574,38.1990958395528
1.0,2025-11-04,6.0,,163.7030024958037,147.74549522992046
1.0,2025-11-04,7.0,,411.2621720295891,470.568131757513
1.0,2025-11-04,8.0,,501.6674125529615,548.2479440978519
1.0,2025-11-04,9.0,,490.34755897401124,540.3107163815824
1.0,2025-11-04,10.0,,466.2132997537924,512.2171436176242
1.0,2025-11-04,11.0,,492.4200069751028,556.2079135565399
1.0,2025-11-04,12.0,,597.2533385622413,689.5718411195157
1.0,2025-11-04,13.0,,560.0152978576664,706.5796305515914
1.0,2025-11-04,14.0,,596.798041558714,726.4990781554459
1.0,2025-11-04,15.0,,581.9801432432396,689.5553462811556
1.0,2025-11-04,16.0,,556.1152994468201,592.431607362093
1.0,2025-11-04,17.0,,638.9628667160705,602.8766250606584
1.0,2025-11-04,18.0,,584.652365555792,580.0610259670793
1.0,2025-11-04,19.0,,427.2568738320178,467.1527985602003
1.0,2025-11-04,20.0,,375.64255881913084,441.6846454388665
1.0,2025-11-04,21.0,,409.12338216381096,373.7189703585539
1.0,2025-11-04,22.0,,113.98006443359456,144.57981500786505
1.0,2025-11-04,23.0,,47.6056368039912,40.213885598345634
5.0,2025-11-04,0.0,,0.0,0.0
5.0,2025-11-04,1.0,,0.0,0.0
5.0,2025-11-04,2.0,,0.0,0.0
5.0,2025-11-04,3.0,,0.0,0.0
5.0,2025-11-04,4.0,,0.0,0.0
5.0,2025-11-04,5.0,,0.0,0.0
5.0,2025-11-04,6.0,,0.0,0.0
5.0,2025-11-04,7.0,,0.0,0.0
5.0,2025-11-04,8.0,,0.0,0.0
5.0,2025-11-04,9.0,,0.0,0.0
5.0,2025-11-04,10.0,,0.0,0.0
5.0,2025-11-04,11.0,,0.0,0.0
5.0,2025-11-04,12.0,,0.0,0.0
5.0,2025-11-04,13.0,,0.0,0.0
5.0,2025-11-04,14.0,,0.0,0.0
5.0,2025-11-04,15.0,,0.0,0.0
5.0,2025-11-04,16.0,,0.0,0.0
5.0,2025-11-04,17.0,,0.0,0.0
5.0,2025-11-04,18.0,,0.0,0.0
5.0,2025-11-04,19.0,,0.0,0.0
5.0,2025-11-04,20.0,,0.0,0.0
5.0,2025-11-04,21.0,,0.0,0.0
5.0,2025-11-04,22.0,,0.0,0.0
5.0,2025-11-04,23.0,,0.0,0.0
7.0,2025-11-04,0.0,,63.916730408127485,59.45803461000136
7.0,2025-11-04,1.0,,6.812920729261555,0.0
7.0,2025-11-04,2.0,,2.802479187359455e-34,0.0
7.0,2025-11-04,3.0,,2.802479187359455e-34,0.0
7.0,2025-11-04,4.0,,1.196633756630914,0.0
7.0,2025-11-04,5.0,,105.58864953841105,67.5000360332659
7.0,2025-11-04,6.0,,372.83962215755645,333.7105654185293
7.0,2025-11-04,7.0,,593.7621298501205,761.7774780844504
7.0,2025-11-04,8.0,,565.2278109079743,642.3120640760287
7.0,2025-11-04,9.0,,661.3675637377052,763.0798364908243
7.0,2025-11-04,10.0,,643.8334455710877,793.1866689045087
7.0,2025-11-04,11.0,,835.468226700176,969.5406386152648
7.0,2025-11-04,12.0,,984.8183760749365,965.787640919086
7.0,2025-11-04,13.0,,1072.663744337449,1082.9386809536616
7.0,2025-11-04,14.0,,1093.6608131417943,1195.107836579051
7.0,2025-11-04,15.0,,1079.2931349088387,1142.3334832645673
7.0,2025-11-04,16.0,,1019.7025178136198,1077.5807239616115
7.0,2025-11-04,17.0,,1133.477648582366,1131.2502369530273
7.0,2025-11-04,18.0,,1049.92897776348,1033.360487510319
7.0,2025-11-04,19.0,,827.2032536803922,914.3006406068835
7.0,2025-11-04,20.0,,591.0603092322576,656.4749184050975
7.0,2025-11-04,21.0,,486.8750046363234,476.6144694664926
7.0,2025-11-04,22.0,,191.9138910078922,165.12305594000344
7.0,2025-11-04,23.0,,190.49656374962055,167.30346736479555
11.0,2025-11-04,0.0,,81.5615454613946,85.0768352083743
11.0,2025-11-04,1.0,,0.0,0.0
11.0,2025-11-04,2.0,,2.802479187359455e-34,0.0
11.0,2025-11-04,3.0,,2.802479187359455e-34,0.0
11.0,2025-11-04,4.0,,0.6387383233588867,0.0
11.0,2025-11-04,5.0,,150.91753357904338,126.8924618632214
11.0,2025-11-04,6.0,,622.5848297871534,634.9067325187103
11.0,2025-11-04,7.0,,825.6195226066518,840.5253703364028
11.0,2025-11-04,8.0,,1019.1669639565167,902.6036379658063
11.0,2025-11-04,9.0,,974.7497643996475,867.9298704573276
11.0,2025-11-04,10.0,,1032.878878598219,1033.4553244205183
11.0,2025-11-04,11.0,,1330.0957220208747,1324.5042269423739
11.0,2025-11-04,12.0,,1361.2272113220572,1438.0559307459682
11.0,2025-11-04,13.0,,1393.2533732583693,1326.6896931161566
11.0,2025-11-04,14.0,,1491.3585586274398,1306.8107686247363
11.0,2025-11-04,15.0,,1519.5399961365497,1505.5119436354662
11.0,2025-11-04,16.0,,1517.32153588821,1453.0527813727135
11.0,2025-11-04,17.0,,1640.7957158449583,1557.5624054011475
11.0,2025-11-04,18.0,,1495.8657509514828,1347.0350520312184
11.0,2025-11-04,19.0,,1226.9670685747415,1174.8365323846558
11.0,2025-11-04,20.0,,916.0498731932648,854.977758414562
11.0,2025-11-04,21.0,,636.6629446325328,624.6679983750568
11.0,2025-11-04,22.0,,354.11036709109595,326.7437609537059
11.0,2025-11-04,23.0,,228.62130660719612,228.16066307787165
12.0,2025-11-04,0.0,,69.66944878324144,60.482586441593526
12.0,2025-11-04,1.0,,3.987667008255988,0.0
12.0,2025-11-04,2.0,,2.802479187359455e-34,0.0
12.0,2025-11-04,3.0,,2.802479187359455e-34,0.0
12.0,2025-11-04,4.0,,0.0,0.0
12.0,2025-11-04,5.0,,150.32176964572548,147.62949914649488
12.0,2025-11-04,6.0,,585.6068037789664,502.4570891751032
12.0,2025-11-04,7.0,,940.2933632747092,892.4671299908874
12.0,2025-11-04,8.0,,1102.5569667643897,930.2961348314725
12.0,2025-11-04,9.0,,1056.0668977207126,877.5830602017581
12.0,2025-11-04,10.0,,1181.060392470131,1141.2159384149202
12.0,2025-11-04,11.0,,1338.5487466097798,1275.4149192985208
12.0,2025-11-04,12.0,,1274.475218084475,1255.6355251062378
12.0,2025-11-04,13.0,,1364.2216161791807,1380.2740674089293
12.0,2025-11-04,14.0,,1393.6957909549594,1291.783218561491
12.0,2025-11-04,15.0,,1429.9612802268155,1290.302607801495
12.0,2025-11-04,16.0,,1556.1566512183538,1487.0233103759704
12.0,2025-11-04,17.0,,1525.916572290161,1507.9312739139498
12.0,2025-11-04,18.0,,1397.983505912702,1342.2425458926637
12.0,2025-11-04,19.0,,1098.523572434678,1077.2582289355348
12.0,2025-11-04,20.0,,779.2127065165311,760.1730309462379
12.0,2025-11-04,21.0,,587.482290682258,629.5010918983589
12.0,2025-11-04,22.0,,407.01458248782103,379.9652428534543
12.0,2025-11-04,23.0,,141.21629661780798,120.76825040706895
17.0,2025-11-04,0.0,,155.80821516883015,134.31175731787863
17.0,2025-11-04,1.0,,18.20411114691163,19.892895336234766
17.0,2025-11-04,2.0,,2.802479187359455e-34,0.0
17.0,2025-11-04,3.0,,2.802479187359455e-34,0.0
17.0,2025-11-04,4.0,,6.497315925854946,0.0
17.0,2025-11-04,5.0,,97.96736733396978,81.31508583402923
17.0,2025-11-04,6.0,,423.3065570906401,596.7790560021463
17.0,2025-11-04,7.0,,1614.0916077572183,1227.4113246477928
17.0,2025-11-04,8.0,,3083.430541092323,2368.0594475677085
17.0,2025-11-04,9.0,,1856.995983206158,1601.113256749475
17.0,2025-11-04,10.0,,1752.96875022489,1994.443923992475
17.0,2025-11-04,11.0,,2194.1931797056322,2205.494813351868
17.0,2025-11-04,12.0,,2255.3787738689534,2126.9095337649505
17.0,2025-11-04,13.0,,2286.088017473844,2248.6325068159135
17.0,2025-11-04,14.0,,2469.064330345113,2472.9564165358406
17.0,2025-11-04,15.0,,2510.543303663849,2617.3159430837386
17.0,2025-11-04,16.0,,2732.6916354636755,2634.0029219811104
17.0,2025-11-04,17.0,,3233.417040570479,2849.5246542982322
17.0,2025-11-04,18.0,,3390.6357772109536,2898.4661057666367
17.0,2025-11-04,19.0,,2045.0991154233059,2203.3650562227976
17.0,2025-11-04,20.0,,1551.94851702169,1809.7264533208913
17.0,2025-11-04,21.0,,1185.2509496530936,1174.4690084496121
17.0,2025-11-04,22.0,,701.8882919512115,703.8219503806657
17.0,2025-11-04,23.0,,303.28376792629786,334.8500130842325
25.0,2025-11-04,0.0,,1.1755787775431554,0.0
25.0,2025-11-04,1.0,,2.802479187359455e-34,0.0
25.0,2025-11-04,2.0,,2.802479187359455e-34,0.0
25.0,2025-11-04,3.0,,2.802479187359455e-34,0.0
25.0,2025-11-04,4.0,,2.802479187359455e-34,0.0
25.0,2025-11-04,5.0,,11.513376752778118,0.0
25.0,2025-11-04,6.0,,103.80643682581903,61.59144755398668
25.0,2025-11-04,7.0,,257.1555007622653,241.63178279259702
25.0,2025-11-04,8.0,,351.4970226310065,365.73493343460666
25.0,2025-11-04,9.0,,203.4791816921536,199.7937380987321
25.0,2025-11-04,10.0,,194.99431886408294,195.49833123872344
25.0,2025-11-04,11.0,,255.15523179983657,268.30023629842805
25.0,2025-11-04,12.0,,285.23556835882505,309.0142620603931
25.0,2025-11-04,13.0,,384.1189917201318,397.43295773380163
25.0,2025-11-04,14.0,,400.2649123727921,374.9435304439215
25.0,2025-11-04,15.0,,475.6075646488305,508.4790259017079
25.0,2025-11-04,16.0,,488.84589281080554,499.43141078704355
25.0,2025-11-04,17.0,,518.3570296764997,520.9468663452608
25.0,2025-11-04,18.0,,478.83044617513457,495.8497998884047
25.0,2025-11-04,19.0,,325.13344078024613,351.4779070984719
25.0,2025-11-04,20.0,,216.1198112334524,216.95121002531394
25.0,2025-11-04,21.0,,172.5207050211697,154.34281664579595
25.0,2025-11-04,22.0,,99.80793866355609,90.22478579043361
25.0,2025-11-04,23.0,,17.553893976675923,2.3213126000207502
26.0,2025-11-04,0.0,,15.207095709519615,27.161288727119246
26.0,2025-11-04,1.0,,15.954098099462065,2.919312125316572
26.0,2025-11-04,2.0,,2.802479187359455e-34,0.0
26.0,2025-11-04,3.0,,2.802479187359455e-34,0.0
26.0,2025-11-04,4.0,,0.0,0.0
26.0,2025-11-04,5.0,,18.210503276909133,13.03875611765762
26.0,2025-11-04,6.0,,180.16268796783888,191.36104550638078
26.0,2025-11-04,7.0,,527.3226891250118,444.4756757323507
26.0,2025-11-04,8.0,,648.905424041891,685.419701255364
26.0,2025-11-04,9.0,,477.31425175894066,457.579321503666
26.0,2025-11-04,10.0,,533.4010716907044,554.1983748182944
26.0,2025-11-04,11.0,,676.2649495981041,717.248635028726
26.0,2025-11-04,12.0,,682.3752729683482,713.6435229738912
26.0,2025-11-04,13.0,,732.1502274005541,758.5367672443367
26.0,2025-11-04,14.0,,758.8825001747937,779.0828366334514
26.0,2025-11-04,15.0,,762.9837853453322,747.3701357998218
26.0,2025-11-04,16.0,,733.894167174805,777.3173942931966
26.0,2025-11-04,17.0,,750.0984725948567,805.1391000144283
26.0,2025-11-04,18.0,,686.0964681997287,710.5997816376135
26.0,2025-11-04,19.0,,547.5086453126329,588.645904197645
26.0,2025-11-04,20.0,,420.16211576404856,402.51340605931057
26.0,2025-11-04,21.0,,322.8306207981245,310.34416893506943
26.0,2025-11-04,22.0,,242.53359798742062,223.71077430109415
26.0,2025-11-04,23.0,,114.48577787881007,109.96397336943818
28.0,2025-11-04,0.0,,1.1027439654455586,2.598117033032248e-10
28.0,2025-11-04,1.0,,2.802479187359455e-34,0.0
28.0,2025-11-04,2.0,,2.802479187359455e-34,0.0
28.0,2025-11-04,3.0,,2.802479187359455e-34,0.0
28.0,2025-11-04,4.0,,0.0,0.0
28.0,2025-11-04,5.0,,33.036217513975465,16.95178644155527
28.0,2025-11-04,6.0,,72.15706826974731,91.12468236161581
28.0,2025-11-04,7.0,,376.7649369442579,518.8472460397677
28.0,2025-11-04,8.0,,390.55515997046166,578.1947329357005
28.0,2025-11-04,9.0,,385.20455143199143,561.6242715398289
28.0,2025-11-04,10.0,,395.73774452249535,392.15139430592063
28.0,2025-11-04,11.0,,397.8150326582181,426.7707481790412
28.0,2025-11-04,12.0,,462.21740891324276,419.22395704979897
28.0,2025-11-04,13.0,,480.1117775949368,474.3124024998934
28.0,2025-11-04,14.0,,474.15763307096773,477.47326324751054
28.0,2025-11-04,15.0,,473.36488877431407,477.18744831071274
28.0,2025-11-04,16.0,,482.64123684863955,486.4334552033073
28.0,2025-11-04,17.0,,466.7335099909336,638.0206550914564
28.0,2025-11-04,18.0,,434.7610632952033,642.1413105270815
28.0,2025-11-04,19.0,,423.05022269090364,516.3410076772599
28.0,2025-11-04,20.0,,271.3120112641924,250.64711976244124
28.0,2025-11-04,21.0,,244.6124510211444,223.64325193206042
28.0,2025-11-04,22.0,,108.85578679479322,103.46730098424385
28.0,2025-11-04,23.0,,13.365630876561085,19.57954637586209
50.0,2025-11-04,0.0,,13.405233483624173,15.540201713076787
50.0,2025-11-04,1.0,,8.348040854999653,0.0
50.0,2025-11-04,2.0,,0.0,2.598117033032248e-10
50.0,2025-11-04,3.0,,2.802479187359455e-34,0.0
50.0,2025-11-04,4.0,,0.0,0.0
50.0,2025-11-04,5.0,,31.443719132936415,9.537320016319086
50.0,2025-11-04,6.0,,243.59397650573365,190.36855388527115
50.0,2025-11-04,7.0,,554.4431804256066,658.9467713381831
50.0,2025-11-04,8.0,,603.2551161988673,599.1457772996685
50.0,2025-11-04,9.0,,608.5710596336547,589.7126631500458
50.0,2025-11-04,10.0,,544.033308392009,591.0383713841488
50.0,2025-11-04,11.0,,610.4107754311784,635.9246111827568
50.0,2025-11-04,12.0,,681.6903403656476,674.201807315696
50.0,2025-11-04,13.0,,790.8166565176084,749.251255382081
50.0,2025-11-04,14.0,,794.9289241971718,791.633916073894
50.0,2025-11-04,15.0,,736.4177076630405,753.1269651497649
50.0,2025-11-04,16.0,,788.0626752946163,778.709879686704
50.0,2025-11-04,17.0,,829.5207351085376,832.3441549968394
50.0,2025-11-04,18.0,,762.4788231813021,734.749740718877
50.0,2025-11-04,19.0,,558.9636992532197,627.2944214573874
50.0,2025-11-04,20.0,,453.3107360034699,507.46327728763845
50.0,2025-11-04,21.0,,419.3507406264336,388.52752733807336
50.0,2025-11-04,22.0,,190.2081970479715,191.9074356828138
50.0,2025-11-04,23.0,,106.75572197351724,131.49114683268297
1.0,2025-11-05,0.0,,1.8760406082650212,7.570362716568104
1.0,2025-11-05,1.0,,2.802479187359455e-34,1.447035802134026
1.0,2025-11-05,2.0,,2.802479187359455e-34,3.0392739220755733
1.0,2025-11-05,3.0,,2.802479187359455e-34,2.0805899846879425
1.0,2025-11-05,4.0,,8.356859581000744,8.956939087595153
1.0,2025-11-05,5.0,,124.64533839244235,123.70997776660433
1.0,2025-11-05,6.0,,483.4487236581787,487.94372331373364
1.0,2025-11-05,7.0,,1433.5698690246077,1454.7334069552894
1.0,2025-11-05,8.0,,1817.5920542171539,1856.2155796463278
1.0,2025-11-05,9.0,,1418.9170571231773,1451.345203241679
1.0,2025-11-05,10.0,,1284.2400577481037,1285.2072567936784
1.0,2025-11-05,11.0,,1292.6313037745858,1289.0913709811496
1.0,2025-11-05,12.0,,1385.4376286199893,1306.9922075569104
1.0,2025-11-05,13.0,,1392.0395987228253,1413.0578630005905
1.0,2025-11-05,14.0,,1374.353617764525,1304.7664223287447
1.0,2025-11-05,15.0,,1474.3911325122442,1438.0135130748502
1.0,2025-11-05,16.0,,1469.3935247351756,1501.359854822191
1.0,2025-11-05,17.0,,1756.7594736909687,1739.2407905376594
1.0,2025-11-05,18.0,,1786.2140202861638,1736.7147857564144
1.0,2025-11-05,19.0,,1376.2154785698178,1326.5268798862298
1.0,2025-11-05,20.0,,836.7122429915586,815.1113178831218
1.0,2025-11-05,21.0,,451.62794738344775,442.7601363455771
1.0,2025-11-05,22.0,,174.43831199373324,187.0738696074069
1.0,2025-11-05,23.0,,29.68292513322996,24.443830843977562
5.0,2025-11-05,0.0,,0.0,0.0
5.0,2025-11-05,1.0,,0.0,0.0
5.0,2025-11-05,2.0,,0.0,0.0
5.0,2025-11-05,3.0,,0.0,0.0
5.0,2025-11-05,4.0,,0.0,0.0
5.0,2025-11-05,5.0,,0.0,0.0
5.0,2025-11-05,6.0,,0.0,0.0
5.0,2025-11-05,7.0,,0.0,0.0
5.0,2025-11-05,8.0,,0.0,0.0
5.0,2025-11-05,9.0,,0.0,0.0
5.0,2025-11-05,10.0,,0.0,0.0
5.0,2025-11-05,11.0,,0.0,0.0
5.0,2025-11-05,12.0,,0.0,0.0
5.0,2025-11-05,13.0,,0.0,0.0
5.0,2025-11-05,14.0,,0.0,0.0
5.0,2025-11-05,15.0,,0.0,0.0
5.0,2025-11-05,16.0,,0.0,0.0
5.0,2025-11-05,17.0,,0.0,0.0
5.0,2025-11-05,18.0,,0.0,0.0
5.0,2025-11-05,19.0,,0.0,0.0
5.0,2025-11-05,20.0,,0.0,0.0
5.0,2025-11-05,21.0,,0.0,0.0
5.0,2025-11-05,22.0,,0.0,0.0
5.0,2025-11-05,23.0,,0.0,0.0
7.0,2025-11-05,0.0,,68.26438692519885,65.53658255880647
7.0,2025-11-05,1.0,,12.544849886743997,7.904902478789956
7.0,2025-11-05,2.0,,2.802479187359455e-34,0.0
7.0,2025-11-05,3.0,,2.802479187359455e-34,0.0
7.0,2025-11-05,4.0,,8.940794684571705,0.0
7.0,2025-11-05,5.0,,202.99860705561505,189.85105787265474
7.0,2025-11-05,6.0,,655.0722716643414,694.0261547061498
7.0,2025-11-05,7.0,,1568.289094509307,1600.4618020770652
7.0,2025-11-05,8.0,,2516.229946198804,2524.9180551615445
7.0,2025-11-05,9.0,,1797.615864532242,1768.9098264008674
7.0,2025-11-05,10.0,,1630.4536815249246,1571.1598540990547
7.0,2025-11-05,11.0,,1493.7065999077538,1494.2781521146082
7.0,2025-11-05,12.0,,1604.724345450299,1576.981175832877
7.0,2025-11-05,13.0,,1596.5175126864697,1658.9604315072997
7.0,2025-11-05,14.0,,1682.0748915626248,1715.5770924761582
7.0,2025-11-05,15.0,,1786.947563540443,1806.9450075954012
7.0,2025-11-05,16.0,,1848.9000423636107,1882.076619923244
7.0,2025-11-05,17.0,,2346.985684631596,2248.7751594344327
7.0,2025-11-05,18.0,,2601.1934008110225,2539.5348866669456
7.0,2025-11-05,19.0,,1744.3730992338883,1628.5585569017396
7.0,2025-11-05,20.0,,1110.8536047866805,1024.5750181818921
7.0,2025-11-05,21.0,,605.1655858573645,599.8504142060051
7.0,2025-11-05,22.0,,192.6453865579712,194.76752149806813
7.0,2025-11-05,23.0,,157.0394260457449,144.7421798745132
11.0,2025-11-05,0.0,,81.11349660673463,76.53268520064317
11.0,2025-11-05,1.0,,6.92786065319435,4.7471111595625946
11.0,2025-11-05,2.0,,2.802479187359455e-34,4.748478639105442
11.0,2025-11-05,3.0,,2.802479187359455e-34,2.142392579399374
11.0,2025-11-05,4.0,,4.770719539156902,4.131776938512053
11.0,2025-11-05,5.0,,260.834533759909,246.48978890491415
11.0,2025-11-05,6.0,,1301.099137640044,1303.5810387464633
11.0,2025-11-05,7.0,,2369.41590662762,2347.9824398957567
11.0,2025-11-05,8.0,,3182.9740504283004,3092.8771756842316
11.0,2025-11-05,9.0,,2370.856594318791,2366.183651282477
11.0,2025-11-05,10.0,,1813.1636550131464,1840.4137208537304
11.0,2025-11-05,11.0,,1895.1866223185718,1915.4802439422017
11.0,2025-11-05,12.0,,1898.964636919157,1848.0031961096845
11.0,2025-11-05,13.0,,2008.0828220602523,1930.7734950360316
11.0,2025-11-05,14.0,,2005.9359330059299,2022.9251305949892
11.0,2025-11-05,15.0,,2061.9180606730843,2022.627455658223
11.0,2025-11-05,16.0,,2219.2382311873785,2178.1575471343162
11.0,2025-11-05,17.0,,2805.4889800697474,2741.504698884567
11.0,2025-11-05,18.0,,3061.639874980779,2998.745157487952
11.0,2025-11-05,19.0,,2269.5845977765084,2265.4085890166316
11.0,2025-11-05,20.0,,1480.5455592894075,1439.8536128817213
11.0,2025-11-05,21.0,,846.6432946101347,783.0610655918298
11.0,2025-11-05,22.0,,373.91094150279764,344.38113563250636
11.0,2025-11-05,23.0,,209.2347658879328,201.172399183404
12.0,2025-11-05,0.0,,61.73121694970839,65.89928894649475
12.0,2025-11-05,1.0,,7.78039288893596,2.6021721442327035
12.0,2025-11-05,2.0,,2.802479187359455e-34,3.0592445464233964
12.0,2025-11-05,3.0,,2.802479187359455e-34,2.443895600395619
12.0,2025-11-05,4.0,,10.590789299596434,0.11770443116190593
12.0,2025-11-05,5.0,,306.7903354346309,313.55961399857125
12.0,2025-11-05,6.0,,1327.4785610869615,1363.1251831892282
12.0,2025-11-05,7.0,,2701.170777672618,2630.7459901775915
12.0,2025-11-05,8.0,,3521.224826161013,3468.182725613964
12.0,2025-11-05,9.0,,2493.666679785107,2380.050738726578
12.0,2025-11-05,10.0,,2024.0889070356995,1996.1385168431748
12.0,2025-11-05,11.0,,1983.1605509753163,1887.4211074885905
12.0,2025-11-05,12.0,,2101.8781158850406,2046.959231167768
12.0,2025-11-05,13.0,,2083.974121292804,2109.915105778176
12.0,2025-11-05,14.0,,1996.7801295629722,1978.6542055635107
12.0,2025-11-05,15.0,,2265.7291080878267,2199.0513307136252
12.0,2025-11-05,16.0,,2761.6053747435476,2675.7973820761913
12.0,2025-11-05,17.0,,3065.835393345378,3025.9448709252715
12.0,2025-11-05,18.0,,3201.9397773630926,3069.9673962763018
12.0,2025-11-05,19.0,,2470.2490592780146,2379.557722788396
12.0,2025-11-05,20.0,,1546.1877816593383,1500.0612479502267
12.0,2025-11-05,21.0,,942.9800511702708,928.7804823737682
12.0,2025-11-05,22.0,,435.481938879397,426.87793304053054
12.0,2025-11-05,23.0,,221.79361902938922,201.23287653943123
17.0,2025-11-05,0.0,,130.88556520303925,127.80905278679457
17.0,2025-11-05,1.0,,25.11025520934589,14.600830587929197
17.0,2025-11-05,2.0,,2.802479187359455e-34,3.0247504717245226
17.0,2025-11-05,3.0,,2.802479187359455e-34,1.772522472849268
17.0,2025-11-05,4.0,,31.752239274902312,26.120973602431757
17.0,2025-11-05,5.0,,283.1144894915667,299.67667128121735
17.0,2025-11-05,6.0,,1460.0664948966785,1484.4185240484403
17.0,2025-11-05,7.0,,3975.1956025218187,3939.413593629757
17.0,2025-11-05,8.0,,5234.7812624603985,5236.666891032205
17.0,2025-11-05,9.0,,3820.879280941246,3700.6908030602
17.0,2025-11-05,10.0,,3009.6864992872847,2954.0930764552318
17.0,2025-11-05,11.0,,2948.9025954512385,3026.4608652891247
17.0,2025-11-05,12.0,,3005.5230911539434,2976.6387663118458
17.0,2025-11-05,13.0,,3068.542021362028,3060.9866858416985
17.0,2025-11-05,14.0,,3145.8158034926005,3106.3527196691316
17.0,2025-11-05,15.0,,3266.843474269114,3274.775064907613
17.0,2025-11-05,16.0,,3659.5545174855583,3616.736441610751
17.0,2025-11-05,17.0,,4481.99362959179,4409.570624557427
17.0,2025-11-05,18.0,,4769.157196133295,4786.487813209549
17.0,2025-11-05,19.0,,3371.918368147915,3416.1577470995403
17.0,2025-11-05,20.0,,2310.473058789955,2289.7975824873365
17.0,2025-11-05,21.0,,1425.8333054912234,1434.3316767644935
17.0,2025-11-05,22.0,,723.4217643707964,700.9349572059433
17.0,2025-11-05,23.0,,318.8799552571238,335.42136988226457
25.0,2025-11-05,0.0,,2.6216263899178536,7.016929735737805
25.0,2025-11-05,1.0,,2.802479187359455e-34,3.183310956007881
25.0,2025-11-05,2.0,,2.802479187359455e-34,2.5545735359436224
25.0,2025-11-05,3.0,,2.802479187359455e-34,1.3023455370683688
25.0,2025-11-05,4.0,,2.802479187359455e-34,0.0
25.0,2025-11-05,5.0,,15.898638872216301,5.3022705262322285
25.0,2025-11-05,6.0,,207.29312975893228,194.40162138876028
25.0,2025-11-05,7.0,,510.8072202338986,518.1694240855991
25.0,2025-11-05,8.0,,837.1627602219628,832.6537265221665
25.0,2025-11-05,9.0,,423.74180767520147,427.56591830799573
25.0,2025-11-05,10.0,,335.72659769281415,325.76785775299044
25.0,2025-11-05,11.0,,356.9339522746509,374.96569703266357
25.0,2025-11-05,12.0,,366.6673004459602,386.3610927155846
25.0,2025-11-05,13.0,,482.1301144016894,499.8226087906486
25.0,2025-11-05,14.0,,423.6064415606608,418.3314254996213
25.0,2025-11-05,15.0,,500.11995795391397,538.7014136251162
25.0,2025-11-05,16.0,,632.3614437604788,674.8556173228651
25.0,2025-11-05,17.0,,692.3586045441608,706.8883626060265
25.0,2025-11-05,18.0,,735.4386784266693,772.742377263099
25.0,2025-11-05,19.0,,468.50319071356074,499.28245797896415
25.0,2025-11-05,20.0,,283.6061065397656,295.1656248765443
25.0,2025-11-05,21.0,,173.95261007037874,172.89568471418588
25.0,2025-11-05,22.0,,85.89583135636637,87.63007317633664
25.0,2025-11-05,23.0,,0.0,0.0
26.0,2025-11-05,0.0,,30.812857055338906,39.429680781614856
26.0,2025-11-05,1.0,,14.011984841835801,0.0
26.0,2025-11-05,2.0,,2.802479187359455e-34,0.0
26.0,2025-11-05,3.0,,2.802479187359455e-34,1.9682817086812567
26.0,2025-11-05,4.0,,0.943169736999874,0.9136188603679851
26.0,2025-11-05,5.0,,85.34874926909973,75.59784741441179
26.0,2025-11-05,6.0,,468.45674509643095,448.43919848103616
26.0,2025-11-05,7.0,,1038.8299002943504,1027.9660129942451
26.0,2025-11-05,8.0,,2114.402924934091,2055.4597233772447
26.0,2025-11-05,9.0,,1456.0106072417393,1393.8715747564581
26.0,2025-11-05,10.0,,1203.1728676714195,1196.3243758392248
26.0,2025-11-05,11.0,,1104.8758736653663,1053.2497297213536
26.0,2025-11-05,12.0,,1154.981904952316,1114.6044122769104
26.0,2025-11-05,13.0,,1220.8083273698173,1189.7971841237581
26.0,2025-11-05,14.0,,1278.3510436671565,1244.688570298655
26.0,2025-11-05,15.0,,1330.5848936042487,1247.1895727058106
26.0,2025-11-05,16.0,,1501.7500013979334,1456.4214466902013
26.0,2025-11-05,17.0,,1646.5772712468458,1609.3736944862985
26.0,2025-11-05,18.0,,1785.3232605096614,1788.6351778915134
26.0,2025-11-05,19.0,,1258.6379324720256,1189.4323271069832
26.0,2025-11-05,20.0,,737.9157935736941,712.254038212064
26.0,2025-11-05,21.0,,442.1815419667389,439.68470928560043
26.0,2025-11-05,22.0,,196.61327953214723,184.87036565869835
26.0,2025-11-05,23.0,,111.7056232796071,90.14428674677288
28.0,2025-11-05,0.0,,1.1027439654455586,2.598117033032248e-10
28.0,2025-11-05,1.0,,2.802479187359455e-34,0.0
28.0,2025-11-05,2.0,,2.802479187359455e-34,3.3141234090166085
28.0,2025-11-05,3.0,,2.802479187359455e-34,0.0
28.0,2025-11-05,4.0,,8.478747472047168,0.6482094165298672
28.0,2025-11-05,5.0,,68.84675482929681,68.05794046985834
28.0,2025-11-05,6.0,,228.1813425926286,230.31123012702767
28.0,2025-11-05,7.0,,713.7654322660094,742.5536583242784
28.0,2025-11-05,8.0,,1174.1550282554092,1153.2199988922382
28.0,2025-11-05,9.0,,812.1431485045805,806.5010092241341
28.0,2025-11-05,10.0,,594.8408572431343,605.1783610536022
28.0,2025-11-05,11.0,,561.0154351273769,530.8748189364485
28.0,2025-11-05,12.0,,667.0402856189229,671.8171034465759
28.0,2025-11-05,13.0,,677.4625727818955,689.2998262311302
28.0,2025-11-05,14.0,,638.2091127164359,642.6609305582209
28.0,2025-11-05,15.0,,655.5224384966773,661.9488266047955
28.0,2025-11-05,16.0,,793.1275201776979,807.7642557923466
28.0,2025-11-05,17.0,,965.6985177208751,963.1794461861492
28.0,2025-11-05,18.0,,952.5116619282701,925.6510426519077
28.0,2025-11-05,19.0,,679.1502523674634,692.4648170732054
28.0,2025-11-05,20.0,,458.1468453537154,453.0077540335342
28.0,2025-11-05,21.0,,293.76843329335355,278.5642741448296
28.0,2025-11-05,22.0,,109.14087832547288,99.89036502467472
28.0,2025-11-05,23.0,,6.438204792881293,0.0
50.0,2025-11-05,0.0,,13.653040334179854,9.52757089604221
50.0,2025-11-05,1.0,,5.3027742945417025,1.2270118232253149
50.0,2025-11-05,2.0,,0.0,2.598117033032248e-10
50.0,2025-11-05,3.0,,2.802479187359455e-34,0.0
50.0,2025-11-05,4.0,,2.772795784461836,2.694699996544614
50.0,2025-11-05,5.0,,68.90686220809424,64.3449113596571
50.0,2025-11-05,6.0,,465.9968335588847,499.7230442150468
50.0,2025-11-05,7.0,,1658.678682277226,1701.0313483328346
50.0,2025-11-05,8.0,,2727.5124624787054,2734.487013293482
50.0,2025-11-05,9.0,,2087.6379381887377,2112.050820233174
50.0,2025-11-05,10.0,,1644.911458278108,1630.6947787979184
50.0,2025-11-05,11.0,,1550.2708824081533,1529.1469832427306
50.0,2025-11-05,12.0,,1473.7018503390054,1398.911207509539
50.0,2025-11-05,13.0,,1455.4717052319536,1447.7388203644423
50.0,2025-11-05,14.0,,1425.3084755086513,1400.7588328232966
50.0,2025-11-05,15.0,,1623.2129922902332,1622.106573440651
50.0,2025-11-05,16.0,,1647.60469865966,1680.7970134663185
50.0,2025-11-05,17.0,,2305.4868377062894,2306.6197034823635
50.0,2025-11-05,18.0,,2379.2797781301833,2411.607775754808
50.0,2025-11-05,19.0,,1481.332149593442,1410.8945724139671
50.0,2025-11-05,20.0,,895.626210862062,882.3869687696864
50.0,2025-11-05,21.0,,583.5264228763751,579.424930056683
50.0,2025-11-05,22.0,,240.20512522411502,246.6593906355756
50.0,2025-11-05,23.0,,109.82491528540743,111.85089822166672
1.0,2025-11-06,0.0,,0.0,0.0
1.0,2025-11-06,1.0,,2.802479187359455e-34,0.0
1.0,2025-11-06,2.0,,2.802479187359455e-34,0.0
1.0,2025-11-06,3.0,,2.802479187359455e-34,0.0
1.0,2025-11-06,4.0,,0.0,0.0
1.0,2025-11-06,5.0,,112.18331696635327,110.99366323466094
1.0,2025-11-06,6.0,,490.3287431371234,498.6504384070714
1.0,2025-11-06,7.0,,1487.0679325184142,1495.658332477737
1.0,2025-11-06,8.0,,1880.691387788764,1917.8572411708274
1.0,2025-11-06,9.0,,1467.7536357746067,1481.7063977309501
1.0,2025-11-06,10.0,,1326.733560249461,1298.1502811042749
1.0,2025-11-06,11.0,,1317.0920133641994,1342.617213232185
1.0,2025-11-06,12.0,,1381.247262361605,1324.5684158433426
1.0,2025-11-06,13.0,,1392.497024418143,1459.9536758430913
1.0,2025-11-06,14.0,,1376.6362325088742,1348.634998425316
1.0,2025-11-06,15.0,,1472.0415477532126,1466.044140562305
1.0,2025-11-06,16.0,,1480.9089399885243,1496.7277158713125
1.0,2025-11-06,17.0,,1771.8605340936208,1757.9770637655115
1.0,2025-11-06,18.0,,1783.9926234995655,1750.7059306751462
1.0,2025-11-06,19.0,,1362.654685434073,1326.9396124700477
1.0,2025-11-06,20.0,,854.0381240161345,835.4447693315607
1.0,2025-11-06,21.0,,487.10397955930455,472.87554390821464
1.0,2025-11-06,22.0,,216.32459359155746,220.9994786525551
1.0,2025-11-06,23.0,,43.8351894511095,39.412168678338865
5.0,2025-11-06,0.0,,0.0,0.0
5.0,2025-11-06,1.0,,0.0,0.0
5.0,2025-11-06,2.0,,0.0,0.0
5.0,2025-11-06,3.0,,0.0,0.0
5.0,2025-11-06,4.0,,0.0,0.0
5.0,2025-11-06,5.0,,0.0,0.0
5.0,2025-11-06,6.0,,0.0,0.0
5.0,2025-11-06,7.0,,0.0,0.0
5.0,2025-11-06,8.0,,0.0,0.0
5.0,2025-11-06,9.0,,0.0,0.0
5.0,2025-11-06,10.0,,0.0,0.0
5.0,2025-11-06,11.0,,0.0,0.0
5.0,2025-11-06,12.0,,0.0,0.0
5.0,2025-11-06,13.0,,0.0,0.0
5.0,2025-11-06,14.0,,0.0,0.0
5.0,2025-11-06,15.0,,0.0,0.0
5.0,2025-11-06,16.0,,0.0,0.0
5.0,2025-11-06,17.0,,0.0,0.0
5.0,2025-11-06,18.0,,0.0,0.0
5.0,2025-11-06,19.0,,0.0,0.0
5.0,2025-11-06,20.0,,0.0,0.0
5.0,2025-11-06,21.0,,0.0,0.0
5.0,2025-11-06,22.0,,0.0,0.0
5.0,2025-11-06,23.0,,0.0,0.0
7.0,2025-11-06,0.0,,38.60749466312716,46.125885496506534
7.0,2025-11-06,1.0,,0.0,0.0
7.0,2025-11-06,2.0,,2.802479187359455e-34,0.0
7.0,2025-11-06,3.0,,2.802479187359455e-34,0.0
7.0,2025-11-06,4.0,,0.0,0.0
7.0,2025-11-06,5.0,,188.48480016008457,189.76013750030762
7.0,2025-11-06,6.0,,669.8475120092078,686.8238449057533
7.0,2025-11-06,7.0,,1619.7986780049357,1664.4376247210394
7.0,2025-11-06,8.0,,2484.190159225001,2556.4606520194334
7.0,2025-11-06,9.0,,1831.884238765511,1841.589959037204
7.0,2025-11-06,10.0,,1651.7183300141612,1628.0468311277996
7.0,2025-11-06,11.0,,1516.971396987377,1542.7378621286223
7.0,2025-11-06,12.0,,1644.0160674278625,1759.1899281008982
7.0,2025-11-06,13.0,,1582.705379092979,1710.3588751662217
7.0,2025-11-06,14.0,,1680.1933176159278,1773.5332816518103
7.0,2025-11-06,15.0,,1789.0610631955162,1858.1826716685464
7.0,2025-11-06,16.0,,1869.6265870317152,1853.7681706425278
7.0,2025-11-06,17.0,,2358.1735486081934,2294.5955291509194
7.0,2025-11-06,18.0,,2598.3463913746564,2534.597487321308
7.0,2025-11-06,19.0,,1741.0390589812157,1674.2788494747092
7.0,2025-11-06,20.0,,1084.4559013090598,1040.365824801728
7.0,2025-11-06,21.0,,621.6797164414705,652.3325269797128
7.0,2025-11-06,22.0,,212.51479281946737,205.08271690432673
7.0,2025-11-06,23.0,,165.26437470806331,157.96035016555578
11.0,2025-11-06,0.0,,54.29092558631986,57.33111962594233
11.0,2025-11-06,1.0,,0.0,0.0
11.0,2025-11-06,2.0,,2.802479187359455e-34,0.0
11.0,2025-11-06,3.0,,2.802479187359455e-34,0.0
11.0,2025-11-06,4.0,,0.0,0.0
11.0,2025-11-06,5.0,,250.26413335532203,254.91508534002975
11.0,2025-11-06,6.0,,1280.1720980745815,1311.0851666421286
11.0,2025-11-06,7.0,,2422.726015597445,2394.888180683487
11.0,2025-11-06,8.0,,3162.187781309234,3084.1764729031743
11.0,2025-11-06,9.0,,2437.2080377614834,2384.9506139542345
11.0,2025-11-06,10.0,,1929.4285347261796,1950.1365337760085
11.0,2025-11-06,11.0,,1898.6329899109066,1983.0048780477946
11.0,2025-11-06,12.0,,1932.1177765828038,1951.5960558461209
11.0,2025-11-06,13.0,,2009.9743467787494,1991.3549278049945
11.0,2025-11-06,14.0,,2039.753526120727,1996.67528611669
11.0,2025-11-06,15.0,,2037.137775830356,2049.1995198906984
11.0,2025-11-06,16.0,,2233.9514408688406,2233.603006766492
11.0,2025-11-06,17.0,,2809.748312983588,2765.6235312801978
11.0,2025-11-06,18.0,,3019.46850600841,2992.0282087070927
11.0,2025-11-06,19.0,,2264.5923610691343,2294.907090665102
11.0,2025-11-06,20.0,,1446.1454174806174,1449.4450882413846
11.0,2025-11-06,21.0,,842.0583606487246,820.0636584090402
11.0,2025-11-06,22.0,,400.2102661156983,399.213112422609
11.0,2025-11-06,23.0,,233.98140946190742,233.55972684252066
12.0,2025-11-06,0.0,,49.94184912093311,45.87849611850792
12.0,2025-11-06,1.0,,0.0,0.0
12.0,2025-11-06,2.0,,2.802479187359455e-34,0.0
12.0,2025-11-06,3.0,,2.802479187359455e-34,0.0
12.0,2025-11-06,4.0,,3.746298984441818,0.0
12.0,2025-11-06,5.0,,307.99923463316446,335.37514309200316
12.0,2025-11-06,6.0,,1385.7219622769453,1389.5370076736904
12.0,2025-11-06,7.0,,2720.9170446602266,2632.966827795084
12.0,2025-11-06,8.0,,3526.082244700625,3466.489908856638
12.0,2025-11-06,9.0,,2522.8461679464162,2453.0712842383778
12.0,2025-11-06,10.0,,2105.606483199387,2072.969353084948
12.0,2025-11-06,11.0,,2072.4423055191205,1994.12393779806
12.0,2025-11-06,12.0,,2109.7709252977784,2075.382855635522
12.0,2025-11-06,13.0,,2076.752142702631,2134.439049039129
12.0,2025-11-06,14.0,,2007.386068778561,2037.859440933099
12.0,2025-11-06,15.0,,2275.1712717049313,2256.9763873940865
12.0,2025-11-06,16.0,,2755.9141010159365,2703.5741909381136
12.0,2025-11-06,17.0,,3045.3261074520315,2926.027913708505
12.0,2025-11-06,18.0,,3162.2581500639,3071.236138859824
12.0,2025-11-06,19.0,,2451.7073685284004,2417.0893536256813
12.0,2025-11-06,20.0,,1514.8723669860408,1505.8977640878586
12.0,2025-11-06,21.0,,944.3536937689203,947.0107247287008
12.0,2025-11-06,22.0,,463.46252967724,460.21360849078536
12.0,2025-11-06,23.0,,263.18263158914715,236.21657345533873
17.0,2025-11-06,0.0,,114.19289041361806,114.00428489314517
17.0,2025-11-06,1.0,,9.120889363862418,4.888592237756715
17.0,2025-11-06,2.0,,2.802479187359455e-34,0.0
17.0,2025-11-06,3.0,,2.802479187359455e-34,0.0
17.0,2025-11-06,4.0,,17.817299482854708,12.497046380905065
17.0,2025-11-06,5.0,,296.2918229846785,302.0552039536397
17.0,2025-11-06,6.0,,1507.2840998141855,1536.914358586476
17.0,2025-11-06,7.0,,3985.397428521613,3962.167358824853
17.0,2025-11-06,8.0,,5295.644632240291,5246.310063552405
17.0,2025-11-06,9.0,,3860.9361299349275,3768.3895493833493
17.0,2025-11-06,10.0,,3071.9120252299094,3046.920318428604
17.0,2025-11-06,11.0,,3043.711385484845,3107.756885901473
17.0,2025-11-06,12.0,,3053.048860535416,3066.6609211150803
17.0,2025-11-06,13.0,,3116.099462547025,3112.680924335198
17.0,2025-11-06,14.0,,3180.6262983236193,3158.171627395201
17.0,2025-11-06,15.0,,3291.556049078289,3314.8193487726776
17.0,2025-11-06,16.0,,3709.664439671883,3674.58426547897
17.0,2025-11-06,17.0,,4543.677893332803,4455.539865238158
17.0,2025-11-06,18.0,,4772.050791231284,4796.281581664883
17.0,2025-11-06,19.0,,3347.617280314603,3416.7600086920706
17.0,2025-11-06,20.0,,2356.527219314854,2378.2292485850935
17.0,2025-11-06,21.0,,1465.4600691113628,1503.8336640623256
17.0,2025-11-06,22.0,,762.3315002563215,778.7506719166632
17.0,2025-11-06,23.0,,356.45233515637824,375.00299405957014
25.0,2025-11-06,0.0,,0.0,0.0
25.0,2025-11-06,1.0,,2.802479187359455e-34,0.0
25.0,2025-11-06,2.0,,2.802479187359455e-34,0.0
25.0,2025-11-06,3.0,,2.802479187359455e-34,0.0
25.0,2025-11-06,4.0,,2.802479187359455e-34,0.0
25.0,2025-11-06,5.0,,13.899262678244405,0.0
25.0,2025-11-06,6.0,,201.13097108255545,167.7290707465827
25.0,2025-11-06,7.0,,516.8710145023052,519.1351697105346
25.0,2025-11-06,8.0,,870.1167869711855,862.0179587778272
25.0,2025-11-06,9.0,,451.3946459166775,442.5369655734945
25.0,2025-11-06,10.0,,362.15801002211276,350.6416958073354
25.0,2025-11-06,11.0,,398.5606754166421,401.38785446829434
25.0,2025-11-06,12.0,,402.83670386720667,402.5367517545079
25.0,2025-11-06,13.0,,500.3710690962309,508.17983749202307
25.0,2025-11-06,14.0,,437.90402908226406,446.1049198812841
25.0,2025-11-06,15.0,,547.075908632248,555.9389097674422
25.0,2025-11-06,16.0,,665.7645662059696,675.6529711203617
25.0,2025-11-06,17.0,,732.1434072035516,726.2003037503431
25.0,2025-11-06,18.0,,757.0828256990033,749.263985842817
25.0,2025-11-06,19.0,,501.1564659228815,508.60962051128564
25.0,2025-11-06,20.0,,299.9042966206498,308.8292974912843
25.0,2025-11-06,21.0,,204.23099282612554,202.0308851719664
25.0,2025-11-06,22.0,,93.38048338039329,106.03077013245705
25.0,2025-11-06,23.0,,0.0,0.0
26.0,2025-11-06,0.0,,20.383011008363066,21.78775918953825
26.0,2025-11-06,1.0,,5.212579857631546,0.0
26.0,2025-11-06,2.0,,2.802479187359455e-34,0.0
26.0,2025-11-06,3.0,,2.802479187359455e-34,0.0
26.0,2025-11-06,4.0,,0.0,0.0
26.0,2025-11-06,5.0,,69.32895142906568,77.3372055613823
26.0,2025-11-06,6.0,,469.3740925335795,463.8639466356257
26.0,2025-11-06,7.0,,1067.2296588313889,1034.1610411916672
26.0,2025-11-06,8.0,,2233.1401153956645,2136.8127470507316
26.0,2025-11-06,9.0,,1473.194642875271,1391.2372059146019
26.0,2025-11-06,10.0,,1230.6498944769744,1221.4213272496036
26.0,2025-11-06,11.0,,1108.2459159737555,1076.840462693823
26.0,2025-11-06,12.0,,1147.330251886486,1150.4508047339464
26.0,2025-11-06,13.0,,1169.0692555233575,1182.937465727023
26.0,2025-11-06,14.0,,1259.486459926523,1270.8017525320631
26.0,2025-11-06,15.0,,1309.5075046731772,1238.650535063666
26.0,2025-11-06,16.0,,1505.4726868208193,1518.172493349138
26.0,2025-11-06,17.0,,1712.000456217645,1683.6750345714017
26.0,2025-11-06,18.0,,1821.8795007191416,1796.5884163954008
26.0,2025-11-06,19.0,,1247.3943137669764,1203.0757955579522
26.0,2025-11-06,20.0,,760.4478764807914,739.9887843348371
26.0,2025-11-06,21.0,,484.00565657228424,479.62112350110044
26.0,2025-11-06,22.0,,209.80052067600437,210.9038314388811
26.0,2025-11-06,23.0,,135.60439515933692,112.43017049708372
28.0,2025-11-06,0.0,,1.1027439654455586,2.598117033032248e-10
28.0,2025-11-06,1.0,,2.802479187359455e-34,0.0
28.0,2025-11-06,2.0,,2.802479187359455e-34,0.0
28.0,2025-11-06,3.0,,2.802479187359455e-34,0.0
28.0,2025-11-06,4.0,,0.0,0.0
28.0,2025-11-06,5.0,,66.531448214528,61.83747383141605
28.0,2025-11-06,6.0,,263.66249370898146,254.4311207724251
28.0,2025-11-06,7.0,,754.7459840432742,764.5286086210862
28.0,2025-11-06,8.0,,1229.4969100045091,1208.859250354429
28.0,2025-11-06,9.0,,848.8808946881704,846.1672560332387
28.0,2025-11-06,10.0,,645.2897349903724,643.5463117461786
28.0,2025-11-06,11.0,,579.960248015347,575.523761409021
28.0,2025-11-06,12.0,,705.8246663325275,706.6374187362865
28.0,2025-11-06,13.0,,717.1209307245992,721.9235467724944
28.0,2025-11-06,14.0,,659.3513574524907,668.1792876903036
28.0,2025-11-06,15.0,,695.8314412683524,694.2946562995143
28.0,2025-11-06,16.0,,876.3728636835534,865.6239500295926
28.0,2025-11-06,17.0,,1009.5960529853097,1009.2071943195195
28.0,2025-11-06,18.0,,962.6756287976543,925.9266772291752
28.0,2025-11-06,19.0,,703.1423557329871,700.5304765569841
28.0,2025-11-06,20.0,,479.5829384623806,478.03712171200516
28.0,2025-11-06,21.0,,329.5165509120275,308.06880803425713
28.0,2025-11-06,22.0,,137.32449453863074,118.61205507454699
28.0,2025-11-06,23.0,,12.521819227526983,0.0
50.0,2025-11-06,0.0,,11.389108119785082,9.247449296235033
50.0,2025-11-06,1.0,,0.0,0.0
50.0,2025-11-06,2.0,,0.0,2.598117033032248e-10
50.0,2025-11-06,3.0,,2.802479187359455e-34,0.0
50.0,2025-11-06,4.0,,0.0,0.0
50.0,2025-11-06,5.0,,67.34960225903289,51.61080443802511
50.0,2025-11-06,6.0,,531.6742834734252,534.599086235553
50.0,2025-11-06,7.0,,1751.7748011240433,1770.7709400428428
50.0,2025-11-06,8.0,,2743.576938414924,2737.354050490782
50.0,2025-11-06,9.0,,2160.722215649448,2170.0684136135155
50.0,2025-11-06,10.0,,1671.1583478322354,1675.0568099314007
50.0,2025-11-06,11.0,,1553.9380934444143,1541.443953566757
50.0,2025-11-06,12.0,,1525.9618177372595,1456.6235514074822
50.0,2025-11-06,13.0,,1493.329658510882,1478.0569669530166
50.0,2025-11-06,14.0,,1425.7976762568842,1424.9635343323248
50.0,2025-11-06,15.0,,1678.308038018273,1670.5968389009856
50.0,2025-11-06,16.0,,1761.5634629728706,1746.358592556911
50.0,2025-11-06,17.0,,2344.5360043014402,2336.398624744397
50.0,2025-11-06,18.0,,2385.906517748198,2380.154454408844
50.0,2025-11-06,19.0,,1465.9051015045577,1409.1664659644455
50.0,2025-11-06,20.0,,911.1740263937334,898.9972405886831
50.0,2025-11-06,21.0,,605.7955839475705,610.8106270495678
50.0,2025-11-06,22.0,,248.44165681514087,268.1103479391749
50.0,2025-11-06,23.0,,135.32310316681597,141.88259978056468
1.0,2025-11-07,0.0,,6.126102966533381,0.0
1.0,2025-11-07,1.0,,2.802479187359455e-34,0.0
1.0,2025-11-07,2.0,,2.802479187359455e-34,0.0
1.0,2025-11-07,3.0,,2.802479187359455e-34,0.0
1.0,2025-11-07,4.0,,0.0,0.0
1.0,2025-11-07,5.0,,134.35764845708198,122.09731732857004
1.0,2025-11-07,6.0,,498.9770011230619,491.7553420178768
1.0,2025-11-07,7.0,,1483.7637675754227,1492.6830565643563
1.0,2025-11-07,8.0,,1834.3391756149897,1896.1328286048722
1.0,2025-11-07,9.0,,1430.3871264664147,1442.2896013765426
1.0,2025-11-07,10.0,,1297.2097568075785,1289.5791820669824
1.0,2025-11-07,11.0,,1387.4946576905418,1351.9195506792514
1.0,2025-11-07,12.0,,1380.64033454537,1322.1100228057119
1.0,2025-11-07,13.0,,1399.7762355723864,1457.8780760705586
1.0,2025-11-07,14.0,,1394.9137890418654,1358.3745274681905
1.0,2025-11-07,15.0,,1519.6665781027539,1493.742939316694
1.0,2025-11-07,16.0,,1533.1206329851384,1534.477492893656
1.0,2025-11-07,17.0,,1765.7577306509481,1750.8097385733965
1.0,2025-11-07,18.0,,1615.9098676820133,1671.9819618082413
1.0,2025-11-07,19.0,,1244.538606351205,1266.3340640270937
1.0,2025-11-07,20.0,,814.1312989776028,794.5266987271856
1.0,2025-11-07,21.0,,491.38299547721886,482.75484790261254
1.0,2025-11-07,22.0,,230.0140782389896,226.51221587773819
1.0,2025-11-07,23.0,,47.65692310255723,37.406516913248986
5.0,2025-11-07,0.0,,0.0,0.0
5.0,2025-11-07,1.0,,0.0,0.0
5.0,2025-11-07,2.0,,0.0,0.0
5.0,2025-11-07,3.0,,0.0,0.0
5.0,2025-11-07,4.0,,0.0,0.0
5.0,2025-11-07,5.0,,0.0,0.0
5.0,2025-11-07,6.0,,0.0,0.0
5.0,2025-11-07,7.0,,0.0,0.0
5.0,2025-11-07,8.0,,0.0,0.0
5.0,2025-11-07,9.0,,0.0,0.0
5.0,2025-11-07,10.0,,0.0,0.0
5.0,2025-11-07,11.0,,0.0,0.0
5.0,2025-11-07,12.0,,0.0,0.0
5.0,2025-11-07,13.0,,0.0,0.0
5.0,2025-11-07,14.0,,0.0,0.0
5.0,2025-11-07,15.0,,0.0,0.0
5.0,2025-11-07,16.0,,0.0,0.0
5.0,2025-11-07,17.0,,0.0,0.0
5.0,2025-11-07,18.0,,0.0,0.0
5.0,2025-11-07,19.0,,0.0,0.0
5.0,2025-11-07,20.0,,0.0,0.0
5.0,2025-11-07,21.0,,0.0,0.0
5.0,2025-11-07,22.0,,0.0,0.0
5.0,2025-11-07,23.0,,0.0,0.0
7.0,2025-11-07,0.0,,56.13344043982426,51.61258312885542
7.0,2025-11-07,1.0,,0.0,0.0
7.0,2025-11-07,2.0,,2.802479187359455e-34,0.0
7.0,2025-11-07,3.0,,2.802479187359455e-34,0.0
7.0,2025-11-07,4.0,,0.0,0.0
7.0,2025-11-07,5.0,,178.95396487961708,182.13795916947993
7.0,2025-11-07,6.0,,658.6466605543562,657.1443543495352
7.0,2025-11-07,7.0,,1596.6775053265508,1646.8435592040116
7.0,2025-11-07,8.0,,2390.316510353092,2476.122579278709
7.0,2025-11-07,9.0,,1805.4376023677314,1821.9312439824623
7.0,2025-11-07,10.0,,1656.6693197936202,1642.4480467347344
7.0,2025-11-07,11.0,,1533.7890721479089,1537.5095549321952
7.0,2025-11-07,12.0,,1652.8683551021538,1734.1225483411167
7.0,2025-11-07,13.0,,1632.6346327619008,1706.1719301799205
7.0,2025-11-07,14.0,,1715.076530371438,1793.865870144473
7.0,2025-11-07,15.0,,1839.3434717564494,1870.6627179859345
7.0,2025-11-07,16.0,,1956.96820240763,1974.7049573589295
7.0,2025-11-07,17.0,,2280.413273439435,2289.330214453056
7.0,2025-11-07,18.0,,2230.86632880392,2323.4833426142927
7.0,2025-11-07,19.0,,1607.7289220612317,1602.7327481033578
7.0,2025-11-07,20.0,,1056.5821584157407,1036.9697515721632
7.0,2025-11-07,21.0,,604.2567803724203,633.8250885474912
7.0,2025-11-07,22.0,,234.23753285421313,211.68546073657575
7.0,2025-11-07,23.0,,192.2161348383653,180.48869200483958
11.0,2025-11-07,0.0,,72.22701134587301,70.09609777786821
11.0,2025-11-07,1.0,,0.0,0.0
11.0,2025-11-07,2.0,,2.802479187359455e-34,0.0
11.0,2025-11-07,3.0,,2.802479187359455e-34,0.0
11.0,2025-11-07,4.0,,5.472374502960984,0.0
11.0,2025-11-07,5.0,,270.18544300626985,252.11265912100177
11.0,2025-11-07,6.0,,1278.2178861637026,1308.2369630424569
11.0,2025-11-07,7.0,,2327.6033680416695,2322.8373544720316
11.0,2025-11-07,8.0,,3021.0121492355543,2988.7988115496537
11.0,2025-11-07,9.0,,2318.0126135507053,2370.4899710610957
11.0,2025-11-07,10.0,,1875.4045770505281,1941.0900383360301
11.0,2025-11-07,11.0,,1894.0843218363498,1965.5044150934368
11.0,2025-11-07,12.0,,1935.2866405124335,1922.6344383434655
11.0,2025-11-07,13.0,,1958.0505040090297,1930.8375333765587
11.0,2025-11-07,14.0,,2094.5494725860503,1992.5417447022803
11.0,2025-11-07,15.0,,2124.233771537151,2053.754398683976
11.0,2025-11-07,16.0,,2292.8663880428894,2263.7151171661303
11.0,2025-11-07,17.0,,2824.7023133980733,2744.6049634185133
11.0,2025-11-07,18.0,,2714.8316362856744,2751.9197630878134
11.0,2025-11-07,19.0,,2116.6703810149074,2155.6038572026637
11.0,2025-11-07,20.0,,1405.196788014756,1414.2403057235329
11.0,2025-11-07,21.0,,839.906411163115,811.242038221181
11.0,2025-11-07,22.0,,418.7840296760557,402.60715166971
11.0,2025-11-07,23.0,,285.7294868689805,259.27117742675085
12.0,2025-11-07,0.0,,61.39114559099552,50.085928679355554
12.0,2025-11-07,1.0,,0.0,0.0
12.0,2025-11-07,2.0,,2.802479187359455e-34,0.0
12.0,2025-11-07,3.0,,2.802479187359455e-34,0.0
12.0,2025-11-07,4.0,,6.110128712735034,0.0
12.0,2025-11-07,5.0,,317.12928314760467,323.620441094852
12.0,2025-11-07,6.0,,1365.6693663165033,1374.008893749881
12.0,2025-11-07,7.0,,2675.569755416348,2584.77097034472
12.0,2025-11-07,8.0,,3327.253304082348,3264.7939570206086
12.0,2025-11-07,9.0,,2422.6254502383695,2424.6289785093345
12.0,2025-11-07,10.0,,2006.0047868269264,2003.669826823716
12.0,2025-11-07,11.0,,2038.996246696473,1973.9870121917554
12.0,2025-11-07,12.0,,2086.636169569145,2074.262015338269
12.0,2025-11-07,13.0,,2080.104801679502,2093.16518073545
12.0,2025-11-07,14.0,,2051.7375720543005,2046.5986974725622
12.0,2025-11-07,15.0,,2345.538933443259,2287.6917271980637
12.0,2025-11-07,16.0,,2806.841113658753,2702.960451753727
12.0,2025-11-07,17.0,,2979.4535321392427,2886.2668983347617
12.0,2025-11-07,18.0,,2737.6998802355347,2729.1285395738073
12.0,2025-11-07,19.0,,2288.3618790018113,2329.2101974569346
12.0,2025-11-07,20.0,,1457.6729467224584,1447.1966891021884
12.0,2025-11-07,21.0,,953.4844538515472,949.1126465183708
12.0,2025-11-07,22.0,,481.76595837292484,471.98404876298514
12.0,2025-11-07,23.0,,299.2844011290766,257.45170193458097
17.0,2025-11-07,0.0,,130.23246592778656,126.91880122861758
17.0,2025-11-07,1.0,,13.473163569598533,12.757266579990917
17.0,2025-11-07,2.0,,2.802479187359455e-34,0.0
17.0,2025-11-07,3.0,,2.802479187359455e-34,0.0
17.0,2025-11-07,4.0,,19.10352527114694,14.470220073947226
17.0,2025-11-07,5.0,,302.3857844115969,297.8801204802717
17.0,2025-11-07,6.0,,1500.0924121338753,1527.8980954910062
17.0,2025-11-07,7.0,,3918.0934604587364,3899.2315642895314
17.0,2025-11-07,8.0,,5043.170528204596,5052.433706625778
17.0,2025-11-07,9.0,,3725.969893110279,3695.879047041735
17.0,2025-11-07,10.0,,3028.8208202424357,2999.2056624842944
17.0,2025-11-07,11.0,,3069.832890694572,3058.4322279305015
17.0,2025-11-07,12.0,,3058.197463900625,3003.570330373009
17.0,2025-11-07,13.0,,3152.61652167079,3065.5661577984934
17.0,2025-11-07,14.0,,3258.9926236007295,3173.6350472805434
17.0,2025-11-07,15.0,,3427.952420953935,3338.85754311638
17.0,2025-11-07,16.0,,3822.4607167046524,3719.712412334459
17.0,2025-11-07,17.0,,4530.174025929105,4456.213255788834
17.0,2025-11-07,18.0,,4452.022599919508,4492.629624491619
17.0,2025-11-07,19.0,,3218.0470924297833,3298.1636173724733
17.0,2025-11-07,20.0,,2364.2067787322794,2352.7520907841595
17.0,2025-11-07,21.0,,1520.5533122804843,1514.69145229315
17.0,2025-11-07,22.0,,799.644874847358,781.9742030668272
17.0,2025-11-07,23.0,,417.88813618621697,407.14327534614955
25.0,2025-11-07,0.0,,0.0,0.0
25.0,2025-11-07,1.0,,2.802479187359455e-34,0.0
25.0,2025-11-07,2.0,,2.802479187359455e-34,0.0
25.0,2025-11-07,3.0,,2.802479187359455e-34,0.0
25.0,2025-11-07,4.0,,2.802479187359455e-34,0.0
25.0,2025-11-07,5.0,,14.743264439346545,0.0
25.0,2025-11-07,6.0,,208.53691935027598,174.17139218980864
25.0,2025-11-07,7.0,,515.342851151134,515.8750015208128
25.0,2025-11-07,8.0,,830.6173475914727,825.4852192466839
25.0,2025-11-07,9.0,,435.9206464628559,416.7555793349738
25.0,2025-11-07,10.0,,357.00368796626486,349.0665005011811
25.0,2025-11-07,11.0,,401.11727428967123,406.25076462765924
25.0,2025-11-07,12.0,,401.8834259845478,397.289741304057
25.0,2025-11-07,13.0,,504.58486070580545,519.3117247375322
25.0,2025-11-07,14.0,,460.38206622073176,466.4780255874047
25.0,2025-11-07,15.0,,576.3627449431251,597.2696341196273
25.0,2025-11-07,16.0,,710.9993065391943,708.6821149846365
25.0,2025-11-07,17.0,,726.8624006618996,718.9558257928023
25.0,2025-11-07,18.0,,676.0611918469883,724.0823813788058
25.0,2025-11-07,19.0,,494.93132213110664,501.9553730617412
25.0,2025-11-07,20.0,,305.3801356604286,312.3074580878047
25.0,2025-11-07,21.0,,209.60736668558442,204.27851055631146
25.0,2025-11-07,22.0,,110.58346007048091,104.85468064541136
25.0,2025-11-07,23.0,,10.38407157988224,0.0
26.0,2025-11-07,0.0,,14.996507373849019,24.64744858656287
26.0,2025-11-07,1.0,,10.958716745557421,0.0
26.0,2025-11-07,2.0,,2.802479187359455e-34,0.0
26.0,2025-11-07,3.0,,2.802479187359455e-34,0.0
26.0,2025-11-07,4.0,,5.319116970904434,0.0
26.0,2025-11-07,5.0,,70.34768374824321,64.6939950921355
26.0,2025-11-07,6.0,,490.15844161695384,460.3339663303576
26.0,2025-11-07,7.0,,1047.154431127313,1024.1484257540653
26.0,2025-11-07,8.0,,2108.5661046333635,2042.254619353008
26.0,2025-11-07,9.0,,1393.6185590682578,1365.0635088654599
26.0,2025-11-07,10.0,,1205.6855117264752,1202.6379903697837
26.0,2025-11-07,11.0,,1129.3508749724854,1062.9385753081726
26.0,2025-11-07,12.0,,1134.9706110592126,1134.6803001368596
26.0,2025-11-07,13.0,,1188.3055727340345,1197.8811148577147
26.0,2025-11-07,14.0,,1280.4189771824945,1275.1111679336545
26.0,2025-11-07,15.0,,1341.903573574437,1276.259051239592
26.0,2025-11-07,16.0,,1560.1000775032653,1536.13240393185
26.0,2025-11-07,17.0,,1694.4762265121808,1686.1877949366672
26.0,2025-11-07,18.0,,1609.345525478293,1620.1279374172575
26.0,2025-11-07,19.0,,1137.857078717773,1124.2775463231358
26.0,2025-11-07,20.0,,713.1092285915785,689.3141264533847
26.0,2025-11-07,21.0,,467.88304511401697,459.54798634859344
26.0,2025-11-07,22.0,,212.1490265454168,210.99516434823136
26.0,2025-11-07,23.0,,157.76043645718454,133.31201678679534
28.0,2025-11-07,0.0,,1.1027439654455586,0.0
28.0,2025-11-07,1.0,,2.802479187359455e-34,0.0
28.0,2025-11-07,2.0,,2.802479187359455e-34,0.0
28.0,2025-11-07,3.0,,2.802479187359455e-34,0.0
28.0,2025-11-07,4.0,,0.0,0.0
28.0,2025-11-07,5.0,,75.31180481556704,59.71414778950382
28.0,2025-11-07,6.0,,256.12950012768084,250.13994152396043
28.0,2025-11-07,7.0,,741.2297650281403,752.2514736325352
28.0,2025-11-07,8.0,,1187.7834168697493,1177.6530219034307
28.0,2025-11-07,9.0,,819.1552037439567,824.1425023222623
28.0,2025-11-07,10.0,,644.0764614043454,636.0972202105525
28.0,2025-11-07,11.0,,599.9804535855833,573.0154163328763
28.0,2025-11-07,12.0,,724.3750735240864,710.4527411813714
28.0,2025-11-07,13.0,,729.7057070615841,716.2648657771864
28.0,2025-11-07,14.0,,678.0486226336285,672.6271772340607
28.0,2025-11-07,15.0,,710.5998040319375,703.964211716679
28.0,2025-11-07,16.0,,885.9320821349246,874.4783430942103
28.0,2025-11-07,17.0,,994.6014753017932,999.9209024411325
28.0,2025-11-07,18.0,,870.2205500170406,889.2139068030797
28.0,2025-11-07,19.0,,644.2664075458168,648.1221091185351
28.0,2025-11-07,20.0,,456.7572587832867,450.9238783019088
28.0,2025-11-07,21.0,,327.7193525110302,312.11334044203204
28.0,2025-11-07,22.0,,131.74011201982097,110.59248782138263
28.0,2025-11-07,23.0,,13.614683367114672,1.703882596894942
50.0,2025-11-07,0.0,,11.901566170923418,0.3746808957412551
50.0,2025-11-07,1.0,,0.0,0.0
50.0,2025-11-07,2.0,,0.0,2.598117033032248e-10
50.0,2025-11-07,3.0,,2.802479187359455e-34,0.0
50.0,2025-11-07,4.0,,0.0,0.0
50.0,2025-11-07,5.0,,61.799286257388545,51.523355218138384
50.0,2025-11-07,6.0,,525.7794942925507,507.758339287014
50.0,2025-11-07,7.0,,1698.1694868484362,1750.5954602979953
50.0,2025-11-07,8.0,,2648.9901623868404,2667.011214851336
50.0,2025-11-07,9.0,,2053.118715405497,2123.4272343469534
50.0,2025-11-07,10.0,,1591.5730185961504,1632.32137866843
50.0,2025-11-07,11.0,,1565.5520469278654,1539.4739205747594
50.0,2025-11-07,12.0,,1505.1809359442457,1441.5377049525803
50.0,2025-11-07,13.0,,1517.8289030828234,1467.9219844720853
50.0,2025-11-07,14.0,,1456.2926305473156,1429.6816451605337
50.0,2025-11-07,15.0,,1707.3747452405419,1675.1547210875822
50.0,2025-11-07,16.0,,1883.9733681025511,1765.7122462810096
50.0,2025-11-07,17.0,,2238.917242652966,2258.1062333061204
50.0,2025-11-07,18.0,,1927.7381135587975,2050.573864772091
50.0,2025-11-07,19.0,,1257.489468349103,1306.1226232727802
50.0,2025-11-07,20.0,,840.5786730762991,863.8694681396095
50.0,2025-11-07,21.0,,550.7169597502282,563.7606607384885
50.0,2025-11-07,22.0,,268.77543121429767,280.48293501064126
50.0,2025-11-07,23.0,,153.65005924920152,154.97170856402923
1.0,2025-11-08,0.0,,8.160178511762277,0.0
1.0,2025-11-08,1.0,,2.802479187359455e-34,0.0
1.0,2025-11-08,2.0,,2.802479187359455e-34,0.0
1.0,2025-11-08,3.0,,2.802479187359455e-34,0.0
1.0,2025-11-08,4.0,,0.0,0.0
1.0,2025-11-08,5.0,,28.36529643092359,22.031179745811933
1.0,2025-11-08,6.0,,179.81847451944566,173.4271775357342
1.0,2025-11-08,7.0,,337.90632784435246,352.17957369353974
1.0,2025-11-08,8.0,,441.2905211136947,450.651189820323
1.0,2025-11-08,9.0,,749.0720250460225,741.0518714496436
1.0,2025-11-08,10.0,,860.0802055040004,846.17243089459
1.0,2025-11-08,11.0,,806.2581050167169,824.4743955147643
1.0,2025-11-08,12.0,,999.32025316604,986.8357757668596
1.0,2025-11-08,13.0,,995.67801400356,995.3731944156366
1.0,2025-11-08,14.0,,989.8141226829312,962.8152082257438
1.0,2025-11-08,15.0,,878.9136408457838,847.3387130980076
1.0,2025-11-08,16.0,,800.9832800827422,797.1354401893639
1.0,2025-11-08,17.0,,741.1425589201015,723.6073525559647
1.0,2025-11-08,18.0,,626.5690206056827,617.4796699752538
1.0,2025-11-08,19.0,,553.7746769740411,538.2971225132554
1.0,2025-11-08,20.0,,394.4744974300803,409.9679430569277
1.0,2025-11-08,21.0,,324.75516039857007,336.58539394720464
1.0,2025-11-08,22.0,,130.97395057552143,142.23966145155524
1.0,2025-11-08,23.0,,45.7926667431316,38.728657509012436
5.0,2025-11-08,0.0,,0.0,0.0
5.0,2025-11-08,1.0,,0.0,0.0
5.0,2025-11-08,2.0,,0.0,0.0
5.0,2025-11-08,3.0,,0.0,0.0
5.0,2025-11-08,4.0,,0.0,0.0
5.0,2025-11-08,5.0,,0.0,0.0
5.0,2025-11-08,6.0,,0.0,0.0
5.0,2025-11-08,7.0,,0.0,0.0
5.0,2025-11-08,8.0,,0.0,0.0
5.0,2025-11-08,9.0,,0.0,0.0
5.0,2025-11-08,10.0,,0.0,0.0
5.0,2025-11-08,11.0,,0.0,0.0
5.0,2025-11-08,12.0,,0.0,0.0
5.0,2025-11-08,13.0,,0.0,0.0
5.0,2025-11-08,14.0,,0.0,0.0
5.0,2025-11-08,15.0,,0.0,0.0
5.0,2025-11-08,16.0,,0.0,0.0
5.0,2025-11-08,17.0,,0.0,0.0
5.0,2025-11-08,18.0,,0.0,0.0
5.0,2025-11-08,19.0,,0.0,0.0
5.0,2025-11-08,20.0,,0.0,0.0
5.0,2025-11-08,21.0,,0.0,0.0
5.0,2025-11-08,22.0,,0.0,0.0
5.0,2025-11-08,23.0,,0.0,0.0
7.0,2025-11-08,0.0,,108.7155492592618,102.03934166923997
7.0,2025-11-08,1.0,,20.14827706942254,0.008455679645269538
7.0,2025-11-08,2.0,,2.802479187359455e-34,2.0370054556422565
7.0,2025-11-08,3.0,,2.802479187359455e-34,0.0
7.0,2025-11-08,4.0,,2.96241843823057,0.0
7.0,2025-11-08,5.0,,42.95985432697015,32.443962471537034
7.0,2025-11-08,6.0,,238.74344409592183,206.5211731170647
7.0,2025-11-08,7.0,,351.39078542441956,372.0265719070758
7.0,2025-11-08,8.0,,583.3942270655547,622.3225620094432
7.0,2025-11-08,9.0,,573.4130868831666,588.8020675289433
7.0,2025-11-08,10.0,,587.7401137321199,527.8208219532188
7.0,2025-11-08,11.0,,707.6668062835824,615.5382273204835
7.0,2025-11-08,12.0,,834.1679356943177,808.9820623423316
7.0,2025-11-08,13.0,,790.3935022590842,742.9774716523535
7.0,2025-11-08,14.0,,849.8141502265963,764.9070072042116
7.0,2025-11-08,15.0,,802.8068504229678,787.1157301700518
7.0,2025-11-08,16.0,,799.9072310678168,736.6517143268585
7.0,2025-11-08,17.0,,766.3481642312489,708.7323389182649
7.0,2025-11-08,18.0,,728.3687437338064,694.9656080770593
7.0,2025-11-08,19.0,,634.432477002967,585.8305200859313
7.0,2025-11-08,20.0,,533.3504253506019,476.8400249277544
7.0,2025-11-08,21.0,,401.45253778882653,388.2167150014352
7.0,2025-11-08,22.0,,200.94099918970602,218.12244914605608
7.0,2025-11-08,23.0,,171.0943123706911,189.68223193020148
11.0,2025-11-08,0.0,,96.63184694292696,89.29806058958525
11.0,2025-11-08,1.0,,0.5721743119939066,0.0
11.0,2025-11-08,2.0,,2.802479187359455e-34,0.0
11.0,2025-11-08,3.0,,2.802479187359455e-34,0.0
11.0,2025-11-08,4.0,,12.644280853345602,0.0
11.0,2025-11-08,5.0,,177.65026031287292,185.9177435234202
11.0,2025-11-08,6.0,,775.3976888136243,806.4339614964354
11.0,2025-11-08,7.0,,784.787180185763,704.8945778399412
11.0,2025-11-08,8.0,,1026.9496839990975,1035.0617860313557
11.0,2025-11-08,9.0,,1183.0210739240438,1146.7353725581359
11.0,2025-11-08,10.0,,1297.4671008993976,1275.4712137426386
11.0,2025-11-08,11.0,,1601.386411636881,1599.1901134858595
11.0,2025-11-08,12.0,,1755.6260574683704,1836.4015788803313
11.0,2025-11-08,13.0,,1740.7061704718337,1724.3760676150914
11.0,2025-11-08,14.0,,1844.148191158676,1700.9707335553694
11.0,2025-11-08,15.0,,1777.0046093208048,1781.5719719784945
11.0,2025-11-08,16.0,,1751.9948701442636,1683.7305126054798
11.0,2025-11-08,17.0,,1851.3757058005026,1748.7489370951387
11.0,2025-11-08,18.0,,1565.3687155631915,1526.26129766363
11.0,2025-11-08,19.0,,1427.4229934502584,1409.8907683963544
11.0,2025-11-08,20.0,,1021.6370447157699,1035.7932392298792
11.0,2025-11-08,21.0,,749.7088875250047,745.8302224285032
11.0,2025-11-08,22.0,,408.4467910873419,393.44537848713804
11.0,2025-11-08,23.0,,310.6514192828028,286.985730554814
12.0,2025-11-08,0.0,,82.49102237420134,71.65827143986078
12.0,2025-11-08,1.0,,2.4783112736020327,0.0
12.0,2025-11-08,2.0,,2.802479187359455e-34,0.0
12.0,2025-11-08,3.0,,2.802479187359455e-34,0.0
12.0,2025-11-08,4.0,,9.578231019993034,0.0
12.0,2025-11-08,5.0,,227.0756506388283,247.43341444672959
12.0,2025-11-08,6.0,,852.5435178073891,825.9232437977985
12.0,2025-11-08,7.0,,925.9472056637658,949.2417942100648
12.0,2025-11-08,8.0,,1038.5164718449716,986.4283720091566
12.0,2025-11-08,9.0,,1226.2182600072517,1202.1202634086383
12.0,2025-11-08,10.0,,1443.8476500678116,1348.9362544387814
12.0,2025-11-08,11.0,,1505.4247273643139,1448.2985230703878
12.0,2025-11-08,12.0,,1498.3584938105964,1448.1441025928486
12.0,2025-11-08,13.0,,1702.6951259272837,1668.6414516633909
12.0,2025-11-08,14.0,,1627.2194734087163,1562.8961472291585
12.0,2025-11-08,15.0,,1571.4786197887493,1547.775439279474
12.0,2025-11-08,16.0,,1644.1987387196814,1639.0487968012403
12.0,2025-11-08,17.0,,1611.9540350222874,1597.3092064004848
12.0,2025-11-08,18.0,,1487.0272510707066,1405.9529195831813
12.0,2025-11-08,19.0,,1329.4259629179976,1332.978103287653
12.0,2025-11-08,20.0,,982.862727461558,940.518629243089
12.0,2025-11-08,21.0,,715.2169196850633,714.4982496024962
12.0,2025-11-08,22.0,,394.885336779784,410.05721462445695
12.0,2025-11-08,23.0,,299.8782624431017,297.70020330368976
17.0,2025-11-08,0.0,,180.30782251548,180.078219552137
17.0,2025-11-08,1.0,,18.01072588455292,14.991365119461902
17.0,2025-11-08,2.0,,2.802479187359455e-34,0.0
17.0,2025-11-08,3.0,,2.802479187359455e-34,0.0
17.0,2025-11-08,4.0,,0.315505956196021,0.0
17.0,2025-11-08,5.0,,135.20253263527854,147.99494490413136
17.0,2025-11-08,6.0,,555.7114910363754,575.7370159893254
17.0,2025-11-08,7.0,,1199.7823081751983,1182.9468545231966
17.0,2025-11-08,8.0,,1706.922385534335,1669.721009799317
17.0,2025-11-08,9.0,,2194.540081256911,2188.3297051197083
17.0,2025-11-08,10.0,,2386.997737843864,2429.0508917146612
17.0,2025-11-08,11.0,,2853.7856166513066,2795.468529880047
17.0,2025-11-08,12.0,,2998.224453037614,2988.5604927184813
17.0,2025-11-08,13.0,,3200.1657241236435,3142.694627383821
17.0,2025-11-08,14.0,,3216.5277635587217,3229.4118722645367
17.0,2025-11-08,15.0,,3291.6424572716373,3303.4139836323784
17.0,2025-11-08,16.0,,3322.1633986715033,3307.8361713844797
17.0,2025-11-08,17.0,,3220.0437713634997,3128.4892176980743
17.0,2025-11-08,18.0,,2846.5901336026905,2833.9583195613504
17.0,2025-11-08,19.0,,2241.5252129285127,2393.4718525233025
17.0,2025-11-08,20.0,,1834.3564720601933,1922.4006055273296
17.0,2025-11-08,21.0,,1325.5737803801985,1338.10859204346
17.0,2025-11-08,22.0,,827.736074896554,842.2994213477381
17.0,2025-11-08,23.0,,446.8738653907349,450.98854415932954
25.0,2025-11-08,0.0,,5.130440843711458,1.7563421369664867
25.0,2025-11-08,1.0,,2.802479187359455e-34,0.0
25.0,2025-11-08,2.0,,2.802479187359455e-34,0.0
25.0,2025-11-08,3.0,,2.802479187359455e-34,0.0
25.0,2025-11-08,4.0,,2.802479187359455e-34,0.0
25.0,2025-11-08,5.0,,14.231028342335158,0.0
25.0,2025-11-08,6.0,,106.5750796444286,82.93897279860776
25.0,2025-11-08,7.0,,150.76661881292057,133.3922881174347
25.0,2025-11-08,8.0,,281.5366329897823,286.458777849593
25.0,2025-11-08,9.0,,293.53247898975087,281.28995554641654
25.0,2025-11-08,10.0,,267.1530982558463,268.2505262560222
25.0,2025-11-08,11.0,,359.3195567996322,388.5230939854255
25.0,2025-11-08,12.0,,386.61549548642637,408.3464656569944
25.0,2025-11-08,13.0,,537.981174002399,541.1972994099767
25.0,2025-11-08,14.0,,526.6201570566855,505.3594653047104
25.0,2025-11-08,15.0,,647.9227641715504,606.2350264363807
25.0,2025-11-08,16.0,,587.0637999353272,581.7699593136074
25.0,2025-11-08,17.0,,515.1030068710379,502.2094759282753
25.0,2025-11-08,18.0,,476.97688387061197,495.6205702050903
25.0,2025-11-08,19.0,,404.63732951076344,433.4836692333482
25.0,2025-11-08,20.0,,253.9744321647716,286.8415220424307
25.0,2025-11-08,21.0,,196.90162573164574,204.6284832887699
25.0,2025-11-08,22.0,,108.98222993599175,128.0627898342966
25.0,2025-11-08,23.0,,61.03940033609176,42.49711075457281
26.0,2025-11-08,0.0,,32.506416597417136,40.01114235719201
26.0,2025-11-08,1.0,,12.890869830183018,0.0
26.0,2025-11-08,2.0,,2.802479187359455e-34,0.0
26.0,2025-11-08,3.0,,2.802479187359455e-34,0.0
26.0,2025-11-08,4.0,,0.0,0.0
26.0,2025-11-08,5.0,,38.013344199229,30.205359075841464
26.0,2025-11-08,6.0,,256.6946717152443,235.65450132051572
26.0,2025-11-08,7.0,,349.90614198894946,337.2547491158403
26.0,2025-11-08,8.0,,646.0154822044244,661.0398555224173
26.0,2025-11-08,9.0,,668.9076011606523,688.3206660521497
26.0,2025-11-08,10.0,,825.9395393911336,843.4021914037133
26.0,2025-11-08,11.0,,978.9177965160968,964.969315805101
26.0,2025-11-08,12.0,,991.3393349358626,969.9069352398644
26.0,2025-11-08,13.0,,1053.6457697197457,1026.7254427760413
26.0,2025-11-08,14.0,,1037.1551268638425,1047.9174965828654
26.0,2025-11-08,15.0,,1000.3439655820468,985.1673016662783
26.0,2025-11-08,16.0,,1034.5111797250174,1031.1114399757348
26.0,2025-11-08,17.0,,962.6078726912976,953.7588603057541
26.0,2025-11-08,18.0,,871.5631918006271,863.8850653020264
26.0,2025-11-08,19.0,,781.7232514862792,787.7567220590199
26.0,2025-11-08,20.0,,526.1110846653427,535.4499293582044
26.0,2025-11-08,21.0,,374.98117258194986,388.61501310632445
26.0,2025-11-08,22.0,,208.49467074445622,197.30321534600904
26.0,2025-11-08,23.0,,159.4368735659853,140.88293581185792
28.0,2025-11-08,0.0,,1.1027439654455586,0.0
28.0,2025-11-08,1.0,,2.802479187359455e-34,0.0
28.0,2025-11-08,2.0,,2.802479187359455e-34,0.0
28.0,2025-11-08,3.0,,2.802479187359455e-34,0.0
28.0,2025-11-08,4.0,,0.0,0.0
28.0,2025-11-08,5.0,,29.26414449504443,25.882077370949126
28.0,2025-11-08,6.0,,106.15448665074385,92.25922426262797
28.0,2025-11-08,7.0,,228.967346773524,229.1719890140847
28.0,2025-11-08,8.0,,381.87628147495576,395.5516695117064
28.0,2025-11-08,9.0,,448.63358191238086,458.69374122100595
28.0,2025-11-08,10.0,,465.5659872398649,480.0424564742922
28.0,2025-11-08,11.0,,472.4456174740352,474.4841582671063
28.0,2025-11-08,12.0,,582.9586884808541,577.2379161446391
28.0,2025-11-08,13.0,,577.050516114111,590.7037033397955
28.0,2025-11-08,14.0,,578.546428636082,591.057011851212
28.0,2025-11-08,15.0,,585.1962635086996,618.5828202706198
28.0,2025-11-08,16.0,,592.0501972608981,614.4531808115654
28.0,2025-11-08,17.0,,589.9968596536843,608.2104720452332
28.0,2025-11-08,18.0,,499.9708878881035,520.8566034549591
28.0,2025-11-08,19.0,,409.79422453120776,428.9452189254017
28.0,2025-11-08,20.0,,331.5375631497222,367.9320370465379
28.0,2025-11-08,21.0,,281.6216670389035,280.3658850758286
28.0,2025-11-08,22.0,,129.1095936725796,136.0000199677399
28.0,2025-11-08,23.0,,17.589599108041295,14.889095127985488
50.0,2025-11-08,0.0,,0.9913305949148727,1.1172406613121846
50.0,2025-11-08,1.0,,0.2446271736165581,0.0
50.0,2025-11-08,2.0,,0.0,6.495292582580625e-12
50.0,2025-11-08,3.0,,7.006197968398644e-36,0.0
50.0,2025-11-08,4.0,,0.0,0.0
50.0,2025-11-08,5.0,,0.48062157567069885,0.4978333607716817
50.0,2025-11-08,6.0,,4.125996698716938,5.290728327213938
50.0,2025-11-08,7.0,,10.25927001534631,11.391954326348976
50.0,2025-11-08,8.0,,14.837605135392442,19.661463156202956
50.0,2025-11-08,9.0,,15.384147619138366,20.40791821721056
50.0,2025-11-08,10.0,,14.42410820678455,18.317823454609535
50.0,2025-11-08,11.0,,19.819621169392175,20.300653605541886
50.0,2025-11-08,12.0,,21.331292450679403,21.871456886351368
50.0,2025-11-08,13.0,,20.885359313035615,22.843903193977734
50.0,2025-11-08,14.0,,21.92989895857757,22.407670051960718
50.0,2025-11-08,15.0,,20.792415573268364,24.153968869897678
50.0,2025-11-08,16.0,,21.095424328005592,22.344405243768552
50.0,2025-11-08,17.0,,21.589072103101355,21.956049065950737
50.0,2025-11-08,18.0,,17.240564190542912,22.3653446489629
50.0,2025-11-08,19.0,,15.947463871512515,18.684379872601635
50.0,2025-11-08,20.0,,13.731824026078435,16.274673049486516
50.0,2025-11-08,21.0,,9.877065171231903,12.013894017557606
50.0,2025-11-08,22.0,,5.904847815979653,6.260111248859085
50.0,2025-11-08,23.0,,3.85129979422427,4.221956666893198
1.0,2025-11-09,0.0,,4.731013255268237,6.1900090184037815
1.0,2025-11-09,1.0,,2.802479187359455e-34,6.078746670712173
1.0,2025-11-09,2.0,,2.802479187359455e-34,3.004818939925966
1.0,2025-11-09,3.0,,2.802479187359455e-34,1.9905976123055846
1.0,2025-11-09,4.0,,0.0,3.58655610647881
1.0,2025-11-09,5.0,,39.65413938212447,32.37210946648963
1.0,2025-11-09,6.0,,110.76063177070492,112.02598225633427
1.0,2025-11-09,7.0,,230.78127285766888,263.5789791043916
1.0,2025-11-09,8.0,,307.4915906756351,334.5637639547178
1.0,2025-11-09,9.0,,570.1593581165562,572.5266292400731
1.0,2025-11-09,10.0,,670.8312331332468,640.5760341768855
1.0,2025-11-09,11.0,,639.4859465489667,651.6060091378823
1.0,2025-11-09,12.0,,787.5153154479909,763.2463171654089
1.0,2025-11-09,13.0,,786.6449068876655,790.5742335872549
1.0,2025-11-09,14.0,,773.587816427764,762.0068143898991
1.0,2025-11-09,15.0,,701.4149923373681,696.7278807875599
1.0,2025-11-09,16.0,,625.1441600115714,630.6923010457826
1.0,2025-11-09,17.0,,589.7670652237814,567.1965225527118
1.0,2025-11-09,18.0,,514.3521217937605,502.6074654580718
1.0,2025-11-09,19.0,,411.93898415708696,410.2713414892023
1.0,2025-11-09,20.0,,298.7508088105897,315.0979903564845
1.0,2025-11-09,21.0,,236.303468995205,240.57665556164773
1.0,2025-11-09,22.0,,69.72521692529234,90.49861631832623
1.0,2025-11-09,23.0,,23.64521290365642,16.61138841568661
5.0,2025-11-09,0.0,,0.0,0.0
5.0,2025-11-09,1.0,,0.0,0.0
5.0,2025-11-09,2.0,,0.0,0.0
5.0,2025-11-09,3.0,,0.0,0.0
5.0,2025-11-09,4.0,,0.0,0.0
5.0,2025-11-09,5.0,,0.0,0.0
5.0,2025-11-09,6.0,,0.0,0.0
5.0,2025-11-09,7.0,,0.0,0.0
5.0,2025-11-09,8.0,,0.0,0.0
5.0,2025-11-09,9.0,,0.0,0.0
5.0,2025-11-09,10.0,,0.0,0.0
5.0,2025-11-09,11.0,,0.0,0.0
5.0,2025-11-09,12.0,,0.0,0.0
5.0,2025-11-09,13.0,,0.0,0.0
5.0,2025-11-09,14.0,,0.0,0.0
5.0,2025-11-09,15.0,,0.0,0.0
5.0,2025-11-09,16.0,,0.0,0.0
5.0,2025-11-09,17.0,,0.0,0.0
5.0,2025-11-09,18.0,,0.0,0.0
5.0,2025-11-09,19.0,,0.0,0.0
5.0,2025-11-09,20.0,,0.0,0.0
5.0,2025-11-09,21.0,,0.0,0.0
5.0,2025-11-09,22.0,,0.0,0.0
5.0,2025-11-09,23.0,,0.0,0.0
7.0,2025-11-09,0.0,,119.79339672446638,119.82338173730199
7.0,2025-11-09,1.0,,37.75691734395873,22.507649953576575
7.0,2025-11-09,2.0,,2.802479187359455e-34,0.989007998027505
7.0,2025-11-09,3.0,,2.802479187359455e-34,10.62428642383034
7.0,2025-11-09,4.0,,10.911139427007122,3.9821550362281646
7.0,2025-11-09,5.0,,28.173793335629743,26.514926810032506
7.0,2025-11-09,6.0,,164.5955255750667,151.18234398529592
7.0,2025-11-09,7.0,,213.38008229086958,268.1911450122437
7.0,2025-11-09,8.0,,385.75368533234456,386.04380807256734
7.0,2025-11-09,9.0,,472.5482441920222,459.6862005829159
7.0,2025-11-09,10.0,,489.9623660869536,422.6430389894526
7.0,2025-11-09,11.0,,573.3254088127395,519.2829247380926
7.0,2025-11-09,12.0,,639.8213072391145,631.743512691727
7.0,2025-11-09,13.0,,651.58036629286,605.278893341255
7.0,2025-11-09,14.0,,684.451738841364,633.7153425808472
7.0,2025-11-09,15.0,,696.3734824428631,628.8576756472297
7.0,2025-11-09,16.0,,630.1997022622287,561.8871466942662
7.0,2025-11-09,17.0,,621.1179454063716,616.1105284430002
7.0,2025-11-09,18.0,,606.1270952419775,623.4562041325875
7.0,2025-11-09,19.0,,487.9594818428383,438.57162727516135
7.0,2025-11-09,20.0,,431.8716966316585,355.6330485415847
7.0,2025-11-09,21.0,,299.6852683233261,299.41112910103425
7.0,2025-11-09,22.0,,149.7983331379075,165.44312638715945
7.0,2025-11-09,23.0,,117.93033256467507,137.62915149930498
11.0,2025-11-09,0.0,,120.26782681733985,118.6840764623748
11.0,2025-11-09,1.0,,29.408003315279007,20.793909056586074
11.0,2025-11-09,2.0,,2.802479187359455e-34,2.9467335488235444
11.0,2025-11-09,3.0,,2.802479187359455e-34,1.9163547334507685
11.0,2025-11-09,4.0,,8.455223901505889,2.635931080084237
11.0,2025-11-09,5.0,,113.73861370206026,121.65096532205297
11.0,2025-11-09,6.0,,499.4918288560098,529.761595358562
11.0,2025-11-09,7.0,,567.187989205318,548.3279212837941
11.0,2025-11-09,8.0,,700.8599300952075,733.6147862040935
11.0,2025-11-09,9.0,,920.4452492000889,914.4205915432497
11.0,2025-11-09,10.0,,1027.0580128587185,1031.8700616874821
11.0,2025-11-09,11.0,,1400.5563514681326,1419.7660611721735
11.0,2025-11-09,12.0,,1490.6826709662887,1589.119456997453
11.0,2025-11-09,13.0,,1500.5116714068372,1521.5624085931736
11.0,2025-11-09,14.0,,1530.6240353441278,1536.677445756993
11.0,2025-11-09,15.0,,1550.798837862049,1603.7911601755563
11.0,2025-11-09,16.0,,1548.2285558534873,1520.8767077689072
11.0,2025-11-09,17.0,,1663.0890167106447,1625.2094262844437
11.0,2025-11-09,18.0,,1378.1081753702733,1354.5702609541254
11.0,2025-11-09,19.0,,1108.2884186316483,1131.4635266576793
11.0,2025-11-09,20.0,,802.1049095117472,822.8975081889133
11.0,2025-11-09,21.0,,583.4901393594407,595.3963581757387
11.0,2025-11-09,22.0,,309.19777278275666,299.6015184758312
11.0,2025-11-09,23.0,,213.59599365840972,183.165558717971
12.0,2025-11-09,0.0,,89.88698890161734,86.7343252257514
12.0,2025-11-09,1.0,,17.83750742318891,8.436880608757745
12.0,2025-11-09,2.0,,2.802479187359455e-34,2.9362335603245784
12.0,2025-11-09,3.0,,2.802479187359455e-34,1.7178747123515896
12.0,2025-11-09,4.0,,13.10625895485644,0.40787980000205126
12.0,2025-11-09,5.0,,141.71593591634183,138.18074878295798
12.0,2025-11-09,6.0,,492.8216153039031,488.3981292284996
12.0,2025-11-09,7.0,,671.376450056385,693.2982516012682
12.0,2025-11-09,8.0,,715.9569286588417,735.1652372880023
12.0,2025-11-09,9.0,,939.4640002148708,931.5020152717568
12.0,2025-11-09,10.0,,1187.7556543039698,1133.1285270060653
12.0,2025-11-09,11.0,,1320.4367144196779,1252.921701860591
12.0,2025-11-09,12.0,,1356.6501048417058,1296.2777341488147
12.0,2025-11-09,13.0,,1548.34607652307,1528.8922090849694
12.0,2025-11-09,14.0,,1458.5004092725649,1402.0778755741965
12.0,2025-11-09,15.0,,1398.843399392632,1366.438437804636
12.0,2025-11-09,16.0,,1459.9691744300894,1489.6008706273824
12.0,2025-11-09,17.0,,1498.2629772120135,1434.650228375596
12.0,2025-11-09,18.0,,1310.2964132431562,1237.04603283633
12.0,2025-11-09,19.0,,976.0007677202417,1007.8244203538175
12.0,2025-11-09,20.0,,728.3936523221322,732.402441275269
12.0,2025-11-09,21.0,,539.8567786978092,554.0957909917856
12.0,2025-11-09,22.0,,328.71770527668417,317.77867440522635
12.0,2025-11-09,23.0,,211.61373062754942,211.8833058166703
17.0,2025-11-09,0.0,,168.814958683568,185.52098412207522
17.0,2025-11-09,1.0,,33.21992210946956,28.87551204589072
17.0,2025-11-09,2.0,,2.802479187359455e-34,3.7954408940733226
17.0,2025-11-09,3.0,,2.802479187359455e-34,2.1822609036895906
17.0,2025-11-09,4.0,,14.441056632966584,7.477111264979636
17.0,2025-11-09,5.0,,95.67715617712052,107.38595692525229
17.0,2025-11-09,6.0,,412.23467405311806,418.1173817119781
17.0,2025-11-09,7.0,,773.6440086542191,775.8595439878166
17.0,2025-11-09,8.0,,1256.7387563506798,1226.5797583646572
17.0,2025-11-09,9.0,,1707.6422911541372,1667.7976322670117
17.0,2025-11-09,10.0,,1998.7576547897768,2022.0362705795983
17.0,2025-11-09,11.0,,2486.968997453753,2492.3527206318595
17.0,2025-11-09,12.0,,2708.3813505883213,2724.512075144824
17.0,2025-11-09,13.0,,2896.149182729079,2899.954320725465
17.0,2025-11-09,14.0,,2959.648903683256,2991.7828174276474
17.0,2025-11-09,15.0,,2994.6689312563303,2951.612299026488
17.0,2025-11-09,16.0,,3026.768023913134,3040.4363537987088
17.0,2025-11-09,17.0,,2876.21597901305,2871.9528103797757
17.0,2025-11-09,18.0,,2476.8720858073443,2531.277385118061
17.0,2025-11-09,19.0,,2033.912809013949,2140.867164984007
17.0,2025-11-09,20.0,,1560.8694395784848,1688.4540724553876
17.0,2025-11-09,21.0,,1085.3895871729096,1132.3472325550033
17.0,2025-11-09,22.0,,669.1192785336161,655.8691242733856
17.0,2025-11-09,23.0,,279.14031527424464,311.38115379355224
25.0,2025-11-09,0.0,,32.959852202404605,16.37136207756428
25.0,2025-11-09,1.0,,2.802479187359455e-34,2.9977755029786373
25.0,2025-11-09,2.0,,2.802479187359455e-34,3.0411089828466413
25.0,2025-11-09,3.0,,2.802479187359455e-34,1.4279289924629075
25.0,2025-11-09,4.0,,2.802479187359455e-34,0.0
25.0,2025-11-09,5.0,,11.238164747428263,5.734299389048333
25.0,2025-11-09,6.0,,95.030366519163,85.45276134754836
25.0,2025-11-09,7.0,,100.50225546538805,93.48716538516548
25.0,2025-11-09,8.0,,169.09063924717995,185.67850343138323
25.0,2025-11-09,9.0,,189.901710451831,190.73582690125343
25.0,2025-11-09,10.0,,200.85776914459768,208.08781462878426
25.0,2025-11-09,11.0,,259.7569898272919,275.28435828588374
25.0,2025-11-09,12.0,,287.47668671710255,316.24556176540636
25.0,2025-11-09,13.0,,409.21846392907355,437.33561228392966
25.0,2025-11-09,14.0,,415.95543376803045,435.8315849584786
25.0,2025-11-09,15.0,,528.4784394439122,543.6247090309979
25.0,2025-11-09,16.0,,470.2650794595264,497.3612110286621
25.0,2025-11-09,17.0,,428.9841709456897,434.0425319847419
25.0,2025-11-09,18.0,,374.93986832363953,387.95639459275804
25.0,2025-11-09,19.0,,306.1343421462034,330.0174041580862
25.0,2025-11-09,20.0,,194.3017185903689,207.48344175229943
25.0,2025-11-09,21.0,,146.20252778691068,154.4395626943263
25.0,2025-11-09,22.0,,88.15427700784187,91.62353799671172
25.0,2025-11-09,23.0,,32.69222729427268,19.050491528624462
26.0,2025-11-09,0.0,,53.015842937711746,55.79443108866802
26.0,2025-11-09,1.0,,12.919581743403304,0.8595350591562411
26.0,2025-11-09,2.0,,2.802479187359455e-34,0.0
26.0,2025-11-09,3.0,,2.802479187359455e-34,2.244675663275524
26.0,2025-11-09,4.0,,3.0611861803099223,0.0
26.0,2025-11-09,5.0,,34.372470531683476,34.89985255876474
26.0,2025-11-09,6.0,,148.5139334722682,151.8434320236585
26.0,2025-11-09,7.0,,219.61566889256494,223.3213622283476
26.0,2025-11-09,8.0,,375.498556096688,362.25024676847215
26.0,2025-11-09,9.0,,464.8487597855292,444.6198209505519
26.0,2025-11-09,10.0,,578.4356220369385,564.5038815825651
26.0,2025-11-09,11.0,,766.4856722696447,771.0028936099519
26.0,2025-11-09,12.0,,799.3037583370469,783.5874699150104
26.0,2025-11-09,13.0,,839.9484969418941,832.663538358466
26.0,2025-11-09,14.0,,851.0032659656108,858.6724982654883
26.0,2025-11-09,15.0,,781.9216376514719,784.5927444249942
26.0,2025-11-09,16.0,,793.859690514575,795.5950322828197
26.0,2025-11-09,17.0,,752.4356913577885,738.9439921722138
26.0,2025-11-09,18.0,,660.3076941925125,646.9202345390976
26.0,2025-11-09,19.0,,530.9853662363237,539.1973096729448
26.0,2025-11-09,20.0,,385.0774785179534,381.95986817006275
26.0,2025-11-09,21.0,,280.48109698229615,280.6877410865301
26.0,2025-11-09,22.0,,143.4628963112804,128.38372889197697
26.0,2025-11-09,23.0,,111.23367510360825,92.58855918400249
28.0,2025-11-09,0.0,,1.1027439654455586,5.541700979286363
28.0,2025-11-09,1.0,,2.802479187359455e-34,6.605865806487783
28.0,2025-11-09,2.0,,2.802479187359455e-34,3.7954408940733226
28.0,2025-11-09,3.0,,2.802479187359455e-34,2.1159525920330258
28.0,2025-11-09,4.0,,2.991770541505378,0.0
28.0,2025-11-09,5.0,,37.68637975701234,28.72791426556302
28.0,2025-11-09,6.0,,68.70100173215407,66.09310234692586
28.0,2025-11-09,7.0,,155.2455197517726,155.6730284345692
28.0,2025-11-09,8.0,,239.2397514303957,244.4731102844172
28.0,2025-11-09,9.0,,314.99233976472,303.51853101099357
28.0,2025-11-09,10.0,,363.0907110273082,355.4166628137734
28.0,2025-11-09,11.0,,403.460431006835,389.8103401552838
28.0,2025-11-09,12.0,,455.33828331760265,440.2919165171387
28.0,2025-11-09,13.0,,477.6453089359499,472.05031579724226
28.0,2025-11-09,14.0,,477.3139318854985,472.48193351399595
28.0,2025-11-09,15.0,,480.31559177693714,479.5310836992679
28.0,2025-11-09,16.0,,464.62987242534956,465.10599157509444
28.0,2025-11-09,17.0,,468.9790510454405,471.9215678545589
28.0,2025-11-09,18.0,,390.6244935731816,414.2060742272848
28.0,2025-11-09,19.0,,328.05166908231763,344.2672159895971
28.0,2025-11-09,20.0,,252.98528417978795,290.34236744561207
28.0,2025-11-09,21.0,,224.92213660895868,204.7957706072394
28.0,2025-11-09,22.0,,93.91791562310637,88.39784651961645
28.0,2025-11-09,23.0,,8.14933959796421,0.0
50.0,2025-11-09,0.0,,1.2630910798611321,1.5092603769992725
50.0,2025-11-09,1.0,,0.22628753352611894,0.32879073526851327
50.0,2025-11-09,2.0,,0.14661488723913174,6.495292582580625e-12
50.0,2025-11-09,3.0,,7.006197968398644e-36,0.25878027667359443
50.0,2025-11-09,4.0,,0.0,0.19160724431853482
50.0,2025-11-09,5.0,,0.29999367556072726,0.8228454932384398
50.0,2025-11-09,6.0,,2.3343175676213774,2.8752568349690857
50.0,2025-11-09,7.0,,6.761586479229582,8.435771994546567
50.0,2025-11-09,8.0,,8.839042391894008,14.086833757696153
50.0,2025-11-09,9.0,,10.333366000004096,14.104958250762978
50.0,2025-11-09,10.0,,10.637720320339454,14.103047589700724
50.0,2025-11-09,11.0,,14.865471643564142,16.345733258214818
50.0,2025-11-09,12.0,,17.017302097306626,17.90045701576994
50.0,2025-11-09,13.0,,18.80647031613344,19.172568246406986
50.0,2025-11-09,14.0,,19.717424356408856,19.394821839120713
50.0,2025-11-09,15.0,,17.167013744005587,19.142215085392177
50.0,2025-11-09,16.0,,16.8732377840566,17.79777536215246
50.0,2025-11-09,17.0,,17.608518478868373,18.730088781389753
50.0,2025-11-09,18.0,,14.816270000029137,17.966783682145035
50.0,2025-11-09,19.0,,13.091084381717636,16.088026206078062
50.0,2025-11-09,20.0,,9.979673733937936,12.90880082433711
50.0,2025-11-09,21.0,,7.713875358891163,9.663361808667345
50.0,2025-11-09,22.0,,4.806069737309872,4.798780037980666
50.0,2025-11-09,23.0,,2.9630097130876294,3.130679650970185
1.0,2025-11-10,0.0,,0.0,0.0
1.0,2025-11-10,1.0,,2.802479187359455e-34,0.0
1.0,2025-11-10,2.0,,2.802479187359455e-34,0.0
1.0,2025-11-10,3.0,,2.802479187359455e-34,0.0
1.0,2025-11-10,4.0,,5.653437198831716,10.575194766204556
1.0,2025-11-10,5.0,,119.248314021189,118.52849854964268
1.0,2025-11-10,6.0,,503.8910455380871,493.68872859880855
1.0,2025-11-10,7.0,,1430.3618101424213,1448.7320960143754
1.0,2025-11-10,8.0,,1802.8505133299266,1854.395286516296
1.0,2025-11-10,9.0,,1396.8811866985754,1435.497582720111
1.0,2025-11-10,10.0,,1276.4937476977789,1258.2889504057794
1.0,2025-11-10,11.0,,1276.7973493343884,1288.5771815669568
1.0,2025-11-10,12.0,,1360.4663871071182,1287.0407360979718
1.0,2025-11-10,13.0,,1353.860777827288,1395.859475276556
1.0,2025-11-10,14.0,,1351.053291962916,1283.815356143849
1.0,2025-11-10,15.0,,1452.158530554847,1431.8300729740754
1.0,2025-11-10,16.0,,1475.4571907218165,1502.2878328720624
1.0,2025-11-10,17.0,,1785.4001191493483,1749.8397168147735
1.0,2025-11-10,18.0,,1794.9947139387455,1751.628140516972
1.0,2025-11-10,19.0,,1371.3687262995938,1337.8544038863374
1.0,2025-11-10,20.0,,857.6792465326521,824.6670886169388
1.0,2025-11-10,21.0,,463.4075968238475,454.5519525530832
1.0,2025-11-10,22.0,,189.74330018460319,192.45646329011933
1.0,2025-11-10,23.0,,51.89920507701381,39.45485805735209
5.0,2025-11-10,0.0,,0.0,0.0
5.0,2025-11-10,1.0,,0.0,0.0
5.0,2025-11-10,2.0,,0.0,0.0
5.0,2025-11-10,3.0,,0.0,0.0
5.0,2025-11-10,4.0,,0.0,0.0
5.0,2025-11-10,5.0,,0.0,0.0
5.0,2025-11-10,6.0,,0.0,0.0
5.0,2025-11-10,7.0,,0.0,0.0
5.0,2025-11-10,8.0,,0.0,0.0
5.0,2025-11-10,9.0,,0.0,0.0
5.0,2025-11-10,10.0,,0.0,0.0
5.0,2025-11-10,11.0,,0.0,0.0
5.0,2025-11-10,12.0,,0.0,0.0
5.0,2025-11-10,13.0,,0.0,0.0
5.0,2025-11-10,14.0,,0.0,0.0
5.0,2025-11-10,15.0,,0.0,0.0
5.0,2025-11-10,16.0,,0.0,0.0
5.0,2025-11-10,17.0,,0.0,0.0
5.0,2025-11-10,18.0,,0.0,0.0
5.0,2025-11-10,19.0,,0.0,0.0
5.0,2025-11-10,20.0,,0.0,0.0
5.0,2025-11-10,21.0,,0.0,0.0
5.0,2025-11-10,22.0,,0.0,0.0
5.0,2025-11-10,23.0,,0.0,0.0
7.0,2025-11-10,0.0,,46.14113685120529,51.84364666709508
7.0,2025-11-10,1.0,,0.0,0.0
7.0,2025-11-10,2.0,,2.802479187359455e-34,0.0
7.0,2025-11-10,3.0,,2.802479187359455e-34,0.0
7.0,2025-11-10,4.0,,2.3354335856622037,0.0
7.0,2025-11-10,5.0,,187.48517975380378,180.60794255074669
7.0,2025-11-10,6.0,,674.2751683879071,687.3203253583957
7.0,2025-11-10,7.0,,1599.3326695137603,1607.6432720408454
7.0,2025-11-10,8.0,,2466.8393033125317,2504.7560403365133
7.0,2025-11-10,9.0,,1802.8205438253372,1782.498805567115
7.0,2025-11-10,10.0,,1639.031670089794,1559.2230876542885
7.0,2025-11-10,11.0,,1459.6878267332452,1480.424669091483
7.0,2025-11-10,12.0,,1554.774148959529,1674.616317132199
7.0,2025-11-10,13.0,,1561.5968903490389,1644.1977484262545
7.0,2025-11-10,14.0,,1634.2150626372365,1699.6262874875663
7.0,2025-11-10,15.0,,1738.5954036952965,1796.2474927539492
7.0,2025-11-10,16.0,,1823.1531078531823,1869.7463705854325
7.0,2025-11-10,17.0,,2293.444397863579,2269.0867378002504
7.0,2025-11-10,18.0,,2570.3178590682355,2546.6652045868814
7.0,2025-11-10,19.0,,1708.0724127128465,1636.0758745280382
7.0,2025-11-10,20.0,,1095.4191339656845,1024.5467570430017
7.0,2025-11-10,21.0,,588.1987231378371,591.9418413640018
7.0,2025-11-10,22.0,,192.7247506393008,198.01006142072708
7.0,2025-11-10,23.0,,150.4058404813317,154.92624102442352
11.0,2025-11-10,0.0,,67.30135858011505,59.04610978561036
11.0,2025-11-10,1.0,,0.0,0.0
11.0,2025-11-10,2.0,,2.802479187359455e-34,0.0
11.0,2025-11-10,3.0,,2.802479187359455e-34,0.0
11.0,2025-11-10,4.0,,3.779064817252117,0.0
11.0,2025-11-10,5.0,,265.09020126989685,246.84689682943142
11.0,2025-11-10,6.0,,1275.6290375313813,1285.7534907959698
11.0,2025-11-10,7.0,,2341.74085772104,2293.5633308711213
11.0,2025-11-10,8.0,,3147.5734458851707,3059.3265061885472
11.0,2025-11-10,9.0,,2370.500592812206,2319.792783577932
11.0,2025-11-10,10.0,,1783.9746933265951,1827.8200235995876
11.0,2025-11-10,11.0,,1829.6615591888044,1906.05396633778
11.0,2025-11-10,12.0,,1808.0178234750222,1808.2950098331023
11.0,2025-11-10,13.0,,1940.8956510882674,1885.55543420623
11.0,2025-11-10,14.0,,1934.947718482136,1922.506562089211
11.0,2025-11-10,15.0,,1982.6239441492353,1997.7931432237588
11.0,2025-11-10,16.0,,2214.237668112129,2173.136368500285
11.0,2025-11-10,17.0,,2812.4821821065975,2759.4062825494516
11.0,2025-11-10,18.0,,3024.01224993307,2994.0557419171732
11.0,2025-11-10,19.0,,2229.83738141974,2301.6374502780295
11.0,2025-11-10,20.0,,1450.4472455058437,1421.3376867910606
11.0,2025-11-10,21.0,,821.8447214875247,776.0659581834213
11.0,2025-11-10,22.0,,381.67722856496766,361.2119732823717
11.0,2025-11-10,23.0,,212.54870118532173,210.49192964097196
12.0,2025-11-10,0.0,,62.56814465239582,40.446784231002255
12.0,2025-11-10,1.0,,0.0,0.0
12.0,2025-11-10,2.0,,2.802479187359455e-34,0.0
12.0,2025-11-10,3.0,,2.802479187359455e-34,0.0
12.0,2025-11-10,4.0,,7.408410955709624,2.8643456246620262
12.0,2025-11-10,5.0,,293.0073281809914,315.16677513104514
12.0,2025-11-10,6.0,,1295.0947289521807,1338.5297076305997
12.0,2025-11-10,7.0,,2650.224998625158,2618.512099946727
12.0,2025-11-10,8.0,,3496.4686390211837,3357.451863990858
12.0,2025-11-10,9.0,,2418.7273041418207,2376.7176939900855
12.0,2025-11-10,10.0,,2005.8509870635664,1986.1053841092744
12.0,2025-11-10,11.0,,1917.1793812936792,1871.9548219401058
12.0,2025-11-10,12.0,,2042.0131359611958,2024.2516410112469
12.0,2025-11-10,13.0,,2017.5292613175484,2079.276402832125
12.0,2025-11-10,14.0,,1966.5786903632106,1966.4623055087336
12.0,2025-11-10,15.0,,2228.788369985509,2189.358694515493
12.0,2025-11-10,16.0,,2710.3732566258936,2668.61553989131
12.0,2025-11-10,17.0,,3032.7150491994535,2940.217676219193
12.0,2025-11-10,18.0,,3168.5443335997925,3066.84082716766
12.0,2025-11-10,19.0,,2390.3825076206813,2376.7083157688844
12.0,2025-11-10,20.0,,1535.9327902863197,1508.607577172906
12.0,2025-11-10,21.0,,909.6714829090399,912.6601747794379
12.0,2025-11-10,22.0,,428.6781942807499,421.2686847051702
12.0,2025-11-10,23.0,,241.5869397125484,216.66757806134908
17.0,2025-11-10,0.0,,68.99586194907427,78.9211899695884
17.0,2025-11-10,1.0,,8.047533174773989,4.633847274344736
17.0,2025-11-10,2.0,,2.802479187359455e-34,0.0
17.0,2025-11-10,3.0,,2.802479187359455e-34,0.0
17.0,2025-11-10,4.0,,30.472244090419082,25.906971220209982
17.0,2025-11-10,5.0,,295.3123636567505,292.93088407151964
17.0,2025-11-10,6.0,,1472.0221465123313,1495.0460614138074
17.0,2025-11-10,7.0,,3965.785750253341,3934.504899454348
17.0,2025-11-10,8.0,,5277.9075337377135,5227.409506913153
17.0,2025-11-10,9.0,,3756.3497864839896,3703.461670176384
17.0,2025-11-10,10.0,,2946.680055891839,2963.555348423759
17.0,2025-11-10,11.0,,2922.465085504844,3019.0321312400515
17.0,2025-11-10,12.0,,2932.3471992742598,2951.427122268073
17.0,2025-11-10,13.0,,3002.4778084159684,3043.9179778252883
17.0,2025-11-10,14.0,,3064.305759929272,3091.910805714051
17.0,2025-11-10,15.0,,3174.3060753064133,3246.3188903092346
17.0,2025-11-10,16.0,,3606.607852403456,3610.7879306345694
17.0,2025-11-10,17.0,,4434.627770329829,4413.444801176872
17.0,2025-11-10,18.0,,4755.25953220476,4772.867640754066
17.0,2025-11-10,19.0,,3366.109982932225,3405.046110814136
17.0,2025-11-10,20.0,,2287.6495893379533,2268.8187543570552
17.0,2025-11-10,21.0,,1402.1824163724496,1404.7581904291717
17.0,2025-11-10,22.0,,704.4963555762741,701.9174716757352
17.0,2025-11-10,23.0,,317.84716267365064,323.19855171893295
25.0,2025-11-10,0.0,,6.9325908005757775,0.0
25.0,2025-11-10,1.0,,2.802479187359455e-34,0.0
25.0,2025-11-10,2.0,,2.802479187359455e-34,0.0
25.0,2025-11-10,3.0,,2.802479187359455e-34,0.0
25.0,2025-11-10,4.0,,2.802479187359455e-34,1.2333394795838255
25.0,2025-11-10,5.0,,3.282863361626022,0.0
25.0,2025-11-10,6.0,,202.2750736599441,168.45306357684748
25.0,2025-11-10,7.0,,529.9284560514845,515.6766514839503
25.0,2025-11-10,8.0,,854.854381514746,834.4180764163971
25.0,2025-11-10,9.0,,454.1018957035419,419.42845938831624
25.0,2025-11-10,10.0,,335.57862374677126,323.9616637027161
25.0,2025-11-10,11.0,,359.99200434845307,376.02504727099955
25.0,2025-11-10,12.0,,366.6345244346444,368.79460285530547
25.0,2025-11-10,13.0,,449.60090514094236,482.16018595444245
25.0,2025-11-10,14.0,,367.5005060845646,401.493208633711
25.0,2025-11-10,15.0,,467.2296347152301,505.9853519768981
25.0,2025-11-10,16.0,,622.9705469140815,648.9051440945684
25.0,2025-11-10,17.0,,697.6246372613487,711.1520531754147
25.0,2025-11-10,18.0,,732.809849435257,736.565886814569
25.0,2025-11-10,19.0,,504.9117408978425,493.07757895297965
25.0,2025-11-10,20.0,,282.99547220290657,302.8583116848977
25.0,2025-11-10,21.0,,178.35130786711483,180.30824394008926
25.0,2025-11-10,22.0,,89.78352071236662,98.58404333832736
25.0,2025-11-10,23.0,,7.930298611380191,0.33582206601270326
26.0,2025-11-10,0.0,,16.634916801948545,20.125863551117586
26.0,2025-11-10,1.0,,0.0,0.0
26.0,2025-11-10,2.0,,2.802479187359455e-34,0.0
26.0,2025-11-10,3.0,,2.802479187359455e-34,0.0
26.0,2025-11-10,4.0,,3.0690319317460624,0.0
26.0,2025-11-10,5.0,,79.10905928648734,64.09178070481924
26.0,2025-11-10,6.0,,479.9984692496898,448.7537645557013
26.0,2025-11-10,7.0,,1051.2169974700146,1017.4844524136998
26.0,2025-11-10,8.0,,2116.67939372858,2042.8071571959701
26.0,2025-11-10,9.0,,1414.3267633033342,1373.169304401422
26.0,2025-11-10,10.0,,1210.9625923292765,1182.0199359738267
26.0,2025-11-10,11.0,,1097.8532745894304,1043.9737201767286
26.0,2025-11-10,12.0,,1118.68856530167,1098.254961953385
26.0,2025-11-10,13.0,,1160.832464201347,1166.5748775959871
26.0,2025-11-10,14.0,,1242.7422341570948,1224.0237992148031
26.0,2025-11-10,15.0,,1320.9013322242113,1226.0998899257368
26.0,2025-11-10,16.0,,1489.2477182017692,1446.195662768787
26.0,2025-11-10,17.0,,1686.455835055415,1630.7127194308107
26.0,2025-11-10,18.0,,1810.9371772323655,1792.3265219964303
26.0,2025-11-10,19.0,,1260.3405464024102,1198.442490505255
26.0,2025-11-10,20.0,,741.4815094554857,712.1998455447823
26.0,2025-11-10,21.0,,453.87621676918076,445.0755680180077
26.0,2025-11-10,22.0,,205.30113134605645,189.71149700885599
26.0,2025-11-10,23.0,,119.8279653722049,98.82111981407579
28.0,2025-11-10,0.0,,1.1027439654455586,0.0
28.0,2025-11-10,1.0,,2.802479187359455e-34,0.0
28.0,2025-11-10,2.0,,2.802479187359455e-34,0.0
28.0,2025-11-10,3.0,,2.802479187359455e-34,0.0
28.0,2025-11-10,4.0,,0.0,0.0
28.0,2025-11-10,5.0,,65.15905722627437,57.968609656595746
28.0,2025-11-10,6.0,,248.3345760793677,222.6461004094299
28.0,2025-11-10,7.0,,731.8958581603853,733.0770183895241
28.0,2025-11-10,8.0,,1198.669898870022,1150.8188557588685
28.0,2025-11-10,9.0,,838.5469623279132,811.8247506548764
28.0,2025-11-10,10.0,,623.1384288203768,598.9332543559799
28.0,2025-11-10,11.0,,544.0640638104032,517.5817969624982
28.0,2025-11-10,12.0,,669.8274020879669,655.4686391515439
28.0,2025-11-10,13.0,,699.6559403142974,683.7655323451644
28.0,2025-11-10,14.0,,632.9411415684249,630.6052992470864
28.0,2025-11-10,15.0,,646.3357704814947,650.1821155919195
28.0,2025-11-10,16.0,,795.1823327252538,807.1165265051347
28.0,2025-11-10,17.0,,970.1103784343006,952.9732387162235
28.0,2025-11-10,18.0,,947.817355161058,930.1121215848606
28.0,2025-11-10,19.0,,701.0003085524871,696.9971850824406
28.0,2025-11-10,20.0,,467.03266785338224,453.03095035738914
28.0,2025-11-10,21.0,,301.1653593177606,282.32378283007705
28.0,2025-11-10,22.0,,112.9849596380732,112.51377754680492
28.0,2025-11-10,23.0,,15.64417773971165,9.88703557015098
50.0,2025-11-10,0.0,,0.0,0.0
50.0,2025-11-10,1.0,,0.0,0.0
50.0,2025-11-10,2.0,,0.0,2.598117033032248e-10
50.0,2025-11-10,3.0,,2.802479187359455e-34,0.0
50.0,2025-11-10,4.0,,1.8604307881308186,2.5187629873032655
50.0,2025-11-10,5.0,,60.43861882292863,49.650322008374516
50.0,2025-11-10,6.0,,512.7444940195354,505.8982521433977
50.0,2025-11-10,7.0,,1703.2197497389393,1713.6947806379526
50.0,2025-11-10,8.0,,2734.664000915759,2715.5020985793108
50.0,2025-11-10,9.0,,2114.208970569329,2132.495455560493
50.0,2025-11-10,10.0,,1646.878021516163,1634.428384742981
50.0,2025-11-10,11.0,,1557.345330165187,1513.6172925895705
50.0,2025-11-10,12.0,,1438.5917074256988,1376.7864738414114
50.0,2025-11-10,13.0,,1459.5582209897905,1435.4843289507535
50.0,2025-11-10,14.0,,1428.371084714816,1400.627003268041
50.0,2025-11-10,15.0,,1654.2899276162752,1613.771825738256
50.0,2025-11-10,16.0,,1648.3812537265019,1669.2042538129342
50.0,2025-11-10,17.0,,2307.316637464193,2315.6322422469334
50.0,2025-11-10,18.0,,2426.4252701508026,2443.033576008961
50.0,2025-11-10,19.0,,1481.741168017736,1417.3788918966932
50.0,2025-11-10,20.0,,904.6181344329286,888.5309083250513
50.0,2025-11-10,21.0,,576.9701903521832,603.0353714729443
50.0,2025-11-10,22.0,,246.37813747455627,286.9822640478073
50.0,2025-11-10,23.0,,120.9770030565662,131.91157141393293
1.0,2025-11-11,0.0,,0.0,7.788530354026607
1.0,2025-11-11,1.0,,2.802479187359455e-34,2.334314238538462
1.0,2025-11-11,2.0,,2.802479187359455e-34,2.395226269796451
1.0,2025-11-11,3.0,,2.802479187359455e-34,2.9040437842977265
1.0,2025-11-11,4.0,,0.0,2.5287362439971997
1.0,2025-11-11,5.0,,127.08993970033583,128.77749712459195
1.0,2025-11-11,6.0,,541.2074237719033,515.4155724556393
1.0,2025-11-11,7.0,,1522.5021581303108,1534.9652520162178
1.0,2025-11-11,8.0,,1899.5418888241168,1945.839035238754
1.0,2025-11-11,9.0,,1490.0297874862467,1495.565702796556
1.0,2025-11-11,10.0,,1347.872396888385,1350.4960071766427
1.0,2025-11-11,11.0,,1364.0570952349638,1365.9010787299162
1.0,2025-11-11,12.0,,1407.588004102423,1363.627205753069
1.0,2025-11-11,13.0,,1431.9462433536264,1503.2386496295444
1.0,2025-11-11,14.0,,1398.0009363188442,1367.1913254761203
1.0,2025-11-11,15.0,,1508.6262649622997,1520.3298390119207
1.0,2025-11-11,16.0,,1520.7409065466602,1534.090673439247
1.0,2025-11-11,17.0,,1784.1043648350908,1786.0903396567428
1.0,2025-11-11,18.0,,1796.2617246840855,1776.0985882284015
1.0,2025-11-11,19.0,,1378.524966084042,1350.1430046473088
1.0,2025-11-11,20.0,,879.881360394238,854.5872358396279
1.0,2025-11-11,21.0,,503.6676146766983,496.1034961081605
1.0,2025-11-11,22.0,,229.48710119871086,230.73142277274275
1.0,2025-11-11,23.0,,53.54490562094857,42.07860972111436
5.0,2025-11-11,0.0,,0.0,0.0
5.0,2025-11-11,1.0,,0.0,0.0
5.0,2025-11-11,2.0,,0.0,0.0
5.0,2025-11-11,3.0,,0.0,0.0
5.0,2025-11-11,4.0,,0.0,0.0
5.0,2025-11-11,5.0,,0.0,0.0
5.0,2025-11-11,6.0,,0.0,0.0
5.0,2025-11-11,7.0,,0.0,0.0
5.0,2025-11-11,8.0,,0.0,0.0
5.0,2025-11-11,9.0,,0.0,0.0
5.0,2025-11-11,10.0,,0.0,0.0
5.0,2025-11-11,11.0,,0.0,0.0
5.0,2025-11-11,12.0,,0.0,0.0
5.0,2025-11-11,13.0,,0.0,0.0
5.0,2025-11-11,14.0,,0.0,0.0
5.0,2025-11-11,15.0,,0.0,0.0
5.0,2025-11-11,16.0,,0.0,0.0
5.0,2025-11-11,17.0,,0.0,0.0
5.0,2025-11-11,18.0,,0.0,0.0
5.0,2025-11-11,19.0,,0.0,0.0
5.0,2025-11-11,20.0,,0.0,0.0
5.0,2025-11-11,21.0,,0.0,0.0
5.0,2025-11-11,22.0,,0.0,0.0
5.0,2025-11-11,23.0,,0.0,0.0
7.0,2025-11-11,0.0,,59.858814120746594,62.65565829518145
7.0,2025-11-11,1.0,,12.578341037532656,7.8234784920535025
7.0,2025-11-11,2.0,,2.802479187359455e-34,0.0
7.0,2025-11-11,3.0,,2.802479187359455e-34,0.0
7.0,2025-11-11,4.0,,0.0,0.0
7.0,2025-11-11,5.0,,205.2951762105969,203.64179573476176
7.0,2025-11-11,6.0,,705.7057910662227,717.3501951034324
7.0,2025-11-11,7.0,,1658.0949804539066,1691.2018800431113
7.0,2025-11-11,8.0,,2524.976405972503,2586.4177367377238
7.0,2025-11-11,9.0,,1885.6934175892493,1859.8142785174616
7.0,2025-11-11,10.0,,1695.7828028277054,1656.1347806724007
7.0,2025-11-11,11.0,,1546.9416605382357,1559.0619280553797
7.0,2025-11-11,12.0,,1682.062002218451,1799.5186083723943
7.0,2025-11-11,13.0,,1599.2217118513158,1730.557189679613
7.0,2025-11-11,14.0,,1702.837441505393,1777.6711698368792
7.0,2025-11-11,15.0,,1818.1104538007785,1886.1653380394503
7.0,2025-11-11,16.0,,1901.448517652377,1969.7101166511563
7.0,2025-11-11,17.0,,2407.338836060565,2342.5770385919186
7.0,2025-11-11,18.0,,2586.5116776419,2561.664358137196
7.0,2025-11-11,19.0,,1788.5801483624389,1703.881196910858
7.0,2025-11-11,20.0,,1114.3754323254514,1067.6918242152267
7.0,2025-11-11,21.0,,655.4552835151409,652.6411427891871
7.0,2025-11-11,22.0,,222.18868818786402,217.49444298549406
7.0,2025-11-11,23.0,,162.1690173873331,178.95557161578247
11.0,2025-11-11,0.0,,68.15211677924296,69.07414133901254
11.0,2025-11-11,1.0,,3.6181517907726315,0.4476639886187448
11.0,2025-11-11,2.0,,2.802479187359455e-34,2.6293908604443366
11.0,2025-11-11,3.0,,2.802479187359455e-34,2.2087954821312556
11.0,2025-11-11,4.0,,7.1554785284145375,2.5530202287992876
11.0,2025-11-11,5.0,,268.9066511603289,267.9067778864758
11.0,2025-11-11,6.0,,1307.637225422332,1338.2458234174167
11.0,2025-11-11,7.0,,2447.8296831955745,2401.3171512311887
11.0,2025-11-11,8.0,,3199.3568294772494,3119.118708224961
11.0,2025-11-11,9.0,,2473.420924223449,2424.378294691621
11.0,2025-11-11,10.0,,1960.8786695940312,1981.8588346172428
11.0,2025-11-11,11.0,,1912.3563209532797,2001.6172108554006
11.0,2025-11-11,12.0,,1931.3874881430272,1972.97169091925
11.0,2025-11-11,13.0,,2054.6909220033763,2017.9622064573687
11.0,2025-11-11,14.0,,2070.311492622218,2028.3426356153411
11.0,2025-11-11,15.0,,2090.580251928078,2096.9197774858467
11.0,2025-11-11,16.0,,2302.6004468653327,2275.660729186129
11.0,2025-11-11,17.0,,2858.894427102924,2808.251102940237
11.0,2025-11-11,18.0,,3036.603736923244,3052.8067982025877
11.0,2025-11-11,19.0,,2332.3103463491443,2384.706365941334
11.0,2025-11-11,20.0,,1488.9692067886435,1493.1281750868272
11.0,2025-11-11,21.0,,864.9985137149911,831.638700692516
11.0,2025-11-11,22.0,,423.0481931733129,421.52448455339254
11.0,2025-11-11,23.0,,238.9547955339469,239.9310965532046
12.0,2025-11-11,0.0,,57.68144116831952,61.027363831098434
12.0,2025-11-11,1.0,,5.962175465323451,4.253569676407305
12.0,2025-11-11,2.0,,2.802479187359455e-34,2.6293908604443366
12.0,2025-11-11,3.0,,2.802479187359455e-34,2.246064617478749
12.0,2025-11-11,4.0,,9.803714989942756,2.6572499852617617
12.0,2025-11-11,5.0,,328.931051074501,337.47498656987517
12.0,2025-11-11,6.0,,1406.7454350653022,1423.5948482477365
12.0,2025-11-11,7.0,,2742.87864380763,2675.701680920444
12.0,2025-11-11,8.0,,3560.234005311642,3437.326181446581
12.0,2025-11-11,9.0,,2579.2080065840014,2490.9438750723098
12.0,2025-11-11,10.0,,2132.5277459651443,2098.857441468773
12.0,2025-11-11,11.0,,2094.782234157559,2021.4836597373676
12.0,2025-11-11,12.0,,2113.2817272846546,2103.582886838922
12.0,2025-11-11,13.0,,2089.2350304539905,2175.0599623054104
12.0,2025-11-11,14.0,,2049.5432023633293,2085.61889218567
12.0,2025-11-11,15.0,,2286.2636097397735,2294.804014921055
12.0,2025-11-11,16.0,,2774.631964922325,2732.674707541054
12.0,2025-11-11,17.0,,3080.191807729932,2975.6394347896908
12.0,2025-11-11,18.0,,3180.305612552095,3092.932484472441
12.0,2025-11-11,19.0,,2486.6996388213583,2453.640717497652
12.0,2025-11-11,20.0,,1561.913543658308,1533.1778135427853
12.0,2025-11-11,21.0,,936.0589541775096,951.9635346039222
12.0,2025-11-11,22.0,,482.04569887534524,481.3144657706133
12.0,2025-11-11,23.0,,265.04960084334056,258.5761453991436
17.0,2025-11-11,0.0,,119.7389358652562,116.2007341591323
17.0,2025-11-11,1.0,,20.030300884600372,16.408604692147236
17.0,2025-11-11,2.0,,2.802479187359455e-34,2.3601728992994304
17.0,2025-11-11,3.0,,2.802479187359455e-34,4.284325819638663
17.0,2025-11-11,4.0,,30.957396967644694,27.53113741175264
17.0,2025-11-11,5.0,,316.58366468412834,323.37756525874994
17.0,2025-11-11,6.0,,1521.6941960198096,1540.237427823239
17.0,2025-11-11,7.0,,4023.915143572201,3993.69429430925
17.0,2025-11-11,8.0,,5332.451193529312,5247.42401312707
17.0,2025-11-11,9.0,,3870.0279298678734,3775.455108701061
17.0,2025-11-11,10.0,,3091.7462814425844,3077.2679027532804
17.0,2025-11-11,11.0,,3053.6481057795886,3110.849497842709
17.0,2025-11-11,12.0,,3047.703492981798,3074.294665756745
17.0,2025-11-11,13.0,,3121.669426411422,3146.591640968555
17.0,2025-11-11,14.0,,3204.8491135590025,3224.7045849771434
17.0,2025-11-11,15.0,,3302.7513318090932,3357.293292209998
17.0,2025-11-11,16.0,,3688.0025367369976,3673.745815519513
17.0,2025-11-11,17.0,,4534.678647758047,4468.225892428412
17.0,2025-11-11,18.0,,4818.342122089007,4810.892063490382
17.0,2025-11-11,19.0,,3402.5204017517563,3418.0561801555177
17.0,2025-11-11,20.0,,2404.8359416609615,2363.015060950391
17.0,2025-11-11,21.0,,1478.5432474192648,1469.1103266680116
17.0,2025-11-11,22.0,,751.7143325233843,756.2025027549598
17.0,2025-11-11,23.0,,361.4184562460883,379.75023458719767
25.0,2025-11-11,0.0,,1.5602887889642878,7.719208795958298
25.0,2025-11-11,1.0,,2.802479187359455e-34,8.059522991000767
25.0,2025-11-11,2.0,,2.802479187359455e-34,2.4780060043794703
25.0,2025-11-11,3.0,,2.802479187359455e-34,4.402158924718701
25.0,2025-11-11,4.0,,2.802479187359455e-34,1.5629755812798014
25.0,2025-11-11,5.0,,19.19152676324647,12.235938583046615
25.0,2025-11-11,6.0,,227.43874597227386,192.31177959194764
25.0,2025-11-11,7.0,,536.8277372212177,530.9326812152335
25.0,2025-11-11,8.0,,884.8296164568311,867.996112730522
25.0,2025-11-11,9.0,,489.1450332170936,452.5509510472751
25.0,2025-11-11,10.0,,380.776685712529,363.9642151918017
25.0,2025-11-11,11.0,,420.19931634537966,422.93237530348557
25.0,2025-11-11,12.0,,414.7989131099947,412.38699833917366
25.0,2025-11-11,13.0,,480.25871112761433,505.49233263859037
25.0,2025-11-11,14.0,,435.7678176130093,446.93562319220666
25.0,2025-11-11,15.0,,546.0397493245567,579.9149155796874
25.0,2025-11-11,16.0,,672.7098147995495,688.3227999540218
25.0,2025-11-11,17.0,,743.9810925826337,735.3546598350721
25.0,2025-11-11,18.0,,772.9941449025197,761.0207473747898
25.0,2025-11-11,19.0,,540.124036561729,531.2705509487424
25.0,2025-11-11,20.0,,321.2994577478621,317.6465732955896
25.0,2025-11-11,21.0,,203.5352821478962,202.67082622683665
25.0,2025-11-11,22.0,,103.01824370305428,113.82130611020607
25.0,2025-11-11,23.0,,8.962178131198913,1.7274235183124393
26.0,2025-11-11,0.0,,32.08867144808521,32.37063666224976
26.0,2025-11-11,1.0,,12.695682286823605,2.5020755492898226
26.0,2025-11-11,2.0,,2.802479187359455e-34,0.0
26.0,2025-11-11,3.0,,2.802479187359455e-34,2.939893291978599
26.0,2025-11-11,4.0,,2.519810900022086,0.0
26.0,2025-11-11,5.0,,78.64374652705999,82.97269646169234
26.0,2025-11-11,6.0,,514.9208225637315,486.7571178406236
26.0,2025-11-11,7.0,,1098.9720837145162,1072.3851451491164
26.0,2025-11-11,8.0,,2238.211386184933,2164.706785969692
26.0,2025-11-11,9.0,,1497.3487079203924,1414.3383838757
26.0,2025-11-11,10.0,,1263.195772416324,1242.8979173064122
26.0,2025-11-11,11.0,,1155.4053637274021,1109.7154752197582
26.0,2025-11-11,12.0,,1207.5081933112774,1189.9537197379739
26.0,2025-11-11,13.0,,1203.508117424217,1230.8309184898533
26.0,2025-11-11,14.0,,1299.9594170166497,1314.3717637806426
26.0,2025-11-11,15.0,,1384.7730763276602,1317.5218972758523
26.0,2025-11-11,16.0,,1551.73511999283,1530.5099626944207
26.0,2025-11-11,17.0,,1739.4522276211203,1718.705651420688
26.0,2025-11-11,18.0,,1849.6282118538054,1811.436763118791
26.0,2025-11-11,19.0,,1264.8495808686941,1209.4661285765574
26.0,2025-11-11,20.0,,779.1058120069797,757.2013369007468
26.0,2025-11-11,21.0,,507.43794811744795,488.96436188623414
26.0,2025-11-11,22.0,,212.33570692924218,210.56464590732048
26.0,2025-11-11,23.0,,132.4928108729575,122.32730616356996
28.0,2025-11-11,0.0,,1.1027439654455586,2.3396384314050342
28.0,2025-11-11,1.0,,2.802479187359455e-34,1.7620511033098825
28.0,2025-11-11,2.0,,2.802479187359455e-34,4.789171702259098
28.0,2025-11-11,3.0,,2.802479187359455e-34,2.772669124750142
28.0,2025-11-11,4.0,,0.0,0.0
28.0,2025-11-11,5.0,,74.61214864368544,67.4392787201133
28.0,2025-11-11,6.0,,274.40879809949496,262.14591889808815
28.0,2025-11-11,7.0,,766.4033406627264,773.2663233137287
28.0,2025-11-11,8.0,,1237.942990281619,1209.4588181027536
28.0,2025-11-11,9.0,,859.9829473663958,862.3690240897386
28.0,2025-11-11,10.0,,666.4247747815263,649.0160686514508
28.0,2025-11-11,11.0,,586.6751598402345,581.6147283840736
28.0,2025-11-11,12.0,,712.894065079692,715.3443023870115
28.0,2025-11-11,13.0,,741.3245536782227,736.759047665227
28.0,2025-11-11,14.0,,672.0196383217417,681.3103926009692
28.0,2025-11-11,15.0,,706.9537266349054,714.1110128097104
28.0,2025-11-11,16.0,,886.4716921776976,889.6343533909203
28.0,2025-11-11,17.0,,1022.8865789906984,1008.302603876416
28.0,2025-11-11,18.0,,969.0875640265334,935.8646083967081
28.0,2025-11-11,19.0,,737.3343203991647,700.753216065191
28.0,2025-11-11,20.0,,512.7223716463748,475.5823443941957
28.0,2025-11-11,21.0,,327.50915496635724,316.5070732251599
28.0,2025-11-11,22.0,,132.5615278131468,128.481396177134
28.0,2025-11-11,23.0,,13.916909840722283,13.099872604194143
50.0,2025-11-11,0.0,,11.021839584767333,7.673776486014957
50.0,2025-11-11,1.0,,2.6323885547477692,0.0
50.0,2025-11-11,2.0,,0.0,2.598117033032248e-10
50.0,2025-11-11,3.0,,2.802479187359455e-34,0.0
50.0,2025-11-11,4.0,,1.1420684889806079,0.9778354611225601
50.0,2025-11-11,5.0,,75.18964207057515,70.49214791831011
50.0,2025-11-11,6.0,,582.942952528166,535.4985763666028
50.0,2025-11-11,7.0,,1789.6794271957162,1805.3847695580862
50.0,2025-11-11,8.0,,2794.2310051799695,2770.5869648885073
50.0,2025-11-11,9.0,,2215.2044537868683,2216.6050389837505
50.0,2025-11-11,10.0,,1698.3216090987669,1680.681744588934
50.0,2025-11-11,11.0,,1587.1626738541831,1555.0259396806227
50.0,2025-11-11,12.0,,1554.6355620105583,1554.9910532341464
50.0,2025-11-11,13.0,,1517.5554072841815,1495.967593558264
50.0,2025-11-11,14.0,,1425.6759520621517,1444.8848640775159
50.0,2025-11-11,15.0,,1721.196975767555,1692.0340272242972
50.0,2025-11-11,16.0,,1761.3803293684032,1786.439740093657
50.0,2025-11-11,17.0,,2403.5909343234666,2367.5647966544843
50.0,2025-11-11,18.0,,2459.9715011735475,2480.2098604509306
50.0,2025-11-11,19.0,,1530.2844240175116,1500.355166715246
50.0,2025-11-11,20.0,,957.1535467798258,925.7926632286926
50.0,2025-11-11,21.0,,605.3739727033898,621.5923213039407
50.0,2025-11-11,22.0,,264.38648222726573,275.933657056731
50.0,2025-11-11,23.0,,136.58600794474683,155.68624564636576
1.0,2025-11-12,0.0,,0.0,3.967347174233738
1.0,2025-11-12,1.0,,2.802479187359455e-34,0.0
1.0,2025-11-12,2.0,,2.802479187359455e-34,0.0
1.0,2025-11-12,3.0,,2.802479187359455e-34,0.0
1.0,2025-11-12,4.0,,0.0,0.0
1.0,2025-11-12,5.0,,116.37725428021882,119.52432047991562
1.0,2025-11-12,6.0,,523.038382878216,502.1266102937231
1.0,2025-11-12,7.0,,1472.771282032127,1492.5529676412061
1.0,2025-11-12,8.0,,1888.5256245190135,1936.1382980197
1.0,2025-11-12,9.0,,1462.9571314678444,1491.9338458012387
1.0,2025-11-12,10.0,,1312.3101603008556,1292.8939679679934
1.0,2025-11-12,11.0,,1312.3127271974831,1299.8269833522857
1.0,2025-11-12,12.0,,1371.9251233149962,1287.7876210537459
1.0,2025-11-12,13.0,,1386.672333312331,1362.6605154291847
1.0,2025-11-12,14.0,,1349.667300916538,1309.8235306482477
1.0,2025-11-12,15.0,,1461.1677245966323,1455.1758670034917
1.0,2025-11-12,16.0,,1460.4212137428774,1503.8794699259192
1.0,2025-11-12,17.0,,1767.450492147908,1755.8262930479186
1.0,2025-11-12,18.0,,1772.2635221549021,1739.6575268081824
1.0,2025-11-12,19.0,,1357.9451277680969,1324.0483534354723
1.0,2025-11-12,20.0,,844.7863068100895,832.5160621503668
1.0,2025-11-12,21.0,,468.60537547262896,469.441169774433
1.0,2025-11-12,22.0,,204.63227357892174,213.76942518195898
1.0,2025-11-12,23.0,,36.313663760012176,25.37435432435864
5.0,2025-11-12,0.0,,0.0,0.0
5.0,2025-11-12,1.0,,0.0,0.0
5.0,2025-11-12,2.0,,0.0,0.0
5.0,2025-11-12,3.0,,0.0,0.0
5.0,2025-11-12,4.0,,0.0,0.0
5.0,2025-11-12,5.0,,0.0,0.0
5.0,2025-11-12,6.0,,0.0,0.0
5.0,2025-11-12,7.0,,0.0,0.0
5.0,2025-11-12,8.0,,0.0,0.0
5.0,2025-11-12,9.0,,0.0,0.0
5.0,2025-11-12,10.0,,0.0,0.0
5.0,2025-11-12,11.0,,0.0,0.0
5.0,2025-11-12,12.0,,0.0,0.0
5.0,2025-11-12,13.0,,0.0,0.0
5.0,2025-11-12,14.0,,0.0,0.0
5.0,2025-11-12,15.0,,0.0,0.0
5.0,2025-11-12,16.0,,0.0,0.0
5.0,2025-11-12,17.0,,0.0,0.0
5.0,2025-11-12,18.0,,0.0,0.0
5.0,2025-11-12,19.0,,0.0,0.0
5.0,2025-11-12,20.0,,0.0,0.0
5.0,2025-11-12,21.0,,0.0,0.0
5.0,2025-11-12,22.0,,0.0,0.0
5.0,2025-11-12,23.0,,0.0,0.0
7.0,2025-11-12,0.0,,55.33686734010791,64.20359660945736
7.0,2025-11-12,1.0,,3.4409099130317466,6.538208812920149
7.0,2025-11-12,2.0,,2.802479187359455e-34,0.0
7.0,2025-11-12,3.0,,2.802479187359455e-34,0.0
7.0,2025-11-12,4.0,,0.0,0.0
7.0,2025-11-12,5.0,,188.1968969879685,191.5464967579991
7.0,2025-11-12,6.0,,692.1587171337713,692.0984193478473
7.0,2025-11-12,7.0,,1632.8097175386195,1659.957811113048
7.0,2025-11-12,8.0,,2514.8311912653994,2560.766736961509
7.0,2025-11-12,9.0,,1880.2958137553294,1843.3850153355972
7.0,2025-11-12,10.0,,1685.014383306504,1636.0575114829205
7.0,2025-11-12,11.0,,1536.2749696148878,1534.8395953734841
7.0,2025-11-12,12.0,,1636.490268702552,1754.161060291485
7.0,2025-11-12,13.0,,1577.2297096638167,1686.2371013924687
7.0,2025-11-12,14.0,,1656.7540780232534,1729.4590774315116
7.0,2025-11-12,15.0,,1764.9733828074106,1835.799300961352
7.0,2025-11-12,16.0,,1866.3826157856463,1944.8298319935152
7.0,2025-11-12,17.0,,2375.485495920689,2298.746970070938
7.0,2025-11-12,18.0,,2588.8892597495005,2553.195083467141
7.0,2025-11-12,19.0,,1754.428557546645,1682.2225075058059
7.0,2025-11-12,20.0,,1102.996978248983,1045.983877282811
7.0,2025-11-12,21.0,,618.818984923202,630.5334229346493
7.0,2025-11-12,22.0,,208.3133353676143,213.7898465997101
7.0,2025-11-12,23.0,,155.02152559960712,154.2624982827443
11.0,2025-11-12,0.0,,71.81346925115419,68.66178284366849
11.0,2025-11-12,1.0,,0.3124031883970603,1.0162924715435706
11.0,2025-11-12,2.0,,2.802479187359455e-34,0.0
11.0,2025-11-12,3.0,,2.802479187359455e-34,0.0
11.0,2025-11-12,4.0,,0.0,0.0
11.0,2025-11-12,5.0,,246.11528008181693,246.94499790567102
11.0,2025-11-12,6.0,,1277.0212561642907,1310.4813793912099
11.0,2025-11-12,7.0,,2435.843707080649,2358.249256934104
11.0,2025-11-12,8.0,,3188.7829500185594,3109.0282942044855
11.0,2025-11-12,9.0,,2451.9544033940088,2388.0812836216046
11.0,2025-11-12,10.0,,1916.7117684794814,1915.568804984424
11.0,2025-11-12,11.0,,1846.8724770434887,1950.6580838052766
11.0,2025-11-12,12.0,,1897.770832212704,1903.87516871178
11.0,2025-11-12,13.0,,2004.9376935080427,1953.2788109779056
11.0,2025-11-12,14.0,,1962.284868405913,1936.4453310910055
11.0,2025-11-12,15.0,,1967.610549957126,2013.0682001901039
11.0,2025-11-12,16.0,,2241.8112589368898,2225.778843279051
11.0,2025-11-12,17.0,,2815.5808129787047,2761.6333842576246
11.0,2025-11-12,18.0,,3009.278660258915,2989.1605535561894
11.0,2025-11-12,19.0,,2281.953226603825,2299.513113389223
11.0,2025-11-12,20.0,,1457.1823175142683,1454.0061097994885
11.0,2025-11-12,21.0,,818.7588831887894,806.4277174059052
11.0,2025-11-12,22.0,,386.8361067446048,373.2866682156211
11.0,2025-11-12,23.0,,211.19468504159383,213.6366830698761
12.0,2025-11-12,0.0,,54.452405863621344,59.39420268283847
12.0,2025-11-12,1.0,,0.0,3.6422560667335464
12.0,2025-11-12,2.0,,2.802479187359455e-34,0.0
12.0,2025-11-12,3.0,,2.802479187359455e-34,0.0
12.0,2025-11-12,4.0,,3.2953367699744827,0.0
12.0,2025-11-12,5.0,,310.28438505364284,323.7597257000273
12.0,2025-11-12,6.0,,1386.1774385637373,1390.3137369116446
12.0,2025-11-12,7.0,,2707.5332637714578,2644.1045240692915
12.0,2025-11-12,8.0,,3543.8065546596054,3390.4362464784413
12.0,2025-11-12,9.0,,2545.082000538581,2470.295576299089
12.0,2025-11-12,10.0,,2114.099507226465,2085.4516024164245
12.0,2025-11-12,11.0,,2072.355316852007,1983.540774712315
12.0,2025-11-12,12.0,,2092.995509599689,2025.8943204396646
12.0,2025-11-12,13.0,,2047.3121597642428,2094.6355629788436
12.0,2025-11-12,14.0,,2007.600184989437,2013.6177302384715
12.0,2025-11-12,15.0,,2265.3379845408513,2217.4090499805566
12.0,2025-11-12,16.0,,2723.7410356053956,2670.1130945917703
12.0,2025-11-12,17.0,,3045.669151105694,2912.44593692937
12.0,2025-11-12,18.0,,3170.2894986125466,3064.7005542907655
12.0,2025-11-12,19.0,,2451.4411347425753,2426.929160538514
12.0,2025-11-12,20.0,,1530.6519020159865,1511.563086826526
12.0,2025-11-12,21.0,,918.4238732474838,931.9285709404777
12.0,2025-11-12,22.0,,448.97349816198823,462.5919809058772
12.0,2025-11-12,23.0,,243.54833460577225,231.42398274259259
17.0,2025-11-12,0.0,,112.27114350616,112.65108911295992
17.0,2025-11-12,1.0,,3.719822367643674,3.660813793028247
17.0,2025-11-12,2.0,,2.802479187359455e-34,0.0
17.0,2025-11-12,3.0,,2.802479187359455e-34,0.0
17.0,2025-11-12,4.0,,10.9435970528868,10.377888415944916
17.0,2025-11-12,5.0,,304.2824969094921,309.5899504627918
17.0,2025-11-12,6.0,,1491.509935044467,1527.6020748056283
17.0,2025-11-12,7.0,,3968.4406779855553,3948.605048954573
17.0,2025-11-12,8.0,,5281.010046305283,5232.830642674261
17.0,2025-11-12,9.0,,3804.5458213673614,3756.914272172957
17.0,2025-11-12,10.0,,3020.343130636074,3011.293258235852
17.0,2025-11-12,11.0,,2985.326973969188,2996.9373909610044
17.0,2025-11-12,12.0,,2965.3330552937578,3010.0045667159734
17.0,2025-11-12,13.0,,3019.6572821160503,3075.7427220763925
17.0,2025-11-12,14.0,,3104.4280162375126,3136.6517522294143
17.0,2025-11-12,15.0,,3188.381121478967,3275.7780332796274
17.0,2025-11-12,16.0,,3606.6399778916257,3646.1225726025978
17.0,2025-11-12,17.0,,4478.73677408381,4433.333720068255
17.0,2025-11-12,18.0,,4740.550331999294,4777.527499600817
17.0,2025-11-12,19.0,,3330.22890651555,3408.917660773661
17.0,2025-11-12,20.0,,2325.2202988164204,2323.962763410925
17.0,2025-11-12,21.0,,1417.1935401242588,1463.1733193434638
17.0,2025-11-12,22.0,,722.8180207360589,738.4902209655138
17.0,2025-11-12,23.0,,340.5492154813164,360.23749492250323
25.0,2025-11-12,0.0,,0.0,0.8380054738561492
25.0,2025-11-12,1.0,,2.802479187359455e-34,0.0
25.0,2025-11-12,2.0,,2.802479187359455e-34,0.0
25.0,2025-11-12,3.0,,2.802479187359455e-34,0.0
25.0,2025-11-12,4.0,,2.802479187359455e-34,0.0
25.0,2025-11-12,5.0,,5.6216224484199016,0.0
25.0,2025-11-12,6.0,,208.14044542584978,169.81194387809458
25.0,2025-11-12,7.0,,526.3727595875196,523.335031079878
25.0,2025-11-12,8.0,,875.6349866502945,856.8711076085016
25.0,2025-11-12,9.0,,460.39775579965044,445.13414027193744
25.0,2025-11-12,10.0,,362.9513812192329,353.4871481553234
25.0,2025-11-12,11.0,,405.1536010848193,391.95761140979016
25.0,2025-11-12,12.0,,389.8302074982106,387.4454302981992
25.0,2025-11-12,13.0,,456.2053539257798,479.37440653804094
25.0,2025-11-12,14.0,,405.20279828423224,417.71895147575947
25.0,2025-11-12,15.0,,494.08552611256266,526.3684511833418
25.0,2025-11-12,16.0,,637.1930876924514,658.0004261128519
25.0,2025-11-12,17.0,,719.4875323092999,713.1007871539614
25.0,2025-11-12,18.0,,761.9504784516988,733.0007862234276
25.0,2025-11-12,19.0,,515.6301156761587,503.99291206419105
25.0,2025-11-12,20.0,,303.10741017913494,299.10160182053136
25.0,2025-11-12,21.0,,184.49172177657726,181.5496423579007
25.0,2025-11-12,22.0,,90.7538405289767,90.23589515665911
25.0,2025-11-12,23.0,,0.0,0.0
26.0,2025-11-12,0.0,,17.727018869045665,28.49921399924887
26.0,2025-11-12,1.0,,4.440336316244263,0.0
26.0,2025-11-12,2.0,,2.802479187359455e-34,0.0
26.0,2025-11-12,3.0,,2.802479187359455e-34,0.0
26.0,2025-11-12,4.0,,0.0,0.0
26.0,2025-11-12,5.0,,67.46027068169182,77.81893155807555
26.0,2025-11-12,6.0,,487.36493361213576,469.40438214523516
26.0,2025-11-12,7.0,,1056.9989780735114,1027.4646120353761
26.0,2025-11-12,8.0,,2240.542091548765,2135.9036503612056
26.0,2025-11-12,9.0,,1459.3748444914304,1394.5046630205338
26.0,2025-11-12,10.0,,1215.7574193778646,1218.712854453558
26.0,2025-11-12,11.0,,1103.5189723802355,1050.82864304808
26.0,2025-11-12,12.0,,1118.1559149328464,1121.7826981785493
26.0,2025-11-12,13.0,,1140.1933967375185,1128.324340966118
26.0,2025-11-12,14.0,,1241.1830445926817,1240.5954844675769
26.0,2025-11-12,15.0,,1311.1859012374803,1243.9746555214465
26.0,2025-11-12,16.0,,1509.3874067290387,1504.296930734089
26.0,2025-11-12,17.0,,1686.510738935222,1665.1296095882265
26.0,2025-11-12,18.0,,1833.217243777501,1771.5815977011437
26.0,2025-11-12,19.0,,1231.2926013661645,1189.8934810367027
26.0,2025-11-12,20.0,,734.6734740805013,718.8489401622431
26.0,2025-11-12,21.0,,468.0162506518727,464.5165828865715
26.0,2025-11-12,22.0,,189.0610523884076,183.2765357560782
26.0,2025-11-12,23.0,,118.57924392863424,101.98974219531432
28.0,2025-11-12,0.0,,1.1027439654455586,2.598117033032248e-10
28.0,2025-11-12,1.0,,2.802479187359455e-34,0.0
28.0,2025-11-12,2.0,,2.802479187359455e-34,0.0
28.0,2025-11-12,3.0,,2.802479187359455e-34,0.0
28.0,2025-11-12,4.0,,0.0,0.0
28.0,2025-11-12,5.0,,68.9800418642589,67.5056749753545
28.0,2025-11-12,6.0,,269.13154058220033,250.89446626648
28.0,2025-11-12,7.0,,746.9995825026701,797.6095257621429
28.0,2025-11-12,8.0,,1230.8043232759483,1263.6065183093951
28.0,2025-11-12,9.0,,851.9390075623202,842.4130831646625
28.0,2025-11-12,10.0,,647.9828168532069,645.0884712154866
28.0,2025-11-12,11.0,,570.7517816521123,556.4549180434492
28.0,2025-11-12,12.0,,710.1837410714197,699.6869145996558
28.0,2025-11-12,13.0,,724.7317109352667,723.4895544952782
28.0,2025-11-12,14.0,,667.7989669878358,658.5824194711719
28.0,2025-11-12,15.0,,686.7183276319703,682.6642536244308
28.0,2025-11-12,16.0,,874.5157778751816,859.2220099230217
28.0,2025-11-12,17.0,,996.7713231294749,985.8707596427059
28.0,2025-11-12,18.0,,943.8245500717202,918.6095191259413
28.0,2025-11-12,19.0,,708.862030305482,692.3230190648022
28.0,2025-11-12,20.0,,490.53740984160277,479.2773492039497
28.0,2025-11-12,21.0,,315.3812534720986,300.77926481351267
28.0,2025-11-12,22.0,,115.01471511383491,110.14104839100726
28.0,2025-11-12,23.0,,5.670231864872005,0.0
50.0,2025-11-12,0.0,,8.256538268662434,6.56039147337118
50.0,2025-11-12,1.0,,0.0,0.0
50.0,2025-11-12,2.0,,0.0,2.598117033032248e-10
50.0,2025-11-12,3.0,,2.802479187359455e-34,0.0
50.0,2025-11-12,4.0,,0.0,0.0
50.0,2025-11-12,5.0,,59.847628818539945,53.86550376332743
50.0,2025-11-12,6.0,,537.0996426263231,520.3094466965168
50.0,2025-11-12,7.0,,1759.8002843573704,1771.75106999196
50.0,2025-11-12,8.0,,2768.4531867954897,2746.9223042084113
50.0,2025-11-12,9.0,,2191.5733772208846,2187.136699630606
50.0,2025-11-12,10.0,,1670.832726360378,1671.2983496065247
50.0,2025-11-12,11.0,,1577.8961363711999,1541.197727555896
50.0,2025-11-12,12.0,,1498.0318774005539,1443.7907480989945
50.0,2025-11-12,13.0,,1493.3377050435124,1474.731106752573
50.0,2025-11-12,14.0,,1412.7763560539945,1426.2250507759063
50.0,2025-11-12,15.0,,1683.2241181308361,1674.6039051277878
50.0,2025-11-12,16.0,,1732.9730039347014,1726.1801793483503
50.0,2025-11-12,17.0,,2364.188531397771,2341.466218392613
50.0,2025-11-12,18.0,,2424.79945298294,2385.1251681316267
50.0,2025-11-12,19.0,,1510.9942660642134,1418.9184668318837
50.0,2025-11-12,20.0,,936.3989166187778,919.0255698909915
50.0,2025-11-12,21.0,,607.5051359388603,613.7753175840412
50.0,2025-11-12,22.0,,271.84713544970907,260.3070318947057
50.0,2025-11-12,23.0,,133.3135814454339,136.5175190393993
1.0,2025-11-13,0.0,,0.0,0.0
1.0,2025-11-13,1.0,,2.802479187359455e-34,0.0
1.0,2025-11-13,2.0,,2.802479187359455e-34,1.0109328925174688
1.0,2025-11-13,3.0,,2.802479187359455e-34,0.0
1.0,2025-11-13,4.0,,0.0,8.785253112551413
1.0,2025-11-13,5.0,,126.38883111517964,117.32699550992578
1.0,2025-11-13,6.0,,516.6374625884572,511.0692707561429
1.0,2025-11-13,7.0,,1493.2122910906721,1497.349097932537
1.0,2025-11-13,8.0,,1902.3633496292437,1932.286548986772
1.0,2025-11-13,9.0,,1470.1678999457636,1477.9597671226284
1.0,2025-11-13,10.0,,1329.5634584060776,1326.4056663010465
1.0,2025-11-13,11.0,,1361.8791395094581,1357.712950582842
1.0,2025-11-13,12.0,,1373.1105332501206,1318.4408289826195
1.0,2025-11-13,13.0,,1380.0686599419378,1372.2780352693367
1.0,2025-11-13,14.0,,1375.6725478524972,1298.19376810299
1.0,2025-11-13,15.0,,1485.873113889344,1486.8966546340473
1.0,2025-11-13,16.0,,1494.184681351598,1519.5758581200973
1.0,2025-11-13,17.0,,1765.0931461524685,1756.883226793843
1.0,2025-11-13,18.0,,1767.3789675996536,1747.4900814992811
1.0,2025-11-13,19.0,,1345.3121176119496,1317.9689925325658
1.0,2025-11-13,20.0,,874.0775687433963,831.8415667314557
1.0,2025-11-13,21.0,,493.409500622319,489.99234897274937
1.0,2025-11-13,22.0,,223.7774555393067,228.67156463172446
1.0,2025-11-13,23.0,,48.68325592211875,34.8700439377864
5.0,2025-11-13,0.0,,0.0,0.0
5.0,2025-11-13,1.0,,0.0,0.0
5.0,2025-11-13,2.0,,0.0,0.0
5.0,2025-11-13,3.0,,0.0,0.0
5.0,2025-11-13,4.0,,0.0,0.0
5.0,2025-11-13,5.0,,0.0,0.0
5.0,2025-11-13,6.0,,0.0,0.0
5.0,2025-11-13,7.0,,0.0,0.0
5.0,2025-11-13,8.0,,0.0,0.0
5.0,2025-11-13,9.0,,0.0,0.0
5.0,2025-11-13,10.0,,0.0,0.0
5.0,2025-11-13,11.0,,0.0,0.0
5.0,2025-11-13,12.0,,0.0,0.0
5.0,2025-11-13,13.0,,0.0,0.0
5.0,2025-11-13,14.0,,0.0,0.0
5.0,2025-11-13,15.0,,0.0,0.0
5.0,2025-11-13,16.0,,0.0,0.0
5.0,2025-11-13,17.0,,0.0,0.0
5.0,2025-11-13,18.0,,0.0,0.0
5.0,2025-11-13,19.0,,0.0,0.0
5.0,2025-11-13,20.0,,0.0,0.0
5.0,2025-11-13,21.0,,0.0,0.0
5.0,2025-11-13,22.0,,0.0,0.0
5.0,2025-11-13,23.0,,0.0,0.0
7.0,2025-11-13,0.0,,38.81644623271505,41.88024912845653
7.0,2025-11-13,1.0,,0.0,0.0
7.0,2025-11-13,2.0,,2.802479187359455e-34,0.0
7.0,2025-11-13,3.0,,2.802479187359455e-34,0.0
7.0,2025-11-13,4.0,,3.3544726117560484,0.0
7.0,2025-11-13,5.0,,201.44059594910254,201.5266997708764
7.0,2025-11-13,6.0,,709.2580705509995,698.6544353697561
7.0,2025-11-13,7.0,,1627.1724713328397,1662.4783242239857
7.0,2025-11-13,8.0,,2498.331483465431,2569.482538944124
7.0,2025-11-13,9.0,,1885.861121326494,1849.0574479631423
7.0,2025-11-13,10.0,,1673.9381532930274,1655.884950724993
7.0,2025-11-13,11.0,,1529.6476349702455,1545.3136476092761
7.0,2025-11-13,12.0,,1651.2731328966815,1754.2350120161516
7.0,2025-11-13,13.0,,1573.4591053753784,1687.6006207760383
7.0,2025-11-13,14.0,,1654.4104609257502,1732.9255042842183
7.0,2025-11-13,15.0,,1776.1670781454,1860.2558552209694
7.0,2025-11-13,16.0,,1890.493445328999,1962.9101586010265
7.0,2025-11-13,17.0,,2362.946942929808,2300.435920102023
7.0,2025-11-13,18.0,,2564.8983058357344,2536.0462035715323
7.0,2025-11-13,19.0,,1761.3679754331176,1674.8470236094827
7.0,2025-11-13,20.0,,1090.484507444963,1042.8265594549084
7.0,2025-11-13,21.0,,632.1338872420953,650.7667027367069
7.0,2025-11-13,22.0,,222.54459786429138,204.77277764072002
7.0,2025-11-13,23.0,,168.46754905129978,160.20539586288896
11.0,2025-11-13,0.0,,51.722220997702145,56.97627635097871
11.0,2025-11-13,1.0,,0.0,0.0
11.0,2025-11-13,2.0,,2.802479187359455e-34,1.67223526342488
11.0,2025-11-13,3.0,,2.802479187359455e-34,0.0
11.0,2025-11-13,4.0,,0.0,2.209454360006408
11.0,2025-11-13,5.0,,282.82361166621206,266.2104412682534
11.0,2025-11-13,6.0,,1297.5229715996438,1327.267263011584
11.0,2025-11-13,7.0,,2402.885909547155,2361.1614507588774
11.0,2025-11-13,8.0,,3175.1287001397286,3110.629670998479
11.0,2025-11-13,9.0,,2469.513098492427,2405.289027201201
11.0,2025-11-13,10.0,,1931.0254115299,1953.1839691624168
11.0,2025-11-13,11.0,,1879.2962630322293,1846.169603208684
11.0,2025-11-13,12.0,,1918.656096725744,1866.2228687795537
11.0,2025-11-13,13.0,,1994.82314315865,1952.9244821805016
11.0,2025-11-13,14.0,,2031.9193592480392,1962.7137351211966
11.0,2025-11-13,15.0,,2020.2368729712493,1962.1510789700865
11.0,2025-11-13,16.0,,2258.1335664716025,2239.273961966051
11.0,2025-11-13,17.0,,2823.148281545595,2767.864064216329
11.0,2025-11-13,18.0,,3008.9390231359384,2991.185543926805
11.0,2025-11-13,19.0,,2281.0875833421105,2288.959330695913
11.0,2025-11-13,20.0,,1445.8211087783752,1447.2940070985924
11.0,2025-11-13,21.0,,865.688820504122,834.4269066480778
11.0,2025-11-13,22.0,,421.6791900046738,401.139417468945
11.0,2025-11-13,23.0,,234.0343550868713,240.63248879003598
12.0,2025-11-13,0.0,,43.990869708432484,40.704535540063766
12.0,2025-11-13,1.0,,0.0,0.0
12.0,2025-11-13,2.0,,2.802479187359455e-34,1.67223526342488
12.0,2025-11-13,3.0,,2.802479187359455e-34,0.0
12.0,2025-11-13,4.0,,13.964904082976746,0.0
12.0,2025-11-13,5.0,,330.24914593660196,348.5492072581906
12.0,2025-11-13,6.0,,1389.916531300093,1403.7277882330143
12.0,2025-11-13,7.0,,2741.4213351066455,2644.5820751539095
12.0,2025-11-13,8.0,,3506.805473701928,3420.2235988710268
12.0,2025-11-13,9.0,,2534.971007578556,2467.6041985315983
12.0,2025-11-13,10.0,,2100.762914642932,2082.4276881769297
12.0,2025-11-13,11.0,,2092.45098520027,2003.89710233802
12.0,2025-11-13,12.0,,2101.2366829784846,2030.7073984195802
12.0,2025-11-13,13.0,,2070.532082144758,2002.955189335529
12.0,2025-11-13,14.0,,2033.041432059177,1919.873970604112
12.0,2025-11-13,15.0,,2298.5729733279213,2254.5602868476517
12.0,2025-11-13,16.0,,2787.598678235637,2710.3589143450113
12.0,2025-11-13,17.0,,3083.520556065565,2935.646496199921
12.0,2025-11-13,18.0,,3183.506744265218,3069.2347113622086
12.0,2025-11-13,19.0,,2483.0148867616713,2431.275569618127
12.0,2025-11-13,20.0,,1549.138784249044,1518.8583331180696
12.0,2025-11-13,21.0,,939.769674990697,938.3924033530245
12.0,2025-11-13,22.0,,467.9683824303806,461.50685054347014
12.0,2025-11-13,23.0,,267.3073335275254,244.01334222232757
17.0,2025-11-13,0.0,,106.27540735461237,107.30481374099179
17.0,2025-11-13,1.0,,8.568030009788757,7.819498034928536
17.0,2025-11-13,2.0,,2.802479187359455e-34,2.248175841935378
17.0,2025-11-13,3.0,,2.802479187359455e-34,0.0
17.0,2025-11-13,4.0,,29.039372479110682,27.46304210415874
17.0,2025-11-13,5.0,,320.7416526948751,328.4988525426423
17.0,2025-11-13,6.0,,1508.4982554534292,1513.4646118161809
17.0,2025-11-13,7.0,,3932.695017783587,3950.10410094853
17.0,2025-11-13,8.0,,5273.509997710748,5237.861057845797
17.0,2025-11-13,9.0,,3838.5474816893593,3814.0038856959654
17.0,2025-11-13,10.0,,3072.538015117621,3056.95422733027
17.0,2025-11-13,11.0,,3041.6979178483903,3087.1219896621246
17.0,2025-11-13,12.0,,3031.764774180428,3047.1640565994994
17.0,2025-11-13,13.0,,3104.270667014862,3087.7439646363423
17.0,2025-11-13,14.0,,3173.996006891878,3126.4036956299865
17.0,2025-11-13,15.0,,3286.3974004227093,3310.4858475099636
17.0,2025-11-13,16.0,,3714.1621612694485,3699.27769752616
17.0,2025-11-13,17.0,,4514.845363356609,4455.367882703018
17.0,2025-11-13,18.0,,4784.484336565606,4795.771635726486
17.0,2025-11-13,19.0,,3380.919422185879,3416.605193749672
17.0,2025-11-13,20.0,,2391.5440588421457,2376.56508299315
17.0,2025-11-13,21.0,,1480.2657403826415,1524.3280101283663
17.0,2025-11-13,22.0,,779.3595565499,783.2748755858568
17.0,2025-11-13,23.0,,369.26978845963123,385.2364299873376
25.0,2025-11-13,0.0,,0.0,0.0
25.0,2025-11-13,1.0,,2.802479187359455e-34,2.814443934150005
25.0,2025-11-13,2.0,,2.802479187359455e-34,1.7897728818837326
25.0,2025-11-13,3.0,,2.802479187359455e-34,0.0
25.0,2025-11-13,4.0,,2.802479187359455e-34,3.328707011275321
25.0,2025-11-13,5.0,,21.82388619745674,9.065500237002517
25.0,2025-11-13,6.0,,211.41159544578414,180.0491901295869
25.0,2025-11-13,7.0,,529.9988990095826,512.9813195420392
25.0,2025-11-13,8.0,,860.0376021677005,864.8595285285286
25.0,2025-11-13,9.0,,462.98016756691493,452.056822786693
25.0,2025-11-13,10.0,,370.388131246865,367.6073895246109
25.0,2025-11-13,11.0,,403.1941302159946,426.3411132221435
25.0,2025-11-13,12.0,,398.00173409240716,401.61502991692936
25.0,2025-11-13,13.0,,470.35805520840665,496.53766560418745
25.0,2025-11-13,14.0,,418.60099674000725,441.89053647636956
25.0,2025-11-13,15.0,,532.798984473754,554.1492690234162
25.0,2025-11-13,16.0,,659.3623683782797,690.4748506367149
25.0,2025-11-13,17.0,,729.0588384496506,721.8790355419183
25.0,2025-11-13,18.0,,765.5729064546729,749.9392517981048
25.0,2025-11-13,19.0,,517.1208215509066,504.2247377870768
25.0,2025-11-13,20.0,,304.33077298358825,297.85015283997075
25.0,2025-11-13,21.0,,194.17339036978447,190.3391019085002
25.0,2025-11-13,22.0,,111.40690913143544,110.74947787431238
25.0,2025-11-13,23.0,,0.0,0.0
26.0,2025-11-13,0.0,,11.548557636100309,19.788869825365555
26.0,2025-11-13,1.0,,0.9739236025195769,0.0
26.0,2025-11-13,2.0,,2.802479187359455e-34,0.36234538378905456
26.0,2025-11-13,3.0,,2.802479187359455e-34,0.0
26.0,2025-11-13,4.0,,4.626213433672529,0.0
26.0,2025-11-13,5.0,,84.14966633498543,87.50256145887516
26.0,2025-11-13,6.0,,510.7533457618617,478.28682290578587
26.0,2025-11-13,7.0,,1070.4713078427874,1049.2997895038995
26.0,2025-11-13,8.0,,2171.754670111936,2132.9896834620968
26.0,2025-11-13,9.0,,1491.2675160685035,1418.5107460496974
26.0,2025-11-13,10.0,,1225.972400777378,1224.3450433787964
26.0,2025-11-13,11.0,,1143.1154743850293,1080.4454323690986
26.0,2025-11-13,12.0,,1133.0412215435433,1146.3677170992803
26.0,2025-11-13,13.0,,1157.75925400327,1178.5841773111854
26.0,2025-11-13,14.0,,1246.0379915958151,1260.9352044045245
26.0,2025-11-13,15.0,,1325.3114467472785,1256.3211580645127
26.0,2025-11-13,16.0,,1527.0119043098216,1526.2284692225444
26.0,2025-11-13,17.0,,1701.3689727710587,1676.8605373984644
26.0,2025-11-13,18.0,,1801.27421456719,1776.001521143366
26.0,2025-11-13,19.0,,1227.542199411005,1187.5604356214747
26.0,2025-11-13,20.0,,748.4006813279118,723.9735100917449
26.0,2025-11-13,21.0,,483.6111598442646,478.3461511457885
26.0,2025-11-13,22.0,,203.04848765193515,194.82435544244262
26.0,2025-11-13,23.0,,120.21803645339054,115.10422087177544
28.0,2025-11-13,0.0,,1.1027439654455586,2.598117033032248e-10
28.0,2025-11-13,1.0,,2.802479187359455e-34,0.0
28.0,2025-11-13,2.0,,2.802479187359455e-34,0.7740519053388968
28.0,2025-11-13,3.0,,2.802479187359455e-34,0.0
28.0,2025-11-13,4.0,,0.0,0.0
28.0,2025-11-13,5.0,,75.31371926485284,72.28328991055969
28.0,2025-11-13,6.0,,272.4252697589974,260.81499208531955
28.0,2025-11-13,7.0,,746.3457248560517,793.2420593943397
28.0,2025-11-13,8.0,,1210.634178600738,1200.5428884112755
28.0,2025-11-13,9.0,,847.814537376537,856.7145386300836
28.0,2025-11-13,10.0,,651.2378472596913,650.4357927336479
28.0,2025-11-13,11.0,,596.7615552912439,586.0432194799425
28.0,2025-11-13,12.0,,727.6466288518403,712.6208070496988
28.0,2025-11-13,13.0,,739.349958499487,728.0517851436814
28.0,2025-11-13,14.0,,663.5099103362293,668.5472547972323
28.0,2025-11-13,15.0,,692.8153114551346,700.5591595935451
28.0,2025-11-13,16.0,,885.9376072177341,877.1297318290331
28.0,2025-11-13,17.0,,1009.3399473531399,988.7830427813428
28.0,2025-11-13,18.0,,951.6300254219526,927.8725886772379
28.0,2025-11-13,19.0,,703.5079990205273,692.4304314244991
28.0,2025-11-13,20.0,,501.34442339486765,484.07571086296684
28.0,2025-11-13,21.0,,327.9364163339212,306.02233575129674
28.0,2025-11-13,22.0,,131.08636180637748,120.2838399421527
28.0,2025-11-13,23.0,,15.506098477747672,2.557326797151662
50.0,2025-11-13,0.0,,3.194836042122379,0.0
50.0,2025-11-13,1.0,,0.0,0.0
50.0,2025-11-13,2.0,,0.0,2.598117033032248e-10
50.0,2025-11-13,3.0,,2.802479187359455e-34,0.0
50.0,2025-11-13,4.0,,5.855439477336518,2.5839687671262843
50.0,2025-11-13,5.0,,75.11057142696544,72.47759510444111
50.0,2025-11-13,6.0,,537.4875397249318,519.4809624973465
50.0,2025-11-13,7.0,,1745.3292033412895,1764.9712250604086
50.0,2025-11-13,8.0,,2750.0495492553678,2748.0347661445617
50.0,2025-11-13,9.0,,2187.4382272406056,2183.273505734172
50.0,2025-11-13,10.0,,1658.5318335218253,1673.9219044115196
50.0,2025-11-13,11.0,,1575.4547370834368,1547.888415265762
50.0,2025-11-13,12.0,,1525.564034820426,1453.3253372938818
50.0,2025-11-13,13.0,,1491.968622795973,1460.0793353509343
50.0,2025-11-13,14.0,,1410.0139152526929,1420.0539703535637
50.0,2025-11-13,15.0,,1682.8529105087753,1672.2463057698997
50.0,2025-11-13,16.0,,1763.2947806826103,1744.4893505851571
50.0,2025-11-13,17.0,,2348.4460391194093,2334.3993921338783
50.0,2025-11-13,18.0,,2385.8493448325826,2391.4766945811853
50.0,2025-11-13,19.0,,1482.228515735127,1414.1256740903657
50.0,2025-11-13,20.0,,930.791047615255,904.6601540197702
50.0,2025-11-13,21.0,,610.2791770426998,630.0165004803198
50.0,2025-11-13,22.0,,267.5709779403474,265.0928362942244
50.0,2025-11-13,23.0,,143.26203598691336,144.4788717891836
1.0,2025-11-14,0.0,,2.2516931715686153,0.0
1.0,2025-11-14,1.0,,2.802479187359455e-34,0.0
1.0,2025-11-14,2.0,,2.802479187359455e-34,0.0
1.0,2025-11-14,3.0,,2.802479187359455e-34,0.0
1.0,2025-11-14,4.0,,0.0,0.0
1.0,2025-11-14,5.0,,123.00304281895933,119.69331313184306
1.0,2025-11-14,6.0,,489.8904213688664,486.7007054343474
1.0,2025-11-14,7.0,,1469.500231844546,1486.3709995986385
1.0,2025-11-14,8.0,,1807.7492516712903,1886.5062647644954
1.0,2025-11-14,9.0,,1453.7970982385093,1462.9696273107595
1.0,2025-11-14,10.0,,1297.7826461518273,1295.1445192617932
1.0,2025-11-14,11.0,,1378.3155200337844,1371.6007276260236
1.0,2025-11-14,12.0,,1367.5394801804475,1320.0177535832156
1.0,2025-11-14,13.0,,1403.8917463197774,1374.969387956618
1.0,2025-11-14,14.0,,1370.7781226954053,1304.4661881038937
1.0,2025-11-14,15.0,,1508.0813836105394,1499.511241229697
1.0,2025-11-14,16.0,,1539.0392493601018,1552.8159595716506
1.0,2025-11-14,17.0,,1764.4945968292893,1761.2909084934433
1.0,2025-11-14,18.0,,1596.0974923468564,1639.219548687438
1.0,2025-11-14,19.0,,1229.5667910173563,1231.9163533238227
1.0,2025-11-14,20.0,,792.9962042586296,790.791138423961
1.0,2025-11-14,21.0,,477.950625448411,475.7059538843459
1.0,2025-11-14,22.0,,229.44172484398555,224.30339422688462
1.0,2025-11-14,23.0,,52.01180567019693,43.01139447537582
5.0,2025-11-14,0.0,,0.0,0.0
5.0,2025-11-14,1.0,,0.0,0.0
5.0,2025-11-14,2.0,,0.0,0.0
5.0,2025-11-14,3.0,,0.0,0.0
5.0,2025-11-14,4.0,,0.0,0.0
5.0,2025-11-14,5.0,,0.0,0.0
5.0,2025-11-14,6.0,,0.0,0.0
5.0,2025-11-14,7.0,,0.0,0.0
5.0,2025-11-14,8.0,,0.0,0.0
5.0,2025-11-14,9.0,,0.0,0.0
5.0,2025-11-14,10.0,,0.0,0.0
5.0,2025-11-14,11.0,,0.0,0.0
5.0,2025-11-14,12.0,,0.0,0.0
5.0,2025-11-14,13.0,,0.0,0.0
5.0,2025-11-14,14.0,,0.0,0.0
5.0,2025-11-14,15.0,,0.0,0.0
5.0,2025-11-14,16.0,,0.0,0.0
5.0,2025-11-14,17.0,,0.0,0.0
5.0,2025-11-14,18.0,,0.0,0.0
5.0,2025-11-14,19.0,,0.0,0.0
5.0,2025-11-14,20.0,,0.0,0.0
5.0,2025-11-14,21.0,,0.0,0.0
5.0,2025-11-14,22.0,,0.0,0.0
5.0,2025-11-14,23.0,,0.0,0.0
7.0,2025-11-14,0.0,,53.726050098312086,35.89820793552425
7.0,2025-11-14,1.0,,1.3289511775015523,0.0
7.0,2025-11-14,2.0,,2.802479187359455e-34,0.0
7.0,2025-11-14,3.0,,2.802479187359455e-34,0.0
7.0,2025-11-14,4.0,,0.0,0.0
7.0,2025-11-14,5.0,,177.5112499211573,184.07310608529903
7.0,2025-11-14,6.0,,647.7691157366147,661.1037691854364
7.0,2025-11-14,7.0,,1594.8848623493172,1649.0122300864177
7.0,2025-11-14,8.0,,2418.267379259287,2469.151485383893
7.0,2025-11-14,9.0,,1816.2567669894374,1820.6535201359707
7.0,2025-11-14,10.0,,1685.706201538193,1646.6698761328348
7.0,2025-11-14,11.0,,1528.4074997969715,1547.1698056266434
7.0,2025-11-14,12.0,,1666.7462437598301,1756.4478428940913
7.0,2025-11-14,13.0,,1650.3784200949954,1729.8023868476769
7.0,2025-11-14,14.0,,1758.4272146124122,1817.2273461571347
7.0,2025-11-14,15.0,,1869.0251282893282,1889.3374312108658
7.0,2025-11-14,16.0,,1951.529560599212,1993.00565200344
7.0,2025-11-14,17.0,,2274.2538287421453,2285.21797617979
7.0,2025-11-14,18.0,,2170.9205035272294,2298.737547336208
7.0,2025-11-14,19.0,,1555.1421156362092,1584.0531991530936
7.0,2025-11-14,20.0,,1032.070407583789,1031.206235599232
7.0,2025-11-14,21.0,,600.1253326967246,642.3886866699027
7.0,2025-11-14,22.0,,237.44991414798824,235.5428310015513
7.0,2025-11-14,23.0,,199.26898146322614,179.27251747817243
11.0,2025-11-14,0.0,,64.20971636912374,65.95515800853158
11.0,2025-11-14,1.0,,6.132982658224255,0.0
11.0,2025-11-14,2.0,,2.802479187359455e-34,0.0
11.0,2025-11-14,3.0,,2.802479187359455e-34,0.0
11.0,2025-11-14,4.0,,5.418648536266639,0.0
11.0,2025-11-14,5.0,,261.22092479505136,275.49506293907393
11.0,2025-11-14,6.0,,1255.7051949926833,1294.7580830984514
11.0,2025-11-14,7.0,,2342.3699483159544,2304.2530625150057
11.0,2025-11-14,8.0,,3053.118973392175,2998.0662881113512
11.0,2025-11-14,9.0,,2338.685795204676,2367.306015322005
11.0,2025-11-14,10.0,,1899.9721881024375,1930.912350914947
11.0,2025-11-14,11.0,,1897.2677416821575,1839.7993183283431
11.0,2025-11-14,12.0,,1954.692194226494,1906.9014922548229
11.0,2025-11-14,13.0,,2006.4957103823945,1946.458404572268
11.0,2025-11-14,14.0,,2073.683660888608,1982.7084446524425
11.0,2025-11-14,15.0,,2122.6759464962643,2001.4132319619034
11.0,2025-11-14,16.0,,2328.433320001663,2266.024277583883
11.0,2025-11-14,17.0,,2829.0212009301645,2744.0734610736786
11.0,2025-11-14,18.0,,2670.3578669827034,2734.1477931222594
11.0,2025-11-14,19.0,,2089.5470665885828,2149.1081094068913
11.0,2025-11-14,20.0,,1391.7562605813268,1409.4808349333384
11.0,2025-11-14,21.0,,812.0386177618551,834.6758390037273
11.0,2025-11-14,22.0,,403.33708231448014,401.6523658323597
11.0,2025-11-14,23.0,,286.8763848610353,265.827503339484
12.0,2025-11-14,0.0,,52.728868675830356,51.31422451829597
12.0,2025-11-14,1.0,,5.114021203178811,0.0
12.0,2025-11-14,2.0,,2.802479187359455e-34,0.0
12.0,2025-11-14,3.0,,2.802479187359455e-34,0.0
12.0,2025-11-14,4.0,,9.779071155327896,0.0
12.0,2025-11-14,5.0,,317.0456236734566,336.3240552118301
12.0,2025-11-14,6.0,,1331.5774014666374,1362.895810818969
12.0,2025-11-14,7.0,,2642.35089771736,2563.628929922181
12.0,2025-11-14,8.0,,3360.360508619195,3245.9379438788665
12.0,2025-11-14,9.0,,2427.715728412247,2427.040444137271
12.0,2025-11-14,10.0,,2021.6091705356623,2023.3107349546988
12.0,2025-11-14,11.0,,2025.9464850063828,1965.4016245087378
12.0,2025-11-14,12.0,,2085.053321332908,2025.1287981906012
12.0,2025-11-14,13.0,,2089.3077056490615,2025.7412830355695
12.0,2025-11-14,14.0,,2030.7070704967255,1952.614341392405
12.0,2025-11-14,15.0,,2382.5101372238655,2322.266646433942
12.0,2025-11-14,16.0,,2822.2598672869667,2733.437378314599
12.0,2025-11-14,17.0,,2965.2348384704082,2867.662258703251
12.0,2025-11-14,18.0,,2722.763012402596,2720.541383979032
12.0,2025-11-14,19.0,,2284.049989691303,2319.047651822485
12.0,2025-11-14,20.0,,1431.4880180880002,1432.458364076864
12.0,2025-11-14,21.0,,950.2196515539167,944.7187618084366
12.0,2025-11-14,22.0,,466.1565337189756,453.4651800418964
12.0,2025-11-14,23.0,,286.6032200151966,251.99383746341866
17.0,2025-11-14,0.0,,122.6252234851381,127.42711363436119
17.0,2025-11-14,1.0,,11.494280823747578,9.459017793382339
17.0,2025-11-14,2.0,,2.802479187359455e-34,0.0
17.0,2025-11-14,3.0,,2.802479187359455e-34,0.0
17.0,2025-11-14,4.0,,16.495713636679774,9.42854809911804
17.0,2025-11-14,5.0,,315.47443893938333,316.1886602995664
17.0,2025-11-14,6.0,,1497.5684203820647,1522.383864394699
17.0,2025-11-14,7.0,,3873.2823785288956,3867.8320518108817
17.0,2025-11-14,8.0,,5033.591948363064,5037.583259285675
17.0,2025-11-14,9.0,,3728.589546502246,3698.721633975769
17.0,2025-11-14,10.0,,3019.1584452504435,3030.4742992911542
17.0,2025-11-14,11.0,,3052.1381137063163,3086.775378200086
17.0,2025-11-14,12.0,,3064.5355510096488,3025.0193957155434
17.0,2025-11-14,13.0,,3135.017046567495,3063.068496616899
17.0,2025-11-14,14.0,,3223.5488588775574,3138.6607653080055
17.0,2025-11-14,15.0,,3438.287302829687,3356.718442796214
17.0,2025-11-14,16.0,,3826.36995392941,3755.4253832760373
17.0,2025-11-14,17.0,,4511.135349953539,4462.243987181541
17.0,2025-11-14,18.0,,4406.988328802211,4467.8976379358
17.0,2025-11-14,19.0,,3216.3003180332207,3291.6611747496813
17.0,2025-11-14,20.0,,2324.885594818786,2350.175328738019
17.0,2025-11-14,21.0,,1501.9789586706345,1523.6659799173578
17.0,2025-11-14,22.0,,761.8772687954009,795.6075345941669
17.0,2025-11-14,23.0,,415.4019416252,391.17648435325594
25.0,2025-11-14,0.0,,0.0,0.0
25.0,2025-11-14,1.0,,2.802479187359455e-34,4.956163196378736
25.0,2025-11-14,2.0,,2.802479187359455e-34,0.0
25.0,2025-11-14,3.0,,2.802479187359455e-34,0.0
25.0,2025-11-14,4.0,,2.802479187359455e-34,0.0
25.0,2025-11-14,5.0,,16.68240636024208,0.0
25.0,2025-11-14,6.0,,213.89787892730408,178.57837479562764
25.0,2025-11-14,7.0,,527.7349718821284,515.91468557886
25.0,2025-11-14,8.0,,830.0704831834784,826.2793149949837
25.0,2025-11-14,9.0,,460.7750563625696,435.5735553000458
25.0,2025-11-14,10.0,,372.0125525644646,363.60964483587156
25.0,2025-11-14,11.0,,432.4194609715742,434.69385758534537
25.0,2025-11-14,12.0,,429.12982898101035,424.05976512556487
25.0,2025-11-14,13.0,,534.745365502458,518.4632082641024
25.0,2025-11-14,14.0,,487.21327978334705,481.59889959774654
25.0,2025-11-14,15.0,,590.0953776165179,609.384613255511
25.0,2025-11-14,16.0,,738.2271971448837,727.6754148816973
25.0,2025-11-14,17.0,,734.3442917106717,726.073495017149
25.0,2025-11-14,18.0,,674.0881291454903,695.7970299634541
25.0,2025-11-14,19.0,,486.804028810202,483.86097320461033
25.0,2025-11-14,20.0,,302.02620446223807,306.3455556210394
25.0,2025-11-14,21.0,,204.3352560200693,197.72397618640665
25.0,2025-11-14,22.0,,116.96472414947556,108.70042733177124
25.0,2025-11-14,23.0,,0.3366011215459231,0.0
26.0,2025-11-14,0.0,,21.684424939365094,19.618562182085444
26.0,2025-11-14,1.0,,4.559626174495609,0.1654410312193697
26.0,2025-11-14,2.0,,2.802479187359455e-34,0.0
26.0,2025-11-14,3.0,,2.802479187359455e-34,0.0
26.0,2025-11-14,4.0,,3.462415425589495,0.0
26.0,2025-11-14,5.0,,59.186370249844714,66.56520453711931
26.0,2025-11-14,6.0,,489.31111643225535,466.47367163900276
26.0,2025-11-14,7.0,,1047.8285941360782,1021.1138733555227
26.0,2025-11-14,8.0,,2067.011211307064,2010.477588130205
26.0,2025-11-14,9.0,,1398.8013889555048,1363.852932247508
26.0,2025-11-14,10.0,,1230.7188261490944,1224.3560432949207
26.0,2025-11-14,11.0,,1118.2911591254722,1073.7915790228476
26.0,2025-11-14,12.0,,1149.736354968486,1146.362301886095
26.0,2025-11-14,13.0,,1207.800877880746,1184.4054203950957
26.0,2025-11-14,14.0,,1292.5577316785511,1272.8786891946984
26.0,2025-11-14,15.0,,1362.1340724393615,1281.7290073052081
26.0,2025-11-14,16.0,,1599.5823709968613,1571.3328990996295
26.0,2025-11-14,17.0,,1656.8133101010094,1683.1285286613872
26.0,2025-11-14,18.0,,1584.3598735039789,1597.1001582418098
26.0,2025-11-14,19.0,,1090.6286113186006,1109.9545188656346
26.0,2025-11-14,20.0,,701.5199725798343,690.3096309883063
26.0,2025-11-14,21.0,,465.83180617878105,448.02220909571975
26.0,2025-11-14,22.0,,203.71771451030602,200.42402742511953
26.0,2025-11-14,23.0,,151.24830939026393,133.4163510107506
28.0,2025-11-14,0.0,,1.1027439654455586,0.0
28.0,2025-11-14,1.0,,2.802479187359455e-34,0.0
28.0,2025-11-14,2.0,,2.802479187359455e-34,0.0
28.0,2025-11-14,3.0,,2.802479187359455e-34,0.0
28.0,2025-11-14,4.0,,0.0,0.0
28.0,2025-11-14,5.0,,72.1704705597095,59.06068353960916
28.0,2025-11-14,6.0,,269.76980588063515,250.10970049291168
28.0,2025-11-14,7.0,,752.8339319783478,799.1618949205204
28.0,2025-11-14,8.0,,1181.165343241967,1212.3073970429405
28.0,2025-11-14,9.0,,835.5110682937852,842.3941769315296
28.0,2025-11-14,10.0,,668.6120324534503,661.8450991210476
28.0,2025-11-14,11.0,,613.9886606116232,594.9422853683204
28.0,2025-11-14,12.0,,741.7677881474657,725.2046666533738
28.0,2025-11-14,13.0,,739.3506984631629,737.1311987161423
28.0,2025-11-14,14.0,,700.6552202049259,683.7823766265477
28.0,2025-11-14,15.0,,729.8966771590746,723.6199726247086
28.0,2025-11-14,16.0,,907.4756742097346,895.1333699909193
28.0,2025-11-14,17.0,,1012.3225393925727,1003.134098223309
28.0,2025-11-14,18.0,,846.6923199495416,885.3229579926741
28.0,2025-11-14,19.0,,644.3243012834971,636.055694122673
28.0,2025-11-14,20.0,,453.92460646332216,460.17925894874065
28.0,2025-11-14,21.0,,332.42252713500915,322.66845735144506
28.0,2025-11-14,22.0,,138.96359465488615,128.5040434490269
28.0,2025-11-14,23.0,,24.217360728406838,3.171219643863199
50.0,2025-11-14,0.0,,5.843479209654739,2.6261204001800023
50.0,2025-11-14,1.0,,0.0,0.0
50.0,2025-11-14,2.0,,0.0,2.598117033032248e-10
50.0,2025-11-14,3.0,,2.802479187359455e-34,0.0
50.0,2025-11-14,4.0,,0.0,0.0
50.0,2025-11-14,5.0,,66.99045856107236,60.22490441379251
50.0,2025-11-14,6.0,,547.173957245127,511.559352736612
50.0,2025-11-14,7.0,,1691.8989560297593,1753.8174635299351
50.0,2025-11-14,8.0,,2628.217524368298,2661.4484868795594
50.0,2025-11-14,9.0,,2107.0178942705306,2099.659726275794
50.0,2025-11-14,10.0,,1619.6398382491495,1627.124673389608
50.0,2025-11-14,11.0,,1573.9816606931763,1553.1294877297898
50.0,2025-11-14,12.0,,1519.6228809162471,1467.4854968089187
50.0,2025-11-14,13.0,,1526.034095491093,1475.46554551795
50.0,2025-11-14,14.0,,1473.570354898181,1437.2491376052235
50.0,2025-11-14,15.0,,1754.0550737649946,1688.2965951374092
50.0,2025-11-14,16.0,,1902.2477319472148,1798.3394229222597
50.0,2025-11-14,17.0,,2216.943419508625,2247.880379462259
50.0,2025-11-14,18.0,,1870.4741164616569,1979.8813159593435
50.0,2025-11-14,19.0,,1215.8112409507778,1248.5440343712576
50.0,2025-11-14,20.0,,828.7810575057968,855.4581929901495
50.0,2025-11-14,21.0,,537.2588383930122,554.7158861588762
50.0,2025-11-14,22.0,,292.706338825788,273.44201945204327
50.0,2025-11-14,23.0,,164.75258060740043,163.41590156488286
1.0,2025-11-15,0.0,,0.0,0.0
1.0,2025-11-15,1.0,,2.802479187359455e-34,0.0
1.0,2025-11-15,2.0,,2.802479187359455e-34,0.0
1.0,2025-11-15,3.0,,2.802479187359455e-34,0.0
1.0,2025-11-15,4.0,,0.0,0.0
1.0,2025-11-15,5.0,,6.284846912106665,13.340211408014543
1.0,2025-11-15,6.0,,183.58605252534616,152.6263192745366
1.0,2025-11-15,7.0,,336.1846964807211,352.0628531827468
1.0,2025-11-15,8.0,,448.79139775568234,429.3983050943902
1.0,2025-11-15,9.0,,713.732063515489,693.2407916989035
1.0,2025-11-15,10.0,,798.0724851005494,795.3065017631814
1.0,2025-11-15,11.0,,715.7167186369697,746.812633378227
1.0,2025-11-15,12.0,,930.5710563556688,904.5005985050063
1.0,2025-11-15,13.0,,922.7579376604634,914.4752147586898
1.0,2025-11-15,14.0,,929.3307254478752,911.2496878038671
1.0,2025-11-15,15.0,,839.5048482115424,810.2684423159003
1.0,2025-11-15,16.0,,774.3878463835396,771.4753847359724
1.0,2025-11-15,17.0,,737.7812208909197,696.9462706091523
1.0,2025-11-15,18.0,,625.2031334607746,595.9960216033278
1.0,2025-11-15,19.0,,544.7414685720112,515.3994740340955
1.0,2025-11-15,20.0,,388.9665676013218,385.1590836075742
1.0,2025-11-15,21.0,,280.6557600743963,291.21668784721703
1.0,2025-11-15,22.0,,100.73759820515004,122.1951984903834
1.0,2025-11-15,23.0,,21.192587511037985,25.2725763705385
5.0,2025-11-15,0.0,,0.0,0.0
5.0,2025-11-15,1.0,,0.0,0.0
5.0,2025-11-15,2.0,,0.0,0.0
5.0,2025-11-15,3.0,,0.0,0.0
5.0,2025-11-15,4.0,,0.0,0.0
5.0,2025-11-15,5.0,,0.0,0.0
5.0,2025-11-15,6.0,,0.0,0.0
5.0,2025-11-15,7.0,,0.0,0.0
5.0,2025-11-15,8.0,,0.0,0.0
5.0,2025-11-15,9.0,,0.0,0.0
5.0,2025-11-15,10.0,,0.0,0.0
5.0,2025-11-15,11.0,,0.0,0.0
5.0,2025-11-15,12.0,,0.0,0.0
5.0,2025-11-15,13.0,,0.0,0.0
5.0,2025-11-15,14.0,,0.0,0.0
5.0,2025-11-15,15.0,,0.0,0.0
5.0,2025-11-15,16.0,,0.0,0.0
5.0,2025-11-15,17.0,,0.0,0.0
5.0,2025-11-15,18.0,,0.0,0.0
5.0,2025-11-15,19.0,,0.0,0.0
5.0,2025-11-15,20.0,,0.0,0.0
5.0,2025-11-15,21.0,,0.0,0.0
5.0,2025-11-15,22.0,,0.0,0.0
5.0,2025-11-15,23.0,,0.0,0.0
7.0,2025-11-15,0.0,,68.78442772400959,65.93531655769122
7.0,2025-11-15,1.0,,0.0,0.0
7.0,2025-11-15,2.0,,2.802479187359455e-34,0.0
7.0,2025-11-15,3.0,,2.802479187359455e-34,0.0
7.0,2025-11-15,4.0,,0.0,0.0
7.0,2025-11-15,5.0,,62.69900361454753,52.03437334064198
7.0,2025-11-15,6.0,,259.86691643400553,260.40233372662635
7.0,2025-11-15,7.0,,452.4536926492789,411.4089551019412
7.0,2025-11-15,8.0,,876.2209341825676,898.61484374303
7.0,2025-11-15,9.0,,1009.4780561307632,969.3298744092093
7.0,2025-11-15,10.0,,1000.0801392089002,995.464804231818
7.0,2025-11-15,11.0,,1046.3301422381471,1110.6729180094665
7.0,2025-11-15,12.0,,1174.7521851968038,1205.8163647714846
7.0,2025-11-15,13.0,,1194.4445709949048,1210.0276812036323
7.0,2025-11-15,14.0,,1340.855029753484,1356.6410290748925
7.0,2025-11-15,15.0,,1308.35331974276,1303.8938894310384
7.0,2025-11-15,16.0,,1279.5562075350263,1207.9078121116256
7.0,2025-11-15,17.0,,1275.107262652447,1246.7734191332938
7.0,2025-11-15,18.0,,1195.4666620250418,1185.4199100404044
7.0,2025-11-15,19.0,,1108.1951751108083,1079.931279662829
7.0,2025-11-15,20.0,,775.7160450125332,754.0223904597731
7.0,2025-11-15,21.0,,547.9883666494349,562.5137499384285
7.0,2025-11-15,22.0,,181.30991547806255,168.2003811145848
7.0,2025-11-15,23.0,,121.99732493013317,144.00918583197682
11.0,2025-11-15,0.0,,80.8817085250279,83.77838072062916
11.0,2025-11-15,1.0,,0.0,0.0
11.0,2025-11-15,2.0,,2.802479187359455e-34,0.0
11.0,2025-11-15,3.0,,2.802479187359455e-34,0.0
11.0,2025-11-15,4.0,,0.0,0.0
11.0,2025-11-15,5.0,,146.67740093720016,178.20704153750125
11.0,2025-11-15,6.0,,733.8004573809822,782.691862882418
11.0,2025-11-15,7.0,,706.4950660739266,669.8359555118715
11.0,2025-11-15,8.0,,972.3289908382347,1002.1246754576816
11.0,2025-11-15,9.0,,1134.2793854820416,1092.7708971506281
11.0,2025-11-15,10.0,,1100.4824801259008,1163.6808260441464
11.0,2025-11-15,11.0,,1280.0177843929641,1427.9809430070754
11.0,2025-11-15,12.0,,1329.1212551502824,1606.0082304784644
11.0,2025-11-15,13.0,,1388.0011196477406,1513.6376810781064
11.0,2025-11-15,14.0,,1495.3852103668703,1514.640672547239
11.0,2025-11-15,15.0,,1479.6405545560506,1697.6345255458543
11.0,2025-11-15,16.0,,1489.0144025407376,1561.2786990621144
11.0,2025-11-15,17.0,,1627.9865107616383,1724.509687900119
11.0,2025-11-15,18.0,,1402.0722469488471,1499.5863834136228
11.0,2025-11-15,19.0,,1272.3383360222333,1341.2228431783615
11.0,2025-11-15,20.0,,1007.8720314757352,995.9543233497806
11.0,2025-11-15,21.0,,677.9568127094107,690.5311264601551
11.0,2025-11-15,22.0,,377.9780903210885,348.2821585492143
11.0,2025-11-15,23.0,,253.82802718425714,231.56496740471104
12.0,2025-11-15,0.0,,52.20200480621962,48.33704710477623
12.0,2025-11-15,1.0,,0.0,0.0
12.0,2025-11-15,2.0,,2.802479187359455e-34,0.0
12.0,2025-11-15,3.0,,2.802479187359455e-34,0.0
12.0,2025-11-15,4.0,,0.0,0.0
12.0,2025-11-15,5.0,,208.04121972267762,218.6243961014952
12.0,2025-11-15,6.0,,829.0310704813935,809.2552455838717
12.0,2025-11-15,7.0,,886.9333166454269,936.3787048303875
12.0,2025-11-15,8.0,,1023.2982920008969,954.4598699284546
12.0,2025-11-15,9.0,,1185.4945651104395,1150.8363808908623
12.0,2025-11-15,10.0,,1301.5171243595555,1265.0158715014884
12.0,2025-11-15,11.0,,1248.5720820851607,1273.313640527249
12.0,2025-11-15,12.0,,1252.53434680322,1345.1094166431235
12.0,2025-11-15,13.0,,1404.9747629658038,1493.1127914604967
12.0,2025-11-15,14.0,,1412.5130937943395,1460.202623442858
12.0,2025-11-15,15.0,,1396.320511011294,1438.863971227005
12.0,2025-11-15,16.0,,1401.029666873396,1532.7997461634216
12.0,2025-11-15,17.0,,1413.5593009615836,1529.951298052782
12.0,2025-11-15,18.0,,1358.7044976628893,1349.332516830828
12.0,2025-11-15,19.0,,1267.883945397285,1273.4130928445986
12.0,2025-11-15,20.0,,969.4897519386303,919.2873727621004
12.0,2025-11-15,21.0,,668.9633720490825,668.3973049564341
12.0,2025-11-15,22.0,,371.30153228789385,360.1409655717532
12.0,2025-11-15,23.0,,265.42505855420325,239.7643918853531
17.0,2025-11-15,0.0,,132.97243835924635,154.6757799939252
17.0,2025-11-15,1.0,,15.264648795671441,7.464264626774285
17.0,2025-11-15,2.0,,2.802479187359455e-34,0.0
17.0,2025-11-15,3.0,,2.802479187359455e-34,0.0
17.0,2025-11-15,4.0,,16.68385972332302,0.8099628796850777
17.0,2025-11-15,5.0,,120.87438602665294,152.57479399547995
17.0,2025-11-15,6.0,,552.8403703421737,521.5585723361207
17.0,2025-11-15,7.0,,1160.2398855212914,1125.252101941095
17.0,2025-11-15,8.0,,1535.600511503531,1593.0024599349397
17.0,2025-11-15,9.0,,1909.2725560570411,2106.5890487004285
17.0,2025-11-15,10.0,,1967.6334430238503,2267.812612033844
17.0,2025-11-15,11.0,,2411.416218052782,2569.230809975488
17.0,2025-11-15,12.0,,2475.317376897757,2727.7372163142177
17.0,2025-11-15,13.0,,2747.773265357815,2941.335721583325
17.0,2025-11-15,14.0,,2818.683498971289,3096.728079231396
17.0,2025-11-15,15.0,,2924.9246649813745,3054.2919066001527
17.0,2025-11-15,16.0,,2981.424218729445,3166.160208809833
17.0,2025-11-15,17.0,,2932.348481122662,2998.940958567436
17.0,2025-11-15,18.0,,2619.962731464396,2741.2406309992994
17.0,2025-11-15,19.0,,2055.378206557144,2309.86285526078
17.0,2025-11-15,20.0,,1555.317302426623,1791.4522809982939
17.0,2025-11-15,21.0,,1141.3770050430037,1255.1469292354918
17.0,2025-11-15,22.0,,761.5531129955366,763.2997926801266
17.0,2025-11-15,23.0,,366.65462528987274,379.6225396652922
25.0,2025-11-15,0.0,,0.0,0.0
25.0,2025-11-15,1.0,,2.802479187359455e-34,0.0
25.0,2025-11-15,2.0,,2.802479187359455e-34,0.0
25.0,2025-11-15,3.0,,2.802479187359455e-34,0.0
25.0,2025-11-15,4.0,,2.802479187359455e-34,0.0
25.0,2025-11-15,5.0,,8.176799573237103,10.823989697794948
25.0,2025-11-15,6.0,,97.7772686699587,87.59390844956364
25.0,2025-11-15,7.0,,155.98701194418,136.8557711338677
25.0,2025-11-15,8.0,,283.59972612422547,292.0511081779588
25.0,2025-11-15,9.0,,286.13975709661,271.05507222901866
25.0,2025-11-15,10.0,,260.0783092738011,260.8014982173561
25.0,2025-11-15,11.0,,336.8841754551374,349.07162753991923
25.0,2025-11-15,12.0,,327.53438660923325,349.7765039004729
25.0,2025-11-15,13.0,,454.16450257376107,472.9832592167493
25.0,2025-11-15,14.0,,442.65916050546423,441.314717827088
25.0,2025-11-15,15.0,,577.6267507697381,536.6868583282663
25.0,2025-11-15,16.0,,505.5873745002758,524.8189015330584
25.0,2025-11-15,17.0,,449.0759317930159,441.2047807228064
25.0,2025-11-15,18.0,,438.50567885371174,455.14517962054003
25.0,2025-11-15,19.0,,381.68368074241704,372.27785363962505
25.0,2025-11-15,20.0,,249.61536648288424,251.44660415140496
25.0,2025-11-15,21.0,,163.98197867853514,161.21988870735407
25.0,2025-11-15,22.0,,89.71208545347474,99.70043802538498
25.0,2025-11-15,23.0,,28.87245751322278,32.0393020880077
26.0,2025-11-15,0.0,,26.56192396710538,31.008089493709463
26.0,2025-11-15,1.0,,0.0,0.0
26.0,2025-11-15,2.0,,2.802479187359455e-34,0.0
26.0,2025-11-15,3.0,,2.802479187359455e-34,0.0
26.0,2025-11-15,4.0,,0.0,0.0
26.0,2025-11-15,5.0,,32.78767094755827,25.084136802222588
26.0,2025-11-15,6.0,,276.6733037270089,246.05866010992779
26.0,2025-11-15,7.0,,350.253869777717,324.1796227139178
26.0,2025-11-15,8.0,,670.1995111165991,649.4518021715871
26.0,2025-11-15,9.0,,677.174270450976,675.6277323935427
26.0,2025-11-15,10.0,,762.3744832983864,783.1937142795151
26.0,2025-11-15,11.0,,885.9698401611957,891.1340467358513
26.0,2025-11-15,12.0,,867.1045815057555,857.293390787561
26.0,2025-11-15,13.0,,919.9965863117994,896.3023001719941
26.0,2025-11-15,14.0,,975.5167821663035,973.3534065546326
26.0,2025-11-15,15.0,,963.6993506305026,911.7973110253837
26.0,2025-11-15,16.0,,961.5780852672501,946.5766842183839
26.0,2025-11-15,17.0,,905.8203228379101,882.9114638740488
26.0,2025-11-15,18.0,,870.8363584142703,818.6668887374899
26.0,2025-11-15,19.0,,769.7797832771948,748.7666153688737
26.0,2025-11-15,20.0,,496.3536840281802,486.85543895232723
26.0,2025-11-15,21.0,,342.78589048012196,337.9039202498967
26.0,2025-11-15,22.0,,172.4038840713381,156.68497614101503
26.0,2025-11-15,23.0,,137.1803998456169,107.20495392870885
28.0,2025-11-15,0.0,,1.1027439654455586,0.0
28.0,2025-11-15,1.0,,2.802479187359455e-34,0.0
28.0,2025-11-15,2.0,,2.802479187359455e-34,0.0
28.0,2025-11-15,3.0,,2.802479187359455e-34,0.0
28.0,2025-11-15,4.0,,0.0,0.0
28.0,2025-11-15,5.0,,35.28600287177425,22.97291963817718
28.0,2025-11-15,6.0,,94.46508337305734,77.40339574755832
28.0,2025-11-15,7.0,,162.71985575962478,188.94703358887108
28.0,2025-11-15,8.0,,366.5020734561822,375.19568526450786
28.0,2025-11-15,9.0,,441.5014677302051,432.59001880060737
28.0,2025-11-15,10.0,,453.5939046285678,448.37818258825394
28.0,2025-11-15,11.0,,426.9122248177162,425.60399159615895
28.0,2025-11-15,12.0,,554.6811119184582,549.8429345852185
28.0,2025-11-15,13.0,,583.467550657887,567.3622120259238
28.0,2025-11-15,14.0,,575.6081358859152,579.2863505569401
28.0,2025-11-15,15.0,,529.6744745110469,568.433460320261
28.0,2025-11-15,16.0,,547.5117348218748,556.7431157742315
28.0,2025-11-15,17.0,,541.228048995148,570.9809444677347
28.0,2025-11-15,18.0,,467.1175354636778,496.74466926051946
28.0,2025-11-15,19.0,,360.48190746840936,386.3365663263003
28.0,2025-11-15,20.0,,289.0762756990052,353.907538034108
28.0,2025-11-15,21.0,,249.2426405811646,243.0771726740694
28.0,2025-11-15,22.0,,105.08087133228543,115.85584366457091
28.0,2025-11-15,23.0,,7.745834107307173,0.0
50.0,2025-11-15,0.0,,14.058502963134174,26.646822076937912
50.0,2025-11-15,1.0,,0.0,0.0
50.0,2025-11-15,2.0,,0.0,2.598117033032248e-10
50.0,2025-11-15,3.0,,2.802479187359455e-34,0.0
50.0,2025-11-15,4.0,,4.7554823036303056,0.0
50.0,2025-11-15,5.0,,44.91074841607461,27.31250999518898
50.0,2025-11-15,6.0,,241.33259002051165,216.80749965738622
50.0,2025-11-15,7.0,,432.26785601570344,376.4037080736883
50.0,2025-11-15,8.0,,713.9399434709705,751.3969269257195
50.0,2025-11-15,9.0,,808.6245885130644,881.1904596491726
50.0,2025-11-15,10.0,,763.5911579778393,788.9358689444281
50.0,2025-11-15,11.0,,870.060046494991,789.5465003725341
50.0,2025-11-15,12.0,,864.9006729556825,851.9438391685799
50.0,2025-11-15,13.0,,880.870900852405,882.289739659524
50.0,2025-11-15,14.0,,960.5024954499594,897.9175082752372
50.0,2025-11-15,15.0,,984.4643988852471,953.9636396304389
50.0,2025-11-15,16.0,,910.822184230117,878.9901195065198
50.0,2025-11-15,17.0,,1007.8584727805679,967.040740615313
50.0,2025-11-15,18.0,,796.1711369842624,833.593574477045
50.0,2025-11-15,19.0,,718.5499078780922,670.1216536735402
50.0,2025-11-15,20.0,,522.2904512655718,536.4693309647647
50.0,2025-11-15,21.0,,410.2714616470659,431.7551501072047
50.0,2025-11-15,22.0,,203.40214787798115,216.64125555467356
50.0,2025-11-15,23.0,,124.00399232278843,125.53133023848869
1.0,2025-11-16,0.0,,0.0,0.0
1.0,2025-11-16,1.0,,2.802479187359455e-34,0.0
1.0,2025-11-16,2.0,,2.802479187359455e-34,0.0
1.0,2025-11-16,3.0,,2.802479187359455e-34,0.0
1.0,2025-11-16,4.0,,0.0,0.0
1.0,2025-11-16,5.0,,6.245692146868534,1.6896993290119564
1.0,2025-11-16,6.0,,86.75212236600858,89.42618413207101
1.0,2025-11-16,7.0,,217.27204368604728,229.416956575997
1.0,2025-11-16,8.0,,309.7218479660361,308.3320196380863
1.0,2025-11-16,9.0,,557.6679058065661,560.6900209571003
1.0,2025-11-16,10.0,,646.6066743741006,621.0685065365197
1.0,2025-11-16,11.0,,628.6315659458091,626.3150803498964
1.0,2025-11-16,12.0,,776.0462929904036,751.9788576826661
1.0,2025-11-16,13.0,,773.5342159083687,775.5750376649448
1.0,2025-11-16,14.0,,754.8954779831857,741.7891662275941
1.0,2025-11-16,15.0,,678.5723035683081,666.8780852507039
1.0,2025-11-16,16.0,,604.2019014969184,605.8726990571624
1.0,2025-11-16,17.0,,572.6130239612984,549.3662373091056
1.0,2025-11-16,18.0,,499.8905486584348,481.4266107938618
1.0,2025-11-16,19.0,,372.2616947630526,385.7463866364121
1.0,2025-11-16,20.0,,284.76132160612036,285.0916901600724
1.0,2025-11-16,21.0,,210.24330238317938,215.35573402251163
1.0,2025-11-16,22.0,,64.24302134896014,87.20329161183571
1.0,2025-11-16,23.0,,17.557995091621418,11.48976012604306
5.0,2025-11-16,0.0,,0.0,0.0
5.0,2025-11-16,1.0,,0.0,0.0
5.0,2025-11-16,2.0,,0.0,0.0
5.0,2025-11-16,3.0,,0.0,0.0
5.0,2025-11-16,4.0,,0.0,0.0
5.0,2025-11-16,5.0,,0.0,0.0
5.0,2025-11-16,6.0,,0.0,0.0
5.0,2025-11-16,7.0,,0.0,0.0
5.0,2025-11-16,8.0,,0.0,0.0
5.0,2025-11-16,9.0,,0.0,0.0
5.0,2025-11-16,10.0,,0.0,0.0
5.0,2025-11-16,11.0,,0.0,0.0
5.0,2025-11-16,12.0,,0.0,0.0
5.0,2025-11-16,13.0,,0.0,0.0
5.0,2025-11-16,14.0,,0.0,0.0
5.0,2025-11-16,15.0,,0.0,0.0
5.0,2025-11-16,16.0,,0.0,0.0
5.0,2025-11-16,17.0,,0.0,0.0
5.0,2025-11-16,18.0,,0.0,0.0
5.0,2025-11-16,19.0,,0.0,0.0
5.0,2025-11-16,20.0,,0.0,0.0
5.0,2025-11-16,21.0,,0.0,0.0
5.0,2025-11-16,22.0,,0.0,0.0
5.0,2025-11-16,23.0,,0.0,0.0
7.0,2025-11-16,0.0,,75.3312915393871,83.19767474000784
7.0,2025-11-16,1.0,,1.9338946305208846,0.0
7.0,2025-11-16,2.0,,2.802479187359455e-34,0.0
7.0,2025-11-16,3.0,,2.802479187359455e-34,0.0
7.0,2025-11-16,4.0,,0.0,0.0
7.0,2025-11-16,5.0,,20.7908727451802,16.705799128823546
7.0,2025-11-16,6.0,,184.92871050104435,148.58173986092427
7.0,2025-11-16,7.0,,296.99914972267516,258.4336655032874
7.0,2025-11-16,8.0,,532.7081107400269,573.3298192038693
7.0,2025-11-16,9.0,,673.9421830429272,723.515176798118
7.0,2025-11-16,10.0,,691.674250784264,781.5417288349124
7.0,2025-11-16,11.0,,898.2000363810604,963.4672147564312
7.0,2025-11-16,12.0,,1080.0156163516158,1082.1465263313362
7.0,2025-11-16,13.0,,1140.0860423601603,1126.4868820727927
7.0,2025-11-16,14.0,,1198.6504855528415,1249.7615771515411
7.0,2025-11-16,15.0,,1137.6624741806763,1166.1035748804113
7.0,2025-11-16,16.0,,1004.3831468695732,1025.92668089953
7.0,2025-11-16,17.0,,1040.4350170546163,1075.6406220848914
7.0,2025-11-16,18.0,,953.8368470560844,994.2441520577023
7.0,2025-11-16,19.0,,787.8952401778186,867.1195310841962
7.0,2025-11-16,20.0,,560.6025523082153,618.1387085629849
7.0,2025-11-16,21.0,,462.7068909123079,465.10209223284744
7.0,2025-11-16,22.0,,142.04622666472358,138.92978188778994
7.0,2025-11-16,23.0,,98.73155537322636,117.32693115008128
11.0,2025-11-16,0.0,,81.87394472671257,91.02551848513522
11.0,2025-11-16,1.0,,1.6972733374878013,0.0
11.0,2025-11-16,2.0,,2.802479187359455e-34,0.0
11.0,2025-11-16,3.0,,2.802479187359455e-34,0.0
11.0,2025-11-16,4.0,,0.0,0.0
11.0,2025-11-16,5.0,,79.38767204164134,107.27648945737529
11.0,2025-11-16,6.0,,470.62954248590955,492.87924577608965
11.0,2025-11-16,7.0,,524.1763847058987,499.6434683361354
11.0,2025-11-16,8.0,,688.5310887605247,736.3064880076784
11.0,2025-11-16,9.0,,914.4987449996446,925.208838682566
11.0,2025-11-16,10.0,,1028.7521065640074,1024.8700279133188
11.0,2025-11-16,11.0,,1420.1363178216873,1421.6978315210622
11.0,2025-11-16,12.0,,1507.3110004518148,1570.3451156861245
11.0,2025-11-16,13.0,,1521.964542792233,1521.8122301708802
11.0,2025-11-16,14.0,,1576.3873192577469,1533.0772575154374
11.0,2025-11-16,15.0,,1569.3055787889655,1586.678487726156
11.0,2025-11-16,16.0,,1552.0904398980576,1505.9986313345696
11.0,2025-11-16,17.0,,1635.1048552948387,1633.9825817749875
11.0,2025-11-16,18.0,,1340.195799523719,1361.2776586683274
11.0,2025-11-16,19.0,,1084.2142056407595,1119.4307997416624
11.0,2025-11-16,20.0,,775.3807325145872,803.6126196688004
11.0,2025-11-16,21.0,,541.3061629873976,578.2522113658656
11.0,2025-11-16,22.0,,298.7436964099611,293.5556521719931
11.0,2025-11-16,23.0,,196.1440381835282,184.65155123260428
12.0,2025-11-16,0.0,,61.405794776118206,51.19740597883796
12.0,2025-11-16,1.0,,0.0,0.0
12.0,2025-11-16,2.0,,2.802479187359455e-34,0.0
12.0,2025-11-16,3.0,,2.802479187359455e-34,0.0
12.0,2025-11-16,4.0,,2.8246608474178925,0.0
12.0,2025-11-16,5.0,,118.13587937411168,124.54382896115806
12.0,2025-11-16,6.0,,471.2892940704125,466.8803961342475
12.0,2025-11-16,7.0,,658.2152210973754,651.7862536929608
12.0,2025-11-16,8.0,,708.5132338585652,702.7202759827402
12.0,2025-11-16,9.0,,925.5514442969245,890.4732773843247
12.0,2025-11-16,10.0,,1175.5872014118106,1130.527659925368
12.0,2025-11-16,11.0,,1297.6349898127985,1233.6376873333804
12.0,2025-11-16,12.0,,1351.4024745300167,1325.1969124866496
12.0,2025-11-16,13.0,,1518.600953875334,1514.4985487673507
12.0,2025-11-16,14.0,,1468.481081589998,1383.7931186398894
12.0,2025-11-16,15.0,,1391.3326815947255,1323.2278165437588
12.0,2025-11-16,16.0,,1430.2762409920977,1458.4547296967487
12.0,2025-11-16,17.0,,1451.9906937262272,1411.8381050271057
12.0,2025-11-16,18.0,,1287.2471845918426,1222.2081595726713
12.0,2025-11-16,19.0,,966.9774319778875,999.4827915442517
12.0,2025-11-16,20.0,,701.0540964995145,709.6631867411899
12.0,2025-11-16,21.0,,517.0189443534795,544.6904385712538
12.0,2025-11-16,22.0,,327.28218594306924,329.44255694121335
12.0,2025-11-16,23.0,,203.55459030746619,203.77512057501445
17.0,2025-11-16,0.0,,131.06953833629123,150.93981567584285
17.0,2025-11-16,1.0,,18.06202563316012,16.27436369960993
17.0,2025-11-16,2.0,,2.802479187359455e-34,0.0
17.0,2025-11-16,3.0,,2.802479187359455e-34,0.0
17.0,2025-11-16,4.0,,0.0,0.0
17.0,2025-11-16,5.0,,75.67002977236173,80.09804186882846
17.0,2025-11-16,6.0,,385.0374661475776,398.71032876469855
17.0,2025-11-16,7.0,,760.9650683839395,771.3408750641408
17.0,2025-11-16,8.0,,1244.8503588210042,1202.1357770065965
17.0,2025-11-16,9.0,,1687.5447606041407,1631.5399212344305
17.0,2025-11-16,10.0,,1979.8986627363372,1992.5392686180498
17.0,2025-11-16,11.0,,2427.266985472292,2461.414159265513
17.0,2025-11-16,12.0,,2684.0048809124555,2676.3949434296733
17.0,2025-11-16,13.0,,2848.6388628393415,2832.2557812498017
17.0,2025-11-16,14.0,,2923.145512518866,2943.00742977052
17.0,2025-11-16,15.0,,2955.5569039776624,2902.5058799071467
17.0,2025-11-16,16.0,,2993.000507067737,2998.706804247741
17.0,2025-11-16,17.0,,2821.076682847151,2817.48297900511
17.0,2025-11-16,18.0,,2416.9252350781485,2517.5917020847846
17.0,2025-11-16,19.0,,2029.1684531755557,2133.2849109529175
17.0,2025-11-16,20.0,,1515.4977359241234,1659.4832744232758
17.0,2025-11-16,21.0,,1052.8772553135461,1092.011083861179
17.0,2025-11-16,22.0,,650.0044966626808,658.8380753011874
17.0,2025-11-16,23.0,,257.7399394504787,302.2665181955294
25.0,2025-11-16,0.0,,17.021567379107946,2.747163655210276
25.0,2025-11-16,1.0,,2.802479187359455e-34,0.0
25.0,2025-11-16,2.0,,2.802479187359455e-34,0.0
25.0,2025-11-16,3.0,,2.802479187359455e-34,0.0
25.0,2025-11-16,4.0,,2.802479187359455e-34,0.0
25.0,2025-11-16,5.0,,0.0,0.0
25.0,2025-11-16,6.0,,58.822958767392514,40.46548334021234
25.0,2025-11-16,7.0,,91.05894653970022,78.94475124709743
25.0,2025-11-16,8.0,,163.50297127041745,171.95399001530097
25.0,2025-11-16,9.0,,181.6583103173135,176.55921738859547
25.0,2025-11-16,10.0,,199.746227028449,187.22919312141585
25.0,2025-11-16,11.0,,248.4613768957417,252.52155980379283
25.0,2025-11-16,12.0,,299.05864497090613,317.2638215682526
25.0,2025-11-16,13.0,,399.55352658091226,412.907890630507
25.0,2025-11-16,14.0,,401.1889353695459,405.0633050310042
25.0,2025-11-16,15.0,,513.9483033448672,528.4494785729967
25.0,2025-11-16,16.0,,454.5823004492813,466.3496248897403
25.0,2025-11-16,17.0,,408.38633553565137,399.01354702672506
25.0,2025-11-16,18.0,,356.446317099335,370.1994685366205
25.0,2025-11-16,19.0,,284.9444721561741,291.9047526629697
25.0,2025-11-16,20.0,,182.62870358165037,187.95548879499523
25.0,2025-11-16,21.0,,128.62940103602955,122.29249697323466
25.0,2025-11-16,22.0,,78.81707103117749,81.9168755942384
25.0,2025-11-16,23.0,,17.279897281355,20.00349194675896
26.0,2025-11-16,0.0,,36.80266260553484,34.11066445614179
26.0,2025-11-16,1.0,,0.0,0.0
26.0,2025-11-16,2.0,,2.802479187359455e-34,0.0
26.0,2025-11-16,3.0,,2.802479187359455e-34,0.0
26.0,2025-11-16,4.0,,0.0,0.0
26.0,2025-11-16,5.0,,0.0,0.9660569275939552
26.0,2025-11-16,6.0,,127.63732169706938,128.74367225762788
26.0,2025-11-16,7.0,,214.11448233573086,201.09535934596406
26.0,2025-11-16,8.0,,367.79271585111127,417.22023804193765
26.0,2025-11-16,9.0,,463.1040554094072,491.9684382446526
26.0,2025-11-16,10.0,,558.6893098612081,554.9624549494686
26.0,2025-11-16,11.0,,768.133590964049,729.4011786826636
26.0,2025-11-16,12.0,,797.9775193806628,772.786313947033
26.0,2025-11-16,13.0,,834.4863831285741,823.3112322530204
26.0,2025-11-16,14.0,,832.9376387410789,830.994201933683
26.0,2025-11-16,15.0,,764.6613602238954,756.0112488022678
26.0,2025-11-16,16.0,,744.9264250717468,728.0533440486003
26.0,2025-11-16,17.0,,710.3639402424662,704.8769466206825
26.0,2025-11-16,18.0,,629.9939448589967,623.8752153104226
26.0,2025-11-16,19.0,,493.59662292227273,545.7813995715824
26.0,2025-11-16,20.0,,361.3944134716203,364.1543163370676
26.0,2025-11-16,21.0,,267.6989599313346,257.8303811614897
26.0,2025-11-16,22.0,,127.27433042160156,120.77246307751729
26.0,2025-11-16,23.0,,93.69403750760203,82.81242103929658
28.0,2025-11-16,0.0,,1.1027439654455586,2.598117033032248e-10
28.0,2025-11-16,1.0,,2.802479187359455e-34,0.0
28.0,2025-11-16,2.0,,2.802479187359455e-34,0.0
28.0,2025-11-16,3.0,,2.802479187359455e-34,0.0
28.0,2025-11-16,4.0,,0.0,0.0
28.0,2025-11-16,5.0,,10.71510191075397,0.0
28.0,2025-11-16,6.0,,48.823661726032704,36.55183779123988
28.0,2025-11-16,7.0,,119.65082579327652,128.1477952671276
28.0,2025-11-16,8.0,,228.01105676854843,225.9219983882644
28.0,2025-11-16,9.0,,306.59853055112603,292.4707930499571
28.0,2025-11-16,10.0,,342.51774432356535,339.47351656331057
28.0,2025-11-16,11.0,,396.14083570275176,387.62269418459374
28.0,2025-11-16,12.0,,441.7703628944814,433.5535889640909
28.0,2025-11-16,13.0,,481.6260164059951,468.77778757954263
28.0,2025-11-16,14.0,,485.33547909730856,471.1635961158109
28.0,2025-11-16,15.0,,458.8995318026428,481.2449285381456
28.0,2025-11-16,16.0,,441.76351476473684,441.2833125090317
28.0,2025-11-16,17.0,,449.13575594366097,454.6772740799074
28.0,2025-11-16,18.0,,373.71419752285453,394.2924147441023
28.0,2025-11-16,19.0,,294.6047160077945,319.84399244459905
28.0,2025-11-16,20.0,,237.903175768488,271.5177787760424
28.0,2025-11-16,21.0,,208.71871514588594,189.22207230470087
28.0,2025-11-16,22.0,,84.72529186271717,85.11240256827962
28.0,2025-11-16,23.0,,4.312221415263939,0.0
50.0,2025-11-16,0.0,,9.662844172711194,28.1458945494243
50.0,2025-11-16,1.0,,0.0,0.0
50.0,2025-11-16,2.0,,0.0,2.598117033032248e-10
50.0,2025-11-16,3.0,,2.802479187359455e-34,0.0
50.0,2025-11-16,4.0,,0.0,0.0
50.0,2025-11-16,5.0,,13.181288157792347,4.84855890124845
50.0,2025-11-16,6.0,,157.60829271530153,141.0519155447198
50.0,2025-11-16,7.0,,259.3298467650965,249.88081524660393
50.0,2025-11-16,8.0,,417.5331118997277,463.7750206497811
50.0,2025-11-16,9.0,,491.3285270776767,550.3809001183243
50.0,2025-11-16,10.0,,518.9622537930798,521.7140804830805
50.0,2025-11-16,11.0,,638.7188169458367,626.5865766599873
50.0,2025-11-16,12.0,,705.065489719279,672.5112645899842
50.0,2025-11-16,13.0,,816.8823849681858,754.8911099567091
50.0,2025-11-16,14.0,,828.7101660356044,764.4684616028569
50.0,2025-11-16,15.0,,756.617466717349,741.6308798585999
50.0,2025-11-16,16.0,,726.0583769862391,706.0772888032803
50.0,2025-11-16,17.0,,757.6244634593471,748.201923060056
50.0,2025-11-16,18.0,,630.3452972558277,623.160315693592
50.0,2025-11-16,19.0,,503.5673784899814,525.8123689280177
50.0,2025-11-16,20.0,,415.70550138889723,437.0341067381198
50.0,2025-11-16,21.0,,320.07243923022224,346.81084862564836
50.0,2025-11-16,22.0,,172.15579203455025,169.80396945724468
50.0,2025-11-16,23.0,,92.86093599981477,102.82214040094199
1.0,2025-11-17,0.0,,0.0,0.0
1.0,2025-11-17,1.0,,2.802479187359455e-34,0.0
1.0,2025-11-17,2.0,,2.802479187359455e-34,0.0
1.0,2025-11-17,3.0,,2.802479187359455e-34,0.0
1.0,2025-11-17,4.0,,0.0,0.0
1.0,2025-11-17,5.0,,119.65648041860885,111.63278794211614
1.0,2025-11-17,6.0,,504.6595848994532,482.6051754227649
1.0,2025-11-17,7.0,,1437.0314547240378,1436.6259644610943
1.0,2025-11-17,8.0,,1796.9881053260783,1885.0095017940457
1.0,2025-11-17,9.0,,1391.6587498871215,1423.448347989693
1.0,2025-11-17,10.0,,1268.0593634922996,1263.7646803544988
1.0,2025-11-17,11.0,,1301.1860289840324,1300.0944763143143
1.0,2025-11-17,12.0,,1356.0760043109583,1405.2630494205052
1.0,2025-11-17,13.0,,1346.8719822741455,1400.9591767917789
1.0,2025-11-17,14.0,,1281.4102695301133,1397.0776612671953
1.0,2025-11-17,15.0,,1420.4192039202753,1485.283316673721
1.0,2025-11-17,16.0,,1474.6411626003558,1481.814953911115
1.0,2025-11-17,17.0,,1762.0116735638385,1728.8941442833075
1.0,2025-11-17,18.0,,1759.407179664379,1727.1129173152503
1.0,2025-11-17,19.0,,1346.1711348242764,1331.426452223537
1.0,2025-11-17,20.0,,861.9273826546014,840.2492470108509
1.0,2025-11-17,21.0,,455.78689159960305,443.6903105164223
1.0,2025-11-17,22.0,,191.9251144529324,185.82219124638246
1.0,2025-11-17,23.0,,36.44565766362533,35.887442216884025
5.0,2025-11-17,0.0,,0.0,0.0
5.0,2025-11-17,1.0,,0.0,0.0
5.0,2025-11-17,2.0,,0.0,0.0
5.0,2025-11-17,3.0,,0.0,0.0
5.0,2025-11-17,4.0,,0.0,0.0
5.0,2025-11-17,5.0,,0.0,0.0
5.0,2025-11-17,6.0,,0.0,0.0
5.0,2025-11-17,7.0,,0.0,0.0
5.0,2025-11-17,8.0,,0.0,0.0
5.0,2025-11-17,9.0,,0.0,0.0
5.0,2025-11-17,10.0,,0.0,0.0
5.0,2025-11-17,11.0,,0.0,0.0
5.0,2025-11-17,12.0,,0.0,0.0
5.0,2025-11-17,13.0,,0.0,0.0
5.0,2025-11-17,14.0,,0.0,0.0
5.0,2025-11-17,15.0,,0.0,0.0
5.0,2025-11-17,16.0,,0.0,0.0
5.0,2025-11-17,17.0,,0.0,0.0
5.0,2025-11-17,18.0,,0.0,0.0
5.0,2025-11-17,19.0,,0.0,0.0
5.0,2025-11-17,20.0,,0.0,0.0
5.0,2025-11-17,21.0,,0.0,0.0
5.0,2025-11-17,22.0,,0.0,0.0
5.0,2025-11-17,23.0,,0.0,0.0
7.0,2025-11-17,0.0,,49.805527651825265,50.837351983163934
7.0,2025-11-17,1.0,,0.0,0.0
7.0,2025-11-17,2.0,,2.802479187359455e-34,0.0
7.0,2025-11-17,3.0,,2.802479187359455e-34,0.0
7.0,2025-11-17,4.0,,0.0,0.0
7.0,2025-11-17,5.0,,170.74774844367516,173.17824603533052
7.0,2025-11-17,6.0,,680.2575243055984,682.6820621071886
7.0,2025-11-17,7.0,,1606.0947966483245,1601.4642961027716
7.0,2025-11-17,8.0,,2457.224308161922,2500.155651482071
7.0,2025-11-17,9.0,,1804.6185203770651,1791.7653208776226
7.0,2025-11-17,10.0,,1599.2975806044951,1552.5393516880347
7.0,2025-11-17,11.0,,1445.7637374137132,1460.6972385637666
7.0,2025-11-17,12.0,,1522.3160251288282,1540.2333029126266
7.0,2025-11-17,13.0,,1562.5270415619198,1535.2570020518149
7.0,2025-11-17,14.0,,1592.7105638557334,1567.2725766863362
7.0,2025-11-17,15.0,,1691.3502714016386,1777.0639666998145
7.0,2025-11-17,16.0,,1791.725015517216,1865.1777656055895
7.0,2025-11-17,17.0,,2243.5489820637167,2232.780232874238
7.0,2025-11-17,18.0,,2547.833511612691,2515.418664757674
7.0,2025-11-17,19.0,,1700.8371115646407,1639.8540330726692
7.0,2025-11-17,20.0,,1062.3866338658904,1036.798601144386
7.0,2025-11-17,21.0,,580.7391553102965,601.1899496390521
7.0,2025-11-17,22.0,,196.59877419988797,200.97858461737255
7.0,2025-11-17,23.0,,143.6272945096923,139.87961827717004
11.0,2025-11-17,0.0,,53.678837217465855,62.85168017396242
11.0,2025-11-17,1.0,,0.0,0.0
11.0,2025-11-17,2.0,,2.802479187359455e-34,0.0
11.0,2025-11-17,3.0,,2.802479187359455e-34,0.0
11.0,2025-11-17,4.0,,0.0,0.0
11.0,2025-11-17,5.0,,271.5609776339698,277.3312880414982
11.0,2025-11-17,6.0,,1284.265225259588,1288.711867185125
11.0,2025-11-17,7.0,,2322.874023130442,2310.7186864234723
11.0,2025-11-17,8.0,,3153.389831416732,3149.7108749249874
11.0,2025-11-17,9.0,,2363.046105868914,2372.294699197822
11.0,2025-11-17,10.0,,1786.0211404191257,1821.0720774507095
11.0,2025-11-17,11.0,,1807.9693640434432,1906.0305746092877
11.0,2025-11-17,12.0,,1796.3022412503924,1815.010209671027
11.0,2025-11-17,13.0,,1890.3054809812295,1937.4545319033432
11.0,2025-11-17,14.0,,1934.1764140248756,1947.8879031875583
11.0,2025-11-17,15.0,,1973.6863931858604,1964.3981416601173
11.0,2025-11-17,16.0,,2204.6344450853267,2237.5323935942342
11.0,2025-11-17,17.0,,2795.665278951374,2772.7383465543494
11.0,2025-11-17,18.0,,2985.444512042154,2978.385176707869
11.0,2025-11-17,19.0,,2244.6412342839108,2312.266111658184
11.0,2025-11-17,20.0,,1426.6446773652456,1468.4740229297781
11.0,2025-11-17,21.0,,820.8977194032924,775.1889393881115
11.0,2025-11-17,22.0,,381.13282808054066,361.6044724040474
11.0,2025-11-17,23.0,,200.86346345602064,211.63151694104306
12.0,2025-11-17,0.0,,56.57509025131513,39.74251010666991
12.0,2025-11-17,1.0,,0.0,0.0
12.0,2025-11-17,2.0,,2.802479187359455e-34,0.0
12.0,2025-11-17,3.0,,2.802479187359455e-34,0.0
12.0,2025-11-17,4.0,,0.0,0.0
12.0,2025-11-17,5.0,,298.526243209337,311.57416574956693
12.0,2025-11-17,6.0,,1304.1036361256984,1335.3161361104353
12.0,2025-11-17,7.0,,2680.049105015757,2629.953421428844
12.0,2025-11-17,8.0,,3480.9183194440593,3430.0904511916974
12.0,2025-11-17,9.0,,2417.652797101465,2453.1639129298883
12.0,2025-11-17,10.0,,2001.6999064109598,2029.7720314971323
12.0,2025-11-17,11.0,,1931.7281270831943,1988.9425055153165
12.0,2025-11-17,12.0,,2050.9053068393364,1988.1415547168533
12.0,2025-11-17,13.0,,1984.2007435690507,2046.6034653507606
12.0,2025-11-17,14.0,,1979.5099528982405,1978.3128824796995
12.0,2025-11-17,15.0,,2236.0015424243875,2223.016357201456
12.0,2025-11-17,16.0,,2748.5432174254565,2764.6244447134854
12.0,2025-11-17,17.0,,3046.919504439669,2997.8746905673806
12.0,2025-11-17,18.0,,3148.5447752810082,3082.344484033601
12.0,2025-11-17,19.0,,2412.2169734919553,2396.5956347184433
12.0,2025-11-17,20.0,,1535.2576283036638,1499.4477275728
12.0,2025-11-17,21.0,,884.8312483333002,907.2870916012813
12.0,2025-11-17,22.0,,434.09656969649706,438.2279177607196
12.0,2025-11-17,23.0,,240.67739242645393,218.48529416905635
17.0,2025-11-17,0.0,,63.79758964146343,87.33362056725245
17.0,2025-11-17,1.0,,6.000278211964141,0.0
17.0,2025-11-17,2.0,,2.802479187359455e-34,0.0
17.0,2025-11-17,3.0,,2.802479187359455e-34,0.0
17.0,2025-11-17,4.0,,12.49815187615926,4.070230855566286
17.0,2025-11-17,5.0,,295.8688429172505,283.79178700984926
17.0,2025-11-17,6.0,,1479.472424216126,1489.5526903619937
17.0,2025-11-17,7.0,,3891.4542661809746,3901.1929165578968
17.0,2025-11-17,8.0,,5230.48190764604,5167.3759686145295
17.0,2025-11-17,9.0,,3732.782380082523,3689.277113843237
17.0,2025-11-17,10.0,,2954.4883168008014,2923.844663171843
17.0,2025-11-17,11.0,,2921.0931880483354,3006.489685211547
17.0,2025-11-17,12.0,,2916.0563772421206,2932.875501433104
17.0,2025-11-17,13.0,,2965.0124663320016,2994.476463936541
17.0,2025-11-17,14.0,,3000.630769611946,3051.4842819978317
17.0,2025-11-17,15.0,,3178.54539601202,3232.709409937156
17.0,2025-11-17,16.0,,3590.4464261353714,3601.4465852579224
17.0,2025-11-17,17.0,,4379.164868745127,4375.874675131975
17.0,2025-11-17,18.0,,4719.838931109936,4767.5407897476525
17.0,2025-11-17,19.0,,3337.406524326664,3365.893813996645
17.0,2025-11-17,20.0,,2298.956543634918,2274.567901039077
17.0,2025-11-17,21.0,,1375.5401966701083,1402.7215384380684
17.0,2025-11-17,22.0,,702.4044980163698,721.5543672425666
17.0,2025-11-17,23.0,,304.44890158326257,315.25400176501427
25.0,2025-11-17,0.0,,0.0,1.883247241838453
25.0,2025-11-17,1.0,,2.802479187359455e-34,0.0
25.0,2025-11-17,2.0,,2.802479187359455e-34,0.0
25.0,2025-11-17,3.0,,2.802479187359455e-34,0.0
25.0,2025-11-17,4.0,,2.802479187359455e-34,0.0
25.0,2025-11-17,5.0,,4.986259287128648,0.0
25.0,2025-11-17,6.0,,179.32104338357377,154.07885776946978
25.0,2025-11-17,7.0,,525.2607443980446,498.9533446744836
25.0,2025-11-17,8.0,,842.0524962230078,815.8432361461674
25.0,2025-11-17,9.0,,443.1193827185113,414.8324209471675
25.0,2025-11-17,10.0,,330.1859070415737,319.7219948747156
25.0,2025-11-17,11.0,,366.52948620093537,354.24474328040026
25.0,2025-11-17,12.0,,356.86807041446565,351.2348442516786
25.0,2025-11-17,13.0,,440.9689729570382,448.3803016686195
25.0,2025-11-17,14.0,,383.50729217136484,396.2955009586376
25.0,2025-11-17,15.0,,459.58423410415764,476.2507931538873
25.0,2025-11-17,16.0,,623.6641133975037,621.1593454251762
25.0,2025-11-17,17.0,,673.7249863122693,661.510129447569
25.0,2025-11-17,18.0,,726.9128017037164,719.114234788904
25.0,2025-11-17,19.0,,462.1960343121965,450.1191091629694
25.0,2025-11-17,20.0,,274.46298005511835,275.5943056985026
25.0,2025-11-17,21.0,,167.60210803522205,169.22146048892373
25.0,2025-11-17,22.0,,90.96573769672221,86.82539668120583
25.0,2025-11-17,23.0,,0.0,0.0
26.0,2025-11-17,0.0,,5.5938331517492115,14.55402870941797
26.0,2025-11-17,1.0,,0.0,1.9180933167693035
26.0,2025-11-17,2.0,,2.802479187359455e-34,0.0
26.0,2025-11-17,3.0,,2.802479187359455e-34,0.0
26.0,2025-11-17,4.0,,0.0,0.0
26.0,2025-11-17,5.0,,64.26475225102436,55.301984805525876
26.0,2025-11-17,6.0,,492.90378458250524,474.02756982508487
26.0,2025-11-17,7.0,,1070.0100377133315,1062.7222056486567
26.0,2025-11-17,8.0,,2067.5914241787746,2152.4482156378467
26.0,2025-11-17,9.0,,1410.3998153669381,1424.124715590396
26.0,2025-11-17,10.0,,1186.807627909762,1215.914643600108
26.0,2025-11-17,11.0,,1064.3633125446217,1167.3221215111628
26.0,2025-11-17,12.0,,1088.8623938117876,1083.353844170013
26.0,2025-11-17,13.0,,1134.9288722743245,1136.888891712182
26.0,2025-11-17,14.0,,1214.5913621430136,1197.09900225223
26.0,2025-11-17,15.0,,1257.1912806635605,1349.2391319159747
26.0,2025-11-17,16.0,,1460.0783516773213,1479.078680687402
26.0,2025-11-17,17.0,,1682.9086769503283,1649.7076056246033
26.0,2025-11-17,18.0,,1727.9751752762572,1803.6568047693106
26.0,2025-11-17,19.0,,1221.7322959713174,1232.1016890266073
26.0,2025-11-17,20.0,,749.287323320598,722.8888603767489
26.0,2025-11-17,21.0,,451.6690082743432,433.6542384157968
26.0,2025-11-17,22.0,,190.87317152852094,190.53989120665983
26.0,2025-11-17,23.0,,107.30608680607969,80.95085018881622
28.0,2025-11-17,0.0,,1.1027439654455586,0.0
28.0,2025-11-17,1.0,,2.802479187359455e-34,0.0
28.0,2025-11-17,2.0,,2.802479187359455e-34,0.0
28.0,2025-11-17,3.0,,2.802479187359455e-34,0.0
28.0,2025-11-17,4.0,,0.0,0.0
28.0,2025-11-17,5.0,,64.33350074504291,52.340363647085404
28.0,2025-11-17,6.0,,243.58340542566853,224.96391032184656
28.0,2025-11-17,7.0,,720.608719928682,708.3672929860383
28.0,2025-11-17,8.0,,1187.320430557165,1190.94810529425
28.0,2025-11-17,9.0,,826.4527541416912,820.518858887128
28.0,2025-11-17,10.0,,604.5711939933394,613.7454126696356
28.0,2025-11-17,11.0,,528.1640414722585,508.05936755351047
28.0,2025-11-17,12.0,,671.4725227247891,651.5089576195587
28.0,2025-11-17,13.0,,706.481981621154,693.5948164598791
28.0,2025-11-17,14.0,,626.6206712565985,631.6743049103
28.0,2025-11-17,15.0,,641.5719313470614,637.2918426830826
28.0,2025-11-17,16.0,,790.4333455165063,803.2221742729697
28.0,2025-11-17,17.0,,938.0869420954859,919.2474926829291
28.0,2025-11-17,18.0,,914.9930320440437,903.0370136861069
28.0,2025-11-17,19.0,,678.8089388693288,673.9334250422114
28.0,2025-11-17,20.0,,463.54350268931745,449.1543777829297
28.0,2025-11-17,21.0,,292.3080804503677,282.8098460430832
28.0,2025-11-17,22.0,,113.84861941783588,102.9501805287324
28.0,2025-11-17,23.0,,12.0904518147667,0.0
50.0,2025-11-17,0.0,,0.0,0.0
50.0,2025-11-17,1.0,,0.0,0.0
50.0,2025-11-17,2.0,,0.0,2.598117033032248e-10
50.0,2025-11-17,3.0,,2.802479187359455e-34,0.0
50.0,2025-11-17,4.0,,0.0,0.0
50.0,2025-11-17,5.0,,61.67796258150907,41.77803279641805
50.0,2025-11-17,6.0,,492.6333255762745,491.84074763292534
50.0,2025-11-17,7.0,,1687.304083607526,1703.3227321150234
50.0,2025-11-17,8.0,,2719.5340691320303,2706.4314822119195
50.0,2025-11-17,9.0,,2115.1286784671997,2138.8436451269613
50.0,2025-11-17,10.0,,1617.3163105304106,1658.97679977629
50.0,2025-11-17,11.0,,1535.8339364715682,1512.8226058810387
50.0,2025-11-17,12.0,,1395.0984164838574,1356.9343377758805
50.0,2025-11-17,13.0,,1438.820279851075,1434.0350583168238
50.0,2025-11-17,14.0,,1413.2024622554825,1407.1397095932584
50.0,2025-11-17,15.0,,1658.1279809262653,1628.5490180108147
50.0,2025-11-17,16.0,,1695.4048954490045,1661.1384452785314
50.0,2025-11-17,17.0,,2301.8608727919855,2280.375077052019
50.0,2025-11-17,18.0,,2406.8574549259006,2445.3634098786843
50.0,2025-11-17,19.0,,1415.6242246989416,1402.972095538783
50.0,2025-11-17,20.0,,872.1505071970547,884.3852085896189
50.0,2025-11-17,21.0,,589.6998776169648,601.6513903733554
50.0,2025-11-17,22.0,,252.09272049901716,282.00874906591764
50.0,2025-11-17,23.0,,102.25984633108074,117.61457134288716
1.0,2025-11-18,0.0,,0.0,0.0
1.0,2025-11-18,1.0,,2.802479187359455e-34,0.0
1.0,2025-11-18,2.0,,2.802479187359455e-34,0.0
1.0,2025-11-18,3.0,,2.802479187359455e-34,0.0
1.0,2025-11-18,4.0,,0.0,0.0
1.0,2025-11-18,5.0,,129.7729589118866,106.52514406379834
1.0,2025-11-18,6.0,,510.28753558626926,499.7374781432854
1.0,2025-11-18,7.0,,1459.549005600664,1447.3118207897257
1.0,2025-11-18,8.0,,1831.6762146130766,1861.3195582774079
1.0,2025-11-18,9.0,,1445.600056963227,1436.6879509684306
1.0,2025-11-18,10.0,,1255.6413480468375,1250.0259090412696
1.0,2025-11-18,11.0,,1332.0816072658379,1274.222137712146
1.0,2025-11-18,12.0,,1371.3317597216185,1409.521041460634
1.0,2025-11-18,13.0,,1368.100899705872,1374.0204090339369
1.0,2025-11-18,14.0,,1251.4525406975965,1238.1130794425358
1.0,2025-11-18,15.0,,1444.9612232157558,1476.49954290382
1.0,2025-11-18,16.0,,1455.804295588764,1451.1567232321547
1.0,2025-11-18,17.0,,1734.474148735284,1704.3896115651846
1.0,2025-11-18,18.0,,1728.8673228589596,1683.3967262001524
1.0,2025-11-18,19.0,,1339.5609119819783,1290.5679553773216
1.0,2025-11-18,20.0,,891.1237840832239,815.0666110041718
1.0,2025-11-18,21.0,,489.708934731507,449.83940654303115
1.0,2025-11-18,22.0,,231.3196055413601,208.66963374153218
1.0,2025-11-18,23.0,,55.222827325184895,36.60526086275406
5.0,2025-11-18,0.0,,0.0,0.0
5.0,2025-11-18,1.0,,0.0,0.0
5.0,2025-11-18,2.0,,0.0,0.0
5.0,2025-11-18,3.0,,0.0,0.0
5.0,2025-11-18,4.0,,0.0,0.0
5.0,2025-11-18,5.0,,0.0,0.0
5.0,2025-11-18,6.0,,0.0,0.0
5.0,2025-11-18,7.0,,0.0,0.0
5.0,2025-11-18,8.0,,0.0,0.0
5.0,2025-11-18,9.0,,0.0,0.0
5.0,2025-11-18,10.0,,0.0,0.0
5.0,2025-11-18,11.0,,0.0,0.0
5.0,2025-11-18,12.0,,0.0,0.0
5.0,2025-11-18,13.0,,0.0,0.0
5.0,2025-11-18,14.0,,0.0,0.0
5.0,2025-11-18,15.0,,0.0,0.0
5.0,2025-11-18,16.0,,0.0,0.0
5.0,2025-11-18,17.0,,0.0,0.0
5.0,2025-11-18,18.0,,0.0,0.0
5.0,2025-11-18,19.0,,0.0,0.0
5.0,2025-11-18,20.0,,0.0,0.0
5.0,2025-11-18,21.0,,0.0,0.0
5.0,2025-11-18,22.0,,0.0,0.0
5.0,2025-11-18,23.0,,0.0,0.0
7.0,2025-11-18,0.0,,42.40113391942223,35.39300824961408
7.0,2025-11-18,1.0,,0.0,0.0
7.0,2025-11-18,2.0,,2.802479187359455e-34,0.0
7.0,2025-11-18,3.0,,2.802479187359455e-34,0.0
7.0,2025-11-18,4.0,,0.0,0.0
7.0,2025-11-18,5.0,,182.1484241202726,174.45212965152157
7.0,2025-11-18,6.0,,708.5008796803935,703.2425531881752
7.0,2025-11-18,7.0,,1633.031588194677,1608.9615765363849
7.0,2025-11-18,8.0,,2495.1598723112065,2493.658014868676
7.0,2025-11-18,9.0,,1900.2594975876457,1807.2647301387044
7.0,2025-11-18,10.0,,1681.9652407621713,1605.9445908924922
7.0,2025-11-18,11.0,,1495.4128560801112,1470.2140018230054
7.0,2025-11-18,12.0,,1610.3786450248842,1660.4802530362142
7.0,2025-11-18,13.0,,1619.0908992831883,1624.240977751992
7.0,2025-11-18,14.0,,1673.95444068025,1672.8430871238024
7.0,2025-11-18,15.0,,1749.9327100441237,1793.404209971911
7.0,2025-11-18,16.0,,1867.0242685817543,1902.349018628546
7.0,2025-11-18,17.0,,2321.1085573214664,2256.8760149315035
7.0,2025-11-18,18.0,,2583.600479832952,2495.1044752300945
7.0,2025-11-18,19.0,,1811.2286858617877,1648.6522929541877
7.0,2025-11-18,20.0,,1095.001242160474,1050.6184169879853
7.0,2025-11-18,21.0,,616.9933555185108,619.8124996913168
7.0,2025-11-18,22.0,,217.15204305493782,198.03286053605257
7.0,2025-11-18,23.0,,165.996666731871,149.0486179685083
11.0,2025-11-18,0.0,,59.11025344684171,57.71370997184894
11.0,2025-11-18,1.0,,0.0,0.0
11.0,2025-11-18,2.0,,2.802479187359455e-34,0.0
11.0,2025-11-18,3.0,,2.802479187359455e-34,0.0
11.0,2025-11-18,4.0,,0.0,0.0
11.0,2025-11-18,5.0,,271.82454926617345,244.7587983415688
11.0,2025-11-18,6.0,,1238.1342958916575,1259.2605059488567
11.0,2025-11-18,7.0,,2357.4616495166047,2333.773435904538
11.0,2025-11-18,8.0,,3142.338807937504,3026.698987542206
11.0,2025-11-18,9.0,,2421.7870778013917,2344.9899030316055
11.0,2025-11-18,10.0,,1879.8630122859695,1849.4571448778122
11.0,2025-11-18,11.0,,1816.5666531689367,1845.511760226993
11.0,2025-11-18,12.0,,1859.4481209571131,1814.2692414828316
11.0,2025-11-18,13.0,,1961.1640206230188,1922.6726347553085
11.0,2025-11-18,14.0,,1992.312721587727,1905.369707843255
11.0,2025-11-18,15.0,,2004.270096143651,1932.4308967387517
11.0,2025-11-18,16.0,,2257.4677121425143,2164.6438510528897
11.0,2025-11-18,17.0,,2812.882104305975,2735.7002656256113
11.0,2025-11-18,18.0,,2971.8626531386176,2951.749462766848
11.0,2025-11-18,19.0,,2284.6738033047136,2285.185310508133
11.0,2025-11-18,20.0,,1453.0476640603215,1414.2309666403505
11.0,2025-11-18,21.0,,870.2220996608735,781.0726404124017
11.0,2025-11-18,22.0,,424.7393691034889,375.7721326885612
11.0,2025-11-18,23.0,,233.09338792464163,222.3601798077625
12.0,2025-11-18,0.0,,48.500395005939275,40.60648695981671
12.0,2025-11-18,1.0,,0.0,0.0
12.0,2025-11-18,2.0,,2.802479187359455e-34,0.0
12.0,2025-11-18,3.0,,2.802479187359455e-34,0.0
12.0,2025-11-18,4.0,,8.166122256054921,0.0
12.0,2025-11-18,5.0,,324.94691177387176,318.6286863555452
12.0,2025-11-18,6.0,,1391.6485820193752,1344.9369370851473
12.0,2025-11-18,7.0,,2736.0692785288206,2614.2355363826837
12.0,2025-11-18,8.0,,3501.809354499623,3419.991886876148
12.0,2025-11-18,9.0,,2543.8164214592725,2467.5960334867464
12.0,2025-11-18,10.0,,2156.506344087603,2042.6767590383843
12.0,2025-11-18,11.0,,2099.8913544132733,2029.0996018693052
12.0,2025-11-18,12.0,,2105.9976389167273,1978.895730955179
12.0,2025-11-18,13.0,,2053.492075843255,2033.9924091665068
12.0,2025-11-18,14.0,,2030.511963179821,1942.9781926948665
12.0,2025-11-18,15.0,,2290.9985143565164,2218.40875217518
12.0,2025-11-18,16.0,,2775.852798532067,2746.216946052569
12.0,2025-11-18,17.0,,3070.8209659497884,2944.321650961623
12.0,2025-11-18,18.0,,3183.1980130096094,3060.019686928576
12.0,2025-11-18,19.0,,2491.9267655673457,2393.0624161513897
12.0,2025-11-18,20.0,,1540.6577791910893,1456.9200556051094
12.0,2025-11-18,21.0,,904.0418123019452,895.4300983364221
12.0,2025-11-18,22.0,,481.3467905356799,430.5500020187958
12.0,2025-11-18,23.0,,259.98370613357315,211.66203842334824
17.0,2025-11-18,0.0,,100.4665047251235,103.20010011781982
17.0,2025-11-18,1.0,,6.531909105514933,0.0
17.0,2025-11-18,2.0,,2.802479187359455e-34,0.0
17.0,2025-11-18,3.0,,2.802479187359455e-34,0.0
17.0,2025-11-18,4.0,,17.08848366022663,0.0
17.0,2025-11-18,5.0,,302.4323897582726,282.69271489585225
17.0,2025-11-18,6.0,,1505.2296394828668,1490.926925295581
17.0,2025-11-18,7.0,,3890.461181087183,3893.436771546665
17.0,2025-11-18,8.0,,5152.715664157078,5133.569539306324
17.0,2025-11-18,9.0,,3822.842987750298,3715.905136376492
17.0,2025-11-18,10.0,,3022.025740710036,2999.201015265718
17.0,2025-11-18,11.0,,2974.7144398046557,2981.421075732538
17.0,2025-11-18,12.0,,3006.663705711325,2912.336728691887
17.0,2025-11-18,13.0,,2967.026766603432,2985.047266024086
17.0,2025-11-18,14.0,,3010.389855070342,3060.359546373177
17.0,2025-11-18,15.0,,3231.6373842689873,3206.832186548768
17.0,2025-11-18,16.0,,3612.871244631482,3602.519160735186
17.0,2025-11-18,17.0,,4427.829779445365,4391.776744649848
17.0,2025-11-18,18.0,,4745.022248665125,4759.642498486132
17.0,2025-11-18,19.0,,3410.7228119211195,3379.9791374884203
17.0,2025-11-18,20.0,,2379.8966036401566,2323.6495699443462
17.0,2025-11-18,21.0,,1442.4860790321416,1432.2580802117177
17.0,2025-11-18,22.0,,727.6999050610176,728.8072298577686
17.0,2025-11-18,23.0,,334.39227479332703,327.2314151807976
25.0,2025-11-18,0.0,,0.0,4.172809868743758
25.0,2025-11-18,1.0,,2.802479187359455e-34,0.0
25.0,2025-11-18,2.0,,2.802479187359455e-34,0.0
25.0,2025-11-18,3.0,,2.802479187359455e-34,0.0
25.0,2025-11-18,4.0,,2.802479187359455e-34,0.0
25.0,2025-11-18,5.0,,14.642202327507613,0.0
25.0,2025-11-18,6.0,,192.5405866187494,153.75139661284786
25.0,2025-11-18,7.0,,524.8789164299833,493.7647047368304
25.0,2025-11-18,8.0,,836.6143939299432,838.6259066021876
25.0,2025-11-18,9.0,,459.7699185343731,425.15197662917313
25.0,2025-11-18,10.0,,373.1441951872407,345.88325771319865
25.0,2025-11-18,11.0,,408.84457353038664,377.8067027314774
25.0,2025-11-18,12.0,,385.421739675481,359.2510138327141
25.0,2025-11-18,13.0,,449.5653309035668,465.0856989709101
25.0,2025-11-18,14.0,,420.79238771022233,421.49883680410335
25.0,2025-11-18,15.0,,503.60346763296025,490.57376437758325
25.0,2025-11-18,16.0,,634.6444908424371,644.5301182006294
25.0,2025-11-18,17.0,,671.0751982778518,660.5412209541497
25.0,2025-11-18,18.0,,733.1506453446233,715.0067307244528
25.0,2025-11-18,19.0,,483.0718237958813,454.7128290696854
25.0,2025-11-18,20.0,,322.9841007157828,282.99247469644985
25.0,2025-11-18,21.0,,196.40201029475787,173.7231793622986
25.0,2025-11-18,22.0,,100.58542692169624,93.04433556521826
25.0,2025-11-18,23.0,,3.877763616326116,0.0
26.0,2025-11-18,0.0,,21.973239329503905,9.8646396999355
26.0,2025-11-18,1.0,,4.755817196604359,1.4291384507315752
26.0,2025-11-18,2.0,,2.802479187359455e-34,0.0
26.0,2025-11-18,3.0,,2.802479187359455e-34,0.0
26.0,2025-11-18,4.0,,0.0,0.0
26.0,2025-11-18,5.0,,64.02212118020763,55.388597738240605
26.0,2025-11-18,6.0,,520.6032232237424,491.0502024622175
26.0,2025-11-18,7.0,,1048.3279726481912,1042.670196323792
26.0,2025-11-18,8.0,,2163.6147479099195,2210.6358012319242
26.0,2025-11-18,9.0,,1438.815441910356,1419.5626456595737
26.0,2025-11-18,10.0,,1177.5468796550726,1209.8446779304252
26.0,2025-11-18,11.0,,1078.0300871451527,1135.1096477349427
26.0,2025-11-18,12.0,,1114.9324642113925,1071.3811091832306
26.0,2025-11-18,13.0,,1138.067319833343,1132.7748754324618
26.0,2025-11-18,14.0,,1237.861773149018,1193.484508106854
26.0,2025-11-18,15.0,,1259.676081872792,1323.162736086066
26.0,2025-11-18,16.0,,1516.889334766129,1515.5524638222018
26.0,2025-11-18,17.0,,1698.3880492385495,1671.9458573052948
26.0,2025-11-18,18.0,,1788.5531259795725,1796.959367536071
26.0,2025-11-18,19.0,,1241.641029793223,1214.290427125231
26.0,2025-11-18,20.0,,793.2766825784687,725.701366849993
26.0,2025-11-18,21.0,,477.5049589066107,429.3807265185402
26.0,2025-11-18,22.0,,193.14267453154653,186.40594047097778
26.0,2025-11-18,23.0,,117.52241697807294,86.6248324020769
28.0,2025-11-18,0.0,,1.1027439654455586,0.0
28.0,2025-11-18,1.0,,2.802479187359455e-34,0.0
28.0,2025-11-18,2.0,,2.802479187359455e-34,0.0
28.0,2025-11-18,3.0,,2.802479187359455e-34,0.0
28.0,2025-11-18,4.0,,0.0,0.0
28.0,2025-11-18,5.0,,59.51917544109641,43.523626721180534
28.0,2025-11-18,6.0,,269.5940145879067,242.25260108726908
28.0,2025-11-18,7.0,,706.0057704688378,725.8285765552682
28.0,2025-11-18,8.0,,1194.1624279697162,1173.2893767372323
28.0,2025-11-18,9.0,,829.821763729942,821.5241592788166
28.0,2025-11-18,10.0,,650.2187690180167,634.8966998919161
28.0,2025-11-18,11.0,,549.729775115881,548.5163219996721
28.0,2025-11-18,12.0,,696.3302099677034,678.4087657845322
28.0,2025-11-18,13.0,,719.235864540404,714.5432789491509
28.0,2025-11-18,14.0,,651.4567888114317,649.5736763179635
28.0,2025-11-18,15.0,,679.3999980098716,673.7086442632626
28.0,2025-11-18,16.0,,848.8674270833085,847.9959796541194
28.0,2025-11-18,17.0,,946.9251122130648,937.899680787267
28.0,2025-11-18,18.0,,896.6353913754274,879.8534025946044
28.0,2025-11-18,19.0,,703.1341584251463,658.8932985373026
28.0,2025-11-18,20.0,,496.79615645830256,473.95860010326135
28.0,2025-11-18,21.0,,319.0377862012528,303.22255175998
28.0,2025-11-18,22.0,,150.5838711831491,121.54399628633864
28.0,2025-11-18,23.0,,11.092320952067599,0.0
50.0,2025-11-18,0.0,,0.0,0.0
50.0,2025-11-18,1.0,,0.0,0.0
50.0,2025-11-18,2.0,,0.0,2.598117033032248e-10
50.0,2025-11-18,3.0,,2.802479187359455e-34,0.0
50.0,2025-11-18,4.0,,0.0,0.0
50.0,2025-11-18,5.0,,77.19127539403866,46.30783727530995
50.0,2025-11-18,6.0,,546.3594585151532,526.9680155460778
50.0,2025-11-18,7.0,,1740.8128447787146,1724.0876194977227
50.0,2025-11-18,8.0,,2759.1471649411988,2703.9114774045092
50.0,2025-11-18,9.0,,2233.370915367414,2170.321749283346
50.0,2025-11-18,10.0,,1663.936329573221,1646.2619764228507
50.0,2025-11-18,11.0,,1550.8127281551688,1487.7897516540643
50.0,2025-11-18,12.0,,1475.3268852662402,1447.959750468146
50.0,2025-11-18,13.0,,1486.4079649153061,1423.0149329659696
50.0,2025-11-18,14.0,,1433.4926243950429,1390.208652978093
50.0,2025-11-18,15.0,,1713.4661573395608,1646.405190886516
50.0,2025-11-18,16.0,,1791.3908400558264,1701.6423882160002
50.0,2025-11-18,17.0,,2380.673297416281,2308.536608660774
50.0,2025-11-18,18.0,,2423.6819437350337,2422.8389788908685
50.0,2025-11-18,19.0,,1469.0601670118285,1392.0536681924075
50.0,2025-11-18,20.0,,912.8726208735437,868.4017130678201
50.0,2025-11-18,21.0,,606.1871622594101,587.7717675145742
50.0,2025-11-18,22.0,,263.8192779846462,257.22287704260896
50.0,2025-11-18,23.0,,130.30701224593642,124.21142941135902
1.0,2025-11-19,0.0,,0.0,0.0
1.0,2025-11-19,1.0,,2.802479187359455e-34,0.0
1.0,2025-11-19,2.0,,2.802479187359455e-34,0.0
1.0,2025-11-19,3.0,,2.802479187359455e-34,0.0
1.0,2025-11-19,4.0,,0.0,0.0
1.0,2025-11-19,5.0,,122.31406227730787,120.91225207089965
1.0,2025-11-19,6.0,,518.7437449011376,499.3652191571484
1.0,2025-11-19,7.0,,1490.9154558111145,1496.4560793404046
1.0,2025-11-19,8.0,,1884.861413243847,1921.8713930230738
1.0,2025-11-19,9.0,,1485.007588739689,1464.5739694027648
1.0,2025-11-19,10.0,,1318.908013911031,1304.886347572582
1.0,2025-11-19,11.0,,1317.7840342936897,1308.8565654825868
1.0,2025-11-19,12.0,,1379.936270513361,1306.4068762605891
1.0,2025-11-19,13.0,,1394.0568622115695,1444.0901624081366
1.0,2025-11-19,14.0,,1363.2298526934244,1313.5291194105316
1.0,2025-11-19,15.0,,1489.1295780594296,1469.6723827777384
1.0,2025-11-19,16.0,,1501.5258745018257,1498.5341269863293
1.0,2025-11-19,17.0,,1804.5677865584116,1784.3322576743851
1.0,2025-11-19,18.0,,1798.1234536087666,1790.0828246015164
1.0,2025-11-19,19.0,,1396.3110416674463,1348.344271477728
1.0,2025-11-19,20.0,,868.1791406424243,849.6445765510509
1.0,2025-11-19,21.0,,487.3213750434883,485.4042703922285
1.0,2025-11-19,22.0,,222.46002204165487,226.51368097082246
1.0,2025-11-19,23.0,,33.26528876351781,33.961598204477724
5.0,2025-11-19,0.0,,0.0,0.0
5.0,2025-11-19,1.0,,0.0,0.0
5.0,2025-11-19,2.0,,0.0,0.0
5.0,2025-11-19,3.0,,0.0,0.0
5.0,2025-11-19,4.0,,0.0,0.0
5.0,2025-11-19,5.0,,0.0,0.0
5.0,2025-11-19,6.0,,0.0,0.0
5.0,2025-11-19,7.0,,0.0,0.0
5.0,2025-11-19,8.0,,0.0,0.0
5.0,2025-11-19,9.0,,0.0,0.0
5.0,2025-11-19,10.0,,0.0,0.0
5.0,2025-11-19,11.0,,0.0,0.0
5.0,2025-11-19,12.0,,0.0,0.0
5.0,2025-11-19,13.0,,0.0,0.0
5.0,2025-11-19,14.0,,0.0,0.0
5.0,2025-11-19,15.0,,0.0,0.0
5.0,2025-11-19,16.0,,0.0,0.0
5.0,2025-11-19,17.0,,0.0,0.0
5.0,2025-11-19,18.0,,0.0,0.0
5.0,2025-11-19,19.0,,0.0,0.0
5.0,2025-11-19,20.0,,0.0,0.0
5.0,2025-11-19,21.0,,0.0,0.0
5.0,2025-11-19,22.0,,0.0,0.0
5.0,2025-11-19,23.0,,0.0,0.0
7.0,2025-11-19,0.0,,48.074371790117986,45.49116714741046
7.0,2025-11-19,1.0,,0.0,0.0
7.0,2025-11-19,2.0,,2.802479187359455e-34,0.0
7.0,2025-11-19,3.0,,2.802479187359455e-34,0.0
7.0,2025-11-19,4.0,,0.0,0.0
7.0,2025-11-19,5.0,,191.14311583601338,183.85482492273846
7.0,2025-11-19,6.0,,690.0553719563665,730.2865949543082
7.0,2025-11-19,7.0,,1649.3974954376388,1657.4164397264212
7.0,2025-11-19,8.0,,2532.042742394939,2577.4716379302577
7.0,2025-11-19,9.0,,1880.7362543862944,1935.6873515456848
7.0,2025-11-19,10.0,,1688.1221059935858,1702.3098915833125
7.0,2025-11-19,11.0,,1552.629813104335,1544.918914127032
7.0,2025-11-19,12.0,,1658.1239421131575,1746.863264503856
7.0,2025-11-19,13.0,,1594.854776709107,1694.7032242791006
7.0,2025-11-19,14.0,,1723.4497726083366,1780.452255512333
7.0,2025-11-19,15.0,,1820.2479327928888,1859.1538151430677
7.0,2025-11-19,16.0,,1933.3714535551535,1963.4504531303464
7.0,2025-11-19,17.0,,2369.8281905378185,2323.193105673657
7.0,2025-11-19,18.0,,2554.5163559271405,2632.6506005375963
7.0,2025-11-19,19.0,,1782.527752414688,1785.8590419821207
7.0,2025-11-19,20.0,,1116.1404762920106,1097.987210596563
7.0,2025-11-19,21.0,,644.6703383476206,645.5321703686101
7.0,2025-11-19,22.0,,211.32333026687996,214.297270355051
7.0,2025-11-19,23.0,,160.4827045291354,161.34374693483676
11.0,2025-11-19,0.0,,55.558834760165595,62.094568627577885
11.0,2025-11-19,1.0,,0.0,0.0
11.0,2025-11-19,2.0,,2.802479187359455e-34,0.0
11.0,2025-11-19,3.0,,2.802479187359455e-34,0.0
11.0,2025-11-19,4.0,,2.788392493957977,0.0
11.0,2025-11-19,5.0,,269.7728829324751,315.2727959980896
11.0,2025-11-19,6.0,,1288.124609362341,1301.1127726276925
11.0,2025-11-19,7.0,,2429.1056363285256,2407.1963381669443
11.0,2025-11-19,8.0,,3187.8035182301523,3094.804029511962
11.0,2025-11-19,9.0,,2439.5312757824413,2437.458896896987
11.0,2025-11-19,10.0,,1887.7016240713256,1915.1711223762225
11.0,2025-11-19,11.0,,1894.7257743425366,1958.5667121470615
11.0,2025-11-19,12.0,,1908.915347033733,1905.5977171765128
11.0,2025-11-19,13.0,,2026.6341725604766,2051.2704256046673
11.0,2025-11-19,14.0,,2033.9468578651054,2030.8775288373513
11.0,2025-11-19,15.0,,2078.459575745091,2056.286081239057
11.0,2025-11-19,16.0,,2296.350487843901,2258.830169729868
11.0,2025-11-19,17.0,,2848.361425245298,2795.517046011698
11.0,2025-11-19,18.0,,3042.7538955243217,3027.178403122228
11.0,2025-11-19,19.0,,2287.6995511124633,2304.4498436595823
11.0,2025-11-19,20.0,,1474.297300515212,1451.2265765828922
11.0,2025-11-19,21.0,,853.6792247015514,806.5335413534297
11.0,2025-11-19,22.0,,403.05772746339096,391.2843788462993
11.0,2025-11-19,23.0,,223.91680821100772,225.41426508837293
12.0,2025-11-19,0.0,,35.959373834398804,38.754349201570086
12.0,2025-11-19,1.0,,0.0,0.0
12.0,2025-11-19,2.0,,2.802479187359455e-34,0.0
12.0,2025-11-19,3.0,,2.802479187359455e-34,0.0
12.0,2025-11-19,4.0,,6.967867724655708,0.0
12.0,2025-11-19,5.0,,302.52486284967233,325.8322055253349
12.0,2025-11-19,6.0,,1361.5684197559688,1374.833965313948
12.0,2025-11-19,7.0,,2683.8395584056943,2642.9371536598596
12.0,2025-11-19,8.0,,3515.708324185158,3452.994921146937
12.0,2025-11-19,9.0,,2557.7529276326754,2519.6252063230463
12.0,2025-11-19,10.0,,2166.521540641909,2084.526523635328
12.0,2025-11-19,11.0,,2072.3734206520226,1975.7189181312274
12.0,2025-11-19,12.0,,2134.4724527323788,2068.8843599178736
12.0,2025-11-19,13.0,,2095.135887430599,2114.48938179369
12.0,2025-11-19,14.0,,2037.1897009802087,2034.4740811444506
12.0,2025-11-19,15.0,,2295.2621159630476,2241.26516052988
12.0,2025-11-19,16.0,,2772.8416677609457,2705.7305367733456
12.0,2025-11-19,17.0,,3071.757814238628,2946.2266938524253
12.0,2025-11-19,18.0,,3143.618747656623,3110.1645436757713
12.0,2025-11-19,19.0,,2483.5589741210283,2446.185576420048
12.0,2025-11-19,20.0,,1546.310989641557,1520.2222706146358
12.0,2025-11-19,21.0,,938.6613306736484,930.4934896537219
12.0,2025-11-19,22.0,,467.0385454748678,453.7669058458504
12.0,2025-11-19,23.0,,255.10735834139334,240.72569120751498
17.0,2025-11-19,0.0,,110.7364817645568,94.92252042216234
17.0,2025-11-19,1.0,,13.92990200012359,0.0
17.0,2025-11-19,2.0,,2.802479187359455e-34,0.0
17.0,2025-11-19,3.0,,2.802479187359455e-34,0.0
17.0,2025-11-19,4.0,,19.063299529537325,2.2208707898190787
17.0,2025-11-19,5.0,,313.56010602449294,306.6356737288856
17.0,2025-11-19,6.0,,1506.0535756519675,1528.961708600023
17.0,2025-11-19,7.0,,3969.162044306206,3919.563029181806
17.0,2025-11-19,8.0,,5217.720126851563,5164.5895381298915
17.0,2025-11-19,9.0,,3830.2435721394286,3750.5477208496704
17.0,2025-11-19,10.0,,3051.3442637032804,3053.658730510679
17.0,2025-11-19,11.0,,2954.468799726751,3068.2680517660265
17.0,2025-11-19,12.0,,2971.281988147453,3015.2522053828143
17.0,2025-11-19,13.0,,3025.477310336626,3071.3533223946697
17.0,2025-11-19,14.0,,3104.228939572268,3122.1809687986947
17.0,2025-11-19,15.0,,3254.4750031293374,3291.705754582782
17.0,2025-11-19,16.0,,3655.288864760658,3673.599722015891
17.0,2025-11-19,17.0,,4458.09657054356,4446.313026161681
17.0,2025-11-19,18.0,,4744.9908762207,4799.038988043238
17.0,2025-11-19,19.0,,3387.4392988167306,3399.599249868787
17.0,2025-11-19,20.0,,2319.6699829543713,2340.3898740329005
17.0,2025-11-19,21.0,,1449.5845241437592,1477.9105036353135
17.0,2025-11-19,22.0,,745.7701472270788,758.930713720047
17.0,2025-11-19,23.0,,332.93441685089107,366.9877325617154
25.0,2025-11-19,0.0,,0.0,0.0
25.0,2025-11-19,1.0,,2.802479187359455e-34,0.0
25.0,2025-11-19,2.0,,2.802479187359455e-34,0.0
25.0,2025-11-19,3.0,,2.802479187359455e-34,0.0
25.0,2025-11-19,4.0,,2.802479187359455e-34,0.0
25.0,2025-11-19,5.0,,2.932761736144247,0.0
25.0,2025-11-19,6.0,,179.09119816376048,157.63645331113474
25.0,2025-11-19,7.0,,533.4212911284633,507.1773010883337
25.0,2025-11-19,8.0,,872.3070053223055,845.9637804495829
25.0,2025-11-19,9.0,,454.2897135950084,441.1657989666076
25.0,2025-11-19,10.0,,364.56531232762217,356.71544723999165
25.0,2025-11-19,11.0,,391.1276736451502,393.6241545708138
25.0,2025-11-19,12.0,,388.87839602492943,396.45302291284287
25.0,2025-11-19,13.0,,473.57828181533023,493.4438027324563
25.0,2025-11-19,14.0,,407.5768725183977,417.34760512921645
25.0,2025-11-19,15.0,,513.2070035791265,542.7319609066806
25.0,2025-11-19,16.0,,645.567802660672,665.2141726953919
25.0,2025-11-19,17.0,,721.6940561106097,719.0996325645324
25.0,2025-11-19,18.0,,753.1995001104494,743.692749291058
25.0,2025-11-19,19.0,,496.4922751518727,480.8509203867979
25.0,2025-11-19,20.0,,318.22256580787604,300.4241690290663
25.0,2025-11-19,21.0,,196.96645012726867,185.98534775165257
25.0,2025-11-19,22.0,,96.00830517570637,103.35541501782009
25.0,2025-11-19,23.0,,0.0,0.0
26.0,2025-11-19,0.0,,21.643897235509016,22.537900714380736
26.0,2025-11-19,1.0,,3.4118207081698646,0.0
26.0,2025-11-19,2.0,,2.802479187359455e-34,0.0
26.0,2025-11-19,3.0,,2.802479187359455e-34,0.0
26.0,2025-11-19,4.0,,0.0,0.0
26.0,2025-11-19,5.0,,73.32616272187428,75.18572820670644
26.0,2025-11-19,6.0,,495.75410255647984,479.57743844014794
26.0,2025-11-19,7.0,,1070.9621771922393,1020.5531346941351
26.0,2025-11-19,8.0,,2212.633359336721,2119.3244904072435
26.0,2025-11-19,9.0,,1466.7206227885947,1398.2907451948004
26.0,2025-11-19,10.0,,1232.4827889039632,1226.8923950897915
26.0,2025-11-19,11.0,,1124.0060872580848,1073.1172987007278
26.0,2025-11-19,12.0,,1148.1360675769156,1144.0752063764062
26.0,2025-11-19,13.0,,1186.578632496265,1169.6041149583505
26.0,2025-11-19,14.0,,1259.520903892964,1264.6334489232804
26.0,2025-11-19,15.0,,1345.8325485710354,1252.5601012442862
26.0,2025-11-19,16.0,,1545.2062015152267,1533.5879474915125
26.0,2025-11-19,17.0,,1693.3731935748442,1677.8146013107894
26.0,2025-11-19,18.0,,1828.7474805309325,1815.5850258439773
26.0,2025-11-19,19.0,,1261.817389056479,1218.8910146714823
26.0,2025-11-19,20.0,,775.8928214175686,737.841096618872
26.0,2025-11-19,21.0,,488.11628993283944,448.9625725731443
26.0,2025-11-19,22.0,,200.9555887241711,190.13764840810234
26.0,2025-11-19,23.0,,118.8716271513657,108.33155349942581
28.0,2025-11-19,0.0,,1.1027439654455586,0.0
28.0,2025-11-19,1.0,,2.802479187359455e-34,3.8603607687334627
28.0,2025-11-19,2.0,,2.802479187359455e-34,0.0
28.0,2025-11-19,3.0,,2.802479187359455e-34,0.0
28.0,2025-11-19,4.0,,0.0,0.0
28.0,2025-11-19,5.0,,68.72018627901568,66.05762758042152
28.0,2025-11-19,6.0,,259.9856051927611,247.221314420836
28.0,2025-11-19,7.0,,740.8908326964114,786.5164618945921
28.0,2025-11-19,8.0,,1209.3771959763733,1186.3373309382653
28.0,2025-11-19,9.0,,842.2478116857399,837.2975265889687
28.0,2025-11-19,10.0,,634.5811287826616,643.4224239151681
28.0,2025-11-19,11.0,,590.0229085018589,573.6562502508358
28.0,2025-11-19,12.0,,701.9510111255673,707.8107100049962
28.0,2025-11-19,13.0,,713.5292072002446,724.5292077236518
28.0,2025-11-19,14.0,,665.1709187880376,662.4887729870193
28.0,2025-11-19,15.0,,683.5532727460505,688.6288707590342
28.0,2025-11-19,16.0,,856.2045931922811,877.4668668881155
28.0,2025-11-19,17.0,,976.135796472411,994.7035519354622
28.0,2025-11-19,18.0,,942.0070530975019,926.0774159614033
28.0,2025-11-19,19.0,,675.567224088211,685.9164102884652
28.0,2025-11-19,20.0,,484.328493019143,495.84809164600665
28.0,2025-11-19,21.0,,305.5899197573324,302.3225775390347
28.0,2025-11-19,22.0,,129.42808120482786,126.63215043888104
28.0,2025-11-19,23.0,,10.367774173296981,0.0
50.0,2025-11-19,0.0,,0.0,0.0
50.0,2025-11-19,1.0,,1.6662788194189242,0.0
50.0,2025-11-19,2.0,,0.0,2.598117033032248e-10
50.0,2025-11-19,3.0,,2.802479187359455e-34,0.0
50.0,2025-11-19,4.0,,0.0,0.0
50.0,2025-11-19,5.0,,58.14890946258671,49.09348874785511
50.0,2025-11-19,6.0,,526.743501676174,517.9451231587573
50.0,2025-11-19,7.0,,1733.4350037950167,1748.8951810621995
50.0,2025-11-19,8.0,,2730.227925366196,2733.9196408492944
50.0,2025-11-19,9.0,,2171.133056114106,2191.2480943929922
50.0,2025-11-19,10.0,,1694.637103327849,1683.9314348575856
50.0,2025-11-19,11.0,,1584.2544467339087,1540.9296450958877
50.0,2025-11-19,12.0,,1504.1218200185465,1522.3663906595577
50.0,2025-11-19,13.0,,1482.8523107851988,1468.8854594195782
50.0,2025-11-19,14.0,,1433.8669034684492,1416.1516624479616
50.0,2025-11-19,15.0,,1677.714107276058,1669.896018287745
50.0,2025-11-19,16.0,,1740.117241129977,1748.0465741900318
50.0,2025-11-19,17.0,,2342.7070363920807,2363.2625102154084
50.0,2025-11-19,18.0,,2401.2052621267453,2401.54654502936
50.0,2025-11-19,19.0,,1504.2072838993306,1433.557067990207
50.0,2025-11-19,20.0,,904.1646495580161,909.8689106556703
50.0,2025-11-19,21.0,,613.4739445447638,603.1118737617235
50.0,2025-11-19,22.0,,265.9830463944284,265.2522151162
50.0,2025-11-19,23.0,,126.39908967672832,129.3453188825014
1.0,2025-11-20,0.0,,0.0,0.0
1.0,2025-11-20,1.0,,2.802479187359455e-34,0.0
1.0,2025-11-20,2.0,,2.802479187359455e-34,0.0
1.0,2025-11-20,3.0,,2.802479187359455e-34,0.0
1.0,2025-11-20,4.0,,0.0,0.0
1.0,2025-11-20,5.0,,114.80288231567273,105.81039376275288
1.0,2025-11-20,6.0,,510.1951668694312,500.8017504926151
1.0,2025-11-20,7.0,,1485.0984003567264,1485.5859058625656
1.0,2025-11-20,8.0,,1901.9643398004582,1912.362310402052
1.0,2025-11-20,9.0,,1481.248495033407,1461.9099526289665
1.0,2025-11-20,10.0,,1328.3442210449653,1300.559238057255
1.0,2025-11-20,11.0,,1326.0046951908525,1318.3368144282258
1.0,2025-11-20,12.0,,1375.2749973726197,1308.0983180631697
1.0,2025-11-20,13.0,,1397.1716548265588,1452.3685838850133
1.0,2025-11-20,14.0,,1366.8671113336359,1320.5960872364717
1.0,2025-11-20,15.0,,1484.7441083665035,1474.427804210529
1.0,2025-11-20,16.0,,1477.653920842828,1479.1674976535674
1.0,2025-11-20,17.0,,1770.3512027913982,1759.642725158161
1.0,2025-11-20,18.0,,1782.4740505233246,1754.1783654266114
1.0,2025-11-20,19.0,,1343.8324420974063,1310.4857176324228
1.0,2025-11-20,20.0,,861.5242476869207,843.0777494059096
1.0,2025-11-20,21.0,,485.82689627920684,474.7627960576197
1.0,2025-11-20,22.0,,217.28144226325205,228.32573804054536
1.0,2025-11-20,23.0,,39.259859227308965,37.92475855082876
5.0,2025-11-20,0.0,,0.0,0.0
5.0,2025-11-20,1.0,,0.0,0.0
5.0,2025-11-20,2.0,,0.0,0.0
5.0,2025-11-20,3.0,,0.0,0.0
5.0,2025-11-20,4.0,,0.0,0.0
5.0,2025-11-20,5.0,,0.0,0.0
5.0,2025-11-20,6.0,,0.0,0.0
5.0,2025-11-20,7.0,,0.0,0.0
5.0,2025-11-20,8.0,,0.0,0.0
5.0,2025-11-20,9.0,,0.0,0.0
5.0,2025-11-20,10.0,,0.0,0.0
5.0,2025-11-20,11.0,,0.0,0.0
5.0,2025-11-20,12.0,,0.0,0.0
5.0,2025-11-20,13.0,,0.0,0.0
5.0,2025-11-20,14.0,,0.0,0.0
5.0,2025-11-20,15.0,,0.0,0.0
5.0,2025-11-20,16.0,,0.0,0.0
5.0,2025-11-20,17.0,,0.0,0.0
5.0,2025-11-20,18.0,,0.0,0.0
5.0,2025-11-20,19.0,,0.0,0.0
5.0,2025-11-20,20.0,,0.0,0.0
5.0,2025-11-20,21.0,,0.0,0.0
5.0,2025-11-20,22.0,,0.0,0.0
5.0,2025-11-20,23.0,,0.0,0.0
7.0,2025-11-20,0.0,,49.065017166064045,46.75114875267314
7.0,2025-11-20,1.0,,0.0,0.0
7.0,2025-11-20,2.0,,2.802479187359455e-34,0.0
7.0,2025-11-20,3.0,,2.802479187359455e-34,0.0
7.0,2025-11-20,4.0,,0.0,0.0
7.0,2025-11-20,5.0,,194.22004182671307,186.07931603261952
7.0,2025-11-20,6.0,,686.3314113826584,732.2560833534988
7.0,2025-11-20,7.0,,1624.1411700564986,1659.1193173145693
7.0,2025-11-20,8.0,,2507.940929939282,2577.4169776611243
7.0,2025-11-20,9.0,,1858.5002319492821,1934.2333889721358
7.0,2025-11-20,10.0,,1638.9429554468416,1699.0417578276185
7.0,2025-11-20,11.0,,1526.813811560849,1540.6039310223075
7.0,2025-11-20,12.0,,1655.7961376644214,1752.1859786534067
7.0,2025-11-20,13.0,,1581.9364101480837,1697.5596712555616
7.0,2025-11-20,14.0,,1706.836993720999,1782.4156336440328
7.0,2025-11-20,15.0,,1806.6797383554951,1861.9829060873099
7.0,2025-11-20,16.0,,1891.606189064536,1961.4076490653972
7.0,2025-11-20,17.0,,2334.4367487487857,2379.1714654125076
7.0,2025-11-20,18.0,,2569.5563847218273,2630.436159383568
7.0,2025-11-20,19.0,,1772.6957679800985,1782.95288003512
7.0,2025-11-20,20.0,,1098.159804827946,1096.5160636363667
7.0,2025-11-20,21.0,,620.7799716536406,639.9155362841651
7.0,2025-11-20,22.0,,206.4772842979751,221.90218675339796
7.0,2025-11-20,23.0,,163.38221479635283,169.51918793959203
11.0,2025-11-20,0.0,,53.7768942492815,63.61571806217476
11.0,2025-11-20,1.0,,0.0,0.0
11.0,2025-11-20,2.0,,2.802479187359455e-34,0.0
11.0,2025-11-20,3.0,,2.802479187359455e-34,0.0
11.0,2025-11-20,4.0,,0.0,0.0
11.0,2025-11-20,5.0,,255.63696795446918,299.8316829542133
11.0,2025-11-20,6.0,,1288.8685601230172,1306.2322844935886
11.0,2025-11-20,7.0,,2423.5329833168475,2365.881498952867
11.0,2025-11-20,8.0,,3174.496640110238,3097.855015210686
11.0,2025-11-20,9.0,,2446.033117682744,2388.68544475859
11.0,2025-11-20,10.0,,1907.473467363971,1925.1294744253694
11.0,2025-11-20,11.0,,1885.5897732247238,1959.3936841949276
11.0,2025-11-20,12.0,,1923.3029073594005,1868.4947738188027
11.0,2025-11-20,13.0,,2034.7488010803763,2056.9523692431917
11.0,2025-11-20,14.0,,2038.938823103829,1969.9718893227127
11.0,2025-11-20,15.0,,2069.40981771922,2055.656351751654
11.0,2025-11-20,16.0,,2289.624198775967,2227.2637587053246
11.0,2025-11-20,17.0,,2829.5808537531007,2772.69340382224
11.0,2025-11-20,18.0,,3029.1595879910574,3017.0763477020823
11.0,2025-11-20,19.0,,2283.769464355021,2339.9453094040314
11.0,2025-11-20,20.0,,1462.7148249520465,1448.3228379180753
11.0,2025-11-20,21.0,,843.3020639373378,806.1892466712595
11.0,2025-11-20,22.0,,407.73743795510484,399.09190501814453
11.0,2025-11-20,23.0,,227.42376640826626,230.45657482292057
12.0,2025-11-20,0.0,,49.99145488345906,38.02255164545083
12.0,2025-11-20,1.0,,0.0,0.0
12.0,2025-11-20,2.0,,2.802479187359455e-34,0.0
12.0,2025-11-20,3.0,,2.802479187359455e-34,0.0
12.0,2025-11-20,4.0,,0.0,0.0
12.0,2025-11-20,5.0,,300.75100829680986,322.84015048869577
12.0,2025-11-20,6.0,,1369.8339602701817,1384.7996353983426
12.0,2025-11-20,7.0,,2711.343468646439,2640.606926795111
12.0,2025-11-20,8.0,,3516.6274400698817,3386.041599034415
12.0,2025-11-20,9.0,,2569.9661632812918,2453.949272878289
12.0,2025-11-20,10.0,,2153.5493562133292,2074.959556523159
12.0,2025-11-20,11.0,,2092.135446071217,1982.6713368104263
12.0,2025-11-20,12.0,,2130.425695240161,2079.6191776357314
12.0,2025-11-20,13.0,,2117.933808944719,2118.7052308135767
12.0,2025-11-20,14.0,,2058.716289684553,2043.4905528385123
12.0,2025-11-20,15.0,,2313.756931862191,2237.642762730862
12.0,2025-11-20,16.0,,2786.5636538514423,2701.883969706349
12.0,2025-11-20,17.0,,3077.968588024912,2949.2891904059197
12.0,2025-11-20,18.0,,3139.9362439098563,3106.305904080511
12.0,2025-11-20,19.0,,2469.2906210704464,2450.898062127214
12.0,2025-11-20,20.0,,1541.0428102631192,1521.5964981012796
12.0,2025-11-20,21.0,,940.4728985345257,937.0163120762202
12.0,2025-11-20,22.0,,468.4396424654397,453.6320027611819
12.0,2025-11-20,23.0,,257.18491379165835,244.64329808755463
17.0,2025-11-20,0.0,,106.4646029578146,106.07867291985536
17.0,2025-11-20,1.0,,3.545099750483726,4.637651556094917
17.0,2025-11-20,2.0,,2.802479187359455e-34,0.0
17.0,2025-11-20,3.0,,2.802479187359455e-34,0.0
17.0,2025-11-20,4.0,,15.64137336525895,3.7367328265418887
17.0,2025-11-20,5.0,,313.6887086758709,295.23079043716575
17.0,2025-11-20,6.0,,1501.2316111508046,1529.1113505103353
17.0,2025-11-20,7.0,,3997.3984822543525,3952.405772123168
17.0,2025-11-20,8.0,,5243.259230250769,5186.624277219596
17.0,2025-11-20,9.0,,3869.349822039884,3754.4425868469625
17.0,2025-11-20,10.0,,3093.5674983168055,3055.6850409220606
17.0,2025-11-20,11.0,,2975.2017495483587,3069.9707136957063
17.0,2025-11-20,12.0,,3014.953148856817,3036.8680907207513
17.0,2025-11-20,13.0,,3077.16537382893,3081.480034381937
17.0,2025-11-20,14.0,,3154.5905819527097,3127.4137309380085
17.0,2025-11-20,15.0,,3283.433672021438,3295.41896638526
17.0,2025-11-20,16.0,,3680.5134097344953,3681.2832390406634
17.0,2025-11-20,17.0,,4492.981336902474,4446.012217660554
17.0,2025-11-20,18.0,,4780.986190503128,4795.23747554045
17.0,2025-11-20,19.0,,3411.3415969536036,3396.2702458547574
17.0,2025-11-20,20.0,,2348.0681387045183,2348.651635315922
17.0,2025-11-20,21.0,,1468.78710906803,1491.3161259381463
17.0,2025-11-20,22.0,,771.7767261762444,778.6745589972202
17.0,2025-11-20,23.0,,353.9223123795649,386.5081982463334
25.0,2025-11-20,0.0,,0.0,0.0
25.0,2025-11-20,1.0,,2.802479187359455e-34,0.0
25.0,2025-11-20,2.0,,2.802479187359455e-34,0.0
25.0,2025-11-20,3.0,,2.802479187359455e-34,0.0
25.0,2025-11-20,4.0,,2.802479187359455e-34,0.0
25.0,2025-11-20,5.0,,4.2203243005246485,0.0
25.0,2025-11-20,6.0,,176.94475197060245,146.9643445521814
25.0,2025-11-20,7.0,,524.913501975209,506.1242977931575
25.0,2025-11-20,8.0,,872.9425640054133,846.9256200529287
25.0,2025-11-20,9.0,,446.6712853148514,436.55140048273853
25.0,2025-11-20,10.0,,370.8346272411289,357.84311799370374
25.0,2025-11-20,11.0,,397.19023348096925,394.2999690190184
25.0,2025-11-20,12.0,,384.5874949882584,373.8423815960175
25.0,2025-11-20,13.0,,469.4126800287563,461.51103260132226
25.0,2025-11-20,14.0,,428.2915684456272,423.9699391749262
25.0,2025-11-20,15.0,,540.4692322556757,553.937776775982
25.0,2025-11-20,16.0,,647.5851860471886,676.504591197069
25.0,2025-11-20,17.0,,706.076655121844,706.427020577547
25.0,2025-11-20,18.0,,739.1575775455378,726.3627634341274
25.0,2025-11-20,19.0,,501.1695939434485,476.62309369137574
25.0,2025-11-20,20.0,,310.34115789238984,295.49565374723056
25.0,2025-11-20,21.0,,191.52178922429755,181.7312686442487
25.0,2025-11-20,22.0,,96.04292630034519,103.28736497420446
25.0,2025-11-20,23.0,,0.0,0.0
26.0,2025-11-20,0.0,,18.839494298732223,20.706577472330427
26.0,2025-11-20,1.0,,4.260470285169463,0.0
26.0,2025-11-20,2.0,,2.802479187359455e-34,0.0
26.0,2025-11-20,3.0,,2.802479187359455e-34,0.0
26.0,2025-11-20,4.0,,0.0,0.0
26.0,2025-11-20,5.0,,67.46017310498378,70.46355789562467
26.0,2025-11-20,6.0,,485.6210332415083,472.8807079262937
26.0,2025-11-20,7.0,,1070.0312905165629,1018.3115358381167
26.0,2025-11-20,8.0,,2188.6017392096155,2119.7800154037304
26.0,2025-11-20,9.0,,1465.0497471230824,1393.7250639047825
26.0,2025-11-20,10.0,,1227.9225208059888,1219.225246606888
26.0,2025-11-20,11.0,,1130.8945959449006,1224.64653982433
26.0,2025-11-20,12.0,,1159.5994243985633,1143.5196077317921
26.0,2025-11-20,13.0,,1193.870691160262,1166.7650253475479
26.0,2025-11-20,14.0,,1259.0745041333257,1268.1236944294424
26.0,2025-11-20,15.0,,1341.8039175431616,1257.6696171401993
26.0,2025-11-20,16.0,,1518.9325952583374,1520.2561762720409
26.0,2025-11-20,17.0,,1700.7601872699381,1672.4376554512717
26.0,2025-11-20,18.0,,1838.2056570250884,1808.9336535032594
26.0,2025-11-20,19.0,,1240.0055103589227,1194.585330914777
26.0,2025-11-20,20.0,,745.8663753807053,718.202762516071
26.0,2025-11-20,21.0,,468.19471791598966,441.42816098644505
26.0,2025-11-20,22.0,,195.01034219830953,197.17248280829506
26.0,2025-11-20,23.0,,119.67674321680441,110.22209650996686
28.0,2025-11-20,0.0,,1.1027439654455586,0.0
28.0,2025-11-20,1.0,,2.802479187359455e-34,0.0
28.0,2025-11-20,2.0,,2.802479187359455e-34,0.0
28.0,2025-11-20,3.0,,2.802479187359455e-34,0.0
28.0,2025-11-20,4.0,,0.0,0.0
28.0,2025-11-20,5.0,,67.49886635307215,57.54116106903253
28.0,2025-11-20,6.0,,273.8336204593579,246.35627278063694
28.0,2025-11-20,7.0,,756.303487286538,797.7530010209896
28.0,2025-11-20,8.0,,1225.4901758342105,1195.9875629598964
28.0,2025-11-20,9.0,,857.1332270983969,846.0286498557928
28.0,2025-11-20,10.0,,648.2084372227073,642.8167000981824
28.0,2025-11-20,11.0,,584.2566471207128,575.3737705986546
28.0,2025-11-20,12.0,,712.1636108833508,704.2519711046145
28.0,2025-11-20,13.0,,721.6194107988478,723.8296962540489
28.0,2025-11-20,14.0,,664.9283365988196,663.4060901341686
28.0,2025-11-20,15.0,,696.0796374973455,696.2111015229661
28.0,2025-11-20,16.0,,873.7342223328445,873.6362004721134
28.0,2025-11-20,17.0,,1004.4923787118151,996.1562188910359
28.0,2025-11-20,18.0,,958.0276190540737,924.6148579641548
28.0,2025-11-20,19.0,,699.0164966360322,689.756083658708
28.0,2025-11-20,20.0,,492.0165275559821,489.4353796880825
28.0,2025-11-20,21.0,,319.9735884846157,306.52398921639997
28.0,2025-11-20,22.0,,137.67217252257058,124.99179164617297
28.0,2025-11-20,23.0,,9.578095417432012,0.0
50.0,2025-11-20,0.0,,2.515754212242557,13.334085144138577
50.0,2025-11-20,1.0,,0.0,0.0
50.0,2025-11-20,2.0,,0.0,2.598117033032248e-10
50.0,2025-11-20,3.0,,2.802479187359455e-34,0.0
50.0,2025-11-20,4.0,,0.0,0.0
50.0,2025-11-20,5.0,,57.97979154477664,48.94452874849819
50.0,2025-11-20,6.0,,542.162759772608,518.7452504834931
50.0,2025-11-20,7.0,,1742.2925195198893,1754.335615059117
50.0,2025-11-20,8.0,,2722.8140763908573,2558.9037877615724
50.0,2025-11-20,9.0,,2184.378931204879,2050.64891797615
50.0,2025-11-20,10.0,,1686.678628627315,1667.8641045784964
50.0,2025-11-20,11.0,,1571.1951069854747,1543.0212804397124
50.0,2025-11-20,12.0,,1517.7457728646843,1447.5495961048898
50.0,2025-11-20,13.0,,1489.9013967737126,1475.4840156886826
50.0,2025-11-20,14.0,,1426.5144720214091,1425.4621702325094
50.0,2025-11-20,15.0,,1669.2454097765599,1636.997015067888
50.0,2025-11-20,16.0,,1750.4998097847292,1753.465510610888
50.0,2025-11-20,17.0,,2333.364945290076,2348.001765198536
50.0,2025-11-20,18.0,,2393.0359149722763,2380.206043048846
50.0,2025-11-20,19.0,,1492.9455317685217,1408.1736695367401
50.0,2025-11-20,20.0,,922.228036323597,911.2363778264715
50.0,2025-11-20,21.0,,608.8310272756537,600.7986612239974
50.0,2025-11-20,22.0,,280.00886414855364,275.8251405679445
50.0,2025-11-20,23.0,,128.838565317326,127.03891977536976
1.0,2025-11-21,0.0,,0.9812838375002193,0.0
1.0,2025-11-21,1.0,,2.802479187359455e-34,0.0
1.0,2025-11-21,2.0,,2.802479187359455e-34,0.0
1.0,2025-11-21,3.0,,2.802479187359455e-34,0.0
1.0,2025-11-21,4.0,,0.0,0.0
1.0,2025-11-21,5.0,,115.71384557690398,111.70424677633086
1.0,2025-11-21,6.0,,504.38199078358167,484.6756872311512
1.0,2025-11-21,7.0,,1474.1565989288194,1449.9512703108908
1.0,2025-11-21,8.0,,1839.108514084032,1891.2051818621546
1.0,2025-11-21,9.0,,1440.3711750253967,1430.1716424041604
1.0,2025-11-21,10.0,,1295.8630172822945,1294.9256600067472
1.0,2025-11-21,11.0,,1359.5676223227167,1363.4630319196176
1.0,2025-11-21,12.0,,1368.418544203263,1303.1103170165838
1.0,2025-11-21,13.0,,1392.6768310874386,1450.134539067443
1.0,2025-11-21,14.0,,1352.0104681505393,1319.8134811166162
1.0,2025-11-21,15.0,,1530.4296368563328,1503.775846692146
1.0,2025-11-21,16.0,,1539.7040201600855,1520.627917669428
1.0,2025-11-21,17.0,,1768.3508722377353,1767.0242163140963
1.0,2025-11-21,18.0,,1614.0665266091855,1666.3461999719977
1.0,2025-11-21,19.0,,1233.7893233116135,1229.6520827083295
1.0,2025-11-21,20.0,,817.3575409521619,808.6146833640067
1.0,2025-11-21,21.0,,493.9925866279162,494.01848934912624
1.0,2025-11-21,22.0,,231.93788892689145,237.11352551091684
1.0,2025-11-21,23.0,,58.03877670706987,60.663443070713825
5.0,2025-11-21,0.0,,0.0,0.0
5.0,2025-11-21,1.0,,0.0,0.0
5.0,2025-11-21,2.0,,0.0,0.0
5.0,2025-11-21,3.0,,0.0,0.0
5.0,2025-11-21,4.0,,0.0,0.0
5.0,2025-11-21,5.0,,0.0,0.0
5.0,2025-11-21,6.0,,0.0,0.0
5.0,2025-11-21,7.0,,0.0,0.0
5.0,2025-11-21,8.0,,0.0,0.0
5.0,2025-11-21,9.0,,0.0,0.0
5.0,2025-11-21,10.0,,0.0,0.0
5.0,2025-11-21,11.0,,0.0,0.0
5.0,2025-11-21,12.0,,0.0,0.0
5.0,2025-11-21,13.0,,0.0,0.0
5.0,2025-11-21,14.0,,0.0,0.0
5.0,2025-11-21,15.0,,0.0,0.0
5.0,2025-11-21,16.0,,0.0,0.0
5.0,2025-11-21,17.0,,0.0,0.0
5.0,2025-11-21,18.0,,0.0,0.0
5.0,2025-11-21,19.0,,0.0,0.0
5.0,2025-11-21,20.0,,0.0,0.0
5.0,2025-11-21,21.0,,0.0,0.0
5.0,2025-11-21,22.0,,0.0,0.0
5.0,2025-11-21,23.0,,0.0,0.0
7.0,2025-11-21,0.0,,49.52010205378732,48.406407163150945
7.0,2025-11-21,1.0,,0.0,0.0
7.0,2025-11-21,2.0,,2.802479187359455e-34,0.0
7.0,2025-11-21,3.0,,2.802479187359455e-34,0.0
7.0,2025-11-21,4.0,,0.0,0.0
7.0,2025-11-21,5.0,,172.65428733581504,172.55928309221795
7.0,2025-11-21,6.0,,615.8427527136256,684.4456356625651
7.0,2025-11-21,7.0,,1582.3555174192816,1630.7250548748364
7.0,2025-11-21,8.0,,2423.326458071528,2498.715456932554
7.0,2025-11-21,9.0,,1811.8525528542277,1916.2071476182632
7.0,2025-11-21,10.0,,1643.6269368283645,1677.7148828882166
7.0,2025-11-21,11.0,,1510.5518693219485,1532.5949094326418
7.0,2025-11-21,12.0,,1631.4333340701442,1738.3458696469054
7.0,2025-11-21,13.0,,1614.602766484251,1712.0792975139416
7.0,2025-11-21,14.0,,1695.8207214479253,1779.7751165066072
7.0,2025-11-21,15.0,,1853.602592708674,1907.137750017397
7.0,2025-11-21,16.0,,1959.2771568524124,2001.9207746750571
7.0,2025-11-21,17.0,,2274.8155145185765,2363.255576917285
7.0,2025-11-21,18.0,,2176.4011366868885,2403.766149906594
7.0,2025-11-21,19.0,,1588.496332004534,1698.456776313324
7.0,2025-11-21,20.0,,1059.0679993263605,1099.228197908633
7.0,2025-11-21,21.0,,615.0767046998542,624.1328174714391
7.0,2025-11-21,22.0,,244.38634530397437,254.73596565099544
7.0,2025-11-21,23.0,,205.40164729971795,206.6597807612126
11.0,2025-11-21,0.0,,51.38655712257858,67.62273682020044
11.0,2025-11-21,1.0,,0.0,0.0
11.0,2025-11-21,2.0,,2.802479187359455e-34,0.0
11.0,2025-11-21,3.0,,2.802479187359455e-34,0.0
11.0,2025-11-21,4.0,,0.0,0.0
11.0,2025-11-21,5.0,,241.14325267645236,299.4241835559149
11.0,2025-11-21,6.0,,1271.809447732052,1299.3219617049251
11.0,2025-11-21,7.0,,2330.718043994215,2313.341015555869
11.0,2025-11-21,8.0,,3054.830680501687,2982.558230748545
11.0,2025-11-21,9.0,,2340.272796034703,2379.6684467115256
11.0,2025-11-21,10.0,,1899.6392960808603,1943.8781623903658
11.0,2025-11-21,11.0,,1889.5200603211247,1966.9921573058612
11.0,2025-11-21,12.0,,1954.775303952091,1892.8104267055617
11.0,2025-11-21,13.0,,1968.7725628257854,2025.142423285236
11.0,2025-11-21,14.0,,2055.5667167604424,1955.0961401664783
11.0,2025-11-21,15.0,,2135.7964420313056,2074.5725318282607
11.0,2025-11-21,16.0,,2372.1889080569877,2298.191865620532
11.0,2025-11-21,17.0,,2869.9242588943375,2763.871664532696
11.0,2025-11-21,18.0,,2724.0002600301423,2768.33649720714
11.0,2025-11-21,19.0,,2153.9754269282507,2182.566810358849
11.0,2025-11-21,20.0,,1444.7585863048255,1452.6866174823922
11.0,2025-11-21,21.0,,855.28885493609,816.4604662598131
11.0,2025-11-21,22.0,,432.02830178756847,430.3911347847581
11.0,2025-11-21,23.0,,295.75081177630665,281.9711096939931
12.0,2025-11-21,0.0,,54.187453789179976,43.08700266791289
12.0,2025-11-21,1.0,,0.6286590533723725,0.0
12.0,2025-11-21,2.0,,2.802479187359455e-34,0.0
12.0,2025-11-21,3.0,,2.802479187359455e-34,0.0
12.0,2025-11-21,4.0,,0.0,0.0
12.0,2025-11-21,5.0,,294.40348517490906,323.020605653358
12.0,2025-11-21,6.0,,1364.7931345268125,1368.1873527342834
12.0,2025-11-21,7.0,,2658.658752685535,2590.770788342954
12.0,2025-11-21,8.0,,3366.5390639607695,3260.4983430193806
12.0,2025-11-21,9.0,,2459.68080238067,2416.5464780486823
12.0,2025-11-21,10.0,,2070.9669132359268,1996.3460063081338
12.0,2025-11-21,11.0,,2060.7173219366186,1982.2478075666033
12.0,2025-11-21,12.0,,2069.998121598171,2054.4712251809647
12.0,2025-11-21,13.0,,2088.6048584562645,1994.8669439102455
12.0,2025-11-21,14.0,,2088.4757467187587,2034.6163068299331
12.0,2025-11-21,15.0,,2370.5151948107346,2288.2821087486363
12.0,2025-11-21,16.0,,2819.5682566171367,2710.2802696139624
12.0,2025-11-21,17.0,,2995.808685832454,2876.381327122988
12.0,2025-11-21,18.0,,2725.94956406988,2795.2963262122016
12.0,2025-11-21,19.0,,2295.1959803876516,2353.104211699911
12.0,2025-11-21,20.0,,1457.163972734944,1466.8016646043898
12.0,2025-11-21,21.0,,947.084127744604,957.0023345691094
12.0,2025-11-21,22.0,,475.49924784317045,484.9606600498846
12.0,2025-11-21,23.0,,297.70288953921425,282.2269183313631
17.0,2025-11-21,0.0,,115.87051901174672,108.61666120092781
17.0,2025-11-21,1.0,,6.158202755598363,5.4043455174177915
17.0,2025-11-21,2.0,,2.802479187359455e-34,0.0
17.0,2025-11-21,3.0,,2.802479187359455e-34,0.0
17.0,2025-11-21,4.0,,12.818429989134742,5.23746748689407
17.0,2025-11-21,5.0,,300.3167340573527,294.61179138434176
17.0,2025-11-21,6.0,,1496.2141353841782,1518.844661716015
17.0,2025-11-21,7.0,,3912.5640393720114,3882.145035853629
17.0,2025-11-21,8.0,,5039.217705427214,5000.710738880254
17.0,2025-11-21,9.0,,3731.671815585456,3700.4714023831875
17.0,2025-11-21,10.0,,3070.8840614191145,3027.291022354381
17.0,2025-11-21,11.0,,3033.590692264331,3083.637202911019
17.0,2025-11-21,12.0,,3036.2756097924203,3002.0367308558707
17.0,2025-11-21,13.0,,3097.6367163226446,3048.6809533900773
17.0,2025-11-21,14.0,,3170.4638207193607,3111.2672802468796
17.0,2025-11-21,15.0,,3422.139442520321,3360.5179102854995
17.0,2025-11-21,16.0,,3781.728124332604,3737.639433335756
17.0,2025-11-21,17.0,,4480.801745725412,4466.348258467392
17.0,2025-11-21,18.0,,4426.751884258508,4487.889302787118
17.0,2025-11-21,19.0,,3230.835778554502,3255.891135833787
17.0,2025-11-21,20.0,,2360.8143345167045,2347.0888093592885
17.0,2025-11-21,21.0,,1536.96910083844,1505.4665051805089
17.0,2025-11-21,22.0,,822.8103453301353,823.4071710368528
17.0,2025-11-21,23.0,,450.4946713916673,432.4006990557026
25.0,2025-11-21,0.0,,0.0,0.0
25.0,2025-11-21,1.0,,2.802479187359455e-34,0.11127893057609729
25.0,2025-11-21,2.0,,2.802479187359455e-34,0.0
25.0,2025-11-21,3.0,,2.802479187359455e-34,0.0
25.0,2025-11-21,4.0,,2.802479187359455e-34,0.0
25.0,2025-11-21,5.0,,0.0,0.0
25.0,2025-11-21,6.0,,182.44190587146116,158.88154016293151
25.0,2025-11-21,7.0,,518.4033704358088,503.9139329410003
25.0,2025-11-21,8.0,,831.2518849912523,811.2542346230921
25.0,2025-11-21,9.0,,443.11717562131946,418.95575169501194
25.0,2025-11-21,10.0,,361.97189146098003,347.2978154159246
25.0,2025-11-21,11.0,,414.19434646343245,404.5589464178015
25.0,2025-11-21,12.0,,391.3296469614114,369.2371795417678
25.0,2025-11-21,13.0,,471.36003341944166,447.00099659577205
25.0,2025-11-21,14.0,,426.0949123109642,427.4637758106688
25.0,2025-11-21,15.0,,564.0025332762449,579.5576711716528
25.0,2025-11-21,16.0,,699.2926901858252,686.8091054699487
25.0,2025-11-21,17.0,,697.0407562160358,694.375720988916
25.0,2025-11-21,18.0,,660.6392479905111,670.0761466546696
25.0,2025-11-21,19.0,,475.3138289754527,474.6581848403092
25.0,2025-11-21,20.0,,292.5993832088683,295.0016873151797
25.0,2025-11-21,21.0,,200.72216972649917,196.07759805240033
25.0,2025-11-21,22.0,,118.4530822788487,121.21570063578525
25.0,2025-11-21,23.0,,0.7028125229068503,9.383657201204993
26.0,2025-11-21,0.0,,16.723433574880772,20.640056245330154
26.0,2025-11-21,1.0,,0.0,0.0
26.0,2025-11-21,2.0,,2.802479187359455e-34,0.0
26.0,2025-11-21,3.0,,2.802479187359455e-34,0.0
26.0,2025-11-21,4.0,,0.0,0.0
26.0,2025-11-21,5.0,,58.825370700689945,61.59622776020353
26.0,2025-11-21,6.0,,482.3778573163897,458.22518332523504
26.0,2025-11-21,7.0,,1045.2701978816704,1018.9660681161154
26.0,2025-11-21,8.0,,2071.0267678463215,2016.0765894766932
26.0,2025-11-21,9.0,,1410.568669443553,1363.9619473524322
26.0,2025-11-21,10.0,,1200.1498068882645,1208.6464542453634
26.0,2025-11-21,11.0,,1118.8149458364828,1210.3113340855818
26.0,2025-11-21,12.0,,1126.224618320548,1120.6884078493388
26.0,2025-11-21,13.0,,1175.8686868098164,1164.7049419035275
26.0,2025-11-21,14.0,,1249.1265404698172,1242.0916812929586
26.0,2025-11-21,15.0,,1371.04028449795,1280.425108215503
26.0,2025-11-21,16.0,,1601.4091332948271,1561.757055098391
26.0,2025-11-21,17.0,,1701.6862773197697,1698.528955323367
26.0,2025-11-21,18.0,,1608.636427379485,1627.9194901591054
26.0,2025-11-21,19.0,,1128.6883359406384,1121.1042102412553
26.0,2025-11-21,20.0,,710.7408486405651,684.9767127069181
26.0,2025-11-21,21.0,,463.2765842231099,451.20477273116114
26.0,2025-11-21,22.0,,219.67757961949422,216.44235298100094
26.0,2025-11-21,23.0,,161.09934122529756,145.01523085652985
28.0,2025-11-21,0.0,,1.1027439654455586,0.0
28.0,2025-11-21,1.0,,2.802479187359455e-34,0.0
28.0,2025-11-21,2.0,,2.802479187359455e-34,0.0
28.0,2025-11-21,3.0,,2.802479187359455e-34,0.0
28.0,2025-11-21,4.0,,0.0,0.0
28.0,2025-11-21,5.0,,65.76287073834305,51.36643156736828
28.0,2025-11-21,6.0,,261.7382727467609,239.79949809171873
28.0,2025-11-21,7.0,,734.9921735337637,784.2721907751842
28.0,2025-11-21,8.0,,1172.9259982362205,1161.648602835764
28.0,2025-11-21,9.0,,829.0807466297317,839.5552151070096
28.0,2025-11-21,10.0,,650.3294692224863,643.1409595972062
28.0,2025-11-21,11.0,,579.2686131194699,569.6574891907768
28.0,2025-11-21,12.0,,722.5797380056885,712.0411396611057
28.0,2025-11-21,13.0,,730.4028247111914,721.7164954346086
28.0,2025-11-21,14.0,,662.2280803458933,665.622229556894
28.0,2025-11-21,15.0,,720.8317506584461,709.5560334423243
28.0,2025-11-21,16.0,,877.1833101185379,872.9040378250239
28.0,2025-11-21,17.0,,972.2075300037179,971.8369917276717
28.0,2025-11-21,18.0,,841.5673546896195,884.5575271303994
28.0,2025-11-21,19.0,,648.625255007465,647.2212370760182
28.0,2025-11-21,20.0,,463.3652046652069,453.33039739855224
28.0,2025-11-21,21.0,,315.5042100111286,322.5267202589088
28.0,2025-11-21,22.0,,130.67023179345054,132.0859580956534
28.0,2025-11-21,23.0,,15.051085029407739,14.314139581933407
50.0,2025-11-21,0.0,,5.226873703442121,15.965445528699027
50.0,2025-11-21,1.0,,0.0,0.0
50.0,2025-11-21,2.0,,0.0,2.598117033032248e-10
50.0,2025-11-21,3.0,,2.802479187359455e-34,0.0
50.0,2025-11-21,4.0,,0.0,0.0
50.0,2025-11-21,5.0,,59.10942314388689,44.06679558713354
50.0,2025-11-21,6.0,,526.408494033943,498.97326672781264
50.0,2025-11-21,7.0,,1695.7085891070376,1730.470586795829
50.0,2025-11-21,8.0,,2631.8912191893205,2651.0096421604057
50.0,2025-11-21,9.0,,2086.4281110447714,2096.245621695558
50.0,2025-11-21,10.0,,1605.755917956337,1608.9275178645746
50.0,2025-11-21,11.0,,1570.0194604513872,1539.0168707495982
50.0,2025-11-21,12.0,,1510.311781002252,1453.346440133004
50.0,2025-11-21,13.0,,1511.1273784720333,1477.5000288289086
50.0,2025-11-21,14.0,,1460.7989671575963,1438.044653425572
50.0,2025-11-21,15.0,,1725.4555250222743,1668.6145157848816
50.0,2025-11-21,16.0,,1893.975310078427,1778.9060486441563
50.0,2025-11-21,17.0,,2220.9233077108515,2261.054663337384
50.0,2025-11-21,18.0,,1918.5322758875589,2023.6258589072904
50.0,2025-11-21,19.0,,1228.7894726480622,1268.3408489981362
50.0,2025-11-21,20.0,,844.1784912416279,875.891209177325
50.0,2025-11-21,21.0,,543.8829214664355,560.8010972255976
50.0,2025-11-21,22.0,,307.7912842071463,302.1369374046575
50.0,2025-11-21,23.0,,150.01012525612128,163.38032933238247
1.0,2025-11-22,0.0,,2.293343500902715,3.0902141971904924
1.0,2025-11-22,1.0,,2.802479187359455e-34,2.9553547792057344
1.0,2025-11-22,2.0,,2.802479187359455e-34,0.3468833255464698
1.0,2025-11-22,3.0,,2.802479187359455e-34,0.0
1.0,2025-11-22,4.0,,0.01660485120159781,0.0
1.0,2025-11-22,5.0,,20.103730150999716,28.442664084522146
1.0,2025-11-22,6.0,,172.7181343064503,164.56911388274207
1.0,2025-11-22,7.0,,329.99958513074125,337.1975486591417
1.0,2025-11-22,8.0,,452.6940753162473,449.84230358835646
1.0,2025-11-22,9.0,,730.284411749176,725.6721659678792
1.0,2025-11-22,10.0,,857.3735539982546,828.0227058943699
1.0,2025-11-22,11.0,,779.4013140220189,821.824665510531
1.0,2025-11-22,12.0,,970.3325843164135,953.121283684858
1.0,2025-11-22,13.0,,958.3226418455837,957.0995338198032
1.0,2025-11-22,14.0,,913.7490795968266,917.4102020989877
1.0,2025-11-22,15.0,,806.8565906096786,814.3916903631919
1.0,2025-11-22,16.0,,751.4119684736345,793.260894453498
1.0,2025-11-22,17.0,,731.9436281716834,700.7407291019603
1.0,2025-11-22,18.0,,600.3298596899365,597.4580565494349
1.0,2025-11-22,19.0,,508.6084216180889,504.8011595910209
1.0,2025-11-22,20.0,,358.7048680278141,381.0583735693488
1.0,2025-11-22,21.0,,278.6367349632973,308.05358704787324
1.0,2025-11-22,22.0,,117.09748790400847,136.03227220120226
1.0,2025-11-22,23.0,,37.26561361187781,40.491528607044934
5.0,2025-11-22,0.0,,0.0,0.0
5.0,2025-11-22,1.0,,0.0,0.0
5.0,2025-11-22,2.0,,0.0,0.0
5.0,2025-11-22,3.0,,0.0,0.0
5.0,2025-11-22,4.0,,0.0,0.0
5.0,2025-11-22,5.0,,0.0,0.0
5.0,2025-11-22,6.0,,0.0,0.0
5.0,2025-11-22,7.0,,0.0,0.0
5.0,2025-11-22,8.0,,0.0,0.0
5.0,2025-11-22,9.0,,0.0,0.0
5.0,2025-11-22,10.0,,0.0,0.0
5.0,2025-11-22,11.0,,0.0,0.0
5.0,2025-11-22,12.0,,0.0,0.0
5.0,2025-11-22,13.0,,0.0,0.0
5.0,2025-11-22,14.0,,0.0,0.0
5.0,2025-11-22,15.0,,0.0,0.0
5.0,2025-11-22,16.0,,0.0,0.0
5.0,2025-11-22,17.0,,0.0,0.0
5.0,2025-11-22,18.0,,0.0,0.0
5.0,2025-11-22,19.0,,0.0,0.0
5.0,2025-11-22,20.0,,0.0,0.0
5.0,2025-11-22,21.0,,0.0,0.0
5.0,2025-11-22,22.0,,0.0,0.0
5.0,2025-11-22,23.0,,0.0,0.0
7.0,2025-11-22,0.0,,95.37281929630984,92.17010289451687
7.0,2025-11-22,1.0,,16.98364246784062,9.913874873264085
7.0,2025-11-22,2.0,,2.802479187359455e-34,0.0
7.0,2025-11-22,3.0,,2.802479187359455e-34,0.0
7.0,2025-11-22,4.0,,1.4860999428040003,0.0
7.0,2025-11-22,5.0,,66.73065460339214,78.11465582238706
7.0,2025-11-22,6.0,,246.87303753610433,246.07649798552205
7.0,2025-11-22,7.0,,420.74623014258253,392.80818784806604
7.0,2025-11-22,8.0,,849.3363446277033,1002.8415542568212
7.0,2025-11-22,9.0,,982.4317876702293,995.5010424780907
7.0,2025-11-22,10.0,,982.5020816497685,1044.0847864668312
7.0,2025-11-22,11.0,,1103.5822444384826,1201.282397998573
7.0,2025-11-22,12.0,,1288.3472100213692,1331.9721105466185
7.0,2025-11-22,13.0,,1269.7122784982776,1319.0690833725844
7.0,2025-11-22,14.0,,1343.6932038192185,1364.7853939107588
7.0,2025-11-22,15.0,,1369.477899499517,1317.2714659445992
7.0,2025-11-22,16.0,,1286.75784975031,1267.375852944971
7.0,2025-11-22,17.0,,1312.8768859290526,1319.0144923251269
7.0,2025-11-22,18.0,,1218.0829577862798,1232.582269080634
7.0,2025-11-22,19.0,,1089.502741246912,1109.141869740607
7.0,2025-11-22,20.0,,783.4879052205908,773.8370860288046
7.0,2025-11-22,21.0,,578.0320670098899,571.7349750804817
7.0,2025-11-22,22.0,,198.47988776243673,190.32195334121346
7.0,2025-11-22,23.0,,138.86768983856788,169.61275840479067
11.0,2025-11-22,0.0,,96.14769683594687,95.88347119609834
11.0,2025-11-22,1.0,,0.0,0.0
11.0,2025-11-22,2.0,,2.802479187359455e-34,0.59139561675679
11.0,2025-11-22,3.0,,2.802479187359455e-34,0.0
11.0,2025-11-22,4.0,,5.842587248007306,3.8145599467975613
11.0,2025-11-22,5.0,,153.79677999256575,203.61075382217902
11.0,2025-11-22,6.0,,737.435524768147,785.0446487438043
11.0,2025-11-22,7.0,,712.5688979195995,658.5925659939846
11.0,2025-11-22,8.0,,975.8512332406175,1007.0978217481413
11.0,2025-11-22,9.0,,1120.2707721997829,1131.8944140399572
11.0,2025-11-22,10.0,,1266.845701908498,1266.7432338102146
11.0,2025-11-22,11.0,,1443.815420395288,1565.2435359879937
11.0,2025-11-22,12.0,,1499.6858627418796,1741.2710597638043
11.0,2025-11-22,13.0,,1504.6598550108358,1657.4753847351496
11.0,2025-11-22,14.0,,1553.1612910427484,1590.4853897323535
11.0,2025-11-22,15.0,,1539.4584105605309,1740.9755564785662
11.0,2025-11-22,16.0,,1531.4810844703345,1680.5455771329894
11.0,2025-11-22,17.0,,1684.5371596033117,1720.1645207932615
11.0,2025-11-22,18.0,,1407.7296247583886,1480.6273489406335
11.0,2025-11-22,19.0,,1327.069215022041,1377.3889385306761
11.0,2025-11-22,20.0,,1001.5497741515431,1010.1074907931675
11.0,2025-11-22,21.0,,684.602212982982,692.2278440889241
11.0,2025-11-22,22.0,,397.3522425636264,388.3711875634694
11.0,2025-11-22,23.0,,291.0686665943543,262.38771370765414
12.0,2025-11-22,0.0,,70.28702049233038,64.38299319494438
12.0,2025-11-22,1.0,,0.9601913001134583,8.160116807116255
12.0,2025-11-22,2.0,,2.802479187359455e-34,0.6859119803493186
12.0,2025-11-22,3.0,,2.802479187359455e-34,0.0
12.0,2025-11-22,4.0,,4.955506433825017,0.7608483030785836
12.0,2025-11-22,5.0,,231.61883027159328,232.1089617391525
12.0,2025-11-22,6.0,,839.8035398887848,822.7435984649512
12.0,2025-11-22,7.0,,869.2060001025383,906.3081936549329
12.0,2025-11-22,8.0,,1028.6730282482947,963.663998626379
12.0,2025-11-22,9.0,,1195.6402954891284,1188.485211604134
12.0,2025-11-22,10.0,,1377.7337572488634,1337.541518643307
12.0,2025-11-22,11.0,,1390.4237498708608,1440.136311449653
12.0,2025-11-22,12.0,,1373.9058835530152,1390.0994954927748
12.0,2025-11-22,13.0,,1541.5848963543913,1589.666214802588
12.0,2025-11-22,14.0,,1515.8120912286877,1519.241004772706
12.0,2025-11-22,15.0,,1426.2782816241327,1444.6728951690793
12.0,2025-11-22,16.0,,1463.3200371022886,1601.9892744372946
12.0,2025-11-22,17.0,,1484.7237641968527,1539.7094649050957
12.0,2025-11-22,18.0,,1384.8361632452668,1394.3666111658304
12.0,2025-11-22,19.0,,1239.225611367926,1309.3217514737894
12.0,2025-11-22,20.0,,951.3495572495173,908.6527755587032
12.0,2025-11-22,21.0,,647.9483776354775,686.3595312257632
12.0,2025-11-22,22.0,,373.8515663634207,394.08551048319265
12.0,2025-11-22,23.0,,280.9198313351917,277.0964483878373
17.0,2025-11-22,0.0,,168.2215816884055,178.36881783522838
17.0,2025-11-22,1.0,,24.226776585370033,18.895362607704975
17.0,2025-11-22,2.0,,2.802479187359455e-34,0.6137065462055666
17.0,2025-11-22,3.0,,2.802479187359455e-34,0.0
17.0,2025-11-22,4.0,,5.375471222527795,8.236476905118465
17.0,2025-11-22,5.0,,133.84779128303703,155.34730747999478
17.0,2025-11-22,6.0,,562.1908243295991,536.2586649108918
17.0,2025-11-22,7.0,,1159.0514909777369,1126.3916150522068
17.0,2025-11-22,8.0,,1575.7096757559302,1609.5522052016863
17.0,2025-11-22,9.0,,1992.8557291916218,2142.8286389887426
17.0,2025-11-22,10.0,,2165.8184065605487,2366.7835530041016
17.0,2025-11-22,11.0,,2541.4821957192075,2710.102276182031
17.0,2025-11-22,12.0,,2659.6786175145235,2887.486593667228
17.0,2025-11-22,13.0,,2835.28932142151,3066.2825943687876
17.0,2025-11-22,14.0,,2844.658002023555,3115.6488273098917
17.0,2025-11-22,15.0,,2944.6919975186306,3113.890902553264
17.0,2025-11-22,16.0,,2986.2799700087908,3256.84111724368
17.0,2025-11-22,17.0,,2905.725869111035,3065.381848316754
17.0,2025-11-22,18.0,,2587.306448215942,2790.664216644407
17.0,2025-11-22,19.0,,2091.6180007236762,2321.657237577711
17.0,2025-11-22,20.0,,1642.2229795902967,1871.9077828416519
17.0,2025-11-22,21.0,,1104.7216945693306,1246.6319032630367
17.0,2025-11-22,22.0,,730.3935450055646,791.6849314179689
17.0,2025-11-22,23.0,,408.9254863215226,402.33364669555704
25.0,2025-11-22,0.0,,0.0,8.049582753656793
25.0,2025-11-22,1.0,,2.802479187359455e-34,5.383942127479964
25.0,2025-11-22,2.0,,2.802479187359455e-34,0.721287003950086
25.0,2025-11-22,3.0,,2.802479187359455e-34,0.0
25.0,2025-11-22,4.0,,2.802479187359455e-34,0.0
25.0,2025-11-22,5.0,,7.861802825241245,6.174216032171829
25.0,2025-11-22,6.0,,89.15680423660712,79.58330272183979
25.0,2025-11-22,7.0,,136.25380535454607,113.97744590174817
25.0,2025-11-22,8.0,,277.9144856786759,251.82245597897878
25.0,2025-11-22,9.0,,312.7607937044163,253.77018417352207
25.0,2025-11-22,10.0,,281.13963467144094,269.7244790432242
25.0,2025-11-22,11.0,,349.0004433018253,380.66935156678073
25.0,2025-11-22,12.0,,364.77135402650936,361.96406020179705
25.0,2025-11-22,13.0,,475.94751262336433,448.626461114348
25.0,2025-11-22,14.0,,443.85024347283274,444.558405568185
25.0,2025-11-22,15.0,,568.0731410372862,512.2360605139313
25.0,2025-11-22,16.0,,494.5052696986438,508.782190935584
25.0,2025-11-22,17.0,,445.1387584215132,415.01999021557265
25.0,2025-11-22,18.0,,440.08566219869914,448.52276727656533
25.0,2025-11-22,19.0,,376.66513629163296,359.1961486889055
25.0,2025-11-22,20.0,,256.0748792313218,221.4115890271112
25.0,2025-11-22,21.0,,172.8704729284789,144.72107497387918
25.0,2025-11-22,22.0,,104.74652004043614,113.50159342617633
25.0,2025-11-22,23.0,,41.52837554362011,34.75759841907808
26.0,2025-11-22,0.0,,42.56794274389917,42.93001311895254
26.0,2025-11-22,1.0,,0.0,0.0
26.0,2025-11-22,2.0,,2.802479187359455e-34,4.741341471299756
26.0,2025-11-22,3.0,,2.802479187359455e-34,0.0
26.0,2025-11-22,4.0,,0.0,0.2933219124528615
26.0,2025-11-22,5.0,,50.57477988072667,33.449967043781925
26.0,2025-11-22,6.0,,264.53669894705536,241.88589079346264
26.0,2025-11-22,7.0,,340.79578531460663,326.6295659755196
26.0,2025-11-22,8.0,,628.93146491465,657.8791467308995
26.0,2025-11-22,9.0,,685.5664496342794,696.769602333742
26.0,2025-11-22,10.0,,797.2155570904489,823.4056569751549
26.0,2025-11-22,11.0,,972.3171300678133,933.3218953100296
26.0,2025-11-22,12.0,,958.6346227377484,903.1825339332768
26.0,2025-11-22,13.0,,1001.7297174639918,961.6770765275189
26.0,2025-11-22,14.0,,979.3743326944942,963.3913208296782
26.0,2025-11-22,15.0,,955.3234484534402,921.4313264901642
26.0,2025-11-22,16.0,,1006.6204266868843,1011.7856662788288
26.0,2025-11-22,17.0,,931.7827654996883,941.0355970854739
26.0,2025-11-22,18.0,,850.9698462312335,855.2399335184513
26.0,2025-11-22,19.0,,745.5451049026534,763.1284973481653
26.0,2025-11-22,20.0,,496.91421490184246,502.63660692688865
26.0,2025-11-22,21.0,,356.37281469470355,352.1536609918232
26.0,2025-11-22,22.0,,196.62739952682492,181.9492461001274
26.0,2025-11-22,23.0,,144.03889443635546,121.96264804079638
28.0,2025-11-22,0.0,,1.1027439654455586,4.06033406280633
28.0,2025-11-22,1.0,,2.802479187359455e-34,7.776653147571409
28.0,2025-11-22,2.0,,2.802479187359455e-34,0.5805368694619968
28.0,2025-11-22,3.0,,2.802479187359455e-34,0.0
28.0,2025-11-22,4.0,,0.0,0.0
28.0,2025-11-22,5.0,,30.57766735104194,22.282167924136054
28.0,2025-11-22,6.0,,119.47604776584143,90.7900849308311
28.0,2025-11-22,7.0,,176.4012672123748,184.88614198992502
28.0,2025-11-22,8.0,,387.22725723021966,385.4056469312096
28.0,2025-11-22,9.0,,450.5882886016678,461.54243695507864
28.0,2025-11-22,10.0,,455.3337172322647,468.0711040235306
28.0,2025-11-22,11.0,,465.9558183165944,468.43203098796806
28.0,2025-11-22,12.0,,593.4843199239514,578.6940332945197
28.0,2025-11-22,13.0,,613.4250170740148,605.3206717930608
28.0,2025-11-22,14.0,,571.3516344669957,587.9925756909954
28.0,2025-11-22,15.0,,555.7247930706432,563.0144147770083
28.0,2025-11-22,16.0,,574.3889560134202,589.6135210757272
28.0,2025-11-22,17.0,,540.5029975746446,559.9437888483334
28.0,2025-11-22,18.0,,450.7692158617473,487.2656792616014
28.0,2025-11-22,19.0,,393.8108444818419,401.8889954003519
28.0,2025-11-22,20.0,,334.43980310127426,355.9644213666518
28.0,2025-11-22,21.0,,261.069158449428,264.8954998055032
28.0,2025-11-22,22.0,,109.56226980906224,125.14042235979603
28.0,2025-11-22,23.0,,4.033782647769126,7.221260282975542
50.0,2025-11-22,0.0,,24.707464787252597,43.625477757561335
50.0,2025-11-22,1.0,,3.626746965157592,0.10163118489731819
50.0,2025-11-22,2.0,,0.0,2.598117033032248e-10
50.0,2025-11-22,3.0,,2.802479187359455e-34,0.0
50.0,2025-11-22,4.0,,5.280779777475144,0.0
50.0,2025-11-22,5.0,,37.672005705934076,28.661127618527072
50.0,2025-11-22,6.0,,223.47359957916393,214.06849916418827
50.0,2025-11-22,7.0,,395.86197485865983,367.7475109549195
50.0,2025-11-22,8.0,,706.8046158663117,688.5367908899685
50.0,2025-11-22,9.0,,757.6784519407383,809.7232649753082
50.0,2025-11-22,10.0,,735.2813417696678,747.7337816522133
50.0,2025-11-22,11.0,,862.5810425965684,843.1382544746833
50.0,2025-11-22,12.0,,886.3051089920624,909.6200978658334
50.0,2025-11-22,13.0,,887.2380785969096,904.7067504572454
50.0,2025-11-22,14.0,,951.5498908793745,931.7849790484801
50.0,2025-11-22,15.0,,962.4003858987026,983.1227759304952
50.0,2025-11-22,16.0,,950.2848357165255,936.523970195708
50.0,2025-11-22,17.0,,983.3133112245606,890.8938423167306
50.0,2025-11-22,18.0,,756.8966346639367,792.2748019717202
50.0,2025-11-22,19.0,,695.1654898327581,675.2324490106473
50.0,2025-11-22,20.0,,537.0641563589576,558.1778349208621
50.0,2025-11-22,21.0,,396.8673627469713,427.34119572747477
50.0,2025-11-22,22.0,,226.00506550125368,210.24656246336988
50.0,2025-11-22,23.0,,110.41338563779564,136.6047218559414
1.0,2025-11-23,0.0,,1.0375892103688762,0.8295090479289999
1.0,2025-11-23,1.0,,2.802479187359455e-34,2.801451415525513
1.0,2025-11-23,2.0,,2.802479187359455e-34,0.2220204171074997
1.0,2025-11-23,3.0,,2.802479187359455e-34,0.0
1.0,2025-11-23,4.0,,0.0,0.0837727344563498
1.0,2025-11-23,5.0,,18.676951686560763,11.07219244370471
1.0,2025-11-23,6.0,,94.8923846366242,104.77567351389389
1.0,2025-11-23,7.0,,222.15545305000813,236.20244366215266
1.0,2025-11-23,8.0,,326.5767495924685,325.6576728428378
1.0,2025-11-23,9.0,,581.7566279884835,573.4048006310967
1.0,2025-11-23,10.0,,653.1407072308779,634.9926565129828
1.0,2025-11-23,11.0,,656.215044369258,646.2204731233783
1.0,2025-11-23,12.0,,805.8033261953975,784.6486432224118
1.0,2025-11-23,13.0,,843.5291691072403,822.5285482852163
1.0,2025-11-23,14.0,,797.7316823416478,792.8771347057788
1.0,2025-11-23,15.0,,742.9331654213613,726.5598481469068
1.0,2025-11-23,16.0,,674.3251547146087,650.2685935104255
1.0,2025-11-23,17.0,,622.4427244100305,584.7874170222369
1.0,2025-11-23,18.0,,543.6282704181273,524.2558884649834
1.0,2025-11-23,19.0,,416.4184679702734,417.3138674345608
1.0,2025-11-23,20.0,,284.12057422195437,293.2085187779884
1.0,2025-11-23,21.0,,236.44743094990963,235.09497873125332
1.0,2025-11-23,22.0,,71.23331980899516,93.75403156855472
1.0,2025-11-23,23.0,,14.016817643541764,16.938364071997654
5.0,2025-11-23,0.0,,0.0,0.0
5.0,2025-11-23,1.0,,0.0,0.0
5.0,2025-11-23,2.0,,0.0,0.0
5.0,2025-11-23,3.0,,0.0,0.0
5.0,2025-11-23,4.0,,0.0,0.0
5.0,2025-11-23,5.0,,0.0,0.0
5.0,2025-11-23,6.0,,0.0,0.0
5.0,2025-11-23,7.0,,0.0,0.0
5.0,2025-11-23,8.0,,0.0,0.0
5.0,2025-11-23,9.0,,0.0,0.0
5.0,2025-11-23,10.0,,0.0,0.0
5.0,2025-11-23,11.0,,0.0,0.0
5.0,2025-11-23,12.0,,0.0,0.0
5.0,2025-11-23,13.0,,0.0,0.0
5.0,2025-11-23,14.0,,0.0,0.0
5.0,2025-11-23,15.0,,0.0,0.0
5.0,2025-11-23,16.0,,0.0,0.0
5.0,2025-11-23,17.0,,0.0,0.0
5.0,2025-11-23,18.0,,0.0,0.0
5.0,2025-11-23,19.0,,0.0,0.0
5.0,2025-11-23,20.0,,0.0,0.0
5.0,2025-11-23,21.0,,0.0,0.0
5.0,2025-11-23,22.0,,0.0,0.0
5.0,2025-11-23,23.0,,0.0,0.0
7.0,2025-11-23,0.0,,83.76624701235384,93.73443599480905
7.0,2025-11-23,1.0,,19.69606217071202,10.574104095898326
7.0,2025-11-23,2.0,,2.802479187359455e-34,0.0
7.0,2025-11-23,3.0,,2.802479187359455e-34,0.0
7.0,2025-11-23,4.0,,3.978063970843564,0.0
7.0,2025-11-23,5.0,,50.644319798884965,32.93881515435675
7.0,2025-11-23,6.0,,175.13728493071474,165.33715331404454
7.0,2025-11-23,7.0,,294.1996663864531,276.34659065413297
7.0,2025-11-23,8.0,,524.7420883424008,697.1704181858163
7.0,2025-11-23,9.0,,680.4168700185336,762.0438032825172
7.0,2025-11-23,10.0,,700.6223789869149,826.222180266123
7.0,2025-11-23,11.0,,944.9403730384752,1008.1179543427805
7.0,2025-11-23,12.0,,1133.0232768060885,1151.0213232493222
7.0,2025-11-23,13.0,,1184.261770467957,1181.7925129624782
7.0,2025-11-23,14.0,,1270.7881768547932,1294.574117410683
7.0,2025-11-23,15.0,,1191.894167962197,1190.2669016862067
7.0,2025-11-23,16.0,,1104.9207149989506,1081.306918577091
7.0,2025-11-23,17.0,,1142.0742629222893,1176.4771491321317
7.0,2025-11-23,18.0,,1005.6372150395606,1062.7930513298588
7.0,2025-11-23,19.0,,861.0920465868105,934.9662533803892
7.0,2025-11-23,20.0,,622.522144067779,640.1816324998191
7.0,2025-11-23,21.0,,477.7550499987146,477.4648985248947
7.0,2025-11-23,22.0,,153.8750355282818,151.26876351808818
7.0,2025-11-23,23.0,,110.91373734343257,113.7268216067693
11.0,2025-11-23,0.0,,93.49281152845084,98.10192164396831
11.0,2025-11-23,1.0,,20.794204117881705,11.00737837297489
11.0,2025-11-23,2.0,,2.802479187359455e-34,0.0
11.0,2025-11-23,3.0,,2.802479187359455e-34,0.0
11.0,2025-11-23,4.0,,0.0,0.0
11.0,2025-11-23,5.0,,111.03821297342753,129.9505623015513
11.0,2025-11-23,6.0,,481.715899467031,498.6599966910827
11.0,2025-11-23,7.0,,538.6883517658271,511.97424451450064
11.0,2025-11-23,8.0,,682.3528924482838,728.027524946508
11.0,2025-11-23,9.0,,903.5658853045778,913.1747128193595
11.0,2025-11-23,10.0,,1029.429265462544,1027.4123136339051
11.0,2025-11-23,11.0,,1453.2551427044666,1443.1677897942475
11.0,2025-11-23,12.0,,1525.4906613227167,1592.0419305550286
11.0,2025-11-23,13.0,,1543.2277825756428,1572.570928886643
11.0,2025-11-23,14.0,,1609.618116243444,1569.6153684964697
11.0,2025-11-23,15.0,,1616.4075637963924,1660.1485053695926
11.0,2025-11-23,16.0,,1593.423588289345,1594.2069168362539
11.0,2025-11-23,17.0,,1698.3483456068493,1712.642884448993
11.0,2025-11-23,18.0,,1428.6400365835448,1395.6197309582783
11.0,2025-11-23,19.0,,1163.4912701320327,1179.4449888035776
11.0,2025-11-23,20.0,,849.2636805211545,873.6126967537972
11.0,2025-11-23,21.0,,573.0766723414329,585.791100240297
11.0,2025-11-23,22.0,,309.0576268621879,305.7340710896649
11.0,2025-11-23,23.0,,204.81219583707764,179.80163080392595
12.0,2025-11-23,0.0,,71.90035780415458,64.71162873549086
12.0,2025-11-23,1.0,,3.2488734543453006,5.230586251052661
12.0,2025-11-23,2.0,,2.802479187359455e-34,1.650090821987598
12.0,2025-11-23,3.0,,2.802479187359455e-34,0.0
12.0,2025-11-23,4.0,,0.7506558717022951,0.6073447824419119
12.0,2025-11-23,5.0,,148.7733481863057,139.97371129356102
12.0,2025-11-23,6.0,,490.8131606798309,482.34748860036797
12.0,2025-11-23,7.0,,666.7059441712553,667.2478811780926
12.0,2025-11-23,8.0,,733.0717595562733,730.1496217586516
12.0,2025-11-23,9.0,,959.1525043167753,928.105756860245
12.0,2025-11-23,10.0,,1179.2746688380075,1133.2762719208038
12.0,2025-11-23,11.0,,1338.0654775280623,1261.9892506842707
12.0,2025-11-23,12.0,,1402.4499879597513,1298.083832686195
12.0,2025-11-23,13.0,,1626.413715189717,1583.7934132391156
12.0,2025-11-23,14.0,,1554.8841532309777,1491.2042276798259
12.0,2025-11-23,15.0,,1444.3016360779134,1388.3387787839274
12.0,2025-11-23,16.0,,1498.1902818875742,1506.2640457522077
12.0,2025-11-23,17.0,,1526.5752054256482,1442.2410083610346
12.0,2025-11-23,18.0,,1309.7749696458159,1372.2966818936088
12.0,2025-11-23,19.0,,1021.5151435111696,1043.0471108866823
12.0,2025-11-23,20.0,,759.2625333519242,759.1041524350079
12.0,2025-11-23,21.0,,530.4077931381047,546.9209952840515
12.0,2025-11-23,22.0,,333.59275288121773,317.7416666094745
12.0,2025-11-23,23.0,,202.00001572903338,206.47184861652806
17.0,2025-11-23,0.0,,133.4173123771423,170.04237056559953
17.0,2025-11-23,1.0,,24.400672000620123,20.97368726095333
17.0,2025-11-23,2.0,,2.802479187359455e-34,1.4619312634297883
17.0,2025-11-23,3.0,,2.802479187359455e-34,0.0
17.0,2025-11-23,4.0,,5.401687176684973,2.989555898468886
17.0,2025-11-23,5.0,,98.4729785731087,105.21792913179542
17.0,2025-11-23,6.0,,395.2333669331093,389.14655317852396
17.0,2025-11-23,7.0,,765.2460577287555,764.0037653081017
17.0,2025-11-23,8.0,,1274.2380017213031,1212.353864165894
17.0,2025-11-23,9.0,,1692.1433587058561,1650.5780452595534
17.0,2025-11-23,10.0,,2003.3134094235654,2005.2637690719903
17.0,2025-11-23,11.0,,2436.952317892483,2468.012250794753
17.0,2025-11-23,12.0,,2736.6715438555175,2700.4355213968247
17.0,2025-11-23,13.0,,2901.8970336537695,2882.678789218669
17.0,2025-11-23,14.0,,2978.376394930597,3005.4095813785816
17.0,2025-11-23,15.0,,3017.8624412935606,2946.499824194207
17.0,2025-11-23,16.0,,3016.9397933830155,3033.529518853826
17.0,2025-11-23,17.0,,2865.69679682889,2880.2293580338855
17.0,2025-11-23,18.0,,2516.6890901476995,2553.0865518375213
17.0,2025-11-23,19.0,,2088.6556637036983,2164.1568149220707
17.0,2025-11-23,20.0,,1585.6100020435215,1687.4541841106986
17.0,2025-11-23,21.0,,1085.6712670485892,1124.172553307332
17.0,2025-11-23,22.0,,663.9720127709701,668.1124795985501
17.0,2025-11-23,23.0,,278.56474597601925,304.53522653143506
25.0,2025-11-23,0.0,,11.95199246908237,11.667361769706382
25.0,2025-11-23,1.0,,2.802479187359455e-34,0.4510352718670693
25.0,2025-11-23,2.0,,2.802479187359455e-34,1.5309173902746462
25.0,2025-11-23,3.0,,2.802479187359455e-34,0.0
25.0,2025-11-23,4.0,,2.802479187359455e-34,0.0
25.0,2025-11-23,5.0,,10.011186183017099,7.723218032710443
25.0,2025-11-23,6.0,,77.84800072802777,68.93202636224945
25.0,2025-11-23,7.0,,92.103639426371,81.57480404349809
25.0,2025-11-23,8.0,,172.53902047557156,175.73691122270353
25.0,2025-11-23,9.0,,194.74520028077808,184.24467436604334
25.0,2025-11-23,10.0,,214.1658931949327,203.49966979682756
25.0,2025-11-23,11.0,,277.1035397060648,271.8503754784085
25.0,2025-11-23,12.0,,316.52662729885094,301.3478846124473
25.0,2025-11-23,13.0,,426.15101740447244,386.1959462371329
25.0,2025-11-23,14.0,,444.58657237981527,434.6100370719378
25.0,2025-11-23,15.0,,555.9303316155061,503.8102206737477
25.0,2025-11-23,16.0,,498.4558441667425,475.08393188487435
25.0,2025-11-23,17.0,,449.8226755433173,425.6588825615503
25.0,2025-11-23,18.0,,399.1598632013664,371.87076912549065
25.0,2025-11-23,19.0,,311.5003652671954,304.43646449786684
25.0,2025-11-23,20.0,,201.15721068513588,188.70576406525478
25.0,2025-11-23,21.0,,141.31805916081842,120.01644091280143
25.0,2025-11-23,22.0,,80.63997200133129,90.34437199484981
25.0,2025-11-23,23.0,,20.188360643028023,16.21454498593322
26.0,2025-11-23,0.0,,36.27270052732978,40.88967259186859
26.0,2025-11-23,1.0,,0.0,0.0
26.0,2025-11-23,2.0,,2.802479187359455e-34,0.0
26.0,2025-11-23,3.0,,2.802479187359455e-34,0.0
26.0,2025-11-23,4.0,,1.025284632468577,1.9853139709302112
26.0,2025-11-23,5.0,,21.381985577136284,22.43955447406973
26.0,2025-11-23,6.0,,138.6146587552912,154.86089683774344
26.0,2025-11-23,7.0,,207.07413944195045,210.06159630254547
26.0,2025-11-23,8.0,,379.953311022725,362.64646257955724
26.0,2025-11-23,9.0,,460.62935389394914,450.9948273409045
26.0,2025-11-23,10.0,,557.3899370690806,557.458431448588
26.0,2025-11-23,11.0,,786.175036018033,769.3555412497262
26.0,2025-11-23,12.0,,859.678011460682,823.295563770365
26.0,2025-11-23,13.0,,922.9465282194208,907.8310074376146
26.0,2025-11-23,14.0,,881.4313547881236,887.9769787403897
26.0,2025-11-23,15.0,,821.916119118987,830.1796998406589
26.0,2025-11-23,16.0,,836.9966139297744,865.2043399127633
26.0,2025-11-23,17.0,,782.5707234592312,793.0063785426536
26.0,2025-11-23,18.0,,689.1934469990086,712.7517299380547
26.0,2025-11-23,19.0,,535.9530760098414,545.1727795177825
26.0,2025-11-23,20.0,,387.0841818456716,373.73323475069384
26.0,2025-11-23,21.0,,261.6556595567009,261.5840875078385
26.0,2025-11-23,22.0,,141.2151119053206,129.52741364514617
26.0,2025-11-23,23.0,,99.26745824310397,80.85328690647009
28.0,2025-11-23,0.0,,1.1027439654455586,0.2230047142192519
28.0,2025-11-23,1.0,,2.802479187359455e-34,4.476678493838057
28.0,2025-11-23,2.0,,2.802479187359455e-34,0.0
28.0,2025-11-23,3.0,,2.802479187359455e-34,0.0
28.0,2025-11-23,4.0,,0.0,0.0
28.0,2025-11-23,5.0,,26.054382327642266,12.30438491660093
28.0,2025-11-23,6.0,,63.69653602286634,57.3571460893953
28.0,2025-11-23,7.0,,125.78820194690782,129.45006738470312
28.0,2025-11-23,8.0,,242.12854825645337,250.40169792092848
28.0,2025-11-23,9.0,,318.8725069790577,310.8209958551459
28.0,2025-11-23,10.0,,362.37960643050695,354.4119594033431
28.0,2025-11-23,11.0,,419.9920176635445,396.3288594674874
28.0,2025-11-23,12.0,,483.12506153757073,453.23451354550014
28.0,2025-11-23,13.0,,507.5079130824572,489.84425665375414
28.0,2025-11-23,14.0,,508.512761883366,484.44602145372795
28.0,2025-11-23,15.0,,505.64702342708233,484.2709283398649
28.0,2025-11-23,16.0,,490.84829419945885,469.2183883572765
28.0,2025-11-23,17.0,,482.7012146459603,466.4416178733019
28.0,2025-11-23,18.0,,413.8550391976725,413.9936600442016
28.0,2025-11-23,19.0,,336.02765580054086,342.3711655601604
28.0,2025-11-23,20.0,,262.26821891361976,286.46891086814037
28.0,2025-11-23,21.0,,208.61773662402894,201.57549736765165
28.0,2025-11-23,22.0,,90.68893598583492,89.88555384960185
28.0,2025-11-23,23.0,,5.0823520048179756,0.0
50.0,2025-11-23,0.0,,19.853502700081197,40.81549204443103
50.0,2025-11-23,1.0,,0.03222857414029939,0.0
50.0,2025-11-23,2.0,,0.0,2.598117033032248e-10
50.0,2025-11-23,3.0,,2.802479187359455e-34,0.0
50.0,2025-11-23,4.0,,3.900602086782955,0.0
50.0,2025-11-23,5.0,,24.851704845942457,29.8032049652301
50.0,2025-11-23,6.0,,137.69529904406892,138.99754626689239
50.0,2025-11-23,7.0,,260.4078716961563,265.4533971085615
50.0,2025-11-23,8.0,,416.5788375536439,461.2858362784644
50.0,2025-11-23,9.0,,485.04226953393584,531.6281541819
50.0,2025-11-23,10.0,,482.20327995817047,509.4467130240166
50.0,2025-11-23,11.0,,637.1602136048542,643.8497274425324
50.0,2025-11-23,12.0,,735.2519334548066,702.6096977472304
50.0,2025-11-23,13.0,,821.702187978535,805.4379334408167
50.0,2025-11-23,14.0,,850.145926271783,827.9059946912909
50.0,2025-11-23,15.0,,762.2363442253455,763.2647768437439
50.0,2025-11-23,16.0,,780.5414065363542,765.4733761895994
50.0,2025-11-23,17.0,,762.5980053234014,751.9768330500928
50.0,2025-11-23,18.0,,632.1611728217123,631.6261361551633
50.0,2025-11-23,19.0,,553.6417873511133,565.3810000252726
50.0,2025-11-23,20.0,,445.06104279123775,441.6454620662479
50.0,2025-11-23,21.0,,301.52774593587475,339.2582646028967
50.0,2025-11-23,22.0,,185.16716959057814,166.52050190326807
50.0,2025-11-23,23.0,,83.4283659173235,98.86997513264505
1.0,2025-11-24,0.0,,0.0,0.0
1.0,2025-11-24,1.0,,2.802479187359455e-34,0.0
1.0,2025-11-24,2.0,,2.802479187359455e-34,0.0
1.0,2025-11-24,3.0,,2.802479187359455e-34,0.0
1.0,2025-11-24,4.0,,0.0,0.0
1.0,2025-11-24,5.0,,130.5989120744991,108.85896158823476
1.0,2025-11-24,6.0,,504.96261090473035,481.756262076482
1.0,2025-11-24,7.0,,1398.9225324303154,1428.3042694640978
1.0,2025-11-24,8.0,,1780.4207134263297,1824.0451090074491
1.0,2025-11-24,9.0,,1381.58828951711,1394.4366118709872
1.0,2025-11-24,10.0,,1209.6330949555168,1234.451118367112
1.0,2025-11-24,11.0,,1252.362252947416,1262.0813561739399
1.0,2025-11-24,12.0,,1303.3089067311207,1376.6592691778837
1.0,2025-11-24,13.0,,1325.3818022831038,1356.7414961113834
1.0,2025-11-24,14.0,,1253.3351154190905,1257.1952497340112
1.0,2025-11-24,15.0,,1410.3109713158522,1470.2900766567577
1.0,2025-11-24,16.0,,1428.6246916194057,1465.76395049316
1.0,2025-11-24,17.0,,1711.305544150148,1697.5419018240532
1.0,2025-11-24,18.0,,1724.8099194170138,1675.3807483214814
1.0,2025-11-24,19.0,,1315.1156334978564,1319.1347761740822
1.0,2025-11-24,20.0,,853.5994263212393,824.4341917160432
1.0,2025-11-24,21.0,,457.0734315898435,441.741087524025
1.0,2025-11-24,22.0,,213.40206927848146,188.24075926642433
1.0,2025-11-24,23.0,,50.54407011149896,34.13917793879626
5.0,2025-11-24,0.0,,0.0,0.0
5.0,2025-11-24,1.0,,0.0,0.0
5.0,2025-11-24,2.0,,0.0,0.0
5.0,2025-11-24,3.0,,0.0,0.0
5.0,2025-11-24,4.0,,0.0,0.0
5.0,2025-11-24,5.0,,0.0,0.0
5.0,2025-11-24,6.0,,0.0,0.0
5.0,2025-11-24,7.0,,0.0,0.0
5.0,2025-11-24,8.0,,0.0,0.0
5.0,2025-11-24,9.0,,0.0,0.0
5.0,2025-11-24,10.0,,0.0,0.0
5.0,2025-11-24,11.0,,0.0,0.0
5.0,2025-11-24,12.0,,0.0,0.0
5.0,2025-11-24,13.0,,0.0,0.0
5.0,2025-11-24,14.0,,0.0,0.0
5.0,2025-11-24,15.0,,0.0,0.0
5.0,2025-11-24,16.0,,0.0,0.0
5.0,2025-11-24,17.0,,0.0,0.0
5.0,2025-11-24,18.0,,0.0,0.0
5.0,2025-11-24,19.0,,0.0,0.0
5.0,2025-11-24,20.0,,0.0,0.0
5.0,2025-11-24,21.0,,0.0,0.0
5.0,2025-11-24,22.0,,0.0,0.0
5.0,2025-11-24,23.0,,0.0,0.0
7.0,2025-11-24,0.0,,49.729762099756854,43.6815704748846
7.0,2025-11-24,1.0,,0.0,0.0
7.0,2025-11-24,2.0,,2.802479187359455e-34,0.0
7.0,2025-11-24,3.0,,2.802479187359455e-34,0.0
7.0,2025-11-24,4.0,,0.0,0.0
7.0,2025-11-24,5.0,,182.17032441303778,188.43102673226252
7.0,2025-11-24,6.0,,667.4366885953584,703.5138910163197
7.0,2025-11-24,7.0,,1596.143090692237,1585.419992253833
7.0,2025-11-24,8.0,,2451.6694188903543,2481.385405265087
7.0,2025-11-24,9.0,,1815.7814087000284,1875.4415246757956
7.0,2025-11-24,10.0,,1613.410160594968,1562.071812285845
7.0,2025-11-24,11.0,,1424.0872868100355,1444.7397653668918
7.0,2025-11-24,12.0,,1478.9832701011917,1618.944096948089
7.0,2025-11-24,13.0,,1544.2285394389223,1598.182889360227
7.0,2025-11-24,14.0,,1606.218848728811,1644.1207407208663
7.0,2025-11-24,15.0,,1710.5633934899224,1766.9342422376285
7.0,2025-11-24,16.0,,1804.7485692582613,1854.5934066080451
7.0,2025-11-24,17.0,,2210.5923582457517,2281.383112734655
7.0,2025-11-24,18.0,,2546.8534616238153,2529.5773968403696
7.0,2025-11-24,19.0,,1701.9893549729627,1685.1799898331376
7.0,2025-11-24,20.0,,1052.465116810413,1036.8354117501772
7.0,2025-11-24,21.0,,574.811489687403,571.4682870147658
7.0,2025-11-24,22.0,,199.96740663115955,191.40307918479598
7.0,2025-11-24,23.0,,136.09470039169437,139.23339545453808
11.0,2025-11-24,0.0,,61.50675983607606,52.63960452177323
11.0,2025-11-24,1.0,,0.0,0.0
11.0,2025-11-24,2.0,,2.802479187359455e-34,0.0
11.0,2025-11-24,3.0,,2.802479187359455e-34,0.0
11.0,2025-11-24,4.0,,0.0,0.0
11.0,2025-11-24,5.0,,268.92745330254945,269.63367559352275
11.0,2025-11-24,6.0,,1232.4201776330967,1255.6858985122801
11.0,2025-11-24,7.0,,2289.1116648131097,2252.504390129509
11.0,2025-11-24,8.0,,3083.521599187107,2997.806943697353
11.0,2025-11-24,9.0,,2342.6841083590202,2309.86387158237
11.0,2025-11-24,10.0,,1766.574837140509,1799.4946698962126
11.0,2025-11-24,11.0,,1742.6431108675613,1824.631960597601
11.0,2025-11-24,12.0,,1695.7035084790825,1721.5534851767625
11.0,2025-11-24,13.0,,1859.491726412456,1879.44054264383
11.0,2025-11-24,14.0,,1876.0466724355813,1893.553634165542
11.0,2025-11-24,15.0,,1927.1568818405178,1919.6478153818414
11.0,2025-11-24,16.0,,2182.2394886756565,2146.6323570396266
11.0,2025-11-24,17.0,,2750.2386477015866,2647.926374840396
11.0,2025-11-24,18.0,,2935.913422239469,2918.215828803815
11.0,2025-11-24,19.0,,2200.1909767740217,2228.0612796880887
11.0,2025-11-24,20.0,,1393.8411369768003,1392.4663612833592
11.0,2025-11-24,21.0,,796.9987270561701,755.8857154715729
11.0,2025-11-24,22.0,,376.8329949139552,349.5866759417939
11.0,2025-11-24,23.0,,179.90154510452138,197.61753611324878
12.0,2025-11-24,0.0,,60.626860849313125,38.94578889724705
12.0,2025-11-24,1.0,,0.0,0.0
12.0,2025-11-24,2.0,,2.802479187359455e-34,0.0
12.0,2025-11-24,3.0,,2.802479187359455e-34,0.0
12.0,2025-11-24,4.0,,3.2608462829561873,0.0
12.0,2025-11-24,5.0,,319.3239013531615,308.4327550398943
12.0,2025-11-24,6.0,,1309.89220915714,1292.2410252484556
12.0,2025-11-24,7.0,,2688.4252656301487,2595.564944860484
12.0,2025-11-24,8.0,,3431.4413654008413,3364.3510649766417
12.0,2025-11-24,9.0,,2382.638156875938,2375.299256417353
12.0,2025-11-24,10.0,,1962.5287650971866,1971.114615117321
12.0,2025-11-24,11.0,,1924.0141506181963,1935.36044397995
12.0,2025-11-24,12.0,,1940.529349948199,1956.0400140997958
12.0,2025-11-24,13.0,,1939.3304190858264,2029.837311288467
12.0,2025-11-24,14.0,,1965.3721319121075,1958.412854157262
12.0,2025-11-24,15.0,,2212.017989742409,2185.1415819739746
12.0,2025-11-24,16.0,,2709.9709827343654,2734.095366504581
12.0,2025-11-24,17.0,,3003.6653942911153,2920.6173581234225
12.0,2025-11-24,18.0,,3112.85045339624,3032.3446787497305
12.0,2025-11-24,19.0,,2392.8172678490214,2366.6704053433646
12.0,2025-11-24,20.0,,1488.6854655298607,1466.7087103128463
12.0,2025-11-24,21.0,,850.3435459992351,882.805733374583
12.0,2025-11-24,22.0,,436.49258788394883,426.5097094402303
12.0,2025-11-24,23.0,,213.80377808205392,192.4179555449382
17.0,2025-11-24,0.0,,62.90944325249843,86.18171959191112
17.0,2025-11-24,1.0,,12.25190748271923,0.0
17.0,2025-11-24,2.0,,2.802479187359455e-34,0.0
17.0,2025-11-24,3.0,,2.802479187359455e-34,0.0
17.0,2025-11-24,4.0,,23.03898609237927,7.403094882724719
17.0,2025-11-24,5.0,,298.0315859236447,293.09485297804235
17.0,2025-11-24,6.0,,1474.162835689221,1452.2248925150825
17.0,2025-11-24,7.0,,3831.571785437017,3833.1232815700973
17.0,2025-11-24,8.0,,5168.797874512443,5120.435316154162
17.0,2025-11-24,9.0,,3657.378174726661,3638.492245384242
17.0,2025-11-24,10.0,,2882.9327240039606,2919.269186697282
17.0,2025-11-24,11.0,,2811.872161889079,2906.3964671232607
17.0,2025-11-24,12.0,,2848.7030846057582,2806.5913861437193
17.0,2025-11-24,13.0,,2919.248172064826,2910.9021963936266
17.0,2025-11-24,14.0,,2983.481933838155,2987.00025091402
17.0,2025-11-24,15.0,,3130.611725873933,3153.388332147035
17.0,2025-11-24,16.0,,3476.9589192639223,3517.5438409745743
17.0,2025-11-24,17.0,,4266.405234201135,4324.100164763053
17.0,2025-11-24,18.0,,4666.85521643804,4729.069548131902
17.0,2025-11-24,19.0,,3317.809233453084,3321.654528022128
17.0,2025-11-24,20.0,,2228.8944752512707,2251.0008424051207
17.0,2025-11-24,21.0,,1348.355814267324,1360.7510678094181
17.0,2025-11-24,22.0,,650.043643740824,685.9891470981886
17.0,2025-11-24,23.0,,281.3796029822992,285.2297691821969
25.0,2025-11-24,0.0,,0.0,1.063605006521772
25.0,2025-11-24,1.0,,2.802479187359455e-34,0.0
25.0,2025-11-24,2.0,,2.802479187359455e-34,0.0
25.0,2025-11-24,3.0,,2.802479187359455e-34,0.0
25.0,2025-11-24,4.0,,2.802479187359455e-34,0.0
25.0,2025-11-24,5.0,,12.826059617790639,0.0
25.0,2025-11-24,6.0,,171.64251228286918,149.57917391054838
25.0,2025-11-24,7.0,,512.2648910459109,480.00592912935605
25.0,2025-11-24,8.0,,815.4568678700359,809.9688336978694
25.0,2025-11-24,9.0,,440.55019075927356,401.9608481492384
25.0,2025-11-24,10.0,,346.46224540682584,320.6470836064145
25.0,2025-11-24,11.0,,361.97443612332273,347.2330443762203
25.0,2025-11-24,12.0,,343.39413022165513,334.2223955682869
25.0,2025-11-24,13.0,,430.01719281000067,436.20134880583765
25.0,2025-11-24,14.0,,382.2509441562987,384.4579487983801
25.0,2025-11-24,15.0,,429.5609609851074,439.196216913781
25.0,2025-11-24,16.0,,590.393386066227,607.81128647204
25.0,2025-11-24,17.0,,619.277611310954,624.197587235635
25.0,2025-11-24,18.0,,700.2267374736663,668.2617324918705
25.0,2025-11-24,19.0,,438.61842662773955,417.36360205530076
25.0,2025-11-24,20.0,,284.61934840137707,263.54471724827124
25.0,2025-11-24,21.0,,164.97577411634597,148.66027513850682
25.0,2025-11-24,22.0,,88.70990299362846,83.40800235728102
25.0,2025-11-24,23.0,,0.0,0.0
26.0,2025-11-24,0.0,,10.76167388891446,13.016901434267451
26.0,2025-11-24,1.0,,0.0,0.0
26.0,2025-11-24,2.0,,2.802479187359455e-34,0.0
26.0,2025-11-24,3.0,,2.802479187359455e-34,0.0
26.0,2025-11-24,4.0,,0.0,0.0
26.0,2025-11-24,5.0,,73.00832377369174,52.856352914781574
26.0,2025-11-24,6.0,,493.61687181427845,476.7437891835044
26.0,2025-11-24,7.0,,1031.757508305717,1043.8738149219148
26.0,2025-11-24,8.0,,1969.324069626637,2063.578445069404
26.0,2025-11-24,9.0,,1408.9559868454119,1426.7197676338767
26.0,2025-11-24,10.0,,1147.1513486720505,1201.3566066525716
26.0,2025-11-24,11.0,,996.2387070191243,1123.5406180068705
26.0,2025-11-24,12.0,,1055.1789681746754,1057.5283164226807
26.0,2025-11-24,13.0,,1144.7413056952819,1129.7484186447803
26.0,2025-11-24,14.0,,1184.2360738924292,1169.7879497731437
26.0,2025-11-24,15.0,,1229.2083231218805,1310.7084099296499
26.0,2025-11-24,16.0,,1484.603743145071,1483.867510312961
26.0,2025-11-24,17.0,,1621.0827348203293,1626.0330265041255
26.0,2025-11-24,18.0,,1701.499625075842,1779.645256317542
26.0,2025-11-24,19.0,,1203.7617740548737,1213.263896639831
26.0,2025-11-24,20.0,,731.1256084553745,706.4285209192103
26.0,2025-11-24,21.0,,436.4484205984384,417.76589631108646
26.0,2025-11-24,22.0,,192.539057802758,188.44372902159
26.0,2025-11-24,23.0,,101.42634880520944,85.07943213814363
28.0,2025-11-24,0.0,,1.1027439654455586,0.0
28.0,2025-11-24,1.0,,2.802479187359455e-34,0.0
28.0,2025-11-24,2.0,,2.802479187359455e-34,0.0
28.0,2025-11-24,3.0,,2.802479187359455e-34,0.0
28.0,2025-11-24,4.0,,0.0,0.0
28.0,2025-11-24,5.0,,60.56537122872514,47.22146139998803
28.0,2025-11-24,6.0,,262.718104591814,233.20546008315003
28.0,2025-11-24,7.0,,693.432621536611,712.5084557022914
28.0,2025-11-24,8.0,,1170.7534572587283,1159.6822928291049
28.0,2025-11-24,9.0,,819.587839902825,806.9529333604321
28.0,2025-11-24,10.0,,609.9967200527009,585.6134224264908
28.0,2025-11-24,11.0,,519.0320398883786,499.8665267159571
28.0,2025-11-24,12.0,,654.8707027444361,628.4470425510339
28.0,2025-11-24,13.0,,712.3928647949085,682.8304509911073
28.0,2025-11-24,14.0,,629.0079901584808,617.7921987791702
28.0,2025-11-24,15.0,,638.2579429509002,623.2993430780768
28.0,2025-11-24,16.0,,775.9181942183892,773.2235763472412
28.0,2025-11-24,17.0,,911.9304946676891,898.0445859906599
28.0,2025-11-24,18.0,,870.6495465305518,873.9970587082872
28.0,2025-11-24,19.0,,670.6545597324823,653.8793694042943
28.0,2025-11-24,20.0,,471.6738632955715,441.3917625958604
28.0,2025-11-24,21.0,,285.9156838131517,273.59746376295806
28.0,2025-11-24,22.0,,118.53957413473827,107.07368533391657
28.0,2025-11-24,23.0,,7.2941581827938204,0.0
50.0,2025-11-24,0.0,,0.0,10.452138661216031
50.0,2025-11-24,1.0,,0.0,0.0
50.0,2025-11-24,2.0,,0.0,2.598117033032248e-10
50.0,2025-11-24,3.0,,2.802479187359455e-34,0.0
50.0,2025-11-24,4.0,,0.0,0.0
50.0,2025-11-24,5.0,,67.17469013744902,50.02024405817587
50.0,2025-11-24,6.0,,476.1782545877271,485.9250273871603
50.0,2025-11-24,7.0,,1675.9801079851732,1678.7501169049565
50.0,2025-11-24,8.0,,2719.7978639163152,2676.8766456711915
50.0,2025-11-24,9.0,,2103.98208405139,2082.8650494258673
50.0,2025-11-24,10.0,,1604.3588255708905,1609.6033706997632
50.0,2025-11-24,11.0,,1482.784497222958,1487.44838489729
50.0,2025-11-24,12.0,,1382.1643822069627,1332.2211104477262
50.0,2025-11-24,13.0,,1427.7030205921108,1406.6087163256864
50.0,2025-11-24,14.0,,1405.5168283659739,1401.4291924745207
50.0,2025-11-24,15.0,,1650.8097898486824,1597.485352699061
50.0,2025-11-24,16.0,,1709.2209284776718,1648.0716944629503
50.0,2025-11-24,17.0,,2279.0538145698315,2246.474720814284
50.0,2025-11-24,18.0,,2372.0864851159135,2373.909682407734
50.0,2025-11-24,19.0,,1386.9814755512036,1359.9288764851512
50.0,2025-11-24,20.0,,879.8692846116207,845.7023402319954
50.0,2025-11-24,21.0,,580.4892219156316,544.4649896947911
50.0,2025-11-24,22.0,,262.4786373421981,253.24258509908498
50.0,2025-11-24,23.0,,114.38127932163992,104.14894970711696
1.0,2025-11-25,0.0,,0.5893580251693842,0.0
1.0,2025-11-25,1.0,,2.802479187359455e-34,0.0
1.0,2025-11-25,2.0,,2.802479187359455e-34,0.0
1.0,2025-11-25,3.0,,2.802479187359455e-34,0.0
1.0,2025-11-25,4.0,,0.0,0.0
1.0,2025-11-25,5.0,,113.60939219441026,115.55973887268442
1.0,2025-11-25,6.0,,535.351406612764,500.7832820828083
1.0,2025-11-25,7.0,,1481.403586403033,1491.7527872299995
1.0,2025-11-25,8.0,,1883.1803264507823,1894.8653210995124
1.0,2025-11-25,9.0,,1472.7759282588165,1480.9251619705847
1.0,2025-11-25,10.0,,1318.8829052211636,1291.7541451975728
1.0,2025-11-25,11.0,,1310.4714071894991,1319.3928041329077
1.0,2025-11-25,12.0,,1355.2575370494899,1454.6229777648916
1.0,2025-11-25,13.0,,1371.5223986636888,1452.6706477401112
1.0,2025-11-25,14.0,,1349.2065355233888,1302.9049850896702
1.0,2025-11-25,15.0,,1467.2679464788798,1527.8883291496193
1.0,2025-11-25,16.0,,1466.6092809133838,1510.387083900102
1.0,2025-11-25,17.0,,1759.3367469361658,1755.1077163028353
1.0,2025-11-25,18.0,,1792.9158657233395,1746.6998734001743
1.0,2025-11-25,19.0,,1358.9025065684818,1321.14555593129
1.0,2025-11-25,20.0,,864.3369939205573,849.9265349568582
1.0,2025-11-25,21.0,,484.4052608777484,476.585449388544
1.0,2025-11-25,22.0,,229.40948551582983,213.36135845482815
1.0,2025-11-25,23.0,,36.267310240392646,30.0235391879697
5.0,2025-11-25,0.0,,0.0,0.0
5.0,2025-11-25,1.0,,0.0,0.0
5.0,2025-11-25,2.0,,0.0,0.0
5.0,2025-11-25,3.0,,0.0,0.0
5.0,2025-11-25,4.0,,0.0,0.0
5.0,2025-11-25,5.0,,0.0,0.0
5.0,2025-11-25,6.0,,0.0,0.0
5.0,2025-11-25,7.0,,0.0,0.0
5.0,2025-11-25,8.0,,0.0,0.0
5.0,2025-11-25,9.0,,0.0,0.0
5.0,2025-11-25,10.0,,0.0,0.0
5.0,2025-11-25,11.0,,0.0,0.0
5.0,2025-11-25,12.0,,0.0,0.0
5.0,2025-11-25,13.0,,0.0,0.0
5.0,2025-11-25,14.0,,0.0,0.0
5.0,2025-11-25,15.0,,0.0,0.0
5.0,2025-11-25,16.0,,0.0,0.0
5.0,2025-11-25,17.0,,0.0,0.0
5.0,2025-11-25,18.0,,0.0,0.0
5.0,2025-11-25,19.0,,0.0,0.0
5.0,2025-11-25,20.0,,0.0,0.0
5.0,2025-11-25,21.0,,0.0,0.0
5.0,2025-11-25,22.0,,0.0,0.0
5.0,2025-11-25,23.0,,0.0,0.0
7.0,2025-11-25,0.0,,45.80121024652089,46.37611270168994
7.0,2025-11-25,1.0,,1.0170085776056537,0.0
7.0,2025-11-25,2.0,,2.802479187359455e-34,0.0
7.0,2025-11-25,3.0,,2.802479187359455e-34,0.0
7.0,2025-11-25,4.0,,0.0,0.0
7.0,2025-11-25,5.0,,188.91502297282477,184.69958077652643
7.0,2025-11-25,6.0,,707.5679533497346,724.5059880285974
7.0,2025-11-25,7.0,,1654.0620476842455,1653.1739642328555
7.0,2025-11-25,8.0,,2517.4912302594576,2574.9892897727327
7.0,2025-11-25,9.0,,1879.3631393402104,1918.9583987041492
7.0,2025-11-25,10.0,,1668.6192714403644,1674.7692698576602
7.0,2025-11-25,11.0,,1522.3349660167821,1530.3581832643654
7.0,2025-11-25,12.0,,1642.3279742262018,1742.4534765465035
7.0,2025-11-25,13.0,,1600.058743678749,1680.9953575936117
7.0,2025-11-25,14.0,,1719.7735976098472,1773.1944463552525
7.0,2025-11-25,15.0,,1842.3661080251961,1868.2707309462544
7.0,2025-11-25,16.0,,1917.594106113384,1949.5520650740534
7.0,2025-11-25,17.0,,2362.382122488821,2375.670568805469
7.0,2025-11-25,18.0,,2587.8260518776674,2608.1442737977104
7.0,2025-11-25,19.0,,1773.4753532697189,1770.5281068290224
7.0,2025-11-25,20.0,,1099.8903452146849,1074.5372860391042
7.0,2025-11-25,21.0,,625.2225149237626,619.9916968753455
7.0,2025-11-25,22.0,,297.59835628353517,306.25947076515894
7.0,2025-11-25,23.0,,159.4889635689145,154.88264655550233
11.0,2025-11-25,0.0,,42.81168539641563,59.40977931455496
11.0,2025-11-25,1.0,,0.0,0.0
11.0,2025-11-25,2.0,,2.802479187359455e-34,0.0
11.0,2025-11-25,3.0,,2.802479187359455e-34,0.0
11.0,2025-11-25,4.0,,1.246874011010543,0.0
11.0,2025-11-25,5.0,,250.11748733988026,302.0363893606618
11.0,2025-11-25,6.0,,1270.27601032572,1293.5544948420988
11.0,2025-11-25,7.0,,2401.5542063841904,2375.3868949764474
11.0,2025-11-25,8.0,,3149.186966639541,3072.8848955447256
11.0,2025-11-25,9.0,,2424.037127832901,2378.3107498461477
11.0,2025-11-25,10.0,,1878.5270445252056,1917.7372396297867
11.0,2025-11-25,11.0,,1822.1083293782892,1959.6479669313019
11.0,2025-11-25,12.0,,1856.7103393992188,1848.5518718742983
11.0,2025-11-25,13.0,,1986.6095283010238,2038.8882461753803
11.0,2025-11-25,14.0,,2010.3928401421565,2036.819877918463
11.0,2025-11-25,15.0,,2059.279617399947,2061.3735710922083
11.0,2025-11-25,16.0,,2275.089864950304,2254.1428674223603
11.0,2025-11-25,17.0,,2825.3769923003224,2767.0269482239582
11.0,2025-11-25,18.0,,3023.274171562374,3003.349454280408
11.0,2025-11-25,19.0,,2280.9250849037444,2285.782491870711
11.0,2025-11-25,20.0,,1449.8143160032917,1429.9490819806365
11.0,2025-11-25,21.0,,836.9142859567405,807.6795325499043
11.0,2025-11-25,22.0,,395.2324214511798,383.7340166317697
11.0,2025-11-25,23.0,,191.3353370491693,208.91105502835865
12.0,2025-11-25,0.0,,30.274436955201427,37.28582710722553
12.0,2025-11-25,1.0,,0.0,0.0
12.0,2025-11-25,2.0,,2.802479187359455e-34,0.0
12.0,2025-11-25,3.0,,2.802479187359455e-34,0.0
12.0,2025-11-25,4.0,,0.0,0.0
12.0,2025-11-25,5.0,,299.5689328257869,321.33753608464673
12.0,2025-11-25,6.0,,1365.326062907186,1364.404908468173
12.0,2025-11-25,7.0,,2715.3614894559364,2659.2220715946432
12.0,2025-11-25,8.0,,3488.6981133757467,3447.3421167931338
12.0,2025-11-25,9.0,,2502.8965082377827,2490.4764163435766
12.0,2025-11-25,10.0,,2096.3454497556377,2063.333168857025
12.0,2025-11-25,11.0,,2051.635673026414,2090.313750000263
12.0,2025-11-25,12.0,,2104.128259002218,2065.584131471167
12.0,2025-11-25,13.0,,2088.8601744168845,2118.0998387410086
12.0,2025-11-25,14.0,,2036.0138840008676,2075.7614737851245
12.0,2025-11-25,15.0,,2300.8317704039305,2289.8853594494713
12.0,2025-11-25,16.0,,2754.230762270419,2800.1893668378866
12.0,2025-11-25,17.0,,3086.7559200783726,3029.100543789824
12.0,2025-11-25,18.0,,3161.6526184447816,3110.9948526983494
12.0,2025-11-25,19.0,,2483.8361793588774,2456.154398698318
12.0,2025-11-25,20.0,,1553.769775010338,1516.3317375826773
12.0,2025-11-25,21.0,,917.5950726081076,923.1536345211833
12.0,2025-11-25,22.0,,459.53958192205783,467.07640916004374
12.0,2025-11-25,23.0,,226.93076729080093,230.59632037868823
17.0,2025-11-25,0.0,,97.63283122203269,107.21118863890806
17.0,2025-11-25,1.0,,0.0,0.0
17.0,2025-11-25,2.0,,2.802479187359455e-34,0.0
17.0,2025-11-25,3.0,,2.802479187359455e-34,0.0
17.0,2025-11-25,4.0,,16.29260524407558,8.506657392499575
17.0,2025-11-25,5.0,,296.9764565599805,301.2066648452532
17.0,2025-11-25,6.0,,1506.5743166616924,1527.5969120791742
17.0,2025-11-25,7.0,,3959.0325299191168,3904.8027066564246
17.0,2025-11-25,8.0,,5259.146025745502,5189.375930255242
17.0,2025-11-25,9.0,,3773.979182547082,3717.8371193445346
17.0,2025-11-25,10.0,,3014.653914827257,3027.2726803237665
17.0,2025-11-25,11.0,,2919.3592353006425,3037.022640566111
17.0,2025-11-25,12.0,,2969.2939994659464,2983.380244135139
17.0,2025-11-25,13.0,,3023.8872936361063,3036.4072852175273
17.0,2025-11-25,14.0,,3122.2198412107687,3109.222512898363
17.0,2025-11-25,15.0,,3252.771145193731,3267.5696044656147
17.0,2025-11-25,16.0,,3622.550086640802,3621.3169829742887
17.0,2025-11-25,17.0,,4442.997358732979,4410.5832808013065
17.0,2025-11-25,18.0,,4781.546834180803,4787.4555961149745
17.0,2025-11-25,19.0,,3406.5824585806613,3374.993637287073
17.0,2025-11-25,20.0,,2333.5688896199904,2340.589461802954
17.0,2025-11-25,21.0,,1441.417368291488,1437.4246400031268
17.0,2025-11-25,22.0,,741.2413693531621,749.0655018681698
17.0,2025-11-25,23.0,,326.8064829084109,351.5353913671477
25.0,2025-11-25,0.0,,0.0,0.0
25.0,2025-11-25,1.0,,2.802479187359455e-34,0.0
25.0,2025-11-25,2.0,,2.802479187359455e-34,0.0
25.0,2025-11-25,3.0,,2.802479187359455e-34,0.0
25.0,2025-11-25,4.0,,2.802479187359455e-34,0.0
25.0,2025-11-25,5.0,,2.8748738044130886,0.0
25.0,2025-11-25,6.0,,173.47125671214036,143.0763784461313
25.0,2025-11-25,7.0,,512.875017853644,505.18891019692416
25.0,2025-11-25,8.0,,871.6804755214469,830.2468360047162
25.0,2025-11-25,9.0,,456.4651200977814,415.0161169237027
25.0,2025-11-25,10.0,,360.21583634874924,345.13975940891874
25.0,2025-11-25,11.0,,397.22144856722764,387.36747900599613
25.0,2025-11-25,12.0,,394.7349207514919,383.2294335984319
25.0,2025-11-25,13.0,,465.2002265545607,475.3984084320713
25.0,2025-11-25,14.0,,404.0432150736648,397.3730348219772
25.0,2025-11-25,15.0,,510.9829585769239,528.7180365518045
25.0,2025-11-25,16.0,,627.7959384727035,653.0260933190075
25.0,2025-11-25,17.0,,690.9734679134879,691.4334999769368
25.0,2025-11-25,18.0,,739.0188221877729,702.9633038143188
25.0,2025-11-25,19.0,,484.2268614199504,457.09093012740834
25.0,2025-11-25,20.0,,315.16386081323554,288.75118980976447
25.0,2025-11-25,21.0,,181.18016840873574,160.9315532237541
25.0,2025-11-25,22.0,,79.55341434330388,95.00060204176886
25.0,2025-11-25,23.0,,0.0,0.0
26.0,2025-11-25,0.0,,17.70887016430312,20.780119657971664
26.0,2025-11-25,1.0,,2.1391214494713546,0.0
26.0,2025-11-25,2.0,,2.802479187359455e-34,0.0
26.0,2025-11-25,3.0,,2.802479187359455e-34,0.0
26.0,2025-11-25,4.0,,0.7327257972752736,0.0
26.0,2025-11-25,5.0,,68.428331584525,63.45566167086239
26.0,2025-11-25,6.0,,504.8636465829275,480.4764142260656
26.0,2025-11-25,7.0,,1054.8147934332053,1063.9464322598324
26.0,2025-11-25,8.0,,2146.0480588682876,2215.84153068873
26.0,2025-11-25,9.0,,1459.001196443248,1440.3912009864957
26.0,2025-11-25,10.0,,1223.4708206288515,1271.101705913232
26.0,2025-11-25,11.0,,1130.3978303394922,1223.3793073559734
26.0,2025-11-25,12.0,,1169.5232197999217,1155.123487830807
26.0,2025-11-25,13.0,,1201.155060464361,1202.6715685324104
26.0,2025-11-25,14.0,,1244.4790859405152,1242.3954413084632
26.0,2025-11-25,15.0,,1361.3333943914527,1382.7345774017408
26.0,2025-11-25,16.0,,1526.5797130962362,1562.7296041072004
26.0,2025-11-25,17.0,,1707.8346950449913,1696.7615665969065
26.0,2025-11-25,18.0,,1829.088418075416,1843.6464832702143
26.0,2025-11-25,19.0,,1243.4617446810291,1224.9491370194241
26.0,2025-11-25,20.0,,764.3684996150923,755.8062921888311
26.0,2025-11-25,21.0,,467.25885214235655,464.58211869906035
26.0,2025-11-25,22.0,,192.30620927594106,195.7876082439558
26.0,2025-11-25,23.0,,114.26958604001406,110.61188726408022
28.0,2025-11-25,0.0,,1.1027439654455586,0.0
28.0,2025-11-25,1.0,,2.802479187359455e-34,0.0
28.0,2025-11-25,2.0,,2.802479187359455e-34,0.0
28.0,2025-11-25,3.0,,2.802479187359455e-34,0.0
28.0,2025-11-25,4.0,,0.0,0.0
28.0,2025-11-25,5.0,,64.3493557877976,55.68357461002359
28.0,2025-11-25,6.0,,269.41230125462175,251.15386804615378
28.0,2025-11-25,7.0,,741.3764075801798,776.73717633241
28.0,2025-11-25,8.0,,1203.2990951891452,1220.578257343199
28.0,2025-11-25,9.0,,837.1616446634962,827.7740626822892
28.0,2025-11-25,10.0,,635.2668583662719,635.7191078725382
28.0,2025-11-25,11.0,,568.1312032489169,569.7175305868172
28.0,2025-11-25,12.0,,694.6263199837474,693.4762726797372
28.0,2025-11-25,13.0,,723.2939079646542,719.6408302559206
28.0,2025-11-25,14.0,,658.1272239387688,657.7331726738701
28.0,2025-11-25,15.0,,698.4689489467487,707.3246641711855
28.0,2025-11-25,16.0,,848.5345556709692,861.8498727729398
28.0,2025-11-25,17.0,,989.6282511912856,997.935818440469
28.0,2025-11-25,18.0,,931.2856384703542,905.4404321107623
28.0,2025-11-25,19.0,,697.5156189117928,677.2800198534406
28.0,2025-11-25,20.0,,500.67173022962595,481.3815341691782
28.0,2025-11-25,21.0,,311.54960576928846,293.11955152796514
28.0,2025-11-25,22.0,,126.97023679016064,135.8667216303223
28.0,2025-11-25,23.0,,2.2642807039022315,0.0
50.0,2025-11-25,0.0,,0.0,12.240872120964003
50.0,2025-11-25,1.0,,7.48635018571146,0.0
50.0,2025-11-25,2.0,,0.0,2.598117033032248e-10
50.0,2025-11-25,3.0,,2.802479187359455e-34,0.0
50.0,2025-11-25,4.0,,0.0,0.0
50.0,2025-11-25,5.0,,60.14554989079914,46.97336111141104
50.0,2025-11-25,6.0,,561.1401769883678,515.7506988323886
50.0,2025-11-25,7.0,,1752.3760257499905,1751.2755366944748
50.0,2025-11-25,8.0,,2719.8631549806105,2715.8780896949593
50.0,2025-11-25,9.0,,2152.4635269038627,2147.6118752365915
50.0,2025-11-25,10.0,,1663.101704901898,1650.2428279358369
50.0,2025-11-25,11.0,,1560.6034223778308,1522.6193286357732
50.0,2025-11-25,12.0,,1492.7336711501966,1424.985881701803
50.0,2025-11-25,13.0,,1465.9697228096231,1454.8421269349967
50.0,2025-11-25,14.0,,1422.1614926418024,1428.35097290526
50.0,2025-11-25,15.0,,1712.3051481735224,1645.8645956974115
50.0,2025-11-25,16.0,,1755.6844949625572,1729.6808520787106
50.0,2025-11-25,17.0,,2338.211325119359,2339.2537459134846
50.0,2025-11-25,18.0,,2435.2479404945,2388.5566602943777
50.0,2025-11-25,19.0,,1484.5594457334532,1403.1550734562918
50.0,2025-11-25,20.0,,903.7821992839177,889.9052997651922
50.0,2025-11-25,21.0,,596.4805676181581,584.812359588101
50.0,2025-11-25,22.0,,245.54015804992054,226.01070582558563
50.0,2025-11-25,23.0,,120.30989911524799,108.86279467900323
1.0,2025-11-26,0.0,,0.0,0.0
1.0,2025-11-26,1.0,,2.802479187359455e-34,0.0
1.0,2025-11-26,2.0,,2.802479187359455e-34,0.0
1.0,2025-11-26,3.0,,2.802479187359455e-34,0.0
1.0,2025-11-26,4.0,,0.0,0.0
1.0,2025-11-26,5.0,,113.60489549347332,112.04282678665966
1.0,2025-11-26,6.0,,537.6370829320126,500.626378401256
1.0,2025-11-26,7.0,,1470.6053107498683,1497.798677571593
1.0,2025-11-26,8.0,,1883.2555229754726,1894.591098210592
1.0,2025-11-26,9.0,,1445.870392899031,1459.814335807118
1.0,2025-11-26,10.0,,1332.1236293242355,1320.152729054971
1.0,2025-11-26,11.0,,1314.0463843868622,1347.5014277499452
1.0,2025-11-26,12.0,,1382.773075667991,1307.3957484654895
1.0,2025-11-26,13.0,,1400.699937924193,1476.461422285582
1.0,2025-11-26,14.0,,1351.8521073929428,1339.66430609722
1.0,2025-11-26,15.0,,1490.9995544538428,1497.8689459490763
1.0,2025-11-26,16.0,,1462.4842187966171,1500.1529197139066
1.0,2025-11-26,17.0,,1766.9783930579229,1760.537938897586
1.0,2025-11-26,18.0,,1766.7617753069032,1748.9528432630002
1.0,2025-11-26,19.0,,1365.8817918408881,1337.5927548213144
1.0,2025-11-26,20.0,,862.6979324096819,866.2082337492893
1.0,2025-11-26,21.0,,462.77990595115176,475.3470398553295
1.0,2025-11-26,22.0,,225.62801405942972,217.10868030930425
1.0,2025-11-26,23.0,,37.50031482508664,23.62692206271489
5.0,2025-11-26,0.0,,0.0,0.0
5.0,2025-11-26,1.0,,0.0,0.0
5.0,2025-11-26,2.0,,0.0,0.0
5.0,2025-11-26,3.0,,0.0,0.0
5.0,2025-11-26,4.0,,0.0,0.0
5.0,2025-11-26,5.0,,0.0,0.0
5.0,2025-11-26,6.0,,0.0,0.0
5.0,2025-11-26,7.0,,0.0,0.0
5.0,2025-11-26,8.0,,0.0,0.0
5.0,2025-11-26,9.0,,0.0,0.0
5.0,2025-11-26,10.0,,0.0,0.0
5.0,2025-11-26,11.0,,0.0,0.0
5.0,2025-11-26,12.0,,0.0,0.0
5.0,2025-11-26,13.0,,0.0,0.0
5.0,2025-11-26,14.0,,0.0,0.0
5.0,2025-11-26,15.0,,0.0,0.0
5.0,2025-11-26,16.0,,0.0,0.0
5.0,2025-11-26,17.0,,0.0,0.0
5.0,2025-11-26,18.0,,0.0,0.0
5.0,2025-11-26,19.0,,0.0,0.0
5.0,2025-11-26,20.0,,0.0,0.0
5.0,2025-11-26,21.0,,0.0,0.0
5.0,2025-11-26,22.0,,0.0,0.0
5.0,2025-11-26,23.0,,0.0,0.0
7.0,2025-11-26,0.0,,34.14997967106728,25.374518183314237
7.0,2025-11-26,1.0,,0.0,0.0
7.0,2025-11-26,2.0,,2.802479187359455e-34,0.0
7.0,2025-11-26,3.0,,2.802479187359455e-34,0.0
7.0,2025-11-26,4.0,,0.0,0.0
7.0,2025-11-26,5.0,,176.96008623825483,180.7669768485114
7.0,2025-11-26,6.0,,670.0480459912786,720.1494745599588
7.0,2025-11-26,7.0,,1627.8495558102816,1676.5579781397169
7.0,2025-11-26,8.0,,2515.868807009663,2581.9357302005074
7.0,2025-11-26,9.0,,1896.1225735647106,1938.8990584608348
7.0,2025-11-26,10.0,,1696.5814965240468,1637.1791271084162
7.0,2025-11-26,11.0,,1512.8935344902334,1520.0578562508463
7.0,2025-11-26,12.0,,1636.8616609586516,1739.460911922881
7.0,2025-11-26,13.0,,1578.9005928858894,1677.3068558583825
7.0,2025-11-26,14.0,,1665.739396353283,1727.8630976870877
7.0,2025-11-26,15.0,,1798.3021583733305,1837.5141301928695
7.0,2025-11-26,16.0,,1867.2383605027385,1934.3142447420928
7.0,2025-11-26,17.0,,2353.0054199853703,2374.437493358769
7.0,2025-11-26,18.0,,2562.993416181798,2612.8279510538887
7.0,2025-11-26,19.0,,1766.7944818834483,1786.6694916521321
7.0,2025-11-26,20.0,,1094.6236410236213,1077.1390319378397
7.0,2025-11-26,21.0,,629.0738496202432,609.4417287326035
7.0,2025-11-26,22.0,,297.50962288960653,294.5114889976155
7.0,2025-11-26,23.0,,149.16825478629488,147.73646181403117
11.0,2025-11-26,0.0,,27.54140414306101,50.92436350531046
11.0,2025-11-26,1.0,,0.0,0.0
11.0,2025-11-26,2.0,,2.802479187359455e-34,0.0
11.0,2025-11-26,3.0,,2.802479187359455e-34,0.0
11.0,2025-11-26,4.0,,0.0,0.0
11.0,2025-11-26,5.0,,230.0762895440829,292.36324145141623
11.0,2025-11-26,6.0,,1249.9598373749773,1303.0279554625529
11.0,2025-11-26,7.0,,2375.9045154599244,2368.9462890550544
11.0,2025-11-26,8.0,,3112.9557076915776,3062.6209105047974
11.0,2025-11-26,9.0,,2419.186061469443,2392.2499997658033
11.0,2025-11-26,10.0,,1903.4160248208484,1928.1719676268854
11.0,2025-11-26,11.0,,1838.352461891043,1941.559235169947
11.0,2025-11-26,12.0,,1860.4772292666487,1839.6201875353397
11.0,2025-11-26,13.0,,1984.337602801981,1945.2972673132758
11.0,2025-11-26,14.0,,1982.8051347846215,1947.3862252292881
11.0,2025-11-26,15.0,,2020.9821726510652,2055.0972860284246
11.0,2025-11-26,16.0,,2246.173709530073,2254.1818201560354
11.0,2025-11-26,17.0,,2816.7652707743164,2757.4293601539216
11.0,2025-11-26,18.0,,3013.9154330142155,3018.8317465893338
11.0,2025-11-26,19.0,,2305.2031925764313,2306.464628644809
11.0,2025-11-26,20.0,,1464.7979169748376,1443.4766057192587
11.0,2025-11-26,21.0,,834.2458381813684,804.6398718389624
11.0,2025-11-26,22.0,,393.7493849646,387.928829173173
11.0,2025-11-26,23.0,,202.9551773033725,209.67201176588532
12.0,2025-11-26,0.0,,28.552720355148928,30.65615676081627
12.0,2025-11-26,1.0,,0.0,0.0
12.0,2025-11-26,2.0,,2.802479187359455e-34,0.0
12.0,2025-11-26,3.0,,2.802479187359455e-34,0.0
12.0,2025-11-26,4.0,,0.0,0.0
12.0,2025-11-26,5.0,,311.94238097881254,326.5086497443442
12.0,2025-11-26,6.0,,1402.6621360252907,1377.4574651679852
12.0,2025-11-26,7.0,,2703.1842786691477,2643.9234474028412
12.0,2025-11-26,8.0,,3461.1770156232833,3459.061451690266
12.0,2025-11-26,9.0,,2500.216899676401,2511.985097616374
12.0,2025-11-26,10.0,,2099.8799449914995,2082.1995090730593
12.0,2025-11-26,11.0,,2061.4701165466354,2105.929328407465
12.0,2025-11-26,12.0,,2072.782554938978,2040.1977554514845
12.0,2025-11-26,13.0,,2045.7593661004971,2082.774130682755
12.0,2025-11-26,14.0,,2035.335574039218,2048.370243439529
12.0,2025-11-26,15.0,,2270.2622756093997,2274.8627905784015
12.0,2025-11-26,16.0,,2738.9556293620717,2775.395559777226
12.0,2025-11-26,17.0,,3054.5468114870628,2992.3069588929297
12.0,2025-11-26,18.0,,3135.968512271351,3090.7006445880693
12.0,2025-11-26,19.0,,2467.1186097393525,2444.5146500142687
12.0,2025-11-26,20.0,,1534.0775418169367,1499.7658035257214
12.0,2025-11-26,21.0,,889.2954226428435,913.6363174030888
12.0,2025-11-26,22.0,,442.2466611107898,461.9909855514436
12.0,2025-11-26,23.0,,224.34658605003185,228.34081557423417
17.0,2025-11-26,0.0,,77.5178197091845,83.6127006996024
17.0,2025-11-26,1.0,,0.0,0.0
17.0,2025-11-26,2.0,,2.802479187359455e-34,0.0
17.0,2025-11-26,3.0,,2.802479187359455e-34,0.0
17.0,2025-11-26,4.0,,14.308244700812885,16.727020389144833
17.0,2025-11-26,5.0,,289.4353553127038,312.65246800335854
17.0,2025-11-26,6.0,,1495.7338349646504,1485.0404695916677
17.0,2025-11-26,7.0,,3891.0060964196755,3876.5781059751494
17.0,2025-11-26,8.0,,5172.670859076879,5165.793155607676
17.0,2025-11-26,9.0,,3725.922244952206,3708.3775285596516
17.0,2025-11-26,10.0,,2985.2325716559694,2990.938255891183
17.0,2025-11-26,11.0,,2901.4611996338017,2927.148506930781
17.0,2025-11-26,12.0,,2975.607106035836,2984.396516327277
17.0,2025-11-26,13.0,,3018.6171366605554,3037.4272872636334
17.0,2025-11-26,14.0,,3088.3421784976454,3093.4403464449515
17.0,2025-11-26,15.0,,3205.88023352631,3261.2240932484756
17.0,2025-11-26,16.0,,3546.5454084635617,3584.8369639571097
17.0,2025-11-26,17.0,,4349.371770035389,4382.756975328182
17.0,2025-11-26,18.0,,4715.735169636089,4763.455042636024
17.0,2025-11-26,19.0,,3344.20547152463,3342.9942647620323
17.0,2025-11-26,20.0,,2310.0024465926713,2304.1498749390216
17.0,2025-11-26,21.0,,1397.0931451743172,1407.131520063782
17.0,2025-11-26,22.0,,701.208369348218,736.5326379046168
17.0,2025-11-26,23.0,,324.24119252921463,338.81361510857266
25.0,2025-11-26,0.0,,0.0,0.0
25.0,2025-11-26,1.0,,2.802479187359455e-34,0.0
25.0,2025-11-26,2.0,,2.802479187359455e-34,0.0
25.0,2025-11-26,3.0,,2.802479187359455e-34,0.0
25.0,2025-11-26,4.0,,2.802479187359455e-34,0.0
25.0,2025-11-26,5.0,,5.512568137846446,0.0
25.0,2025-11-26,6.0,,172.2169821248473,164.78086014973061
25.0,2025-11-26,7.0,,509.123393292117,497.72741706750304
25.0,2025-11-26,8.0,,853.0295245660296,830.8945774612588
25.0,2025-11-26,9.0,,457.7423211908918,436.8235977349184
25.0,2025-11-26,10.0,,368.8476365886601,353.9388787237081
25.0,2025-11-26,11.0,,386.93368557448343,403.041377560799
25.0,2025-11-26,12.0,,391.5477337440808,379.648870060711
25.0,2025-11-26,13.0,,455.7727303481392,448.5302341602549
25.0,2025-11-26,14.0,,398.4812071437536,391.0052172010339
25.0,2025-11-26,15.0,,491.5191574192063,519.0437773083496
25.0,2025-11-26,16.0,,615.7227121188754,631.4663550410221
25.0,2025-11-26,17.0,,659.6818313996221,677.5429114099007
25.0,2025-11-26,18.0,,738.0392140855696,710.5867150794033
25.0,2025-11-26,19.0,,478.11789365580466,465.6904890267201
25.0,2025-11-26,20.0,,300.56469232333467,287.10679598004435
25.0,2025-11-26,21.0,,181.58533976670327,177.54613190725752
25.0,2025-11-26,22.0,,78.65618111842709,89.5747946379334
25.0,2025-11-26,23.0,,0.0,0.0
26.0,2025-11-26,0.0,,11.405153617697229,13.500693614946298
26.0,2025-11-26,1.0,,0.0,0.0
26.0,2025-11-26,2.0,,2.802479187359455e-34,0.0
26.0,2025-11-26,3.0,,2.802479187359455e-34,0.0
26.0,2025-11-26,4.0,,0.0,0.0
26.0,2025-11-26,5.0,,64.06013081272937,64.91971117139207
26.0,2025-11-26,6.0,,478.3371181918607,482.699395515754
26.0,2025-11-26,7.0,,1048.9460353320583,1078.7123943318654
26.0,2025-11-26,8.0,,2122.0269167138076,2212.5044837216396
26.0,2025-11-26,9.0,,1479.5402692139455,1465.2186514242455
26.0,2025-11-26,10.0,,1220.8896514082899,1251.6063929234099
26.0,2025-11-26,11.0,,1123.3784968857663,1206.0785409903492
26.0,2025-11-26,12.0,,1156.0834658112874,1140.6364764972864
26.0,2025-11-26,13.0,,1174.8623226848918,1184.663035765197
26.0,2025-11-26,14.0,,1261.9999340732663,1260.3129627551355
26.0,2025-11-26,15.0,,1337.791766135714,1268.4585239043317
26.0,2025-11-26,16.0,,1531.2317938222907,1566.258482574696
26.0,2025-11-26,17.0,,1675.8144502840983,1723.7523582283764
26.0,2025-11-26,18.0,,1819.3978576040583,1842.2006378834153
26.0,2025-11-26,19.0,,1264.9977896469375,1246.9977338033166
26.0,2025-11-26,20.0,,767.2074923838268,749.3880503283387
26.0,2025-11-26,21.0,,472.98306582051583,469.1490767561956
26.0,2025-11-26,22.0,,183.83614764477232,182.32244509059163
26.0,2025-11-26,23.0,,111.78024797225592,100.45265172716253
28.0,2025-11-26,0.0,,1.1027439654455586,0.0
28.0,2025-11-26,1.0,,2.802479187359455e-34,0.0
28.0,2025-11-26,2.0,,2.802479187359455e-34,0.0
28.0,2025-11-26,3.0,,2.802479187359455e-34,0.0
28.0,2025-11-26,4.0,,0.0,0.0
28.0,2025-11-26,5.0,,73.3244836488522,64.39684483322725
28.0,2025-11-26,6.0,,274.032380058324,262.29049843338146
28.0,2025-11-26,7.0,,714.4977985867647,769.9046230532048
28.0,2025-11-26,8.0,,1195.193547696179,1227.3929210785998
28.0,2025-11-26,9.0,,836.6810545996083,843.1357012678943
28.0,2025-11-26,10.0,,633.1217239239229,635.3873224286788
28.0,2025-11-26,11.0,,573.9940432432995,565.175835123224
28.0,2025-11-26,12.0,,715.2130774650435,707.9648881729854
28.0,2025-11-26,13.0,,759.2263315125132,740.9487948964464
28.0,2025-11-26,14.0,,672.256789250494,675.3902116249674
28.0,2025-11-26,15.0,,691.9143252097299,690.8543390719447
28.0,2025-11-26,16.0,,844.2461282768019,851.5875780045803
28.0,2025-11-26,17.0,,960.3645829037106,968.9692667905598
28.0,2025-11-26,18.0,,893.723636610233,899.1590054229989
28.0,2025-11-26,19.0,,703.6396033270969,692.4586776523225
28.0,2025-11-26,20.0,,491.28337415464586,473.27056524984926
28.0,2025-11-26,21.0,,303.84524728099257,299.09952733815277
28.0,2025-11-26,22.0,,115.75198088970362,119.1722184649826
28.0,2025-11-26,23.0,,0.0,0.0
50.0,2025-11-26,0.0,,7.391809708328624,15.843595217865378
50.0,2025-11-26,1.0,,3.0053914698339166,0.0
50.0,2025-11-26,2.0,,0.0,2.598117033032248e-10
50.0,2025-11-26,3.0,,2.802479187359455e-34,0.0
50.0,2025-11-26,4.0,,0.0,0.0
50.0,2025-11-26,5.0,,62.51265981062016,53.85093467314871
50.0,2025-11-26,6.0,,508.3297737044857,493.55481686778955
50.0,2025-11-26,7.0,,1725.7609826295345,1733.618327217219
50.0,2025-11-26,8.0,,2732.353086274851,2722.6891921770484
50.0,2025-11-26,9.0,,2128.228388471651,2161.074668713008
50.0,2025-11-26,10.0,,1652.1800100924936,1652.1806794600134
50.0,2025-11-26,11.0,,1528.6158507410769,1523.8566918935403
50.0,2025-11-26,12.0,,1466.6363101066663,1429.0341283609798
50.0,2025-11-26,13.0,,1461.3675237414168,1472.2568625128165
50.0,2025-11-26,14.0,,1405.2520508640753,1437.232623406035
50.0,2025-11-26,15.0,,1697.5765316822483,1646.1712620051653
50.0,2025-11-26,16.0,,1764.0731117041475,1725.9723411903208
50.0,2025-11-26,17.0,,2337.75145167419,2315.4293582894143
50.0,2025-11-26,18.0,,2406.9843342924364,2405.6525035686095
50.0,2025-11-26,19.0,,1464.4410107898607,1412.7546220014683
50.0,2025-11-26,20.0,,903.9246768560581,894.9705329829333
50.0,2025-11-26,21.0,,605.9853880762255,591.0716999736113
50.0,2025-11-26,22.0,,232.02701888651885,217.73248240837682
50.0,2025-11-26,23.0,,111.13581191227232,100.4227055431858
1.0,2025-11-27,0.0,,0.0,1.5793834277074013
1.0,2025-11-27,1.0,,2.802479187359455e-34,0.7107978900942269
1.0,2025-11-27,2.0,,2.802479187359455e-34,0.0
1.0,2025-11-27,3.0,,2.802479187359455e-34,0.0
1.0,2025-11-27,4.0,,0.0,0.0
1.0,2025-11-27,5.0,,115.81780543137653,112.32639679073128
1.0,2025-11-27,6.0,,525.8165739864276,505.9676454702005
1.0,2025-11-27,7.0,,1458.75739622005,1425.8359364417313
1.0,2025-11-27,8.0,,1848.6441368139153,1882.245454946322
1.0,2025-11-27,9.0,,1405.3833356884638,1442.1409466415396
1.0,2025-11-27,10.0,,1296.0553412109386,1283.037156750312
1.0,2025-11-27,11.0,,1304.1324844135888,1327.532284566912
1.0,2025-11-27,12.0,,1352.290448467049,1283.0056062355475
1.0,2025-11-27,13.0,,1363.854501018918,1448.0193472844178
1.0,2025-11-27,14.0,,1347.8095615145032,1315.2484032107977
1.0,2025-11-27,15.0,,1494.2028205182341,1496.7116912661718
1.0,2025-11-27,16.0,,1477.7503896282547,1484.470035297578
1.0,2025-11-27,17.0,,1725.60889424646,1755.2642316803776
1.0,2025-11-27,18.0,,1725.6602946116695,1737.7990843990422
1.0,2025-11-27,19.0,,1286.019837691738,1314.5508004769547
1.0,2025-11-27,20.0,,866.6343060888041,855.5332514771935
1.0,2025-11-27,21.0,,471.30113990891607,476.8535877907508
1.0,2025-11-27,22.0,,232.40509833375336,227.47563975966054
1.0,2025-11-27,23.0,,47.98421298191313,29.99193965719422
5.0,2025-11-27,0.0,,0.0,0.0
5.0,2025-11-27,1.0,,0.0,0.0
5.0,2025-11-27,2.0,,0.0,0.0
5.0,2025-11-27,3.0,,0.0,0.0
5.0,2025-11-27,4.0,,0.0,0.0
5.0,2025-11-27,5.0,,0.0,0.0
5.0,2025-11-27,6.0,,0.0,0.0
5.0,2025-11-27,7.0,,0.0,0.0
5.0,2025-11-27,8.0,,0.0,0.0
5.0,2025-11-27,9.0,,0.0,0.0
5.0,2025-11-27,10.0,,0.0,0.0
5.0,2025-11-27,11.0,,0.0,0.0
5.0,2025-11-27,12.0,,0.0,0.0
5.0,2025-11-27,13.0,,0.0,0.0
5.0,2025-11-27,14.0,,0.0,0.0
5.0,2025-11-27,15.0,,0.0,0.0
5.0,2025-11-27,16.0,,0.0,0.0
5.0,2025-11-27,17.0,,0.0,0.0
5.0,2025-11-27,18.0,,0.0,0.0
5.0,2025-11-27,19.0,,0.0,0.0
5.0,2025-11-27,20.0,,0.0,0.0
5.0,2025-11-27,21.0,,0.0,0.0
5.0,2025-11-27,22.0,,0.0,0.0
5.0,2025-11-27,23.0,,0.0,0.0
7.0,2025-11-27,0.0,,51.34133543343115,40.50629732172611
7.0,2025-11-27,1.0,,22.939126788535017,8.786101977438403
7.0,2025-11-27,2.0,,2.802479187359455e-34,0.0
7.0,2025-11-27,3.0,,2.802479187359455e-34,0.0
7.0,2025-11-27,4.0,,0.0,0.0
7.0,2025-11-27,5.0,,176.87616293656828,183.0350365508214
7.0,2025-11-27,6.0,,706.1206393474538,706.7651176418985
7.0,2025-11-27,7.0,,1649.3796105712754,1669.3283409984476
7.0,2025-11-27,8.0,,2474.619845140737,2549.0295456246313
7.0,2025-11-27,9.0,,1874.0855336778557,1904.497719053069
7.0,2025-11-27,10.0,,1662.8091529538494,1678.8589028952852
7.0,2025-11-27,11.0,,1500.6301322437055,1512.1351460154344
7.0,2025-11-27,12.0,,1609.089384284449,1717.8279531903802
7.0,2025-11-27,13.0,,1588.493536698836,1670.4738136176013
7.0,2025-11-27,14.0,,1667.5909950904881,1718.9665037795728
7.0,2025-11-27,15.0,,1789.022886431069,1849.4173207219756
7.0,2025-11-27,16.0,,1893.7203268503781,1930.2481200300333
7.0,2025-11-27,17.0,,2345.253631405903,2351.022721526045
7.0,2025-11-27,18.0,,2574.286575905971,2581.363990860099
7.0,2025-11-27,19.0,,1796.7256581855283,1761.773862801191
7.0,2025-11-27,20.0,,1101.7431448170694,1069.0130171133997
7.0,2025-11-27,21.0,,621.5798334197581,610.1775564373761
7.0,2025-11-27,22.0,,299.5317692387502,292.60601542662016
7.0,2025-11-27,23.0,,136.3377403667959,148.11169375270944
11.0,2025-11-27,0.0,,59.079703547285675,68.33137992079209
11.0,2025-11-27,1.0,,0.0,0.0
11.0,2025-11-27,2.0,,2.802479187359455e-34,0.0
11.0,2025-11-27,3.0,,2.802479187359455e-34,0.0
11.0,2025-11-27,4.0,,0.0,0.0
11.0,2025-11-27,5.0,,282.809889860463,294.3529190174035
11.0,2025-11-27,6.0,,1265.0401868045062,1289.5523593853995
11.0,2025-11-27,7.0,,2348.767520373971,2317.957620742395
11.0,2025-11-27,8.0,,3113.0868056157233,3050.7780763752285
11.0,2025-11-27,9.0,,2410.6319941979827,2368.3167289479657
11.0,2025-11-27,10.0,,1866.6918681167158,1888.9315534916548
11.0,2025-11-27,11.0,,1808.4666936344593,1807.543427549381
11.0,2025-11-27,12.0,,1815.3837712645295,1835.3251641047843
11.0,2025-11-27,13.0,,1963.622762133989,1932.1369567270822
11.0,2025-11-27,14.0,,2026.0790158546445,1933.9823030288608
11.0,2025-11-27,15.0,,2052.3576876529905,1978.369245241929
11.0,2025-11-27,16.0,,2258.440543869605,2201.298000890193
11.0,2025-11-27,17.0,,2828.6626188718747,2759.0865739707033
11.0,2025-11-27,18.0,,2913.9485724950355,2968.739698824533
11.0,2025-11-27,19.0,,2185.657312033363,2284.268520030216
11.0,2025-11-27,20.0,,1381.025664219515,1426.0982466838261
11.0,2025-11-27,21.0,,828.3720578771042,778.5962749430482
11.0,2025-11-27,22.0,,392.3988681972197,385.9757640600413
11.0,2025-11-27,23.0,,194.60304928901672,211.32614952226737
12.0,2025-11-27,0.0,,42.87192073785152,48.89900930467189
12.0,2025-11-27,1.0,,0.0,2.7394015184756166
12.0,2025-11-27,2.0,,2.802479187359455e-34,0.0
12.0,2025-11-27,3.0,,2.802479187359455e-34,0.0
12.0,2025-11-27,4.0,,0.0,0.0
12.0,2025-11-27,5.0,,324.967645605912,330.42140818607726
12.0,2025-11-27,6.0,,1369.776022545096,1362.0170534374138
12.0,2025-11-27,7.0,,2742.177872814048,2650.1216623263217
12.0,2025-11-27,8.0,,3456.6225619519987,3360.7121269531785
12.0,2025-11-27,9.0,,2493.8285476288393,2421.905900739375
12.0,2025-11-27,10.0,,2010.2425377586676,2071.856898901723
12.0,2025-11-27,11.0,,2016.891728283822,2003.8113321773315
12.0,2025-11-27,12.0,,1978.7957397386908,2013.1443649848122
12.0,2025-11-27,13.0,,2004.42136106273,2079.5938497537386
12.0,2025-11-27,14.0,,1998.0944091846302,2037.637933373093
12.0,2025-11-27,15.0,,2217.5673353478337,2239.3421608341464
12.0,2025-11-27,16.0,,2735.8578657256635,2705.115210390848
12.0,2025-11-27,17.0,,3009.1056484419037,2908.9127985012237
12.0,2025-11-27,18.0,,3025.86032157914,3062.989233333283
12.0,2025-11-27,19.0,,2348.082650612124,2437.6554782918356
12.0,2025-11-27,20.0,,1445.4023707056117,1511.386141929647
12.0,2025-11-27,21.0,,826.7597422406992,918.293071751179
12.0,2025-11-27,22.0,,420.00662112881855,447.2107821905463
12.0,2025-11-27,23.0,,231.39946225922426,226.3806538624305
17.0,2025-11-27,0.0,,114.75289135634695,115.91580572372322
17.0,2025-11-27,1.0,,6.586899815035218,13.686849839028339
17.0,2025-11-27,2.0,,2.802479187359455e-34,0.0
17.0,2025-11-27,3.0,,2.802479187359455e-34,0.0
17.0,2025-11-27,4.0,,13.89693851798627,16.946023970435444
17.0,2025-11-27,5.0,,313.91789532278517,310.8212508041527
17.0,2025-11-27,6.0,,1476.5080523290017,1493.781038652716
17.0,2025-11-27,7.0,,3890.81819492885,3895.00220919392
17.0,2025-11-27,8.0,,5199.692115134036,5177.572686134853
17.0,2025-11-27,9.0,,3736.5980252937334,3709.903289793304
17.0,2025-11-27,10.0,,2938.877065631834,3024.5829732536176
17.0,2025-11-27,11.0,,2866.763935320516,2931.3739217866255
17.0,2025-11-27,12.0,,2849.041020808219,2966.573398166752
17.0,2025-11-27,13.0,,3027.965683985751,3030.3735577481593
17.0,2025-11-27,14.0,,3095.846870142263,3078.154447761696
17.0,2025-11-27,15.0,,3234.352695963317,3206.278074860146
17.0,2025-11-27,16.0,,3575.101195953775,3653.3529425612546
17.0,2025-11-27,17.0,,4312.037235339999,4414.247559516387
17.0,2025-11-27,18.0,,4646.676987609323,4765.530910227646
17.0,2025-11-27,19.0,,3230.8363659091237,3352.33957511066
17.0,2025-11-27,20.0,,2275.9729883785894,2348.3815216718026
17.0,2025-11-27,21.0,,1320.3943970044213,1441.7109094708846
17.0,2025-11-27,22.0,,637.4261055495386,744.3454675275638
17.0,2025-11-27,23.0,,321.9036609767845,352.86573566534923
25.0,2025-11-27,0.0,,0.0,2.4598896029043056
25.0,2025-11-27,1.0,,2.802479187359455e-34,2.8711545910678598
25.0,2025-11-27,2.0,,2.802479187359455e-34,0.0
25.0,2025-11-27,3.0,,2.802479187359455e-34,0.0
25.0,2025-11-27,4.0,,2.802479187359455e-34,0.0
25.0,2025-11-27,5.0,,5.677305202440244,0.0
25.0,2025-11-27,6.0,,155.91475511677032,136.59880631700295
25.0,2025-11-27,7.0,,506.6239034322394,485.2749129909572
25.0,2025-11-27,8.0,,835.531226531988,823.4225260929613
25.0,2025-11-27,9.0,,422.4204574302934,403.5905629974094
25.0,2025-11-27,10.0,,356.769170856466,345.3304561133309
25.0,2025-11-27,11.0,,375.0563734498672,374.23025078354993
25.0,2025-11-27,12.0,,380.5697684408864,360.9225676044733
25.0,2025-11-27,13.0,,455.6115755520614,436.23181129097287
25.0,2025-11-27,14.0,,400.5396214358214,410.47088988258713
25.0,2025-11-27,15.0,,507.5797394490938,517.9016581047091
25.0,2025-11-27,16.0,,623.2054543355284,638.4209748896067
25.0,2025-11-27,17.0,,673.5688972586794,668.8795370896938
25.0,2025-11-27,18.0,,724.5851391202865,697.6649147823199
25.0,2025-11-27,19.0,,463.94012617150787,456.64839324717997
25.0,2025-11-27,20.0,,290.560668454005,282.9236734008831
25.0,2025-11-27,21.0,,188.95868125022028,171.0629841372734
25.0,2025-11-27,22.0,,98.21570073622728,87.10865332678318
25.0,2025-11-27,23.0,,0.0,0.0
26.0,2025-11-27,0.0,,17.86825986524835,19.860195127746408
26.0,2025-11-27,1.0,,0.45430251189051735,0.0
26.0,2025-11-27,2.0,,2.802479187359455e-34,0.5669900873735677
26.0,2025-11-27,3.0,,2.802479187359455e-34,0.0
26.0,2025-11-27,4.0,,0.0,0.0
26.0,2025-11-27,5.0,,64.04374532644104,63.87930115893216
26.0,2025-11-27,6.0,,508.7588880672144,466.1436918744942
26.0,2025-11-27,7.0,,1051.0710648905597,1058.6743474314428
26.0,2025-11-27,8.0,,2062.0659772403346,2186.5004413546653
26.0,2025-11-27,9.0,,1454.245674906306,1429.96252906496
26.0,2025-11-27,10.0,,1171.7453050733102,1234.5551729278986
26.0,2025-11-27,11.0,,1084.2572886993346,1029.7917077467196
26.0,2025-11-27,12.0,,1120.4674922893548,1118.1882328919257
26.0,2025-11-27,13.0,,1173.5193054878305,1172.6478291663602
26.0,2025-11-27,14.0,,1234.5281359084604,1239.3923778463088
26.0,2025-11-27,15.0,,1334.7526919801642,1239.5404761338016
26.0,2025-11-27,16.0,,1552.6544547907436,1536.6679597387053
26.0,2025-11-27,17.0,,1690.3673396664533,1710.6373396851282
26.0,2025-11-27,18.0,,1723.7504821397008,1813.94919397778
26.0,2025-11-27,19.0,,1220.8997200802946,1198.249438113113
26.0,2025-11-27,20.0,,737.0708789749929,711.790924688762
26.0,2025-11-27,21.0,,466.57693247007643,463.9906608774167
26.0,2025-11-27,22.0,,200.36635041538963,189.5985518800496
26.0,2025-11-27,23.0,,114.88851891787107,92.45041688041795
28.0,2025-11-27,0.0,,1.1027439654455586,0.0
28.0,2025-11-27,1.0,,2.802479187359455e-34,0.5460003536108341
28.0,2025-11-27,2.0,,2.802479187359455e-34,0.0
28.0,2025-11-27,3.0,,2.802479187359455e-34,0.0
28.0,2025-11-27,4.0,,0.0,0.0
28.0,2025-11-27,5.0,,74.12534309634682,58.76099575891112
28.0,2025-11-27,6.0,,264.4711425479587,263.59738722389807
28.0,2025-11-27,7.0,,719.9930623312899,761.0355199716392
28.0,2025-11-27,8.0,,1174.0359871150056,1211.0549667139817
28.0,2025-11-27,9.0,,815.8364390739933,827.4997811274357
28.0,2025-11-27,10.0,,627.1894410235727,638.2148530906976
28.0,2025-11-27,11.0,,557.8712337692548,553.181805557107
28.0,2025-11-27,12.0,,708.5867530755282,688.7240454187719
28.0,2025-11-27,13.0,,738.2681505818541,723.1222222396966
28.0,2025-11-27,14.0,,650.5999963791098,659.5023601948657
28.0,2025-11-27,15.0,,699.25385072362,687.8059502824855
28.0,2025-11-27,16.0,,852.570022533969,848.9198720952094
28.0,2025-11-27,17.0,,961.3249514257172,954.8409817518904
28.0,2025-11-27,18.0,,904.4574463701559,887.0410069702597
28.0,2025-11-27,19.0,,665.8571860966711,678.7352390479243
28.0,2025-11-27,20.0,,458.4713092700051,474.9688988639803
28.0,2025-11-27,21.0,,297.01409273652513,301.25693761686114
28.0,2025-11-27,22.0,,120.09807476501312,123.31671494651896
28.0,2025-11-27,23.0,,2.9198553398749643,0.0
50.0,2025-11-27,0.0,,17.439280251095855,26.442093709026338
50.0,2025-11-27,1.0,,12.74073215237655,0.0
50.0,2025-11-27,2.0,,0.0,2.598117033032248e-10
50.0,2025-11-27,3.0,,2.802479187359455e-34,0.0
50.0,2025-11-27,4.0,,0.0,0.0
50.0,2025-11-27,5.0,,57.454119695542424,41.06827250172049
50.0,2025-11-27,6.0,,516.1702649649886,500.20555749491746
50.0,2025-11-27,7.0,,1703.9532013991022,1700.8715803318619
50.0,2025-11-27,8.0,,2699.277985918365,2516.500716354261
50.0,2025-11-27,9.0,,2126.0286892382387,1996.6750931712202
50.0,2025-11-27,10.0,,1616.7304546401451,1643.7633654804424
50.0,2025-11-27,11.0,,1540.2891380261872,1517.9338385468795
50.0,2025-11-27,12.0,,1471.2650979354548,1406.8530732922432
50.0,2025-11-27,13.0,,1464.8131485103625,1445.4842091135665
50.0,2025-11-27,14.0,,1395.5626343904269,1409.9698141606991
50.0,2025-11-27,15.0,,1684.3279541421584,1632.4117677550348
50.0,2025-11-27,16.0,,1775.2321280346284,1725.0597095128119
50.0,2025-11-27,17.0,,2305.2097723236157,2277.2047907102487
50.0,2025-11-27,18.0,,2372.7366415633287,2362.504540800074
50.0,2025-11-27,19.0,,1383.2109249656648,1303.9334971571946
50.0,2025-11-27,20.0,,905.1692867936617,880.8772897480086
50.0,2025-11-27,21.0,,598.0764069505849,570.1136275520323
50.0,2025-11-27,22.0,,230.40011625363664,204.80475008848703
50.0,2025-11-27,23.0,,122.44651755243613,107.26879599796767
1.0,2025-11-28,0.0,,0.0,0.0
1.0,2025-11-28,1.0,,2.802479187359455e-34,0.0
1.0,2025-11-28,2.0,,2.802479187359455e-34,0.0
1.0,2025-11-28,3.0,,2.802479187359455e-34,0.0
1.0,2025-11-28,4.0,,0.0,0.0
1.0,2025-11-28,5.0,,109.14631451683819,111.17709889326487
1.0,2025-11-28,6.0,,490.7194598255542,466.90347114585427
1.0,2025-11-28,7.0,,1398.9425045007376,1424.617507591358
1.0,2025-11-28,8.0,,1773.571390164002,1719.5448579683418
1.0,2025-11-28,9.0,,1374.6178347657426,1391.9134266290744
1.0,2025-11-28,10.0,,1246.0766588729837,1273.0524100451235
1.0,2025-11-28,11.0,,1287.8067563847203,1330.5404000927729
1.0,2025-11-28,12.0,,1325.8407252381026,1292.4493589053548
1.0,2025-11-28,13.0,,1358.3450065887087,1367.214278229353
1.0,2025-11-28,14.0,,1326.8615774006305,1285.7853980343102
1.0,2025-11-28,15.0,,1488.5330105688083,1482.2104170558987
1.0,2025-11-28,16.0,,1476.6230971853315,1505.5893215141355
1.0,2025-11-28,17.0,,1721.246673453761,1675.1471212661772
1.0,2025-11-28,18.0,,1577.3502067638487,1570.9977853889184
1.0,2025-11-28,19.0,,1197.7098250213348,1215.7601916082904
1.0,2025-11-28,20.0,,746.2007804314686,795.9516601981887
1.0,2025-11-28,21.0,,462.8810044015305,481.11720636151273
1.0,2025-11-28,22.0,,232.25357846074778,224.7164947888793
1.0,2025-11-28,23.0,,35.98413967349797,25.42483885053103
5.0,2025-11-28,0.0,,0.0,0.0
5.0,2025-11-28,1.0,,0.0,0.0
5.0,2025-11-28,2.0,,0.0,0.0
5.0,2025-11-28,3.0,,0.0,0.0
5.0,2025-11-28,4.0,,0.0,0.0
5.0,2025-11-28,5.0,,0.0,0.0
5.0,2025-11-28,6.0,,0.0,0.0
5.0,2025-11-28,7.0,,0.0,0.0
5.0,2025-11-28,8.0,,0.0,0.0
5.0,2025-11-28,9.0,,0.0,0.0
5.0,2025-11-28,10.0,,0.0,0.0
5.0,2025-11-28,11.0,,0.0,0.0
5.0,2025-11-28,12.0,,0.0,0.0
5.0,2025-11-28,13.0,,0.0,0.0
5.0,2025-11-28,14.0,,0.0,0.0
5.0,2025-11-28,15.0,,0.0,0.0
5.0,2025-11-28,16.0,,0.0,0.0
5.0,2025-11-28,17.0,,0.0,0.0
5.0,2025-11-28,18.0,,0.0,0.0
5.0,2025-11-28,19.0,,0.0,0.0
5.0,2025-11-28,20.0,,0.0,0.0
5.0,2025-11-28,21.0,,0.0,0.0
5.0,2025-11-28,22.0,,0.0,0.0
5.0,2025-11-28,23.0,,0.0,0.0
7.0,2025-11-28,0.0,,33.08260563315478,21.558969233748815
7.0,2025-11-28,1.0,,0.0,0.0
7.0,2025-11-28,2.0,,2.802479187359455e-34,0.0
7.0,2025-11-28,3.0,,2.802479187359455e-34,0.0
7.0,2025-11-28,4.0,,0.0,0.0
7.0,2025-11-28,5.0,,177.97493671292227,184.69656549700042
7.0,2025-11-28,6.0,,620.3834396291593,657.0619550216461
7.0,2025-11-28,7.0,,1585.844020152936,1652.2616189172995
7.0,2025-11-28,8.0,,2411.4867627467793,2471.7795944266704
7.0,2025-11-28,9.0,,1809.1707921999675,1894.7340224943916
7.0,2025-11-28,10.0,,1666.0798812918172,1679.4322758865246
7.0,2025-11-28,11.0,,1507.7112714851207,1542.0319344707295
7.0,2025-11-28,12.0,,1638.4534302330098,1738.6766071569011
7.0,2025-11-28,13.0,,1635.5081720248488,1718.6104241956048
7.0,2025-11-28,14.0,,1738.5906787295635,1796.8779582550792
7.0,2025-11-28,15.0,,1856.6687480291528,1893.6165586617585
7.0,2025-11-28,16.0,,1939.8750268998997,1967.1539852338485
7.0,2025-11-28,17.0,,2247.7435515685247,2347.20806643726
7.0,2025-11-28,18.0,,2189.0611029788024,2368.874667131544
7.0,2025-11-28,19.0,,1563.6182036218622,1660.7166069279524
7.0,2025-11-28,20.0,,1047.5795032276972,1052.8060572008114
7.0,2025-11-28,21.0,,594.7521157545253,595.3650178490343
7.0,2025-11-28,22.0,,331.93986784728446,337.0909766782392
7.0,2025-11-28,23.0,,195.5700774283619,176.45183403161872
11.0,2025-11-28,0.0,,37.30934989754046,45.86704655749594
11.0,2025-11-28,1.0,,0.0,0.0
11.0,2025-11-28,2.0,,2.802479187359455e-34,0.0
11.0,2025-11-28,3.0,,2.802479187359455e-34,0.0
11.0,2025-11-28,4.0,,0.0,0.0
11.0,2025-11-28,5.0,,235.56935601390043,291.3125211888344
11.0,2025-11-28,6.0,,1221.7759844695197,1273.6252753760114
11.0,2025-11-28,7.0,,2239.4907909794783,2156.9471336965034
11.0,2025-11-28,8.0,,2881.0876456627825,2871.8302419940283
11.0,2025-11-28,9.0,,2236.0499880634284,2300.68376775568
11.0,2025-11-28,10.0,,1790.060025661002,1882.7034034798962
11.0,2025-11-28,11.0,,1753.6747049575997,1812.6491558467676
11.0,2025-11-28,12.0,,1849.254230989266,1827.0017744072134
11.0,2025-11-28,13.0,,1921.3932993506266,1938.9121721276483
11.0,2025-11-28,14.0,,2026.783012793366,1964.869586234254
11.0,2025-11-28,15.0,,2078.116693278336,1993.0530833592293
11.0,2025-11-28,16.0,,2282.8742616864915,2252.3411301712235
11.0,2025-11-28,17.0,,2778.4902259034093,2735.230354313378
11.0,2025-11-28,18.0,,2599.2790408238807,2738.5821781353216
11.0,2025-11-28,19.0,,1984.6987988754954,2141.1324450645643
11.0,2025-11-28,20.0,,1290.0309471785888,1388.0493516220504
11.0,2025-11-28,21.0,,753.2014276490936,783.0480977791376
11.0,2025-11-28,22.0,,375.05722634194797,403.4734358055089
11.0,2025-11-28,23.0,,211.63360154532103,236.5164806476652
12.0,2025-11-28,0.0,,27.885103096764702,26.433411753664203
12.0,2025-11-28,1.0,,0.0,0.0
12.0,2025-11-28,2.0,,2.802479187359455e-34,0.0
12.0,2025-11-28,3.0,,2.802479187359455e-34,0.0
12.0,2025-11-28,4.0,,0.0,0.0
12.0,2025-11-28,5.0,,298.44356520228,296.2549716947338
12.0,2025-11-28,6.0,,1327.8262375683262,1283.7999731313932
12.0,2025-11-28,7.0,,2603.578601440824,2570.292411922517
12.0,2025-11-28,8.0,,3210.1849827322903,3074.4894871400957
12.0,2025-11-28,9.0,,2290.377631698356,2403.2410223266143
12.0,2025-11-28,10.0,,1874.3605092233445,1978.1580603915224
12.0,2025-11-28,11.0,,1900.073592995832,1896.245125022852
12.0,2025-11-28,12.0,,1942.1324364101833,2026.605211217638
12.0,2025-11-28,13.0,,1961.1817915380416,1996.7710335670442
12.0,2025-11-28,14.0,,1935.1294466941467,1948.366974880727
12.0,2025-11-28,15.0,,2241.7535389013688,2233.114180701854
12.0,2025-11-28,16.0,,2668.1986467964643,2623.0558542621766
12.0,2025-11-28,17.0,,2862.3018104441317,2817.2875703188124
12.0,2025-11-28,18.0,,2584.8477800484857,2723.020567624868
12.0,2025-11-28,19.0,,2151.5904719714135,2300.390605692153
12.0,2025-11-28,20.0,,1328.9555907980262,1449.9913471143548
12.0,2025-11-28,21.0,,823.6472003435327,947.0364194980889
12.0,2025-11-28,22.0,,428.0900682064085,457.40794280005264
12.0,2025-11-28,23.0,,238.98997497680725,244.59530200449217
17.0,2025-11-28,0.0,,96.21599401126231,87.13491064464789
17.0,2025-11-28,1.0,,0.0,0.0
17.0,2025-11-28,2.0,,2.802479187359455e-34,0.0
17.0,2025-11-28,3.0,,2.802479187359455e-34,0.0
17.0,2025-11-28,4.0,,20.450013088694586,2.950321394994559
17.0,2025-11-28,5.0,,289.9409249624772,297.5849281976999
17.0,2025-11-28,6.0,,1441.2528888528404,1481.5321973230818
17.0,2025-11-28,7.0,,3777.6507992326165,3819.613566484176
17.0,2025-11-28,8.0,,4960.719073132581,4986.034552790225
17.0,2025-11-28,9.0,,3522.1805086953536,3641.467624457559
17.0,2025-11-28,10.0,,2824.7600011486406,2936.794124186759
17.0,2025-11-28,11.0,,2824.8567520334327,2929.9615084504794
17.0,2025-11-28,12.0,,2908.337222083056,2951.107417137558
17.0,2025-11-28,13.0,,3027.69702734605,3005.636962590551
17.0,2025-11-28,14.0,,3136.3775480167096,3081.213569606719
17.0,2025-11-28,15.0,,3323.136130583992,3210.8406876124445
17.0,2025-11-28,16.0,,3646.9836324230882,3667.8632398442082
17.0,2025-11-28,17.0,,4344.412246836876,4416.11604459222
17.0,2025-11-28,18.0,,4349.556309964848,4437.958899818314
17.0,2025-11-28,19.0,,3104.0221222202254,3244.4648752536746
17.0,2025-11-28,20.0,,2193.126388196545,2308.189384761236
17.0,2025-11-28,21.0,,1371.085069264264,1474.1355709871875
17.0,2025-11-28,22.0,,672.3876832146141,786.2403385245569
17.0,2025-11-28,23.0,,390.13859865547676,403.1908249081055
25.0,2025-11-28,0.0,,0.0,0.0
25.0,2025-11-28,1.0,,2.802479187359455e-34,0.0
25.0,2025-11-28,2.0,,2.802479187359455e-34,0.0
25.0,2025-11-28,3.0,,2.802479187359455e-34,0.0
25.0,2025-11-28,4.0,,2.802479187359455e-34,0.0
25.0,2025-11-28,5.0,,4.597072809895859,0.0
25.0,2025-11-28,6.0,,162.48063520678133,140.98585844525874
25.0,2025-11-28,7.0,,493.51333960648384,486.17979106877704
25.0,2025-11-28,8.0,,810.6702615505467,717.4348302838996
25.0,2025-11-28,9.0,,416.58804557383075,392.8877302139852
25.0,2025-11-28,10.0,,346.57341680024956,347.4977202471372
25.0,2025-11-28,11.0,,404.07972227327906,390.0477298049862
25.0,2025-11-28,12.0,,405.3160134438838,376.6628692010558
25.0,2025-11-28,13.0,,480.5051282828233,454.9240251539333
25.0,2025-11-28,14.0,,456.23995798528523,433.81619444804056
25.0,2025-11-28,15.0,,551.3196440377119,527.3613590581951
25.0,2025-11-28,16.0,,668.6718685455984,684.4153422574808
25.0,2025-11-28,17.0,,673.246170729165,684.6015052040957
25.0,2025-11-28,18.0,,643.5107393748586,651.346780506314
25.0,2025-11-28,19.0,,469.0664352817623,457.42562319706724
25.0,2025-11-28,20.0,,291.80070968214693,289.6827345899107
25.0,2025-11-28,21.0,,179.33506549775848,180.21615067011237
25.0,2025-11-28,22.0,,78.65888199916105,90.21391775287272
25.0,2025-11-28,23.0,,3.262546763578208,0.0
26.0,2025-11-28,0.0,,4.816890518002402,3.383956605517237
26.0,2025-11-28,1.0,,0.0,0.0
26.0,2025-11-28,2.0,,2.802479187359455e-34,0.0
26.0,2025-11-28,3.0,,2.802479187359455e-34,0.0
26.0,2025-11-28,4.0,,0.0,0.0
26.0,2025-11-28,5.0,,66.34262012080737,55.53204797083214
26.0,2025-11-28,6.0,,477.9498149192819,447.9037384821443
26.0,2025-11-28,7.0,,984.7386455611073,988.5547857552725
26.0,2025-11-28,8.0,,1912.5234649578997,1963.9569711229672
26.0,2025-11-28,9.0,,1344.0545733048043,1343.611368472062
26.0,2025-11-28,10.0,,1164.7646285666503,1197.1242012318255
26.0,2025-11-28,11.0,,1082.8886683531603,1038.511653732786
26.0,2025-11-28,12.0,,1137.1763963747997,1140.683094136023
26.0,2025-11-28,13.0,,1172.3022257653506,1172.7613513122508
26.0,2025-11-28,14.0,,1252.3924188754725,1247.6733779991555
26.0,2025-11-28,15.0,,1364.072761248483,1270.0736929667307
26.0,2025-11-28,16.0,,1577.4125158189916,1542.6283210590318
26.0,2025-11-28,17.0,,1641.524458002386,1671.2581210854096
26.0,2025-11-28,18.0,,1489.9049828147786,1593.428374094633
26.0,2025-11-28,19.0,,1074.8800488942236,1101.4011777678925
26.0,2025-11-28,20.0,,682.221629236777,672.1210462405884
26.0,2025-11-28,21.0,,428.5704752539376,432.84158672951645
26.0,2025-11-28,22.0,,195.24724308699535,186.70103744684187
26.0,2025-11-28,23.0,,132.6707104301729,126.94207142162026
28.0,2025-11-28,0.0,,1.1027439654455586,0.0
28.0,2025-11-28,1.0,,2.802479187359455e-34,0.0
28.0,2025-11-28,2.0,,2.802479187359455e-34,0.0
28.0,2025-11-28,3.0,,2.802479187359455e-34,0.0
28.0,2025-11-28,4.0,,0.0,0.0
28.0,2025-11-28,5.0,,65.07356199918497,47.0555287062229
28.0,2025-11-28,6.0,,241.03618520170298,242.18229641350004
28.0,2025-11-28,7.0,,699.5822931906057,750.4511566504889
28.0,2025-11-28,8.0,,1144.2438574932191,1174.5940067164277
28.0,2025-11-28,9.0,,793.748387429773,813.1150691521445
28.0,2025-11-28,10.0,,620.4913338940021,630.2015096786181
28.0,2025-11-28,11.0,,563.7927076996767,561.1969318192954
28.0,2025-11-28,12.0,,707.7428196816942,704.850336046259
28.0,2025-11-28,13.0,,715.0850680744317,709.280018058237
28.0,2025-11-28,14.0,,668.4843689127388,656.2427835885059
28.0,2025-11-28,15.0,,700.09233794122,703.152168854301
28.0,2025-11-28,16.0,,859.25852317567,861.9514742099777
28.0,2025-11-28,17.0,,965.8830222314001,958.6518117395386
28.0,2025-11-28,18.0,,835.6715530774113,869.7653553618746
28.0,2025-11-28,19.0,,624.2256892048275,627.0657629638372
28.0,2025-11-28,20.0,,456.1114885650491,447.30357318524403
28.0,2025-11-28,21.0,,309.3416136850881,305.2104999414982
28.0,2025-11-28,22.0,,129.54655618198547,131.04383795473962
28.0,2025-11-28,23.0,,2.1578145274701406,0.0
50.0,2025-11-28,0.0,,5.997629015408767,10.318526739908263
50.0,2025-11-28,1.0,,9.200726046710486,0.0
50.0,2025-11-28,2.0,,0.0,2.598117033032248e-10
50.0,2025-11-28,3.0,,2.802479187359455e-34,0.0
50.0,2025-11-28,4.0,,0.0,0.0
50.0,2025-11-28,5.0,,56.88623811929516,53.302087463310684
50.0,2025-11-28,6.0,,497.610475597292,474.2167088718509
50.0,2025-11-28,7.0,,1646.8320062420285,1572.7734438018683
50.0,2025-11-28,8.0,,2592.5334834083847,2449.6003867635372
50.0,2025-11-28,9.0,,1996.7290486959669,1922.077497193748
50.0,2025-11-28,10.0,,1559.518406781158,1559.1226430334084
50.0,2025-11-28,11.0,,1533.5063026747955,1529.3323312939094
50.0,2025-11-28,12.0,,1455.3359340213067,1379.2604165743269
50.0,2025-11-28,13.0,,1462.3023950711693,1459.1510996531904
50.0,2025-11-28,14.0,,1418.4862572840987,1410.4561798141772
50.0,2025-11-28,15.0,,1706.3762946983243,1634.0121067736336
50.0,2025-11-28,16.0,,1860.8918813408372,1754.0535984751532
50.0,2025-11-28,17.0,,2176.388288215566,2217.664830532004
50.0,2025-11-28,18.0,,1877.8670313706807,1849.5155971533566
50.0,2025-11-28,19.0,,1202.0194425145662,1179.9694634157495
50.0,2025-11-28,20.0,,808.832560945407,827.5527794731627
50.0,2025-11-28,21.0,,528.511319401756,536.6516505790829
50.0,2025-11-28,22.0,,257.8203143213129,237.66383914877082
50.0,2025-11-28,23.0,,149.01586475260928,131.76907414248245
1.0,2025-11-29,0.0,,0.0,0.0
1.0,2025-11-29,1.0,,2.802479187359455e-34,0.0
1.0,2025-11-29,2.0,,2.802479187359455e-34,0.0
1.0,2025-11-29,3.0,,2.802479187359455e-34,0.0
1.0,2025-11-29,4.0,,0.0,0.0
1.0,2025-11-29,5.0,,4.50542786690735,8.898301473628523
1.0,2025-11-29,6.0,,161.65276603307026,165.14086291785276
1.0,2025-11-29,7.0,,290.37553820192176,297.326142327461
1.0,2025-11-29,8.0,,422.00957376847884,413.78460725402925
1.0,2025-11-29,9.0,,690.6980064690403,706.2588685969671
1.0,2025-11-29,10.0,,816.6326183472164,817.5188019516052
1.0,2025-11-29,11.0,,751.5287406231668,779.1603460802847
1.0,2025-11-29,12.0,,939.7553518955018,916.341641337981
1.0,2025-11-29,13.0,,969.3783209380942,952.5977619850803
1.0,2025-11-29,14.0,,902.7726312381542,902.9704224503927
1.0,2025-11-29,15.0,,815.0787131063549,814.9170682208438
1.0,2025-11-29,16.0,,739.7023605507035,775.4330132203221
1.0,2025-11-29,17.0,,702.924339698245,690.2706878641285
1.0,2025-11-29,18.0,,583.6878396622245,584.8887476029797
1.0,2025-11-29,19.0,,515.2059209664837,531.4305101689744
1.0,2025-11-29,20.0,,361.54529247849086,394.03130284099495
1.0,2025-11-29,21.0,,286.3628377498384,290.1453413649439
1.0,2025-11-29,22.0,,115.38110651988485,121.71791699610455
1.0,2025-11-29,23.0,,17.591783942410206,10.972906737074247
5.0,2025-11-29,0.0,,0.0,0.0
5.0,2025-11-29,1.0,,0.0,0.0
5.0,2025-11-29,2.0,,0.0,0.0
5.0,2025-11-29,3.0,,0.0,0.0
5.0,2025-11-29,4.0,,0.0,0.0
5.0,2025-11-29,5.0,,0.0,0.0
5.0,2025-11-29,6.0,,0.0,0.0
5.0,2025-11-29,7.0,,0.0,0.0
5.0,2025-11-29,8.0,,0.0,0.0
5.0,2025-11-29,9.0,,0.0,0.0
5.0,2025-11-29,10.0,,0.0,0.0
5.0,2025-11-29,11.0,,0.0,0.0
5.0,2025-11-29,12.0,,0.0,0.0
5.0,2025-11-29,13.0,,0.0,0.0
5.0,2025-11-29,14.0,,0.0,0.0
5.0,2025-11-29,15.0,,0.0,0.0
5.0,2025-11-29,16.0,,0.0,0.0
5.0,2025-11-29,17.0,,0.0,0.0
5.0,2025-11-29,18.0,,0.0,0.0
5.0,2025-11-29,19.0,,0.0,0.0
5.0,2025-11-29,20.0,,0.0,0.0
5.0,2025-11-29,21.0,,0.0,0.0
5.0,2025-11-29,22.0,,0.0,0.0
5.0,2025-11-29,23.0,,0.0,0.0
7.0,2025-11-29,0.0,,74.31483984715605,72.29419644705833
7.0,2025-11-29,1.0,,14.620723056927448,0.0
7.0,2025-11-29,2.0,,2.802479187359455e-34,0.0
7.0,2025-11-29,3.0,,2.802479187359455e-34,0.0
7.0,2025-11-29,4.0,,0.0,0.0
7.0,2025-11-29,5.0,,41.27312899963686,60.1837638290612
7.0,2025-11-29,6.0,,258.65877084896414,252.25488081164195
7.0,2025-11-29,7.0,,454.22874530433313,397.9010600447461
7.0,2025-11-29,8.0,,844.5281635295654,967.60918470526
7.0,2025-11-29,9.0,,960.3914390940727,970.3782427030172
7.0,2025-11-29,10.0,,1001.736717755861,1038.5630847075188
7.0,2025-11-29,11.0,,1113.10730461146,1197.917621394396
7.0,2025-11-29,12.0,,1297.0931859292452,1329.7388543820546
7.0,2025-11-29,13.0,,1297.7545825333,1331.402571350148
7.0,2025-11-29,14.0,,1406.2908730387908,1402.9298800197673
7.0,2025-11-29,15.0,,1363.436250315642,1317.4548313718628
7.0,2025-11-29,16.0,,1313.595427325155,1241.3337179072291
7.0,2025-11-29,17.0,,1295.183224995158,1299.3974997941446
7.0,2025-11-29,18.0,,1209.1000745907402,1213.1231104341591
7.0,2025-11-29,19.0,,1089.5568411321774,1087.2357084521343
7.0,2025-11-29,20.0,,781.9780012543775,741.0786934437642
7.0,2025-11-29,21.0,,570.062645870607,545.6384875500544
7.0,2025-11-29,22.0,,300.10911409539057,302.04257818480016
7.0,2025-11-29,23.0,,152.74060274774155,162.5322949989613
11.0,2025-11-29,0.0,,59.31817477926798,75.06533020914384
11.0,2025-11-29,1.0,,0.0,0.0
11.0,2025-11-29,2.0,,2.802479187359455e-34,0.0
11.0,2025-11-29,3.0,,2.802479187359455e-34,0.0
11.0,2025-11-29,4.0,,0.0,0.0
11.0,2025-11-29,5.0,,151.9862207185274,168.9888088186716
11.0,2025-11-29,6.0,,713.0872744077597,746.8643463945975
11.0,2025-11-29,7.0,,713.6837972089504,663.6888599785351
11.0,2025-11-29,8.0,,963.4162366287709,944.6880657839358
11.0,2025-11-29,9.0,,1087.2270109881629,1076.293662154322
11.0,2025-11-29,10.0,,1203.1300677123031,1228.5610163803028
11.0,2025-11-29,11.0,,1482.0235838831506,1456.6701952318144
11.0,2025-11-29,12.0,,1588.8645091118494,1653.4315469656995
11.0,2025-11-29,13.0,,1617.48009614474,1547.4558200611764
11.0,2025-11-29,14.0,,1671.672448430739,1507.729794843904
11.0,2025-11-29,15.0,,1667.9297202080224,1648.4683587410086
11.0,2025-11-29,16.0,,1697.770730474749,1601.2361532208624
11.0,2025-11-29,17.0,,1805.9960205719176,1727.0598527480706
11.0,2025-11-29,18.0,,1475.5098667196123,1499.011363748626
11.0,2025-11-29,19.0,,1316.3865129202932,1369.5862260423303
11.0,2025-11-29,20.0,,967.2162457635541,949.8054583465353
11.0,2025-11-29,21.0,,656.482953115886,695.7252661307004
11.0,2025-11-29,22.0,,345.4498539834225,346.88386710090293
11.0,2025-11-29,23.0,,214.9554409698632,232.34702262430937
12.0,2025-11-29,0.0,,45.47946927728776,41.76324484356339
12.0,2025-11-29,1.0,,0.0,0.0
12.0,2025-11-29,2.0,,2.802479187359455e-34,0.0
12.0,2025-11-29,3.0,,2.802479187359455e-34,0.0
12.0,2025-11-29,4.0,,0.0,0.0
12.0,2025-11-29,5.0,,194.75135347358247,210.86393696650163
12.0,2025-11-29,6.0,,795.7702782204027,782.7625880203898
12.0,2025-11-29,7.0,,874.7411090316242,887.3887372534597
12.0,2025-11-29,8.0,,1003.795707672713,929.2161747825678
12.0,2025-11-29,9.0,,1141.4117666638294,1143.364494492638
12.0,2025-11-29,10.0,,1367.5613764963953,1257.0715098777366
12.0,2025-11-29,11.0,,1441.7490196113424,1371.525748401688
12.0,2025-11-29,12.0,,1420.9448573801799,1387.6426481035464
12.0,2025-11-29,13.0,,1625.9362621299592,1535.9988315084295
12.0,2025-11-29,14.0,,1574.7168012625584,1537.8574459623246
12.0,2025-11-29,15.0,,1508.0593039130881,1468.1839003041152
12.0,2025-11-29,16.0,,1549.988723124033,1471.054343813068
12.0,2025-11-29,17.0,,1561.3043587376287,1548.2511813534697
12.0,2025-11-29,18.0,,1374.811764775939,1378.3316500659914
12.0,2025-11-29,19.0,,1259.692561862873,1244.5540918178542
12.0,2025-11-29,20.0,,922.2434210342652,911.8652732758106
12.0,2025-11-29,21.0,,648.3562176873013,702.8669281690591
12.0,2025-11-29,22.0,,340.0266599776988,356.3525364135766
12.0,2025-11-29,23.0,,218.90311748464345,255.45904423744074
17.0,2025-11-29,0.0,,153.03904452138767,154.7344357626429
17.0,2025-11-29,1.0,,4.149245893393017,0.7943093701193261
17.0,2025-11-29,2.0,,2.802479187359455e-34,0.0
17.0,2025-11-29,3.0,,2.802479187359455e-34,0.0
17.0,2025-11-29,4.0,,0.0,0.0
17.0,2025-11-29,5.0,,112.38284339780776,126.5523516480474
17.0,2025-11-29,6.0,,528.2356150902438,551.3808912717487
17.0,2025-11-29,7.0,,1158.6107859895926,1086.6390148281791
17.0,2025-11-29,8.0,,1620.5874148987757,1600.233004754602
17.0,2025-11-29,9.0,,2003.3591618057746,2120.334658020298
17.0,2025-11-29,10.0,,2167.440151669406,2351.882036316618
17.0,2025-11-29,11.0,,2569.206823280974,2686.5920445112542
17.0,2025-11-29,12.0,,2748.146867060398,2825.4778340213256
17.0,2025-11-29,13.0,,2924.7085082462954,2975.046755215331
17.0,2025-11-29,14.0,,2984.53404423605,3127.1034327008997
17.0,2025-11-29,15.0,,3073.084653700306,3111.51536272731
17.0,2025-11-29,16.0,,3093.1266720204394,3089.790970852705
17.0,2025-11-29,17.0,,2972.126686106198,3055.660476555327
17.0,2025-11-29,18.0,,2727.221336172663,2779.8638119605716
17.0,2025-11-29,19.0,,2196.6232701296067,2285.7143509895623
17.0,2025-11-29,20.0,,1717.3804336566382,1759.943501927047
17.0,2025-11-29,21.0,,1238.422895056237,1267.6266154389039
17.0,2025-11-29,22.0,,764.1948519244627,807.8893048468273
17.0,2025-11-29,23.0,,363.88407204443234,404.87414353979767
25.0,2025-11-29,0.0,,0.0,2.598117033032248e-10
25.0,2025-11-29,1.0,,2.802479187359455e-34,0.0
25.0,2025-11-29,2.0,,2.802479187359455e-34,0.0
25.0,2025-11-29,3.0,,2.802479187359455e-34,0.0
25.0,2025-11-29,4.0,,2.802479187359455e-34,0.0
25.0,2025-11-29,5.0,,0.0,0.0
25.0,2025-11-29,6.0,,62.46663384728006,38.41666562341495
25.0,2025-11-29,7.0,,126.92315362459118,113.80617335336869
25.0,2025-11-29,8.0,,264.77620251592845,230.89114171511056
25.0,2025-11-29,9.0,,271.2134655254765,226.740432118014
25.0,2025-11-29,10.0,,266.273891256761,240.55099469378766
25.0,2025-11-29,11.0,,336.85875315770807,323.8175992411806
25.0,2025-11-29,12.0,,354.88157647112286,354.93102987803394
25.0,2025-11-29,13.0,,462.35938373620536,442.7175150660423
25.0,2025-11-29,14.0,,450.5441057283696,429.7748845477535
25.0,2025-11-29,15.0,,560.4164511884954,507.92628098882705
25.0,2025-11-29,16.0,,501.1051668152058,522.1567709251706
25.0,2025-11-29,17.0,,451.0956609400925,406.63701449607635
25.0,2025-11-29,18.0,,420.5407963318631,394.93066091231384
25.0,2025-11-29,19.0,,369.08099741985944,345.92603972539825
25.0,2025-11-29,20.0,,237.48436941603666,218.28397387203745
25.0,2025-11-29,21.0,,180.24116759536142,138.40285490259157
25.0,2025-11-29,22.0,,81.31469905814808,90.41225014429503
25.0,2025-11-29,23.0,,43.62717530195665,6.667800552491543
26.0,2025-11-29,0.0,,17.798502861756578,16.01968815325402
26.0,2025-11-29,1.0,,0.820789046528733,0.0
26.0,2025-11-29,2.0,,2.802479187359455e-34,0.0
26.0,2025-11-29,3.0,,2.802479187359455e-34,0.0
26.0,2025-11-29,4.0,,0.0,0.0
26.0,2025-11-29,5.0,,24.011185284762185,20.237257805987543
26.0,2025-11-29,6.0,,245.2587668190756,228.47125259365933
26.0,2025-11-29,7.0,,302.4818863537314,308.66357864645806
26.0,2025-11-29,8.0,,588.0242239362103,601.3844409852464
26.0,2025-11-29,9.0,,655.4316156814865,663.9067991868874
26.0,2025-11-29,10.0,,768.6161242732499,816.0931310259105
26.0,2025-11-29,11.0,,926.6810250757601,934.6245494193513
26.0,2025-11-29,12.0,,950.2173563115716,917.0196995284247
26.0,2025-11-29,13.0,,990.7025512796688,971.176952315321
26.0,2025-11-29,14.0,,960.0019826064163,981.6251415362409
26.0,2025-11-29,15.0,,982.3732279742015,937.4449314585618
26.0,2025-11-29,16.0,,980.6250740276765,992.0182661407079
26.0,2025-11-29,17.0,,920.7191956297786,918.3260038985953
26.0,2025-11-29,18.0,,827.7465554446408,831.8378701541418
26.0,2025-11-29,19.0,,743.3160635274797,755.6020283657404
26.0,2025-11-29,20.0,,498.9636724629884,510.8577902963017
26.0,2025-11-29,21.0,,326.5302629825393,354.02116973230517
26.0,2025-11-29,22.0,,169.62227052148287,149.06425911932104
26.0,2025-11-29,23.0,,126.8323454095856,95.34515161818649
28.0,2025-11-29,0.0,,1.1027439654455586,0.0
28.0,2025-11-29,1.0,,2.802479187359455e-34,0.0
28.0,2025-11-29,2.0,,2.802479187359455e-34,0.0
28.0,2025-11-29,3.0,,2.802479187359455e-34,0.0
28.0,2025-11-29,4.0,,0.0,0.0
28.0,2025-11-29,5.0,,22.929634618931086,6.4208036232591255
28.0,2025-11-29,6.0,,102.57148345309282,68.92067907069371
28.0,2025-11-29,7.0,,185.68633068671116,189.6392749043285
28.0,2025-11-29,8.0,,351.5804821558567,351.7399255066683
28.0,2025-11-29,9.0,,419.5449384676529,430.7136598569275
28.0,2025-11-29,10.0,,438.62729574755514,458.7252524236857
28.0,2025-11-29,11.0,,437.6366127308392,443.67200316599735
28.0,2025-11-29,12.0,,550.8764114801011,560.6630487039878
28.0,2025-11-29,13.0,,564.5430485847984,579.951813751172
28.0,2025-11-29,14.0,,547.5962296043072,567.8979835636054
28.0,2025-11-29,15.0,,556.7291986334225,552.6648324882332
28.0,2025-11-29,16.0,,556.8915286582493,580.3627837076212
28.0,2025-11-29,17.0,,543.6917830124629,565.2990496746305
28.0,2025-11-29,18.0,,454.3602432915754,487.4702749112606
28.0,2025-11-29,19.0,,382.987739378564,388.6560208597972
28.0,2025-11-29,20.0,,308.3322151908895,346.4553872912286
28.0,2025-11-29,21.0,,262.40842073571736,270.39654193037455
28.0,2025-11-29,22.0,,112.3291013646993,114.61211899405937
28.0,2025-11-29,23.0,,9.59969067455108,0.0
50.0,2025-11-29,0.0,,29.081170044326814,24.66351643793594
50.0,2025-11-29,1.0,,0.24364380478055012,0.0
50.0,2025-11-29,2.0,,0.0,2.598117033032248e-10
50.0,2025-11-29,3.0,,2.802479187359455e-34,0.0
50.0,2025-11-29,4.0,,0.0,0.0
50.0,2025-11-29,5.0,,20.36897126884066,6.79901736153925
50.0,2025-11-29,6.0,,207.1545720919847,190.5939820337157
50.0,2025-11-29,7.0,,378.6870127856662,342.8759082774855
50.0,2025-11-29,8.0,,659.5451194068926,645.7713402082048
50.0,2025-11-29,9.0,,701.5487400454623,769.1539490224086
50.0,2025-11-29,10.0,,696.8934187983679,735.3195362907815
50.0,2025-11-29,11.0,,863.0181384346756,782.3159299683214
50.0,2025-11-29,12.0,,854.7628156889326,852.2667915084347
50.0,2025-11-29,13.0,,874.8313846070761,857.5920517898148
50.0,2025-11-29,14.0,,935.6070415948855,908.2377435725731
50.0,2025-11-29,15.0,,940.4787790152682,954.8573579549577
50.0,2025-11-29,16.0,,932.4572887723505,913.8301932311816
50.0,2025-11-29,17.0,,938.1479770159233,870.8443679991093
50.0,2025-11-29,18.0,,744.8045556947777,768.7899432430929
50.0,2025-11-29,19.0,,697.2417425170172,656.469993503154
50.0,2025-11-29,20.0,,501.9803595546174,536.098242862623
50.0,2025-11-29,21.0,,379.68160734359344,414.07072244523323
50.0,2025-11-29,22.0,,186.96046641592528,194.81344536892618
50.0,2025-11-29,23.0,,141.05531883455586,124.26679812239178
1.0,2025-11-30,0.0,,0.0,0.0
1.0,2025-11-30,1.0,,2.802479187359455e-34,0.0
1.0,2025-11-30,2.0,,2.802479187359455e-34,0.0
1.0,2025-11-30,3.0,,2.802479187359455e-34,0.0
1.0,2025-11-30,4.0,,0.0,0.0
1.0,2025-11-30,5.0,,8.770295468867255,13.206234641605056
1.0,2025-11-30,6.0,,91.61150870357093,114.9738636253334
1.0,2025-11-30,7.0,,188.97959093727405,202.11322332692677
1.0,2025-11-30,8.0,,292.9284230324933,301.3277631573079
1.0,2025-11-30,9.0,,522.012298894145,548.5834631546394
1.0,2025-11-30,10.0,,620.8062407233218,622.4137046258642
1.0,2025-11-30,11.0,,648.3179679742623,653.8729238058536
1.0,2025-11-30,12.0,,755.5182957212145,745.9459455798506
1.0,2025-11-30,13.0,,748.9548829754452,778.6915714668833
1.0,2025-11-30,14.0,,736.7852303580646,744.1639185824698
1.0,2025-11-30,15.0,,702.5392245899754,705.185818526096
1.0,2025-11-30,16.0,,609.4656405955782,612.4646450280516
1.0,2025-11-30,17.0,,587.6083791705909,554.8252928689144
1.0,2025-11-30,18.0,,497.1649362020964,500.07108014796427
1.0,2025-11-30,19.0,,421.31895196265975,444.64220925017645
1.0,2025-11-30,20.0,,322.2732309220934,327.1191094612559
1.0,2025-11-30,21.0,,244.72052911843014,244.7625292528705
1.0,2025-11-30,22.0,,100.25485435375424,109.35769084897942
1.0,2025-11-30,23.0,,26.238893425922676,13.456979280101404
5.0,2025-11-30,0.0,,0.0,0.0
5.0,2025-11-30,1.0,,0.0,0.0
5.0,2025-11-30,2.0,,0.0,0.0
5.0,2025-11-30,3.0,,0.0,0.0
5.0,2025-11-30,4.0,,0.0,0.0
5.0,2025-11-30,5.0,,0.0,0.0
5.0,2025-11-30,6.0,,0.0,0.0
5.0,2025-11-30,7.0,,0.0,0.0
5.0,2025-11-30,8.0,,0.0,0.0
5.0,2025-11-30,9.0,,0.0,0.0
5.0,2025-11-30,10.0,,0.0,0.0
5.0,2025-11-30,11.0,,0.0,0.0
5.0,2025-11-30,12.0,,0.0,0.0
5.0,2025-11-30,13.0,,0.0,0.0
5.0,2025-11-30,14.0,,0.0,0.0
5.0,2025-11-30,15.0,,0.0,0.0
5.0,2025-11-30,16.0,,0.0,0.0
5.0,2025-11-30,17.0,,0.0,0.0
5.0,2025-11-30,18.0,,0.0,0.0
5.0,2025-11-30,19.0,,0.0,0.0
5.0,2025-11-30,20.0,,0.0,0.0
5.0,2025-11-30,21.0,,0.0,0.0
5.0,2025-11-30,22.0,,0.0,0.0
5.0,2025-11-30,23.0,,0.0,0.0
7.0,2025-11-30,0.0,,67.52440454701939,73.17752538382787
7.0,2025-11-30,1.0,,9.929021113518655,0.0
7.0,2025-11-30,2.0,,2.802479187359455e-34,0.0
7.0,2025-11-30,3.0,,2.802479187359455e-34,0.0
7.0,2025-11-30,4.0,,0.0,0.0
7.0,2025-11-30,5.0,,32.97591057804428,56.2936994769971
7.0,2025-11-30,6.0,,212.5865558611623,194.41360543810413
7.0,2025-11-30,7.0,,312.21856028390124,264.17929509238263
7.0,2025-11-30,8.0,,486.12599844438637,668.5300562062688
7.0,2025-11-30,9.0,,668.3058693943381,733.1032761972939
7.0,2025-11-30,10.0,,725.400270217938,843.3567914582239
7.0,2025-11-30,11.0,,889.1836144824417,1002.814120992298
7.0,2025-11-30,12.0,,1075.0598174705212,1125.663630675813
7.0,2025-11-30,13.0,,1130.437149444406,1143.4814414174473
7.0,2025-11-30,14.0,,1182.7654851845455,1234.924086864199
7.0,2025-11-30,15.0,,1131.8973152873812,1160.5776786496156
7.0,2025-11-30,16.0,,1017.357892219845,1069.9461566798282
7.0,2025-11-30,17.0,,1084.44597658179,1122.6444698451737
7.0,2025-11-30,18.0,,1002.4375078696288,1036.4619038199487
7.0,2025-11-30,19.0,,855.4286945387424,928.8738471336463
7.0,2025-11-30,20.0,,610.371935080775,638.3276265810164
7.0,2025-11-30,21.0,,512.4248512218278,474.94930253676637
7.0,2025-11-30,22.0,,301.82469247912684,304.0702315256583
7.0,2025-11-30,23.0,,140.60169512523746,150.92030587495248
11.0,2025-11-30,0.0,,56.479642218552854,80.09983341820127
11.0,2025-11-30,1.0,,0.0,0.0
11.0,2025-11-30,2.0,,2.802479187359455e-34,0.0
11.0,2025-11-30,3.0,,2.802479187359455e-34,0.0
11.0,2025-11-30,4.0,,0.0,0.0
11.0,2025-11-30,5.0,,111.4995506811977,125.65769345302914
11.0,2025-11-30,6.0,,448.00244008866287,489.2338288629395
11.0,2025-11-30,7.0,,474.1820520762222,477.06176491096846
11.0,2025-11-30,8.0,,618.9559274377972,610.0566562392492
11.0,2025-11-30,9.0,,834.2315523753093,847.2897699074758
11.0,2025-11-30,10.0,,1022.9207724203319,1060.5960840909117
11.0,2025-11-30,11.0,,1342.2286022325925,1298.2357823099185
11.0,2025-11-30,12.0,,1419.8308105010315,1465.0299690694894
11.0,2025-11-30,13.0,,1442.4872920771213,1394.332759523676
11.0,2025-11-30,14.0,,1504.5478583930771,1410.7210259394105
11.0,2025-11-30,15.0,,1522.4184631235648,1494.4140560792812
11.0,2025-11-30,16.0,,1523.9099341974813,1419.1932563357311
11.0,2025-11-30,17.0,,1665.0323690484067,1611.3431930279532
11.0,2025-11-30,18.0,,1342.5204789356228,1329.9289399596564
11.0,2025-11-30,19.0,,1111.1514508821888,1145.1971302900567
11.0,2025-11-30,20.0,,802.8318843062741,788.0393141057982
11.0,2025-11-30,21.0,,579.5487633782482,572.4897355128529
11.0,2025-11-30,22.0,,334.83800843042945,329.94436278502934
11.0,2025-11-30,23.0,,184.80580917730032,203.71495610933374
12.0,2025-11-30,0.0,,47.0431183877715,46.32466180145609
12.0,2025-11-30,1.0,,0.0,0.0
12.0,2025-11-30,2.0,,2.802479187359455e-34,0.0
12.0,2025-11-30,3.0,,2.802479187359455e-34,0.0
12.0,2025-11-30,4.0,,0.0,0.0
12.0,2025-11-30,5.0,,140.34151566086734,128.94008132186073
12.0,2025-11-30,6.0,,458.19603587257683,461.7307581061291
12.0,2025-11-30,7.0,,658.3946524111083,619.9193900075679
12.0,2025-11-30,8.0,,699.3197386884881,672.6172125835272
12.0,2025-11-30,9.0,,885.3200297863501,885.5320882746709
12.0,2025-11-30,10.0,,1152.9434683712086,1061.5205333300025
12.0,2025-11-30,11.0,,1329.4831219025775,1240.1531372895029
12.0,2025-11-30,12.0,,1312.3674043918036,1241.5481736899762
12.0,2025-11-30,13.0,,1509.216694090533,1486.027293279856
12.0,2025-11-30,14.0,,1495.6924965324722,1396.1675322406784
12.0,2025-11-30,15.0,,1370.6306685596294,1299.2941868594148
12.0,2025-11-30,16.0,,1451.7354107080394,1308.1192102678308
12.0,2025-11-30,17.0,,1505.0398752885349,1398.110416614067
12.0,2025-11-30,18.0,,1211.576905447985,1235.1375817733558
12.0,2025-11-30,19.0,,977.5786363317739,960.7822833126095
12.0,2025-11-30,20.0,,719.7655871315138,751.4164045808701
12.0,2025-11-30,21.0,,529.5341539103913,562.4841026001894
12.0,2025-11-30,22.0,,325.9384341743779,329.7112321687417
12.0,2025-11-30,23.0,,192.22825699148794,234.82759261580964
17.0,2025-11-30,0.0,,112.24345344756868,140.75514036968187
17.0,2025-11-30,1.0,,0.0,2.6613606650113026
17.0,2025-11-30,2.0,,2.802479187359455e-34,0.0
17.0,2025-11-30,3.0,,2.802479187359455e-34,0.0
17.0,2025-11-30,4.0,,1.6904247615746781,0.0
17.0,2025-11-30,5.0,,77.85249791000346,91.01924641819085
17.0,2025-11-30,6.0,,376.41264198494616,398.34552737984563
17.0,2025-11-30,7.0,,736.8675131577435,727.6403743295795
17.0,2025-11-30,8.0,,1217.6231405647777,1167.3687417703811
17.0,2025-11-30,9.0,,1580.225077446318,1616.9970733809926
17.0,2025-11-30,10.0,,1905.448511902536,2003.669912163485
17.0,2025-11-30,11.0,,2346.9650498409133,2463.03699218422
17.0,2025-11-30,12.0,,2598.37989495159,2617.3282242919845
17.0,2025-11-30,13.0,,2722.0118935515575,2800.5985226874545
17.0,2025-11-30,14.0,,2793.8097419412798,2955.3685671883536
17.0,2025-11-30,15.0,,2815.4487858947814,2914.1908702477353
17.0,2025-11-30,16.0,,2840.553263526191,2858.3506737746143
17.0,2025-11-30,17.0,,2676.9116146798606,2831.6789239087652
17.0,2025-11-30,18.0,,2406.0218215016644,2508.920899957702
17.0,2025-11-30,19.0,,2053.6506260513083,2141.1574963601365
17.0,2025-11-30,20.0,,1568.4895195771683,1700.8085713162895
17.0,2025-11-30,21.0,,1068.3040053462892,1109.576784758459
17.0,2025-11-30,22.0,,671.7919757220535,692.6305103946769
17.0,2025-11-30,23.0,,280.2863304433758,319.739738443643
25.0,2025-11-30,0.0,,7.03814141170324,0.0
25.0,2025-11-30,1.0,,2.802479187359455e-34,0.0
25.0,2025-11-30,2.0,,2.802479187359455e-34,0.0
25.0,2025-11-30,3.0,,2.802479187359455e-34,0.0
25.0,2025-11-30,4.0,,2.802479187359455e-34,0.0
25.0,2025-11-30,5.0,,3.8343446776400913,0.0
25.0,2025-11-30,6.0,,59.16729879789839,41.66231697344302
25.0,2025-11-30,7.0,,70.78035051385137,71.44158384707617
25.0,2025-11-30,8.0,,154.6661064717248,145.99758441191454
25.0,2025-11-30,9.0,,190.89555262109175,157.96075087666114
25.0,2025-11-30,10.0,,205.80778728850896,198.22875578444254
25.0,2025-11-30,11.0,,252.13803652169142,258.31073829884355
25.0,2025-11-30,12.0,,300.0485859840086,307.1919698495733
25.0,2025-11-30,13.0,,395.4507559312434,367.38360586655233
25.0,2025-11-30,14.0,,396.34209877082566,394.15051704538
25.0,2025-11-30,15.0,,489.5970178391362,476.396368392492
25.0,2025-11-30,16.0,,431.30437196750154,436.2674466695086
25.0,2025-11-30,17.0,,399.74230796268694,369.8327464161302
25.0,2025-11-30,18.0,,361.66389251268635,336.7993070328602
25.0,2025-11-30,19.0,,290.9895363197744,305.31148349729364
25.0,2025-11-30,20.0,,200.22389229216535,177.038597260422
25.0,2025-11-30,21.0,,160.30452595790703,129.11429775694918
25.0,2025-11-30,22.0,,98.95397263543585,106.84082808012053
25.0,2025-11-30,23.0,,46.76583139871683,11.50169593720442
26.0,2025-11-30,0.0,,6.950233792956485,16.62564025592902
26.0,2025-11-30,1.0,,0.0,0.0
26.0,2025-11-30,2.0,,2.802479187359455e-34,0.0
26.0,2025-11-30,3.0,,2.802479187359455e-34,0.0
26.0,2025-11-30,4.0,,0.0,0.0
26.0,2025-11-30,5.0,,9.903747486800262,15.199045402770672
26.0,2025-11-30,6.0,,136.15170090434543,140.3771679512453
26.0,2025-11-30,7.0,,190.4305799675618,194.6632957869787
26.0,2025-11-30,8.0,,319.07848483966967,325.29101521189773
26.0,2025-11-30,9.0,,447.352870627726,425.2786601172097
26.0,2025-11-30,10.0,,532.4091830241792,541.0836365022018
26.0,2025-11-30,11.0,,744.7060368137861,721.7043855133028
26.0,2025-11-30,12.0,,777.77524571074,756.355635579956
26.0,2025-11-30,13.0,,791.0930688398334,801.3628261558448
26.0,2025-11-30,14.0,,813.7218888327446,809.3673772312777
26.0,2025-11-30,15.0,,761.8717822215522,766.2522195824638
26.0,2025-11-30,16.0,,770.2924888055087,787.4034360606574
26.0,2025-11-30,17.0,,735.0701006452844,740.0126091025596
26.0,2025-11-30,18.0,,615.8251748167459,640.3899380957007
26.0,2025-11-30,19.0,,534.0628266680698,545.9244329808921
26.0,2025-11-30,20.0,,394.44759277835146,398.64782812719045
26.0,2025-11-30,21.0,,275.5276806812701,287.58076240453966
26.0,2025-11-30,22.0,,153.61099458144957,143.21633481677057
26.0,2025-11-30,23.0,,83.23259493680565,81.0985496459505
28.0,2025-11-30,0.0,,1.1027439654455586,0.0
28.0,2025-11-30,1.0,,2.802479187359455e-34,0.0
28.0,2025-11-30,2.0,,2.802479187359455e-34,0.0
28.0,2025-11-30,3.0,,2.802479187359455e-34,0.0
28.0,2025-11-30,4.0,,0.0,0.0
28.0,2025-11-30,5.0,,24.044142406006962,12.359325672994323
28.0,2025-11-30,6.0,,76.60075749743318,67.2157933414999
28.0,2025-11-30,7.0,,121.45796544216147,115.87896409510726
28.0,2025-11-30,8.0,,217.2539213857804,208.77999205531506
28.0,2025-11-30,9.0,,295.82922143384235,288.21993946386027
28.0,2025-11-30,10.0,,345.4223795994731,338.3318192368714
28.0,2025-11-30,11.0,,390.56528348879294,371.6603145409306
28.0,2025-11-30,12.0,,450.1551614947037,435.4787280052836
28.0,2025-11-30,13.0,,499.1380324481143,488.08332423579395
28.0,2025-11-30,14.0,,463.07466334688604,467.2426862735314
28.0,2025-11-30,15.0,,475.44338759381037,478.0089077333602
28.0,2025-11-30,16.0,,449.1607839119525,453.95494284793597
28.0,2025-11-30,17.0,,438.78161216155667,427.5733036169263
28.0,2025-11-30,18.0,,353.5340132845251,385.19415476800435
28.0,2025-11-30,19.0,,325.59040539479776,344.05994086341417
28.0,2025-11-30,20.0,,280.72686150365655,277.0139329694534
28.0,2025-11-30,21.0,,217.74634284575694,218.14752370187534
28.0,2025-11-30,22.0,,98.1141392815625,105.00331401840228
28.0,2025-11-30,23.0,,5.795333579664171,0.0
50.0,2025-11-30,0.0,,18.89376776431069,27.22448373995725
50.0,2025-11-30,1.0,,0.0,0.0
50.0,2025-11-30,2.0,,0.0,2.598117033032248e-10
50.0,2025-11-30,3.0,,2.802479187359455e-34,0.0
50.0,2025-11-30,4.0,,0.0,0.0
50.0,2025-11-30,5.0,,16.46616766524374,16.848154815133906
50.0,2025-11-30,6.0,,154.6922301627915,136.02057479032558
50.0,2025-11-30,7.0,,247.05669848994955,244.42141334880958
50.0,2025-11-30,8.0,,398.77216961495066,424.4762677214134
50.0,2025-11-30,9.0,,452.4084662967813,487.48133763358874
50.0,2025-11-30,10.0,,472.5817918934217,512.9800724829684
50.0,2025-11-30,11.0,,617.8136531696059,622.0286192248502
50.0,2025-11-30,12.0,,691.5540467920617,666.3340374652764
50.0,2025-11-30,13.0,,785.0004715558671,734.5636280424613
50.0,2025-11-30,14.0,,789.4599681507354,754.362879464851
50.0,2025-11-30,15.0,,720.625452393637,736.6939041910019
50.0,2025-11-30,16.0,,766.85760150775,722.8497063932803
50.0,2025-11-30,17.0,,717.6749632717606,714.5823949199128
50.0,2025-11-30,18.0,,629.3586750462091,631.6559085191291
50.0,2025-11-30,19.0,,533.4215868900126,553.7905743172369
50.0,2025-11-30,20.0,,438.73468596603993,453.2973809499614
50.0,2025-11-30,21.0,,305.2303470328702,338.20028383649833
50.0,2025-11-30,22.0,,166.76217432611497,174.398145877688
50.0,2025-11-30,23.0,,117.12976699375349,120.17490713025954
1.0,2025-12-01,0.0,,0.0,0.0
1.0,2025-12-01,1.0,,2.802479187359455e-34,0.0
1.0,2025-12-01,2.0,,2.802479187359455e-34,0.0
1.0,2025-12-01,3.0,,2.802479187359455e-34,0.0
1.0,2025-12-01,4.0,,0.0,0.0
1.0,2025-12-01,5.0,,101.86219308971997,101.96281395348794
1.0,2025-12-01,6.0,,486.6383709076752,473.5977102329799
1.0,2025-12-01,7.0,,1379.647782620639,1372.2190356064384
1.0,2025-12-01,8.0,,1775.5704955476137,1692.2564551987268
1.0,2025-12-01,9.0,,1337.9863220652394,1366.7072190237477
1.0,2025-12-01,10.0,,1208.38899396914,1232.569437703671
1.0,2025-12-01,11.0,,1229.8210324527743,1267.9451247642207
1.0,2025-12-01,12.0,,1299.5446926575107,1239.9470414905543
1.0,2025-12-01,13.0,,1324.4891407123778,1301.1250423023541
1.0,2025-12-01,14.0,,1307.0314714789738,1236.721532635251
1.0,2025-12-01,15.0,,1412.8836079429914,1433.92496349188
1.0,2025-12-01,16.0,,1422.114091008871,1447.7343200489017
1.0,2025-12-01,17.0,,1728.4134609392067,1643.324254779092
1.0,2025-12-01,18.0,,1710.3249151934306,1619.641014840454
1.0,2025-12-01,19.0,,1327.0272310473026,1292.0831036562104
1.0,2025-12-01,20.0,,810.5912304372497,814.6042655705884
1.0,2025-12-01,21.0,,447.52309677184076,438.8523332645351
1.0,2025-12-01,22.0,,186.63470585201574,187.79692090004062
1.0,2025-12-01,23.0,,27.579757271510672,16.965794668101385
5.0,2025-12-01,0.0,,0.0,0.0
5.0,2025-12-01,1.0,,0.0,0.0
5.0,2025-12-01,2.0,,0.0,0.0
5.0,2025-12-01,3.0,,0.0,0.0
5.0,2025-12-01,4.0,,0.0,0.0
5.0,2025-12-01,5.0,,0.0,0.0
5.0,2025-12-01,6.0,,0.0,0.0
5.0,2025-12-01,7.0,,0.0,0.0
5.0,2025-12-01,8.0,,0.0,0.0
5.0,2025-12-01,9.0,,0.0,0.0
5.0,2025-12-01,10.0,,0.0,0.0
5.0,2025-12-01,11.0,,0.0,0.0
5.0,2025-12-01,12.0,,0.0,0.0
5.0,2025-12-01,13.0,,0.0,0.0
5.0,2025-12-01,14.0,,0.0,0.0
5.0,2025-12-01,15.0,,0.0,0.0
5.0,2025-12-01,16.0,,0.0,0.0
5.0,2025-12-01,17.0,,0.0,0.0
5.0,2025-12-01,18.0,,0.0,0.0
5.0,2025-12-01,19.0,,0.0,0.0
5.0,2025-12-01,20.0,,0.0,0.0
5.0,2025-12-01,21.0,,0.0,0.0
5.0,2025-12-01,22.0,,0.0,0.0
5.0,2025-12-01,23.0,,0.0,0.0
7.0,2025-12-01,0.0,,64.55935460038451,72.90159948861677
7.0,2025-12-01,1.0,,21.806945284057125,9.666686647491005
7.0,2025-12-01,2.0,,2.802479187359455e-34,0.0
7.0,2025-12-01,3.0,,2.802479187359455e-34,0.0
7.0,2025-12-01,4.0,,0.0,0.0
7.0,2025-12-01,5.0,,172.7602694567447,176.46368499376126
7.0,2025-12-01,6.0,,657.7690369602436,699.6609676945762
7.0,2025-12-01,7.0,,1574.2516458117868,1620.7312226874938
7.0,2025-12-01,8.0,,2457.46844737215,2495.2212268185895
7.0,2025-12-01,9.0,,1786.2039275153645,1874.4654456957162
7.0,2025-12-01,10.0,,1625.549709587324,1628.967379666626
7.0,2025-12-01,11.0,,1421.2019664480595,1462.2870308599777
7.0,2025-12-01,12.0,,1533.9635536234043,1661.3443193752626
7.0,2025-12-01,13.0,,1547.8801851646015,1632.6573934511248
7.0,2025-12-01,14.0,,1619.7281489303973,1683.8198907345766
7.0,2025-12-01,15.0,,1726.547963388862,1806.4332172601285
7.0,2025-12-01,16.0,,1798.2778296109009,1854.5560546922472
7.0,2025-12-01,17.0,,2234.2368586391176,2300.4924933887937
7.0,2025-12-01,18.0,,2528.2001199445594,2587.974266038516
7.0,2025-12-01,19.0,,1662.5879489845506,1704.9779074468895
7.0,2025-12-01,20.0,,1076.8220879153391,1041.6164378877581
7.0,2025-12-01,21.0,,581.5532433957776,566.5650385194654
7.0,2025-12-01,22.0,,292.9679160707986,290.79319268841056
7.0,2025-12-01,23.0,,149.13571896386227,143.14772514340507
11.0,2025-12-01,0.0,,53.56845191948622,66.33586873577879
11.0,2025-12-01,1.0,,5.4937426358842085,0.0
11.0,2025-12-01,2.0,,2.802479187359455e-34,0.0
11.0,2025-12-01,3.0,,2.802479187359455e-34,0.0
11.0,2025-12-01,4.0,,0.0,0.0
11.0,2025-12-01,5.0,,247.33114149125748,267.454923599056
11.0,2025-12-01,6.0,,1219.2354049932442,1256.9699468432311
11.0,2025-12-01,7.0,,2258.689441532489,2115.225727537758
11.0,2025-12-01,8.0,,2992.576386471479,2912.422426209956
11.0,2025-12-01,9.0,,2280.003867713252,2243.679205559026
11.0,2025-12-01,10.0,,1718.3787391504795,1787.7581236053786
11.0,2025-12-01,11.0,,1723.3311864373463,1722.2647779250394
11.0,2025-12-01,12.0,,1738.0897869890766,1707.3035839557224
11.0,2025-12-01,13.0,,1892.2463884491463,1887.1316953882842
11.0,2025-12-01,14.0,,1894.9647595528816,1921.7615943818437
11.0,2025-12-01,15.0,,1976.1479677145662,1941.630131972498
11.0,2025-12-01,16.0,,2179.7930262008585,2133.2463630335724
11.0,2025-12-01,17.0,,2779.91920312094,2722.8438458836763
11.0,2025-12-01,18.0,,2901.2100754597504,2977.2125223416087
11.0,2025-12-01,19.0,,2094.484802531307,2235.5109146739665
11.0,2025-12-01,20.0,,1344.842085980183,1395.4589883944366
11.0,2025-12-01,21.0,,749.8632111517585,741.9878530391582
11.0,2025-12-01,22.0,,355.0436246450441,359.28246566886355
11.0,2025-12-01,23.0,,133.01523597699898,185.14486189513036
12.0,2025-12-01,0.0,,56.34996133536337,47.9441301877289
12.0,2025-12-01,1.0,,0.0,0.0
12.0,2025-12-01,2.0,,2.802479187359455e-34,0.0
12.0,2025-12-01,3.0,,2.802479187359455e-34,0.0
12.0,2025-12-01,4.0,,0.0,0.0
12.0,2025-12-01,5.0,,283.55372304233373,295.365296632664
12.0,2025-12-01,6.0,,1273.442939872092,1247.804000547553
12.0,2025-12-01,7.0,,2609.9023695760575,2590.928463927589
12.0,2025-12-01,8.0,,3329.264087380152,3333.2134794133344
12.0,2025-12-01,9.0,,2277.0778034747073,2339.0356429249177
12.0,2025-12-01,10.0,,1897.851910618138,1909.7373550714926
12.0,2025-12-01,11.0,,1804.0230795932628,1778.1964143264167
12.0,2025-12-01,12.0,,1915.9560507858748,1950.449584759335
12.0,2025-12-01,13.0,,1923.674511879231,1957.068506855825
12.0,2025-12-01,14.0,,1885.0265095528878,1878.187381975858
12.0,2025-12-01,15.0,,2147.1537118559468,2123.26962768191
12.0,2025-12-01,16.0,,2616.11019239672,2572.333741063106
12.0,2025-12-01,17.0,,2931.0021053894143,2828.7059443055323
12.0,2025-12-01,18.0,,3019.465405594771,3039.0222481631367
12.0,2025-12-01,19.0,,2279.8695268135457,2315.9577811445897
12.0,2025-12-01,20.0,,1406.950114777241,1484.708731998607
12.0,2025-12-01,21.0,,809.4466517377932,903.8354581714284
12.0,2025-12-01,22.0,,397.41842586667985,421.60007675807
12.0,2025-12-01,23.0,,175.35323938796063,195.2206175144754
17.0,2025-12-01,0.0,,72.96694665242138,97.76182895010115
17.0,2025-12-01,1.0,,0.0,15.039889379294618
17.0,2025-12-01,2.0,,2.802479187359455e-34,0.0
17.0,2025-12-01,3.0,,2.802479187359455e-34,0.0
17.0,2025-12-01,4.0,,13.60042056728972,0.0
17.0,2025-12-01,5.0,,279.5338130100021,285.64733401654905
17.0,2025-12-01,6.0,,1443.8272507772972,1454.0600989672287
17.0,2025-12-01,7.0,,3834.899224319569,3868.2037344822384
17.0,2025-12-01,8.0,,5179.631234534696,5167.60507804698
17.0,2025-12-01,9.0,,3606.1338739211556,3629.3251208184915
17.0,2025-12-01,10.0,,2811.1322667976597,2852.8787558489726
17.0,2025-12-01,11.0,,2757.386802821119,2825.858750881359
17.0,2025-12-01,12.0,,2859.5881203516556,2890.5473577858907
17.0,2025-12-01,13.0,,2947.938379116535,2965.818149502
17.0,2025-12-01,14.0,,3007.1515962216818,3039.426775760357
17.0,2025-12-01,15.0,,3135.9842557375405,3144.1851762070864
17.0,2025-12-01,16.0,,3460.1053412309516,3554.0493605545507
17.0,2025-12-01,17.0,,4276.239813038636,4357.232541841197
17.0,2025-12-01,18.0,,4684.273375306086,4742.888712775786
17.0,2025-12-01,19.0,,3235.3404273618585,3350.7688337881955
17.0,2025-12-01,20.0,,2167.3011135740617,2270.9142626442494
17.0,2025-12-01,21.0,,1270.569154485709,1382.0088358570617
17.0,2025-12-01,22.0,,604.9210894689122,715.1297700938877
17.0,2025-12-01,23.0,,272.7201905550092,304.80469056194244
25.0,2025-12-01,0.0,,5.179258765770685,4.726564723518518
25.0,2025-12-01,1.0,,2.802479187359455e-34,0.0
25.0,2025-12-01,2.0,,2.802479187359455e-34,0.0
25.0,2025-12-01,3.0,,2.802479187359455e-34,0.0
25.0,2025-12-01,4.0,,2.802479187359455e-34,0.0
25.0,2025-12-01,5.0,,0.0,0.0
25.0,2025-12-01,6.0,,154.770043224447,133.3809727129918
25.0,2025-12-01,7.0,,501.262053176553,478.3678366627682
25.0,2025-12-01,8.0,,826.0346902182973,715.2819936253087
25.0,2025-12-01,9.0,,441.8170557111727,343.5899589656761
25.0,2025-12-01,10.0,,325.5177300167492,310.7825008088175
25.0,2025-12-01,11.0,,332.1667290538568,316.6394295413526
25.0,2025-12-01,12.0,,353.38387217344246,337.1873657550593
25.0,2025-12-01,13.0,,432.59347287820714,414.4885741613869
25.0,2025-12-01,14.0,,369.71097832370805,374.00816068818676
25.0,2025-12-01,15.0,,443.36560009748405,465.61646565624875
25.0,2025-12-01,16.0,,587.2008063088483,621.0894105010541
25.0,2025-12-01,17.0,,664.4923113575821,660.260083560969
25.0,2025-12-01,18.0,,709.5889491989484,679.401103772811
25.0,2025-12-01,19.0,,461.4621052249991,437.66330205113627
25.0,2025-12-01,20.0,,273.83386074565766,278.7946182960127
25.0,2025-12-01,21.0,,165.6932084284764,161.36795360479377
25.0,2025-12-01,22.0,,69.27828102545908,81.16274426309168
25.0,2025-12-01,23.0,,1.4809998830473816,0.0
26.0,2025-12-01,0.0,,2.8262065965524075,20.201371341353244
26.0,2025-12-01,1.0,,0.0,0.0
26.0,2025-12-01,2.0,,2.802479187359455e-34,0.0
26.0,2025-12-01,3.0,,2.802479187359455e-34,0.0
26.0,2025-12-01,4.0,,0.0,0.0
26.0,2025-12-01,5.0,,60.74121313656936,53.20235180298729
26.0,2025-12-01,6.0,,468.0237799384948,435.63269778722537
26.0,2025-12-01,7.0,,1006.236142155754,980.7537485841419
26.0,2025-12-01,8.0,,1902.3593767159996,1935.6769874212123
26.0,2025-12-01,9.0,,1364.6718356232168,1361.0837395412316
26.0,2025-12-01,10.0,,1143.6868868130362,1147.354439036027
26.0,2025-12-01,11.0,,1048.4498796794821,989.1369596744461
26.0,2025-12-01,12.0,,1085.668996248441,1084.0790261233783
26.0,2025-12-01,13.0,,1150.064130438362,1130.729796246818
26.0,2025-12-01,14.0,,1187.0000896931094,1193.3272726247694
26.0,2025-12-01,15.0,,1298.944489970296,1200.0443621946536
26.0,2025-12-01,16.0,,1463.16894846554,1436.840739402937
26.0,2025-12-01,17.0,,1615.676081810007,1586.899724916365
26.0,2025-12-01,18.0,,1662.8522657427377,1751.0531304606727
26.0,2025-12-01,19.0,,1192.9437660589408,1172.0703441448063
26.0,2025-12-01,20.0,,723.8827404528116,690.5051995420432
26.0,2025-12-01,21.0,,421.7993968534882,410.92835364198305
26.0,2025-12-01,22.0,,175.81671998446782,166.5544278428573
26.0,2025-12-01,23.0,,86.76736509369795,73.5311867334605
28.0,2025-12-01,0.0,,1.1027439654455586,0.0
28.0,2025-12-01,1.0,,2.802479187359455e-34,0.0
28.0,2025-12-01,2.0,,2.802479187359455e-34,0.0
28.0,2025-12-01,3.0,,2.802479187359455e-34,0.0
28.0,2025-12-01,4.0,,0.0,0.0
28.0,2025-12-01,5.0,,69.52107999589359,62.95386106826875
28.0,2025-12-01,6.0,,245.17288709841637,240.6856372959858
28.0,2025-12-01,7.0,,688.4545208345514,726.1671470592752
28.0,2025-12-01,8.0,,1143.1415255324512,1112.880571622981
28.0,2025-12-01,9.0,,796.938876040436,793.1868946026933
28.0,2025-12-01,10.0,,593.5034556248223,580.3531271096994
28.0,2025-12-01,11.0,,509.0576970068,494.26260897124246
28.0,2025-12-01,12.0,,646.662941784372,640.065792562165
28.0,2025-12-01,13.0,,682.2637003170112,682.2284050387739
28.0,2025-12-01,14.0,,614.1390990430979,622.1977956947868
28.0,2025-12-01,15.0,,631.8132377075078,642.8795614571936
28.0,2025-12-01,16.0,,764.7201838821326,779.5412425620892
28.0,2025-12-01,17.0,,929.3219566845025,921.7925855639612
28.0,2025-12-01,18.0,,895.9140757419693,886.4152378514594
28.0,2025-12-01,19.0,,678.607470210877,672.7052128751255
28.0,2025-12-01,20.0,,452.84614034810323,433.39100243711306
28.0,2025-12-01,21.0,,280.42804660489486,273.6605701017192
28.0,2025-12-01,22.0,,99.30914618414555,96.85651017428748
28.0,2025-12-01,23.0,,0.0,0.0
50.0,2025-12-01,0.0,,4.870210177549252,30.730437885529003
50.0,2025-12-01,1.0,,16.636625359741956,0.8364002841701658
50.0,2025-12-01,2.0,,0.0,2.598117033032248e-10
50.0,2025-12-01,3.0,,2.802479187359455e-34,0.0
50.0,2025-12-01,4.0,,0.0,0.0
50.0,2025-12-01,5.0,,47.7343677164577,37.275792458997635
50.0,2025-12-01,6.0,,475.72986262268984,476.1382446860416
50.0,2025-12-01,7.0,,1654.1535784358655,1662.171078119769
50.0,2025-12-01,8.0,,2663.507121247834,2482.891212211402
50.0,2025-12-01,9.0,,2021.4164278993464,1938.1934919805176
50.0,2025-12-01,10.0,,1583.1690834455264,1582.0615580933293
50.0,2025-12-01,11.0,,1487.9949872659179,1434.124258584327
50.0,2025-12-01,12.0,,1368.1661592203643,1298.3285262174631
50.0,2025-12-01,13.0,,1404.4360747013834,1424.5681904239116
50.0,2025-12-01,14.0,,1385.863823943674,1383.9483488580042
50.0,2025-12-01,15.0,,1611.5103452835876,1568.426447439944
50.0,2025-12-01,16.0,,1650.0443293470978,1572.39571186933
50.0,2025-12-01,17.0,,2227.038613278824,2255.333914348801
50.0,2025-12-01,18.0,,2347.0127688768584,2240.294533648959
50.0,2025-12-01,19.0,,1412.4011299402018,1316.0509550680808
50.0,2025-12-01,20.0,,864.3528951197584,845.951853350665
50.0,2025-12-01,21.0,,558.1347030076244,546.7919926324254
50.0,2025-12-01,22.0,,216.10510823115035,214.54703072195286
50.0,2025-12-01,23.0,,107.96940891124362,96.8622819525533
1.0,2025-12-02,0.0,,0.0,0.0
1.0,2025-12-02,1.0,,2.802479187359455e-34,0.0
1.0,2025-12-02,2.0,,2.802479187359455e-34,0.0
1.0,2025-12-02,3.0,,2.802479187359455e-34,0.0
1.0,2025-12-02,4.0,,0.0,0.0
1.0,2025-12-02,5.0,,125.54183275644912,123.08261740586072
1.0,2025-12-02,6.0,,529.5276349094522,493.6996912791315
1.0,2025-12-02,7.0,,1483.2514791948727,1460.4306306818012
1.0,2025-12-02,8.0,,1888.93527057814,1789.0027800627954
1.0,2025-12-02,9.0,,1437.666175205254,1450.4171851396638
1.0,2025-12-02,10.0,,1301.2692810209985,1302.3481758199339
1.0,2025-12-02,11.0,,1289.9477675921082,1295.1701642288058
1.0,2025-12-02,12.0,,1347.3523168283352,1278.3266978160395
1.0,2025-12-02,13.0,,1382.889776396829,1364.6370208034057
1.0,2025-12-02,14.0,,1356.9159631148598,1303.5013379859984
1.0,2025-12-02,15.0,,1475.7735805760965,1483.0956047696914
1.0,2025-12-02,16.0,,1456.0978122202862,1461.2119795352037
1.0,2025-12-02,17.0,,1780.159518279521,1773.1217164365562
1.0,2025-12-02,18.0,,1750.287805444279,1674.2162057044297
1.0,2025-12-02,19.0,,1358.995806479812,1340.1032574821693
1.0,2025-12-02,20.0,,849.7562838297845,848.651141910945
1.0,2025-12-02,21.0,,481.5168351423883,476.37372969408716
1.0,2025-12-02,22.0,,238.87069528681894,220.80360833021695
1.0,2025-12-02,23.0,,45.21833946843972,32.186820335127805
5.0,2025-12-02,0.0,,0.0,0.0
5.0,2025-12-02,1.0,,0.0,0.0
5.0,2025-12-02,2.0,,0.0,0.0
5.0,2025-12-02,3.0,,0.0,0.0
5.0,2025-12-02,4.0,,0.0,0.0
5.0,2025-12-02,5.0,,0.0,0.0
5.0,2025-12-02,6.0,,0.0,0.0
5.0,2025-12-02,7.0,,0.0,0.0
5.0,2025-12-02,8.0,,0.0,0.0
5.0,2025-12-02,9.0,,0.0,0.0
5.0,2025-12-02,10.0,,0.0,0.0
5.0,2025-12-02,11.0,,0.0,0.0
5.0,2025-12-02,12.0,,0.0,0.0
5.0,2025-12-02,13.0,,0.0,0.0
5.0,2025-12-02,14.0,,0.0,0.0
5.0,2025-12-02,15.0,,0.0,0.0
5.0,2025-12-02,16.0,,0.0,0.0
5.0,2025-12-02,17.0,,0.0,0.0
5.0,2025-12-02,18.0,,0.0,0.0
5.0,2025-12-02,19.0,,0.0,0.0
5.0,2025-12-02,20.0,,0.0,0.0
5.0,2025-12-02,21.0,,0.0,0.0
5.0,2025-12-02,22.0,,0.0,0.0
5.0,2025-12-02,23.0,,0.0,0.0
7.0,2025-12-02,0.0,,39.29432592292199,38.37880849944914
7.0,2025-12-02,1.0,,0.49642870619711577,0.0
7.0,2025-12-02,2.0,,2.802479187359455e-34,0.0
7.0,2025-12-02,3.0,,2.802479187359455e-34,0.0
7.0,2025-12-02,4.0,,0.0,0.0
7.0,2025-12-02,5.0,,193.12331870393297,191.38267469907834
7.0,2025-12-02,6.0,,709.9321981603413,728.1555319686345
7.0,2025-12-02,7.0,,1659.8721182850795,1700.3260427936846
7.0,2025-12-02,8.0,,2537.294816523279,2553.5992505273734
7.0,2025-12-02,9.0,,1887.4383808614632,1937.552172860437
7.0,2025-12-02,10.0,,1696.635764048844,1707.887110287384
7.0,2025-12-02,11.0,,1513.5796917624841,1522.2079030064597
7.0,2025-12-02,12.0,,1652.685728333638,1753.7941085640948
7.0,2025-12-02,13.0,,1610.1305600325138,1680.5468791246797
7.0,2025-12-02,14.0,,1686.2344326636746,1732.2995117517207
7.0,2025-12-02,15.0,,1807.8817863826434,1870.8221944815234
7.0,2025-12-02,16.0,,1878.985967246816,1942.231846902057
7.0,2025-12-02,17.0,,2362.343330154272,2383.0169707935265
7.0,2025-12-02,18.0,,2597.9918827721845,2630.033737308923
7.0,2025-12-02,19.0,,1776.8444298383029,1790.573680826221
7.0,2025-12-02,20.0,,1119.6225797478717,1089.3122850781451
7.0,2025-12-02,21.0,,641.0943071150649,614.5957435603356
7.0,2025-12-02,22.0,,332.3594735864995,317.82716509490405
7.0,2025-12-02,23.0,,173.62191109520776,179.54937355880452
11.0,2025-12-02,0.0,,22.694755322055567,50.668652145518955
11.0,2025-12-02,1.0,,0.0,0.0
11.0,2025-12-02,2.0,,2.802479187359455e-34,0.0
11.0,2025-12-02,3.0,,2.802479187359455e-34,0.0
11.0,2025-12-02,4.0,,1.1183008052602363,0.0
11.0,2025-12-02,5.0,,250.68574977414033,304.89710272808935
11.0,2025-12-02,6.0,,1253.5115599334304,1299.4268169682423
11.0,2025-12-02,7.0,,2381.4512093132967,2229.724486509602
11.0,2025-12-02,8.0,,3063.7719086675725,2986.5663348817093
11.0,2025-12-02,9.0,,2392.785725886041,2346.9183105831585
11.0,2025-12-02,10.0,,1872.9517862067116,1911.7823145083478
11.0,2025-12-02,11.0,,1796.3310527782726,1808.5765706955763
11.0,2025-12-02,12.0,,1853.1616481833141,1864.2873844960034
11.0,2025-12-02,13.0,,1997.949428418066,1966.5297295769158
11.0,2025-12-02,14.0,,1974.8333298544599,1966.4076026924486
11.0,2025-12-02,15.0,,2031.117745040262,1986.9562982139487
11.0,2025-12-02,16.0,,2265.098191339558,2231.913782150737
11.0,2025-12-02,17.0,,2827.485336212147,2786.7011528130256
11.0,2025-12-02,18.0,,2936.3109981877765,3009.1236120748913
11.0,2025-12-02,19.0,,2215.5701420118135,2313.8432966133173
11.0,2025-12-02,20.0,,1396.2204131335013,1443.2780944644094
11.0,2025-12-02,21.0,,798.544083791863,786.7690964745009
11.0,2025-12-02,22.0,,399.80389065806804,397.198344453787
11.0,2025-12-02,23.0,,182.44475285647025,217.43545554363044
12.0,2025-12-02,0.0,,29.05527693574742,33.87015724854131
12.0,2025-12-02,1.0,,0.0,0.0
12.0,2025-12-02,2.0,,2.802479187359455e-34,0.0
12.0,2025-12-02,3.0,,2.802479187359455e-34,0.0
12.0,2025-12-02,4.0,,3.2188876132634423,0.0
12.0,2025-12-02,5.0,,301.6629732512317,302.0213413657538
12.0,2025-12-02,6.0,,1367.4869336379156,1377.932177890929
12.0,2025-12-02,7.0,,2710.4057343115246,2644.7622204706267
12.0,2025-12-02,8.0,,3425.1590224420106,3395.1496919277392
12.0,2025-12-02,9.0,,2412.01399136589,2453.9828169813904
12.0,2025-12-02,10.0,,2017.7028839917514,2021.1359069753996
12.0,2025-12-02,11.0,,1978.5364177335603,1900.1260367098878
12.0,2025-12-02,12.0,,2013.8265974000776,2021.6383069326405
12.0,2025-12-02,13.0,,2012.6242490646669,2091.7139276797743
12.0,2025-12-02,14.0,,1960.7884442839731,1950.549336553665
12.0,2025-12-02,15.0,,2226.546138933219,2233.3518696828296
12.0,2025-12-02,16.0,,2666.4015340758206,2680.131024595146
12.0,2025-12-02,17.0,,3002.806114653553,2923.6167909539345
12.0,2025-12-02,18.0,,3059.4625828206695,3075.6880761097214
12.0,2025-12-02,19.0,,2412.2037375269306,2393.9272880990875
12.0,2025-12-02,20.0,,1462.7854358757602,1511.75156302952
12.0,2025-12-02,21.0,,841.2596552910909,939.8072304059252
12.0,2025-12-02,22.0,,449.88793515229963,473.0381399753816
12.0,2025-12-02,23.0,,206.2675334716989,244.4709006202632
17.0,2025-12-02,0.0,,79.17461824472115,93.43491929439095
17.0,2025-12-02,1.0,,0.0,0.44915081617828256
17.0,2025-12-02,2.0,,2.802479187359455e-34,0.0
17.0,2025-12-02,3.0,,2.802479187359455e-34,0.0
17.0,2025-12-02,4.0,,26.707124224939218,15.374097339535684
17.0,2025-12-02,5.0,,304.9850562458825,314.1926145488808
17.0,2025-12-02,6.0,,1498.9178755907758,1511.1546916041134
17.0,2025-12-02,7.0,,3923.833103027568,3929.9896622630527
17.0,2025-12-02,8.0,,5268.541599485661,5201.876623234304
17.0,2025-12-02,9.0,,3683.980500103668,3706.41807422556
17.0,2025-12-02,10.0,,2925.818207789135,2980.9038229211606
17.0,2025-12-02,11.0,,2838.4109437974084,2922.9682567488753
17.0,2025-12-02,12.0,,2933.14612041838,2980.62332519912
17.0,2025-12-02,13.0,,3020.849801787824,3040.1941740091693
17.0,2025-12-02,14.0,,3076.6214017554116,3097.409888667104
17.0,2025-12-02,15.0,,3183.9960738347027,3206.025202650784
17.0,2025-12-02,16.0,,3513.802769985505,3625.47437183067
17.0,2025-12-02,17.0,,4327.548198947018,4410.361310123532
17.0,2025-12-02,18.0,,4756.24617783924,4781.970610793157
17.0,2025-12-02,19.0,,3316.8268351978495,3365.463513416842
17.0,2025-12-02,20.0,,2262.374048882942,2339.5472934713594
17.0,2025-12-02,21.0,,1371.0041959353466,1435.0840382707456
17.0,2025-12-02,22.0,,664.9632745718568,749.3084006999183
17.0,2025-12-02,23.0,,335.1584193132516,366.9140345026422
25.0,2025-12-02,0.0,,0.0,2.598117033032248e-10
25.0,2025-12-02,1.0,,2.802479187359455e-34,0.0
25.0,2025-12-02,2.0,,2.802479187359455e-34,0.0
25.0,2025-12-02,3.0,,2.802479187359455e-34,0.0
25.0,2025-12-02,4.0,,2.802479187359455e-34,0.0
25.0,2025-12-02,5.0,,10.412285386428062,0.0
25.0,2025-12-02,6.0,,177.1545026467074,150.83355016579347
25.0,2025-12-02,7.0,,518.7453667382619,497.70208434555843
25.0,2025-12-02,8.0,,880.4131629611737,825.7043463584846
25.0,2025-12-02,9.0,,466.36599220150794,426.7985207187986
25.0,2025-12-02,10.0,,374.40393738060334,358.670440126649
25.0,2025-12-02,11.0,,389.9236288693127,360.65507833908634
25.0,2025-12-02,12.0,,387.1367389032701,366.1255660979293
25.0,2025-12-02,13.0,,450.53644242618446,434.11056363754466
25.0,2025-12-02,14.0,,397.3006705050623,399.1166727505017
25.0,2025-12-02,15.0,,497.9429879329803,519.6602340839694
25.0,2025-12-02,16.0,,612.3155168612158,641.7621375378532
25.0,2025-12-02,17.0,,686.3676178644384,685.6080218061575
25.0,2025-12-02,18.0,,740.5190197366387,707.4345840891152
25.0,2025-12-02,19.0,,497.75924328628724,477.5920297162816
25.0,2025-12-02,20.0,,312.4576788694019,296.1017687251666
25.0,2025-12-02,21.0,,185.15876478247094,190.73276485599936
25.0,2025-12-02,22.0,,84.83126161442462,104.24701639818481
25.0,2025-12-02,23.0,,10.580506728885041,0.0
26.0,2025-12-02,0.0,,4.30369905257008,5.041556650041676
26.0,2025-12-02,1.0,,0.0,0.0
26.0,2025-12-02,2.0,,2.802479187359455e-34,0.0
26.0,2025-12-02,3.0,,2.802479187359455e-34,0.0
26.0,2025-12-02,4.0,,5.213289260124864,0.0
26.0,2025-12-02,5.0,,85.98159156299661,80.45743895490683
26.0,2025-12-02,6.0,,507.90183125094785,462.2166406241317
26.0,2025-12-02,7.0,,1061.5233989475446,1020.8621153084788
26.0,2025-12-02,8.0,,2073.067084471989,2084.0179891004486
26.0,2025-12-02,9.0,,1443.7687822864839,1402.472604781475
26.0,2025-12-02,10.0,,1218.9816446640973,1263.144145176166
26.0,2025-12-02,11.0,,1114.2169160237993,1042.3176223961734
26.0,2025-12-02,12.0,,1156.0092573400823,1138.9476284523319
26.0,2025-12-02,13.0,,1184.6950889244918,1167.8605662536306
26.0,2025-12-02,14.0,,1246.2331372140347,1249.0795826297676
26.0,2025-12-02,15.0,,1364.3054881667308,1262.3816656708477
26.0,2025-12-02,16.0,,1536.7908161540045,1516.2789852986202
26.0,2025-12-02,17.0,,1702.0388571414226,1724.7522183952008
26.0,2025-12-02,18.0,,1766.8705433731066,1842.8074790808143
26.0,2025-12-02,19.0,,1245.6391850813757,1213.7368222589173
26.0,2025-12-02,20.0,,747.2461007576591,722.0082654858837
26.0,2025-12-02,21.0,,462.6970026695146,464.3798480314561
26.0,2025-12-02,22.0,,204.20697682641273,192.086057714591
26.0,2025-12-02,23.0,,111.81795688201288,112.42143111876065
28.0,2025-12-02,0.0,,1.1027439654455586,0.0
28.0,2025-12-02,1.0,,2.802479187359455e-34,0.0
28.0,2025-12-02,2.0,,2.802479187359455e-34,0.0
28.0,2025-12-02,3.0,,2.802479187359455e-34,0.0
28.0,2025-12-02,4.0,,0.0,0.0
28.0,2025-12-02,5.0,,81.45013027460097,65.06677318936521
28.0,2025-12-02,6.0,,273.51472837128716,265.43408879396253
28.0,2025-12-02,7.0,,746.1723720201223,787.2877490427011
28.0,2025-12-02,8.0,,1201.191330882837,1232.076020112788
28.0,2025-12-02,9.0,,832.928540359237,840.8536963714655
28.0,2025-12-02,10.0,,654.1170782463171,640.8899934733987
28.0,2025-12-02,11.0,,557.5787833141582,545.0900888904163
28.0,2025-12-02,12.0,,705.0829384514477,703.7700273160253
28.0,2025-12-02,13.0,,744.9622972194172,724.3838731648191
28.0,2025-12-02,14.0,,671.856540194212,667.2041595120903
28.0,2025-12-02,15.0,,697.7356805460357,702.5525488989756
28.0,2025-12-02,16.0,,835.2166062699005,845.4053703519049
28.0,2025-12-02,17.0,,968.9767355638114,964.2405863048449
28.0,2025-12-02,18.0,,910.2964302150302,897.0815572180852
28.0,2025-12-02,19.0,,711.8821618647426,689.2539503693832
28.0,2025-12-02,20.0,,502.21750900348235,463.2846264511174
28.0,2025-12-02,21.0,,306.1675060587933,306.0431530375931
28.0,2025-12-02,22.0,,124.00990398227377,127.25443651599903
28.0,2025-12-02,23.0,,8.121645812977723,0.7453918672616124
50.0,2025-12-02,0.0,,2.036244737806254,16.557199527902917
50.0,2025-12-02,1.0,,13.241617134951742,0.0
50.0,2025-12-02,2.0,,0.0,2.598117033032248e-10
50.0,2025-12-02,3.0,,2.802479187359455e-34,0.0
50.0,2025-12-02,4.0,,2.984208161088728,0.0
50.0,2025-12-02,5.0,,58.23717659621451,53.83450373472177
50.0,2025-12-02,6.0,,561.8098020280614,503.44511575072
50.0,2025-12-02,7.0,,1748.0972518217773,1739.3973209681642
50.0,2025-12-02,8.0,,2728.4266169718444,2550.742896299532
50.0,2025-12-02,9.0,,2137.864205300358,2032.8944973891469
50.0,2025-12-02,10.0,,1653.0038708597378,1615.6887033937583
50.0,2025-12-02,11.0,,1539.0856214614912,1530.2589021132935
50.0,2025-12-02,12.0,,1459.6863747553837,1425.2251714697888
50.0,2025-12-02,13.0,,1458.6045320888559,1466.9404760388934
50.0,2025-12-02,14.0,,1412.2098854362744,1423.183203481499
50.0,2025-12-02,15.0,,1682.2172392715042,1642.7104103052218
50.0,2025-12-02,16.0,,1750.174191206855,1714.0034990320714
50.0,2025-12-02,17.0,,2317.1407498523013,2313.156990892476
50.0,2025-12-02,18.0,,2415.1292539077917,2406.289653963229
50.0,2025-12-02,19.0,,1477.4489760478582,1412.487999431337
50.0,2025-12-02,20.0,,915.6618014108915,913.6596021243798
50.0,2025-12-02,21.0,,585.6523730502029,578.2097717823384
50.0,2025-12-02,22.0,,249.11470974223639,239.78906530372845
50.0,2025-12-02,23.0,,125.3238480521881,118.38621243275696
1.0,2025-12-03,0.0,,0.0,0.0
1.0,2025-12-03,1.0,,2.802479187359455e-34,0.0
1.0,2025-12-03,2.0,,2.802479187359455e-34,0.0
1.0,2025-12-03,3.0,,2.802479187359455e-34,0.0
1.0,2025-12-03,4.0,,0.0,0.0
1.0,2025-12-03,5.0,,122.63951876478184,119.70387826240682
1.0,2025-12-03,6.0,,524.885339375763,510.82839450942913
1.0,2025-12-03,7.0,,1468.2936235909826,1508.6842966387355
1.0,2025-12-03,8.0,,1881.075613690505,1921.2356579692616
1.0,2025-12-03,9.0,,1399.704857836297,1468.0250117796827
1.0,2025-12-03,10.0,,1287.527531335689,1321.1093891087235
1.0,2025-12-03,11.0,,1317.1076929058083,1345.7599983049997
1.0,2025-12-03,12.0,,1355.162831973485,1310.966634082999
1.0,2025-12-03,13.0,,1407.8119410681302,1394.8186304494818
1.0,2025-12-03,14.0,,1380.2716804648255,1340.7616144387391
1.0,2025-12-03,15.0,,1503.6705117899485,1518.9621780227367
1.0,2025-12-03,16.0,,1469.6784223183688,1523.6688731062275
1.0,2025-12-03,17.0,,1774.0707099863503,1777.1555788179048
1.0,2025-12-03,18.0,,1759.166404940848,1755.2201720426988
1.0,2025-12-03,19.0,,1359.142806355377,1357.9495491638854
1.0,2025-12-03,20.0,,847.1705488693746,862.063337919903
1.0,2025-12-03,21.0,,478.3671080656492,486.3266181895
1.0,2025-12-03,22.0,,261.52182446712385,241.6139429109394
1.0,2025-12-03,23.0,,46.95329667729635,35.67201676464074
5.0,2025-12-03,0.0,,0.0,0.0
5.0,2025-12-03,1.0,,0.0,0.0
5.0,2025-12-03,2.0,,0.0,0.0
5.0,2025-12-03,3.0,,0.0,0.0
5.0,2025-12-03,4.0,,0.0,0.0
5.0,2025-12-03,5.0,,0.0,0.0
5.0,2025-12-03,6.0,,0.0,0.0
5.0,2025-12-03,7.0,,0.0,0.0
5.0,2025-12-03,8.0,,0.0,0.0
5.0,2025-12-03,9.0,,0.0,0.0
5.0,2025-12-03,10.0,,0.0,0.0
5.0,2025-12-03,11.0,,0.0,0.0
5.0,2025-12-03,12.0,,0.0,0.0
5.0,2025-12-03,13.0,,0.0,0.0
5.0,2025-12-03,14.0,,0.0,0.0
5.0,2025-12-03,15.0,,0.0,0.0
5.0,2025-12-03,16.0,,0.0,0.0
5.0,2025-12-03,17.0,,0.0,0.0
5.0,2025-12-03,18.0,,0.0,0.0
5.0,2025-12-03,19.0,,0.0,0.0
5.0,2025-12-03,20.0,,0.0,0.0
5.0,2025-12-03,21.0,,0.0,0.0
5.0,2025-12-03,22.0,,0.0,0.0
5.0,2025-12-03,23.0,,0.0,0.0
7.0,2025-12-03,0.0,,56.88210593318802,57.361377706389604
7.0,2025-12-03,1.0,,15.426384088192293,9.591116909224507
7.0,2025-12-03,2.0,,2.802479187359455e-34,0.0
7.0,2025-12-03,3.0,,2.802479187359455e-34,0.0
7.0,2025-12-03,4.0,,0.0,0.0
7.0,2025-12-03,5.0,,197.43764629919477,195.93582154700607
7.0,2025-12-03,6.0,,685.7375569932425,733.1857904967698
7.0,2025-12-03,7.0,,1642.7534971220027,1705.2135286804298
7.0,2025-12-03,8.0,,2527.9454401338776,2586.5302594863037
7.0,2025-12-03,9.0,,1891.3346263511776,1947.2467479465638
7.0,2025-12-03,10.0,,1713.0530937234016,1709.5246528124644
7.0,2025-12-03,11.0,,1524.7696724816624,1543.4485530997401
7.0,2025-12-03,12.0,,1646.8678396008536,1770.3233493995556
7.0,2025-12-03,13.0,,1602.8212189621177,1706.429794038858
7.0,2025-12-03,14.0,,1705.7292882040501,1767.7284273037371
7.0,2025-12-03,15.0,,1835.4368702073048,1896.4476525414448
7.0,2025-12-03,16.0,,1906.5508459769771,1951.2781969422288
7.0,2025-12-03,17.0,,2402.438341490203,2400.6560341583186
7.0,2025-12-03,18.0,,2595.8047525702464,2631.081967277793
7.0,2025-12-03,19.0,,1766.3998142295159,1796.946244426202
7.0,2025-12-03,20.0,,1114.2093126277862,1043.261943241523
7.0,2025-12-03,21.0,,660.5884568337417,631.8781894820721
7.0,2025-12-03,22.0,,352.9653205761719,340.00998040100217
7.0,2025-12-03,23.0,,183.32381024536966,177.44164864910908
11.0,2025-12-03,0.0,,41.58138681782928,65.86877793788169
11.0,2025-12-03,1.0,,6.372847491988189,0.0
11.0,2025-12-03,2.0,,2.802479187359455e-34,0.0
11.0,2025-12-03,3.0,,2.802479187359455e-34,0.0
11.0,2025-12-03,4.0,,0.0,0.11755637888541985
11.0,2025-12-03,5.0,,259.2106872113014,302.04394783606836
11.0,2025-12-03,6.0,,1254.915320610048,1316.338933607656
11.0,2025-12-03,7.0,,2372.844408586761,2366.3823237755096
11.0,2025-12-03,8.0,,3050.5631538116036,3088.8369689786537
11.0,2025-12-03,9.0,,2400.015755196576,2417.669309214021
11.0,2025-12-03,10.0,,1924.8194526837701,1930.785775320913
11.0,2025-12-03,11.0,,1848.6937620384076,1841.471441650598
11.0,2025-12-03,12.0,,1896.7526100582395,1883.4654786947756
11.0,2025-12-03,13.0,,2026.7219288591484,1983.2328645647383
11.0,2025-12-03,14.0,,2034.0476122925759,2005.687159759656
11.0,2025-12-03,15.0,,2097.446453593538,2100.4935151577433
11.0,2025-12-03,16.0,,2280.5099403111853,2242.73153981533
11.0,2025-12-03,17.0,,2856.5684207601403,2797.67257067813
11.0,2025-12-03,18.0,,2963.214787739537,3027.4678595157156
11.0,2025-12-03,19.0,,2221.1234275044653,2342.4046771036915
11.0,2025-12-03,20.0,,1404.3743297117894,1477.6437047957018
11.0,2025-12-03,21.0,,821.1279646687249,828.833888772586
11.0,2025-12-03,22.0,,421.53162382553444,425.87515203066346
11.0,2025-12-03,23.0,,196.13866015552867,237.83847329347742
12.0,2025-12-03,0.0,,49.70352803856938,46.452195991755055
12.0,2025-12-03,1.0,,0.0,0.0
12.0,2025-12-03,2.0,,2.802479187359455e-34,0.0
12.0,2025-12-03,3.0,,2.802479187359455e-34,0.0
12.0,2025-12-03,4.0,,9.02045833644502,0.0
12.0,2025-12-03,5.0,,323.6841060650179,315.94477637925564
12.0,2025-12-03,6.0,,1371.5745707949031,1393.486769911998
12.0,2025-12-03,7.0,,2700.9950791938927,2640.9537048467846
12.0,2025-12-03,8.0,,3432.3863100610647,3422.5759955007115
12.0,2025-12-03,9.0,,2419.533102395655,2459.7628326839017
12.0,2025-12-03,10.0,,2031.6818758922398,2087.1890496679257
12.0,2025-12-03,11.0,,2013.3973308896352,2022.2260008642604
12.0,2025-12-03,12.0,,2003.1840876898527,2025.197956967316
12.0,2025-12-03,13.0,,2011.00903817885,2130.091066963646
12.0,2025-12-03,14.0,,1974.4101592899674,2083.1584143534287
12.0,2025-12-03,15.0,,2227.6598284294355,2281.0368307413187
12.0,2025-12-03,16.0,,2699.69928186831,2716.086963322917
12.0,2025-12-03,17.0,,3018.120967563956,2956.1143050467035
12.0,2025-12-03,18.0,,3076.4789125580846,3077.8552836806202
12.0,2025-12-03,19.0,,2414.4225065352766,2475.3884794601076
12.0,2025-12-03,20.0,,1440.1074806303516,1525.7018871275202
12.0,2025-12-03,21.0,,841.7586511874986,942.389794477754
12.0,2025-12-03,22.0,,458.0010340936174,478.81088885391523
12.0,2025-12-03,23.0,,216.2237712978052,265.16828900128803
17.0,2025-12-03,0.0,,106.79546104547555,116.71164966655579
17.0,2025-12-03,1.0,,2.5196987185965596,5.1128237552944995
17.0,2025-12-03,2.0,,2.802479187359455e-34,0.0
17.0,2025-12-03,3.0,,2.802479187359455e-34,0.0
17.0,2025-12-03,4.0,,29.16046105066254,23.03700799590098
17.0,2025-12-03,5.0,,312.49474128616737,325.16770325761865
17.0,2025-12-03,6.0,,1484.2264365848835,1513.3489736319661
17.0,2025-12-03,7.0,,3884.248837924235,3925.754458603965
17.0,2025-12-03,8.0,,5261.921993909706,5210.242972419136
17.0,2025-12-03,9.0,,3678.7422401525005,3702.273514943245
17.0,2025-12-03,10.0,,2948.430211963873,2993.3003256965176
17.0,2025-12-03,11.0,,2888.848763169237,3045.1293914728253
17.0,2025-12-03,12.0,,2962.4630066645336,3000.281219869652
17.0,2025-12-03,13.0,,3030.4770644507566,3065.025015699586
17.0,2025-12-03,14.0,,3103.7691489801646,3145.255697704952
17.0,2025-12-03,15.0,,3252.2124193096606,3310.923250351035
17.0,2025-12-03,16.0,,3577.491508262109,3619.290320204465
17.0,2025-12-03,17.0,,4371.7173038032315,4412.499141220589
17.0,2025-12-03,18.0,,4765.729529802594,4789.763479728382
17.0,2025-12-03,19.0,,3316.319347592748,3392.024739652648
17.0,2025-12-03,20.0,,2263.541246155095,2358.630025177004
17.0,2025-12-03,21.0,,1372.7637296049204,1458.1998980147673
17.0,2025-12-03,22.0,,670.4478463831227,774.457665839018
17.0,2025-12-03,23.0,,347.6284329627933,391.22860602808043
25.0,2025-12-03,0.0,,0.0,3.5797274173033196
25.0,2025-12-03,1.0,,2.802479187359455e-34,0.0
25.0,2025-12-03,2.0,,2.802479187359455e-34,0.0
25.0,2025-12-03,3.0,,2.802479187359455e-34,0.0
25.0,2025-12-03,4.0,,2.802479187359455e-34,0.0
25.0,2025-12-03,5.0,,11.5521253214115,0.0
25.0,2025-12-03,6.0,,173.5554739773862,162.0719680329215
25.0,2025-12-03,7.0,,519.1088232182909,494.55532424444203
25.0,2025-12-03,8.0,,869.5271832551698,827.2999220430473
25.0,2025-12-03,9.0,,468.74155699538414,439.01130761187983
25.0,2025-12-03,10.0,,370.93409429238324,361.9469458846693
25.0,2025-12-03,11.0,,393.47125605186176,383.7864640682609
25.0,2025-12-03,12.0,,407.9780812097869,372.50847341205116
25.0,2025-12-03,13.0,,470.10542822923736,444.1026962174187
25.0,2025-12-03,14.0,,419.488842587799,418.7661824894106
25.0,2025-12-03,15.0,,519.2107088918237,546.2680493413386
25.0,2025-12-03,16.0,,633.0942841695689,648.9437488743874
25.0,2025-12-03,17.0,,713.5225093178894,703.9593463664385
25.0,2025-12-03,18.0,,768.464029464738,724.1222378466161
25.0,2025-12-03,19.0,,517.0538651344618,504.3361281549345
25.0,2025-12-03,20.0,,327.5879350947476,309.11153313612954
25.0,2025-12-03,21.0,,205.02950904590037,206.37080685643312
25.0,2025-12-03,22.0,,92.94298614714907,116.3642850959096
25.0,2025-12-03,23.0,,8.234405342024004,0.0
26.0,2025-12-03,0.0,,17.681229474146132,19.987754426774945
26.0,2025-12-03,1.0,,2.6870165021042824,0.0
26.0,2025-12-03,2.0,,2.802479187359455e-34,0.0
26.0,2025-12-03,3.0,,2.802479187359455e-34,0.0
26.0,2025-12-03,4.0,,6.061062988407462,0.0
26.0,2025-12-03,5.0,,87.42976481781174,81.96425356203325
26.0,2025-12-03,6.0,,490.19820141750887,495.1144387623325
26.0,2025-12-03,7.0,,1053.0701292096635,1093.6248793232512
26.0,2025-12-03,8.0,,2043.1943601102091,2229.8182506118105
26.0,2025-12-03,9.0,,1444.3115554277551,1467.4000842789133
26.0,2025-12-03,10.0,,1211.904852743627,1250.9198410476045
26.0,2025-12-03,11.0,,1126.3136281497398,1221.8093393113284
26.0,2025-12-03,12.0,,1157.6925965162436,1146.9541269886026
26.0,2025-12-03,13.0,,1196.27439624788,1205.2216817879769
26.0,2025-12-03,14.0,,1278.699940538499,1274.7268076851697
26.0,2025-12-03,15.0,,1384.2178905677924,1441.1905863080303
26.0,2025-12-03,16.0,,1541.772879013524,1571.8929950429192
26.0,2025-12-03,17.0,,1688.5995118520425,1731.4980836342415
26.0,2025-12-03,18.0,,1753.054345227301,1836.527585956337
26.0,2025-12-03,19.0,,1231.4500801734616,1241.2653923839819
26.0,2025-12-03,20.0,,776.3359080950656,767.8695066164242
26.0,2025-12-03,21.0,,498.137313916115,486.05198257813663
26.0,2025-12-03,22.0,,214.22231311886776,199.93676610863187
26.0,2025-12-03,23.0,,124.351553170549,118.59801145969196
28.0,2025-12-03,0.0,,1.1027439654455586,0.0
28.0,2025-12-03,1.0,,2.802479187359455e-34,0.0
28.0,2025-12-03,2.0,,2.802479187359455e-34,0.0
28.0,2025-12-03,3.0,,2.802479187359455e-34,0.0
28.0,2025-12-03,4.0,,0.0,0.0
28.0,2025-12-03,5.0,,82.01732665493685,65.10505497853508
28.0,2025-12-03,6.0,,267.8462158933167,261.1310214792319
28.0,2025-12-03,7.0,,730.2967383484336,756.3026738846794
28.0,2025-12-03,8.0,,1191.4382702995542,1177.5903898555864
28.0,2025-12-03,9.0,,832.6921263718859,851.5150251504812
28.0,2025-12-03,10.0,,634.8742360632315,623.3783006681791
28.0,2025-12-03,11.0,,573.3521501057655,561.4383819797599
28.0,2025-12-03,12.0,,703.9465920477412,697.5360361292413
28.0,2025-12-03,13.0,,743.9550639847381,732.277930890946
28.0,2025-12-03,14.0,,664.035211113068,669.4436982117471
28.0,2025-12-03,15.0,,700.957173612111,707.6261111643762
28.0,2025-12-03,16.0,,869.6305947962435,860.0317806276546
28.0,2025-12-03,17.0,,998.0761206167037,998.3261579786559
28.0,2025-12-03,18.0,,944.0893767810104,915.7322376627523
28.0,2025-12-03,19.0,,716.0320280307316,695.5751983230705
28.0,2025-12-03,20.0,,512.4339518997273,480.615827733785
28.0,2025-12-03,21.0,,308.6744952743234,322.5422665492062
28.0,2025-12-03,22.0,,136.0149119375003,126.77370240716164
28.0,2025-12-03,23.0,,4.144258383516663,0.7156724904292173
50.0,2025-12-03,0.0,,11.134623985075521,32.78833542112644
50.0,2025-12-03,1.0,,20.472739241985174,0.3575175366055367
50.0,2025-12-03,2.0,,3.1740078593223324,2.598117033032248e-10
50.0,2025-12-03,3.0,,2.802479187359455e-34,0.0
50.0,2025-12-03,4.0,,9.867558888450972,0.0
50.0,2025-12-03,5.0,,71.82600930431757,58.32373047791741
50.0,2025-12-03,6.0,,522.5414622829254,497.4122766809477
50.0,2025-12-03,7.0,,1737.6016939851734,1737.5166424385802
50.0,2025-12-03,8.0,,2725.4620096502817,2724.877090669508
50.0,2025-12-03,9.0,,2112.9415696835786,2161.534683650354
50.0,2025-12-03,10.0,,1649.5576755736047,1642.3468297331126
50.0,2025-12-03,11.0,,1540.256545422426,1528.6134032578493
50.0,2025-12-03,12.0,,1488.2208381391179,1432.1486213624755
50.0,2025-12-03,13.0,,1469.9889878349757,1473.8931617057942
50.0,2025-12-03,14.0,,1415.881412854767,1418.7780273569776
50.0,2025-12-03,15.0,,1703.8838182132938,1645.8948395518871
50.0,2025-12-03,16.0,,1775.5708968858014,1732.9513886823702
50.0,2025-12-03,17.0,,2349.7658006830047,2325.4357973325864
50.0,2025-12-03,18.0,,2401.1653598555636,2417.3487371005976
50.0,2025-12-03,19.0,,1466.0925274807335,1429.6256996043173
50.0,2025-12-03,20.0,,895.18966601003,889.6042638462843
50.0,2025-12-03,21.0,,604.5418350485644,589.6938908188838
50.0,2025-12-03,22.0,,267.84460417485,254.91990216761604
50.0,2025-12-03,23.0,,142.6540221578708,140.54313017953538
1.0,2025-12-04,0.0,,0.0,0.0
1.0,2025-12-04,1.0,,2.802479187359455e-34,0.0
1.0,2025-12-04,2.0,,2.802479187359455e-34,0.0
1.0,2025-12-04,3.0,,2.802479187359455e-34,0.0
1.0,2025-12-04,4.0,,0.0,0.0
1.0,2025-12-04,5.0,,129.0903572028208,125.48179417342084
1.0,2025-12-04,6.0,,533.8345578211655,518.3780115981558
1.0,2025-12-04,7.0,,1493.021021959828,1498.9716126154233
1.0,2025-12-04,8.0,,1879.3569562768428,1911.516929397858
1.0,2025-12-04,9.0,,1438.5051470272526,1469.3801160735422
1.0,2025-12-04,10.0,,1305.0936204573684,1290.6366580097942
1.0,2025-12-04,11.0,,1308.9826512446014,1339.3325996417327
1.0,2025-12-04,12.0,,1368.5500544249285,1437.977954974412
1.0,2025-12-04,13.0,,1395.685009261068,1440.1961419144943
1.0,2025-12-04,14.0,,1348.6160697149141,1306.1646051447287
1.0,2025-12-04,15.0,,1500.238687831653,1495.5320882510737
1.0,2025-12-04,16.0,,1472.0481158635407,1515.067537155725
1.0,2025-12-04,17.0,,1767.353425215535,1750.660377740107
1.0,2025-12-04,18.0,,1764.4845148709032,1736.3529783355082
1.0,2025-12-04,19.0,,1346.6075238746798,1332.8955442578365
1.0,2025-12-04,20.0,,872.6454977589024,850.8911609427081
1.0,2025-12-04,21.0,,487.9695027108596,480.34594450040765
1.0,2025-12-04,22.0,,245.69491182510313,239.85799270630037
1.0,2025-12-04,23.0,,48.35729414942019,35.26307629256226
5.0,2025-12-04,0.0,,0.0,0.0
5.0,2025-12-04,1.0,,0.0,0.0
5.0,2025-12-04,2.0,,0.0,0.0
5.0,2025-12-04,3.0,,0.0,0.0
5.0,2025-12-04,4.0,,0.0,0.0
5.0,2025-12-04,5.0,,0.0,0.0
5.0,2025-12-04,6.0,,0.0,0.0
5.0,2025-12-04,7.0,,0.0,0.0
5.0,2025-12-04,8.0,,0.0,0.0
5.0,2025-12-04,9.0,,0.0,0.0
5.0,2025-12-04,10.0,,0.0,0.0
5.0,2025-12-04,11.0,,0.0,0.0
5.0,2025-12-04,12.0,,0.0,0.0
5.0,2025-12-04,13.0,,0.0,0.0
5.0,2025-12-04,14.0,,0.0,0.0
5.0,2025-12-04,15.0,,0.0,0.0
5.0,2025-12-04,16.0,,0.0,0.0
5.0,2025-12-04,17.0,,0.0,0.0
5.0,2025-12-04,18.0,,0.0,0.0
5.0,2025-12-04,19.0,,0.0,0.0
5.0,2025-12-04,20.0,,0.0,0.0
5.0,2025-12-04,21.0,,0.0,0.0
5.0,2025-12-04,22.0,,0.0,0.0
5.0,2025-12-04,23.0,,0.0,0.0
7.0,2025-12-04,0.0,,61.099053812107385,59.736944450252565
7.0,2025-12-04,1.0,,9.624961977911026,0.0
7.0,2025-12-04,2.0,,2.802479187359455e-34,0.0
7.0,2025-12-04,3.0,,2.802479187359455e-34,0.0
7.0,2025-12-04,4.0,,0.0,0.0
7.0,2025-12-04,5.0,,190.87693763686275,199.08496349991321
7.0,2025-12-04,6.0,,696.7977447601774,748.5966485675577
7.0,2025-12-04,7.0,,1640.6148877409812,1673.4144334258863
7.0,2025-12-04,8.0,,2506.2115156723826,2559.8774010530556
7.0,2025-12-04,9.0,,1852.694982201143,1835.9725932890772
7.0,2025-12-04,10.0,,1663.8884480232814,1640.3536725616052
7.0,2025-12-04,11.0,,1490.7053167555966,1514.5614229031005
7.0,2025-12-04,12.0,,1630.3644846417692,1619.4949658112648
7.0,2025-12-04,13.0,,1573.6078717600205,1592.4897100821324
7.0,2025-12-04,14.0,,1675.4127652983457,1757.5239158908057
7.0,2025-12-04,15.0,,1805.3766516932383,1858.079132413901
7.0,2025-12-04,16.0,,1876.8520205766742,1936.1533682625147
7.0,2025-12-04,17.0,,2353.942384869434,2286.4743079034433
7.0,2025-12-04,18.0,,2597.602270486252,2607.6430515724887
7.0,2025-12-04,19.0,,1753.035794763122,1691.9502262840736
7.0,2025-12-04,20.0,,1114.2172072387386,1028.3184367801803
7.0,2025-12-04,21.0,,640.062067129967,631.4905351229743
7.0,2025-12-04,22.0,,331.45849808451123,327.9730044355076
7.0,2025-12-04,23.0,,184.47415360356467,181.29445749397976
11.0,2025-12-04,0.0,,47.979713063959274,74.03080448111142
11.0,2025-12-04,1.0,,3.6372362612467377,0.0
11.0,2025-12-04,2.0,,2.802479187359455e-34,0.0
11.0,2025-12-04,3.0,,2.802479187359455e-34,0.0
11.0,2025-12-04,4.0,,0.0,0.0
11.0,2025-12-04,5.0,,260.6157947445973,309.1385954399713
11.0,2025-12-04,6.0,,1298.7238235863115,1312.0769066120886
11.0,2025-12-04,7.0,,2385.3378810033905,2362.548180070735
11.0,2025-12-04,8.0,,3071.6758423733054,3089.7516038694794
11.0,2025-12-04,9.0,,2431.817892543407,2414.7281371066406
11.0,2025-12-04,10.0,,1921.5207858049705,1939.5369981148833
11.0,2025-12-04,11.0,,1876.4803559668012,1962.1900228805787
11.0,2025-12-04,12.0,,1915.1401149471244,1860.2030907519809
11.0,2025-12-04,13.0,,2001.7854990440387,2043.5074192086297
11.0,2025-12-04,14.0,,2026.4530570674644,2049.3245887028456
11.0,2025-12-04,15.0,,2079.1111283773917,2070.796429256207
11.0,2025-12-04,16.0,,2272.8231732239683,2259.540475300236
11.0,2025-12-04,17.0,,2847.797663083965,2780.694847449962
11.0,2025-12-04,18.0,,2986.069375202575,3047.0465339971643
11.0,2025-12-04,19.0,,2229.3974838524246,2366.6203619352855
11.0,2025-12-04,20.0,,1410.163972753395,1471.584701123966
11.0,2025-12-04,21.0,,869.709166582335,846.1019075980157
11.0,2025-12-04,22.0,,447.40248989418416,435.31772186056526
11.0,2025-12-04,23.0,,235.06956327662593,253.62535051458113
12.0,2025-12-04,0.0,,48.71086010950585,49.961045309866854
12.0,2025-12-04,1.0,,0.0,0.0
12.0,2025-12-04,2.0,,2.802479187359455e-34,0.0
12.0,2025-12-04,3.0,,2.802479187359455e-34,0.0
12.0,2025-12-04,4.0,,11.739667883675889,0.0
12.0,2025-12-04,5.0,,308.6850793204947,329.9792623960242
12.0,2025-12-04,6.0,,1377.4178588782631,1391.708152239587
12.0,2025-12-04,7.0,,2730.0026162565214,2678.8456801577763
12.0,2025-12-04,8.0,,3455.8798076823996,3473.3979591926636
12.0,2025-12-04,9.0,,2430.473772792883,2456.4707664401426
12.0,2025-12-04,10.0,,2035.1081372256058,2080.3268482821913
12.0,2025-12-04,11.0,,2032.017613597201,2013.3303932640988
12.0,2025-12-04,12.0,,2028.2362249332639,2015.8965277406437
12.0,2025-12-04,13.0,,2002.1587900276525,2088.1656810374843
12.0,2025-12-04,14.0,,1972.9190913082048,2054.509198847407
12.0,2025-12-04,15.0,,2223.122555493975,2256.4065613024322
12.0,2025-12-04,16.0,,2716.3560082315166,2697.0199073945496
12.0,2025-12-04,17.0,,3042.312001399695,2931.3373534390303
12.0,2025-12-04,18.0,,3116.204715138991,3119.621240844786
12.0,2025-12-04,19.0,,2448.103162143317,2482.7639886149973
12.0,2025-12-04,20.0,,1471.3720593651344,1543.5153787106244
12.0,2025-12-04,21.0,,865.1347890820482,945.5901033019038
12.0,2025-12-04,22.0,,486.36880099670185,492.8288875147465
12.0,2025-12-04,23.0,,256.46273727885887,266.19642570794997
17.0,2025-12-04,0.0,,108.40364883686784,124.37561060849723
17.0,2025-12-04,1.0,,0.0,3.1405997388318734
17.0,2025-12-04,2.0,,2.802479187359455e-34,0.0
17.0,2025-12-04,3.0,,2.802479187359455e-34,0.0
17.0,2025-12-04,4.0,,4.378992134724903,0.0
17.0,2025-12-04,5.0,,309.13339418792265,309.48197405939567
17.0,2025-12-04,6.0,,1512.365756944491,1512.3612132415558
17.0,2025-12-04,7.0,,3912.609630321223,3923.7935263880795
17.0,2025-12-04,8.0,,5277.411223617431,5200.237786714741
17.0,2025-12-04,9.0,,3704.360401168061,3712.8407872187727
17.0,2025-12-04,10.0,,2957.955965251561,3013.517609875132
17.0,2025-12-04,11.0,,2908.087571866492,3061.213234205549
17.0,2025-12-04,12.0,,2954.8500026500737,3009.158081652313
17.0,2025-12-04,13.0,,3034.4067707697072,3046.3151724218064
17.0,2025-12-04,14.0,,3103.7530115827544,3131.169023153076
17.0,2025-12-04,15.0,,3254.3624118730813,3319.0054794216726
17.0,2025-12-04,16.0,,3595.1073451960347,3656.169923213936
17.0,2025-12-04,17.0,,4395.849825534852,4419.190304622253
17.0,2025-12-04,18.0,,4794.972067139312,4800.933221279244
17.0,2025-12-04,19.0,,3363.2713488052245,3428.3968853943998
17.0,2025-12-04,20.0,,2309.9754628117894,2389.7396073163013
17.0,2025-12-04,21.0,,1412.3259180305856,1489.341538313787
17.0,2025-12-04,22.0,,739.4982130292167,804.7873681645073
17.0,2025-12-04,23.0,,379.5065967556803,389.53459739645683
25.0,2025-12-04,0.0,,0.0,1.11203425154081
25.0,2025-12-04,1.0,,2.802479187359455e-34,0.0
25.0,2025-12-04,2.0,,2.802479187359455e-34,0.0
25.0,2025-12-04,3.0,,2.802479187359455e-34,0.0
25.0,2025-12-04,4.0,,2.802479187359455e-34,0.0
25.0,2025-12-04,5.0,,10.761668601489916,0.0
25.0,2025-12-04,6.0,,168.75853658252697,147.7930750501723
25.0,2025-12-04,7.0,,517.0027976432137,497.54652420634284
25.0,2025-12-04,8.0,,868.8188173085201,839.9311376189771
25.0,2025-12-04,9.0,,449.84001122625574,430.40412195842254
25.0,2025-12-04,10.0,,355.8678872433892,362.3785780020064
25.0,2025-12-04,11.0,,387.4459848664349,372.1854192034076
25.0,2025-12-04,12.0,,393.70643363714197,375.09109907127817
25.0,2025-12-04,13.0,,455.97772376634606,458.54379924435847
25.0,2025-12-04,14.0,,409.9900027933438,409.820883911547
25.0,2025-12-04,15.0,,516.8219259192045,546.1370055906712
25.0,2025-12-04,16.0,,632.8794257602191,654.7997220390603
25.0,2025-12-04,17.0,,700.6454276535572,686.7849807447831
25.0,2025-12-04,18.0,,758.3664924320423,717.2329345813711
25.0,2025-12-04,19.0,,501.78800793056644,486.5197122376447
25.0,2025-12-04,20.0,,311.4203893401844,294.6807415309739
25.0,2025-12-04,21.0,,195.99404168869967,197.6332834382488
25.0,2025-12-04,22.0,,94.71016327089633,117.26029727088238
25.0,2025-12-04,23.0,,0.0,0.0
26.0,2025-12-04,0.0,,12.867804270400894,9.020202014606292
26.0,2025-12-04,1.0,,0.0,0.0
26.0,2025-12-04,2.0,,2.802479187359455e-34,0.0
26.0,2025-12-04,3.0,,2.802479187359455e-34,0.0
26.0,2025-12-04,4.0,,0.0,0.0
26.0,2025-12-04,5.0,,87.31271242600043,86.74091222968059
26.0,2025-12-04,6.0,,502.5820370470907,493.74490287660456
26.0,2025-12-04,7.0,,1056.4957708122288,1077.5970953687113
26.0,2025-12-04,8.0,,2040.0911816541056,2219.210688598793
26.0,2025-12-04,9.0,,1430.1988459453814,1460.0257546754844
26.0,2025-12-04,10.0,,1184.9254647498653,1228.50895814654
26.0,2025-12-04,11.0,,1117.416241435347,1190.929284980387
26.0,2025-12-04,12.0,,1127.4162208651135,1126.4850483934538
26.0,2025-12-04,13.0,,1151.9941547219487,1155.1211640102426
26.0,2025-12-04,14.0,,1237.353955815751,1239.1473086181602
26.0,2025-12-04,15.0,,1348.420821007066,1399.3559540813822
26.0,2025-12-04,16.0,,1524.047240559804,1570.1876907768115
26.0,2025-12-04,17.0,,1674.9997645209394,1694.1152969591944
26.0,2025-12-04,18.0,,1733.6897834704964,1814.54548193403
26.0,2025-12-04,19.0,,1234.9440110651472,1221.3626506718174
26.0,2025-12-04,20.0,,773.1847858478121,767.2674286797709
26.0,2025-12-04,21.0,,469.7135834937426,482.0033651030195
26.0,2025-12-04,22.0,,221.28645576409352,210.1719551165743
26.0,2025-12-04,23.0,,123.61700406038955,114.32717842070379
28.0,2025-12-04,0.0,,1.1027439654455586,0.0
28.0,2025-12-04,1.0,,2.802479187359455e-34,0.0
28.0,2025-12-04,2.0,,2.802479187359455e-34,0.0
28.0,2025-12-04,3.0,,2.802479187359455e-34,0.0
28.0,2025-12-04,4.0,,0.0,0.0
28.0,2025-12-04,5.0,,81.27871706903368,69.10522094896653
28.0,2025-12-04,6.0,,276.26772356390984,268.2289088445942
28.0,2025-12-04,7.0,,737.074128324922,752.4304445329027
28.0,2025-12-04,8.0,,1201.2643002911302,1188.9606292286376
28.0,2025-12-04,9.0,,829.9828220141093,853.2678567630853
28.0,2025-12-04,10.0,,629.6643620557071,635.1739374502761
28.0,2025-12-04,11.0,,564.2357520274601,558.506990179609
28.0,2025-12-04,12.0,,701.57955271556,693.3872572042695
28.0,2025-12-04,13.0,,733.8432920709107,723.8391176291287
28.0,2025-12-04,14.0,,659.4816097857691,655.0094476069827
28.0,2025-12-04,15.0,,696.9586106286266,692.6390790878205
28.0,2025-12-04,16.0,,845.4198005182568,846.9822298270401
28.0,2025-12-04,17.0,,988.5010270625114,959.9804898112168
28.0,2025-12-04,18.0,,936.132412816493,904.1614626063832
28.0,2025-12-04,19.0,,689.7557261643223,693.4577114819166
28.0,2025-12-04,20.0,,503.4759910261312,484.29522307416966
28.0,2025-12-04,21.0,,311.36044194454877,304.95452221653596
28.0,2025-12-04,22.0,,136.13401364920924,121.6076941037405
28.0,2025-12-04,23.0,,10.472151036250853,0.0
50.0,2025-12-04,0.0,,17.94096565070554,33.19052121452046
50.0,2025-12-04,1.0,,9.578354080898064,0.0
50.0,2025-12-04,2.0,,0.0,2.598117033032248e-10
50.0,2025-12-04,3.0,,2.802479187359455e-34,0.0
50.0,2025-12-04,4.0,,0.0,0.0
50.0,2025-12-04,5.0,,64.7073875912481,62.66259933191506
50.0,2025-12-04,6.0,,532.0624990231845,513.1072286135502
50.0,2025-12-04,7.0,,1729.0464574849263,1743.548275690633
50.0,2025-12-04,8.0,,2716.8064424740605,2719.0209963781354
50.0,2025-12-04,9.0,,2120.0881524289416,2147.6244267171332
50.0,2025-12-04,10.0,,1638.1471539783329,1643.1624160764027
50.0,2025-12-04,11.0,,1530.2523666711836,1526.6945159043153
50.0,2025-12-04,12.0,,1481.3138226043914,1415.227848648118
50.0,2025-12-04,13.0,,1453.472516639625,1452.5178386894486
50.0,2025-12-04,14.0,,1408.7485496734405,1403.644819959947
50.0,2025-12-04,15.0,,1686.5674320494143,1639.088777506845
50.0,2025-12-04,16.0,,1762.5170661363056,1728.4172503123393
50.0,2025-12-04,17.0,,2311.4448138871667,2298.3360235712416
50.0,2025-12-04,18.0,,2372.4374744637003,2360.701325384372
50.0,2025-12-04,19.0,,1450.2690025815998,1391.5514208481156
50.0,2025-12-04,20.0,,897.643276177684,882.7488665215691
50.0,2025-12-04,21.0,,609.5952493827554,585.9247563138188
50.0,2025-12-04,22.0,,264.37985141568987,251.0391174081401
50.0,2025-12-04,23.0,,146.64991257722352,153.3708257376703
1.0,2025-12-05,0.0,,0.0,0.0
1.0,2025-12-05,1.0,,2.802479187359455e-34,0.0
1.0,2025-12-05,2.0,,2.802479187359455e-34,0.0
1.0,2025-12-05,3.0,,2.802479187359455e-34,0.0
1.0,2025-12-05,4.0,,0.0,0.0
1.0,2025-12-05,5.0,,122.92518088249815,122.99926872409823
1.0,2025-12-05,6.0,,513.4146372452905,498.0492653624065
1.0,2025-12-05,7.0,,1480.4845475779075,1502.060512190093
1.0,2025-12-05,8.0,,1833.6936146965231,1896.483444318208
1.0,2025-12-05,9.0,,1430.7991224225375,1457.5544984420137
1.0,2025-12-05,10.0,,1277.140569047522,1279.0104926474296
1.0,2025-12-05,11.0,,1336.5307294739268,1355.8951847282979
1.0,2025-12-05,12.0,,1363.537295861701,1429.2881154056665
1.0,2025-12-05,13.0,,1388.6894349833806,1435.316037494348
1.0,2025-12-05,14.0,,1345.3542680450096,1420.8440551470314
1.0,2025-12-05,15.0,,1515.9911793437852,1544.7253155407955
1.0,2025-12-05,16.0,,1541.2189442728277,1559.7098534671613
1.0,2025-12-05,17.0,,1781.469144024677,1747.0272009553062
1.0,2025-12-05,18.0,,1594.6366248656202,1660.7432787140565
1.0,2025-12-05,19.0,,1210.2914011887467,1263.335688640844
1.0,2025-12-05,20.0,,802.1433856857011,798.3353279293074
1.0,2025-12-05,21.0,,488.5238600927628,476.29133423598756
1.0,2025-12-05,22.0,,233.64050144480078,226.41946095204653
1.0,2025-12-05,23.0,,38.074910287569935,32.68020888177271
5.0,2025-12-05,0.0,,0.0,0.0
5.0,2025-12-05,1.0,,0.0,0.0
5.0,2025-12-05,2.0,,0.0,0.0
5.0,2025-12-05,3.0,,0.0,0.0
5.0,2025-12-05,4.0,,0.0,0.0
5.0,2025-12-05,5.0,,0.0,0.0
5.0,2025-12-05,6.0,,0.0,0.0
5.0,2025-12-05,7.0,,0.0,0.0
5.0,2025-12-05,8.0,,0.0,0.0
5.0,2025-12-05,9.0,,0.0,0.0
5.0,2025-12-05,10.0,,0.0,0.0
5.0,2025-12-05,11.0,,0.0,0.0
5.0,2025-12-05,12.0,,0.0,0.0
5.0,2025-12-05,13.0,,0.0,0.0
5.0,2025-12-05,14.0,,0.0,0.0
5.0,2025-12-05,15.0,,0.0,0.0
5.0,2025-12-05,16.0,,0.0,0.0
5.0,2025-12-05,17.0,,0.0,0.0
5.0,2025-12-05,18.0,,0.0,0.0
5.0,2025-12-05,19.0,,0.0,0.0
5.0,2025-12-05,20.0,,0.0,0.0
5.0,2025-12-05,21.0,,0.0,0.0
5.0,2025-12-05,22.0,,0.0,0.0
5.0,2025-12-05,23.0,,0.0,0.0
7.0,2025-12-05,0.0,,61.51191283500733,70.78411936517801
7.0,2025-12-05,1.0,,3.642668299973641,1.912617403722862
7.0,2025-12-05,2.0,,2.802479187359455e-34,0.0
7.0,2025-12-05,3.0,,2.802479187359455e-34,0.0
7.0,2025-12-05,4.0,,0.0,0.0
7.0,2025-12-05,5.0,,167.52651192843794,181.30791241687436
7.0,2025-12-05,6.0,,657.2083672025772,707.3194986184533
7.0,2025-12-05,7.0,,1611.7519464664842,1656.1202872826386
7.0,2025-12-05,8.0,,2425.9042196272785,2482.908388451943
7.0,2025-12-05,9.0,,1804.3818197140101,1822.7052171014072
7.0,2025-12-05,10.0,,1651.6906259727873,1607.7320212241755
7.0,2025-12-05,11.0,,1483.5298851308391,1510.596527609678
7.0,2025-12-05,12.0,,1633.7197676341634,1619.8062309208044
7.0,2025-12-05,13.0,,1644.4550772362825,1641.077672442617
7.0,2025-12-05,14.0,,1708.8126111937509,1783.975577573374
7.0,2025-12-05,15.0,,1863.8380255431707,1880.3329143103247
7.0,2025-12-05,16.0,,1966.399833592168,1992.9428135315475
7.0,2025-12-05,17.0,,2265.075615783805,2272.5433563300326
7.0,2025-12-05,18.0,,2201.460248266951,2313.2020661333213
7.0,2025-12-05,19.0,,1583.279613838407,1599.258107611559
7.0,2025-12-05,20.0,,1073.5867057360244,1029.9291296558956
7.0,2025-12-05,21.0,,610.0918645085935,608.3411592951884
7.0,2025-12-05,22.0,,338.3044173810265,342.5386805389236
7.0,2025-12-05,23.0,,208.91501932899752,192.48075504697164
11.0,2025-12-05,0.0,,56.05237405306174,82.33719650009566
11.0,2025-12-05,1.0,,0.0,0.0
11.0,2025-12-05,2.0,,2.802479187359455e-34,0.0
11.0,2025-12-05,3.0,,2.802479187359455e-34,0.0
11.0,2025-12-05,4.0,,0.0,0.0
11.0,2025-12-05,5.0,,268.2202552172516,319.1887022168299
11.0,2025-12-05,6.0,,1287.793667418865,1302.9121347501653
11.0,2025-12-05,7.0,,2325.3462495834697,2364.06853088009
11.0,2025-12-05,8.0,,2972.137987586187,2981.22251144074
11.0,2025-12-05,9.0,,2330.6121008434134,2438.48101525488
11.0,2025-12-05,10.0,,1859.591494421838,1928.5939029852186
11.0,2025-12-05,11.0,,1852.3453636410145,1937.2216063642097
11.0,2025-12-05,12.0,,1929.130254375472,1933.9082970415805
11.0,2025-12-05,13.0,,1973.8969233440469,2033.449207180488
11.0,2025-12-05,14.0,,2056.948236348943,2024.0523489687105
11.0,2025-12-05,15.0,,2130.5328197193276,2073.7786679429514
11.0,2025-12-05,16.0,,2366.1853859114253,2376.9217890538034
11.0,2025-12-05,17.0,,2855.896462579178,2804.134490168809
11.0,2025-12-05,18.0,,2683.3881371297607,2764.6309079462903
11.0,2025-12-05,19.0,,2074.419923595416,2200.5105251275136
11.0,2025-12-05,20.0,,1378.281369703046,1444.8198204725802
11.0,2025-12-05,21.0,,860.4397538439372,840.4467890381978
11.0,2025-12-05,22.0,,439.72164676009663,431.4981884599244
11.0,2025-12-05,23.0,,271.12674110291465,272.0535761237526
12.0,2025-12-05,0.0,,54.38066582907867,46.48700666892289
12.0,2025-12-05,1.0,,0.0,0.0
12.0,2025-12-05,2.0,,2.802479187359455e-34,0.0
12.0,2025-12-05,3.0,,2.802479187359455e-34,0.0
12.0,2025-12-05,4.0,,5.981130382036362,0.0
12.0,2025-12-05,5.0,,313.90536936821644,336.2695057520349
12.0,2025-12-05,6.0,,1347.3373441257809,1365.3655969102363
12.0,2025-12-05,7.0,,2656.7214826596714,2614.5981435925355
12.0,2025-12-05,8.0,,3302.6666496640823,3325.542245406626
12.0,2025-12-05,9.0,,2351.252060320713,2466.603821006231
12.0,2025-12-05,10.0,,1943.5710185018474,2011.764912109857
12.0,2025-12-05,11.0,,1967.4292939112304,2075.5401035049376
12.0,2025-12-05,12.0,,1990.3160265070487,2058.5622820895146
12.0,2025-12-05,13.0,,2021.9350040541901,2082.632682723796
12.0,2025-12-05,14.0,,1989.3991224506874,2044.097129784095
12.0,2025-12-05,15.0,,2281.5410516138254,2330.7408393367637
12.0,2025-12-05,16.0,,2746.5613068821904,2806.1183816225353
12.0,2025-12-05,17.0,,2956.163200485468,2986.163218058336
12.0,2025-12-05,18.0,,2679.1810340394377,2784.548061254866
12.0,2025-12-05,19.0,,2245.41329139756,2375.2675729982066
12.0,2025-12-05,20.0,,1393.7744723311282,1473.8690662012618
12.0,2025-12-05,21.0,,878.8398899012427,951.9367269114465
12.0,2025-12-05,22.0,,481.55318692088093,495.2604996584037
12.0,2025-12-05,23.0,,272.17152818214504,259.83791578552393
17.0,2025-12-05,0.0,,123.12512674029927,128.5199971172558
17.0,2025-12-05,1.0,,4.097427314980515,8.851915530847975
17.0,2025-12-05,2.0,,2.802479187359455e-34,0.0
17.0,2025-12-05,3.0,,2.802479187359455e-34,0.0
17.0,2025-12-05,4.0,,18.658279318710882,15.203272807895697
17.0,2025-12-05,5.0,,305.3820412526346,305.70068106311425
17.0,2025-12-05,6.0,,1501.1708753546534,1511.6822919070619
17.0,2025-12-05,7.0,,3846.1375625343558,3862.589234546669
17.0,2025-12-05,8.0,,5037.40904733086,5039.817128038044
17.0,2025-12-05,9.0,,3598.8706332724605,3663.124015508437
17.0,2025-12-05,10.0,,2885.2462190837787,2994.7152225081113
17.0,2025-12-05,11.0,,2904.697658092418,3021.747427994379
17.0,2025-12-05,12.0,,2956.652639164038,2978.693375691557
17.0,2025-12-05,13.0,,3069.7620376053974,3058.275630583779
17.0,2025-12-05,14.0,,3142.932955643656,3107.2905660606025
17.0,2025-12-05,15.0,,3352.476631623642,3324.564265804321
17.0,2025-12-05,16.0,,3718.657155552471,3693.572119842501
17.0,2025-12-05,17.0,,4397.584040747034,4430.458127993488
17.0,2025-12-05,18.0,,4445.690958523851,4480.8372499267
17.0,2025-12-05,19.0,,3199.1065215517947,3293.38973174829
17.0,2025-12-05,20.0,,2282.5401971115543,2337.629358427016
17.0,2025-12-05,21.0,,1484.5923069195255,1507.0579569485085
17.0,2025-12-05,22.0,,750.8737615872226,806.1762605470656
17.0,2025-12-05,23.0,,437.2395906723283,420.55414343378493
25.0,2025-12-05,0.0,,0.0,0.6706279476678386
25.0,2025-12-05,1.0,,2.802479187359455e-34,0.0
25.0,2025-12-05,2.0,,2.802479187359455e-34,0.0
25.0,2025-12-05,3.0,,2.802479187359455e-34,0.0
25.0,2025-12-05,4.0,,2.802479187359455e-34,0.0
25.0,2025-12-05,5.0,,6.837905118356655,0.0
25.0,2025-12-05,6.0,,162.5502254149316,147.65624138659962
25.0,2025-12-05,7.0,,505.7642848592404,512.8977697017962
25.0,2025-12-05,8.0,,830.152320737227,828.2673513105796
25.0,2025-12-05,9.0,,425.2174777693543,427.89926359376585
25.0,2025-12-05,10.0,,339.2541351561214,343.8931182035377
25.0,2025-12-05,11.0,,381.2529923589911,380.51776512494126
25.0,2025-12-05,12.0,,386.72567002019235,383.63151646735133
25.0,2025-12-05,13.0,,465.2917048054455,461.160718491153
25.0,2025-12-05,14.0,,433.2192897119521,422.98200188492046
25.0,2025-12-05,15.0,,544.743584410239,569.8816518611259
25.0,2025-12-05,16.0,,698.7074241322177,690.0564280545278
25.0,2025-12-05,17.0,,702.6647543419406,724.0376607699471
25.0,2025-12-05,18.0,,685.467064641361,693.0436691365547
25.0,2025-12-05,19.0,,486.7624490017627,487.71360612643554
25.0,2025-12-05,20.0,,301.22102354113383,315.8285305610809
25.0,2025-12-05,21.0,,198.59617618222245,202.88059586553126
25.0,2025-12-05,22.0,,86.62537884664461,101.56332413877945
25.0,2025-12-05,23.0,,0.0,0.0
26.0,2025-12-05,0.0,,16.64244689021196,18.054023476603785
26.0,2025-12-05,1.0,,0.0,0.0
26.0,2025-12-05,2.0,,2.802479187359455e-34,0.0
26.0,2025-12-05,3.0,,2.802479187359455e-34,0.0
26.0,2025-12-05,4.0,,0.0,0.0
26.0,2025-12-05,5.0,,59.97181094627446,62.04778038209884
26.0,2025-12-05,6.0,,487.18769357434553,475.6971585460372
26.0,2025-12-05,7.0,,1036.489050489549,1069.249029594868
26.0,2025-12-05,8.0,,1935.948634293106,2130.263341117056
26.0,2025-12-05,9.0,,1369.8140597546367,1420.9012201143266
26.0,2025-12-05,10.0,,1173.6071420039825,1227.1061778193798
26.0,2025-12-05,11.0,,1103.118885653393,1174.3153648013788
26.0,2025-12-05,12.0,,1126.3305710317088,1115.7498679056857
26.0,2025-12-05,13.0,,1163.3342837502369,1170.2413187727727
26.0,2025-12-05,14.0,,1253.2625462335268,1233.3830592233728
26.0,2025-12-05,15.0,,1368.2978550959585,1424.880064474668
26.0,2025-12-05,16.0,,1609.1644581249323,1599.5924409731058
26.0,2025-12-05,17.0,,1675.9939923077304,1701.4441684178748
26.0,2025-12-05,18.0,,1515.3729908411642,1635.1448828869916
26.0,2025-12-05,19.0,,1094.782577116173,1144.7270229580542
26.0,2025-12-05,20.0,,714.6584231214781,705.1204260575423
26.0,2025-12-05,21.0,,448.7100196605913,456.72217738532936
26.0,2025-12-05,22.0,,199.11564013770914,198.32501770600143
26.0,2025-12-05,23.0,,139.2728441285478,123.65465502965235
28.0,2025-12-05,0.0,,1.1027439654455586,0.0
28.0,2025-12-05,1.0,,2.802479187359455e-34,0.0
28.0,2025-12-05,2.0,,2.802479187359455e-34,0.0
28.0,2025-12-05,3.0,,2.802479187359455e-34,0.0
28.0,2025-12-05,4.0,,0.0,0.0
28.0,2025-12-05,5.0,,69.64285198537452,55.15334601091652
28.0,2025-12-05,6.0,,251.2823140081791,241.6823194155153
28.0,2025-12-05,7.0,,724.6316782916703,742.0982839606667
28.0,2025-12-05,8.0,,1155.5543542352068,1158.033654042554
28.0,2025-12-05,9.0,,803.4240002664685,837.5912196105401
28.0,2025-12-05,10.0,,627.1075396491302,623.7827469332002
28.0,2025-12-05,11.0,,570.6787091502165,553.3705426301277
28.0,2025-12-05,12.0,,707.3215607401012,697.8078953048163
28.0,2025-12-05,13.0,,712.1679716490353,706.878836056021
28.0,2025-12-05,14.0,,662.2774402372875,655.5334023882527
28.0,2025-12-05,15.0,,721.5252861453134,705.0634221981359
28.0,2025-12-05,16.0,,884.5796581656363,875.234330552626
28.0,2025-12-05,17.0,,980.2123632683508,968.5899828112141
28.0,2025-12-05,18.0,,850.6931193035592,870.858285312774
28.0,2025-12-05,19.0,,642.7313771605865,646.4589522040368
28.0,2025-12-05,20.0,,471.3563501834963,458.1979128150041
28.0,2025-12-05,21.0,,319.244239839283,322.24133269132324
28.0,2025-12-05,22.0,,138.3379884182797,124.67235730524735
28.0,2025-12-05,23.0,,11.841835416626452,0.0
50.0,2025-12-05,0.0,,24.616275813567324,37.83950790603576
50.0,2025-12-05,1.0,,0.0,0.0
50.0,2025-12-05,2.0,,0.0,2.598117033032248e-10
50.0,2025-12-05,3.0,,2.802479187359455e-34,0.0
50.0,2025-12-05,4.0,,0.0,0.0
50.0,2025-12-05,5.0,,55.4435248424156,55.999157426160465
50.0,2025-12-05,6.0,,519.033621349089,491.9444630766049
50.0,2025-12-05,7.0,,1677.3571288768983,1728.233115023975
50.0,2025-12-05,8.0,,2632.149297657825,2655.8321753447112
50.0,2025-12-05,9.0,,2032.3032036437066,2070.073313876848
50.0,2025-12-05,10.0,,1579.5461462469154,1617.7419897649388
50.0,2025-12-05,11.0,,1543.7258084671669,1519.075258435947
50.0,2025-12-05,12.0,,1472.923039236241,1491.90629968028
50.0,2025-12-05,13.0,,1488.1892543218075,1467.9221486848871
50.0,2025-12-05,14.0,,1441.7172803313608,1415.160231800384
50.0,2025-12-05,15.0,,1728.5379770948498,1651.6132916953661
50.0,2025-12-05,16.0,,1883.9982451528736,1765.706033117194
50.0,2025-12-05,17.0,,2202.217098364112,2254.9020146683347
50.0,2025-12-05,18.0,,1894.2842351841007,2024.4583234206882
50.0,2025-12-05,19.0,,1220.9268232388147,1252.3370563088308
50.0,2025-12-05,20.0,,804.0306104853335,848.3429965212034
50.0,2025-12-05,21.0,,549.5503047883016,541.7579727582496
50.0,2025-12-05,22.0,,268.6651446359794,266.6564158824556
50.0,2025-12-05,23.0,,155.80358820958318,156.3405042787176
1.0,2025-12-06,0.0,,0.0,0.0
1.0,2025-12-06,1.0,,2.802479187359455e-34,0.0
1.0,2025-12-06,2.0,,2.802479187359455e-34,0.0
1.0,2025-12-06,3.0,,2.802479187359455e-34,0.0
1.0,2025-12-06,4.0,,0.0,0.0
1.0,2025-12-06,5.0,,20.336017938845373,19.17492198358845
1.0,2025-12-06,6.0,,177.4260630177728,176.18687553774316
1.0,2025-12-06,7.0,,326.43874952932464,328.1213728772985
1.0,2025-12-06,8.0,,448.03709368109827,448.6648334810718
1.0,2025-12-06,9.0,,721.8235570050934,725.8134793883147
1.0,2025-12-06,10.0,,821.7743857125547,807.4233531430682
1.0,2025-12-06,11.0,,768.0495999652863,794.8605429709546
1.0,2025-12-06,12.0,,953.7196292313685,924.3650496879055
1.0,2025-12-06,13.0,,965.4708068434895,953.7370186782649
1.0,2025-12-06,14.0,,920.2930787985996,918.5968585083858
1.0,2025-12-06,15.0,,835.7686397739722,823.5221067666666
1.0,2025-12-06,16.0,,752.2668841625716,783.0954620506033
1.0,2025-12-06,17.0,,723.1835741579815,695.7384595307713
1.0,2025-12-06,18.0,,594.3115990619677,593.7383700976017
1.0,2025-12-06,19.0,,527.6392056114222,532.8033610646885
1.0,2025-12-06,20.0,,396.3499302690406,404.563798159736
1.0,2025-12-06,21.0,,297.03782005309137,299.2002520409613
1.0,2025-12-06,22.0,,116.13346195567402,134.81189190568912
1.0,2025-12-06,23.0,,15.593174730440504,13.746577579408786
5.0,2025-12-06,0.0,,0.0,0.0
5.0,2025-12-06,1.0,,0.0,0.0
5.0,2025-12-06,2.0,,0.0,0.0
5.0,2025-12-06,3.0,,0.0,0.0
5.0,2025-12-06,4.0,,0.0,0.0
5.0,2025-12-06,5.0,,0.0,0.0
5.0,2025-12-06,6.0,,0.0,0.0
5.0,2025-12-06,7.0,,0.0,0.0
5.0,2025-12-06,8.0,,0.0,0.0
5.0,2025-12-06,9.0,,0.0,0.0
5.0,2025-12-06,10.0,,0.0,0.0
5.0,2025-12-06,11.0,,0.0,0.0
5.0,2025-12-06,12.0,,0.0,0.0
5.0,2025-12-06,13.0,,0.0,0.0
5.0,2025-12-06,14.0,,0.0,0.0
5.0,2025-12-06,15.0,,0.0,0.0
5.0,2025-12-06,16.0,,0.0,0.0
5.0,2025-12-06,17.0,,0.0,0.0
5.0,2025-12-06,18.0,,0.0,0.0
5.0,2025-12-06,19.0,,0.0,0.0
5.0,2025-12-06,20.0,,0.0,0.0
5.0,2025-12-06,21.0,,0.0,0.0
5.0,2025-12-06,22.0,,0.0,0.0
5.0,2025-12-06,23.0,,0.0,0.0
7.0,2025-12-06,0.0,,70.07858351694,79.17514883577537
7.0,2025-12-06,1.0,,15.577271975520087,4.5162449428454545
7.0,2025-12-06,2.0,,2.802479187359455e-34,2.598117033032248e-10
7.0,2025-12-06,3.0,,2.802479187359455e-34,0.0
7.0,2025-12-06,4.0,,0.0,0.0
7.0,2025-12-06,5.0,,47.14226934456492,80.5738930683848
7.0,2025-12-06,6.0,,281.3389695210996,261.148935229018
7.0,2025-12-06,7.0,,469.12629316740697,424.3931602412878
7.0,2025-12-06,8.0,,842.2464937561887,905.9807675262349
7.0,2025-12-06,9.0,,949.7965232426986,958.323940787697
7.0,2025-12-06,10.0,,976.7263557556253,1000.5406294208052
7.0,2025-12-06,11.0,,1064.9184017535515,1147.675733722335
7.0,2025-12-06,12.0,,1275.8927348939521,1293.7396254271762
7.0,2025-12-06,13.0,,1271.6486715948404,1293.0441381323276
7.0,2025-12-06,14.0,,1370.595023857672,1389.0218845183158
7.0,2025-12-06,15.0,,1348.661321950016,1305.4825749384756
7.0,2025-12-06,16.0,,1334.5342620858694,1252.850150808602
7.0,2025-12-06,17.0,,1308.9589026616975,1270.550631560121
7.0,2025-12-06,18.0,,1219.6859564470503,1182.165053589322
7.0,2025-12-06,19.0,,1105.776174611605,1071.3198923272168
7.0,2025-12-06,20.0,,781.8551553219143,747.0362595928332
7.0,2025-12-06,21.0,,554.3152223595825,551.4519368881755
7.0,2025-12-06,22.0,,294.5063760713442,310.7216372368324
7.0,2025-12-06,23.0,,151.34303528144366,159.3506424210794
11.0,2025-12-06,0.0,,74.74158213512854,85.40222164364168
11.0,2025-12-06,1.0,,0.0,0.0
11.0,2025-12-06,2.0,,2.802479187359455e-34,2.598117033032248e-10
11.0,2025-12-06,3.0,,2.802479187359455e-34,0.0
11.0,2025-12-06,4.0,,0.0,0.0
11.0,2025-12-06,5.0,,182.77525047939804,217.01763168596898
11.0,2025-12-06,6.0,,774.6880962809214,780.7920419273876
11.0,2025-12-06,7.0,,758.2205251509367,703.4732865457594
11.0,2025-12-06,8.0,,1003.9953953204836,1025.4876323198441
11.0,2025-12-06,9.0,,1148.6114664941633,1149.9738440472745
11.0,2025-12-06,10.0,,1257.9975038853904,1237.3764642673095
11.0,2025-12-06,11.0,,1547.9057097894458,1553.4776018864472
11.0,2025-12-06,12.0,,1649.4313843765658,1762.4690609902989
11.0,2025-12-06,13.0,,1648.4438174932225,1662.4053449379385
11.0,2025-12-06,14.0,,1715.9706287197437,1642.3063650321874
11.0,2025-12-06,15.0,,1685.1839530168772,1745.9216450800204
11.0,2025-12-06,16.0,,1733.4024713602319,1703.4410574013477
11.0,2025-12-06,17.0,,1848.1171585708214,1760.7504017632916
11.0,2025-12-06,18.0,,1577.0796250902204,1569.9932688797048
11.0,2025-12-06,19.0,,1397.5560863325736,1397.6535952840036
11.0,2025-12-06,20.0,,1004.1268760781793,1019.3614383727603
11.0,2025-12-06,21.0,,712.3021129251994,731.7246708477827
11.0,2025-12-06,22.0,,387.4170709110369,375.08735723843995
11.0,2025-12-06,23.0,,250.7362196196018,247.88403594079145
12.0,2025-12-06,0.0,,74.57347755221842,58.14765941029137
12.0,2025-12-06,1.0,,0.0,0.0
12.0,2025-12-06,2.0,,2.802479187359455e-34,0.0
12.0,2025-12-06,3.0,,2.802479187359455e-34,0.0
12.0,2025-12-06,4.0,,4.374716125802216,0.0
12.0,2025-12-06,5.0,,230.09686754740022,241.17800041053488
12.0,2025-12-06,6.0,,817.9823702226274,808.2769208946394
12.0,2025-12-06,7.0,,924.6423265904633,943.8556611094577
12.0,2025-12-06,8.0,,1062.1585733222441,984.8919941035147
12.0,2025-12-06,9.0,,1204.77905827491,1190.2409769175665
12.0,2025-12-06,10.0,,1418.893723302888,1324.4485204889945
12.0,2025-12-06,11.0,,1490.213955066079,1430.2712815010475
12.0,2025-12-06,12.0,,1453.7527350374212,1383.6605815122552
12.0,2025-12-06,13.0,,1646.4741930351317,1614.0139707285957
12.0,2025-12-06,14.0,,1618.8296086647586,1583.5567644909604
12.0,2025-12-06,15.0,,1514.6618935792737,1493.6586211962924
12.0,2025-12-06,16.0,,1625.3158089601632,1614.62310013217
12.0,2025-12-06,17.0,,1632.9168511223559,1684.2788351336226
12.0,2025-12-06,18.0,,1449.8704172619725,1516.2030814162124
12.0,2025-12-06,19.0,,1304.031438593523,1330.079188561716
12.0,2025-12-06,20.0,,955.6754652464389,951.5179616946065
12.0,2025-12-06,21.0,,679.5221394246748,698.0999070439599
12.0,2025-12-06,22.0,,376.0673884325602,387.146271382428
12.0,2025-12-06,23.0,,247.84042622547489,260.7661679598699
17.0,2025-12-06,0.0,,151.55687463037432,166.37507273625064
17.0,2025-12-06,1.0,,9.731824838200716,6.952865857010588
17.0,2025-12-06,2.0,,2.802479187359455e-34,2.598117033032248e-10
17.0,2025-12-06,3.0,,2.802479187359455e-34,0.0
17.0,2025-12-06,4.0,,0.0,0.0
17.0,2025-12-06,5.0,,122.21931052377431,141.03172226275916
17.0,2025-12-06,6.0,,564.4475133811295,558.7979312211909
17.0,2025-12-06,7.0,,1165.8066337635232,1152.9789006250737
17.0,2025-12-06,8.0,,1656.1204544449263,1636.2997867953275
17.0,2025-12-06,9.0,,2046.854694723949,2119.558802964333
17.0,2025-12-06,10.0,,2207.558897084331,2357.092424075321
17.0,2025-12-06,11.0,,2631.437135764358,2701.7964527425956
17.0,2025-12-06,12.0,,2815.798475370501,2894.8259525027256
17.0,2025-12-06,13.0,,2952.540700160894,3056.641002635358
17.0,2025-12-06,14.0,,3021.1580230217037,3136.7170036821517
17.0,2025-12-06,15.0,,3072.243250139444,3133.2086953531825
17.0,2025-12-06,16.0,,3144.3354077758527,3251.9716919389166
17.0,2025-12-06,17.0,,3012.9994352112008,3090.593655510804
17.0,2025-12-06,18.0,,2803.225640021111,2826.057260914162
17.0,2025-12-06,19.0,,2266.467942106175,2395.9448588171726
17.0,2025-12-06,20.0,,1790.3514835986352,1899.0696995534383
17.0,2025-12-06,21.0,,1278.064895467308,1305.9381996600723
17.0,2025-12-06,22.0,,803.2135395522976,837.7850317317602
17.0,2025-12-06,23.0,,394.44514462388,410.1936224351072
25.0,2025-12-06,0.0,,0.0,2.598117033032248e-10
25.0,2025-12-06,1.0,,2.802479187359455e-34,0.0
25.0,2025-12-06,2.0,,2.802479187359455e-34,2.598117033032248e-10
25.0,2025-12-06,3.0,,2.802479187359455e-34,0.0
25.0,2025-12-06,4.0,,2.802479187359455e-34,0.0
25.0,2025-12-06,5.0,,0.0,0.0
25.0,2025-12-06,6.0,,64.69005212545551,54.01560680943574
25.0,2025-12-06,7.0,,128.58025489129764,110.79566253748142
25.0,2025-12-06,8.0,,276.03649514663067,262.17671414292715
25.0,2025-12-06,9.0,,270.41284141689766,256.5698419293255
25.0,2025-12-06,10.0,,249.71070866288952,237.34845608493723
25.0,2025-12-06,11.0,,318.64336481255634,329.50249597511873
25.0,2025-12-06,12.0,,351.74071342907826,364.07207003508074
25.0,2025-12-06,13.0,,462.9115494149831,459.6662765641641
25.0,2025-12-06,14.0,,451.45357993548987,449.9643605598544
25.0,2025-12-06,15.0,,575.0464326065133,536.8506126691898
25.0,2025-12-06,16.0,,522.743629496365,531.3438403907707
25.0,2025-12-06,17.0,,470.6725722344683,467.07022007209895
25.0,2025-12-06,18.0,,446.8076200602351,458.5441949027209
25.0,2025-12-06,19.0,,379.6879761193789,391.02719703515356
25.0,2025-12-06,20.0,,233.08894475008697,247.54235924806608
25.0,2025-12-06,21.0,,173.85443453000303,175.26228420425258
25.0,2025-12-06,22.0,,83.21030118506319,107.68781176889729
25.0,2025-12-06,23.0,,34.324091051954916,15.909938670860864
26.0,2025-12-06,0.0,,18.40413781403156,25.793503202553502
26.0,2025-12-06,1.0,,0.0,0.0
26.0,2025-12-06,2.0,,2.802479187359455e-34,0.0
26.0,2025-12-06,3.0,,2.802479187359455e-34,0.0
26.0,2025-12-06,4.0,,0.0,0.0
26.0,2025-12-06,5.0,,22.58710272382296,26.469544688507543
26.0,2025-12-06,6.0,,257.3345827482593,236.7232482869214
26.0,2025-12-06,7.0,,339.9521307932862,332.2958232121833
26.0,2025-12-06,8.0,,601.4806717309152,650.4120151143243
26.0,2025-12-06,9.0,,663.2193390871615,694.7106860452208
26.0,2025-12-06,10.0,,756.2618033703335,799.8755877465585
26.0,2025-12-06,11.0,,920.7065280005987,888.9786575508695
26.0,2025-12-06,12.0,,930.2747258725135,947.1406128354355
26.0,2025-12-06,13.0,,987.534385192321,971.654737689135
26.0,2025-12-06,14.0,,965.2223146536661,987.0429176243599
26.0,2025-12-06,15.0,,957.745850144157,952.8963747318677
26.0,2025-12-06,16.0,,985.3329149770012,993.4112351888621
26.0,2025-12-06,17.0,,933.6252902233713,932.1984061268498
26.0,2025-12-06,18.0,,853.6071042700731,845.9625213196517
26.0,2025-12-06,19.0,,750.9678915757025,775.9362994150501
26.0,2025-12-06,20.0,,511.1974394823567,521.4912221971684
26.0,2025-12-06,21.0,,334.005946257677,368.61043915363405
26.0,2025-12-06,22.0,,180.5775261101053,166.40282790550242
26.0,2025-12-06,23.0,,129.678999973185,104.89107238944104
28.0,2025-12-06,0.0,,1.1027439654455586,0.0
28.0,2025-12-06,1.0,,2.802479187359455e-34,0.0
28.0,2025-12-06,2.0,,2.802479187359455e-34,0.0
28.0,2025-12-06,3.0,,2.802479187359455e-34,0.0
28.0,2025-12-06,4.0,,0.0,0.0
28.0,2025-12-06,5.0,,29.588368400292765,33.42325160203968
28.0,2025-12-06,6.0,,107.02221812269526,95.84513817184407
28.0,2025-12-06,7.0,,208.73082389358942,217.7223030202699
28.0,2025-12-06,8.0,,360.17011683240753,376.2867112473862
28.0,2025-12-06,9.0,,423.8815572221288,457.3854312570633
28.0,2025-12-06,10.0,,441.21102385019384,458.150572431405
28.0,2025-12-06,11.0,,433.01025293569637,435.9531977531658
28.0,2025-12-06,12.0,,552.3374031347599,552.3608156227097
28.0,2025-12-06,13.0,,565.9830689696137,581.8532112947261
28.0,2025-12-06,14.0,,554.2229370759916,571.7718811016807
28.0,2025-12-06,15.0,,572.1534907807855,548.5441505251081
28.0,2025-12-06,16.0,,572.5782307299568,601.4337866683729
28.0,2025-12-06,17.0,,561.9749983207903,584.7376840960727
28.0,2025-12-06,18.0,,472.89649711532957,489.7706098977162
28.0,2025-12-06,19.0,,392.1675259512915,401.1881899601668
28.0,2025-12-06,20.0,,320.9209370529776,356.313215887974
28.0,2025-12-06,21.0,,260.2466979053942,258.10043377900695
28.0,2025-12-06,22.0,,107.54544678300601,120.83313423038528
28.0,2025-12-06,23.0,,2.275907498686771,0.0
50.0,2025-12-06,0.0,,42.26972333254295,42.644806612994124
50.0,2025-12-06,1.0,,2.582044111155317,0.0
50.0,2025-12-06,2.0,,0.0,0.0
50.0,2025-12-06,3.0,,2.802479187359455e-34,0.0
50.0,2025-12-06,4.0,,0.0,0.0
50.0,2025-12-06,5.0,,27.771726706944076,27.983503600733428
50.0,2025-12-06,6.0,,215.03899222911886,206.34886707288135
50.0,2025-12-06,7.0,,389.1880177394025,372.9133442071712
50.0,2025-12-06,8.0,,693.8861537772573,730.651369237863
50.0,2025-12-06,9.0,,733.3823635711806,844.1684038586894
50.0,2025-12-06,10.0,,703.7297366171869,753.2346140205332
50.0,2025-12-06,11.0,,849.7632579731745,810.8883054898056
50.0,2025-12-06,12.0,,871.9603902783922,898.8128160010548
50.0,2025-12-06,13.0,,880.6765332163493,896.1118278463833
50.0,2025-12-06,14.0,,922.3616985573447,910.8212150758887
50.0,2025-12-06,15.0,,940.2472428351101,962.7408891753608
50.0,2025-12-06,16.0,,948.7318974363443,931.9991302232816
50.0,2025-12-06,17.0,,959.6195547866898,930.6801807744347
50.0,2025-12-06,18.0,,754.8241762812584,821.7718815673888
50.0,2025-12-06,19.0,,688.112543204214,678.4616552284798
50.0,2025-12-06,20.0,,502.18631512428556,549.5559068327572
50.0,2025-12-06,21.0,,380.63866812001635,421.911909150129
50.0,2025-12-06,22.0,,186.5504090542673,203.60132488025232
50.0,2025-12-06,23.0,,126.95380846975073,124.09856549875987
1.0,2025-12-07,0.0,,0.0,0.0
1.0,2025-12-07,1.0,,2.802479187359455e-34,0.0
1.0,2025-12-07,2.0,,2.802479187359455e-34,0.0
1.0,2025-12-07,3.0,,2.802479187359455e-34,0.0
1.0,2025-12-07,4.0,,0.0,2.598117033032248e-10
1.0,2025-12-07,5.0,,11.989431144735187,11.263045212713216
1.0,2025-12-07,6.0,,86.85599906591922,99.50415470453014
1.0,2025-12-07,7.0,,193.55752527555742,205.43615004184267
1.0,2025-12-07,8.0,,287.0388855751913,311.04588045220487
1.0,2025-12-07,9.0,,537.7373327957405,545.0795899615102
1.0,2025-12-07,10.0,,647.9726367318574,613.4853506352453
1.0,2025-12-07,11.0,,612.178565718507,614.2288403795563
1.0,2025-12-07,12.0,,743.3299592956101,712.2397208347713
1.0,2025-12-07,13.0,,766.5080159429399,754.8331380308639
1.0,2025-12-07,14.0,,719.1665990597336,716.2172162284003
1.0,2025-12-07,15.0,,669.6999836439542,664.5640907236242
1.0,2025-12-07,16.0,,588.2297171902645,602.7040569352104
1.0,2025-12-07,17.0,,565.739387467165,531.5321763799072
1.0,2025-12-07,18.0,,487.0164848986304,466.0706676970197
1.0,2025-12-07,19.0,,380.2470813223465,396.7114267675819
1.0,2025-12-07,20.0,,289.26646964993085,296.40366074179616
1.0,2025-12-07,21.0,,229.67893744375692,224.67445997257636
1.0,2025-12-07,22.0,,76.8208496208086,92.80210979895696
1.0,2025-12-07,23.0,,10.90479559659466,3.6494070235643727
5.0,2025-12-07,0.0,,0.0,0.0
5.0,2025-12-07,1.0,,0.0,0.0
5.0,2025-12-07,2.0,,0.0,0.0
5.0,2025-12-07,3.0,,0.0,0.0
5.0,2025-12-07,4.0,,0.0,0.0
5.0,2025-12-07,5.0,,0.0,0.0
5.0,2025-12-07,6.0,,0.0,0.0
5.0,2025-12-07,7.0,,0.0,0.0
5.0,2025-12-07,8.0,,0.0,0.0
5.0,2025-12-07,9.0,,0.0,0.0
5.0,2025-12-07,10.0,,0.0,0.0
5.0,2025-12-07,11.0,,0.0,0.0
5.0,2025-12-07,12.0,,0.0,0.0
5.0,2025-12-07,13.0,,0.0,0.0
5.0,2025-12-07,14.0,,0.0,0.0
5.0,2025-12-07,15.0,,0.0,0.0
5.0,2025-12-07,16.0,,0.0,0.0
5.0,2025-12-07,17.0,,0.0,0.0
5.0,2025-12-07,18.0,,0.0,0.0
5.0,2025-12-07,19.0,,0.0,0.0
5.0,2025-12-07,20.0,,0.0,0.0
5.0,2025-12-07,21.0,,0.0,0.0
5.0,2025-12-07,22.0,,0.0,0.0
5.0,2025-12-07,23.0,,0.0,0.0
7.0,2025-12-07,0.0,,61.020117646771325,75.09199324240751
7.0,2025-12-07,1.0,,3.197107251366464,0.0
7.0,2025-12-07,2.0,,2.802479187359455e-34,0.0
7.0,2025-12-07,3.0,,2.802479187359455e-34,0.0
7.0,2025-12-07,4.0,,0.0,0.0
7.0,2025-12-07,5.0,,9.730619716477921,18.653099776341524
7.0,2025-12-07,6.0,,189.57384651192413,153.97682574367354
7.0,2025-12-07,7.0,,298.70082568963073,264.2693236700113
7.0,2025-12-07,8.0,,482.3036871205086,547.8114868684089
7.0,2025-12-07,9.0,,635.0912292376238,700.6243916240304
7.0,2025-12-07,10.0,,679.0578690651303,767.5200548127907
7.0,2025-12-07,11.0,,865.4308810154183,939.8634556712599
7.0,2025-12-07,12.0,,1057.4970920206267,1060.5856413195688
7.0,2025-12-07,13.0,,1104.3005148610612,1097.3115088417264
7.0,2025-12-07,14.0,,1193.1573673601986,1215.6886599162222
7.0,2025-12-07,15.0,,1099.8125433999169,1130.3437106511026
7.0,2025-12-07,16.0,,1042.336021712935,1030.9324920806232
7.0,2025-12-07,17.0,,1080.1834623766154,1079.2820431186894
7.0,2025-12-07,18.0,,965.0786070007256,992.1010974958963
7.0,2025-12-07,19.0,,819.8741591119277,857.3855060205717
7.0,2025-12-07,20.0,,564.733161616804,599.4403130100688
7.0,2025-12-07,21.0,,469.3173820536892,466.5913823013306
7.0,2025-12-07,22.0,,251.64619765349516,259.1895839646279
7.0,2025-12-07,23.0,,116.45067233302763,125.54401144474377
11.0,2025-12-07,0.0,,83.75526205592344,85.5679892996485
11.0,2025-12-07,1.0,,0.0,0.0
11.0,2025-12-07,2.0,,2.802479187359455e-34,0.0
11.0,2025-12-07,3.0,,2.802479187359455e-34,0.0
11.0,2025-12-07,4.0,,0.0,0.0
11.0,2025-12-07,5.0,,110.07129084520439,124.20161611531583
11.0,2025-12-07,6.0,,473.5001069555574,474.2584123399647
11.0,2025-12-07,7.0,,518.7463495545737,490.2455477324017
11.0,2025-12-07,8.0,,658.7042372984176,680.7751376315642
11.0,2025-12-07,9.0,,882.1722276279459,892.6630633284411
11.0,2025-12-07,10.0,,986.2271692617136,985.1963683188129
11.0,2025-12-07,11.0,,1374.499457835724,1375.1909501282764
11.0,2025-12-07,12.0,,1448.5146080032425,1540.4238714318099
11.0,2025-12-07,13.0,,1463.813668536275,1492.4722605685997
11.0,2025-12-07,14.0,,1501.1183161624494,1494.9291938476092
11.0,2025-12-07,15.0,,1520.0096587475325,1586.9080666253224
11.0,2025-12-07,16.0,,1548.7677505409335,1538.6150588668736
11.0,2025-12-07,17.0,,1670.4977983144279,1611.3343039243764
11.0,2025-12-07,18.0,,1411.3236242776798,1352.9607392816774
11.0,2025-12-07,19.0,,1115.238085374529,1134.0106331332145
11.0,2025-12-07,20.0,,810.2128817548432,824.3390832693802
11.0,2025-12-07,21.0,,582.5474687060679,594.1320518352313
11.0,2025-12-07,22.0,,317.5941992292242,303.4628025644532
11.0,2025-12-07,23.0,,199.19921965463263,188.8004257948619
12.0,2025-12-07,0.0,,66.24471575373504,49.528156194156054
12.0,2025-12-07,1.0,,0.0,0.0
12.0,2025-12-07,2.0,,2.802479187359455e-34,0.0
12.0,2025-12-07,3.0,,2.802479187359455e-34,0.0
12.0,2025-12-07,4.0,,1.3685327226840405,0.0
12.0,2025-12-07,5.0,,136.59551449448085,130.73001277658733
12.0,2025-12-07,6.0,,447.22229192752866,430.3035996232138
12.0,2025-12-07,7.0,,643.6968780952734,637.0025161321206
12.0,2025-12-07,8.0,,717.7283404786441,692.2120332146171
12.0,2025-12-07,9.0,,912.3927270036136,897.5941064907347
12.0,2025-12-07,10.0,,1162.2674622577679,1129.8827960008325
12.0,2025-12-07,11.0,,1323.109597566968,1232.291908934304
12.0,2025-12-07,12.0,,1336.0550335764794,1253.8632514403369
12.0,2025-12-07,13.0,,1535.7906869265926,1511.5593537501559
12.0,2025-12-07,14.0,,1486.0929303613823,1410.512316165178
12.0,2025-12-07,15.0,,1384.3462652251308,1338.1379167190612
12.0,2025-12-07,16.0,,1475.4352081842192,1477.4174935196136
12.0,2025-12-07,17.0,,1510.986571074488,1537.200659066618
12.0,2025-12-07,18.0,,1317.1459671332755,1349.481593963445
12.0,2025-12-07,19.0,,988.4428276032817,1016.1533063180079
12.0,2025-12-07,20.0,,708.0916271140615,734.2803002076441
12.0,2025-12-07,21.0,,530.1723520762012,557.0190641505943
12.0,2025-12-07,22.0,,331.3721507317571,330.4122152246308
12.0,2025-12-07,23.0,,180.8622044062405,199.81671684135802
17.0,2025-12-07,0.0,,111.72102627612813,138.71950692188096
17.0,2025-12-07,1.0,,3.665236449006046,3.5043656936425935
17.0,2025-12-07,2.0,,2.802479187359455e-34,0.0
17.0,2025-12-07,3.0,,2.802479187359455e-34,0.0
17.0,2025-12-07,4.0,,2.636698705425868,0.0
17.0,2025-12-07,5.0,,89.93093564212585,92.77139053855643
17.0,2025-12-07,6.0,,399.1157703824828,397.1597148404399
17.0,2025-12-07,7.0,,733.8861201877332,743.2696623981778
17.0,2025-12-07,8.0,,1226.490124373489,1177.2640122540113
17.0,2025-12-07,9.0,,1665.7971569720007,1598.188879358651
17.0,2025-12-07,10.0,,1959.5861995517612,1968.0373213635685
17.0,2025-12-07,11.0,,2453.069079110456,2421.393280221305
17.0,2025-12-07,12.0,,2742.2393263344043,2667.2159285484177
17.0,2025-12-07,13.0,,2867.280948325387,2811.5275891520228
17.0,2025-12-07,14.0,,2940.850223668959,2909.1200458370226
17.0,2025-12-07,15.0,,2977.331630851309,2885.111790799695
17.0,2025-12-07,16.0,,3015.63210206025,2994.5816328456317
17.0,2025-12-07,17.0,,2859.330552115809,2805.34165468218
17.0,2025-12-07,18.0,,2516.745973879176,2520.924976337979
17.0,2025-12-07,19.0,,2061.9407765634114,2155.544411003012
17.0,2025-12-07,20.0,,1548.6539827716458,1685.2383093981023
17.0,2025-12-07,21.0,,1083.3602223677913,1120.280393688265
17.0,2025-12-07,22.0,,667.4563149492392,674.1729986781316
17.0,2025-12-07,23.0,,275.47722464753423,315.60822794009124
25.0,2025-12-07,0.0,,6.695512759111999,0.0
25.0,2025-12-07,1.0,,2.802479187359455e-34,0.0
25.0,2025-12-07,2.0,,2.802479187359455e-34,0.0
25.0,2025-12-07,3.0,,2.802479187359455e-34,0.0
25.0,2025-12-07,4.0,,2.802479187359455e-34,0.0
25.0,2025-12-07,5.0,,0.0,0.0
25.0,2025-12-07,6.0,,32.52035267374918,21.36589034195142
25.0,2025-12-07,7.0,,68.76400015796406,66.26320533718892
25.0,2025-12-07,8.0,,155.91085098197084,152.89783087081491
25.0,2025-12-07,9.0,,165.74922571374566,156.6447469379444
25.0,2025-12-07,10.0,,188.52428997930147,173.600731742254
25.0,2025-12-07,11.0,,229.5168177841053,219.43708195953144
25.0,2025-12-07,12.0,,267.66017255417364,278.43158066321286
25.0,2025-12-07,13.0,,371.827954337556,369.0542929964713
25.0,2025-12-07,14.0,,378.9076706353579,388.03506043490967
25.0,2025-12-07,15.0,,471.54133203576464,478.12270764307596
25.0,2025-12-07,16.0,,440.65926382988874,453.7512588601008
25.0,2025-12-07,17.0,,386.524020255669,378.4129814641615
25.0,2025-12-07,18.0,,350.9322840104073,353.0774157749726
25.0,2025-12-07,19.0,,276.0005418252922,288.85047811917894
25.0,2025-12-07,20.0,,181.7792580119508,185.24186362049954
25.0,2025-12-07,21.0,,148.38896645670062,145.04079672490812
25.0,2025-12-07,22.0,,68.22489838511038,81.65380853459203
25.0,2025-12-07,23.0,,18.012315674477573,4.327258433442495
26.0,2025-12-07,0.0,,18.73260957756001,23.048900097017434
26.0,2025-12-07,1.0,,0.0,0.0
26.0,2025-12-07,2.0,,2.802479187359455e-34,0.0
26.0,2025-12-07,3.0,,2.802479187359455e-34,0.0
26.0,2025-12-07,4.0,,0.0,0.0
26.0,2025-12-07,5.0,,0.8555635285035126,5.33871020768274
26.0,2025-12-07,6.0,,128.02227715486163,133.57350422708913
26.0,2025-12-07,7.0,,185.45826718808252,182.28158937807433
26.0,2025-12-07,8.0,,336.2375597744786,333.5980902848786
26.0,2025-12-07,9.0,,439.1372989556362,476.2957026356954
26.0,2025-12-07,10.0,,522.5151404916398,529.409063559899
26.0,2025-12-07,11.0,,725.518674796769,680.7762164688617
26.0,2025-12-07,12.0,,765.7559554368394,759.9915135759534
26.0,2025-12-07,13.0,,830.2757762119666,806.411511153614
26.0,2025-12-07,14.0,,799.0709759817619,800.6426951573748
26.0,2025-12-07,15.0,,748.7029549982843,747.5590103568659
26.0,2025-12-07,16.0,,758.7876131551867,757.1510794289393
26.0,2025-12-07,17.0,,722.7120780869004,708.8855826064743
26.0,2025-12-07,18.0,,651.2580096366685,633.8663371372456
26.0,2025-12-07,19.0,,497.4238188865544,524.2156253304083
26.0,2025-12-07,20.0,,365.27354027470636,374.8641697185992
26.0,2025-12-07,21.0,,262.9941184025662,274.9849843210759
26.0,2025-12-07,22.0,,134.52591032522022,117.0748198707785
26.0,2025-12-07,23.0,,91.96959176907245,78.86003447330286
28.0,2025-12-07,0.0,,1.1027439654455586,0.0
28.0,2025-12-07,1.0,,2.802479187359455e-34,0.0
28.0,2025-12-07,2.0,,2.802479187359455e-34,0.0
28.0,2025-12-07,3.0,,2.802479187359455e-34,0.0
28.0,2025-12-07,4.0,,0.0,0.0
28.0,2025-12-07,5.0,,17.917094464489324,5.995795420792707
28.0,2025-12-07,6.0,,58.37583662934504,48.64326773241428
28.0,2025-12-07,7.0,,118.96562513709797,111.83625715377661
28.0,2025-12-07,8.0,,212.07349754348365,213.604407715539
28.0,2025-12-07,9.0,,286.752081041452,285.26392260274116
28.0,2025-12-07,10.0,,341.26199808459694,334.7818785132601
28.0,2025-12-07,11.0,,362.4202370350238,352.2184713813306
28.0,2025-12-07,12.0,,425.8663793045571,416.4380846132999
28.0,2025-12-07,13.0,,458.7377377357853,452.637256584631
28.0,2025-12-07,14.0,,462.70022605000804,451.29399380990225
28.0,2025-12-07,15.0,,456.7300273542881,454.7502166460938
28.0,2025-12-07,16.0,,448.7449236427123,448.16364471391444
28.0,2025-12-07,17.0,,432.54980461919166,437.54136240461
28.0,2025-12-07,18.0,,375.76535977127725,382.911961496317
28.0,2025-12-07,19.0,,304.16103782939365,321.155878077656
28.0,2025-12-07,20.0,,240.54764309514624,274.56255154469943
28.0,2025-12-07,21.0,,215.16607798652228,218.1568564181479
28.0,2025-12-07,22.0,,85.5316678232607,82.90604848317167
28.0,2025-12-07,23.0,,0.0,0.0
50.0,2025-12-07,0.0,,19.930852137073146,30.858090327489304
50.0,2025-12-07,1.0,,0.0,0.0
50.0,2025-12-07,2.0,,0.0,0.0
50.0,2025-12-07,3.0,,2.802479187359455e-34,0.0
50.0,2025-12-07,4.0,,0.0,0.0
50.0,2025-12-07,5.0,,10.407630743785045,5.974107861220717
50.0,2025-12-07,6.0,,134.08700194059256,129.29224193753086
50.0,2025-12-07,7.0,,228.29003747461493,232.63064921118576
50.0,2025-12-07,8.0,,387.0150819801255,429.90970167695485
50.0,2025-12-07,9.0,,469.71791986713686,517.636927903772
50.0,2025-12-07,10.0,,474.30983889913324,502.6972130744039
50.0,2025-12-07,11.0,,608.7647302375284,626.2328183629936
50.0,2025-12-07,12.0,,669.177376849399,669.0953419480372
50.0,2025-12-07,13.0,,765.3172952467272,736.978225649288
50.0,2025-12-07,14.0,,778.9948598149443,759.6289892521579
50.0,2025-12-07,15.0,,701.9953894121713,731.5529553961445
50.0,2025-12-07,16.0,,732.5591275011116,721.8180824573482
50.0,2025-12-07,17.0,,721.8670431629773,731.3540240940924
50.0,2025-12-07,18.0,,614.4990136083851,612.437693324628
50.0,2025-12-07,19.0,,517.2717222407582,540.4839457726549
50.0,2025-12-07,20.0,,410.4486738516693,444.94540486386245
50.0,2025-12-07,21.0,,298.02003352399424,340.42351915677307
50.0,2025-12-07,22.0,,152.41682480594392,161.39298612629602
50.0,2025-12-07,23.0,,88.18215931906627,97.01080905558922
1.0,2025-12-08,0.0,,0.0,0.0
1.0,2025-12-08,1.0,,2.802479187359455e-34,0.0
1.0,2025-12-08,2.0,,2.802479187359455e-34,0.0
1.0,2025-12-08,3.0,,2.802479187359455e-34,0.0
1.0,2025-12-08,4.0,,0.0,0.27773522514394927
1.0,2025-12-08,5.0,,138.41705361286444,127.512075724642
1.0,2025-12-08,6.0,,519.1632962411852,497.6474881356288
1.0,2025-12-08,7.0,,1429.3057568179493,1422.5362955736732
1.0,2025-12-08,8.0,,1808.2613019040352,1826.179140073405
1.0,2025-12-08,9.0,,1381.7597419004517,1416.142117581483
1.0,2025-12-08,10.0,,1257.242810720954,1241.1389471108525
1.0,2025-12-08,11.0,,1277.2205060453366,1278.879503691476
1.0,2025-12-08,12.0,,1339.2560873568962,1393.6799657784338
1.0,2025-12-08,13.0,,1353.5082338319946,1361.982300307618
1.0,2025-12-08,14.0,,1332.747138163457,1361.2540361559206
1.0,2025-12-08,15.0,,1442.8141872214067,1475.4423916374321
1.0,2025-12-08,16.0,,1469.5560351460424,1497.4273452951895
1.0,2025-12-08,17.0,,1754.0006862358446,1723.5925104332252
1.0,2025-12-08,18.0,,1751.5027811277807,1711.6524324581962
1.0,2025-12-08,19.0,,1360.4401114941302,1332.7463840529024
1.0,2025-12-08,20.0,,860.738816771852,825.3397592897153
1.0,2025-12-08,21.0,,463.8636939907127,436.82282246281676
1.0,2025-12-08,22.0,,195.23143961945803,186.4302048488631
1.0,2025-12-08,23.0,,27.700914996481174,16.425231504870727
5.0,2025-12-08,0.0,,0.0,0.0
5.0,2025-12-08,1.0,,0.0,0.0
5.0,2025-12-08,2.0,,0.0,0.0
5.0,2025-12-08,3.0,,0.0,0.0
5.0,2025-12-08,4.0,,0.0,0.0
5.0,2025-12-08,5.0,,0.0,0.0
5.0,2025-12-08,6.0,,0.0,0.0
5.0,2025-12-08,7.0,,0.0,0.0
5.0,2025-12-08,8.0,,0.0,0.0
5.0,2025-12-08,9.0,,0.0,0.0
5.0,2025-12-08,10.0,,0.0,0.0
5.0,2025-12-08,11.0,,0.0,0.0
5.0,2025-12-08,12.0,,0.0,0.0
5.0,2025-12-08,13.0,,0.0,0.0
5.0,2025-12-08,14.0,,0.0,0.0
5.0,2025-12-08,15.0,,0.0,0.0
5.0,2025-12-08,16.0,,0.0,0.0
5.0,2025-12-08,17.0,,0.0,0.0
5.0,2025-12-08,18.0,,0.0,0.0
5.0,2025-12-08,19.0,,0.0,0.0
5.0,2025-12-08,20.0,,0.0,0.0
5.0,2025-12-08,21.0,,0.0,0.0
5.0,2025-12-08,22.0,,0.0,0.0
5.0,2025-12-08,23.0,,0.0,0.0
7.0,2025-12-08,0.0,,33.12155085948434,50.84281747885308
7.0,2025-12-08,1.0,,0.0,0.0
7.0,2025-12-08,2.0,,2.802479187359455e-34,0.0
7.0,2025-12-08,3.0,,2.802479187359455e-34,0.0
7.0,2025-12-08,4.0,,0.0,0.0
7.0,2025-12-08,5.0,,179.3311870638691,187.14776716818784
7.0,2025-12-08,6.0,,690.1464681500922,744.2568675091516
7.0,2025-12-08,7.0,,1607.6806447377207,1603.152795111093
7.0,2025-12-08,8.0,,2462.6052706326655,2496.881396022482
7.0,2025-12-08,9.0,,1805.6886697702823,1888.8309636023023
7.0,2025-12-08,10.0,,1596.8029554858895,1539.158365464546
7.0,2025-12-08,11.0,,1412.4118859296973,1447.8498108492433
7.0,2025-12-08,12.0,,1520.333594688483,1534.7081264236351
7.0,2025-12-08,13.0,,1530.0200707182742,1528.6436530203196
7.0,2025-12-08,14.0,,1625.4991823415967,1593.0917765614859
7.0,2025-12-08,15.0,,1715.210470998238,1790.5861188605897
7.0,2025-12-08,16.0,,1827.7979959670831,1855.8014735388927
7.0,2025-12-08,17.0,,2279.0254902918964,2234.7555213794876
7.0,2025-12-08,18.0,,2542.1172079985536,2519.2230104955897
7.0,2025-12-08,19.0,,1689.373129716114,1613.9938294479552
7.0,2025-12-08,20.0,,1061.1165472407965,993.0608019261196
7.0,2025-12-08,21.0,,557.1478022290736,569.4110283480123
7.0,2025-12-08,22.0,,266.1336148191003,267.82593312431385
7.0,2025-12-08,23.0,,135.15700871376248,140.4035751905114
11.0,2025-12-08,0.0,,56.2586549816334,58.11337567443237
11.0,2025-12-08,1.0,,0.0,0.0
11.0,2025-12-08,2.0,,2.802479187359455e-34,0.0
11.0,2025-12-08,3.0,,2.802479187359455e-34,0.0
11.0,2025-12-08,4.0,,0.0,0.0
11.0,2025-12-08,5.0,,266.8558517167177,286.1543166979016
11.0,2025-12-08,6.0,,1286.1457661381414,1275.854050703057
11.0,2025-12-08,7.0,,2336.864037052607,2372.162411496625
11.0,2025-12-08,8.0,,3139.34369321701,3130.7063999441093
11.0,2025-12-08,9.0,,2387.068849374213,2380.0745823449965
11.0,2025-12-08,10.0,,1773.604697034432,1804.328407471182
11.0,2025-12-08,11.0,,1822.2233472320117,1872.5235401540654
11.0,2025-12-08,12.0,,1810.1010114709813,1766.923577064288
11.0,2025-12-08,13.0,,1954.0680139447663,2104.3504986677967
11.0,2025-12-08,14.0,,1963.0330691610839,2100.752940526953
11.0,2025-12-08,15.0,,2046.5345567635682,2164.640772956284
11.0,2025-12-08,16.0,,2258.7086652168964,2255.3547824853526
11.0,2025-12-08,17.0,,2839.745104093808,2812.950786298464
11.0,2025-12-08,18.0,,3074.412555530349,3002.8879398765876
11.0,2025-12-08,19.0,,2239.4036362273487,2291.633940897529
11.0,2025-12-08,20.0,,1460.4030625927173,1418.5951220780319
11.0,2025-12-08,21.0,,804.9825030578689,827.9150514335904
11.0,2025-12-08,22.0,,374.2899907631116,370.87866708136755
11.0,2025-12-08,23.0,,170.21173140260342,197.3719609548433
12.0,2025-12-08,0.0,,52.41767106794127,33.43523727816836
12.0,2025-12-08,1.0,,0.0,0.0
12.0,2025-12-08,2.0,,2.802479187359455e-34,0.0
12.0,2025-12-08,3.0,,2.802479187359455e-34,0.0
12.0,2025-12-08,4.0,,0.0,0.0
12.0,2025-12-08,5.0,,298.89760504041345,310.5194748159419
12.0,2025-12-08,6.0,,1284.0350354632587,1313.1733787959836
12.0,2025-12-08,7.0,,2657.8987718221197,2673.567035582856
12.0,2025-12-08,8.0,,3535.021007725095,3519.5965644339362
12.0,2025-12-08,9.0,,2414.7552575664645,2447.387020892418
12.0,2025-12-08,10.0,,2040.915510550479,2010.4799045212822
12.0,2025-12-08,11.0,,1972.7406169053531,1973.2930816708097
12.0,2025-12-08,12.0,,2085.697118014389,2004.7846413000743
12.0,2025-12-08,13.0,,2059.113359495034,2086.657027304685
12.0,2025-12-08,14.0,,2035.223038364906,1997.3730873956754
12.0,2025-12-08,15.0,,2307.656437915811,2231.019528255205
12.0,2025-12-08,16.0,,2797.2460897480587,2784.696465810335
12.0,2025-12-08,17.0,,3084.8441350462326,3028.160651260142
12.0,2025-12-08,18.0,,3177.6619120864734,3093.1692565525996
12.0,2025-12-08,19.0,,2414.9521559855566,2402.624613933556
12.0,2025-12-08,20.0,,1512.609209947693,1526.3096083165694
12.0,2025-12-08,21.0,,896.4013764713449,905.0035098163362
12.0,2025-12-08,22.0,,418.0241649410846,427.53380720861657
12.0,2025-12-08,23.0,,204.47464908611232,193.96603187610847
17.0,2025-12-08,0.0,,48.02455829652645,73.85292118926856
17.0,2025-12-08,1.0,,0.0,0.0
17.0,2025-12-08,2.0,,2.802479187359455e-34,0.0
17.0,2025-12-08,3.0,,2.802479187359455e-34,0.0
17.0,2025-12-08,4.0,,10.0195163788966,5.118180206055853
17.0,2025-12-08,5.0,,305.8759968037786,294.3817304346566
17.0,2025-12-08,6.0,,1501.0840435789196,1494.6563199643092
17.0,2025-12-08,7.0,,3967.686013048209,3894.525317349709
17.0,2025-12-08,8.0,,5239.836920864015,5190.478651903217
17.0,2025-12-08,9.0,,3701.622345859741,3636.6369836341805
17.0,2025-12-08,10.0,,2906.942591026024,2908.1884327482026
17.0,2025-12-08,11.0,,2892.4152821719204,2960.279788911905
17.0,2025-12-08,12.0,,2945.744996266949,2922.4059916633846
17.0,2025-12-08,13.0,,2976.746677013319,2975.424021969874
17.0,2025-12-08,14.0,,3066.7614634999854,3039.181299258957
17.0,2025-12-08,15.0,,3208.3405209281445,3217.0623801822676
17.0,2025-12-08,16.0,,3596.4532242765135,3575.647211978921
17.0,2025-12-08,17.0,,4423.233758091844,4358.6400072701
17.0,2025-12-08,18.0,,4777.573502480806,4761.485074095849
17.0,2025-12-08,19.0,,3366.8601664769126,3398.1899356562203
17.0,2025-12-08,20.0,,2276.8814177444674,2266.5891447464587
17.0,2025-12-08,21.0,,1387.5430118506447,1390.0480296528106
17.0,2025-12-08,22.0,,702.0822934242431,711.4080264840263
17.0,2025-12-08,23.0,,298.4980096977951,319.30880264510404
25.0,2025-12-08,0.0,,0.0,0.0
25.0,2025-12-08,1.0,,2.802479187359455e-34,0.0
25.0,2025-12-08,2.0,,2.802479187359455e-34,0.0
25.0,2025-12-08,3.0,,2.802479187359455e-34,0.0
25.0,2025-12-08,4.0,,2.802479187359455e-34,0.0
25.0,2025-12-08,5.0,,2.738138837850033,0.0
25.0,2025-12-08,6.0,,146.01892992240545,127.20007403995861
25.0,2025-12-08,7.0,,511.1372413935689,504.1434506131187
25.0,2025-12-08,8.0,,844.1922720395559,837.3889359808668
25.0,2025-12-08,9.0,,436.65330209544686,413.60803018153683
25.0,2025-12-08,10.0,,325.19732040223465,312.4467100039356
25.0,2025-12-08,11.0,,336.40920514793044,334.61341395321904
25.0,2025-12-08,12.0,,345.34662372834885,335.02931063872074
25.0,2025-12-08,13.0,,428.46620071564547,427.9111228464742
25.0,2025-12-08,14.0,,360.9839590221035,371.54711592519647
25.0,2025-12-08,15.0,,443.01695622305874,470.34238852017523
25.0,2025-12-08,16.0,,609.2929127978573,643.3585283712049
25.0,2025-12-08,17.0,,673.1251760602105,685.1904713998914
25.0,2025-12-08,18.0,,709.0333326565853,714.7240136348138
25.0,2025-12-08,19.0,,462.49797579069,447.97127844901325
25.0,2025-12-08,20.0,,267.28812678563645,285.7087987334725
25.0,2025-12-08,21.0,,166.28494803055108,159.6776642082138
25.0,2025-12-08,22.0,,68.39269378644094,80.66552138461365
25.0,2025-12-08,23.0,,0.0,0.0
26.0,2025-12-08,0.0,,0.0,8.10813719358522
26.0,2025-12-08,1.0,,0.0,0.0
26.0,2025-12-08,2.0,,2.802479187359455e-34,0.0
26.0,2025-12-08,3.0,,2.802479187359455e-34,0.0
26.0,2025-12-08,4.0,,2.8243924331441788,0.0
26.0,2025-12-08,5.0,,81.48999233814324,76.6649204473432
26.0,2025-12-08,6.0,,478.1278500216067,464.9463421706976
26.0,2025-12-08,7.0,,1046.0910533929384,1041.3935381945241
26.0,2025-12-08,8.0,,2042.1470777152444,2119.3470107259272
26.0,2025-12-08,9.0,,1393.3813646811357,1403.5785978245854
26.0,2025-12-08,10.0,,1156.6848956603656,1195.6961540313328
26.0,2025-12-08,11.0,,1068.5036600569078,1130.250358944925
26.0,2025-12-08,12.0,,1095.6515138807492,1076.9195398815089
26.0,2025-12-08,13.0,,1175.0322088289136,1145.9150423675844
26.0,2025-12-08,14.0,,1192.2636100848715,1177.362240407339
26.0,2025-12-08,15.0,,1299.8122060781025,1342.389069464041
26.0,2025-12-08,16.0,,1492.713727024625,1500.1205813576219
26.0,2025-12-08,17.0,,1652.940351333749,1622.6826795856891
26.0,2025-12-08,18.0,,1796.1492763031822,1805.5253081389133
26.0,2025-12-08,19.0,,1238.6678041509456,1216.506216166111
26.0,2025-12-08,20.0,,738.9962895517776,724.9204661446481
26.0,2025-12-08,21.0,,430.57309493929404,424.5294059057186
26.0,2025-12-08,22.0,,185.16770139642412,171.20558599404228
26.0,2025-12-08,23.0,,89.33616935699554,70.53299771113996
28.0,2025-12-08,0.0,,1.1027439654455586,0.0
28.0,2025-12-08,1.0,,2.802479187359455e-34,0.0
28.0,2025-12-08,2.0,,2.802479187359455e-34,0.0
28.0,2025-12-08,3.0,,2.802479187359455e-34,0.0
28.0,2025-12-08,4.0,,0.0,2.2433027927654385
28.0,2025-12-08,5.0,,71.66582941084359,66.55925037284052
28.0,2025-12-08,6.0,,250.0891493931546,231.67961016891746
28.0,2025-12-08,7.0,,725.0467587598465,718.7698656939929
28.0,2025-12-08,8.0,,1174.5719786538452,1124.9932044573943
28.0,2025-12-08,9.0,,829.3701135872346,812.1655633703849
28.0,2025-12-08,10.0,,609.9315137550886,588.4020132352889
28.0,2025-12-08,11.0,,512.9598610151533,500.66006502239196
28.0,2025-12-08,12.0,,654.2575118483794,641.5499705263423
28.0,2025-12-08,13.0,,682.3495714571287,672.0600355528812
28.0,2025-12-08,14.0,,614.8934575017053,616.4482034051592
28.0,2025-12-08,15.0,,642.224904368701,636.6478104333166
28.0,2025-12-08,16.0,,787.312578121256,796.8296256581873
28.0,2025-12-08,17.0,,936.3764138911944,921.8828641259975
28.0,2025-12-08,18.0,,926.1035085986618,897.2301648970985
28.0,2025-12-08,19.0,,678.6101064591371,677.5732088959454
28.0,2025-12-08,20.0,,463.3427116012128,441.9485833926368
28.0,2025-12-08,21.0,,281.6147901084696,272.74105612153596
28.0,2025-12-08,22.0,,104.21185372994115,89.61035733075633
28.0,2025-12-08,23.0,,1.9416238448172727,0.0
50.0,2025-12-08,0.0,,1.3523239725452383,14.938710744798838
50.0,2025-12-08,1.0,,0.0,0.0
50.0,2025-12-08,2.0,,0.0,2.598117033032248e-10
50.0,2025-12-08,3.0,,2.802479187359455e-34,0.0
50.0,2025-12-08,4.0,,0.0,0.0
50.0,2025-12-08,5.0,,56.95395648161925,58.636535763222945
50.0,2025-12-08,6.0,,481.19386531729054,485.36585446934913
50.0,2025-12-08,7.0,,1659.2788390609032,1679.7763794603852
50.0,2025-12-08,8.0,,2692.281777423363,2682.9250999927694
50.0,2025-12-08,9.0,,2079.061890138281,2091.7032749404184
50.0,2025-12-08,10.0,,1603.3905556870652,1629.2835477273131
50.0,2025-12-08,11.0,,1532.4595028245903,1543.402397164291
50.0,2025-12-08,12.0,,1410.4644164851825,1429.9607936415146
50.0,2025-12-08,13.0,,1418.8527534277957,1419.580360564033
50.0,2025-12-08,14.0,,1398.7106026714014,1386.968157438031
50.0,2025-12-08,15.0,,1641.0210951324136,1572.4629537770581
50.0,2025-12-08,16.0,,1656.94887153411,1656.738034403957
50.0,2025-12-08,17.0,,2280.1301065025423,2310.7840042844095
50.0,2025-12-08,18.0,,2394.5682432345507,2407.73174017598
50.0,2025-12-08,19.0,,1436.6251529476003,1379.3294601421212
50.0,2025-12-08,20.0,,866.715205057618,864.8868180010172
50.0,2025-12-08,21.0,,555.3791050525195,552.4458216999491
50.0,2025-12-08,22.0,,223.33253893622583,223.4330161789239
50.0,2025-12-08,23.0,,105.68468698469093,100.74302860629649
1.0,2025-12-09,0.0,,0.0,0.0
1.0,2025-12-09,1.0,,2.802479187359455e-34,0.0
1.0,2025-12-09,2.0,,2.802479187359455e-34,0.0
1.0,2025-12-09,3.0,,2.802479187359455e-34,0.0
1.0,2025-12-09,4.0,,0.0,0.0
1.0,2025-12-09,5.0,,124.72641431653516,115.90171680526109
1.0,2025-12-09,6.0,,539.3251011465404,507.8719166948749
1.0,2025-12-09,7.0,,1497.259074961563,1478.9317137498433
1.0,2025-12-09,8.0,,1884.7881916034653,1899.0146935354344
1.0,2025-12-09,9.0,,1473.1397005251263,1484.4765579608816
1.0,2025-12-09,10.0,,1331.7284441044712,1301.8078361839475
1.0,2025-12-09,11.0,,1334.6921606120882,1343.3301362719044
1.0,2025-12-09,12.0,,1378.2760316033916,1433.4000607643743
1.0,2025-12-09,13.0,,1405.9265772776523,1442.4846528670948
1.0,2025-12-09,14.0,,1377.0758675858326,1409.8736808547662
1.0,2025-12-09,15.0,,1501.5155815517414,1520.8257332759395
1.0,2025-12-09,16.0,,1480.9273545358767,1515.2218133411677
1.0,2025-12-09,17.0,,1765.3407907232609,1764.3129813868863
1.0,2025-12-09,18.0,,1772.4388817032905,1746.5156734322359
1.0,2025-12-09,19.0,,1362.9842792111956,1352.0196883565843
1.0,2025-12-09,20.0,,890.5800368832696,867.6174488040806
1.0,2025-12-09,21.0,,502.32423282674,469.11725259841523
1.0,2025-12-09,22.0,,235.21635026222896,215.28682544023036
1.0,2025-12-09,23.0,,39.74658259245414,24.567214391634224
5.0,2025-12-09,0.0,,0.0,0.0
5.0,2025-12-09,1.0,,0.0,0.0
5.0,2025-12-09,2.0,,0.0,0.0
5.0,2025-12-09,3.0,,0.0,0.0
5.0,2025-12-09,4.0,,0.0,0.0
5.0,2025-12-09,5.0,,0.0,0.0
5.0,2025-12-09,6.0,,0.0,0.0
5.0,2025-12-09,7.0,,0.0,0.0
5.0,2025-12-09,8.0,,0.0,0.0
5.0,2025-12-09,9.0,,0.0,0.0
5.0,2025-12-09,10.0,,0.0,0.0
5.0,2025-12-09,11.0,,0.0,0.0
5.0,2025-12-09,12.0,,0.0,0.0
5.0,2025-12-09,13.0,,0.0,0.0
5.0,2025-12-09,14.0,,0.0,0.0
5.0,2025-12-09,15.0,,0.0,0.0
5.0,2025-12-09,16.0,,0.0,0.0
5.0,2025-12-09,17.0,,0.0,0.0
5.0,2025-12-09,18.0,,0.0,0.0
5.0,2025-12-09,19.0,,0.0,0.0
5.0,2025-12-09,20.0,,0.0,0.0
5.0,2025-12-09,21.0,,0.0,0.0
5.0,2025-12-09,22.0,,0.0,0.0
5.0,2025-12-09,23.0,,0.0,0.0
7.0,2025-12-09,0.0,,32.05999502479802,37.962133018622794
7.0,2025-12-09,1.0,,0.0,0.0
7.0,2025-12-09,2.0,,2.802479187359455e-34,0.0
7.0,2025-12-09,3.0,,2.802479187359455e-34,0.0
7.0,2025-12-09,4.0,,0.0,0.0
7.0,2025-12-09,5.0,,182.52934658287404,188.30894663790193
7.0,2025-12-09,6.0,,727.74309292767,725.111615413233
7.0,2025-12-09,7.0,,1672.627031576969,1666.6919948377204
7.0,2025-12-09,8.0,,2519.0730642126373,2560.2585039392816
7.0,2025-12-09,9.0,,1887.9079080294434,1926.0279937365005
7.0,2025-12-09,10.0,,1666.4170263663646,1618.24409022143
7.0,2025-12-09,11.0,,1505.2165049971968,1508.6450748098728
7.0,2025-12-09,12.0,,1622.286143638615,1620.7619847032113
7.0,2025-12-09,13.0,,1584.9719744775812,1582.3853318651022
7.0,2025-12-09,14.0,,1710.1427389603,1682.516793058328
7.0,2025-12-09,15.0,,1803.4169663799184,1833.526805269054
7.0,2025-12-09,16.0,,1897.7657823566637,1924.7141356345385
7.0,2025-12-09,17.0,,2361.984465068978,2295.217074368635
7.0,2025-12-09,18.0,,2569.8570951952624,2534.88322865188
7.0,2025-12-09,19.0,,1774.9499085988216,1684.4674574937155
7.0,2025-12-09,20.0,,1087.2812302034145,1017.9636798385599
7.0,2025-12-09,21.0,,611.5492903526003,625.3437742927855
7.0,2025-12-09,22.0,,290.95021698907107,279.1052330707506
7.0,2025-12-09,23.0,,156.91931551479345,154.32539322214777
11.0,2025-12-09,0.0,,56.01224748078152,55.955338545896396
11.0,2025-12-09,1.0,,0.0,0.0
11.0,2025-12-09,2.0,,2.802479187359455e-34,0.0
11.0,2025-12-09,3.0,,2.802479187359455e-34,0.0
11.0,2025-12-09,4.0,,0.4942433712729976,0.0
11.0,2025-12-09,5.0,,265.6151486885235,305.1282166373533
11.0,2025-12-09,6.0,,1289.8051313821968,1302.378261341309
11.0,2025-12-09,7.0,,2442.5476211478413,2447.828051835541
11.0,2025-12-09,8.0,,3193.9452151811097,3176.872413870624
11.0,2025-12-09,9.0,,2473.472616506774,2436.8175110014304
11.0,2025-12-09,10.0,,1892.7470087307552,1905.575619373223
11.0,2025-12-09,11.0,,1859.110860501475,1941.0063601504821
11.0,2025-12-09,12.0,,1897.331954853046,1865.4664077987422
11.0,2025-12-09,13.0,,2054.252278061925,2192.6272755834216
11.0,2025-12-09,14.0,,2043.0718468614841,2133.957574832362
11.0,2025-12-09,15.0,,2123.2706805878756,2210.4106485630628
11.0,2025-12-09,16.0,,2304.5606140367267,2313.1986763069763
11.0,2025-12-09,17.0,,2873.717669319342,2853.7192061507662
11.0,2025-12-09,18.0,,3099.8027041120235,3037.9705337327514
11.0,2025-12-09,19.0,,2298.5784523815987,2335.4549817146253
11.0,2025-12-09,20.0,,1483.3697378579884,1461.9037484348812
11.0,2025-12-09,21.0,,855.5888904267865,882.6567066283071
11.0,2025-12-09,22.0,,408.1607021257576,389.62848374738877
11.0,2025-12-09,23.0,,211.49770999938488,223.90351014378658
12.0,2025-12-09,0.0,,44.039369373837324,36.28875949582624
12.0,2025-12-09,1.0,,0.0,0.0
12.0,2025-12-09,2.0,,2.802479187359455e-34,0.0
12.0,2025-12-09,3.0,,2.802479187359455e-34,0.0
12.0,2025-12-09,4.0,,4.109858461405601,0.0
12.0,2025-12-09,5.0,,302.7103224036852,333.9758397660805
12.0,2025-12-09,6.0,,1374.7548581370122,1357.0036741087188
12.0,2025-12-09,7.0,,2741.493918755086,2714.0079129092887
12.0,2025-12-09,8.0,,3573.17872543609,3539.5750017310297
12.0,2025-12-09,9.0,,2533.3262287829602,2515.8845743364977
12.0,2025-12-09,10.0,,2176.710431843505,2116.750269582425
12.0,2025-12-09,11.0,,2132.257788849349,2097.826534811331
12.0,2025-12-09,12.0,,2165.2614380762725,2085.699484057074
12.0,2025-12-09,13.0,,2146.7038902978265,2139.0891921893426
12.0,2025-12-09,14.0,,2102.482452684567,2073.1969358393844
12.0,2025-12-09,15.0,,2391.6779570354565,2304.9581436909125
12.0,2025-12-09,16.0,,2857.0235752718568,2811.02918098906
12.0,2025-12-09,17.0,,3132.2662312901307,3041.4520565915877
12.0,2025-12-09,18.0,,3224.083908093238,3125.8440505394083
12.0,2025-12-09,19.0,,2504.069668337227,2472.559980589242
12.0,2025-12-09,20.0,,1539.183876543131,1528.1698980916847
12.0,2025-12-09,21.0,,929.2593742824081,926.0903383234521
12.0,2025-12-09,22.0,,464.57961370789747,460.1612194049422
12.0,2025-12-09,23.0,,228.2016312777637,224.28776912958924
17.0,2025-12-09,0.0,,88.30808894474356,91.54764701159566
17.0,2025-12-09,1.0,,0.3940118296876285,0.0
17.0,2025-12-09,2.0,,2.802479187359455e-34,0.0
17.0,2025-12-09,3.0,,2.802479187359455e-34,0.0
17.0,2025-12-09,4.0,,10.390791752508191,0.6348698248905529
17.0,2025-12-09,5.0,,324.07511794077146,305.4379749597527
17.0,2025-12-09,6.0,,1542.534184834107,1549.924459887971
17.0,2025-12-09,7.0,,4003.1709616400744,3915.5626544696565
17.0,2025-12-09,8.0,,5241.507496010372,5196.719287819589
17.0,2025-12-09,9.0,,3776.796933116902,3703.0830148972354
17.0,2025-12-09,10.0,,2991.812933941944,3001.455272585588
17.0,2025-12-09,11.0,,2941.7091091569455,3028.7952654690425
17.0,2025-12-09,12.0,,2996.834955441048,2990.3756991308433
17.0,2025-12-09,13.0,,3046.6011437918037,3047.847802843773
17.0,2025-12-09,14.0,,3124.9265137043403,3079.8862033269015
17.0,2025-12-09,15.0,,3255.1685678138047,3274.105319877003
17.0,2025-12-09,16.0,,3631.8159925072246,3617.867279384865
17.0,2025-12-09,17.0,,4476.30508445976,4391.734325166438
17.0,2025-12-09,18.0,,4833.197097523088,4788.110544883232
17.0,2025-12-09,19.0,,3422.295790848877,3427.796101923389
17.0,2025-12-09,20.0,,2336.471951758011,2344.757119807422
17.0,2025-12-09,21.0,,1459.483831155859,1449.1039772567242
17.0,2025-12-09,22.0,,743.2302914003564,752.1275254011983
17.0,2025-12-09,23.0,,343.6402686309171,366.15490261302165
25.0,2025-12-09,0.0,,0.0,0.0
25.0,2025-12-09,1.0,,2.802479187359455e-34,0.0
25.0,2025-12-09,2.0,,2.802479187359455e-34,0.0
25.0,2025-12-09,3.0,,2.802479187359455e-34,0.0
25.0,2025-12-09,4.0,,2.802479187359455e-34,0.0
25.0,2025-12-09,5.0,,0.8841971101269105,0.0
25.0,2025-12-09,6.0,,152.21240317052406,133.10925034716786
25.0,2025-12-09,7.0,,518.075565689434,514.7870822794124
25.0,2025-12-09,8.0,,872.3918154436547,862.4791244629868
25.0,2025-12-09,9.0,,454.61403435007486,433.3776735636586
25.0,2025-12-09,10.0,,368.01407493820216,346.92995749747945
25.0,2025-12-09,11.0,,383.2405132612758,374.06807987394217
25.0,2025-12-09,12.0,,375.04615978608996,360.4679805547223
25.0,2025-12-09,13.0,,456.02663339200643,456.78090098232167
25.0,2025-12-09,14.0,,397.5296077151996,391.4799188984283
25.0,2025-12-09,15.0,,501.23203795814646,518.8208038929778
25.0,2025-12-09,16.0,,635.0403888846762,664.2481842890827
25.0,2025-12-09,17.0,,681.5319404538334,697.7107595356498
25.0,2025-12-09,18.0,,729.3079259387694,721.5164239230392
25.0,2025-12-09,19.0,,472.5254999387739,463.3041619357128
25.0,2025-12-09,20.0,,303.0740609841227,307.34793693066086
25.0,2025-12-09,21.0,,196.36227491506193,182.86467171116766
25.0,2025-12-09,22.0,,85.41153667320181,93.23194091445808
25.0,2025-12-09,23.0,,0.0,0.0
26.0,2025-12-09,0.0,,11.363294130152022,8.583528015871803
26.0,2025-12-09,1.0,,0.0,0.0
26.0,2025-12-09,2.0,,2.802479187359455e-34,0.0
26.0,2025-12-09,3.0,,2.802479187359455e-34,0.0
26.0,2025-12-09,4.0,,0.0,0.0
26.0,2025-12-09,5.0,,70.5222079950206,69.38170196415855
26.0,2025-12-09,6.0,,503.8228912857417,491.49785730900527
26.0,2025-12-09,7.0,,1070.9970793277168,1064.3549829886608
26.0,2025-12-09,8.0,,2169.723107368116,2214.1999578657365
26.0,2025-12-09,9.0,,1453.341157450492,1431.409860063944
26.0,2025-12-09,10.0,,1204.1197601862616,1252.1148948388395
26.0,2025-12-09,11.0,,1126.893941450652,1189.5013245273562
26.0,2025-12-09,12.0,,1152.424732885113,1136.0538471640923
26.0,2025-12-09,13.0,,1204.641585253079,1185.8203618266407
26.0,2025-12-09,14.0,,1234.4119745382325,1219.5456362526452
26.0,2025-12-09,15.0,,1350.8930026250587,1375.7559458374894
26.0,2025-12-09,16.0,,1549.529696401008,1578.6939914968145
26.0,2025-12-09,17.0,,1699.5557758856144,1688.575068618865
26.0,2025-12-09,18.0,,1848.1157536391233,1841.415642070336
26.0,2025-12-09,19.0,,1248.3586026890114,1227.4241376939156
26.0,2025-12-09,20.0,,769.1540522485498,754.0520999294922
26.0,2025-12-09,21.0,,457.81576417430864,454.62702397447924
26.0,2025-12-09,22.0,,197.05308345984383,179.99986132025276
26.0,2025-12-09,23.0,,102.75948486930318,91.38169016318092
28.0,2025-12-09,0.0,,1.1027439654455586,0.0
28.0,2025-12-09,1.0,,2.802479187359455e-34,0.0
28.0,2025-12-09,2.0,,2.802479187359455e-34,0.0
28.0,2025-12-09,3.0,,2.802479187359455e-34,0.0
28.0,2025-12-09,4.0,,0.0,0.0
28.0,2025-12-09,5.0,,72.4835516462269,62.11204572322275
28.0,2025-12-09,6.0,,268.85975228119975,247.10149357496377
28.0,2025-12-09,7.0,,760.9792986661588,746.8738031075416
28.0,2025-12-09,8.0,,1210.5686525526598,1174.337637981724
28.0,2025-12-09,9.0,,840.9831951709017,833.3658884989227
28.0,2025-12-09,10.0,,655.8009897481228,646.798761771926
28.0,2025-12-09,11.0,,576.9118345122037,571.1302120067996
28.0,2025-12-09,12.0,,703.9851595882811,694.802296869197
28.0,2025-12-09,13.0,,728.0812246639897,727.6560494207985
28.0,2025-12-09,14.0,,665.5726021124814,660.7730973152076
28.0,2025-12-09,15.0,,694.0303837251481,688.5974286761718
28.0,2025-12-09,16.0,,842.6365679547315,850.2160734280232
28.0,2025-12-09,17.0,,974.748085652244,962.2957844840571
28.0,2025-12-09,18.0,,924.9348128731199,894.7117970849835
28.0,2025-12-09,19.0,,689.8349239878875,682.9332500223643
28.0,2025-12-09,20.0,,499.03626948309335,481.6504928790518
28.0,2025-12-09,21.0,,319.76369799638866,301.17854930872136
28.0,2025-12-09,22.0,,130.33804411315433,115.46022394262279
28.0,2025-12-09,23.0,,13.762783660508656,3.708344657805879
50.0,2025-12-09,0.0,,15.3575530649381,20.176538206593168
50.0,2025-12-09,1.0,,3.3703505308035315,0.0
50.0,2025-12-09,2.0,,0.0,2.598117033032248e-10
50.0,2025-12-09,3.0,,2.802479187359455e-34,0.0
50.0,2025-12-09,4.0,,0.0,0.0
50.0,2025-12-09,5.0,,57.6262423390654,57.619221660246204
50.0,2025-12-09,6.0,,541.0029458911758,511.5815907747367
50.0,2025-12-09,7.0,,1736.0206635367315,1740.8557419701945
50.0,2025-12-09,8.0,,2716.4427584961127,2707.6286633288414
50.0,2025-12-09,9.0,,2175.990395908082,2149.9724473561223
50.0,2025-12-09,10.0,,1665.655193585721,1692.0887580207332
50.0,2025-12-09,11.0,,1584.2212575750843,1576.6323756504632
50.0,2025-12-09,12.0,,1506.8090101186092,1506.0773086224121
50.0,2025-12-09,13.0,,1484.097295143013,1466.1524822483595
50.0,2025-12-09,14.0,,1421.1978174422331,1415.6292468419556
50.0,2025-12-09,15.0,,1724.0467429661073,1643.8390183106872
50.0,2025-12-09,16.0,,1740.2118786168685,1730.3362578189888
50.0,2025-12-09,17.0,,2361.0208617638027,2350.0653167690416
50.0,2025-12-09,18.0,,2440.339479356224,2425.8010357364897
50.0,2025-12-09,19.0,,1501.0606963823418,1407.0773363172118
50.0,2025-12-09,20.0,,911.6689081411581,898.25937477396
50.0,2025-12-09,21.0,,592.3141226217004,580.2762400026044
50.0,2025-12-09,22.0,,239.5467327066121,220.06410956764554
50.0,2025-12-09,23.0,,127.66217016833865,109.15873598960253
1.0,2025-12-10,0.0,,0.0,0.0
1.0,2025-12-10,1.0,,2.802479187359455e-34,0.0
1.0,2025-12-10,2.0,,2.802479187359455e-34,0.0
1.0,2025-12-10,3.0,,2.802479187359455e-34,0.0
1.0,2025-12-10,4.0,,0.0,0.0
1.0,2025-12-10,5.0,,124.75200476456436,112.62515624985092
1.0,2025-12-10,6.0,,556.8770546969404,511.3281053896936
1.0,2025-12-10,7.0,,1491.7492539639172,1481.480456056689
1.0,2025-12-10,8.0,,1875.0590429815597,1888.6593764668846
1.0,2025-12-10,9.0,,1464.71075889547,1478.9706425058207
1.0,2025-12-10,10.0,,1334.0950856375966,1304.0255687901742
1.0,2025-12-10,11.0,,1325.6272029713198,1331.0596689812965
1.0,2025-12-10,12.0,,1378.9763273896242,1435.6946796494283
1.0,2025-12-10,13.0,,1392.0542836314596,1441.1492780648523
1.0,2025-12-10,14.0,,1377.8890681151386,1419.559469811542
1.0,2025-12-10,15.0,,1504.478209970902,1538.8108197068352
1.0,2025-12-10,16.0,,1481.348348913126,1518.7424354728307
1.0,2025-12-10,17.0,,1787.0043586230674,1763.175890243282
1.0,2025-12-10,18.0,,1778.8478207262735,1755.4230267356975
1.0,2025-12-10,19.0,,1369.6204873878823,1346.5468469963307
1.0,2025-12-10,20.0,,868.7418614481824,867.1606921482088
1.0,2025-12-10,21.0,,488.88367531011903,482.7122943596802
1.0,2025-12-10,22.0,,244.2071214496497,226.55720545898492
1.0,2025-12-10,23.0,,29.423578602002095,19.530183003536024
5.0,2025-12-10,0.0,,0.0,0.0
5.0,2025-12-10,1.0,,0.0,0.0
5.0,2025-12-10,2.0,,0.0,0.0
5.0,2025-12-10,3.0,,0.0,0.0
5.0,2025-12-10,4.0,,0.0,0.0
5.0,2025-12-10,5.0,,0.0,0.0
5.0,2025-12-10,6.0,,0.0,0.0
5.0,2025-12-10,7.0,,0.0,0.0
5.0,2025-12-10,8.0,,0.0,0.0
5.0,2025-12-10,9.0,,0.0,0.0
5.0,2025-12-10,10.0,,0.0,0.0
5.0,2025-12-10,11.0,,0.0,0.0
5.0,2025-12-10,12.0,,0.0,0.0
5.0,2025-12-10,13.0,,0.0,0.0
5.0,2025-12-10,14.0,,0.0,0.0
5.0,2025-12-10,15.0,,0.0,0.0
5.0,2025-12-10,16.0,,0.0,0.0
5.0,2025-12-10,17.0,,0.0,0.0
5.0,2025-12-10,18.0,,0.0,0.0
5.0,2025-12-10,19.0,,0.0,0.0
5.0,2025-12-10,20.0,,0.0,0.0
5.0,2025-12-10,21.0,,0.0,0.0
5.0,2025-12-10,22.0,,0.0,0.0
5.0,2025-12-10,23.0,,0.0,0.0
7.0,2025-12-10,0.0,,41.4203721363468,36.406004030915895
7.0,2025-12-10,1.0,,0.0,0.0
7.0,2025-12-10,2.0,,2.802479187359455e-34,2.598117033032248e-10
7.0,2025-12-10,3.0,,2.802479187359455e-34,2.598117033032248e-10
7.0,2025-12-10,4.0,,0.0,0.0
7.0,2025-12-10,5.0,,175.3961133397484,187.39645210273568
7.0,2025-12-10,6.0,,714.279251762978,756.3825156766195
7.0,2025-12-10,7.0,,1660.7317566628196,1670.0750091584591
7.0,2025-12-10,8.0,,2501.8010121979373,2543.221067599084
7.0,2025-12-10,9.0,,1913.8348333752956,1835.1673876280927
7.0,2025-12-10,10.0,,1675.5518758118476,1622.9458007514045
7.0,2025-12-10,11.0,,1496.4617500693469,1519.591703904437
7.0,2025-12-10,12.0,,1611.0950276580522,1627.9605591999245
7.0,2025-12-10,13.0,,1557.938223611549,1594.5699701367348
7.0,2025-12-10,14.0,,1685.2767619751205,1672.4147717353956
7.0,2025-12-10,15.0,,1805.939231155622,1869.1737375859436
7.0,2025-12-10,16.0,,1880.8772520765494,1935.3501502113086
7.0,2025-12-10,17.0,,2385.878473263904,2308.638999854684
7.0,2025-12-10,18.0,,2579.6690302679067,2545.1620958402114
7.0,2025-12-10,19.0,,1776.25813209186,1687.700388154476
7.0,2025-12-10,20.0,,1094.431110009485,1036.4476019959563
7.0,2025-12-10,21.0,,614.3157139014758,648.5375310895191
7.0,2025-12-10,22.0,,302.3397075791952,303.34735061897885
7.0,2025-12-10,23.0,,149.64614807862873,152.1416060583638
11.0,2025-12-10,0.0,,44.525661246029586,49.01475832651617
11.0,2025-12-10,1.0,,0.0,0.0
11.0,2025-12-10,2.0,,2.802479187359455e-34,2.598117033032248e-10
11.0,2025-12-10,3.0,,2.802479187359455e-34,2.598117033032248e-10
11.0,2025-12-10,4.0,,0.0,0.0
11.0,2025-12-10,5.0,,250.1858360394233,297.1579730194876
11.0,2025-12-10,6.0,,1272.4493951504346,1295.2762541078955
11.0,2025-12-10,7.0,,2440.711819875939,2443.961046474217
11.0,2025-12-10,8.0,,3175.21459643711,3162.8987999143924
11.0,2025-12-10,9.0,,2464.6203500986067,2424.7967911075707
11.0,2025-12-10,10.0,,1890.055202493008,1888.4000646849643
11.0,2025-12-10,11.0,,1866.522333624503,1935.377856202317
11.0,2025-12-10,12.0,,1893.5819558028675,1866.776894850362
11.0,2025-12-10,13.0,,2048.16621848454,2178.958701978185
11.0,2025-12-10,14.0,,2013.7866627210046,2133.0432345205813
11.0,2025-12-10,15.0,,2077.5282527521413,2205.4982182146146
11.0,2025-12-10,16.0,,2277.3825428734617,2310.219255450453
11.0,2025-12-10,17.0,,2859.793853920898,2841.7105571839934
11.0,2025-12-10,18.0,,3108.062323437208,3029.6674450244523
11.0,2025-12-10,19.0,,2302.6975503729936,2337.5006044132692
11.0,2025-12-10,20.0,,1490.3107912343942,1460.195858925471
11.0,2025-12-10,21.0,,841.7363468089712,882.3005009876096
11.0,2025-12-10,22.0,,406.34256409209377,411.0363429669227
11.0,2025-12-10,23.0,,220.67261281649482,231.13400585832034
12.0,2025-12-10,0.0,,37.90794645503337,28.986582491576304
12.0,2025-12-10,1.0,,0.0,0.0
12.0,2025-12-10,2.0,,2.802479187359455e-34,2.598117033032248e-10
12.0,2025-12-10,3.0,,2.802479187359455e-34,0.0
12.0,2025-12-10,4.0,,0.0,0.0
12.0,2025-12-10,5.0,,304.81319040341634,317.680954294768
12.0,2025-12-10,6.0,,1375.5166713139606,1354.531159729475
12.0,2025-12-10,7.0,,2727.6290848037884,2692.798836033038
12.0,2025-12-10,8.0,,3567.337614901957,3521.4066550358107
12.0,2025-12-10,9.0,,2543.523978184603,2512.8776437315255
12.0,2025-12-10,10.0,,2191.1124373971957,2109.6363082635203
12.0,2025-12-10,11.0,,2144.252382789141,2085.041884472041
12.0,2025-12-10,12.0,,2167.737409609838,2078.909745131413
12.0,2025-12-10,13.0,,2136.400881759273,2135.75284855197
12.0,2025-12-10,14.0,,2101.8674177499483,2064.3810359684776
12.0,2025-12-10,15.0,,2392.560472736039,2304.619010171215
12.0,2025-12-10,16.0,,2840.871312294703,2810.5137430423397
12.0,2025-12-10,17.0,,3125.4956222663327,3039.88355417844
12.0,2025-12-10,18.0,,3208.9782734811565,3115.638063687861
12.0,2025-12-10,19.0,,2511.8389236984635,2461.3971852637774
12.0,2025-12-10,20.0,,1534.1464951203527,1526.9216868996014
12.0,2025-12-10,21.0,,933.9474947820531,928.6823417342367
12.0,2025-12-10,22.0,,460.79880687805314,470.4724168380531
12.0,2025-12-10,23.0,,235.5315513916437,230.04476695663377
17.0,2025-12-10,0.0,,83.96759598649443,88.25251615151188
17.0,2025-12-10,1.0,,0.0,0.0
17.0,2025-12-10,2.0,,2.802479187359455e-34,2.598117033032248e-10
17.0,2025-12-10,3.0,,2.802479187359455e-34,2.598117033032248e-10
17.0,2025-12-10,4.0,,10.403182590232696,0.0
17.0,2025-12-10,5.0,,311.42370644527045,298.2507678408292
17.0,2025-12-10,6.0,,1520.6190041112875,1526.3540149654054
17.0,2025-12-10,7.0,,3957.5399833628035,3895.55773434114
17.0,2025-12-10,8.0,,5203.05591792186,5159.52190030472
17.0,2025-12-10,9.0,,3730.5803561230186,3696.0646850777534
17.0,2025-12-10,10.0,,2985.017829176457,2999.5264954386907
17.0,2025-12-10,11.0,,2936.7949792783093,3019.5498651235903
17.0,2025-12-10,12.0,,2976.254254427236,2986.1911289678196
17.0,2025-12-10,13.0,,3008.313451295779,3047.3439444229034
17.0,2025-12-10,14.0,,3098.3523605042574,3095.676283472593
17.0,2025-12-10,15.0,,3226.093724370079,3271.4463000253336
17.0,2025-12-10,16.0,,3626.2463550929683,3617.16672110489
17.0,2025-12-10,17.0,,4441.348383746733,4391.867014418232
17.0,2025-12-10,18.0,,4792.485254981999,4776.3954954490355
17.0,2025-12-10,19.0,,3377.647126590433,3406.9711555330764
17.0,2025-12-10,20.0,,2333.1153984677194,2327.746721648522
17.0,2025-12-10,21.0,,1459.1067690643347,1454.14999185101
17.0,2025-12-10,22.0,,737.7609527677836,762.9363927514613
17.0,2025-12-10,23.0,,344.14204886724275,379.9399895432852
25.0,2025-12-10,0.0,,0.0,0.0
25.0,2025-12-10,1.0,,2.802479187359455e-34,0.0
25.0,2025-12-10,2.0,,2.802479187359455e-34,2.598117033032248e-10
25.0,2025-12-10,3.0,,2.802479187359455e-34,2.598117033032248e-10
25.0,2025-12-10,4.0,,2.802479187359455e-34,0.0
25.0,2025-12-10,5.0,,0.0,0.0
25.0,2025-12-10,6.0,,147.79260025881314,138.1669567295922
25.0,2025-12-10,7.0,,515.5119302296022,516.8235892038725
25.0,2025-12-10,8.0,,850.8040742111175,853.1805762484807
25.0,2025-12-10,9.0,,457.0178390279515,431.29418522070245
25.0,2025-12-10,10.0,,357.0754030648764,342.07785429767773
25.0,2025-12-10,11.0,,380.0432208673487,380.2682678896702
25.0,2025-12-10,12.0,,376.6394848519177,368.9050769984196
25.0,2025-12-10,13.0,,454.49985533403895,453.13007198842905
25.0,2025-12-10,14.0,,391.1591355069735,386.0792966775832
25.0,2025-12-10,15.0,,486.6343481827258,522.8060127815495
25.0,2025-12-10,16.0,,619.8472268218811,662.4130462917167
25.0,2025-12-10,17.0,,684.336887036316,698.0713093850588
25.0,2025-12-10,18.0,,731.8361776728934,728.0764371373571
25.0,2025-12-10,19.0,,474.9412439600446,476.0264439034505
25.0,2025-12-10,20.0,,309.4078087795754,308.62649677723795
25.0,2025-12-10,21.0,,185.96707579131456,188.1237746221704
25.0,2025-12-10,22.0,,87.95584529750123,92.98691449730718
25.0,2025-12-10,23.0,,0.0,0.0
26.0,2025-12-10,0.0,,7.405287987656395,5.997865904345753
26.0,2025-12-10,1.0,,0.0,0.0
26.0,2025-12-10,2.0,,2.802479187359455e-34,0.0
26.0,2025-12-10,3.0,,2.802479187359455e-34,0.0
26.0,2025-12-10,4.0,,0.0,0.0
26.0,2025-12-10,5.0,,67.67841463447489,71.63027182094028
26.0,2025-12-10,6.0,,494.9438396065573,480.86672070404825
26.0,2025-12-10,7.0,,1069.706232349814,1050.4130808719633
26.0,2025-12-10,8.0,,2192.3799949611316,2222.256475674922
26.0,2025-12-10,9.0,,1444.325286384236,1422.2641590137052
26.0,2025-12-10,10.0,,1194.4926130687059,1230.579438932573
26.0,2025-12-10,11.0,,1122.228221816877,1184.1337475548664
26.0,2025-12-10,12.0,,1129.4850933079013,1124.6877006891611
26.0,2025-12-10,13.0,,1167.7525293998733,1174.0771736381932
26.0,2025-12-10,14.0,,1241.6252547219253,1224.9368134056895
26.0,2025-12-10,15.0,,1330.8410791440142,1383.0722614448064
26.0,2025-12-10,16.0,,1531.3455762627061,1564.8069785979053
26.0,2025-12-10,17.0,,1692.6208562124457,1690.1254327649
26.0,2025-12-10,18.0,,1857.4873650773752,1833.3772432389865
26.0,2025-12-10,19.0,,1242.7553476998792,1216.23159031115
26.0,2025-12-10,20.0,,759.8855980642231,749.3426461378899
26.0,2025-12-10,21.0,,477.75508394479414,469.2846081702153
26.0,2025-12-10,22.0,,199.8183149845899,185.0254766615781
26.0,2025-12-10,23.0,,99.2949404583621,97.20762460458067
28.0,2025-12-10,0.0,,1.1027439654455586,0.0
28.0,2025-12-10,1.0,,2.802479187359455e-34,0.0
28.0,2025-12-10,2.0,,2.802479187359455e-34,0.0
28.0,2025-12-10,3.0,,2.802479187359455e-34,0.0
28.0,2025-12-10,4.0,,0.0,0.0
28.0,2025-12-10,5.0,,72.66504119085175,54.14917113635378
28.0,2025-12-10,6.0,,280.0916898520049,248.77208986186307
28.0,2025-12-10,7.0,,753.2055845766903,741.5185772946852
28.0,2025-12-10,8.0,,1189.8612933136806,1163.6924184491459
28.0,2025-12-10,9.0,,851.177616567641,829.5410632598041
28.0,2025-12-10,10.0,,636.2166821004186,628.4087809569124
28.0,2025-12-10,11.0,,573.0734232911141,550.9351269231269
28.0,2025-12-10,12.0,,713.9038124609458,687.7485387081246
28.0,2025-12-10,13.0,,738.9942001599812,720.6546577009561
28.0,2025-12-10,14.0,,655.0295667572198,656.9285649074119
28.0,2025-12-10,15.0,,679.7151089847271,679.3198987314468
28.0,2025-12-10,16.0,,867.1272335733802,847.2163145861234
28.0,2025-12-10,17.0,,979.5982703428622,959.0120891196688
28.0,2025-12-10,18.0,,926.000486599472,902.1016138834563
28.0,2025-12-10,19.0,,697.3375960069462,685.9705372694341
28.0,2025-12-10,20.0,,492.80888619227113,483.182778424079
28.0,2025-12-10,21.0,,313.3316856384636,303.4525336021295
28.0,2025-12-10,22.0,,132.1025610487069,111.52271899844723
28.0,2025-12-10,23.0,,7.965837825655968,0.0
50.0,2025-12-10,0.0,,18.30839563329388,18.756571934792493
50.0,2025-12-10,1.0,,0.5935428422775756,0.0
50.0,2025-12-10,2.0,,0.0,2.598117033032248e-10
50.0,2025-12-10,3.0,,2.802479187359455e-34,2.598117033032248e-10
50.0,2025-12-10,4.0,,0.0,0.0
50.0,2025-12-10,5.0,,55.13108551932526,51.747363561704695
50.0,2025-12-10,6.0,,510.8162881071433,512.8266615354959
50.0,2025-12-10,7.0,,1736.1059664362087,1748.307713480535
50.0,2025-12-10,8.0,,2717.6635356983998,2717.014050235176
50.0,2025-12-10,9.0,,2152.1049467053017,2150.3571772041855
50.0,2025-12-10,10.0,,1662.821723487139,1690.2237539341822
50.0,2025-12-10,11.0,,1573.2598437034408,1578.3524629765811
50.0,2025-12-10,12.0,,1494.9733140762592,1522.2170352596072
50.0,2025-12-10,13.0,,1473.5495928088742,1467.0891738773616
50.0,2025-12-10,14.0,,1419.0239928384901,1423.5912006704518
50.0,2025-12-10,15.0,,1720.1146740315676,1649.7388566491425
50.0,2025-12-10,16.0,,1745.2744656306288,1734.5062060086052
50.0,2025-12-10,17.0,,2380.4585855532473,2386.468140669749
50.0,2025-12-10,18.0,,2459.853970402896,2425.0151412546484
50.0,2025-12-10,19.0,,1510.1205453623884,1422.059221018515
50.0,2025-12-10,20.0,,913.1028754820412,905.4824798765726
50.0,2025-12-10,21.0,,601.1088634166451,605.3893828859345
50.0,2025-12-10,22.0,,251.8408714877629,247.2050623975666
50.0,2025-12-10,23.0,,119.02552384426434,126.93568273345021
1.0,2025-12-11,0.0,,0.0,0.0
1.0,2025-12-11,1.0,,2.802479187359455e-34,0.0
1.0,2025-12-11,2.0,,2.802479187359455e-34,0.0
1.0,2025-12-11,3.0,,2.802479187359455e-34,0.0
1.0,2025-12-11,4.0,,0.0,0.0
1.0,2025-12-11,5.0,,119.82370102119066,121.94868600612857
1.0,2025-12-11,6.0,,532.4150245419088,514.546585614683
1.0,2025-12-11,7.0,,1472.8875724133686,1488.3119367648233
1.0,2025-12-11,8.0,,1851.119354567815,1889.0255193236694
1.0,2025-12-11,9.0,,1432.4620348615563,1457.530515805766
1.0,2025-12-11,10.0,,1298.326790169935,1293.694336079836
1.0,2025-12-11,11.0,,1356.553819809025,1366.380014523696
1.0,2025-12-11,12.0,,1377.7921873047865,1437.8549375073142
1.0,2025-12-11,13.0,,1413.8018243174029,1446.7148628844243
1.0,2025-12-11,14.0,,1368.9091241086653,1429.5908596269237
1.0,2025-12-11,15.0,,1497.7325210895092,1548.664777207336
1.0,2025-12-11,16.0,,1477.3832970797182,1510.280919369831
1.0,2025-12-11,17.0,,1754.0680934602415,1761.2217227554422
1.0,2025-12-11,18.0,,1749.3584278957621,1748.873368919281
1.0,2025-12-11,19.0,,1325.5968676396046,1338.7823678154875
1.0,2025-12-11,20.0,,904.2797259031872,881.2569543306704
1.0,2025-12-11,21.0,,475.19171499290377,482.7817140217641
1.0,2025-12-11,22.0,,248.50611652251374,236.60252161821597
1.0,2025-12-11,23.0,,53.71362705742343,34.06446852332577
5.0,2025-12-11,0.0,,0.0,0.0
5.0,2025-12-11,1.0,,0.0,0.0
5.0,2025-12-11,2.0,,0.0,0.0
5.0,2025-12-11,3.0,,0.0,0.0
5.0,2025-12-11,4.0,,0.0,0.0
5.0,2025-12-11,5.0,,0.0,0.0
5.0,2025-12-11,6.0,,0.0,0.0
5.0,2025-12-11,7.0,,0.0,0.0
5.0,2025-12-11,8.0,,0.0,0.0
5.0,2025-12-11,9.0,,0.0,0.0
5.0,2025-12-11,10.0,,0.0,0.0
5.0,2025-12-11,11.0,,0.0,0.0
5.0,2025-12-11,12.0,,0.0,0.0
5.0,2025-12-11,13.0,,0.0,0.0
5.0,2025-12-11,14.0,,0.0,0.0
5.0,2025-12-11,15.0,,0.0,0.0
5.0,2025-12-11,16.0,,0.0,0.0
5.0,2025-12-11,17.0,,0.0,0.0
5.0,2025-12-11,18.0,,0.0,0.0
5.0,2025-12-11,19.0,,0.0,0.0
5.0,2025-12-11,20.0,,0.0,0.0
5.0,2025-12-11,21.0,,0.0,0.0
5.0,2025-12-11,22.0,,0.0,0.0
5.0,2025-12-11,23.0,,0.0,0.0
7.0,2025-12-11,0.0,,36.620136027448176,40.18292856964317
7.0,2025-12-11,1.0,,0.0,0.0
7.0,2025-12-11,2.0,,2.802479187359455e-34,2.598117033032248e-10
7.0,2025-12-11,3.0,,2.802479187359455e-34,2.598117033032248e-10
7.0,2025-12-11,4.0,,0.0,0.0
7.0,2025-12-11,5.0,,175.9012415223004,184.37636035801606
7.0,2025-12-11,6.0,,736.7972616071289,730.0713389238746
7.0,2025-12-11,7.0,,1650.6535176589337,1673.5234245618296
7.0,2025-12-11,8.0,,2474.3388575582526,2537.6311758990705
7.0,2025-12-11,9.0,,1906.4950595848597,1847.8702084092447
7.0,2025-12-11,10.0,,1670.7585674954119,1623.8390887916682
7.0,2025-12-11,11.0,,1499.383904929021,1523.9711259308242
7.0,2025-12-11,12.0,,1617.7725206156929,1642.0375685446381
7.0,2025-12-11,13.0,,1572.5607444933148,1617.4927087307772
7.0,2025-12-11,14.0,,1689.896950281502,1681.269802744727
7.0,2025-12-11,15.0,,1765.8120480184225,1861.529919733717
7.0,2025-12-11,16.0,,1901.358640959329,1949.9858711849413
7.0,2025-12-11,17.0,,2393.203813437666,2315.4027598893863
7.0,2025-12-11,18.0,,2598.952530297413,2546.1078429206395
7.0,2025-12-11,19.0,,1814.1678142605338,1714.8889836315832
7.0,2025-12-11,20.0,,1108.6838572447648,1056.7508145818608
7.0,2025-12-11,21.0,,645.9189520502804,666.6486116866915
7.0,2025-12-11,22.0,,298.3926339105539,308.2400297071733
7.0,2025-12-11,23.0,,162.15592874768228,164.12019127762522
11.0,2025-12-11,0.0,,42.36989298707438,57.41961189753538
11.0,2025-12-11,1.0,,0.0,0.0
11.0,2025-12-11,2.0,,2.802479187359455e-34,2.598117033032248e-10
11.0,2025-12-11,3.0,,2.802479187359455e-34,2.598117033032248e-10
11.0,2025-12-11,4.0,,0.0,0.0
11.0,2025-12-11,5.0,,273.7967920794524,303.8901736359047
11.0,2025-12-11,6.0,,1271.4948043083516,1307.5469460771749
11.0,2025-12-11,7.0,,2386.3358620269346,2435.064540100237
11.0,2025-12-11,8.0,,3134.8616761144954,3153.8770156904957
11.0,2025-12-11,9.0,,2464.8859983070365,2433.4270750528494
11.0,2025-12-11,10.0,,1904.220261025985,1907.5138208062522
11.0,2025-12-11,11.0,,1879.9770913294217,1959.0241639751507
11.0,2025-12-11,12.0,,1921.4106164132122,1896.1476963249897
11.0,2025-12-11,13.0,,2026.4542981053637,2183.361209958605
11.0,2025-12-11,14.0,,2072.022784506789,2157.5698695809983
11.0,2025-12-11,15.0,,2075.348481587072,2188.982593297352
11.0,2025-12-11,16.0,,2302.7689119842344,2318.3444150141927
11.0,2025-12-11,17.0,,2868.7721408061007,2859.3755747998575
11.0,2025-12-11,18.0,,3083.7166422375367,3020.9180769902982
11.0,2025-12-11,19.0,,2294.51570283747,2354.294695630471
11.0,2025-12-11,20.0,,1474.0470556820605,1466.8514221404773
11.0,2025-12-11,21.0,,883.1607155954006,890.7465348186602
11.0,2025-12-11,22.0,,414.09818414871404,446.22256081452264
11.0,2025-12-11,23.0,,230.44069359603353,253.3225476029902
12.0,2025-12-11,0.0,,36.55545068595458,34.58379243990366
12.0,2025-12-11,1.0,,0.0,0.0
12.0,2025-12-11,2.0,,2.802479187359455e-34,2.598117033032248e-10
12.0,2025-12-11,3.0,,2.802479187359455e-34,0.0
12.0,2025-12-11,4.0,,0.0,0.0
12.0,2025-12-11,5.0,,305.59828240131407,331.2929766594542
12.0,2025-12-11,6.0,,1361.739172542392,1363.6328128533382
12.0,2025-12-11,7.0,,2763.4358433546504,2710.13502810845
12.0,2025-12-11,8.0,,3534.696864350751,3529.7253534160623
12.0,2025-12-11,9.0,,2508.063864136468,2525.7058424892184
12.0,2025-12-11,10.0,,2158.431006857081,2124.5558346836688
12.0,2025-12-11,11.0,,2173.931758192882,2133.7931499324236
12.0,2025-12-11,12.0,,2164.1287133323617,2081.7844729581743
12.0,2025-12-11,13.0,,2129.034120718313,2136.8221535998755
12.0,2025-12-11,14.0,,2133.00687968286,2075.733789475328
12.0,2025-12-11,15.0,,2369.6799844332736,2307.352524518384
12.0,2025-12-11,16.0,,2881.242113424399,2839.4417492836556
12.0,2025-12-11,17.0,,3147.2517458021325,3030.3733786175335
12.0,2025-12-11,18.0,,3183.8589625008567,3137.89434185096
12.0,2025-12-11,19.0,,2484.9443205942616,2477.5277613827366
12.0,2025-12-11,20.0,,1510.8691089819067,1540.5205675582
12.0,2025-12-11,21.0,,917.2278063177754,928.8395343905893
12.0,2025-12-11,22.0,,475.7191902931884,487.20903641141524
12.0,2025-12-11,23.0,,238.26296831483148,244.0581047482639
17.0,2025-12-11,0.0,,93.15894787882033,103.49225570732482
17.0,2025-12-11,1.0,,0.0,0.0
17.0,2025-12-11,2.0,,2.802479187359455e-34,2.598117033032248e-10
17.0,2025-12-11,3.0,,2.802479187359455e-34,2.598117033032248e-10
17.0,2025-12-11,4.0,,7.070649235986315,1.2614903305729772
17.0,2025-12-11,5.0,,304.9793882010808,297.2989614170962
17.0,2025-12-11,6.0,,1499.2974679364145,1528.16933932932
17.0,2025-12-11,7.0,,3949.6725395700732,3897.2429242546723
17.0,2025-12-11,8.0,,5151.151027094077,5161.898675888803
17.0,2025-12-11,9.0,,3741.0817158200716,3722.9166290098706
17.0,2025-12-11,10.0,,2962.0370537134113,3028.638923840847
17.0,2025-12-11,11.0,,2935.1585510332006,3045.558659278163
17.0,2025-12-11,12.0,,2997.195778353487,3010.7743985264265
17.0,2025-12-11,13.0,,3039.6752809018194,3077.0456710841163
17.0,2025-12-11,14.0,,3135.4388309065425,3133.5640157498706
17.0,2025-12-11,15.0,,3263.741278208948,3308.1734387413626
17.0,2025-12-11,16.0,,3662.705028666944,3660.17283628971
17.0,2025-12-11,17.0,,4414.638460503025,4395.3369275343985
17.0,2025-12-11,18.0,,4763.347020779175,4788.294854295459
17.0,2025-12-11,19.0,,3343.9973784756876,3409.451508940456
17.0,2025-12-11,20.0,,2326.7091059377985,2343.428364263737
17.0,2025-12-11,21.0,,1441.1609070431514,1472.2239909918035
17.0,2025-12-11,22.0,,745.9540385188193,795.5606453761706
17.0,2025-12-11,23.0,,360.1895031470499,400.6418321405637
25.0,2025-12-11,0.0,,0.0,0.0
25.0,2025-12-11,1.0,,2.802479187359455e-34,0.0
25.0,2025-12-11,2.0,,2.802479187359455e-34,2.598117033032248e-10
25.0,2025-12-11,3.0,,2.802479187359455e-34,2.598117033032248e-10
25.0,2025-12-11,4.0,,2.802479187359455e-34,0.0
25.0,2025-12-11,5.0,,6.577992244126262,0.0
25.0,2025-12-11,6.0,,147.549124360629,135.62231247530886
25.0,2025-12-11,7.0,,503.1796401119981,512.7871549151256
25.0,2025-12-11,8.0,,848.317818786376,868.0940828372744
25.0,2025-12-11,9.0,,438.2098003122095,440.5048075931957
25.0,2025-12-11,10.0,,357.91453072734726,358.91650782943947
25.0,2025-12-11,11.0,,387.83068949846427,388.11040420727596
25.0,2025-12-11,12.0,,375.7731232012232,372.0780783069535
25.0,2025-12-11,13.0,,457.11717528901033,456.2844683762368
25.0,2025-12-11,14.0,,401.43313992100144,407.88478746244107
25.0,2025-12-11,15.0,,496.6544152979514,525.9797341091976
25.0,2025-12-11,16.0,,627.0621264805706,639.5655161473148
25.0,2025-12-11,17.0,,680.5234664797691,695.5929587498728
25.0,2025-12-11,18.0,,718.7535695635387,728.4801724314408
25.0,2025-12-11,19.0,,465.9978271111213,481.6241712263977
25.0,2025-12-11,20.0,,297.1805240985358,299.0174522825969
25.0,2025-12-11,21.0,,184.10221295085807,190.68781169519303
25.0,2025-12-11,22.0,,97.10283612190665,110.87699612063939
25.0,2025-12-11,23.0,,0.0,0.0
26.0,2025-12-11,0.0,,6.508506358066444,4.1307503809254005
26.0,2025-12-11,1.0,,0.0,0.0
26.0,2025-12-11,2.0,,2.802479187359455e-34,0.0
26.0,2025-12-11,3.0,,2.802479187359455e-34,0.0
26.0,2025-12-11,4.0,,0.0,0.0
26.0,2025-12-11,5.0,,70.37927919022643,76.54725823066238
26.0,2025-12-11,6.0,,504.79187486659407,495.3359043749521
26.0,2025-12-11,7.0,,1065.586808226864,1061.205939968364
26.0,2025-12-11,8.0,,2144.66654346092,2202.879666748733
26.0,2025-12-11,9.0,,1440.4529304467387,1423.6695153309997
26.0,2025-12-11,10.0,,1174.7837079978228,1232.498296592633
26.0,2025-12-11,11.0,,1125.2409891369189,1183.7022347144145
26.0,2025-12-11,12.0,,1133.7137397032216,1132.1546970480215
26.0,2025-12-11,13.0,,1169.3987927357211,1174.3632922236848
26.0,2025-12-11,14.0,,1234.71146779758,1230.9601615631927
26.0,2025-12-11,15.0,,1317.079834359517,1375.016402981713
26.0,2025-12-11,16.0,,1539.3710923484455,1577.0350863891942
26.0,2025-12-11,17.0,,1706.9921954108956,1700.8551332041156
26.0,2025-12-11,18.0,,1832.9249968735705,1830.6305705631366
26.0,2025-12-11,19.0,,1259.2105562093766,1238.398268422088
26.0,2025-12-11,20.0,,764.5234447169479,757.8453812069625
26.0,2025-12-11,21.0,,482.4005246752322,478.5295245175114
26.0,2025-12-11,22.0,,202.40975871581082,207.44639481161914
26.0,2025-12-11,23.0,,111.82140725773442,114.23152242053197
28.0,2025-12-11,0.0,,1.1027439654455586,0.0
28.0,2025-12-11,1.0,,2.802479187359455e-34,0.0
28.0,2025-12-11,2.0,,2.802479187359455e-34,0.0
28.0,2025-12-11,3.0,,2.802479187359455e-34,0.0
28.0,2025-12-11,4.0,,0.0,0.0
28.0,2025-12-11,5.0,,65.25076304518527,57.21714610402936
28.0,2025-12-11,6.0,,263.2592758246102,257.34781775361876
28.0,2025-12-11,7.0,,744.8975543975081,733.0080954700468
28.0,2025-12-11,8.0,,1185.8082755938292,1173.1525136984408
28.0,2025-12-11,9.0,,845.7018060918933,840.7657051075174
28.0,2025-12-11,10.0,,648.9258435424556,643.0303790481706
28.0,2025-12-11,11.0,,575.1740175817878,559.9896869989018
28.0,2025-12-11,12.0,,710.8933371573237,691.4957020712678
28.0,2025-12-11,13.0,,737.9924223826846,722.5200808044152
28.0,2025-12-11,14.0,,664.9106603470518,661.3102781537503
28.0,2025-12-11,15.0,,686.7015026009071,681.1457188425451
28.0,2025-12-11,16.0,,859.1246422356952,851.5394643798938
28.0,2025-12-11,17.0,,981.1502830464644,954.2588791292461
28.0,2025-12-11,18.0,,915.4365384359545,894.7100257875654
28.0,2025-12-11,19.0,,664.0085082659526,692.3345209654811
28.0,2025-12-11,20.0,,477.7253511989692,489.94217746193533
28.0,2025-12-11,21.0,,324.7356585110561,310.37570841429306
28.0,2025-12-11,22.0,,135.46716074927147,125.2967638773881
28.0,2025-12-11,23.0,,15.712617145992608,9.545747232573413
50.0,2025-12-11,0.0,,14.593075692932437,16.507383590800238
50.0,2025-12-11,1.0,,0.22019834306644154,0.0
50.0,2025-12-11,2.0,,0.0,2.598117033032248e-10
50.0,2025-12-11,3.0,,2.802479187359455e-34,2.598117033032248e-10
50.0,2025-12-11,4.0,,0.0,0.0
50.0,2025-12-11,5.0,,58.15323901396856,56.04827131979564
50.0,2025-12-11,6.0,,524.4726075457091,517.9913960654536
50.0,2025-12-11,7.0,,1730.3097410016105,1753.7640905692313
50.0,2025-12-11,8.0,,2716.2767187894933,2714.8848283886355
50.0,2025-12-11,9.0,,2168.514788705031,2157.935148529846
50.0,2025-12-11,10.0,,1658.043979929838,1695.7103103033996
50.0,2025-12-11,11.0,,1601.0363130350383,1589.3663331767991
50.0,2025-12-11,12.0,,1530.184579384104,1528.435693170961
50.0,2025-12-11,13.0,,1480.356825448402,1467.1594856650327
50.0,2025-12-11,14.0,,1417.9051165129406,1429.054482638853
50.0,2025-12-11,15.0,,1729.7629007292016,1653.4206355424208
50.0,2025-12-11,16.0,,1792.7518793209586,1754.6654735516806
50.0,2025-12-11,17.0,,2371.1953148760363,2370.035131428974
50.0,2025-12-11,18.0,,2445.730529989618,2427.5722831986186
50.0,2025-12-11,19.0,,1460.072461568677,1418.7510440069407
50.0,2025-12-11,20.0,,936.6100950590709,926.1709369153236
50.0,2025-12-11,21.0,,636.0179298098883,615.012872249977
50.0,2025-12-11,22.0,,246.0761048613557,237.38235837727578
50.0,2025-12-11,23.0,,130.19351300507552,136.3395083415723
1.0,2025-12-12,0.0,,0.0,0.0
1.0,2025-12-12,1.0,,2.802479187359455e-34,0.0
1.0,2025-12-12,2.0,,2.802479187359455e-34,0.0
1.0,2025-12-12,3.0,,2.802479187359455e-34,0.0
1.0,2025-12-12,4.0,,0.0,0.0
1.0,2025-12-12,5.0,,123.075477257539,126.51184449652926
1.0,2025-12-12,6.0,,520.7652508692075,492.3469093151592
1.0,2025-12-12,7.0,,1430.7708083596735,1467.585240704637
1.0,2025-12-12,8.0,,1784.0966495599791,1851.985755855648
1.0,2025-12-12,9.0,,1445.5325080354164,1454.387301179775
1.0,2025-12-12,10.0,,1284.93003351917,1285.0445372098154
1.0,2025-12-12,11.0,,1352.2525792598738,1353.1976948765594
1.0,2025-12-12,12.0,,1358.4567924435732,1423.3173307066293
1.0,2025-12-12,13.0,,1370.5121851688066,1423.5009991289546
1.0,2025-12-12,14.0,,1264.833509838221,1395.0390386251022
1.0,2025-12-12,15.0,,1461.5584796578355,1506.0221478973842
1.0,2025-12-12,16.0,,1497.4375798736173,1524.6248783340138
1.0,2025-12-12,17.0,,1733.026764339009,1742.4906825138069
1.0,2025-12-12,18.0,,1604.1376303440074,1633.2090705290657
1.0,2025-12-12,19.0,,1245.6699891664573,1258.3036089785899
1.0,2025-12-12,20.0,,811.2469179511919,814.5597011703488
1.0,2025-12-12,21.0,,487.7387682421953,483.3902226094485
1.0,2025-12-12,22.0,,245.72719108191484,239.8957745564714
1.0,2025-12-12,23.0,,41.11490174578922,38.23971136390249
5.0,2025-12-12,0.0,,0.0,0.0
5.0,2025-12-12,1.0,,0.0,0.0
5.0,2025-12-12,2.0,,0.0,0.0
5.0,2025-12-12,3.0,,0.0,0.0
5.0,2025-12-12,4.0,,0.0,0.0
5.0,2025-12-12,5.0,,0.0,0.0
5.0,2025-12-12,6.0,,0.0,0.0
5.0,2025-12-12,7.0,,0.0,0.0
5.0,2025-12-12,8.0,,0.0,0.0
5.0,2025-12-12,9.0,,0.0,0.0
5.0,2025-12-12,10.0,,0.0,0.0
5.0,2025-12-12,11.0,,0.0,0.0
5.0,2025-12-12,12.0,,0.0,0.0
5.0,2025-12-12,13.0,,0.0,0.0
5.0,2025-12-12,14.0,,0.0,0.0
5.0,2025-12-12,15.0,,0.0,0.0
5.0,2025-12-12,16.0,,0.0,0.0
5.0,2025-12-12,17.0,,0.0,0.0
5.0,2025-12-12,18.0,,0.0,0.0
5.0,2025-12-12,19.0,,0.0,0.0
5.0,2025-12-12,20.0,,0.0,0.0
5.0,2025-12-12,21.0,,0.0,0.0
5.0,2025-12-12,22.0,,0.0,0.0
5.0,2025-12-12,23.0,,0.0,0.0
7.0,2025-12-12,0.0,,35.08449698678187,49.058746683056675
7.0,2025-12-12,1.0,,0.0,0.0
7.0,2025-12-12,2.0,,2.802479187359455e-34,0.0
7.0,2025-12-12,3.0,,2.802479187359455e-34,0.0
7.0,2025-12-12,4.0,,0.0,0.0
7.0,2025-12-12,5.0,,167.79312290382327,183.76541886897394
7.0,2025-12-12,6.0,,678.6449963816134,692.1641678023965
7.0,2025-12-12,7.0,,1607.9651096841274,1645.8409114987562
7.0,2025-12-12,8.0,,2407.5832839942923,2456.1049175713592
7.0,2025-12-12,9.0,,1848.9865738019794,1836.9409041952863
7.0,2025-12-12,10.0,,1663.7664560228338,1638.131837630414
7.0,2025-12-12,11.0,,1489.622305778565,1524.8641496648497
7.0,2025-12-12,12.0,,1604.5805347619946,1623.2325416582867
7.0,2025-12-12,13.0,,1616.5377289451135,1596.3979792553757
7.0,2025-12-12,14.0,,1697.4053503015125,1703.9850447460237
7.0,2025-12-12,15.0,,1769.7110823943722,1850.2391637017201
7.0,2025-12-12,16.0,,1886.435420070989,1957.0736140203605
7.0,2025-12-12,17.0,,2256.0018419110233,2290.436999806678
7.0,2025-12-12,18.0,,2172.8807110675893,2298.39335389806
7.0,2025-12-12,19.0,,1596.1088860704065,1597.4658647988908
7.0,2025-12-12,20.0,,1067.6791436954572,1037.557336603518
7.0,2025-12-12,21.0,,588.8655008407632,638.8863435933608
7.0,2025-12-12,22.0,,330.9841460044104,332.7881352999417
7.0,2025-12-12,23.0,,200.66241197095226,179.238357195467
11.0,2025-12-12,0.0,,49.111735122061674,62.46116906124148
11.0,2025-12-12,1.0,,0.0,0.0
11.0,2025-12-12,2.0,,2.802479187359455e-34,0.0
11.0,2025-12-12,3.0,,2.802479187359455e-34,0.0
11.0,2025-12-12,4.0,,0.0,0.0
11.0,2025-12-12,5.0,,250.46871940479596,305.5020390571228
11.0,2025-12-12,6.0,,1258.6123940859065,1275.6826985800326
11.0,2025-12-12,7.0,,2314.1606890374105,2396.177544911208
11.0,2025-12-12,8.0,,3037.8913395116524,3055.9080485149175
11.0,2025-12-12,9.0,,2347.0255711140335,2401.041963323491
11.0,2025-12-12,10.0,,1831.483671260947,1897.7621355176002
11.0,2025-12-12,11.0,,1843.1621818199949,1930.011230614501
11.0,2025-12-12,12.0,,1885.7421462194488,1888.6874471763076
11.0,2025-12-12,13.0,,1939.8111068266182,2112.873945417667
11.0,2025-12-12,14.0,,1969.7485485082454,2069.844904171521
11.0,2025-12-12,15.0,,2040.8361859388838,2154.5772080264355
11.0,2025-12-12,16.0,,2319.7180361232254,2337.687463935973
11.0,2025-12-12,17.0,,2852.512807715118,2816.8101392960925
11.0,2025-12-12,18.0,,2769.147411914352,2745.4963056460447
11.0,2025-12-12,19.0,,2146.104439428664,2179.8317050688015
11.0,2025-12-12,20.0,,1442.6532281813904,1434.354722036204
11.0,2025-12-12,21.0,,832.6811450397612,882.9590411818556
11.0,2025-12-12,22.0,,415.40787302469994,425.9951634725278
11.0,2025-12-12,23.0,,253.0109946303798,259.6218458851888
12.0,2025-12-12,0.0,,40.32944841468412,38.90091499365807
12.0,2025-12-12,1.0,,0.0,0.0
12.0,2025-12-12,2.0,,2.802479187359455e-34,0.0
12.0,2025-12-12,3.0,,2.802479187359455e-34,0.0
12.0,2025-12-12,4.0,,0.0,0.0
12.0,2025-12-12,5.0,,294.7454181456288,332.75548091780684
12.0,2025-12-12,6.0,,1332.8209769944517,1335.2826944452215
12.0,2025-12-12,7.0,,2659.981903382184,2650.8392267092286
12.0,2025-12-12,8.0,,3420.350700858221,3414.918719229123
12.0,2025-12-12,9.0,,2453.6758910815206,2470.8231450744133
12.0,2025-12-12,10.0,,2081.09855889564,2060.4668584774136
12.0,2025-12-12,11.0,,2089.0997679919933,2077.820215379827
12.0,2025-12-12,12.0,,2124.9767628684685,2089.564471996975
12.0,2025-12-12,13.0,,2059.213313597168,2091.596052154195
12.0,2025-12-12,14.0,,2094.6442325102216,2048.312748150191
12.0,2025-12-12,15.0,,2370.5376077155756,2319.452538044422
12.0,2025-12-12,16.0,,2851.9973732926665,2812.1901865777336
12.0,2025-12-12,17.0,,3036.877235410214,2994.991984640592
12.0,2025-12-12,18.0,,2788.708624952811,2795.287787339864
12.0,2025-12-12,19.0,,2341.335664268621,2354.141649928585
12.0,2025-12-12,20.0,,1466.574272976272,1458.7077176228797
12.0,2025-12-12,21.0,,928.4419096916257,946.3697673140749
12.0,2025-12-12,22.0,,470.1865518774476,472.338633809675
12.0,2025-12-12,23.0,,265.5435350089877,246.04504721826444
17.0,2025-12-12,0.0,,96.23627569095156,106.85007142577149
17.0,2025-12-12,1.0,,1.610713170889414,0.0
17.0,2025-12-12,2.0,,2.802479187359455e-34,0.0
17.0,2025-12-12,3.0,,2.802479187359455e-34,0.0
17.0,2025-12-12,4.0,,6.138333740134696,0.0
17.0,2025-12-12,5.0,,306.2121029846964,302.6424103355294
17.0,2025-12-12,6.0,,1513.0351388129573,1514.710529272108
17.0,2025-12-12,7.0,,3890.0174489851565,3824.791560806433
17.0,2025-12-12,8.0,,4948.327229595686,4973.257634941533
17.0,2025-12-12,9.0,,3652.7219802054565,3671.0772594965974
17.0,2025-12-12,10.0,,2922.087353171298,2971.012569722771
17.0,2025-12-12,11.0,,2941.2398160614193,3003.9436720458275
17.0,2025-12-12,12.0,,2961.9118715405407,2937.0597693270715
17.0,2025-12-12,13.0,,2998.0871605270986,2994.712991355136
17.0,2025-12-12,14.0,,3020.5317393126898,3053.177848581197
17.0,2025-12-12,15.0,,3276.44071398198,3273.7071266524445
17.0,2025-12-12,16.0,,3744.4335101844945,3670.4817765156454
17.0,2025-12-12,17.0,,4465.754695721852,4377.543176200364
17.0,2025-12-12,18.0,,4467.147306640645,4448.388003036421
17.0,2025-12-12,19.0,,3259.6190617031675,3290.4763033893723
17.0,2025-12-12,20.0,,2305.3396373206633,2314.390020588247
17.0,2025-12-12,21.0,,1517.7810710232075,1491.52033498012
17.0,2025-12-12,22.0,,784.5800164618541,791.2899800504089
17.0,2025-12-12,23.0,,418.80703578596115,412.6997960144109
25.0,2025-12-12,0.0,,0.0,0.0
25.0,2025-12-12,1.0,,2.802479187359455e-34,0.0
25.0,2025-12-12,2.0,,2.802479187359455e-34,0.0
25.0,2025-12-12,3.0,,2.802479187359455e-34,0.0
25.0,2025-12-12,4.0,,2.802479187359455e-34,0.0
25.0,2025-12-12,5.0,,1.7023164079002242,0.0
25.0,2025-12-12,6.0,,146.47181647149418,143.37278434122527
25.0,2025-12-12,7.0,,499.3778458694817,506.23639327741296
25.0,2025-12-12,8.0,,810.7302306146504,824.439777977064
25.0,2025-12-12,9.0,,436.86486040876446,427.09347493836333
25.0,2025-12-12,10.0,,349.3605441684207,360.44985441532873
25.0,2025-12-12,11.0,,389.4037579381755,397.47095638173937
25.0,2025-12-12,12.0,,371.4814252505572,370.1764176414389
25.0,2025-12-12,13.0,,453.2763426267797,448.57971149509797
25.0,2025-12-12,14.0,,423.49473498360106,419.64403292617123
25.0,2025-12-12,15.0,,505.2458620848337,529.6133657144474
25.0,2025-12-12,16.0,,670.9307955244751,678.7402842373423
25.0,2025-12-12,17.0,,692.2343101269289,700.3198629199319
25.0,2025-12-12,18.0,,656.3229772910623,667.0302733374758
25.0,2025-12-12,19.0,,450.9416101914952,459.4654713500471
25.0,2025-12-12,20.0,,288.1144693866054,314.3862761036927
25.0,2025-12-12,21.0,,182.58085760821805,193.73400379200825
25.0,2025-12-12,22.0,,84.4182600173931,101.02907856348045
25.0,2025-12-12,23.0,,0.0,0.0
26.0,2025-12-12,0.0,,15.243229123891242,15.922506854638184
26.0,2025-12-12,1.0,,0.0,0.0
26.0,2025-12-12,2.0,,2.802479187359455e-34,0.0
26.0,2025-12-12,3.0,,2.802479187359455e-34,0.0
26.0,2025-12-12,4.0,,0.0,0.0
26.0,2025-12-12,5.0,,63.26234864481977,72.4285274285191
26.0,2025-12-12,6.0,,483.0608943632257,477.25270270157
26.0,2025-12-12,7.0,,1028.5551090317329,1043.5992157683272
26.0,2025-12-12,8.0,,2044.8240282969005,2100.6086585431194
26.0,2025-12-12,9.0,,1389.8250989145456,1401.3135632525227
26.0,2025-12-12,10.0,,1169.725699690258,1239.516513449453
26.0,2025-12-12,11.0,,1098.8753102281703,1183.1199147616169
26.0,2025-12-12,12.0,,1103.687969161559,1123.0327124365547
26.0,2025-12-12,13.0,,1130.0861510635223,1160.633573912517
26.0,2025-12-12,14.0,,1227.7917772460141,1222.4331384492023
26.0,2025-12-12,15.0,,1280.2613082267737,1377.1546988219893
26.0,2025-12-12,16.0,,1553.5238743086963,1597.751266359372
26.0,2025-12-12,17.0,,1670.0944195723678,1695.0158246703659
26.0,2025-12-12,18.0,,1620.8879250603677,1634.0116813227842
26.0,2025-12-12,19.0,,1127.1264649372258,1158.5589878025294
26.0,2025-12-12,20.0,,709.5820263570785,709.6703255878796
26.0,2025-12-12,21.0,,440.53956885851136,440.9616221562936
26.0,2025-12-12,22.0,,206.06766859085536,199.33496042259006
26.0,2025-12-12,23.0,,128.92278239225007,124.23592529367734
28.0,2025-12-12,0.0,,1.1027439654455586,0.0
28.0,2025-12-12,1.0,,2.802479187359455e-34,0.0
28.0,2025-12-12,2.0,,2.802479187359455e-34,0.0
28.0,2025-12-12,3.0,,2.802479187359455e-34,0.0
28.0,2025-12-12,4.0,,0.0,0.0
28.0,2025-12-12,5.0,,64.9344619948422,56.47007548197073
28.0,2025-12-12,6.0,,253.13497226602576,239.03098534974544
28.0,2025-12-12,7.0,,720.1887583986667,722.9996794090504
28.0,2025-12-12,8.0,,1154.2264369770255,1135.346706537071
28.0,2025-12-12,9.0,,831.0143088649017,832.2062852543129
28.0,2025-12-12,10.0,,641.2768237204115,640.9208134297436
28.0,2025-12-12,11.0,,565.1926964687656,567.2636490706625
28.0,2025-12-12,12.0,,700.806253967232,698.0813937958769
28.0,2025-12-12,13.0,,712.9996473770846,710.6247321007276
28.0,2025-12-12,14.0,,652.9098684738975,661.0325025151963
28.0,2025-12-12,15.0,,683.0230802881339,689.4917593060521
28.0,2025-12-12,16.0,,858.2884985234859,856.9740586081728
28.0,2025-12-12,17.0,,987.2376416066962,963.1013983293686
28.0,2025-12-12,18.0,,842.7863793484025,872.8996546005454
28.0,2025-12-12,19.0,,623.6437892271318,627.0857104680374
28.0,2025-12-12,20.0,,462.287628250665,462.55992143572996
28.0,2025-12-12,21.0,,316.19730412097016,310.39211574228744
28.0,2025-12-12,22.0,,133.14257165091283,115.77889025740353
28.0,2025-12-12,23.0,,16.11335687011054,3.006083327097208
50.0,2025-12-12,0.0,,15.89978016509741,29.533698856702767
50.0,2025-12-12,1.0,,4.318782680390732,0.0
50.0,2025-12-12,2.0,,0.0,2.598117033032248e-10
50.0,2025-12-12,3.0,,2.802479187359455e-34,0.0
50.0,2025-12-12,4.0,,0.0,0.0
50.0,2025-12-12,5.0,,57.114300713255986,59.46343734963519
50.0,2025-12-12,6.0,,506.057653799546,497.64959271376114
50.0,2025-12-12,7.0,,1676.1686465724738,1725.5794396555116
50.0,2025-12-12,8.0,,2612.4587508435898,2636.415310271352
50.0,2025-12-12,9.0,,2081.8060265724707,2085.009544036615
50.0,2025-12-12,10.0,,1604.620408756494,1652.6876357324045
50.0,2025-12-12,11.0,,1565.9277557496187,1587.4138281539915
50.0,2025-12-12,12.0,,1508.6329258372725,1546.6937832645528
50.0,2025-12-12,13.0,,1471.6379671816974,1479.8535699860352
50.0,2025-12-12,14.0,,1426.82792493585,1439.0612366797116
50.0,2025-12-12,15.0,,1742.5834756589518,1659.1391939487912
50.0,2025-12-12,16.0,,1857.6768461989102,1784.0313578761463
50.0,2025-12-12,17.0,,2242.811284304674,2279.3103172326278
50.0,2025-12-12,18.0,,1925.8172416582602,2021.9691674861936
50.0,2025-12-12,19.0,,1241.8286622134497,1266.4586066509016
50.0,2025-12-12,20.0,,828.6154371397175,865.5924271808785
50.0,2025-12-12,21.0,,528.7497147339171,549.304443191052
50.0,2025-12-12,22.0,,256.64864514779924,255.25040532769657
50.0,2025-12-12,23.0,,144.6088114334427,151.8708505906588
1.0,2025-12-13,0.0,,0.0,0.0
1.0,2025-12-13,1.0,,2.802479187359455e-34,0.0
1.0,2025-12-13,2.0,,2.802479187359455e-34,0.0
1.0,2025-12-13,3.0,,2.802479187359455e-34,0.0
1.0,2025-12-13,4.0,,0.0,0.0
1.0,2025-12-13,5.0,,13.936169991325732,15.729090625687094
1.0,2025-12-13,6.0,,178.77964922005728,156.77662245678025
1.0,2025-12-13,7.0,,315.5495005200439,315.7528139074819
1.0,2025-12-13,8.0,,419.38155608658377,422.59260926636404
1.0,2025-12-13,9.0,,726.6170561143156,717.2529673485393
1.0,2025-12-13,10.0,,814.7388170402188,799.7771332001842
1.0,2025-12-13,11.0,,760.9609308729014,769.8568723875428
1.0,2025-12-13,12.0,,936.9767185990132,909.315092468915
1.0,2025-12-13,13.0,,964.8085147912938,943.6295853532216
1.0,2025-12-13,14.0,,910.6191090049623,902.0738568408617
1.0,2025-12-13,15.0,,814.8604410306507,793.5882174409543
1.0,2025-12-13,16.0,,736.4450837763032,757.039562822964
1.0,2025-12-13,17.0,,706.1913013864818,691.025779459736
1.0,2025-12-13,18.0,,574.1014316825881,568.5825384630213
1.0,2025-12-13,19.0,,532.8378673607057,521.9365360013061
1.0,2025-12-13,20.0,,396.8556301199243,397.7172574745991
1.0,2025-12-13,21.0,,277.79801901360725,278.54730384485526
1.0,2025-12-13,22.0,,108.525301749192,124.39093799894752
1.0,2025-12-13,23.0,,18.81654527724167,9.539115639385152
5.0,2025-12-13,0.0,,0.0,0.0
5.0,2025-12-13,1.0,,0.0,0.0
5.0,2025-12-13,2.0,,0.0,0.0
5.0,2025-12-13,3.0,,0.0,0.0
5.0,2025-12-13,4.0,,0.0,0.0
5.0,2025-12-13,5.0,,0.0,0.0
5.0,2025-12-13,6.0,,0.0,0.0
5.0,2025-12-13,7.0,,0.0,0.0
5.0,2025-12-13,8.0,,0.0,0.0
5.0,2025-12-13,9.0,,0.0,0.0
5.0,2025-12-13,10.0,,0.0,0.0
5.0,2025-12-13,11.0,,0.0,0.0
5.0,2025-12-13,12.0,,0.0,0.0
5.0,2025-12-13,13.0,,0.0,0.0
5.0,2025-12-13,14.0,,0.0,0.0
5.0,2025-12-13,15.0,,0.0,0.0
5.0,2025-12-13,16.0,,0.0,0.0
5.0,2025-12-13,17.0,,0.0,0.0
5.0,2025-12-13,18.0,,0.0,0.0
5.0,2025-12-13,19.0,,0.0,0.0
5.0,2025-12-13,20.0,,0.0,0.0
5.0,2025-12-13,21.0,,0.0,0.0
5.0,2025-12-13,22.0,,0.0,0.0
5.0,2025-12-13,23.0,,0.0,0.0
7.0,2025-12-13,0.0,,63.27022650912382,68.47285576307472
7.0,2025-12-13,1.0,,1.1724000024341825,0.0
7.0,2025-12-13,2.0,,2.802479187359455e-34,0.0
7.0,2025-12-13,3.0,,2.802479187359455e-34,0.0
7.0,2025-12-13,4.0,,0.0,0.0
7.0,2025-12-13,5.0,,44.01462646941341,31.501454400450914
7.0,2025-12-13,6.0,,307.00789623678287,251.0533349354327
7.0,2025-12-13,7.0,,475.85235523105143,414.03038532294835
7.0,2025-12-13,8.0,,865.9368302406696,881.3332809254075
7.0,2025-12-13,9.0,,1002.6810823553271,988.1558217842052
7.0,2025-12-13,10.0,,997.8966976543932,998.9464592622509
7.0,2025-12-13,11.0,,1097.115532308035,1162.1410665974727
7.0,2025-12-13,12.0,,1274.1314915990522,1297.9737981029423
7.0,2025-12-13,13.0,,1271.0107216187093,1296.4579944263173
7.0,2025-12-13,14.0,,1414.8031177511398,1418.2880838220879
7.0,2025-12-13,15.0,,1319.8380812915677,1299.643485274292
7.0,2025-12-13,16.0,,1309.103309102751,1234.2729245321666
7.0,2025-12-13,17.0,,1286.235998551762,1275.2759939893938
7.0,2025-12-13,18.0,,1168.6555247453462,1178.5508161026744
7.0,2025-12-13,19.0,,1126.481849779187,1081.4764663859485
7.0,2025-12-13,20.0,,789.7785509262211,757.1329454023964
7.0,2025-12-13,21.0,,563.3907432519427,575.3714912721307
7.0,2025-12-13,22.0,,302.37271668587596,309.15267573974984
7.0,2025-12-13,23.0,,111.81031152810712,145.39687173151006
11.0,2025-12-13,0.0,,69.69671168018421,78.32725533188804
11.0,2025-12-13,1.0,,0.0,0.0
11.0,2025-12-13,2.0,,2.802479187359455e-34,0.0
11.0,2025-12-13,3.0,,2.802479187359455e-34,0.0
11.0,2025-12-13,4.0,,0.0,0.0
11.0,2025-12-13,5.0,,168.63357611433278,207.66990770204484
11.0,2025-12-13,6.0,,758.9019452750215,765.3373581089946
11.0,2025-12-13,7.0,,743.1102098824563,672.285346818182
11.0,2025-12-13,8.0,,973.1239088576699,980.175515878596
11.0,2025-12-13,9.0,,1163.87392789286,1113.9402621457648
11.0,2025-12-13,10.0,,1227.8420301199646,1193.5520734936003
11.0,2025-12-13,11.0,,1548.3884714434134,1526.8980264403024
11.0,2025-12-13,12.0,,1631.7828956433855,1719.1713072652915
11.0,2025-12-13,13.0,,1664.7591540806902,1654.1858672252451
11.0,2025-12-13,14.0,,1699.8045198478094,1596.1784170347926
11.0,2025-12-13,15.0,,1693.5027825700868,1725.674458760623
11.0,2025-12-13,16.0,,1709.9676537396417,1652.1608040322383
11.0,2025-12-13,17.0,,1809.9997008784712,1787.0725795118205
11.0,2025-12-13,18.0,,1543.4884586209473,1542.366619044723
11.0,2025-12-13,19.0,,1389.6412525587018,1362.7959424380435
11.0,2025-12-13,20.0,,1038.9626673907742,1015.210587817903
11.0,2025-12-13,21.0,,710.102804142996,719.4135222887112
11.0,2025-12-13,22.0,,388.595027353473,375.80025422682576
11.0,2025-12-13,23.0,,253.2050945387281,237.66056376710287
12.0,2025-12-13,0.0,,50.88453592963703,42.3880042577836
12.0,2025-12-13,1.0,,0.0,0.0
12.0,2025-12-13,2.0,,2.802479187359455e-34,0.0
12.0,2025-12-13,3.0,,2.802479187359455e-34,0.0
12.0,2025-12-13,4.0,,3.2954544473322276,0.0
12.0,2025-12-13,5.0,,213.27258117802168,224.77206365751994
12.0,2025-12-13,6.0,,804.8954047288117,784.8766199154303
12.0,2025-12-13,7.0,,870.8632875846474,902.2181094169865
12.0,2025-12-13,8.0,,1039.9442368091318,983.9200276102462
12.0,2025-12-13,9.0,,1180.290766498475,1211.5616430872392
12.0,2025-12-13,10.0,,1414.7523308857517,1344.7522837509866
12.0,2025-12-13,11.0,,1467.871944285642,1370.2757884298985
12.0,2025-12-13,12.0,,1476.4068472098595,1438.7584096745484
12.0,2025-12-13,13.0,,1629.4794441331624,1643.3090477542405
12.0,2025-12-13,14.0,,1593.0498235785387,1543.956463410002
12.0,2025-12-13,15.0,,1537.7019616174525,1479.345956642583
12.0,2025-12-13,16.0,,1587.6258814151113,1559.0864938192478
12.0,2025-12-13,17.0,,1558.7269933127236,1666.7424663158688
12.0,2025-12-13,18.0,,1507.7983486748958,1494.7192550067373
12.0,2025-12-13,19.0,,1337.0779838454723,1311.7722238766285
12.0,2025-12-13,20.0,,967.7451043458632,945.3798896705896
12.0,2025-12-13,21.0,,663.7781376274027,678.7392689013473
12.0,2025-12-13,22.0,,375.7782145468578,371.2693691153358
12.0,2025-12-13,23.0,,244.03852215831844,239.15177666904387
17.0,2025-12-13,0.0,,156.7546948181461,161.09283517631562
17.0,2025-12-13,1.0,,5.289103311860411,0.0
17.0,2025-12-13,2.0,,2.802479187359455e-34,0.0
17.0,2025-12-13,3.0,,2.802479187359455e-34,0.0
17.0,2025-12-13,4.0,,0.0,0.0
17.0,2025-12-13,5.0,,125.72771501339783,126.00438049098734
17.0,2025-12-13,6.0,,551.5700854037092,565.461730001746
17.0,2025-12-13,7.0,,1168.2432579581432,1121.907108285523
17.0,2025-12-13,8.0,,1627.7065111080267,1566.4290315989808
17.0,2025-12-13,9.0,,2086.642855712518,2101.2945039823985
17.0,2025-12-13,10.0,,2226.038109453641,2304.2891600541398
17.0,2025-12-13,11.0,,2645.6356985279754,2646.903270030729
17.0,2025-12-13,12.0,,2835.8743052278332,2854.6713290437688
17.0,2025-12-13,13.0,,2972.6727610946405,3020.6844765070405
17.0,2025-12-13,14.0,,3021.742153242234,3101.3404878670985
17.0,2025-12-13,15.0,,3112.5053367764262,3093.991935937969
17.0,2025-12-13,16.0,,3154.604395048821,3208.451873093843
17.0,2025-12-13,17.0,,3083.247738035846,3050.753375477612
17.0,2025-12-13,18.0,,2818.139416824924,2790.026081654176
17.0,2025-12-13,19.0,,2250.9884229961917,2378.3530158770427
17.0,2025-12-13,20.0,,1751.8833224259997,1852.2894970415275
17.0,2025-12-13,21.0,,1266.4398129099316,1305.839133648604
17.0,2025-12-13,22.0,,792.0142371020839,831.3299671154545
17.0,2025-12-13,23.0,,371.55015842662095,383.56611704571503
25.0,2025-12-13,0.0,,0.0,0.0
25.0,2025-12-13,1.0,,2.802479187359455e-34,0.0
25.0,2025-12-13,2.0,,2.802479187359455e-34,0.0
25.0,2025-12-13,3.0,,2.802479187359455e-34,0.0
25.0,2025-12-13,4.0,,2.802479187359455e-34,0.0
25.0,2025-12-13,5.0,,0.0,0.0
25.0,2025-12-13,6.0,,44.456652066525585,31.6330131835826
25.0,2025-12-13,7.0,,136.6228471351882,103.96213157732687
25.0,2025-12-13,8.0,,280.4153550898629,254.1399837412291
25.0,2025-12-13,9.0,,260.46009322980666,239.90479533974647
25.0,2025-12-13,10.0,,258.9115693324824,241.5920654633935
25.0,2025-12-13,11.0,,319.47578548863686,323.6587900788915
25.0,2025-12-13,12.0,,336.97271208784844,347.3066857576894
25.0,2025-12-13,13.0,,453.1156752056946,448.4558029527576
25.0,2025-12-13,14.0,,447.05807799387935,431.455471023639
25.0,2025-12-13,15.0,,558.8999886721997,516.2053061686737
25.0,2025-12-13,16.0,,510.9146023197793,506.61077392373454
25.0,2025-12-13,17.0,,442.9540071291095,430.64062714345056
25.0,2025-12-13,18.0,,397.62835163840384,412.9661931407177
25.0,2025-12-13,19.0,,356.46492377922186,353.4312250662331
25.0,2025-12-13,20.0,,235.7564239825466,256.55096494861556
25.0,2025-12-13,21.0,,170.60665629102047,168.9491498388659
25.0,2025-12-13,22.0,,90.18485855097241,100.31026188318046
25.0,2025-12-13,23.0,,22.706996580116083,21.466049882573113
26.0,2025-12-13,0.0,,14.917104122342662,17.869349162739763
26.0,2025-12-13,1.0,,0.0,0.0
26.0,2025-12-13,2.0,,2.802479187359455e-34,0.0
26.0,2025-12-13,3.0,,2.802479187359455e-34,0.0
26.0,2025-12-13,4.0,,0.0,0.0
26.0,2025-12-13,5.0,,20.62312693969638,16.89360330943158
26.0,2025-12-13,6.0,,266.0357339596536,235.9665304212241
26.0,2025-12-13,7.0,,337.36684184367004,310.87368942035994
26.0,2025-12-13,8.0,,611.0986626583851,615.2872041330438
26.0,2025-12-13,9.0,,675.379392381384,662.792641431026
26.0,2025-12-13,10.0,,773.1847999213388,804.468383107045
26.0,2025-12-13,11.0,,928.5772141902253,891.6612695304718
26.0,2025-12-13,12.0,,918.2400326890913,956.2692690892263
26.0,2025-12-13,13.0,,996.8800106238394,967.6424064447746
26.0,2025-12-13,14.0,,954.9168852295512,982.5795526937566
26.0,2025-12-13,15.0,,954.27543219542,937.680567929185
26.0,2025-12-13,16.0,,979.9450874003375,986.4996448228192
26.0,2025-12-13,17.0,,890.8848914925624,907.9646483481902
26.0,2025-12-13,18.0,,849.0334973406013,842.1484611212306
26.0,2025-12-13,19.0,,752.0404820268967,753.6758864366005
26.0,2025-12-13,20.0,,499.9979188751201,515.6935199122433
26.0,2025-12-13,21.0,,321.5167919775307,329.3105031755539
26.0,2025-12-13,22.0,,159.03765886462998,152.2043136370017
26.0,2025-12-13,23.0,,110.7594515392594,99.76152190304853
28.0,2025-12-13,0.0,,1.1027439654455586,0.0
28.0,2025-12-13,1.0,,2.802479187359455e-34,0.0
28.0,2025-12-13,2.0,,2.802479187359455e-34,0.0
28.0,2025-12-13,3.0,,2.802479187359455e-34,0.0
28.0,2025-12-13,4.0,,0.0,0.0
28.0,2025-12-13,5.0,,21.96417437357716,9.074934030670006
28.0,2025-12-13,6.0,,101.68695261725375,79.51242551928526
28.0,2025-12-13,7.0,,201.63921256310965,203.1579450845703
28.0,2025-12-13,8.0,,345.2210396093015,342.74068072941384
28.0,2025-12-13,9.0,,439.5157011250242,449.7857842448649
28.0,2025-12-13,10.0,,456.70364148218124,466.0945960617226
28.0,2025-12-13,11.0,,459.96325136075694,452.8217592091842
28.0,2025-12-13,12.0,,553.8128655006687,557.6864856061669
28.0,2025-12-13,13.0,,553.0594538252288,578.6650205470597
28.0,2025-12-13,14.0,,558.9930486453842,569.9165016752901
28.0,2025-12-13,15.0,,535.8099157600442,574.102867952941
28.0,2025-12-13,16.0,,533.3179399831283,566.5682135195286
28.0,2025-12-13,17.0,,545.9090448746095,568.4789794044291
28.0,2025-12-13,18.0,,456.60641129277604,475.16256141418233
28.0,2025-12-13,19.0,,369.6497948340038,391.5205867501346
28.0,2025-12-13,20.0,,306.17493909278915,366.0913690666426
28.0,2025-12-13,21.0,,253.66823342737612,252.2878641905804
28.0,2025-12-13,22.0,,111.6137826213593,115.77964297322718
28.0,2025-12-13,23.0,,7.45168481706475,0.0
50.0,2025-12-13,0.0,,33.795939994457875,42.202349591358974
50.0,2025-12-13,1.0,,1.0283013890062858,0.0
50.0,2025-12-13,2.0,,0.0,0.0
50.0,2025-12-13,3.0,,2.802479187359455e-34,0.0
50.0,2025-12-13,4.0,,0.0,0.0
50.0,2025-12-13,5.0,,21.06122083382247,9.009715987607608
50.0,2025-12-13,6.0,,235.05609133520062,202.31890125415694
50.0,2025-12-13,7.0,,398.4600958857995,360.2878051927898
50.0,2025-12-13,8.0,,669.3706321965043,699.9067314615849
50.0,2025-12-13,9.0,,758.6787409490927,835.8267092121508
50.0,2025-12-13,10.0,,733.9902146192956,774.7395991354454
50.0,2025-12-13,11.0,,897.5798152608676,845.7548973098513
50.0,2025-12-13,12.0,,886.4465540562823,920.191305994577
50.0,2025-12-13,13.0,,887.0855801808699,906.243572179821
50.0,2025-12-13,14.0,,926.2042236201314,921.0956891470103
50.0,2025-12-13,15.0,,954.1624936939627,961.9652722924828
50.0,2025-12-13,16.0,,913.8353902340497,915.3859299796768
50.0,2025-12-13,17.0,,973.2271767358329,959.5517749055986
50.0,2025-12-13,18.0,,751.6496968965415,814.5545512576464
50.0,2025-12-13,19.0,,710.5974042065376,681.400321173063
50.0,2025-12-13,20.0,,519.8547840926237,565.2216174132155
50.0,2025-12-13,21.0,,385.62274510925124,424.01410526919625
50.0,2025-12-13,22.0,,201.20407266132676,213.01191303183762
50.0,2025-12-13,23.0,,99.07179592902521,121.43217127261124
1.0,2025-12-14,0.0,,0.0,0.0
1.0,2025-12-14,1.0,,2.802479187359455e-34,0.0
1.0,2025-12-14,2.0,,2.802479187359455e-34,0.0
1.0,2025-12-14,3.0,,2.802479187359455e-34,0.0
1.0,2025-12-14,4.0,,0.0,2.598117033032248e-10
1.0,2025-12-14,5.0,,7.379400835306423,4.321914477946342
1.0,2025-12-14,6.0,,92.83184954330628,92.62595511059473
1.0,2025-12-14,7.0,,215.65474885723143,214.47857210095717
1.0,2025-12-14,8.0,,301.7742692382249,310.96058764906786
1.0,2025-12-14,9.0,,559.4445344647792,556.959694442155
1.0,2025-12-14,10.0,,654.2605244121737,620.3093692297833
1.0,2025-12-14,11.0,,638.3463113605301,632.1760325411699
1.0,2025-12-14,12.0,,761.4883813576672,724.9060978305754
1.0,2025-12-14,13.0,,792.0760700862921,766.7076273649718
1.0,2025-12-14,14.0,,741.9613450349716,731.8209822378003
1.0,2025-12-14,15.0,,683.9077980531024,669.9406534773165
1.0,2025-12-14,16.0,,609.6040054876809,604.6074514350709
1.0,2025-12-14,17.0,,577.1494881606468,549.593742095787
1.0,2025-12-14,18.0,,500.34432975277826,485.2638819768605
1.0,2025-12-14,19.0,,431.69635608797597,416.4364818251604
1.0,2025-12-14,20.0,,331.2116117168108,314.63519267321766
1.0,2025-12-14,21.0,,230.5666254719994,225.5314490985804
1.0,2025-12-14,22.0,,95.76738037632593,96.2188390958621
1.0,2025-12-14,23.0,,14.46579361317667,5.912263553053452
5.0,2025-12-14,0.0,,0.0,0.0
5.0,2025-12-14,1.0,,0.0,0.0
5.0,2025-12-14,2.0,,0.0,0.0
5.0,2025-12-14,3.0,,0.0,0.0
5.0,2025-12-14,4.0,,0.0,0.0
5.0,2025-12-14,5.0,,0.0,0.0
5.0,2025-12-14,6.0,,0.0,0.0
5.0,2025-12-14,7.0,,0.0,0.0
5.0,2025-12-14,8.0,,0.0,0.0
5.0,2025-12-14,9.0,,0.0,0.0
5.0,2025-12-14,10.0,,0.0,0.0
5.0,2025-12-14,11.0,,0.0,0.0
5.0,2025-12-14,12.0,,0.0,0.0
5.0,2025-12-14,13.0,,0.0,0.0
5.0,2025-12-14,14.0,,0.0,0.0
5.0,2025-12-14,15.0,,0.0,0.0
5.0,2025-12-14,16.0,,0.0,0.0
5.0,2025-12-14,17.0,,0.0,0.0
5.0,2025-12-14,18.0,,0.0,0.0
5.0,2025-12-14,19.0,,0.0,0.0
5.0,2025-12-14,20.0,,0.0,0.0
5.0,2025-12-14,21.0,,0.0,0.0
5.0,2025-12-14,22.0,,0.0,0.0
5.0,2025-12-14,23.0,,0.0,0.0
7.0,2025-12-14,0.0,,52.645368106904414,57.99625725200789
7.0,2025-12-14,1.0,,0.0,0.0
7.0,2025-12-14,2.0,,2.802479187359455e-34,0.0
7.0,2025-12-14,3.0,,2.802479187359455e-34,0.0
7.0,2025-12-14,4.0,,0.0,0.0
7.0,2025-12-14,5.0,,21.952836789500722,21.45371066766231
7.0,2025-12-14,6.0,,199.08205829897696,149.44206133611524
7.0,2025-12-14,7.0,,306.3103025511981,279.1827840713742
7.0,2025-12-14,8.0,,485.39027994962817,544.9430883247028
7.0,2025-12-14,9.0,,663.6699231597455,699.5219850858003
7.0,2025-12-14,10.0,,688.0347530706335,762.0567310686861
7.0,2025-12-14,11.0,,900.7176185383445,963.217350021604
7.0,2025-12-14,12.0,,1070.0178092778485,1077.589165564524
7.0,2025-12-14,13.0,,1107.7555992657776,1108.4820301281839
7.0,2025-12-14,14.0,,1207.6627150906343,1233.965510637049
7.0,2025-12-14,15.0,,1103.9010642282549,1133.480772224219
7.0,2025-12-14,16.0,,1014.9006657658821,1029.1457277960094
7.0,2025-12-14,17.0,,1097.3121169074561,1092.9982948497063
7.0,2025-12-14,18.0,,949.5102624174831,1005.1226327183213
7.0,2025-12-14,19.0,,847.5810185662883,876.8595890195685
7.0,2025-12-14,20.0,,609.0002377491866,626.3262259626499
7.0,2025-12-14,21.0,,475.48106202506744,482.7540190878449
7.0,2025-12-14,22.0,,256.8298996852768,270.5258010729463
7.0,2025-12-14,23.0,,75.0210113558914,113.47207532372644
11.0,2025-12-14,0.0,,73.65417432559019,80.51757505899036
11.0,2025-12-14,1.0,,0.0,0.0
11.0,2025-12-14,2.0,,2.802479187359455e-34,0.0
11.0,2025-12-14,3.0,,2.802479187359455e-34,0.0
11.0,2025-12-14,4.0,,0.0,0.0
11.0,2025-12-14,5.0,,102.09049960281874,119.52062468520674
11.0,2025-12-14,6.0,,488.111423002758,492.59848490770236
11.0,2025-12-14,7.0,,535.8230767438728,500.57922798037436
11.0,2025-12-14,8.0,,656.4223177109361,679.3852233647276
11.0,2025-12-14,9.0,,883.5801182884164,916.4933496655343
11.0,2025-12-14,10.0,,1020.9948484562116,1009.5592307647429
11.0,2025-12-14,11.0,,1396.9105322084163,1400.2434543042289
11.0,2025-12-14,12.0,,1476.8247148724215,1552.0685286911773
11.0,2025-12-14,13.0,,1488.543311587987,1524.1249334303902
11.0,2025-12-14,14.0,,1513.8513191480686,1506.6428102504797
11.0,2025-12-14,15.0,,1543.2691991887104,1604.3181121336424
11.0,2025-12-14,16.0,,1540.839214720255,1528.8429015825725
11.0,2025-12-14,17.0,,1669.017602574913,1651.763660978912
11.0,2025-12-14,18.0,,1401.0527142325882,1364.5050867888165
11.0,2025-12-14,19.0,,1137.9910781150904,1140.668850420981
11.0,2025-12-14,20.0,,867.0028869381753,873.2518438356141
11.0,2025-12-14,21.0,,600.5759163212247,599.9336517599755
11.0,2025-12-14,22.0,,338.59694778751964,325.0775473488037
11.0,2025-12-14,23.0,,199.64310601401246,194.62655776371636
12.0,2025-12-14,0.0,,62.00780182637145,49.39107191418299
12.0,2025-12-14,1.0,,0.0,0.0
12.0,2025-12-14,2.0,,2.802479187359455e-34,0.0
12.0,2025-12-14,3.0,,2.802479187359455e-34,0.0
12.0,2025-12-14,4.0,,0.0,0.0
12.0,2025-12-14,5.0,,126.55436482685269,126.10843899454461
12.0,2025-12-14,6.0,,480.72003382331894,444.1734819024403
12.0,2025-12-14,7.0,,625.3863934426873,640.0607954697957
12.0,2025-12-14,8.0,,703.4956031923308,697.1688006593932
12.0,2025-12-14,9.0,,899.2753839650559,897.6033736095255
12.0,2025-12-14,10.0,,1170.7993088269245,1128.9113167293585
12.0,2025-12-14,11.0,,1312.2433259488978,1223.3178920018001
12.0,2025-12-14,12.0,,1352.0466404992294,1325.4574559872024
12.0,2025-12-14,13.0,,1521.0428743593277,1526.754289638129
12.0,2025-12-14,14.0,,1487.8913524571753,1416.2343255795024
12.0,2025-12-14,15.0,,1398.7902319278398,1340.0342828574546
12.0,2025-12-14,16.0,,1463.271470289085,1453.2564208656802
12.0,2025-12-14,17.0,,1485.6572455769071,1535.5986382999008
12.0,2025-12-14,18.0,,1315.9805185512669,1344.7638867787514
12.0,2025-12-14,19.0,,1023.7076153024361,1018.4938422962371
12.0,2025-12-14,20.0,,744.2191770840708,749.935101560135
12.0,2025-12-14,21.0,,558.0226333928692,563.3068913259145
12.0,2025-12-14,22.0,,346.2213603478204,334.2373294928429
12.0,2025-12-14,23.0,,210.49660166300202,206.20811182889256
17.0,2025-12-14,0.0,,123.3607703044822,141.21145517814625
17.0,2025-12-14,1.0,,4.5869999255831955,0.8176827910969655
17.0,2025-12-14,2.0,,2.802479187359455e-34,0.0
17.0,2025-12-14,3.0,,2.802479187359455e-34,0.0
17.0,2025-12-14,4.0,,0.0,0.0
17.0,2025-12-14,5.0,,89.37315548501468,76.76733621408937
17.0,2025-12-14,6.0,,388.19640834337247,405.14141154616317
17.0,2025-12-14,7.0,,754.7985232129537,763.0456073298469
17.0,2025-12-14,8.0,,1211.8121264770132,1182.0215276815024
17.0,2025-12-14,9.0,,1636.2368683452244,1582.37776441641
17.0,2025-12-14,10.0,,1921.469909910849,1932.435545581981
17.0,2025-12-14,11.0,,2420.819897305893,2422.473315962337
17.0,2025-12-14,12.0,,2692.958284856068,2655.778297381068
17.0,2025-12-14,13.0,,2834.323550104028,2831.8906111088127
17.0,2025-12-14,14.0,,2884.2110635166596,2924.7386747485425
17.0,2025-12-14,15.0,,2951.6193449757084,2900.584595199934
17.0,2025-12-14,16.0,,2956.50972559907,2991.6107515929148
17.0,2025-12-14,17.0,,2839.5363903177636,2826.938829408235
17.0,2025-12-14,18.0,,2502.0342226220814,2528.0570350816365
17.0,2025-12-14,19.0,,2068.4605753705196,2144.321855311582
17.0,2025-12-14,20.0,,1567.0173046315213,1666.948394713436
17.0,2025-12-14,21.0,,1095.333175754573,1145.5252938143828
17.0,2025-12-14,22.0,,689.7747385798143,715.6346137194172
17.0,2025-12-14,23.0,,284.88506248977933,318.4699779840409
25.0,2025-12-14,0.0,,7.747486852901551,0.0
25.0,2025-12-14,1.0,,2.802479187359455e-34,0.0
25.0,2025-12-14,2.0,,2.802479187359455e-34,0.0
25.0,2025-12-14,3.0,,2.802479187359455e-34,0.0
25.0,2025-12-14,4.0,,2.802479187359455e-34,0.0
25.0,2025-12-14,5.0,,0.0,0.0
25.0,2025-12-14,6.0,,32.597958430365544,22.90422325614237
25.0,2025-12-14,7.0,,81.26467198756569,67.04802770230734
25.0,2025-12-14,8.0,,155.68267752189195,148.16720925624347
25.0,2025-12-14,9.0,,160.75932555563838,151.82238444008615
25.0,2025-12-14,10.0,,187.6999757065159,165.30969827382992
25.0,2025-12-14,11.0,,242.01491225926827,226.7641250096689
25.0,2025-12-14,12.0,,278.3290412505531,279.55012534107817
25.0,2025-12-14,13.0,,367.7692661991165,360.01624694659404
25.0,2025-12-14,14.0,,379.0695589269074,375.16121110271285
25.0,2025-12-14,15.0,,491.26103172231643,475.08226875940557
25.0,2025-12-14,16.0,,457.8789587068472,445.6227055227364
25.0,2025-12-14,17.0,,397.67727953069954,375.45059261182377
25.0,2025-12-14,18.0,,337.3719287186554,334.0266920261622
25.0,2025-12-14,19.0,,274.4241569205208,284.2075493926906
25.0,2025-12-14,20.0,,191.39409799308388,198.1866155048823
25.0,2025-12-14,21.0,,143.35705827382318,145.7799884562739
25.0,2025-12-14,22.0,,80.07022979037917,87.14289169803946
25.0,2025-12-14,23.0,,11.635615129282813,15.478503620139785
26.0,2025-12-14,0.0,,18.86820736052731,21.42702918408699
26.0,2025-12-14,1.0,,0.0,0.0
26.0,2025-12-14,2.0,,2.802479187359455e-34,0.0
26.0,2025-12-14,3.0,,2.802479187359455e-34,0.0
26.0,2025-12-14,4.0,,0.0,0.0
26.0,2025-12-14,5.0,,4.136691744611538,7.001004929059006
26.0,2025-12-14,6.0,,124.46731662335122,134.90711097516387
26.0,2025-12-14,7.0,,205.6578234247026,188.02085773070047
26.0,2025-12-14,8.0,,351.0529628289037,343.5296717002979
26.0,2025-12-14,9.0,,456.05661868378104,415.1799057585223
26.0,2025-12-14,10.0,,535.5010038440921,525.0252187020485
26.0,2025-12-14,11.0,,746.3973457970401,722.131688577649
26.0,2025-12-14,12.0,,772.3817372451393,798.7890440211692
26.0,2025-12-14,13.0,,834.3915573956932,833.6615291111863
26.0,2025-12-14,14.0,,807.7074925922753,834.1616773728296
26.0,2025-12-14,15.0,,752.5150238055232,757.134220875326
26.0,2025-12-14,16.0,,762.6709173862067,780.8877357279914
26.0,2025-12-14,17.0,,720.7890646761388,728.0738756923332
26.0,2025-12-14,18.0,,670.4423611870695,661.1803951577845
26.0,2025-12-14,19.0,,535.7087473516439,524.4698343404281
26.0,2025-12-14,20.0,,381.03053964430944,383.50455063992433
26.0,2025-12-14,21.0,,282.25205319180617,267.82695579165215
26.0,2025-12-14,22.0,,143.73090706585225,131.31286078827722
26.0,2025-12-14,23.0,,90.05592825032245,83.57295327588818
28.0,2025-12-14,0.0,,1.1027439654455586,0.0
28.0,2025-12-14,1.0,,2.802479187359455e-34,0.0
28.0,2025-12-14,2.0,,2.802479187359455e-34,0.0
28.0,2025-12-14,3.0,,2.802479187359455e-34,0.0
28.0,2025-12-14,4.0,,0.0,0.0
28.0,2025-12-14,5.0,,21.584839937738902,8.739417343175036
28.0,2025-12-14,6.0,,61.833658618033034,50.733163052841405
28.0,2025-12-14,7.0,,124.02130330216639,120.74889001663944
28.0,2025-12-14,8.0,,216.5597321414317,211.91894206832004
28.0,2025-12-14,9.0,,309.7042221601856,291.30755420601093
28.0,2025-12-14,10.0,,349.34353968221836,342.25605137156634
28.0,2025-12-14,11.0,,379.00401437188714,357.50163164796163
28.0,2025-12-14,12.0,,444.50671224323133,422.67585474504614
28.0,2025-12-14,13.0,,463.8128961155619,456.35981430258926
28.0,2025-12-14,14.0,,469.72375261531107,456.6871022543446
28.0,2025-12-14,15.0,,451.2262385931542,458.81676744224654
28.0,2025-12-14,16.0,,436.9254897169921,430.76719300038957
28.0,2025-12-14,17.0,,449.1289626589498,435.162086947773
28.0,2025-12-14,18.0,,380.3638444750015,377.7378309475662
28.0,2025-12-14,19.0,,328.29407342169,332.4885251456503
28.0,2025-12-14,20.0,,247.10886618570797,287.7187273444426
28.0,2025-12-14,21.0,,214.04568824460264,206.71757789272
28.0,2025-12-14,22.0,,99.22160944777042,87.36276512021088
28.0,2025-12-14,23.0,,0.0,0.0
50.0,2025-12-14,0.0,,7.7741646816478935,21.792253017832287
50.0,2025-12-14,1.0,,0.0,0.0
50.0,2025-12-14,2.0,,0.0,0.0
50.0,2025-12-14,3.0,,2.802479187359455e-34,0.0
50.0,2025-12-14,4.0,,0.0,0.0
50.0,2025-12-14,5.0,,10.665148820689286,8.558170580167491
50.0,2025-12-14,6.0,,156.78265927111175,124.46923829221126
50.0,2025-12-14,7.0,,259.0846621222233,243.88053786379413
50.0,2025-12-14,8.0,,395.6847417873688,431.69098290471004
50.0,2025-12-14,9.0,,484.42301346858636,520.7104126357439
50.0,2025-12-14,10.0,,495.4872029911362,505.6480218240878
50.0,2025-12-14,11.0,,643.1427336158276,654.2314891634015
50.0,2025-12-14,12.0,,701.4802022526607,697.839932808806
50.0,2025-12-14,13.0,,815.5292852992434,775.6512919240259
50.0,2025-12-14,14.0,,805.7522049258737,802.2604995948128
50.0,2025-12-14,15.0,,745.0798001805715,741.5869194978811
50.0,2025-12-14,16.0,,739.6203110304352,727.791095965764
50.0,2025-12-14,17.0,,755.0049634771722,747.4753924524107
50.0,2025-12-14,18.0,,633.5296235679004,616.4057016999797
50.0,2025-12-14,19.0,,571.224677363576,555.5654665448643
50.0,2025-12-14,20.0,,461.1975934062039,459.93810831279717
50.0,2025-12-14,21.0,,321.20690996758503,338.90853762293546
50.0,2025-12-14,22.0,,173.47444264063918,175.27564379260627
50.0,2025-12-14,23.0,,79.83714464011622,102.80757284761857
1.0,2025-12-15,0.0,,0.0,0.0
1.0,2025-12-15,1.0,,2.802479187359455e-34,0.0
1.0,2025-12-15,2.0,,2.802479187359455e-34,0.0
1.0,2025-12-15,3.0,,2.802479187359455e-34,0.0
1.0,2025-12-15,4.0,,0.0,4.452815748833175
1.0,2025-12-15,5.0,,134.89238030927444,125.02980232035303
1.0,2025-12-15,6.0,,518.6193913344902,485.0739111786961
1.0,2025-12-15,7.0,,1424.0986599230114,1423.5106372841478
1.0,2025-12-15,8.0,,1789.9314825259005,1808.1916511217403
1.0,2025-12-15,9.0,,1393.3690636614444,1432.4040751679395
1.0,2025-12-15,10.0,,1262.0092065736405,1266.7978081183996
1.0,2025-12-15,11.0,,1278.129432256124,1285.9689980158385
1.0,2025-12-15,12.0,,1332.2684772824368,1391.6659240442355
1.0,2025-12-15,13.0,,1355.483335597349,1384.0943611440534
1.0,2025-12-15,14.0,,1345.6051520407018,1395.5841652381225
1.0,2025-12-15,15.0,,1471.8196376189328,1518.893656716515
1.0,2025-12-15,16.0,,1487.331737335444,1509.09480860814
1.0,2025-12-15,17.0,,1772.9606461874757,1753.301793619911
1.0,2025-12-15,18.0,,1772.5316826360636,1751.424324561097
1.0,2025-12-15,19.0,,1368.4556955636917,1359.7011587767154
1.0,2025-12-15,20.0,,875.3619413604549,851.8362797600774
1.0,2025-12-15,21.0,,482.76215912364484,461.82351223129814
1.0,2025-12-15,22.0,,205.58873019749277,199.850301483128
1.0,2025-12-15,23.0,,44.66126983556025,33.151020646706215
5.0,2025-12-15,0.0,,0.0,0.0
5.0,2025-12-15,1.0,,0.0,0.0
5.0,2025-12-15,2.0,,0.0,0.0
5.0,2025-12-15,3.0,,0.0,0.0
5.0,2025-12-15,4.0,,0.0,0.0
5.0,2025-12-15,5.0,,0.0,0.0
5.0,2025-12-15,6.0,,0.0,0.0
5.0,2025-12-15,7.0,,0.0,0.0
5.0,2025-12-15,8.0,,0.0,0.0
5.0,2025-12-15,9.0,,0.0,0.0
5.0,2025-12-15,10.0,,0.0,0.0
5.0,2025-12-15,11.0,,0.0,0.0
5.0,2025-12-15,12.0,,0.0,0.0
5.0,2025-12-15,13.0,,0.0,0.0
5.0,2025-12-15,14.0,,0.0,0.0
5.0,2025-12-15,15.0,,0.0,0.0
5.0,2025-12-15,16.0,,0.0,0.0
5.0,2025-12-15,17.0,,0.0,0.0
5.0,2025-12-15,18.0,,0.0,0.0
5.0,2025-12-15,19.0,,0.0,0.0
5.0,2025-12-15,20.0,,0.0,0.0
5.0,2025-12-15,21.0,,0.0,0.0
5.0,2025-12-15,22.0,,0.0,0.0
5.0,2025-12-15,23.0,,0.0,0.0
7.0,2025-12-15,0.0,,18.419815749719735,37.025686537524734
7.0,2025-12-15,1.0,,0.0,0.0
7.0,2025-12-15,2.0,,2.802479187359455e-34,0.0
7.0,2025-12-15,3.0,,2.802479187359455e-34,0.0
7.0,2025-12-15,4.0,,0.0,0.0
7.0,2025-12-15,5.0,,191.10272816531207,184.9294896510573
7.0,2025-12-15,6.0,,719.57097584611,762.469424687975
7.0,2025-12-15,7.0,,1608.1844558767991,1610.4482000243906
7.0,2025-12-15,8.0,,2484.340972109948,2502.087625296494
7.0,2025-12-15,9.0,,1835.212592657048,1888.3536226277774
7.0,2025-12-15,10.0,,1621.9665831343118,1554.0192949260581
7.0,2025-12-15,11.0,,1434.598467821379,1450.3393660125546
7.0,2025-12-15,12.0,,1547.332612382753,1559.3654532994983
7.0,2025-12-15,13.0,,1551.2762061498156,1536.4176330608373
7.0,2025-12-15,14.0,,1636.8562270181228,1689.8506084859769
7.0,2025-12-15,15.0,,1746.6504043858213,1805.071238163915
7.0,2025-12-15,16.0,,1825.0037168946983,1874.0555397814812
7.0,2025-12-15,17.0,,2309.542693640802,2264.8945494133964
7.0,2025-12-15,18.0,,2584.9159939171927,2548.1934011035964
7.0,2025-12-15,19.0,,1740.0455426357323,1646.5050389249996
7.0,2025-12-15,20.0,,1079.7793669045966,1037.0287494785223
7.0,2025-12-15,21.0,,574.4990516339782,583.829172058601
7.0,2025-12-15,22.0,,277.05291242864035,296.7575397518193
7.0,2025-12-15,23.0,,171.81380477400867,160.64219104873126
11.0,2025-12-15,0.0,,53.358786406134605,59.485486245501654
11.0,2025-12-15,1.0,,0.0,0.0
11.0,2025-12-15,2.0,,2.802479187359455e-34,0.0
11.0,2025-12-15,3.0,,2.802479187359455e-34,0.0
11.0,2025-12-15,4.0,,0.0,0.0
11.0,2025-12-15,5.0,,286.6093834295889,283.1143151242908
11.0,2025-12-15,6.0,,1307.6965197818429,1296.531608531908
11.0,2025-12-15,7.0,,2338.6939811649822,2390.9542167610552
11.0,2025-12-15,8.0,,3148.5357929164393,3137.626281513667
11.0,2025-12-15,9.0,,2373.882135407537,2366.6291595734656
11.0,2025-12-15,10.0,,1780.9836875904691,1809.7916159764216
11.0,2025-12-15,11.0,,1824.4023360677916,1881.8017966351078
11.0,2025-12-15,12.0,,1839.7337340179865,1786.3265978249779
11.0,2025-12-15,13.0,,1968.2657314138594,2102.9422200452677
11.0,2025-12-15,14.0,,1979.7134771727517,2103.8535296644195
11.0,2025-12-15,15.0,,2066.092903531314,2173.5706683412363
11.0,2025-12-15,16.0,,2296.7751471049146,2282.170985413437
11.0,2025-12-15,17.0,,2848.401811420319,2881.260102835076
11.0,2025-12-15,18.0,,3105.145336888479,3033.5496216890674
11.0,2025-12-15,19.0,,2273.5510355533693,2326.7413140243343
11.0,2025-12-15,20.0,,1505.424329723169,1453.443476755758
11.0,2025-12-15,21.0,,834.0311698193818,840.9093433595453
11.0,2025-12-15,22.0,,399.5753485143726,396.11935717889384
11.0,2025-12-15,23.0,,198.76341152802462,226.5604053736399
12.0,2025-12-15,0.0,,42.44304751354946,33.04212325475058
12.0,2025-12-15,1.0,,0.0,0.0
12.0,2025-12-15,2.0,,2.802479187359455e-34,0.0
12.0,2025-12-15,3.0,,2.802479187359455e-34,0.0
12.0,2025-12-15,4.0,,7.642516013419049,0.0
12.0,2025-12-15,5.0,,301.9477637417734,298.17039217918006
12.0,2025-12-15,6.0,,1303.9338306931713,1338.1756237438924
12.0,2025-12-15,7.0,,2669.8734344806353,2677.2799988714423
12.0,2025-12-15,8.0,,3535.750595957018,3518.672197851461
12.0,2025-12-15,9.0,,2398.8156760528445,2445.1050268231284
12.0,2025-12-15,10.0,,2047.3315158606583,2017.504873423298
12.0,2025-12-15,11.0,,1962.0221522955587,1970.8524531428707
12.0,2025-12-15,12.0,,2099.654129133328,2115.4535741829836
12.0,2025-12-15,13.0,,2053.9028713929124,2091.8603541843936
12.0,2025-12-15,14.0,,2053.193241581161,2007.4904632112768
12.0,2025-12-15,15.0,,2324.593533099921,2254.1269246210745
12.0,2025-12-15,16.0,,2802.073012342042,2793.240037510288
12.0,2025-12-15,17.0,,3081.087135419157,3039.99630346498
12.0,2025-12-15,18.0,,3191.3529508186134,3110.533316896153
12.0,2025-12-15,19.0,,2450.397458835795,2420.4242708225743
12.0,2025-12-15,20.0,,1548.5321195824008,1523.0625630623636
12.0,2025-12-15,21.0,,914.8546610335432,911.6553230570717
12.0,2025-12-15,22.0,,440.4268671723287,447.4052435252327
12.0,2025-12-15,23.0,,239.7886974012212,224.8261531146579
17.0,2025-12-15,0.0,,55.49771014942835,79.76922970942924
17.0,2025-12-15,1.0,,1.2648119954559895,0.0
17.0,2025-12-15,2.0,,2.802479187359455e-34,0.0
17.0,2025-12-15,3.0,,2.802479187359455e-34,0.0
17.0,2025-12-15,4.0,,25.098768025659798,17.605185547249864
17.0,2025-12-15,5.0,,308.409160487067,306.61501237862507
17.0,2025-12-15,6.0,,1522.1433502964433,1487.4231678326066
17.0,2025-12-15,7.0,,3990.516359995768,3906.391594385026
17.0,2025-12-15,8.0,,5235.289420531524,5167.1520737772
17.0,2025-12-15,9.0,,3720.1518283982477,3638.409535698828
17.0,2025-12-15,10.0,,2933.4725655462044,2906.2489651079054
17.0,2025-12-15,11.0,,2884.1313649617723,2968.923491737304
17.0,2025-12-15,12.0,,2927.593470260794,2943.767243648482
17.0,2025-12-15,13.0,,2979.7501986764323,3011.583133426905
17.0,2025-12-15,14.0,,3069.193043211834,3096.9757497998226
17.0,2025-12-15,15.0,,3212.053714202713,3261.0978725678897
17.0,2025-12-15,16.0,,3623.357071583526,3595.0254618059644
17.0,2025-12-15,17.0,,4430.399195156246,4399.102613851448
17.0,2025-12-15,18.0,,4802.710684105862,4789.08825207196
17.0,2025-12-15,19.0,,3404.859012669823,3409.16046253393
17.0,2025-12-15,20.0,,2307.0728801696287,2270.1738969451694
17.0,2025-12-15,21.0,,1407.9951249007556,1404.0632095444766
17.0,2025-12-15,22.0,,727.8561972219317,727.2883321879142
17.0,2025-12-15,23.0,,320.8051213160036,345.0806966237663
25.0,2025-12-15,0.0,,0.0,0.0
25.0,2025-12-15,1.0,,2.802479187359455e-34,0.0
25.0,2025-12-15,2.0,,2.802479187359455e-34,0.0
25.0,2025-12-15,3.0,,2.802479187359455e-34,0.0
25.0,2025-12-15,4.0,,2.802479187359455e-34,0.0
25.0,2025-12-15,5.0,,10.776448006266845,0.0
25.0,2025-12-15,6.0,,162.41812846646252,151.60358531939931
25.0,2025-12-15,7.0,,526.1128956921368,524.3095472834136
25.0,2025-12-15,8.0,,861.1021471576762,843.3315872870157
25.0,2025-12-15,9.0,,431.7307890536971,422.0159730273531
25.0,2025-12-15,10.0,,331.60950628914344,320.48799276522016
25.0,2025-12-15,11.0,,352.7464429292767,349.46487684355117
25.0,2025-12-15,12.0,,355.70087031689116,345.2888935652919
25.0,2025-12-15,13.0,,436.01425488443476,422.00276070003395
25.0,2025-12-15,14.0,,368.25735944450383,365.92812792187374
25.0,2025-12-15,15.0,,457.90849487268275,480.8189096777699
25.0,2025-12-15,16.0,,617.7506608880924,635.0383640178884
25.0,2025-12-15,17.0,,679.5664307669728,695.252537428456
25.0,2025-12-15,18.0,,704.7825858758265,721.8830767177218
25.0,2025-12-15,19.0,,475.8287183501888,477.62054308484204
25.0,2025-12-15,20.0,,279.626205885237,291.9496209898399
25.0,2025-12-15,21.0,,168.82679997521407,167.2761450729357
25.0,2025-12-15,22.0,,91.46562977133996,98.39887596154351
25.0,2025-12-15,23.0,,1.176447648712706,0.0
26.0,2025-12-15,0.0,,5.136481924522058,9.96665787083739
26.0,2025-12-15,1.0,,0.0,0.0
26.0,2025-12-15,2.0,,2.802479187359455e-34,0.0
26.0,2025-12-15,3.0,,2.802479187359455e-34,0.0
26.0,2025-12-15,4.0,,3.0025964781522245,0.0
26.0,2025-12-15,5.0,,85.900509640519,80.21570527814744
26.0,2025-12-15,6.0,,495.52318642913326,469.569633325218
26.0,2025-12-15,7.0,,1051.2654890577894,1038.3040661118932
26.0,2025-12-15,8.0,,2072.5982654650147,2115.1784820960556
26.0,2025-12-15,9.0,,1405.6132600164708,1415.8916336873215
26.0,2025-12-15,10.0,,1169.7507266842567,1208.0528255644094
26.0,2025-12-15,11.0,,1066.4301584070422,1150.7114935847424
26.0,2025-12-15,12.0,,1078.7132311317403,1068.6742843933437
26.0,2025-12-15,13.0,,1163.7115711253648,1141.0387954524335
26.0,2025-12-15,14.0,,1214.3498295359805,1193.118099798344
26.0,2025-12-15,15.0,,1311.9578803869497,1369.1696285415696
26.0,2025-12-15,16.0,,1497.3190053026126,1500.4771015200797
26.0,2025-12-15,17.0,,1680.2163013704262,1647.9806797815431
26.0,2025-12-15,18.0,,1837.6059358032278,1856.6767653134252
26.0,2025-12-15,19.0,,1267.209092817152,1233.722629541703
26.0,2025-12-15,20.0,,761.248849654754,739.2502026197409
26.0,2025-12-15,21.0,,452.157096307337,441.4971937913509
26.0,2025-12-15,22.0,,201.95386683443843,194.9135188102071
26.0,2025-12-15,23.0,,100.44453954137768,98.80548293076896
28.0,2025-12-15,0.0,,1.1027439654455586,0.0
28.0,2025-12-15,1.0,,2.802479187359455e-34,0.0
28.0,2025-12-15,2.0,,2.802479187359455e-34,0.0
28.0,2025-12-15,3.0,,2.802479187359455e-34,0.0
28.0,2025-12-15,4.0,,0.9211067948130418,0.0
28.0,2025-12-15,5.0,,67.76567072834717,63.24658578454291
28.0,2025-12-15,6.0,,241.43201286463994,234.22540552680348
28.0,2025-12-15,7.0,,723.0678571934377,725.5086703142879
28.0,2025-12-15,8.0,,1169.8427015213329,1123.943423711885
28.0,2025-12-15,9.0,,836.1184527647614,811.5010102813291
28.0,2025-12-15,10.0,,617.507212731273,607.1066787540184
28.0,2025-12-15,11.0,,524.8149958477487,511.9440255917158
28.0,2025-12-15,12.0,,652.2112112478324,640.5820890563226
28.0,2025-12-15,13.0,,681.9126799747205,669.9218439232409
28.0,2025-12-15,14.0,,623.6076061224477,624.6136445505293
28.0,2025-12-15,15.0,,637.2178442275366,634.0459531115563
28.0,2025-12-15,16.0,,786.6118347582989,791.755168521951
28.0,2025-12-15,17.0,,958.3804774261828,930.1007635741194
28.0,2025-12-15,18.0,,937.4078199577008,909.0342480750492
28.0,2025-12-15,19.0,,696.0075283012419,692.7317411207691
28.0,2025-12-15,20.0,,471.1768001504387,454.4764867701265
28.0,2025-12-15,21.0,,287.9595849907605,284.49955760951445
28.0,2025-12-15,22.0,,116.05713553727017,106.33929775153204
28.0,2025-12-15,23.0,,10.212370780459588,14.990431264306368
50.0,2025-12-15,0.0,,0.0,2.4007058701946398
50.0,2025-12-15,1.0,,0.0,0.0
50.0,2025-12-15,2.0,,0.0,2.598117033032248e-10
50.0,2025-12-15,3.0,,2.802479187359455e-34,0.0
50.0,2025-12-15,4.0,,0.0,0.0
50.0,2025-12-15,5.0,,58.27984988667834,59.49557902736244
50.0,2025-12-15,6.0,,498.07086592254683,495.7020577378137
50.0,2025-12-15,7.0,,1683.4975023947966,1692.060842602912
50.0,2025-12-15,8.0,,2723.3930033056836,2700.5469700235294
50.0,2025-12-15,9.0,,2088.6674524147224,2117.6208775929235
50.0,2025-12-15,10.0,,1638.2681334923632,1656.7157209892587
50.0,2025-12-15,11.0,,1555.1743534249074,1570.376191926692
50.0,2025-12-15,12.0,,1436.870999774935,1461.4332526188687
50.0,2025-12-15,13.0,,1457.0844121368702,1441.6357127542196
50.0,2025-12-15,14.0,,1418.9267146395546,1407.1376470622997
50.0,2025-12-15,15.0,,1680.0191425163964,1601.812570610579
50.0,2025-12-15,16.0,,1656.964721223094,1656.1133883067769
50.0,2025-12-15,17.0,,2317.1442303772014,2338.0966153576082
50.0,2025-12-15,18.0,,2475.6242509003946,2473.096490409713
50.0,2025-12-15,19.0,,1510.5998656464371,1454.8616172823872
50.0,2025-12-15,20.0,,911.3751365834855,900.1067172013509
50.0,2025-12-15,21.0,,577.7579272661394,588.7746340643612
50.0,2025-12-15,22.0,,254.45619129433024,245.84646765433874
50.0,2025-12-15,23.0,,122.06942391851885,123.1736670806933
1.0,2025-12-16,0.0,,1.28706136463674,6.613799330820806
1.0,2025-12-16,1.0,,2.802479187359455e-34,0.0
1.0,2025-12-16,2.0,,2.802479187359455e-34,0.0
1.0,2025-12-16,3.0,,2.802479187359455e-34,0.0
1.0,2025-12-16,4.0,,2.5991698058754813,5.1491149972043315
1.0,2025-12-16,5.0,,128.3319756266273,118.07753513229466
1.0,2025-12-16,6.0,,552.911976587906,511.2290484603499
1.0,2025-12-16,7.0,,1497.3157750052478,1485.1864155651413
1.0,2025-12-16,8.0,,1874.6048836478658,1898.613469206513
1.0,2025-12-16,9.0,,1470.2824769032957,1473.0084560315145
1.0,2025-12-16,10.0,,1324.7384212931263,1301.95817554322
1.0,2025-12-16,11.0,,1352.9974787445958,1338.6968242991668
1.0,2025-12-16,12.0,,1361.6788606090456,1448.664408810071
1.0,2025-12-16,13.0,,1378.9249680099495,1450.7072449128682
1.0,2025-12-16,14.0,,1365.4067369113782,1433.2222540053492
1.0,2025-12-16,15.0,,1492.3465120357444,1545.3438755676734
1.0,2025-12-16,16.0,,1476.6756100042985,1511.5535189161426
1.0,2025-12-16,17.0,,1761.0841100859923,1765.1234673917077
1.0,2025-12-16,18.0,,1756.059999044729,1751.307830603489
1.0,2025-12-16,19.0,,1360.6029927736547,1348.4066575209856
1.0,2025-12-16,20.0,,910.638973652189,878.3281440255325
1.0,2025-12-16,21.0,,498.74754112634554,485.39881692319955
1.0,2025-12-16,22.0,,235.11416842373768,226.31434277737452
1.0,2025-12-16,23.0,,37.96780689585812,25.51876857013688
5.0,2025-12-16,0.0,,0.0,0.0
5.0,2025-12-16,1.0,,0.0,0.0
5.0,2025-12-16,2.0,,0.0,0.0
5.0,2025-12-16,3.0,,0.0,0.0
5.0,2025-12-16,4.0,,0.0,0.0
5.0,2025-12-16,5.0,,0.0,0.0
5.0,2025-12-16,6.0,,0.0,0.0
5.0,2025-12-16,7.0,,0.0,0.0
5.0,2025-12-16,8.0,,0.0,0.0
5.0,2025-12-16,9.0,,0.0,0.0
5.0,2025-12-16,10.0,,0.0,0.0
5.0,2025-12-16,11.0,,0.0,0.0
5.0,2025-12-16,12.0,,0.0,0.0
5.0,2025-12-16,13.0,,0.0,0.0
5.0,2025-12-16,14.0,,0.0,0.0
5.0,2025-12-16,15.0,,0.0,0.0
5.0,2025-12-16,16.0,,0.0,0.0
5.0,2025-12-16,17.0,,0.0,0.0
5.0,2025-12-16,18.0,,0.0,0.0
5.0,2025-12-16,19.0,,0.0,0.0
5.0,2025-12-16,20.0,,0.0,0.0
5.0,2025-12-16,21.0,,0.0,0.0
5.0,2025-12-16,22.0,,0.0,0.0
5.0,2025-12-16,23.0,,0.0,0.0
7.0,2025-12-16,0.0,,56.49258486422487,64.65237299559644
7.0,2025-12-16,1.0,,10.667449759137808,12.108609547839347
7.0,2025-12-16,2.0,,2.802479187359455e-34,0.0
7.0,2025-12-16,3.0,,2.802479187359455e-34,0.0
7.0,2025-12-16,4.0,,2.046237793634886,0.0
7.0,2025-12-16,5.0,,184.6798274041331,188.26225316108753
7.0,2025-12-16,6.0,,767.6983902209275,767.7135983169995
7.0,2025-12-16,7.0,,1669.5753551996531,1669.61916277042
7.0,2025-12-16,8.0,,2500.5591133434505,2557.746146377912
7.0,2025-12-16,9.0,,1923.2891928806976,1940.455154919201
7.0,2025-12-16,10.0,,1645.5134351388617,1618.991143782597
7.0,2025-12-16,11.0,,1491.5250731895596,1510.8369985535624
7.0,2025-12-16,12.0,,1602.6773547252271,1631.0132261686422
7.0,2025-12-16,13.0,,1581.3223081980982,1601.4839939750211
7.0,2025-12-16,14.0,,1689.7962783308694,1670.0827505782693
7.0,2025-12-16,15.0,,1777.9721443671854,1864.8043345979536
7.0,2025-12-16,16.0,,1900.2799858920118,1947.0079335449066
7.0,2025-12-16,17.0,,2352.878294904798,2306.1765742118637
7.0,2025-12-16,18.0,,2575.4894787853796,2543.154285947533
7.0,2025-12-16,19.0,,1798.998318455294,1699.726292153125
7.0,2025-12-16,20.0,,1095.8974570171597,1058.1523212166337
7.0,2025-12-16,21.0,,631.3542006791434,662.2239336334568
7.0,2025-12-16,22.0,,314.12530566528943,307.2666874924535
7.0,2025-12-16,23.0,,179.45204347306176,158.05165066064572
11.0,2025-12-16,0.0,,67.46891622986003,69.00998373916977
11.0,2025-12-16,1.0,,6.040523959864175,0.0
11.0,2025-12-16,2.0,,2.802479187359455e-34,0.0
11.0,2025-12-16,3.0,,2.802479187359455e-34,0.0
11.0,2025-12-16,4.0,,0.0,0.0
11.0,2025-12-16,5.0,,276.9677090970434,305.87686301404966
11.0,2025-12-16,6.0,,1296.7323856775236,1320.3912237554455
11.0,2025-12-16,7.0,,2405.7671310204682,2449.8245210202895
11.0,2025-12-16,8.0,,3183.334400000648,3173.4177747479976
11.0,2025-12-16,9.0,,2466.283047121121,2454.6984238979903
11.0,2025-12-16,10.0,,1905.1107710109259,1918.5219490539228
11.0,2025-12-16,11.0,,1861.9288097753176,1959.4364186945788
11.0,2025-12-16,12.0,,1892.8687869768178,1894.2544217529935
11.0,2025-12-16,13.0,,2021.3403653962653,2188.3690532640417
11.0,2025-12-16,14.0,,2056.4273557419456,2155.2681455626857
11.0,2025-12-16,15.0,,2123.1522211287192,2220.240095594999
11.0,2025-12-16,16.0,,2314.877166223485,2326.434361665559
11.0,2025-12-16,17.0,,2885.194944869303,2856.4573162680135
11.0,2025-12-16,18.0,,3104.026899501144,3043.2362560913225
11.0,2025-12-16,19.0,,2321.908324508409,2368.7543068014247
11.0,2025-12-16,20.0,,1481.653285905606,1476.5498873555637
11.0,2025-12-16,21.0,,883.9395953297928,897.5671073494499
11.0,2025-12-16,22.0,,415.4219028093137,435.1599371806365
11.0,2025-12-16,23.0,,219.94534647962143,235.88698129051895
12.0,2025-12-16,0.0,,49.16128515103721,52.84498630297875
12.0,2025-12-16,1.0,,5.752212254646374,1.4551490131219638
12.0,2025-12-16,2.0,,2.802479187359455e-34,0.0
12.0,2025-12-16,3.0,,2.802479187359455e-34,0.0
12.0,2025-12-16,4.0,,8.65951720322894,3.135294660999609
12.0,2025-12-16,5.0,,307.851325518156,330.37988758654603
12.0,2025-12-16,6.0,,1387.0090975408682,1379.7224258026508
12.0,2025-12-16,7.0,,2789.1304504297764,2730.2633111006116
12.0,2025-12-16,8.0,,3577.8288750469205,3557.103192643083
12.0,2025-12-16,9.0,,2549.534391511872,2524.4755265532654
12.0,2025-12-16,10.0,,2168.126898864866,2115.2686349513647
12.0,2025-12-16,11.0,,2176.591156770339,2116.7638484474264
12.0,2025-12-16,12.0,,2177.540586015475,2180.4290275021563
12.0,2025-12-16,13.0,,2118.065063640249,2145.920501062588
12.0,2025-12-16,14.0,,2139.725749883095,2070.217957918636
12.0,2025-12-16,15.0,,2389.533268667305,2308.1346421528874
12.0,2025-12-16,16.0,,2888.5000717011962,2832.516011298006
12.0,2025-12-16,17.0,,3154.627385582737,3051.5742990893473
12.0,2025-12-16,18.0,,3243.8903405381716,3134.334260218688
12.0,2025-12-16,19.0,,2543.0335415370873,2478.753218949505
12.0,2025-12-16,20.0,,1578.578501260197,1550.484336129843
12.0,2025-12-16,21.0,,934.0619937742041,941.5900524736813
12.0,2025-12-16,22.0,,468.92148649859706,481.40297844697227
12.0,2025-12-16,23.0,,249.72333729495946,246.68215545117135
17.0,2025-12-16,0.0,,117.75088473583838,120.7129717064508
17.0,2025-12-16,1.0,,12.168886457753976,8.75928610495191
17.0,2025-12-16,2.0,,2.802479187359455e-34,0.0
17.0,2025-12-16,3.0,,2.802479187359455e-34,0.0
17.0,2025-12-16,4.0,,28.46365630333772,20.873341142357795
17.0,2025-12-16,5.0,,313.9890553056991,306.40999766483475
17.0,2025-12-16,6.0,,1532.6913219449636,1537.4354574809279
17.0,2025-12-16,7.0,,4028.74557629615,3934.756151588896
17.0,2025-12-16,8.0,,5262.758466395555,5190.666176734637
17.0,2025-12-16,9.0,,3818.0041619597287,3727.958362366083
17.0,2025-12-16,10.0,,3049.584351332815,3029.316823215519
17.0,2025-12-16,11.0,,3006.0834208571027,3056.3935089531715
17.0,2025-12-16,12.0,,3011.3563440143284,3015.114257004198
17.0,2025-12-16,13.0,,3066.165113800833,3074.212485958114
17.0,2025-12-16,14.0,,3166.683937047305,3151.2636965809593
17.0,2025-12-16,15.0,,3296.055669198428,3314.5488895401754
17.0,2025-12-16,16.0,,3696.631069160334,3665.664755163812
17.0,2025-12-16,17.0,,4534.097096034457,4438.974750852861
17.0,2025-12-16,18.0,,4864.902211294556,4826.743505600974
17.0,2025-12-16,19.0,,3436.0459321982103,3441.1773062029897
17.0,2025-12-16,20.0,,2411.333810330119,2367.1681867302877
17.0,2025-12-16,21.0,,1471.4733100741416,1474.5711124360566
17.0,2025-12-16,22.0,,774.601708196445,789.948855423037
17.0,2025-12-16,23.0,,353.8499189531452,383.3044757923315
25.0,2025-12-16,0.0,,0.0,7.908239423411489
25.0,2025-12-16,1.0,,2.802479187359455e-34,0.0
25.0,2025-12-16,2.0,,2.802479187359455e-34,0.0
25.0,2025-12-16,3.0,,2.802479187359455e-34,0.0
25.0,2025-12-16,4.0,,2.802479187359455e-34,0.0
25.0,2025-12-16,5.0,,6.751328646820271,0.0
25.0,2025-12-16,6.0,,157.47156268725087,131.65919105725115
25.0,2025-12-16,7.0,,518.0075328393839,525.3449974164278
25.0,2025-12-16,8.0,,859.0195686830498,876.1010572741113
25.0,2025-12-16,9.0,,449.02269923762094,434.0881741656114
25.0,2025-12-16,10.0,,349.0213509360434,336.9470834619721
25.0,2025-12-16,11.0,,396.813343163797,377.1669853385971
25.0,2025-12-16,12.0,,366.1536219040379,363.3149592429054
25.0,2025-12-16,13.0,,445.0042700559197,449.4873190785248
25.0,2025-12-16,14.0,,392.91192205915064,391.43576202308344
25.0,2025-12-16,15.0,,502.56075793895695,524.648784878092
25.0,2025-12-16,16.0,,638.0265735139805,656.7913029516534
25.0,2025-12-16,17.0,,688.7081795650438,704.5310990048187
25.0,2025-12-16,18.0,,727.3956084412862,735.4840136252056
25.0,2025-12-16,19.0,,468.20893602666337,488.47972150381037
25.0,2025-12-16,20.0,,292.54882607359133,311.3063957627406
25.0,2025-12-16,21.0,,192.86123434661317,189.92609707410037
25.0,2025-12-16,22.0,,104.81111919573127,100.30911442100677
25.0,2025-12-16,23.0,,0.0,0.0
26.0,2025-12-16,0.0,,24.40806270240688,27.922042385064575
26.0,2025-12-16,1.0,,1.8714883832187055,0.0
26.0,2025-12-16,2.0,,2.802479187359455e-34,0.0
26.0,2025-12-16,3.0,,2.802479187359455e-34,0.0
26.0,2025-12-16,4.0,,10.034634075770681,0.0
26.0,2025-12-16,5.0,,69.91851067568228,83.33740559319847
26.0,2025-12-16,6.0,,511.78055073471296,491.5692111322612
26.0,2025-12-16,7.0,,1097.024652538435,1076.6289930935357
26.0,2025-12-16,8.0,,2175.856292013642,2220.895302782102
26.0,2025-12-16,9.0,,1451.99318583676,1434.9704640722853
26.0,2025-12-16,10.0,,1204.7138072088594,1238.207974789398
26.0,2025-12-16,11.0,,1111.3838748296055,1189.878380513878
26.0,2025-12-16,12.0,,1139.9674256421063,1118.370910995455
26.0,2025-12-16,13.0,,1185.9721404176182,1181.252795353385
26.0,2025-12-16,14.0,,1235.6418511982451,1225.5464428944417
26.0,2025-12-16,15.0,,1331.5291241194275,1378.1460657739228
26.0,2025-12-16,16.0,,1535.1260529745712,1560.867928926726
26.0,2025-12-16,17.0,,1725.4100164933268,1706.0591085830874
26.0,2025-12-16,18.0,,1844.1190698222501,1846.4463259930606
26.0,2025-12-16,19.0,,1259.5499378477352,1233.0459842377627
26.0,2025-12-16,20.0,,802.1606380596222,761.4934602060899
26.0,2025-12-16,21.0,,483.47028250733814,478.1655870869564
26.0,2025-12-16,22.0,,211.87872016301395,201.04370467892934
26.0,2025-12-16,23.0,,99.73720518421912,99.9625890532517
28.0,2025-12-16,0.0,,1.1027439654455586,9.022272470348886
28.0,2025-12-16,1.0,,2.802479187359455e-34,0.0
28.0,2025-12-16,2.0,,2.802479187359455e-34,0.0
28.0,2025-12-16,3.0,,2.802479187359455e-34,0.0
28.0,2025-12-16,4.0,,0.0,0.0
28.0,2025-12-16,5.0,,69.82863209717809,58.27643560379031
28.0,2025-12-16,6.0,,266.73953737288906,249.9082606398265
28.0,2025-12-16,7.0,,743.3456417782697,759.0143654537427
28.0,2025-12-16,8.0,,1193.23424323654,1164.0322466295827
28.0,2025-12-16,9.0,,835.2157078050041,816.8913736639054
28.0,2025-12-16,10.0,,642.8560345742692,642.7378294862558
28.0,2025-12-16,11.0,,568.8821018477281,550.5388073562511
28.0,2025-12-16,12.0,,696.9575812062923,690.1892368670922
28.0,2025-12-16,13.0,,708.801056097965,714.830580297277
28.0,2025-12-16,14.0,,648.2994760400711,660.4908977448687
28.0,2025-12-16,15.0,,678.8797257614355,679.3347751537882
28.0,2025-12-16,16.0,,841.7251191672051,847.7210249784903
28.0,2025-12-16,17.0,,981.4452543555592,958.1420334941708
28.0,2025-12-16,18.0,,917.3556948905414,897.3083313373212
28.0,2025-12-16,19.0,,686.9986709420486,685.5074270236252
28.0,2025-12-16,20.0,,510.7666221779054,481.9831459599224
28.0,2025-12-16,21.0,,308.8327626223245,297.6325917196162
28.0,2025-12-16,22.0,,132.914810158377,116.32291148962764
28.0,2025-12-16,23.0,,15.086909184306744,9.333641806934406
50.0,2025-12-16,0.0,,37.22352243993725,44.412464521272014
50.0,2025-12-16,1.0,,11.436983641527165,0.08007930533392565
50.0,2025-12-16,2.0,,0.0,2.598117033032248e-10
50.0,2025-12-16,3.0,,2.802479187359455e-34,0.0
50.0,2025-12-16,4.0,,0.0,0.0
50.0,2025-12-16,5.0,,66.0390206437424,62.787954651180065
50.0,2025-12-16,6.0,,559.0913832679418,524.1642096086932
50.0,2025-12-16,7.0,,1764.2487827908403,1762.5384541004687
50.0,2025-12-16,8.0,,2751.7539826859766,2719.3047417048197
50.0,2025-12-16,9.0,,2187.9873990506744,2172.202143958375
50.0,2025-12-16,10.0,,1663.9067992644414,1699.2624593355856
50.0,2025-12-16,11.0,,1598.6774180951872,1580.3019960466756
50.0,2025-12-16,12.0,,1515.8672067825623,1530.336928271906
50.0,2025-12-16,13.0,,1502.5772319908854,1468.4429701496015
50.0,2025-12-16,14.0,,1416.7850244570184,1423.4254966570968
50.0,2025-12-16,15.0,,1729.4145465092092,1656.2439743931027
50.0,2025-12-16,16.0,,1761.608755771722,1743.4175576592713
50.0,2025-12-16,17.0,,2386.9188598249293,2378.501298218547
50.0,2025-12-16,18.0,,2475.435224248876,2459.193800288541
50.0,2025-12-16,19.0,,1512.2168804124728,1443.8150840505286
50.0,2025-12-16,20.0,,915.3692907106193,912.2246372140671
50.0,2025-12-16,21.0,,614.8869014807848,609.625513462591
50.0,2025-12-16,22.0,,259.7618979593906,252.9085558093775
50.0,2025-12-16,23.0,,130.763525267313,136.2767783825768
1.0,2025-12-17,0.0,,0.0,0.0
1.0,2025-12-17,1.0,,2.802479187359455e-34,0.0
1.0,2025-12-17,2.0,,2.802479187359455e-34,0.0
1.0,2025-12-17,3.0,,2.802479187359455e-34,0.0
1.0,2025-12-17,4.0,,0.0,0.0
1.0,2025-12-17,5.0,,132.02968334052926,111.77546867598154
1.0,2025-12-17,6.0,,558.8347447994543,531.0152397221708
1.0,2025-12-17,7.0,,1484.0442917505209,1498.455528244889
1.0,2025-12-17,8.0,,1872.8257833876314,1917.4759235698905
1.0,2025-12-17,9.0,,1436.0523853803336,1466.1851647914052
1.0,2025-12-17,10.0,,1299.582437970761,1288.7895831350554
1.0,2025-12-17,11.0,,1341.3431850335467,1328.3702337209643
1.0,2025-12-17,12.0,,1366.138679924567,1439.9207023707118
1.0,2025-12-17,13.0,,1380.2955058166274,1442.1052189608265
1.0,2025-12-17,14.0,,1369.832165374894,1433.0783425296763
1.0,2025-12-17,15.0,,1494.1570107432476,1539.706845932558
1.0,2025-12-17,16.0,,1480.7794942668284,1530.5367303933376
1.0,2025-12-17,17.0,,1785.4852023817941,1788.5256779564359
1.0,2025-12-17,18.0,,1738.4260310428936,1755.3854159027335
1.0,2025-12-17,19.0,,1353.080748245366,1341.6066919272073
1.0,2025-12-17,20.0,,891.1221460548569,872.3286586284595
1.0,2025-12-17,21.0,,483.2796335789845,488.14642946029784
1.0,2025-12-17,22.0,,237.58835043535927,223.6009628115277
1.0,2025-12-17,23.0,,32.76750119947475,26.68272502489283
5.0,2025-12-17,0.0,,0.0,0.0
5.0,2025-12-17,1.0,,0.0,0.0
5.0,2025-12-17,2.0,,0.0,0.0
5.0,2025-12-17,3.0,,0.0,0.0
5.0,2025-12-17,4.0,,0.0,0.0
5.0,2025-12-17,5.0,,0.0,0.0
5.0,2025-12-17,6.0,,0.0,0.0
5.0,2025-12-17,7.0,,0.0,0.0
5.0,2025-12-17,8.0,,0.0,0.0
5.0,2025-12-17,9.0,,0.0,0.0
5.0,2025-12-17,10.0,,0.0,0.0
5.0,2025-12-17,11.0,,0.0,0.0
5.0,2025-12-17,12.0,,0.0,0.0
5.0,2025-12-17,13.0,,0.0,0.0
5.0,2025-12-17,14.0,,0.0,0.0
5.0,2025-12-17,15.0,,0.0,0.0
5.0,2025-12-17,16.0,,0.0,0.0
5.0,2025-12-17,17.0,,0.0,0.0
5.0,2025-12-17,18.0,,0.0,0.0
5.0,2025-12-17,19.0,,0.0,0.0
5.0,2025-12-17,20.0,,0.0,0.0
5.0,2025-12-17,21.0,,0.0,0.0
5.0,2025-12-17,22.0,,0.0,0.0
5.0,2025-12-17,23.0,,0.0,0.0
7.0,2025-12-17,0.0,,37.95434299356094,40.37013101174968
7.0,2025-12-17,1.0,,0.0,0.0
7.0,2025-12-17,2.0,,2.802479187359455e-34,0.0
7.0,2025-12-17,3.0,,2.802479187359455e-34,0.0
7.0,2025-12-17,4.0,,0.0,0.0
7.0,2025-12-17,5.0,,181.9657149151907,187.62937050606442
7.0,2025-12-17,6.0,,756.7895107749189,769.7940993246183
7.0,2025-12-17,7.0,,1663.918891125192,1677.4481659941446
7.0,2025-12-17,8.0,,2495.3584284678927,2556.057049860709
7.0,2025-12-17,9.0,,1916.4291401284424,1955.5088271030686
7.0,2025-12-17,10.0,,1670.1438722926907,1632.0160430033823
7.0,2025-12-17,11.0,,1499.131974309052,1519.01445064146
7.0,2025-12-17,12.0,,1619.13750823503,1632.0356164932584
7.0,2025-12-17,13.0,,1576.7987325009751,1604.4783182398608
7.0,2025-12-17,14.0,,1688.2760627645214,1758.312442437446
7.0,2025-12-17,15.0,,1782.5509143389118,1867.2331625693587
7.0,2025-12-17,16.0,,1915.9631419918378,1972.4059516930422
7.0,2025-12-17,17.0,,2390.9198148540463,2315.7645423735817
7.0,2025-12-17,18.0,,2586.2020789723347,2553.3108910366223
7.0,2025-12-17,19.0,,1786.2536778919666,1713.1894283489971
7.0,2025-12-17,20.0,,1093.5566586659158,1059.595596463734
7.0,2025-12-17,21.0,,629.2501685933497,654.3239486386946
7.0,2025-12-17,22.0,,297.49218066008666,314.80532644553557
7.0,2025-12-17,23.0,,175.51298670565754,160.6322839983618
11.0,2025-12-17,0.0,,57.16823549129491,60.24191396431205
11.0,2025-12-17,1.0,,0.0,0.0
11.0,2025-12-17,2.0,,2.802479187359455e-34,0.0
11.0,2025-12-17,3.0,,2.802479187359455e-34,0.0
11.0,2025-12-17,4.0,,0.0,0.0
11.0,2025-12-17,5.0,,278.08468353017054,314.113514631773
11.0,2025-12-17,6.0,,1290.2301000802643,1316.641616714577
11.0,2025-12-17,7.0,,2420.87170148836,2459.703777156671
11.0,2025-12-17,8.0,,3184.55526542565,3174.3171109060477
11.0,2025-12-17,9.0,,2468.488742250641,2450.757854232765
11.0,2025-12-17,10.0,,1922.6734682984413,1931.6948033911622
11.0,2025-12-17,11.0,,1882.0418005688164,1966.9024326365932
11.0,2025-12-17,12.0,,1937.9509291000684,1898.4232478239805
11.0,2025-12-17,13.0,,2056.9899433703113,2183.3503193581737
11.0,2025-12-17,14.0,,2086.9425102660616,2152.9359362815635
11.0,2025-12-17,15.0,,2133.552484295012,2222.5913300668008
11.0,2025-12-17,16.0,,2320.8261366820675,2343.6526606088455
11.0,2025-12-17,17.0,,2884.3478450581943,2857.014667406545
11.0,2025-12-17,18.0,,3096.496531920487,3037.542248035321
11.0,2025-12-17,19.0,,2326.960143585915,2385.1697564569154
11.0,2025-12-17,20.0,,1492.1270756476342,1482.8007444107734
11.0,2025-12-17,21.0,,879.3693016312328,889.9278721836017
11.0,2025-12-17,22.0,,413.2180901679734,427.2523430932907
11.0,2025-12-17,23.0,,230.59355306168302,242.02898914380066
12.0,2025-12-17,0.0,,43.839191154417925,35.03195021295304
12.0,2025-12-17,1.0,,0.0,0.0
12.0,2025-12-17,2.0,,2.802479187359455e-34,0.0
12.0,2025-12-17,3.0,,2.802479187359455e-34,0.0
12.0,2025-12-17,4.0,,1.3837716324844438,0.0
12.0,2025-12-17,5.0,,325.69005586665565,340.1669474227433
12.0,2025-12-17,6.0,,1389.10591754811,1380.2809046136938
12.0,2025-12-17,7.0,,2788.2266252436953,2713.4661857733
12.0,2025-12-17,8.0,,3566.575337871295,3568.3071085790493
12.0,2025-12-17,9.0,,2546.5651532490206,2531.92297037943
12.0,2025-12-17,10.0,,2165.363542290588,2111.069386780844
12.0,2025-12-17,11.0,,2174.6144733499177,2108.402491147704
12.0,2025-12-17,12.0,,2199.2025980993753,2192.1203540528722
12.0,2025-12-17,13.0,,2146.6378150317,2131.16793196556
12.0,2025-12-17,14.0,,2153.0816571014425,2063.4889264543335
12.0,2025-12-17,15.0,,2397.5529976088824,2291.4169283367223
12.0,2025-12-17,16.0,,2894.81367359852,2826.506122152402
12.0,2025-12-17,17.0,,3165.6735153642917,3044.5945126942916
12.0,2025-12-17,18.0,,3223.0586642733756,3136.109096765344
12.0,2025-12-17,19.0,,2544.7718116543624,2486.585941725404
12.0,2025-12-17,20.0,,1566.507079522423,1556.60728025013
12.0,2025-12-17,21.0,,930.6951892451757,945.8009175365236
12.0,2025-12-17,22.0,,460.5745547302204,477.71355917634475
12.0,2025-12-17,23.0,,252.96268019638936,250.29289121894465
17.0,2025-12-17,0.0,,98.28728224034182,104.02839456440509
17.0,2025-12-17,1.0,,3.4889576862905773,0.0
17.0,2025-12-17,2.0,,2.802479187359455e-34,0.0
17.0,2025-12-17,3.0,,2.802479187359455e-34,0.0
17.0,2025-12-17,4.0,,15.480783124145217,3.704262794519724
17.0,2025-12-17,5.0,,310.4050131526651,308.97223925974777
17.0,2025-12-17,6.0,,1528.7432002595638,1543.9121271504675
17.0,2025-12-17,7.0,,3996.5944857368977,3951.1024039928557
17.0,2025-12-17,8.0,,5267.72988950104,5207.434199243658
17.0,2025-12-17,9.0,,3797.1621684412244,3718.3589050573873
17.0,2025-12-17,10.0,,3051.9064641777704,3037.3015074374057
17.0,2025-12-17,11.0,,3028.0977330372216,3062.0789755776577
17.0,2025-12-17,12.0,,3039.3469455111062,3022.9603522604853
17.0,2025-12-17,13.0,,3092.2684551056304,3087.7880262208228
17.0,2025-12-17,14.0,,3174.7293489525773,3155.9919799698837
17.0,2025-12-17,15.0,,3311.3708682388396,3316.7835667402046
17.0,2025-12-17,16.0,,3695.2881458151764,3680.6387847480687
17.0,2025-12-17,17.0,,4493.834974842012,4436.760871733339
17.0,2025-12-17,18.0,,4822.882657417328,4822.241329017449
17.0,2025-12-17,19.0,,3392.861490219088,3433.629746227683
17.0,2025-12-17,20.0,,2384.641741772062,2365.7136083133337
17.0,2025-12-17,21.0,,1464.510849684172,1472.7041779553156
17.0,2025-12-17,22.0,,757.5246496978326,783.5709586756369
17.0,2025-12-17,23.0,,356.10784096178884,394.83430537966757
25.0,2025-12-17,0.0,,0.0,0.0
25.0,2025-12-17,1.0,,2.802479187359455e-34,0.0
25.0,2025-12-17,2.0,,2.802479187359455e-34,0.0
25.0,2025-12-17,3.0,,2.802479187359455e-34,0.0
25.0,2025-12-17,4.0,,2.802479187359455e-34,0.0
25.0,2025-12-17,5.0,,10.01621621506861,0.0
25.0,2025-12-17,6.0,,160.57447115246563,138.80424343918526
25.0,2025-12-17,7.0,,524.1919655136791,532.8398652116703
25.0,2025-12-17,8.0,,859.0893120083924,878.5610561224518
25.0,2025-12-17,9.0,,445.93454174935925,449.10343589619583
25.0,2025-12-17,10.0,,348.4434000239771,354.1627770037236
25.0,2025-12-17,11.0,,382.135119742644,385.46831854671876
25.0,2025-12-17,12.0,,377.38402579115075,370.36536589542675
25.0,2025-12-17,13.0,,452.6383144641477,458.830543836692
25.0,2025-12-17,14.0,,397.7130485990948,394.4891566225771
25.0,2025-12-17,15.0,,495.4477205569066,527.1684704858332
25.0,2025-12-17,16.0,,630.2813706294211,656.9624494524132
25.0,2025-12-17,17.0,,689.1661287132562,706.1630350573209
25.0,2025-12-17,18.0,,735.5322859352052,748.4184207915577
25.0,2025-12-17,19.0,,484.946554341755,509.3061312660819
25.0,2025-12-17,20.0,,305.1061859228598,316.8549800609351
25.0,2025-12-17,21.0,,190.97127283944096,190.32141273647855
25.0,2025-12-17,22.0,,104.30651770168707,100.42366004779645
25.0,2025-12-17,23.0,,0.0,0.0
26.0,2025-12-17,0.0,,15.202431561309163,12.972326779261152
26.0,2025-12-17,1.0,,1.296720693719802,0.0
26.0,2025-12-17,2.0,,2.802479187359455e-34,0.0
26.0,2025-12-17,3.0,,2.802479187359455e-34,0.0
26.0,2025-12-17,4.0,,0.0,0.0
26.0,2025-12-17,5.0,,70.79530258242539,76.0759087876022
26.0,2025-12-17,6.0,,516.3432680089206,504.50017911771533
26.0,2025-12-17,7.0,,1089.5689045625616,1084.2570281980625
26.0,2025-12-17,8.0,,2178.1473186713965,2225.1303005791724
26.0,2025-12-17,9.0,,1451.7565185455237,1441.014484189829
26.0,2025-12-17,10.0,,1198.6391463705302,1238.650416588916
26.0,2025-12-17,11.0,,1103.4335134978232,1190.3575349581085
26.0,2025-12-17,12.0,,1125.6284002323591,1125.6822786767807
26.0,2025-12-17,13.0,,1180.4920220746271,1175.7137276895794
26.0,2025-12-17,14.0,,1246.3479912885311,1238.927610212182
26.0,2025-12-17,15.0,,1330.523143954653,1379.9203842975141
26.0,2025-12-17,16.0,,1544.2187753905077,1565.7823266696776
26.0,2025-12-17,17.0,,1739.7921898405448,1722.3735931198019
26.0,2025-12-17,18.0,,1844.9089517338632,1840.505489982408
26.0,2025-12-17,19.0,,1242.3875055152766,1233.2279501691582
26.0,2025-12-17,20.0,,789.0308393057535,763.0012020788462
26.0,2025-12-17,21.0,,488.17097175028476,484.0692769731052
26.0,2025-12-17,22.0,,207.6049199070752,198.7521532321282
26.0,2025-12-17,23.0,,105.66399336977717,104.90819155014454
28.0,2025-12-17,0.0,,1.1027439654455586,0.0
28.0,2025-12-17,1.0,,2.802479187359455e-34,0.0
28.0,2025-12-17,2.0,,2.802479187359455e-34,0.0
28.0,2025-12-17,3.0,,2.802479187359455e-34,0.0
28.0,2025-12-17,4.0,,0.0,0.0
28.0,2025-12-17,5.0,,74.30712240856954,63.39204351849798
28.0,2025-12-17,6.0,,266.8567101859855,254.6539516486971
28.0,2025-12-17,7.0,,753.1978990399462,762.7157746929865
28.0,2025-12-17,8.0,,1197.6543885769424,1175.3927313250722
28.0,2025-12-17,9.0,,827.9753536008242,838.4643554123702
28.0,2025-12-17,10.0,,640.8000852197093,634.5765893672889
28.0,2025-12-17,11.0,,578.7960719744705,554.5629616684732
28.0,2025-12-17,12.0,,703.2715835198404,692.1926469790214
28.0,2025-12-17,13.0,,729.1780994214228,718.9032493610267
28.0,2025-12-17,14.0,,660.4771159012538,662.1411899233133
28.0,2025-12-17,15.0,,692.1452578544955,681.8542291294466
28.0,2025-12-17,16.0,,872.360873794663,858.2436742253159
28.0,2025-12-17,17.0,,984.8614647206034,966.8427726532128
28.0,2025-12-17,18.0,,917.2908270646943,904.260267844596
28.0,2025-12-17,19.0,,688.8037777074371,691.9228998267946
28.0,2025-12-17,20.0,,501.97039205677265,489.9084481957084
28.0,2025-12-17,21.0,,308.62871480480254,302.9700681640274
28.0,2025-12-17,22.0,,127.24971406999691,114.10704809835002
28.0,2025-12-17,23.0,,11.370360688729715,7.084431376926771
50.0,2025-12-17,0.0,,21.463276533548672,19.613512600817412
50.0,2025-12-17,1.0,,4.943071663465508,0.0
50.0,2025-12-17,2.0,,0.0,2.598117033032248e-10
50.0,2025-12-17,3.0,,2.802479187359455e-34,0.0
50.0,2025-12-17,4.0,,0.0,0.0
50.0,2025-12-17,5.0,,65.7777275587152,55.40090222080486
50.0,2025-12-17,6.0,,549.8095453234248,518.1358400217842
50.0,2025-12-17,7.0,,1747.1003160125351,1766.5722095363637
50.0,2025-12-17,8.0,,2738.17865858322,2717.3619421156773
50.0,2025-12-17,9.0,,2164.2409970690073,2175.6743183967046
50.0,2025-12-17,10.0,,1654.750701942465,1702.5190434330434
50.0,2025-12-17,11.0,,1589.1643544476017,1583.2576829543916
50.0,2025-12-17,12.0,,1533.4381632633201,1526.4705106801212
50.0,2025-12-17,13.0,,1494.4047895028257,1482.7567269146202
50.0,2025-12-17,14.0,,1423.6661784455798,1435.586216369226
50.0,2025-12-17,15.0,,1723.5135340182253,1659.1428227591284
50.0,2025-12-17,16.0,,1783.7609497936398,1755.1328799935527
50.0,2025-12-17,17.0,,2379.6931865594343,2383.617912768867
50.0,2025-12-17,18.0,,2441.399856950908,2451.0464777757957
50.0,2025-12-17,19.0,,1493.0360499234898,1434.467532001795
50.0,2025-12-17,20.0,,905.1775835593371,906.0334220314904
50.0,2025-12-17,21.0,,620.3108094584838,610.6352419225283
50.0,2025-12-17,22.0,,260.46847879082463,259.32288861098374
50.0,2025-12-17,23.0,,129.83854360848827,138.7533837361468
1.0,2025-12-18,0.0,,0.0,0.0
1.0,2025-12-18,1.0,,2.802479187359455e-34,0.0
1.0,2025-12-18,2.0,,2.802479187359455e-34,0.0
1.0,2025-12-18,3.0,,2.802479187359455e-34,0.0
1.0,2025-12-18,4.0,,0.0,0.0
1.0,2025-12-18,5.0,,120.8022859942027,106.36730819960049
1.0,2025-12-18,6.0,,532.758027699744,517.8903313706613
1.0,2025-12-18,7.0,,1478.789911459168,1489.007503721681
1.0,2025-12-18,8.0,,1881.7127975914939,1909.3085099563314
1.0,2025-12-18,9.0,,1472.3793585756882,1477.6604072392834
1.0,2025-12-18,10.0,,1313.9177489754197,1282.8071431151059
1.0,2025-12-18,11.0,,1319.4341927504815,1330.0288316138476
1.0,2025-12-18,12.0,,1366.9899739837513,1431.9097857341044
1.0,2025-12-18,13.0,,1393.0778628441853,1444.678805576241
1.0,2025-12-18,14.0,,1359.5986294280744,1423.363371337096
1.0,2025-12-18,15.0,,1491.4719654434857,1524.7553080485995
1.0,2025-12-18,16.0,,1470.438257354804,1515.8275918158636
1.0,2025-12-18,17.0,,1769.2158595133617,1760.0531894844487
1.0,2025-12-18,18.0,,1749.3323911011653,1748.1479189532984
1.0,2025-12-18,19.0,,1334.4967253241223,1329.324596891135
1.0,2025-12-18,20.0,,865.4020323631886,855.374303945434
1.0,2025-12-18,21.0,,491.31649022295375,474.32121869710176
1.0,2025-12-18,22.0,,238.1878678347753,220.26265260493494
1.0,2025-12-18,23.0,,33.809204116207354,22.19121922803815
5.0,2025-12-18,0.0,,0.0,0.0
5.0,2025-12-18,1.0,,0.0,0.0
5.0,2025-12-18,2.0,,0.0,0.0
5.0,2025-12-18,3.0,,0.0,0.0
5.0,2025-12-18,4.0,,0.0,0.0
5.0,2025-12-18,5.0,,0.0,0.0
5.0,2025-12-18,6.0,,0.0,0.0
5.0,2025-12-18,7.0,,0.0,0.0
5.0,2025-12-18,8.0,,0.0,0.0
5.0,2025-12-18,9.0,,0.0,0.0
5.0,2025-12-18,10.0,,0.0,0.0
5.0,2025-12-18,11.0,,0.0,0.0
5.0,2025-12-18,12.0,,0.0,0.0
5.0,2025-12-18,13.0,,0.0,0.0
5.0,2025-12-18,14.0,,0.0,0.0
5.0,2025-12-18,15.0,,0.0,0.0
5.0,2025-12-18,16.0,,0.0,0.0
5.0,2025-12-18,17.0,,0.0,0.0
5.0,2025-12-18,18.0,,0.0,0.0
5.0,2025-12-18,19.0,,0.0,0.0
5.0,2025-12-18,20.0,,0.0,0.0
5.0,2025-12-18,21.0,,0.0,0.0
5.0,2025-12-18,22.0,,0.0,0.0
5.0,2025-12-18,23.0,,0.0,0.0
7.0,2025-12-18,0.0,,42.83944664947091,47.80247568876002
7.0,2025-12-18,1.0,,0.0,0.0
7.0,2025-12-18,2.0,,2.802479187359455e-34,0.0
7.0,2025-12-18,3.0,,2.802479187359455e-34,0.0
7.0,2025-12-18,4.0,,0.0,0.0
7.0,2025-12-18,5.0,,181.07410984332898,181.2201526776272
7.0,2025-12-18,6.0,,728.6970559513659,728.6097251633591
7.0,2025-12-18,7.0,,1635.2255116188562,1664.9515363864123
7.0,2025-12-18,8.0,,2493.616071945138,2548.4844885737307
7.0,2025-12-18,9.0,,1884.7409345029266,1845.0267167157717
7.0,2025-12-18,10.0,,1660.1986712382923,1620.8412672162476
7.0,2025-12-18,11.0,,1496.4288441396805,1519.3745009621723
7.0,2025-12-18,12.0,,1625.416175529902,1633.2204183718752
7.0,2025-12-18,13.0,,1577.332759393402,1605.010660733607
7.0,2025-12-18,14.0,,1702.6600935013983,1691.1858669388998
7.0,2025-12-18,15.0,,1792.3916953773225,1846.8954131614694
7.0,2025-12-18,16.0,,1881.1504991477188,1949.3586131239758
7.0,2025-12-18,17.0,,2366.8300679690465,2307.4455656148743
7.0,2025-12-18,18.0,,2584.63794078434,2542.9667829139757
7.0,2025-12-18,19.0,,1754.0747596525723,1681.2146609855856
7.0,2025-12-18,20.0,,1085.668034800293,1037.1895927887326
7.0,2025-12-18,21.0,,615.0546940082027,654.8719483063255
7.0,2025-12-18,22.0,,285.8203276543084,304.34656262058724
7.0,2025-12-18,23.0,,173.50708373023474,160.52686582877203
11.0,2025-12-18,0.0,,58.220925276410355,60.661186279314514
11.0,2025-12-18,1.0,,0.0,0.0
11.0,2025-12-18,2.0,,2.802479187359455e-34,0.0
11.0,2025-12-18,3.0,,2.802479187359455e-34,0.0
11.0,2025-12-18,4.0,,0.0,0.0
11.0,2025-12-18,5.0,,252.3172719708522,301.1958632297935
11.0,2025-12-18,6.0,,1284.9960807868365,1303.2708070182061
11.0,2025-12-18,7.0,,2430.552361497979,2467.369650241759
11.0,2025-12-18,8.0,,3178.936064326796,3179.811133653546
11.0,2025-12-18,9.0,,2476.9401571113553,2437.6627373281217
11.0,2025-12-18,10.0,,1900.4307859568307,1907.1848736265122
11.0,2025-12-18,11.0,,1860.0037174822696,1944.7497512758894
11.0,2025-12-18,12.0,,1924.155550116054,1891.0179099238505
11.0,2025-12-18,13.0,,2054.7945653755787,2190.3796090093847
11.0,2025-12-18,14.0,,2045.7696273832998,2157.209607387684
11.0,2025-12-18,15.0,,2090.9173640570853,2204.866367784982
11.0,2025-12-18,16.0,,2316.714952657783,2330.4601405807457
11.0,2025-12-18,17.0,,2866.911030200172,2859.1240796225484
11.0,2025-12-18,18.0,,3095.5093732283794,3038.6068031229606
11.0,2025-12-18,19.0,,2276.148180665934,2347.3276613249677
11.0,2025-12-18,20.0,,1468.8396129647856,1455.7234995938861
11.0,2025-12-18,21.0,,858.47911002038,889.4978371042004
11.0,2025-12-18,22.0,,405.7186812575904,412.21796234281663
11.0,2025-12-18,23.0,,232.94295652940616,234.07654620507833
12.0,2025-12-18,0.0,,44.7253059184639,34.210837754251024
12.0,2025-12-18,1.0,,0.0,0.0
12.0,2025-12-18,2.0,,2.802479187359455e-34,0.0
12.0,2025-12-18,3.0,,2.802479187359455e-34,0.0
12.0,2025-12-18,4.0,,0.0,0.0
12.0,2025-12-18,5.0,,293.7358702410826,325.57597479181624
12.0,2025-12-18,6.0,,1367.499523987984,1368.403242454444
12.0,2025-12-18,7.0,,2747.913152408387,2712.3757132676665
12.0,2025-12-18,8.0,,3552.4908631550497,3549.0954434307046
12.0,2025-12-18,9.0,,2529.113780754314,2530.872757346829
12.0,2025-12-18,10.0,,2152.786101008259,2105.0876786204126
12.0,2025-12-18,11.0,,2123.1419980430283,2086.1412324677312
12.0,2025-12-18,12.0,,2156.8991016710725,2074.4815702544124
12.0,2025-12-18,13.0,,2137.806505864239,2140.12983834358
12.0,2025-12-18,14.0,,2097.5409585820944,2071.980445677356
12.0,2025-12-18,15.0,,2370.671050513432,2306.929737918476
12.0,2025-12-18,16.0,,2845.96171118397,2823.6331179467093
12.0,2025-12-18,17.0,,3130.981119117731,3040.394774236362
12.0,2025-12-18,18.0,,3224.8921192078956,3119.832013580734
12.0,2025-12-18,19.0,,2489.0555773598003,2463.965944066992
12.0,2025-12-18,20.0,,1524.5405135768285,1538.294576736196
12.0,2025-12-18,21.0,,940.1583180073106,932.9868517654946
12.0,2025-12-18,22.0,,447.70290507151145,461.68472145628897
12.0,2025-12-18,23.0,,242.8449305962308,238.00475917897145
17.0,2025-12-18,0.0,,92.0805195336794,107.1909319592377
17.0,2025-12-18,1.0,,0.0,0.0
17.0,2025-12-18,2.0,,2.802479187359455e-34,0.0
17.0,2025-12-18,3.0,,2.802479187359455e-34,0.0
17.0,2025-12-18,4.0,,15.770230350232653,0.0
17.0,2025-12-18,5.0,,316.20589135741363,301.59975392024063
17.0,2025-12-18,6.0,,1529.0902757351082,1537.4219778608283
17.0,2025-12-18,7.0,,4009.217118788467,3948.833759237382
17.0,2025-12-18,8.0,,5255.930975428267,5190.427039477325
17.0,2025-12-18,9.0,,3831.844614399556,3729.759088462605
17.0,2025-12-18,10.0,,3027.3731902671157,3021.313088987099
17.0,2025-12-18,11.0,,2972.349906932391,3058.486385709307
17.0,2025-12-18,12.0,,2976.4943434271636,3030.5713189727244
17.0,2025-12-18,13.0,,3064.118872454808,3091.308190048782
17.0,2025-12-18,14.0,,3134.752076907132,3144.6682148776354
17.0,2025-12-18,15.0,,3283.3929532548736,3304.6599998568217
17.0,2025-12-18,16.0,,3701.7679066547707,3682.229587071997
17.0,2025-12-18,17.0,,4520.526017997707,4437.463021654253
17.0,2025-12-18,18.0,,4821.50123973416,4812.060565880008
17.0,2025-12-18,19.0,,3383.9351553319925,3432.1116834575773
17.0,2025-12-18,20.0,,2340.4838273893115,2353.9062068014523
17.0,2025-12-18,21.0,,1470.2873887248131,1494.6609214449425
17.0,2025-12-18,22.0,,763.6157930208396,776.1749715452261
17.0,2025-12-18,23.0,,360.5412043698057,393.10764767538944
25.0,2025-12-18,0.0,,0.0,0.0
25.0,2025-12-18,1.0,,2.802479187359455e-34,0.0
25.0,2025-12-18,2.0,,2.802479187359455e-34,0.0
25.0,2025-12-18,3.0,,2.802479187359455e-34,0.0
25.0,2025-12-18,4.0,,2.802479187359455e-34,0.0
25.0,2025-12-18,5.0,,9.523109297231741,0.0
25.0,2025-12-18,6.0,,159.29331155698264,132.0745940097592
25.0,2025-12-18,7.0,,524.0788379759134,528.7044410904407
25.0,2025-12-18,8.0,,872.6763670108497,881.0550790010509
25.0,2025-12-18,9.0,,446.26308383458996,449.36662895405493
25.0,2025-12-18,10.0,,355.4084904358453,350.5207726302488
25.0,2025-12-18,11.0,,392.6563352784,381.6033858356508
25.0,2025-12-18,12.0,,376.0589912926799,363.5879914197727
25.0,2025-12-18,13.0,,452.48803265275063,461.03105347535615
25.0,2025-12-18,14.0,,414.63339741825905,400.598886004642
25.0,2025-12-18,15.0,,522.0825852448017,537.6778316242667
25.0,2025-12-18,16.0,,637.2368383819362,671.2307711543342
25.0,2025-12-18,17.0,,694.6509207095369,713.6162435535878
25.0,2025-12-18,18.0,,719.0715559323262,737.2272101459963
25.0,2025-12-18,19.0,,486.6705901393563,493.7312350668604
25.0,2025-12-18,20.0,,310.23644419958964,309.0934850510988
25.0,2025-12-18,21.0,,193.66953282697676,192.22377673022717
25.0,2025-12-18,22.0,,90.67706132074875,94.31565106561673
25.0,2025-12-18,23.0,,0.0,0.0
26.0,2025-12-18,0.0,,12.155354245914273,10.864363579447108
26.0,2025-12-18,1.0,,0.0,0.0
26.0,2025-12-18,2.0,,2.802479187359455e-34,0.0
26.0,2025-12-18,3.0,,2.802479187359455e-34,0.0
26.0,2025-12-18,4.0,,0.6447388972266338,0.0
26.0,2025-12-18,5.0,,70.34521291999665,70.04233113497186
26.0,2025-12-18,6.0,,496.27547093993616,497.042334300574
26.0,2025-12-18,7.0,,1077.915333773709,1069.224578129526
26.0,2025-12-18,8.0,,2192.5868578898667,2227.2898990893696
26.0,2025-12-18,9.0,,1457.1533353199516,1428.9818262883298
26.0,2025-12-18,10.0,,1202.094068928408,1244.334385771809
26.0,2025-12-18,11.0,,1120.6036108745006,1190.2937829761038
26.0,2025-12-18,12.0,,1134.9881708539078,1132.2804267778158
26.0,2025-12-18,13.0,,1177.8277205110894,1178.6481425962465
26.0,2025-12-18,14.0,,1231.9204951522654,1234.4433620004547
26.0,2025-12-18,15.0,,1339.7435932573178,1380.3318964921184
26.0,2025-12-18,16.0,,1534.4280810415812,1566.6764275821724
26.0,2025-12-18,17.0,,1720.836964651539,1685.2498558961097
26.0,2025-12-18,18.0,,1847.5669336655592,1837.7116142000052
26.0,2025-12-18,19.0,,1247.811152057298,1226.143526055547
26.0,2025-12-18,20.0,,757.0579292119622,746.3561237562957
26.0,2025-12-18,21.0,,466.4797825244668,475.4101463899099
26.0,2025-12-18,22.0,,215.2845610076709,197.36039744483278
26.0,2025-12-18,23.0,,103.1885760587172,100.39600567639926
28.0,2025-12-18,0.0,,1.1027439654455586,0.0
28.0,2025-12-18,1.0,,2.802479187359455e-34,0.0
28.0,2025-12-18,2.0,,2.802479187359455e-34,0.0
28.0,2025-12-18,3.0,,2.802479187359455e-34,0.0
28.0,2025-12-18,4.0,,0.0,0.0
28.0,2025-12-18,5.0,,76.35480139032417,62.7891133730383
28.0,2025-12-18,6.0,,264.7974456534116,245.98646216832913
28.0,2025-12-18,7.0,,759.2646214529371,762.865743371847
28.0,2025-12-18,8.0,,1230.0280869098997,1190.1094505905264
28.0,2025-12-18,9.0,,848.3002410325822,814.1448063390933
28.0,2025-12-18,10.0,,650.0692114129193,634.2511096894373
28.0,2025-12-18,11.0,,581.7499385544027,558.1390390153673
28.0,2025-12-18,12.0,,700.2210133073316,686.4730549337
28.0,2025-12-18,13.0,,723.7505040307179,707.7428742532195
28.0,2025-12-18,14.0,,660.8262630822273,653.7850859597402
28.0,2025-12-18,15.0,,690.7222705986628,687.8131356286665
28.0,2025-12-18,16.0,,855.786343308177,858.4198807997279
28.0,2025-12-18,17.0,,987.3782359230679,962.5688667967441
28.0,2025-12-18,18.0,,940.0288477958585,903.4428567097448
28.0,2025-12-18,19.0,,686.9180208815728,686.9152618273324
28.0,2025-12-18,20.0,,488.86961444067015,478.2902233090517
28.0,2025-12-18,21.0,,317.59146118695605,297.0159741119982
28.0,2025-12-18,22.0,,131.32922747225751,111.99616767801908
28.0,2025-12-18,23.0,,11.441219992813426,5.108694787999452
50.0,2025-12-18,0.0,,22.09343599471784,25.452205280961117
50.0,2025-12-18,1.0,,2.507769741072443,0.0
50.0,2025-12-18,2.0,,0.0,2.598117033032248e-10
50.0,2025-12-18,3.0,,2.802479187359455e-34,0.0
50.0,2025-12-18,4.0,,0.0,0.0
50.0,2025-12-18,5.0,,65.03809380327942,51.74552211829836
50.0,2025-12-18,6.0,,545.5405773888325,515.8852080956179
50.0,2025-12-18,7.0,,1744.84263661785,1755.2513058542586
50.0,2025-12-18,8.0,,2721.119942015153,2717.58828657992
50.0,2025-12-18,9.0,,2167.737078164877,2162.7835572269173
50.0,2025-12-18,10.0,,1678.260791398927,1705.824071577802
50.0,2025-12-18,11.0,,1577.5302609673224,1576.080149424738
50.0,2025-12-18,12.0,,1511.4328612837573,1533.796365589576
50.0,2025-12-18,13.0,,1494.8014004703055,1474.4178350327177
50.0,2025-12-18,14.0,,1422.6820792149567,1433.270335051758
50.0,2025-12-18,15.0,,1709.1462526221699,1644.7688266446105
50.0,2025-12-18,16.0,,1754.4596955496413,1750.2873436119316
50.0,2025-12-18,17.0,,2348.237527930296,2375.411771781614
50.0,2025-12-18,18.0,,2430.9860817697772,2423.9603748376267
50.0,2025-12-18,19.0,,1499.706472297773,1420.179227015899
50.0,2025-12-18,20.0,,913.3487562452606,910.1283044639716
50.0,2025-12-18,21.0,,617.7800847180895,602.974643171133
50.0,2025-12-18,22.0,,263.8299791221486,253.81217563913637
50.0,2025-12-18,23.0,,138.03055298757272,135.39979885269122
1.0,2025-12-19,0.0,,0.0,0.0
1.0,2025-12-19,1.0,,2.802479187359455e-34,0.0
1.0,2025-12-19,2.0,,2.802479187359455e-34,0.0
1.0,2025-12-19,3.0,,2.802479187359455e-34,0.0
1.0,2025-12-19,4.0,,0.0,0.0
1.0,2025-12-19,5.0,,129.09324567151313,120.64619741991288
1.0,2025-12-19,6.0,,520.5382014210737,501.4815584154699
1.0,2025-12-19,7.0,,1468.1445161440483,1498.8615042759723
1.0,2025-12-19,8.0,,1821.168746911803,1890.112573458278
1.0,2025-12-19,9.0,,1433.8436400680873,1454.8566373958788
1.0,2025-12-19,10.0,,1281.1791107739439,1280.455919978965
1.0,2025-12-19,11.0,,1352.7684019778546,1345.3974804309962
1.0,2025-12-19,12.0,,1360.1448639588752,1443.8322660679614
1.0,2025-12-19,13.0,,1397.4677118969043,1448.9127173733934
1.0,2025-12-19,14.0,,1352.9623825938156,1431.0731009883339
1.0,2025-12-19,15.0,,1515.1676614713276,1539.483822939121
1.0,2025-12-19,16.0,,1523.1451462696946,1561.5497901971794
1.0,2025-12-19,17.0,,1761.3906041697346,1758.3528925865678
1.0,2025-12-19,18.0,,1586.7316064215004,1657.4033493534982
1.0,2025-12-19,19.0,,1205.1301760404608,1251.9160540720268
1.0,2025-12-19,20.0,,796.0819934888849,812.6442795339242
1.0,2025-12-19,21.0,,495.9202804417845,478.6546067438828
1.0,2025-12-19,22.0,,236.64544473214187,226.12803414514332
1.0,2025-12-19,23.0,,37.27249173228964,27.91641355575095
5.0,2025-12-19,0.0,,0.0,0.0
5.0,2025-12-19,1.0,,0.0,0.0
5.0,2025-12-19,2.0,,0.0,0.0
5.0,2025-12-19,3.0,,0.0,0.0
5.0,2025-12-19,4.0,,0.0,0.0
5.0,2025-12-19,5.0,,0.0,0.0
5.0,2025-12-19,6.0,,0.0,0.0
5.0,2025-12-19,7.0,,0.0,0.0
5.0,2025-12-19,8.0,,0.0,0.0
5.0,2025-12-19,9.0,,0.0,0.0
5.0,2025-12-19,10.0,,0.0,0.0
5.0,2025-12-19,11.0,,0.0,0.0
5.0,2025-12-19,12.0,,0.0,0.0
5.0,2025-12-19,13.0,,0.0,0.0
5.0,2025-12-19,14.0,,0.0,0.0
5.0,2025-12-19,15.0,,0.0,0.0
5.0,2025-12-19,16.0,,0.0,0.0
5.0,2025-12-19,17.0,,0.0,0.0
5.0,2025-12-19,18.0,,0.0,0.0
5.0,2025-12-19,19.0,,0.0,0.0
5.0,2025-12-19,20.0,,0.0,0.0
5.0,2025-12-19,21.0,,0.0,0.0
5.0,2025-12-19,22.0,,0.0,0.0
5.0,2025-12-19,23.0,,0.0,0.0
7.0,2025-12-19,0.0,,48.71231071039718,53.9936134426345
7.0,2025-12-19,1.0,,0.0,0.0
7.0,2025-12-19,2.0,,2.802479187359455e-34,0.0
7.0,2025-12-19,3.0,,2.802479187359455e-34,0.0
7.0,2025-12-19,4.0,,0.0,0.0
7.0,2025-12-19,5.0,,166.95837240254605,175.6369776258603
7.0,2025-12-19,6.0,,668.9208153687415,726.2625330253122
7.0,2025-12-19,7.0,,1603.0160598352159,1653.7511129727043
7.0,2025-12-19,8.0,,2405.953093542672,2469.4677940619604
7.0,2025-12-19,9.0,,1821.8161782109437,1924.8494402862093
7.0,2025-12-19,10.0,,1643.0479435048842,1621.0144683293947
7.0,2025-12-19,11.0,,1490.207549429766,1522.5158918199818
7.0,2025-12-19,12.0,,1633.7562171429736,1629.060362109984
7.0,2025-12-19,13.0,,1634.4478695465586,1637.641339327473
7.0,2025-12-19,14.0,,1732.386682631233,1723.32981206481
7.0,2025-12-19,15.0,,1841.5353177059778,1895.4564310453907
7.0,2025-12-19,16.0,,1943.9724691267907,1986.2141312020212
7.0,2025-12-19,17.0,,2281.625579599071,2293.8947385275414
7.0,2025-12-19,18.0,,2167.013821228767,2313.022585399348
7.0,2025-12-19,19.0,,1562.3152732302356,1599.9695122448852
7.0,2025-12-19,20.0,,1032.0150346560617,1032.9159938061584
7.0,2025-12-19,21.0,,593.908227473059,640.397032830539
7.0,2025-12-19,22.0,,310.1704808144221,334.25590988392383
7.0,2025-12-19,23.0,,206.8504775415616,189.53313623870358
11.0,2025-12-19,0.0,,61.7491505801353,66.33455061110574
11.0,2025-12-19,1.0,,0.0,0.0
11.0,2025-12-19,2.0,,2.802479187359455e-34,0.0
11.0,2025-12-19,3.0,,2.802479187359455e-34,0.0
11.0,2025-12-19,4.0,,0.0,0.0
11.0,2025-12-19,5.0,,257.7385044650158,310.2194685360599
11.0,2025-12-19,6.0,,1277.985123965877,1303.8162540370029
11.0,2025-12-19,7.0,,2348.478593750726,2425.591332835931
11.0,2025-12-19,8.0,,3060.9145489013736,3073.019312315003
11.0,2025-12-19,9.0,,2354.825685448825,2419.5155606826984
11.0,2025-12-19,10.0,,1870.6499134705768,1921.9803007430562
11.0,2025-12-19,11.0,,1875.4018441183223,1947.1304193890064
11.0,2025-12-19,12.0,,1946.4355624926861,1910.0406595149313
11.0,2025-12-19,13.0,,2026.7267956142746,2167.5271234721813
11.0,2025-12-19,14.0,,2084.4189335140763,2141.980712528043
11.0,2025-12-19,15.0,,2137.9680778852116,2210.481484945254
11.0,2025-12-19,16.0,,2398.6711493013513,2364.6834026727884
11.0,2025-12-19,17.0,,2894.9684330679956,2825.460930980263
11.0,2025-12-19,18.0,,2769.5903909310045,2754.6836960844307
11.0,2025-12-19,19.0,,2123.0255031040847,2179.202540824134
11.0,2025-12-19,20.0,,1422.902364860361,1424.3348115761135
11.0,2025-12-19,21.0,,845.6112251831227,884.1389893831868
11.0,2025-12-19,22.0,,406.8420338735969,419.68953090324567
11.0,2025-12-19,23.0,,261.25214804006094,259.0051632572959
12.0,2025-12-19,0.0,,53.39459634996491,36.192065222581036
12.0,2025-12-19,1.0,,0.0,0.0
12.0,2025-12-19,2.0,,2.802479187359455e-34,0.0
12.0,2025-12-19,3.0,,2.802479187359455e-34,0.0
12.0,2025-12-19,4.0,,0.0,0.0
12.0,2025-12-19,5.0,,297.04871658443994,334.87492361412006
12.0,2025-12-19,6.0,,1348.715284778095,1360.3106587513935
12.0,2025-12-19,7.0,,2688.699018537587,2667.6835764616335
12.0,2025-12-19,8.0,,3386.4524459370846,3414.6858111740157
12.0,2025-12-19,9.0,,2436.8773709055768,2472.573585419727
12.0,2025-12-19,10.0,,2045.7581880812002,2019.7919807220592
12.0,2025-12-19,11.0,,2065.197860791008,2051.3447536513236
12.0,2025-12-19,12.0,,2105.246999600177,2158.793673677993
12.0,2025-12-19,13.0,,2128.388373962429,2130.022986513927
12.0,2025-12-19,14.0,,2109.4964192935086,2069.4704962944443
12.0,2025-12-19,15.0,,2411.545906998271,2341.5783293774452
12.0,2025-12-19,16.0,,2863.885577479545,2823.9670674438325
12.0,2025-12-19,17.0,,3024.9291078749757,3003.1851720977097
12.0,2025-12-19,18.0,,2756.9280777673653,2791.8966671396256
12.0,2025-12-19,19.0,,2300.709511658459,2349.8329454014456
12.0,2025-12-19,20.0,,1443.1575054349514,1477.12224730722
12.0,2025-12-19,21.0,,951.2814015987656,947.4539815570635
12.0,2025-12-19,22.0,,456.53166616392707,470.0811650111495
12.0,2025-12-19,23.0,,280.5453105023529,253.92975985410115
17.0,2025-12-19,0.0,,107.14737006819236,112.77567332248523
17.0,2025-12-19,1.0,,1.69561017614819,0.0
17.0,2025-12-19,2.0,,2.802479187359455e-34,0.0
17.0,2025-12-19,3.0,,2.802479187359455e-34,0.0
17.0,2025-12-19,4.0,,8.396633234745684,0.0
17.0,2025-12-19,5.0,,309.39839971056756,302.4565524263391
17.0,2025-12-19,6.0,,1524.1255503449386,1531.4915032064866
17.0,2025-12-19,7.0,,3964.2682855267653,3904.388356419442
17.0,2025-12-19,8.0,,5041.880588944436,5028.616769017661
17.0,2025-12-19,9.0,,3706.8911804716736,3684.533404961252
17.0,2025-12-19,10.0,,2977.012264605501,3006.2820549012995
17.0,2025-12-19,11.0,,3007.1076121741125,3061.468149077916
17.0,2025-12-19,12.0,,3008.239414756749,3005.8563598906003
17.0,2025-12-19,13.0,,3105.3341184461588,3063.2770744763243
17.0,2025-12-19,14.0,,3194.2168541085193,3145.386839057324
17.0,2025-12-19,15.0,,3410.854677667991,3336.867397958522
17.0,2025-12-19,16.0,,3827.1879876382873,3741.1884295629166
17.0,2025-12-19,17.0,,4524.122968817292,4443.36150429564
17.0,2025-12-19,18.0,,4445.569131839094,4496.637126622574
17.0,2025-12-19,19.0,,3213.5518452432198,3297.179300508284
17.0,2025-12-19,20.0,,2322.3713135225216,2336.405158674757
17.0,2025-12-19,21.0,,1536.5027317537554,1523.1844749681816
17.0,2025-12-19,22.0,,798.8693554088752,808.2662043125272
17.0,2025-12-19,23.0,,427.74747346715833,430.6860026997076
25.0,2025-12-19,0.0,,0.0,0.0
25.0,2025-12-19,1.0,,2.802479187359455e-34,0.0
25.0,2025-12-19,2.0,,2.802479187359455e-34,0.0
25.0,2025-12-19,3.0,,2.802479187359455e-34,0.0
25.0,2025-12-19,4.0,,2.802479187359455e-34,0.0
25.0,2025-12-19,5.0,,6.225732760409601,0.0
25.0,2025-12-19,6.0,,170.46903940643898,137.02176148903646
25.0,2025-12-19,7.0,,519.2547919568572,528.9508734861079
25.0,2025-12-19,8.0,,818.6386156795851,842.9636553050254
25.0,2025-12-19,9.0,,426.94156488459004,423.7370291019306
25.0,2025-12-19,10.0,,335.058649147907,347.80159647933147
25.0,2025-12-19,11.0,,394.9484235803785,391.6930282876134
25.0,2025-12-19,12.0,,380.49142602459335,367.7526104259251
25.0,2025-12-19,13.0,,471.4791002942018,476.0091023839257
25.0,2025-12-19,14.0,,444.82741637858123,421.88391175482803
25.0,2025-12-19,15.0,,554.9958174322562,564.1368126956761
25.0,2025-12-19,16.0,,701.9300382506053,704.946598081621
25.0,2025-12-19,17.0,,692.7809002663919,717.6543362482763
25.0,2025-12-19,18.0,,635.1474388296773,673.6644252920393
25.0,2025-12-19,19.0,,470.8607620143671,482.15491970225185
25.0,2025-12-19,20.0,,288.43128899077277,308.47780349694267
25.0,2025-12-19,21.0,,197.34669362303606,194.81561391459792
25.0,2025-12-19,22.0,,99.24764594042139,97.00404348399312
25.0,2025-12-19,23.0,,0.0,0.0
26.0,2025-12-19,0.0,,11.377226072663303,10.141376115653625
26.0,2025-12-19,1.0,,0.0,0.0
26.0,2025-12-19,2.0,,2.802479187359455e-34,0.0
26.0,2025-12-19,3.0,,2.802479187359455e-34,0.0
26.0,2025-12-19,4.0,,2.1738186155398163,0.0
26.0,2025-12-19,5.0,,65.76418591898896,66.70636886690919
26.0,2025-12-19,6.0,,487.3317530574165,478.77570206149363
26.0,2025-12-19,7.0,,1052.5091218626783,1069.783809021338
26.0,2025-12-19,8.0,,2069.4275219241963,2115.382725117965
26.0,2025-12-19,9.0,,1392.4772311029385,1402.6862982128257
26.0,2025-12-19,10.0,,1194.618864545668,1240.0916237999077
26.0,2025-12-19,11.0,,1104.8997388493706,1179.9588103465692
26.0,2025-12-19,12.0,,1128.8727855945913,1116.8320998805418
26.0,2025-12-19,13.0,,1183.5087674621889,1187.0135947395886
26.0,2025-12-19,14.0,,1254.441707967778,1241.4672772390115
26.0,2025-12-19,15.0,,1355.11741945845,1409.9182823048454
26.0,2025-12-19,16.0,,1600.2531361778692,1589.997244097043
26.0,2025-12-19,17.0,,1699.0758290937836,1701.9252153481941
26.0,2025-12-19,18.0,,1627.4914735745715,1653.4297051966116
26.0,2025-12-19,19.0,,1110.96333633406,1143.6307651361378
26.0,2025-12-19,20.0,,707.8240530853456,707.5914903628961
26.0,2025-12-19,21.0,,456.5058762774188,458.74628654227024
26.0,2025-12-19,22.0,,206.93037787820094,200.46711885305834
26.0,2025-12-19,23.0,,121.38856735919903,125.29868796674846
28.0,2025-12-19,0.0,,1.1027439654455586,0.0
28.0,2025-12-19,1.0,,2.802479187359455e-34,0.0
28.0,2025-12-19,2.0,,2.802479187359455e-34,0.0
28.0,2025-12-19,3.0,,2.802479187359455e-34,0.0
28.0,2025-12-19,4.0,,0.0,0.0
28.0,2025-12-19,5.0,,78.21874791725284,58.40047913464966
28.0,2025-12-19,6.0,,256.7248417043059,237.66288911957147
28.0,2025-12-19,7.0,,751.8423696788989,754.7394850405767
28.0,2025-12-19,8.0,,1177.0550001143502,1158.4021222471397
28.0,2025-12-19,9.0,,823.7643569769504,818.8544189666607
28.0,2025-12-19,10.0,,646.1967781488447,633.0341489659762
28.0,2025-12-19,11.0,,589.4370553130192,556.0713156981205
28.0,2025-12-19,12.0,,709.7043059576465,703.3006058028695
28.0,2025-12-19,13.0,,713.3060854401011,704.705039080057
28.0,2025-12-19,14.0,,660.6702958907116,654.6334587816616
28.0,2025-12-19,15.0,,706.1176213560358,695.7170787862055
28.0,2025-12-19,16.0,,879.8323807742823,871.1290463262349
28.0,2025-12-19,17.0,,982.6148347419037,961.2819481064677
28.0,2025-12-19,18.0,,853.4745428491599,873.8720041490323
28.0,2025-12-19,19.0,,633.9226371655035,639.7332301778516
28.0,2025-12-19,20.0,,453.3048721916362,458.2196758585708
28.0,2025-12-19,21.0,,320.49832387293725,302.3450956496387
28.0,2025-12-19,22.0,,132.4287077246017,109.90841677836745
28.0,2025-12-19,23.0,,13.928980627355136,0.9248736438215492
50.0,2025-12-19,0.0,,26.166128905453593,25.47848242731298
50.0,2025-12-19,1.0,,0.0,0.0
50.0,2025-12-19,2.0,,0.0,2.598117033032248e-10
50.0,2025-12-19,3.0,,2.802479187359455e-34,0.0
50.0,2025-12-19,4.0,,0.0,0.0
50.0,2025-12-19,5.0,,56.81446022685305,51.053381492812655
50.0,2025-12-19,6.0,,538.7961792481826,511.2481342229404
50.0,2025-12-19,7.0,,1702.5581687121846,1747.1030333750084
50.0,2025-12-19,8.0,,2624.8725374027676,2643.1531113490973
50.0,2025-12-19,9.0,,2068.965117290727,2080.5556092427487
50.0,2025-12-19,10.0,,1599.7093048255194,1647.5364016333444
50.0,2025-12-19,11.0,,1576.3773219848526,1584.3180690130143
50.0,2025-12-19,12.0,,1509.6719363174188,1543.2224641926662
50.0,2025-12-19,13.0,,1525.2705199552292,1484.8127609799471
50.0,2025-12-19,14.0,,1459.1743237323694,1436.3234561876643
50.0,2025-12-19,15.0,,1744.821617001162,1654.88403729309
50.0,2025-12-19,16.0,,1891.4884555119318,1780.8239373528645
50.0,2025-12-19,17.0,,2230.1206230920006,2282.6815055638376
50.0,2025-12-19,18.0,,1925.0658815080872,2027.290812407288
50.0,2025-12-19,19.0,,1241.6085797546646,1265.533261851222
50.0,2025-12-19,20.0,,827.7483927573155,857.3479733296863
50.0,2025-12-19,21.0,,557.1160456351046,567.971987139716
50.0,2025-12-19,22.0,,279.309120732275,273.95155050259666
50.0,2025-12-19,23.0,,161.64817089864786,156.78239791967812
1.0,2025-12-20,0.0,,0.0,0.0
1.0,2025-12-20,1.0,,2.802479187359455e-34,0.0
1.0,2025-12-20,2.0,,2.802479187359455e-34,0.0
1.0,2025-12-20,3.0,,2.802479187359455e-34,0.0
1.0,2025-12-20,4.0,,0.0,2.598117033032248e-10
1.0,2025-12-20,5.0,,12.24963513959669,5.402995874833719
1.0,2025-12-20,6.0,,147.40831449475286,160.2929117543
1.0,2025-12-20,7.0,,279.9229358514329,307.54844699863276
1.0,2025-12-20,8.0,,384.0979739645564,411.6822086922954
1.0,2025-12-20,9.0,,645.5145851294918,673.5316003542507
1.0,2025-12-20,10.0,,751.814289403531,762.8350727584356
1.0,2025-12-20,11.0,,694.5107351494379,721.1503260879524
1.0,2025-12-20,12.0,,902.2477708498715,887.8454006377037
1.0,2025-12-20,13.0,,937.439317634504,914.6527141820479
1.0,2025-12-20,14.0,,879.6622306910677,886.5665160970223
1.0,2025-12-20,15.0,,758.469616026742,763.1062256150826
1.0,2025-12-20,16.0,,694.2566746522717,734.1010589132511
1.0,2025-12-20,17.0,,646.7023214644387,636.5360625146429
1.0,2025-12-20,18.0,,508.48721879502733,525.528842422453
1.0,2025-12-20,19.0,,459.49794732853695,460.9335083299907
1.0,2025-12-20,20.0,,339.45841929115176,357.0790356487501
1.0,2025-12-20,21.0,,259.7779432222839,262.4299737830938
1.0,2025-12-20,22.0,,104.96531525107075,104.46769979683481
1.0,2025-12-20,23.0,,12.855347890951254,2.70743464771157
5.0,2025-12-20,0.0,,0.0,0.0
5.0,2025-12-20,1.0,,0.0,0.0
5.0,2025-12-20,2.0,,0.0,0.0
5.0,2025-12-20,3.0,,0.0,0.0
5.0,2025-12-20,4.0,,0.0,0.0
5.0,2025-12-20,5.0,,0.0,0.0
5.0,2025-12-20,6.0,,0.0,0.0
5.0,2025-12-20,7.0,,0.0,0.0
5.0,2025-12-20,8.0,,0.0,0.0
5.0,2025-12-20,9.0,,0.0,0.0
5.0,2025-12-20,10.0,,0.0,0.0
5.0,2025-12-20,11.0,,0.0,0.0
5.0,2025-12-20,12.0,,0.0,0.0
5.0,2025-12-20,13.0,,0.0,0.0
5.0,2025-12-20,14.0,,0.0,0.0
5.0,2025-12-20,15.0,,0.0,0.0
5.0,2025-12-20,16.0,,0.0,0.0
5.0,2025-12-20,17.0,,0.0,0.0
5.0,2025-12-20,18.0,,0.0,0.0
5.0,2025-12-20,19.0,,0.0,0.0
5.0,2025-12-20,20.0,,0.0,0.0
5.0,2025-12-20,21.0,,0.0,0.0
5.0,2025-12-20,22.0,,0.0,0.0
5.0,2025-12-20,23.0,,0.0,0.0
7.0,2025-12-20,0.0,,71.33381021540023,71.62130456748295
7.0,2025-12-20,1.0,,0.0,0.0
7.0,2025-12-20,2.0,,2.802479187359455e-34,0.0
7.0,2025-12-20,3.0,,2.802479187359455e-34,0.0
7.0,2025-12-20,4.0,,0.0,0.0
7.0,2025-12-20,5.0,,32.469834467644894,29.47804247831892
7.0,2025-12-20,6.0,,264.25142033992137,252.47317277696382
7.0,2025-12-20,7.0,,402.326650629624,378.3919338569758
7.0,2025-12-20,8.0,,785.984626636551,826.7086862028098
7.0,2025-12-20,9.0,,874.2219311403683,898.9190837507563
7.0,2025-12-20,10.0,,873.855816232645,926.4095687313461
7.0,2025-12-20,11.0,,1007.9843102061513,1085.7938710873764
7.0,2025-12-20,12.0,,1202.0543420340953,1228.5367108176476
7.0,2025-12-20,13.0,,1175.7426438483435,1239.6112920417377
7.0,2025-12-20,14.0,,1287.8409033339349,1310.5266457472214
7.0,2025-12-20,15.0,,1228.4017597099287,1194.3297632614401
7.0,2025-12-20,16.0,,1239.7227534916458,1167.0675852726454
7.0,2025-12-20,17.0,,1224.3346808128886,1198.0061611836763
7.0,2025-12-20,18.0,,1126.514073842544,1109.118426417212
7.0,2025-12-20,19.0,,1013.0471805268297,1020.1829416781829
7.0,2025-12-20,20.0,,714.9149478220593,725.6212938721434
7.0,2025-12-20,21.0,,494.03027406302766,558.9047589425928
7.0,2025-12-20,22.0,,267.109134745368,293.9231065588143
7.0,2025-12-20,23.0,,79.8183995849951,125.09880456166383
11.0,2025-12-20,0.0,,73.76269022723012,74.12778013514095
11.0,2025-12-20,1.0,,0.0,0.0
11.0,2025-12-20,2.0,,2.802479187359455e-34,0.0
11.0,2025-12-20,3.0,,2.802479187359455e-34,0.0
11.0,2025-12-20,4.0,,0.0,0.0
11.0,2025-12-20,5.0,,154.39401395920166,196.92435704878392
11.0,2025-12-20,6.0,,725.0290645898697,769.7979631982894
11.0,2025-12-20,7.0,,674.1461912105385,646.6411740041893
11.0,2025-12-20,8.0,,949.9468074574314,983.333276973318
11.0,2025-12-20,9.0,,1043.9269832177388,1037.1701993058196
11.0,2025-12-20,10.0,,1135.6909117369826,1124.6868416248367
11.0,2025-12-20,11.0,,1441.2701595669503,1462.4200515396558
11.0,2025-12-20,12.0,,1572.0121168166684,1665.7492505309053
11.0,2025-12-20,13.0,,1585.9299959392167,1598.7985760650126
11.0,2025-12-20,14.0,,1611.2630567269505,1551.0538669641605
11.0,2025-12-20,15.0,,1603.6165185108198,1662.7485809633224
11.0,2025-12-20,16.0,,1650.6541545092416,1621.5806161515943
11.0,2025-12-20,17.0,,1757.7229691681796,1789.142262568499
11.0,2025-12-20,18.0,,1442.0962729442742,1519.6443628198354
11.0,2025-12-20,19.0,,1323.2080572221278,1332.919755210311
11.0,2025-12-20,20.0,,967.4788713856462,985.8996470152949
11.0,2025-12-20,21.0,,666.6967084350223,702.6672310591777
11.0,2025-12-20,22.0,,345.74787142212983,341.38659691582245
11.0,2025-12-20,23.0,,237.18472435561287,230.46708564409718
12.0,2025-12-20,0.0,,68.49185400875646,39.04659299007361
12.0,2025-12-20,1.0,,0.0,0.0
12.0,2025-12-20,2.0,,2.802479187359455e-34,0.0
12.0,2025-12-20,3.0,,2.802479187359455e-34,0.0
12.0,2025-12-20,4.0,,0.0,0.0
12.0,2025-12-20,5.0,,197.08922113452155,229.01976163097964
12.0,2025-12-20,6.0,,791.8096471654162,786.3526470327506
12.0,2025-12-20,7.0,,847.5483168195776,879.5139266293515
12.0,2025-12-20,8.0,,948.729576138509,923.9027176943923
12.0,2025-12-20,9.0,,1135.4375042769382,1123.2117216541963
12.0,2025-12-20,10.0,,1296.4972599065488,1274.9962498058007
12.0,2025-12-20,11.0,,1384.0865286157102,1320.8517052762397
12.0,2025-12-20,12.0,,1395.8534739219378,1383.7682338789946
12.0,2025-12-20,13.0,,1572.8002993370847,1606.7957815028533
12.0,2025-12-20,14.0,,1524.8491423060364,1465.6094580658012
12.0,2025-12-20,15.0,,1444.1928074727416,1375.8011787754028
12.0,2025-12-20,16.0,,1552.0159612979926,1539.6030461220585
12.0,2025-12-20,17.0,,1518.8786982074505,1646.6258080081195
12.0,2025-12-20,18.0,,1435.0612293324607,1466.1419246493936
12.0,2025-12-20,19.0,,1227.8515962555755,1235.6431105414006
12.0,2025-12-20,20.0,,896.351905338284,882.1007166086422
12.0,2025-12-20,21.0,,648.1295389906179,654.0739130209633
12.0,2025-12-20,22.0,,337.1494174650852,366.20748454968736
12.0,2025-12-20,23.0,,245.88028365739325,236.76745351878387
17.0,2025-12-20,0.0,,143.90425399883497,159.48746875844373
17.0,2025-12-20,1.0,,5.067443997314919,0.0
17.0,2025-12-20,2.0,,2.802479187359455e-34,0.0
17.0,2025-12-20,3.0,,2.802479187359455e-34,0.0
17.0,2025-12-20,4.0,,0.0,0.0
17.0,2025-12-20,5.0,,109.3569991529677,123.57586272825888
17.0,2025-12-20,6.0,,517.0799771223453,540.0020793157755
17.0,2025-12-20,7.0,,1102.8201425660889,1107.2907133610418
17.0,2025-12-20,8.0,,1590.0435865481388,1626.957123785894
17.0,2025-12-20,9.0,,2091.5704851415057,2131.9014767815997
17.0,2025-12-20,10.0,,2272.570257478401,2344.562438674755
17.0,2025-12-20,11.0,,2705.611489286772,2689.402502635585
17.0,2025-12-20,12.0,,2864.872861912863,2885.5447140855244
17.0,2025-12-20,13.0,,3071.943621665521,3048.964420181346
17.0,2025-12-20,14.0,,3068.715691677933,3092.207155197498
17.0,2025-12-20,15.0,,3149.2990133214626,3089.4816940667683
17.0,2025-12-20,16.0,,3176.403851608039,3240.108711377437
17.0,2025-12-20,17.0,,3068.200351802505,3061.012966005985
17.0,2025-12-20,18.0,,2725.3718830427565,2799.2892011482377
17.0,2025-12-20,19.0,,2173.0202297258147,2335.105952365188
17.0,2025-12-20,20.0,,1720.3744912449447,1851.6447208595148
17.0,2025-12-20,21.0,,1262.2560496049384,1315.6192458057942
17.0,2025-12-20,22.0,,781.3237936598968,811.6399074745601
17.0,2025-12-20,23.0,,386.80356755992926,394.0644454049446
25.0,2025-12-20,0.0,,0.0,0.0
25.0,2025-12-20,1.0,,2.802479187359455e-34,0.0
25.0,2025-12-20,2.0,,2.802479187359455e-34,0.0
25.0,2025-12-20,3.0,,2.802479187359455e-34,0.0
25.0,2025-12-20,4.0,,2.802479187359455e-34,0.0
25.0,2025-12-20,5.0,,0.02385158172331922,0.0
25.0,2025-12-20,6.0,,49.67943320241512,38.898132067784935
25.0,2025-12-20,7.0,,121.34531311933995,128.6441600223692
25.0,2025-12-20,8.0,,239.81885479368725,272.1484360810569
25.0,2025-12-20,9.0,,238.10560267472707,246.61421762375252
25.0,2025-12-20,10.0,,221.0465087905867,220.8880143951805
25.0,2025-12-20,11.0,,279.94979211903774,300.9261740836522
25.0,2025-12-20,12.0,,303.5411388678679,320.3533504137997
25.0,2025-12-20,13.0,,403.76598798941245,437.2377254454296
25.0,2025-12-20,14.0,,428.00888363676364,415.48731258393747
25.0,2025-12-20,15.0,,508.86748436183467,477.60781038126606
25.0,2025-12-20,16.0,,468.50245875377806,495.6289259092251
25.0,2025-12-20,17.0,,408.3655050669894,430.99984194110493
25.0,2025-12-20,18.0,,378.1138576349467,429.9989370907897
25.0,2025-12-20,19.0,,324.28534192975167,353.2301788310714
25.0,2025-12-20,20.0,,198.6432751636566,219.63773365641543
25.0,2025-12-20,21.0,,153.33598216772384,160.52384674850387
25.0,2025-12-20,22.0,,66.61454509369729,85.70654350679733
25.0,2025-12-20,23.0,,21.72982619361576,15.538119817157948
26.0,2025-12-20,0.0,,15.780228625455107,18.792521503747427
26.0,2025-12-20,1.0,,0.0,0.0
26.0,2025-12-20,2.0,,2.802479187359455e-34,0.0
26.0,2025-12-20,3.0,,2.802479187359455e-34,0.0
26.0,2025-12-20,4.0,,0.0,0.0
26.0,2025-12-20,5.0,,14.354333933180445,13.0112533812578
26.0,2025-12-20,6.0,,216.2804006353395,221.44938902777827
26.0,2025-12-20,7.0,,290.85598809120717,295.4081624585187
26.0,2025-12-20,8.0,,539.3649125657928,575.8302608829756
26.0,2025-12-20,9.0,,580.9709018139833,596.1778363119307
26.0,2025-12-20,10.0,,678.7068789050514,731.6384229356316
26.0,2025-12-20,11.0,,807.3107603624371,811.510333545315
26.0,2025-12-20,12.0,,831.1038069468657,845.4934577486388
26.0,2025-12-20,13.0,,891.3736331370408,858.1492369004684
26.0,2025-12-20,14.0,,846.208156197159,855.2024745703088
26.0,2025-12-20,15.0,,846.4214646904849,826.1781384008385
26.0,2025-12-20,16.0,,872.8598702574049,870.8552839107031
26.0,2025-12-20,17.0,,830.7155673946004,793.3290671753853
26.0,2025-12-20,18.0,,766.6148651900904,760.564597243872
26.0,2025-12-20,19.0,,664.075272280143,688.8466117178615
26.0,2025-12-20,20.0,,458.60993657005315,477.87591790580836
26.0,2025-12-20,21.0,,305.6945263974085,345.5261933148647
26.0,2025-12-20,22.0,,145.3047250149641,135.64005123748035
26.0,2025-12-20,23.0,,97.3419879048228,93.71965668151756
28.0,2025-12-20,0.0,,1.1027439654455586,0.0
28.0,2025-12-20,1.0,,2.802479187359455e-34,0.0
28.0,2025-12-20,2.0,,2.802479187359455e-34,0.0
28.0,2025-12-20,3.0,,2.802479187359455e-34,0.0
28.0,2025-12-20,4.0,,0.0,0.0
28.0,2025-12-20,5.0,,22.683872809802327,12.335332249546141
28.0,2025-12-20,6.0,,79.29717735702715,53.62391243757907
28.0,2025-12-20,7.0,,172.65223842866874,185.2545597019849
28.0,2025-12-20,8.0,,322.5346464676928,349.4619593871187
28.0,2025-12-20,9.0,,384.20875976321355,414.6892246843478
28.0,2025-12-20,10.0,,416.3102504648044,419.70119225283753
28.0,2025-12-20,11.0,,402.51606704310615,393.3794315154432
28.0,2025-12-20,12.0,,485.3935182114051,507.0872036635806
28.0,2025-12-20,13.0,,499.9271655536427,519.2058392328668
28.0,2025-12-20,14.0,,485.423954040587,509.8249103338608
28.0,2025-12-20,15.0,,494.835852742288,533.5906486331568
28.0,2025-12-20,16.0,,500.73730075814206,552.7288877878455
28.0,2025-12-20,17.0,,502.8594343390972,537.8546445617676
28.0,2025-12-20,18.0,,416.61770369887284,461.12115015387025
28.0,2025-12-20,19.0,,324.2513020231675,369.823861381844
28.0,2025-12-20,20.0,,271.5396590631113,344.148238590322
28.0,2025-12-20,21.0,,242.64147046122824,225.5635506544949
28.0,2025-12-20,22.0,,90.7231046180446,99.8369202843105
28.0,2025-12-20,23.0,,0.8080195074530465,0.0
50.0,2025-12-20,0.0,,35.10342427676886,29.10489923724141
50.0,2025-12-20,1.0,,0.0,0.0
50.0,2025-12-20,2.0,,0.0,0.0
50.0,2025-12-20,3.0,,2.802479187359455e-34,0.0
50.0,2025-12-20,4.0,,0.0,0.0
50.0,2025-12-20,5.0,,34.67651870415219,13.212302956816457
50.0,2025-12-20,6.0,,223.37450824925824,223.1863946340565
50.0,2025-12-20,7.0,,350.9103239703038,364.05210157407856
50.0,2025-12-20,8.0,,647.0883040054789,671.1146854086782
50.0,2025-12-20,9.0,,723.0082602445849,761.5682339177963
50.0,2025-12-20,10.0,,651.7365781666978,695.904649218131
50.0,2025-12-20,11.0,,796.6218216344251,771.7455849081538
50.0,2025-12-20,12.0,,816.838312623947,874.4572574793513
50.0,2025-12-20,13.0,,816.6392481751894,838.7231399986011
50.0,2025-12-20,14.0,,851.6777797788797,823.3171415403272
50.0,2025-12-20,15.0,,859.477109909075,863.1863533002185
50.0,2025-12-20,16.0,,870.3501393203621,844.1184876374408
50.0,2025-12-20,17.0,,914.3848585128079,890.014963438637
50.0,2025-12-20,18.0,,701.3144056924551,759.6601290815867
50.0,2025-12-20,19.0,,642.6602948317937,629.9663770235734
50.0,2025-12-20,20.0,,496.99147809491166,529.5646944545592
50.0,2025-12-20,21.0,,347.4219780867155,424.32577121127525
50.0,2025-12-20,22.0,,181.98111727263606,210.00154955028842
50.0,2025-12-20,23.0,,127.52440014844139,107.39888900934781
1.0,2025-12-21,0.0,,0.0,0.0
1.0,2025-12-21,1.0,,2.802479187359455e-34,0.0
1.0,2025-12-21,2.0,,2.802479187359455e-34,0.0
1.0,2025-12-21,3.0,,2.802479187359455e-34,0.0
1.0,2025-12-21,4.0,,0.0,2.598117033032248e-10
1.0,2025-12-21,5.0,,2.5838622081841893,0.0
1.0,2025-12-21,6.0,,81.08145603053991,99.84795372395034
1.0,2025-12-21,7.0,,186.27091146473583,209.94179324359803
1.0,2025-12-21,8.0,,266.72274916699024,295.89237927244614
1.0,2025-12-21,9.0,,484.87594666345325,518.0400893409696
1.0,2025-12-21,10.0,,572.3322709552808,568.920127947889
1.0,2025-12-21,11.0,,563.6667695086759,581.618493891733
1.0,2025-12-21,12.0,,704.1427122103729,690.5286258158752
1.0,2025-12-21,13.0,,731.9541324611638,720.7153640232467
1.0,2025-12-21,14.0,,684.317122946157,690.5730920814513
1.0,2025-12-21,15.0,,612.8425527147108,623.0213886863024
1.0,2025-12-21,16.0,,534.931030619844,559.0876613988262
1.0,2025-12-21,17.0,,507.9938693889454,494.5093794420373
1.0,2025-12-21,18.0,,422.67575778922304,431.7070364907884
1.0,2025-12-21,19.0,,362.3318593685681,373.66815090520925
1.0,2025-12-21,20.0,,269.007183097163,287.3678922176854
1.0,2025-12-21,21.0,,204.4214867620149,203.84587270004394
1.0,2025-12-21,22.0,,63.96875987747086,65.38675124848268
1.0,2025-12-21,23.0,,13.481874485823022,5.171116840052042
5.0,2025-12-21,0.0,,0.0,0.0
5.0,2025-12-21,1.0,,0.0,0.0
5.0,2025-12-21,2.0,,0.0,0.0
5.0,2025-12-21,3.0,,0.0,0.0
5.0,2025-12-21,4.0,,0.0,0.0
5.0,2025-12-21,5.0,,0.0,0.0
5.0,2025-12-21,6.0,,0.0,0.0
5.0,2025-12-21,7.0,,0.0,0.0
5.0,2025-12-21,8.0,,0.0,0.0
5.0,2025-12-21,9.0,,0.0,0.0
5.0,2025-12-21,10.0,,0.0,0.0
5.0,2025-12-21,11.0,,0.0,0.0
5.0,2025-12-21,12.0,,0.0,0.0
5.0,2025-12-21,13.0,,0.0,0.0
5.0,2025-12-21,14.0,,0.0,0.0
5.0,2025-12-21,15.0,,0.0,0.0
5.0,2025-12-21,16.0,,0.0,0.0
5.0,2025-12-21,17.0,,0.0,0.0
5.0,2025-12-21,18.0,,0.0,0.0
5.0,2025-12-21,19.0,,0.0,0.0
5.0,2025-12-21,20.0,,0.0,0.0
5.0,2025-12-21,21.0,,0.0,0.0
5.0,2025-12-21,22.0,,0.0,0.0
5.0,2025-12-21,23.0,,0.0,0.0
7.0,2025-12-21,0.0,,52.51346745018615,58.5077287072984
7.0,2025-12-21,1.0,,0.0,0.0
7.0,2025-12-21,2.0,,2.802479187359455e-34,0.0
7.0,2025-12-21,3.0,,2.802479187359455e-34,0.0
7.0,2025-12-21,4.0,,0.0,0.0
7.0,2025-12-21,5.0,,4.076246561152415,15.34257376228979
7.0,2025-12-21,6.0,,174.59706798537078,156.35829833809623
7.0,2025-12-21,7.0,,266.3888788459471,257.9363673329711
7.0,2025-12-21,8.0,,491.4180219290109,543.6217146239352
7.0,2025-12-21,9.0,,628.4072435921499,679.0893489035108
7.0,2025-12-21,10.0,,623.3441860569843,707.414233512238
7.0,2025-12-21,11.0,,812.4732766935126,884.4680698126242
7.0,2025-12-21,12.0,,1005.2099726620702,1007.6906474200734
7.0,2025-12-21,13.0,,996.224290525312,1031.7067440255883
7.0,2025-12-21,14.0,,1072.8321873403659,1133.1074418033547
7.0,2025-12-21,15.0,,987.821263421329,1022.0771632270076
7.0,2025-12-21,16.0,,961.5730931667607,961.2060898595481
7.0,2025-12-21,17.0,,1003.2483441484181,998.2374072102484
7.0,2025-12-21,18.0,,912.333599831957,934.5512182677031
7.0,2025-12-21,19.0,,747.3059004001723,819.9016555717409
7.0,2025-12-21,20.0,,525.3180873365933,583.303112260503
7.0,2025-12-21,21.0,,415.18384251535286,470.0759700589312
7.0,2025-12-21,22.0,,233.08917729968886,251.02321537166088
7.0,2025-12-21,23.0,,64.05122642529632,97.4552483727493
11.0,2025-12-21,0.0,,69.7575360365576,73.2752071309578
11.0,2025-12-21,1.0,,0.0,0.0
11.0,2025-12-21,2.0,,2.802479187359455e-34,0.0
11.0,2025-12-21,3.0,,2.802479187359455e-34,0.0
11.0,2025-12-21,4.0,,0.0,0.0
11.0,2025-12-21,5.0,,84.34528948954697,111.02752908523085
11.0,2025-12-21,6.0,,410.5582933784399,477.0423155415547
11.0,2025-12-21,7.0,,448.6233959541458,469.1608534403689
11.0,2025-12-21,8.0,,595.4900248487542,661.779117190777
11.0,2025-12-21,9.0,,818.5097528382405,853.9876039251906
11.0,2025-12-21,10.0,,948.4756701035168,952.694537786673
11.0,2025-12-21,11.0,,1266.5000974041814,1365.6067038496665
11.0,2025-12-21,12.0,,1388.8482137888623,1511.4266144871704
11.0,2025-12-21,13.0,,1406.3538762120804,1480.3118307802235
11.0,2025-12-21,14.0,,1416.1111395394094,1465.2461472763998
11.0,2025-12-21,15.0,,1449.1539869795104,1563.3693302870875
11.0,2025-12-21,16.0,,1457.6848164099217,1469.3628440566026
11.0,2025-12-21,17.0,,1587.1018816621233,1628.026358695291
11.0,2025-12-21,18.0,,1295.4678182410437,1338.0120702050904
11.0,2025-12-21,19.0,,1106.475330084386,1114.3133212277442
11.0,2025-12-21,20.0,,805.7778828911664,840.0478315318811
11.0,2025-12-21,21.0,,543.721417479189,586.8008492364929
11.0,2025-12-21,22.0,,279.82002556136115,279.54472934400036
11.0,2025-12-21,23.0,,202.61717740560601,195.14407597277835
12.0,2025-12-21,0.0,,64.84387179535734,40.24164164168681
12.0,2025-12-21,1.0,,0.0,0.0
12.0,2025-12-21,2.0,,2.802479187359455e-34,0.0
12.0,2025-12-21,3.0,,2.802479187359455e-34,0.0
12.0,2025-12-21,4.0,,0.0,0.0
12.0,2025-12-21,5.0,,115.1541253538001,131.7822900709261
12.0,2025-12-21,6.0,,437.2855189244489,423.090452743987
12.0,2025-12-21,7.0,,579.6518127983422,601.2004519059873
12.0,2025-12-21,8.0,,658.4957990442833,663.2495846390798
12.0,2025-12-21,9.0,,884.7741820590534,808.3001936569269
12.0,2025-12-21,10.0,,1082.0228906868035,1077.255849372889
12.0,2025-12-21,11.0,,1224.3411337758944,1167.5879281926025
12.0,2025-12-21,12.0,,1243.8722671814112,1251.3771584231276
12.0,2025-12-21,13.0,,1433.0565114142992,1480.2368011537785
12.0,2025-12-21,14.0,,1420.7287864939356,1346.9807543619002
12.0,2025-12-21,15.0,,1277.3283203749784,1244.3435496805412
12.0,2025-12-21,16.0,,1411.4555773995878,1414.6776407361601
12.0,2025-12-21,17.0,,1415.88862563135,1492.5375278458798
12.0,2025-12-21,18.0,,1261.5534924595052,1316.4887007942477
12.0,2025-12-21,19.0,,923.1779832951486,950.1417358575957
12.0,2025-12-21,20.0,,681.4762488364217,691.3645416184485
12.0,2025-12-21,21.0,,504.2542116629202,523.3997379800412
12.0,2025-12-21,22.0,,299.7027896161917,302.4053888787702
12.0,2025-12-21,23.0,,199.4954004651124,194.47773403576625
17.0,2025-12-21,0.0,,103.60499694548139,136.2633700491796
17.0,2025-12-21,1.0,,1.9147284602553665,1.7400573587689026
17.0,2025-12-21,2.0,,2.802479187359455e-34,0.0
17.0,2025-12-21,3.0,,2.802479187359455e-34,0.0
17.0,2025-12-21,4.0,,0.0,0.0
17.0,2025-12-21,5.0,,62.18138349527923,61.20291657167157
17.0,2025-12-21,6.0,,351.62737069750193,388.00399895841304
17.0,2025-12-21,7.0,,704.0624732728833,733.7017966734434
17.0,2025-12-21,8.0,,1181.1873533814637,1193.7262554594859
17.0,2025-12-21,9.0,,1655.1943010039113,1610.2535602205508
17.0,2025-12-21,10.0,,1943.614529658834,1962.7449322270384
17.0,2025-12-21,11.0,,2420.1534447360964,2456.10359276468
17.0,2025-12-21,12.0,,2670.743461954258,2685.824629671653
17.0,2025-12-21,13.0,,2840.642322664474,2836.9906936953043
17.0,2025-12-21,14.0,,2877.2156000903324,2901.471606031986
17.0,2025-12-21,15.0,,2898.2183881876426,2885.5754612612445
17.0,2025-12-21,16.0,,2926.5883537605955,3013.6463672489876
17.0,2025-12-21,17.0,,2793.6027042200367,2833.002867296328
17.0,2025-12-21,18.0,,2395.9026477750767,2523.442792173572
17.0,2025-12-21,19.0,,1996.609369142499,2118.506709183658
17.0,2025-12-21,20.0,,1524.4769624710307,1687.4196634864727
17.0,2025-12-21,21.0,,1093.9975901312075,1163.302713072117
17.0,2025-12-21,22.0,,677.9070163373813,707.3560038325057
17.0,2025-12-21,23.0,,279.76898439509364,307.46442424798647
25.0,2025-12-21,0.0,,0.8905102958367661,0.0
25.0,2025-12-21,1.0,,2.802479187359455e-34,0.0
25.0,2025-12-21,2.0,,2.802479187359455e-34,0.0
25.0,2025-12-21,3.0,,2.802479187359455e-34,0.0
25.0,2025-12-21,4.0,,2.802479187359455e-34,0.0
25.0,2025-12-21,5.0,,0.0,0.0
25.0,2025-12-21,6.0,,34.31775777402548,33.859333223877
25.0,2025-12-21,7.0,,77.62319397278154,89.54535308409815
25.0,2025-12-21,8.0,,140.00542461552945,174.65115534249452
25.0,2025-12-21,9.0,,164.59604150938804,168.03107204095977
25.0,2025-12-21,10.0,,159.60784494007206,158.47353685037032
25.0,2025-12-21,11.0,,200.3933753934676,210.09857993401909
25.0,2025-12-21,12.0,,254.65104244678813,258.1046455131584
25.0,2025-12-21,13.0,,337.1743548857572,354.2383035168497
25.0,2025-12-21,14.0,,355.22367027793547,362.04521103166854
25.0,2025-12-21,15.0,,432.6464062041103,417.90159416750487
25.0,2025-12-21,16.0,,398.957038789661,420.1955089457641
25.0,2025-12-21,17.0,,347.8614020271377,361.4560184777094
25.0,2025-12-21,18.0,,318.0183474883491,345.42199103616343
25.0,2025-12-21,19.0,,250.67827201306605,273.0894463891149
25.0,2025-12-21,20.0,,147.63856672562295,170.11038778174148
25.0,2025-12-21,21.0,,129.04957643190758,129.21299757768665
25.0,2025-12-21,22.0,,60.6762842004031,71.06639787810644
25.0,2025-12-21,23.0,,12.400069073458353,6.966348708209046
26.0,2025-12-21,0.0,,16.774907795223363,18.2906676259007
26.0,2025-12-21,1.0,,0.0,0.0
26.0,2025-12-21,2.0,,2.802479187359455e-34,0.0
26.0,2025-12-21,3.0,,2.802479187359455e-34,0.0
26.0,2025-12-21,4.0,,0.0,0.0
26.0,2025-12-21,5.0,,0.0,0.0
26.0,2025-12-21,6.0,,111.2091424581487,131.3784827958212
26.0,2025-12-21,7.0,,177.09472957566518,188.18201345610075
26.0,2025-12-21,8.0,,317.881595438377,367.2784308689348
26.0,2025-12-21,9.0,,407.8528917073599,410.86360827371294
26.0,2025-12-21,10.0,,457.6745484547244,479.6230773885076
26.0,2025-12-21,11.0,,634.0606131133815,606.9998019382364
26.0,2025-12-21,12.0,,671.1874264698965,675.7898869146908
26.0,2025-12-21,13.0,,719.9381178681322,721.2115719277891
26.0,2025-12-21,14.0,,691.8195704157531,713.5982647638431
26.0,2025-12-21,15.0,,666.5605674081291,669.5887855072349
26.0,2025-12-21,16.0,,673.1828983060442,714.2943984518846
26.0,2025-12-21,17.0,,657.8295136763563,636.8501788188806
26.0,2025-12-21,18.0,,598.983870642415,615.7818577907394
26.0,2025-12-21,19.0,,450.05987846816714,489.4432775661605
26.0,2025-12-21,20.0,,331.0582078882244,346.68494594314194
26.0,2025-12-21,21.0,,246.4344358412202,263.8010226604027
26.0,2025-12-21,22.0,,124.91500386805622,110.82294525790157
26.0,2025-12-21,23.0,,73.32286141995682,70.90705215790703
28.0,2025-12-21,0.0,,1.1027439654455586,0.0
28.0,2025-12-21,1.0,,2.802479187359455e-34,0.0
28.0,2025-12-21,2.0,,2.802479187359455e-34,0.0
28.0,2025-12-21,3.0,,2.802479187359455e-34,0.0
28.0,2025-12-21,4.0,,0.0,0.0
28.0,2025-12-21,5.0,,15.320392989882722,0.0
28.0,2025-12-21,6.0,,53.156931522926904,33.814243473993464
28.0,2025-12-21,7.0,,101.02214525635137,110.86433781951334
28.0,2025-12-21,8.0,,204.40159826001062,216.18598653211882
28.0,2025-12-21,9.0,,271.27110722057853,280.9305693556451
28.0,2025-12-21,10.0,,318.6776642850101,305.38744683491865
28.0,2025-12-21,11.0,,338.8423236369061,323.1447248263358
28.0,2025-12-21,12.0,,392.5539752873799,389.9349764472488
28.0,2025-12-21,13.0,,426.37890891910786,425.03459662707104
28.0,2025-12-21,14.0,,406.92826302353564,415.9484097874251
28.0,2025-12-21,15.0,,413.93706855513153,415.38510907176897
28.0,2025-12-21,16.0,,398.77134599587464,425.0039515126866
28.0,2025-12-21,17.0,,400.0381907900058,413.95951301561615
28.0,2025-12-21,18.0,,328.658918459429,362.732640892747
28.0,2025-12-21,19.0,,259.1091100392305,314.0337476545491
28.0,2025-12-21,20.0,,225.77895075175374,279.34720254171225
28.0,2025-12-21,21.0,,192.60799753300196,180.9829536220123
28.0,2025-12-21,22.0,,76.5806067135478,74.94235917688987
28.0,2025-12-21,23.0,,0.0,0.0
50.0,2025-12-21,0.0,,5.689542347790261,15.679330717498742
50.0,2025-12-21,1.0,,0.0,0.0
50.0,2025-12-21,2.0,,0.0,2.598117033032248e-10
50.0,2025-12-21,3.0,,2.802479187359455e-34,0.0
50.0,2025-12-21,4.0,,0.0,0.0
50.0,2025-12-21,5.0,,19.411924311304674,3.593527801883403
50.0,2025-12-21,6.0,,143.6785760563514,154.2894735650749
50.0,2025-12-21,7.0,,221.15906676728974,251.37381013702515
50.0,2025-12-21,8.0,,415.7324378934864,450.5852575108899
50.0,2025-12-21,9.0,,503.4437885369447,514.4763824800549
50.0,2025-12-21,10.0,,452.7242817804449,469.55914139572417
50.0,2025-12-21,11.0,,583.8547641505077,591.6704144390525
50.0,2025-12-21,12.0,,673.6728442759425,658.437399031719
50.0,2025-12-21,13.0,,725.2801869028453,694.5249067016488
50.0,2025-12-21,14.0,,723.3132478099227,696.1334436289636
50.0,2025-12-21,15.0,,683.4267547045059,683.3512376125475
50.0,2025-12-21,16.0,,713.651151655611,680.0837462670765
50.0,2025-12-21,17.0,,720.6574513990464,719.6264888522089
50.0,2025-12-21,18.0,,614.1052994288452,608.8947856482936
50.0,2025-12-21,19.0,,498.08506167166803,509.24070485727236
50.0,2025-12-21,20.0,,398.40159868057117,431.1605213362192
50.0,2025-12-21,21.0,,267.47756803965217,328.5207176112569
50.0,2025-12-21,22.0,,145.0537013050173,157.48013075611053
50.0,2025-12-21,23.0,,109.23176099044794,94.33385443793411
1.0,2025-12-22,0.0,,0.0,0.0
1.0,2025-12-22,1.0,,2.802479187359455e-34,0.0
1.0,2025-12-22,2.0,,2.802479187359455e-34,0.0
1.0,2025-12-22,3.0,,2.802479187359455e-34,0.0
1.0,2025-12-22,4.0,,0.0,0.0
1.0,2025-12-22,5.0,,115.3489826088017,106.73807462436285
1.0,2025-12-22,6.0,,503.2961091620673,500.45456664891697
1.0,2025-12-22,7.0,,1289.3992049513076,1270.811869635982
1.0,2025-12-22,8.0,,1661.614465016433,1770.3954016828068
1.0,2025-12-22,9.0,,1323.081987563098,1357.2261690005919
1.0,2025-12-22,10.0,,1193.5868187282022,1188.1868633011143
1.0,2025-12-22,11.0,,1210.8638124687413,1247.4582636676412
1.0,2025-12-22,12.0,,1263.3491591256952,1342.8938758947888
1.0,2025-12-22,13.0,,1303.195381813147,1332.979521135372
1.0,2025-12-22,14.0,,1249.7215848861822,1327.700717349886
1.0,2025-12-22,15.0,,1380.8204923710482,1350.655975718089
1.0,2025-12-22,16.0,,1344.4831552778762,1357.9994487529802
1.0,2025-12-22,17.0,,1600.0806623863364,1634.5698913832823
1.0,2025-12-22,18.0,,1613.733228896754,1625.5640015988113
1.0,2025-12-22,19.0,,1262.9771841626755,1261.1871896581042
1.0,2025-12-22,20.0,,810.0866639214292,803.7602843762537
1.0,2025-12-22,21.0,,435.4916961639089,422.45345918061963
1.0,2025-12-22,22.0,,190.60008836483703,177.43780558807015
1.0,2025-12-22,23.0,,51.40176406215677,20.351551323360606
5.0,2025-12-22,0.0,,0.0,0.0
5.0,2025-12-22,1.0,,0.0,0.0
5.0,2025-12-22,2.0,,0.0,0.0
5.0,2025-12-22,3.0,,0.0,0.0
5.0,2025-12-22,4.0,,0.0,0.0
5.0,2025-12-22,5.0,,0.0,0.0
5.0,2025-12-22,6.0,,0.0,0.0
5.0,2025-12-22,7.0,,0.0,0.0
5.0,2025-12-22,8.0,,0.0,0.0
5.0,2025-12-22,9.0,,0.0,0.0
5.0,2025-12-22,10.0,,0.0,0.0
5.0,2025-12-22,11.0,,0.0,0.0
5.0,2025-12-22,12.0,,0.0,0.0
5.0,2025-12-22,13.0,,0.0,0.0
5.0,2025-12-22,14.0,,0.0,0.0
5.0,2025-12-22,15.0,,0.0,0.0
5.0,2025-12-22,16.0,,0.0,0.0
5.0,2025-12-22,17.0,,0.0,0.0
5.0,2025-12-22,18.0,,0.0,0.0
5.0,2025-12-22,19.0,,0.0,0.0
5.0,2025-12-22,20.0,,0.0,0.0
5.0,2025-12-22,21.0,,0.0,0.0
5.0,2025-12-22,22.0,,0.0,0.0
5.0,2025-12-22,23.0,,0.0,0.0
7.0,2025-12-22,0.0,,26.777599342300757,32.71949683266881
7.0,2025-12-22,1.0,,0.0,0.0
7.0,2025-12-22,2.0,,2.802479187359455e-34,0.0
7.0,2025-12-22,3.0,,2.802479187359455e-34,0.0
7.0,2025-12-22,4.0,,0.0,0.0
7.0,2025-12-22,5.0,,158.25070165136088,177.21844044152346
7.0,2025-12-22,6.0,,638.8578051319801,666.5289246859747
7.0,2025-12-22,7.0,,1465.4945764701502,1521.4402912623889
7.0,2025-12-22,8.0,,2355.344018700562,2418.5979458954735
7.0,2025-12-22,9.0,,1683.2049663764244,1714.5441344217131
7.0,2025-12-22,10.0,,1497.6682037764535,1499.4973341344712
7.0,2025-12-22,11.0,,1334.9247717593823,1398.246682717503
7.0,2025-12-22,12.0,,1394.891891658904,1435.304183236456
7.0,2025-12-22,13.0,,1400.711348738168,1459.5797428959313
7.0,2025-12-22,14.0,,1471.242768991245,1468.4983248424378
7.0,2025-12-22,15.0,,1563.8804763911764,1634.330787506171
7.0,2025-12-22,16.0,,1687.1068524224934,1799.445356411231
7.0,2025-12-22,17.0,,2145.574934600841,2148.497351533128
7.0,2025-12-22,18.0,,2451.4921140161455,2449.2764363994793
7.0,2025-12-22,19.0,,1634.822689660651,1589.8215876034499
7.0,2025-12-22,20.0,,1007.0184456602782,987.790015015982
7.0,2025-12-22,21.0,,515.08958836232,589.8860024597403
7.0,2025-12-22,22.0,,261.24640354427754,264.4962045797422
7.0,2025-12-22,23.0,,153.4638776878122,132.95053559818297
11.0,2025-12-22,0.0,,59.48459800567242,50.65174689026563
11.0,2025-12-22,1.0,,0.0,0.0
11.0,2025-12-22,2.0,,2.802479187359455e-34,0.0
11.0,2025-12-22,3.0,,2.802479187359455e-34,0.0
11.0,2025-12-22,4.0,,0.0,0.0
11.0,2025-12-22,5.0,,258.2970656015651,277.80487822092226
11.0,2025-12-22,6.0,,1207.0920268882585,1255.6167246886218
11.0,2025-12-22,7.0,,2252.660461046094,2333.4465712474134
11.0,2025-12-22,8.0,,3081.7236256630545,3122.5905969051996
11.0,2025-12-22,9.0,,2297.7469435607272,2305.280680364789
11.0,2025-12-22,10.0,,1654.5178385986635,1746.9238414572214
11.0,2025-12-22,11.0,,1655.9385554991281,1811.1067588367412
11.0,2025-12-22,12.0,,1687.4298798197385,1697.3998886452741
11.0,2025-12-22,13.0,,1821.867689593105,2028.1922287979362
11.0,2025-12-22,14.0,,1817.302918675497,2009.686415598922
11.0,2025-12-22,15.0,,1926.1251078559553,2081.55334428937
11.0,2025-12-22,16.0,,2135.9841387720176,2165.9511684019903
11.0,2025-12-22,17.0,,2751.4135086972583,2801.244410021129
11.0,2025-12-22,18.0,,2972.0755646949724,2996.5561985372346
11.0,2025-12-22,19.0,,2169.1452459811044,2244.5253128943837
11.0,2025-12-22,20.0,,1432.5061226333535,1405.581966227376
11.0,2025-12-22,21.0,,787.3780926850045,840.0203243884229
11.0,2025-12-22,22.0,,366.252012701469,361.2547674487574
11.0,2025-12-22,23.0,,177.9038694166807,202.14072969477286
12.0,2025-12-22,0.0,,56.351227022014804,25.99790828834815
12.0,2025-12-22,1.0,,0.0,0.0
12.0,2025-12-22,2.0,,2.802479187359455e-34,0.0
12.0,2025-12-22,3.0,,2.802479187359455e-34,0.0
12.0,2025-12-22,4.0,,0.0,0.0
12.0,2025-12-22,5.0,,280.8877415062382,314.86011911097563
12.0,2025-12-22,6.0,,1263.8985864830004,1287.7816892554972
12.0,2025-12-22,7.0,,2588.858855333155,2627.50935242304
12.0,2025-12-22,8.0,,3425.378600369337,3456.978885961308
12.0,2025-12-22,9.0,,2367.75467530294,2409.907752194978
12.0,2025-12-22,10.0,,1950.705741277903,1995.6830868861518
12.0,2025-12-22,11.0,,1869.0612499025913,1935.4435159502777
12.0,2025-12-22,12.0,,2019.634094736848,1973.5710145899839
12.0,2025-12-22,13.0,,1956.9823518435358,2031.9136185178781
12.0,2025-12-22,14.0,,1987.6106723260418,1941.507946949088
12.0,2025-12-22,15.0,,2215.0580527050756,2164.954525423468
12.0,2025-12-22,16.0,,2763.5647064470204,2738.5788671823457
12.0,2025-12-22,17.0,,3002.662679535651,2973.0842719938028
12.0,2025-12-22,18.0,,3127.561475052919,3075.411548189205
12.0,2025-12-22,19.0,,2364.15192481805,2380.0690758636915
12.0,2025-12-22,20.0,,1477.7151222980006,1511.7979092265184
12.0,2025-12-22,21.0,,873.0052729208697,915.3408604040114
12.0,2025-12-22,22.0,,417.1213839048645,418.96609798524184
12.0,2025-12-22,23.0,,212.02604983171216,179.13213937126994
17.0,2025-12-22,0.0,,45.37460823067349,72.08957578261833
17.0,2025-12-22,1.0,,0.0,0.0
17.0,2025-12-22,2.0,,2.802479187359455e-34,0.0
17.0,2025-12-22,3.0,,2.802479187359455e-34,0.0
17.0,2025-12-22,4.0,,16.53094585787121,0.0
17.0,2025-12-22,5.0,,279.75217968399556,265.3151239260544
17.0,2025-12-22,6.0,,1438.315837709094,1489.2355092937464
17.0,2025-12-22,7.0,,3894.716135802875,3863.595935278893
17.0,2025-12-22,8.0,,5153.034338216982,5155.944345661322
17.0,2025-12-22,9.0,,3688.512936540499,3650.2347814769428
17.0,2025-12-22,10.0,,2878.211615379672,2844.0558016948535
17.0,2025-12-22,11.0,,2846.2658757683507,2962.435163706028
17.0,2025-12-22,12.0,,2898.240874194145,2908.1290227089926
17.0,2025-12-22,13.0,,2962.019246348014,2987.7348993800865
17.0,2025-12-22,14.0,,3028.730432471644,3046.9279816386215
17.0,2025-12-22,15.0,,3167.6316526703763,3210.5777824056286
17.0,2025-12-22,16.0,,3548.409264915295,3589.8606547116083
17.0,2025-12-22,17.0,,4365.374357944097,4329.841822496149
17.0,2025-12-22,18.0,,4705.4336640542215,4748.491472917099
17.0,2025-12-22,19.0,,3317.69721481973,3391.173459914499
17.0,2025-12-22,20.0,,2232.7633607378993,2251.4489098907648
17.0,2025-12-22,21.0,,1360.0069128211262,1415.0190841735484
17.0,2025-12-22,22.0,,718.3777313310982,726.7737346327816
17.0,2025-12-22,23.0,,304.6624138363011,313.3917945512602
25.0,2025-12-22,0.0,,0.0,0.0
25.0,2025-12-22,1.0,,2.802479187359455e-34,0.0
25.0,2025-12-22,2.0,,2.802479187359455e-34,0.0
25.0,2025-12-22,3.0,,2.802479187359455e-34,0.0
25.0,2025-12-22,4.0,,2.802479187359455e-34,0.0
25.0,2025-12-22,5.0,,0.0,0.0
25.0,2025-12-22,6.0,,149.72361585451452,136.81362505616596
25.0,2025-12-22,7.0,,489.87263421916083,487.8842127540542
25.0,2025-12-22,8.0,,774.1371455468238,799.2512510598417
25.0,2025-12-22,9.0,,420.4797742774715,385.7732686612273
25.0,2025-12-22,10.0,,301.12531387483546,290.9937984022637
25.0,2025-12-22,11.0,,319.82296653047274,329.22584149743307
25.0,2025-12-22,12.0,,317.6846472105162,310.26394103766023
25.0,2025-12-22,13.0,,409.17766857230606,416.8814230335683
25.0,2025-12-22,14.0,,348.57843897063054,359.76126187761326
25.0,2025-12-22,15.0,,428.7600693806442,428.83325749808887
25.0,2025-12-22,16.0,,557.0223585886849,588.9664451578712
25.0,2025-12-22,17.0,,589.352277991151,614.3751609059449
25.0,2025-12-22,18.0,,628.5758083906699,649.4429627553386
25.0,2025-12-22,19.0,,417.342763140362,432.3876395205731
25.0,2025-12-22,20.0,,222.1399521185957,261.5360219207282
25.0,2025-12-22,21.0,,145.21011840901,155.28637914278275
25.0,2025-12-22,22.0,,85.09411162316799,78.02517775410851
25.0,2025-12-22,23.0,,6.222667864440147,0.0
26.0,2025-12-22,0.0,,6.234819129229152,2.834417122214837
26.0,2025-12-22,1.0,,0.0,0.0
26.0,2025-12-22,2.0,,2.802479187359455e-34,0.0
26.0,2025-12-22,3.0,,2.802479187359455e-34,0.0
26.0,2025-12-22,4.0,,0.0,0.0
26.0,2025-12-22,5.0,,50.68133689902939,50.89662425860874
26.0,2025-12-22,6.0,,466.77713080234975,457.0984756320566
26.0,2025-12-22,7.0,,983.6312171512521,932.6873019375672
26.0,2025-12-22,8.0,,1901.5569246642474,1964.5272390570726
26.0,2025-12-22,9.0,,1298.5523417464317,1295.8033876843147
26.0,2025-12-22,10.0,,1071.4472229326052,1098.2911116991938
26.0,2025-12-22,11.0,,967.7848147061995,1063.1395222347899
26.0,2025-12-22,12.0,,1000.5857775232754,1010.919255972856
26.0,2025-12-22,13.0,,1074.9494473151879,1052.3097477472948
26.0,2025-12-22,14.0,,1070.646172644158,1068.1797253340087
26.0,2025-12-22,15.0,,1175.838795227168,1211.6505865828708
26.0,2025-12-22,16.0,,1366.4507805169987,1323.5262737230103
26.0,2025-12-22,17.0,,1495.3940895408336,1465.9114169311101
26.0,2025-12-22,18.0,,1653.7163366679235,1693.449709532883
26.0,2025-12-22,19.0,,1141.6542359144903,1131.4382852227964
26.0,2025-12-22,20.0,,684.0668382271812,694.548559999264
26.0,2025-12-22,21.0,,406.71323948671136,417.9297111799529
26.0,2025-12-22,22.0,,184.58727719295132,165.28361964245667
26.0,2025-12-22,23.0,,79.60826927107846,62.806677489195465
28.0,2025-12-22,0.0,,1.1027439654455586,0.0
28.0,2025-12-22,1.0,,2.802479187359455e-34,0.0
28.0,2025-12-22,2.0,,2.802479187359455e-34,0.0
28.0,2025-12-22,3.0,,2.802479187359455e-34,0.0
28.0,2025-12-22,4.0,,0.0,0.0
28.0,2025-12-22,5.0,,63.63090211655737,56.11761053621245
28.0,2025-12-22,6.0,,231.65373028443378,214.79013608937746
28.0,2025-12-22,7.0,,695.654222290349,696.3378689413827
28.0,2025-12-22,8.0,,1112.105724440084,1046.2277500026164
28.0,2025-12-22,9.0,,791.2035662994529,769.2064109954583
28.0,2025-12-22,10.0,,559.3111023282975,555.1228277564377
28.0,2025-12-22,11.0,,478.75541230163157,472.09449567555373
28.0,2025-12-22,12.0,,599.5859345270153,591.8133406528306
28.0,2025-12-22,13.0,,617.3339002822584,614.0523649997541
28.0,2025-12-22,14.0,,564.6286726451017,563.0000878829
28.0,2025-12-22,15.0,,570.1675180198304,565.4411127767466
28.0,2025-12-22,16.0,,719.9067201138572,728.2499868347974
28.0,2025-12-22,17.0,,846.5269364933739,856.6223724432336
28.0,2025-12-22,18.0,,851.9378811693863,849.0052293160213
28.0,2025-12-22,19.0,,615.5701922279151,665.3263904327708
28.0,2025-12-22,20.0,,426.04622900795306,440.4987881186839
28.0,2025-12-22,21.0,,288.1377666160296,257.94736005131693
28.0,2025-12-22,22.0,,105.4716333747282,83.62755077307638
28.0,2025-12-22,23.0,,8.493844989023664,0.0
50.0,2025-12-22,0.0,,0.0,0.0
50.0,2025-12-22,1.0,,0.0,0.0
50.0,2025-12-22,2.0,,0.0,2.598117033032248e-10
50.0,2025-12-22,3.0,,2.802479187359455e-34,0.0
50.0,2025-12-22,4.0,,0.0,0.0
50.0,2025-12-22,5.0,,68.9029857895312,54.20394158040143
50.0,2025-12-22,6.0,,490.48447664795964,492.2518796377532
50.0,2025-12-22,7.0,,1560.0419528033713,1624.3653394289468
50.0,2025-12-22,8.0,,2596.3548309912403,2637.505533625057
50.0,2025-12-22,9.0,,1999.2585906008649,2038.742762013334
50.0,2025-12-22,10.0,,1541.2604485379018,1596.3083097234314
50.0,2025-12-22,11.0,,1466.4479129889955,1509.014910365417
50.0,2025-12-22,12.0,,1350.0666475835196,1407.7804717497245
50.0,2025-12-22,13.0,,1352.2443827437296,1347.7400753063337
50.0,2025-12-22,14.0,,1330.99294459268,1308.2087816985602
50.0,2025-12-22,15.0,,1553.4448778098545,1462.959818822678
50.0,2025-12-22,16.0,,1522.4178041045645,1558.4547576961877
50.0,2025-12-22,17.0,,2194.598241298486,2217.4815210594243
50.0,2025-12-22,18.0,,2297.4969119191796,2362.607256188547
50.0,2025-12-22,19.0,,1384.586597709829,1344.067248484754
50.0,2025-12-22,20.0,,857.0614598396961,843.1238225424956
50.0,2025-12-22,21.0,,539.5686355505219,566.5929655422248
50.0,2025-12-22,22.0,,234.51495189828424,230.46101136147016
50.0,2025-12-22,23.0,,111.96755404610077,103.59855864478077
1.0,2025-12-23,0.0,,4.885408539349537,0.0
1.0,2025-12-23,1.0,,2.802479187359455e-34,0.0
1.0,2025-12-23,2.0,,2.802479187359455e-34,0.0
1.0,2025-12-23,3.0,,2.802479187359455e-34,0.0
1.0,2025-12-23,4.0,,1.7309722506521006,0.0
1.0,2025-12-23,5.0,,130.3317133750205,115.31768680235422
1.0,2025-12-23,6.0,,534.9218525417554,505.6870790949906
1.0,2025-12-23,7.0,,1379.6127060863323,1326.5206916738064
1.0,2025-12-23,8.0,,1750.6353383392766,1833.2824012458716
1.0,2025-12-23,9.0,,1428.8661283481435,1423.8679148965236
1.0,2025-12-23,10.0,,1280.9206470064194,1235.009930258754
1.0,2025-12-23,11.0,,1278.2724326463,1288.6938913487893
1.0,2025-12-23,12.0,,1298.748144472507,1382.0044009066542
1.0,2025-12-23,13.0,,1335.571404787125,1390.1643880679144
1.0,2025-12-23,14.0,,1295.04907451919,1353.5562180056284
1.0,2025-12-23,15.0,,1388.802901039185,1391.955025954157
1.0,2025-12-23,16.0,,1363.6427153604677,1367.9966610171648
1.0,2025-12-23,17.0,,1633.5682277575895,1672.7292217343315
1.0,2025-12-23,18.0,,1654.8967529403071,1671.405884328677
1.0,2025-12-23,19.0,,1281.8542336067433,1265.9795847752139
1.0,2025-12-23,20.0,,857.1909047274443,836.1444262184601
1.0,2025-12-23,21.0,,474.8198573641097,451.9310353928301
1.0,2025-12-23,22.0,,244.4305921899582,206.49166016469925
1.0,2025-12-23,23.0,,58.00217930799948,23.49790983210473
5.0,2025-12-23,0.0,,0.0,0.0
5.0,2025-12-23,1.0,,0.0,0.0
5.0,2025-12-23,2.0,,0.0,0.0
5.0,2025-12-23,3.0,,0.0,0.0
5.0,2025-12-23,4.0,,0.0,0.0
5.0,2025-12-23,5.0,,0.0,0.0
5.0,2025-12-23,6.0,,0.0,0.0
5.0,2025-12-23,7.0,,0.0,0.0
5.0,2025-12-23,8.0,,0.0,0.0
5.0,2025-12-23,9.0,,0.0,0.0
5.0,2025-12-23,10.0,,0.0,0.0
5.0,2025-12-23,11.0,,0.0,0.0
5.0,2025-12-23,12.0,,0.0,0.0
5.0,2025-12-23,13.0,,0.0,0.0
5.0,2025-12-23,14.0,,0.0,0.0
5.0,2025-12-23,15.0,,0.0,0.0
5.0,2025-12-23,16.0,,0.0,0.0
5.0,2025-12-23,17.0,,0.0,0.0
5.0,2025-12-23,18.0,,0.0,0.0
5.0,2025-12-23,19.0,,0.0,0.0
5.0,2025-12-23,20.0,,0.0,0.0
5.0,2025-12-23,21.0,,0.0,0.0
5.0,2025-12-23,22.0,,0.0,0.0
5.0,2025-12-23,23.0,,0.0,0.0
7.0,2025-12-23,0.0,,39.48778519582878,43.51877272828854
7.0,2025-12-23,1.0,,1.1156384242216344,0.0
7.0,2025-12-23,2.0,,2.802479187359455e-34,0.0
7.0,2025-12-23,3.0,,2.802479187359455e-34,0.0
7.0,2025-12-23,4.0,,0.0,0.0
7.0,2025-12-23,5.0,,193.83153376078386,184.58580952199813
7.0,2025-12-23,6.0,,702.7533349562073,696.7373693956717
7.0,2025-12-23,7.0,,1570.5039431572343,1591.1648570591958
7.0,2025-12-23,8.0,,2438.7639592675364,2512.3416520633855
7.0,2025-12-23,9.0,,1802.9180956806563,1909.594700020517
7.0,2025-12-23,10.0,,1585.383596651869,1582.786939863132
7.0,2025-12-23,11.0,,1446.0932070167878,1460.8942486241642
7.0,2025-12-23,12.0,,1510.7849322177515,1541.2801038329947
7.0,2025-12-23,13.0,,1479.8737257016273,1539.9760355561662
7.0,2025-12-23,14.0,,1575.3787678827243,1684.9189621866797
7.0,2025-12-23,15.0,,1668.4460058941831,1753.3309704072108
7.0,2025-12-23,16.0,,1768.2808251581494,1873.8913712088552
7.0,2025-12-23,17.0,,2252.012070998007,2230.8493182852408
7.0,2025-12-23,18.0,,2516.7836490686127,2565.6341363269958
7.0,2025-12-23,19.0,,1745.2108118532876,1674.6354556797246
7.0,2025-12-23,20.0,,1053.85852308517,1030.418669364276
7.0,2025-12-23,21.0,,586.8661266958095,652.0003752505603
7.0,2025-12-23,22.0,,302.69362119179857,296.67700107452384
7.0,2025-12-23,23.0,,181.72696633348204,154.79813132594825
11.0,2025-12-23,0.0,,63.57414003602999,51.327283443661536
11.0,2025-12-23,1.0,,0.0,0.0
11.0,2025-12-23,2.0,,2.802479187359455e-34,0.0
11.0,2025-12-23,3.0,,2.802479187359455e-34,0.0
11.0,2025-12-23,4.0,,2.034337957552991,0.0
11.0,2025-12-23,5.0,,277.00861855187225,299.9100861008617
11.0,2025-12-23,6.0,,1258.7805837102524,1292.3357556606124
11.0,2025-12-23,7.0,,2349.063912557247,2410.6282115396248
11.0,2025-12-23,8.0,,3118.9890109300472,3178.7457493287607
11.0,2025-12-23,9.0,,2392.8353676757306,2391.3873094485166
11.0,2025-12-23,10.0,,1818.1552324900942,1864.792824043354
11.0,2025-12-23,11.0,,1748.821290100759,1887.7682448951227
11.0,2025-12-23,12.0,,1780.192193065029,1912.5784944276804
11.0,2025-12-23,13.0,,1957.4132264330021,2118.9899014920193
11.0,2025-12-23,14.0,,1899.7817093903589,2070.1161668434843
11.0,2025-12-23,15.0,,2000.6262089973384,2139.4573166725822
11.0,2025-12-23,16.0,,2200.8632527520967,2235.611613705689
11.0,2025-12-23,17.0,,2797.607782368389,2871.2410994608003
11.0,2025-12-23,18.0,,3014.115013584808,3041.2488073181353
11.0,2025-12-23,19.0,,2248.618769778228,2321.734657849934
11.0,2025-12-23,20.0,,1459.0453263364154,1446.2284129425962
11.0,2025-12-23,21.0,,825.5820172062965,890.4928755175551
11.0,2025-12-23,22.0,,404.1780322362055,401.54225173691435
11.0,2025-12-23,23.0,,218.85965283981767,227.25582406231015
12.0,2025-12-23,0.0,,50.405808619951586,23.192324785557567
12.0,2025-12-23,1.0,,3.3960629545350924,0.0
12.0,2025-12-23,2.0,,2.802479187359455e-34,0.0
12.0,2025-12-23,3.0,,2.802479187359455e-34,0.0
12.0,2025-12-23,4.0,,7.359332323719711,0.0
12.0,2025-12-23,5.0,,311.4985145645786,322.38928118399997
12.0,2025-12-23,6.0,,1370.8447804400976,1369.4081460655955
12.0,2025-12-23,7.0,,2663.5827130913162,2675.426209021942
12.0,2025-12-23,8.0,,3476.816980169577,3502.6941165882063
12.0,2025-12-23,9.0,,2457.2106916243147,2504.6560096021685
12.0,2025-12-23,10.0,,2092.321164473371,2082.6029619602887
12.0,2025-12-23,11.0,,1980.124280664949,2064.614043192473
12.0,2025-12-23,12.0,,2101.888619982479,2153.6051430014168
12.0,2025-12-23,13.0,,2020.867831377869,2058.6116751856857
12.0,2025-12-23,14.0,,2002.3324444891216,1996.0797994167367
12.0,2025-12-23,15.0,,2232.2375348273486,2331.10849586058
12.0,2025-12-23,16.0,,2751.4817925659313,2767.875808110649
12.0,2025-12-23,17.0,,3015.419862618815,3109.3588721431265
12.0,2025-12-23,18.0,,3157.148940757877,3307.379931014908
12.0,2025-12-23,19.0,,2458.4559048231667,2453.5014154158243
12.0,2025-12-23,20.0,,1517.748253920997,1541.7999291347967
12.0,2025-12-23,21.0,,899.8935372160821,934.129025275989
12.0,2025-12-23,22.0,,469.5781561748461,467.5080371168596
12.0,2025-12-23,23.0,,234.30496287799252,220.94142794934587
17.0,2025-12-23,0.0,,94.8732049146908,87.26172352235582
17.0,2025-12-23,1.0,,10.599800351841738,3.7733210052050654
17.0,2025-12-23,2.0,,2.802479187359455e-34,0.0
17.0,2025-12-23,3.0,,2.802479187359455e-34,0.0
17.0,2025-12-23,4.0,,20.029566558852576,0.5805971114740917
17.0,2025-12-23,5.0,,305.92119804835346,303.78278837679295
17.0,2025-12-23,6.0,,1487.9741130703585,1538.7661382483668
17.0,2025-12-23,7.0,,3969.3202576692715,3914.0226145856504
17.0,2025-12-23,8.0,,5166.914705833485,5225.401220115847
17.0,2025-12-23,9.0,,3733.4236363425016,3752.4471526603747
17.0,2025-12-23,10.0,,2973.8227155938025,2977.675158455688
17.0,2025-12-23,11.0,,2876.5872292296813,3005.2484835891
17.0,2025-12-23,12.0,,2884.4447879356744,2961.9921908327283
17.0,2025-12-23,13.0,,2981.936291453395,3011.832461603531
17.0,2025-12-23,14.0,,3039.633074721777,3079.331502713834
17.0,2025-12-23,15.0,,3200.024682212804,3264.972957739728
17.0,2025-12-23,16.0,,3577.420126624315,3658.723709326691
17.0,2025-12-23,17.0,,4435.942954448172,4428.266083991032
17.0,2025-12-23,18.0,,4766.89826421855,4802.491207641792
17.0,2025-12-23,19.0,,3384.8565356319473,3436.2862339024773
17.0,2025-12-23,20.0,,2294.8516620751175,2352.625619327678
17.0,2025-12-23,21.0,,1422.4730483481333,1467.4349005675813
17.0,2025-12-23,22.0,,754.7903302619696,767.7429154223787
17.0,2025-12-23,23.0,,344.17312829972417,372.58997264311637
25.0,2025-12-23,0.0,,0.0,1.0759624167353212
25.0,2025-12-23,1.0,,2.802479187359455e-34,0.0
25.0,2025-12-23,2.0,,2.802479187359455e-34,0.0
25.0,2025-12-23,3.0,,2.802479187359455e-34,0.0
25.0,2025-12-23,4.0,,2.802479187359455e-34,0.0
25.0,2025-12-23,5.0,,6.320666724643036,0.0
25.0,2025-12-23,6.0,,162.6020238926178,131.76941769575993
25.0,2025-12-23,7.0,,488.45162693517506,489.0655368672095
25.0,2025-12-23,8.0,,817.7969337220115,834.7120236023017
25.0,2025-12-23,9.0,,445.5144589054206,418.68561624554195
25.0,2025-12-23,10.0,,344.6209985125882,330.30763201518863
25.0,2025-12-23,11.0,,342.55141057205645,339.2020762378405
25.0,2025-12-23,12.0,,351.06426273469174,330.56262109141005
25.0,2025-12-23,13.0,,425.7219594230379,436.6758278782803
25.0,2025-12-23,14.0,,379.9019030829419,384.7758620165892
25.0,2025-12-23,15.0,,481.0130138719378,471.7047266649046
25.0,2025-12-23,16.0,,570.9556916170629,615.4978551879909
25.0,2025-12-23,17.0,,618.5915815182328,642.6714532759397
25.0,2025-12-23,18.0,,658.712176550581,681.7419102145745
25.0,2025-12-23,19.0,,445.6412916208967,465.3585855187838
25.0,2025-12-23,20.0,,283.1711772743475,287.77628701438437
25.0,2025-12-23,21.0,,174.22682813581716,170.58246139061393
25.0,2025-12-23,22.0,,101.41323181814104,84.62847007469439
25.0,2025-12-23,23.0,,9.757073624405521,0.0
26.0,2025-12-23,0.0,,25.402640732015158,7.2700147963611474
26.0,2025-12-23,1.0,,5.963654768512685,0.0
26.0,2025-12-23,2.0,,2.802479187359455e-34,0.0
26.0,2025-12-23,3.0,,2.802479187359455e-34,0.0
26.0,2025-12-23,4.0,,0.0,0.0
26.0,2025-12-23,5.0,,71.76417801327,68.02984184228033
26.0,2025-12-23,6.0,,500.113816638854,479.5054429583568
26.0,2025-12-23,7.0,,1038.793753072522,958.4220900412198
26.0,2025-12-23,8.0,,2001.495660399746,2055.1771108227276
26.0,2025-12-23,9.0,,1362.0756735983646,1322.7530826985826
26.0,2025-12-23,10.0,,1137.9508815169359,1159.2699776935515
26.0,2025-12-23,11.0,,1030.2780147498345,1112.2825942292238
26.0,2025-12-23,12.0,,1060.6021967567713,1090.2606418210164
26.0,2025-12-23,13.0,,1090.8478025311492,1079.6166917918342
26.0,2025-12-23,14.0,,1101.6642984423092,1126.8230399815436
26.0,2025-12-23,15.0,,1228.3703906868786,1259.066464611493
26.0,2025-12-23,16.0,,1379.0350680184365,1392.7407582669498
26.0,2025-12-23,17.0,,1558.08207228568,1536.93088083009
26.0,2025-12-23,18.0,,1738.4625711034896,1748.2306881530844
26.0,2025-12-23,19.0,,1162.7467818419425,1158.544182918234
26.0,2025-12-23,20.0,,737.5177707661534,740.7386144701846
26.0,2025-12-23,21.0,,456.54857668118564,456.6231894642324
26.0,2025-12-23,22.0,,203.61498987219198,177.9148694002818
26.0,2025-12-23,23.0,,89.40107267847364,87.94215247735444
28.0,2025-12-23,0.0,,1.1027439654455586,0.0
28.0,2025-12-23,1.0,,2.802479187359455e-34,0.0
28.0,2025-12-23,2.0,,2.802479187359455e-34,0.0
28.0,2025-12-23,3.0,,2.802479187359455e-34,0.0
28.0,2025-12-23,4.0,,0.0,0.0
28.0,2025-12-23,5.0,,80.37328760484179,64.56907385548818
28.0,2025-12-23,6.0,,251.68038985556962,238.62189418650846
28.0,2025-12-23,7.0,,756.2048833597578,718.5110026546175
28.0,2025-12-23,8.0,,1153.1869561431463,1088.5148108840547
28.0,2025-12-23,9.0,,835.5252787647332,796.5907079077741
28.0,2025-12-23,10.0,,614.7677009233387,593.8927599036473
28.0,2025-12-23,11.0,,554.9842542358768,516.3497144143959
28.0,2025-12-23,12.0,,644.3845096385667,637.4915051164998
28.0,2025-12-23,13.0,,656.4791450163509,663.1611313749894
28.0,2025-12-23,14.0,,607.8632518385883,597.9520405136954
28.0,2025-12-23,15.0,,614.3047411076204,618.0231859208604
28.0,2025-12-23,16.0,,794.1467861547579,793.8019904992783
28.0,2025-12-23,17.0,,904.9810007544845,908.9235790345334
28.0,2025-12-23,18.0,,883.619093146151,854.1584770680503
28.0,2025-12-23,19.0,,641.5818270163155,659.2227878662109
28.0,2025-12-23,20.0,,467.42835648178806,459.3562526330913
28.0,2025-12-23,21.0,,313.85472720855387,274.376631236079
28.0,2025-12-23,22.0,,144.58988323175586,108.42056306600385
28.0,2025-12-23,23.0,,18.737864610904133,1.623057429863582
50.0,2025-12-23,0.0,,22.132988580001076,32.92163289250545
50.0,2025-12-23,1.0,,2.350987876987827,0.0
50.0,2025-12-23,2.0,,0.0,0.0
50.0,2025-12-23,3.0,,2.802479187359455e-34,0.0
50.0,2025-12-23,4.0,,0.0,0.0
50.0,2025-12-23,5.0,,76.18817022920469,56.90940097353017
50.0,2025-12-23,6.0,,545.6804246056346,527.469165281077
50.0,2025-12-23,7.0,,1658.3164323198016,1688.3404458257623
50.0,2025-12-23,8.0,,2641.4131190682015,2662.828744977958
50.0,2025-12-23,9.0,,2098.0135385049016,2102.6612611378923
50.0,2025-12-23,10.0,,1631.5214697842928,1658.7209251074676
50.0,2025-12-23,11.0,,1542.163240831477,1546.9064609500197
50.0,2025-12-23,12.0,,1459.0276468640532,1488.178832866799
50.0,2025-12-23,13.0,,1412.3653014309891,1399.1230540468123
50.0,2025-12-23,14.0,,1342.7657971040924,1329.355340886602
50.0,2025-12-23,15.0,,1629.2025446182354,1560.2340623561297
50.0,2025-12-23,16.0,,1617.8403291115699,1632.7124519986617
50.0,2025-12-23,17.0,,2267.8709117587573,2293.0264354018987
50.0,2025-12-23,18.0,,2355.8195954528187,2378.5219227901757
50.0,2025-12-23,19.0,,1463.2841216181685,1385.3183819472415
50.0,2025-12-23,20.0,,900.7166651390298,894.0831300983393
50.0,2025-12-23,21.0,,587.2600378002948,594.8144784056549
50.0,2025-12-23,22.0,,271.51507064308703,252.19986181936764
50.0,2025-12-23,23.0,,144.13423555486239,127.2920268108216
1.0,2025-12-24,0.0,,0.0,0.0
1.0,2025-12-24,1.0,,2.802479187359455e-34,0.0
1.0,2025-12-24,2.0,,2.802479187359455e-34,0.0
1.0,2025-12-24,3.0,,2.802479187359455e-34,0.0
1.0,2025-12-24,4.0,,4.542850480341065,0.0
1.0,2025-12-24,5.0,,146.17630126169968,129.37154737788345
1.0,2025-12-24,6.0,,563.2780325729589,510.71300092192126
1.0,2025-12-24,7.0,,1380.8406181340465,1331.188773364362
1.0,2025-12-24,8.0,,1761.1742990026694,1831.8824151618924
1.0,2025-12-24,9.0,,1405.9525222052594,1425.5070890847362
1.0,2025-12-24,10.0,,1263.3456628990837,1243.565475306076
1.0,2025-12-24,11.0,,1271.5194016135467,1283.9621936964065
1.0,2025-12-24,12.0,,1301.0725428393666,1386.0486730831108
1.0,2025-12-24,13.0,,1336.9299578595023,1398.9631282152425
1.0,2025-12-24,14.0,,1295.9871615266386,1372.6926867874613
1.0,2025-12-24,15.0,,1413.8158637175507,1397.5489140402735
1.0,2025-12-24,16.0,,1347.211106840881,1370.5226033138406
1.0,2025-12-24,17.0,,1607.1845244305325,1658.0192014945094
1.0,2025-12-24,18.0,,1632.6742237220808,1675.7584375141225
1.0,2025-12-24,19.0,,1260.1265467328483,1266.7958117381652
1.0,2025-12-24,20.0,,822.2656385116034,830.7335278224467
1.0,2025-12-24,21.0,,456.08458345758766,442.61128541323046
1.0,2025-12-24,22.0,,226.67628359350832,192.92291892238075
1.0,2025-12-24,23.0,,35.13740424504456,13.021236373545925
5.0,2025-12-24,0.0,,0.0,0.0
5.0,2025-12-24,1.0,,0.0,0.0
5.0,2025-12-24,2.0,,0.0,0.0
5.0,2025-12-24,3.0,,0.0,0.0
5.0,2025-12-24,4.0,,0.0,0.0
5.0,2025-12-24,5.0,,0.0,0.0
5.0,2025-12-24,6.0,,0.0,0.0
5.0,2025-12-24,7.0,,0.0,0.0
5.0,2025-12-24,8.0,,0.0,0.0
5.0,2025-12-24,9.0,,0.0,0.0
5.0,2025-12-24,10.0,,0.0,0.0
5.0,2025-12-24,11.0,,0.0,0.0
5.0,2025-12-24,12.0,,0.0,0.0
5.0,2025-12-24,13.0,,0.0,0.0
5.0,2025-12-24,14.0,,0.0,0.0
5.0,2025-12-24,15.0,,0.0,0.0
5.0,2025-12-24,16.0,,0.0,0.0
5.0,2025-12-24,17.0,,0.0,0.0
5.0,2025-12-24,18.0,,0.0,0.0
5.0,2025-12-24,19.0,,0.0,0.0
5.0,2025-12-24,20.0,,0.0,0.0
5.0,2025-12-24,21.0,,0.0,0.0
5.0,2025-12-24,22.0,,0.0,0.0
5.0,2025-12-24,23.0,,0.0,0.0
7.0,2025-12-24,0.0,,49.116832658772836,41.8681385401074
7.0,2025-12-24,1.0,,0.0,0.0
7.0,2025-12-24,2.0,,2.802479187359455e-34,0.0
7.0,2025-12-24,3.0,,2.802479187359455e-34,0.0
7.0,2025-12-24,4.0,,0.0,0.0
7.0,2025-12-24,5.0,,184.63212159290188,190.92608732792732
7.0,2025-12-24,6.0,,694.6287503425228,719.9085506269195
7.0,2025-12-24,7.0,,1540.0845025009362,1580.5758504463706
7.0,2025-12-24,8.0,,2429.9652791565145,2481.5744135510135
7.0,2025-12-24,9.0,,1799.9625185581262,1907.2841580963327
7.0,2025-12-24,10.0,,1577.8448505548133,1574.3456765502135
7.0,2025-12-24,11.0,,1425.2887083082535,1460.3094307799036
7.0,2025-12-24,12.0,,1476.840018813021,1537.8728265630823
7.0,2025-12-24,13.0,,1442.4317771058354,1530.351209934686
7.0,2025-12-24,14.0,,1539.5037245951296,1666.1177453830928
7.0,2025-12-24,15.0,,1631.7952926371113,1747.214067912578
7.0,2025-12-24,16.0,,1737.7940936329667,1870.8146682204883
7.0,2025-12-24,17.0,,2231.5849338726216,2223.4291049054095
7.0,2025-12-24,18.0,,2477.1450377540227,2481.3148124610548
7.0,2025-12-24,19.0,,1697.6250539355344,1662.6489091948736
7.0,2025-12-24,20.0,,1025.3972150898503,1019.9521019200057
7.0,2025-12-24,21.0,,547.9598038709889,630.9653263517156
7.0,2025-12-24,22.0,,259.9692689043285,285.8538459584198
7.0,2025-12-24,23.0,,178.64929977858304,147.4501267598796
11.0,2025-12-24,0.0,,66.33847620586957,48.99866961423844
11.0,2025-12-24,1.0,,0.0,0.0
11.0,2025-12-24,2.0,,2.802479187359455e-34,0.0
11.0,2025-12-24,3.0,,2.802479187359455e-34,0.0
11.0,2025-12-24,4.0,,0.0,0.0
11.0,2025-12-24,5.0,,268.6957939674275,298.6365482139986
11.0,2025-12-24,6.0,,1253.1140606304461,1291.6469845607307
11.0,2025-12-24,7.0,,2331.3117842711667,2398.8537076811267
11.0,2025-12-24,8.0,,3116.727289848513,3165.888692421122
11.0,2025-12-24,9.0,,2386.7092276299077,2461.2105935519317
11.0,2025-12-24,10.0,,1831.7788973286622,1859.6294301061398
11.0,2025-12-24,11.0,,1743.6519087985716,1884.9074115103
11.0,2025-12-24,12.0,,1778.855141074265,1790.7998311906485
11.0,2025-12-24,13.0,,1934.50572017731,2119.5696009390613
11.0,2025-12-24,14.0,,1897.1842800097513,2058.9109091174837
11.0,2025-12-24,15.0,,1963.4255462458636,2128.7130537450344
11.0,2025-12-24,16.0,,2171.9668703175603,2230.7799002722904
11.0,2025-12-24,17.0,,2768.981268544278,2846.346505533064
11.0,2025-12-24,18.0,,2997.0409602297236,3021.9761501339
11.0,2025-12-24,19.0,,2223.409611950044,2311.9666521371682
11.0,2025-12-24,20.0,,1447.8934241422623,1445.9174944812494
11.0,2025-12-24,21.0,,808.6006968062419,880.441740988693
11.0,2025-12-24,22.0,,373.1189925182321,383.80125472532507
11.0,2025-12-24,23.0,,225.68096894149286,218.33871925643672
12.0,2025-12-24,0.0,,60.01786656550907,26.839898777931065
12.0,2025-12-24,1.0,,0.0,0.0
12.0,2025-12-24,2.0,,2.802479187359455e-34,0.0
12.0,2025-12-24,3.0,,2.802479187359455e-34,0.0
12.0,2025-12-24,4.0,,2.4685719933661363,0.0
12.0,2025-12-24,5.0,,314.3535256162526,320.84977032889253
12.0,2025-12-24,6.0,,1391.9497618267194,1361.0676248307627
12.0,2025-12-24,7.0,,2666.955321883748,2675.3276688098567
12.0,2025-12-24,8.0,,3469.4088246436277,3482.164449127187
12.0,2025-12-24,9.0,,2482.488870806204,2495.0417777594575
12.0,2025-12-24,10.0,,2077.269170918174,2087.2156686655185
12.0,2025-12-24,11.0,,2001.1388968207661,2040.2048594516648
12.0,2025-12-24,12.0,,2072.437551711819,2019.4589813210243
12.0,2025-12-24,13.0,,2016.5900563671235,2030.9276608550426
12.0,2025-12-24,14.0,,2003.7508581815598,1998.0254740918613
12.0,2025-12-24,15.0,,2250.7966929232293,2220.782929944461
12.0,2025-12-24,16.0,,2770.3655298333056,2762.1623808656204
12.0,2025-12-24,17.0,,3019.280742334937,2997.986801023859
12.0,2025-12-24,18.0,,3127.9570527554774,3099.006786381429
12.0,2025-12-24,19.0,,2433.1250115611433,2430.4466828284144
12.0,2025-12-24,20.0,,1494.625846583686,1532.758645347328
12.0,2025-12-24,21.0,,905.3557494245796,929.0593524122652
12.0,2025-12-24,22.0,,445.657347771235,450.10660527797796
12.0,2025-12-24,23.0,,243.45970629476125,216.9876282833474
17.0,2025-12-24,0.0,,97.9522944802075,88.77737361317561
17.0,2025-12-24,1.0,,2.509035790835338,0.9573797151585317
17.0,2025-12-24,2.0,,2.802479187359455e-34,0.0
17.0,2025-12-24,3.0,,2.802479187359455e-34,0.0
17.0,2025-12-24,4.0,,21.46967632963677,0.0
17.0,2025-12-24,5.0,,317.9331788675245,305.8390223885296
17.0,2025-12-24,6.0,,1477.3094011408748,1528.610668644509
17.0,2025-12-24,7.0,,3954.0107348822344,3884.815737718677
17.0,2025-12-24,8.0,,5166.929669763403,5149.127621503702
17.0,2025-12-24,9.0,,3714.1116939128565,3716.9016030481553
17.0,2025-12-24,10.0,,2961.7442379704794,2984.2589815071547
17.0,2025-12-24,11.0,,2886.9251607809965,3012.890781333887
17.0,2025-12-24,12.0,,2896.2883540021085,2954.502205761962
17.0,2025-12-24,13.0,,2977.6870524808105,3011.684946286854
17.0,2025-12-24,14.0,,3056.9561595150467,3081.6611596452212
17.0,2025-12-24,15.0,,3204.0410712625912,3262.808522496333
17.0,2025-12-24,16.0,,3565.216313299061,3632.5573350342406
17.0,2025-12-24,17.0,,4396.687006266899,4367.710418224444
17.0,2025-12-24,18.0,,4715.898384765617,4775.728282953762
17.0,2025-12-24,19.0,,3312.5334199259532,3414.8383953344114
17.0,2025-12-24,20.0,,2262.73748868273,2318.318621330331
17.0,2025-12-24,21.0,,1420.8143482429275,1481.4843940301039
17.0,2025-12-24,22.0,,731.3111158646753,764.0321009073617
17.0,2025-12-24,23.0,,346.1833954417981,373.7498064459321
25.0,2025-12-24,0.0,,0.0,0.39482424929573623
25.0,2025-12-24,1.0,,2.802479187359455e-34,0.0
25.0,2025-12-24,2.0,,2.802479187359455e-34,0.0
25.0,2025-12-24,3.0,,2.802479187359455e-34,0.0
25.0,2025-12-24,4.0,,2.802479187359455e-34,0.0
25.0,2025-12-24,5.0,,16.26595465741671,0.0
25.0,2025-12-24,6.0,,167.41873215222637,126.07561899486585
25.0,2025-12-24,7.0,,496.64849709423504,493.9167604969949
25.0,2025-12-24,8.0,,815.2899700092388,828.9829011249461
25.0,2025-12-24,9.0,,431.21704869257604,418.53414914711794
25.0,2025-12-24,10.0,,335.7789504947809,321.5337512188724
25.0,2025-12-24,11.0,,338.27665760184254,340.04436078000157
25.0,2025-12-24,12.0,,344.11194753810224,333.2538004902302
25.0,2025-12-24,13.0,,440.77834867273145,436.90744611666764
25.0,2025-12-24,14.0,,380.9350011661334,380.25239935794076
25.0,2025-12-24,15.0,,463.36058918656363,475.0833024939907
25.0,2025-12-24,16.0,,571.9741797607363,601.1931618510856
25.0,2025-12-24,17.0,,616.3992136468827,635.1350159799127
25.0,2025-12-24,18.0,,657.3503093472694,675.0104142825672
25.0,2025-12-24,19.0,,444.43950082539936,464.71846175677155
25.0,2025-12-24,20.0,,275.5591134539946,277.18250613850404
25.0,2025-12-24,21.0,,180.31891530805822,161.86309615999323
25.0,2025-12-24,22.0,,81.45752602045498,78.01951167691752
25.0,2025-12-24,23.0,,5.814577594845131,0.0
26.0,2025-12-24,0.0,,21.16896664400905,15.310412487055244
26.0,2025-12-24,1.0,,9.23450198701665,0.0
26.0,2025-12-24,2.0,,2.802479187359455e-34,0.0
26.0,2025-12-24,3.0,,2.802479187359455e-34,0.0
26.0,2025-12-24,4.0,,3.0135708041988076,0.0
26.0,2025-12-24,5.0,,89.23840600284925,89.1006637330855
26.0,2025-12-24,6.0,,495.0868624548179,467.1624860127544
26.0,2025-12-24,7.0,,1036.5686701840195,951.8735848853158
26.0,2025-12-24,8.0,,2018.3529628578735,2052.187907026926
26.0,2025-12-24,9.0,,1349.6873768864389,1321.191646567877
26.0,2025-12-24,10.0,,1129.1903789534092,1151.7377835767697
26.0,2025-12-24,11.0,,1011.7406957770038,1108.1868585709617
26.0,2025-12-24,12.0,,1041.1726288475938,1040.1054306776782
26.0,2025-12-24,13.0,,1069.6967676357542,1072.6641033506805
26.0,2025-12-24,14.0,,1112.559544076834,1117.0373933113801
26.0,2025-12-24,15.0,,1200.264070666235,1258.0353749320388
26.0,2025-12-24,16.0,,1362.929853709061,1381.745268904661
26.0,2025-12-24,17.0,,1536.0932905198536,1532.4363347192154
26.0,2025-12-24,18.0,,1725.5967258250212,1733.9341813904457
26.0,2025-12-24,19.0,,1136.251191476674,1137.272942669913
26.0,2025-12-24,20.0,,693.068031334684,710.6821222382423
26.0,2025-12-24,21.0,,437.8769300212023,448.6973176297049
26.0,2025-12-24,22.0,,163.26935573802007,167.5139521815155
26.0,2025-12-24,23.0,,91.74273476164221,83.47665729028024
28.0,2025-12-24,0.0,,1.1027439654455586,0.0
28.0,2025-12-24,1.0,,2.802479187359455e-34,0.0
28.0,2025-12-24,2.0,,2.802479187359455e-34,0.0
28.0,2025-12-24,3.0,,2.802479187359455e-34,0.0
28.0,2025-12-24,4.0,,0.0,0.0
28.0,2025-12-24,5.0,,78.4232154257133,58.07661187938561
28.0,2025-12-24,6.0,,268.2504905873533,230.52621535126082
28.0,2025-12-24,7.0,,741.7307766858156,721.6350404702767
28.0,2025-12-24,8.0,,1156.3802397096908,1088.1294227338587
28.0,2025-12-24,9.0,,831.2601449119708,802.1595353783904
28.0,2025-12-24,10.0,,606.524396895605,587.4779479762466
28.0,2025-12-24,11.0,,543.4096162316258,499.88642620645464
28.0,2025-12-24,12.0,,648.6022724713378,634.2727642639584
28.0,2025-12-24,13.0,,651.4559343546388,659.1069405355278
28.0,2025-12-24,14.0,,590.5673337859259,598.1828467423474
28.0,2025-12-24,15.0,,603.731780411988,608.1646550929672
28.0,2025-12-24,16.0,,797.5374475550663,786.5693617234275
28.0,2025-12-24,17.0,,897.6925673077593,900.7935333009638
28.0,2025-12-24,18.0,,866.6951696230334,856.6397513354403
28.0,2025-12-24,19.0,,627.7809711432898,660.704120049384
28.0,2025-12-24,20.0,,452.2760717808321,456.3062008106074
28.0,2025-12-24,21.0,,304.78841128396124,268.8283881783529
28.0,2025-12-24,22.0,,127.95773934903536,104.58243352476474
28.0,2025-12-24,23.0,,19.058565565188523,0.0
50.0,2025-12-24,0.0,,19.430122634337113,26.416286976772138
50.0,2025-12-24,1.0,,12.277029521988856,0.0
50.0,2025-12-24,2.0,,0.0,0.0
50.0,2025-12-24,3.0,,2.802479187359455e-34,0.0
50.0,2025-12-24,4.0,,0.0,0.0
50.0,2025-12-24,5.0,,80.48825699431418,64.19030890917749
50.0,2025-12-24,6.0,,526.8185803010957,507.54093177092983
50.0,2025-12-24,7.0,,1663.081141297494,1678.0607917469779
50.0,2025-12-24,8.0,,2635.520030807025,2662.392155556129
50.0,2025-12-24,9.0,,2081.7814501369157,2098.4690043862115
50.0,2025-12-24,10.0,,1607.7210629716656,1649.0741052506255
50.0,2025-12-24,11.0,,1527.8449836779268,1535.2129732201925
50.0,2025-12-24,12.0,,1440.3952596582392,1480.6913830444034
50.0,2025-12-24,13.0,,1414.2795744554903,1425.3725481969316
50.0,2025-12-24,14.0,,1325.7286603346884,1323.6787359889008
50.0,2025-12-24,15.0,,1606.3374975937975,1558.0157088397423
50.0,2025-12-24,16.0,,1608.2915354063355,1610.8338593207923
50.0,2025-12-24,17.0,,2269.54880984895,2285.854148796831
50.0,2025-12-24,18.0,,2329.0563678616,2367.790340998873
50.0,2025-12-24,19.0,,1452.5855811483807,1379.7252478009138
50.0,2025-12-24,20.0,,879.9191167276464,871.7750577376468
50.0,2025-12-24,21.0,,578.1400513031383,586.5141504114304
50.0,2025-12-24,22.0,,250.8096048533499,238.14845771207936
50.0,2025-12-24,23.0,,140.92753727247958,118.19240557157518
1.0,2025-12-25,0.0,,0.0,0.0
1.0,2025-12-25,1.0,,2.802479187359455e-34,0.0
1.0,2025-12-25,2.0,,2.802479187359455e-34,0.0
1.0,2025-12-25,3.0,,2.802479187359455e-34,0.0
1.0,2025-12-25,4.0,,0.0,0.0
1.0,2025-12-25,5.0,,104.83911420285938,110.59519962019412
1.0,2025-12-25,6.0,,519.1346774605028,494.66884705670685
1.0,2025-12-25,7.0,,1353.3418988483138,1317.3485283222167
1.0,2025-12-25,8.0,,1725.858159449844,1820.533865868082
1.0,2025-12-25,9.0,,1398.4358111764777,1405.43850820713
1.0,2025-12-25,10.0,,1283.9347573517475,1244.9952506156371
1.0,2025-12-25,11.0,,1294.3581655783566,1324.0394166128683
1.0,2025-12-25,12.0,,1298.1521110451101,1398.4564506259355
1.0,2025-12-25,13.0,,1348.4268605011227,1403.9882664173613
1.0,2025-12-25,14.0,,1310.3406610934433,1377.2609844594524
1.0,2025-12-25,15.0,,1415.4464618889633,1425.0705072552214
1.0,2025-12-25,16.0,,1359.9773195471173,1389.2048721708252
1.0,2025-12-25,17.0,,1628.9475195190123,1669.3808511571235
1.0,2025-12-25,18.0,,1641.5725612478502,1665.1501617810925
1.0,2025-12-25,19.0,,1258.6067239982967,1269.1563353061556
1.0,2025-12-25,20.0,,839.2717795238891,833.9751530788304
1.0,2025-12-25,21.0,,449.8919871867348,453.6603702020886
1.0,2025-12-25,22.0,,226.208631401169,200.0877241405738
1.0,2025-12-25,23.0,,40.56389639375229,26.363759282329998
5.0,2025-12-25,0.0,,0.0,0.0
5.0,2025-12-25,1.0,,0.0,0.0
5.0,2025-12-25,2.0,,0.0,0.0
5.0,2025-12-25,3.0,,0.0,0.0
5.0,2025-12-25,4.0,,0.0,0.0
5.0,2025-12-25,5.0,,0.0,0.0
5.0,2025-12-25,6.0,,0.0,0.0
5.0,2025-12-25,7.0,,0.0,0.0
5.0,2025-12-25,8.0,,0.0,0.0
5.0,2025-12-25,9.0,,0.0,0.0
5.0,2025-12-25,10.0,,0.0,0.0
5.0,2025-12-25,11.0,,0.0,0.0
5.0,2025-12-25,12.0,,0.0,0.0
5.0,2025-12-25,13.0,,0.0,0.0
5.0,2025-12-25,14.0,,0.0,0.0
5.0,2025-12-25,15.0,,0.0,0.0
5.0,2025-12-25,16.0,,0.0,0.0
5.0,2025-12-25,17.0,,0.0,0.0
5.0,2025-12-25,18.0,,0.0,0.0
5.0,2025-12-25,19.0,,0.0,0.0
5.0,2025-12-25,20.0,,0.0,0.0
5.0,2025-12-25,21.0,,0.0,0.0
5.0,2025-12-25,22.0,,0.0,0.0
5.0,2025-12-25,23.0,,0.0,0.0
7.0,2025-12-25,0.0,,31.2923827142938,40.60834526658546
7.0,2025-12-25,1.0,,0.0972903059494039,0.0
7.0,2025-12-25,2.0,,2.802479187359455e-34,0.0
7.0,2025-12-25,3.0,,2.802479187359455e-34,0.0
7.0,2025-12-25,4.0,,0.0,0.0
7.0,2025-12-25,5.0,,165.60559938633858,186.01577169750615
7.0,2025-12-25,6.0,,689.508641528703,717.8841111624278
7.0,2025-12-25,7.0,,1518.5759935581732,1582.1814532852543
7.0,2025-12-25,8.0,,2390.105776326974,2470.5411950799535
7.0,2025-12-25,9.0,,1785.5170997191847,1909.6061277096323
7.0,2025-12-25,10.0,,1545.0677773960456,1576.3462144697837
7.0,2025-12-25,11.0,,1389.3501693216285,1442.1995930245441
7.0,2025-12-25,12.0,,1501.6780360329815,1534.0625133889284
7.0,2025-12-25,13.0,,1442.9790355109608,1540.0837594752231
7.0,2025-12-25,14.0,,1525.007178768314,1571.4718497416238
7.0,2025-12-25,15.0,,1615.0807744822225,1747.2380324385945
7.0,2025-12-25,16.0,,1746.3605179349488,1891.3365736500332
7.0,2025-12-25,17.0,,2217.260875098542,2217.1701277326224
7.0,2025-12-25,18.0,,2503.5860263687505,2468.4532717534344
7.0,2025-12-25,19.0,,1723.8370320528488,1671.2271144424942
7.0,2025-12-25,20.0,,1026.3992364559222,1011.886671655298
7.0,2025-12-25,21.0,,548.3782140855733,659.670872085391
7.0,2025-12-25,22.0,,260.1397777036103,295.3376310780365
7.0,2025-12-25,23.0,,152.2299493034004,153.0088645488231
11.0,2025-12-25,0.0,,42.82001063435168,49.23910457891278
11.0,2025-12-25,1.0,,0.0,0.0
11.0,2025-12-25,2.0,,2.802479187359455e-34,0.0
11.0,2025-12-25,3.0,,2.802479187359455e-34,0.0
11.0,2025-12-25,4.0,,0.0,0.0
11.0,2025-12-25,5.0,,244.77707395983444,291.7288824077868
11.0,2025-12-25,6.0,,1216.1109492928342,1276.6266349785737
11.0,2025-12-25,7.0,,2308.8695121837104,2386.8407724119947
11.0,2025-12-25,8.0,,3097.007758866102,3160.7859215301783
11.0,2025-12-25,9.0,,2394.730623155414,2466.8263212107863
11.0,2025-12-25,10.0,,1848.0400516199736,1885.3399627156457
11.0,2025-12-25,11.0,,1768.0988059095216,1899.6137463293078
11.0,2025-12-25,12.0,,1827.4880854793682,1815.174504828313
11.0,2025-12-25,13.0,,1985.5081654113783,2126.1244658103915
11.0,2025-12-25,14.0,,1960.372944451587,2090.1737771846883
11.0,2025-12-25,15.0,,2006.7814997526139,2153.908819050263
11.0,2025-12-25,16.0,,2176.606443394942,2244.91183200922
11.0,2025-12-25,17.0,,2783.755736105385,2812.376818077215
11.0,2025-12-25,18.0,,2987.7062492501914,3022.3408269226034
11.0,2025-12-25,19.0,,2246.1052292221448,2305.0862430818756
11.0,2025-12-25,20.0,,1440.9182673707012,1460.482378525027
11.0,2025-12-25,21.0,,850.5562684612739,899.2586546409225
11.0,2025-12-25,22.0,,395.3786490141785,403.598504572226
11.0,2025-12-25,23.0,,221.8494432659351,241.74672970973242
12.0,2025-12-25,0.0,,33.9010034457144,25.197644654056884
12.0,2025-12-25,1.0,,0.0,0.0
12.0,2025-12-25,2.0,,2.802479187359455e-34,0.0
12.0,2025-12-25,3.0,,2.802479187359455e-34,0.0
12.0,2025-12-25,4.0,,0.0,0.0
12.0,2025-12-25,5.0,,287.61081819664616,328.7681446538658
12.0,2025-12-25,6.0,,1332.8310405330856,1335.1236884345058
12.0,2025-12-25,7.0,,2682.780056317333,2676.028428507757
12.0,2025-12-25,8.0,,3452.9319857507026,3489.5432284411622
12.0,2025-12-25,9.0,,2480.642960558386,2493.442971173281
12.0,2025-12-25,10.0,,2096.4973221111886,2101.3146437796936
12.0,2025-12-25,11.0,,2058.203549743641,2071.657399843298
12.0,2025-12-25,12.0,,2150.8603795122963,2037.332192894623
12.0,2025-12-25,13.0,,2079.3280755485353,2046.4437407943935
12.0,2025-12-25,14.0,,2067.530959869273,2012.797699798085
12.0,2025-12-25,15.0,,2301.2018171391574,2250.621872297659
12.0,2025-12-25,16.0,,2833.083217455802,2802.7764117575307
12.0,2025-12-25,17.0,,3078.460704029515,2994.571452135095
12.0,2025-12-25,18.0,,3152.915199745806,3108.7600388997334
12.0,2025-12-25,19.0,,2484.245580912184,2427.5563163126926
12.0,2025-12-25,20.0,,1501.1040856408506,1526.71177379202
12.0,2025-12-25,21.0,,897.8842625557268,939.6226677442306
12.0,2025-12-25,22.0,,426.08878511284,459.3833601006368
12.0,2025-12-25,23.0,,237.67128607935365,219.57811546750585
17.0,2025-12-25,0.0,,91.75921311328561,96.36110621505614
17.0,2025-12-25,1.0,,0.0,0.0
17.0,2025-12-25,2.0,,2.802479187359455e-34,0.0
17.0,2025-12-25,3.0,,2.802479187359455e-34,0.0
17.0,2025-12-25,4.0,,5.353008926583318,0.0
17.0,2025-12-25,5.0,,291.01126106226565,292.12092381746817
17.0,2025-12-25,6.0,,1466.7799723837009,1520.390068203285
17.0,2025-12-25,7.0,,3912.134226917686,3894.7237630934223
17.0,2025-12-25,8.0,,5175.885147577953,5168.068795396084
17.0,2025-12-25,9.0,,3745.879374537261,3735.658820816477
17.0,2025-12-25,10.0,,3039.6503442413045,3021.5533969848448
17.0,2025-12-25,11.0,,2979.7464382608914,3045.9286805172933
17.0,2025-12-25,12.0,,3014.8690283054734,3012.409140446002
17.0,2025-12-25,13.0,,3062.5872857763516,3053.060897022963
17.0,2025-12-25,14.0,,3137.15174607872,3110.1851049664665
17.0,2025-12-25,15.0,,3268.2465194470283,3304.7954183493266
17.0,2025-12-25,16.0,,3669.3845190286943,3692.1676702447976
17.0,2025-12-25,17.0,,4443.789581871734,4392.631069949038
17.0,2025-12-25,18.0,,4748.97984274985,4794.930098676963
17.0,2025-12-25,19.0,,3387.8680915859886,3424.2414093907646
17.0,2025-12-25,20.0,,2354.5709162055746,2356.9341504766417
17.0,2025-12-25,21.0,,1451.0051875226966,1503.814861342307
17.0,2025-12-25,22.0,,729.3087469321865,779.5399482444654
17.0,2025-12-25,23.0,,326.4763419735695,373.2425955650591
25.0,2025-12-25,0.0,,0.0,0.0
25.0,2025-12-25,1.0,,2.802479187359455e-34,0.0
25.0,2025-12-25,2.0,,2.802479187359455e-34,0.0
25.0,2025-12-25,3.0,,2.802479187359455e-34,0.0
25.0,2025-12-25,4.0,,2.802479187359455e-34,0.0
25.0,2025-12-25,5.0,,4.6259008880217145,0.0
25.0,2025-12-25,6.0,,145.17771442981493,132.66331478321484
25.0,2025-12-25,7.0,,472.25327412353175,482.12034724103273
25.0,2025-12-25,8.0,,768.6161870160896,821.9522581016807
25.0,2025-12-25,9.0,,425.5552294985882,411.6210494461405
25.0,2025-12-25,10.0,,321.05465647190874,328.4403303155419
25.0,2025-12-25,11.0,,337.2743387801428,360.2136682875334
25.0,2025-12-25,12.0,,336.38443024850756,334.2554994905667
25.0,2025-12-25,13.0,,428.6418262532474,438.80497645551685
25.0,2025-12-25,14.0,,372.9458521468908,397.76944416783704
25.0,2025-12-25,15.0,,465.82761697194786,476.53911938678306
25.0,2025-12-25,16.0,,561.2059237217238,611.5103779858363
25.0,2025-12-25,17.0,,609.6743604584373,646.8973512322672
25.0,2025-12-25,18.0,,644.2935460578684,676.6694704847857
25.0,2025-12-25,19.0,,444.24343726671754,462.8447930727726
25.0,2025-12-25,20.0,,261.28323088443267,279.73666304077386
25.0,2025-12-25,21.0,,163.38894019743654,184.4555781215429
25.0,2025-12-25,22.0,,80.23191991742269,89.68598135195073
25.0,2025-12-25,23.0,,0.0,0.0
26.0,2025-12-25,0.0,,17.890317906237396,9.267759221600873
26.0,2025-12-25,1.0,,4.135543835159825,0.0
26.0,2025-12-25,2.0,,2.802479187359455e-34,0.0
26.0,2025-12-25,3.0,,2.802479187359455e-34,0.0
26.0,2025-12-25,4.0,,0.0,0.0
26.0,2025-12-25,5.0,,57.245381212737556,66.70140887696667
26.0,2025-12-25,6.0,,500.2154597659088,475.60297653867735
26.0,2025-12-25,7.0,,1006.9534963672878,959.6111787662702
26.0,2025-12-25,8.0,,1975.3946250028464,2045.9811235791913
26.0,2025-12-25,9.0,,1371.38787511687,1324.532243810409
26.0,2025-12-25,10.0,,1148.1602964125534,1147.2125946784108
26.0,2025-12-25,11.0,,1031.509420350926,1108.1064633500876
26.0,2025-12-25,12.0,,1054.7742070146865,1051.7160866495005
26.0,2025-12-25,13.0,,1089.094682322408,1090.4651479558095
26.0,2025-12-25,14.0,,1119.6970534875613,1121.8829027641839
26.0,2025-12-25,15.0,,1213.2020482414894,1265.634356670289
26.0,2025-12-25,16.0,,1390.0548690964874,1415.3192930023354
26.0,2025-12-25,17.0,,1545.9400629308502,1544.8857517975796
26.0,2025-12-25,18.0,,1715.119394520827,1728.182959845818
26.0,2025-12-25,19.0,,1158.2393988778865,1159.0068024609673
26.0,2025-12-25,20.0,,701.0366660881214,718.5978452693405
26.0,2025-12-25,21.0,,437.8501265112416,465.6051416833266
26.0,2025-12-25,22.0,,173.3872350763033,182.73802418719612
26.0,2025-12-25,23.0,,93.5715952620434,96.95861466528879
28.0,2025-12-25,0.0,,1.1027439654455586,0.0
28.0,2025-12-25,1.0,,2.802479187359455e-34,0.0
28.0,2025-12-25,2.0,,2.802479187359455e-34,0.0
28.0,2025-12-25,3.0,,2.802479187359455e-34,0.0
28.0,2025-12-25,4.0,,0.0,0.0
28.0,2025-12-25,5.0,,74.56461429995657,45.07780468384187
28.0,2025-12-25,6.0,,261.0151674169181,240.76111348202983
28.0,2025-12-25,7.0,,704.3827446343892,712.9706651521998
28.0,2025-12-25,8.0,,1125.5056825212525,1085.0158287144184
28.0,2025-12-25,9.0,,821.4553114056773,804.8697473761297
28.0,2025-12-25,10.0,,586.5950683113265,592.2857217243233
28.0,2025-12-25,11.0,,534.7633934370962,507.81915286461475
28.0,2025-12-25,12.0,,640.8039197855792,632.6090357686994
28.0,2025-12-25,13.0,,664.6340252838213,665.3711076886564
28.0,2025-12-25,14.0,,584.8818621558346,600.5718048932579
28.0,2025-12-25,15.0,,590.6942608542961,613.2485167005018
28.0,2025-12-25,16.0,,792.1106932128058,801.1806480645856
28.0,2025-12-25,17.0,,892.4983092520135,902.9197037534873
28.0,2025-12-25,18.0,,855.9340458742395,845.4287803966286
28.0,2025-12-25,19.0,,634.4085433924708,671.2779872741651
28.0,2025-12-25,20.0,,455.9327243995567,435.7337718029022
28.0,2025-12-25,21.0,,307.8111978687012,283.1330233590764
28.0,2025-12-25,22.0,,132.76788575775512,106.99820811756977
28.0,2025-12-25,23.0,,1.6171375295721393,0.0
50.0,2025-12-25,0.0,,20.653760153060283,24.438079390974046
50.0,2025-12-25,1.0,,15.197390218335963,0.0
50.0,2025-12-25,2.0,,0.0,0.0
50.0,2025-12-25,3.0,,2.802479187359455e-34,0.0
50.0,2025-12-25,4.0,,0.0,0.0
50.0,2025-12-25,5.0,,68.00054512319383,51.12298237901915
50.0,2025-12-25,6.0,,523.052059483514,515.3600990983075
50.0,2025-12-25,7.0,,1632.8722807281035,1680.2351776589135
50.0,2025-12-25,8.0,,2604.7991468432515,2641.4016836278256
50.0,2025-12-25,9.0,,2074.547727356321,2089.798632825563
50.0,2025-12-25,10.0,,1613.6198387743218,1644.1066256348488
50.0,2025-12-25,11.0,,1526.4265552788356,1546.286953214423
50.0,2025-12-25,12.0,,1460.2397818081306,1480.693006613474
50.0,2025-12-25,13.0,,1399.175445064909,1394.7192199503663
50.0,2025-12-25,14.0,,1332.0553337269355,1333.8368275157272
50.0,2025-12-25,15.0,,1613.802275832834,1561.5393658976877
50.0,2025-12-25,16.0,,1656.2334271317684,1651.478020832395
50.0,2025-12-25,17.0,,2258.945942757623,2277.3609912126167
50.0,2025-12-25,18.0,,2312.734619346626,2367.502809553118
50.0,2025-12-25,19.0,,1425.615103035628,1373.8041277632158
50.0,2025-12-25,20.0,,881.9112527848217,866.7168263905659
50.0,2025-12-25,21.0,,570.3349906754507,600.398158382917
50.0,2025-12-25,22.0,,234.1734161670776,244.7095780942083
50.0,2025-12-25,23.0,,125.20117330048946,123.80808807470667
1.0,2025-12-26,0.0,,0.0,0.0
1.0,2025-12-26,1.0,,2.802479187359455e-34,0.0
1.0,2025-12-26,2.0,,2.802479187359455e-34,0.0
1.0,2025-12-26,3.0,,2.802479187359455e-34,0.0
1.0,2025-12-26,4.0,,0.0,0.0
1.0,2025-12-26,5.0,,109.4708156873511,121.9881518412578
1.0,2025-12-26,6.0,,513.1016120923358,489.4704810717376
1.0,2025-12-26,7.0,,1333.838083483139,1283.9307351507384
1.0,2025-12-26,8.0,,1645.0700846396096,1734.4475163095788
1.0,2025-12-26,9.0,,1342.3536694989311,1351.0289167944381
1.0,2025-12-26,10.0,,1207.079885007636,1193.6790741026111
1.0,2025-12-26,11.0,,1251.981146113068,1289.5004525178404
1.0,2025-12-26,12.0,,1260.6900561455668,1356.7234886116355
1.0,2025-12-26,13.0,,1321.9395353598416,1340.6773094357998
1.0,2025-12-26,14.0,,1260.0421661212176,1330.0501101297582
1.0,2025-12-26,15.0,,1417.3110538411677,1385.2325086152885
1.0,2025-12-26,16.0,,1393.5933100318987,1376.3217883929465
1.0,2025-12-26,17.0,,1596.4418548814494,1622.6822264255704
1.0,2025-12-26,18.0,,1453.780089040349,1540.5811662656095
1.0,2025-12-26,19.0,,1127.5365891408596,1152.7146611886506
1.0,2025-12-26,20.0,,761.2929637778567,762.7609754945894
1.0,2025-12-26,21.0,,441.394057991931,440.21496269286814
1.0,2025-12-26,22.0,,216.49770497362044,183.56782173948733
1.0,2025-12-26,23.0,,34.1560550944906,31.889498066924933
5.0,2025-12-26,0.0,,0.0,0.0
5.0,2025-12-26,1.0,,0.0,0.0
5.0,2025-12-26,2.0,,0.0,0.0
5.0,2025-12-26,3.0,,0.0,0.0
5.0,2025-12-26,4.0,,0.0,0.0
5.0,2025-12-26,5.0,,0.0,0.0
5.0,2025-12-26,6.0,,0.0,0.0
5.0,2025-12-26,7.0,,0.0,0.0
5.0,2025-12-26,8.0,,0.0,0.0
5.0,2025-12-26,9.0,,0.0,0.0
5.0,2025-12-26,10.0,,0.0,0.0
5.0,2025-12-26,11.0,,0.0,0.0
5.0,2025-12-26,12.0,,0.0,0.0
5.0,2025-12-26,13.0,,0.0,0.0
5.0,2025-12-26,14.0,,0.0,0.0
5.0,2025-12-26,15.0,,0.0,0.0
5.0,2025-12-26,16.0,,0.0,0.0
5.0,2025-12-26,17.0,,0.0,0.0
5.0,2025-12-26,18.0,,0.0,0.0
5.0,2025-12-26,19.0,,0.0,0.0
5.0,2025-12-26,20.0,,0.0,0.0
5.0,2025-12-26,21.0,,0.0,0.0
5.0,2025-12-26,22.0,,0.0,0.0
5.0,2025-12-26,23.0,,0.0,0.0
7.0,2025-12-26,0.0,,23.689921340166105,25.195573648319666
7.0,2025-12-26,1.0,,0.0,0.0
7.0,2025-12-26,2.0,,2.802479187359455e-34,0.0
7.0,2025-12-26,3.0,,2.802479187359455e-34,0.0
7.0,2025-12-26,4.0,,0.0,0.0
7.0,2025-12-26,5.0,,158.43544451315213,174.87902140912203
7.0,2025-12-26,6.0,,645.96664374814,643.7058705976704
7.0,2025-12-26,7.0,,1492.3951609214937,1540.4828476564999
7.0,2025-12-26,8.0,,2317.3638719511127,2363.1412085909656
7.0,2025-12-26,9.0,,1725.708327572034,1730.3336729755822
7.0,2025-12-26,10.0,,1551.2314724462408,1544.407684986245
7.0,2025-12-26,11.0,,1374.6323491811386,1417.0590267930697
7.0,2025-12-26,12.0,,1475.4241440894978,1494.2523749973016
7.0,2025-12-26,13.0,,1492.1315207518285,1528.073463211603
7.0,2025-12-26,14.0,,1555.8164430965069,1563.3136364226882
7.0,2025-12-26,15.0,,1647.2011969840996,1748.8689857721122
7.0,2025-12-26,16.0,,1797.1876490657673,1889.9190191481919
7.0,2025-12-26,17.0,,2154.085395211432,2188.9783744362053
7.0,2025-12-26,18.0,,2097.433686537598,2210.771949872233
7.0,2025-12-26,19.0,,1524.7235253709787,1542.629039756962
7.0,2025-12-26,20.0,,967.3557144773462,972.1435769054171
7.0,2025-12-26,21.0,,553.3683909068121,639.3268696224395
7.0,2025-12-26,22.0,,323.83334959399826,316.28056008189486
7.0,2025-12-26,23.0,,193.78282084494992,165.08834850700063
11.0,2025-12-26,0.0,,27.154795396053437,47.80472561348108
11.0,2025-12-26,1.0,,0.0,0.0
11.0,2025-12-26,2.0,,2.802479187359455e-34,0.0
11.0,2025-12-26,3.0,,2.802479187359455e-34,0.0
11.0,2025-12-26,4.0,,0.0,0.0
11.0,2025-12-26,5.0,,255.74526742157215,287.89019903027196
11.0,2025-12-26,6.0,,1185.9899128182456,1235.2471207399014
11.0,2025-12-26,7.0,,2220.337710203546,2252.668857974944
11.0,2025-12-26,8.0,,2971.111480622542,2994.529850808347
11.0,2025-12-26,9.0,,2256.555058523177,2310.013632633254
11.0,2025-12-26,10.0,,1734.8593890299321,1825.35970416424
11.0,2025-12-26,11.0,,1691.487681714231,1818.9428966375842
11.0,2025-12-26,12.0,,1762.260426800687,1763.6384278190906
11.0,2025-12-26,13.0,,1895.5431289886046,1872.4488533304832
11.0,2025-12-26,14.0,,1933.7476469924436,1877.7259144614811
11.0,2025-12-26,15.0,,2009.049021985674,1940.8525911383945
11.0,2025-12-26,16.0,,2192.5099618206555,2216.2041729249886
11.0,2025-12-26,17.0,,2756.424493845088,2739.455551374099
11.0,2025-12-26,18.0,,2680.147576258626,2679.725527977925
11.0,2025-12-26,19.0,,2069.7725826473093,2072.2003923996244
11.0,2025-12-26,20.0,,1372.9046036892212,1381.3909155932106
11.0,2025-12-26,21.0,,798.8692977106492,858.4774699044617
11.0,2025-12-26,22.0,,400.24577693858987,396.2942818605619
11.0,2025-12-26,23.0,,262.17640096814614,254.4494364547444
12.0,2025-12-26,0.0,,24.24061511644465,21.328217754567614
12.0,2025-12-26,1.0,,0.0,0.0
12.0,2025-12-26,2.0,,2.802479187359455e-34,0.0
12.0,2025-12-26,3.0,,2.802479187359455e-34,0.0
12.0,2025-12-26,4.0,,0.0,0.0
12.0,2025-12-26,5.0,,296.90189803602925,323.30787087620587
12.0,2025-12-26,6.0,,1304.1182676154408,1301.4664490005066
12.0,2025-12-26,7.0,,2594.202756053947,2527.947877141067
12.0,2025-12-26,8.0,,3336.849588517391,3194.1912958138832
12.0,2025-12-26,9.0,,2366.308830794413,2319.6471279405055
12.0,2025-12-26,10.0,,1990.4654903671144,1963.623009725921
12.0,2025-12-26,11.0,,1975.705075846714,1974.0422784862471
12.0,2025-12-26,12.0,,2051.2164454843123,1982.1497275648621
12.0,2025-12-26,13.0,,2034.6864312213322,1991.5113006795232
12.0,2025-12-26,14.0,,2072.9136085510695,1935.5194957070162
12.0,2025-12-26,15.0,,2327.240949706147,2203.822959854998
12.0,2025-12-26,16.0,,2824.784668504381,2652.67273951734
12.0,2025-12-26,17.0,,2971.3725908820434,2816.6364935083516
12.0,2025-12-26,18.0,,2747.8704130973106,2663.7221822169313
12.0,2025-12-26,19.0,,2266.944476193449,2266.127754361923
12.0,2025-12-26,20.0,,1387.3554978477468,1413.983472876795
12.0,2025-12-26,21.0,,887.9637149009635,925.1957195763108
12.0,2025-12-26,22.0,,444.71893858073065,435.8684393855745
12.0,2025-12-26,23.0,,264.92287884231774,224.70533409776436
17.0,2025-12-26,0.0,,86.87493228713474,87.16465905500266
17.0,2025-12-26,1.0,,0.0,0.0
17.0,2025-12-26,2.0,,2.802479187359455e-34,0.0
17.0,2025-12-26,3.0,,2.802479187359455e-34,0.0
17.0,2025-12-26,4.0,,4.487901698392663,0.0
17.0,2025-12-26,5.0,,288.19693056174236,277.59763148700046
17.0,2025-12-26,6.0,,1443.8311306116818,1480.9818869074975
17.0,2025-12-26,7.0,,3829.1608542788576,3810.1413211125723
17.0,2025-12-26,8.0,,4913.528281656955,4937.511755655317
17.0,2025-12-26,9.0,,3643.7676089185084,3669.945194069197
17.0,2025-12-26,10.0,,2892.962572138,2932.022215251343
17.0,2025-12-26,11.0,,2914.375639786509,2965.3492878963475
17.0,2025-12-26,12.0,,2963.3724660562234,2885.7407279533795
17.0,2025-12-26,13.0,,3063.2438572064125,2939.361834493007
17.0,2025-12-26,14.0,,3144.6375728848734,3036.105485460533
17.0,2025-12-26,15.0,,3348.923749611325,3258.4517654992997
17.0,2025-12-26,16.0,,3742.3401038537963,3692.5264309609042
17.0,2025-12-26,17.0,,4425.444994822657,4383.771342486069
17.0,2025-12-26,18.0,,4392.264100219252,4467.357238412752
17.0,2025-12-26,19.0,,3181.890871931317,3253.2802414640714
17.0,2025-12-26,20.0,,2276.750555587719,2306.7654193565345
17.0,2025-12-26,21.0,,1477.670637972461,1482.2230649109972
17.0,2025-12-26,22.0,,766.2993083530911,777.8333178501383
17.0,2025-12-26,23.0,,396.89464045540564,391.7910166939727
25.0,2025-12-26,0.0,,0.0,0.0
25.0,2025-12-26,1.0,,2.802479187359455e-34,0.0
25.0,2025-12-26,2.0,,2.802479187359455e-34,0.0
25.0,2025-12-26,3.0,,2.802479187359455e-34,0.0
25.0,2025-12-26,4.0,,2.802479187359455e-34,0.0
25.0,2025-12-26,5.0,,0.9134678504413424,0.0
25.0,2025-12-26,6.0,,153.15831545384302,139.35935769910301
25.0,2025-12-26,7.0,,468.8017712014583,469.59390948958696
25.0,2025-12-26,8.0,,739.5055885428606,761.4198866851812
25.0,2025-12-26,9.0,,416.9810155624165,383.6513397144259
25.0,2025-12-26,10.0,,308.7394689877456,308.79689808452434
25.0,2025-12-26,11.0,,355.18813022682855,354.6698704384871
25.0,2025-12-26,12.0,,338.6014030077083,329.09993640277946
25.0,2025-12-26,13.0,,449.3280252216369,439.9734451154529
25.0,2025-12-26,14.0,,400.4064511371871,409.42664771264
25.0,2025-12-26,15.0,,491.20595980076246,487.2201268670265
25.0,2025-12-26,16.0,,599.7659475262919,619.7402372387173
25.0,2025-12-26,17.0,,596.5115131666498,615.182893742754
25.0,2025-12-26,18.0,,547.3624140680142,580.9763197019793
25.0,2025-12-26,19.0,,425.80806066767985,428.33392695250654
25.0,2025-12-26,20.0,,248.0519650258812,272.885618842523
25.0,2025-12-26,21.0,,172.65506509464353,176.96309946352292
25.0,2025-12-26,22.0,,87.43647902218657,77.5390426767286
25.0,2025-12-26,23.0,,0.0,0.0
26.0,2025-12-26,0.0,,5.085153153693507,0.0
26.0,2025-12-26,1.0,,0.0,0.0
26.0,2025-12-26,2.0,,2.802479187359455e-34,0.0
26.0,2025-12-26,3.0,,2.802479187359455e-34,0.0
26.0,2025-12-26,4.0,,0.0,0.0
26.0,2025-12-26,5.0,,45.2096595675962,44.97929811144125
26.0,2025-12-26,6.0,,494.8791719354568,462.2612455468541
26.0,2025-12-26,7.0,,968.5759068313697,923.0750583168434
26.0,2025-12-26,8.0,,1887.8630088728644,1927.2545727474667
26.0,2025-12-26,9.0,,1292.0128495267418,1267.1388161608177
26.0,2025-12-26,10.0,,1113.767644841692,1112.7079719932751
26.0,2025-12-26,11.0,,970.7676541385378,1065.6111021414486
26.0,2025-12-26,12.0,,1009.8311904908013,1013.3641541472042
26.0,2025-12-26,13.0,,1070.8446006201182,1067.0793279483103
26.0,2025-12-26,14.0,,1116.7960273252334,1095.2033727379508
26.0,2025-12-26,15.0,,1202.6511573108558,1252.3683510025817
26.0,2025-12-26,16.0,,1411.7309050196905,1404.1381429102507
26.0,2025-12-26,17.0,,1505.5787572578408,1531.7423165840728
26.0,2025-12-26,18.0,,1502.5701585196025,1514.8790304476563
26.0,2025-12-26,19.0,,1051.350121274545,1061.3519636046994
26.0,2025-12-26,20.0,,653.7508388736707,658.0382284450305
26.0,2025-12-26,21.0,,419.95955102563397,426.2326733770925
26.0,2025-12-26,22.0,,183.6187981454199,173.67346931724651
26.0,2025-12-26,23.0,,117.82886746394888,106.64719558313932
28.0,2025-12-26,0.0,,1.1027439654455586,0.0
28.0,2025-12-26,1.0,,2.802479187359455e-34,0.0
28.0,2025-12-26,2.0,,2.802479187359455e-34,0.0
28.0,2025-12-26,3.0,,2.802479187359455e-34,0.0
28.0,2025-12-26,4.0,,0.0,0.0
28.0,2025-12-26,5.0,,64.41100025871341,37.38650440203661
28.0,2025-12-26,6.0,,249.8041497320902,216.63240952159506
28.0,2025-12-26,7.0,,679.1461530503519,680.5893161595758
28.0,2025-12-26,8.0,,1086.5517375068869,1042.557657249999
28.0,2025-12-26,9.0,,786.3906836435369,768.0626477886779
28.0,2025-12-26,10.0,,587.3334854506877,578.425014631752
28.0,2025-12-26,11.0,,518.1023107703229,505.822895001528
28.0,2025-12-26,12.0,,643.7273800493041,632.6602825175228
28.0,2025-12-26,13.0,,648.6101260463894,647.9502081441271
28.0,2025-12-26,14.0,,607.7813334749468,594.7900121928918
28.0,2025-12-26,15.0,,604.5711147905279,621.9686943951392
28.0,2025-12-26,16.0,,799.805529941363,811.2383699316481
28.0,2025-12-26,17.0,,876.3254913688137,887.1164838619011
28.0,2025-12-26,18.0,,751.9626604249718,802.5185347809008
28.0,2025-12-26,19.0,,584.5861176833747,607.9398235399473
28.0,2025-12-26,20.0,,416.544950042015,410.60271147739485
28.0,2025-12-26,21.0,,304.61058107912214,284.5018684923373
28.0,2025-12-26,22.0,,124.33069204053616,97.89112757493285
28.0,2025-12-26,23.0,,6.700953558896473,0.0
50.0,2025-12-26,0.0,,13.465778068970483,10.690300054708343
50.0,2025-12-26,1.0,,1.5576270970481307,0.0
50.0,2025-12-26,2.0,,0.0,2.598117033032248e-10
50.0,2025-12-26,3.0,,2.802479187359455e-34,0.0
50.0,2025-12-26,4.0,,0.0,0.0
50.0,2025-12-26,5.0,,57.29018384539554,47.21097100923154
50.0,2025-12-26,6.0,,530.353729277145,493.5736403039912
50.0,2025-12-26,7.0,,1581.651611971945,1647.2893766704674
50.0,2025-12-26,8.0,,2533.544568081863,2564.615747916698
50.0,2025-12-26,9.0,,1984.349585854762,1981.677782473547
50.0,2025-12-26,10.0,,1550.6610296001656,1573.5543255520759
50.0,2025-12-26,11.0,,1503.233800514935,1523.2716005614952
50.0,2025-12-26,12.0,,1437.539981443106,1466.7787882540513
50.0,2025-12-26,13.0,,1400.8154846508646,1373.7142401690833
50.0,2025-12-26,14.0,,1364.6765364603539,1319.7797419722297
50.0,2025-12-26,15.0,,1636.8746001020495,1514.404778244253
50.0,2025-12-26,16.0,,1748.2992533684842,1670.422926362831
50.0,2025-12-26,17.0,,2119.2790288091596,2175.9759071113426
50.0,2025-12-26,18.0,,1810.118195955817,1922.1474974281173
50.0,2025-12-26,19.0,,1163.485971865042,1182.8151471869896
50.0,2025-12-26,20.0,,773.6469894760799,801.7227720276878
50.0,2025-12-26,21.0,,497.92447123417793,540.4052959057226
50.0,2025-12-26,22.0,,259.24471790536404,246.86428877073786
50.0,2025-12-26,23.0,,146.8322235698344,137.52120110806038
1.0,2025-12-27,0.0,,0.4719477896406552,0.0
1.0,2025-12-27,1.0,,2.802479187359455e-34,0.0
1.0,2025-12-27,2.0,,2.802479187359455e-34,0.0
1.0,2025-12-27,3.0,,2.802479187359455e-34,0.0
1.0,2025-12-27,4.0,,0.0,2.598117033032248e-10
1.0,2025-12-27,5.0,,14.910559186902068,14.046061462188081
1.0,2025-12-27,6.0,,149.3462933367821,161.3511557626797
1.0,2025-12-27,7.0,,267.73981404101283,297.87202778076306
1.0,2025-12-27,8.0,,361.4052742124415,392.07217872755007
1.0,2025-12-27,9.0,,643.1967728310656,665.5551374577042
1.0,2025-12-27,10.0,,752.1135662914382,771.3473827995094
1.0,2025-12-27,11.0,,697.3881476601488,722.4726127537658
1.0,2025-12-27,12.0,,890.1076425462093,884.7542564210003
1.0,2025-12-27,13.0,,947.4218929306339,910.1142246903637
1.0,2025-12-27,14.0,,875.5573882052156,881.1835394008259
1.0,2025-12-27,15.0,,743.2936749646931,764.0055782880371
1.0,2025-12-27,16.0,,694.1302311735058,732.6282916418264
1.0,2025-12-27,17.0,,618.7431850196486,637.1427647737618
1.0,2025-12-27,18.0,,502.68495992826143,518.5628996000567
1.0,2025-12-27,19.0,,425.05306622272354,441.29850725521806
1.0,2025-12-27,20.0,,325.71366646360883,349.9689065786344
1.0,2025-12-27,21.0,,258.5693588605782,265.72861540347054
1.0,2025-12-27,22.0,,96.8503735552724,101.65510377420996
1.0,2025-12-27,23.0,,6.333034289829448,3.5388843598803597
5.0,2025-12-27,0.0,,0.0,0.0
5.0,2025-12-27,1.0,,0.0,0.0
5.0,2025-12-27,2.0,,0.0,0.0
5.0,2025-12-27,3.0,,0.0,0.0
5.0,2025-12-27,4.0,,0.0,0.0
5.0,2025-12-27,5.0,,0.0,0.0
5.0,2025-12-27,6.0,,0.0,0.0
5.0,2025-12-27,7.0,,0.0,0.0
5.0,2025-12-27,8.0,,0.0,0.0
5.0,2025-12-27,9.0,,0.0,0.0
5.0,2025-12-27,10.0,,0.0,0.0
5.0,2025-12-27,11.0,,0.0,0.0
5.0,2025-12-27,12.0,,0.0,0.0
5.0,2025-12-27,13.0,,0.0,0.0
5.0,2025-12-27,14.0,,0.0,0.0
5.0,2025-12-27,15.0,,0.0,0.0
5.0,2025-12-27,16.0,,0.0,0.0
5.0,2025-12-27,17.0,,0.0,0.0
5.0,2025-12-27,18.0,,0.0,0.0
5.0,2025-12-27,19.0,,0.0,0.0
5.0,2025-12-27,20.0,,0.0,0.0
5.0,2025-12-27,21.0,,0.0,0.0
5.0,2025-12-27,22.0,,0.0,0.0
5.0,2025-12-27,23.0,,0.0,0.0
7.0,2025-12-27,0.0,,68.1118789570018,70.02069362407518
7.0,2025-12-27,1.0,,0.0,0.0
7.0,2025-12-27,2.0,,2.802479187359455e-34,0.0
7.0,2025-12-27,3.0,,2.802479187359455e-34,0.0
7.0,2025-12-27,4.0,,0.0,0.0
7.0,2025-12-27,5.0,,28.460865881043386,33.081018709120585
7.0,2025-12-27,6.0,,282.63061698941533,246.08974544429358
7.0,2025-12-27,7.0,,427.7808357333011,378.95226620969663
7.0,2025-12-27,8.0,,805.5787882674745,807.6732966510458
7.0,2025-12-27,9.0,,894.8102620626848,892.1230830379681
7.0,2025-12-27,10.0,,917.7990620392337,933.4607609546048
7.0,2025-12-27,11.0,,1034.965845758532,1089.320650453159
7.0,2025-12-27,12.0,,1197.020326360857,1218.5268647575786
7.0,2025-12-27,13.0,,1189.3150121384717,1227.2200442117396
7.0,2025-12-27,14.0,,1291.8393325331936,1309.6457867136296
7.0,2025-12-27,15.0,,1234.1858939341064,1194.4965204533082
7.0,2025-12-27,16.0,,1265.511164178792,1153.2205617113977
7.0,2025-12-27,17.0,,1224.400456426762,1187.4092225023687
7.0,2025-12-27,18.0,,1121.8609142911587,1100.6790418497073
7.0,2025-12-27,19.0,,1000.5272715195165,1018.2741838535867
7.0,2025-12-27,20.0,,708.6688803720248,721.393922023344
7.0,2025-12-27,21.0,,507.5954783799904,564.6438661178032
7.0,2025-12-27,22.0,,284.37482553501604,285.18854047945786
7.0,2025-12-27,23.0,,86.11446097693924,128.9075893027159
11.0,2025-12-27,0.0,,72.71934785275874,73.60249132838332
11.0,2025-12-27,1.0,,0.0,0.0
11.0,2025-12-27,2.0,,2.802479187359455e-34,0.0
11.0,2025-12-27,3.0,,2.802479187359455e-34,0.0
11.0,2025-12-27,4.0,,2.9836763529827928,0.0
11.0,2025-12-27,5.0,,164.0714713414952,197.94826130851544
11.0,2025-12-27,6.0,,707.8949614716176,737.5162733757013
11.0,2025-12-27,7.0,,670.7741617759367,632.8774775497118
11.0,2025-12-27,8.0,,922.0198911508918,951.0118930846209
11.0,2025-12-27,9.0,,1015.9436097190152,998.8657431701587
11.0,2025-12-27,10.0,,1113.6020772798372,1100.100334491101
11.0,2025-12-27,11.0,,1407.9497873544892,1457.9816190726083
11.0,2025-12-27,12.0,,1520.0957473343756,1643.1960490323233
11.0,2025-12-27,13.0,,1547.1786483064104,1594.9487412420012
11.0,2025-12-27,14.0,,1539.9369662838214,1532.795960145392
11.0,2025-12-27,15.0,,1588.4133891485733,1659.9587674311374
11.0,2025-12-27,16.0,,1598.424995863192,1600.925705756277
11.0,2025-12-27,17.0,,1717.1833035178504,1774.9612185190836
11.0,2025-12-27,18.0,,1432.9845479325784,1505.4689911793384
11.0,2025-12-27,19.0,,1322.6198050190849,1319.8225562992657
11.0,2025-12-27,20.0,,951.7543396405662,975.0354621836157
11.0,2025-12-27,21.0,,643.6854704415032,680.8383273790283
11.0,2025-12-27,22.0,,335.8727784601788,328.3708023224563
11.0,2025-12-27,23.0,,228.121128520665,222.08024799231927
12.0,2025-12-27,0.0,,72.01849979205637,45.723642249390906
12.0,2025-12-27,1.0,,0.0,0.0
12.0,2025-12-27,2.0,,2.802479187359455e-34,0.0
12.0,2025-12-27,3.0,,2.802479187359455e-34,0.0
12.0,2025-12-27,4.0,,4.9500290676984715,0.0
12.0,2025-12-27,5.0,,197.37950697100078,216.1107238000393
12.0,2025-12-27,6.0,,789.0533359686414,758.1437990765135
12.0,2025-12-27,7.0,,834.7000996745418,862.980960930912
12.0,2025-12-27,8.0,,940.1313971168205,892.3530930788531
12.0,2025-12-27,9.0,,1117.1504055053697,1089.757933015506
12.0,2025-12-27,10.0,,1301.9089855891186,1276.7505946209478
12.0,2025-12-27,11.0,,1376.8845048691683,1309.457290824456
12.0,2025-12-27,12.0,,1377.8897053463224,1382.7275313115758
12.0,2025-12-27,13.0,,1571.6195867930328,1610.0499610903985
12.0,2025-12-27,14.0,,1513.331791384981,1466.0279866534138
12.0,2025-12-27,15.0,,1443.004142923658,1383.8073013966728
12.0,2025-12-27,16.0,,1525.2854866213759,1527.9708765301202
12.0,2025-12-27,17.0,,1497.6493609401907,1494.7554096217887
12.0,2025-12-27,18.0,,1439.4221333915318,1315.4480245637078
12.0,2025-12-27,19.0,,1215.2117159985942,1222.8336228801415
12.0,2025-12-27,20.0,,877.5429961957201,868.1186853244176
12.0,2025-12-27,21.0,,627.7186509104865,628.455668681335
12.0,2025-12-27,22.0,,341.0304560381697,346.2611488426534
12.0,2025-12-27,23.0,,235.79640958392312,223.89338157474202
17.0,2025-12-27,0.0,,156.93797301071888,155.82275527073924
17.0,2025-12-27,1.0,,11.291156494897495,0.0
17.0,2025-12-27,2.0,,2.802479187359455e-34,0.0
17.0,2025-12-27,3.0,,2.802479187359455e-34,0.0
17.0,2025-12-27,4.0,,0.0,0.0
17.0,2025-12-27,5.0,,118.35400596503743,123.90137251214176
17.0,2025-12-27,6.0,,512.9251344715098,539.2887980018814
17.0,2025-12-27,7.0,,1094.0672577399007,1084.0395422463575
17.0,2025-12-27,8.0,,1574.958981638645,1572.624568586739
17.0,2025-12-27,9.0,,2018.7183509122672,2112.465976006752
17.0,2025-12-27,10.0,,2203.1323274830306,2299.4495322581756
17.0,2025-12-27,11.0,,2644.616419403432,2674.1412215369696
17.0,2025-12-27,12.0,,2812.0273659201816,2873.9500102348998
17.0,2025-12-27,13.0,,2982.219178572426,3047.0724267535356
17.0,2025-12-27,14.0,,2988.2027148281904,3091.323063600134
17.0,2025-12-27,15.0,,3111.1724272471897,3077.761566389287
17.0,2025-12-27,16.0,,3161.5603432045136,3212.2222219819573
17.0,2025-12-27,17.0,,3050.5256392564743,3038.516894550987
17.0,2025-12-27,18.0,,2723.9098643011644,2776.5628082695785
17.0,2025-12-27,19.0,,2162.272907096964,2333.9617153345202
17.0,2025-12-27,20.0,,1678.3446858622856,1842.621600143792
17.0,2025-12-27,21.0,,1211.742780902378,1271.2549097141707
17.0,2025-12-27,22.0,,743.3361109626909,777.9693286520085
17.0,2025-12-27,23.0,,360.9718363476905,386.3136767985673
25.0,2025-12-27,0.0,,0.0,0.0
25.0,2025-12-27,1.0,,2.802479187359455e-34,0.0
25.0,2025-12-27,2.0,,2.802479187359455e-34,0.0
25.0,2025-12-27,3.0,,2.802479187359455e-34,0.0
25.0,2025-12-27,4.0,,2.802479187359455e-34,0.0
25.0,2025-12-27,5.0,,1.1601565803536662,0.0
25.0,2025-12-27,6.0,,61.32527686375022,48.750111540471664
25.0,2025-12-27,7.0,,139.9287906342611,131.98567684904086
25.0,2025-12-27,8.0,,233.19916596045047,257.03312822997304
25.0,2025-12-27,9.0,,249.85897829653175,231.48637154751816
25.0,2025-12-27,10.0,,227.02059667143365,219.14947734225993
25.0,2025-12-27,11.0,,291.61850869027927,308.6650997702026
25.0,2025-12-27,12.0,,312.18414115798515,320.5182906847108
25.0,2025-12-27,13.0,,426.81980374875667,432.53056661908334
25.0,2025-12-27,14.0,,426.90723719028534,406.66372959669013
25.0,2025-12-27,15.0,,497.583587243239,470.12758886563415
25.0,2025-12-27,16.0,,461.4937493504437,498.4396066705711
25.0,2025-12-27,17.0,,400.96996272788306,419.3322778897583
25.0,2025-12-27,18.0,,383.7060244156401,419.9012901009565
25.0,2025-12-27,19.0,,316.9187496682772,339.34971671014745
25.0,2025-12-27,20.0,,198.51163409367348,213.32698193629736
25.0,2025-12-27,21.0,,153.0810618145423,154.59934778109528
25.0,2025-12-27,22.0,,68.15609090708715,82.33974695151034
25.0,2025-12-27,23.0,,11.231547334009484,17.91493940395304
26.0,2025-12-27,0.0,,27.630597404439033,24.599177200422886
26.0,2025-12-27,1.0,,0.0,0.0
26.0,2025-12-27,2.0,,2.802479187359455e-34,0.0
26.0,2025-12-27,3.0,,2.802479187359455e-34,0.0
26.0,2025-12-27,4.0,,0.0,0.0
26.0,2025-12-27,5.0,,18.267322917427908,14.122018326159862
26.0,2025-12-27,6.0,,228.10890164426053,229.0935673870968
26.0,2025-12-27,7.0,,294.04424043110777,292.13020593102067
26.0,2025-12-27,8.0,,544.318399842173,563.3964671164947
26.0,2025-12-27,9.0,,581.8222219771072,591.0178508860608
26.0,2025-12-27,10.0,,692.1166826714176,729.4039144758634
26.0,2025-12-27,11.0,,818.3490340880586,820.371783958329
26.0,2025-12-27,12.0,,845.5539215914897,849.7690375328325
26.0,2025-12-27,13.0,,898.4948143481772,863.3336055444005
26.0,2025-12-27,14.0,,842.832675481659,850.3967793867482
26.0,2025-12-27,15.0,,846.5033862923458,818.1258762628885
26.0,2025-12-27,16.0,,877.1222783130904,871.3695481618703
26.0,2025-12-27,17.0,,819.6846924431192,788.1141125747847
26.0,2025-12-27,18.0,,755.528827314434,743.0806479377057
26.0,2025-12-27,19.0,,669.1014055889779,684.5798007140241
26.0,2025-12-27,20.0,,451.0406366792704,468.60932170752943
26.0,2025-12-27,21.0,,301.2933018654361,328.96882589334456
26.0,2025-12-27,22.0,,143.31069969700587,133.246902327036
26.0,2025-12-27,23.0,,94.92441602131203,89.71633054175592
28.0,2025-12-27,0.0,,1.1027439654455586,0.0
28.0,2025-12-27,1.0,,2.802479187359455e-34,0.0
28.0,2025-12-27,2.0,,2.802479187359455e-34,0.0
28.0,2025-12-27,3.0,,2.802479187359455e-34,0.0
28.0,2025-12-27,4.0,,0.0,0.0
28.0,2025-12-27,5.0,,22.390070413488075,16.630017557897723
28.0,2025-12-27,6.0,,95.27579452929727,63.12254635872094
28.0,2025-12-27,7.0,,167.1657765855783,170.20493463125618
28.0,2025-12-27,8.0,,320.505218088811,330.65853566378956
28.0,2025-12-27,9.0,,388.9173742605717,423.02928869772836
28.0,2025-12-27,10.0,,427.6073796560484,418.52343949666664
28.0,2025-12-27,11.0,,419.97826725145575,404.2569738290379
28.0,2025-12-27,12.0,,493.1778965544909,506.82834597987124
28.0,2025-12-27,13.0,,499.59248472717314,521.3190816679925
28.0,2025-12-27,14.0,,496.03805280811343,519.8681496045907
28.0,2025-12-27,15.0,,506.9894705225078,538.4690471000754
28.0,2025-12-27,16.0,,507.0130226824803,547.7646076561683
28.0,2025-12-27,17.0,,500.69129575087504,539.4937999882295
28.0,2025-12-27,18.0,,406.5128885292539,457.0058020252237
28.0,2025-12-27,19.0,,309.2196243829514,355.31109818462295
28.0,2025-12-27,20.0,,274.7995827377136,338.35130266200156
28.0,2025-12-27,21.0,,244.6907030419885,232.73100081006905
28.0,2025-12-27,22.0,,88.88062390496988,104.30219496632851
28.0,2025-12-27,23.0,,2.114997093195722,0.0
50.0,2025-12-27,0.0,,31.134710087029234,37.33671432383915
50.0,2025-12-27,1.0,,2.5405111649070773,0.0
50.0,2025-12-27,2.0,,0.0,0.0
50.0,2025-12-27,3.0,,2.802479187359455e-34,0.0
50.0,2025-12-27,4.0,,0.0,0.0
50.0,2025-12-27,5.0,,37.979788297630364,17.810208134024087
50.0,2025-12-27,6.0,,237.27021468809576,219.8259259918726
50.0,2025-12-27,7.0,,344.8062883844254,355.45612977483813
50.0,2025-12-27,8.0,,623.9310954698102,663.2613967156848
50.0,2025-12-27,9.0,,729.4552417054132,761.208407375821
50.0,2025-12-27,10.0,,665.1754477327695,686.8736929880604
50.0,2025-12-27,11.0,,818.6540823189687,767.677104435452
50.0,2025-12-27,12.0,,825.2509430968073,872.5980265461162
50.0,2025-12-27,13.0,,832.1179657915377,838.8630940058506
50.0,2025-12-27,14.0,,871.3033269421826,827.0138672895865
50.0,2025-12-27,15.0,,888.9502957941071,852.9930787321151
50.0,2025-12-27,16.0,,868.0093587822618,827.2092037227405
50.0,2025-12-27,17.0,,906.8895965983813,885.6389926955147
50.0,2025-12-27,18.0,,694.2323057675684,756.9171496817793
50.0,2025-12-27,19.0,,633.530545475207,621.7270949971087
50.0,2025-12-27,20.0,,483.3695671103077,515.960374503491
50.0,2025-12-27,21.0,,347.8896143420518,424.9495140028756
50.0,2025-12-27,22.0,,178.90651419689127,193.79081865135365
50.0,2025-12-27,23.0,,128.49243115379423,104.3749889194078
1.0,2025-12-28,0.0,,0.0,0.0
1.0,2025-12-28,1.0,,2.802479187359455e-34,0.0
1.0,2025-12-28,2.0,,2.802479187359455e-34,0.0
1.0,2025-12-28,3.0,,2.802479187359455e-34,0.0
1.0,2025-12-28,4.0,,0.0,0.0
1.0,2025-12-28,5.0,,5.399134601134544,2.976999884073679
1.0,2025-12-28,6.0,,93.19035697174604,93.52154066662415
1.0,2025-12-28,7.0,,162.5128233066018,181.20750087153166
1.0,2025-12-28,8.0,,236.36587264611518,277.12533314931477
1.0,2025-12-28,9.0,,483.0712814673147,495.46159011617374
1.0,2025-12-28,10.0,,567.3768602284011,564.7212522504774
1.0,2025-12-28,11.0,,536.247549096686,563.2196871578025
1.0,2025-12-28,12.0,,670.1036569416935,671.6672662331682
1.0,2025-12-28,13.0,,717.356521830068,711.4574397744309
1.0,2025-12-28,14.0,,660.2009379989844,681.9586708600395
1.0,2025-12-28,15.0,,584.7945645228803,605.8611310333808
1.0,2025-12-28,16.0,,540.3368995133238,558.947314858739
1.0,2025-12-28,17.0,,501.10019226959366,496.5348633886384
1.0,2025-12-28,18.0,,416.427538055016,428.40844291296816
1.0,2025-12-28,19.0,,329.93109898680217,357.1327509999022
1.0,2025-12-28,20.0,,251.02984375052787,267.65186937018086
1.0,2025-12-28,21.0,,212.9104003524283,203.30648840103657
1.0,2025-12-28,22.0,,78.08126987072744,71.37986901626118
1.0,2025-12-28,23.0,,17.106032162626008,6.945925707139661
5.0,2025-12-28,0.0,,0.0,0.0
5.0,2025-12-28,1.0,,0.0,0.0
5.0,2025-12-28,2.0,,0.0,0.0
5.0,2025-12-28,3.0,,0.0,0.0
5.0,2025-12-28,4.0,,0.0,0.0
5.0,2025-12-28,5.0,,0.0,0.0
5.0,2025-12-28,6.0,,0.0,0.0
5.0,2025-12-28,7.0,,0.0,0.0
5.0,2025-12-28,8.0,,0.0,0.0
5.0,2025-12-28,9.0,,0.0,0.0
5.0,2025-12-28,10.0,,0.0,0.0
5.0,2025-12-28,11.0,,0.0,0.0
5.0,2025-12-28,12.0,,0.0,0.0
5.0,2025-12-28,13.0,,0.0,0.0
5.0,2025-12-28,14.0,,0.0,0.0
5.0,2025-12-28,15.0,,0.0,0.0
5.0,2025-12-28,16.0,,0.0,0.0
5.0,2025-12-28,17.0,,0.0,0.0
5.0,2025-12-28,18.0,,0.0,0.0
5.0,2025-12-28,19.0,,0.0,0.0
5.0,2025-12-28,20.0,,0.0,0.0
5.0,2025-12-28,21.0,,0.0,0.0
5.0,2025-12-28,22.0,,0.0,0.0
5.0,2025-12-28,23.0,,0.0,0.0
7.0,2025-12-28,0.0,,47.21316863393516,51.982665896961834
7.0,2025-12-28,1.0,,0.0,0.0
7.0,2025-12-28,2.0,,2.802479187359455e-34,0.0
7.0,2025-12-28,3.0,,2.802479187359455e-34,0.0
7.0,2025-12-28,4.0,,0.0,0.0
7.0,2025-12-28,5.0,,6.463143408117686,47.12365719469633
7.0,2025-12-28,6.0,,194.48196703345968,155.52317073216108
7.0,2025-12-28,7.0,,275.6252754436439,244.8498313336794
7.0,2025-12-28,8.0,,488.8377341147717,542.6460025506648
7.0,2025-12-28,9.0,,656.9742661755822,681.4191398894674
7.0,2025-12-28,10.0,,653.8071485187709,695.9059192221595
7.0,2025-12-28,11.0,,801.3685266296596,862.8878268596769
7.0,2025-12-28,12.0,,984.898464962745,979.4166693874508
7.0,2025-12-28,13.0,,996.5018253493262,1000.8959020811882
7.0,2025-12-28,14.0,,1056.8638899944042,1105.3692545968527
7.0,2025-12-28,15.0,,966.7374165458054,1017.7696015478849
7.0,2025-12-28,16.0,,972.1613587859144,962.9114496342077
7.0,2025-12-28,17.0,,947.2705507101199,1045.178713054587
7.0,2025-12-28,18.0,,873.2799341500389,935.7784370573704
7.0,2025-12-28,19.0,,747.5273988594148,853.5525551245477
7.0,2025-12-28,20.0,,534.4689863687612,569.8507247588867
7.0,2025-12-28,21.0,,448.50939930948374,477.2301587347077
7.0,2025-12-28,22.0,,252.46846198747068,251.26975315426884
7.0,2025-12-28,23.0,,80.5772008317027,100.07444569765185
11.0,2025-12-28,0.0,,60.57426943833319,68.48802241510607
11.0,2025-12-28,1.0,,0.0,0.0
11.0,2025-12-28,2.0,,2.802479187359455e-34,0.0
11.0,2025-12-28,3.0,,2.802479187359455e-34,0.0
11.0,2025-12-28,4.0,,0.0,0.0
11.0,2025-12-28,5.0,,78.69417286574351,101.52038480769949
11.0,2025-12-28,6.0,,412.303563793337,444.1307308804822
11.0,2025-12-28,7.0,,419.72978343738436,441.02976555172523
11.0,2025-12-28,8.0,,531.6571410472882,647.5108399829259
11.0,2025-12-28,9.0,,790.9511236417128,832.4467492519252
11.0,2025-12-28,10.0,,855.4135991421853,897.558970149903
11.0,2025-12-28,11.0,,1127.8104733002808,1318.3594511049969
11.0,2025-12-28,12.0,,1143.5949784812613,1453.384014745677
11.0,2025-12-28,13.0,,1249.9193183168375,1404.0729738633684
11.0,2025-12-28,14.0,,1169.5884501266576,1454.9892138431194
11.0,2025-12-28,15.0,,1221.624192213603,1539.3363758030487
11.0,2025-12-28,16.0,,1257.020714392063,1481.9514171770466
11.0,2025-12-28,17.0,,1417.8996764579224,1599.1906218552401
11.0,2025-12-28,18.0,,1147.5858093502604,1301.2284365817752
11.0,2025-12-28,19.0,,949.2331539441932,1059.5461019385857
11.0,2025-12-28,20.0,,788.0994633565596,813.4883088390282
11.0,2025-12-28,21.0,,509.6564099585539,562.2975367429837
11.0,2025-12-28,22.0,,296.0699493021809,286.30232961176426
11.0,2025-12-28,23.0,,187.3405102264042,181.5563846368621
12.0,2025-12-28,0.0,,59.47155262128585,30.01976820074047
12.0,2025-12-28,1.0,,0.0,0.0
12.0,2025-12-28,2.0,,2.802479187359455e-34,0.0
12.0,2025-12-28,3.0,,2.802479187359455e-34,0.0
12.0,2025-12-28,4.0,,0.0,0.0
12.0,2025-12-28,5.0,,110.01221681613855,113.65694200230696
12.0,2025-12-28,6.0,,441.87484909508555,412.08342248816484
12.0,2025-12-28,7.0,,499.65193487029796,589.3216639553037
12.0,2025-12-28,8.0,,597.2343542953884,622.5439871581946
12.0,2025-12-28,9.0,,829.0267842732301,789.389615146142
12.0,2025-12-28,10.0,,954.9137993956139,1044.62110582495
12.0,2025-12-28,11.0,,1060.0095417365849,1098.850762251838
12.0,2025-12-28,12.0,,1088.3507549754115,1206.7184493841382
12.0,2025-12-28,13.0,,1234.592395021021,1402.5872346081967
12.0,2025-12-28,14.0,,1239.639659273168,1288.3839316638455
12.0,2025-12-28,15.0,,1148.3321051570417,1213.3115118396913
12.0,2025-12-28,16.0,,1223.224563607197,1411.1309664087848
12.0,2025-12-28,17.0,,1220.7738644357946,1328.8261558065687
12.0,2025-12-28,18.0,,1124.1245309393755,1150.8460949562416
12.0,2025-12-28,19.0,,848.881867010052,929.7475965543771
12.0,2025-12-28,20.0,,665.7573689801334,659.5986707943655
12.0,2025-12-28,21.0,,480.22845381979687,502.1369783322252
12.0,2025-12-28,22.0,,303.61160024903467,301.53837063207516
12.0,2025-12-28,23.0,,174.5370532155798,183.91995359308507
17.0,2025-12-28,0.0,,100.0881591908553,116.76375010357913
17.0,2025-12-28,1.0,,8.904472226084337,0.0
17.0,2025-12-28,2.0,,2.802479187359455e-34,0.0
17.0,2025-12-28,3.0,,2.802479187359455e-34,0.0
17.0,2025-12-28,4.0,,0.0,0.0
17.0,2025-12-28,5.0,,71.44588964965442,62.22336997575009
17.0,2025-12-28,6.0,,365.8517104364295,377.2739462323873
17.0,2025-12-28,7.0,,638.3909920873391,720.5544647101657
17.0,2025-12-28,8.0,,1021.4469751532071,1146.0547594669588
17.0,2025-12-28,9.0,,1405.2272195709131,1591.510623484112
17.0,2025-12-28,10.0,,1658.9855444902212,1900.1517206265435
17.0,2025-12-28,11.0,,2155.4837824471174,2370.692811975912
17.0,2025-12-28,12.0,,2429.9573196625365,2605.2458307300644
17.0,2025-12-28,13.0,,2578.517845232438,2775.974451491818
17.0,2025-12-28,14.0,,2609.8461998132784,2829.125283382685
17.0,2025-12-28,15.0,,2685.940441465198,2815.6707187455722
17.0,2025-12-28,16.0,,2725.967807981067,2966.945585120928
17.0,2025-12-28,17.0,,2596.413039135039,2785.6492333966844
17.0,2025-12-28,18.0,,2222.5214410052627,2487.9647388105113
17.0,2025-12-28,19.0,,1812.7715286409568,2083.871428018966
17.0,2025-12-28,20.0,,1317.9088396613597,1610.9938210632438
17.0,2025-12-28,21.0,,962.3944359520821,1102.6080549108322
17.0,2025-12-28,22.0,,635.7233429517939,670.6018957989648
17.0,2025-12-28,23.0,,266.2977866427958,299.1931309249692
25.0,2025-12-28,0.0,,0.0,0.0
25.0,2025-12-28,1.0,,2.802479187359455e-34,0.0
25.0,2025-12-28,2.0,,2.802479187359455e-34,0.0
25.0,2025-12-28,3.0,,2.802479187359455e-34,0.0
25.0,2025-12-28,4.0,,2.802479187359455e-34,0.0
25.0,2025-12-28,5.0,,0.0,0.0
25.0,2025-12-28,6.0,,33.35457203493983,31.064229501059387
25.0,2025-12-28,7.0,,86.2144722887046,85.43020213500431
25.0,2025-12-28,8.0,,141.14617176817066,168.66386339437526
25.0,2025-12-28,9.0,,184.30439964717297,152.9234261435613
25.0,2025-12-28,10.0,,167.44399447785884,156.41104063170536
25.0,2025-12-28,11.0,,220.80049647259938,215.13728867046896
25.0,2025-12-28,12.0,,252.6654214074025,253.21054862885464
25.0,2025-12-28,13.0,,357.68118894967984,351.5839763337517
25.0,2025-12-28,14.0,,364.018262000676,367.2065934209083
25.0,2025-12-28,15.0,,414.45672282210506,426.7957463740582
25.0,2025-12-28,16.0,,411.19553479033044,429.4019125737295
25.0,2025-12-28,17.0,,351.7525427340486,359.5804721663308
25.0,2025-12-28,18.0,,322.54135455686185,340.5243205629787
25.0,2025-12-28,19.0,,247.83051594449174,261.3196448076078
25.0,2025-12-28,20.0,,166.02228516703084,162.76303120204253
25.0,2025-12-28,21.0,,131.50584216110627,124.51252332627965
25.0,2025-12-28,22.0,,74.58677697477164,71.6481533161687
25.0,2025-12-28,23.0,,18.65028088347984,14.493907058522941
26.0,2025-12-28,0.0,,15.878719589627828,10.163280570033612
26.0,2025-12-28,1.0,,0.0,0.0
26.0,2025-12-28,2.0,,2.802479187359455e-34,0.0
26.0,2025-12-28,3.0,,2.802479187359455e-34,0.0
26.0,2025-12-28,4.0,,0.0,0.0
26.0,2025-12-28,5.0,,0.0,0.0
26.0,2025-12-28,6.0,,117.11603705695934,129.83792324813348
26.0,2025-12-28,7.0,,178.86853589193026,159.2687637158961
26.0,2025-12-28,8.0,,333.7466773055456,343.60765422494103
26.0,2025-12-28,9.0,,426.07023050585855,453.95556931589033
26.0,2025-12-28,10.0,,455.84538342382996,477.8851871209477
26.0,2025-12-28,11.0,,624.338897454467,605.3421185317826
26.0,2025-12-28,12.0,,671.2862127445638,659.9777315402405
26.0,2025-12-28,13.0,,671.178271657633,700.5897356456062
26.0,2025-12-28,14.0,,673.3935447606576,709.7478951909184
26.0,2025-12-28,15.0,,635.7836450756078,657.4272335670561
26.0,2025-12-28,16.0,,686.1284198405443,681.659762341325
26.0,2025-12-28,17.0,,642.3069076840037,637.8417300316141
26.0,2025-12-28,18.0,,564.0284179192851,611.4668013482919
26.0,2025-12-28,19.0,,467.92918583992474,512.2694624083816
26.0,2025-12-28,20.0,,322.95900780730943,342.0459327547881
26.0,2025-12-28,21.0,,246.42776946603675,251.21736483689514
26.0,2025-12-28,22.0,,118.70269783380598,99.81811865598657
26.0,2025-12-28,23.0,,79.42174092097349,72.7016846218185
28.0,2025-12-28,0.0,,1.1027439654455586,0.0
28.0,2025-12-28,1.0,,2.802479187359455e-34,0.0
28.0,2025-12-28,2.0,,2.802479187359455e-34,0.0
28.0,2025-12-28,3.0,,2.802479187359455e-34,0.0
28.0,2025-12-28,4.0,,0.0,0.0
28.0,2025-12-28,5.0,,11.511184186692754,0.0
28.0,2025-12-28,6.0,,71.47830229241579,32.55932209752233
28.0,2025-12-28,7.0,,85.91982171488068,77.72054443133206
28.0,2025-12-28,8.0,,203.91949471093756,196.30857853241613
28.0,2025-12-28,9.0,,295.0350024870746,271.69667871926623
28.0,2025-12-28,10.0,,329.4881811713881,306.1792194132968
28.0,2025-12-28,11.0,,346.2145144831279,321.15990761597277
28.0,2025-12-28,12.0,,404.46063318134793,398.51949691729834
28.0,2025-12-28,13.0,,434.09246210044074,422.5694794470114
28.0,2025-12-28,14.0,,423.5503624936374,420.5971223662525
28.0,2025-12-28,15.0,,421.4051283115451,424.0367052654576
28.0,2025-12-28,16.0,,413.7866372001667,435.5769985825278
28.0,2025-12-28,17.0,,415.0819760272419,426.7934046498665
28.0,2025-12-28,18.0,,339.576744552305,365.0856240077061
28.0,2025-12-28,19.0,,268.11864465589014,299.4950022555904
28.0,2025-12-28,20.0,,226.43425495877256,269.2174556708559
28.0,2025-12-28,21.0,,204.71497501109997,192.0290424567678
28.0,2025-12-28,22.0,,80.51964566914927,79.33228806764025
28.0,2025-12-28,23.0,,3.2985653843713014,0.0
50.0,2025-12-28,0.0,,1.9024206571036995,8.727634735325614
50.0,2025-12-28,1.0,,0.0,0.0
50.0,2025-12-28,2.0,,0.0,0.0
50.0,2025-12-28,3.0,,2.802479187359455e-34,0.0
50.0,2025-12-28,4.0,,0.0,0.0
50.0,2025-12-28,5.0,,18.547134877297655,0.0
50.0,2025-12-28,6.0,,170.04122762975794,152.4979537284414
50.0,2025-12-28,7.0,,225.03686120846197,229.11908268321798
50.0,2025-12-28,8.0,,375.6550812777398,451.0779451850622
50.0,2025-12-28,9.0,,494.9214054540537,518.834922782421
50.0,2025-12-28,10.0,,477.4440690614616,473.9051355012847
50.0,2025-12-28,11.0,,585.4129059258352,581.0591938960494
50.0,2025-12-28,12.0,,655.84952660854,647.8417495874271
50.0,2025-12-28,13.0,,722.0930005751673,690.8240396465245
50.0,2025-12-28,14.0,,728.4523915345145,698.6364758975541
50.0,2025-12-28,15.0,,653.7556946072499,670.842219762612
50.0,2025-12-28,16.0,,701.2498278549842,677.1715238273813
50.0,2025-12-28,17.0,,684.6159484420754,721.3803220591859
50.0,2025-12-28,18.0,,571.453141373131,600.6516507853344
50.0,2025-12-28,19.0,,499.6325388204937,501.124268835643
50.0,2025-12-28,20.0,,397.7669569255008,423.47363813116306
50.0,2025-12-28,21.0,,285.15174214962957,358.00678349060036
50.0,2025-12-28,22.0,,159.45409292172639,156.01198601945623
50.0,2025-12-28,23.0,,108.4888863248543,90.63798858980387
1.0,2025-12-29,0.0,,0.0,0.0
1.0,2025-12-29,1.0,,2.802479187359455e-34,0.0
1.0,2025-12-29,2.0,,2.802479187359455e-34,0.0
1.0,2025-12-29,3.0,,2.802479187359455e-34,0.0
1.0,2025-12-29,4.0,,0.0,0.0
1.0,2025-12-29,5.0,,102.46988789428079,105.21471166570205
1.0,2025-12-29,6.0,,463.1837282007937,475.1268053570927
1.0,2025-12-29,7.0,,1259.2672764078234,1268.1262481876342
1.0,2025-12-29,8.0,,1594.5220235924032,1745.3435672341034
1.0,2025-12-29,9.0,,1279.893189211215,1352.6473711222584
1.0,2025-12-29,10.0,,1191.7067878553148,1221.3566461958683
1.0,2025-12-29,11.0,,1205.1080329973186,1272.8741133722283
1.0,2025-12-29,12.0,,1254.6014325572926,1342.567127604291
1.0,2025-12-29,13.0,,1312.0988764788274,1340.2497444691137
1.0,2025-12-29,14.0,,1228.2403158735542,1328.8066627172987
1.0,2025-12-29,15.0,,1331.8919757981928,1381.795876891203
1.0,2025-12-29,16.0,,1321.2356562946375,1366.964299611207
1.0,2025-12-29,17.0,,1571.8723461339666,1648.612638964244
1.0,2025-12-29,18.0,,1537.6410236235758,1651.1793969935793
1.0,2025-12-29,19.0,,1154.1494680333478,1269.5454863291934
1.0,2025-12-29,20.0,,778.8325695215482,802.6406033754943
1.0,2025-12-29,21.0,,440.45627464771053,439.46498902198647
1.0,2025-12-29,22.0,,192.22314823995345,165.39426776204039
1.0,2025-12-29,23.0,,53.02364639031661,45.67017077597388
5.0,2025-12-29,0.0,,0.0,0.0
5.0,2025-12-29,1.0,,0.0,0.0
5.0,2025-12-29,2.0,,0.0,0.0
5.0,2025-12-29,3.0,,0.0,0.0
5.0,2025-12-29,4.0,,0.0,0.0
5.0,2025-12-29,5.0,,0.0,0.0
5.0,2025-12-29,6.0,,0.0,0.0
5.0,2025-12-29,7.0,,0.0,0.0
5.0,2025-12-29,8.0,,0.0,0.0
5.0,2025-12-29,9.0,,0.0,0.0
5.0,2025-12-29,10.0,,0.0,0.0
5.0,2025-12-29,11.0,,0.0,0.0
5.0,2025-12-29,12.0,,0.0,0.0
5.0,2025-12-29,13.0,,0.0,0.0
5.0,2025-12-29,14.0,,0.0,0.0
5.0,2025-12-29,15.0,,0.0,0.0
5.0,2025-12-29,16.0,,0.0,0.0
5.0,2025-12-29,17.0,,0.0,0.0
5.0,2025-12-29,18.0,,0.0,0.0
5.0,2025-12-29,19.0,,0.0,0.0
5.0,2025-12-29,20.0,,0.0,0.0
5.0,2025-12-29,21.0,,0.0,0.0
5.0,2025-12-29,22.0,,0.0,0.0
5.0,2025-12-29,23.0,,0.0,0.0
7.0,2025-12-29,0.0,,31.160168809994335,36.06428600590249
7.0,2025-12-29,1.0,,0.0,0.0
7.0,2025-12-29,2.0,,2.802479187359455e-34,0.0
7.0,2025-12-29,3.0,,2.802479187359455e-34,0.0
7.0,2025-12-29,4.0,,0.0,0.0
7.0,2025-12-29,5.0,,153.16578150665768,179.48623089853095
7.0,2025-12-29,6.0,,652.7542512619224,665.0336259609982
7.0,2025-12-29,7.0,,1424.6669643989342,1522.0044574510887
7.0,2025-12-29,8.0,,2124.478189600235,2404.0100581118413
7.0,2025-12-29,9.0,,1663.9677235807144,1733.759807562728
7.0,2025-12-29,10.0,,1521.886939018731,1509.8750038053713
7.0,2025-12-29,11.0,,1322.3068281063383,1411.6648244483918
7.0,2025-12-29,12.0,,1406.3291772875234,1454.507145915281
7.0,2025-12-29,13.0,,1411.956277042822,1475.8101823662766
7.0,2025-12-29,14.0,,1486.686644165725,1593.4243851195567
7.0,2025-12-29,15.0,,1561.9788652349523,1708.0756378746112
7.0,2025-12-29,16.0,,1661.5531908871612,1837.989745364601
7.0,2025-12-29,17.0,,2075.249921906487,2169.8836715493644
7.0,2025-12-29,18.0,,2258.767436653099,2492.0557903439644
7.0,2025-12-29,19.0,,1601.222829662203,1606.8465482808956
7.0,2025-12-29,20.0,,1011.4963959517758,994.2376448613481
7.0,2025-12-29,21.0,,563.4414553829794,591.0772085858392
7.0,2025-12-29,22.0,,275.3173293300142,273.8215168681418
7.0,2025-12-29,23.0,,176.41703720395395,168.82103417385414
11.0,2025-12-29,0.0,,55.08100602501654,53.316773362070066
11.0,2025-12-29,1.0,,0.0,0.0
11.0,2025-12-29,2.0,,2.802479187359455e-34,0.0
11.0,2025-12-29,3.0,,2.802479187359455e-34,0.0
11.0,2025-12-29,4.0,,0.0,0.0
11.0,2025-12-29,5.0,,239.52775341338037,254.87650951843798
11.0,2025-12-29,6.0,,1169.624778273986,1231.6732966716881
11.0,2025-12-29,7.0,,2094.9721106122643,2245.667904711637
11.0,2025-12-29,8.0,,2761.4217299382112,3003.135376099121
11.0,2025-12-29,9.0,,2206.3384295412734,2311.423556929137
11.0,2025-12-29,10.0,,1634.131370550316,1749.2108742369423
11.0,2025-12-29,11.0,,1650.5220969083457,1780.018271021855
11.0,2025-12-29,12.0,,1661.4871507990802,1704.46449805769
11.0,2025-12-29,13.0,,1847.338713219002,1881.9542778247273
11.0,2025-12-29,14.0,,1771.513214909419,1896.2774387676354
11.0,2025-12-29,15.0,,1879.1661237233163,1920.6660809074665
11.0,2025-12-29,16.0,,2048.236542461756,2188.6452905167353
11.0,2025-12-29,17.0,,2548.6199344249544,2803.6136085825747
11.0,2025-12-29,18.0,,2697.0786325634895,2920.3181895810662
11.0,2025-12-29,19.0,,2038.3112888546837,2245.880335660612
11.0,2025-12-29,20.0,,1410.1300034121325,1448.1301359168635
11.0,2025-12-29,21.0,,763.2081263506186,816.3874618721388
11.0,2025-12-29,22.0,,384.80539393158114,373.901150030991
11.0,2025-12-29,23.0,,206.84787198814348,224.39003066371296
12.0,2025-12-29,0.0,,54.128897758487255,22.849127948676657
12.0,2025-12-29,1.0,,0.0,0.0
12.0,2025-12-29,2.0,,2.802479187359455e-34,0.0
12.0,2025-12-29,3.0,,2.802479187359455e-34,0.0
12.0,2025-12-29,4.0,,0.3211196961059204,0.0
12.0,2025-12-29,5.0,,271.92194912473434,281.48106486533226
12.0,2025-12-29,6.0,,1218.8233123949321,1270.976512204443
12.0,2025-12-29,7.0,,2348.144724508626,2523.4276705139773
12.0,2025-12-29,8.0,,3235.937022705248,3146.3890431854243
12.0,2025-12-29,9.0,,2257.5939274114216,2294.294230715335
12.0,2025-12-29,10.0,,1958.937488660908,1991.0823150135589
12.0,2025-12-29,11.0,,1837.6750336584525,1926.6869193348318
12.0,2025-12-29,12.0,,1945.6679516805632,1953.087476461608
12.0,2025-12-29,13.0,,1930.195805688647,1995.0253834967673
12.0,2025-12-29,14.0,,1959.4190516869198,1928.9250296525402
12.0,2025-12-29,15.0,,2113.3860853198826,2132.062594783178
12.0,2025-12-29,16.0,,2514.8839197554953,2616.5372591409405
12.0,2025-12-29,17.0,,2734.6120076791535,2839.3229608459947
12.0,2025-12-29,18.0,,2847.807521190818,2972.746613147716
12.0,2025-12-29,19.0,,2243.279827437342,2323.6857355963953
12.0,2025-12-29,20.0,,1427.434067415545,1470.5242850172071
12.0,2025-12-29,21.0,,856.379674885045,905.799030647295
12.0,2025-12-29,22.0,,414.8249785921347,418.10447220032324
12.0,2025-12-29,23.0,,206.35358071604537,196.71686118360643
17.0,2025-12-29,0.0,,28.66665046558504,64.38927141872622
17.0,2025-12-29,1.0,,1.92408422018101,2.165930099938961
17.0,2025-12-29,2.0,,2.802479187359455e-34,0.0
17.0,2025-12-29,3.0,,2.802479187359455e-34,0.0
17.0,2025-12-29,4.0,,21.066036516990913,0.9503239645466649
17.0,2025-12-29,5.0,,260.9642829732353,270.83376415476937
17.0,2025-12-29,6.0,,1432.3708440111536,1454.9875973860474
17.0,2025-12-29,7.0,,3835.5547762687565,3780.1203550378013
17.0,2025-12-29,8.0,,5129.1451375510915,5079.3986502613925
17.0,2025-12-29,9.0,,3558.790908464245,3604.031456413084
17.0,2025-12-29,10.0,,2664.341319064323,2853.9991470773734
17.0,2025-12-29,11.0,,2657.2440436580428,2923.883625100806
17.0,2025-12-29,12.0,,2696.528968678884,2876.1745367855515
17.0,2025-12-29,13.0,,2736.253142804103,2956.1312794935634
17.0,2025-12-29,14.0,,2761.794885082426,3018.898190926249
17.0,2025-12-29,15.0,,2933.748579934918,3173.948910859593
17.0,2025-12-29,16.0,,3414.6337039325517,3593.2835769069993
17.0,2025-12-29,17.0,,4319.969104585021,4321.061664193365
17.0,2025-12-29,18.0,,4671.172976519538,4723.175300782393
17.0,2025-12-29,19.0,,3277.7203881811165,3377.5689673994802
17.0,2025-12-29,20.0,,2196.410304514977,2228.393603025282
17.0,2025-12-29,21.0,,1378.404786844896,1392.87218256476
17.0,2025-12-29,22.0,,698.0895481919916,709.4059426617575
17.0,2025-12-29,23.0,,316.8140681205105,337.79759009666617
25.0,2025-12-29,0.0,,0.0,0.0
25.0,2025-12-29,1.0,,2.802479187359455e-34,0.0
25.0,2025-12-29,2.0,,2.802479187359455e-34,0.0
25.0,2025-12-29,3.0,,2.802479187359455e-34,0.0
25.0,2025-12-29,4.0,,2.802479187359455e-34,0.0
25.0,2025-12-29,5.0,,5.462674777251007,3.3409799502012647
25.0,2025-12-29,6.0,,153.63231173354578,156.37153927932408
25.0,2025-12-29,7.0,,465.32750495361665,479.55693231521354
25.0,2025-12-29,8.0,,767.9035304949958,771.9201112267958
25.0,2025-12-29,9.0,,401.0768905186181,382.86699443378495
25.0,2025-12-29,10.0,,302.256333813631,304.6298836597948
25.0,2025-12-29,11.0,,320.7380969126594,342.0444613637012
25.0,2025-12-29,12.0,,321.5751999101174,319.08394434953215
25.0,2025-12-29,13.0,,408.11090078414225,413.51249126083616
25.0,2025-12-29,14.0,,364.05616992511034,366.31969109585634
25.0,2025-12-29,15.0,,411.4398698116952,444.6325613912702
25.0,2025-12-29,16.0,,565.2248847857128,596.4068957839048
25.0,2025-12-29,17.0,,592.1079246314549,634.4211257867241
25.0,2025-12-29,18.0,,610.0780554677509,663.9789046048936
25.0,2025-12-29,19.0,,416.8047457002993,437.0411742362881
25.0,2025-12-29,20.0,,241.0412402507429,270.2577420877248
25.0,2025-12-29,21.0,,151.71496234823508,162.3399617187285
25.0,2025-12-29,22.0,,88.75943539823884,88.7233299024396
25.0,2025-12-29,23.0,,7.194068588898593,0.0
26.0,2025-12-29,0.0,,11.08792185309302,0.0
26.0,2025-12-29,1.0,,0.0,0.0
26.0,2025-12-29,2.0,,2.802479187359455e-34,0.0
26.0,2025-12-29,3.0,,2.802479187359455e-34,0.0
26.0,2025-12-29,4.0,,0.0,0.0
26.0,2025-12-29,5.0,,51.39752698456537,49.810170403035556
26.0,2025-12-29,6.0,,413.29716105851907,427.31567953211123
26.0,2025-12-29,7.0,,953.9259342918738,927.2950819051981
26.0,2025-12-29,8.0,,1774.0029756126783,1936.681617715551
26.0,2025-12-29,9.0,,1282.806276776245,1305.5912024335764
26.0,2025-12-29,10.0,,1046.7941081225374,1095.707595870584
26.0,2025-12-29,11.0,,968.2508245070986,1082.5862222463988
26.0,2025-12-29,12.0,,1001.504363452674,994.8644823340421
26.0,2025-12-29,13.0,,1068.2605796274156,1056.330149057645
26.0,2025-12-29,14.0,,1068.5353484026978,1067.9275607801205
26.0,2025-12-29,15.0,,1117.4834681655448,1233.4886253086404
26.0,2025-12-29,16.0,,1303.9080959461996,1332.6992025686852
26.0,2025-12-29,17.0,,1466.3632020633693,1504.094560613682
26.0,2025-12-29,18.0,,1521.5335078372739,1670.574918894714
26.0,2025-12-29,19.0,,1096.1496634896764,1144.6354454364302
26.0,2025-12-29,20.0,,656.0435402589524,684.1374800022395
26.0,2025-12-29,21.0,,395.2582009844406,402.97599419276224
26.0,2025-12-29,22.0,,173.2099486000573,163.51566677716855
26.0,2025-12-29,23.0,,92.37989779873782,92.42599422032673
28.0,2025-12-29,0.0,,1.1027439654455586,0.0
28.0,2025-12-29,1.0,,2.802479187359455e-34,0.0
28.0,2025-12-29,2.0,,2.802479187359455e-34,0.0
28.0,2025-12-29,3.0,,2.802479187359455e-34,0.0
28.0,2025-12-29,4.0,,0.0,0.0
28.0,2025-12-29,5.0,,49.38603722568733,53.21773431770109
28.0,2025-12-29,6.0,,224.33491668569638,216.9466921982923
28.0,2025-12-29,7.0,,678.5844092924024,665.8890554500075
28.0,2025-12-29,8.0,,1041.3310456848365,1055.4741404986878
28.0,2025-12-29,9.0,,789.0390636811268,758.8517120397993
28.0,2025-12-29,10.0,,580.6995698359772,552.7549341004869
28.0,2025-12-29,11.0,,493.9261997915886,498.84506836944513
28.0,2025-12-29,12.0,,609.977688716764,607.6348752994701
28.0,2025-12-29,13.0,,632.4372472197658,633.5183838574925
28.0,2025-12-29,14.0,,576.6759925200578,574.7321651443856
28.0,2025-12-29,15.0,,581.5870107958792,588.5097577769819
28.0,2025-12-29,16.0,,714.754637431684,740.4293307889792
28.0,2025-12-29,17.0,,838.3308329380195,862.6203122909807
28.0,2025-12-29,18.0,,802.3003037454682,847.2088655528112
28.0,2025-12-29,19.0,,635.1633131266434,671.5639267160963
28.0,2025-12-29,20.0,,394.147910309316,405.6211803791729
28.0,2025-12-29,21.0,,278.3170185226063,271.1087229962469
28.0,2025-12-29,22.0,,102.11757356256035,106.69898203573355
28.0,2025-12-29,23.0,,11.463162092842198,15.79722586825971
50.0,2025-12-29,0.0,,0.0,0.0
50.0,2025-12-29,1.0,,0.0,0.0
50.0,2025-12-29,2.0,,0.0,0.0
50.0,2025-12-29,3.0,,2.802479187359455e-34,0.0
50.0,2025-12-29,4.0,,0.0,0.0
50.0,2025-12-29,5.0,,60.057617853824254,52.18291500792491
50.0,2025-12-29,6.0,,477.56275063710035,481.32269841547367
50.0,2025-12-29,7.0,,1523.2166317362273,1610.8423389902757
50.0,2025-12-29,8.0,,2403.485434573418,2630.2092317140346
50.0,2025-12-29,9.0,,1960.811010361362,2042.3888372404488
50.0,2025-12-29,10.0,,1534.2333025082132,1593.4261614216184
50.0,2025-12-29,11.0,,1459.2629625937443,1510.429528702472
50.0,2025-12-29,12.0,,1322.2872514606433,1414.684692455418
50.0,2025-12-29,13.0,,1332.017455066625,1362.8909517469356
50.0,2025-12-29,14.0,,1318.6006040902391,1326.0620040205768
50.0,2025-12-29,15.0,,1512.043576065965,1506.1837032064022
50.0,2025-12-29,16.0,,1521.251634336028,1576.2414536716085
50.0,2025-12-29,17.0,,2061.741992049411,2215.5000731645864
50.0,2025-12-29,18.0,,2104.562298523822,2327.366134974424
50.0,2025-12-29,19.0,,1291.2938451450354,1378.5782093450518
50.0,2025-12-29,20.0,,837.7935496205674,842.8197710879865
50.0,2025-12-29,21.0,,539.2375603259497,589.5637113746748
50.0,2025-12-29,22.0,,228.01551654369604,226.82945414469
50.0,2025-12-29,23.0,,118.13718964875765,106.158242628221
1.0,2025-12-30,0.0,,1.4779691766669092,0.0
1.0,2025-12-30,1.0,,2.802479187359455e-34,0.0
1.0,2025-12-30,2.0,,2.802479187359455e-34,0.0
1.0,2025-12-30,3.0,,2.802479187359455e-34,0.0
1.0,2025-12-30,4.0,,0.0,0.0
1.0,2025-12-30,5.0,,85.60726653397721,56.78622688720602
1.0,2025-12-30,6.0,,465.72239851192853,445.28191179995054
1.0,2025-12-30,7.0,,1285.518025298707,1241.1248962572272
1.0,2025-12-30,8.0,,1647.229202634951,1730.0415515853338
1.0,2025-12-30,9.0,,1311.239114189203,1316.293866453452
1.0,2025-12-30,10.0,,1160.7721139275661,1148.0794397143773
1.0,2025-12-30,11.0,,1179.5663260663255,1202.7866821014666
1.0,2025-12-30,12.0,,1208.487094394395,1134.588542806247
1.0,2025-12-30,13.0,,1269.6295711289636,1216.3969796576762
1.0,2025-12-30,14.0,,1178.9166612809174,1150.353954549674
1.0,2025-12-30,15.0,,1277.2017473350686,1266.3508933785556
1.0,2025-12-30,16.0,,1256.9319905441644,1245.6826655289804
1.0,2025-12-30,17.0,,1518.5432788023147,1559.4291952841324
1.0,2025-12-30,18.0,,1496.959583953011,1491.3331858339811
1.0,2025-12-30,19.0,,1117.3852257448505,1149.365028979633
1.0,2025-12-30,20.0,,725.9589529890973,711.281868967387
1.0,2025-12-30,21.0,,378.29606387916385,353.5555067171541
1.0,2025-12-30,22.0,,171.00256930990943,143.09175602380694
1.0,2025-12-30,23.0,,0.0,0.0
5.0,2025-12-30,0.0,,0.0,0.0
5.0,2025-12-30,1.0,,0.0,0.0
5.0,2025-12-30,2.0,,0.0,0.0
5.0,2025-12-30,3.0,,0.0,0.0
5.0,2025-12-30,4.0,,0.0,0.0
5.0,2025-12-30,5.0,,0.0,0.0
5.0,2025-12-30,6.0,,0.0,0.0
5.0,2025-12-30,7.0,,0.0,0.0
5.0,2025-12-30,8.0,,0.0,0.0
5.0,2025-12-30,9.0,,0.0,0.0
5.0,2025-12-30,10.0,,0.0,0.0
5.0,2025-12-30,11.0,,0.0,0.0
5.0,2025-12-30,12.0,,0.0,0.0
5.0,2025-12-30,13.0,,0.0,0.0
5.0,2025-12-30,14.0,,0.0,0.0
5.0,2025-12-30,15.0,,0.0,0.0
5.0,2025-12-30,16.0,,0.0,0.0
5.0,2025-12-30,17.0,,0.0,0.0
5.0,2025-12-30,18.0,,0.0,0.0
5.0,2025-12-30,19.0,,0.0,0.0
5.0,2025-12-30,20.0,,0.0,0.0
5.0,2025-12-30,21.0,,0.0,0.0
5.0,2025-12-30,22.0,,0.0,0.0
5.0,2025-12-30,23.0,,0.0,0.0
7.0,2025-12-30,0.0,,1.2211168446381708,0.0
7.0,2025-12-30,1.0,,0.0,0.0
7.0,2025-12-30,2.0,,2.802479187359455e-34,0.0
7.0,2025-12-30,3.0,,2.802479187359455e-34,0.0
7.0,2025-12-30,4.0,,0.0,0.0
7.0,2025-12-30,5.0,,142.86775066530197,119.07658696398535
7.0,2025-12-30,6.0,,612.477385382072,624.234939268533
7.0,2025-12-30,7.0,,1449.4228146787013,1496.7445007777208
7.0,2025-12-30,8.0,,2110.067964989433,2344.9145465292736
7.0,2025-12-30,9.0,,1717.2304325097393,1695.0488600039725
7.0,2025-12-30,10.0,,1515.3730679170294,1478.129328977902
7.0,2025-12-30,11.0,,1349.0854875748234,1379.2375033454448
7.0,2025-12-30,12.0,,1416.0904351739512,1442.8537377930288
7.0,2025-12-30,13.0,,1394.316923299657,1441.4641814953827
7.0,2025-12-30,14.0,,1454.309135660392,1469.5577932885733
7.0,2025-12-30,15.0,,1568.8259512144857,1642.91938212391
7.0,2025-12-30,16.0,,1678.5013156326618,1801.7219669967951
7.0,2025-12-30,17.0,,2027.1439886839682,2105.102276273296
7.0,2025-12-30,18.0,,2172.467028202146,2321.650514163562
7.0,2025-12-30,19.0,,1593.9662327101437,1561.393047082565
7.0,2025-12-30,20.0,,991.9315485876626,929.6086927758103
7.0,2025-12-30,21.0,,535.365403790547,601.3580783141421
7.0,2025-12-30,22.0,,249.3574636507832,212.13294156412624
7.0,2025-12-30,23.0,,126.83879882661034,127.37770211832412
11.0,2025-12-30,0.0,,16.527914017440587,0.0
11.0,2025-12-30,1.0,,0.0,0.0
11.0,2025-12-30,2.0,,2.802479187359455e-34,0.0
11.0,2025-12-30,3.0,,2.802479187359455e-34,0.0
11.0,2025-12-30,4.0,,0.0,0.0
11.0,2025-12-30,5.0,,217.07103426437286,267.86525647336015
11.0,2025-12-30,6.0,,1164.1291868269013,1187.8555190173897
11.0,2025-12-30,7.0,,2080.399983995353,2203.0141894377516
11.0,2025-12-30,8.0,,2607.7981009639316,2835.3328086544047
11.0,2025-12-30,9.0,,2156.0587113795127,2200.794180877152
11.0,2025-12-30,10.0,,1660.2270403107939,1717.289348717278
11.0,2025-12-30,11.0,,1605.9888476092476,1744.6300396880115
11.0,2025-12-30,12.0,,1636.3745959115088,1692.731396586298
11.0,2025-12-30,13.0,,1798.0085220081626,1851.461119874225
11.0,2025-12-30,14.0,,1714.7826776407026,1818.341878698035
11.0,2025-12-30,15.0,,1820.2740871978638,1839.5463532613503
11.0,2025-12-30,16.0,,2003.9179867963328,2113.4936905716454
11.0,2025-12-30,17.0,,2469.4805929430454,2679.2084489659396
11.0,2025-12-30,18.0,,2513.0631651315352,2826.235158118078
11.0,2025-12-30,19.0,,1940.437135050064,2187.1072116235378
11.0,2025-12-30,20.0,,1310.858635213122,1342.584004637546
11.0,2025-12-30,21.0,,722.0320521141742,830.034149794371
11.0,2025-12-30,22.0,,341.59139652984015,302.3534305374014
11.0,2025-12-30,23.0,,182.02498565552372,154.15503794825872
12.0,2025-12-30,0.0,,12.528085357962192,0.0
12.0,2025-12-30,1.0,,0.0,0.0
12.0,2025-12-30,2.0,,2.802479187359455e-34,0.0
12.0,2025-12-30,3.0,,2.802479187359455e-34,0.0
12.0,2025-12-30,4.0,,0.0,0.0
12.0,2025-12-30,5.0,,254.76236817900278,296.44490070237833
12.0,2025-12-30,6.0,,1275.7415852252088,1254.6902094901757
12.0,2025-12-30,7.0,,2311.444307242489,2487.1553328293435
12.0,2025-12-30,8.0,,3074.745504971619,3041.2133325551604
12.0,2025-12-30,9.0,,2159.9001583588242,2262.919832492793
12.0,2025-12-30,10.0,,1857.0848652513428,1958.9180894718788
12.0,2025-12-30,11.0,,1749.1658096957365,1951.1404933749423
12.0,2025-12-30,12.0,,1814.374063987464,1843.987544883743
12.0,2025-12-30,13.0,,1800.2492494225069,1923.3462873906485
12.0,2025-12-30,14.0,,1788.5539580349878,1866.1001668538745
12.0,2025-12-30,15.0,,1968.4575448815253,2082.4787252337464
12.0,2025-12-30,16.0,,2352.8668656096415,2526.4224564388387
12.0,2025-12-30,17.0,,2537.52888186156,2788.094551440191
12.0,2025-12-30,18.0,,2643.8831957130287,2841.102554536465
12.0,2025-12-30,19.0,,2167.497255956081,2291.0486941452423
12.0,2025-12-30,20.0,,1333.1749927482613,1432.1797939600283
12.0,2025-12-30,21.0,,777.3513446247882,907.2159277877618
12.0,2025-12-30,22.0,,383.10772378593055,362.2371445484922
12.0,2025-12-30,23.0,,199.16147178873567,126.34826147770572
17.0,2025-12-30,0.0,,41.71819519685928,78.26646923584522
17.0,2025-12-30,1.0,,0.0,0.0
17.0,2025-12-30,2.0,,2.802479187359455e-34,0.0
17.0,2025-12-30,3.0,,2.802479187359455e-34,0.0
17.0,2025-12-30,4.0,,0.0,0.0
17.0,2025-12-30,5.0,,247.7070684882025,225.3804003565719
17.0,2025-12-30,6.0,,1387.8484239030493,1481.3794609446138
17.0,2025-12-30,7.0,,3708.5484065777364,3745.1808604888715
17.0,2025-12-30,8.0,,4847.962218692474,4861.5974727963385
17.0,2025-12-30,9.0,,3466.65047352244,3681.367907350645
17.0,2025-12-30,10.0,,2550.841717912691,2938.267890356577
17.0,2025-12-30,11.0,,2548.9514988431347,2803.5925784334386
17.0,2025-12-30,12.0,,2582.809480845913,2842.965756273302
17.0,2025-12-30,13.0,,2681.159020442966,2893.2296346193134
17.0,2025-12-30,14.0,,2687.5122819900266,2951.5653825472077
17.0,2025-12-30,15.0,,2893.165625319348,3125.301317142364
17.0,2025-12-30,16.0,,3315.9101637695107,3608.5994834856338
17.0,2025-12-30,17.0,,4234.236592304521,4275.636188424668
17.0,2025-12-30,18.0,,4403.373178051834,4507.9263791773155
17.0,2025-12-30,19.0,,3171.1666892405065,3350.1560616328084
17.0,2025-12-30,20.0,,2127.0458067047352,2284.365074255767
17.0,2025-12-30,21.0,,1310.3982833288756,1470.092378163282
17.0,2025-12-30,22.0,,621.5898510891984,736.2648614168186
17.0,2025-12-30,23.0,,314.0044041769761,328.6785444361557
25.0,2025-12-30,0.0,,1.6842410350996948,2.598117033032248e-10
25.0,2025-12-30,1.0,,2.802479187359455e-34,0.0
25.0,2025-12-30,2.0,,2.802479187359455e-34,0.0
25.0,2025-12-30,3.0,,2.802479187359455e-34,0.0
25.0,2025-12-30,4.0,,2.802479187359455e-34,0.0
25.0,2025-12-30,5.0,,0.16178127193099126,0.0
25.0,2025-12-30,6.0,,121.95087386960142,74.86743804360381
25.0,2025-12-30,7.0,,417.18703890860576,453.08379998020985
25.0,2025-12-30,8.0,,741.5541951114931,742.4158013870941
25.0,2025-12-30,9.0,,379.7447704870027,310.60278956945274
25.0,2025-12-30,10.0,,291.41065132127255,231.207367819101
25.0,2025-12-30,11.0,,309.252728167141,277.7428902304289
25.0,2025-12-30,12.0,,304.58103999591134,253.15738747612312
25.0,2025-12-30,13.0,,419.96701695411696,422.23037301427837
25.0,2025-12-30,14.0,,344.8113110451896,348.39985834219476
25.0,2025-12-30,15.0,,476.11954433075425,407.96521239386027
25.0,2025-12-30,16.0,,543.0450164874873,547.9486324446474
25.0,2025-12-30,17.0,,576.8024267380495,558.3556701524045
25.0,2025-12-30,18.0,,583.6318638003512,594.8416747351022
25.0,2025-12-30,19.0,,392.4820438721566,359.7394099662044
25.0,2025-12-30,20.0,,241.17534080892838,216.9437463624852
25.0,2025-12-30,21.0,,138.12130396203932,94.02777486738127
25.0,2025-12-30,22.0,,46.07423380770176,15.93589110762048
25.0,2025-12-30,23.0,,4.907183991157699,0.0
26.0,2025-12-30,0.0,,0.0,0.0
26.0,2025-12-30,1.0,,0.0,0.0
26.0,2025-12-30,2.0,,2.802479187359455e-34,0.0
26.0,2025-12-30,3.0,,2.802479187359455e-34,0.0
26.0,2025-12-30,4.0,,0.0,0.0
26.0,2025-12-30,5.0,,35.37375137157586,0.0
26.0,2025-12-30,6.0,,403.2446754179026,376.769223031634
26.0,2025-12-30,7.0,,941.2120218778665,868.353830203173
26.0,2025-12-30,8.0,,1814.2453327614792,1912.168306786639
26.0,2025-12-30,9.0,,1262.2508156996782,1236.2729034603376
26.0,2025-12-30,10.0,,1016.0321028151708,1039.0479231371041
26.0,2025-12-30,11.0,,955.0435312667814,1021.9070819657948
26.0,2025-12-30,12.0,,972.0020225290607,935.470743722346
26.0,2025-12-30,13.0,,987.9147197187926,964.3900703140881
26.0,2025-12-30,14.0,,1039.9966381736303,1013.8932725693195
26.0,2025-12-30,15.0,,1085.7148143293384,1162.4881129767994
26.0,2025-12-30,16.0,,1278.4113064019969,1308.0118236405995
26.0,2025-12-30,17.0,,1447.5613660950921,1465.5670133475692
26.0,2025-12-30,18.0,,1533.4453050730585,1560.3566331008428
26.0,2025-12-30,19.0,,1072.7074850300755,1051.5384767673638
26.0,2025-12-30,20.0,,626.7117041803433,615.4292871348462
26.0,2025-12-30,21.0,,380.70090565485094,344.74039058978093
26.0,2025-12-30,22.0,,113.54831662569866,82.71988072647775
26.0,2025-12-30,23.0,,48.113484037242095,16.299719311336464
28.0,2025-12-30,0.0,,1.1027439654455586,0.0
28.0,2025-12-30,1.0,,2.802479187359455e-34,0.0
28.0,2025-12-30,2.0,,2.802479187359455e-34,0.0
28.0,2025-12-30,3.0,,2.802479187359455e-34,0.0
28.0,2025-12-30,4.0,,0.0,0.0
28.0,2025-12-30,5.0,,17.82133655288096,0.0
28.0,2025-12-30,6.0,,199.73034928704192,144.87898328174177
28.0,2025-12-30,7.0,,644.2383175578507,607.5701434851811
28.0,2025-12-30,8.0,,1034.648381095509,968.0944483600564
28.0,2025-12-30,9.0,,748.5350876185634,692.0145837920555
28.0,2025-12-30,10.0,,574.9217869956984,529.8619353424184
28.0,2025-12-30,11.0,,488.10317105763585,424.6846511218464
28.0,2025-12-30,12.0,,591.5804627120664,543.5069220224023
28.0,2025-12-30,13.0,,616.9341632588253,571.495707376253
28.0,2025-12-30,14.0,,563.3046445966676,521.1937219791434
28.0,2025-12-30,15.0,,580.9184680167654,537.4257737430216
28.0,2025-12-30,16.0,,743.2849779697876,707.2624852518146
28.0,2025-12-30,17.0,,841.758125529285,829.3981781235104
28.0,2025-12-30,18.0,,788.1220765614839,769.6713989560421
28.0,2025-12-30,19.0,,583.2823186424155,589.3934673806295
28.0,2025-12-30,20.0,,377.35095531127064,413.787823166317
28.0,2025-12-30,21.0,,269.70748379044625,206.46377844862198
28.0,2025-12-30,22.0,,72.15626900911147,37.81939694137742
28.0,2025-12-30,23.0,,0.0,0.0
50.0,2025-12-30,0.0,,0.0,0.0
50.0,2025-12-30,1.0,,0.0,0.0
50.0,2025-12-30,2.0,,0.0,2.598117033032248e-10
50.0,2025-12-30,3.0,,2.802479187359455e-34,0.0
50.0,2025-12-30,4.0,,0.0,0.0
50.0,2025-12-30,5.0,,35.185940534864756,6.101915501568943
50.0,2025-12-30,6.0,,497.5199686169324,506.5349059770555
50.0,2025-12-30,7.0,,1577.7923086830804,1596.5360445382473
50.0,2025-12-30,8.0,,2361.792593940474,2550.208995010643
50.0,2025-12-30,9.0,,1940.6316620672096,1982.5173906195805
50.0,2025-12-30,10.0,,1530.9606950561863,1589.9574594181706
50.0,2025-12-30,11.0,,1456.4942253761096,1438.422779507882
50.0,2025-12-30,12.0,,1348.8322576413393,1392.6408497298983
50.0,2025-12-30,13.0,,1333.6093413251765,1317.2119376534622
50.0,2025-12-30,14.0,,1273.6535968817113,1241.7242435841924
50.0,2025-12-30,15.0,,1515.2225577509323,1411.2874206676076
50.0,2025-12-30,16.0,,1559.4115364850331,1532.1617481837716
50.0,2025-12-30,17.0,,2024.2593065167619,2142.390890946936
50.0,2025-12-30,18.0,,1986.7542805209782,2135.1128575686025
50.0,2025-12-30,19.0,,1271.881288809056,1240.1103949226726
50.0,2025-12-30,20.0,,808.1614558700009,770.9718893314971
50.0,2025-12-30,21.0,,498.89477898752017,526.8854081440613
50.0,2025-12-30,22.0,,196.73965096642175,134.7864013475911
50.0,2025-12-30,23.0,,92.21440915402648,42.792927985307735
1.0,2025-12-31,0.0,,0.0,0.0
1.0,2025-12-31,1.0,,2.802479187359455e-34,0.0
1.0,2025-12-31,2.0,,2.802479187359455e-34,0.0
1.0,2025-12-31,3.0,,2.802479187359455e-34,0.0
1.0,2025-12-31,4.0,,0.0,0.0
1.0,2025-12-31,5.0,,0.0,0.0
1.0,2025-12-31,6.0,,156.9591110438194,131.40797108493905
1.0,2025-12-31,7.0,,233.56904492693363,332.08837447480903
1.0,2025-12-31,8.0,,260.7615210518777,440.7083928277865
1.0,2025-12-31,9.0,,428.9124261556666,473.383053304129
1.0,2025-12-31,10.0,,405.2695746093159,446.76048829611125
1.0,2025-12-31,11.0,,410.5599179163315,457.86404103760714
1.0,2025-12-31,12.0,,527.1563176527429,558.9521047051518
1.0,2025-12-31,13.0,,553.043794642316,643.0317308978879
1.0,2025-12-31,14.0,,506.2979081727081,573.7218186855944
1.0,2025-12-31,15.0,,488.46472640973076,495.2423499620454
1.0,2025-12-31,16.0,,419.95337210306735,474.26035218883845
1.0,2025-12-31,17.0,,406.95203130617836,526.0072342560409
1.0,2025-12-31,18.0,,345.99221240562434,489.61388981694023
1.0,2025-12-31,19.0,,285.6498146665112,352.07905556951084
1.0,2025-12-31,20.0,,242.31668553356994,330.2167256150501
1.0,2025-12-31,21.0,,263.5232842219298,260.32154858786663
1.0,2025-12-31,22.0,,77.69346213886077,70.83838827886137
1.0,2025-12-31,23.0,,0.0,0.0
5.0,2025-12-31,0.0,,0.0,0.0
5.0,2025-12-31,1.0,,0.0,0.0
5.0,2025-12-31,2.0,,0.0,0.0
5.0,2025-12-31,3.0,,0.0,0.0
5.0,2025-12-31,4.0,,0.0,0.0
5.0,2025-12-31,5.0,,0.0,0.0
5.0,2025-12-31,6.0,,0.0,0.0
5.0,2025-12-31,7.0,,0.0,0.0
5.0,2025-12-31,8.0,,0.0,0.0
5.0,2025-12-31,9.0,,0.0,0.0
5.0,2025-12-31,10.0,,0.0,0.0
5.0,2025-12-31,11.0,,0.0,0.0
5.0,2025-12-31,12.0,,0.0,0.0
5.0,2025-12-31,13.0,,0.0,0.0
5.0,2025-12-31,14.0,,0.0,0.0
5.0,2025-12-31,15.0,,0.0,0.0
5.0,2025-12-31,16.0,,0.0,0.0
5.0,2025-12-31,17.0,,0.0,0.0
5.0,2025-12-31,18.0,,0.0,0.0
5.0,2025-12-31,19.0,,0.0,0.0
5.0,2025-12-31,20.0,,0.0,0.0
5.0,2025-12-31,21.0,,0.0,0.0
5.0,2025-12-31,22.0,,0.0,0.0
5.0,2025-12-31,23.0,,0.0,0.0
7.0,2025-12-31,0.0,,3.274789571182278,0.0
7.0,2025-12-31,1.0,,0.0,0.0
7.0,2025-12-31,2.0,,2.802479187359455e-34,0.0
7.0,2025-12-31,3.0,,2.802479187359455e-34,0.0
7.0,2025-12-31,4.0,,0.0,0.0
7.0,2025-12-31,5.0,,40.82603165336006,0.0
7.0,2025-12-31,6.0,,300.1237391430448,288.7404769768146
7.0,2025-12-31,7.0,,425.9584281811434,542.4452221020284
7.0,2025-12-31,8.0,,551.408409605056,532.6093380923459
7.0,2025-12-31,9.0,,607.312910382034,588.4457848526391
7.0,2025-12-31,10.0,,642.0365387176066,612.0699809999871
7.0,2025-12-31,11.0,,723.866301813843,786.1606423643988
7.0,2025-12-31,12.0,,886.6599208088155,933.5423289562314
7.0,2025-12-31,13.0,,883.6471707750705,932.857635149218
7.0,2025-12-31,14.0,,910.0537860751991,991.7099938466143
7.0,2025-12-31,15.0,,855.4123560479021,906.5215142486619
7.0,2025-12-31,16.0,,875.4244535702697,859.6495921596687
7.0,2025-12-31,17.0,,853.1087416780402,829.8454756023604
7.0,2025-12-31,18.0,,780.4017795816173,775.2226225321173
7.0,2025-12-31,19.0,,696.5225938260585,729.2418398513291
7.0,2025-12-31,20.0,,531.1833860005618,509.031141527635
7.0,2025-12-31,21.0,,393.271089131875,476.95295677485143
7.0,2025-12-31,22.0,,203.74642044271428,190.60840984612372
7.0,2025-12-31,23.0,,120.21530889104346,120.67944998435131
11.0,2025-12-31,0.0,,8.57661613154536,0.0
11.0,2025-12-31,1.0,,0.0,0.0
11.0,2025-12-31,2.0,,2.802479187359455e-34,0.0
11.0,2025-12-31,3.0,,2.802479187359455e-34,0.0
11.0,2025-12-31,4.0,,0.0,0.0
11.0,2025-12-31,5.0,,101.58570824841965,124.16588255890738
11.0,2025-12-31,6.0,,671.386638544214,671.9495346739545
11.0,2025-12-31,7.0,,595.6398002811056,663.7713170358893
11.0,2025-12-31,8.0,,668.3643701352622,704.6869035190705
11.0,2025-12-31,9.0,,715.6187805477992,635.5616951981929
11.0,2025-12-31,10.0,,753.296610578297,797.3249707645689
11.0,2025-12-31,11.0,,1040.7788843171209,1111.5480520328908
11.0,2025-12-31,12.0,,1189.7441150934428,1311.2392500147232
11.0,2025-12-31,13.0,,1168.627112827253,1252.5132858940672
11.0,2025-12-31,14.0,,1209.8440048362697,1293.8471718687003
11.0,2025-12-31,15.0,,1241.6699583673694,1312.6040802965456
11.0,2025-12-31,16.0,,1283.0921800776853,1272.1005466359027
11.0,2025-12-31,17.0,,1317.8581858123605,1319.879012974654
11.0,2025-12-31,18.0,,1042.7311925690221,1115.066459677211
11.0,2025-12-31,19.0,,929.3611526724795,1000.7832157747177
11.0,2025-12-31,20.0,,714.1148919236233,697.5950153726508
11.0,2025-12-31,21.0,,505.63944227765614,517.6843197320813
11.0,2025-12-31,22.0,,272.54393202188237,248.419033058467
11.0,2025-12-31,23.0,,179.20885714758154,139.16931920792612
12.0,2025-12-31,0.0,,19.904870797195233,0.0
12.0,2025-12-31,1.0,,0.0,0.0
12.0,2025-12-31,2.0,,2.802479187359455e-34,0.0
12.0,2025-12-31,3.0,,2.802479187359455e-34,0.0
12.0,2025-12-31,4.0,,0.0,0.0
12.0,2025-12-31,5.0,,125.1060933055442,172.60487208549722
12.0,2025-12-31,6.0,,675.5989049283456,577.3511880609886
12.0,2025-12-31,7.0,,739.0205309697199,688.1094965173587
12.0,2025-12-31,8.0,,788.7401009317498,660.5580793136227
12.0,2025-12-31,9.0,,737.9920406209968,782.460415313959
12.0,2025-12-31,10.0,,841.776600841291,924.3844969380142
12.0,2025-12-31,11.0,,957.2242904443692,1038.839951460626
12.0,2025-12-31,12.0,,999.6918130480489,1031.8100044363887
12.0,2025-12-31,13.0,,1063.0900890134044,1274.1458516769278
12.0,2025-12-31,14.0,,1067.0799743173734,1153.8536075507136
12.0,2025-12-31,15.0,,1030.862402904459,1113.2823380183904
12.0,2025-12-31,16.0,,1158.5176359528552,1243.7341749631626
12.0,2025-12-31,17.0,,1059.7429009855964,1358.343791206327
12.0,2025-12-31,18.0,,1006.306683406752,1189.5913889851672
12.0,2025-12-31,19.0,,794.7961513339941,937.228257955682
12.0,2025-12-31,20.0,,577.7743245110519,606.4844146196464
12.0,2025-12-31,21.0,,442.8864062918218,502.7629067338437
12.0,2025-12-31,22.0,,298.862963020993,284.5833436226974
12.0,2025-12-31,23.0,,102.99656779196833,52.85925211322517
17.0,2025-12-31,0.0,,50.924013780549465,67.24498634101333
17.0,2025-12-31,1.0,,0.0,0.0
17.0,2025-12-31,2.0,,2.802479187359455e-34,0.0
17.0,2025-12-31,3.0,,2.802479187359455e-34,0.0
17.0,2025-12-31,4.0,,0.0,0.0
17.0,2025-12-31,5.0,,54.36829252125792,24.466574360023962
17.0,2025-12-31,6.0,,335.1348405798596,553.5881380357556
17.0,2025-12-31,7.0,,1338.391040598195,865.4716758716967
17.0,2025-12-31,8.0,,2782.4685928064405,2144.464934678329
17.0,2025-12-31,9.0,,1455.1545618366426,1582.3873703097368
17.0,2025-12-31,10.0,,1371.4457292477207,1836.4191772116935
17.0,2025-12-31,11.0,,1803.9949718429848,1990.0347687586448
17.0,2025-12-31,12.0,,1960.5820868209892,2003.933196021072
17.0,2025-12-31,13.0,,2017.7367305602047,2115.7248346665447
17.0,2025-12-31,14.0,,2064.544812083879,2245.50417687176
17.0,2025-12-31,15.0,,2117.5924476429923,2264.6806170952095
17.0,2025-12-31,16.0,,2201.191602431286,2501.1301662415544
17.0,2025-12-31,17.0,,2756.0741454888284,2583.968717969477
17.0,2025-12-31,18.0,,3059.8499298494266,2650.086292074775
17.0,2025-12-31,19.0,,1717.9247938816834,1948.113590289363
17.0,2025-12-31,20.0,,1156.2800421742577,1625.8504718296456
17.0,2025-12-31,21.0,,943.6071575494526,1184.9615866216488
17.0,2025-12-31,22.0,,598.557299636005,657.5308349128721
17.0,2025-12-31,23.0,,264.46336922342846,288.9770283421819
25.0,2025-12-31,0.0,,0.0,2.598117033032248e-10
25.0,2025-12-31,1.0,,2.802479187359455e-34,0.0
25.0,2025-12-31,2.0,,2.802479187359455e-34,0.0
25.0,2025-12-31,3.0,,2.802479187359455e-34,0.0
25.0,2025-12-31,4.0,,2.802479187359455e-34,0.0
25.0,2025-12-31,5.0,,0.0,0.0
25.0,2025-12-31,6.0,,3.74116980705365,0.0
25.0,2025-12-31,7.0,,173.84137868615346,189.7815234963018
25.0,2025-12-31,8.0,,364.6597115108869,393.9777540517225
25.0,2025-12-31,9.0,,148.54046111876062,92.43968246862718
25.0,2025-12-31,10.0,,135.96857951849802,106.49021424674588
25.0,2025-12-31,11.0,,179.63863361553223,136.9640156715063
25.0,2025-12-31,12.0,,213.26964047606285,187.19656392701026
25.0,2025-12-31,13.0,,351.91418932595207,374.4200590677098
25.0,2025-12-31,14.0,,340.9943997399572,326.02410222964465
25.0,2025-12-31,15.0,,385.27457950360525,335.3675261509753
25.0,2025-12-31,16.0,,340.4747685258333,346.9599779057866
25.0,2025-12-31,17.0,,370.0860946899662,356.0137118299215
25.0,2025-12-31,18.0,,365.8349872771018,386.52001407344807
25.0,2025-12-31,19.0,,268.0950146129676,236.40480233050823
25.0,2025-12-31,20.0,,159.2797097331723,136.8193848964634
25.0,2025-12-31,21.0,,91.74950604754764,52.280966651732896
25.0,2025-12-31,22.0,,39.74898302932523,17.15609365803302
25.0,2025-12-31,23.0,,9.417162541923163,0.0
26.0,2025-12-31,0.0,,0.0,0.0
26.0,2025-12-31,1.0,,0.0,0.0
26.0,2025-12-31,2.0,,2.802479187359455e-34,0.0
26.0,2025-12-31,3.0,,2.802479187359455e-34,0.0
26.0,2025-12-31,4.0,,0.0,0.0
26.0,2025-12-31,5.0,,0.0,0.0
26.0,2025-12-31,6.0,,174.17471120947468,145.92417522751117
26.0,2025-12-31,7.0,,337.7968848970448,373.8570081490148
26.0,2025-12-31,8.0,,397.334152925353,500.93703923107904
26.0,2025-12-31,9.0,,333.13810960646794,314.10835369008345
26.0,2025-12-31,10.0,,378.7801634910557,405.37379857865034
26.0,2025-12-31,11.0,,477.6165994010239,485.36704083571755
26.0,2025-12-31,12.0,,515.5749327335262,497.73534353143344
26.0,2025-12-31,13.0,,551.5344900642581,530.4812550903281
26.0,2025-12-31,14.0,,545.0546888812028,538.7236754370147
26.0,2025-12-31,15.0,,515.7168768272604,497.50917431612794
26.0,2025-12-31,16.0,,555.2658495239662,536.4705957792696
26.0,2025-12-31,17.0,,505.247705432497,517.6116283051861
26.0,2025-12-31,18.0,,387.366642865247,483.4222684718433
26.0,2025-12-31,19.0,,432.8370443905176,447.1096064606029
26.0,2025-12-31,20.0,,303.0768346460817,300.20989441226743
26.0,2025-12-31,21.0,,208.3985085076056,214.1155409581507
26.0,2025-12-31,22.0,,131.83250064750467,90.2913575255716
26.0,2025-12-31,23.0,,27.186685465246452,0.0
28.0,2025-12-31,0.0,,1.1027439654455586,0.0
28.0,2025-12-31,1.0,,2.802479187359455e-34,0.0
28.0,2025-12-31,2.0,,2.802479187359455e-34,0.0
28.0,2025-12-31,3.0,,2.802479187359455e-34,0.0
28.0,2025-12-31,4.0,,0.0,2.598117033032248e-10
28.0,2025-12-31,5.0,,0.0,0.0
28.0,2025-12-31,6.0,,21.884197805833338,0.0
28.0,2025-12-31,7.0,,230.71870020474043,315.2304241864127
28.0,2025-12-31,8.0,,235.1733042333841,343.1359976067231
28.0,2025-12-31,9.0,,279.15250225703187,385.0824959195836
28.0,2025-12-31,10.0,,299.4456252208078,308.6495629952236
28.0,2025-12-31,11.0,,304.2500617526983,306.94303992365053
28.0,2025-12-31,12.0,,351.20876178866587,323.65470934360866
28.0,2025-12-31,13.0,,366.46109859279045,375.4041144211896
28.0,2025-12-31,14.0,,368.79246206198576,337.0608945600646
28.0,2025-12-31,15.0,,362.6952790794637,332.17733935420637
28.0,2025-12-31,16.0,,397.83291482612657,409.6571404263273
28.0,2025-12-31,17.0,,322.31743532378744,437.56818172198683
28.0,2025-12-31,18.0,,300.21339545658105,432.08753751211907
28.0,2025-12-31,19.0,,277.07618579228387,343.7888200891342
28.0,2025-12-31,20.0,,218.98956028934325,243.86477441297038
28.0,2025-12-31,21.0,,187.7223392005402,136.23631632475156
28.0,2025-12-31,22.0,,41.89146980606366,23.290878645541433
28.0,2025-12-31,23.0,,0.0,0.0
50.0,2025-12-31,0.0,,0.0,0.0
50.0,2025-12-31,1.0,,0.0,0.0
50.0,2025-12-31,2.0,,0.0,2.598117033032248e-10
50.0,2025-12-31,3.0,,2.802479187359455e-34,0.0
50.0,2025-12-31,4.0,,0.0,0.0
50.0,2025-12-31,5.0,,0.0,0.0
50.0,2025-12-31,6.0,,175.2710211716141,212.67021857478125
50.0,2025-12-31,7.0,,390.93856010250846,534.5213014183395
50.0,2025-12-31,8.0,,441.3898541282629,476.5632260731778
50.0,2025-12-31,9.0,,455.71924171065757,459.3056843572904
50.0,2025-12-31,10.0,,420.82997494253095,510.30171139886056
50.0,2025-12-31,11.0,,513.7293385879143,492.18678737063635
50.0,2025-12-31,12.0,,576.314516330675,550.507461276073
50.0,2025-12-31,13.0,,653.4336668253978,583.7167857958887
50.0,2025-12-31,14.0,,628.3961695198152,557.6625222802023
50.0,2025-12-31,15.0,,625.5781929712908,561.2127798955187
50.0,2025-12-31,16.0,,619.8751423851118,543.857515953678
50.0,2025-12-31,17.0,,621.9464367534986,563.542782187137
50.0,2025-12-31,18.0,,545.3192865288852,593.6185396343626
50.0,2025-12-31,19.0,,436.5250991346392,451.2094823755708
50.0,2025-12-31,20.0,,365.3728028344741,352.6394278067256
50.0,2025-12-31,21.0,,313.89732856478105,363.393737058763
50.0,2025-12-31,22.0,,150.52579816819488,96.88110395500102
50.0,2025-12-31,23.0,,72.81515284673208,19.13805668886683
