route;date;hour;prediction
1;2025-11-01;0;1
1;2025-11-01;1;0
1;2025-11-01;2;0
1;2025-11-01;3;0
1;2025-11-01;4;0
1;2025-11-01;5;51
1;2025-11-01;6;388
1;2025-11-01;7;415
1;2025-11-01;8;593
1;2025-11-01;9;821
1;2025-11-01;10;942
1;2025-11-01;11;872
1;2025-11-01;12;1193
1;2025-11-01;13;1192
1;2025-11-01;14;1121
1;2025-11-01;15;984
1;2025-11-01;16;910
1;2025-11-01;17;855
1;2025-11-01;18;656
1;2025-11-01;19;562
1;2025-11-01;20;392
1;2025-11-01;21;359
1;2025-11-01;22;145
1;2025-11-01;23;33
5;2025-11-01;0;0
5;2025-11-01;1;0
5;2025-11-01;2;0
5;2025-11-01;3;0
5;2025-11-01;4;0
5;2025-11-01;5;0
5;2025-11-01;6;0
5;2025-11-01;7;0
5;2025-11-01;8;0
5;2025-11-01;9;0
5;2025-11-01;10;0
5;2025-11-01;11;0
5;2025-11-01;12;0
5;2025-11-01;13;0
5;2025-11-01;14;0
5;2025-11-01;15;0
5;2025-11-01;16;0
5;2025-11-01;17;0
5;2025-11-01;18;0
5;2025-11-01;19;0
5;2025-11-01;20;0
5;2025-11-01;21;0
5;2025-11-01;22;0
5;2025-11-01;23;0
7;2025-11-01;0;88
7;2025-11-01;1;9
7;2025-11-01;2;0
7;2025-11-01;3;0
7;2025-11-01;4;0
7;2025-11-01;5;80
7;2025-11-01;6;352
7;2025-11-01;7;421
7;2025-11-01;8;1726
7;2025-11-01;9;1048
7;2025-11-01;10;939
7;2025-11-01;11;1020
7;2025-11-01;12;1111
7;2025-11-01;13;1023
7;2025-11-01;14;1117
7;2025-11-01;15;1133
7;2025-11-01;16;1244
7;2025-11-01;17;1391
7;2025-11-01;18;1531
7;2025-11-01;19;956
7;2025-11-01;20;718
7;2025-11-01;21;440
7;2025-11-01;22;238
7;2025-11-01;23;151
11;2025-11-01;0;67
11;2025-11-01;1;0
11;2025-11-01;2;0
11;2025-11-01;3;0
11;2025-11-01;4;0
11;2025-11-01;5;186
11;2025-11-01;6;882
11;2025-11-01;7;1253
11;2025-11-01;8;2028
11;2025-11-01;9;2001
11;2025-11-01;10;1777
11;2025-11-01;11;1808
11;2025-11-01;12;1974
11;2025-11-01;13;1939
11;2025-11-01;14;2028
11;2025-11-01;15;1999
11;2025-11-01;16;2240
11;2025-11-01;17;2607
11;2025-11-01;18;2392
11;2025-11-01;19;1810
11;2025-11-01;20;1308
11;2025-11-01;21;819
11;2025-11-01;22;430
11;2025-11-01;23;308
12;2025-11-01;0;57
12;2025-11-01;1;0
12;2025-11-01;2;0
12;2025-11-01;3;0
12;2025-11-01;4;0
12;2025-11-01;5;283
12;2025-11-01;6;1301
12;2025-11-01;7;1802
12;2025-11-01;8;2690
12;2025-11-01;9;2078
12;2025-11-01;10;1819
12;2025-11-01;11;1848
12;2025-11-01;12;1876
12;2025-11-01;13;2048
12;2025-11-01;14;1946
12;2025-11-01;15;2135
12;2025-11-01;16;2472
12;2025-11-01;17;2767
12;2025-11-01;18;2544
12;2025-11-01;19;2026
12;2025-11-01;20;1445
12;2025-11-01;21;948
12;2025-11-01;22;430
12;2025-11-01;23;360
17;2025-11-01;0;167
17;2025-11-01;1;4
17;2025-11-01;2;0
17;2025-11-01;3;0
17;2025-11-01;4;3
17;2025-11-01;5;278
17;2025-11-01;6;1388
17;2025-11-01;7;2874
17;2025-11-01;8;3184
17;2025-11-01;9;3497
17;2025-11-01;10;3139
17;2025-11-01;11;3184
17;2025-11-01;12;3267
17;2025-11-01;13;3501
17;2025-11-01;14;3557
17;2025-11-01;15;3772
17;2025-11-01;16;3999
17;2025-11-01;17;3847
17;2025-11-01;18;3354
17;2025-11-01;19;2987
17;2025-11-01;20;2297
17;2025-11-01;21;1515
17;2025-11-01;22;762
17;2025-11-01;23;461
25;2025-11-01;0;0
25;2025-11-01;1;0
25;2025-11-01;2;0
25;2025-11-01;3;0
25;2025-11-01;4;0
25;2025-11-01;5;8
25;2025-11-01;6;199
25;2025-11-01;7;296
25;2025-11-01;8;568
25;2025-11-01;9;431
25;2025-11-01;10;353
25;2025-11-01;11;441
25;2025-11-01;12;441
25;2025-11-01;13;554
25;2025-11-01;14;507
25;2025-11-01;15;695
25;2025-11-01;16;741
25;2025-11-01;17;705
25;2025-11-01;18;602
25;2025-11-01;19;519
25;2025-11-01;20;310
25;2025-11-01;21;207
25;2025-11-01;22;107
25;2025-11-01;23;46
26;2025-11-01;0;34
26;2025-11-01;1;0
26;2025-11-01;2;0
26;2025-11-01;3;0
26;2025-11-01;4;0
26;2025-11-01;5;76
26;2025-11-01;6;413
26;2025-11-01;7;355
26;2025-11-01;8;1749
26;2025-11-01;9;1380
26;2025-11-01;10;1221
26;2025-11-01;11;1150
26;2025-11-01;12;1186
26;2025-11-01;13;1200
26;2025-11-01;14;1338
26;2025-11-01;15;1392
26;2025-11-01;16;1590
26;2025-11-01;17;1682
26;2025-11-01;18;1553
26;2025-11-01;19;1128
26;2025-11-01;20;669
26;2025-11-01;21;452
26;2025-11-01;22;177
26;2025-11-01;23;170
28;2025-11-01;0;1
28;2025-11-01;1;0
28;2025-11-01;2;0
28;2025-11-01;3;0
28;2025-11-01;4;0
28;2025-11-01;5;25
28;2025-11-01;6;241
28;2025-11-01;7;242
28;2025-11-01;8;459
28;2025-11-01;9;472
28;2025-11-01;10;492
28;2025-11-01;11;486
28;2025-11-01;12;760
28;2025-11-01;13;728
28;2025-11-01;14;710
28;2025-11-01;15;737
28;2025-11-01;16;870
28;2025-11-01;17;677
28;2025-11-01;18;524
28;2025-11-01;19;423
28;2025-11-01;20;455
28;2025-11-01;21;331
28;2025-11-01;22;140
28;2025-11-01;23;14
50;2025-11-01;0;1
50;2025-11-01;1;0
50;2025-11-01;2;0
50;2025-11-01;3;0
50;2025-11-01;4;0
50;2025-11-01;5;1
50;2025-11-01;6;8
50;2025-11-01;7;14
50;2025-11-01;8;52
50;2025-11-01;9;38
50;2025-11-01;10;28
50;2025-11-01;11;32
50;2025-11-01;12;31
50;2025-11-01;13;30
50;2025-11-01;14;30
50;2025-11-01;15;34
50;2025-11-01;16;36
50;2025-11-01;17;46
50;2025-11-01;18;39
50;2025-11-01;19;26
50;2025-11-01;20;19
50;2025-11-01;21;11
50;2025-11-01;22;7
50;2025-11-01;23;5
1;2025-11-02;0;7
1;2025-11-02;1;0
1;2025-11-02;2;0
1;2025-11-02;3;0
1;2025-11-02;4;0
1;2025-11-02;5;21
1;2025-11-02;6;157
1;2025-11-02;7;307
1;2025-11-02;8;417
1;2025-11-02;9;711
1;2025-11-02;10;841
1;2025-11-02;11;800
1;2025-11-02;12;971
1;2025-11-02;13;971
1;2025-11-02;14;980
1;2025-11-02;15;867
1;2025-11-02;16;794
1;2025-11-02;17;716
1;2025-11-02;18;592
1;2025-11-02;19;495
1;2025-11-02;20;365
1;2025-11-02;21;280
1;2025-11-02;22;77
1;2025-11-02;23;11
5;2025-11-02;0;0
5;2025-11-02;1;0
5;2025-11-02;2;0
5;2025-11-02;3;0
5;2025-11-02;4;0
5;2025-11-02;5;0
5;2025-11-02;6;0
5;2025-11-02;7;0
5;2025-11-02;8;0
5;2025-11-02;9;0
5;2025-11-02;10;0
5;2025-11-02;11;0
5;2025-11-02;12;0
5;2025-11-02;13;0
5;2025-11-02;14;0
5;2025-11-02;15;0
5;2025-11-02;16;0
5;2025-11-02;17;0
5;2025-11-02;18;0
5;2025-11-02;19;0
5;2025-11-02;20;0
5;2025-11-02;21;0
5;2025-11-02;22;0
5;2025-11-02;23;0
7;2025-11-02;0;99
7;2025-11-02;1;25
7;2025-11-02;2;0
7;2025-11-02;3;0
7;2025-11-02;4;8
7;2025-11-02;5;30
7;2025-11-02;6;167
7;2025-11-02;7;273
7;2025-11-02;8;515
7;2025-11-02;9;555
7;2025-11-02;10;550
7;2025-11-02;11;647
7;2025-11-02;12;759
7;2025-11-02;13;706
7;2025-11-02;14;749
7;2025-11-02;15;790
7;2025-11-02;16;757
7;2025-11-02;17;708
7;2025-11-02;18;672
7;2025-11-02;19;551
7;2025-11-02;20;468
7;2025-11-02;21;308
7;2025-11-02;22;158
7;2025-11-02;23;131
11;2025-11-02;0;112
11;2025-11-02;1;22
11;2025-11-02;2;0
11;2025-11-02;3;0
11;2025-11-02;4;2
11;2025-11-02;5;152
11;2025-11-02;6;740
11;2025-11-02;7;701
11;2025-11-02;8;939
11;2025-11-02;9;1033
11;2025-11-02;10;1151
11;2025-11-02;11;1483
11;2025-11-02;12;1647
11;2025-11-02;13;1586
11;2025-11-02;14;1676
11;2025-11-02;15;1687
11;2025-11-02;16;1682
11;2025-11-02;17;1764
11;2025-11-02;18;1454
11;2025-11-02;19;1236
11;2025-11-02;20;903
11;2025-11-02;21;616
11;2025-11-02;22;331
11;2025-11-02;23;255
12;2025-11-02;0;81
12;2025-11-02;1;7
12;2025-11-02;2;0
12;2025-11-02;3;0
12;2025-11-02;4;4
12;2025-11-02;5;183
12;2025-11-02;6;748
12;2025-11-02;7;873
12;2025-11-02;8;870
12;2025-11-02;9;1068
12;2025-11-02;10;1265
12;2025-11-02;11;1374
12;2025-11-02;12;1419
12;2025-11-02;13;1558
12;2025-11-02;14;1486
12;2025-11-02;15;1510
12;2025-11-02;16;1569
12;2025-11-02;17;1525
12;2025-11-02;18;1378
12;2025-11-02;19;1121
12;2025-11-02;20;799
12;2025-11-02;21;594
12;2025-11-02;22;341
12;2025-11-02;23;231
17;2025-11-02;0;168
17;2025-11-02;1;26
17;2025-11-02;2;0
17;2025-11-02;3;0
17;2025-11-02;4;5
17;2025-11-02;5;121
17;2025-11-02;6;429
17;2025-11-02;7;936
17;2025-11-02;8;1430
17;2025-11-02;9;1910
17;2025-11-02;10;2196
17;2025-11-02;11;2611
17;2025-11-02;12;2770
17;2025-11-02;13;2980
17;2025-11-02;14;3061
17;2025-11-02;15;3127
17;2025-11-02;16;3172
17;2025-11-02;17;2998
17;2025-11-02;18;2561
17;2025-11-02;19;2105
17;2025-11-02;20;1654
17;2025-11-02;21;1204
17;2025-11-02;22;699
17;2025-11-02;23;346
25;2025-11-02;0;28
25;2025-11-02;1;0
25;2025-11-02;2;0
25;2025-11-02;3;0
25;2025-11-02;4;0
25;2025-11-02;5;14
25;2025-11-02;6;113
25;2025-11-02;7;132
25;2025-11-02;8;205
25;2025-11-02;9;258
25;2025-11-02;10;262
25;2025-11-02;11;327
25;2025-11-02;12;368
25;2025-11-02;13;495
25;2025-11-02;14;495
25;2025-11-02;15;632
25;2025-11-02;16;567
25;2025-11-02;17;499
25;2025-11-02;18;415
25;2025-11-02;19;383
25;2025-11-02;20;248
25;2025-11-02;21;169
25;2025-11-02;22;89
25;2025-11-02;23;29
26;2025-11-02;0;50
26;2025-11-02;1;2
26;2025-11-02;2;0
26;2025-11-02;3;0
26;2025-11-02;4;0
26;2025-11-02;5;30
26;2025-11-02;6;203
26;2025-11-02;7;296
26;2025-11-02;8;444
26;2025-11-02;9;526
26;2025-11-02;10;639
26;2025-11-02;11;840
26;2025-11-02;12;899
26;2025-11-02;13;909
26;2025-11-02;14;971
26;2025-11-02;15;900
26;2025-11-02;16;903
26;2025-11-02;17;818
26;2025-11-02;18;715
26;2025-11-02;19;602
26;2025-11-02;20;438
26;2025-11-02;21;295
26;2025-11-02;22;161
26;2025-11-02;23;123
28;2025-11-02;0;1
28;2025-11-02;1;0
28;2025-11-02;2;0
28;2025-11-02;3;0
28;2025-11-02;4;0
28;2025-11-02;5;28
28;2025-11-02;6;89
28;2025-11-02;7;179
28;2025-11-02;8;327
28;2025-11-02;9;401
28;2025-11-02;10;399
28;2025-11-02;11;436
28;2025-11-02;12;539
28;2025-11-02;13;565
28;2025-11-02;14;576
28;2025-11-02;15;568
28;2025-11-02;16;576
28;2025-11-02;17;561
28;2025-11-02;18;471
28;2025-11-02;19;386
28;2025-11-02;20;308
28;2025-11-02;21;269
28;2025-11-02;22;98
28;2025-11-02;23;6
50;2025-11-02;0;1
50;2025-11-02;1;0
50;2025-11-02;2;0
50;2025-11-02;3;0
50;2025-11-02;4;0
50;2025-11-02;5;0
50;2025-11-02;6;3
50;2025-11-02;7;9
50;2025-11-02;8;12
50;2025-11-02;9;12
50;2025-11-02;10;12
50;2025-11-02;11;16
50;2025-11-02;12;19
50;2025-11-02;13;19
50;2025-11-02;14;21
50;2025-11-02;15;19
50;2025-11-02;16;19
50;2025-11-02;17;19
50;2025-11-02;18;15
50;2025-11-02;19;14
50;2025-11-02;20;11
50;2025-11-02;21;8
50;2025-11-02;22;5
50;2025-11-02;23;3
1;2025-11-03;0;0
1;2025-11-03;1;0
1;2025-11-03;2;0
1;2025-11-03;3;0
1;2025-11-03;4;0
1;2025-11-03;5;48
1;2025-11-03;6;145
1;2025-11-03;7;417
1;2025-11-03;8;515
1;2025-11-03;9;524
1;2025-11-03;10;489
1;2025-11-03;11;479
1;2025-11-03;12;574
1;2025-11-03;13;575
1;2025-11-03;14;588
1;2025-11-03;15;545
1;2025-11-03;16;569
1;2025-11-03;17;652
1;2025-11-03;18;602
1;2025-11-03;19;428
1;2025-11-03;20;382
1;2025-11-03;21;393
1;2025-11-03;22;96
1;2025-11-03;23;32
5;2025-11-03;0;0
5;2025-11-03;1;0
5;2025-11-03;2;0
5;2025-11-03;3;0
5;2025-11-03;4;0
5;2025-11-03;5;0
5;2025-11-03;6;0
5;2025-11-03;7;0
5;2025-11-03;8;0
5;2025-11-03;9;0
5;2025-11-03;10;0
5;2025-11-03;11;0
5;2025-11-03;12;0
5;2025-11-03;13;0
5;2025-11-03;14;0
5;2025-11-03;15;0
5;2025-11-03;16;0
5;2025-11-03;17;0
5;2025-11-03;18;0
5;2025-11-03;19;0
5;2025-11-03;20;0
5;2025-11-03;21;0
5;2025-11-03;22;0
5;2025-11-03;23;0
7;2025-11-03;0;47
7;2025-11-03;1;0
7;2025-11-03;2;0
7;2025-11-03;3;0
7;2025-11-03;4;0
7;2025-11-03;5;100
7;2025-11-03;6;355
7;2025-11-03;7;580
7;2025-11-03;8;580
7;2025-11-03;9;678
7;2025-11-03;10;659
7;2025-11-03;11;826
7;2025-11-03;12;992
7;2025-11-03;13;1058
7;2025-11-03;14;1059
7;2025-11-03;15;1014
7;2025-11-03;16;995
7;2025-11-03;17;1136
7;2025-11-03;18;1014
7;2025-11-03;19;824
7;2025-11-03;20;585
7;2025-11-03;21;497
7;2025-11-03;22;168
7;2025-11-03;23;171
11;2025-11-03;0;67
11;2025-11-03;1;0
11;2025-11-03;2;0
11;2025-11-03;3;0
11;2025-11-03;4;0
11;2025-11-03;5;144
11;2025-11-03;6;620
11;2025-11-03;7;837
11;2025-11-03;8;1041
11;2025-11-03;9;1013
11;2025-11-03;10;1091
11;2025-11-03;11;1373
11;2025-11-03;12;1393
11;2025-11-03;13;1420
11;2025-11-03;14;1443
11;2025-11-03;15;1426
11;2025-11-03;16;1516
11;2025-11-03;17;1650
11;2025-11-03;18;1478
11;2025-11-03;19;1205
11;2025-11-03;20;916
11;2025-11-03;21;626
11;2025-11-03;22;337
11;2025-11-03;23;217
12;2025-11-03;0;59
12;2025-11-03;1;0
12;2025-11-03;2;0
12;2025-11-03;3;0
12;2025-11-03;4;0
12;2025-11-03;5;144
12;2025-11-03;6;570
12;2025-11-03;7;929
12;2025-11-03;8;1132
12;2025-11-03;9;1104
12;2025-11-03;10;1238
12;2025-11-03;11;1339
12;2025-11-03;12;1307
12;2025-11-03;13;1362
12;2025-11-03;14;1344
12;2025-11-03;15;1365
12;2025-11-03;16;1528
12;2025-11-03;17;1517
12;2025-11-03;18;1392
12;2025-11-03;19;1088
12;2025-11-03;20;760
12;2025-11-03;21;589
12;2025-11-03;22;395
12;2025-11-03;23;142
17;2025-11-03;0;84
17;2025-11-03;1;12
17;2025-11-03;2;0
17;2025-11-03;3;0
17;2025-11-03;4;0
17;2025-11-03;5;87
17;2025-11-03;6;411
17;2025-11-03;7;1640
17;2025-11-03;8;3075
17;2025-11-03;9;1889
17;2025-11-03;10;1781
17;2025-11-03;11;2214
17;2025-11-03;12;2322
17;2025-11-03;13;2304
17;2025-11-03;14;2360
17;2025-11-03;15;2415
17;2025-11-03;16;2661
17;2025-11-03;17;3178
17;2025-11-03;18;3347
17;2025-11-03;19;2032
17;2025-11-03;20;1530
17;2025-11-03;21;1182
17;2025-11-03;22;700
17;2025-11-03;23;320
25;2025-11-03;0;0
25;2025-11-03;1;0
25;2025-11-03;2;0
25;2025-11-03;3;0
25;2025-11-03;4;0
25;2025-11-03;5;7
25;2025-11-03;6;96
25;2025-11-03;7;268
25;2025-11-03;8;360
25;2025-11-03;9;201
25;2025-11-03;10;194
25;2025-11-03;11;251
25;2025-11-03;12;290
25;2025-11-03;13;384
25;2025-11-03;14;381
25;2025-11-03;15;436
25;2025-11-03;16;480
25;2025-11-03;17;494
25;2025-11-03;18;455
25;2025-11-03;19;308
25;2025-11-03;20;200
25;2025-11-03;21;159
25;2025-11-03;22;98
25;2025-11-03;23;9
26;2025-11-03;0;15
26;2025-11-03;1;0
26;2025-11-03;2;0
26;2025-11-03;3;0
26;2025-11-03;4;0
26;2025-11-03;5;18
26;2025-11-03;6;164
26;2025-11-03;7;526
26;2025-11-03;8;633
26;2025-11-03;9;482
26;2025-11-03;10;547
26;2025-11-03;11;681
26;2025-11-03;12;687
26;2025-11-03;13;738
26;2025-11-03;14;757
26;2025-11-03;15;705
26;2025-11-03;16;742
26;2025-11-03;17;752
26;2025-11-03;18;695
26;2025-11-03;19;541
26;2025-11-03;20;413
26;2025-11-03;21;312
26;2025-11-03;22;215
26;2025-11-03;23;108
28;2025-11-03;0;1
28;2025-11-03;1;0
28;2025-11-03;2;0
28;2025-11-03;3;0
28;2025-11-03;4;0
28;2025-11-03;5;29
28;2025-11-03;6;62
28;2025-11-03;7;376
28;2025-11-03;8;383
28;2025-11-03;9;396
28;2025-11-03;10;393
28;2025-11-03;11;390
28;2025-11-03;12;447
28;2025-11-03;13;467
28;2025-11-03;14;446
28;2025-11-03;15;451
28;2025-11-03;16;469
28;2025-11-03;17;450
28;2025-11-03;18;406
28;2025-11-03;19;405
28;2025-11-03;20;251
28;2025-11-03;21;228
28;2025-11-03;22;98
28;2025-11-03;23;10
50;2025-11-03;0;6
50;2025-11-03;1;0
50;2025-11-03;2;0
50;2025-11-03;3;0
50;2025-11-03;4;0
50;2025-11-03;5;25
50;2025-11-03;6;227
50;2025-11-03;7;563
50;2025-11-03;8;601
50;2025-11-03;9;617
50;2025-11-03;10;546
50;2025-11-03;11;604
50;2025-11-03;12;688
50;2025-11-03;13;791
50;2025-11-03;14;760
50;2025-11-03;15;726
50;2025-11-03;16;783
50;2025-11-03;17;814
50;2025-11-03;18;753
50;2025-11-03;19;561
50;2025-11-03;20;452
50;2025-11-03;21;417
50;2025-11-03;22;170
50;2025-11-03;23;106
1;2025-11-04;0;0
1;2025-11-04;1;0
1;2025-11-04;2;0
1;2025-11-04;3;0
1;2025-11-04;4;0
1;2025-11-04;5;64
1;2025-11-04;6;164
1;2025-11-04;7;411
1;2025-11-04;8;502
1;2025-11-04;9;490
1;2025-11-04;10;466
1;2025-11-04;11;492
1;2025-11-04;12;597
1;2025-11-04;13;560
1;2025-11-04;14;597
1;2025-11-04;15;582
1;2025-11-04;16;556
1;2025-11-04;17;639
1;2025-11-04;18;585
1;2025-11-04;19;427
1;2025-11-04;20;376
1;2025-11-04;21;409
1;2025-11-04;22;114
1;2025-11-04;23;48
5;2025-11-04;0;0
5;2025-11-04;1;0
5;2025-11-04;2;0
5;2025-11-04;3;0
5;2025-11-04;4;0
5;2025-11-04;5;0
5;2025-11-04;6;0
5;2025-11-04;7;0
5;2025-11-04;8;0
5;2025-11-04;9;0
5;2025-11-04;10;0
5;2025-11-04;11;0
5;2025-11-04;12;0
5;2025-11-04;13;0
5;2025-11-04;14;0
5;2025-11-04;15;0
5;2025-11-04;16;0
5;2025-11-04;17;0
5;2025-11-04;18;0
5;2025-11-04;19;0
5;2025-11-04;20;0
5;2025-11-04;21;0
5;2025-11-04;22;0
5;2025-11-04;23;0
7;2025-11-04;0;64
7;2025-11-04;1;7
7;2025-11-04;2;0
7;2025-11-04;3;0
7;2025-11-04;4;1
7;2025-11-04;5;106
7;2025-11-04;6;373
7;2025-11-04;7;594
7;2025-11-04;8;565
7;2025-11-04;9;661
7;2025-11-04;10;644
7;2025-11-04;11;835
7;2025-11-04;12;985
7;2025-11-04;13;1073
7;2025-11-04;14;1094
7;2025-11-04;15;1079
7;2025-11-04;16;1020
7;2025-11-04;17;1133
7;2025-11-04;18;1050
7;2025-11-04;19;827
7;2025-11-04;20;591
7;2025-11-04;21;487
7;2025-11-04;22;192
7;2025-11-04;23;190
11;2025-11-04;0;82
11;2025-11-04;1;0
11;2025-11-04;2;0
11;2025-11-04;3;0
11;2025-11-04;4;1
11;2025-11-04;5;151
11;2025-11-04;6;623
11;2025-11-04;7;826
11;2025-11-04;8;1019
11;2025-11-04;9;975
11;2025-11-04;10;1033
11;2025-11-04;11;1330
11;2025-11-04;12;1361
11;2025-11-04;13;1393
11;2025-11-04;14;1491
11;2025-11-04;15;1520
11;2025-11-04;16;1517
11;2025-11-04;17;1641
11;2025-11-04;18;1496
11;2025-11-04;19;1227
11;2025-11-04;20;916
11;2025-11-04;21;637
11;2025-11-04;22;354
11;2025-11-04;23;229
12;2025-11-04;0;70
12;2025-11-04;1;4
12;2025-11-04;2;0
12;2025-11-04;3;0
12;2025-11-04;4;0
12;2025-11-04;5;150
12;2025-11-04;6;586
12;2025-11-04;7;940
12;2025-11-04;8;1103
12;2025-11-04;9;1056
12;2025-11-04;10;1181
12;2025-11-04;11;1339
12;2025-11-04;12;1274
12;2025-11-04;13;1364
12;2025-11-04;14;1394
12;2025-11-04;15;1430
12;2025-11-04;16;1556
12;2025-11-04;17;1526
12;2025-11-04;18;1398
12;2025-11-04;19;1099
12;2025-11-04;20;779
12;2025-11-04;21;587
12;2025-11-04;22;407
12;2025-11-04;23;141
17;2025-11-04;0;156
17;2025-11-04;1;18
17;2025-11-04;2;0
17;2025-11-04;3;0
17;2025-11-04;4;6
17;2025-11-04;5;98
17;2025-11-04;6;423
17;2025-11-04;7;1614
17;2025-11-04;8;3083
17;2025-11-04;9;1857
17;2025-11-04;10;1753
17;2025-11-04;11;2194
17;2025-11-04;12;2255
17;2025-11-04;13;2286
17;2025-11-04;14;2469
17;2025-11-04;15;2511
17;2025-11-04;16;2733
17;2025-11-04;17;3233
17;2025-11-04;18;3391
17;2025-11-04;19;2045
17;2025-11-04;20;1552
17;2025-11-04;21;1185
17;2025-11-04;22;702
17;2025-11-04;23;303
25;2025-11-04;0;1
25;2025-11-04;1;0
25;2025-11-04;2;0
25;2025-11-04;3;0
25;2025-11-04;4;0
25;2025-11-04;5;12
25;2025-11-04;6;104
25;2025-11-04;7;257
25;2025-11-04;8;351
25;2025-11-04;9;203
25;2025-11-04;10;195
25;2025-11-04;11;255
25;2025-11-04;12;285
25;2025-11-04;13;384
25;2025-11-04;14;400
25;2025-11-04;15;476
25;2025-11-04;16;489
25;2025-11-04;17;518
25;2025-11-04;18;479
25;2025-11-04;19;325
25;2025-11-04;20;216
25;2025-11-04;21;173
25;2025-11-04;22;100
25;2025-11-04;23;18
26;2025-11-04;0;15
26;2025-11-04;1;16
26;2025-11-04;2;0
26;2025-11-04;3;0
26;2025-11-04;4;0
26;2025-11-04;5;18
26;2025-11-04;6;180
26;2025-11-04;7;527
26;2025-11-04;8;649
26;2025-11-04;9;477
26;2025-11-04;10;533
26;2025-11-04;11;676
26;2025-11-04;12;682
26;2025-11-04;13;732
26;2025-11-04;14;759
26;2025-11-04;15;763
26;2025-11-04;16;734
26;2025-11-04;17;750
26;2025-11-04;18;686
26;2025-11-04;19;548
26;2025-11-04;20;420
26;2025-11-04;21;323
26;2025-11-04;22;243
26;2025-11-04;23;114
28;2025-11-04;0;1
28;2025-11-04;1;0
28;2025-11-04;2;0
28;2025-11-04;3;0
28;2025-11-04;4;0
28;2025-11-04;5;33
28;2025-11-04;6;72
28;2025-11-04;7;377
28;2025-11-04;8;391
28;2025-11-04;9;385
28;2025-11-04;10;396
28;2025-11-04;11;398
28;2025-11-04;12;462
28;2025-11-04;13;480
28;2025-11-04;14;474
28;2025-11-04;15;473
28;2025-11-04;16;483
28;2025-11-04;17;467
28;2025-11-04;18;435
28;2025-11-04;19;423
28;2025-11-04;20;271
28;2025-11-04;21;245
28;2025-11-04;22;109
28;2025-11-04;23;13
50;2025-11-04;0;13
50;2025-11-04;1;8
50;2025-11-04;2;0
50;2025-11-04;3;0
50;2025-11-04;4;0
50;2025-11-04;5;31
50;2025-11-04;6;244
50;2025-11-04;7;554
50;2025-11-04;8;603
50;2025-11-04;9;609
50;2025-11-04;10;544
50;2025-11-04;11;610
50;2025-11-04;12;682
50;2025-11-04;13;791
50;2025-11-04;14;795
50;2025-11-04;15;736
50;2025-11-04;16;788
50;2025-11-04;17;830
50;2025-11-04;18;762
50;2025-11-04;19;559
50;2025-11-04;20;453
50;2025-11-04;21;419
50;2025-11-04;22;190
50;2025-11-04;23;107
1;2025-11-05;0;2
1;2025-11-05;1;0
1;2025-11-05;2;0
1;2025-11-05;3;0
1;2025-11-05;4;8
1;2025-11-05;5;125
1;2025-11-05;6;483
1;2025-11-05;7;1434
1;2025-11-05;8;1818
1;2025-11-05;9;1419
1;2025-11-05;10;1284
1;2025-11-05;11;1293
1;2025-11-05;12;1385
1;2025-11-05;13;1392
1;2025-11-05;14;1374
1;2025-11-05;15;1474
1;2025-11-05;16;1469
1;2025-11-05;17;1757
1;2025-11-05;18;1786
1;2025-11-05;19;1376
1;2025-11-05;20;837
1;2025-11-05;21;452
1;2025-11-05;22;174
1;2025-11-05;23;30
5;2025-11-05;0;0
5;2025-11-05;1;0
5;2025-11-05;2;0
5;2025-11-05;3;0
5;2025-11-05;4;0
5;2025-11-05;5;0
5;2025-11-05;6;0
5;2025-11-05;7;0
5;2025-11-05;8;0
5;2025-11-05;9;0
5;2025-11-05;10;0
5;2025-11-05;11;0
5;2025-11-05;12;0
5;2025-11-05;13;0
5;2025-11-05;14;0
5;2025-11-05;15;0
5;2025-11-05;16;0
5;2025-11-05;17;0
5;2025-11-05;18;0
5;2025-11-05;19;0
5;2025-11-05;20;0
5;2025-11-05;21;0
5;2025-11-05;22;0
5;2025-11-05;23;0
7;2025-11-05;0;68
7;2025-11-05;1;13
7;2025-11-05;2;0
7;2025-11-05;3;0
7;2025-11-05;4;9
7;2025-11-05;5;203
7;2025-11-05;6;655
7;2025-11-05;7;1568
7;2025-11-05;8;2516
7;2025-11-05;9;1798
7;2025-11-05;10;1630
7;2025-11-05;11;1494
7;2025-11-05;12;1605
7;2025-11-05;13;1597
7;2025-11-05;14;1682
7;2025-11-05;15;1787
7;2025-11-05;16;1849
7;2025-11-05;17;2347
7;2025-11-05;18;2601
7;2025-11-05;19;1744
7;2025-11-05;20;1111
7;2025-11-05;21;605
7;2025-11-05;22;193
7;2025-11-05;23;157
11;2025-11-05;0;81
11;2025-11-05;1;7
11;2025-11-05;2;0
11;2025-11-05;3;0
11;2025-11-05;4;5
11;2025-11-05;5;261
11;2025-11-05;6;1301
11;2025-11-05;7;2369
11;2025-11-05;8;3183
11;2025-11-05;9;2371
11;2025-11-05;10;1813
11;2025-11-05;11;1895
11;2025-11-05;12;1899
11;2025-11-05;13;2008
11;2025-11-05;14;2006
11;2025-11-05;15;2062
11;2025-11-05;16;2219
11;2025-11-05;17;2805
11;2025-11-05;18;3062
11;2025-11-05;19;2270
11;2025-11-05;20;1481
11;2025-11-05;21;847
11;2025-11-05;22;374
11;2025-11-05;23;209
12;2025-11-05;0;62
12;2025-11-05;1;8
12;2025-11-05;2;0
12;2025-11-05;3;0
12;2025-11-05;4;11
12;2025-11-05;5;307
12;2025-11-05;6;1327
12;2025-11-05;7;2701
12;2025-11-05;8;3521
12;2025-11-05;9;2494
12;2025-11-05;10;2024
12;2025-11-05;11;1983
12;2025-11-05;12;2102
12;2025-11-05;13;2084
12;2025-11-05;14;1997
12;2025-11-05;15;2266
12;2025-11-05;16;2762
12;2025-11-05;17;3066
12;2025-11-05;18;3202
12;2025-11-05;19;2470
12;2025-11-05;20;1546
12;2025-11-05;21;943
12;2025-11-05;22;435
12;2025-11-05;23;222
17;2025-11-05;0;131
17;2025-11-05;1;25
17;2025-11-05;2;0
17;2025-11-05;3;0
17;2025-11-05;4;32
17;2025-11-05;5;283
17;2025-11-05;6;1460
17;2025-11-05;7;3975
17;2025-11-05;8;5235
17;2025-11-05;9;3821
17;2025-11-05;10;3010
17;2025-11-05;11;2949
17;2025-11-05;12;3006
17;2025-11-05;13;3069
17;2025-11-05;14;3146
17;2025-11-05;15;3267
17;2025-11-05;16;3660
17;2025-11-05;17;4482
17;2025-11-05;18;4769
17;2025-11-05;19;3372
17;2025-11-05;20;2310
17;2025-11-05;21;1426
17;2025-11-05;22;723
17;2025-11-05;23;319
25;2025-11-05;0;3
25;2025-11-05;1;0
25;2025-11-05;2;0
25;2025-11-05;3;0
25;2025-11-05;4;0
25;2025-11-05;5;16
25;2025-11-05;6;207
25;2025-11-05;7;511
25;2025-11-05;8;837
25;2025-11-05;9;424
25;2025-11-05;10;336
25;2025-11-05;11;357
25;2025-11-05;12;367
25;2025-11-05;13;482
25;2025-11-05;14;424
25;2025-11-05;15;500
25;2025-11-05;16;632
25;2025-11-05;17;692
25;2025-11-05;18;735
25;2025-11-05;19;469
25;2025-11-05;20;284
25;2025-11-05;21;174
25;2025-11-05;22;86
25;2025-11-05;23;0
26;2025-11-05;0;31
26;2025-11-05;1;14
26;2025-11-05;2;0
26;2025-11-05;3;0
26;2025-11-05;4;1
26;2025-11-05;5;85
26;2025-11-05;6;468
26;2025-11-05;7;1039
26;2025-11-05;8;2114
26;2025-11-05;9;1456
26;2025-11-05;10;1203
26;2025-11-05;11;1105
26;2025-11-05;12;1155
26;2025-11-05;13;1221
26;2025-11-05;14;1278
26;2025-11-05;15;1331
26;2025-11-05;16;1502
26;2025-11-05;17;1647
26;2025-11-05;18;1785
26;2025-11-05;19;1259
26;2025-11-05;20;738
26;2025-11-05;21;442
26;2025-11-05;22;197
26;2025-11-05;23;112
28;2025-11-05;0;1
28;2025-11-05;1;0
28;2025-11-05;2;0
28;2025-11-05;3;0
28;2025-11-05;4;8
28;2025-11-05;5;69
28;2025-11-05;6;228
28;2025-11-05;7;714
28;2025-11-05;8;1174
28;2025-11-05;9;812
28;2025-11-05;10;595
28;2025-11-05;11;561
28;2025-11-05;12;667
28;2025-11-05;13;677
28;2025-11-05;14;638
28;2025-11-05;15;656
28;2025-11-05;16;793
28;2025-11-05;17;966
28;2025-11-05;18;953
28;2025-11-05;19;679
28;2025-11-05;20;458
28;2025-11-05;21;294
28;2025-11-05;22;109
28;2025-11-05;23;6
50;2025-11-05;0;14
50;2025-11-05;1;5
50;2025-11-05;2;0
50;2025-11-05;3;0
50;2025-11-05;4;3
50;2025-11-05;5;69
50;2025-11-05;6;466
50;2025-11-05;7;1659
50;2025-11-05;8;2728
50;2025-11-05;9;2088
50;2025-11-05;10;1645
50;2025-11-05;11;1550
50;2025-11-05;12;1474
50;2025-11-05;13;1455
50;2025-11-05;14;1425
50;2025-11-05;15;1623
50;2025-11-05;16;1648
50;2025-11-05;17;2305
50;2025-11-05;18;2379
50;2025-11-05;19;1481
50;2025-11-05;20;896
50;2025-11-05;21;584
50;2025-11-05;22;240
50;2025-11-05;23;110
1;2025-11-06;0;0
1;2025-11-06;1;0
1;2025-11-06;2;0
1;2025-11-06;3;0
1;2025-11-06;4;0
1;2025-11-06;5;112
1;2025-11-06;6;490
1;2025-11-06;7;1487
1;2025-11-06;8;1881
1;2025-11-06;9;1468
1;2025-11-06;10;1327
1;2025-11-06;11;1317
1;2025-11-06;12;1381
1;2025-11-06;13;1392
1;2025-11-06;14;1377
1;2025-11-06;15;1472
1;2025-11-06;16;1481
1;2025-11-06;17;1772
1;2025-11-06;18;1784
1;2025-11-06;19;1363
1;2025-11-06;20;854
1;2025-11-06;21;487
1;2025-11-06;22;216
1;2025-11-06;23;44
5;2025-11-06;0;0
5;2025-11-06;1;0
5;2025-11-06;2;0
5;2025-11-06;3;0
5;2025-11-06;4;0
5;2025-11-06;5;0
5;2025-11-06;6;0
5;2025-11-06;7;0
5;2025-11-06;8;0
5;2025-11-06;9;0
5;2025-11-06;10;0
5;2025-11-06;11;0
5;2025-11-06;12;0
5;2025-11-06;13;0
5;2025-11-06;14;0
5;2025-11-06;15;0
5;2025-11-06;16;0
5;2025-11-06;17;0
5;2025-11-06;18;0
5;2025-11-06;19;0
5;2025-11-06;20;0
5;2025-11-06;21;0
5;2025-11-06;22;0
5;2025-11-06;23;0
7;2025-11-06;0;39
7;2025-11-06;1;0
7;2025-11-06;2;0
7;2025-11-06;3;0
7;2025-11-06;4;0
7;2025-11-06;5;188
7;2025-11-06;6;670
7;2025-11-06;7;1620
7;2025-11-06;8;2484
7;2025-11-06;9;1832
7;2025-11-06;10;1652
7;2025-11-06;11;1517
7;2025-11-06;12;1644
7;2025-11-06;13;1583
7;2025-11-06;14;1680
7;2025-11-06;15;1789
7;2025-11-06;16;1870
7;2025-11-06;17;2358
7;2025-11-06;18;2598
7;2025-11-06;19;1741
7;2025-11-06;20;1084
7;2025-11-06;21;622
7;2025-11-06;22;213
7;2025-11-06;23;165
11;2025-11-06;0;54
11;2025-11-06;1;0
11;2025-11-06;2;0
11;2025-11-06;3;0
11;2025-11-06;4;0
11;2025-11-06;5;250
11;2025-11-06;6;1280
11;2025-11-06;7;2423
11;2025-11-06;8;3162
11;2025-11-06;9;2437
11;2025-11-06;10;1929
11;2025-11-06;11;1899
11;2025-11-06;12;1932
11;2025-11-06;13;2010
11;2025-11-06;14;2040
11;2025-11-06;15;2037
11;2025-11-06;16;2234
11;2025-11-06;17;2810
11;2025-11-06;18;3019
11;2025-11-06;19;2265
11;2025-11-06;20;1446
11;2025-11-06;21;842
11;2025-11-06;22;400
11;2025-11-06;23;234
12;2025-11-06;0;50
12;2025-11-06;1;0
12;2025-11-06;2;0
12;2025-11-06;3;0
12;2025-11-06;4;4
12;2025-11-06;5;308
12;2025-11-06;6;1386
12;2025-11-06;7;2721
12;2025-11-06;8;3526
12;2025-11-06;9;2523
12;2025-11-06;10;2106
12;2025-11-06;11;2072
12;2025-11-06;12;2110
12;2025-11-06;13;2077
12;2025-11-06;14;2007
12;2025-11-06;15;2275
12;2025-11-06;16;2756
12;2025-11-06;17;3045
12;2025-11-06;18;3162
12;2025-11-06;19;2452
12;2025-11-06;20;1515
12;2025-11-06;21;944
12;2025-11-06;22;463
12;2025-11-06;23;263
17;2025-11-06;0;114
17;2025-11-06;1;9
17;2025-11-06;2;0
17;2025-11-06;3;0
17;2025-11-06;4;18
17;2025-11-06;5;296
17;2025-11-06;6;1507
17;2025-11-06;7;3985
17;2025-11-06;8;5296
17;2025-11-06;9;3861
17;2025-11-06;10;3072
17;2025-11-06;11;3044
17;2025-11-06;12;3053
17;2025-11-06;13;3116
17;2025-11-06;14;3181
17;2025-11-06;15;3292
17;2025-11-06;16;3710
17;2025-11-06;17;4544
17;2025-11-06;18;4772
17;2025-11-06;19;3348
17;2025-11-06;20;2357
17;2025-11-06;21;1465
17;2025-11-06;22;762
17;2025-11-06;23;356
25;2025-11-06;0;0
25;2025-11-06;1;0
25;2025-11-06;2;0
25;2025-11-06;3;0
25;2025-11-06;4;0
25;2025-11-06;5;14
25;2025-11-06;6;201
25;2025-11-06;7;517
25;2025-11-06;8;870
25;2025-11-06;9;451
25;2025-11-06;10;362
25;2025-11-06;11;399
25;2025-11-06;12;403
25;2025-11-06;13;500
25;2025-11-06;14;438
25;2025-11-06;15;547
25;2025-11-06;16;666
25;2025-11-06;17;732
25;2025-11-06;18;757
25;2025-11-06;19;501
25;2025-11-06;20;300
25;2025-11-06;21;204
25;2025-11-06;22;93
25;2025-11-06;23;0
26;2025-11-06;0;20
26;2025-11-06;1;5
26;2025-11-06;2;0
26;2025-11-06;3;0
26;2025-11-06;4;0
26;2025-11-06;5;69
26;2025-11-06;6;469
26;2025-11-06;7;1067
26;2025-11-06;8;2233
26;2025-11-06;9;1473
26;2025-11-06;10;1231
26;2025-11-06;11;1108
26;2025-11-06;12;1147
26;2025-11-06;13;1169
26;2025-11-06;14;1259
26;2025-11-06;15;1310
26;2025-11-06;16;1505
26;2025-11-06;17;1712
26;2025-11-06;18;1822
26;2025-11-06;19;1247
26;2025-11-06;20;760
26;2025-11-06;21;484
26;2025-11-06;22;210
26;2025-11-06;23;136
28;2025-11-06;0;1
28;2025-11-06;1;0
28;2025-11-06;2;0
28;2025-11-06;3;0
28;2025-11-06;4;0
28;2025-11-06;5;67
28;2025-11-06;6;264
28;2025-11-06;7;755
28;2025-11-06;8;1229
28;2025-11-06;9;849
28;2025-11-06;10;645
28;2025-11-06;11;580
28;2025-11-06;12;706
28;2025-11-06;13;717
28;2025-11-06;14;659
28;2025-11-06;15;696
28;2025-11-06;16;876
28;2025-11-06;17;1010
28;2025-11-06;18;963
28;2025-11-06;19;703
28;2025-11-06;20;480
28;2025-11-06;21;330
28;2025-11-06;22;137
28;2025-11-06;23;13
50;2025-11-06;0;11
50;2025-11-06;1;0
50;2025-11-06;2;0
50;2025-11-06;3;0
50;2025-11-06;4;0
50;2025-11-06;5;67
50;2025-11-06;6;532
50;2025-11-06;7;1752
50;2025-11-06;8;2744
50;2025-11-06;9;2161
50;2025-11-06;10;1671
50;2025-11-06;11;1554
50;2025-11-06;12;1526
50;2025-11-06;13;1493
50;2025-11-06;14;1426
50;2025-11-06;15;1678
50;2025-11-06;16;1762
50;2025-11-06;17;2345
50;2025-11-06;18;2386
50;2025-11-06;19;1466
50;2025-11-06;20;911
50;2025-11-06;21;606
50;2025-11-06;22;248
50;2025-11-06;23;135
1;2025-11-07;0;6
1;2025-11-07;1;0
1;2025-11-07;2;0
1;2025-11-07;3;0
1;2025-11-07;4;0
1;2025-11-07;5;134
1;2025-11-07;6;499
1;2025-11-07;7;1484
1;2025-11-07;8;1834
1;2025-11-07;9;1430
1;2025-11-07;10;1297
1;2025-11-07;11;1387
1;2025-11-07;12;1381
1;2025-11-07;13;1400
1;2025-11-07;14;1395
1;2025-11-07;15;1520
1;2025-11-07;16;1533
1;2025-11-07;17;1766
1;2025-11-07;18;1616
1;2025-11-07;19;1245
1;2025-11-07;20;814
1;2025-11-07;21;491
1;2025-11-07;22;230
1;2025-11-07;23;48
5;2025-11-07;0;0
5;2025-11-07;1;0
5;2025-11-07;2;0
5;2025-11-07;3;0
5;2025-11-07;4;0
5;2025-11-07;5;0
5;2025-11-07;6;0
5;2025-11-07;7;0
5;2025-11-07;8;0
5;2025-11-07;9;0
5;2025-11-07;10;0
5;2025-11-07;11;0
5;2025-11-07;12;0
5;2025-11-07;13;0
5;2025-11-07;14;0
5;2025-11-07;15;0
5;2025-11-07;16;0
5;2025-11-07;17;0
5;2025-11-07;18;0
5;2025-11-07;19;0
5;2025-11-07;20;0
5;2025-11-07;21;0
5;2025-11-07;22;0
5;2025-11-07;23;0
7;2025-11-07;0;56
7;2025-11-07;1;0
7;2025-11-07;2;0
7;2025-11-07;3;0
7;2025-11-07;4;0
7;2025-11-07;5;179
7;2025-11-07;6;659
7;2025-11-07;7;1597
7;2025-11-07;8;2390
7;2025-11-07;9;1805
7;2025-11-07;10;1657
7;2025-11-07;11;1534
7;2025-11-07;12;1653
7;2025-11-07;13;1633
7;2025-11-07;14;1715
7;2025-11-07;15;1839
7;2025-11-07;16;1957
7;2025-11-07;17;2280
7;2025-11-07;18;2231
7;2025-11-07;19;1608
7;2025-11-07;20;1057
7;2025-11-07;21;604
7;2025-11-07;22;234
7;2025-11-07;23;192
11;2025-11-07;0;72
11;2025-11-07;1;0
11;2025-11-07;2;0
11;2025-11-07;3;0
11;2025-11-07;4;5
11;2025-11-07;5;270
11;2025-11-07;6;1278
11;2025-11-07;7;2328
11;2025-11-07;8;3021
11;2025-11-07;9;2318
11;2025-11-07;10;1875
11;2025-11-07;11;1894
11;2025-11-07;12;1935
11;2025-11-07;13;1958
11;2025-11-07;14;2095
11;2025-11-07;15;2124
11;2025-11-07;16;2293
11;2025-11-07;17;2825
11;2025-11-07;18;2715
11;2025-11-07;19;2117
11;2025-11-07;20;1405
11;2025-11-07;21;840
11;2025-11-07;22;419
11;2025-11-07;23;286
12;2025-11-07;0;61
12;2025-11-07;1;0
12;2025-11-07;2;0
12;2025-11-07;3;0
12;2025-11-07;4;6
12;2025-11-07;5;317
12;2025-11-07;6;1366
12;2025-11-07;7;2676
12;2025-11-07;8;3327
12;2025-11-07;9;2423
12;2025-11-07;10;2006
12;2025-11-07;11;2039
12;2025-11-07;12;2087
12;2025-11-07;13;2080
12;2025-11-07;14;2052
12;2025-11-07;15;2346
12;2025-11-07;16;2807
12;2025-11-07;17;2979
12;2025-11-07;18;2738
12;2025-11-07;19;2288
12;2025-11-07;20;1458
12;2025-11-07;21;953
12;2025-11-07;22;482
12;2025-11-07;23;299
17;2025-11-07;0;130
17;2025-11-07;1;13
17;2025-11-07;2;0
17;2025-11-07;3;0
17;2025-11-07;4;19
17;2025-11-07;5;302
17;2025-11-07;6;1500
17;2025-11-07;7;3918
17;2025-11-07;8;5043
17;2025-11-07;9;3726
17;2025-11-07;10;3029
17;2025-11-07;11;3070
17;2025-11-07;12;3058
17;2025-11-07;13;3153
17;2025-11-07;14;3259
17;2025-11-07;15;3428
17;2025-11-07;16;3822
17;2025-11-07;17;4530
17;2025-11-07;18;4452
17;2025-11-07;19;3218
17;2025-11-07;20;2364
17;2025-11-07;21;1521
17;2025-11-07;22;800
17;2025-11-07;23;418
25;2025-11-07;0;0
25;2025-11-07;1;0
25;2025-11-07;2;0
25;2025-11-07;3;0
25;2025-11-07;4;0
25;2025-11-07;5;15
25;2025-11-07;6;209
25;2025-11-07;7;515
25;2025-11-07;8;831
25;2025-11-07;9;436
25;2025-11-07;10;357
25;2025-11-07;11;401
25;2025-11-07;12;402
25;2025-11-07;13;505
25;2025-11-07;14;460
25;2025-11-07;15;576
25;2025-11-07;16;711
25;2025-11-07;17;727
25;2025-11-07;18;676
25;2025-11-07;19;495
25;2025-11-07;20;305
25;2025-11-07;21;210
25;2025-11-07;22;111
25;2025-11-07;23;10
26;2025-11-07;0;15
26;2025-11-07;1;11
26;2025-11-07;2;0
26;2025-11-07;3;0
26;2025-11-07;4;5
26;2025-11-07;5;70
26;2025-11-07;6;490
26;2025-11-07;7;1047
26;2025-11-07;8;2109
26;2025-11-07;9;1394
26;2025-11-07;10;1206
26;2025-11-07;11;1129
26;2025-11-07;12;1135
26;2025-11-07;13;1188
26;2025-11-07;14;1280
26;2025-11-07;15;1342
26;2025-11-07;16;1560
26;2025-11-07;17;1694
26;2025-11-07;18;1609
26;2025-11-07;19;1138
26;2025-11-07;20;713
26;2025-11-07;21;468
26;2025-11-07;22;212
26;2025-11-07;23;158
28;2025-11-07;0;1
28;2025-11-07;1;0
28;2025-11-07;2;0
28;2025-11-07;3;0
28;2025-11-07;4;0
28;2025-11-07;5;75
28;2025-11-07;6;256
28;2025-11-07;7;741
28;2025-11-07;8;1188
28;2025-11-07;9;819
28;2025-11-07;10;644
28;2025-11-07;11;600
28;2025-11-07;12;724
28;2025-11-07;13;730
28;2025-11-07;14;678
28;2025-11-07;15;711
28;2025-11-07;16;886
28;2025-11-07;17;995
28;2025-11-07;18;870
28;2025-11-07;19;644
28;2025-11-07;20;457
28;2025-11-07;21;328
28;2025-11-07;22;132
28;2025-11-07;23;14
50;2025-11-07;0;12
50;2025-11-07;1;0
50;2025-11-07;2;0
50;2025-11-07;3;0
50;2025-11-07;4;0
50;2025-11-07;5;62
50;2025-11-07;6;526
50;2025-11-07;7;1698
50;2025-11-07;8;2649
50;2025-11-07;9;2053
50;2025-11-07;10;1592
50;2025-11-07;11;1566
50;2025-11-07;12;1505
50;2025-11-07;13;1518
50;2025-11-07;14;1456
50;2025-11-07;15;1707
50;2025-11-07;16;1884
50;2025-11-07;17;2239
50;2025-11-07;18;1928
50;2025-11-07;19;1257
50;2025-11-07;20;841
50;2025-11-07;21;551
50;2025-11-07;22;269
50;2025-11-07;23;154
1;2025-11-08;0;8
1;2025-11-08;1;0
1;2025-11-08;2;0
1;2025-11-08;3;0
1;2025-11-08;4;0
1;2025-11-08;5;28
1;2025-11-08;6;180
1;2025-11-08;7;338
1;2025-11-08;8;441
1;2025-11-08;9;749
1;2025-11-08;10;860
1;2025-11-08;11;806
1;2025-11-08;12;999
1;2025-11-08;13;996
1;2025-11-08;14;990
1;2025-11-08;15;879
1;2025-11-08;16;801
1;2025-11-08;17;741
1;2025-11-08;18;627
1;2025-11-08;19;554
1;2025-11-08;20;394
1;2025-11-08;21;325
1;2025-11-08;22;131
1;2025-11-08;23;46
5;2025-11-08;0;0
5;2025-11-08;1;0
5;2025-11-08;2;0
5;2025-11-08;3;0
5;2025-11-08;4;0
5;2025-11-08;5;0
5;2025-11-08;6;0
5;2025-11-08;7;0
5;2025-11-08;8;0
5;2025-11-08;9;0
5;2025-11-08;10;0
5;2025-11-08;11;0
5;2025-11-08;12;0
5;2025-11-08;13;0
5;2025-11-08;14;0
5;2025-11-08;15;0
5;2025-11-08;16;0
5;2025-11-08;17;0
5;2025-11-08;18;0
5;2025-11-08;19;0
5;2025-11-08;20;0
5;2025-11-08;21;0
5;2025-11-08;22;0
5;2025-11-08;23;0
7;2025-11-08;0;109
7;2025-11-08;1;20
7;2025-11-08;2;0
7;2025-11-08;3;0
7;2025-11-08;4;3
7;2025-11-08;5;43
7;2025-11-08;6;239
7;2025-11-08;7;351
7;2025-11-08;8;583
7;2025-11-08;9;573
7;2025-11-08;10;588
7;2025-11-08;11;708
7;2025-11-08;12;834
7;2025-11-08;13;790
7;2025-11-08;14;850
7;2025-11-08;15;803
7;2025-11-08;16;800
7;2025-11-08;17;766
7;2025-11-08;18;728
7;2025-11-08;19;634
7;2025-11-08;20;533
7;2025-11-08;21;401
7;2025-11-08;22;201
7;2025-11-08;23;171
11;2025-11-08;0;97
11;2025-11-08;1;1
11;2025-11-08;2;0
11;2025-11-08;3;0
11;2025-11-08;4;13
11;2025-11-08;5;178
11;2025-11-08;6;775
11;2025-11-08;7;785
11;2025-11-08;8;1027
11;2025-11-08;9;1183
11;2025-11-08;10;1297
11;2025-11-08;11;1601
11;2025-11-08;12;1756
11;2025-11-08;13;1741
11;2025-11-08;14;1844
11;2025-11-08;15;1777
11;2025-11-08;16;1752
11;2025-11-08;17;1851
11;2025-11-08;18;1565
11;2025-11-08;19;1427
11;2025-11-08;20;1022
11;2025-11-08;21;750
11;2025-11-08;22;408
11;2025-11-08;23;311
12;2025-11-08;0;82
12;2025-11-08;1;2
12;2025-11-08;2;0
12;2025-11-08;3;0
12;2025-11-08;4;10
12;2025-11-08;5;227
12;2025-11-08;6;853
12;2025-11-08;7;926
12;2025-11-08;8;1039
12;2025-11-08;9;1226
12;2025-11-08;10;1444
12;2025-11-08;11;1505
12;2025-11-08;12;1498
12;2025-11-08;13;1703
12;2025-11-08;14;1627
12;2025-11-08;15;1571
12;2025-11-08;16;1644
12;2025-11-08;17;1612
12;2025-11-08;18;1487
12;2025-11-08;19;1329
12;2025-11-08;20;983
12;2025-11-08;21;715
12;2025-11-08;22;395
12;2025-11-08;23;300
17;2025-11-08;0;180
17;2025-11-08;1;18
17;2025-11-08;2;0
17;2025-11-08;3;0
17;2025-11-08;4;0
17;2025-11-08;5;135
17;2025-11-08;6;556
17;2025-11-08;7;1200
17;2025-11-08;8;1707
17;2025-11-08;9;2195
17;2025-11-08;10;2387
17;2025-11-08;11;2854
17;2025-11-08;12;2998
17;2025-11-08;13;3200
17;2025-11-08;14;3217
17;2025-11-08;15;3292
17;2025-11-08;16;3322
17;2025-11-08;17;3220
17;2025-11-08;18;2847
17;2025-11-08;19;2242
17;2025-11-08;20;1834
17;2025-11-08;21;1326
17;2025-11-08;22;828
17;2025-11-08;23;447
25;2025-11-08;0;5
25;2025-11-08;1;0
25;2025-11-08;2;0
25;2025-11-08;3;0
25;2025-11-08;4;0
25;2025-11-08;5;14
25;2025-11-08;6;107
25;2025-11-08;7;151
25;2025-11-08;8;282
25;2025-11-08;9;294
25;2025-11-08;10;267
25;2025-11-08;11;359
25;2025-11-08;12;387
25;2025-11-08;13;538
25;2025-11-08;14;527
25;2025-11-08;15;648
25;2025-11-08;16;587
25;2025-11-08;17;515
25;2025-11-08;18;477
25;2025-11-08;19;405
25;2025-11-08;20;254
25;2025-11-08;21;197
25;2025-11-08;22;109
25;2025-11-08;23;61
26;2025-11-08;0;33
26;2025-11-08;1;13
26;2025-11-08;2;0
26;2025-11-08;3;0
26;2025-11-08;4;0
26;2025-11-08;5;38
26;2025-11-08;6;257
26;2025-11-08;7;350
26;2025-11-08;8;646
26;2025-11-08;9;669
26;2025-11-08;10;826
26;2025-11-08;11;979
26;2025-11-08;12;991
26;2025-11-08;13;1054
26;2025-11-08;14;1037
26;2025-11-08;15;1000
26;2025-11-08;16;1035
26;2025-11-08;17;963
26;2025-11-08;18;872
26;2025-11-08;19;782
26;2025-11-08;20;526
26;2025-11-08;21;375
26;2025-11-08;22;208
26;2025-11-08;23;159
28;2025-11-08;0;1
28;2025-11-08;1;0
28;2025-11-08;2;0
28;2025-11-08;3;0
28;2025-11-08;4;0
28;2025-11-08;5;29
28;2025-11-08;6;106
28;2025-11-08;7;229
28;2025-11-08;8;382
28;2025-11-08;9;449
28;2025-11-08;10;466
28;2025-11-08;11;472
28;2025-11-08;12;583
28;2025-11-08;13;577
28;2025-11-08;14;579
28;2025-11-08;15;585
28;2025-11-08;16;592
28;2025-11-08;17;590
28;2025-11-08;18;500
28;2025-11-08;19;410
28;2025-11-08;20;332
28;2025-11-08;21;282
28;2025-11-08;22;129
28;2025-11-08;23;18
50;2025-11-08;0;1
50;2025-11-08;1;0
50;2025-11-08;2;0
50;2025-11-08;3;0
50;2025-11-08;4;0
50;2025-11-08;5;0
50;2025-11-08;6;4
50;2025-11-08;7;10
50;2025-11-08;8;15
50;2025-11-08;9;15
50;2025-11-08;10;14
50;2025-11-08;11;20
50;2025-11-08;12;21
50;2025-11-08;13;21
50;2025-11-08;14;22
50;2025-11-08;15;21
50;2025-11-08;16;21
50;2025-11-08;17;22
50;2025-11-08;18;17
50;2025-11-08;19;16
50;2025-11-08;20;14
50;2025-11-08;21;10
50;2025-11-08;22;6
50;2025-11-08;23;4
1;2025-11-09;0;5
1;2025-11-09;1;0
1;2025-11-09;2;0
1;2025-11-09;3;0
1;2025-11-09;4;0
1;2025-11-09;5;40
1;2025-11-09;6;111
1;2025-11-09;7;231
1;2025-11-09;8;307
1;2025-11-09;9;570
1;2025-11-09;10;671
1;2025-11-09;11;639
1;2025-11-09;12;788
1;2025-11-09;13;787
1;2025-11-09;14;774
1;2025-11-09;15;701
1;2025-11-09;16;625
1;2025-11-09;17;590
1;2025-11-09;18;514
1;2025-11-09;19;412
1;2025-11-09;20;299
1;2025-11-09;21;236
1;2025-11-09;22;70
1;2025-11-09;23;24
5;2025-11-09;0;0
5;2025-11-09;1;0
5;2025-11-09;2;0
5;2025-11-09;3;0
5;2025-11-09;4;0
5;2025-11-09;5;0
5;2025-11-09;6;0
5;2025-11-09;7;0
5;2025-11-09;8;0
5;2025-11-09;9;0
5;2025-11-09;10;0
5;2025-11-09;11;0
5;2025-11-09;12;0
5;2025-11-09;13;0
5;2025-11-09;14;0
5;2025-11-09;15;0
5;2025-11-09;16;0
5;2025-11-09;17;0
5;2025-11-09;18;0
5;2025-11-09;19;0
5;2025-11-09;20;0
5;2025-11-09;21;0
5;2025-11-09;22;0
5;2025-11-09;23;0
7;2025-11-09;0;120
7;2025-11-09;1;38
7;2025-11-09;2;0
7;2025-11-09;3;0
7;2025-11-09;4;11
7;2025-11-09;5;28
7;2025-11-09;6;165
7;2025-11-09;7;213
7;2025-11-09;8;386
7;2025-11-09;9;473
7;2025-11-09;10;490
7;2025-11-09;11;573
7;2025-11-09;12;640
7;2025-11-09;13;652
7;2025-11-09;14;684
7;2025-11-09;15;696
7;2025-11-09;16;630
7;2025-11-09;17;621
7;2025-11-09;18;606
7;2025-11-09;19;488
7;2025-11-09;20;432
7;2025-11-09;21;300
7;2025-11-09;22;150
7;2025-11-09;23;118
11;2025-11-09;0;120
11;2025-11-09;1;29
11;2025-11-09;2;0
11;2025-11-09;3;0
11;2025-11-09;4;8
11;2025-11-09;5;114
11;2025-11-09;6;499
11;2025-11-09;7;567
11;2025-11-09;8;701
11;2025-11-09;9;920
11;2025-11-09;10;1027
11;2025-11-09;11;1401
11;2025-11-09;12;1491
11;2025-11-09;13;1501
11;2025-11-09;14;1531
11;2025-11-09;15;1551
11;2025-11-09;16;1548
11;2025-11-09;17;1663
11;2025-11-09;18;1378
11;2025-11-09;19;1108
11;2025-11-09;20;802
11;2025-11-09;21;583
11;2025-11-09;22;309
11;2025-11-09;23;214
12;2025-11-09;0;90
12;2025-11-09;1;18
12;2025-11-09;2;0
12;2025-11-09;3;0
12;2025-11-09;4;13
12;2025-11-09;5;142
12;2025-11-09;6;493
12;2025-11-09;7;671
12;2025-11-09;8;716
12;2025-11-09;9;939
12;2025-11-09;10;1188
12;2025-11-09;11;1320
12;2025-11-09;12;1357
12;2025-11-09;13;1548
12;2025-11-09;14;1459
12;2025-11-09;15;1399
12;2025-11-09;16;1460
12;2025-11-09;17;1498
12;2025-11-09;18;1310
12;2025-11-09;19;976
12;2025-11-09;20;728
12;2025-11-09;21;540
12;2025-11-09;22;329
12;2025-11-09;23;212
17;2025-11-09;0;169
17;2025-11-09;1;33
17;2025-11-09;2;0
17;2025-11-09;3;0
17;2025-11-09;4;14
17;2025-11-09;5;96
17;2025-11-09;6;412
17;2025-11-09;7;774
17;2025-11-09;8;1257
17;2025-11-09;9;1708
17;2025-11-09;10;1999
17;2025-11-09;11;2487
17;2025-11-09;12;2708
17;2025-11-09;13;2896
17;2025-11-09;14;2960
17;2025-11-09;15;2995
17;2025-11-09;16;3027
17;2025-11-09;17;2876
17;2025-11-09;18;2477
17;2025-11-09;19;2034
17;2025-11-09;20;1561
17;2025-11-09;21;1085
17;2025-11-09;22;669
17;2025-11-09;23;279
25;2025-11-09;0;33
25;2025-11-09;1;0
25;2025-11-09;2;0
25;2025-11-09;3;0
25;2025-11-09;4;0
25;2025-11-09;5;11
25;2025-11-09;6;95
25;2025-11-09;7;101
25;2025-11-09;8;169
25;2025-11-09;9;190
25;2025-11-09;10;201
25;2025-11-09;11;260
25;2025-11-09;12;287
25;2025-11-09;13;409
25;2025-11-09;14;416
25;2025-11-09;15;528
25;2025-11-09;16;470
25;2025-11-09;17;429
25;2025-11-09;18;375
25;2025-11-09;19;306
25;2025-11-09;20;194
25;2025-11-09;21;146
25;2025-11-09;22;88
25;2025-11-09;23;33
26;2025-11-09;0;53
26;2025-11-09;1;13
26;2025-11-09;2;0
26;2025-11-09;3;0
26;2025-11-09;4;3
26;2025-11-09;5;34
26;2025-11-09;6;149
26;2025-11-09;7;220
26;2025-11-09;8;375
26;2025-11-09;9;465
26;2025-11-09;10;578
26;2025-11-09;11;766
26;2025-11-09;12;799
26;2025-11-09;13;840
26;2025-11-09;14;851
26;2025-11-09;15;782
26;2025-11-09;16;794
26;2025-11-09;17;752
26;2025-11-09;18;660
26;2025-11-09;19;531
26;2025-11-09;20;385
26;2025-11-09;21;280
26;2025-11-09;22;143
26;2025-11-09;23;111
28;2025-11-09;0;1
28;2025-11-09;1;0
28;2025-11-09;2;0
28;2025-11-09;3;0
28;2025-11-09;4;3
28;2025-11-09;5;38
28;2025-11-09;6;69
28;2025-11-09;7;155
28;2025-11-09;8;239
28;2025-11-09;9;315
28;2025-11-09;10;363
28;2025-11-09;11;403
28;2025-11-09;12;455
28;2025-11-09;13;478
28;2025-11-09;14;477
28;2025-11-09;15;480
28;2025-11-09;16;465
28;2025-11-09;17;469
28;2025-11-09;18;391
28;2025-11-09;19;328
28;2025-11-09;20;253
28;2025-11-09;21;225
28;2025-11-09;22;94
28;2025-11-09;23;8
50;2025-11-09;0;1
50;2025-11-09;1;0
50;2025-11-09;2;0
50;2025-11-09;3;0
50;2025-11-09;4;0
50;2025-11-09;5;0
50;2025-11-09;6;2
50;2025-11-09;7;7
50;2025-11-09;8;9
50;2025-11-09;9;10
50;2025-11-09;10;11
50;2025-11-09;11;15
50;2025-11-09;12;17
50;2025-11-09;13;19
50;2025-11-09;14;20
50;2025-11-09;15;17
50;2025-11-09;16;17
50;2025-11-09;17;18
50;2025-11-09;18;15
50;2025-11-09;19;13
50;2025-11-09;20;10
50;2025-11-09;21;8
50;2025-11-09;22;5
50;2025-11-09;23;3
1;2025-11-10;0;0
1;2025-11-10;1;0
1;2025-11-10;2;0
1;2025-11-10;3;0
1;2025-11-10;4;6
1;2025-11-10;5;119
1;2025-11-10;6;504
1;2025-11-10;7;1430
1;2025-11-10;8;1803
1;2025-11-10;9;1397
1;2025-11-10;10;1276
1;2025-11-10;11;1277
1;2025-11-10;12;1360
1;2025-11-10;13;1354
1;2025-11-10;14;1351
1;2025-11-10;15;1452
1;2025-11-10;16;1475
1;2025-11-10;17;1785
1;2025-11-10;18;1795
1;2025-11-10;19;1371
1;2025-11-10;20;858
1;2025-11-10;21;463
1;2025-11-10;22;190
1;2025-11-10;23;52
5;2025-11-10;0;0
5;2025-11-10;1;0
5;2025-11-10;2;0
5;2025-11-10;3;0
5;2025-11-10;4;0
5;2025-11-10;5;0
5;2025-11-10;6;0
5;2025-11-10;7;0
5;2025-11-10;8;0
5;2025-11-10;9;0
5;2025-11-10;10;0
5;2025-11-10;11;0
5;2025-11-10;12;0
5;2025-11-10;13;0
5;2025-11-10;14;0
5;2025-11-10;15;0
5;2025-11-10;16;0
5;2025-11-10;17;0
5;2025-11-10;18;0
5;2025-11-10;19;0
5;2025-11-10;20;0
5;2025-11-10;21;0
5;2025-11-10;22;0
5;2025-11-10;23;0
7;2025-11-10;0;46
7;2025-11-10;1;0
7;2025-11-10;2;0
7;2025-11-10;3;0
7;2025-11-10;4;2
7;2025-11-10;5;187
7;2025-11-10;6;674
7;2025-11-10;7;1599
7;2025-11-10;8;2467
7;2025-11-10;9;1803
7;2025-11-10;10;1639
7;2025-11-10;11;1460
7;2025-11-10;12;1555
7;2025-11-10;13;1562
7;2025-11-10;14;1634
7;2025-11-10;15;1739
7;2025-11-10;16;1823
7;2025-11-10;17;2293
7;2025-11-10;18;2570
7;2025-11-10;19;1708
7;2025-11-10;20;1095
7;2025-11-10;21;588
7;2025-11-10;22;193
7;2025-11-10;23;150
11;2025-11-10;0;67
11;2025-11-10;1;0
11;2025-11-10;2;0
11;2025-11-10;3;0
11;2025-11-10;4;4
11;2025-11-10;5;265
11;2025-11-10;6;1276
11;2025-11-10;7;2342
11;2025-11-10;8;3148
11;2025-11-10;9;2371
11;2025-11-10;10;1784
11;2025-11-10;11;1830
11;2025-11-10;12;1808
11;2025-11-10;13;1941
11;2025-11-10;14;1935
11;2025-11-10;15;1983
11;2025-11-10;16;2214
11;2025-11-10;17;2812
11;2025-11-10;18;3024
11;2025-11-10;19;2230
11;2025-11-10;20;1450
11;2025-11-10;21;822
11;2025-11-10;22;382
11;2025-11-10;23;213
12;2025-11-10;0;63
12;2025-11-10;1;0
12;2025-11-10;2;0
12;2025-11-10;3;0
12;2025-11-10;4;7
12;2025-11-10;5;293
12;2025-11-10;6;1295
12;2025-11-10;7;2650
12;2025-11-10;8;3496
12;2025-11-10;9;2419
12;2025-11-10;10;2006
12;2025-11-10;11;1917
12;2025-11-10;12;2042
12;2025-11-10;13;2018
12;2025-11-10;14;1967
12;2025-11-10;15;2229
12;2025-11-10;16;2710
12;2025-11-10;17;3033
12;2025-11-10;18;3169
12;2025-11-10;19;2390
12;2025-11-10;20;1536
12;2025-11-10;21;910
12;2025-11-10;22;429
12;2025-11-10;23;242
17;2025-11-10;0;69
17;2025-11-10;1;8
17;2025-11-10;2;0
17;2025-11-10;3;0
17;2025-11-10;4;30
17;2025-11-10;5;295
17;2025-11-10;6;1472
17;2025-11-10;7;3966
17;2025-11-10;8;5278
17;2025-11-10;9;3756
17;2025-11-10;10;2947
17;2025-11-10;11;2922
17;2025-11-10;12;2932
17;2025-11-10;13;3002
17;2025-11-10;14;3064
17;2025-11-10;15;3174
17;2025-11-10;16;3607
17;2025-11-10;17;4435
17;2025-11-10;18;4755
17;2025-11-10;19;3366
17;2025-11-10;20;2288
17;2025-11-10;21;1402
17;2025-11-10;22;704
17;2025-11-10;23;318
25;2025-11-10;0;7
25;2025-11-10;1;0
25;2025-11-10;2;0
25;2025-11-10;3;0
25;2025-11-10;4;0
25;2025-11-10;5;3
25;2025-11-10;6;202
25;2025-11-10;7;530
25;2025-11-10;8;855
25;2025-11-10;9;454
25;2025-11-10;10;336
25;2025-11-10;11;360
25;2025-11-10;12;367
25;2025-11-10;13;450
25;2025-11-10;14;368
25;2025-11-10;15;467
25;2025-11-10;16;623
25;2025-11-10;17;698
25;2025-11-10;18;733
25;2025-11-10;19;505
25;2025-11-10;20;283
25;2025-11-10;21;178
25;2025-11-10;22;90
25;2025-11-10;23;8
26;2025-11-10;0;17
26;2025-11-10;1;0
26;2025-11-10;2;0
26;2025-11-10;3;0
26;2025-11-10;4;3
26;2025-11-10;5;79
26;2025-11-10;6;480
26;2025-11-10;7;1051
26;2025-11-10;8;2117
26;2025-11-10;9;1414
26;2025-11-10;10;1211
26;2025-11-10;11;1098
26;2025-11-10;12;1119
26;2025-11-10;13;1161
26;2025-11-10;14;1243
26;2025-11-10;15;1321
26;2025-11-10;16;1489
26;2025-11-10;17;1686
26;2025-11-10;18;1811
26;2025-11-10;19;1260
26;2025-11-10;20;741
26;2025-11-10;21;454
26;2025-11-10;22;205
26;2025-11-10;23;120
28;2025-11-10;0;1
28;2025-11-10;1;0
28;2025-11-10;2;0
28;2025-11-10;3;0
28;2025-11-10;4;0
28;2025-11-10;5;65
28;2025-11-10;6;248
28;2025-11-10;7;732
28;2025-11-10;8;1199
28;2025-11-10;9;839
28;2025-11-10;10;623
28;2025-11-10;11;544
28;2025-11-10;12;670
28;2025-11-10;13;700
28;2025-11-10;14;633
28;2025-11-10;15;646
28;2025-11-10;16;795
28;2025-11-10;17;970
28;2025-11-10;18;948
28;2025-11-10;19;701
28;2025-11-10;20;467
28;2025-11-10;21;301
28;2025-11-10;22;113
28;2025-11-10;23;16
50;2025-11-10;0;0
50;2025-11-10;1;0
50;2025-11-10;2;0
50;2025-11-10;3;0
50;2025-11-10;4;2
50;2025-11-10;5;60
50;2025-11-10;6;513
50;2025-11-10;7;1703
50;2025-11-10;8;2735
50;2025-11-10;9;2114
50;2025-11-10;10;1647
50;2025-11-10;11;1557
50;2025-11-10;12;1439
50;2025-11-10;13;1460
50;2025-11-10;14;1428
50;2025-11-10;15;1654
50;2025-11-10;16;1648
50;2025-11-10;17;2307
50;2025-11-10;18;2426
50;2025-11-10;19;1482
50;2025-11-10;20;905
50;2025-11-10;21;577
50;2025-11-10;22;246
50;2025-11-10;23;121
1;2025-11-11;0;0
1;2025-11-11;1;0
1;2025-11-11;2;0
1;2025-11-11;3;0
1;2025-11-11;4;0
1;2025-11-11;5;127
1;2025-11-11;6;541
1;2025-11-11;7;1523
1;2025-11-11;8;1900
1;2025-11-11;9;1490
1;2025-11-11;10;1348
1;2025-11-11;11;1364
1;2025-11-11;12;1408
1;2025-11-11;13;1432
1;2025-11-11;14;1398
1;2025-11-11;15;1509
1;2025-11-11;16;1521
1;2025-11-11;17;1784
1;2025-11-11;18;1796
1;2025-11-11;19;1379
1;2025-11-11;20;880
1;2025-11-11;21;504
1;2025-11-11;22;229
1;2025-11-11;23;54
5;2025-11-11;0;0
5;2025-11-11;1;0
5;2025-11-11;2;0
5;2025-11-11;3;0
5;2025-11-11;4;0
5;2025-11-11;5;0
5;2025-11-11;6;0
5;2025-11-11;7;0
5;2025-11-11;8;0
5;2025-11-11;9;0
5;2025-11-11;10;0
5;2025-11-11;11;0
5;2025-11-11;12;0
5;2025-11-11;13;0
5;2025-11-11;14;0
5;2025-11-11;15;0
5;2025-11-11;16;0
5;2025-11-11;17;0
5;2025-11-11;18;0
5;2025-11-11;19;0
5;2025-11-11;20;0
5;2025-11-11;21;0
5;2025-11-11;22;0
5;2025-11-11;23;0
7;2025-11-11;0;60
7;2025-11-11;1;13
7;2025-11-11;2;0
7;2025-11-11;3;0
7;2025-11-11;4;0
7;2025-11-11;5;205
7;2025-11-11;6;706
7;2025-11-11;7;1658
7;2025-11-11;8;2525
7;2025-11-11;9;1886
7;2025-11-11;10;1696
7;2025-11-11;11;1547
7;2025-11-11;12;1682
7;2025-11-11;13;1599
7;2025-11-11;14;1703
7;2025-11-11;15;1818
7;2025-11-11;16;1901
7;2025-11-11;17;2407
7;2025-11-11;18;2587
7;2025-11-11;19;1789
7;2025-11-11;20;1114
7;2025-11-11;21;655
7;2025-11-11;22;222
7;2025-11-11;23;162
11;2025-11-11;0;68
11;2025-11-11;1;4
11;2025-11-11;2;0
11;2025-11-11;3;0
11;2025-11-11;4;7
11;2025-11-11;5;269
11;2025-11-11;6;1308
11;2025-11-11;7;2448
11;2025-11-11;8;3199
11;2025-11-11;9;2473
11;2025-11-11;10;1961
11;2025-11-11;11;1912
11;2025-11-11;12;1931
11;2025-11-11;13;2055
11;2025-11-11;14;2070
11;2025-11-11;15;2091
11;2025-11-11;16;2303
11;2025-11-11;17;2859
11;2025-11-11;18;3037
11;2025-11-11;19;2332
11;2025-11-11;20;1489
11;2025-11-11;21;865
11;2025-11-11;22;423
11;2025-11-11;23;239
12;2025-11-11;0;58
12;2025-11-11;1;6
12;2025-11-11;2;0
12;2025-11-11;3;0
12;2025-11-11;4;10
12;2025-11-11;5;329
12;2025-11-11;6;1407
12;2025-11-11;7;2743
12;2025-11-11;8;3560
12;2025-11-11;9;2579
12;2025-11-11;10;2133
12;2025-11-11;11;2095
12;2025-11-11;12;2113
12;2025-11-11;13;2089
12;2025-11-11;14;2050
12;2025-11-11;15;2286
12;2025-11-11;16;2775
12;2025-11-11;17;3080
12;2025-11-11;18;3180
12;2025-11-11;19;2487
12;2025-11-11;20;1562
12;2025-11-11;21;936
12;2025-11-11;22;482
12;2025-11-11;23;265
17;2025-11-11;0;120
17;2025-11-11;1;20
17;2025-11-11;2;0
17;2025-11-11;3;0
17;2025-11-11;4;31
17;2025-11-11;5;317
17;2025-11-11;6;1522
17;2025-11-11;7;4024
17;2025-11-11;8;5332
17;2025-11-11;9;3870
17;2025-11-11;10;3092
17;2025-11-11;11;3054
17;2025-11-11;12;3048
17;2025-11-11;13;3122
17;2025-11-11;14;3205
17;2025-11-11;15;3303
17;2025-11-11;16;3688
17;2025-11-11;17;4535
17;2025-11-11;18;4818
17;2025-11-11;19;3403
17;2025-11-11;20;2405
17;2025-11-11;21;1479
17;2025-11-11;22;752
17;2025-11-11;23;361
25;2025-11-11;0;2
25;2025-11-11;1;0
25;2025-11-11;2;0
25;2025-11-11;3;0
25;2025-11-11;4;0
25;2025-11-11;5;19
25;2025-11-11;6;227
25;2025-11-11;7;537
25;2025-11-11;8;885
25;2025-11-11;9;489
25;2025-11-11;10;381
25;2025-11-11;11;420
25;2025-11-11;12;415
25;2025-11-11;13;480
25;2025-11-11;14;436
25;2025-11-11;15;546
25;2025-11-11;16;673
25;2025-11-11;17;744
25;2025-11-11;18;773
25;2025-11-11;19;540
25;2025-11-11;20;321
25;2025-11-11;21;204
25;2025-11-11;22;103
25;2025-11-11;23;9
26;2025-11-11;0;32
26;2025-11-11;1;13
26;2025-11-11;2;0
26;2025-11-11;3;0
26;2025-11-11;4;3
26;2025-11-11;5;79
26;2025-11-11;6;515
26;2025-11-11;7;1099
26;2025-11-11;8;2238
26;2025-11-11;9;1497
26;2025-11-11;10;1263
26;2025-11-11;11;1155
26;2025-11-11;12;1208
26;2025-11-11;13;1204
26;2025-11-11;14;1300
26;2025-11-11;15;1385
26;2025-11-11;16;1552
26;2025-11-11;17;1739
26;2025-11-11;18;1850
26;2025-11-11;19;1265
26;2025-11-11;20;779
26;2025-11-11;21;507
26;2025-11-11;22;212
26;2025-11-11;23;132
28;2025-11-11;0;1
28;2025-11-11;1;0
28;2025-11-11;2;0
28;2025-11-11;3;0
28;2025-11-11;4;0
28;2025-11-11;5;75
28;2025-11-11;6;274
28;2025-11-11;7;766
28;2025-11-11;8;1238
28;2025-11-11;9;860
28;2025-11-11;10;666
28;2025-11-11;11;587
28;2025-11-11;12;713
28;2025-11-11;13;741
28;2025-11-11;14;672
28;2025-11-11;15;707
28;2025-11-11;16;886
28;2025-11-11;17;1023
28;2025-11-11;18;969
28;2025-11-11;19;737
28;2025-11-11;20;513
28;2025-11-11;21;328
28;2025-11-11;22;133
28;2025-11-11;23;14
50;2025-11-11;0;11
50;2025-11-11;1;3
50;2025-11-11;2;0
50;2025-11-11;3;0
50;2025-11-11;4;1
50;2025-11-11;5;75
50;2025-11-11;6;583
50;2025-11-11;7;1790
50;2025-11-11;8;2794
50;2025-11-11;9;2215
50;2025-11-11;10;1698
50;2025-11-11;11;1587
50;2025-11-11;12;1555
50;2025-11-11;13;1518
50;2025-11-11;14;1426
50;2025-11-11;15;1721
50;2025-11-11;16;1761
50;2025-11-11;17;2404
50;2025-11-11;18;2460
50;2025-11-11;19;1530
50;2025-11-11;20;957
50;2025-11-11;21;605
50;2025-11-11;22;264
50;2025-11-11;23;137
1;2025-11-12;0;0
1;2025-11-12;1;0
1;2025-11-12;2;0
1;2025-11-12;3;0
1;2025-11-12;4;0
1;2025-11-12;5;116
1;2025-11-12;6;523
1;2025-11-12;7;1473
1;2025-11-12;8;1889
1;2025-11-12;9;1463
1;2025-11-12;10;1312
1;2025-11-12;11;1312
1;2025-11-12;12;1372
1;2025-11-12;13;1387
1;2025-11-12;14;1350
1;2025-11-12;15;1461
1;2025-11-12;16;1460
1;2025-11-12;17;1767
1;2025-11-12;18;1772
1;2025-11-12;19;1358
1;2025-11-12;20;845
1;2025-11-12;21;469
1;2025-11-12;22;205
1;2025-11-12;23;36
5;2025-11-12;0;0
5;2025-11-12;1;0
5;2025-11-12;2;0
5;2025-11-12;3;0
5;2025-11-12;4;0
5;2025-11-12;5;0
5;2025-11-12;6;0
5;2025-11-12;7;0
5;2025-11-12;8;0
5;2025-11-12;9;0
5;2025-11-12;10;0
5;2025-11-12;11;0
5;2025-11-12;12;0
5;2025-11-12;13;0
5;2025-11-12;14;0
5;2025-11-12;15;0
5;2025-11-12;16;0
5;2025-11-12;17;0
5;2025-11-12;18;0
5;2025-11-12;19;0
5;2025-11-12;20;0
5;2025-11-12;21;0
5;2025-11-12;22;0
5;2025-11-12;23;0
7;2025-11-12;0;55
7;2025-11-12;1;3
7;2025-11-12;2;0
7;2025-11-12;3;0
7;2025-11-12;4;0
7;2025-11-12;5;188
7;2025-11-12;6;692
7;2025-11-12;7;1633
7;2025-11-12;8;2515
7;2025-11-12;9;1880
7;2025-11-12;10;1685
7;2025-11-12;11;1536
7;2025-11-12;12;1636
7;2025-11-12;13;1577
7;2025-11-12;14;1657
7;2025-11-12;15;1765
7;2025-11-12;16;1866
7;2025-11-12;17;2375
7;2025-11-12;18;2589
7;2025-11-12;19;1754
7;2025-11-12;20;1103
7;2025-11-12;21;619
7;2025-11-12;22;208
7;2025-11-12;23;155
11;2025-11-12;0;72
11;2025-11-12;1;0
11;2025-11-12;2;0
11;2025-11-12;3;0
11;2025-11-12;4;0
11;2025-11-12;5;246
11;2025-11-12;6;1277
11;2025-11-12;7;2436
11;2025-11-12;8;3189
11;2025-11-12;9;2452
11;2025-11-12;10;1917
11;2025-11-12;11;1847
11;2025-11-12;12;1898
11;2025-11-12;13;2005
11;2025-11-12;14;1962
11;2025-11-12;15;1968
11;2025-11-12;16;2242
11;2025-11-12;17;2816
11;2025-11-12;18;3009
11;2025-11-12;19;2282
11;2025-11-12;20;1457
11;2025-11-12;21;819
11;2025-11-12;22;387
11;2025-11-12;23;211
12;2025-11-12;0;54
12;2025-11-12;1;0
12;2025-11-12;2;0
12;2025-11-12;3;0
12;2025-11-12;4;3
12;2025-11-12;5;310
12;2025-11-12;6;1386
12;2025-11-12;7;2708
12;2025-11-12;8;3544
12;2025-11-12;9;2545
12;2025-11-12;10;2114
12;2025-11-12;11;2072
12;2025-11-12;12;2093
12;2025-11-12;13;2047
12;2025-11-12;14;2008
12;2025-11-12;15;2265
12;2025-11-12;16;2724
12;2025-11-12;17;3046
12;2025-11-12;18;3170
12;2025-11-12;19;2451
12;2025-11-12;20;1531
12;2025-11-12;21;918
12;2025-11-12;22;449
12;2025-11-12;23;244
17;2025-11-12;0;112
17;2025-11-12;1;4
17;2025-11-12;2;0
17;2025-11-12;3;0
17;2025-11-12;4;11
17;2025-11-12;5;304
17;2025-11-12;6;1492
17;2025-11-12;7;3968
17;2025-11-12;8;5281
17;2025-11-12;9;3805
17;2025-11-12;10;3020
17;2025-11-12;11;2985
17;2025-11-12;12;2965
17;2025-11-12;13;3020
17;2025-11-12;14;3104
17;2025-11-12;15;3188
17;2025-11-12;16;3607
17;2025-11-12;17;4479
17;2025-11-12;18;4741
17;2025-11-12;19;3330
17;2025-11-12;20;2325
17;2025-11-12;21;1417
17;2025-11-12;22;723
17;2025-11-12;23;341
25;2025-11-12;0;0
25;2025-11-12;1;0
25;2025-11-12;2;0
25;2025-11-12;3;0
25;2025-11-12;4;0
25;2025-11-12;5;6
25;2025-11-12;6;208
25;2025-11-12;7;526
25;2025-11-12;8;876
25;2025-11-12;9;460
25;2025-11-12;10;363
25;2025-11-12;11;405
25;2025-11-12;12;390
25;2025-11-12;13;456
25;2025-11-12;14;405
25;2025-11-12;15;494
25;2025-11-12;16;637
25;2025-11-12;17;719
25;2025-11-12;18;762
25;2025-11-12;19;516
25;2025-11-12;20;303
25;2025-11-12;21;184
25;2025-11-12;22;91
25;2025-11-12;23;0
26;2025-11-12;0;18
26;2025-11-12;1;4
26;2025-11-12;2;0
26;2025-11-12;3;0
26;2025-11-12;4;0
26;2025-11-12;5;67
26;2025-11-12;6;487
26;2025-11-12;7;1057
26;2025-11-12;8;2241
26;2025-11-12;9;1459
26;2025-11-12;10;1216
26;2025-11-12;11;1104
26;2025-11-12;12;1118
26;2025-11-12;13;1140
26;2025-11-12;14;1241
26;2025-11-12;15;1311
26;2025-11-12;16;1509
26;2025-11-12;17;1687
26;2025-11-12;18;1833
26;2025-11-12;19;1231
26;2025-11-12;20;735
26;2025-11-12;21;468
26;2025-11-12;22;189
26;2025-11-12;23;119
28;2025-11-12;0;1
28;2025-11-12;1;0
28;2025-11-12;2;0
28;2025-11-12;3;0
28;2025-11-12;4;0
28;2025-11-12;5;69
28;2025-11-12;6;269
28;2025-11-12;7;747
28;2025-11-12;8;1231
28;2025-11-12;9;852
28;2025-11-12;10;648
28;2025-11-12;11;571
28;2025-11-12;12;710
28;2025-11-12;13;725
28;2025-11-12;14;668
28;2025-11-12;15;687
28;2025-11-12;16;875
28;2025-11-12;17;997
28;2025-11-12;18;944
28;2025-11-12;19;709
28;2025-11-12;20;491
28;2025-11-12;21;315
28;2025-11-12;22;115
28;2025-11-12;23;6
50;2025-11-12;0;8
50;2025-11-12;1;0
50;2025-11-12;2;0
50;2025-11-12;3;0
50;2025-11-12;4;0
50;2025-11-12;5;60
50;2025-11-12;6;537
50;2025-11-12;7;1760
50;2025-11-12;8;2768
50;2025-11-12;9;2192
50;2025-11-12;10;1671
50;2025-11-12;11;1578
50;2025-11-12;12;1498
50;2025-11-12;13;1493
50;2025-11-12;14;1413
50;2025-11-12;15;1683
50;2025-11-12;16;1733
50;2025-11-12;17;2364
50;2025-11-12;18;2425
50;2025-11-12;19;1511
50;2025-11-12;20;936
50;2025-11-12;21;608
50;2025-11-12;22;272
50;2025-11-12;23;133
1;2025-11-13;0;0
1;2025-11-13;1;0
1;2025-11-13;2;0
1;2025-11-13;3;0
1;2025-11-13;4;0
1;2025-11-13;5;126
1;2025-11-13;6;517
1;2025-11-13;7;1493
1;2025-11-13;8;1902
1;2025-11-13;9;1470
1;2025-11-13;10;1330
1;2025-11-13;11;1362
1;2025-11-13;12;1373
1;2025-11-13;13;1380
1;2025-11-13;14;1376
1;2025-11-13;15;1486
1;2025-11-13;16;1494
1;2025-11-13;17;1765
1;2025-11-13;18;1767
1;2025-11-13;19;1345
1;2025-11-13;20;874
1;2025-11-13;21;493
1;2025-11-13;22;224
1;2025-11-13;23;49
5;2025-11-13;0;0
5;2025-11-13;1;0
5;2025-11-13;2;0
5;2025-11-13;3;0
5;2025-11-13;4;0
5;2025-11-13;5;0
5;2025-11-13;6;0
5;2025-11-13;7;0
5;2025-11-13;8;0
5;2025-11-13;9;0
5;2025-11-13;10;0
5;2025-11-13;11;0
5;2025-11-13;12;0
5;2025-11-13;13;0
5;2025-11-13;14;0
5;2025-11-13;15;0
5;2025-11-13;16;0
5;2025-11-13;17;0
5;2025-11-13;18;0
5;2025-11-13;19;0
5;2025-11-13;20;0
5;2025-11-13;21;0
5;2025-11-13;22;0
5;2025-11-13;23;0
7;2025-11-13;0;39
7;2025-11-13;1;0
7;2025-11-13;2;0
7;2025-11-13;3;0
7;2025-11-13;4;3
7;2025-11-13;5;201
7;2025-11-13;6;709
7;2025-11-13;7;1627
7;2025-11-13;8;2498
7;2025-11-13;9;1886
7;2025-11-13;10;1674
7;2025-11-13;11;1530
7;2025-11-13;12;1651
7;2025-11-13;13;1573
7;2025-11-13;14;1654
7;2025-11-13;15;1776
7;2025-11-13;16;1890
7;2025-11-13;17;2363
7;2025-11-13;18;2565
7;2025-11-13;19;1761
7;2025-11-13;20;1090
7;2025-11-13;21;632
7;2025-11-13;22;223
7;2025-11-13;23;168
11;2025-11-13;0;52
11;2025-11-13;1;0
11;2025-11-13;2;0
11;2025-11-13;3;0
11;2025-11-13;4;0
11;2025-11-13;5;283
11;2025-11-13;6;1298
11;2025-11-13;7;2403
11;2025-11-13;8;3175
11;2025-11-13;9;2470
11;2025-11-13;10;1931
11;2025-11-13;11;1879
11;2025-11-13;12;1919
11;2025-11-13;13;1995
11;2025-11-13;14;2032
11;2025-11-13;15;2020
11;2025-11-13;16;2258
11;2025-11-13;17;2823
11;2025-11-13;18;3009
11;2025-11-13;19;2281
11;2025-11-13;20;1446
11;2025-11-13;21;866
11;2025-11-13;22;422
11;2025-11-13;23;234
12;2025-11-13;0;44
12;2025-11-13;1;0
12;2025-11-13;2;0
12;2025-11-13;3;0
12;2025-11-13;4;14
12;2025-11-13;5;330
12;2025-11-13;6;1390
12;2025-11-13;7;2741
12;2025-11-13;8;3507
12;2025-11-13;9;2535
12;2025-11-13;10;2101
12;2025-11-13;11;2092
12;2025-11-13;12;2101
12;2025-11-13;13;2071
12;2025-11-13;14;2033
12;2025-11-13;15;2299
12;2025-11-13;16;2788
12;2025-11-13;17;3084
12;2025-11-13;18;3184
12;2025-11-13;19;2483
12;2025-11-13;20;1549
12;2025-11-13;21;940
12;2025-11-13;22;468
12;2025-11-13;23;267
17;2025-11-13;0;106
17;2025-11-13;1;9
17;2025-11-13;2;0
17;2025-11-13;3;0
17;2025-11-13;4;29
17;2025-11-13;5;321
17;2025-11-13;6;1508
17;2025-11-13;7;3933
17;2025-11-13;8;5274
17;2025-11-13;9;3839
17;2025-11-13;10;3073
17;2025-11-13;11;3042
17;2025-11-13;12;3032
17;2025-11-13;13;3104
17;2025-11-13;14;3174
17;2025-11-13;15;3286
17;2025-11-13;16;3714
17;2025-11-13;17;4515
17;2025-11-13;18;4784
17;2025-11-13;19;3381
17;2025-11-13;20;2392
17;2025-11-13;21;1480
17;2025-11-13;22;779
17;2025-11-13;23;369
25;2025-11-13;0;0
25;2025-11-13;1;0
25;2025-11-13;2;0
25;2025-11-13;3;0
25;2025-11-13;4;0
25;2025-11-13;5;22
25;2025-11-13;6;211
25;2025-11-13;7;530
25;2025-11-13;8;860
25;2025-11-13;9;463
25;2025-11-13;10;370
25;2025-11-13;11;403
25;2025-11-13;12;398
25;2025-11-13;13;470
25;2025-11-13;14;419
25;2025-11-13;15;533
25;2025-11-13;16;659
25;2025-11-13;17;729
25;2025-11-13;18;766
25;2025-11-13;19;517
25;2025-11-13;20;304
25;2025-11-13;21;194
25;2025-11-13;22;111
25;2025-11-13;23;0
26;2025-11-13;0;12
26;2025-11-13;1;1
26;2025-11-13;2;0
26;2025-11-13;3;0
26;2025-11-13;4;5
26;2025-11-13;5;84
26;2025-11-13;6;511
26;2025-11-13;7;1070
26;2025-11-13;8;2172
26;2025-11-13;9;1491
26;2025-11-13;10;1226
26;2025-11-13;11;1143
26;2025-11-13;12;1133
26;2025-11-13;13;1158
26;2025-11-13;14;1246
26;2025-11-13;15;1325
26;2025-11-13;16;1527
26;2025-11-13;17;1701
26;2025-11-13;18;1801
26;2025-11-13;19;1228
26;2025-11-13;20;748
26;2025-11-13;21;484
26;2025-11-13;22;203
26;2025-11-13;23;120
28;2025-11-13;0;1
28;2025-11-13;1;0
28;2025-11-13;2;0
28;2025-11-13;3;0
28;2025-11-13;4;0
28;2025-11-13;5;75
28;2025-11-13;6;272
28;2025-11-13;7;746
28;2025-11-13;8;1211
28;2025-11-13;9;848
28;2025-11-13;10;651
28;2025-11-13;11;597
28;2025-11-13;12;728
28;2025-11-13;13;739
28;2025-11-13;14;664
28;2025-11-13;15;693
28;2025-11-13;16;886
28;2025-11-13;17;1009
28;2025-11-13;18;952
28;2025-11-13;19;704
28;2025-11-13;20;501
28;2025-11-13;21;328
28;2025-11-13;22;131
28;2025-11-13;23;16
50;2025-11-13;0;3
50;2025-11-13;1;0
50;2025-11-13;2;0
50;2025-11-13;3;0
50;2025-11-13;4;6
50;2025-11-13;5;75
50;2025-11-13;6;537
50;2025-11-13;7;1745
50;2025-11-13;8;2750
50;2025-11-13;9;2187
50;2025-11-13;10;1659
50;2025-11-13;11;1575
50;2025-11-13;12;1526
50;2025-11-13;13;1492
50;2025-11-13;14;1410
50;2025-11-13;15;1683
50;2025-11-13;16;1763
50;2025-11-13;17;2348
50;2025-11-13;18;2386
50;2025-11-13;19;1482
50;2025-11-13;20;931
50;2025-11-13;21;610
50;2025-11-13;22;268
50;2025-11-13;23;143
1;2025-11-14;0;2
1;2025-11-14;1;0
1;2025-11-14;2;0
1;2025-11-14;3;0
1;2025-11-14;4;0
1;2025-11-14;5;123
1;2025-11-14;6;490
1;2025-11-14;7;1470
1;2025-11-14;8;1808
1;2025-11-14;9;1454
1;2025-11-14;10;1298
1;2025-11-14;11;1378
1;2025-11-14;12;1368
1;2025-11-14;13;1404
1;2025-11-14;14;1371
1;2025-11-14;15;1508
1;2025-11-14;16;1539
1;2025-11-14;17;1764
1;2025-11-14;18;1596
1;2025-11-14;19;1230
1;2025-11-14;20;793
1;2025-11-14;21;478
1;2025-11-14;22;229
1;2025-11-14;23;52
5;2025-11-14;0;0
5;2025-11-14;1;0
5;2025-11-14;2;0
5;2025-11-14;3;0
5;2025-11-14;4;0
5;2025-11-14;5;0
5;2025-11-14;6;0
5;2025-11-14;7;0
5;2025-11-14;8;0
5;2025-11-14;9;0
5;2025-11-14;10;0
5;2025-11-14;11;0
5;2025-11-14;12;0
5;2025-11-14;13;0
5;2025-11-14;14;0
5;2025-11-14;15;0
5;2025-11-14;16;0
5;2025-11-14;17;0
5;2025-11-14;18;0
5;2025-11-14;19;0
5;2025-11-14;20;0
5;2025-11-14;21;0
5;2025-11-14;22;0
5;2025-11-14;23;0
7;2025-11-14;0;54
7;2025-11-14;1;1
7;2025-11-14;2;0
7;2025-11-14;3;0
7;2025-11-14;4;0
7;2025-11-14;5;178
7;2025-11-14;6;648
7;2025-11-14;7;1595
7;2025-11-14;8;2418
7;2025-11-14;9;1816
7;2025-11-14;10;1686
7;2025-11-14;11;1528
7;2025-11-14;12;1667
7;2025-11-14;13;1650
7;2025-11-14;14;1758
7;2025-11-14;15;1869
7;2025-11-14;16;1952
7;2025-11-14;17;2274
7;2025-11-14;18;2171
7;2025-11-14;19;1555
7;2025-11-14;20;1032
7;2025-11-14;21;600
7;2025-11-14;22;237
7;2025-11-14;23;199
11;2025-11-14;0;64
11;2025-11-14;1;6
11;2025-11-14;2;0
11;2025-11-14;3;0
11;2025-11-14;4;5
11;2025-11-14;5;261
11;2025-11-14;6;1256
11;2025-11-14;7;2342
11;2025-11-14;8;3053
11;2025-11-14;9;2339
11;2025-11-14;10;1900
11;2025-11-14;11;1897
11;2025-11-14;12;1955
11;2025-11-14;13;2006
11;2025-11-14;14;2074
11;2025-11-14;15;2123
11;2025-11-14;16;2328
11;2025-11-14;17;2829
11;2025-11-14;18;2670
11;2025-11-14;19;2090
11;2025-11-14;20;1392
11;2025-11-14;21;812
11;2025-11-14;22;403
11;2025-11-14;23;287
12;2025-11-14;0;53
12;2025-11-14;1;5
12;2025-11-14;2;0
12;2025-11-14;3;0
12;2025-11-14;4;10
12;2025-11-14;5;317
12;2025-11-14;6;1332
12;2025-11-14;7;2642
12;2025-11-14;8;3360
12;2025-11-14;9;2428
12;2025-11-14;10;2022
12;2025-11-14;11;2026
12;2025-11-14;12;2085
12;2025-11-14;13;2089
12;2025-11-14;14;2031
12;2025-11-14;15;2383
12;2025-11-14;16;2822
12;2025-11-14;17;2965
12;2025-11-14;18;2723
12;2025-11-14;19;2284
12;2025-11-14;20;1431
12;2025-11-14;21;950
12;2025-11-14;22;466
12;2025-11-14;23;287
17;2025-11-14;0;123
17;2025-11-14;1;11
17;2025-11-14;2;0
17;2025-11-14;3;0
17;2025-11-14;4;16
17;2025-11-14;5;315
17;2025-11-14;6;1498
17;2025-11-14;7;3873
17;2025-11-14;8;5034
17;2025-11-14;9;3729
17;2025-11-14;10;3019
17;2025-11-14;11;3052
17;2025-11-14;12;3065
17;2025-11-14;13;3135
17;2025-11-14;14;3224
17;2025-11-14;15;3438
17;2025-11-14;16;3826
17;2025-11-14;17;4511
17;2025-11-14;18;4407
17;2025-11-14;19;3216
17;2025-11-14;20;2325
17;2025-11-14;21;1502
17;2025-11-14;22;762
17;2025-11-14;23;415
25;2025-11-14;0;0
25;2025-11-14;1;0
25;2025-11-14;2;0
25;2025-11-14;3;0
25;2025-11-14;4;0
25;2025-11-14;5;17
25;2025-11-14;6;214
25;2025-11-14;7;528
25;2025-11-14;8;830
25;2025-11-14;9;461
25;2025-11-14;10;372
25;2025-11-14;11;432
25;2025-11-14;12;429
25;2025-11-14;13;535
25;2025-11-14;14;487
25;2025-11-14;15;590
25;2025-11-14;16;738
25;2025-11-14;17;734
25;2025-11-14;18;674
25;2025-11-14;19;487
25;2025-11-14;20;302
25;2025-11-14;21;204
25;2025-11-14;22;117
25;2025-11-14;23;0
26;2025-11-14;0;22
26;2025-11-14;1;5
26;2025-11-14;2;0
26;2025-11-14;3;0
26;2025-11-14;4;3
26;2025-11-14;5;59
26;2025-11-14;6;489
26;2025-11-14;7;1048
26;2025-11-14;8;2067
26;2025-11-14;9;1399
26;2025-11-14;10;1231
26;2025-11-14;11;1118
26;2025-11-14;12;1150
26;2025-11-14;13;1208
26;2025-11-14;14;1293
26;2025-11-14;15;1362
26;2025-11-14;16;1600
26;2025-11-14;17;1657
26;2025-11-14;18;1584
26;2025-11-14;19;1091
26;2025-11-14;20;702
26;2025-11-14;21;466
26;2025-11-14;22;204
26;2025-11-14;23;151
28;2025-11-14;0;1
28;2025-11-14;1;0
28;2025-11-14;2;0
28;2025-11-14;3;0
28;2025-11-14;4;0
28;2025-11-14;5;72
28;2025-11-14;6;270
28;2025-11-14;7;753
28;2025-11-14;8;1181
28;2025-11-14;9;836
28;2025-11-14;10;669
28;2025-11-14;11;614
28;2025-11-14;12;742
28;2025-11-14;13;739
28;2025-11-14;14;701
28;2025-11-14;15;730
28;2025-11-14;16;907
28;2025-11-14;17;1012
28;2025-11-14;18;847
28;2025-11-14;19;644
28;2025-11-14;20;454
28;2025-11-14;21;332
28;2025-11-14;22;139
28;2025-11-14;23;24
50;2025-11-14;0;6
50;2025-11-14;1;0
50;2025-11-14;2;0
50;2025-11-14;3;0
50;2025-11-14;4;0
50;2025-11-14;5;67
50;2025-11-14;6;547
50;2025-11-14;7;1692
50;2025-11-14;8;2628
50;2025-11-14;9;2107
50;2025-11-14;10;1620
50;2025-11-14;11;1574
50;2025-11-14;12;1520
50;2025-11-14;13;1526
50;2025-11-14;14;1474
50;2025-11-14;15;1754
50;2025-11-14;16;1902
50;2025-11-14;17;2217
50;2025-11-14;18;1870
50;2025-11-14;19;1216
50;2025-11-14;20;829
50;2025-11-14;21;537
50;2025-11-14;22;293
50;2025-11-14;23;165
1;2025-11-15;0;0
1;2025-11-15;1;0
1;2025-11-15;2;0
1;2025-11-15;3;0
1;2025-11-15;4;0
1;2025-11-15;5;6
1;2025-11-15;6;184
1;2025-11-15;7;336
1;2025-11-15;8;449
1;2025-11-15;9;714
1;2025-11-15;10;798
1;2025-11-15;11;716
1;2025-11-15;12;931
1;2025-11-15;13;923
1;2025-11-15;14;929
1;2025-11-15;15;840
1;2025-11-15;16;774
1;2025-11-15;17;738
1;2025-11-15;18;625
1;2025-11-15;19;545
1;2025-11-15;20;389
1;2025-11-15;21;281
1;2025-11-15;22;101
1;2025-11-15;23;21
5;2025-11-15;0;0
5;2025-11-15;1;0
5;2025-11-15;2;0
5;2025-11-15;3;0
5;2025-11-15;4;0
5;2025-11-15;5;0
5;2025-11-15;6;0
5;2025-11-15;7;0
5;2025-11-15;8;0
5;2025-11-15;9;0
5;2025-11-15;10;0
5;2025-11-15;11;0
5;2025-11-15;12;0
5;2025-11-15;13;0
5;2025-11-15;14;0
5;2025-11-15;15;0
5;2025-11-15;16;0
5;2025-11-15;17;0
5;2025-11-15;18;0
5;2025-11-15;19;0
5;2025-11-15;20;0
5;2025-11-15;21;0
5;2025-11-15;22;0
5;2025-11-15;23;0
7;2025-11-15;0;69
7;2025-11-15;1;0
7;2025-11-15;2;0
7;2025-11-15;3;0
7;2025-11-15;4;0
7;2025-11-15;5;63
7;2025-11-15;6;260
7;2025-11-15;7;452
7;2025-11-15;8;876
7;2025-11-15;9;1009
7;2025-11-15;10;1000
7;2025-11-15;11;1046
7;2025-11-15;12;1175
7;2025-11-15;13;1194
7;2025-11-15;14;1341
7;2025-11-15;15;1308
7;2025-11-15;16;1280
7;2025-11-15;17;1275
7;2025-11-15;18;1195
7;2025-11-15;19;1108
7;2025-11-15;20;776
7;2025-11-15;21;548
7;2025-11-15;22;181
7;2025-11-15;23;122
11;2025-11-15;0;81
11;2025-11-15;1;0
11;2025-11-15;2;0
11;2025-11-15;3;0
11;2025-11-15;4;0
11;2025-11-15;5;147
11;2025-11-15;6;734
11;2025-11-15;7;706
11;2025-11-15;8;972
11;2025-11-15;9;1134
11;2025-11-15;10;1100
11;2025-11-15;11;1280
11;2025-11-15;12;1329
11;2025-11-15;13;1388
11;2025-11-15;14;1495
11;2025-11-15;15;1480
11;2025-11-15;16;1489
11;2025-11-15;17;1628
11;2025-11-15;18;1402
11;2025-11-15;19;1272
11;2025-11-15;20;1008
11;2025-11-15;21;678
11;2025-11-15;22;378
11;2025-11-15;23;254
12;2025-11-15;0;52
12;2025-11-15;1;0
12;2025-11-15;2;0
12;2025-11-15;3;0
12;2025-11-15;4;0
12;2025-11-15;5;208
12;2025-11-15;6;829
12;2025-11-15;7;887
12;2025-11-15;8;1023
12;2025-11-15;9;1185
12;2025-11-15;10;1302
12;2025-11-15;11;1249
12;2025-11-15;12;1253
12;2025-11-15;13;1405
12;2025-11-15;14;1413
12;2025-11-15;15;1396
12;2025-11-15;16;1401
12;2025-11-15;17;1414
12;2025-11-15;18;1359
12;2025-11-15;19;1268
12;2025-11-15;20;969
12;2025-11-15;21;669
12;2025-11-15;22;371
12;2025-11-15;23;265
17;2025-11-15;0;133
17;2025-11-15;1;15
17;2025-11-15;2;0
17;2025-11-15;3;0
17;2025-11-15;4;17
17;2025-11-15;5;121
17;2025-11-15;6;553
17;2025-11-15;7;1160
17;2025-11-15;8;1536
17;2025-11-15;9;1909
17;2025-11-15;10;1968
17;2025-11-15;11;2411
17;2025-11-15;12;2475
17;2025-11-15;13;2748
17;2025-11-15;14;2819
17;2025-11-15;15;2925
17;2025-11-15;16;2981
17;2025-11-15;17;2932
17;2025-11-15;18;2620
17;2025-11-15;19;2055
17;2025-11-15;20;1555
17;2025-11-15;21;1141
17;2025-11-15;22;762
17;2025-11-15;23;367
25;2025-11-15;0;0
25;2025-11-15;1;0
25;2025-11-15;2;0
25;2025-11-15;3;0
25;2025-11-15;4;0
25;2025-11-15;5;8
25;2025-11-15;6;98
25;2025-11-15;7;156
25;2025-11-15;8;284
25;2025-11-15;9;286
25;2025-11-15;10;260
25;2025-11-15;11;337
25;2025-11-15;12;328
25;2025-11-15;13;454
25;2025-11-15;14;443
25;2025-11-15;15;578
25;2025-11-15;16;506
25;2025-11-15;17;449
25;2025-11-15;18;439
25;2025-11-15;19;382
25;2025-11-15;20;250
25;2025-11-15;21;164
25;2025-11-15;22;90
25;2025-11-15;23;29
26;2025-11-15;0;27
26;2025-11-15;1;0
26;2025-11-15;2;0
26;2025-11-15;3;0
26;2025-11-15;4;0
26;2025-11-15;5;33
26;2025-11-15;6;277
26;2025-11-15;7;350
26;2025-11-15;8;670
26;2025-11-15;9;677
26;2025-11-15;10;762
26;2025-11-15;11;886
26;2025-11-15;12;867
26;2025-11-15;13;920
26;2025-11-15;14;976
26;2025-11-15;15;964
26;2025-11-15;16;962
26;2025-11-15;17;906
26;2025-11-15;18;871
26;2025-11-15;19;770
26;2025-11-15;20;496
26;2025-11-15;21;343
26;2025-11-15;22;172
26;2025-11-15;23;137
28;2025-11-15;0;1
28;2025-11-15;1;0
28;2025-11-15;2;0
28;2025-11-15;3;0
28;2025-11-15;4;0
28;2025-11-15;5;35
28;2025-11-15;6;94
28;2025-11-15;7;163
28;2025-11-15;8;367
28;2025-11-15;9;442
28;2025-11-15;10;454
28;2025-11-15;11;427
28;2025-11-15;12;555
28;2025-11-15;13;583
28;2025-11-15;14;576
28;2025-11-15;15;530
28;2025-11-15;16;548
28;2025-11-15;17;541
28;2025-11-15;18;467
28;2025-11-15;19;360
28;2025-11-15;20;289
28;2025-11-15;21;249
28;2025-11-15;22;105
28;2025-11-15;23;8
50;2025-11-15;0;14
50;2025-11-15;1;0
50;2025-11-15;2;0
50;2025-11-15;3;0
50;2025-11-15;4;5
50;2025-11-15;5;45
50;2025-11-15;6;241
50;2025-11-15;7;432
50;2025-11-15;8;714
50;2025-11-15;9;809
50;2025-11-15;10;764
50;2025-11-15;11;870
50;2025-11-15;12;865
50;2025-11-15;13;881
50;2025-11-15;14;961
50;2025-11-15;15;984
50;2025-11-15;16;911
50;2025-11-15;17;1008
50;2025-11-15;18;796
50;2025-11-15;19;719
50;2025-11-15;20;522
50;2025-11-15;21;410
50;2025-11-15;22;203
50;2025-11-15;23;124
1;2025-11-16;0;0
1;2025-11-16;1;0
1;2025-11-16;2;0
1;2025-11-16;3;0
1;2025-11-16;4;0
1;2025-11-16;5;6
1;2025-11-16;6;87
1;2025-11-16;7;217
1;2025-11-16;8;310
1;2025-11-16;9;558
1;2025-11-16;10;647
1;2025-11-16;11;629
1;2025-11-16;12;776
1;2025-11-16;13;774
1;2025-11-16;14;755
1;2025-11-16;15;679
1;2025-11-16;16;604
1;2025-11-16;17;573
1;2025-11-16;18;500
1;2025-11-16;19;372
1;2025-11-16;20;285
1;2025-11-16;21;210
1;2025-11-16;22;64
1;2025-11-16;23;18
5;2025-11-16;0;0
5;2025-11-16;1;0
5;2025-11-16;2;0
5;2025-11-16;3;0
5;2025-11-16;4;0
5;2025-11-16;5;0
5;2025-11-16;6;0
5;2025-11-16;7;0
5;2025-11-16;8;0
5;2025-11-16;9;0
5;2025-11-16;10;0
5;2025-11-16;11;0
5;2025-11-16;12;0
5;2025-11-16;13;0
5;2025-11-16;14;0
5;2025-11-16;15;0
5;2025-11-16;16;0
5;2025-11-16;17;0
5;2025-11-16;18;0
5;2025-11-16;19;0
5;2025-11-16;20;0
5;2025-11-16;21;0
5;2025-11-16;22;0
5;2025-11-16;23;0
7;2025-11-16;0;75
7;2025-11-16;1;2
7;2025-11-16;2;0
7;2025-11-16;3;0
7;2025-11-16;4;0
7;2025-11-16;5;21
7;2025-11-16;6;185
7;2025-11-16;7;297
7;2025-11-16;8;533
7;2025-11-16;9;674
7;2025-11-16;10;692
7;2025-11-16;11;898
7;2025-11-16;12;1080
7;2025-11-16;13;1140
7;2025-11-16;14;1199
7;2025-11-16;15;1138
7;2025-11-16;16;1004
7;2025-11-16;17;1040
7;2025-11-16;18;954
7;2025-11-16;19;788
7;2025-11-16;20;561
7;2025-11-16;21;463
7;2025-11-16;22;142
7;2025-11-16;23;99
11;2025-11-16;0;82
11;2025-11-16;1;2
11;2025-11-16;2;0
11;2025-11-16;3;0
11;2025-11-16;4;0
11;2025-11-16;5;79
11;2025-11-16;6;471
11;2025-11-16;7;524
11;2025-11-16;8;689
11;2025-11-16;9;914
11;2025-11-16;10;1029
11;2025-11-16;11;1420
11;2025-11-16;12;1507
11;2025-11-16;13;1522
11;2025-11-16;14;1576
11;2025-11-16;15;1569
11;2025-11-16;16;1552
11;2025-11-16;17;1635
11;2025-11-16;18;1340
11;2025-11-16;19;1084
11;2025-11-16;20;775
11;2025-11-16;21;541
11;2025-11-16;22;299
11;2025-11-16;23;196
12;2025-11-16;0;61
12;2025-11-16;1;0
12;2025-11-16;2;0
12;2025-11-16;3;0
12;2025-11-16;4;3
12;2025-11-16;5;118
12;2025-11-16;6;471
12;2025-11-16;7;658
12;2025-11-16;8;709
12;2025-11-16;9;926
12;2025-11-16;10;1176
12;2025-11-16;11;1298
12;2025-11-16;12;1351
12;2025-11-16;13;1519
12;2025-11-16;14;1468
12;2025-11-16;15;1391
12;2025-11-16;16;1430
12;2025-11-16;17;1452
12;2025-11-16;18;1287
12;2025-11-16;19;967
12;2025-11-16;20;701
12;2025-11-16;21;517
12;2025-11-16;22;327
12;2025-11-16;23;204
17;2025-11-16;0;131
17;2025-11-16;1;18
17;2025-11-16;2;0
17;2025-11-16;3;0
17;2025-11-16;4;0
17;2025-11-16;5;76
17;2025-11-16;6;385
17;2025-11-16;7;761
17;2025-11-16;8;1245
17;2025-11-16;9;1688
17;2025-11-16;10;1980
17;2025-11-16;11;2427
17;2025-11-16;12;2684
17;2025-11-16;13;2849
17;2025-11-16;14;2923
17;2025-11-16;15;2956
17;2025-11-16;16;2993
17;2025-11-16;17;2821
17;2025-11-16;18;2417
17;2025-11-16;19;2029
17;2025-11-16;20;1515
17;2025-11-16;21;1053
17;2025-11-16;22;650
17;2025-11-16;23;258
25;2025-11-16;0;17
25;2025-11-16;1;0
25;2025-11-16;2;0
25;2025-11-16;3;0
25;2025-11-16;4;0
25;2025-11-16;5;0
25;2025-11-16;6;59
25;2025-11-16;7;91
25;2025-11-16;8;164
25;2025-11-16;9;182
25;2025-11-16;10;200
25;2025-11-16;11;248
25;2025-11-16;12;299
25;2025-11-16;13;400
25;2025-11-16;14;401
25;2025-11-16;15;514
25;2025-11-16;16;455
25;2025-11-16;17;408
25;2025-11-16;18;356
25;2025-11-16;19;285
25;2025-11-16;20;183
25;2025-11-16;21;129
25;2025-11-16;22;79
25;2025-11-16;23;17
26;2025-11-16;0;37
26;2025-11-16;1;0
26;2025-11-16;2;0
26;2025-11-16;3;0
26;2025-11-16;4;0
26;2025-11-16;5;0
26;2025-11-16;6;128
26;2025-11-16;7;214
26;2025-11-16;8;368
26;2025-11-16;9;463
26;2025-11-16;10;559
26;2025-11-16;11;768
26;2025-11-16;12;798
26;2025-11-16;13;834
26;2025-11-16;14;833
26;2025-11-16;15;765
26;2025-11-16;16;745
26;2025-11-16;17;710
26;2025-11-16;18;630
26;2025-11-16;19;494
26;2025-11-16;20;361
26;2025-11-16;21;268
26;2025-11-16;22;127
26;2025-11-16;23;94
28;2025-11-16;0;1
28;2025-11-16;1;0
28;2025-11-16;2;0
28;2025-11-16;3;0
28;2025-11-16;4;0
28;2025-11-16;5;11
28;2025-11-16;6;49
28;2025-11-16;7;120
28;2025-11-16;8;228
28;2025-11-16;9;307
28;2025-11-16;10;343
28;2025-11-16;11;396
28;2025-11-16;12;442
28;2025-11-16;13;482
28;2025-11-16;14;485
28;2025-11-16;15;459
28;2025-11-16;16;442
28;2025-11-16;17;449
28;2025-11-16;18;374
28;2025-11-16;19;295
28;2025-11-16;20;238
28;2025-11-16;21;209
28;2025-11-16;22;85
28;2025-11-16;23;4
50;2025-11-16;0;10
50;2025-11-16;1;0
50;2025-11-16;2;0
50;2025-11-16;3;0
50;2025-11-16;4;0
50;2025-11-16;5;13
50;2025-11-16;6;158
50;2025-11-16;7;259
50;2025-11-16;8;418
50;2025-11-16;9;491
50;2025-11-16;10;519
50;2025-11-16;11;639
50;2025-11-16;12;705
50;2025-11-16;13;817
50;2025-11-16;14;829
50;2025-11-16;15;757
50;2025-11-16;16;726
50;2025-11-16;17;758
50;2025-11-16;18;630
50;2025-11-16;19;504
50;2025-11-16;20;416
50;2025-11-16;21;320
50;2025-11-16;22;172
50;2025-11-16;23;93
1;2025-11-17;0;0
1;2025-11-17;1;0
1;2025-11-17;2;0
1;2025-11-17;3;0
1;2025-11-17;4;0
1;2025-11-17;5;120
1;2025-11-17;6;505
1;2025-11-17;7;1437
1;2025-11-17;8;1797
1;2025-11-17;9;1392
1;2025-11-17;10;1268
1;2025-11-17;11;1301
1;2025-11-17;12;1356
1;2025-11-17;13;1347
1;2025-11-17;14;1281
1;2025-11-17;15;1420
1;2025-11-17;16;1475
1;2025-11-17;17;1762
1;2025-11-17;18;1759
1;2025-11-17;19;1346
1;2025-11-17;20;862
1;2025-11-17;21;456
1;2025-11-17;22;192
1;2025-11-17;23;36
5;2025-11-17;0;0
5;2025-11-17;1;0
5;2025-11-17;2;0
5;2025-11-17;3;0
5;2025-11-17;4;0
5;2025-11-17;5;0
5;2025-11-17;6;0
5;2025-11-17;7;0
5;2025-11-17;8;0
5;2025-11-17;9;0
5;2025-11-17;10;0
5;2025-11-17;11;0
5;2025-11-17;12;0
5;2025-11-17;13;0
5;2025-11-17;14;0
5;2025-11-17;15;0
5;2025-11-17;16;0
5;2025-11-17;17;0
5;2025-11-17;18;0
5;2025-11-17;19;0
5;2025-11-17;20;0
5;2025-11-17;21;0
5;2025-11-17;22;0
5;2025-11-17;23;0
7;2025-11-17;0;50
7;2025-11-17;1;0
7;2025-11-17;2;0
7;2025-11-17;3;0
7;2025-11-17;4;0
7;2025-11-17;5;171
7;2025-11-17;6;680
7;2025-11-17;7;1606
7;2025-11-17;8;2457
7;2025-11-17;9;1805
7;2025-11-17;10;1599
7;2025-11-17;11;1446
7;2025-11-17;12;1522
7;2025-11-17;13;1563
7;2025-11-17;14;1593
7;2025-11-17;15;1691
7;2025-11-17;16;1792
7;2025-11-17;17;2244
7;2025-11-17;18;2548
7;2025-11-17;19;1701
7;2025-11-17;20;1062
7;2025-11-17;21;581
7;2025-11-17;22;197
7;2025-11-17;23;144
11;2025-11-17;0;54
11;2025-11-17;1;0
11;2025-11-17;2;0
11;2025-11-17;3;0
11;2025-11-17;4;0
11;2025-11-17;5;272
11;2025-11-17;6;1284
11;2025-11-17;7;2323
11;2025-11-17;8;3153
11;2025-11-17;9;2363
11;2025-11-17;10;1786
11;2025-11-17;11;1808
11;2025-11-17;12;1796
11;2025-11-17;13;1890
11;2025-11-17;14;1934
11;2025-11-17;15;1974
11;2025-11-17;16;2205
11;2025-11-17;17;2796
11;2025-11-17;18;2985
11;2025-11-17;19;2245
11;2025-11-17;20;1427
11;2025-11-17;21;821
11;2025-11-17;22;381
11;2025-11-17;23;201
12;2025-11-17;0;57
12;2025-11-17;1;0
12;2025-11-17;2;0
12;2025-11-17;3;0
12;2025-11-17;4;0
12;2025-11-17;5;299
12;2025-11-17;6;1304
12;2025-11-17;7;2680
12;2025-11-17;8;3481
12;2025-11-17;9;2418
12;2025-11-17;10;2002
12;2025-11-17;11;1932
12;2025-11-17;12;2051
12;2025-11-17;13;1984
12;2025-11-17;14;1980
12;2025-11-17;15;2236
12;2025-11-17;16;2749
12;2025-11-17;17;3047
12;2025-11-17;18;3149
12;2025-11-17;19;2412
12;2025-11-17;20;1535
12;2025-11-17;21;885
12;2025-11-17;22;434
12;2025-11-17;23;241
17;2025-11-17;0;64
17;2025-11-17;1;6
17;2025-11-17;2;0
17;2025-11-17;3;0
17;2025-11-17;4;12
17;2025-11-17;5;296
17;2025-11-17;6;1479
17;2025-11-17;7;3891
17;2025-11-17;8;5230
17;2025-11-17;9;3733
17;2025-11-17;10;2954
17;2025-11-17;11;2921
17;2025-11-17;12;2916
17;2025-11-17;13;2965
17;2025-11-17;14;3001
17;2025-11-17;15;3179
17;2025-11-17;16;3590
17;2025-11-17;17;4379
17;2025-11-17;18;4720
17;2025-11-17;19;3337
17;2025-11-17;20;2299
17;2025-11-17;21;1376
17;2025-11-17;22;702
17;2025-11-17;23;304
25;2025-11-17;0;0
25;2025-11-17;1;0
25;2025-11-17;2;0
25;2025-11-17;3;0
25;2025-11-17;4;0
25;2025-11-17;5;5
25;2025-11-17;6;179
25;2025-11-17;7;525
25;2025-11-17;8;842
25;2025-11-17;9;443
25;2025-11-17;10;330
25;2025-11-17;11;367
25;2025-11-17;12;357
25;2025-11-17;13;441
25;2025-11-17;14;384
25;2025-11-17;15;460
25;2025-11-17;16;624
25;2025-11-17;17;674
25;2025-11-17;18;727
25;2025-11-17;19;462
25;2025-11-17;20;274
25;2025-11-17;21;168
25;2025-11-17;22;91
25;2025-11-17;23;0
26;2025-11-17;0;6
26;2025-11-17;1;0
26;2025-11-17;2;0
26;2025-11-17;3;0
26;2025-11-17;4;0
26;2025-11-17;5;64
26;2025-11-17;6;493
26;2025-11-17;7;1070
26;2025-11-17;8;2068
26;2025-11-17;9;1410
26;2025-11-17;10;1187
26;2025-11-17;11;1064
26;2025-11-17;12;1089
26;2025-11-17;13;1135
26;2025-11-17;14;1215
26;2025-11-17;15;1257
26;2025-11-17;16;1460
26;2025-11-17;17;1683
26;2025-11-17;18;1728
26;2025-11-17;19;1222
26;2025-11-17;20;749
26;2025-11-17;21;452
26;2025-11-17;22;191
26;2025-11-17;23;107
28;2025-11-17;0;1
28;2025-11-17;1;0
28;2025-11-17;2;0
28;2025-11-17;3;0
28;2025-11-17;4;0
28;2025-11-17;5;64
28;2025-11-17;6;244
28;2025-11-17;7;721
28;2025-11-17;8;1187
28;2025-11-17;9;826
28;2025-11-17;10;605
28;2025-11-17;11;528
28;2025-11-17;12;671
28;2025-11-17;13;706
28;2025-11-17;14;627
28;2025-11-17;15;642
28;2025-11-17;16;790
28;2025-11-17;17;938
28;2025-11-17;18;915
28;2025-11-17;19;679
28;2025-11-17;20;464
28;2025-11-17;21;292
28;2025-11-17;22;114
28;2025-11-17;23;12
50;2025-11-17;0;0
50;2025-11-17;1;0
50;2025-11-17;2;0
50;2025-11-17;3;0
50;2025-11-17;4;0
50;2025-11-17;5;62
50;2025-11-17;6;493
50;2025-11-17;7;1687
50;2025-11-17;8;2720
50;2025-11-17;9;2115
50;2025-11-17;10;1617
50;2025-11-17;11;1536
50;2025-11-17;12;1395
50;2025-11-17;13;1439
50;2025-11-17;14;1413
50;2025-11-17;15;1658
50;2025-11-17;16;1695
50;2025-11-17;17;2302
50;2025-11-17;18;2407
50;2025-11-17;19;1416
50;2025-11-17;20;872
50;2025-11-17;21;590
50;2025-11-17;22;252
50;2025-11-17;23;102
1;2025-11-18;0;0
1;2025-11-18;1;0
1;2025-11-18;2;0
1;2025-11-18;3;0
1;2025-11-18;4;0
1;2025-11-18;5;130
1;2025-11-18;6;510
1;2025-11-18;7;1460
1;2025-11-18;8;1832
1;2025-11-18;9;1446
1;2025-11-18;10;1256
1;2025-11-18;11;1332
1;2025-11-18;12;1371
1;2025-11-18;13;1368
1;2025-11-18;14;1251
1;2025-11-18;15;1445
1;2025-11-18;16;1456
1;2025-11-18;17;1734
1;2025-11-18;18;1729
1;2025-11-18;19;1340
1;2025-11-18;20;891
1;2025-11-18;21;490
1;2025-11-18;22;231
1;2025-11-18;23;55
5;2025-11-18;0;0
5;2025-11-18;1;0
5;2025-11-18;2;0
5;2025-11-18;3;0
5;2025-11-18;4;0
5;2025-11-18;5;0
5;2025-11-18;6;0
5;2025-11-18;7;0
5;2025-11-18;8;0
5;2025-11-18;9;0
5;2025-11-18;10;0
5;2025-11-18;11;0
5;2025-11-18;12;0
5;2025-11-18;13;0
5;2025-11-18;14;0
5;2025-11-18;15;0
5;2025-11-18;16;0
5;2025-11-18;17;0
5;2025-11-18;18;0
5;2025-11-18;19;0
5;2025-11-18;20;0
5;2025-11-18;21;0
5;2025-11-18;22;0
5;2025-11-18;23;0
7;2025-11-18;0;42
7;2025-11-18;1;0
7;2025-11-18;2;0
7;2025-11-18;3;0
7;2025-11-18;4;0
7;2025-11-18;5;182
7;2025-11-18;6;709
7;2025-11-18;7;1633
7;2025-11-18;8;2495
7;2025-11-18;9;1900
7;2025-11-18;10;1682
7;2025-11-18;11;1495
7;2025-11-18;12;1610
7;2025-11-18;13;1619
7;2025-11-18;14;1674
7;2025-11-18;15;1750
7;2025-11-18;16;1867
7;2025-11-18;17;2321
7;2025-11-18;18;2584
7;2025-11-18;19;1811
7;2025-11-18;20;1095
7;2025-11-18;21;617
7;2025-11-18;22;217
7;2025-11-18;23;166
11;2025-11-18;0;59
11;2025-11-18;1;0
11;2025-11-18;2;0
11;2025-11-18;3;0
11;2025-11-18;4;0
11;2025-11-18;5;272
11;2025-11-18;6;1238
11;2025-11-18;7;2357
11;2025-11-18;8;3142
11;2025-11-18;9;2422
11;2025-11-18;10;1880
11;2025-11-18;11;1817
11;2025-11-18;12;1859
11;2025-11-18;13;1961
11;2025-11-18;14;1992
11;2025-11-18;15;2004
11;2025-11-18;16;2257
11;2025-11-18;17;2813
11;2025-11-18;18;2972
11;2025-11-18;19;2285
11;2025-11-18;20;1453
11;2025-11-18;21;870
11;2025-11-18;22;425
11;2025-11-18;23;233
12;2025-11-18;0;49
12;2025-11-18;1;0
12;2025-11-18;2;0
12;2025-11-18;3;0
12;2025-11-18;4;8
12;2025-11-18;5;325
12;2025-11-18;6;1392
12;2025-11-18;7;2736
12;2025-11-18;8;3502
12;2025-11-18;9;2544
12;2025-11-18;10;2157
12;2025-11-18;11;2100
12;2025-11-18;12;2106
12;2025-11-18;13;2053
12;2025-11-18;14;2031
12;2025-11-18;15;2291
12;2025-11-18;16;2776
12;2025-11-18;17;3071
12;2025-11-18;18;3183
12;2025-11-18;19;2492
12;2025-11-18;20;1541
12;2025-11-18;21;904
12;2025-11-18;22;481
12;2025-11-18;23;260
17;2025-11-18;0;100
17;2025-11-18;1;7
17;2025-11-18;2;0
17;2025-11-18;3;0
17;2025-11-18;4;17
17;2025-11-18;5;302
17;2025-11-18;6;1505
17;2025-11-18;7;3890
17;2025-11-18;8;5153
17;2025-11-18;9;3823
17;2025-11-18;10;3022
17;2025-11-18;11;2975
17;2025-11-18;12;3007
17;2025-11-18;13;2967
17;2025-11-18;14;3010
17;2025-11-18;15;3232
17;2025-11-18;16;3613
17;2025-11-18;17;4428
17;2025-11-18;18;4745
17;2025-11-18;19;3411
17;2025-11-18;20;2380
17;2025-11-18;21;1442
17;2025-11-18;22;728
17;2025-11-18;23;334
25;2025-11-18;0;0
25;2025-11-18;1;0
25;2025-11-18;2;0
25;2025-11-18;3;0
25;2025-11-18;4;0
25;2025-11-18;5;15
25;2025-11-18;6;193
25;2025-11-18;7;525
25;2025-11-18;8;837
25;2025-11-18;9;460
25;2025-11-18;10;373
25;2025-11-18;11;409
25;2025-11-18;12;385
25;2025-11-18;13;450
25;2025-11-18;14;421
25;2025-11-18;15;504
25;2025-11-18;16;635
25;2025-11-18;17;671
25;2025-11-18;18;733
25;2025-11-18;19;483
25;2025-11-18;20;323
25;2025-11-18;21;196
25;2025-11-18;22;101
25;2025-11-18;23;4
26;2025-11-18;0;22
26;2025-11-18;1;5
26;2025-11-18;2;0
26;2025-11-18;3;0
26;2025-11-18;4;0
26;2025-11-18;5;64
26;2025-11-18;6;521
26;2025-11-18;7;1048
26;2025-11-18;8;2164
26;2025-11-18;9;1439
26;2025-11-18;10;1178
26;2025-11-18;11;1078
26;2025-11-18;12;1115
26;2025-11-18;13;1138
26;2025-11-18;14;1238
26;2025-11-18;15;1260
26;2025-11-18;16;1517
26;2025-11-18;17;1698
26;2025-11-18;18;1789
26;2025-11-18;19;1242
26;2025-11-18;20;793
26;2025-11-18;21;478
26;2025-11-18;22;193
26;2025-11-18;23;118
28;2025-11-18;0;1
28;2025-11-18;1;0
28;2025-11-18;2;0
28;2025-11-18;3;0
28;2025-11-18;4;0
28;2025-11-18;5;60
28;2025-11-18;6;270
28;2025-11-18;7;706
28;2025-11-18;8;1194
28;2025-11-18;9;830
28;2025-11-18;10;650
28;2025-11-18;11;550
28;2025-11-18;12;696
28;2025-11-18;13;719
28;2025-11-18;14;651
28;2025-11-18;15;679
28;2025-11-18;16;849
28;2025-11-18;17;947
28;2025-11-18;18;897
28;2025-11-18;19;703
28;2025-11-18;20;497
28;2025-11-18;21;319
28;2025-11-18;22;151
28;2025-11-18;23;11
50;2025-11-18;0;0
50;2025-11-18;1;0
50;2025-11-18;2;0
50;2025-11-18;3;0
50;2025-11-18;4;0
50;2025-11-18;5;77
50;2025-11-18;6;546
50;2025-11-18;7;1741
50;2025-11-18;8;2759
50;2025-11-18;9;2233
50;2025-11-18;10;1664
50;2025-11-18;11;1551
50;2025-11-18;12;1475
50;2025-11-18;13;1486
50;2025-11-18;14;1433
50;2025-11-18;15;1713
50;2025-11-18;16;1791
50;2025-11-18;17;2381
50;2025-11-18;18;2424
50;2025-11-18;19;1469
50;2025-11-18;20;913
50;2025-11-18;21;606
50;2025-11-18;22;264
50;2025-11-18;23;130
1;2025-11-19;0;0
1;2025-11-19;1;0
1;2025-11-19;2;0
1;2025-11-19;3;0
1;2025-11-19;4;0
1;2025-11-19;5;122
1;2025-11-19;6;519
1;2025-11-19;7;1491
1;2025-11-19;8;1885
1;2025-11-19;9;1485
1;2025-11-19;10;1319
1;2025-11-19;11;1318
1;2025-11-19;12;1380
1;2025-11-19;13;1394
1;2025-11-19;14;1363
1;2025-11-19;15;1489
1;2025-11-19;16;1502
1;2025-11-19;17;1805
1;2025-11-19;18;1798
1;2025-11-19;19;1396
1;2025-11-19;20;868
1;2025-11-19;21;487
1;2025-11-19;22;222
1;2025-11-19;23;33
5;2025-11-19;0;0
5;2025-11-19;1;0
5;2025-11-19;2;0
5;2025-11-19;3;0
5;2025-11-19;4;0
5;2025-11-19;5;0
5;2025-11-19;6;0
5;2025-11-19;7;0
5;2025-11-19;8;0
5;2025-11-19;9;0
5;2025-11-19;10;0
5;2025-11-19;11;0
5;2025-11-19;12;0
5;2025-11-19;13;0
5;2025-11-19;14;0
5;2025-11-19;15;0
5;2025-11-19;16;0
5;2025-11-19;17;0
5;2025-11-19;18;0
5;2025-11-19;19;0
5;2025-11-19;20;0
5;2025-11-19;21;0
5;2025-11-19;22;0
5;2025-11-19;23;0
7;2025-11-19;0;48
7;2025-11-19;1;0
7;2025-11-19;2;0
7;2025-11-19;3;0
7;2025-11-19;4;0
7;2025-11-19;5;191
7;2025-11-19;6;690
7;2025-11-19;7;1649
7;2025-11-19;8;2532
7;2025-11-19;9;1881
7;2025-11-19;10;1688
7;2025-11-19;11;1553
7;2025-11-19;12;1658
7;2025-11-19;13;1595
7;2025-11-19;14;1723
7;2025-11-19;15;1820
7;2025-11-19;16;1933
7;2025-11-19;17;2370
7;2025-11-19;18;2555
7;2025-11-19;19;1783
7;2025-11-19;20;1116
7;2025-11-19;21;645
7;2025-11-19;22;211
7;2025-11-19;23;160
11;2025-11-19;0;56
11;2025-11-19;1;0
11;2025-11-19;2;0
11;2025-11-19;3;0
11;2025-11-19;4;3
11;2025-11-19;5;270
11;2025-11-19;6;1288
11;2025-11-19;7;2429
11;2025-11-19;8;3188
11;2025-11-19;9;2440
11;2025-11-19;10;1888
11;2025-11-19;11;1895
11;2025-11-19;12;1909
11;2025-11-19;13;2027
11;2025-11-19;14;2034
11;2025-11-19;15;2078
11;2025-11-19;16;2296
11;2025-11-19;17;2848
11;2025-11-19;18;3043
11;2025-11-19;19;2288
11;2025-11-19;20;1474
11;2025-11-19;21;854
11;2025-11-19;22;403
11;2025-11-19;23;224
12;2025-11-19;0;36
12;2025-11-19;1;0
12;2025-11-19;2;0
12;2025-11-19;3;0
12;2025-11-19;4;7
12;2025-11-19;5;303
12;2025-11-19;6;1362
12;2025-11-19;7;2684
12;2025-11-19;8;3516
12;2025-11-19;9;2558
12;2025-11-19;10;2167
12;2025-11-19;11;2072
12;2025-11-19;12;2134
12;2025-11-19;13;2095
12;2025-11-19;14;2037
12;2025-11-19;15;2295
12;2025-11-19;16;2773
12;2025-11-19;17;3072
12;2025-11-19;18;3144
12;2025-11-19;19;2484
12;2025-11-19;20;1546
12;2025-11-19;21;939
12;2025-11-19;22;467
12;2025-11-19;23;255
17;2025-11-19;0;111
17;2025-11-19;1;14
17;2025-11-19;2;0
17;2025-11-19;3;0
17;2025-11-19;4;19
17;2025-11-19;5;314
17;2025-11-19;6;1506
17;2025-11-19;7;3969
17;2025-11-19;8;5218
17;2025-11-19;9;3830
17;2025-11-19;10;3051
17;2025-11-19;11;2954
17;2025-11-19;12;2971
17;2025-11-19;13;3025
17;2025-11-19;14;3104
17;2025-11-19;15;3254
17;2025-11-19;16;3655
17;2025-11-19;17;4458
17;2025-11-19;18;4745
17;2025-11-19;19;3387
17;2025-11-19;20;2320
17;2025-11-19;21;1450
17;2025-11-19;22;746
17;2025-11-19;23;333
25;2025-11-19;0;0
25;2025-11-19;1;0
25;2025-11-19;2;0
25;2025-11-19;3;0
25;2025-11-19;4;0
25;2025-11-19;5;3
25;2025-11-19;6;179
25;2025-11-19;7;533
25;2025-11-19;8;872
25;2025-11-19;9;454
25;2025-11-19;10;365
25;2025-11-19;11;391
25;2025-11-19;12;389
25;2025-11-19;13;474
25;2025-11-19;14;408
25;2025-11-19;15;513
25;2025-11-19;16;646
25;2025-11-19;17;722
25;2025-11-19;18;753
25;2025-11-19;19;496
25;2025-11-19;20;318
25;2025-11-19;21;197
25;2025-11-19;22;96
25;2025-11-19;23;0
26;2025-11-19;0;22
26;2025-11-19;1;3
26;2025-11-19;2;0
26;2025-11-19;3;0
26;2025-11-19;4;0
26;2025-11-19;5;73
26;2025-11-19;6;496
26;2025-11-19;7;1071
26;2025-11-19;8;2213
26;2025-11-19;9;1467
26;2025-11-19;10;1232
26;2025-11-19;11;1124
26;2025-11-19;12;1148
26;2025-11-19;13;1187
26;2025-11-19;14;1260
26;2025-11-19;15;1346
26;2025-11-19;16;1545
26;2025-11-19;17;1693
26;2025-11-19;18;1829
26;2025-11-19;19;1262
26;2025-11-19;20;776
26;2025-11-19;21;488
26;2025-11-19;22;201
26;2025-11-19;23;119
28;2025-11-19;0;1
28;2025-11-19;1;0
28;2025-11-19;2;0
28;2025-11-19;3;0
28;2025-11-19;4;0
28;2025-11-19;5;69
28;2025-11-19;6;260
28;2025-11-19;7;741
28;2025-11-19;8;1209
28;2025-11-19;9;842
28;2025-11-19;10;635
28;2025-11-19;11;590
28;2025-11-19;12;702
28;2025-11-19;13;714
28;2025-11-19;14;665
28;2025-11-19;15;684
28;2025-11-19;16;856
28;2025-11-19;17;976
28;2025-11-19;18;942
28;2025-11-19;19;676
28;2025-11-19;20;484
28;2025-11-19;21;306
28;2025-11-19;22;129
28;2025-11-19;23;10
50;2025-11-19;0;0
50;2025-11-19;1;2
50;2025-11-19;2;0
50;2025-11-19;3;0
50;2025-11-19;4;0
50;2025-11-19;5;58
50;2025-11-19;6;527
50;2025-11-19;7;1733
50;2025-11-19;8;2730
50;2025-11-19;9;2171
50;2025-11-19;10;1695
50;2025-11-19;11;1584
50;2025-11-19;12;1504
50;2025-11-19;13;1483
50;2025-11-19;14;1434
50;2025-11-19;15;1678
50;2025-11-19;16;1740
50;2025-11-19;17;2343
50;2025-11-19;18;2401
50;2025-11-19;19;1504
50;2025-11-19;20;904
50;2025-11-19;21;613
50;2025-11-19;22;266
50;2025-11-19;23;126
1;2025-11-20;0;0
1;2025-11-20;1;0
1;2025-11-20;2;0
1;2025-11-20;3;0
1;2025-11-20;4;0
1;2025-11-20;5;115
1;2025-11-20;6;510
1;2025-11-20;7;1485
1;2025-11-20;8;1902
1;2025-11-20;9;1481
1;2025-11-20;10;1328
1;2025-11-20;11;1326
1;2025-11-20;12;1375
1;2025-11-20;13;1397
1;2025-11-20;14;1367
1;2025-11-20;15;1485
1;2025-11-20;16;1478
1;2025-11-20;17;1770
1;2025-11-20;18;1782
1;2025-11-20;19;1344
1;2025-11-20;20;862
1;2025-11-20;21;486
1;2025-11-20;22;217
1;2025-11-20;23;39
5;2025-11-20;0;0
5;2025-11-20;1;0
5;2025-11-20;2;0
5;2025-11-20;3;0
5;2025-11-20;4;0
5;2025-11-20;5;0
5;2025-11-20;6;0
5;2025-11-20;7;0
5;2025-11-20;8;0
5;2025-11-20;9;0
5;2025-11-20;10;0
5;2025-11-20;11;0
5;2025-11-20;12;0
5;2025-11-20;13;0
5;2025-11-20;14;0
5;2025-11-20;15;0
5;2025-11-20;16;0
5;2025-11-20;17;0
5;2025-11-20;18;0
5;2025-11-20;19;0
5;2025-11-20;20;0
5;2025-11-20;21;0
5;2025-11-20;22;0
5;2025-11-20;23;0
7;2025-11-20;0;49
7;2025-11-20;1;0
7;2025-11-20;2;0
7;2025-11-20;3;0
7;2025-11-20;4;0
7;2025-11-20;5;194
7;2025-11-20;6;686
7;2025-11-20;7;1624
7;2025-11-20;8;2508
7;2025-11-20;9;1859
7;2025-11-20;10;1639
7;2025-11-20;11;1527
7;2025-11-20;12;1656
7;2025-11-20;13;1582
7;2025-11-20;14;1707
7;2025-11-20;15;1807
7;2025-11-20;16;1892
7;2025-11-20;17;2334
7;2025-11-20;18;2570
7;2025-11-20;19;1773
7;2025-11-20;20;1098
7;2025-11-20;21;621
7;2025-11-20;22;206
7;2025-11-20;23;163
11;2025-11-20;0;54
11;2025-11-20;1;0
11;2025-11-20;2;0
11;2025-11-20;3;0
11;2025-11-20;4;0
11;2025-11-20;5;256
11;2025-11-20;6;1289
11;2025-11-20;7;2424
11;2025-11-20;8;3174
11;2025-11-20;9;2446
11;2025-11-20;10;1907
11;2025-11-20;11;1886
11;2025-11-20;12;1923
11;2025-11-20;13;2035
11;2025-11-20;14;2039
11;2025-11-20;15;2069
11;2025-11-20;16;2290
11;2025-11-20;17;2830
11;2025-11-20;18;3029
11;2025-11-20;19;2284
11;2025-11-20;20;1463
11;2025-11-20;21;843
11;2025-11-20;22;408
11;2025-11-20;23;227
12;2025-11-20;0;50
12;2025-11-20;1;0
12;2025-11-20;2;0
12;2025-11-20;3;0
12;2025-11-20;4;0
12;2025-11-20;5;301
12;2025-11-20;6;1370
12;2025-11-20;7;2711
12;2025-11-20;8;3517
12;2025-11-20;9;2570
12;2025-11-20;10;2154
12;2025-11-20;11;2092
12;2025-11-20;12;2130
12;2025-11-20;13;2118
12;2025-11-20;14;2059
12;2025-11-20;15;2314
12;2025-11-20;16;2787
12;2025-11-20;17;3078
12;2025-11-20;18;3140
12;2025-11-20;19;2469
12;2025-11-20;20;1541
12;2025-11-20;21;940
12;2025-11-20;22;468
12;2025-11-20;23;257
17;2025-11-20;0;106
17;2025-11-20;1;4
17;2025-11-20;2;0
17;2025-11-20;3;0
17;2025-11-20;4;16
17;2025-11-20;5;314
17;2025-11-20;6;1501
17;2025-11-20;7;3997
17;2025-11-20;8;5243
17;2025-11-20;9;3869
17;2025-11-20;10;3094
17;2025-11-20;11;2975
17;2025-11-20;12;3015
17;2025-11-20;13;3077
17;2025-11-20;14;3155
17;2025-11-20;15;3283
17;2025-11-20;16;3681
17;2025-11-20;17;4493
17;2025-11-20;18;4781
17;2025-11-20;19;3411
17;2025-11-20;20;2348
17;2025-11-20;21;1469
17;2025-11-20;22;772
17;2025-11-20;23;354
25;2025-11-20;0;0
25;2025-11-20;1;0
25;2025-11-20;2;0
25;2025-11-20;3;0
25;2025-11-20;4;0
25;2025-11-20;5;4
25;2025-11-20;6;177
25;2025-11-20;7;525
25;2025-11-20;8;873
25;2025-11-20;9;447
25;2025-11-20;10;371
25;2025-11-20;11;397
25;2025-11-20;12;385
25;2025-11-20;13;469
25;2025-11-20;14;428
25;2025-11-20;15;540
25;2025-11-20;16;648
25;2025-11-20;17;706
25;2025-11-20;18;739
25;2025-11-20;19;501
25;2025-11-20;20;310
25;2025-11-20;21;192
25;2025-11-20;22;96
25;2025-11-20;23;0
26;2025-11-20;0;19
26;2025-11-20;1;4
26;2025-11-20;2;0
26;2025-11-20;3;0
26;2025-11-20;4;0
26;2025-11-20;5;67
26;2025-11-20;6;486
26;2025-11-20;7;1070
26;2025-11-20;8;2189
26;2025-11-20;9;1465
26;2025-11-20;10;1228
26;2025-11-20;11;1131
26;2025-11-20;12;1160
26;2025-11-20;13;1194
26;2025-11-20;14;1259
26;2025-11-20;15;1342
26;2025-11-20;16;1519
26;2025-11-20;17;1701
26;2025-11-20;18;1838
26;2025-11-20;19;1240
26;2025-11-20;20;746
26;2025-11-20;21;468
26;2025-11-20;22;195
26;2025-11-20;23;120
28;2025-11-20;0;1
28;2025-11-20;1;0
28;2025-11-20;2;0
28;2025-11-20;3;0
28;2025-11-20;4;0
28;2025-11-20;5;67
28;2025-11-20;6;274
28;2025-11-20;7;756
28;2025-11-20;8;1225
28;2025-11-20;9;857
28;2025-11-20;10;648
28;2025-11-20;11;584
28;2025-11-20;12;712
28;2025-11-20;13;722
28;2025-11-20;14;665
28;2025-11-20;15;696
28;2025-11-20;16;874
28;2025-11-20;17;1004
28;2025-11-20;18;958
28;2025-11-20;19;699
28;2025-11-20;20;492
28;2025-11-20;21;320
28;2025-11-20;22;138
28;2025-11-20;23;10
50;2025-11-20;0;3
50;2025-11-20;1;0
50;2025-11-20;2;0
50;2025-11-20;3;0
50;2025-11-20;4;0
50;2025-11-20;5;58
50;2025-11-20;6;542
50;2025-11-20;7;1742
50;2025-11-20;8;2723
50;2025-11-20;9;2184
50;2025-11-20;10;1687
50;2025-11-20;11;1571
50;2025-11-20;12;1518
50;2025-11-20;13;1490
50;2025-11-20;14;1427
50;2025-11-20;15;1669
50;2025-11-20;16;1750
50;2025-11-20;17;2333
50;2025-11-20;18;2393
50;2025-11-20;19;1493
50;2025-11-20;20;922
50;2025-11-20;21;609
50;2025-11-20;22;280
50;2025-11-20;23;129
1;2025-11-21;0;1
1;2025-11-21;1;0
1;2025-11-21;2;0
1;2025-11-21;3;0
1;2025-11-21;4;0
1;2025-11-21;5;116
1;2025-11-21;6;504
1;2025-11-21;7;1474
1;2025-11-21;8;1839
1;2025-11-21;9;1440
1;2025-11-21;10;1296
1;2025-11-21;11;1360
1;2025-11-21;12;1368
1;2025-11-21;13;1393
1;2025-11-21;14;1352
1;2025-11-21;15;1530
1;2025-11-21;16;1540
1;2025-11-21;17;1768
1;2025-11-21;18;1614
1;2025-11-21;19;1234
1;2025-11-21;20;817
1;2025-11-21;21;494
1;2025-11-21;22;232
1;2025-11-21;23;58
5;2025-11-21;0;0
5;2025-11-21;1;0
5;2025-11-21;2;0
5;2025-11-21;3;0
5;2025-11-21;4;0
5;2025-11-21;5;0
5;2025-11-21;6;0
5;2025-11-21;7;0
5;2025-11-21;8;0
5;2025-11-21;9;0
5;2025-11-21;10;0
5;2025-11-21;11;0
5;2025-11-21;12;0
5;2025-11-21;13;0
5;2025-11-21;14;0
5;2025-11-21;15;0
5;2025-11-21;16;0
5;2025-11-21;17;0
5;2025-11-21;18;0
5;2025-11-21;19;0
5;2025-11-21;20;0
5;2025-11-21;21;0
5;2025-11-21;22;0
5;2025-11-21;23;0
7;2025-11-21;0;50
7;2025-11-21;1;0
7;2025-11-21;2;0
7;2025-11-21;3;0
7;2025-11-21;4;0
7;2025-11-21;5;173
7;2025-11-21;6;616
7;2025-11-21;7;1582
7;2025-11-21;8;2423
7;2025-11-21;9;1812
7;2025-11-21;10;1644
7;2025-11-21;11;1511
7;2025-11-21;12;1631
7;2025-11-21;13;1615
7;2025-11-21;14;1696
7;2025-11-21;15;1854
7;2025-11-21;16;1959
7;2025-11-21;17;2275
7;2025-11-21;18;2176
7;2025-11-21;19;1588
7;2025-11-21;20;1059
7;2025-11-21;21;615
7;2025-11-21;22;244
7;2025-11-21;23;205
11;2025-11-21;0;51
11;2025-11-21;1;0
11;2025-11-21;2;0
11;2025-11-21;3;0
11;2025-11-21;4;0
11;2025-11-21;5;241
11;2025-11-21;6;1272
11;2025-11-21;7;2331
11;2025-11-21;8;3055
11;2025-11-21;9;2340
11;2025-11-21;10;1900
11;2025-11-21;11;1890
11;2025-11-21;12;1955
11;2025-11-21;13;1969
11;2025-11-21;14;2056
11;2025-11-21;15;2136
11;2025-11-21;16;2372
11;2025-11-21;17;2870
11;2025-11-21;18;2724
11;2025-11-21;19;2154
11;2025-11-21;20;1445
11;2025-11-21;21;855
11;2025-11-21;22;432
11;2025-11-21;23;296
12;2025-11-21;0;54
12;2025-11-21;1;1
12;2025-11-21;2;0
12;2025-11-21;3;0
12;2025-11-21;4;0
12;2025-11-21;5;294
12;2025-11-21;6;1365
12;2025-11-21;7;2659
12;2025-11-21;8;3367
12;2025-11-21;9;2460
12;2025-11-21;10;2071
12;2025-11-21;11;2061
12;2025-11-21;12;2070
12;2025-11-21;13;2089
12;2025-11-21;14;2088
12;2025-11-21;15;2371
12;2025-11-21;16;2820
12;2025-11-21;17;2996
12;2025-11-21;18;2726
12;2025-11-21;19;2295
12;2025-11-21;20;1457
12;2025-11-21;21;947
12;2025-11-21;22;475
12;2025-11-21;23;298
17;2025-11-21;0;116
17;2025-11-21;1;6
17;2025-11-21;2;0
17;2025-11-21;3;0
17;2025-11-21;4;13
17;2025-11-21;5;300
17;2025-11-21;6;1496
17;2025-11-21;7;3913
17;2025-11-21;8;5039
17;2025-11-21;9;3732
17;2025-11-21;10;3071
17;2025-11-21;11;3034
17;2025-11-21;12;3036
17;2025-11-21;13;3098
17;2025-11-21;14;3170
17;2025-11-21;15;3422
17;2025-11-21;16;3782
17;2025-11-21;17;4481
17;2025-11-21;18;4427
17;2025-11-21;19;3231
17;2025-11-21;20;2361
17;2025-11-21;21;1537
17;2025-11-21;22;823
17;2025-11-21;23;450
25;2025-11-21;0;0
25;2025-11-21;1;0
25;2025-11-21;2;0
25;2025-11-21;3;0
25;2025-11-21;4;0
25;2025-11-21;5;0
25;2025-11-21;6;182
25;2025-11-21;7;518
25;2025-11-21;8;831
25;2025-11-21;9;443
25;2025-11-21;10;362
25;2025-11-21;11;414
25;2025-11-21;12;391
25;2025-11-21;13;471
25;2025-11-21;14;426
25;2025-11-21;15;564
25;2025-11-21;16;699
25;2025-11-21;17;697
25;2025-11-21;18;661
25;2025-11-21;19;475
25;2025-11-21;20;293
25;2025-11-21;21;201
25;2025-11-21;22;118
25;2025-11-21;23;1
26;2025-11-21;0;17
26;2025-11-21;1;0
26;2025-11-21;2;0
26;2025-11-21;3;0
26;2025-11-21;4;0
26;2025-11-21;5;59
26;2025-11-21;6;482
26;2025-11-21;7;1045
26;2025-11-21;8;2071
26;2025-11-21;9;1411
26;2025-11-21;10;1200
26;2025-11-21;11;1119
26;2025-11-21;12;1126
26;2025-11-21;13;1176
26;2025-11-21;14;1249
26;2025-11-21;15;1371
26;2025-11-21;16;1601
26;2025-11-21;17;1702
26;2025-11-21;18;1609
26;2025-11-21;19;1129
26;2025-11-21;20;711
26;2025-11-21;21;463
26;2025-11-21;22;220
26;2025-11-21;23;161
28;2025-11-21;0;1
28;2025-11-21;1;0
28;2025-11-21;2;0
28;2025-11-21;3;0
28;2025-11-21;4;0
28;2025-11-21;5;66
28;2025-11-21;6;262
28;2025-11-21;7;735
28;2025-11-21;8;1173
28;2025-11-21;9;829
28;2025-11-21;10;650
28;2025-11-21;11;579
28;2025-11-21;12;723
28;2025-11-21;13;730
28;2025-11-21;14;662
28;2025-11-21;15;721
28;2025-11-21;16;877
28;2025-11-21;17;972
28;2025-11-21;18;842
28;2025-11-21;19;649
28;2025-11-21;20;463
28;2025-11-21;21;316
28;2025-11-21;22;131
28;2025-11-21;23;15
50;2025-11-21;0;5
50;2025-11-21;1;0
50;2025-11-21;2;0
50;2025-11-21;3;0
50;2025-11-21;4;0
50;2025-11-21;5;59
50;2025-11-21;6;526
50;2025-11-21;7;1696
50;2025-11-21;8;2632
50;2025-11-21;9;2086
50;2025-11-21;10;1606
50;2025-11-21;11;1570
50;2025-11-21;12;1510
50;2025-11-21;13;1511
50;2025-11-21;14;1461
50;2025-11-21;15;1725
50;2025-11-21;16;1894
50;2025-11-21;17;2221
50;2025-11-21;18;1919
50;2025-11-21;19;1229
50;2025-11-21;20;844
50;2025-11-21;21;544
50;2025-11-21;22;308
50;2025-11-21;23;150
1;2025-11-22;0;2
1;2025-11-22;1;0
1;2025-11-22;2;0
1;2025-11-22;3;0
1;2025-11-22;4;0
1;2025-11-22;5;20
1;2025-11-22;6;173
1;2025-11-22;7;330
1;2025-11-22;8;453
1;2025-11-22;9;730
1;2025-11-22;10;857
1;2025-11-22;11;779
1;2025-11-22;12;970
1;2025-11-22;13;958
1;2025-11-22;14;914
1;2025-11-22;15;807
1;2025-11-22;16;751
1;2025-11-22;17;732
1;2025-11-22;18;600
1;2025-11-22;19;509
1;2025-11-22;20;359
1;2025-11-22;21;279
1;2025-11-22;22;117
1;2025-11-22;23;37
5;2025-11-22;0;0
5;2025-11-22;1;0
5;2025-11-22;2;0
5;2025-11-22;3;0
5;2025-11-22;4;0
5;2025-11-22;5;0
5;2025-11-22;6;0
5;2025-11-22;7;0
5;2025-11-22;8;0
5;2025-11-22;9;0
5;2025-11-22;10;0
5;2025-11-22;11;0
5;2025-11-22;12;0
5;2025-11-22;13;0
5;2025-11-22;14;0
5;2025-11-22;15;0
5;2025-11-22;16;0
5;2025-11-22;17;0
5;2025-11-22;18;0
5;2025-11-22;19;0
5;2025-11-22;20;0
5;2025-11-22;21;0
5;2025-11-22;22;0
5;2025-11-22;23;0
7;2025-11-22;0;95
7;2025-11-22;1;17
7;2025-11-22;2;0
7;2025-11-22;3;0
7;2025-11-22;4;1
7;2025-11-22;5;67
7;2025-11-22;6;247
7;2025-11-22;7;421
7;2025-11-22;8;849
7;2025-11-22;9;982
7;2025-11-22;10;983
7;2025-11-22;11;1104
7;2025-11-22;12;1288
7;2025-11-22;13;1270
7;2025-11-22;14;1344
7;2025-11-22;15;1369
7;2025-11-22;16;1287
7;2025-11-22;17;1313
7;2025-11-22;18;1218
7;2025-11-22;19;1090
7;2025-11-22;20;783
7;2025-11-22;21;578
7;2025-11-22;22;198
7;2025-11-22;23;139
11;2025-11-22;0;96
11;2025-11-22;1;0
11;2025-11-22;2;0
11;2025-11-22;3;0
11;2025-11-22;4;6
11;2025-11-22;5;154
11;2025-11-22;6;737
11;2025-11-22;7;713
11;2025-11-22;8;976
11;2025-11-22;9;1120
11;2025-11-22;10;1267
11;2025-11-22;11;1444
11;2025-11-22;12;1500
11;2025-11-22;13;1505
11;2025-11-22;14;1553
11;2025-11-22;15;1539
11;2025-11-22;16;1531
11;2025-11-22;17;1685
11;2025-11-22;18;1408
11;2025-11-22;19;1327
11;2025-11-22;20;1002
11;2025-11-22;21;685
11;2025-11-22;22;397
11;2025-11-22;23;291
12;2025-11-22;0;70
12;2025-11-22;1;1
12;2025-11-22;2;0
12;2025-11-22;3;0
12;2025-11-22;4;5
12;2025-11-22;5;232
12;2025-11-22;6;840
12;2025-11-22;7;869
12;2025-11-22;8;1029
12;2025-11-22;9;1196
12;2025-11-22;10;1378
12;2025-11-22;11;1390
12;2025-11-22;12;1374
12;2025-11-22;13;1542
12;2025-11-22;14;1516
12;2025-11-22;15;1426
12;2025-11-22;16;1463
12;2025-11-22;17;1485
12;2025-11-22;18;1385
12;2025-11-22;19;1239
12;2025-11-22;20;951
12;2025-11-22;21;648
12;2025-11-22;22;374
12;2025-11-22;23;281
17;2025-11-22;0;168
17;2025-11-22;1;24
17;2025-11-22;2;0
17;2025-11-22;3;0
17;2025-11-22;4;5
17;2025-11-22;5;134
17;2025-11-22;6;562
17;2025-11-22;7;1159
17;2025-11-22;8;1576
17;2025-11-22;9;1993
17;2025-11-22;10;2166
17;2025-11-22;11;2541
17;2025-11-22;12;2660
17;2025-11-22;13;2835
17;2025-11-22;14;2845
17;2025-11-22;15;2945
17;2025-11-22;16;2986
17;2025-11-22;17;2906
17;2025-11-22;18;2587
17;2025-11-22;19;2092
17;2025-11-22;20;1642
17;2025-11-22;21;1105
17;2025-11-22;22;730
17;2025-11-22;23;409
25;2025-11-22;0;0
25;2025-11-22;1;0
25;2025-11-22;2;0
25;2025-11-22;3;0
25;2025-11-22;4;0
25;2025-11-22;5;8
25;2025-11-22;6;89
25;2025-11-22;7;136
25;2025-11-22;8;278
25;2025-11-22;9;313
25;2025-11-22;10;281
25;2025-11-22;11;349
25;2025-11-22;12;365
25;2025-11-22;13;476
25;2025-11-22;14;444
25;2025-11-22;15;568
25;2025-11-22;16;495
25;2025-11-22;17;445
25;2025-11-22;18;440
25;2025-11-22;19;377
25;2025-11-22;20;256
25;2025-11-22;21;173
25;2025-11-22;22;105
25;2025-11-22;23;42
26;2025-11-22;0;43
26;2025-11-22;1;0
26;2025-11-22;2;0
26;2025-11-22;3;0
26;2025-11-22;4;0
26;2025-11-22;5;51
26;2025-11-22;6;265
26;2025-11-22;7;341
26;2025-11-22;8;629
26;2025-11-22;9;686
26;2025-11-22;10;797
26;2025-11-22;11;972
26;2025-11-22;12;959
26;2025-11-22;13;1002
26;2025-11-22;14;979
26;2025-11-22;15;955
26;2025-11-22;16;1007
26;2025-11-22;17;932
26;2025-11-22;18;851
26;2025-11-22;19;746
26;2025-11-22;20;497
26;2025-11-22;21;356
26;2025-11-22;22;197
26;2025-11-22;23;144
28;2025-11-22;0;1
28;2025-11-22;1;0
28;2025-11-22;2;0
28;2025-11-22;3;0
28;2025-11-22;4;0
28;2025-11-22;5;31
28;2025-11-22;6;119
28;2025-11-22;7;176
28;2025-11-22;8;387
28;2025-11-22;9;451
28;2025-11-22;10;455
28;2025-11-22;11;466
28;2025-11-22;12;593
28;2025-11-22;13;613
28;2025-11-22;14;571
28;2025-11-22;15;556
28;2025-11-22;16;574
28;2025-11-22;17;541
28;2025-11-22;18;451
28;2025-11-22;19;394
28;2025-11-22;20;334
28;2025-11-22;21;261
28;2025-11-22;22;110
28;2025-11-22;23;4
50;2025-11-22;0;25
50;2025-11-22;1;4
50;2025-11-22;2;0
50;2025-11-22;3;0
50;2025-11-22;4;5
50;2025-11-22;5;38
50;2025-11-22;6;223
50;2025-11-22;7;396
50;2025-11-22;8;707
50;2025-11-22;9;758
50;2025-11-22;10;735
50;2025-11-22;11;863
50;2025-11-22;12;886
50;2025-11-22;13;887
50;2025-11-22;14;952
50;2025-11-22;15;962
50;2025-11-22;16;950
50;2025-11-22;17;983
50;2025-11-22;18;757
50;2025-11-22;19;695
50;2025-11-22;20;537
50;2025-11-22;21;397
50;2025-11-22;22;226
50;2025-11-22;23;110
1;2025-11-23;0;1
1;2025-11-23;1;0
1;2025-11-23;2;0
1;2025-11-23;3;0
1;2025-11-23;4;0
1;2025-11-23;5;19
1;2025-11-23;6;95
1;2025-11-23;7;222
1;2025-11-23;8;327
1;2025-11-23;9;582
1;2025-11-23;10;653
1;2025-11-23;11;656
1;2025-11-23;12;806
1;2025-11-23;13;844
1;2025-11-23;14;798
1;2025-11-23;15;743
1;2025-11-23;16;674
1;2025-11-23;17;622
1;2025-11-23;18;544
1;2025-11-23;19;416
1;2025-11-23;20;284
1;2025-11-23;21;236
1;2025-11-23;22;71
1;2025-11-23;23;14
5;2025-11-23;0;0
5;2025-11-23;1;0
5;2025-11-23;2;0
5;2025-11-23;3;0
5;2025-11-23;4;0
5;2025-11-23;5;0
5;2025-11-23;6;0
5;2025-11-23;7;0
5;2025-11-23;8;0
5;2025-11-23;9;0
5;2025-11-23;10;0
5;2025-11-23;11;0
5;2025-11-23;12;0
5;2025-11-23;13;0
5;2025-11-23;14;0
5;2025-11-23;15;0
5;2025-11-23;16;0
5;2025-11-23;17;0
5;2025-11-23;18;0
5;2025-11-23;19;0
5;2025-11-23;20;0
5;2025-11-23;21;0
5;2025-11-23;22;0
5;2025-11-23;23;0
7;2025-11-23;0;84
7;2025-11-23;1;20
7;2025-11-23;2;0
7;2025-11-23;3;0
7;2025-11-23;4;4
7;2025-11-23;5;51
7;2025-11-23;6;175
7;2025-11-23;7;294
7;2025-11-23;8;525
7;2025-11-23;9;680
7;2025-11-23;10;701
7;2025-11-23;11;945
7;2025-11-23;12;1133
7;2025-11-23;13;1184
7;2025-11-23;14;1271
7;2025-11-23;15;1192
7;2025-11-23;16;1105
7;2025-11-23;17;1142
7;2025-11-23;18;1006
7;2025-11-23;19;861
7;2025-11-23;20;623
7;2025-11-23;21;478
7;2025-11-23;22;154
7;2025-11-23;23;111
11;2025-11-23;0;93
11;2025-11-23;1;21
11;2025-11-23;2;0
11;2025-11-23;3;0
11;2025-11-23;4;0
11;2025-11-23;5;111
11;2025-11-23;6;482
11;2025-11-23;7;539
11;2025-11-23;8;682
11;2025-11-23;9;904
11;2025-11-23;10;1029
11;2025-11-23;11;1453
11;2025-11-23;12;1525
11;2025-11-23;13;1543
11;2025-11-23;14;1610
11;2025-11-23;15;1616
11;2025-11-23;16;1593
11;2025-11-23;17;1698
11;2025-11-23;18;1429
11;2025-11-23;19;1163
11;2025-11-23;20;849
11;2025-11-23;21;573
11;2025-11-23;22;309
11;2025-11-23;23;205
12;2025-11-23;0;72
12;2025-11-23;1;3
12;2025-11-23;2;0
12;2025-11-23;3;0
12;2025-11-23;4;1
12;2025-11-23;5;149
12;2025-11-23;6;491
12;2025-11-23;7;667
12;2025-11-23;8;733
12;2025-11-23;9;959
12;2025-11-23;10;1179
12;2025-11-23;11;1338
12;2025-11-23;12;1402
12;2025-11-23;13;1626
12;2025-11-23;14;1555
12;2025-11-23;15;1444
12;2025-11-23;16;1498
12;2025-11-23;17;1527
12;2025-11-23;18;1310
12;2025-11-23;19;1022
12;2025-11-23;20;759
12;2025-11-23;21;530
12;2025-11-23;22;334
12;2025-11-23;23;202
17;2025-11-23;0;133
17;2025-11-23;1;24
17;2025-11-23;2;0
17;2025-11-23;3;0
17;2025-11-23;4;5
17;2025-11-23;5;98
17;2025-11-23;6;395
17;2025-11-23;7;765
17;2025-11-23;8;1274
17;2025-11-23;9;1692
17;2025-11-23;10;2003
17;2025-11-23;11;2437
17;2025-11-23;12;2737
17;2025-11-23;13;2902
17;2025-11-23;14;2978
17;2025-11-23;15;3018
17;2025-11-23;16;3017
17;2025-11-23;17;2866
17;2025-11-23;18;2517
17;2025-11-23;19;2089
17;2025-11-23;20;1586
17;2025-11-23;21;1086
17;2025-11-23;22;664
17;2025-11-23;23;279
25;2025-11-23;0;12
25;2025-11-23;1;0
25;2025-11-23;2;0
25;2025-11-23;3;0
25;2025-11-23;4;0
25;2025-11-23;5;10
25;2025-11-23;6;78
25;2025-11-23;7;92
25;2025-11-23;8;173
25;2025-11-23;9;195
25;2025-11-23;10;214
25;2025-11-23;11;277
25;2025-11-23;12;317
25;2025-11-23;13;426
25;2025-11-23;14;445
25;2025-11-23;15;556
25;2025-11-23;16;498
25;2025-11-23;17;450
25;2025-11-23;18;399
25;2025-11-23;19;312
25;2025-11-23;20;201
25;2025-11-23;21;141
25;2025-11-23;22;81
25;2025-11-23;23;20
26;2025-11-23;0;36
26;2025-11-23;1;0
26;2025-11-23;2;0
26;2025-11-23;3;0
26;2025-11-23;4;1
26;2025-11-23;5;21
26;2025-11-23;6;139
26;2025-11-23;7;207
26;2025-11-23;8;380
26;2025-11-23;9;461
26;2025-11-23;10;557
26;2025-11-23;11;786
26;2025-11-23;12;860
26;2025-11-23;13;923
26;2025-11-23;14;881
26;2025-11-23;15;822
26;2025-11-23;16;837
26;2025-11-23;17;783
26;2025-11-23;18;689
26;2025-11-23;19;536
26;2025-11-23;20;387
26;2025-11-23;21;262
26;2025-11-23;22;141
26;2025-11-23;23;99
28;2025-11-23;0;1
28;2025-11-23;1;0
28;2025-11-23;2;0
28;2025-11-23;3;0
28;2025-11-23;4;0
28;2025-11-23;5;26
28;2025-11-23;6;64
28;2025-11-23;7;126
28;2025-11-23;8;242
28;2025-11-23;9;319
28;2025-11-23;10;362
28;2025-11-23;11;420
28;2025-11-23;12;483
28;2025-11-23;13;508
28;2025-11-23;14;509
28;2025-11-23;15;506
28;2025-11-23;16;491
28;2025-11-23;17;483
28;2025-11-23;18;414
28;2025-11-23;19;336
28;2025-11-23;20;262
28;2025-11-23;21;209
28;2025-11-23;22;91
28;2025-11-23;23;5
50;2025-11-23;0;20
50;2025-11-23;1;0
50;2025-11-23;2;0
50;2025-11-23;3;0
50;2025-11-23;4;4
50;2025-11-23;5;25
50;2025-11-23;6;138
50;2025-11-23;7;260
50;2025-11-23;8;417
50;2025-11-23;9;485
50;2025-11-23;10;482
50;2025-11-23;11;637
50;2025-11-23;12;735
50;2025-11-23;13;822
50;2025-11-23;14;850
50;2025-11-23;15;762
50;2025-11-23;16;781
50;2025-11-23;17;763
50;2025-11-23;18;632
50;2025-11-23;19;554
50;2025-11-23;20;445
50;2025-11-23;21;302
50;2025-11-23;22;185
50;2025-11-23;23;83
1;2025-11-24;0;0
1;2025-11-24;1;0
1;2025-11-24;2;0
1;2025-11-24;3;0
1;2025-11-24;4;0
1;2025-11-24;5;131
1;2025-11-24;6;505
1;2025-11-24;7;1399
1;2025-11-24;8;1780
1;2025-11-24;9;1382
1;2025-11-24;10;1210
1;2025-11-24;11;1252
1;2025-11-24;12;1303
1;2025-11-24;13;1325
1;2025-11-24;14;1253
1;2025-11-24;15;1410
1;2025-11-24;16;1429
1;2025-11-24;17;1711
1;2025-11-24;18;1725
1;2025-11-24;19;1315
1;2025-11-24;20;854
1;2025-11-24;21;457
1;2025-11-24;22;213
1;2025-11-24;23;51
5;2025-11-24;0;0
5;2025-11-24;1;0
5;2025-11-24;2;0
5;2025-11-24;3;0
5;2025-11-24;4;0
5;2025-11-24;5;0
5;2025-11-24;6;0
5;2025-11-24;7;0
5;2025-11-24;8;0
5;2025-11-24;9;0
5;2025-11-24;10;0
5;2025-11-24;11;0
5;2025-11-24;12;0
5;2025-11-24;13;0
5;2025-11-24;14;0
5;2025-11-24;15;0
5;2025-11-24;16;0
5;2025-11-24;17;0
5;2025-11-24;18;0
5;2025-11-24;19;0
5;2025-11-24;20;0
5;2025-11-24;21;0
5;2025-11-24;22;0
5;2025-11-24;23;0
7;2025-11-24;0;50
7;2025-11-24;1;0
7;2025-11-24;2;0
7;2025-11-24;3;0
7;2025-11-24;4;0
7;2025-11-24;5;182
7;2025-11-24;6;667
7;2025-11-24;7;1596
7;2025-11-24;8;2452
7;2025-11-24;9;1816
7;2025-11-24;10;1613
7;2025-11-24;11;1424
7;2025-11-24;12;1479
7;2025-11-24;13;1544
7;2025-11-24;14;1606
7;2025-11-24;15;1711
7;2025-11-24;16;1805
7;2025-11-24;17;2211
7;2025-11-24;18;2547
7;2025-11-24;19;1702
7;2025-11-24;20;1052
7;2025-11-24;21;575
7;2025-11-24;22;200
7;2025-11-24;23;136
11;2025-11-24;0;62
11;2025-11-24;1;0
11;2025-11-24;2;0
11;2025-11-24;3;0
11;2025-11-24;4;0
11;2025-11-24;5;269
11;2025-11-24;6;1232
11;2025-11-24;7;2289
11;2025-11-24;8;3084
11;2025-11-24;9;2343
11;2025-11-24;10;1767
11;2025-11-24;11;1743
11;2025-11-24;12;1696
11;2025-11-24;13;1859
11;2025-11-24;14;1876
11;2025-11-24;15;1927
11;2025-11-24;16;2182
11;2025-11-24;17;2750
11;2025-11-24;18;2936
11;2025-11-24;19;2200
11;2025-11-24;20;1394
11;2025-11-24;21;797
11;2025-11-24;22;377
11;2025-11-24;23;180
12;2025-11-24;0;61
12;2025-11-24;1;0
12;2025-11-24;2;0
12;2025-11-24;3;0
12;2025-11-24;4;3
12;2025-11-24;5;319
12;2025-11-24;6;1310
12;2025-11-24;7;2688
12;2025-11-24;8;3431
12;2025-11-24;9;2383
12;2025-11-24;10;1963
12;2025-11-24;11;1924
12;2025-11-24;12;1941
12;2025-11-24;13;1939
12;2025-11-24;14;1965
12;2025-11-24;15;2212
12;2025-11-24;16;2710
12;2025-11-24;17;3004
12;2025-11-24;18;3113
12;2025-11-24;19;2393
12;2025-11-24;20;1489
12;2025-11-24;21;850
12;2025-11-24;22;436
12;2025-11-24;23;214
17;2025-11-24;0;63
17;2025-11-24;1;12
17;2025-11-24;2;0
17;2025-11-24;3;0
17;2025-11-24;4;23
17;2025-11-24;5;298
17;2025-11-24;6;1474
17;2025-11-24;7;3832
17;2025-11-24;8;5169
17;2025-11-24;9;3657
17;2025-11-24;10;2883
17;2025-11-24;11;2812
17;2025-11-24;12;2849
17;2025-11-24;13;2919
17;2025-11-24;14;2983
17;2025-11-24;15;3131
17;2025-11-24;16;3477
17;2025-11-24;17;4266
17;2025-11-24;18;4667
17;2025-11-24;19;3318
17;2025-11-24;20;2229
17;2025-11-24;21;1348
17;2025-11-24;22;650
17;2025-11-24;23;281
25;2025-11-24;0;0
25;2025-11-24;1;0
25;2025-11-24;2;0
25;2025-11-24;3;0
25;2025-11-24;4;0
25;2025-11-24;5;13
25;2025-11-24;6;172
25;2025-11-24;7;512
25;2025-11-24;8;815
25;2025-11-24;9;441
25;2025-11-24;10;346
25;2025-11-24;11;362
25;2025-11-24;12;343
25;2025-11-24;13;430
25;2025-11-24;14;382
25;2025-11-24;15;430
25;2025-11-24;16;590
25;2025-11-24;17;619
25;2025-11-24;18;700
25;2025-11-24;19;439
25;2025-11-24;20;285
25;2025-11-24;21;165
25;2025-11-24;22;89
25;2025-11-24;23;0
26;2025-11-24;0;11
26;2025-11-24;1;0
26;2025-11-24;2;0
26;2025-11-24;3;0
26;2025-11-24;4;0
26;2025-11-24;5;73
26;2025-11-24;6;494
26;2025-11-24;7;1032
26;2025-11-24;8;1969
26;2025-11-24;9;1409
26;2025-11-24;10;1147
26;2025-11-24;11;996
26;2025-11-24;12;1055
26;2025-11-24;13;1145
26;2025-11-24;14;1184
26;2025-11-24;15;1229
26;2025-11-24;16;1485
26;2025-11-24;17;1621
26;2025-11-24;18;1701
26;2025-11-24;19;1204
26;2025-11-24;20;731
26;2025-11-24;21;436
26;2025-11-24;22;193
26;2025-11-24;23;101
28;2025-11-24;0;1
28;2025-11-24;1;0
28;2025-11-24;2;0
28;2025-11-24;3;0
28;2025-11-24;4;0
28;2025-11-24;5;61
28;2025-11-24;6;263
28;2025-11-24;7;693
28;2025-11-24;8;1171
28;2025-11-24;9;820
28;2025-11-24;10;610
28;2025-11-24;11;519
28;2025-11-24;12;655
28;2025-11-24;13;712
28;2025-11-24;14;629
28;2025-11-24;15;638
28;2025-11-24;16;776
28;2025-11-24;17;912
28;2025-11-24;18;871
28;2025-11-24;19;671
28;2025-11-24;20;472
28;2025-11-24;21;286
28;2025-11-24;22;119
28;2025-11-24;23;7
50;2025-11-24;0;0
50;2025-11-24;1;0
50;2025-11-24;2;0
50;2025-11-24;3;0
50;2025-11-24;4;0
50;2025-11-24;5;67
50;2025-11-24;6;476
50;2025-11-24;7;1676
50;2025-11-24;8;2720
50;2025-11-24;9;2104
50;2025-11-24;10;1604
50;2025-11-24;11;1483
50;2025-11-24;12;1382
50;2025-11-24;13;1428
50;2025-11-24;14;1406
50;2025-11-24;15;1651
50;2025-11-24;16;1709
50;2025-11-24;17;2279
50;2025-11-24;18;2372
50;2025-11-24;19;1387
50;2025-11-24;20;880
50;2025-11-24;21;580
50;2025-11-24;22;262
50;2025-11-24;23;114
1;2025-11-25;0;1
1;2025-11-25;1;0
1;2025-11-25;2;0
1;2025-11-25;3;0
1;2025-11-25;4;0
1;2025-11-25;5;114
1;2025-11-25;6;535
1;2025-11-25;7;1481
1;2025-11-25;8;1883
1;2025-11-25;9;1473
1;2025-11-25;10;1319
1;2025-11-25;11;1310
1;2025-11-25;12;1355
1;2025-11-25;13;1372
1;2025-11-25;14;1349
1;2025-11-25;15;1467
1;2025-11-25;16;1467
1;2025-11-25;17;1759
1;2025-11-25;18;1793
1;2025-11-25;19;1359
1;2025-11-25;20;864
1;2025-11-25;21;484
1;2025-11-25;22;229
1;2025-11-25;23;36
5;2025-11-25;0;0
5;2025-11-25;1;0
5;2025-11-25;2;0
5;2025-11-25;3;0
5;2025-11-25;4;0
5;2025-11-25;5;0
5;2025-11-25;6;0
5;2025-11-25;7;0
5;2025-11-25;8;0
5;2025-11-25;9;0
5;2025-11-25;10;0
5;2025-11-25;11;0
5;2025-11-25;12;0
5;2025-11-25;13;0
5;2025-11-25;14;0
5;2025-11-25;15;0
5;2025-11-25;16;0
5;2025-11-25;17;0
5;2025-11-25;18;0
5;2025-11-25;19;0
5;2025-11-25;20;0
5;2025-11-25;21;0
5;2025-11-25;22;0
5;2025-11-25;23;0
7;2025-11-25;0;46
7;2025-11-25;1;1
7;2025-11-25;2;0
7;2025-11-25;3;0
7;2025-11-25;4;0
7;2025-11-25;5;189
7;2025-11-25;6;708
7;2025-11-25;7;1654
7;2025-11-25;8;2517
7;2025-11-25;9;1879
7;2025-11-25;10;1669
7;2025-11-25;11;1522
7;2025-11-25;12;1642
7;2025-11-25;13;1600
7;2025-11-25;14;1720
7;2025-11-25;15;1842
7;2025-11-25;16;1918
7;2025-11-25;17;2362
7;2025-11-25;18;2588
7;2025-11-25;19;1773
7;2025-11-25;20;1100
7;2025-11-25;21;625
7;2025-11-25;22;298
7;2025-11-25;23;159
11;2025-11-25;0;43
11;2025-11-25;1;0
11;2025-11-25;2;0
11;2025-11-25;3;0
11;2025-11-25;4;1
11;2025-11-25;5;250
11;2025-11-25;6;1270
11;2025-11-25;7;2402
11;2025-11-25;8;3149
11;2025-11-25;9;2424
11;2025-11-25;10;1879
11;2025-11-25;11;1822
11;2025-11-25;12;1857
11;2025-11-25;13;1987
11;2025-11-25;14;2010
11;2025-11-25;15;2059
11;2025-11-25;16;2275
11;2025-11-25;17;2825
11;2025-11-25;18;3023
11;2025-11-25;19;2281
11;2025-11-25;20;1450
11;2025-11-25;21;837
11;2025-11-25;22;395
11;2025-11-25;23;191
12;2025-11-25;0;30
12;2025-11-25;1;0
12;2025-11-25;2;0
12;2025-11-25;3;0
12;2025-11-25;4;0
12;2025-11-25;5;300
12;2025-11-25;6;1365
12;2025-11-25;7;2715
12;2025-11-25;8;3489
12;2025-11-25;9;2503
12;2025-11-25;10;2096
12;2025-11-25;11;2052
12;2025-11-25;12;2104
12;2025-11-25;13;2089
12;2025-11-25;14;2036
12;2025-11-25;15;2301
12;2025-11-25;16;2754
12;2025-11-25;17;3087
12;2025-11-25;18;3162
12;2025-11-25;19;2484
12;2025-11-25;20;1554
12;2025-11-25;21;918
12;2025-11-25;22;460
12;2025-11-25;23;227
17;2025-11-25;0;98
17;2025-11-25;1;0
17;2025-11-25;2;0
17;2025-11-25;3;0
17;2025-11-25;4;16
17;2025-11-25;5;297
17;2025-11-25;6;1507
17;2025-11-25;7;3959
17;2025-11-25;8;5259
17;2025-11-25;9;3774
17;2025-11-25;10;3015
17;2025-11-25;11;2919
17;2025-11-25;12;2969
17;2025-11-25;13;3024
17;2025-11-25;14;3122
17;2025-11-25;15;3253
17;2025-11-25;16;3623
17;2025-11-25;17;4443
17;2025-11-25;18;4782
17;2025-11-25;19;3407
17;2025-11-25;20;2334
17;2025-11-25;21;1441
17;2025-11-25;22;741
17;2025-11-25;23;327
25;2025-11-25;0;0
25;2025-11-25;1;0
25;2025-11-25;2;0
25;2025-11-25;3;0
25;2025-11-25;4;0
25;2025-11-25;5;3
25;2025-11-25;6;173
25;2025-11-25;7;513
25;2025-11-25;8;872
25;2025-11-25;9;456
25;2025-11-25;10;360
25;2025-11-25;11;397
25;2025-11-25;12;395
25;2025-11-25;13;465
25;2025-11-25;14;404
25;2025-11-25;15;511
25;2025-11-25;16;628
25;2025-11-25;17;691
25;2025-11-25;18;739
25;2025-11-25;19;484
25;2025-11-25;20;315
25;2025-11-25;21;181
25;2025-11-25;22;80
25;2025-11-25;23;0
26;2025-11-25;0;18
26;2025-11-25;1;2
26;2025-11-25;2;0
26;2025-11-25;3;0
26;2025-11-25;4;1
26;2025-11-25;5;68
26;2025-11-25;6;505
26;2025-11-25;7;1055
26;2025-11-25;8;2146
26;2025-11-25;9;1459
26;2025-11-25;10;1223
26;2025-11-25;11;1130
26;2025-11-25;12;1170
26;2025-11-25;13;1201
26;2025-11-25;14;1244
26;2025-11-25;15;1361
26;2025-11-25;16;1527
26;2025-11-25;17;1708
26;2025-11-25;18;1829
26;2025-11-25;19;1243
26;2025-11-25;20;764
26;2025-11-25;21;467
26;2025-11-25;22;192
26;2025-11-25;23;114
28;2025-11-25;0;1
28;2025-11-25;1;0
28;2025-11-25;2;0
28;2025-11-25;3;0
28;2025-11-25;4;0
28;2025-11-25;5;64
28;2025-11-25;6;269
28;2025-11-25;7;741
28;2025-11-25;8;1203
28;2025-11-25;9;837
28;2025-11-25;10;635
28;2025-11-25;11;568
28;2025-11-25;12;695
28;2025-11-25;13;723
28;2025-11-25;14;658
28;2025-11-25;15;698
28;2025-11-25;16;849
28;2025-11-25;17;990
28;2025-11-25;18;931
28;2025-11-25;19;698
28;2025-11-25;20;501
28;2025-11-25;21;312
28;2025-11-25;22;127
28;2025-11-25;23;2
50;2025-11-25;0;0
50;2025-11-25;1;7
50;2025-11-25;2;0
50;2025-11-25;3;0
50;2025-11-25;4;0
50;2025-11-25;5;60
50;2025-11-25;6;561
50;2025-11-25;7;1752
50;2025-11-25;8;2720
50;2025-11-25;9;2152
50;2025-11-25;10;1663
50;2025-11-25;11;1561
50;2025-11-25;12;1493
50;2025-11-25;13;1466
50;2025-11-25;14;1422
50;2025-11-25;15;1712
50;2025-11-25;16;1756
50;2025-11-25;17;2338
50;2025-11-25;18;2435
50;2025-11-25;19;1485
50;2025-11-25;20;904
50;2025-11-25;21;596
50;2025-11-25;22;246
50;2025-11-25;23;120
1;2025-11-26;0;0
1;2025-11-26;1;0
1;2025-11-26;2;0
1;2025-11-26;3;0
1;2025-11-26;4;0
1;2025-11-26;5;114
1;2025-11-26;6;538
1;2025-11-26;7;1471
1;2025-11-26;8;1883
1;2025-11-26;9;1446
1;2025-11-26;10;1332
1;2025-11-26;11;1314
1;2025-11-26;12;1383
1;2025-11-26;13;1401
1;2025-11-26;14;1352
1;2025-11-26;15;1491
1;2025-11-26;16;1462
1;2025-11-26;17;1767
1;2025-11-26;18;1767
1;2025-11-26;19;1366
1;2025-11-26;20;863
1;2025-11-26;21;463
1;2025-11-26;22;226
1;2025-11-26;23;38
5;2025-11-26;0;0
5;2025-11-26;1;0
5;2025-11-26;2;0
5;2025-11-26;3;0
5;2025-11-26;4;0
5;2025-11-26;5;0
5;2025-11-26;6;0
5;2025-11-26;7;0
5;2025-11-26;8;0
5;2025-11-26;9;0
5;2025-11-26;10;0
5;2025-11-26;11;0
5;2025-11-26;12;0
5;2025-11-26;13;0
5;2025-11-26;14;0
5;2025-11-26;15;0
5;2025-11-26;16;0
5;2025-11-26;17;0
5;2025-11-26;18;0
5;2025-11-26;19;0
5;2025-11-26;20;0
5;2025-11-26;21;0
5;2025-11-26;22;0
5;2025-11-26;23;0
7;2025-11-26;0;34
7;2025-11-26;1;0
7;2025-11-26;2;0
7;2025-11-26;3;0
7;2025-11-26;4;0
7;2025-11-26;5;177
7;2025-11-26;6;670
7;2025-11-26;7;1628
7;2025-11-26;8;2516
7;2025-11-26;9;1896
7;2025-11-26;10;1697
7;2025-11-26;11;1513
7;2025-11-26;12;1637
7;2025-11-26;13;1579
7;2025-11-26;14;1666
7;2025-11-26;15;1798
7;2025-11-26;16;1867
7;2025-11-26;17;2353
7;2025-11-26;18;2563
7;2025-11-26;19;1767
7;2025-11-26;20;1095
7;2025-11-26;21;629
7;2025-11-26;22;298
7;2025-11-26;23;149
11;2025-11-26;0;28
11;2025-11-26;1;0
11;2025-11-26;2;0
11;2025-11-26;3;0
11;2025-11-26;4;0
11;2025-11-26;5;230
11;2025-11-26;6;1250
11;2025-11-26;7;2376
11;2025-11-26;8;3113
11;2025-11-26;9;2419
11;2025-11-26;10;1903
11;2025-11-26;11;1838
11;2025-11-26;12;1860
11;2025-11-26;13;1984
11;2025-11-26;14;1983
11;2025-11-26;15;2021
11;2025-11-26;16;2246
11;2025-11-26;17;2817
11;2025-11-26;18;3014
11;2025-11-26;19;2305
11;2025-11-26;20;1465
11;2025-11-26;21;834
11;2025-11-26;22;394
11;2025-11-26;23;203
12;2025-11-26;0;29
12;2025-11-26;1;0
12;2025-11-26;2;0
12;2025-11-26;3;0
12;2025-11-26;4;0
12;2025-11-26;5;312
12;2025-11-26;6;1403
12;2025-11-26;7;2703
12;2025-11-26;8;3461
12;2025-11-26;9;2500
12;2025-11-26;10;2100
12;2025-11-26;11;2061
12;2025-11-26;12;2073
12;2025-11-26;13;2046
12;2025-11-26;14;2035
12;2025-11-26;15;2270
12;2025-11-26;16;2739
12;2025-11-26;17;3055
12;2025-11-26;18;3136
12;2025-11-26;19;2467
12;2025-11-26;20;1534
12;2025-11-26;21;889
12;2025-11-26;22;442
12;2025-11-26;23;224
17;2025-11-26;0;78
17;2025-11-26;1;0
17;2025-11-26;2;0
17;2025-11-26;3;0
17;2025-11-26;4;14
17;2025-11-26;5;289
17;2025-11-26;6;1496
17;2025-11-26;7;3891
17;2025-11-26;8;5173
17;2025-11-26;9;3726
17;2025-11-26;10;2985
17;2025-11-26;11;2901
17;2025-11-26;12;2976
17;2025-11-26;13;3019
17;2025-11-26;14;3088
17;2025-11-26;15;3206
17;2025-11-26;16;3547
17;2025-11-26;17;4349
17;2025-11-26;18;4716
17;2025-11-26;19;3344
17;2025-11-26;20;2310
17;2025-11-26;21;1397
17;2025-11-26;22;701
17;2025-11-26;23;324
25;2025-11-26;0;0
25;2025-11-26;1;0
25;2025-11-26;2;0
25;2025-11-26;3;0
25;2025-11-26;4;0
25;2025-11-26;5;6
25;2025-11-26;6;172
25;2025-11-26;7;509
25;2025-11-26;8;853
25;2025-11-26;9;458
25;2025-11-26;10;369
25;2025-11-26;11;387
25;2025-11-26;12;392
25;2025-11-26;13;456
25;2025-11-26;14;398
25;2025-11-26;15;492
25;2025-11-26;16;616
25;2025-11-26;17;660
25;2025-11-26;18;738
25;2025-11-26;19;478
25;2025-11-26;20;301
25;2025-11-26;21;182
25;2025-11-26;22;79
25;2025-11-26;23;0
26;2025-11-26;0;11
26;2025-11-26;1;0
26;2025-11-26;2;0
26;2025-11-26;3;0
26;2025-11-26;4;0
26;2025-11-26;5;64
26;2025-11-26;6;478
26;2025-11-26;7;1049
26;2025-11-26;8;2122
26;2025-11-26;9;1480
26;2025-11-26;10;1221
26;2025-11-26;11;1123
26;2025-11-26;12;1156
26;2025-11-26;13;1175
26;2025-11-26;14;1262
26;2025-11-26;15;1338
26;2025-11-26;16;1531
26;2025-11-26;17;1676
26;2025-11-26;18;1819
26;2025-11-26;19;1265
26;2025-11-26;20;767
26;2025-11-26;21;473
26;2025-11-26;22;184
26;2025-11-26;23;112
28;2025-11-26;0;1
28;2025-11-26;1;0
28;2025-11-26;2;0
28;2025-11-26;3;0
28;2025-11-26;4;0
28;2025-11-26;5;73
28;2025-11-26;6;274
28;2025-11-26;7;714
28;2025-11-26;8;1195
28;2025-11-26;9;837
28;2025-11-26;10;633
28;2025-11-26;11;574
28;2025-11-26;12;715
28;2025-11-26;13;759
28;2025-11-26;14;672
28;2025-11-26;15;692
28;2025-11-26;16;844
28;2025-11-26;17;960
28;2025-11-26;18;894
28;2025-11-26;19;704
28;2025-11-26;20;491
28;2025-11-26;21;304
28;2025-11-26;22;116
28;2025-11-26;23;0
50;2025-11-26;0;7
50;2025-11-26;1;3
50;2025-11-26;2;0
50;2025-11-26;3;0
50;2025-11-26;4;0
50;2025-11-26;5;63
50;2025-11-26;6;508
50;2025-11-26;7;1726
50;2025-11-26;8;2732
50;2025-11-26;9;2128
50;2025-11-26;10;1652
50;2025-11-26;11;1529
50;2025-11-26;12;1467
50;2025-11-26;13;1461
50;2025-11-26;14;1405
50;2025-11-26;15;1698
50;2025-11-26;16;1764
50;2025-11-26;17;2338
50;2025-11-26;18;2407
50;2025-11-26;19;1464
50;2025-11-26;20;904
50;2025-11-26;21;606
50;2025-11-26;22;232
50;2025-11-26;23;111
1;2025-11-27;0;0
1;2025-11-27;1;0
1;2025-11-27;2;0
1;2025-11-27;3;0
1;2025-11-27;4;0
1;2025-11-27;5;116
1;2025-11-27;6;526
1;2025-11-27;7;1459
1;2025-11-27;8;1849
1;2025-11-27;9;1405
1;2025-11-27;10;1296
1;2025-11-27;11;1304
1;2025-11-27;12;1352
1;2025-11-27;13;1364
1;2025-11-27;14;1348
1;2025-11-27;15;1494
1;2025-11-27;16;1478
1;2025-11-27;17;1726
1;2025-11-27;18;1726
1;2025-11-27;19;1286
1;2025-11-27;20;867
1;2025-11-27;21;471
1;2025-11-27;22;232
1;2025-11-27;23;48
5;2025-11-27;0;0
5;2025-11-27;1;0
5;2025-11-27;2;0
5;2025-11-27;3;0
5;2025-11-27;4;0
5;2025-11-27;5;0
5;2025-11-27;6;0
5;2025-11-27;7;0
5;2025-11-27;8;0
5;2025-11-27;9;0
5;2025-11-27;10;0
5;2025-11-27;11;0
5;2025-11-27;12;0
5;2025-11-27;13;0
5;2025-11-27;14;0
5;2025-11-27;15;0
5;2025-11-27;16;0
5;2025-11-27;17;0
5;2025-11-27;18;0
5;2025-11-27;19;0
5;2025-11-27;20;0
5;2025-11-27;21;0
5;2025-11-27;22;0
5;2025-11-27;23;0
7;2025-11-27;0;51
7;2025-11-27;1;23
7;2025-11-27;2;0
7;2025-11-27;3;0
7;2025-11-27;4;0
7;2025-11-27;5;177
7;2025-11-27;6;706
7;2025-11-27;7;1649
7;2025-11-27;8;2475
7;2025-11-27;9;1874
7;2025-11-27;10;1663
7;2025-11-27;11;1501
7;2025-11-27;12;1609
7;2025-11-27;13;1588
7;2025-11-27;14;1668
7;2025-11-27;15;1789
7;2025-11-27;16;1894
7;2025-11-27;17;2345
7;2025-11-27;18;2574
7;2025-11-27;19;1797
7;2025-11-27;20;1102
7;2025-11-27;21;622
7;2025-11-27;22;300
7;2025-11-27;23;136
11;2025-11-27;0;59
11;2025-11-27;1;0
11;2025-11-27;2;0
11;2025-11-27;3;0
11;2025-11-27;4;0
11;2025-11-27;5;283
11;2025-11-27;6;1265
11;2025-11-27;7;2349
11;2025-11-27;8;3113
11;2025-11-27;9;2411
11;2025-11-27;10;1867
11;2025-11-27;11;1808
11;2025-11-27;12;1815
11;2025-11-27;13;1964
11;2025-11-27;14;2026
11;2025-11-27;15;2052
11;2025-11-27;16;2258
11;2025-11-27;17;2829
11;2025-11-27;18;2914
11;2025-11-27;19;2186
11;2025-11-27;20;1381
11;2025-11-27;21;828
11;2025-11-27;22;392
11;2025-11-27;23;195
12;2025-11-27;0;43
12;2025-11-27;1;0
12;2025-11-27;2;0
12;2025-11-27;3;0
12;2025-11-27;4;0
12;2025-11-27;5;325
12;2025-11-27;6;1370
12;2025-11-27;7;2742
12;2025-11-27;8;3457
12;2025-11-27;9;2494
12;2025-11-27;10;2010
12;2025-11-27;11;2017
12;2025-11-27;12;1979
12;2025-11-27;13;2004
12;2025-11-27;14;1998
12;2025-11-27;15;2218
12;2025-11-27;16;2736
12;2025-11-27;17;3009
12;2025-11-27;18;3026
12;2025-11-27;19;2348
12;2025-11-27;20;1445
12;2025-11-27;21;827
12;2025-11-27;22;420
12;2025-11-27;23;231
17;2025-11-27;0;115
17;2025-11-27;1;7
17;2025-11-27;2;0
17;2025-11-27;3;0
17;2025-11-27;4;14
17;2025-11-27;5;314
17;2025-11-27;6;1477
17;2025-11-27;7;3891
17;2025-11-27;8;5200
17;2025-11-27;9;3737
17;2025-11-27;10;2939
17;2025-11-27;11;2867
17;2025-11-27;12;2849
17;2025-11-27;13;3028
17;2025-11-27;14;3096
17;2025-11-27;15;3234
17;2025-11-27;16;3575
17;2025-11-27;17;4312
17;2025-11-27;18;4647
17;2025-11-27;19;3231
17;2025-11-27;20;2276
17;2025-11-27;21;1320
17;2025-11-27;22;637
17;2025-11-27;23;322
25;2025-11-27;0;0
25;2025-11-27;1;0
25;2025-11-27;2;0
25;2025-11-27;3;0
25;2025-11-27;4;0
25;2025-11-27;5;6
25;2025-11-27;6;156
25;2025-11-27;7;507
25;2025-11-27;8;836
25;2025-11-27;9;422
25;2025-11-27;10;357
25;2025-11-27;11;375
25;2025-11-27;12;381
25;2025-11-27;13;456
25;2025-11-27;14;401
25;2025-11-27;15;508
25;2025-11-27;16;623
25;2025-11-27;17;674
25;2025-11-27;18;725
25;2025-11-27;19;464
25;2025-11-27;20;291
25;2025-11-27;21;189
25;2025-11-27;22;98
25;2025-11-27;23;0
26;2025-11-27;0;18
26;2025-11-27;1;0
26;2025-11-27;2;0
26;2025-11-27;3;0
26;2025-11-27;4;0
26;2025-11-27;5;64
26;2025-11-27;6;509
26;2025-11-27;7;1051
26;2025-11-27;8;2062
26;2025-11-27;9;1454
26;2025-11-27;10;1172
26;2025-11-27;11;1084
26;2025-11-27;12;1120
26;2025-11-27;13;1174
26;2025-11-27;14;1235
26;2025-11-27;15;1335
26;2025-11-27;16;1553
26;2025-11-27;17;1690
26;2025-11-27;18;1724
26;2025-11-27;19;1221
26;2025-11-27;20;737
26;2025-11-27;21;467
26;2025-11-27;22;200
26;2025-11-27;23;115
28;2025-11-27;0;1
28;2025-11-27;1;0
28;2025-11-27;2;0
28;2025-11-27;3;0
28;2025-11-27;4;0
28;2025-11-27;5;74
28;2025-11-27;6;264
28;2025-11-27;7;720
28;2025-11-27;8;1174
28;2025-11-27;9;816
28;2025-11-27;10;627
28;2025-11-27;11;558
28;2025-11-27;12;709
28;2025-11-27;13;738
28;2025-11-27;14;651
28;2025-11-27;15;699
28;2025-11-27;16;853
28;2025-11-27;17;961
28;2025-11-27;18;904
28;2025-11-27;19;666
28;2025-11-27;20;458
28;2025-11-27;21;297
28;2025-11-27;22;120
28;2025-11-27;23;3
50;2025-11-27;0;17
50;2025-11-27;1;13
50;2025-11-27;2;0
50;2025-11-27;3;0
50;2025-11-27;4;0
50;2025-11-27;5;57
50;2025-11-27;6;516
50;2025-11-27;7;1704
50;2025-11-27;8;2699
50;2025-11-27;9;2126
50;2025-11-27;10;1617
50;2025-11-27;11;1540
50;2025-11-27;12;1471
50;2025-11-27;13;1465
50;2025-11-27;14;1396
50;2025-11-27;15;1684
50;2025-11-27;16;1775
50;2025-11-27;17;2305
50;2025-11-27;18;2373
50;2025-11-27;19;1383
50;2025-11-27;20;905
50;2025-11-27;21;598
50;2025-11-27;22;230
50;2025-11-27;23;122
1;2025-11-28;0;0
1;2025-11-28;1;0
1;2025-11-28;2;0
1;2025-11-28;3;0
1;2025-11-28;4;0
1;2025-11-28;5;109
1;2025-11-28;6;491
1;2025-11-28;7;1399
1;2025-11-28;8;1774
1;2025-11-28;9;1375
1;2025-11-28;10;1246
1;2025-11-28;11;1288
1;2025-11-28;12;1326
1;2025-11-28;13;1358
1;2025-11-28;14;1327
1;2025-11-28;15;1489
1;2025-11-28;16;1477
1;2025-11-28;17;1721
1;2025-11-28;18;1577
1;2025-11-28;19;1198
1;2025-11-28;20;746
1;2025-11-28;21;463
1;2025-11-28;22;232
1;2025-11-28;23;36
5;2025-11-28;0;0
5;2025-11-28;1;0
5;2025-11-28;2;0
5;2025-11-28;3;0
5;2025-11-28;4;0
5;2025-11-28;5;0
5;2025-11-28;6;0
5;2025-11-28;7;0
5;2025-11-28;8;0
5;2025-11-28;9;0
5;2025-11-28;10;0
5;2025-11-28;11;0
5;2025-11-28;12;0
5;2025-11-28;13;0
5;2025-11-28;14;0
5;2025-11-28;15;0
5;2025-11-28;16;0
5;2025-11-28;17;0
5;2025-11-28;18;0
5;2025-11-28;19;0
5;2025-11-28;20;0
5;2025-11-28;21;0
5;2025-11-28;22;0
5;2025-11-28;23;0
7;2025-11-28;0;33
7;2025-11-28;1;0
7;2025-11-28;2;0
7;2025-11-28;3;0
7;2025-11-28;4;0
7;2025-11-28;5;178
7;2025-11-28;6;620
7;2025-11-28;7;1586
7;2025-11-28;8;2411
7;2025-11-28;9;1809
7;2025-11-28;10;1666
7;2025-11-28;11;1508
7;2025-11-28;12;1638
7;2025-11-28;13;1636
7;2025-11-28;14;1739
7;2025-11-28;15;1857
7;2025-11-28;16;1940
7;2025-11-28;17;2248
7;2025-11-28;18;2189
7;2025-11-28;19;1564
7;2025-11-28;20;1048
7;2025-11-28;21;595
7;2025-11-28;22;332
7;2025-11-28;23;196
11;2025-11-28;0;37
11;2025-11-28;1;0
11;2025-11-28;2;0
11;2025-11-28;3;0
11;2025-11-28;4;0
11;2025-11-28;5;236
11;2025-11-28;6;1222
11;2025-11-28;7;2239
11;2025-11-28;8;2881
11;2025-11-28;9;2236
11;2025-11-28;10;1790
11;2025-11-28;11;1754
11;2025-11-28;12;1849
11;2025-11-28;13;1921
11;2025-11-28;14;2027
11;2025-11-28;15;2078
11;2025-11-28;16;2283
11;2025-11-28;17;2778
11;2025-11-28;18;2599
11;2025-11-28;19;1985
11;2025-11-28;20;1290
11;2025-11-28;21;753
11;2025-11-28;22;375
11;2025-11-28;23;212
12;2025-11-28;0;28
12;2025-11-28;1;0
12;2025-11-28;2;0
12;2025-11-28;3;0
12;2025-11-28;4;0
12;2025-11-28;5;298
12;2025-11-28;6;1328
12;2025-11-28;7;2604
12;2025-11-28;8;3210
12;2025-11-28;9;2290
12;2025-11-28;10;1874
12;2025-11-28;11;1900
12;2025-11-28;12;1942
12;2025-11-28;13;1961
12;2025-11-28;14;1935
12;2025-11-28;15;2242
12;2025-11-28;16;2668
12;2025-11-28;17;2862
12;2025-11-28;18;2585
12;2025-11-28;19;2152
12;2025-11-28;20;1329
12;2025-11-28;21;824
12;2025-11-28;22;428
12;2025-11-28;23;239
17;2025-11-28;0;96
17;2025-11-28;1;0
17;2025-11-28;2;0
17;2025-11-28;3;0
17;2025-11-28;4;20
17;2025-11-28;5;290
17;2025-11-28;6;1441
17;2025-11-28;7;3778
17;2025-11-28;8;4961
17;2025-11-28;9;3522
17;2025-11-28;10;2825
17;2025-11-28;11;2825
17;2025-11-28;12;2908
17;2025-11-28;13;3028
17;2025-11-28;14;3136
17;2025-11-28;15;3323
17;2025-11-28;16;3647
17;2025-11-28;17;4344
17;2025-11-28;18;4350
17;2025-11-28;19;3104
17;2025-11-28;20;2193
17;2025-11-28;21;1371
17;2025-11-28;22;672
17;2025-11-28;23;390
25;2025-11-28;0;0
25;2025-11-28;1;0
25;2025-11-28;2;0
25;2025-11-28;3;0
25;2025-11-28;4;0
25;2025-11-28;5;5
25;2025-11-28;6;162
25;2025-11-28;7;494
25;2025-11-28;8;811
25;2025-11-28;9;417
25;2025-11-28;10;347
25;2025-11-28;11;404
25;2025-11-28;12;405
25;2025-11-28;13;481
25;2025-11-28;14;456
25;2025-11-28;15;551
25;2025-11-28;16;669
25;2025-11-28;17;673
25;2025-11-28;18;644
25;2025-11-28;19;469
25;2025-11-28;20;292
25;2025-11-28;21;179
25;2025-11-28;22;79
25;2025-11-28;23;3
26;2025-11-28;0;5
26;2025-11-28;1;0
26;2025-11-28;2;0
26;2025-11-28;3;0
26;2025-11-28;4;0
26;2025-11-28;5;66
26;2025-11-28;6;478
26;2025-11-28;7;985
26;2025-11-28;8;1913
26;2025-11-28;9;1344
26;2025-11-28;10;1165
26;2025-11-28;11;1083
26;2025-11-28;12;1137
26;2025-11-28;13;1172
26;2025-11-28;14;1252
26;2025-11-28;15;1364
26;2025-11-28;16;1577
26;2025-11-28;17;1642
26;2025-11-28;18;1490
26;2025-11-28;19;1075
26;2025-11-28;20;682
26;2025-11-28;21;429
26;2025-11-28;22;195
26;2025-11-28;23;133
28;2025-11-28;0;1
28;2025-11-28;1;0
28;2025-11-28;2;0
28;2025-11-28;3;0
28;2025-11-28;4;0
28;2025-11-28;5;65
28;2025-11-28;6;241
28;2025-11-28;7;700
28;2025-11-28;8;1144
28;2025-11-28;9;794
28;2025-11-28;10;620
28;2025-11-28;11;564
28;2025-11-28;12;708
28;2025-11-28;13;715
28;2025-11-28;14;668
28;2025-11-28;15;700
28;2025-11-28;16;859
28;2025-11-28;17;966
28;2025-11-28;18;836
28;2025-11-28;19;624
28;2025-11-28;20;456
28;2025-11-28;21;309
28;2025-11-28;22;130
28;2025-11-28;23;2
50;2025-11-28;0;6
50;2025-11-28;1;9
50;2025-11-28;2;0
50;2025-11-28;3;0
50;2025-11-28;4;0
50;2025-11-28;5;57
50;2025-11-28;6;498
50;2025-11-28;7;1647
50;2025-11-28;8;2593
50;2025-11-28;9;1997
50;2025-11-28;10;1560
50;2025-11-28;11;1534
50;2025-11-28;12;1455
50;2025-11-28;13;1462
50;2025-11-28;14;1418
50;2025-11-28;15;1706
50;2025-11-28;16;1861
50;2025-11-28;17;2176
50;2025-11-28;18;1878
50;2025-11-28;19;1202
50;2025-11-28;20;809
50;2025-11-28;21;529
50;2025-11-28;22;258
50;2025-11-28;23;149
1;2025-11-29;0;0
1;2025-11-29;1;0
1;2025-11-29;2;0
1;2025-11-29;3;0
1;2025-11-29;4;0
1;2025-11-29;5;5
1;2025-11-29;6;162
1;2025-11-29;7;290
1;2025-11-29;8;422
1;2025-11-29;9;691
1;2025-11-29;10;817
1;2025-11-29;11;752
1;2025-11-29;12;940
1;2025-11-29;13;969
1;2025-11-29;14;903
1;2025-11-29;15;815
1;2025-11-29;16;740
1;2025-11-29;17;703
1;2025-11-29;18;584
1;2025-11-29;19;515
1;2025-11-29;20;362
1;2025-11-29;21;286
1;2025-11-29;22;115
1;2025-11-29;23;18
5;2025-11-29;0;0
5;2025-11-29;1;0
5;2025-11-29;2;0
5;2025-11-29;3;0
5;2025-11-29;4;0
5;2025-11-29;5;0
5;2025-11-29;6;0
5;2025-11-29;7;0
5;2025-11-29;8;0
5;2025-11-29;9;0
5;2025-11-29;10;0
5;2025-11-29;11;0
5;2025-11-29;12;0
5;2025-11-29;13;0
5;2025-11-29;14;0
5;2025-11-29;15;0
5;2025-11-29;16;0
5;2025-11-29;17;0
5;2025-11-29;18;0
5;2025-11-29;19;0
5;2025-11-29;20;0
5;2025-11-29;21;0
5;2025-11-29;22;0
5;2025-11-29;23;0
7;2025-11-29;0;74
7;2025-11-29;1;15
7;2025-11-29;2;0
7;2025-11-29;3;0
7;2025-11-29;4;0
7;2025-11-29;5;41
7;2025-11-29;6;259
7;2025-11-29;7;454
7;2025-11-29;8;845
7;2025-11-29;9;960
7;2025-11-29;10;1002
7;2025-11-29;11;1113
7;2025-11-29;12;1297
7;2025-11-29;13;1298
7;2025-11-29;14;1406
7;2025-11-29;15;1363
7;2025-11-29;16;1314
7;2025-11-29;17;1295
7;2025-11-29;18;1209
7;2025-11-29;19;1090
7;2025-11-29;20;782
7;2025-11-29;21;570
7;2025-11-29;22;300
7;2025-11-29;23;153
11;2025-11-29;0;59
11;2025-11-29;1;0
11;2025-11-29;2;0
11;2025-11-29;3;0
11;2025-11-29;4;0
11;2025-11-29;5;152
11;2025-11-29;6;713
11;2025-11-29;7;714
11;2025-11-29;8;963
11;2025-11-29;9;1087
11;2025-11-29;10;1203
11;2025-11-29;11;1482
11;2025-11-29;12;1589
11;2025-11-29;13;1617
11;2025-11-29;14;1672
11;2025-11-29;15;1668
11;2025-11-29;16;1698
11;2025-11-29;17;1806
11;2025-11-29;18;1476
11;2025-11-29;19;1316
11;2025-11-29;20;967
11;2025-11-29;21;656
11;2025-11-29;22;345
11;2025-11-29;23;215
12;2025-11-29;0;45
12;2025-11-29;1;0
12;2025-11-29;2;0
12;2025-11-29;3;0
12;2025-11-29;4;0
12;2025-11-29;5;195
12;2025-11-29;6;796
12;2025-11-29;7;875
12;2025-11-29;8;1004
12;2025-11-29;9;1141
12;2025-11-29;10;1368
12;2025-11-29;11;1442
12;2025-11-29;12;1421
12;2025-11-29;13;1626
12;2025-11-29;14;1575
12;2025-11-29;15;1508
12;2025-11-29;16;1550
12;2025-11-29;17;1561
12;2025-11-29;18;1375
12;2025-11-29;19;1260
12;2025-11-29;20;922
12;2025-11-29;21;648
12;2025-11-29;22;340
12;2025-11-29;23;219
17;2025-11-29;0;153
17;2025-11-29;1;4
17;2025-11-29;2;0
17;2025-11-29;3;0
17;2025-11-29;4;0
17;2025-11-29;5;112
17;2025-11-29;6;528
17;2025-11-29;7;1159
17;2025-11-29;8;1621
17;2025-11-29;9;2003
17;2025-11-29;10;2167
17;2025-11-29;11;2569
17;2025-11-29;12;2748
17;2025-11-29;13;2925
17;2025-11-29;14;2985
17;2025-11-29;15;3073
17;2025-11-29;16;3093
17;2025-11-29;17;2972
17;2025-11-29;18;2727
17;2025-11-29;19;2197
17;2025-11-29;20;1717
17;2025-11-29;21;1238
17;2025-11-29;22;764
17;2025-11-29;23;364
25;2025-11-29;0;0
25;2025-11-29;1;0
25;2025-11-29;2;0
25;2025-11-29;3;0
25;2025-11-29;4;0
25;2025-11-29;5;0
25;2025-11-29;6;62
25;2025-11-29;7;127
25;2025-11-29;8;265
25;2025-11-29;9;271
25;2025-11-29;10;266
25;2025-11-29;11;337
25;2025-11-29;12;355
25;2025-11-29;13;462
25;2025-11-29;14;451
25;2025-11-29;15;560
25;2025-11-29;16;501
25;2025-11-29;17;451
25;2025-11-29;18;421
25;2025-11-29;19;369
25;2025-11-29;20;237
25;2025-11-29;21;180
25;2025-11-29;22;81
25;2025-11-29;23;44
26;2025-11-29;0;18
26;2025-11-29;1;1
26;2025-11-29;2;0
26;2025-11-29;3;0
26;2025-11-29;4;0
26;2025-11-29;5;24
26;2025-11-29;6;245
26;2025-11-29;7;302
26;2025-11-29;8;588
26;2025-11-29;9;655
26;2025-11-29;10;769
26;2025-11-29;11;927
26;2025-11-29;12;950
26;2025-11-29;13;991
26;2025-11-29;14;960
26;2025-11-29;15;982
26;2025-11-29;16;981
26;2025-11-29;17;921
26;2025-11-29;18;828
26;2025-11-29;19;743
26;2025-11-29;20;499
26;2025-11-29;21;327
26;2025-11-29;22;170
26;2025-11-29;23;127
28;2025-11-29;0;1
28;2025-11-29;1;0
28;2025-11-29;2;0
28;2025-11-29;3;0
28;2025-11-29;4;0
28;2025-11-29;5;23
28;2025-11-29;6;103
28;2025-11-29;7;186
28;2025-11-29;8;352
28;2025-11-29;9;420
28;2025-11-29;10;439
28;2025-11-29;11;438
28;2025-11-29;12;551
28;2025-11-29;13;565
28;2025-11-29;14;548
28;2025-11-29;15;557
28;2025-11-29;16;557
28;2025-11-29;17;544
28;2025-11-29;18;454
28;2025-11-29;19;383
28;2025-11-29;20;308
28;2025-11-29;21;262
28;2025-11-29;22;112
28;2025-11-29;23;10
50;2025-11-29;0;29
50;2025-11-29;1;0
50;2025-11-29;2;0
50;2025-11-29;3;0
50;2025-11-29;4;0
50;2025-11-29;5;20
50;2025-11-29;6;207
50;2025-11-29;7;379
50;2025-11-29;8;660
50;2025-11-29;9;702
50;2025-11-29;10;697
50;2025-11-29;11;863
50;2025-11-29;12;855
50;2025-11-29;13;875
50;2025-11-29;14;936
50;2025-11-29;15;940
50;2025-11-29;16;932
50;2025-11-29;17;938
50;2025-11-29;18;745
50;2025-11-29;19;697
50;2025-11-29;20;502
50;2025-11-29;21;380
50;2025-11-29;22;187
50;2025-11-29;23;141
1;2025-11-30;0;0
1;2025-11-30;1;0
1;2025-11-30;2;0
1;2025-11-30;3;0
1;2025-11-30;4;0
1;2025-11-30;5;9
1;2025-11-30;6;92
1;2025-11-30;7;189
1;2025-11-30;8;293
1;2025-11-30;9;522
1;2025-11-30;10;621
1;2025-11-30;11;648
1;2025-11-30;12;756
1;2025-11-30;13;749
1;2025-11-30;14;737
1;2025-11-30;15;703
1;2025-11-30;16;609
1;2025-11-30;17;588
1;2025-11-30;18;497
1;2025-11-30;19;421
1;2025-11-30;20;322
1;2025-11-30;21;245
1;2025-11-30;22;100
1;2025-11-30;23;26
5;2025-11-30;0;0
5;2025-11-30;1;0
5;2025-11-30;2;0
5;2025-11-30;3;0
5;2025-11-30;4;0
5;2025-11-30;5;0
5;2025-11-30;6;0
5;2025-11-30;7;0
5;2025-11-30;8;0
5;2025-11-30;9;0
5;2025-11-30;10;0
5;2025-11-30;11;0
5;2025-11-30;12;0
5;2025-11-30;13;0
5;2025-11-30;14;0
5;2025-11-30;15;0
5;2025-11-30;16;0
5;2025-11-30;17;0
5;2025-11-30;18;0
5;2025-11-30;19;0
5;2025-11-30;20;0
5;2025-11-30;21;0
5;2025-11-30;22;0
5;2025-11-30;23;0
7;2025-11-30;0;68
7;2025-11-30;1;10
7;2025-11-30;2;0
7;2025-11-30;3;0
7;2025-11-30;4;0
7;2025-11-30;5;33
7;2025-11-30;6;213
7;2025-11-30;7;312
7;2025-11-30;8;486
7;2025-11-30;9;668
7;2025-11-30;10;725
7;2025-11-30;11;889
7;2025-11-30;12;1075
7;2025-11-30;13;1130
7;2025-11-30;14;1183
7;2025-11-30;15;1132
7;2025-11-30;16;1017
7;2025-11-30;17;1084
7;2025-11-30;18;1002
7;2025-11-30;19;855
7;2025-11-30;20;610
7;2025-11-30;21;512
7;2025-11-30;22;302
7;2025-11-30;23;141
11;2025-11-30;0;56
11;2025-11-30;1;0
11;2025-11-30;2;0
11;2025-11-30;3;0
11;2025-11-30;4;0
11;2025-11-30;5;111
11;2025-11-30;6;448
11;2025-11-30;7;474
11;2025-11-30;8;619
11;2025-11-30;9;834
11;2025-11-30;10;1023
11;2025-11-30;11;1342
11;2025-11-30;12;1420
11;2025-11-30;13;1442
11;2025-11-30;14;1505
11;2025-11-30;15;1522
11;2025-11-30;16;1524
11;2025-11-30;17;1665
11;2025-11-30;18;1343
11;2025-11-30;19;1111
11;2025-11-30;20;803
11;2025-11-30;21;580
11;2025-11-30;22;335
11;2025-11-30;23;185
12;2025-11-30;0;47
12;2025-11-30;1;0
12;2025-11-30;2;0
12;2025-11-30;3;0
12;2025-11-30;4;0
12;2025-11-30;5;140
12;2025-11-30;6;458
12;2025-11-30;7;658
12;2025-11-30;8;699
12;2025-11-30;9;885
12;2025-11-30;10;1153
12;2025-11-30;11;1329
12;2025-11-30;12;1312
12;2025-11-30;13;1509
12;2025-11-30;14;1496
12;2025-11-30;15;1371
12;2025-11-30;16;1452
12;2025-11-30;17;1505
12;2025-11-30;18;1212
12;2025-11-30;19;978
12;2025-11-30;20;720
12;2025-11-30;21;530
12;2025-11-30;22;326
12;2025-11-30;23;192
17;2025-11-30;0;112
17;2025-11-30;1;0
17;2025-11-30;2;0
17;2025-11-30;3;0
17;2025-11-30;4;2
17;2025-11-30;5;78
17;2025-11-30;6;376
17;2025-11-30;7;737
17;2025-11-30;8;1218
17;2025-11-30;9;1580
17;2025-11-30;10;1905
17;2025-11-30;11;2347
17;2025-11-30;12;2598
17;2025-11-30;13;2722
17;2025-11-30;14;2794
17;2025-11-30;15;2815
17;2025-11-30;16;2841
17;2025-11-30;17;2677
17;2025-11-30;18;2406
17;2025-11-30;19;2054
17;2025-11-30;20;1568
17;2025-11-30;21;1068
17;2025-11-30;22;672
17;2025-11-30;23;280
25;2025-11-30;0;7
25;2025-11-30;1;0
25;2025-11-30;2;0
25;2025-11-30;3;0
25;2025-11-30;4;0
25;2025-11-30;5;4
25;2025-11-30;6;59
25;2025-11-30;7;71
25;2025-11-30;8;155
25;2025-11-30;9;191
25;2025-11-30;10;206
25;2025-11-30;11;252
25;2025-11-30;12;300
25;2025-11-30;13;395
25;2025-11-30;14;396
25;2025-11-30;15;490
25;2025-11-30;16;431
25;2025-11-30;17;400
25;2025-11-30;18;362
25;2025-11-30;19;291
25;2025-11-30;20;200
25;2025-11-30;21;160
25;2025-11-30;22;99
25;2025-11-30;23;47
26;2025-11-30;0;7
26;2025-11-30;1;0
26;2025-11-30;2;0
26;2025-11-30;3;0
26;2025-11-30;4;0
26;2025-11-30;5;10
26;2025-11-30;6;136
26;2025-11-30;7;190
26;2025-11-30;8;319
26;2025-11-30;9;447
26;2025-11-30;10;532
26;2025-11-30;11;745
26;2025-11-30;12;778
26;2025-11-30;13;791
26;2025-11-30;14;814
26;2025-11-30;15;762
26;2025-11-30;16;770
26;2025-11-30;17;735
26;2025-11-30;18;616
26;2025-11-30;19;534
26;2025-11-30;20;394
26;2025-11-30;21;276
26;2025-11-30;22;154
26;2025-11-30;23;83
28;2025-11-30;0;1
28;2025-11-30;1;0
28;2025-11-30;2;0
28;2025-11-30;3;0
28;2025-11-30;4;0
28;2025-11-30;5;24
28;2025-11-30;6;77
28;2025-11-30;7;121
28;2025-11-30;8;217
28;2025-11-30;9;296
28;2025-11-30;10;345
28;2025-11-30;11;391
28;2025-11-30;12;450
28;2025-11-30;13;499
28;2025-11-30;14;463
28;2025-11-30;15;475
28;2025-11-30;16;449
28;2025-11-30;17;439
28;2025-11-30;18;354
28;2025-11-30;19;326
28;2025-11-30;20;281
28;2025-11-30;21;218
28;2025-11-30;22;98
28;2025-11-30;23;6
50;2025-11-30;0;19
50;2025-11-30;1;0
50;2025-11-30;2;0
50;2025-11-30;3;0
50;2025-11-30;4;0
50;2025-11-30;5;16
50;2025-11-30;6;155
50;2025-11-30;7;247
50;2025-11-30;8;399
50;2025-11-30;9;452
50;2025-11-30;10;473
50;2025-11-30;11;618
50;2025-11-30;12;692
50;2025-11-30;13;785
50;2025-11-30;14;789
50;2025-11-30;15;721
50;2025-11-30;16;767
50;2025-11-30;17;718
50;2025-11-30;18;629
50;2025-11-30;19;533
50;2025-11-30;20;439
50;2025-11-30;21;305
50;2025-11-30;22;167
50;2025-11-30;23;117
1;2025-12-01;0;0
1;2025-12-01;1;0
1;2025-12-01;2;0
1;2025-12-01;3;0
1;2025-12-01;4;0
1;2025-12-01;5;102
1;2025-12-01;6;487
1;2025-12-01;7;1380
1;2025-12-01;8;1776
1;2025-12-01;9;1338
1;2025-12-01;10;1208
1;2025-12-01;11;1230
1;2025-12-01;12;1300
1;2025-12-01;13;1324
1;2025-12-01;14;1307
1;2025-12-01;15;1413
1;2025-12-01;16;1422
1;2025-12-01;17;1728
1;2025-12-01;18;1710
1;2025-12-01;19;1327
1;2025-12-01;20;811
1;2025-12-01;21;448
1;2025-12-01;22;187
1;2025-12-01;23;28
5;2025-12-01;0;0
5;2025-12-01;1;0
5;2025-12-01;2;0
5;2025-12-01;3;0
5;2025-12-01;4;0
5;2025-12-01;5;0
5;2025-12-01;6;0
5;2025-12-01;7;0
5;2025-12-01;8;0
5;2025-12-01;9;0
5;2025-12-01;10;0
5;2025-12-01;11;0
5;2025-12-01;12;0
5;2025-12-01;13;0
5;2025-12-01;14;0
5;2025-12-01;15;0
5;2025-12-01;16;0
5;2025-12-01;17;0
5;2025-12-01;18;0
5;2025-12-01;19;0
5;2025-12-01;20;0
5;2025-12-01;21;0
5;2025-12-01;22;0
5;2025-12-01;23;0
7;2025-12-01;0;65
7;2025-12-01;1;22
7;2025-12-01;2;0
7;2025-12-01;3;0
7;2025-12-01;4;0
7;2025-12-01;5;173
7;2025-12-01;6;658
7;2025-12-01;7;1574
7;2025-12-01;8;2457
7;2025-12-01;9;1786
7;2025-12-01;10;1626
7;2025-12-01;11;1421
7;2025-12-01;12;1534
7;2025-12-01;13;1548
7;2025-12-01;14;1620
7;2025-12-01;15;1727
7;2025-12-01;16;1798
7;2025-12-01;17;2234
7;2025-12-01;18;2528
7;2025-12-01;19;1663
7;2025-12-01;20;1077
7;2025-12-01;21;582
7;2025-12-01;22;293
7;2025-12-01;23;149
11;2025-12-01;0;54
11;2025-12-01;1;5
11;2025-12-01;2;0
11;2025-12-01;3;0
11;2025-12-01;4;0
11;2025-12-01;5;247
11;2025-12-01;6;1219
11;2025-12-01;7;2259
11;2025-12-01;8;2993
11;2025-12-01;9;2280
11;2025-12-01;10;1718
11;2025-12-01;11;1723
11;2025-12-01;12;1738
11;2025-12-01;13;1892
11;2025-12-01;14;1895
11;2025-12-01;15;1976
11;2025-12-01;16;2180
11;2025-12-01;17;2780
11;2025-12-01;18;2901
11;2025-12-01;19;2094
11;2025-12-01;20;1345
11;2025-12-01;21;750
11;2025-12-01;22;355
11;2025-12-01;23;133
12;2025-12-01;0;56
12;2025-12-01;1;0
12;2025-12-01;2;0
12;2025-12-01;3;0
12;2025-12-01;4;0
12;2025-12-01;5;284
12;2025-12-01;6;1273
12;2025-12-01;7;2610
12;2025-12-01;8;3329
12;2025-12-01;9;2277
12;2025-12-01;10;1898
12;2025-12-01;11;1804
12;2025-12-01;12;1916
12;2025-12-01;13;1924
12;2025-12-01;14;1885
12;2025-12-01;15;2147
12;2025-12-01;16;2616
12;2025-12-01;17;2931
12;2025-12-01;18;3019
12;2025-12-01;19;2280
12;2025-12-01;20;1407
12;2025-12-01;21;809
12;2025-12-01;22;397
12;2025-12-01;23;175
17;2025-12-01;0;73
17;2025-12-01;1;0
17;2025-12-01;2;0
17;2025-12-01;3;0
17;2025-12-01;4;14
17;2025-12-01;5;280
17;2025-12-01;6;1444
17;2025-12-01;7;3835
17;2025-12-01;8;5180
17;2025-12-01;9;3606
17;2025-12-01;10;2811
17;2025-12-01;11;2757
17;2025-12-01;12;2860
17;2025-12-01;13;2948
17;2025-12-01;14;3007
17;2025-12-01;15;3136
17;2025-12-01;16;3460
17;2025-12-01;17;4276
17;2025-12-01;18;4684
17;2025-12-01;19;3235
17;2025-12-01;20;2167
17;2025-12-01;21;1271
17;2025-12-01;22;605
17;2025-12-01;23;273
25;2025-12-01;0;5
25;2025-12-01;1;0
25;2025-12-01;2;0
25;2025-12-01;3;0
25;2025-12-01;4;0
25;2025-12-01;5;0
25;2025-12-01;6;155
25;2025-12-01;7;501
25;2025-12-01;8;826
25;2025-12-01;9;442
25;2025-12-01;10;326
25;2025-12-01;11;332
25;2025-12-01;12;353
25;2025-12-01;13;433
25;2025-12-01;14;370
25;2025-12-01;15;443
25;2025-12-01;16;587
25;2025-12-01;17;664
25;2025-12-01;18;710
25;2025-12-01;19;461
25;2025-12-01;20;274
25;2025-12-01;21;166
25;2025-12-01;22;69
25;2025-12-01;23;1
26;2025-12-01;0;3
26;2025-12-01;1;0
26;2025-12-01;2;0
26;2025-12-01;3;0
26;2025-12-01;4;0
26;2025-12-01;5;61
26;2025-12-01;6;468
26;2025-12-01;7;1006
26;2025-12-01;8;1902
26;2025-12-01;9;1365
26;2025-12-01;10;1144
26;2025-12-01;11;1048
26;2025-12-01;12;1086
26;2025-12-01;13;1150
26;2025-12-01;14;1187
26;2025-12-01;15;1299
26;2025-12-01;16;1463
26;2025-12-01;17;1616
26;2025-12-01;18;1663
26;2025-12-01;19;1193
26;2025-12-01;20;724
26;2025-12-01;21;422
26;2025-12-01;22;176
26;2025-12-01;23;87
28;2025-12-01;0;1
28;2025-12-01;1;0
28;2025-12-01;2;0
28;2025-12-01;3;0
28;2025-12-01;4;0
28;2025-12-01;5;70
28;2025-12-01;6;245
28;2025-12-01;7;688
28;2025-12-01;8;1143
28;2025-12-01;9;797
28;2025-12-01;10;594
28;2025-12-01;11;509
28;2025-12-01;12;647
28;2025-12-01;13;682
28;2025-12-01;14;614
28;2025-12-01;15;632
28;2025-12-01;16;765
28;2025-12-01;17;929
28;2025-12-01;18;896
28;2025-12-01;19;679
28;2025-12-01;20;453
28;2025-12-01;21;280
28;2025-12-01;22;99
28;2025-12-01;23;0
50;2025-12-01;0;5
50;2025-12-01;1;17
50;2025-12-01;2;0
50;2025-12-01;3;0
50;2025-12-01;4;0
50;2025-12-01;5;48
50;2025-12-01;6;476
50;2025-12-01;7;1654
50;2025-12-01;8;2664
50;2025-12-01;9;2021
50;2025-12-01;10;1583
50;2025-12-01;11;1488
50;2025-12-01;12;1368
50;2025-12-01;13;1404
50;2025-12-01;14;1386
50;2025-12-01;15;1612
50;2025-12-01;16;1650
50;2025-12-01;17;2227
50;2025-12-01;18;2347
50;2025-12-01;19;1412
50;2025-12-01;20;864
50;2025-12-01;21;558
50;2025-12-01;22;216
50;2025-12-01;23;108
1;2025-12-02;0;0
1;2025-12-02;1;0
1;2025-12-02;2;0
1;2025-12-02;3;0
1;2025-12-02;4;0
1;2025-12-02;5;126
1;2025-12-02;6;530
1;2025-12-02;7;1483
1;2025-12-02;8;1889
1;2025-12-02;9;1438
1;2025-12-02;10;1301
1;2025-12-02;11;1290
1;2025-12-02;12;1347
1;2025-12-02;13;1383
1;2025-12-02;14;1357
1;2025-12-02;15;1476
1;2025-12-02;16;1456
1;2025-12-02;17;1780
1;2025-12-02;18;1750
1;2025-12-02;19;1359
1;2025-12-02;20;850
1;2025-12-02;21;482
1;2025-12-02;22;239
1;2025-12-02;23;45
5;2025-12-02;0;0
5;2025-12-02;1;0
5;2025-12-02;2;0
5;2025-12-02;3;0
5;2025-12-02;4;0
5;2025-12-02;5;0
5;2025-12-02;6;0
5;2025-12-02;7;0
5;2025-12-02;8;0
5;2025-12-02;9;0
5;2025-12-02;10;0
5;2025-12-02;11;0
5;2025-12-02;12;0
5;2025-12-02;13;0
5;2025-12-02;14;0
5;2025-12-02;15;0
5;2025-12-02;16;0
5;2025-12-02;17;0
5;2025-12-02;18;0
5;2025-12-02;19;0
5;2025-12-02;20;0
5;2025-12-02;21;0
5;2025-12-02;22;0
5;2025-12-02;23;0
7;2025-12-02;0;39
7;2025-12-02;1;0
7;2025-12-02;2;0
7;2025-12-02;3;0
7;2025-12-02;4;0
7;2025-12-02;5;193
7;2025-12-02;6;710
7;2025-12-02;7;1660
7;2025-12-02;8;2537
7;2025-12-02;9;1887
7;2025-12-02;10;1697
7;2025-12-02;11;1514
7;2025-12-02;12;1653
7;2025-12-02;13;1610
7;2025-12-02;14;1686
7;2025-12-02;15;1808
7;2025-12-02;16;1879
7;2025-12-02;17;2362
7;2025-12-02;18;2598
7;2025-12-02;19;1777
7;2025-12-02;20;1120
7;2025-12-02;21;641
7;2025-12-02;22;332
7;2025-12-02;23;174
11;2025-12-02;0;23
11;2025-12-02;1;0
11;2025-12-02;2;0
11;2025-12-02;3;0
11;2025-12-02;4;1
11;2025-12-02;5;251
11;2025-12-02;6;1254
11;2025-12-02;7;2381
11;2025-12-02;8;3064
11;2025-12-02;9;2393
11;2025-12-02;10;1873
11;2025-12-02;11;1796
11;2025-12-02;12;1853
11;2025-12-02;13;1998
11;2025-12-02;14;1975
11;2025-12-02;15;2031
11;2025-12-02;16;2265
11;2025-12-02;17;2827
11;2025-12-02;18;2936
11;2025-12-02;19;2216
11;2025-12-02;20;1396
11;2025-12-02;21;799
11;2025-12-02;22;400
11;2025-12-02;23;182
12;2025-12-02;0;29
12;2025-12-02;1;0
12;2025-12-02;2;0
12;2025-12-02;3;0
12;2025-12-02;4;3
12;2025-12-02;5;302
12;2025-12-02;6;1367
12;2025-12-02;7;2710
12;2025-12-02;8;3425
12;2025-12-02;9;2412
12;2025-12-02;10;2018
12;2025-12-02;11;1979
12;2025-12-02;12;2014
12;2025-12-02;13;2013
12;2025-12-02;14;1961
12;2025-12-02;15;2227
12;2025-12-02;16;2666
12;2025-12-02;17;3003
12;2025-12-02;18;3059
12;2025-12-02;19;2412
12;2025-12-02;20;1463
12;2025-12-02;21;841
12;2025-12-02;22;450
12;2025-12-02;23;206
17;2025-12-02;0;79
17;2025-12-02;1;0
17;2025-12-02;2;0
17;2025-12-02;3;0
17;2025-12-02;4;27
17;2025-12-02;5;305
17;2025-12-02;6;1499
17;2025-12-02;7;3924
17;2025-12-02;8;5269
17;2025-12-02;9;3684
17;2025-12-02;10;2926
17;2025-12-02;11;2838
17;2025-12-02;12;2933
17;2025-12-02;13;3021
17;2025-12-02;14;3077
17;2025-12-02;15;3184
17;2025-12-02;16;3514
17;2025-12-02;17;4328
17;2025-12-02;18;4756
17;2025-12-02;19;3317
17;2025-12-02;20;2262
17;2025-12-02;21;1371
17;2025-12-02;22;665
17;2025-12-02;23;335
25;2025-12-02;0;0
25;2025-12-02;1;0
25;2025-12-02;2;0
25;2025-12-02;3;0
25;2025-12-02;4;0
25;2025-12-02;5;10
25;2025-12-02;6;177
25;2025-12-02;7;519
25;2025-12-02;8;880
25;2025-12-02;9;466
25;2025-12-02;10;374
25;2025-12-02;11;390
25;2025-12-02;12;387
25;2025-12-02;13;451
25;2025-12-02;14;397
25;2025-12-02;15;498
25;2025-12-02;16;612
25;2025-12-02;17;686
25;2025-12-02;18;741
25;2025-12-02;19;498
25;2025-12-02;20;312
25;2025-12-02;21;185
25;2025-12-02;22;85
25;2025-12-02;23;11
26;2025-12-02;0;4
26;2025-12-02;1;0
26;2025-12-02;2;0
26;2025-12-02;3;0
26;2025-12-02;4;5
26;2025-12-02;5;86
26;2025-12-02;6;508
26;2025-12-02;7;1062
26;2025-12-02;8;2073
26;2025-12-02;9;1444
26;2025-12-02;10;1219
26;2025-12-02;11;1114
26;2025-12-02;12;1156
26;2025-12-02;13;1185
26;2025-12-02;14;1246
26;2025-12-02;15;1364
26;2025-12-02;16;1537
26;2025-12-02;17;1702
26;2025-12-02;18;1767
26;2025-12-02;19;1246
26;2025-12-02;20;747
26;2025-12-02;21;463
26;2025-12-02;22;204
26;2025-12-02;23;112
28;2025-12-02;0;1
28;2025-12-02;1;0
28;2025-12-02;2;0
28;2025-12-02;3;0
28;2025-12-02;4;0
28;2025-12-02;5;81
28;2025-12-02;6;274
28;2025-12-02;7;746
28;2025-12-02;8;1201
28;2025-12-02;9;833
28;2025-12-02;10;654
28;2025-12-02;11;558
28;2025-12-02;12;705
28;2025-12-02;13;745
28;2025-12-02;14;672
28;2025-12-02;15;698
28;2025-12-02;16;835
28;2025-12-02;17;969
28;2025-12-02;18;910
28;2025-12-02;19;712
28;2025-12-02;20;502
28;2025-12-02;21;306
28;2025-12-02;22;124
28;2025-12-02;23;8
50;2025-12-02;0;2
50;2025-12-02;1;13
50;2025-12-02;2;0
50;2025-12-02;3;0
50;2025-12-02;4;3
50;2025-12-02;5;58
50;2025-12-02;6;562
50;2025-12-02;7;1748
50;2025-12-02;8;2728
50;2025-12-02;9;2138
50;2025-12-02;10;1653
50;2025-12-02;11;1539
50;2025-12-02;12;1460
50;2025-12-02;13;1459
50;2025-12-02;14;1412
50;2025-12-02;15;1682
50;2025-12-02;16;1750
50;2025-12-02;17;2317
50;2025-12-02;18;2415
50;2025-12-02;19;1477
50;2025-12-02;20;916
50;2025-12-02;21;586
50;2025-12-02;22;249
50;2025-12-02;23;125
1;2025-12-03;0;0
1;2025-12-03;1;0
1;2025-12-03;2;0
1;2025-12-03;3;0
1;2025-12-03;4;0
1;2025-12-03;5;123
1;2025-12-03;6;525
1;2025-12-03;7;1468
1;2025-12-03;8;1881
1;2025-12-03;9;1400
1;2025-12-03;10;1288
1;2025-12-03;11;1317
1;2025-12-03;12;1355
1;2025-12-03;13;1408
1;2025-12-03;14;1380
1;2025-12-03;15;1504
1;2025-12-03;16;1470
1;2025-12-03;17;1774
1;2025-12-03;18;1759
1;2025-12-03;19;1359
1;2025-12-03;20;847
1;2025-12-03;21;478
1;2025-12-03;22;262
1;2025-12-03;23;47
5;2025-12-03;0;0
5;2025-12-03;1;0
5;2025-12-03;2;0
5;2025-12-03;3;0
5;2025-12-03;4;0
5;2025-12-03;5;0
5;2025-12-03;6;0
5;2025-12-03;7;0
5;2025-12-03;8;0
5;2025-12-03;9;0
5;2025-12-03;10;0
5;2025-12-03;11;0
5;2025-12-03;12;0
5;2025-12-03;13;0
5;2025-12-03;14;0
5;2025-12-03;15;0
5;2025-12-03;16;0
5;2025-12-03;17;0
5;2025-12-03;18;0
5;2025-12-03;19;0
5;2025-12-03;20;0
5;2025-12-03;21;0
5;2025-12-03;22;0
5;2025-12-03;23;0
7;2025-12-03;0;57
7;2025-12-03;1;15
7;2025-12-03;2;0
7;2025-12-03;3;0
7;2025-12-03;4;0
7;2025-12-03;5;197
7;2025-12-03;6;686
7;2025-12-03;7;1643
7;2025-12-03;8;2528
7;2025-12-03;9;1891
7;2025-12-03;10;1713
7;2025-12-03;11;1525
7;2025-12-03;12;1647
7;2025-12-03;13;1603
7;2025-12-03;14;1706
7;2025-12-03;15;1835
7;2025-12-03;16;1907
7;2025-12-03;17;2402
7;2025-12-03;18;2596
7;2025-12-03;19;1766
7;2025-12-03;20;1114
7;2025-12-03;21;661
7;2025-12-03;22;353
7;2025-12-03;23;183
11;2025-12-03;0;42
11;2025-12-03;1;6
11;2025-12-03;2;0
11;2025-12-03;3;0
11;2025-12-03;4;0
11;2025-12-03;5;259
11;2025-12-03;6;1255
11;2025-12-03;7;2373
11;2025-12-03;8;3051
11;2025-12-03;9;2400
11;2025-12-03;10;1925
11;2025-12-03;11;1849
11;2025-12-03;12;1897
11;2025-12-03;13;2027
11;2025-12-03;14;2034
11;2025-12-03;15;2097
11;2025-12-03;16;2281
11;2025-12-03;17;2857
11;2025-12-03;18;2963
11;2025-12-03;19;2221
11;2025-12-03;20;1404
11;2025-12-03;21;821
11;2025-12-03;22;422
11;2025-12-03;23;196
12;2025-12-03;0;50
12;2025-12-03;1;0
12;2025-12-03;2;0
12;2025-12-03;3;0
12;2025-12-03;4;9
12;2025-12-03;5;324
12;2025-12-03;6;1372
12;2025-12-03;7;2701
12;2025-12-03;8;3432
12;2025-12-03;9;2420
12;2025-12-03;10;2032
12;2025-12-03;11;2013
12;2025-12-03;12;2003
12;2025-12-03;13;2011
12;2025-12-03;14;1974
12;2025-12-03;15;2228
12;2025-12-03;16;2700
12;2025-12-03;17;3018
12;2025-12-03;18;3076
12;2025-12-03;19;2414
12;2025-12-03;20;1440
12;2025-12-03;21;842
12;2025-12-03;22;458
12;2025-12-03;23;216
17;2025-12-03;0;107
17;2025-12-03;1;3
17;2025-12-03;2;0
17;2025-12-03;3;0
17;2025-12-03;4;29
17;2025-12-03;5;312
17;2025-12-03;6;1484
17;2025-12-03;7;3884
17;2025-12-03;8;5262
17;2025-12-03;9;3679
17;2025-12-03;10;2948
17;2025-12-03;11;2889
17;2025-12-03;12;2962
17;2025-12-03;13;3030
17;2025-12-03;14;3104
17;2025-12-03;15;3252
17;2025-12-03;16;3577
17;2025-12-03;17;4372
17;2025-12-03;18;4766
17;2025-12-03;19;3316
17;2025-12-03;20;2264
17;2025-12-03;21;1373
17;2025-12-03;22;670
17;2025-12-03;23;348
25;2025-12-03;0;0
25;2025-12-03;1;0
25;2025-12-03;2;0
25;2025-12-03;3;0
25;2025-12-03;4;0
25;2025-12-03;5;12
25;2025-12-03;6;174
25;2025-12-03;7;519
25;2025-12-03;8;870
25;2025-12-03;9;469
25;2025-12-03;10;371
25;2025-12-03;11;393
25;2025-12-03;12;408
25;2025-12-03;13;470
25;2025-12-03;14;419
25;2025-12-03;15;519
25;2025-12-03;16;633
25;2025-12-03;17;714
25;2025-12-03;18;768
25;2025-12-03;19;517
25;2025-12-03;20;328
25;2025-12-03;21;205
25;2025-12-03;22;93
25;2025-12-03;23;8
26;2025-12-03;0;18
26;2025-12-03;1;3
26;2025-12-03;2;0
26;2025-12-03;3;0
26;2025-12-03;4;6
26;2025-12-03;5;87
26;2025-12-03;6;490
26;2025-12-03;7;1053
26;2025-12-03;8;2043
26;2025-12-03;9;1444
26;2025-12-03;10;1212
26;2025-12-03;11;1126
26;2025-12-03;12;1158
26;2025-12-03;13;1196
26;2025-12-03;14;1279
26;2025-12-03;15;1384
26;2025-12-03;16;1542
26;2025-12-03;17;1689
26;2025-12-03;18;1753
26;2025-12-03;19;1231
26;2025-12-03;20;776
26;2025-12-03;21;498
26;2025-12-03;22;214
26;2025-12-03;23;124
28;2025-12-03;0;1
28;2025-12-03;1;0
28;2025-12-03;2;0
28;2025-12-03;3;0
28;2025-12-03;4;0
28;2025-12-03;5;82
28;2025-12-03;6;268
28;2025-12-03;7;730
28;2025-12-03;8;1191
28;2025-12-03;9;833
28;2025-12-03;10;635
28;2025-12-03;11;573
28;2025-12-03;12;704
28;2025-12-03;13;744
28;2025-12-03;14;664
28;2025-12-03;15;701
28;2025-12-03;16;870
28;2025-12-03;17;998
28;2025-12-03;18;944
28;2025-12-03;19;716
28;2025-12-03;20;512
28;2025-12-03;21;309
28;2025-12-03;22;136
28;2025-12-03;23;4
50;2025-12-03;0;11
50;2025-12-03;1;20
50;2025-12-03;2;3
50;2025-12-03;3;0
50;2025-12-03;4;10
50;2025-12-03;5;72
50;2025-12-03;6;523
50;2025-12-03;7;1738
50;2025-12-03;8;2725
50;2025-12-03;9;2113
50;2025-12-03;10;1650
50;2025-12-03;11;1540
50;2025-12-03;12;1488
50;2025-12-03;13;1470
50;2025-12-03;14;1416
50;2025-12-03;15;1704
50;2025-12-03;16;1776
50;2025-12-03;17;2350
50;2025-12-03;18;2401
50;2025-12-03;19;1466
50;2025-12-03;20;895
50;2025-12-03;21;605
50;2025-12-03;22;268
50;2025-12-03;23;143
1;2025-12-04;0;0
1;2025-12-04;1;0
1;2025-12-04;2;0
1;2025-12-04;3;0
1;2025-12-04;4;0
1;2025-12-04;5;129
1;2025-12-04;6;534
1;2025-12-04;7;1493
1;2025-12-04;8;1879
1;2025-12-04;9;1439
1;2025-12-04;10;1305
1;2025-12-04;11;1309
1;2025-12-04;12;1369
1;2025-12-04;13;1396
1;2025-12-04;14;1349
1;2025-12-04;15;1500
1;2025-12-04;16;1472
1;2025-12-04;17;1767
1;2025-12-04;18;1764
1;2025-12-04;19;1347
1;2025-12-04;20;873
1;2025-12-04;21;488
1;2025-12-04;22;246
1;2025-12-04;23;48
5;2025-12-04;0;0
5;2025-12-04;1;0
5;2025-12-04;2;0
5;2025-12-04;3;0
5;2025-12-04;4;0
5;2025-12-04;5;0
5;2025-12-04;6;0
5;2025-12-04;7;0
5;2025-12-04;8;0
5;2025-12-04;9;0
5;2025-12-04;10;0
5;2025-12-04;11;0
5;2025-12-04;12;0
5;2025-12-04;13;0
5;2025-12-04;14;0
5;2025-12-04;15;0
5;2025-12-04;16;0
5;2025-12-04;17;0
5;2025-12-04;18;0
5;2025-12-04;19;0
5;2025-12-04;20;0
5;2025-12-04;21;0
5;2025-12-04;22;0
5;2025-12-04;23;0
7;2025-12-04;0;61
7;2025-12-04;1;10
7;2025-12-04;2;0
7;2025-12-04;3;0
7;2025-12-04;4;0
7;2025-12-04;5;191
7;2025-12-04;6;697
7;2025-12-04;7;1641
7;2025-12-04;8;2506
7;2025-12-04;9;1853
7;2025-12-04;10;1664
7;2025-12-04;11;1491
7;2025-12-04;12;1630
7;2025-12-04;13;1574
7;2025-12-04;14;1675
7;2025-12-04;15;1805
7;2025-12-04;16;1877
7;2025-12-04;17;2354
7;2025-12-04;18;2598
7;2025-12-04;19;1753
7;2025-12-04;20;1114
7;2025-12-04;21;640
7;2025-12-04;22;331
7;2025-12-04;23;184
11;2025-12-04;0;48
11;2025-12-04;1;4
11;2025-12-04;2;0
11;2025-12-04;3;0
11;2025-12-04;4;0
11;2025-12-04;5;261
11;2025-12-04;6;1299
11;2025-12-04;7;2385
11;2025-12-04;8;3072
11;2025-12-04;9;2432
11;2025-12-04;10;1922
11;2025-12-04;11;1876
11;2025-12-04;12;1915
11;2025-12-04;13;2002
11;2025-12-04;14;2026
11;2025-12-04;15;2079
11;2025-12-04;16;2273
11;2025-12-04;17;2848
11;2025-12-04;18;2986
11;2025-12-04;19;2229
11;2025-12-04;20;1410
11;2025-12-04;21;870
11;2025-12-04;22;447
11;2025-12-04;23;235
12;2025-12-04;0;49
12;2025-12-04;1;0
12;2025-12-04;2;0
12;2025-12-04;3;0
12;2025-12-04;4;12
12;2025-12-04;5;309
12;2025-12-04;6;1377
12;2025-12-04;7;2730
12;2025-12-04;8;3456
12;2025-12-04;9;2430
12;2025-12-04;10;2035
12;2025-12-04;11;2032
12;2025-12-04;12;2028
12;2025-12-04;13;2002
12;2025-12-04;14;1973
12;2025-12-04;15;2223
12;2025-12-04;16;2716
12;2025-12-04;17;3042
12;2025-12-04;18;3116
12;2025-12-04;19;2448
12;2025-12-04;20;1471
12;2025-12-04;21;865
12;2025-12-04;22;486
12;2025-12-04;23;256
17;2025-12-04;0;108
17;2025-12-04;1;0
17;2025-12-04;2;0
17;2025-12-04;3;0
17;2025-12-04;4;4
17;2025-12-04;5;309
17;2025-12-04;6;1512
17;2025-12-04;7;3913
17;2025-12-04;8;5277
17;2025-12-04;9;3704
17;2025-12-04;10;2958
17;2025-12-04;11;2908
17;2025-12-04;12;2955
17;2025-12-04;13;3034
17;2025-12-04;14;3104
17;2025-12-04;15;3254
17;2025-12-04;16;3595
17;2025-12-04;17;4396
17;2025-12-04;18;4795
17;2025-12-04;19;3363
17;2025-12-04;20;2310
17;2025-12-04;21;1412
17;2025-12-04;22;739
17;2025-12-04;23;380
25;2025-12-04;0;0
25;2025-12-04;1;0
25;2025-12-04;2;0
25;2025-12-04;3;0
25;2025-12-04;4;0
25;2025-12-04;5;11
25;2025-12-04;6;169
25;2025-12-04;7;517
25;2025-12-04;8;869
25;2025-12-04;9;450
25;2025-12-04;10;356
25;2025-12-04;11;387
25;2025-12-04;12;394
25;2025-12-04;13;456
25;2025-12-04;14;410
25;2025-12-04;15;517
25;2025-12-04;16;633
25;2025-12-04;17;701
25;2025-12-04;18;758
25;2025-12-04;19;502
25;2025-12-04;20;311
25;2025-12-04;21;196
25;2025-12-04;22;95
25;2025-12-04;23;0
26;2025-12-04;0;13
26;2025-12-04;1;0
26;2025-12-04;2;0
26;2025-12-04;3;0
26;2025-12-04;4;0
26;2025-12-04;5;87
26;2025-12-04;6;503
26;2025-12-04;7;1056
26;2025-12-04;8;2040
26;2025-12-04;9;1430
26;2025-12-04;10;1185
26;2025-12-04;11;1117
26;2025-12-04;12;1127
26;2025-12-04;13;1152
26;2025-12-04;14;1237
26;2025-12-04;15;1348
26;2025-12-04;16;1524
26;2025-12-04;17;1675
26;2025-12-04;18;1734
26;2025-12-04;19;1235
26;2025-12-04;20;773
26;2025-12-04;21;470
26;2025-12-04;22;221
26;2025-12-04;23;124
28;2025-12-04;0;1
28;2025-12-04;1;0
28;2025-12-04;2;0
28;2025-12-04;3;0
28;2025-12-04;4;0
28;2025-12-04;5;81
28;2025-12-04;6;276
28;2025-12-04;7;737
28;2025-12-04;8;1201
28;2025-12-04;9;830
28;2025-12-04;10;630
28;2025-12-04;11;564
28;2025-12-04;12;702
28;2025-12-04;13;734
28;2025-12-04;14;659
28;2025-12-04;15;697
28;2025-12-04;16;845
28;2025-12-04;17;989
28;2025-12-04;18;936
28;2025-12-04;19;690
28;2025-12-04;20;503
28;2025-12-04;21;311
28;2025-12-04;22;136
28;2025-12-04;23;10
50;2025-12-04;0;18
50;2025-12-04;1;10
50;2025-12-04;2;0
50;2025-12-04;3;0
50;2025-12-04;4;0
50;2025-12-04;5;65
50;2025-12-04;6;532
50;2025-12-04;7;1729
50;2025-12-04;8;2717
50;2025-12-04;9;2120
50;2025-12-04;10;1638
50;2025-12-04;11;1530
50;2025-12-04;12;1481
50;2025-12-04;13;1453
50;2025-12-04;14;1409
50;2025-12-04;15;1687
50;2025-12-04;16;1763
50;2025-12-04;17;2311
50;2025-12-04;18;2372
50;2025-12-04;19;1450
50;2025-12-04;20;898
50;2025-12-04;21;610
50;2025-12-04;22;264
50;2025-12-04;23;147
1;2025-12-05;0;0
1;2025-12-05;1;0
1;2025-12-05;2;0
1;2025-12-05;3;0
1;2025-12-05;4;0
1;2025-12-05;5;123
1;2025-12-05;6;513
1;2025-12-05;7;1480
1;2025-12-05;8;1834
1;2025-12-05;9;1431
1;2025-12-05;10;1277
1;2025-12-05;11;1337
1;2025-12-05;12;1364
1;2025-12-05;13;1389
1;2025-12-05;14;1345
1;2025-12-05;15;1516
1;2025-12-05;16;1541
1;2025-12-05;17;1781
1;2025-12-05;18;1595
1;2025-12-05;19;1210
1;2025-12-05;20;802
1;2025-12-05;21;489
1;2025-12-05;22;234
1;2025-12-05;23;38
5;2025-12-05;0;0
5;2025-12-05;1;0
5;2025-12-05;2;0
5;2025-12-05;3;0
5;2025-12-05;4;0
5;2025-12-05;5;0
5;2025-12-05;6;0
5;2025-12-05;7;0
5;2025-12-05;8;0
5;2025-12-05;9;0
5;2025-12-05;10;0
5;2025-12-05;11;0
5;2025-12-05;12;0
5;2025-12-05;13;0
5;2025-12-05;14;0
5;2025-12-05;15;0
5;2025-12-05;16;0
5;2025-12-05;17;0
5;2025-12-05;18;0
5;2025-12-05;19;0
5;2025-12-05;20;0
5;2025-12-05;21;0
5;2025-12-05;22;0
5;2025-12-05;23;0
7;2025-12-05;0;62
7;2025-12-05;1;4
7;2025-12-05;2;0
7;2025-12-05;3;0
7;2025-12-05;4;0
7;2025-12-05;5;168
7;2025-12-05;6;657
7;2025-12-05;7;1612
7;2025-12-05;8;2426
7;2025-12-05;9;1804
7;2025-12-05;10;1652
7;2025-12-05;11;1484
7;2025-12-05;12;1634
7;2025-12-05;13;1644
7;2025-12-05;14;1709
7;2025-12-05;15;1864
7;2025-12-05;16;1966
7;2025-12-05;17;2265
7;2025-12-05;18;2201
7;2025-12-05;19;1583
7;2025-12-05;20;1074
7;2025-12-05;21;610
7;2025-12-05;22;338
7;2025-12-05;23;209
11;2025-12-05;0;56
11;2025-12-05;1;0
11;2025-12-05;2;0
11;2025-12-05;3;0
11;2025-12-05;4;0
11;2025-12-05;5;268
11;2025-12-05;6;1288
11;2025-12-05;7;2325
11;2025-12-05;8;2972
11;2025-12-05;9;2331
11;2025-12-05;10;1860
11;2025-12-05;11;1852
11;2025-12-05;12;1929
11;2025-12-05;13;1974
11;2025-12-05;14;2057
11;2025-12-05;15;2131
11;2025-12-05;16;2366
11;2025-12-05;17;2856
11;2025-12-05;18;2683
11;2025-12-05;19;2074
11;2025-12-05;20;1378
11;2025-12-05;21;860
11;2025-12-05;22;440
11;2025-12-05;23;271
12;2025-12-05;0;54
12;2025-12-05;1;0
12;2025-12-05;2;0
12;2025-12-05;3;0
12;2025-12-05;4;6
12;2025-12-05;5;314
12;2025-12-05;6;1347
12;2025-12-05;7;2657
12;2025-12-05;8;3303
12;2025-12-05;9;2351
12;2025-12-05;10;1944
12;2025-12-05;11;1967
12;2025-12-05;12;1990
12;2025-12-05;13;2022
12;2025-12-05;14;1989
12;2025-12-05;15;2282
12;2025-12-05;16;2747
12;2025-12-05;17;2956
12;2025-12-05;18;2679
12;2025-12-05;19;2245
12;2025-12-05;20;1394
12;2025-12-05;21;879
12;2025-12-05;22;482
12;2025-12-05;23;272
17;2025-12-05;0;123
17;2025-12-05;1;4
17;2025-12-05;2;0
17;2025-12-05;3;0
17;2025-12-05;4;19
17;2025-12-05;5;305
17;2025-12-05;6;1501
17;2025-12-05;7;3846
17;2025-12-05;8;5037
17;2025-12-05;9;3599
17;2025-12-05;10;2885
17;2025-12-05;11;2905
17;2025-12-05;12;2957
17;2025-12-05;13;3070
17;2025-12-05;14;3143
17;2025-12-05;15;3352
17;2025-12-05;16;3719
17;2025-12-05;17;4398
17;2025-12-05;18;4446
17;2025-12-05;19;3199
17;2025-12-05;20;2283
17;2025-12-05;21;1485
17;2025-12-05;22;751
17;2025-12-05;23;437
25;2025-12-05;0;0
25;2025-12-05;1;0
25;2025-12-05;2;0
25;2025-12-05;3;0
25;2025-12-05;4;0
25;2025-12-05;5;7
25;2025-12-05;6;163
25;2025-12-05;7;506
25;2025-12-05;8;830
25;2025-12-05;9;425
25;2025-12-05;10;339
25;2025-12-05;11;381
25;2025-12-05;12;387
25;2025-12-05;13;465
25;2025-12-05;14;433
25;2025-12-05;15;545
25;2025-12-05;16;699
25;2025-12-05;17;703
25;2025-12-05;18;685
25;2025-12-05;19;487
25;2025-12-05;20;301
25;2025-12-05;21;199
25;2025-12-05;22;87
25;2025-12-05;23;0
26;2025-12-05;0;17
26;2025-12-05;1;0
26;2025-12-05;2;0
26;2025-12-05;3;0
26;2025-12-05;4;0
26;2025-12-05;5;60
26;2025-12-05;6;487
26;2025-12-05;7;1036
26;2025-12-05;8;1936
26;2025-12-05;9;1370
26;2025-12-05;10;1174
26;2025-12-05;11;1103
26;2025-12-05;12;1126
26;2025-12-05;13;1163
26;2025-12-05;14;1253
26;2025-12-05;15;1368
26;2025-12-05;16;1609
26;2025-12-05;17;1676
26;2025-12-05;18;1515
26;2025-12-05;19;1095
26;2025-12-05;20;715
26;2025-12-05;21;449
26;2025-12-05;22;199
26;2025-12-05;23;139
28;2025-12-05;0;1
28;2025-12-05;1;0
28;2025-12-05;2;0
28;2025-12-05;3;0
28;2025-12-05;4;0
28;2025-12-05;5;70
28;2025-12-05;6;251
28;2025-12-05;7;725
28;2025-12-05;8;1156
28;2025-12-05;9;803
28;2025-12-05;10;627
28;2025-12-05;11;571
28;2025-12-05;12;707
28;2025-12-05;13;712
28;2025-12-05;14;662
28;2025-12-05;15;722
28;2025-12-05;16;885
28;2025-12-05;17;980
28;2025-12-05;18;851
28;2025-12-05;19;643
28;2025-12-05;20;471
28;2025-12-05;21;319
28;2025-12-05;22;138
28;2025-12-05;23;12
50;2025-12-05;0;25
50;2025-12-05;1;0
50;2025-12-05;2;0
50;2025-12-05;3;0
50;2025-12-05;4;0
50;2025-12-05;5;55
50;2025-12-05;6;519
50;2025-12-05;7;1677
50;2025-12-05;8;2632
50;2025-12-05;9;2032
50;2025-12-05;10;1580
50;2025-12-05;11;1544
50;2025-12-05;12;1473
50;2025-12-05;13;1488
50;2025-12-05;14;1442
50;2025-12-05;15;1729
50;2025-12-05;16;1884
50;2025-12-05;17;2202
50;2025-12-05;18;1894
50;2025-12-05;19;1221
50;2025-12-05;20;804
50;2025-12-05;21;550
50;2025-12-05;22;269
50;2025-12-05;23;156
1;2025-12-06;0;0
1;2025-12-06;1;0
1;2025-12-06;2;0
1;2025-12-06;3;0
1;2025-12-06;4;0
1;2025-12-06;5;20
1;2025-12-06;6;177
1;2025-12-06;7;326
1;2025-12-06;8;448
1;2025-12-06;9;722
1;2025-12-06;10;822
1;2025-12-06;11;768
1;2025-12-06;12;954
1;2025-12-06;13;965
1;2025-12-06;14;920
1;2025-12-06;15;836
1;2025-12-06;16;752
1;2025-12-06;17;723
1;2025-12-06;18;594
1;2025-12-06;19;528
1;2025-12-06;20;396
1;2025-12-06;21;297
1;2025-12-06;22;116
1;2025-12-06;23;16
5;2025-12-06;0;0
5;2025-12-06;1;0
5;2025-12-06;2;0
5;2025-12-06;3;0
5;2025-12-06;4;0
5;2025-12-06;5;0
5;2025-12-06;6;0
5;2025-12-06;7;0
5;2025-12-06;8;0
5;2025-12-06;9;0
5;2025-12-06;10;0
5;2025-12-06;11;0
5;2025-12-06;12;0
5;2025-12-06;13;0
5;2025-12-06;14;0
5;2025-12-06;15;0
5;2025-12-06;16;0
5;2025-12-06;17;0
5;2025-12-06;18;0
5;2025-12-06;19;0
5;2025-12-06;20;0
5;2025-12-06;21;0
5;2025-12-06;22;0
5;2025-12-06;23;0
7;2025-12-06;0;70
7;2025-12-06;1;16
7;2025-12-06;2;0
7;2025-12-06;3;0
7;2025-12-06;4;0
7;2025-12-06;5;47
7;2025-12-06;6;281
7;2025-12-06;7;469
7;2025-12-06;8;842
7;2025-12-06;9;950
7;2025-12-06;10;977
7;2025-12-06;11;1065
7;2025-12-06;12;1276
7;2025-12-06;13;1272
7;2025-12-06;14;1371
7;2025-12-06;15;1349
7;2025-12-06;16;1335
7;2025-12-06;17;1309
7;2025-12-06;18;1220
7;2025-12-06;19;1106
7;2025-12-06;20;782
7;2025-12-06;21;554
7;2025-12-06;22;295
7;2025-12-06;23;151
11;2025-12-06;0;75
11;2025-12-06;1;0
11;2025-12-06;2;0
11;2025-12-06;3;0
11;2025-12-06;4;0
11;2025-12-06;5;183
11;2025-12-06;6;775
11;2025-12-06;7;758
11;2025-12-06;8;1004
11;2025-12-06;9;1149
11;2025-12-06;10;1258
11;2025-12-06;11;1548
11;2025-12-06;12;1649
11;2025-12-06;13;1648
11;2025-12-06;14;1716
11;2025-12-06;15;1685
11;2025-12-06;16;1733
11;2025-12-06;17;1848
11;2025-12-06;18;1577
11;2025-12-06;19;1398
11;2025-12-06;20;1004
11;2025-12-06;21;712
11;2025-12-06;22;387
11;2025-12-06;23;251
12;2025-12-06;0;75
12;2025-12-06;1;0
12;2025-12-06;2;0
12;2025-12-06;3;0
12;2025-12-06;4;4
12;2025-12-06;5;230
12;2025-12-06;6;818
12;2025-12-06;7;925
12;2025-12-06;8;1062
12;2025-12-06;9;1205
12;2025-12-06;10;1419
12;2025-12-06;11;1490
12;2025-12-06;12;1454
12;2025-12-06;13;1646
12;2025-12-06;14;1619
12;2025-12-06;15;1515
12;2025-12-06;16;1625
12;2025-12-06;17;1633
12;2025-12-06;18;1450
12;2025-12-06;19;1304
12;2025-12-06;20;956
12;2025-12-06;21;680
12;2025-12-06;22;376
12;2025-12-06;23;248
17;2025-12-06;0;152
17;2025-12-06;1;10
17;2025-12-06;2;0
17;2025-12-06;3;0
17;2025-12-06;4;0
17;2025-12-06;5;122
17;2025-12-06;6;564
17;2025-12-06;7;1166
17;2025-12-06;8;1656
17;2025-12-06;9;2047
17;2025-12-06;10;2208
17;2025-12-06;11;2631
17;2025-12-06;12;2816
17;2025-12-06;13;2953
17;2025-12-06;14;3021
17;2025-12-06;15;3072
17;2025-12-06;16;3144
17;2025-12-06;17;3013
17;2025-12-06;18;2803
17;2025-12-06;19;2266
17;2025-12-06;20;1790
17;2025-12-06;21;1278
17;2025-12-06;22;803
17;2025-12-06;23;394
25;2025-12-06;0;0
25;2025-12-06;1;0
25;2025-12-06;2;0
25;2025-12-06;3;0
25;2025-12-06;4;0
25;2025-12-06;5;0
25;2025-12-06;6;65
25;2025-12-06;7;129
25;2025-12-06;8;276
25;2025-12-06;9;270
25;2025-12-06;10;250
25;2025-12-06;11;319
25;2025-12-06;12;352
25;2025-12-06;13;463
25;2025-12-06;14;451
25;2025-12-06;15;575
25;2025-12-06;16;523
25;2025-12-06;17;471
25;2025-12-06;18;447
25;2025-12-06;19;380
25;2025-12-06;20;233
25;2025-12-06;21;174
25;2025-12-06;22;83
25;2025-12-06;23;34
26;2025-12-06;0;18
26;2025-12-06;1;0
26;2025-12-06;2;0
26;2025-12-06;3;0
26;2025-12-06;4;0
26;2025-12-06;5;23
26;2025-12-06;6;257
26;2025-12-06;7;340
26;2025-12-06;8;601
26;2025-12-06;9;663
26;2025-12-06;10;756
26;2025-12-06;11;921
26;2025-12-06;12;930
26;2025-12-06;13;988
26;2025-12-06;14;965
26;2025-12-06;15;958
26;2025-12-06;16;985
26;2025-12-06;17;934
26;2025-12-06;18;854
26;2025-12-06;19;751
26;2025-12-06;20;511
26;2025-12-06;21;334
26;2025-12-06;22;181
26;2025-12-06;23;130
28;2025-12-06;0;1
28;2025-12-06;1;0
28;2025-12-06;2;0
28;2025-12-06;3;0
28;2025-12-06;4;0
28;2025-12-06;5;30
28;2025-12-06;6;107
28;2025-12-06;7;209
28;2025-12-06;8;360
28;2025-12-06;9;424
28;2025-12-06;10;441
28;2025-12-06;11;433
28;2025-12-06;12;552
28;2025-12-06;13;566
28;2025-12-06;14;554
28;2025-12-06;15;572
28;2025-12-06;16;573
28;2025-12-06;17;562
28;2025-12-06;18;473
28;2025-12-06;19;392
28;2025-12-06;20;321
28;2025-12-06;21;260
28;2025-12-06;22;108
28;2025-12-06;23;2
50;2025-12-06;0;42
50;2025-12-06;1;3
50;2025-12-06;2;0
50;2025-12-06;3;0
50;2025-12-06;4;0
50;2025-12-06;5;28
50;2025-12-06;6;215
50;2025-12-06;7;389
50;2025-12-06;8;694
50;2025-12-06;9;733
50;2025-12-06;10;704
50;2025-12-06;11;850
50;2025-12-06;12;872
50;2025-12-06;13;881
50;2025-12-06;14;922
50;2025-12-06;15;940
50;2025-12-06;16;949
50;2025-12-06;17;960
50;2025-12-06;18;755
50;2025-12-06;19;688
50;2025-12-06;20;502
50;2025-12-06;21;381
50;2025-12-06;22;187
50;2025-12-06;23;127
1;2025-12-07;0;0
1;2025-12-07;1;0
1;2025-12-07;2;0
1;2025-12-07;3;0
1;2025-12-07;4;0
1;2025-12-07;5;12
1;2025-12-07;6;87
1;2025-12-07;7;194
1;2025-12-07;8;287
1;2025-12-07;9;538
1;2025-12-07;10;648
1;2025-12-07;11;612
1;2025-12-07;12;743
1;2025-12-07;13;767
1;2025-12-07;14;719
1;2025-12-07;15;670
1;2025-12-07;16;588
1;2025-12-07;17;566
1;2025-12-07;18;487
1;2025-12-07;19;380
1;2025-12-07;20;289
1;2025-12-07;21;230
1;2025-12-07;22;77
1;2025-12-07;23;11
5;2025-12-07;0;0
5;2025-12-07;1;0
5;2025-12-07;2;0
5;2025-12-07;3;0
5;2025-12-07;4;0
5;2025-12-07;5;0
5;2025-12-07;6;0
5;2025-12-07;7;0
5;2025-12-07;8;0
5;2025-12-07;9;0
5;2025-12-07;10;0
5;2025-12-07;11;0
5;2025-12-07;12;0
5;2025-12-07;13;0
5;2025-12-07;14;0
5;2025-12-07;15;0
5;2025-12-07;16;0
5;2025-12-07;17;0
5;2025-12-07;18;0
5;2025-12-07;19;0
5;2025-12-07;20;0
5;2025-12-07;21;0
5;2025-12-07;22;0
5;2025-12-07;23;0
7;2025-12-07;0;61
7;2025-12-07;1;3
7;2025-12-07;2;0
7;2025-12-07;3;0
7;2025-12-07;4;0
7;2025-12-07;5;10
7;2025-12-07;6;190
7;2025-12-07;7;299
7;2025-12-07;8;482
7;2025-12-07;9;635
7;2025-12-07;10;679
7;2025-12-07;11;865
7;2025-12-07;12;1057
7;2025-12-07;13;1104
7;2025-12-07;14;1193
7;2025-12-07;15;1100
7;2025-12-07;16;1042
7;2025-12-07;17;1080
7;2025-12-07;18;965
7;2025-12-07;19;820
7;2025-12-07;20;565
7;2025-12-07;21;469
7;2025-12-07;22;252
7;2025-12-07;23;116
11;2025-12-07;0;84
11;2025-12-07;1;0
11;2025-12-07;2;0
11;2025-12-07;3;0
11;2025-12-07;4;0
11;2025-12-07;5;110
11;2025-12-07;6;474
11;2025-12-07;7;519
11;2025-12-07;8;659
11;2025-12-07;9;882
11;2025-12-07;10;986
11;2025-12-07;11;1374
11;2025-12-07;12;1449
11;2025-12-07;13;1464
11;2025-12-07;14;1501
11;2025-12-07;15;1520
11;2025-12-07;16;1549
11;2025-12-07;17;1670
11;2025-12-07;18;1411
11;2025-12-07;19;1115
11;2025-12-07;20;810
11;2025-12-07;21;583
11;2025-12-07;22;318
11;2025-12-07;23;199
12;2025-12-07;0;66
12;2025-12-07;1;0
12;2025-12-07;2;0
12;2025-12-07;3;0
12;2025-12-07;4;1
12;2025-12-07;5;137
12;2025-12-07;6;447
12;2025-12-07;7;644
12;2025-12-07;8;718
12;2025-12-07;9;912
12;2025-12-07;10;1162
12;2025-12-07;11;1323
12;2025-12-07;12;1336
12;2025-12-07;13;1536
12;2025-12-07;14;1486
12;2025-12-07;15;1384
12;2025-12-07;16;1475
12;2025-12-07;17;1511
12;2025-12-07;18;1317
12;2025-12-07;19;988
12;2025-12-07;20;708
12;2025-12-07;21;530
12;2025-12-07;22;331
12;2025-12-07;23;181
17;2025-12-07;0;112
17;2025-12-07;1;4
17;2025-12-07;2;0
17;2025-12-07;3;0
17;2025-12-07;4;3
17;2025-12-07;5;90
17;2025-12-07;6;399
17;2025-12-07;7;734
17;2025-12-07;8;1226
17;2025-12-07;9;1666
17;2025-12-07;10;1960
17;2025-12-07;11;2453
17;2025-12-07;12;2742
17;2025-12-07;13;2867
17;2025-12-07;14;2941
17;2025-12-07;15;2977
17;2025-12-07;16;3016
17;2025-12-07;17;2859
17;2025-12-07;18;2517
17;2025-12-07;19;2062
17;2025-12-07;20;1549
17;2025-12-07;21;1083
17;2025-12-07;22;667
17;2025-12-07;23;275
25;2025-12-07;0;7
25;2025-12-07;1;0
25;2025-12-07;2;0
25;2025-12-07;3;0
25;2025-12-07;4;0
25;2025-12-07;5;0
25;2025-12-07;6;33
25;2025-12-07;7;69
25;2025-12-07;8;156
25;2025-12-07;9;166
25;2025-12-07;10;189
25;2025-12-07;11;230
25;2025-12-07;12;268
25;2025-12-07;13;372
25;2025-12-07;14;379
25;2025-12-07;15;472
25;2025-12-07;16;441
25;2025-12-07;17;387
25;2025-12-07;18;351
25;2025-12-07;19;276
25;2025-12-07;20;182
25;2025-12-07;21;148
25;2025-12-07;22;68
25;2025-12-07;23;18
26;2025-12-07;0;19
26;2025-12-07;1;0
26;2025-12-07;2;0
26;2025-12-07;3;0
26;2025-12-07;4;0
26;2025-12-07;5;1
26;2025-12-07;6;128
26;2025-12-07;7;185
26;2025-12-07;8;336
26;2025-12-07;9;439
26;2025-12-07;10;523
26;2025-12-07;11;726
26;2025-12-07;12;766
26;2025-12-07;13;830
26;2025-12-07;14;799
26;2025-12-07;15;749
26;2025-12-07;16;759
26;2025-12-07;17;723
26;2025-12-07;18;651
26;2025-12-07;19;497
26;2025-12-07;20;365
26;2025-12-07;21;263
26;2025-12-07;22;135
26;2025-12-07;23;92
28;2025-12-07;0;1
28;2025-12-07;1;0
28;2025-12-07;2;0
28;2025-12-07;3;0
28;2025-12-07;4;0
28;2025-12-07;5;18
28;2025-12-07;6;58
28;2025-12-07;7;119
28;2025-12-07;8;212
28;2025-12-07;9;287
28;2025-12-07;10;341
28;2025-12-07;11;362
28;2025-12-07;12;426
28;2025-12-07;13;459
28;2025-12-07;14;463
28;2025-12-07;15;457
28;2025-12-07;16;449
28;2025-12-07;17;433
28;2025-12-07;18;376
28;2025-12-07;19;304
28;2025-12-07;20;241
28;2025-12-07;21;215
28;2025-12-07;22;86
28;2025-12-07;23;0
50;2025-12-07;0;20
50;2025-12-07;1;0
50;2025-12-07;2;0
50;2025-12-07;3;0
50;2025-12-07;4;0
50;2025-12-07;5;10
50;2025-12-07;6;134
50;2025-12-07;7;228
50;2025-12-07;8;387
50;2025-12-07;9;470
50;2025-12-07;10;474
50;2025-12-07;11;609
50;2025-12-07;12;669
50;2025-12-07;13;765
50;2025-12-07;14;779
50;2025-12-07;15;702
50;2025-12-07;16;733
50;2025-12-07;17;722
50;2025-12-07;18;614
50;2025-12-07;19;517
50;2025-12-07;20;410
50;2025-12-07;21;298
50;2025-12-07;22;152
50;2025-12-07;23;88
1;2025-12-08;0;0
1;2025-12-08;1;0
1;2025-12-08;2;0
1;2025-12-08;3;0
1;2025-12-08;4;0
1;2025-12-08;5;138
1;2025-12-08;6;519
1;2025-12-08;7;1429
1;2025-12-08;8;1808
1;2025-12-08;9;1382
1;2025-12-08;10;1257
1;2025-12-08;11;1277
1;2025-12-08;12;1339
1;2025-12-08;13;1354
1;2025-12-08;14;1333
1;2025-12-08;15;1443
1;2025-12-08;16;1470
1;2025-12-08;17;1754
1;2025-12-08;18;1752
1;2025-12-08;19;1360
1;2025-12-08;20;861
1;2025-12-08;21;464
1;2025-12-08;22;195
1;2025-12-08;23;28
5;2025-12-08;0;0
5;2025-12-08;1;0
5;2025-12-08;2;0
5;2025-12-08;3;0
5;2025-12-08;4;0
5;2025-12-08;5;0
5;2025-12-08;6;0
5;2025-12-08;7;0
5;2025-12-08;8;0
5;2025-12-08;9;0
5;2025-12-08;10;0
5;2025-12-08;11;0
5;2025-12-08;12;0
5;2025-12-08;13;0
5;2025-12-08;14;0
5;2025-12-08;15;0
5;2025-12-08;16;0
5;2025-12-08;17;0
5;2025-12-08;18;0
5;2025-12-08;19;0
5;2025-12-08;20;0
5;2025-12-08;21;0
5;2025-12-08;22;0
5;2025-12-08;23;0
7;2025-12-08;0;33
7;2025-12-08;1;0
7;2025-12-08;2;0
7;2025-12-08;3;0
7;2025-12-08;4;0
7;2025-12-08;5;179
7;2025-12-08;6;690
7;2025-12-08;7;1608
7;2025-12-08;8;2463
7;2025-12-08;9;1806
7;2025-12-08;10;1597
7;2025-12-08;11;1412
7;2025-12-08;12;1520
7;2025-12-08;13;1530
7;2025-12-08;14;1625
7;2025-12-08;15;1715
7;2025-12-08;16;1828
7;2025-12-08;17;2279
7;2025-12-08;18;2542
7;2025-12-08;19;1689
7;2025-12-08;20;1061
7;2025-12-08;21;557
7;2025-12-08;22;266
7;2025-12-08;23;135
11;2025-12-08;0;56
11;2025-12-08;1;0
11;2025-12-08;2;0
11;2025-12-08;3;0
11;2025-12-08;4;0
11;2025-12-08;5;267
11;2025-12-08;6;1286
11;2025-12-08;7;2337
11;2025-12-08;8;3139
11;2025-12-08;9;2387
11;2025-12-08;10;1774
11;2025-12-08;11;1822
11;2025-12-08;12;1810
11;2025-12-08;13;1954
11;2025-12-08;14;1963
11;2025-12-08;15;2047
11;2025-12-08;16;2259
11;2025-12-08;17;2840
11;2025-12-08;18;3074
11;2025-12-08;19;2239
11;2025-12-08;20;1460
11;2025-12-08;21;805
11;2025-12-08;22;374
11;2025-12-08;23;170
12;2025-12-08;0;52
12;2025-12-08;1;0
12;2025-12-08;2;0
12;2025-12-08;3;0
12;2025-12-08;4;0
12;2025-12-08;5;299
12;2025-12-08;6;1284
12;2025-12-08;7;2658
12;2025-12-08;8;3535
12;2025-12-08;9;2415
12;2025-12-08;10;2041
12;2025-12-08;11;1973
12;2025-12-08;12;2086
12;2025-12-08;13;2059
12;2025-12-08;14;2035
12;2025-12-08;15;2308
12;2025-12-08;16;2797
12;2025-12-08;17;3085
12;2025-12-08;18;3178
12;2025-12-08;19;2415
12;2025-12-08;20;1513
12;2025-12-08;21;896
12;2025-12-08;22;418
12;2025-12-08;23;204
17;2025-12-08;0;48
17;2025-12-08;1;0
17;2025-12-08;2;0
17;2025-12-08;3;0
17;2025-12-08;4;10
17;2025-12-08;5;306
17;2025-12-08;6;1501
17;2025-12-08;7;3968
17;2025-12-08;8;5240
17;2025-12-08;9;3702
17;2025-12-08;10;2907
17;2025-12-08;11;2892
17;2025-12-08;12;2946
17;2025-12-08;13;2977
17;2025-12-08;14;3067
17;2025-12-08;15;3208
17;2025-12-08;16;3596
17;2025-12-08;17;4423
17;2025-12-08;18;4778
17;2025-12-08;19;3367
17;2025-12-08;20;2277
17;2025-12-08;21;1388
17;2025-12-08;22;702
17;2025-12-08;23;298
25;2025-12-08;0;0
25;2025-12-08;1;0
25;2025-12-08;2;0
25;2025-12-08;3;0
25;2025-12-08;4;0
25;2025-12-08;5;3
25;2025-12-08;6;146
25;2025-12-08;7;511
25;2025-12-08;8;844
25;2025-12-08;9;437
25;2025-12-08;10;325
25;2025-12-08;11;336
25;2025-12-08;12;345
25;2025-12-08;13;428
25;2025-12-08;14;361
25;2025-12-08;15;443
25;2025-12-08;16;609
25;2025-12-08;17;673
25;2025-12-08;18;709
25;2025-12-08;19;462
25;2025-12-08;20;267
25;2025-12-08;21;166
25;2025-12-08;22;68
25;2025-12-08;23;0
26;2025-12-08;0;0
26;2025-12-08;1;0
26;2025-12-08;2;0
26;2025-12-08;3;0
26;2025-12-08;4;3
26;2025-12-08;5;81
26;2025-12-08;6;478
26;2025-12-08;7;1046
26;2025-12-08;8;2042
26;2025-12-08;9;1393
26;2025-12-08;10;1157
26;2025-12-08;11;1069
26;2025-12-08;12;1096
26;2025-12-08;13;1175
26;2025-12-08;14;1192
26;2025-12-08;15;1300
26;2025-12-08;16;1493
26;2025-12-08;17;1653
26;2025-12-08;18;1796
26;2025-12-08;19;1239
26;2025-12-08;20;739
26;2025-12-08;21;431
26;2025-12-08;22;185
26;2025-12-08;23;89
28;2025-12-08;0;1
28;2025-12-08;1;0
28;2025-12-08;2;0
28;2025-12-08;3;0
28;2025-12-08;4;0
28;2025-12-08;5;72
28;2025-12-08;6;250
28;2025-12-08;7;725
28;2025-12-08;8;1175
28;2025-12-08;9;829
28;2025-12-08;10;610
28;2025-12-08;11;513
28;2025-12-08;12;654
28;2025-12-08;13;682
28;2025-12-08;14;615
28;2025-12-08;15;642
28;2025-12-08;16;787
28;2025-12-08;17;936
28;2025-12-08;18;926
28;2025-12-08;19;679
28;2025-12-08;20;463
28;2025-12-08;21;282
28;2025-12-08;22;104
28;2025-12-08;23;2
50;2025-12-08;0;1
50;2025-12-08;1;0
50;2025-12-08;2;0
50;2025-12-08;3;0
50;2025-12-08;4;0
50;2025-12-08;5;57
50;2025-12-08;6;481
50;2025-12-08;7;1659
50;2025-12-08;8;2692
50;2025-12-08;9;2079
50;2025-12-08;10;1603
50;2025-12-08;11;1532
50;2025-12-08;12;1410
50;2025-12-08;13;1419
50;2025-12-08;14;1399
50;2025-12-08;15;1641
50;2025-12-08;16;1657
50;2025-12-08;17;2280
50;2025-12-08;18;2395
50;2025-12-08;19;1437
50;2025-12-08;20;867
50;2025-12-08;21;555
50;2025-12-08;22;223
50;2025-12-08;23;106
1;2025-12-09;0;0
1;2025-12-09;1;0
1;2025-12-09;2;0
1;2025-12-09;3;0
1;2025-12-09;4;0
1;2025-12-09;5;125
1;2025-12-09;6;539
1;2025-12-09;7;1497
1;2025-12-09;8;1885
1;2025-12-09;9;1473
1;2025-12-09;10;1332
1;2025-12-09;11;1335
1;2025-12-09;12;1378
1;2025-12-09;13;1406
1;2025-12-09;14;1377
1;2025-12-09;15;1502
1;2025-12-09;16;1481
1;2025-12-09;17;1765
1;2025-12-09;18;1772
1;2025-12-09;19;1363
1;2025-12-09;20;891
1;2025-12-09;21;502
1;2025-12-09;22;235
1;2025-12-09;23;40
5;2025-12-09;0;0
5;2025-12-09;1;0
5;2025-12-09;2;0
5;2025-12-09;3;0
5;2025-12-09;4;0
5;2025-12-09;5;0
5;2025-12-09;6;0
5;2025-12-09;7;0
5;2025-12-09;8;0
5;2025-12-09;9;0
5;2025-12-09;10;0
5;2025-12-09;11;0
5;2025-12-09;12;0
5;2025-12-09;13;0
5;2025-12-09;14;0
5;2025-12-09;15;0
5;2025-12-09;16;0
5;2025-12-09;17;0
5;2025-12-09;18;0
5;2025-12-09;19;0
5;2025-12-09;20;0
5;2025-12-09;21;0
5;2025-12-09;22;0
5;2025-12-09;23;0
7;2025-12-09;0;32
7;2025-12-09;1;0
7;2025-12-09;2;0
7;2025-12-09;3;0
7;2025-12-09;4;0
7;2025-12-09;5;183
7;2025-12-09;6;728
7;2025-12-09;7;1673
7;2025-12-09;8;2519
7;2025-12-09;9;1888
7;2025-12-09;10;1666
7;2025-12-09;11;1505
7;2025-12-09;12;1622
7;2025-12-09;13;1585
7;2025-12-09;14;1710
7;2025-12-09;15;1803
7;2025-12-09;16;1898
7;2025-12-09;17;2362
7;2025-12-09;18;2570
7;2025-12-09;19;1775
7;2025-12-09;20;1087
7;2025-12-09;21;612
7;2025-12-09;22;291
7;2025-12-09;23;157
11;2025-12-09;0;56
11;2025-12-09;1;0
11;2025-12-09;2;0
11;2025-12-09;3;0
11;2025-12-09;4;0
11;2025-12-09;5;266
11;2025-12-09;6;1290
11;2025-12-09;7;2443
11;2025-12-09;8;3194
11;2025-12-09;9;2473
11;2025-12-09;10;1893
11;2025-12-09;11;1859
11;2025-12-09;12;1897
11;2025-12-09;13;2054
11;2025-12-09;14;2043
11;2025-12-09;15;2123
11;2025-12-09;16;2305
11;2025-12-09;17;2874
11;2025-12-09;18;3100
11;2025-12-09;19;2299
11;2025-12-09;20;1483
11;2025-12-09;21;856
11;2025-12-09;22;408
11;2025-12-09;23;211
12;2025-12-09;0;44
12;2025-12-09;1;0
12;2025-12-09;2;0
12;2025-12-09;3;0
12;2025-12-09;4;4
12;2025-12-09;5;303
12;2025-12-09;6;1375
12;2025-12-09;7;2741
12;2025-12-09;8;3573
12;2025-12-09;9;2533
12;2025-12-09;10;2177
12;2025-12-09;11;2132
12;2025-12-09;12;2165
12;2025-12-09;13;2147
12;2025-12-09;14;2102
12;2025-12-09;15;2392
12;2025-12-09;16;2857
12;2025-12-09;17;3132
12;2025-12-09;18;3224
12;2025-12-09;19;2504
12;2025-12-09;20;1539
12;2025-12-09;21;929
12;2025-12-09;22;465
12;2025-12-09;23;228
17;2025-12-09;0;88
17;2025-12-09;1;0
17;2025-12-09;2;0
17;2025-12-09;3;0
17;2025-12-09;4;10
17;2025-12-09;5;324
17;2025-12-09;6;1543
17;2025-12-09;7;4003
17;2025-12-09;8;5242
17;2025-12-09;9;3777
17;2025-12-09;10;2992
17;2025-12-09;11;2942
17;2025-12-09;12;2997
17;2025-12-09;13;3047
17;2025-12-09;14;3125
17;2025-12-09;15;3255
17;2025-12-09;16;3632
17;2025-12-09;17;4476
17;2025-12-09;18;4833
17;2025-12-09;19;3422
17;2025-12-09;20;2336
17;2025-12-09;21;1459
17;2025-12-09;22;743
17;2025-12-09;23;344
25;2025-12-09;0;0
25;2025-12-09;1;0
25;2025-12-09;2;0
25;2025-12-09;3;0
25;2025-12-09;4;0
25;2025-12-09;5;1
25;2025-12-09;6;152
25;2025-12-09;7;518
25;2025-12-09;8;872
25;2025-12-09;9;455
25;2025-12-09;10;368
25;2025-12-09;11;383
25;2025-12-09;12;375
25;2025-12-09;13;456
25;2025-12-09;14;398
25;2025-12-09;15;501
25;2025-12-09;16;635
25;2025-12-09;17;682
25;2025-12-09;18;729
25;2025-12-09;19;473
25;2025-12-09;20;303
25;2025-12-09;21;196
25;2025-12-09;22;85
25;2025-12-09;23;0
26;2025-12-09;0;11
26;2025-12-09;1;0
26;2025-12-09;2;0
26;2025-12-09;3;0
26;2025-12-09;4;0
26;2025-12-09;5;71
26;2025-12-09;6;504
26;2025-12-09;7;1071
26;2025-12-09;8;2170
26;2025-12-09;9;1453
26;2025-12-09;10;1204
26;2025-12-09;11;1127
26;2025-12-09;12;1152
26;2025-12-09;13;1205
26;2025-12-09;14;1234
26;2025-12-09;15;1351
26;2025-12-09;16;1550
26;2025-12-09;17;1700
26;2025-12-09;18;1848
26;2025-12-09;19;1248
26;2025-12-09;20;769
26;2025-12-09;21;458
26;2025-12-09;22;197
26;2025-12-09;23;103
28;2025-12-09;0;1
28;2025-12-09;1;0
28;2025-12-09;2;0
28;2025-12-09;3;0
28;2025-12-09;4;0
28;2025-12-09;5;72
28;2025-12-09;6;269
28;2025-12-09;7;761
28;2025-12-09;8;1211
28;2025-12-09;9;841
28;2025-12-09;10;656
28;2025-12-09;11;577
28;2025-12-09;12;704
28;2025-12-09;13;728
28;2025-12-09;14;666
28;2025-12-09;15;694
28;2025-12-09;16;843
28;2025-12-09;17;975
28;2025-12-09;18;925
28;2025-12-09;19;690
28;2025-12-09;20;499
28;2025-12-09;21;320
28;2025-12-09;22;130
28;2025-12-09;23;14
50;2025-12-09;0;15
50;2025-12-09;1;3
50;2025-12-09;2;0
50;2025-12-09;3;0
50;2025-12-09;4;0
50;2025-12-09;5;58
50;2025-12-09;6;541
50;2025-12-09;7;1736
50;2025-12-09;8;2716
50;2025-12-09;9;2176
50;2025-12-09;10;1666
50;2025-12-09;11;1584
50;2025-12-09;12;1507
50;2025-12-09;13;1484
50;2025-12-09;14;1421
50;2025-12-09;15;1724
50;2025-12-09;16;1740
50;2025-12-09;17;2361
50;2025-12-09;18;2440
50;2025-12-09;19;1501
50;2025-12-09;20;912
50;2025-12-09;21;592
50;2025-12-09;22;240
50;2025-12-09;23;128
1;2025-12-10;0;0
1;2025-12-10;1;0
1;2025-12-10;2;0
1;2025-12-10;3;0
1;2025-12-10;4;0
1;2025-12-10;5;125
1;2025-12-10;6;557
1;2025-12-10;7;1492
1;2025-12-10;8;1875
1;2025-12-10;9;1465
1;2025-12-10;10;1334
1;2025-12-10;11;1326
1;2025-12-10;12;1379
1;2025-12-10;13;1392
1;2025-12-10;14;1378
1;2025-12-10;15;1504
1;2025-12-10;16;1481
1;2025-12-10;17;1787
1;2025-12-10;18;1779
1;2025-12-10;19;1370
1;2025-12-10;20;869
1;2025-12-10;21;489
1;2025-12-10;22;244
1;2025-12-10;23;29
5;2025-12-10;0;0
5;2025-12-10;1;0
5;2025-12-10;2;0
5;2025-12-10;3;0
5;2025-12-10;4;0
5;2025-12-10;5;0
5;2025-12-10;6;0
5;2025-12-10;7;0
5;2025-12-10;8;0
5;2025-12-10;9;0
5;2025-12-10;10;0
5;2025-12-10;11;0
5;2025-12-10;12;0
5;2025-12-10;13;0
5;2025-12-10;14;0
5;2025-12-10;15;0
5;2025-12-10;16;0
5;2025-12-10;17;0
5;2025-12-10;18;0
5;2025-12-10;19;0
5;2025-12-10;20;0
5;2025-12-10;21;0
5;2025-12-10;22;0
5;2025-12-10;23;0
7;2025-12-10;0;41
7;2025-12-10;1;0
7;2025-12-10;2;0
7;2025-12-10;3;0
7;2025-12-10;4;0
7;2025-12-10;5;175
7;2025-12-10;6;714
7;2025-12-10;7;1661
7;2025-12-10;8;2502
7;2025-12-10;9;1914
7;2025-12-10;10;1676
7;2025-12-10;11;1496
7;2025-12-10;12;1611
7;2025-12-10;13;1558
7;2025-12-10;14;1685
7;2025-12-10;15;1806
7;2025-12-10;16;1881
7;2025-12-10;17;2386
7;2025-12-10;18;2580
7;2025-12-10;19;1776
7;2025-12-10;20;1094
7;2025-12-10;21;614
7;2025-12-10;22;302
7;2025-12-10;23;150
11;2025-12-10;0;45
11;2025-12-10;1;0
11;2025-12-10;2;0
11;2025-12-10;3;0
11;2025-12-10;4;0
11;2025-12-10;5;250
11;2025-12-10;6;1272
11;2025-12-10;7;2441
11;2025-12-10;8;3175
11;2025-12-10;9;2465
11;2025-12-10;10;1890
11;2025-12-10;11;1867
11;2025-12-10;12;1894
11;2025-12-10;13;2048
11;2025-12-10;14;2014
11;2025-12-10;15;2078
11;2025-12-10;16;2277
11;2025-12-10;17;2860
11;2025-12-10;18;3108
11;2025-12-10;19;2303
11;2025-12-10;20;1490
11;2025-12-10;21;842
11;2025-12-10;22;406
11;2025-12-10;23;221
12;2025-12-10;0;38
12;2025-12-10;1;0
12;2025-12-10;2;0
12;2025-12-10;3;0
12;2025-12-10;4;0
12;2025-12-10;5;305
12;2025-12-10;6;1376
12;2025-12-10;7;2728
12;2025-12-10;8;3567
12;2025-12-10;9;2544
12;2025-12-10;10;2191
12;2025-12-10;11;2144
12;2025-12-10;12;2168
12;2025-12-10;13;2136
12;2025-12-10;14;2102
12;2025-12-10;15;2393
12;2025-12-10;16;2841
12;2025-12-10;17;3125
12;2025-12-10;18;3209
12;2025-12-10;19;2512
12;2025-12-10;20;1534
12;2025-12-10;21;934
12;2025-12-10;22;461
12;2025-12-10;23;236
17;2025-12-10;0;84
17;2025-12-10;1;0
17;2025-12-10;2;0
17;2025-12-10;3;0
17;2025-12-10;4;10
17;2025-12-10;5;311
17;2025-12-10;6;1521
17;2025-12-10;7;3958
17;2025-12-10;8;5203
17;2025-12-10;9;3731
17;2025-12-10;10;2985
17;2025-12-10;11;2937
17;2025-12-10;12;2976
17;2025-12-10;13;3008
17;2025-12-10;14;3098
17;2025-12-10;15;3226
17;2025-12-10;16;3626
17;2025-12-10;17;4441
17;2025-12-10;18;4792
17;2025-12-10;19;3378
17;2025-12-10;20;2333
17;2025-12-10;21;1459
17;2025-12-10;22;738
17;2025-12-10;23;344
25;2025-12-10;0;0
25;2025-12-10;1;0
25;2025-12-10;2;0
25;2025-12-10;3;0
25;2025-12-10;4;0
25;2025-12-10;5;0
25;2025-12-10;6;148
25;2025-12-10;7;516
25;2025-12-10;8;851
25;2025-12-10;9;457
25;2025-12-10;10;357
25;2025-12-10;11;380
25;2025-12-10;12;377
25;2025-12-10;13;454
25;2025-12-10;14;391
25;2025-12-10;15;487
25;2025-12-10;16;620
25;2025-12-10;17;684
25;2025-12-10;18;732
25;2025-12-10;19;475
25;2025-12-10;20;309
25;2025-12-10;21;186
25;2025-12-10;22;88
25;2025-12-10;23;0
26;2025-12-10;0;7
26;2025-12-10;1;0
26;2025-12-10;2;0
26;2025-12-10;3;0
26;2025-12-10;4;0
26;2025-12-10;5;68
26;2025-12-10;6;495
26;2025-12-10;7;1070
26;2025-12-10;8;2192
26;2025-12-10;9;1444
26;2025-12-10;10;1194
26;2025-12-10;11;1122
26;2025-12-10;12;1129
26;2025-12-10;13;1168
26;2025-12-10;14;1242
26;2025-12-10;15;1331
26;2025-12-10;16;1531
26;2025-12-10;17;1693
26;2025-12-10;18;1857
26;2025-12-10;19;1243
26;2025-12-10;20;760
26;2025-12-10;21;478
26;2025-12-10;22;200
26;2025-12-10;23;99
28;2025-12-10;0;1
28;2025-12-10;1;0
28;2025-12-10;2;0
28;2025-12-10;3;0
28;2025-12-10;4;0
28;2025-12-10;5;73
28;2025-12-10;6;280
28;2025-12-10;7;753
28;2025-12-10;8;1190
28;2025-12-10;9;851
28;2025-12-10;10;636
28;2025-12-10;11;573
28;2025-12-10;12;714
28;2025-12-10;13;739
28;2025-12-10;14;655
28;2025-12-10;15;680
28;2025-12-10;16;867
28;2025-12-10;17;980
28;2025-12-10;18;926
28;2025-12-10;19;697
28;2025-12-10;20;493
28;2025-12-10;21;313
28;2025-12-10;22;132
28;2025-12-10;23;8
50;2025-12-10;0;18
50;2025-12-10;1;1
50;2025-12-10;2;0
50;2025-12-10;3;0
50;2025-12-10;4;0
50;2025-12-10;5;55
50;2025-12-10;6;511
50;2025-12-10;7;1736
50;2025-12-10;8;2718
50;2025-12-10;9;2152
50;2025-12-10;10;1663
50;2025-12-10;11;1573
50;2025-12-10;12;1495
50;2025-12-10;13;1474
50;2025-12-10;14;1419
50;2025-12-10;15;1720
50;2025-12-10;16;1745
50;2025-12-10;17;2380
50;2025-12-10;18;2460
50;2025-12-10;19;1510
50;2025-12-10;20;913
50;2025-12-10;21;601
50;2025-12-10;22;252
50;2025-12-10;23;119
1;2025-12-11;0;0
1;2025-12-11;1;0
1;2025-12-11;2;0
1;2025-12-11;3;0
1;2025-12-11;4;0
1;2025-12-11;5;120
1;2025-12-11;6;532
1;2025-12-11;7;1473
1;2025-12-11;8;1851
1;2025-12-11;9;1432
1;2025-12-11;10;1298
1;2025-12-11;11;1357
1;2025-12-11;12;1378
1;2025-12-11;13;1414
1;2025-12-11;14;1369
1;2025-12-11;15;1498
1;2025-12-11;16;1477
1;2025-12-11;17;1754
1;2025-12-11;18;1749
1;2025-12-11;19;1326
1;2025-12-11;20;904
1;2025-12-11;21;475
1;2025-12-11;22;249
1;2025-12-11;23;54
5;2025-12-11;0;0
5;2025-12-11;1;0
5;2025-12-11;2;0
5;2025-12-11;3;0
5;2025-12-11;4;0
5;2025-12-11;5;0
5;2025-12-11;6;0
5;2025-12-11;7;0
5;2025-12-11;8;0
5;2025-12-11;9;0
5;2025-12-11;10;0
5;2025-12-11;11;0
5;2025-12-11;12;0
5;2025-12-11;13;0
5;2025-12-11;14;0
5;2025-12-11;15;0
5;2025-12-11;16;0
5;2025-12-11;17;0
5;2025-12-11;18;0
5;2025-12-11;19;0
5;2025-12-11;20;0
5;2025-12-11;21;0
5;2025-12-11;22;0
5;2025-12-11;23;0
7;2025-12-11;0;37
7;2025-12-11;1;0
7;2025-12-11;2;0
7;2025-12-11;3;0
7;2025-12-11;4;0
7;2025-12-11;5;176
7;2025-12-11;6;737
7;2025-12-11;7;1651
7;2025-12-11;8;2474
7;2025-12-11;9;1906
7;2025-12-11;10;1671
7;2025-12-11;11;1499
7;2025-12-11;12;1618
7;2025-12-11;13;1573
7;2025-12-11;14;1690
7;2025-12-11;15;1766
7;2025-12-11;16;1901
7;2025-12-11;17;2393
7;2025-12-11;18;2599
7;2025-12-11;19;1814
7;2025-12-11;20;1109
7;2025-12-11;21;646
7;2025-12-11;22;298
7;2025-12-11;23;162
11;2025-12-11;0;42
11;2025-12-11;1;0
11;2025-12-11;2;0
11;2025-12-11;3;0
11;2025-12-11;4;0
11;2025-12-11;5;274
11;2025-12-11;6;1271
11;2025-12-11;7;2386
11;2025-12-11;8;3135
11;2025-12-11;9;2465
11;2025-12-11;10;1904
11;2025-12-11;11;1880
11;2025-12-11;12;1921
11;2025-12-11;13;2026
11;2025-12-11;14;2072
11;2025-12-11;15;2075
11;2025-12-11;16;2303
11;2025-12-11;17;2869
11;2025-12-11;18;3084
11;2025-12-11;19;2295
11;2025-12-11;20;1474
11;2025-12-11;21;883
11;2025-12-11;22;414
11;2025-12-11;23;230
12;2025-12-11;0;37
12;2025-12-11;1;0
12;2025-12-11;2;0
12;2025-12-11;3;0
12;2025-12-11;4;0
12;2025-12-11;5;306
12;2025-12-11;6;1362
12;2025-12-11;7;2763
12;2025-12-11;8;3535
12;2025-12-11;9;2508
12;2025-12-11;10;2158
12;2025-12-11;11;2174
12;2025-12-11;12;2164
12;2025-12-11;13;2129
12;2025-12-11;14;2133
12;2025-12-11;15;2370
12;2025-12-11;16;2881
12;2025-12-11;17;3147
12;2025-12-11;18;3184
12;2025-12-11;19;2485
12;2025-12-11;20;1511
12;2025-12-11;21;917
12;2025-12-11;22;476
12;2025-12-11;23;238
17;2025-12-11;0;93
17;2025-12-11;1;0
17;2025-12-11;2;0
17;2025-12-11;3;0
17;2025-12-11;4;7
17;2025-12-11;5;305
17;2025-12-11;6;1499
17;2025-12-11;7;3950
17;2025-12-11;8;5151
17;2025-12-11;9;3741
17;2025-12-11;10;2962
17;2025-12-11;11;2935
17;2025-12-11;12;2997
17;2025-12-11;13;3040
17;2025-12-11;14;3135
17;2025-12-11;15;3264
17;2025-12-11;16;3663
17;2025-12-11;17;4415
17;2025-12-11;18;4763
17;2025-12-11;19;3344
17;2025-12-11;20;2327
17;2025-12-11;21;1441
17;2025-12-11;22;746
17;2025-12-11;23;360
25;2025-12-11;0;0
25;2025-12-11;1;0
25;2025-12-11;2;0
25;2025-12-11;3;0
25;2025-12-11;4;0
25;2025-12-11;5;7
25;2025-12-11;6;148
25;2025-12-11;7;503
25;2025-12-11;8;848
25;2025-12-11;9;438
25;2025-12-11;10;358
25;2025-12-11;11;388
25;2025-12-11;12;376
25;2025-12-11;13;457
25;2025-12-11;14;401
25;2025-12-11;15;497
25;2025-12-11;16;627
25;2025-12-11;17;681
25;2025-12-11;18;719
25;2025-12-11;19;466
25;2025-12-11;20;297
25;2025-12-11;21;184
25;2025-12-11;22;97
25;2025-12-11;23;0
26;2025-12-11;0;7
26;2025-12-11;1;0
26;2025-12-11;2;0
26;2025-12-11;3;0
26;2025-12-11;4;0
26;2025-12-11;5;70
26;2025-12-11;6;505
26;2025-12-11;7;1066
26;2025-12-11;8;2145
26;2025-12-11;9;1440
26;2025-12-11;10;1175
26;2025-12-11;11;1125
26;2025-12-11;12;1134
26;2025-12-11;13;1169
26;2025-12-11;14;1235
26;2025-12-11;15;1317
26;2025-12-11;16;1539
26;2025-12-11;17;1707
26;2025-12-11;18;1833
26;2025-12-11;19;1259
26;2025-12-11;20;765
26;2025-12-11;21;482
26;2025-12-11;22;202
26;2025-12-11;23;112
28;2025-12-11;0;1
28;2025-12-11;1;0
28;2025-12-11;2;0
28;2025-12-11;3;0
28;2025-12-11;4;0
28;2025-12-11;5;65
28;2025-12-11;6;263
28;2025-12-11;7;745
28;2025-12-11;8;1186
28;2025-12-11;9;846
28;2025-12-11;10;649
28;2025-12-11;11;575
28;2025-12-11;12;711
28;2025-12-11;13;738
28;2025-12-11;14;665
28;2025-12-11;15;687
28;2025-12-11;16;859
28;2025-12-11;17;981
28;2025-12-11;18;915
28;2025-12-11;19;664
28;2025-12-11;20;478
28;2025-12-11;21;325
28;2025-12-11;22;135
28;2025-12-11;23;16
50;2025-12-11;0;15
50;2025-12-11;1;0
50;2025-12-11;2;0
50;2025-12-11;3;0
50;2025-12-11;4;0
50;2025-12-11;5;58
50;2025-12-11;6;524
50;2025-12-11;7;1730
50;2025-12-11;8;2716
50;2025-12-11;9;2169
50;2025-12-11;10;1658
50;2025-12-11;11;1601
50;2025-12-11;12;1530
50;2025-12-11;13;1480
50;2025-12-11;14;1418
50;2025-12-11;15;1730
50;2025-12-11;16;1793
50;2025-12-11;17;2371
50;2025-12-11;18;2446
50;2025-12-11;19;1460
50;2025-12-11;20;937
50;2025-12-11;21;636
50;2025-12-11;22;246
50;2025-12-11;23;130
1;2025-12-12;0;0
1;2025-12-12;1;0
1;2025-12-12;2;0
1;2025-12-12;3;0
1;2025-12-12;4;0
1;2025-12-12;5;123
1;2025-12-12;6;521
1;2025-12-12;7;1431
1;2025-12-12;8;1784
1;2025-12-12;9;1446
1;2025-12-12;10;1285
1;2025-12-12;11;1352
1;2025-12-12;12;1358
1;2025-12-12;13;1371
1;2025-12-12;14;1265
1;2025-12-12;15;1462
1;2025-12-12;16;1497
1;2025-12-12;17;1733
1;2025-12-12;18;1604
1;2025-12-12;19;1246
1;2025-12-12;20;811
1;2025-12-12;21;488
1;2025-12-12;22;246
1;2025-12-12;23;41
5;2025-12-12;0;0
5;2025-12-12;1;0
5;2025-12-12;2;0
5;2025-12-12;3;0
5;2025-12-12;4;0
5;2025-12-12;5;0
5;2025-12-12;6;0
5;2025-12-12;7;0
5;2025-12-12;8;0
5;2025-12-12;9;0
5;2025-12-12;10;0
5;2025-12-12;11;0
5;2025-12-12;12;0
5;2025-12-12;13;0
5;2025-12-12;14;0
5;2025-12-12;15;0
5;2025-12-12;16;0
5;2025-12-12;17;0
5;2025-12-12;18;0
5;2025-12-12;19;0
5;2025-12-12;20;0
5;2025-12-12;21;0
5;2025-12-12;22;0
5;2025-12-12;23;0
7;2025-12-12;0;35
7;2025-12-12;1;0
7;2025-12-12;2;0
7;2025-12-12;3;0
7;2025-12-12;4;0
7;2025-12-12;5;168
7;2025-12-12;6;679
7;2025-12-12;7;1608
7;2025-12-12;8;2408
7;2025-12-12;9;1849
7;2025-12-12;10;1664
7;2025-12-12;11;1490
7;2025-12-12;12;1605
7;2025-12-12;13;1617
7;2025-12-12;14;1697
7;2025-12-12;15;1770
7;2025-12-12;16;1886
7;2025-12-12;17;2256
7;2025-12-12;18;2173
7;2025-12-12;19;1596
7;2025-12-12;20;1068
7;2025-12-12;21;589
7;2025-12-12;22;331
7;2025-12-12;23;201
11;2025-12-12;0;49
11;2025-12-12;1;0
11;2025-12-12;2;0
11;2025-12-12;3;0
11;2025-12-12;4;0
11;2025-12-12;5;250
11;2025-12-12;6;1259
11;2025-12-12;7;2314
11;2025-12-12;8;3038
11;2025-12-12;9;2347
11;2025-12-12;10;1831
11;2025-12-12;11;1843
11;2025-12-12;12;1886
11;2025-12-12;13;1940
11;2025-12-12;14;1970
11;2025-12-12;15;2041
11;2025-12-12;16;2320
11;2025-12-12;17;2853
11;2025-12-12;18;2769
11;2025-12-12;19;2146
11;2025-12-12;20;1443
11;2025-12-12;21;833
11;2025-12-12;22;415
11;2025-12-12;23;253
12;2025-12-12;0;40
12;2025-12-12;1;0
12;2025-12-12;2;0
12;2025-12-12;3;0
12;2025-12-12;4;0
12;2025-12-12;5;295
12;2025-12-12;6;1333
12;2025-12-12;7;2660
12;2025-12-12;8;3420
12;2025-12-12;9;2454
12;2025-12-12;10;2081
12;2025-12-12;11;2089
12;2025-12-12;12;2125
12;2025-12-12;13;2059
12;2025-12-12;14;2095
12;2025-12-12;15;2371
12;2025-12-12;16;2852
12;2025-12-12;17;3037
12;2025-12-12;18;2789
12;2025-12-12;19;2341
12;2025-12-12;20;1467
12;2025-12-12;21;928
12;2025-12-12;22;470
12;2025-12-12;23;266
17;2025-12-12;0;96
17;2025-12-12;1;2
17;2025-12-12;2;0
17;2025-12-12;3;0
17;2025-12-12;4;6
17;2025-12-12;5;306
17;2025-12-12;6;1513
17;2025-12-12;7;3890
17;2025-12-12;8;4948
17;2025-12-12;9;3653
17;2025-12-12;10;2922
17;2025-12-12;11;2941
17;2025-12-12;12;2962
17;2025-12-12;13;2998
17;2025-12-12;14;3021
17;2025-12-12;15;3276
17;2025-12-12;16;3744
17;2025-12-12;17;4466
17;2025-12-12;18;4467
17;2025-12-12;19;3260
17;2025-12-12;20;2305
17;2025-12-12;21;1518
17;2025-12-12;22;785
17;2025-12-12;23;419
25;2025-12-12;0;0
25;2025-12-12;1;0
25;2025-12-12;2;0
25;2025-12-12;3;0
25;2025-12-12;4;0
25;2025-12-12;5;2
25;2025-12-12;6;146
25;2025-12-12;7;499
25;2025-12-12;8;811
25;2025-12-12;9;437
25;2025-12-12;10;349
25;2025-12-12;11;389
25;2025-12-12;12;371
25;2025-12-12;13;453
25;2025-12-12;14;423
25;2025-12-12;15;505
25;2025-12-12;16;671
25;2025-12-12;17;692
25;2025-12-12;18;656
25;2025-12-12;19;451
25;2025-12-12;20;288
25;2025-12-12;21;183
25;2025-12-12;22;84
25;2025-12-12;23;0
26;2025-12-12;0;15
26;2025-12-12;1;0
26;2025-12-12;2;0
26;2025-12-12;3;0
26;2025-12-12;4;0
26;2025-12-12;5;63
26;2025-12-12;6;483
26;2025-12-12;7;1029
26;2025-12-12;8;2045
26;2025-12-12;9;1390
26;2025-12-12;10;1170
26;2025-12-12;11;1099
26;2025-12-12;12;1104
26;2025-12-12;13;1130
26;2025-12-12;14;1228
26;2025-12-12;15;1280
26;2025-12-12;16;1554
26;2025-12-12;17;1670
26;2025-12-12;18;1621
26;2025-12-12;19;1127
26;2025-12-12;20;710
26;2025-12-12;21;441
26;2025-12-12;22;206
26;2025-12-12;23;129
28;2025-12-12;0;1
28;2025-12-12;1;0
28;2025-12-12;2;0
28;2025-12-12;3;0
28;2025-12-12;4;0
28;2025-12-12;5;65
28;2025-12-12;6;253
28;2025-12-12;7;720
28;2025-12-12;8;1154
28;2025-12-12;9;831
28;2025-12-12;10;641
28;2025-12-12;11;565
28;2025-12-12;12;701
28;2025-12-12;13;713
28;2025-12-12;14;653
28;2025-12-12;15;683
28;2025-12-12;16;858
28;2025-12-12;17;987
28;2025-12-12;18;843
28;2025-12-12;19;624
28;2025-12-12;20;462
28;2025-12-12;21;316
28;2025-12-12;22;133
28;2025-12-12;23;16
50;2025-12-12;0;16
50;2025-12-12;1;4
50;2025-12-12;2;0
50;2025-12-12;3;0
50;2025-12-12;4;0
50;2025-12-12;5;57
50;2025-12-12;6;506
50;2025-12-12;7;1676
50;2025-12-12;8;2612
50;2025-12-12;9;2082
50;2025-12-12;10;1605
50;2025-12-12;11;1566
50;2025-12-12;12;1509
50;2025-12-12;13;1472
50;2025-12-12;14;1427
50;2025-12-12;15;1743
50;2025-12-12;16;1858
50;2025-12-12;17;2243
50;2025-12-12;18;1926
50;2025-12-12;19;1242
50;2025-12-12;20;829
50;2025-12-12;21;529
50;2025-12-12;22;257
50;2025-12-12;23;145
1;2025-12-13;0;0
1;2025-12-13;1;0
1;2025-12-13;2;0
1;2025-12-13;3;0
1;2025-12-13;4;0
1;2025-12-13;5;14
1;2025-12-13;6;179
1;2025-12-13;7;316
1;2025-12-13;8;419
1;2025-12-13;9;727
1;2025-12-13;10;815
1;2025-12-13;11;761
1;2025-12-13;12;937
1;2025-12-13;13;965
1;2025-12-13;14;911
1;2025-12-13;15;815
1;2025-12-13;16;736
1;2025-12-13;17;706
1;2025-12-13;18;574
1;2025-12-13;19;533
1;2025-12-13;20;397
1;2025-12-13;21;278
1;2025-12-13;22;109
1;2025-12-13;23;19
5;2025-12-13;0;0
5;2025-12-13;1;0
5;2025-12-13;2;0
5;2025-12-13;3;0
5;2025-12-13;4;0
5;2025-12-13;5;0
5;2025-12-13;6;0
5;2025-12-13;7;0
5;2025-12-13;8;0
5;2025-12-13;9;0
5;2025-12-13;10;0
5;2025-12-13;11;0
5;2025-12-13;12;0
5;2025-12-13;13;0
5;2025-12-13;14;0
5;2025-12-13;15;0
5;2025-12-13;16;0
5;2025-12-13;17;0
5;2025-12-13;18;0
5;2025-12-13;19;0
5;2025-12-13;20;0
5;2025-12-13;21;0
5;2025-12-13;22;0
5;2025-12-13;23;0
7;2025-12-13;0;63
7;2025-12-13;1;1
7;2025-12-13;2;0
7;2025-12-13;3;0
7;2025-12-13;4;0
7;2025-12-13;5;44
7;2025-12-13;6;307
7;2025-12-13;7;476
7;2025-12-13;8;866
7;2025-12-13;9;1003
7;2025-12-13;10;998
7;2025-12-13;11;1097
7;2025-12-13;12;1274
7;2025-12-13;13;1271
7;2025-12-13;14;1415
7;2025-12-13;15;1320
7;2025-12-13;16;1309
7;2025-12-13;17;1286
7;2025-12-13;18;1169
7;2025-12-13;19;1126
7;2025-12-13;20;790
7;2025-12-13;21;563
7;2025-12-13;22;302
7;2025-12-13;23;112
11;2025-12-13;0;70
11;2025-12-13;1;0
11;2025-12-13;2;0
11;2025-12-13;3;0
11;2025-12-13;4;0
11;2025-12-13;5;169
11;2025-12-13;6;759
11;2025-12-13;7;743
11;2025-12-13;8;973
11;2025-12-13;9;1164
11;2025-12-13;10;1228
11;2025-12-13;11;1548
11;2025-12-13;12;1632
11;2025-12-13;13;1665
11;2025-12-13;14;1700
11;2025-12-13;15;1694
11;2025-12-13;16;1710
11;2025-12-13;17;1810
11;2025-12-13;18;1543
11;2025-12-13;19;1390
11;2025-12-13;20;1039
11;2025-12-13;21;710
11;2025-12-13;22;389
11;2025-12-13;23;253
12;2025-12-13;0;51
12;2025-12-13;1;0
12;2025-12-13;2;0
12;2025-12-13;3;0
12;2025-12-13;4;3
12;2025-12-13;5;213
12;2025-12-13;6;805
12;2025-12-13;7;871
12;2025-12-13;8;1040
12;2025-12-13;9;1180
12;2025-12-13;10;1415
12;2025-12-13;11;1468
12;2025-12-13;12;1476
12;2025-12-13;13;1629
12;2025-12-13;14;1593
12;2025-12-13;15;1538
12;2025-12-13;16;1588
12;2025-12-13;17;1559
12;2025-12-13;18;1508
12;2025-12-13;19;1337
12;2025-12-13;20;968
12;2025-12-13;21;664
12;2025-12-13;22;376
12;2025-12-13;23;244
17;2025-12-13;0;157
17;2025-12-13;1;5
17;2025-12-13;2;0
17;2025-12-13;3;0
17;2025-12-13;4;0
17;2025-12-13;5;126
17;2025-12-13;6;552
17;2025-12-13;7;1168
17;2025-12-13;8;1628
17;2025-12-13;9;2087
17;2025-12-13;10;2226
17;2025-12-13;11;2646
17;2025-12-13;12;2836
17;2025-12-13;13;2973
17;2025-12-13;14;3022
17;2025-12-13;15;3113
17;2025-12-13;16;3155
17;2025-12-13;17;3083
17;2025-12-13;18;2818
17;2025-12-13;19;2251
17;2025-12-13;20;1752
17;2025-12-13;21;1266
17;2025-12-13;22;792
17;2025-12-13;23;372
25;2025-12-13;0;0
25;2025-12-13;1;0
25;2025-12-13;2;0
25;2025-12-13;3;0
25;2025-12-13;4;0
25;2025-12-13;5;0
25;2025-12-13;6;44
25;2025-12-13;7;137
25;2025-12-13;8;280
25;2025-12-13;9;260
25;2025-12-13;10;259
25;2025-12-13;11;319
25;2025-12-13;12;337
25;2025-12-13;13;453
25;2025-12-13;14;447
25;2025-12-13;15;559
25;2025-12-13;16;511
25;2025-12-13;17;443
25;2025-12-13;18;398
25;2025-12-13;19;356
25;2025-12-13;20;236
25;2025-12-13;21;171
25;2025-12-13;22;90
25;2025-12-13;23;23
26;2025-12-13;0;15
26;2025-12-13;1;0
26;2025-12-13;2;0
26;2025-12-13;3;0
26;2025-12-13;4;0
26;2025-12-13;5;21
26;2025-12-13;6;266
26;2025-12-13;7;337
26;2025-12-13;8;611
26;2025-12-13;9;675
26;2025-12-13;10;773
26;2025-12-13;11;929
26;2025-12-13;12;918
26;2025-12-13;13;997
26;2025-12-13;14;955
26;2025-12-13;15;954
26;2025-12-13;16;980
26;2025-12-13;17;891
26;2025-12-13;18;849
26;2025-12-13;19;752
26;2025-12-13;20;500
26;2025-12-13;21;322
26;2025-12-13;22;159
26;2025-12-13;23;111
28;2025-12-13;0;1
28;2025-12-13;1;0
28;2025-12-13;2;0
28;2025-12-13;3;0
28;2025-12-13;4;0
28;2025-12-13;5;22
28;2025-12-13;6;102
28;2025-12-13;7;202
28;2025-12-13;8;345
28;2025-12-13;9;440
28;2025-12-13;10;457
28;2025-12-13;11;460
28;2025-12-13;12;554
28;2025-12-13;13;553
28;2025-12-13;14;559
28;2025-12-13;15;536
28;2025-12-13;16;533
28;2025-12-13;17;546
28;2025-12-13;18;457
28;2025-12-13;19;370
28;2025-12-13;20;306
28;2025-12-13;21;254
28;2025-12-13;22;112
28;2025-12-13;23;7
50;2025-12-13;0;34
50;2025-12-13;1;1
50;2025-12-13;2;0
50;2025-12-13;3;0
50;2025-12-13;4;0
50;2025-12-13;5;21
50;2025-12-13;6;235
50;2025-12-13;7;398
50;2025-12-13;8;669
50;2025-12-13;9;759
50;2025-12-13;10;734
50;2025-12-13;11;898
50;2025-12-13;12;886
50;2025-12-13;13;887
50;2025-12-13;14;926
50;2025-12-13;15;954
50;2025-12-13;16;914
50;2025-12-13;17;973
50;2025-12-13;18;752
50;2025-12-13;19;711
50;2025-12-13;20;520
50;2025-12-13;21;386
50;2025-12-13;22;201
50;2025-12-13;23;99
1;2025-12-14;0;0
1;2025-12-14;1;0
1;2025-12-14;2;0
1;2025-12-14;3;0
1;2025-12-14;4;0
1;2025-12-14;5;7
1;2025-12-14;6;93
1;2025-12-14;7;216
1;2025-12-14;8;302
1;2025-12-14;9;559
1;2025-12-14;10;654
1;2025-12-14;11;638
1;2025-12-14;12;761
1;2025-12-14;13;792
1;2025-12-14;14;742
1;2025-12-14;15;684
1;2025-12-14;16;610
1;2025-12-14;17;577
1;2025-12-14;18;500
1;2025-12-14;19;432
1;2025-12-14;20;331
1;2025-12-14;21;231
1;2025-12-14;22;96
1;2025-12-14;23;14
5;2025-12-14;0;0
5;2025-12-14;1;0
5;2025-12-14;2;0
5;2025-12-14;3;0
5;2025-12-14;4;0
5;2025-12-14;5;0
5;2025-12-14;6;0
5;2025-12-14;7;0
5;2025-12-14;8;0
5;2025-12-14;9;0
5;2025-12-14;10;0
5;2025-12-14;11;0
5;2025-12-14;12;0
5;2025-12-14;13;0
5;2025-12-14;14;0
5;2025-12-14;15;0
5;2025-12-14;16;0
5;2025-12-14;17;0
5;2025-12-14;18;0
5;2025-12-14;19;0
5;2025-12-14;20;0
5;2025-12-14;21;0
5;2025-12-14;22;0
5;2025-12-14;23;0
7;2025-12-14;0;53
7;2025-12-14;1;0
7;2025-12-14;2;0
7;2025-12-14;3;0
7;2025-12-14;4;0
7;2025-12-14;5;22
7;2025-12-14;6;199
7;2025-12-14;7;306
7;2025-12-14;8;485
7;2025-12-14;9;664
7;2025-12-14;10;688
7;2025-12-14;11;901
7;2025-12-14;12;1070
7;2025-12-14;13;1108
7;2025-12-14;14;1208
7;2025-12-14;15;1104
7;2025-12-14;16;1015
7;2025-12-14;17;1097
7;2025-12-14;18;950
7;2025-12-14;19;848
7;2025-12-14;20;609
7;2025-12-14;21;475
7;2025-12-14;22;257
7;2025-12-14;23;75
11;2025-12-14;0;74
11;2025-12-14;1;0
11;2025-12-14;2;0
11;2025-12-14;3;0
11;2025-12-14;4;0
11;2025-12-14;5;102
11;2025-12-14;6;488
11;2025-12-14;7;536
11;2025-12-14;8;656
11;2025-12-14;9;884
11;2025-12-14;10;1021
11;2025-12-14;11;1397
11;2025-12-14;12;1477
11;2025-12-14;13;1489
11;2025-12-14;14;1514
11;2025-12-14;15;1543
11;2025-12-14;16;1541
11;2025-12-14;17;1669
11;2025-12-14;18;1401
11;2025-12-14;19;1138
11;2025-12-14;20;867
11;2025-12-14;21;601
11;2025-12-14;22;339
11;2025-12-14;23;200
12;2025-12-14;0;62
12;2025-12-14;1;0
12;2025-12-14;2;0
12;2025-12-14;3;0
12;2025-12-14;4;0
12;2025-12-14;5;127
12;2025-12-14;6;481
12;2025-12-14;7;625
12;2025-12-14;8;703
12;2025-12-14;9;899
12;2025-12-14;10;1171
12;2025-12-14;11;1312
12;2025-12-14;12;1352
12;2025-12-14;13;1521
12;2025-12-14;14;1488
12;2025-12-14;15;1399
12;2025-12-14;16;1463
12;2025-12-14;17;1486
12;2025-12-14;18;1316
12;2025-12-14;19;1024
12;2025-12-14;20;744
12;2025-12-14;21;558
12;2025-12-14;22;346
12;2025-12-14;23;210
17;2025-12-14;0;123
17;2025-12-14;1;5
17;2025-12-14;2;0
17;2025-12-14;3;0
17;2025-12-14;4;0
17;2025-12-14;5;89
17;2025-12-14;6;388
17;2025-12-14;7;755
17;2025-12-14;8;1212
17;2025-12-14;9;1636
17;2025-12-14;10;1921
17;2025-12-14;11;2421
17;2025-12-14;12;2693
17;2025-12-14;13;2834
17;2025-12-14;14;2884
17;2025-12-14;15;2952
17;2025-12-14;16;2957
17;2025-12-14;17;2840
17;2025-12-14;18;2502
17;2025-12-14;19;2068
17;2025-12-14;20;1567
17;2025-12-14;21;1095
17;2025-12-14;22;690
17;2025-12-14;23;285
25;2025-12-14;0;8
25;2025-12-14;1;0
25;2025-12-14;2;0
25;2025-12-14;3;0
25;2025-12-14;4;0
25;2025-12-14;5;0
25;2025-12-14;6;33
25;2025-12-14;7;81
25;2025-12-14;8;156
25;2025-12-14;9;161
25;2025-12-14;10;188
25;2025-12-14;11;242
25;2025-12-14;12;278
25;2025-12-14;13;368
25;2025-12-14;14;379
25;2025-12-14;15;491
25;2025-12-14;16;458
25;2025-12-14;17;398
25;2025-12-14;18;337
25;2025-12-14;19;274
25;2025-12-14;20;191
25;2025-12-14;21;143
25;2025-12-14;22;80
25;2025-12-14;23;12
26;2025-12-14;0;19
26;2025-12-14;1;0
26;2025-12-14;2;0
26;2025-12-14;3;0
26;2025-12-14;4;0
26;2025-12-14;5;4
26;2025-12-14;6;124
26;2025-12-14;7;206
26;2025-12-14;8;351
26;2025-12-14;9;456
26;2025-12-14;10;536
26;2025-12-14;11;746
26;2025-12-14;12;772
26;2025-12-14;13;834
26;2025-12-14;14;808
26;2025-12-14;15;753
26;2025-12-14;16;763
26;2025-12-14;17;721
26;2025-12-14;18;670
26;2025-12-14;19;536
26;2025-12-14;20;381
26;2025-12-14;21;282
26;2025-12-14;22;144
26;2025-12-14;23;90
28;2025-12-14;0;1
28;2025-12-14;1;0
28;2025-12-14;2;0
28;2025-12-14;3;0
28;2025-12-14;4;0
28;2025-12-14;5;22
28;2025-12-14;6;62
28;2025-12-14;7;124
28;2025-12-14;8;217
28;2025-12-14;9;310
28;2025-12-14;10;349
28;2025-12-14;11;379
28;2025-12-14;12;445
28;2025-12-14;13;464
28;2025-12-14;14;470
28;2025-12-14;15;451
28;2025-12-14;16;437
28;2025-12-14;17;449
28;2025-12-14;18;380
28;2025-12-14;19;328
28;2025-12-14;20;247
28;2025-12-14;21;214
28;2025-12-14;22;99
28;2025-12-14;23;0
50;2025-12-14;0;8
50;2025-12-14;1;0
50;2025-12-14;2;0
50;2025-12-14;3;0
50;2025-12-14;4;0
50;2025-12-14;5;11
50;2025-12-14;6;157
50;2025-12-14;7;259
50;2025-12-14;8;396
50;2025-12-14;9;484
50;2025-12-14;10;495
50;2025-12-14;11;643
50;2025-12-14;12;701
50;2025-12-14;13;816
50;2025-12-14;14;806
50;2025-12-14;15;745
50;2025-12-14;16;740
50;2025-12-14;17;755
50;2025-12-14;18;634
50;2025-12-14;19;571
50;2025-12-14;20;461
50;2025-12-14;21;321
50;2025-12-14;22;173
50;2025-12-14;23;80
1;2025-12-15;0;0
1;2025-12-15;1;0
1;2025-12-15;2;0
1;2025-12-15;3;0
1;2025-12-15;4;0
1;2025-12-15;5;135
1;2025-12-15;6;519
1;2025-12-15;7;1424
1;2025-12-15;8;1790
1;2025-12-15;9;1393
1;2025-12-15;10;1262
1;2025-12-15;11;1278
1;2025-12-15;12;1332
1;2025-12-15;13;1355
1;2025-12-15;14;1346
1;2025-12-15;15;1472
1;2025-12-15;16;1487
1;2025-12-15;17;1773
1;2025-12-15;18;1773
1;2025-12-15;19;1368
1;2025-12-15;20;875
1;2025-12-15;21;483
1;2025-12-15;22;206
1;2025-12-15;23;45
5;2025-12-15;0;0
5;2025-12-15;1;0
5;2025-12-15;2;0
5;2025-12-15;3;0
5;2025-12-15;4;0
5;2025-12-15;5;0
5;2025-12-15;6;0
5;2025-12-15;7;0
5;2025-12-15;8;0
5;2025-12-15;9;0
5;2025-12-15;10;0
5;2025-12-15;11;0
5;2025-12-15;12;0
5;2025-12-15;13;0
5;2025-12-15;14;0
5;2025-12-15;15;0
5;2025-12-15;16;0
5;2025-12-15;17;0
5;2025-12-15;18;0
5;2025-12-15;19;0
5;2025-12-15;20;0
5;2025-12-15;21;0
5;2025-12-15;22;0
5;2025-12-15;23;0
7;2025-12-15;0;18
7;2025-12-15;1;0
7;2025-12-15;2;0
7;2025-12-15;3;0
7;2025-12-15;4;0
7;2025-12-15;5;191
7;2025-12-15;6;720
7;2025-12-15;7;1608
7;2025-12-15;8;2484
7;2025-12-15;9;1835
7;2025-12-15;10;1622
7;2025-12-15;11;1435
7;2025-12-15;12;1547
7;2025-12-15;13;1551
7;2025-12-15;14;1637
7;2025-12-15;15;1747
7;2025-12-15;16;1825
7;2025-12-15;17;2310
7;2025-12-15;18;2585
7;2025-12-15;19;1740
7;2025-12-15;20;1080
7;2025-12-15;21;574
7;2025-12-15;22;277
7;2025-12-15;23;172
11;2025-12-15;0;53
11;2025-12-15;1;0
11;2025-12-15;2;0
11;2025-12-15;3;0
11;2025-12-15;4;0
11;2025-12-15;5;287
11;2025-12-15;6;1308
11;2025-12-15;7;2339
11;2025-12-15;8;3149
11;2025-12-15;9;2374
11;2025-12-15;10;1781
11;2025-12-15;11;1824
11;2025-12-15;12;1840
11;2025-12-15;13;1968
11;2025-12-15;14;1980
11;2025-12-15;15;2066
11;2025-12-15;16;2297
11;2025-12-15;17;2848
11;2025-12-15;18;3105
11;2025-12-15;19;2274
11;2025-12-15;20;1505
11;2025-12-15;21;834
11;2025-12-15;22;400
11;2025-12-15;23;199
12;2025-12-15;0;42
12;2025-12-15;1;0
12;2025-12-15;2;0
12;2025-12-15;3;0
12;2025-12-15;4;8
12;2025-12-15;5;302
12;2025-12-15;6;1304
12;2025-12-15;7;2670
12;2025-12-15;8;3536
12;2025-12-15;9;2399
12;2025-12-15;10;2047
12;2025-12-15;11;1962
12;2025-12-15;12;2100
12;2025-12-15;13;2054
12;2025-12-15;14;2053
12;2025-12-15;15;2325
12;2025-12-15;16;2802
12;2025-12-15;17;3081
12;2025-12-15;18;3191
12;2025-12-15;19;2450
12;2025-12-15;20;1549
12;2025-12-15;21;915
12;2025-12-15;22;440
12;2025-12-15;23;240
17;2025-12-15;0;55
17;2025-12-15;1;1
17;2025-12-15;2;0
17;2025-12-15;3;0
17;2025-12-15;4;25
17;2025-12-15;5;308
17;2025-12-15;6;1522
17;2025-12-15;7;3991
17;2025-12-15;8;5235
17;2025-12-15;9;3720
17;2025-12-15;10;2933
17;2025-12-15;11;2884
17;2025-12-15;12;2928
17;2025-12-15;13;2980
17;2025-12-15;14;3069
17;2025-12-15;15;3212
17;2025-12-15;16;3623
17;2025-12-15;17;4430
17;2025-12-15;18;4803
17;2025-12-15;19;3405
17;2025-12-15;20;2307
17;2025-12-15;21;1408
17;2025-12-15;22;728
17;2025-12-15;23;321
25;2025-12-15;0;0
25;2025-12-15;1;0
25;2025-12-15;2;0
25;2025-12-15;3;0
25;2025-12-15;4;0
25;2025-12-15;5;11
25;2025-12-15;6;162
25;2025-12-15;7;526
25;2025-12-15;8;861
25;2025-12-15;9;432
25;2025-12-15;10;332
25;2025-12-15;11;353
25;2025-12-15;12;356
25;2025-12-15;13;436
25;2025-12-15;14;368
25;2025-12-15;15;458
25;2025-12-15;16;618
25;2025-12-15;17;680
25;2025-12-15;18;705
25;2025-12-15;19;476
25;2025-12-15;20;280
25;2025-12-15;21;169
25;2025-12-15;22;91
25;2025-12-15;23;1
26;2025-12-15;0;5
26;2025-12-15;1;0
26;2025-12-15;2;0
26;2025-12-15;3;0
26;2025-12-15;4;3
26;2025-12-15;5;86
26;2025-12-15;6;496
26;2025-12-15;7;1051
26;2025-12-15;8;2073
26;2025-12-15;9;1406
26;2025-12-15;10;1170
26;2025-12-15;11;1066
26;2025-12-15;12;1079
26;2025-12-15;13;1164
26;2025-12-15;14;1214
26;2025-12-15;15;1312
26;2025-12-15;16;1497
26;2025-12-15;17;1680
26;2025-12-15;18;1838
26;2025-12-15;19;1267
26;2025-12-15;20;761
26;2025-12-15;21;452
26;2025-12-15;22;202
26;2025-12-15;23;100
28;2025-12-15;0;1
28;2025-12-15;1;0
28;2025-12-15;2;0
28;2025-12-15;3;0
28;2025-12-15;4;1
28;2025-12-15;5;68
28;2025-12-15;6;241
28;2025-12-15;7;723
28;2025-12-15;8;1170
28;2025-12-15;9;836
28;2025-12-15;10;618
28;2025-12-15;11;525
28;2025-12-15;12;652
28;2025-12-15;13;682
28;2025-12-15;14;624
28;2025-12-15;15;637
28;2025-12-15;16;787
28;2025-12-15;17;958
28;2025-12-15;18;937
28;2025-12-15;19;696
28;2025-12-15;20;471
28;2025-12-15;21;288
28;2025-12-15;22;116
28;2025-12-15;23;10
50;2025-12-15;0;0
50;2025-12-15;1;0
50;2025-12-15;2;0
50;2025-12-15;3;0
50;2025-12-15;4;0
50;2025-12-15;5;58
50;2025-12-15;6;498
50;2025-12-15;7;1683
50;2025-12-15;8;2723
50;2025-12-15;9;2089
50;2025-12-15;10;1638
50;2025-12-15;11;1555
50;2025-12-15;12;1437
50;2025-12-15;13;1457
50;2025-12-15;14;1419
50;2025-12-15;15;1680
50;2025-12-15;16;1657
50;2025-12-15;17;2317
50;2025-12-15;18;2476
50;2025-12-15;19;1511
50;2025-12-15;20;911
50;2025-12-15;21;578
50;2025-12-15;22;254
50;2025-12-15;23;122
1;2025-12-16;0;1
1;2025-12-16;1;0
1;2025-12-16;2;0
1;2025-12-16;3;0
1;2025-12-16;4;3
1;2025-12-16;5;128
1;2025-12-16;6;553
1;2025-12-16;7;1497
1;2025-12-16;8;1875
1;2025-12-16;9;1470
1;2025-12-16;10;1325
1;2025-12-16;11;1353
1;2025-12-16;12;1362
1;2025-12-16;13;1379
1;2025-12-16;14;1365
1;2025-12-16;15;1492
1;2025-12-16;16;1477
1;2025-12-16;17;1761
1;2025-12-16;18;1756
1;2025-12-16;19;1361
1;2025-12-16;20;911
1;2025-12-16;21;499
1;2025-12-16;22;235
1;2025-12-16;23;38
5;2025-12-16;0;0
5;2025-12-16;1;0
5;2025-12-16;2;0
5;2025-12-16;3;0
5;2025-12-16;4;0
5;2025-12-16;5;0
5;2025-12-16;6;0
5;2025-12-16;7;0
5;2025-12-16;8;0
5;2025-12-16;9;0
5;2025-12-16;10;0
5;2025-12-16;11;0
5;2025-12-16;12;0
5;2025-12-16;13;0
5;2025-12-16;14;0
5;2025-12-16;15;0
5;2025-12-16;16;0
5;2025-12-16;17;0
5;2025-12-16;18;0
5;2025-12-16;19;0
5;2025-12-16;20;0
5;2025-12-16;21;0
5;2025-12-16;22;0
5;2025-12-16;23;0
7;2025-12-16;0;56
7;2025-12-16;1;11
7;2025-12-16;2;0
7;2025-12-16;3;0
7;2025-12-16;4;2
7;2025-12-16;5;185
7;2025-12-16;6;768
7;2025-12-16;7;1670
7;2025-12-16;8;2501
7;2025-12-16;9;1923
7;2025-12-16;10;1646
7;2025-12-16;11;1492
7;2025-12-16;12;1603
7;2025-12-16;13;1581
7;2025-12-16;14;1690
7;2025-12-16;15;1778
7;2025-12-16;16;1900
7;2025-12-16;17;2353
7;2025-12-16;18;2575
7;2025-12-16;19;1799
7;2025-12-16;20;1096
7;2025-12-16;21;631
7;2025-12-16;22;314
7;2025-12-16;23;179
11;2025-12-16;0;67
11;2025-12-16;1;6
11;2025-12-16;2;0
11;2025-12-16;3;0
11;2025-12-16;4;0
11;2025-12-16;5;277
11;2025-12-16;6;1297
11;2025-12-16;7;2406
11;2025-12-16;8;3183
11;2025-12-16;9;2466
11;2025-12-16;10;1905
11;2025-12-16;11;1862
11;2025-12-16;12;1893
11;2025-12-16;13;2021
11;2025-12-16;14;2056
11;2025-12-16;15;2123
11;2025-12-16;16;2315
11;2025-12-16;17;2885
11;2025-12-16;18;3104
11;2025-12-16;19;2322
11;2025-12-16;20;1482
11;2025-12-16;21;884
11;2025-12-16;22;415
11;2025-12-16;23;220
12;2025-12-16;0;49
12;2025-12-16;1;6
12;2025-12-16;2;0
12;2025-12-16;3;0
12;2025-12-16;4;9
12;2025-12-16;5;308
12;2025-12-16;6;1387
12;2025-12-16;7;2789
12;2025-12-16;8;3578
12;2025-12-16;9;2550
12;2025-12-16;10;2168
12;2025-12-16;11;2177
12;2025-12-16;12;2178
12;2025-12-16;13;2118
12;2025-12-16;14;2140
12;2025-12-16;15;2390
12;2025-12-16;16;2889
12;2025-12-16;17;3155
12;2025-12-16;18;3244
12;2025-12-16;19;2543
12;2025-12-16;20;1579
12;2025-12-16;21;934
12;2025-12-16;22;469
12;2025-12-16;23;250
17;2025-12-16;0;118
17;2025-12-16;1;12
17;2025-12-16;2;0
17;2025-12-16;3;0
17;2025-12-16;4;28
17;2025-12-16;5;314
17;2025-12-16;6;1533
17;2025-12-16;7;4029
17;2025-12-16;8;5263
17;2025-12-16;9;3818
17;2025-12-16;10;3050
17;2025-12-16;11;3006
17;2025-12-16;12;3011
17;2025-12-16;13;3066
17;2025-12-16;14;3167
17;2025-12-16;15;3296
17;2025-12-16;16;3697
17;2025-12-16;17;4534
17;2025-12-16;18;4865
17;2025-12-16;19;3436
17;2025-12-16;20;2411
17;2025-12-16;21;1471
17;2025-12-16;22;775
17;2025-12-16;23;354
25;2025-12-16;0;0
25;2025-12-16;1;0
25;2025-12-16;2;0
25;2025-12-16;3;0
25;2025-12-16;4;0
25;2025-12-16;5;7
25;2025-12-16;6;157
25;2025-12-16;7;518
25;2025-12-16;8;859
25;2025-12-16;9;449
25;2025-12-16;10;349
25;2025-12-16;11;397
25;2025-12-16;12;366
25;2025-12-16;13;445
25;2025-12-16;14;393
25;2025-12-16;15;503
25;2025-12-16;16;638
25;2025-12-16;17;689
25;2025-12-16;18;727
25;2025-12-16;19;468
25;2025-12-16;20;293
25;2025-12-16;21;193
25;2025-12-16;22;105
25;2025-12-16;23;0
26;2025-12-16;0;24
26;2025-12-16;1;2
26;2025-12-16;2;0
26;2025-12-16;3;0
26;2025-12-16;4;10
26;2025-12-16;5;70
26;2025-12-16;6;512
26;2025-12-16;7;1097
26;2025-12-16;8;2176
26;2025-12-16;9;1452
26;2025-12-16;10;1205
26;2025-12-16;11;1111
26;2025-12-16;12;1140
26;2025-12-16;13;1186
26;2025-12-16;14;1236
26;2025-12-16;15;1332
26;2025-12-16;16;1535
26;2025-12-16;17;1725
26;2025-12-16;18;1844
26;2025-12-16;19;1260
26;2025-12-16;20;802
26;2025-12-16;21;483
26;2025-12-16;22;212
26;2025-12-16;23;100
28;2025-12-16;0;1
28;2025-12-16;1;0
28;2025-12-16;2;0
28;2025-12-16;3;0
28;2025-12-16;4;0
28;2025-12-16;5;70
28;2025-12-16;6;267
28;2025-12-16;7;743
28;2025-12-16;8;1193
28;2025-12-16;9;835
28;2025-12-16;10;643
28;2025-12-16;11;569
28;2025-12-16;12;697
28;2025-12-16;13;709
28;2025-12-16;14;648
28;2025-12-16;15;679
28;2025-12-16;16;842
28;2025-12-16;17;981
28;2025-12-16;18;917
28;2025-12-16;19;687
28;2025-12-16;20;511
28;2025-12-16;21;309
28;2025-12-16;22;133
28;2025-12-16;23;15
50;2025-12-16;0;37
50;2025-12-16;1;11
50;2025-12-16;2;0
50;2025-12-16;3;0
50;2025-12-16;4;0
50;2025-12-16;5;66
50;2025-12-16;6;559
50;2025-12-16;7;1764
50;2025-12-16;8;2752
50;2025-12-16;9;2188
50;2025-12-16;10;1664
50;2025-12-16;11;1599
50;2025-12-16;12;1516
50;2025-12-16;13;1503
50;2025-12-16;14;1417
50;2025-12-16;15;1729
50;2025-12-16;16;1762
50;2025-12-16;17;2387
50;2025-12-16;18;2475
50;2025-12-16;19;1512
50;2025-12-16;20;915
50;2025-12-16;21;615
50;2025-12-16;22;260
50;2025-12-16;23;131
1;2025-12-17;0;0
1;2025-12-17;1;0
1;2025-12-17;2;0
1;2025-12-17;3;0
1;2025-12-17;4;0
1;2025-12-17;5;132
1;2025-12-17;6;559
1;2025-12-17;7;1484
1;2025-12-17;8;1873
1;2025-12-17;9;1436
1;2025-12-17;10;1300
1;2025-12-17;11;1341
1;2025-12-17;12;1366
1;2025-12-17;13;1380
1;2025-12-17;14;1370
1;2025-12-17;15;1494
1;2025-12-17;16;1481
1;2025-12-17;17;1785
1;2025-12-17;18;1738
1;2025-12-17;19;1353
1;2025-12-17;20;891
1;2025-12-17;21;483
1;2025-12-17;22;238
1;2025-12-17;23;33
5;2025-12-17;0;0
5;2025-12-17;1;0
5;2025-12-17;2;0
5;2025-12-17;3;0
5;2025-12-17;4;0
5;2025-12-17;5;0
5;2025-12-17;6;0
5;2025-12-17;7;0
5;2025-12-17;8;0
5;2025-12-17;9;0
5;2025-12-17;10;0
5;2025-12-17;11;0
5;2025-12-17;12;0
5;2025-12-17;13;0
5;2025-12-17;14;0
5;2025-12-17;15;0
5;2025-12-17;16;0
5;2025-12-17;17;0
5;2025-12-17;18;0
5;2025-12-17;19;0
5;2025-12-17;20;0
5;2025-12-17;21;0
5;2025-12-17;22;0
5;2025-12-17;23;0
7;2025-12-17;0;38
7;2025-12-17;1;0
7;2025-12-17;2;0
7;2025-12-17;3;0
7;2025-12-17;4;0
7;2025-12-17;5;182
7;2025-12-17;6;757
7;2025-12-17;7;1664
7;2025-12-17;8;2495
7;2025-12-17;9;1916
7;2025-12-17;10;1670
7;2025-12-17;11;1499
7;2025-12-17;12;1619
7;2025-12-17;13;1577
7;2025-12-17;14;1688
7;2025-12-17;15;1783
7;2025-12-17;16;1916
7;2025-12-17;17;2391
7;2025-12-17;18;2586
7;2025-12-17;19;1786
7;2025-12-17;20;1094
7;2025-12-17;21;629
7;2025-12-17;22;297
7;2025-12-17;23;176
11;2025-12-17;0;57
11;2025-12-17;1;0
11;2025-12-17;2;0
11;2025-12-17;3;0
11;2025-12-17;4;0
11;2025-12-17;5;278
11;2025-12-17;6;1290
11;2025-12-17;7;2421
11;2025-12-17;8;3185
11;2025-12-17;9;2468
11;2025-12-17;10;1923
11;2025-12-17;11;1882
11;2025-12-17;12;1938
11;2025-12-17;13;2057
11;2025-12-17;14;2087
11;2025-12-17;15;2134
11;2025-12-17;16;2321
11;2025-12-17;17;2884
11;2025-12-17;18;3096
11;2025-12-17;19;2327
11;2025-12-17;20;1492
11;2025-12-17;21;879
11;2025-12-17;22;413
11;2025-12-17;23;231
12;2025-12-17;0;44
12;2025-12-17;1;0
12;2025-12-17;2;0
12;2025-12-17;3;0
12;2025-12-17;4;1
12;2025-12-17;5;326
12;2025-12-17;6;1389
12;2025-12-17;7;2788
12;2025-12-17;8;3567
12;2025-12-17;9;2547
12;2025-12-17;10;2165
12;2025-12-17;11;2175
12;2025-12-17;12;2199
12;2025-12-17;13;2147
12;2025-12-17;14;2153
12;2025-12-17;15;2398
12;2025-12-17;16;2895
12;2025-12-17;17;3166
12;2025-12-17;18;3223
12;2025-12-17;19;2545
12;2025-12-17;20;1567
12;2025-12-17;21;931
12;2025-12-17;22;461
12;2025-12-17;23;253
17;2025-12-17;0;98
17;2025-12-17;1;3
17;2025-12-17;2;0
17;2025-12-17;3;0
17;2025-12-17;4;15
17;2025-12-17;5;310
17;2025-12-17;6;1529
17;2025-12-17;7;3997
17;2025-12-17;8;5268
17;2025-12-17;9;3797
17;2025-12-17;10;3052
17;2025-12-17;11;3028
17;2025-12-17;12;3039
17;2025-12-17;13;3092
17;2025-12-17;14;3175
17;2025-12-17;15;3311
17;2025-12-17;16;3695
17;2025-12-17;17;4494
17;2025-12-17;18;4823
17;2025-12-17;19;3393
17;2025-12-17;20;2385
17;2025-12-17;21;1465
17;2025-12-17;22;758
17;2025-12-17;23;356
25;2025-12-17;0;0
25;2025-12-17;1;0
25;2025-12-17;2;0
25;2025-12-17;3;0
25;2025-12-17;4;0
25;2025-12-17;5;10
25;2025-12-17;6;161
25;2025-12-17;7;524
25;2025-12-17;8;859
25;2025-12-17;9;446
25;2025-12-17;10;348
25;2025-12-17;11;382
25;2025-12-17;12;377
25;2025-12-17;13;453
25;2025-12-17;14;398
25;2025-12-17;15;495
25;2025-12-17;16;630
25;2025-12-17;17;689
25;2025-12-17;18;736
25;2025-12-17;19;485
25;2025-12-17;20;305
25;2025-12-17;21;191
25;2025-12-17;22;104
25;2025-12-17;23;0
26;2025-12-17;0;15
26;2025-12-17;1;1
26;2025-12-17;2;0
26;2025-12-17;3;0
26;2025-12-17;4;0
26;2025-12-17;5;71
26;2025-12-17;6;516
26;2025-12-17;7;1090
26;2025-12-17;8;2178
26;2025-12-17;9;1452
26;2025-12-17;10;1199
26;2025-12-17;11;1103
26;2025-12-17;12;1126
26;2025-12-17;13;1180
26;2025-12-17;14;1246
26;2025-12-17;15;1331
26;2025-12-17;16;1544
26;2025-12-17;17;1740
26;2025-12-17;18;1845
26;2025-12-17;19;1242
26;2025-12-17;20;789
26;2025-12-17;21;488
26;2025-12-17;22;208
26;2025-12-17;23;106
28;2025-12-17;0;1
28;2025-12-17;1;0
28;2025-12-17;2;0
28;2025-12-17;3;0
28;2025-12-17;4;0
28;2025-12-17;5;74
28;2025-12-17;6;267
28;2025-12-17;7;753
28;2025-12-17;8;1198
28;2025-12-17;9;828
28;2025-12-17;10;641
28;2025-12-17;11;579
28;2025-12-17;12;703
28;2025-12-17;13;729
28;2025-12-17;14;660
28;2025-12-17;15;692
28;2025-12-17;16;872
28;2025-12-17;17;985
28;2025-12-17;18;917
28;2025-12-17;19;689
28;2025-12-17;20;502
28;2025-12-17;21;309
28;2025-12-17;22;127
28;2025-12-17;23;11
50;2025-12-17;0;21
50;2025-12-17;1;5
50;2025-12-17;2;0
50;2025-12-17;3;0
50;2025-12-17;4;0
50;2025-12-17;5;66
50;2025-12-17;6;550
50;2025-12-17;7;1747
50;2025-12-17;8;2738
50;2025-12-17;9;2164
50;2025-12-17;10;1655
50;2025-12-17;11;1589
50;2025-12-17;12;1533
50;2025-12-17;13;1494
50;2025-12-17;14;1424
50;2025-12-17;15;1724
50;2025-12-17;16;1784
50;2025-12-17;17;2380
50;2025-12-17;18;2441
50;2025-12-17;19;1493
50;2025-12-17;20;905
50;2025-12-17;21;620
50;2025-12-17;22;260
50;2025-12-17;23;130
1;2025-12-18;0;0
1;2025-12-18;1;0
1;2025-12-18;2;0
1;2025-12-18;3;0
1;2025-12-18;4;0
1;2025-12-18;5;121
1;2025-12-18;6;533
1;2025-12-18;7;1479
1;2025-12-18;8;1882
1;2025-12-18;9;1472
1;2025-12-18;10;1314
1;2025-12-18;11;1319
1;2025-12-18;12;1367
1;2025-12-18;13;1393
1;2025-12-18;14;1360
1;2025-12-18;15;1491
1;2025-12-18;16;1470
1;2025-12-18;17;1769
1;2025-12-18;18;1749
1;2025-12-18;19;1334
1;2025-12-18;20;865
1;2025-12-18;21;491
1;2025-12-18;22;238
1;2025-12-18;23;34
5;2025-12-18;0;0
5;2025-12-18;1;0
5;2025-12-18;2;0
5;2025-12-18;3;0
5;2025-12-18;4;0
5;2025-12-18;5;0
5;2025-12-18;6;0
5;2025-12-18;7;0
5;2025-12-18;8;0
5;2025-12-18;9;0
5;2025-12-18;10;0
5;2025-12-18;11;0
5;2025-12-18;12;0
5;2025-12-18;13;0
5;2025-12-18;14;0
5;2025-12-18;15;0
5;2025-12-18;16;0
5;2025-12-18;17;0
5;2025-12-18;18;0
5;2025-12-18;19;0
5;2025-12-18;20;0
5;2025-12-18;21;0
5;2025-12-18;22;0
5;2025-12-18;23;0
7;2025-12-18;0;43
7;2025-12-18;1;0
7;2025-12-18;2;0
7;2025-12-18;3;0
7;2025-12-18;4;0
7;2025-12-18;5;181
7;2025-12-18;6;729
7;2025-12-18;7;1635
7;2025-12-18;8;2494
7;2025-12-18;9;1885
7;2025-12-18;10;1660
7;2025-12-18;11;1496
7;2025-12-18;12;1625
7;2025-12-18;13;1577
7;2025-12-18;14;1703
7;2025-12-18;15;1792
7;2025-12-18;16;1881
7;2025-12-18;17;2367
7;2025-12-18;18;2585
7;2025-12-18;19;1754
7;2025-12-18;20;1086
7;2025-12-18;21;615
7;2025-12-18;22;286
7;2025-12-18;23;174
11;2025-12-18;0;58
11;2025-12-18;1;0
11;2025-12-18;2;0
11;2025-12-18;3;0
11;2025-12-18;4;0
11;2025-12-18;5;252
11;2025-12-18;6;1285
11;2025-12-18;7;2431
11;2025-12-18;8;3179
11;2025-12-18;9;2477
11;2025-12-18;10;1900
11;2025-12-18;11;1860
11;2025-12-18;12;1924
11;2025-12-18;13;2055
11;2025-12-18;14;2046
11;2025-12-18;15;2091
11;2025-12-18;16;2317
11;2025-12-18;17;2867
11;2025-12-18;18;3096
11;2025-12-18;19;2276
11;2025-12-18;20;1469
11;2025-12-18;21;858
11;2025-12-18;22;406
11;2025-12-18;23;233
12;2025-12-18;0;45
12;2025-12-18;1;0
12;2025-12-18;2;0
12;2025-12-18;3;0
12;2025-12-18;4;0
12;2025-12-18;5;294
12;2025-12-18;6;1367
12;2025-12-18;7;2748
12;2025-12-18;8;3552
12;2025-12-18;9;2529
12;2025-12-18;10;2153
12;2025-12-18;11;2123
12;2025-12-18;12;2157
12;2025-12-18;13;2138
12;2025-12-18;14;2098
12;2025-12-18;15;2371
12;2025-12-18;16;2846
12;2025-12-18;17;3131
12;2025-12-18;18;3225
12;2025-12-18;19;2489
12;2025-12-18;20;1525
12;2025-12-18;21;940
12;2025-12-18;22;448
12;2025-12-18;23;243
17;2025-12-18;0;92
17;2025-12-18;1;0
17;2025-12-18;2;0
17;2025-12-18;3;0
17;2025-12-18;4;16
17;2025-12-18;5;316
17;2025-12-18;6;1529
17;2025-12-18;7;4009
17;2025-12-18;8;5256
17;2025-12-18;9;3832
17;2025-12-18;10;3027
17;2025-12-18;11;2972
17;2025-12-18;12;2976
17;2025-12-18;13;3064
17;2025-12-18;14;3135
17;2025-12-18;15;3283
17;2025-12-18;16;3702
17;2025-12-18;17;4521
17;2025-12-18;18;4822
17;2025-12-18;19;3384
17;2025-12-18;20;2340
17;2025-12-18;21;1470
17;2025-12-18;22;764
17;2025-12-18;23;361
25;2025-12-18;0;0
25;2025-12-18;1;0
25;2025-12-18;2;0
25;2025-12-18;3;0
25;2025-12-18;4;0
25;2025-12-18;5;10
25;2025-12-18;6;159
25;2025-12-18;7;524
25;2025-12-18;8;873
25;2025-12-18;9;446
25;2025-12-18;10;355
25;2025-12-18;11;393
25;2025-12-18;12;376
25;2025-12-18;13;452
25;2025-12-18;14;415
25;2025-12-18;15;522
25;2025-12-18;16;637
25;2025-12-18;17;695
25;2025-12-18;18;719
25;2025-12-18;19;487
25;2025-12-18;20;310
25;2025-12-18;21;194
25;2025-12-18;22;91
25;2025-12-18;23;0
26;2025-12-18;0;12
26;2025-12-18;1;0
26;2025-12-18;2;0
26;2025-12-18;3;0
26;2025-12-18;4;1
26;2025-12-18;5;70
26;2025-12-18;6;496
26;2025-12-18;7;1078
26;2025-12-18;8;2193
26;2025-12-18;9;1457
26;2025-12-18;10;1202
26;2025-12-18;11;1121
26;2025-12-18;12;1135
26;2025-12-18;13;1178
26;2025-12-18;14;1232
26;2025-12-18;15;1340
26;2025-12-18;16;1534
26;2025-12-18;17;1721
26;2025-12-18;18;1848
26;2025-12-18;19;1248
26;2025-12-18;20;757
26;2025-12-18;21;466
26;2025-12-18;22;215
26;2025-12-18;23;103
28;2025-12-18;0;1
28;2025-12-18;1;0
28;2025-12-18;2;0
28;2025-12-18;3;0
28;2025-12-18;4;0
28;2025-12-18;5;76
28;2025-12-18;6;265
28;2025-12-18;7;759
28;2025-12-18;8;1230
28;2025-12-18;9;848
28;2025-12-18;10;650
28;2025-12-18;11;582
28;2025-12-18;12;700
28;2025-12-18;13;724
28;2025-12-18;14;661
28;2025-12-18;15;691
28;2025-12-18;16;856
28;2025-12-18;17;987
28;2025-12-18;18;940
28;2025-12-18;19;687
28;2025-12-18;20;489
28;2025-12-18;21;318
28;2025-12-18;22;131
28;2025-12-18;23;11
50;2025-12-18;0;22
50;2025-12-18;1;3
50;2025-12-18;2;0
50;2025-12-18;3;0
50;2025-12-18;4;0
50;2025-12-18;5;65
50;2025-12-18;6;546
50;2025-12-18;7;1745
50;2025-12-18;8;2721
50;2025-12-18;9;2168
50;2025-12-18;10;1678
50;2025-12-18;11;1578
50;2025-12-18;12;1511
50;2025-12-18;13;1495
50;2025-12-18;14;1423
50;2025-12-18;15;1709
50;2025-12-18;16;1754
50;2025-12-18;17;2348
50;2025-12-18;18;2431
50;2025-12-18;19;1500
50;2025-12-18;20;913
50;2025-12-18;21;618
50;2025-12-18;22;264
50;2025-12-18;23;138
1;2025-12-19;0;0
1;2025-12-19;1;0
1;2025-12-19;2;0
1;2025-12-19;3;0
1;2025-12-19;4;0
1;2025-12-19;5;129
1;2025-12-19;6;521
1;2025-12-19;7;1468
1;2025-12-19;8;1821
1;2025-12-19;9;1434
1;2025-12-19;10;1281
1;2025-12-19;11;1353
1;2025-12-19;12;1360
1;2025-12-19;13;1397
1;2025-12-19;14;1353
1;2025-12-19;15;1515
1;2025-12-19;16;1523
1;2025-12-19;17;1761
1;2025-12-19;18;1587
1;2025-12-19;19;1205
1;2025-12-19;20;796
1;2025-12-19;21;496
1;2025-12-19;22;237
1;2025-12-19;23;37
5;2025-12-19;0;0
5;2025-12-19;1;0
5;2025-12-19;2;0
5;2025-12-19;3;0
5;2025-12-19;4;0
5;2025-12-19;5;0
5;2025-12-19;6;0
5;2025-12-19;7;0
5;2025-12-19;8;0
5;2025-12-19;9;0
5;2025-12-19;10;0
5;2025-12-19;11;0
5;2025-12-19;12;0
5;2025-12-19;13;0
5;2025-12-19;14;0
5;2025-12-19;15;0
5;2025-12-19;16;0
5;2025-12-19;17;0
5;2025-12-19;18;0
5;2025-12-19;19;0
5;2025-12-19;20;0
5;2025-12-19;21;0
5;2025-12-19;22;0
5;2025-12-19;23;0
7;2025-12-19;0;49
7;2025-12-19;1;0
7;2025-12-19;2;0
7;2025-12-19;3;0
7;2025-12-19;4;0
7;2025-12-19;5;167
7;2025-12-19;6;669
7;2025-12-19;7;1603
7;2025-12-19;8;2406
7;2025-12-19;9;1822
7;2025-12-19;10;1643
7;2025-12-19;11;1490
7;2025-12-19;12;1634
7;2025-12-19;13;1634
7;2025-12-19;14;1732
7;2025-12-19;15;1842
7;2025-12-19;16;1944
7;2025-12-19;17;2282
7;2025-12-19;18;2167
7;2025-12-19;19;1562
7;2025-12-19;20;1032
7;2025-12-19;21;594
7;2025-12-19;22;310
7;2025-12-19;23;207
11;2025-12-19;0;62
11;2025-12-19;1;0
11;2025-12-19;2;0
11;2025-12-19;3;0
11;2025-12-19;4;0
11;2025-12-19;5;258
11;2025-12-19;6;1278
11;2025-12-19;7;2348
11;2025-12-19;8;3061
11;2025-12-19;9;2355
11;2025-12-19;10;1871
11;2025-12-19;11;1875
11;2025-12-19;12;1946
11;2025-12-19;13;2027
11;2025-12-19;14;2084
11;2025-12-19;15;2138
11;2025-12-19;16;2399
11;2025-12-19;17;2895
11;2025-12-19;18;2770
11;2025-12-19;19;2123
11;2025-12-19;20;1423
11;2025-12-19;21;846
11;2025-12-19;22;407
11;2025-12-19;23;261
12;2025-12-19;0;53
12;2025-12-19;1;0
12;2025-12-19;2;0
12;2025-12-19;3;0
12;2025-12-19;4;0
12;2025-12-19;5;297
12;2025-12-19;6;1349
12;2025-12-19;7;2689
12;2025-12-19;8;3386
12;2025-12-19;9;2437
12;2025-12-19;10;2046
12;2025-12-19;11;2065
12;2025-12-19;12;2105
12;2025-12-19;13;2128
12;2025-12-19;14;2109
12;2025-12-19;15;2412
12;2025-12-19;16;2864
12;2025-12-19;17;3025
12;2025-12-19;18;2757
12;2025-12-19;19;2301
12;2025-12-19;20;1443
12;2025-12-19;21;951
12;2025-12-19;22;457
12;2025-12-19;23;281
17;2025-12-19;0;107
17;2025-12-19;1;2
17;2025-12-19;2;0
17;2025-12-19;3;0
17;2025-12-19;4;8
17;2025-12-19;5;309
17;2025-12-19;6;1524
17;2025-12-19;7;3964
17;2025-12-19;8;5042
17;2025-12-19;9;3707
17;2025-12-19;10;2977
17;2025-12-19;11;3007
17;2025-12-19;12;3008
17;2025-12-19;13;3105
17;2025-12-19;14;3194
17;2025-12-19;15;3411
17;2025-12-19;16;3827
17;2025-12-19;17;4524
17;2025-12-19;18;4446
17;2025-12-19;19;3214
17;2025-12-19;20;2322
17;2025-12-19;21;1537
17;2025-12-19;22;799
17;2025-12-19;23;428
25;2025-12-19;0;0
25;2025-12-19;1;0
25;2025-12-19;2;0
25;2025-12-19;3;0
25;2025-12-19;4;0
25;2025-12-19;5;6
25;2025-12-19;6;170
25;2025-12-19;7;519
25;2025-12-19;8;819
25;2025-12-19;9;427
25;2025-12-19;10;335
25;2025-12-19;11;395
25;2025-12-19;12;380
25;2025-12-19;13;471
25;2025-12-19;14;445
25;2025-12-19;15;555
25;2025-12-19;16;702
25;2025-12-19;17;693
25;2025-12-19;18;635
25;2025-12-19;19;471
25;2025-12-19;20;288
25;2025-12-19;21;197
25;2025-12-19;22;99
25;2025-12-19;23;0
26;2025-12-19;0;11
26;2025-12-19;1;0
26;2025-12-19;2;0
26;2025-12-19;3;0
26;2025-12-19;4;2
26;2025-12-19;5;66
26;2025-12-19;6;487
26;2025-12-19;7;1053
26;2025-12-19;8;2069
26;2025-12-19;9;1392
26;2025-12-19;10;1195
26;2025-12-19;11;1105
26;2025-12-19;12;1129
26;2025-12-19;13;1184
26;2025-12-19;14;1254
26;2025-12-19;15;1355
26;2025-12-19;16;1600
26;2025-12-19;17;1699
26;2025-12-19;18;1627
26;2025-12-19;19;1111
26;2025-12-19;20;708
26;2025-12-19;21;457
26;2025-12-19;22;207
26;2025-12-19;23;121
28;2025-12-19;0;1
28;2025-12-19;1;0
28;2025-12-19;2;0
28;2025-12-19;3;0
28;2025-12-19;4;0
28;2025-12-19;5;78
28;2025-12-19;6;257
28;2025-12-19;7;752
28;2025-12-19;8;1177
28;2025-12-19;9;824
28;2025-12-19;10;646
28;2025-12-19;11;589
28;2025-12-19;12;710
28;2025-12-19;13;713
28;2025-12-19;14;661
28;2025-12-19;15;706
28;2025-12-19;16;880
28;2025-12-19;17;983
28;2025-12-19;18;853
28;2025-12-19;19;634
28;2025-12-19;20;453
28;2025-12-19;21;320
28;2025-12-19;22;132
28;2025-12-19;23;14
50;2025-12-19;0;26
50;2025-12-19;1;0
50;2025-12-19;2;0
50;2025-12-19;3;0
50;2025-12-19;4;0
50;2025-12-19;5;57
50;2025-12-19;6;539
50;2025-12-19;7;1703
50;2025-12-19;8;2625
50;2025-12-19;9;2069
50;2025-12-19;10;1600
50;2025-12-19;11;1576
50;2025-12-19;12;1510
50;2025-12-19;13;1525
50;2025-12-19;14;1459
50;2025-12-19;15;1745
50;2025-12-19;16;1891
50;2025-12-19;17;2230
50;2025-12-19;18;1925
50;2025-12-19;19;1242
50;2025-12-19;20;828
50;2025-12-19;21;557
50;2025-12-19;22;279
50;2025-12-19;23;162
1;2025-12-20;0;0
1;2025-12-20;1;0
1;2025-12-20;2;0
1;2025-12-20;3;0
1;2025-12-20;4;0
1;2025-12-20;5;12
1;2025-12-20;6;147
1;2025-12-20;7;280
1;2025-12-20;8;384
1;2025-12-20;9;646
1;2025-12-20;10;752
1;2025-12-20;11;695
1;2025-12-20;12;902
1;2025-12-20;13;937
1;2025-12-20;14;880
1;2025-12-20;15;758
1;2025-12-20;16;694
1;2025-12-20;17;647
1;2025-12-20;18;508
1;2025-12-20;19;459
1;2025-12-20;20;339
1;2025-12-20;21;260
1;2025-12-20;22;105
1;2025-12-20;23;13
5;2025-12-20;0;0
5;2025-12-20;1;0
5;2025-12-20;2;0
5;2025-12-20;3;0
5;2025-12-20;4;0
5;2025-12-20;5;0
5;2025-12-20;6;0
5;2025-12-20;7;0
5;2025-12-20;8;0
5;2025-12-20;9;0
5;2025-12-20;10;0
5;2025-12-20;11;0
5;2025-12-20;12;0
5;2025-12-20;13;0
5;2025-12-20;14;0
5;2025-12-20;15;0
5;2025-12-20;16;0
5;2025-12-20;17;0
5;2025-12-20;18;0
5;2025-12-20;19;0
5;2025-12-20;20;0
5;2025-12-20;21;0
5;2025-12-20;22;0
5;2025-12-20;23;0
7;2025-12-20;0;71
7;2025-12-20;1;0
7;2025-12-20;2;0
7;2025-12-20;3;0
7;2025-12-20;4;0
7;2025-12-20;5;32
7;2025-12-20;6;264
7;2025-12-20;7;402
7;2025-12-20;8;786
7;2025-12-20;9;874
7;2025-12-20;10;874
7;2025-12-20;11;1008
7;2025-12-20;12;1202
7;2025-12-20;13;1176
7;2025-12-20;14;1288
7;2025-12-20;15;1228
7;2025-12-20;16;1240
7;2025-12-20;17;1224
7;2025-12-20;18;1127
7;2025-12-20;19;1013
7;2025-12-20;20;715
7;2025-12-20;21;494
7;2025-12-20;22;267
7;2025-12-20;23;80
11;2025-12-20;0;74
11;2025-12-20;1;0
11;2025-12-20;2;0
11;2025-12-20;3;0
11;2025-12-20;4;0
11;2025-12-20;5;154
11;2025-12-20;6;725
11;2025-12-20;7;674
11;2025-12-20;8;950
11;2025-12-20;9;1044
11;2025-12-20;10;1136
11;2025-12-20;11;1441
11;2025-12-20;12;1572
11;2025-12-20;13;1586
11;2025-12-20;14;1611
11;2025-12-20;15;1604
11;2025-12-20;16;1651
11;2025-12-20;17;1758
11;2025-12-20;18;1442
11;2025-12-20;19;1323
11;2025-12-20;20;967
11;2025-12-20;21;667
11;2025-12-20;22;346
11;2025-12-20;23;237
12;2025-12-20;0;68
12;2025-12-20;1;0
12;2025-12-20;2;0
12;2025-12-20;3;0
12;2025-12-20;4;0
12;2025-12-20;5;197
12;2025-12-20;6;792
12;2025-12-20;7;848
12;2025-12-20;8;949
12;2025-12-20;9;1135
12;2025-12-20;10;1296
12;2025-12-20;11;1384
12;2025-12-20;12;1396
12;2025-12-20;13;1573
12;2025-12-20;14;1525
12;2025-12-20;15;1444
12;2025-12-20;16;1552
12;2025-12-20;17;1519
12;2025-12-20;18;1435
12;2025-12-20;19;1228
12;2025-12-20;20;896
12;2025-12-20;21;648
12;2025-12-20;22;337
12;2025-12-20;23;246
17;2025-12-20;0;144
17;2025-12-20;1;5
17;2025-12-20;2;0
17;2025-12-20;3;0
17;2025-12-20;4;0
17;2025-12-20;5;109
17;2025-12-20;6;517
17;2025-12-20;7;1103
17;2025-12-20;8;1590
17;2025-12-20;9;2092
17;2025-12-20;10;2273
17;2025-12-20;11;2706
17;2025-12-20;12;2865
17;2025-12-20;13;3072
17;2025-12-20;14;3069
17;2025-12-20;15;3149
17;2025-12-20;16;3176
17;2025-12-20;17;3068
17;2025-12-20;18;2725
17;2025-12-20;19;2173
17;2025-12-20;20;1720
17;2025-12-20;21;1262
17;2025-12-20;22;781
17;2025-12-20;23;387
25;2025-12-20;0;0
25;2025-12-20;1;0
25;2025-12-20;2;0
25;2025-12-20;3;0
25;2025-12-20;4;0
25;2025-12-20;5;0
25;2025-12-20;6;50
25;2025-12-20;7;121
25;2025-12-20;8;240
25;2025-12-20;9;238
25;2025-12-20;10;221
25;2025-12-20;11;280
25;2025-12-20;12;304
25;2025-12-20;13;404
25;2025-12-20;14;428
25;2025-12-20;15;509
25;2025-12-20;16;469
25;2025-12-20;17;408
25;2025-12-20;18;378
25;2025-12-20;19;324
25;2025-12-20;20;199
25;2025-12-20;21;153
25;2025-12-20;22;67
25;2025-12-20;23;22
26;2025-12-20;0;16
26;2025-12-20;1;0
26;2025-12-20;2;0
26;2025-12-20;3;0
26;2025-12-20;4;0
26;2025-12-20;5;14
26;2025-12-20;6;216
26;2025-12-20;7;291
26;2025-12-20;8;539
26;2025-12-20;9;581
26;2025-12-20;10;679
26;2025-12-20;11;807
26;2025-12-20;12;831
26;2025-12-20;13;891
26;2025-12-20;14;846
26;2025-12-20;15;846
26;2025-12-20;16;873
26;2025-12-20;17;831
26;2025-12-20;18;767
26;2025-12-20;19;664
26;2025-12-20;20;459
26;2025-12-20;21;306
26;2025-12-20;22;145
26;2025-12-20;23;97
28;2025-12-20;0;1
28;2025-12-20;1;0
28;2025-12-20;2;0
28;2025-12-20;3;0
28;2025-12-20;4;0
28;2025-12-20;5;23
28;2025-12-20;6;79
28;2025-12-20;7;173
28;2025-12-20;8;323
28;2025-12-20;9;384
28;2025-12-20;10;416
28;2025-12-20;11;403
28;2025-12-20;12;485
28;2025-12-20;13;500
28;2025-12-20;14;485
28;2025-12-20;15;495
28;2025-12-20;16;501
28;2025-12-20;17;503
28;2025-12-20;18;417
28;2025-12-20;19;324
28;2025-12-20;20;272
28;2025-12-20;21;243
28;2025-12-20;22;91
28;2025-12-20;23;1
50;2025-12-20;0;35
50;2025-12-20;1;0
50;2025-12-20;2;0
50;2025-12-20;3;0
50;2025-12-20;4;0
50;2025-12-20;5;35
50;2025-12-20;6;223
50;2025-12-20;7;351
50;2025-12-20;8;647
50;2025-12-20;9;723
50;2025-12-20;10;652
50;2025-12-20;11;797
50;2025-12-20;12;817
50;2025-12-20;13;817
50;2025-12-20;14;852
50;2025-12-20;15;859
50;2025-12-20;16;870
50;2025-12-20;17;914
50;2025-12-20;18;701
50;2025-12-20;19;643
50;2025-12-20;20;497
50;2025-12-20;21;347
50;2025-12-20;22;182
50;2025-12-20;23;128
1;2025-12-21;0;0
1;2025-12-21;1;0
1;2025-12-21;2;0
1;2025-12-21;3;0
1;2025-12-21;4;0
1;2025-12-21;5;3
1;2025-12-21;6;81
1;2025-12-21;7;186
1;2025-12-21;8;267
1;2025-12-21;9;485
1;2025-12-21;10;572
1;2025-12-21;11;564
1;2025-12-21;12;704
1;2025-12-21;13;732
1;2025-12-21;14;684
1;2025-12-21;15;613
1;2025-12-21;16;535
1;2025-12-21;17;508
1;2025-12-21;18;423
1;2025-12-21;19;362
1;2025-12-21;20;269
1;2025-12-21;21;204
1;2025-12-21;22;64
1;2025-12-21;23;13
5;2025-12-21;0;0
5;2025-12-21;1;0
5;2025-12-21;2;0
5;2025-12-21;3;0
5;2025-12-21;4;0
5;2025-12-21;5;0
5;2025-12-21;6;0
5;2025-12-21;7;0
5;2025-12-21;8;0
5;2025-12-21;9;0
5;2025-12-21;10;0
5;2025-12-21;11;0
5;2025-12-21;12;0
5;2025-12-21;13;0
5;2025-12-21;14;0
5;2025-12-21;15;0
5;2025-12-21;16;0
5;2025-12-21;17;0
5;2025-12-21;18;0
5;2025-12-21;19;0
5;2025-12-21;20;0
5;2025-12-21;21;0
5;2025-12-21;22;0
5;2025-12-21;23;0
7;2025-12-21;0;53
7;2025-12-21;1;0
7;2025-12-21;2;0
7;2025-12-21;3;0
7;2025-12-21;4;0
7;2025-12-21;5;4
7;2025-12-21;6;175
7;2025-12-21;7;266
7;2025-12-21;8;491
7;2025-12-21;9;628
7;2025-12-21;10;623
7;2025-12-21;11;812
7;2025-12-21;12;1005
7;2025-12-21;13;996
7;2025-12-21;14;1073
7;2025-12-21;15;988
7;2025-12-21;16;962
7;2025-12-21;17;1003
7;2025-12-21;18;912
7;2025-12-21;19;747
7;2025-12-21;20;525
7;2025-12-21;21;415
7;2025-12-21;22;233
7;2025-12-21;23;64
11;2025-12-21;0;70
11;2025-12-21;1;0
11;2025-12-21;2;0
11;2025-12-21;3;0
11;2025-12-21;4;0
11;2025-12-21;5;84
11;2025-12-21;6;411
11;2025-12-21;7;449
11;2025-12-21;8;595
11;2025-12-21;9;819
11;2025-12-21;10;948
11;2025-12-21;11;1267
11;2025-12-21;12;1389
11;2025-12-21;13;1406
11;2025-12-21;14;1416
11;2025-12-21;15;1449
11;2025-12-21;16;1458
11;2025-12-21;17;1587
11;2025-12-21;18;1295
11;2025-12-21;19;1106
11;2025-12-21;20;806
11;2025-12-21;21;544
11;2025-12-21;22;280
11;2025-12-21;23;203
12;2025-12-21;0;65
12;2025-12-21;1;0
12;2025-12-21;2;0
12;2025-12-21;3;0
12;2025-12-21;4;0
12;2025-12-21;5;115
12;2025-12-21;6;437
12;2025-12-21;7;580
12;2025-12-21;8;658
12;2025-12-21;9;885
12;2025-12-21;10;1082
12;2025-12-21;11;1224
12;2025-12-21;12;1244
12;2025-12-21;13;1433
12;2025-12-21;14;1421
12;2025-12-21;15;1277
12;2025-12-21;16;1411
12;2025-12-21;17;1416
12;2025-12-21;18;1262
12;2025-12-21;19;923
12;2025-12-21;20;681
12;2025-12-21;21;504
12;2025-12-21;22;300
12;2025-12-21;23;199
17;2025-12-21;0;104
17;2025-12-21;1;2
17;2025-12-21;2;0
17;2025-12-21;3;0
17;2025-12-21;4;0
17;2025-12-21;5;62
17;2025-12-21;6;352
17;2025-12-21;7;704
17;2025-12-21;8;1181
17;2025-12-21;9;1655
17;2025-12-21;10;1944
17;2025-12-21;11;2420
17;2025-12-21;12;2671
17;2025-12-21;13;2841
17;2025-12-21;14;2877
17;2025-12-21;15;2898
17;2025-12-21;16;2927
17;2025-12-21;17;2794
17;2025-12-21;18;2396
17;2025-12-21;19;1997
17;2025-12-21;20;1524
17;2025-12-21;21;1094
17;2025-12-21;22;678
17;2025-12-21;23;280
25;2025-12-21;0;1
25;2025-12-21;1;0
25;2025-12-21;2;0
25;2025-12-21;3;0
25;2025-12-21;4;0
25;2025-12-21;5;0
25;2025-12-21;6;34
25;2025-12-21;7;78
25;2025-12-21;8;140
25;2025-12-21;9;165
25;2025-12-21;10;160
25;2025-12-21;11;200
25;2025-12-21;12;255
25;2025-12-21;13;337
25;2025-12-21;14;355
25;2025-12-21;15;433
25;2025-12-21;16;399
25;2025-12-21;17;348
25;2025-12-21;18;318
25;2025-12-21;19;251
25;2025-12-21;20;148
25;2025-12-21;21;129
25;2025-12-21;22;61
25;2025-12-21;23;12
26;2025-12-21;0;17
26;2025-12-21;1;0
26;2025-12-21;2;0
26;2025-12-21;3;0
26;2025-12-21;4;0
26;2025-12-21;5;0
26;2025-12-21;6;111
26;2025-12-21;7;177
26;2025-12-21;8;318
26;2025-12-21;9;408
26;2025-12-21;10;458
26;2025-12-21;11;634
26;2025-12-21;12;671
26;2025-12-21;13;720
26;2025-12-21;14;692
26;2025-12-21;15;667
26;2025-12-21;16;673
26;2025-12-21;17;658
26;2025-12-21;18;599
26;2025-12-21;19;450
26;2025-12-21;20;331
26;2025-12-21;21;246
26;2025-12-21;22;125
26;2025-12-21;23;73
28;2025-12-21;0;1
28;2025-12-21;1;0
28;2025-12-21;2;0
28;2025-12-21;3;0
28;2025-12-21;4;0
28;2025-12-21;5;15
28;2025-12-21;6;53
28;2025-12-21;7;101
28;2025-12-21;8;204
28;2025-12-21;9;271
28;2025-12-21;10;319
28;2025-12-21;11;339
28;2025-12-21;12;393
28;2025-12-21;13;426
28;2025-12-21;14;407
28;2025-12-21;15;414
28;2025-12-21;16;399
28;2025-12-21;17;400
28;2025-12-21;18;329
28;2025-12-21;19;259
28;2025-12-21;20;226
28;2025-12-21;21;193
28;2025-12-21;22;77
28;2025-12-21;23;0
50;2025-12-21;0;6
50;2025-12-21;1;0
50;2025-12-21;2;0
50;2025-12-21;3;0
50;2025-12-21;4;0
50;2025-12-21;5;19
50;2025-12-21;6;144
50;2025-12-21;7;221
50;2025-12-21;8;416
50;2025-12-21;9;503
50;2025-12-21;10;453
50;2025-12-21;11;584
50;2025-12-21;12;674
50;2025-12-21;13;725
50;2025-12-21;14;723
50;2025-12-21;15;683
50;2025-12-21;16;714
50;2025-12-21;17;721
50;2025-12-21;18;614
50;2025-12-21;19;498
50;2025-12-21;20;398
50;2025-12-21;21;267
50;2025-12-21;22;145
50;2025-12-21;23;109
1;2025-12-22;0;0
1;2025-12-22;1;0
1;2025-12-22;2;0
1;2025-12-22;3;0
1;2025-12-22;4;0
1;2025-12-22;5;115
1;2025-12-22;6;503
1;2025-12-22;7;1289
1;2025-12-22;8;1662
1;2025-12-22;9;1323
1;2025-12-22;10;1194
1;2025-12-22;11;1211
1;2025-12-22;12;1263
1;2025-12-22;13;1303
1;2025-12-22;14;1250
1;2025-12-22;15;1381
1;2025-12-22;16;1344
1;2025-12-22;17;1600
1;2025-12-22;18;1614
1;2025-12-22;19;1263
1;2025-12-22;20;810
1;2025-12-22;21;435
1;2025-12-22;22;191
1;2025-12-22;23;51
5;2025-12-22;0;0
5;2025-12-22;1;0
5;2025-12-22;2;0
5;2025-12-22;3;0
5;2025-12-22;4;0
5;2025-12-22;5;0
5;2025-12-22;6;0
5;2025-12-22;7;0
5;2025-12-22;8;0
5;2025-12-22;9;0
5;2025-12-22;10;0
5;2025-12-22;11;0
5;2025-12-22;12;0
5;2025-12-22;13;0
5;2025-12-22;14;0
5;2025-12-22;15;0
5;2025-12-22;16;0
5;2025-12-22;17;0
5;2025-12-22;18;0
5;2025-12-22;19;0
5;2025-12-22;20;0
5;2025-12-22;21;0
5;2025-12-22;22;0
5;2025-12-22;23;0
7;2025-12-22;0;27
7;2025-12-22;1;0
7;2025-12-22;2;0
7;2025-12-22;3;0
7;2025-12-22;4;0
7;2025-12-22;5;158
7;2025-12-22;6;639
7;2025-12-22;7;1465
7;2025-12-22;8;2355
7;2025-12-22;9;1683
7;2025-12-22;10;1498
7;2025-12-22;11;1335
7;2025-12-22;12;1395
7;2025-12-22;13;1401
7;2025-12-22;14;1471
7;2025-12-22;15;1564
7;2025-12-22;16;1687
7;2025-12-22;17;2146
7;2025-12-22;18;2451
7;2025-12-22;19;1635
7;2025-12-22;20;1007
7;2025-12-22;21;515
7;2025-12-22;22;261
7;2025-12-22;23;153
11;2025-12-22;0;59
11;2025-12-22;1;0
11;2025-12-22;2;0
11;2025-12-22;3;0
11;2025-12-22;4;0
11;2025-12-22;5;258
11;2025-12-22;6;1207
11;2025-12-22;7;2253
11;2025-12-22;8;3082
11;2025-12-22;9;2298
11;2025-12-22;10;1655
11;2025-12-22;11;1656
11;2025-12-22;12;1687
11;2025-12-22;13;1822
11;2025-12-22;14;1817
11;2025-12-22;15;1926
11;2025-12-22;16;2136
11;2025-12-22;17;2751
11;2025-12-22;18;2972
11;2025-12-22;19;2169
11;2025-12-22;20;1433
11;2025-12-22;21;787
11;2025-12-22;22;366
11;2025-12-22;23;178
12;2025-12-22;0;56
12;2025-12-22;1;0
12;2025-12-22;2;0
12;2025-12-22;3;0
12;2025-12-22;4;0
12;2025-12-22;5;281
12;2025-12-22;6;1264
12;2025-12-22;7;2589
12;2025-12-22;8;3425
12;2025-12-22;9;2368
12;2025-12-22;10;1951
12;2025-12-22;11;1869
12;2025-12-22;12;2020
12;2025-12-22;13;1957
12;2025-12-22;14;1988
12;2025-12-22;15;2215
12;2025-12-22;16;2764
12;2025-12-22;17;3003
12;2025-12-22;18;3128
12;2025-12-22;19;2364
12;2025-12-22;20;1478
12;2025-12-22;21;873
12;2025-12-22;22;417
12;2025-12-22;23;212
17;2025-12-22;0;45
17;2025-12-22;1;0
17;2025-12-22;2;0
17;2025-12-22;3;0
17;2025-12-22;4;17
17;2025-12-22;5;280
17;2025-12-22;6;1438
17;2025-12-22;7;3895
17;2025-12-22;8;5153
17;2025-12-22;9;3689
17;2025-12-22;10;2878
17;2025-12-22;11;2846
17;2025-12-22;12;2898
17;2025-12-22;13;2962
17;2025-12-22;14;3029
17;2025-12-22;15;3168
17;2025-12-22;16;3548
17;2025-12-22;17;4365
17;2025-12-22;18;4705
17;2025-12-22;19;3318
17;2025-12-22;20;2233
17;2025-12-22;21;1360
17;2025-12-22;22;718
17;2025-12-22;23;305
25;2025-12-22;0;0
25;2025-12-22;1;0
25;2025-12-22;2;0
25;2025-12-22;3;0
25;2025-12-22;4;0
25;2025-12-22;5;0
25;2025-12-22;6;150
25;2025-12-22;7;490
25;2025-12-22;8;774
25;2025-12-22;9;420
25;2025-12-22;10;301
25;2025-12-22;11;320
25;2025-12-22;12;318
25;2025-12-22;13;409
25;2025-12-22;14;349
25;2025-12-22;15;429
25;2025-12-22;16;557
25;2025-12-22;17;589
25;2025-12-22;18;629
25;2025-12-22;19;417
25;2025-12-22;20;222
25;2025-12-22;21;145
25;2025-12-22;22;85
25;2025-12-22;23;6
26;2025-12-22;0;6
26;2025-12-22;1;0
26;2025-12-22;2;0
26;2025-12-22;3;0
26;2025-12-22;4;0
26;2025-12-22;5;51
26;2025-12-22;6;467
26;2025-12-22;7;984
26;2025-12-22;8;1902
26;2025-12-22;9;1299
26;2025-12-22;10;1071
26;2025-12-22;11;968
26;2025-12-22;12;1001
26;2025-12-22;13;1075
26;2025-12-22;14;1071
26;2025-12-22;15;1176
26;2025-12-22;16;1366
26;2025-12-22;17;1495
26;2025-12-22;18;1654
26;2025-12-22;19;1142
26;2025-12-22;20;684
26;2025-12-22;21;407
26;2025-12-22;22;185
26;2025-12-22;23;80
28;2025-12-22;0;1
28;2025-12-22;1;0
28;2025-12-22;2;0
28;2025-12-22;3;0
28;2025-12-22;4;0
28;2025-12-22;5;64
28;2025-12-22;6;232
28;2025-12-22;7;696
28;2025-12-22;8;1112
28;2025-12-22;9;791
28;2025-12-22;10;559
28;2025-12-22;11;479
28;2025-12-22;12;600
28;2025-12-22;13;617
28;2025-12-22;14;565
28;2025-12-22;15;570
28;2025-12-22;16;720
28;2025-12-22;17;847
28;2025-12-22;18;852
28;2025-12-22;19;616
28;2025-12-22;20;426
28;2025-12-22;21;288
28;2025-12-22;22;105
28;2025-12-22;23;8
50;2025-12-22;0;0
50;2025-12-22;1;0
50;2025-12-22;2;0
50;2025-12-22;3;0
50;2025-12-22;4;0
50;2025-12-22;5;69
50;2025-12-22;6;490
50;2025-12-22;7;1560
50;2025-12-22;8;2596
50;2025-12-22;9;1999
50;2025-12-22;10;1541
50;2025-12-22;11;1466
50;2025-12-22;12;1350
50;2025-12-22;13;1352
50;2025-12-22;14;1331
50;2025-12-22;15;1553
50;2025-12-22;16;1522
50;2025-12-22;17;2195
50;2025-12-22;18;2297
50;2025-12-22;19;1385
50;2025-12-22;20;857
50;2025-12-22;21;540
50;2025-12-22;22;235
50;2025-12-22;23;112
1;2025-12-23;0;5
1;2025-12-23;1;0
1;2025-12-23;2;0
1;2025-12-23;3;0
1;2025-12-23;4;2
1;2025-12-23;5;130
1;2025-12-23;6;535
1;2025-12-23;7;1380
1;2025-12-23;8;1751
1;2025-12-23;9;1429
1;2025-12-23;10;1281
1;2025-12-23;11;1278
1;2025-12-23;12;1299
1;2025-12-23;13;1336
1;2025-12-23;14;1295
1;2025-12-23;15;1389
1;2025-12-23;16;1364
1;2025-12-23;17;1634
1;2025-12-23;18;1655
1;2025-12-23;19;1282
1;2025-12-23;20;857
1;2025-12-23;21;475
1;2025-12-23;22;244
1;2025-12-23;23;58
5;2025-12-23;0;0
5;2025-12-23;1;0
5;2025-12-23;2;0
5;2025-12-23;3;0
5;2025-12-23;4;0
5;2025-12-23;5;0
5;2025-12-23;6;0
5;2025-12-23;7;0
5;2025-12-23;8;0
5;2025-12-23;9;0
5;2025-12-23;10;0
5;2025-12-23;11;0
5;2025-12-23;12;0
5;2025-12-23;13;0
5;2025-12-23;14;0
5;2025-12-23;15;0
5;2025-12-23;16;0
5;2025-12-23;17;0
5;2025-12-23;18;0
5;2025-12-23;19;0
5;2025-12-23;20;0
5;2025-12-23;21;0
5;2025-12-23;22;0
5;2025-12-23;23;0
7;2025-12-23;0;39
7;2025-12-23;1;1
7;2025-12-23;2;0
7;2025-12-23;3;0
7;2025-12-23;4;0
7;2025-12-23;5;194
7;2025-12-23;6;703
7;2025-12-23;7;1571
7;2025-12-23;8;2439
7;2025-12-23;9;1803
7;2025-12-23;10;1585
7;2025-12-23;11;1446
7;2025-12-23;12;1511
7;2025-12-23;13;1480
7;2025-12-23;14;1575
7;2025-12-23;15;1668
7;2025-12-23;16;1768
7;2025-12-23;17;2252
7;2025-12-23;18;2517
7;2025-12-23;19;1745
7;2025-12-23;20;1054
7;2025-12-23;21;587
7;2025-12-23;22;303
7;2025-12-23;23;182
11;2025-12-23;0;64
11;2025-12-23;1;0
11;2025-12-23;2;0
11;2025-12-23;3;0
11;2025-12-23;4;2
11;2025-12-23;5;277
11;2025-12-23;6;1259
11;2025-12-23;7;2349
11;2025-12-23;8;3119
11;2025-12-23;9;2393
11;2025-12-23;10;1818
11;2025-12-23;11;1749
11;2025-12-23;12;1780
11;2025-12-23;13;1957
11;2025-12-23;14;1900
11;2025-12-23;15;2001
11;2025-12-23;16;2201
11;2025-12-23;17;2798
11;2025-12-23;18;3014
11;2025-12-23;19;2249
11;2025-12-23;20;1459
11;2025-12-23;21;826
11;2025-12-23;22;404
11;2025-12-23;23;219
12;2025-12-23;0;50
12;2025-12-23;1;3
12;2025-12-23;2;0
12;2025-12-23;3;0
12;2025-12-23;4;7
12;2025-12-23;5;311
12;2025-12-23;6;1371
12;2025-12-23;7;2664
12;2025-12-23;8;3477
12;2025-12-23;9;2457
12;2025-12-23;10;2092
12;2025-12-23;11;1980
12;2025-12-23;12;2102
12;2025-12-23;13;2021
12;2025-12-23;14;2002
12;2025-12-23;15;2232
12;2025-12-23;16;2751
12;2025-12-23;17;3015
12;2025-12-23;18;3157
12;2025-12-23;19;2458
12;2025-12-23;20;1518
12;2025-12-23;21;900
12;2025-12-23;22;470
12;2025-12-23;23;234
17;2025-12-23;0;95
17;2025-12-23;1;11
17;2025-12-23;2;0
17;2025-12-23;3;0
17;2025-12-23;4;20
17;2025-12-23;5;306
17;2025-12-23;6;1488
17;2025-12-23;7;3969
17;2025-12-23;8;5167
17;2025-12-23;9;3733
17;2025-12-23;10;2974
17;2025-12-23;11;2877
17;2025-12-23;12;2884
17;2025-12-23;13;2982
17;2025-12-23;14;3040
17;2025-12-23;15;3200
17;2025-12-23;16;3577
17;2025-12-23;17;4436
17;2025-12-23;18;4767
17;2025-12-23;19;3385
17;2025-12-23;20;2295
17;2025-12-23;21;1422
17;2025-12-23;22;755
17;2025-12-23;23;344
25;2025-12-23;0;0
25;2025-12-23;1;0
25;2025-12-23;2;0
25;2025-12-23;3;0
25;2025-12-23;4;0
25;2025-12-23;5;6
25;2025-12-23;6;163
25;2025-12-23;7;488
25;2025-12-23;8;818
25;2025-12-23;9;446
25;2025-12-23;10;345
25;2025-12-23;11;343
25;2025-12-23;12;351
25;2025-12-23;13;426
25;2025-12-23;14;380
25;2025-12-23;15;481
25;2025-12-23;16;571
25;2025-12-23;17;619
25;2025-12-23;18;659
25;2025-12-23;19;446
25;2025-12-23;20;283
25;2025-12-23;21;174
25;2025-12-23;22;101
25;2025-12-23;23;10
26;2025-12-23;0;25
26;2025-12-23;1;6
26;2025-12-23;2;0
26;2025-12-23;3;0
26;2025-12-23;4;0
26;2025-12-23;5;72
26;2025-12-23;6;500
26;2025-12-23;7;1039
26;2025-12-23;8;2001
26;2025-12-23;9;1362
26;2025-12-23;10;1138
26;2025-12-23;11;1030
26;2025-12-23;12;1061
26;2025-12-23;13;1091
26;2025-12-23;14;1102
26;2025-12-23;15;1228
26;2025-12-23;16;1379
26;2025-12-23;17;1558
26;2025-12-23;18;1738
26;2025-12-23;19;1163
26;2025-12-23;20;738
26;2025-12-23;21;457
26;2025-12-23;22;204
26;2025-12-23;23;89
28;2025-12-23;0;1
28;2025-12-23;1;0
28;2025-12-23;2;0
28;2025-12-23;3;0
28;2025-12-23;4;0
28;2025-12-23;5;80
28;2025-12-23;6;252
28;2025-12-23;7;756
28;2025-12-23;8;1153
28;2025-12-23;9;836
28;2025-12-23;10;615
28;2025-12-23;11;555
28;2025-12-23;12;644
28;2025-12-23;13;656
28;2025-12-23;14;608
28;2025-12-23;15;614
28;2025-12-23;16;794
28;2025-12-23;17;905
28;2025-12-23;18;884
28;2025-12-23;19;642
28;2025-12-23;20;467
28;2025-12-23;21;314
28;2025-12-23;22;145
28;2025-12-23;23;19
50;2025-12-23;0;22
50;2025-12-23;1;2
50;2025-12-23;2;0
50;2025-12-23;3;0
50;2025-12-23;4;0
50;2025-12-23;5;76
50;2025-12-23;6;546
50;2025-12-23;7;1658
50;2025-12-23;8;2641
50;2025-12-23;9;2098
50;2025-12-23;10;1632
50;2025-12-23;11;1542
50;2025-12-23;12;1459
50;2025-12-23;13;1412
50;2025-12-23;14;1343
50;2025-12-23;15;1629
50;2025-12-23;16;1618
50;2025-12-23;17;2268
50;2025-12-23;18;2356
50;2025-12-23;19;1463
50;2025-12-23;20;901
50;2025-12-23;21;587
50;2025-12-23;22;272
50;2025-12-23;23;144
1;2025-12-24;0;0
1;2025-12-24;1;0
1;2025-12-24;2;0
1;2025-12-24;3;0
1;2025-12-24;4;5
1;2025-12-24;5;146
1;2025-12-24;6;563
1;2025-12-24;7;1381
1;2025-12-24;8;1761
1;2025-12-24;9;1406
1;2025-12-24;10;1263
1;2025-12-24;11;1272
1;2025-12-24;12;1301
1;2025-12-24;13;1337
1;2025-12-24;14;1296
1;2025-12-24;15;1414
1;2025-12-24;16;1347
1;2025-12-24;17;1607
1;2025-12-24;18;1633
1;2025-12-24;19;1260
1;2025-12-24;20;822
1;2025-12-24;21;456
1;2025-12-24;22;227
1;2025-12-24;23;35
5;2025-12-24;0;0
5;2025-12-24;1;0
5;2025-12-24;2;0
5;2025-12-24;3;0
5;2025-12-24;4;0
5;2025-12-24;5;0
5;2025-12-24;6;0
5;2025-12-24;7;0
5;2025-12-24;8;0
5;2025-12-24;9;0
5;2025-12-24;10;0
5;2025-12-24;11;0
5;2025-12-24;12;0
5;2025-12-24;13;0
5;2025-12-24;14;0
5;2025-12-24;15;0
5;2025-12-24;16;0
5;2025-12-24;17;0
5;2025-12-24;18;0
5;2025-12-24;19;0
5;2025-12-24;20;0
5;2025-12-24;21;0
5;2025-12-24;22;0
5;2025-12-24;23;0
7;2025-12-24;0;49
7;2025-12-24;1;0
7;2025-12-24;2;0
7;2025-12-24;3;0
7;2025-12-24;4;0
7;2025-12-24;5;185
7;2025-12-24;6;695
7;2025-12-24;7;1540
7;2025-12-24;8;2430
7;2025-12-24;9;1800
7;2025-12-24;10;1578
7;2025-12-24;11;1425
7;2025-12-24;12;1477
7;2025-12-24;13;1442
7;2025-12-24;14;1540
7;2025-12-24;15;1632
7;2025-12-24;16;1738
7;2025-12-24;17;2232
7;2025-12-24;18;2477
7;2025-12-24;19;1698
7;2025-12-24;20;1025
7;2025-12-24;21;548
7;2025-12-24;22;260
7;2025-12-24;23;179
11;2025-12-24;0;66
11;2025-12-24;1;0
11;2025-12-24;2;0
11;2025-12-24;3;0
11;2025-12-24;4;0
11;2025-12-24;5;269
11;2025-12-24;6;1253
11;2025-12-24;7;2331
11;2025-12-24;8;3117
11;2025-12-24;9;2387
11;2025-12-24;10;1832
11;2025-12-24;11;1744
11;2025-12-24;12;1779
11;2025-12-24;13;1935
11;2025-12-24;14;1897
11;2025-12-24;15;1963
11;2025-12-24;16;2172
11;2025-12-24;17;2769
11;2025-12-24;18;2997
11;2025-12-24;19;2223
11;2025-12-24;20;1448
11;2025-12-24;21;809
11;2025-12-24;22;373
11;2025-12-24;23;226
12;2025-12-24;0;60
12;2025-12-24;1;0
12;2025-12-24;2;0
12;2025-12-24;3;0
12;2025-12-24;4;2
12;2025-12-24;5;314
12;2025-12-24;6;1392
12;2025-12-24;7;2667
12;2025-12-24;8;3469
12;2025-12-24;9;2482
12;2025-12-24;10;2077
12;2025-12-24;11;2001
12;2025-12-24;12;2072
12;2025-12-24;13;2017
12;2025-12-24;14;2004
12;2025-12-24;15;2251
12;2025-12-24;16;2770
12;2025-12-24;17;3019
12;2025-12-24;18;3128
12;2025-12-24;19;2433
12;2025-12-24;20;1495
12;2025-12-24;21;905
12;2025-12-24;22;446
12;2025-12-24;23;243
17;2025-12-24;0;98
17;2025-12-24;1;3
17;2025-12-24;2;0
17;2025-12-24;3;0
17;2025-12-24;4;21
17;2025-12-24;5;318
17;2025-12-24;6;1477
17;2025-12-24;7;3954
17;2025-12-24;8;5167
17;2025-12-24;9;3714
17;2025-12-24;10;2962
17;2025-12-24;11;2887
17;2025-12-24;12;2896
17;2025-12-24;13;2978
17;2025-12-24;14;3057
17;2025-12-24;15;3204
17;2025-12-24;16;3565
17;2025-12-24;17;4397
17;2025-12-24;18;4716
17;2025-12-24;19;3313
17;2025-12-24;20;2263
17;2025-12-24;21;1421
17;2025-12-24;22;731
17;2025-12-24;23;346
25;2025-12-24;0;0
25;2025-12-24;1;0
25;2025-12-24;2;0
25;2025-12-24;3;0
25;2025-12-24;4;0
25;2025-12-24;5;16
25;2025-12-24;6;167
25;2025-12-24;7;497
25;2025-12-24;8;815
25;2025-12-24;9;431
25;2025-12-24;10;336
25;2025-12-24;11;338
25;2025-12-24;12;344
25;2025-12-24;13;441
25;2025-12-24;14;381
25;2025-12-24;15;463
25;2025-12-24;16;572
25;2025-12-24;17;616
25;2025-12-24;18;657
25;2025-12-24;19;444
25;2025-12-24;20;276
25;2025-12-24;21;180
25;2025-12-24;22;81
25;2025-12-24;23;6
26;2025-12-24;0;21
26;2025-12-24;1;9
26;2025-12-24;2;0
26;2025-12-24;3;0
26;2025-12-24;4;3
26;2025-12-24;5;89
26;2025-12-24;6;495
26;2025-12-24;7;1037
26;2025-12-24;8;2018
26;2025-12-24;9;1350
26;2025-12-24;10;1129
26;2025-12-24;11;1012
26;2025-12-24;12;1041
26;2025-12-24;13;1070
26;2025-12-24;14;1113
26;2025-12-24;15;1200
26;2025-12-24;16;1363
26;2025-12-24;17;1536
26;2025-12-24;18;1726
26;2025-12-24;19;1136
26;2025-12-24;20;693
26;2025-12-24;21;438
26;2025-12-24;22;163
26;2025-12-24;23;92
28;2025-12-24;0;1
28;2025-12-24;1;0
28;2025-12-24;2;0
28;2025-12-24;3;0
28;2025-12-24;4;0
28;2025-12-24;5;78
28;2025-12-24;6;268
28;2025-12-24;7;742
28;2025-12-24;8;1156
28;2025-12-24;9;831
28;2025-12-24;10;607
28;2025-12-24;11;543
28;2025-12-24;12;649
28;2025-12-24;13;651
28;2025-12-24;14;591
28;2025-12-24;15;604
28;2025-12-24;16;798
28;2025-12-24;17;898
28;2025-12-24;18;867
28;2025-12-24;19;628
28;2025-12-24;20;452
28;2025-12-24;21;305
28;2025-12-24;22;128
28;2025-12-24;23;19
50;2025-12-24;0;19
50;2025-12-24;1;12
50;2025-12-24;2;0
50;2025-12-24;3;0
50;2025-12-24;4;0
50;2025-12-24;5;80
50;2025-12-24;6;527
50;2025-12-24;7;1663
50;2025-12-24;8;2636
50;2025-12-24;9;2082
50;2025-12-24;10;1608
50;2025-12-24;11;1528
50;2025-12-24;12;1440
50;2025-12-24;13;1414
50;2025-12-24;14;1326
50;2025-12-24;15;1606
50;2025-12-24;16;1608
50;2025-12-24;17;2270
50;2025-12-24;18;2329
50;2025-12-24;19;1453
50;2025-12-24;20;880
50;2025-12-24;21;578
50;2025-12-24;22;251
50;2025-12-24;23;141
1;2025-12-25;0;0
1;2025-12-25;1;0
1;2025-12-25;2;0
1;2025-12-25;3;0
1;2025-12-25;4;0
1;2025-12-25;5;105
1;2025-12-25;6;519
1;2025-12-25;7;1353
1;2025-12-25;8;1726
1;2025-12-25;9;1398
1;2025-12-25;10;1284
1;2025-12-25;11;1294
1;2025-12-25;12;1298
1;2025-12-25;13;1348
1;2025-12-25;14;1310
1;2025-12-25;15;1415
1;2025-12-25;16;1360
1;2025-12-25;17;1629
1;2025-12-25;18;1642
1;2025-12-25;19;1259
1;2025-12-25;20;839
1;2025-12-25;21;450
1;2025-12-25;22;226
1;2025-12-25;23;41
5;2025-12-25;0;0
5;2025-12-25;1;0
5;2025-12-25;2;0
5;2025-12-25;3;0
5;2025-12-25;4;0
5;2025-12-25;5;0
5;2025-12-25;6;0
5;2025-12-25;7;0
5;2025-12-25;8;0
5;2025-12-25;9;0
5;2025-12-25;10;0
5;2025-12-25;11;0
5;2025-12-25;12;0
5;2025-12-25;13;0
5;2025-12-25;14;0
5;2025-12-25;15;0
5;2025-12-25;16;0
5;2025-12-25;17;0
5;2025-12-25;18;0
5;2025-12-25;19;0
5;2025-12-25;20;0
5;2025-12-25;21;0
5;2025-12-25;22;0
5;2025-12-25;23;0
7;2025-12-25;0;31
7;2025-12-25;1;0
7;2025-12-25;2;0
7;2025-12-25;3;0
7;2025-12-25;4;0
7;2025-12-25;5;166
7;2025-12-25;6;690
7;2025-12-25;7;1519
7;2025-12-25;8;2390
7;2025-12-25;9;1786
7;2025-12-25;10;1545
7;2025-12-25;11;1389
7;2025-12-25;12;1502
7;2025-12-25;13;1443
7;2025-12-25;14;1525
7;2025-12-25;15;1615
7;2025-12-25;16;1746
7;2025-12-25;17;2217
7;2025-12-25;18;2504
7;2025-12-25;19;1724
7;2025-12-25;20;1026
7;2025-12-25;21;548
7;2025-12-25;22;260
7;2025-12-25;23;152
11;2025-12-25;0;43
11;2025-12-25;1;0
11;2025-12-25;2;0
11;2025-12-25;3;0
11;2025-12-25;4;0
11;2025-12-25;5;245
11;2025-12-25;6;1216
11;2025-12-25;7;2309
11;2025-12-25;8;3097
11;2025-12-25;9;2395
11;2025-12-25;10;1848
11;2025-12-25;11;1768
11;2025-12-25;12;1827
11;2025-12-25;13;1986
11;2025-12-25;14;1960
11;2025-12-25;15;2007
11;2025-12-25;16;2177
11;2025-12-25;17;2784
11;2025-12-25;18;2988
11;2025-12-25;19;2246
11;2025-12-25;20;1441
11;2025-12-25;21;851
11;2025-12-25;22;395
11;2025-12-25;23;222
12;2025-12-25;0;34
12;2025-12-25;1;0
12;2025-12-25;2;0
12;2025-12-25;3;0
12;2025-12-25;4;0
12;2025-12-25;5;288
12;2025-12-25;6;1333
12;2025-12-25;7;2683
12;2025-12-25;8;3453
12;2025-12-25;9;2481
12;2025-12-25;10;2096
12;2025-12-25;11;2058
12;2025-12-25;12;2151
12;2025-12-25;13;2079
12;2025-12-25;14;2068
12;2025-12-25;15;2301
12;2025-12-25;16;2833
12;2025-12-25;17;3078
12;2025-12-25;18;3153
12;2025-12-25;19;2484
12;2025-12-25;20;1501
12;2025-12-25;21;898
12;2025-12-25;22;426
12;2025-12-25;23;238
17;2025-12-25;0;92
17;2025-12-25;1;0
17;2025-12-25;2;0
17;2025-12-25;3;0
17;2025-12-25;4;5
17;2025-12-25;5;291
17;2025-12-25;6;1467
17;2025-12-25;7;3912
17;2025-12-25;8;5176
17;2025-12-25;9;3746
17;2025-12-25;10;3040
17;2025-12-25;11;2980
17;2025-12-25;12;3015
17;2025-12-25;13;3063
17;2025-12-25;14;3137
17;2025-12-25;15;3268
17;2025-12-25;16;3669
17;2025-12-25;17;4444
17;2025-12-25;18;4749
17;2025-12-25;19;3388
17;2025-12-25;20;2355
17;2025-12-25;21;1451
17;2025-12-25;22;729
17;2025-12-25;23;326
25;2025-12-25;0;0
25;2025-12-25;1;0
25;2025-12-25;2;0
25;2025-12-25;3;0
25;2025-12-25;4;0
25;2025-12-25;5;5
25;2025-12-25;6;145
25;2025-12-25;7;472
25;2025-12-25;8;769
25;2025-12-25;9;426
25;2025-12-25;10;321
25;2025-12-25;11;337
25;2025-12-25;12;336
25;2025-12-25;13;429
25;2025-12-25;14;373
25;2025-12-25;15;466
25;2025-12-25;16;561
25;2025-12-25;17;610
25;2025-12-25;18;644
25;2025-12-25;19;444
25;2025-12-25;20;261
25;2025-12-25;21;163
25;2025-12-25;22;80
25;2025-12-25;23;0
26;2025-12-25;0;18
26;2025-12-25;1;4
26;2025-12-25;2;0
26;2025-12-25;3;0
26;2025-12-25;4;0
26;2025-12-25;5;57
26;2025-12-25;6;500
26;2025-12-25;7;1007
26;2025-12-25;8;1975
26;2025-12-25;9;1371
26;2025-12-25;10;1148
26;2025-12-25;11;1032
26;2025-12-25;12;1055
26;2025-12-25;13;1089
26;2025-12-25;14;1120
26;2025-12-25;15;1213
26;2025-12-25;16;1390
26;2025-12-25;17;1546
26;2025-12-25;18;1715
26;2025-12-25;19;1158
26;2025-12-25;20;701
26;2025-12-25;21;438
26;2025-12-25;22;173
26;2025-12-25;23;94
28;2025-12-25;0;1
28;2025-12-25;1;0
28;2025-12-25;2;0
28;2025-12-25;3;0
28;2025-12-25;4;0
28;2025-12-25;5;75
28;2025-12-25;6;261
28;2025-12-25;7;704
28;2025-12-25;8;1126
28;2025-12-25;9;821
28;2025-12-25;10;587
28;2025-12-25;11;535
28;2025-12-25;12;641
28;2025-12-25;13;665
28;2025-12-25;14;585
28;2025-12-25;15;591
28;2025-12-25;16;792
28;2025-12-25;17;892
28;2025-12-25;18;856
28;2025-12-25;19;634
28;2025-12-25;20;456
28;2025-12-25;21;308
28;2025-12-25;22;133
28;2025-12-25;23;2
50;2025-12-25;0;21
50;2025-12-25;1;15
50;2025-12-25;2;0
50;2025-12-25;3;0
50;2025-12-25;4;0
50;2025-12-25;5;68
50;2025-12-25;6;523
50;2025-12-25;7;1633
50;2025-12-25;8;2605
50;2025-12-25;9;2075
50;2025-12-25;10;1614
50;2025-12-25;11;1526
50;2025-12-25;12;1460
50;2025-12-25;13;1399
50;2025-12-25;14;1332
50;2025-12-25;15;1614
50;2025-12-25;16;1656
50;2025-12-25;17;2259
50;2025-12-25;18;2313
50;2025-12-25;19;1426
50;2025-12-25;20;882
50;2025-12-25;21;570
50;2025-12-25;22;234
50;2025-12-25;23;125
1;2025-12-26;0;0
1;2025-12-26;1;0
1;2025-12-26;2;0
1;2025-12-26;3;0
1;2025-12-26;4;0
1;2025-12-26;5;109
1;2025-12-26;6;513
1;2025-12-26;7;1334
1;2025-12-26;8;1645
1;2025-12-26;9;1342
1;2025-12-26;10;1207
1;2025-12-26;11;1252
1;2025-12-26;12;1261
1;2025-12-26;13;1322
1;2025-12-26;14;1260
1;2025-12-26;15;1417
1;2025-12-26;16;1394
1;2025-12-26;17;1596
1;2025-12-26;18;1454
1;2025-12-26;19;1128
1;2025-12-26;20;761
1;2025-12-26;21;441
1;2025-12-26;22;216
1;2025-12-26;23;34
5;2025-12-26;0;0
5;2025-12-26;1;0
5;2025-12-26;2;0
5;2025-12-26;3;0
5;2025-12-26;4;0
5;2025-12-26;5;0
5;2025-12-26;6;0
5;2025-12-26;7;0
5;2025-12-26;8;0
5;2025-12-26;9;0
5;2025-12-26;10;0
5;2025-12-26;11;0
5;2025-12-26;12;0
5;2025-12-26;13;0
5;2025-12-26;14;0
5;2025-12-26;15;0
5;2025-12-26;16;0
5;2025-12-26;17;0
5;2025-12-26;18;0
5;2025-12-26;19;0
5;2025-12-26;20;0
5;2025-12-26;21;0
5;2025-12-26;22;0
5;2025-12-26;23;0
7;2025-12-26;0;24
7;2025-12-26;1;0
7;2025-12-26;2;0
7;2025-12-26;3;0
7;2025-12-26;4;0
7;2025-12-26;5;158
7;2025-12-26;6;646
7;2025-12-26;7;1492
7;2025-12-26;8;2317
7;2025-12-26;9;1726
7;2025-12-26;10;1551
7;2025-12-26;11;1375
7;2025-12-26;12;1475
7;2025-12-26;13;1492
7;2025-12-26;14;1556
7;2025-12-26;15;1647
7;2025-12-26;16;1797
7;2025-12-26;17;2154
7;2025-12-26;18;2097
7;2025-12-26;19;1525
7;2025-12-26;20;967
7;2025-12-26;21;553
7;2025-12-26;22;324
7;2025-12-26;23;194
11;2025-12-26;0;27
11;2025-12-26;1;0
11;2025-12-26;2;0
11;2025-12-26;3;0
11;2025-12-26;4;0
11;2025-12-26;5;256
11;2025-12-26;6;1186
11;2025-12-26;7;2220
11;2025-12-26;8;2971
11;2025-12-26;9;2257
11;2025-12-26;10;1735
11;2025-12-26;11;1691
11;2025-12-26;12;1762
11;2025-12-26;13;1896
11;2025-12-26;14;1934
11;2025-12-26;15;2009
11;2025-12-26;16;2193
11;2025-12-26;17;2756
11;2025-12-26;18;2680
11;2025-12-26;19;2070
11;2025-12-26;20;1373
11;2025-12-26;21;799
11;2025-12-26;22;400
11;2025-12-26;23;262
12;2025-12-26;0;24
12;2025-12-26;1;0
12;2025-12-26;2;0
12;2025-12-26;3;0
12;2025-12-26;4;0
12;2025-12-26;5;297
12;2025-12-26;6;1304
12;2025-12-26;7;2594
12;2025-12-26;8;3337
12;2025-12-26;9;2366
12;2025-12-26;10;1990
12;2025-12-26;11;1976
12;2025-12-26;12;2051
12;2025-12-26;13;2035
12;2025-12-26;14;2073
12;2025-12-26;15;2327
12;2025-12-26;16;2825
12;2025-12-26;17;2971
12;2025-12-26;18;2748
12;2025-12-26;19;2267
12;2025-12-26;20;1387
12;2025-12-26;21;888
12;2025-12-26;22;445
12;2025-12-26;23;265
17;2025-12-26;0;87
17;2025-12-26;1;0
17;2025-12-26;2;0
17;2025-12-26;3;0
17;2025-12-26;4;4
17;2025-12-26;5;288
17;2025-12-26;6;1444
17;2025-12-26;7;3829
17;2025-12-26;8;4914
17;2025-12-26;9;3644
17;2025-12-26;10;2893
17;2025-12-26;11;2914
17;2025-12-26;12;2963
17;2025-12-26;13;3063
17;2025-12-26;14;3145
17;2025-12-26;15;3349
17;2025-12-26;16;3742
17;2025-12-26;17;4425
17;2025-12-26;18;4392
17;2025-12-26;19;3182
17;2025-12-26;20;2277
17;2025-12-26;21;1478
17;2025-12-26;22;766
17;2025-12-26;23;397
25;2025-12-26;0;0
25;2025-12-26;1;0
25;2025-12-26;2;0
25;2025-12-26;3;0
25;2025-12-26;4;0
25;2025-12-26;5;1
25;2025-12-26;6;153
25;2025-12-26;7;469
25;2025-12-26;8;740
25;2025-12-26;9;417
25;2025-12-26;10;309
25;2025-12-26;11;355
25;2025-12-26;12;339
25;2025-12-26;13;449
25;2025-12-26;14;400
25;2025-12-26;15;491
25;2025-12-26;16;600
25;2025-12-26;17;597
25;2025-12-26;18;547
25;2025-12-26;19;426
25;2025-12-26;20;248
25;2025-12-26;21;173
25;2025-12-26;22;87
25;2025-12-26;23;0
26;2025-12-26;0;5
26;2025-12-26;1;0
26;2025-12-26;2;0
26;2025-12-26;3;0
26;2025-12-26;4;0
26;2025-12-26;5;45
26;2025-12-26;6;495
26;2025-12-26;7;969
26;2025-12-26;8;1888
26;2025-12-26;9;1292
26;2025-12-26;10;1114
26;2025-12-26;11;971
26;2025-12-26;12;1010
26;2025-12-26;13;1071
26;2025-12-26;14;1117
26;2025-12-26;15;1203
26;2025-12-26;16;1412
26;2025-12-26;17;1506
26;2025-12-26;18;1503
26;2025-12-26;19;1051
26;2025-12-26;20;654
26;2025-12-26;21;420
26;2025-12-26;22;184
26;2025-12-26;23;118
28;2025-12-26;0;1
28;2025-12-26;1;0
28;2025-12-26;2;0
28;2025-12-26;3;0
28;2025-12-26;4;0
28;2025-12-26;5;64
28;2025-12-26;6;250
28;2025-12-26;7;679
28;2025-12-26;8;1087
28;2025-12-26;9;786
28;2025-12-26;10;587
28;2025-12-26;11;518
28;2025-12-26;12;644
28;2025-12-26;13;649
28;2025-12-26;14;608
28;2025-12-26;15;605
28;2025-12-26;16;800
28;2025-12-26;17;876
28;2025-12-26;18;752
28;2025-12-26;19;585
28;2025-12-26;20;417
28;2025-12-26;21;305
28;2025-12-26;22;124
28;2025-12-26;23;7
50;2025-12-26;0;13
50;2025-12-26;1;2
50;2025-12-26;2;0
50;2025-12-26;3;0
50;2025-12-26;4;0
50;2025-12-26;5;57
50;2025-12-26;6;530
50;2025-12-26;7;1582
50;2025-12-26;8;2534
50;2025-12-26;9;1984
50;2025-12-26;10;1551
50;2025-12-26;11;1503
50;2025-12-26;12;1438
50;2025-12-26;13;1401
50;2025-12-26;14;1365
50;2025-12-26;15;1637
50;2025-12-26;16;1748
50;2025-12-26;17;2119
50;2025-12-26;18;1810
50;2025-12-26;19;1163
50;2025-12-26;20;774
50;2025-12-26;21;498
50;2025-12-26;22;259
50;2025-12-26;23;147
1;2025-12-27;0;0
1;2025-12-27;1;0
1;2025-12-27;2;0
1;2025-12-27;3;0
1;2025-12-27;4;0
1;2025-12-27;5;15
1;2025-12-27;6;149
1;2025-12-27;7;268
1;2025-12-27;8;361
1;2025-12-27;9;643
1;2025-12-27;10;752
1;2025-12-27;11;697
1;2025-12-27;12;890
1;2025-12-27;13;947
1;2025-12-27;14;876
1;2025-12-27;15;743
1;2025-12-27;16;694
1;2025-12-27;17;619
1;2025-12-27;18;503
1;2025-12-27;19;425
1;2025-12-27;20;326
1;2025-12-27;21;259
1;2025-12-27;22;97
1;2025-12-27;23;6
5;2025-12-27;0;0
5;2025-12-27;1;0
5;2025-12-27;2;0
5;2025-12-27;3;0
5;2025-12-27;4;0
5;2025-12-27;5;0
5;2025-12-27;6;0
5;2025-12-27;7;0
5;2025-12-27;8;0
5;2025-12-27;9;0
5;2025-12-27;10;0
5;2025-12-27;11;0
5;2025-12-27;12;0
5;2025-12-27;13;0
5;2025-12-27;14;0
5;2025-12-27;15;0
5;2025-12-27;16;0
5;2025-12-27;17;0
5;2025-12-27;18;0
5;2025-12-27;19;0
5;2025-12-27;20;0
5;2025-12-27;21;0
5;2025-12-27;22;0
5;2025-12-27;23;0
7;2025-12-27;0;68
7;2025-12-27;1;0
7;2025-12-27;2;0
7;2025-12-27;3;0
7;2025-12-27;4;0
7;2025-12-27;5;28
7;2025-12-27;6;283
7;2025-12-27;7;428
7;2025-12-27;8;806
7;2025-12-27;9;895
7;2025-12-27;10;918
7;2025-12-27;11;1035
7;2025-12-27;12;1197
7;2025-12-27;13;1189
7;2025-12-27;14;1292
7;2025-12-27;15;1234
7;2025-12-27;16;1266
7;2025-12-27;17;1224
7;2025-12-27;18;1122
7;2025-12-27;19;1001
7;2025-12-27;20;709
7;2025-12-27;21;508
7;2025-12-27;22;284
7;2025-12-27;23;86
11;2025-12-27;0;73
11;2025-12-27;1;0
11;2025-12-27;2;0
11;2025-12-27;3;0
11;2025-12-27;4;3
11;2025-12-27;5;164
11;2025-12-27;6;708
11;2025-12-27;7;671
11;2025-12-27;8;922
11;2025-12-27;9;1016
11;2025-12-27;10;1114
11;2025-12-27;11;1408
11;2025-12-27;12;1520
11;2025-12-27;13;1547
11;2025-12-27;14;1540
11;2025-12-27;15;1588
11;2025-12-27;16;1598
11;2025-12-27;17;1717
11;2025-12-27;18;1433
11;2025-12-27;19;1323
11;2025-12-27;20;952
11;2025-12-27;21;644
11;2025-12-27;22;336
11;2025-12-27;23;228
12;2025-12-27;0;72
12;2025-12-27;1;0
12;2025-12-27;2;0
12;2025-12-27;3;0
12;2025-12-27;4;5
12;2025-12-27;5;197
12;2025-12-27;6;789
12;2025-12-27;7;835
12;2025-12-27;8;940
12;2025-12-27;9;1117
12;2025-12-27;10;1302
12;2025-12-27;11;1377
12;2025-12-27;12;1378
12;2025-12-27;13;1572
12;2025-12-27;14;1513
12;2025-12-27;15;1443
12;2025-12-27;16;1525
12;2025-12-27;17;1498
12;2025-12-27;18;1439
12;2025-12-27;19;1215
12;2025-12-27;20;878
12;2025-12-27;21;628
12;2025-12-27;22;341
12;2025-12-27;23;236
17;2025-12-27;0;157
17;2025-12-27;1;11
17;2025-12-27;2;0
17;2025-12-27;3;0
17;2025-12-27;4;0
17;2025-12-27;5;118
17;2025-12-27;6;513
17;2025-12-27;7;1094
17;2025-12-27;8;1575
17;2025-12-27;9;2019
17;2025-12-27;10;2203
17;2025-12-27;11;2645
17;2025-12-27;12;2812
17;2025-12-27;13;2982
17;2025-12-27;14;2988
17;2025-12-27;15;3111
17;2025-12-27;16;3162
17;2025-12-27;17;3051
17;2025-12-27;18;2724
17;2025-12-27;19;2162
17;2025-12-27;20;1678
17;2025-12-27;21;1212
17;2025-12-27;22;743
17;2025-12-27;23;361
25;2025-12-27;0;0
25;2025-12-27;1;0
25;2025-12-27;2;0
25;2025-12-27;3;0
25;2025-12-27;4;0
25;2025-12-27;5;1
25;2025-12-27;6;61
25;2025-12-27;7;140
25;2025-12-27;8;233
25;2025-12-27;9;250
25;2025-12-27;10;227
25;2025-12-27;11;292
25;2025-12-27;12;312
25;2025-12-27;13;427
25;2025-12-27;14;427
25;2025-12-27;15;498
25;2025-12-27;16;461
25;2025-12-27;17;401
25;2025-12-27;18;384
25;2025-12-27;19;317
25;2025-12-27;20;199
25;2025-12-27;21;153
25;2025-12-27;22;68
25;2025-12-27;23;11
26;2025-12-27;0;28
26;2025-12-27;1;0
26;2025-12-27;2;0
26;2025-12-27;3;0
26;2025-12-27;4;0
26;2025-12-27;5;18
26;2025-12-27;6;228
26;2025-12-27;7;294
26;2025-12-27;8;544
26;2025-12-27;9;582
26;2025-12-27;10;692
26;2025-12-27;11;818
26;2025-12-27;12;846
26;2025-12-27;13;898
26;2025-12-27;14;843
26;2025-12-27;15;847
26;2025-12-27;16;877
26;2025-12-27;17;820
26;2025-12-27;18;756
26;2025-12-27;19;669
26;2025-12-27;20;451
26;2025-12-27;21;301
26;2025-12-27;22;143
26;2025-12-27;23;95
28;2025-12-27;0;1
28;2025-12-27;1;0
28;2025-12-27;2;0
28;2025-12-27;3;0
28;2025-12-27;4;0
28;2025-12-27;5;22
28;2025-12-27;6;95
28;2025-12-27;7;167
28;2025-12-27;8;321
28;2025-12-27;9;389
28;2025-12-27;10;428
28;2025-12-27;11;420
28;2025-12-27;12;493
28;2025-12-27;13;500
28;2025-12-27;14;496
28;2025-12-27;15;507
28;2025-12-27;16;507
28;2025-12-27;17;501
28;2025-12-27;18;407
28;2025-12-27;19;309
28;2025-12-27;20;275
28;2025-12-27;21;245
28;2025-12-27;22;89
28;2025-12-27;23;2
50;2025-12-27;0;31
50;2025-12-27;1;3
50;2025-12-27;2;0
50;2025-12-27;3;0
50;2025-12-27;4;0
50;2025-12-27;5;38
50;2025-12-27;6;237
50;2025-12-27;7;345
50;2025-12-27;8;624
50;2025-12-27;9;729
50;2025-12-27;10;665
50;2025-12-27;11;819
50;2025-12-27;12;825
50;2025-12-27;13;832
50;2025-12-27;14;871
50;2025-12-27;15;889
50;2025-12-27;16;868
50;2025-12-27;17;907
50;2025-12-27;18;694
50;2025-12-27;19;634
50;2025-12-27;20;483
50;2025-12-27;21;348
50;2025-12-27;22;179
50;2025-12-27;23;128
1;2025-12-28;0;0
1;2025-12-28;1;0
1;2025-12-28;2;0
1;2025-12-28;3;0
1;2025-12-28;4;0
1;2025-12-28;5;5
1;2025-12-28;6;93
1;2025-12-28;7;163
1;2025-12-28;8;236
1;2025-12-28;9;483
1;2025-12-28;10;567
1;2025-12-28;11;536
1;2025-12-28;12;670
1;2025-12-28;13;717
1;2025-12-28;14;660
1;2025-12-28;15;585
1;2025-12-28;16;540
1;2025-12-28;17;501
1;2025-12-28;18;416
1;2025-12-28;19;330
1;2025-12-28;20;251
1;2025-12-28;21;213
1;2025-12-28;22;78
1;2025-12-28;23;17
5;2025-12-28;0;0
5;2025-12-28;1;0
5;2025-12-28;2;0
5;2025-12-28;3;0
5;2025-12-28;4;0
5;2025-12-28;5;0
5;2025-12-28;6;0
5;2025-12-28;7;0
5;2025-12-28;8;0
5;2025-12-28;9;0
5;2025-12-28;10;0
5;2025-12-28;11;0
5;2025-12-28;12;0
5;2025-12-28;13;0
5;2025-12-28;14;0
5;2025-12-28;15;0
5;2025-12-28;16;0
5;2025-12-28;17;0
5;2025-12-28;18;0
5;2025-12-28;19;0
5;2025-12-28;20;0
5;2025-12-28;21;0
5;2025-12-28;22;0
5;2025-12-28;23;0
7;2025-12-28;0;47
7;2025-12-28;1;0
7;2025-12-28;2;0
7;2025-12-28;3;0
7;2025-12-28;4;0
7;2025-12-28;5;6
7;2025-12-28;6;194
7;2025-12-28;7;276
7;2025-12-28;8;489
7;2025-12-28;9;657
7;2025-12-28;10;654
7;2025-12-28;11;801
7;2025-12-28;12;985
7;2025-12-28;13;997
7;2025-12-28;14;1057
7;2025-12-28;15;967
7;2025-12-28;16;972
7;2025-12-28;17;947
7;2025-12-28;18;873
7;2025-12-28;19;748
7;2025-12-28;20;534
7;2025-12-28;21;449
7;2025-12-28;22;252
7;2025-12-28;23;81
11;2025-12-28;0;61
11;2025-12-28;1;0
11;2025-12-28;2;0
11;2025-12-28;3;0
11;2025-12-28;4;0
11;2025-12-28;5;79
11;2025-12-28;6;412
11;2025-12-28;7;420
11;2025-12-28;8;532
11;2025-12-28;9;791
11;2025-12-28;10;855
11;2025-12-28;11;1128
11;2025-12-28;12;1144
11;2025-12-28;13;1250
11;2025-12-28;14;1170
11;2025-12-28;15;1222
11;2025-12-28;16;1257
11;2025-12-28;17;1418
11;2025-12-28;18;1148
11;2025-12-28;19;949
11;2025-12-28;20;788
11;2025-12-28;21;510
11;2025-12-28;22;296
11;2025-12-28;23;187
12;2025-12-28;0;59
12;2025-12-28;1;0
12;2025-12-28;2;0
12;2025-12-28;3;0
12;2025-12-28;4;0
12;2025-12-28;5;110
12;2025-12-28;6;442
12;2025-12-28;7;500
12;2025-12-28;8;597
12;2025-12-28;9;829
12;2025-12-28;10;955
12;2025-12-28;11;1060
12;2025-12-28;12;1088
12;2025-12-28;13;1235
12;2025-12-28;14;1240
12;2025-12-28;15;1148
12;2025-12-28;16;1223
12;2025-12-28;17;1221
12;2025-12-28;18;1124
12;2025-12-28;19;849
12;2025-12-28;20;666
12;2025-12-28;21;480
12;2025-12-28;22;304
12;2025-12-28;23;175
17;2025-12-28;0;100
17;2025-12-28;1;9
17;2025-12-28;2;0
17;2025-12-28;3;0
17;2025-12-28;4;0
17;2025-12-28;5;71
17;2025-12-28;6;366
17;2025-12-28;7;638
17;2025-12-28;8;1021
17;2025-12-28;9;1405
17;2025-12-28;10;1659
17;2025-12-28;11;2155
17;2025-12-28;12;2430
17;2025-12-28;13;2579
17;2025-12-28;14;2610
17;2025-12-28;15;2686
17;2025-12-28;16;2726
17;2025-12-28;17;2596
17;2025-12-28;18;2223
17;2025-12-28;19;1813
17;2025-12-28;20;1318
17;2025-12-28;21;962
17;2025-12-28;22;636
17;2025-12-28;23;266
25;2025-12-28;0;0
25;2025-12-28;1;0
25;2025-12-28;2;0
25;2025-12-28;3;0
25;2025-12-28;4;0
25;2025-12-28;5;0
25;2025-12-28;6;33
25;2025-12-28;7;86
25;2025-12-28;8;141
25;2025-12-28;9;184
25;2025-12-28;10;167
25;2025-12-28;11;221
25;2025-12-28;12;253
25;2025-12-28;13;358
25;2025-12-28;14;364
25;2025-12-28;15;414
25;2025-12-28;16;411
25;2025-12-28;17;352
25;2025-12-28;18;323
25;2025-12-28;19;248
25;2025-12-28;20;166
25;2025-12-28;21;132
25;2025-12-28;22;75
25;2025-12-28;23;19
26;2025-12-28;0;16
26;2025-12-28;1;0
26;2025-12-28;2;0
26;2025-12-28;3;0
26;2025-12-28;4;0
26;2025-12-28;5;0
26;2025-12-28;6;117
26;2025-12-28;7;179
26;2025-12-28;8;334
26;2025-12-28;9;426
26;2025-12-28;10;456
26;2025-12-28;11;624
26;2025-12-28;12;671
26;2025-12-28;13;671
26;2025-12-28;14;673
26;2025-12-28;15;636
26;2025-12-28;16;686
26;2025-12-28;17;642
26;2025-12-28;18;564
26;2025-12-28;19;468
26;2025-12-28;20;323
26;2025-12-28;21;246
26;2025-12-28;22;119
26;2025-12-28;23;79
28;2025-12-28;0;1
28;2025-12-28;1;0
28;2025-12-28;2;0
28;2025-12-28;3;0
28;2025-12-28;4;0
28;2025-12-28;5;12
28;2025-12-28;6;71
28;2025-12-28;7;86
28;2025-12-28;8;204
28;2025-12-28;9;295
28;2025-12-28;10;329
28;2025-12-28;11;346
28;2025-12-28;12;404
28;2025-12-28;13;434
28;2025-12-28;14;424
28;2025-12-28;15;421
28;2025-12-28;16;414
28;2025-12-28;17;415
28;2025-12-28;18;340
28;2025-12-28;19;268
28;2025-12-28;20;226
28;2025-12-28;21;205
28;2025-12-28;22;81
28;2025-12-28;23;3
50;2025-12-28;0;2
50;2025-12-28;1;0
50;2025-12-28;2;0
50;2025-12-28;3;0
50;2025-12-28;4;0
50;2025-12-28;5;19
50;2025-12-28;6;170
50;2025-12-28;7;225
50;2025-12-28;8;376
50;2025-12-28;9;495
50;2025-12-28;10;477
50;2025-12-28;11;585
50;2025-12-28;12;656
50;2025-12-28;13;722
50;2025-12-28;14;728
50;2025-12-28;15;654
50;2025-12-28;16;701
50;2025-12-28;17;685
50;2025-12-28;18;571
50;2025-12-28;19;500
50;2025-12-28;20;398
50;2025-12-28;21;285
50;2025-12-28;22;159
50;2025-12-28;23;108
1;2025-12-29;0;0
1;2025-12-29;1;0
1;2025-12-29;2;0
1;2025-12-29;3;0
1;2025-12-29;4;0
1;2025-12-29;5;102
1;2025-12-29;6;463
1;2025-12-29;7;1259
1;2025-12-29;8;1595
1;2025-12-29;9;1280
1;2025-12-29;10;1192
1;2025-12-29;11;1205
1;2025-12-29;12;1255
1;2025-12-29;13;1312
1;2025-12-29;14;1228
1;2025-12-29;15;1332
1;2025-12-29;16;1321
1;2025-12-29;17;1572
1;2025-12-29;18;1538
1;2025-12-29;19;1154
1;2025-12-29;20;779
1;2025-12-29;21;440
1;2025-12-29;22;192
1;2025-12-29;23;53
5;2025-12-29;0;0
5;2025-12-29;1;0
5;2025-12-29;2;0
5;2025-12-29;3;0
5;2025-12-29;4;0
5;2025-12-29;5;0
5;2025-12-29;6;0
5;2025-12-29;7;0
5;2025-12-29;8;0
5;2025-12-29;9;0
5;2025-12-29;10;0
5;2025-12-29;11;0
5;2025-12-29;12;0
5;2025-12-29;13;0
5;2025-12-29;14;0
5;2025-12-29;15;0
5;2025-12-29;16;0
5;2025-12-29;17;0
5;2025-12-29;18;0
5;2025-12-29;19;0
5;2025-12-29;20;0
5;2025-12-29;21;0
5;2025-12-29;22;0
5;2025-12-29;23;0
7;2025-12-29;0;31
7;2025-12-29;1;0
7;2025-12-29;2;0
7;2025-12-29;3;0
7;2025-12-29;4;0
7;2025-12-29;5;153
7;2025-12-29;6;653
7;2025-12-29;7;1425
7;2025-12-29;8;2124
7;2025-12-29;9;1664
7;2025-12-29;10;1522
7;2025-12-29;11;1322
7;2025-12-29;12;1406
7;2025-12-29;13;1412
7;2025-12-29;14;1487
7;2025-12-29;15;1562
7;2025-12-29;16;1662
7;2025-12-29;17;2075
7;2025-12-29;18;2259
7;2025-12-29;19;1601
7;2025-12-29;20;1011
7;2025-12-29;21;563
7;2025-12-29;22;275
7;2025-12-29;23;176
11;2025-12-29;0;55
11;2025-12-29;1;0
11;2025-12-29;2;0
11;2025-12-29;3;0
11;2025-12-29;4;0
11;2025-12-29;5;240
11;2025-12-29;6;1170
11;2025-12-29;7;2095
11;2025-12-29;8;2761
11;2025-12-29;9;2206
11;2025-12-29;10;1634
11;2025-12-29;11;1651
11;2025-12-29;12;1661
11;2025-12-29;13;1847
11;2025-12-29;14;1772
11;2025-12-29;15;1879
11;2025-12-29;16;2048
11;2025-12-29;17;2549
11;2025-12-29;18;2697
11;2025-12-29;19;2038
11;2025-12-29;20;1410
11;2025-12-29;21;763
11;2025-12-29;22;385
11;2025-12-29;23;207
12;2025-12-29;0;54
12;2025-12-29;1;0
12;2025-12-29;2;0
12;2025-12-29;3;0
12;2025-12-29;4;0
12;2025-12-29;5;272
12;2025-12-29;6;1219
12;2025-12-29;7;2348
12;2025-12-29;8;3236
12;2025-12-29;9;2258
12;2025-12-29;10;1959
12;2025-12-29;11;1838
12;2025-12-29;12;1946
12;2025-12-29;13;1930
12;2025-12-29;14;1959
12;2025-12-29;15;2113
12;2025-12-29;16;2515
12;2025-12-29;17;2735
12;2025-12-29;18;2848
12;2025-12-29;19;2243
12;2025-12-29;20;1427
12;2025-12-29;21;856
12;2025-12-29;22;415
12;2025-12-29;23;206
17;2025-12-29;0;29
17;2025-12-29;1;2
17;2025-12-29;2;0
17;2025-12-29;3;0
17;2025-12-29;4;21
17;2025-12-29;5;261
17;2025-12-29;6;1432
17;2025-12-29;7;3836
17;2025-12-29;8;5129
17;2025-12-29;9;3559
17;2025-12-29;10;2664
17;2025-12-29;11;2657
17;2025-12-29;12;2697
17;2025-12-29;13;2736
17;2025-12-29;14;2762
17;2025-12-29;15;2934
17;2025-12-29;16;3415
17;2025-12-29;17;4320
17;2025-12-29;18;4671
17;2025-12-29;19;3278
17;2025-12-29;20;2196
17;2025-12-29;21;1378
17;2025-12-29;22;698
17;2025-12-29;23;317
25;2025-12-29;0;0
25;2025-12-29;1;0
25;2025-12-29;2;0
25;2025-12-29;3;0
25;2025-12-29;4;0
25;2025-12-29;5;5
25;2025-12-29;6;154
25;2025-12-29;7;465
25;2025-12-29;8;768
25;2025-12-29;9;401
25;2025-12-29;10;302
25;2025-12-29;11;321
25;2025-12-29;12;322
25;2025-12-29;13;408
25;2025-12-29;14;364
25;2025-12-29;15;411
25;2025-12-29;16;565
25;2025-12-29;17;592
25;2025-12-29;18;610
25;2025-12-29;19;417
25;2025-12-29;20;241
25;2025-12-29;21;152
25;2025-12-29;22;89
25;2025-12-29;23;7
26;2025-12-29;0;11
26;2025-12-29;1;0
26;2025-12-29;2;0
26;2025-12-29;3;0
26;2025-12-29;4;0
26;2025-12-29;5;51
26;2025-12-29;6;413
26;2025-12-29;7;954
26;2025-12-29;8;1774
26;2025-12-29;9;1283
26;2025-12-29;10;1047
26;2025-12-29;11;968
26;2025-12-29;12;1002
26;2025-12-29;13;1068
26;2025-12-29;14;1069
26;2025-12-29;15;1117
26;2025-12-29;16;1304
26;2025-12-29;17;1466
26;2025-12-29;18;1522
26;2025-12-29;19;1096
26;2025-12-29;20;656
26;2025-12-29;21;395
26;2025-12-29;22;173
26;2025-12-29;23;92
28;2025-12-29;0;1
28;2025-12-29;1;0
28;2025-12-29;2;0
28;2025-12-29;3;0
28;2025-12-29;4;0
28;2025-12-29;5;49
28;2025-12-29;6;224
28;2025-12-29;7;679
28;2025-12-29;8;1041
28;2025-12-29;9;789
28;2025-12-29;10;581
28;2025-12-29;11;494
28;2025-12-29;12;610
28;2025-12-29;13;632
28;2025-12-29;14;577
28;2025-12-29;15;582
28;2025-12-29;16;715
28;2025-12-29;17;838
28;2025-12-29;18;802
28;2025-12-29;19;635
28;2025-12-29;20;394
28;2025-12-29;21;278
28;2025-12-29;22;102
28;2025-12-29;23;11
50;2025-12-29;0;0
50;2025-12-29;1;0
50;2025-12-29;2;0
50;2025-12-29;3;0
50;2025-12-29;4;0
50;2025-12-29;5;60
50;2025-12-29;6;478
50;2025-12-29;7;1523
50;2025-12-29;8;2403
50;2025-12-29;9;1961
50;2025-12-29;10;1534
50;2025-12-29;11;1459
50;2025-12-29;12;1322
50;2025-12-29;13;1332
50;2025-12-29;14;1319
50;2025-12-29;15;1512
50;2025-12-29;16;1521
50;2025-12-29;17;2062
50;2025-12-29;18;2105
50;2025-12-29;19;1291
50;2025-12-29;20;838
50;2025-12-29;21;539
50;2025-12-29;22;228
50;2025-12-29;23;118
1;2025-12-30;0;1
1;2025-12-30;1;0
1;2025-12-30;2;0
1;2025-12-30;3;0
1;2025-12-30;4;0
1;2025-12-30;5;86
1;2025-12-30;6;466
1;2025-12-30;7;1286
1;2025-12-30;8;1647
1;2025-12-30;9;1311
1;2025-12-30;10;1161
1;2025-12-30;11;1180
1;2025-12-30;12;1208
1;2025-12-30;13;1270
1;2025-12-30;14;1179
1;2025-12-30;15;1277
1;2025-12-30;16;1257
1;2025-12-30;17;1519
1;2025-12-30;18;1497
1;2025-12-30;19;1117
1;2025-12-30;20;726
1;2025-12-30;21;378
1;2025-12-30;22;171
1;2025-12-30;23;0
5;2025-12-30;0;0
5;2025-12-30;1;0
5;2025-12-30;2;0
5;2025-12-30;3;0
5;2025-12-30;4;0
5;2025-12-30;5;0
5;2025-12-30;6;0
5;2025-12-30;7;0
5;2025-12-30;8;0
5;2025-12-30;9;0
5;2025-12-30;10;0
5;2025-12-30;11;0
5;2025-12-30;12;0
5;2025-12-30;13;0
5;2025-12-30;14;0
5;2025-12-30;15;0
5;2025-12-30;16;0
5;2025-12-30;17;0
5;2025-12-30;18;0
5;2025-12-30;19;0
5;2025-12-30;20;0
5;2025-12-30;21;0
5;2025-12-30;22;0
5;2025-12-30;23;0
7;2025-12-30;0;1
7;2025-12-30;1;0
7;2025-12-30;2;0
7;2025-12-30;3;0
7;2025-12-30;4;0
7;2025-12-30;5;143
7;2025-12-30;6;612
7;2025-12-30;7;1449
7;2025-12-30;8;2110
7;2025-12-30;9;1717
7;2025-12-30;10;1515
7;2025-12-30;11;1349
7;2025-12-30;12;1416
7;2025-12-30;13;1394
7;2025-12-30;14;1454
7;2025-12-30;15;1569
7;2025-12-30;16;1679
7;2025-12-30;17;2027
7;2025-12-30;18;2172
7;2025-12-30;19;1594
7;2025-12-30;20;992
7;2025-12-30;21;535
7;2025-12-30;22;249
7;2025-12-30;23;127
11;2025-12-30;0;17
11;2025-12-30;1;0
11;2025-12-30;2;0
11;2025-12-30;3;0
11;2025-12-30;4;0
11;2025-12-30;5;217
11;2025-12-30;6;1164
11;2025-12-30;7;2080
11;2025-12-30;8;2608
11;2025-12-30;9;2156
11;2025-12-30;10;1660
11;2025-12-30;11;1606
11;2025-12-30;12;1636
11;2025-12-30;13;1798
11;2025-12-30;14;1715
11;2025-12-30;15;1820
11;2025-12-30;16;2004
11;2025-12-30;17;2469
11;2025-12-30;18;2513
11;2025-12-30;19;1940
11;2025-12-30;20;1311
11;2025-12-30;21;722
11;2025-12-30;22;342
11;2025-12-30;23;182
12;2025-12-30;0;13
12;2025-12-30;1;0
12;2025-12-30;2;0
12;2025-12-30;3;0
12;2025-12-30;4;0
12;2025-12-30;5;255
12;2025-12-30;6;1276
12;2025-12-30;7;2311
12;2025-12-30;8;3075
12;2025-12-30;9;2160
12;2025-12-30;10;1857
12;2025-12-30;11;1749
12;2025-12-30;12;1814
12;2025-12-30;13;1800
12;2025-12-30;14;1789
12;2025-12-30;15;1968
12;2025-12-30;16;2353
12;2025-12-30;17;2538
12;2025-12-30;18;2644
12;2025-12-30;19;2167
12;2025-12-30;20;1333
12;2025-12-30;21;777
12;2025-12-30;22;383
12;2025-12-30;23;199
17;2025-12-30;0;42
17;2025-12-30;1;0
17;2025-12-30;2;0
17;2025-12-30;3;0
17;2025-12-30;4;0
17;2025-12-30;5;248
17;2025-12-30;6;1388
17;2025-12-30;7;3709
17;2025-12-30;8;4848
17;2025-12-30;9;3467
17;2025-12-30;10;2551
17;2025-12-30;11;2549
17;2025-12-30;12;2583
17;2025-12-30;13;2681
17;2025-12-30;14;2688
17;2025-12-30;15;2893
17;2025-12-30;16;3316
17;2025-12-30;17;4234
17;2025-12-30;18;4403
17;2025-12-30;19;3171
17;2025-12-30;20;2127
17;2025-12-30;21;1310
17;2025-12-30;22;622
17;2025-12-30;23;314
25;2025-12-30;0;2
25;2025-12-30;1;0
25;2025-12-30;2;0
25;2025-12-30;3;0
25;2025-12-30;4;0
25;2025-12-30;5;0
25;2025-12-30;6;122
25;2025-12-30;7;417
25;2025-12-30;8;742
25;2025-12-30;9;380
25;2025-12-30;10;291
25;2025-12-30;11;309
25;2025-12-30;12;305
25;2025-12-30;13;420
25;2025-12-30;14;345
25;2025-12-30;15;476
25;2025-12-30;16;543
25;2025-12-30;17;577
25;2025-12-30;18;584
25;2025-12-30;19;392
25;2025-12-30;20;241
25;2025-12-30;21;138
25;2025-12-30;22;46
25;2025-12-30;23;5
26;2025-12-30;0;0
26;2025-12-30;1;0
26;2025-12-30;2;0
26;2025-12-30;3;0
26;2025-12-30;4;0
26;2025-12-30;5;35
26;2025-12-30;6;403
26;2025-12-30;7;941
26;2025-12-30;8;1814
26;2025-12-30;9;1262
26;2025-12-30;10;1016
26;2025-12-30;11;955
26;2025-12-30;12;972
26;2025-12-30;13;988
26;2025-12-30;14;1040
26;2025-12-30;15;1086
26;2025-12-30;16;1278
26;2025-12-30;17;1448
26;2025-12-30;18;1533
26;2025-12-30;19;1073
26;2025-12-30;20;627
26;2025-12-30;21;381
26;2025-12-30;22;114
26;2025-12-30;23;48
28;2025-12-30;0;1
28;2025-12-30;1;0
28;2025-12-30;2;0
28;2025-12-30;3;0
28;2025-12-30;4;0
28;2025-12-30;5;18
28;2025-12-30;6;200
28;2025-12-30;7;644
28;2025-12-30;8;1035
28;2025-12-30;9;749
28;2025-12-30;10;575
28;2025-12-30;11;488
28;2025-12-30;12;592
28;2025-12-30;13;617
28;2025-12-30;14;563
28;2025-12-30;15;581
28;2025-12-30;16;743
28;2025-12-30;17;842
28;2025-12-30;18;788
28;2025-12-30;19;583
28;2025-12-30;20;377
28;2025-12-30;21;270
28;2025-12-30;22;72
28;2025-12-30;23;0
50;2025-12-30;0;0
50;2025-12-30;1;0
50;2025-12-30;2;0
50;2025-12-30;3;0
50;2025-12-30;4;0
50;2025-12-30;5;35
50;2025-12-30;6;498
50;2025-12-30;7;1578
50;2025-12-30;8;2362
50;2025-12-30;9;1941
50;2025-12-30;10;1531
50;2025-12-30;11;1456
50;2025-12-30;12;1349
50;2025-12-30;13;1334
50;2025-12-30;14;1274
50;2025-12-30;15;1515
50;2025-12-30;16;1559
50;2025-12-30;17;2024
50;2025-12-30;18;1987
50;2025-12-30;19;1272
50;2025-12-30;20;808
50;2025-12-30;21;499
50;2025-12-30;22;197
50;2025-12-30;23;92
1;2025-12-31;0;0
1;2025-12-31;1;0
1;2025-12-31;2;0
1;2025-12-31;3;0
1;2025-12-31;4;0
1;2025-12-31;5;0
1;2025-12-31;6;157
1;2025-12-31;7;234
1;2025-12-31;8;261
1;2025-12-31;9;429
1;2025-12-31;10;405
1;2025-12-31;11;411
1;2025-12-31;12;527
1;2025-12-31;13;553
1;2025-12-31;14;506
1;2025-12-31;15;488
1;2025-12-31;16;420
1;2025-12-31;17;407
1;2025-12-31;18;346
1;2025-12-31;19;286
1;2025-12-31;20;242
1;2025-12-31;21;264
1;2025-12-31;22;78
1;2025-12-31;23;0
5;2025-12-31;0;0
5;2025-12-31;1;0
5;2025-12-31;2;0
5;2025-12-31;3;0
5;2025-12-31;4;0
5;2025-12-31;5;0
5;2025-12-31;6;0
5;2025-12-31;7;0
5;2025-12-31;8;0
5;2025-12-31;9;0
5;2025-12-31;10;0
5;2025-12-31;11;0
5;2025-12-31;12;0
5;2025-12-31;13;0
5;2025-12-31;14;0
5;2025-12-31;15;0
5;2025-12-31;16;0
5;2025-12-31;17;0
5;2025-12-31;18;0
5;2025-12-31;19;0
5;2025-12-31;20;0
5;2025-12-31;21;0
5;2025-12-31;22;0
5;2025-12-31;23;0
7;2025-12-31;0;3
7;2025-12-31;1;0
7;2025-12-31;2;0
7;2025-12-31;3;0
7;2025-12-31;4;0
7;2025-12-31;5;41
7;2025-12-31;6;300
7;2025-12-31;7;426
7;2025-12-31;8;551
7;2025-12-31;9;607
7;2025-12-31;10;642
7;2025-12-31;11;724
7;2025-12-31;12;887
7;2025-12-31;13;884
7;2025-12-31;14;910
7;2025-12-31;15;855
7;2025-12-31;16;875
7;2025-12-31;17;853
7;2025-12-31;18;780
7;2025-12-31;19;697
7;2025-12-31;20;531
7;2025-12-31;21;393
7;2025-12-31;22;204
7;2025-12-31;23;120
11;2025-12-31;0;9
11;2025-12-31;1;0
11;2025-12-31;2;0
11;2025-12-31;3;0
11;2025-12-31;4;0
11;2025-12-31;5;102
11;2025-12-31;6;671
11;2025-12-31;7;596
11;2025-12-31;8;668
11;2025-12-31;9;716
11;2025-12-31;10;753
11;2025-12-31;11;1041
11;2025-12-31;12;1190
11;2025-12-31;13;1169
11;2025-12-31;14;1210
11;2025-12-31;15;1242
11;2025-12-31;16;1283
11;2025-12-31;17;1318
11;2025-12-31;18;1043
11;2025-12-31;19;929
11;2025-12-31;20;714
11;2025-12-31;21;506
11;2025-12-31;22;273
11;2025-12-31;23;179
12;2025-12-31;0;20
12;2025-12-31;1;0
12;2025-12-31;2;0
12;2025-12-31;3;0
12;2025-12-31;4;0
12;2025-12-31;5;125
12;2025-12-31;6;676
12;2025-12-31;7;739
12;2025-12-31;8;789
12;2025-12-31;9;738
12;2025-12-31;10;842
12;2025-12-31;11;957
12;2025-12-31;12;1000
12;2025-12-31;13;1063
12;2025-12-31;14;1067
12;2025-12-31;15;1031
12;2025-12-31;16;1159
12;2025-12-31;17;1060
12;2025-12-31;18;1006
12;2025-12-31;19;795
12;2025-12-31;20;578
12;2025-12-31;21;443
12;2025-12-31;22;299
12;2025-12-31;23;103
17;2025-12-31;0;51
17;2025-12-31;1;0
17;2025-12-31;2;0
17;2025-12-31;3;0
17;2025-12-31;4;0
17;2025-12-31;5;54
17;2025-12-31;6;335
17;2025-12-31;7;1338
17;2025-12-31;8;2782
17;2025-12-31;9;1455
17;2025-12-31;10;1371
17;2025-12-31;11;1804
17;2025-12-31;12;1961
17;2025-12-31;13;2018
17;2025-12-31;14;2065
17;2025-12-31;15;2118
17;2025-12-31;16;2201
17;2025-12-31;17;2756
17;2025-12-31;18;3060
17;2025-12-31;19;1718
17;2025-12-31;20;1156
17;2025-12-31;21;944
17;2025-12-31;22;599
17;2025-12-31;23;264
25;2025-12-31;0;0
25;2025-12-31;1;0
25;2025-12-31;2;0
25;2025-12-31;3;0
25;2025-12-31;4;0
25;2025-12-31;5;0
25;2025-12-31;6;4
25;2025-12-31;7;174
25;2025-12-31;8;365
25;2025-12-31;9;149
25;2025-12-31;10;136
25;2025-12-31;11;180
25;2025-12-31;12;213
25;2025-12-31;13;352
25;2025-12-31;14;341
25;2025-12-31;15;385
25;2025-12-31;16;340
25;2025-12-31;17;370
25;2025-12-31;18;366
25;2025-12-31;19;268
25;2025-12-31;20;159
25;2025-12-31;21;92
25;2025-12-31;22;40
25;2025-12-31;23;9
26;2025-12-31;0;0
26;2025-12-31;1;0
26;2025-12-31;2;0
26;2025-12-31;3;0
26;2025-12-31;4;0
26;2025-12-31;5;0
26;2025-12-31;6;174
26;2025-12-31;7;338
26;2025-12-31;8;397
26;2025-12-31;9;333
26;2025-12-31;10;379
26;2025-12-31;11;478
26;2025-12-31;12;516
26;2025-12-31;13;552
26;2025-12-31;14;545
26;2025-12-31;15;516
26;2025-12-31;16;555
26;2025-12-31;17;505
26;2025-12-31;18;387
26;2025-12-31;19;433
26;2025-12-31;20;303
26;2025-12-31;21;208
26;2025-12-31;22;132
26;2025-12-31;23;27
28;2025-12-31;0;1
28;2025-12-31;1;0
28;2025-12-31;2;0
28;2025-12-31;3;0
28;2025-12-31;4;0
28;2025-12-31;5;0
28;2025-12-31;6;22
28;2025-12-31;7;231
28;2025-12-31;8;235
28;2025-12-31;9;279
28;2025-12-31;10;299
28;2025-12-31;11;304
28;2025-12-31;12;351
28;2025-12-31;13;366
28;2025-12-31;14;369
28;2025-12-31;15;363
28;2025-12-31;16;398
28;2025-12-31;17;322
28;2025-12-31;18;300
28;2025-12-31;19;277
28;2025-12-31;20;219
28;2025-12-31;21;188
28;2025-12-31;22;42
28;2025-12-31;23;0
50;2025-12-31;0;0
50;2025-12-31;1;0
50;2025-12-31;2;0
50;2025-12-31;3;0
50;2025-12-31;4;0
50;2025-12-31;5;0
50;2025-12-31;6;175
50;2025-12-31;7;391
50;2025-12-31;8;441
50;2025-12-31;9;456
50;2025-12-31;10;421
50;2025-12-31;11;514
50;2025-12-31;12;576
50;2025-12-31;13;653
50;2025-12-31;14;628
50;2025-12-31;15;626
50;2025-12-31;16;620
50;2025-12-31;17;622
50;2025-12-31;18;545
50;2025-12-31;19;437
50;2025-12-31;20;365
50;2025-12-31;21;314
50;2025-12-31;22;151
50;2025-12-31;23;73
