route;date;hour;prediction
1;2025-11-01;0;7
1;2025-11-01;1;0
1;2025-11-01;2;0
1;2025-11-01;3;0
1;2025-11-01;4;7
1;2025-11-01;5;141
1;2025-11-01;6;478
1;2025-11-01;7;1559
1;2025-11-01;8;1883
1;2025-11-01;9;1470
1;2025-11-01;10;1325
1;2025-11-01;11;1448
1;2025-11-01;12;1393
1;2025-11-01;13;1475
1;2025-11-01;14;1433
1;2025-11-01;15;1550
1;2025-11-01;16;1608
1;2025-11-01;17;1828
1;2025-11-01;18;1521
1;2025-11-01;19;1208
1;2025-11-01;20;803
1;2025-11-01;21;457
1;2025-11-01;22;210
1;2025-11-01;23;47
1;2025-11-02;0;1
1;2025-11-02;1;0
1;2025-11-02;2;0
1;2025-11-02;3;0
1;2025-11-02;4;0
1;2025-11-02;5;24
1;2025-11-02;6;118
1;2025-11-02;7;260
1;2025-11-02;8;373
1;2025-11-02;9;609
1;2025-11-02;10;707
1;2025-11-02;11;743
1;2025-11-02;12;861
1;2025-11-02;13;913
1;2025-11-02;14;914
1;2025-11-02;15;751
1;2025-11-02;16;679
1;2025-11-02;17;606
1;2025-11-02;18;495
1;2025-11-02;19;440
1;2025-11-02;20;338
1;2025-11-02;21;258
1;2025-11-02;22;92
1;2025-11-02;23;31
1;2025-11-03;0;1
1;2025-11-03;1;0
1;2025-11-03;2;0
1;2025-11-03;3;0
1;2025-11-03;4;1
1;2025-11-03;5;28
1;2025-11-03;6;129
1;2025-11-03;7;264
1;2025-11-03;8;393
1;2025-11-03;9;660
1;2025-11-03;10;780
1;2025-11-03;11;729
1;2025-11-03;12;908
1;2025-11-03;13;942
1;2025-11-03;14;908
1;2025-11-03;15;778
1;2025-11-03;16;712
1;2025-11-03;17;645
1;2025-11-03;18;584
1;2025-11-03;19;468
1;2025-11-03;20;377
1;2025-11-03;21;260
1;2025-11-03;22;84
1;2025-11-03;23;27
1;2025-11-04;0;3
1;2025-11-04;1;0
1;2025-11-04;2;0
1;2025-11-04;3;0
1;2025-11-04;4;2
1;2025-11-04;5;18
1;2025-11-04;6;125
1;2025-11-04;7;261
1;2025-11-04;8;377
1;2025-11-04;9;601
1;2025-11-04;10;694
1;2025-11-04;11;629
1;2025-11-04;12;796
1;2025-11-04;13;815
1;2025-11-04;14;732
1;2025-11-04;15;633
1;2025-11-04;16;607
1;2025-11-04;17;569
1;2025-11-04;18;516
1;2025-11-04;19;435
1;2025-11-04;20;333
1;2025-11-04;21;223
1;2025-11-04;22;77
1;2025-11-04;23;27
1;2025-11-05;0;1
1;2025-11-05;1;0
1;2025-11-05;2;0
1;2025-11-05;3;0
1;2025-11-05;4;8
1;2025-11-05;5;126
1;2025-11-05;6;503
1;2025-11-05;7;1385
1;2025-11-05;8;1863
1;2025-11-05;9;1380
1;2025-11-05;10;1194
1;2025-11-05;11;1132
1;2025-11-05;12;1157
1;2025-11-05;13;1226
1;2025-11-05;14;1166
1;2025-11-05;15;1263
1;2025-11-05;16;1257
1;2025-11-05;17;1621
1;2025-11-05;18;1588
1;2025-11-05;19;1234
1;2025-11-05;20;757
1;2025-11-05;21;437
1;2025-11-05;22;192
1;2025-11-05;23;37
1;2025-11-06;0;4
1;2025-11-06;1;0
1;2025-11-06;2;0
1;2025-11-06;3;0
1;2025-11-06;4;6
1;2025-11-06;5;112
1;2025-11-06;6;481
1;2025-11-06;7;1463
1;2025-11-06;8;1955
1;2025-11-06;9;1469
1;2025-11-06;10;1358
1;2025-11-06;11;1290
1;2025-11-06;12;1334
1;2025-11-06;13;1376
1;2025-11-06;14;1305
1;2025-11-06;15;1442
1;2025-11-06;16;1476
1;2025-11-06;17;1702
1;2025-11-06;18;1676
1;2025-11-06;19;1270
1;2025-11-06;20;839
1;2025-11-06;21;470
1;2025-11-06;22;179
1;2025-11-06;23;45
1;2025-11-07;0;6
1;2025-11-07;1;0
1;2025-11-07;2;0
1;2025-11-07;3;0
1;2025-11-07;4;7
1;2025-11-07;5;125
1;2025-11-07;6;486
1;2025-11-07;7;1535
1;2025-11-07;8;1893
1;2025-11-07;9;1469
1;2025-11-07;10;1347
1;2025-11-07;11;1409
1;2025-11-07;12;1440
1;2025-11-07;13;1460
1;2025-11-07;14;1333
1;2025-11-07;15;1457
1;2025-11-07;16;1570
1;2025-11-07;17;1830
1;2025-11-07;18;1513
1;2025-11-07;19;1196
1;2025-11-07;20;808
1;2025-11-07;21;501
1;2025-11-07;22;214
1;2025-11-07;23;54
1;2025-11-08;0;6
1;2025-11-08;1;0
1;2025-11-08;2;2
1;2025-11-08;3;0
1;2025-11-08;4;0
1;2025-11-08;5;27
1;2025-11-08;6;161
1;2025-11-08;7;376
1;2025-11-08;8;528
1;2025-11-08;9;773
1;2025-11-08;10;914
1;2025-11-08;11;832
1;2025-11-08;12;1049
1;2025-11-08;13;1089
1;2025-11-08;14;1054
1;2025-11-08;15;889
1;2025-11-08;16;840
1;2025-11-08;17;779
1;2025-11-08;18;689
1;2025-11-08;19;610
1;2025-11-08;20;429
1;2025-11-08;21;291
1;2025-11-08;22;121
1;2025-11-08;23;29
1;2025-11-09;0;1
1;2025-11-09;1;1
1;2025-11-09;2;0
1;2025-11-09;3;0
1;2025-11-09;4;0
1;2025-11-09;5;22
1;2025-11-09;6;118
1;2025-11-09;7;271
1;2025-11-09;8;397
1;2025-11-09;9;627
1;2025-11-09;10;739
1;2025-11-09;11;712
1;2025-11-09;12;881
1;2025-11-09;13;890
1;2025-11-09;14;832
1;2025-11-09;15;723
1;2025-11-09;16;679
1;2025-11-09;17;637
1;2025-11-09;18;578
1;2025-11-09;19;486
1;2025-11-09;20;352
1;2025-11-09;21;248
1;2025-11-09;22;90
1;2025-11-09;23;28
1;2025-11-10;0;0
1;2025-11-10;1;0
1;2025-11-10;2;0
1;2025-11-10;3;0
1;2025-11-10;4;8
1;2025-11-10;5;125
1;2025-11-10;6;503
1;2025-11-10;7;1529
1;2025-11-10;8;2042
1;2025-11-10;9;1440
1;2025-11-10;10;1299
1;2025-11-10;11;1276
1;2025-11-10;12;1377
1;2025-11-10;13;1347
1;2025-11-10;14;1345
1;2025-11-10;15;1454
1;2025-11-10;16;1557
1;2025-11-10;17;1859
1;2025-11-10;18;1950
1;2025-11-10;19;1440
1;2025-11-10;20;845
1;2025-11-10;21;450
1;2025-11-10;22;178
1;2025-11-10;23;39
1;2025-11-11;0;3
1;2025-11-11;1;0
1;2025-11-11;2;0
1;2025-11-11;3;0
1;2025-11-11;4;7
1;2025-11-11;5;122
1;2025-11-11;6;522
1;2025-11-11;7;1648
1;2025-11-11;8;2105
1;2025-11-11;9;1541
1;2025-11-11;10;1425
1;2025-11-11;11;1374
1;2025-11-11;12;1438
1;2025-11-11;13;1461
1;2025-11-11;14;1407
1;2025-11-11;15;1473
1;2025-11-11;16;1558
1;2025-11-11;17;1854
1;2025-11-11;18;1861
1;2025-11-11;19;1425
1;2025-11-11;20;890
1;2025-11-11;21;469
1;2025-11-11;22;208
1;2025-11-11;23;45
1;2025-11-12;0;4
1;2025-11-12;1;0
1;2025-11-12;2;0
1;2025-11-12;3;0
1;2025-11-12;4;7
1;2025-11-12;5;126
1;2025-11-12;6;508
1;2025-11-12;7;1548
1;2025-11-12;8;2030
1;2025-11-12;9;1494
1;2025-11-12;10;1349
1;2025-11-12;11;1295
1;2025-11-12;12;1370
1;2025-11-12;13;1419
1;2025-11-12;14;1365
1;2025-11-12;15;1496
1;2025-11-12;16;1468
1;2025-11-12;17;1816
1;2025-11-12;18;1807
1;2025-11-12;19;1402
1;2025-11-12;20;842
1;2025-11-12;21;458
1;2025-11-12;22;219
1;2025-11-12;23;46
1;2025-11-13;0;5
1;2025-11-13;1;1
1;2025-11-13;2;0
1;2025-11-13;3;0
1;2025-11-13;4;6
1;2025-11-13;5;116
1;2025-11-13;6;492
1;2025-11-13;7;1566
1;2025-11-13;8;2068
1;2025-11-13;9;1506
1;2025-11-13;10;1376
1;2025-11-13;11;1361
1;2025-11-13;12;1420
1;2025-11-13;13;1436
1;2025-11-13;14;1380
1;2025-11-13;15;1495
1;2025-11-13;16;1556
1;2025-11-13;17;1798
1;2025-11-13;18;1808
1;2025-11-13;19;1357
1;2025-11-13;20;869
1;2025-11-13;21;483
1;2025-11-13;22;203
1;2025-11-13;23;51
1;2025-11-14;0;6
1;2025-11-14;1;0
1;2025-11-14;2;0
1;2025-11-14;3;0
1;2025-11-14;4;6
1;2025-11-14;5;128
1;2025-11-14;6;508
1;2025-11-14;7;1602
1;2025-11-14;8;1976
1;2025-11-14;9;1510
1;2025-11-14;10;1386
1;2025-11-14;11;1445
1;2025-11-14;12;1438
1;2025-11-14;13;1507
1;2025-11-14;14;1416
1;2025-11-14;15;1518
1;2025-11-14;16;1675
1;2025-11-14;17;1868
1;2025-11-14;18;1632
1;2025-11-14;19;1259
1;2025-11-14;20;826
1;2025-11-14;21;510
1;2025-11-14;22;227
1;2025-11-14;23;55
1;2025-11-15;0;6
1;2025-11-15;1;0
1;2025-11-15;2;0
1;2025-11-15;3;0
1;2025-11-15;4;0
1;2025-11-15;5;29
1;2025-11-15;6;158
1;2025-11-15;7;350
1;2025-11-15;8;501
1;2025-11-15;9;753
1;2025-11-15;10;888
1;2025-11-15;11;808
1;2025-11-15;12;1023
1;2025-11-15;13;1072
1;2025-11-15;14;950
1;2025-11-15;15;815
1;2025-11-15;16;800
1;2025-11-15;17;757
1;2025-11-15;18;659
1;2025-11-15;19;608
1;2025-11-15;20;423
1;2025-11-15;21;307
1;2025-11-15;22;106
1;2025-11-15;23;29
1;2025-11-16;0;1
1;2025-11-16;1;0
1;2025-11-16;2;0
1;2025-11-16;3;0
1;2025-11-16;4;0
1;2025-11-16;5;24
1;2025-11-16;6;123
1;2025-11-16;7;257
1;2025-11-16;8;381
1;2025-11-16;9;652
1;2025-11-16;10;787
1;2025-11-16;11;791
1;2025-11-16;12;1001
1;2025-11-16;13;1010
1;2025-11-16;14;869
1;2025-11-16;15;761
1;2025-11-16;16;715
1;2025-11-16;17;650
1;2025-11-16;18;589
1;2025-11-16;19;509
1;2025-11-16;20;380
1;2025-11-16;21;270
1;2025-11-16;22;88
1;2025-11-16;23;30
1;2025-11-17;0;2
1;2025-11-17;1;0
1;2025-11-17;2;0
1;2025-11-17;3;0
1;2025-11-17;4;7
1;2025-11-17;5;129
1;2025-11-17;6;518
1;2025-11-17;7;1399
1;2025-11-17;8;1881
1;2025-11-17;9;1464
1;2025-11-17;10;1385
1;2025-11-17;11;1407
1;2025-11-17;12;1509
1;2025-11-17;13;1486
1;2025-11-17;14;1379
1;2025-11-17;15;1464
1;2025-11-17;16;1571
1;2025-11-17;17;1877
1;2025-11-17;18;1951
1;2025-11-17;19;1473
1;2025-11-17;20;860
1;2025-11-17;21;477
1;2025-11-17;22;170
1;2025-11-17;23;45
1;2025-11-18;0;6
1;2025-11-18;1;0
1;2025-11-18;2;0
1;2025-11-18;3;0
1;2025-11-18;4;6
1;2025-11-18;5;127
1;2025-11-18;6;520
1;2025-11-18;7;1407
1;2025-11-18;8;1837
1;2025-11-18;9;1492
1;2025-11-18;10;1447
1;2025-11-18;11;1416
1;2025-11-18;12;1474
1;2025-11-18;13;1490
1;2025-11-18;14;1339
1;2025-11-18;15;1370
1;2025-11-18;16;1472
1;2025-11-18;17;1751
1;2025-11-18;18;1714
1;2025-11-18;19;1389
1;2025-11-18;20;866
1;2025-11-18;21;473
1;2025-11-18;22;181
1;2025-11-18;23;45
1;2025-11-19;0;4
1;2025-11-19;1;0
1;2025-11-19;2;0
1;2025-11-19;3;0
1;2025-11-19;4;6
1;2025-11-19;5;125
1;2025-11-19;6;506
1;2025-11-19;7;1355
1;2025-11-19;8;1789
1;2025-11-19;9;1455
1;2025-11-19;10;1414
1;2025-11-19;11;1394
1;2025-11-19;12;1486
1;2025-11-19;13;1529
1;2025-11-19;14;1351
1;2025-11-19;15;1434
1;2025-11-19;16;1457
1;2025-11-19;17;1800
1;2025-11-19;18;1699
1;2025-11-19;19;1406
1;2025-11-19;20;856
1;2025-11-19;21;485
1;2025-11-19;22;210
1;2025-11-19;23;47
1;2025-11-20;0;6
1;2025-11-20;1;0
1;2025-11-20;2;0
1;2025-11-20;3;0
1;2025-11-20;4;7
1;2025-11-20;5;116
1;2025-11-20;6;488
1;2025-11-20;7;1327
1;2025-11-20;8;1855
1;2025-11-20;9;1497
1;2025-11-20;10;1431
1;2025-11-20;11;1414
1;2025-11-20;12;1471
1;2025-11-20;13;1455
1;2025-11-20;14;1375
1;2025-11-20;15;1425
1;2025-11-20;16;1513
1;2025-11-20;17;1760
1;2025-11-20;18;1644
1;2025-11-20;19;1348
1;2025-11-20;20;876
1;2025-11-20;21;506
1;2025-11-20;22;197
1;2025-11-20;23;54
1;2025-11-21;0;7
1;2025-11-21;1;0
1;2025-11-21;2;0
1;2025-11-21;3;0
1;2025-11-21;4;5
1;2025-11-21;5;129
1;2025-11-21;6;507
1;2025-11-21;7;1393
1;2025-11-21;8;1765
1;2025-11-21;9;1455
1;2025-11-21;10;1400
1;2025-11-21;11;1445
1;2025-11-21;12;1442
1;2025-11-21;13;1458
1;2025-11-21;14;1352
1;2025-11-21;15;1366
1;2025-11-21;16;1564
1;2025-11-21;17;1748
1;2025-11-21;18;1433
1;2025-11-21;19;1195
1;2025-11-21;20;823
1;2025-11-21;21;502
1;2025-11-21;22;205
1;2025-11-21;23;55
1;2025-11-22;0;6
1;2025-11-22;1;0
1;2025-11-22;2;0
1;2025-11-22;3;0
1;2025-11-22;4;0
1;2025-11-22;5;28
1;2025-11-22;6;157
1;2025-11-22;7;356
1;2025-11-22;8;514
1;2025-11-22;9;774
1;2025-11-22;10;927
1;2025-11-22;11;820
1;2025-11-22;12;1047
1;2025-11-22;13;1084
1;2025-11-22;14;1033
1;2025-11-22;15;857
1;2025-11-22;16;837
1;2025-11-22;17;779
1;2025-11-22;18;670
1;2025-11-22;19;579
1;2025-11-22;20;417
1;2025-11-22;21;296
1;2025-11-22;22;116
1;2025-11-22;23;32
1;2025-11-23;0;1
1;2025-11-23;1;0
1;2025-11-23;2;0
1;2025-11-23;3;0
1;2025-11-23;4;0
1;2025-11-23;5;22
1;2025-11-23;6;118
1;2025-11-23;7;265
1;2025-11-23;8;392
1;2025-11-23;9;646
1;2025-11-23;10;772
1;2025-11-23;11;726
1;2025-11-23;12;921
1;2025-11-23;13;934
1;2025-11-23;14;845
1;2025-11-23;15;731
1;2025-11-23;16;691
1;2025-11-23;17;645
1;2025-11-23;18;582
1;2025-11-23;19;473
1;2025-11-23;20;358
1;2025-11-23;21;252
1;2025-11-23;22;91
1;2025-11-23;23;29
1;2025-11-24;0;1
1;2025-11-24;1;0
1;2025-11-24;2;0
1;2025-11-24;3;0
1;2025-11-24;4;8
1;2025-11-24;5;125
1;2025-11-24;6;497
1;2025-11-24;7;1472
1;2025-11-24;8;1959
1;2025-11-24;9;1412
1;2025-11-24;10;1261
1;2025-11-24;11;1211
1;2025-11-24;12;1296
1;2025-11-24;13;1286
1;2025-11-24;14;1237
1;2025-11-24;15;1355
1;2025-11-24;16;1479
1;2025-11-24;17;1793
1;2025-11-24;18;1847
1;2025-11-24;19;1363
1;2025-11-24;20;813
1;2025-11-24;21;438
1;2025-11-24;22;171
1;2025-11-24;23;40
1;2025-11-25;0;4
1;2025-11-25;1;0
1;2025-11-25;2;0
1;2025-11-25;3;0
1;2025-11-25;4;6
1;2025-11-25;5;129
1;2025-11-25;6;514
1;2025-11-25;7;1567
1;2025-11-25;8;2032
1;2025-11-25;9;1516
1;2025-11-25;10;1396
1;2025-11-25;11;1315
1;2025-11-25;12;1361
1;2025-11-25;13;1391
1;2025-11-25;14;1313
1;2025-11-25;15;1383
1;2025-11-25;16;1489
1;2025-11-25;17;1786
1;2025-11-25;18;1745
1;2025-11-25;19;1351
1;2025-11-25;20;867
1;2025-11-25;21;462
1;2025-11-25;22;195
1;2025-11-25;23;44
1;2025-11-26;0;4
1;2025-11-26;1;0
1;2025-11-26;2;0
1;2025-11-26;3;0
1;2025-11-26;4;7
1;2025-11-26;5;130
1;2025-11-26;6;510
1;2025-11-26;7;1525
1;2025-11-26;8;2004
1;2025-11-26;9;1528
1;2025-11-26;10;1382
1;2025-11-26;11;1336
1;2025-11-26;12;1383
1;2025-11-26;13;1449
1;2025-11-26;14;1372
1;2025-11-26;15;1501
1;2025-11-26;16;1502
1;2025-11-26;17;1877
1;2025-11-26;18;1810
1;2025-11-26;19;1418
1;2025-11-26;20;864
1;2025-11-26;21;471
1;2025-11-26;22;222
1;2025-11-26;23;48
1;2025-11-27;0;5
1;2025-11-27;1;0
1;2025-11-27;2;0
1;2025-11-27;3;0
1;2025-11-27;4;7
1;2025-11-27;5;122
1;2025-11-27;6;497
1;2025-11-27;7;1534
1;2025-11-27;8;2082
1;2025-11-27;9;1599
1;2025-11-27;10;1471
1;2025-11-27;11;1466
1;2025-11-27;12;1507
1;2025-11-27;13;1502
1;2025-11-27;14;1477
1;2025-11-27;15;1563
1;2025-11-27;16;1628
1;2025-11-27;17;1894
1;2025-11-27;18;1822
1;2025-11-27;19;1397
1;2025-11-27;20;898
1;2025-11-27;21;513
1;2025-11-27;22;215
1;2025-11-27;23;57
1;2025-11-28;0;6
1;2025-11-28;1;0
1;2025-11-28;2;0
1;2025-11-28;3;0
1;2025-11-28;4;6
1;2025-11-28;5;133
1;2025-11-28;6;512
1;2025-11-28;7;1581
1;2025-11-28;8;1951
1;2025-11-28;9;1554
1;2025-11-28;10;1434
1;2025-11-28;11;1497
1;2025-11-28;12;1479
1;2025-11-28;13;1528
1;2025-11-28;14;1467
1;2025-11-28;15;1544
1;2025-11-28;16;1734
1;2025-11-28;17;1894
1;2025-11-28;18;1630
1;2025-11-28;19;1251
1;2025-11-28;20;848
1;2025-11-28;21;517
1;2025-11-28;22;230
1;2025-11-28;23;57
1;2025-11-29;0;6
1;2025-11-29;1;0
1;2025-11-29;2;3
1;2025-11-29;3;0
1;2025-11-29;4;0
1;2025-11-29;5;27
1;2025-11-29;6;164
1;2025-11-29;7;368
1;2025-11-29;8;525
1;2025-11-29;9;790
1;2025-11-29;10;946
1;2025-11-29;11;851
1;2025-11-29;12;1080
1;2025-11-29;13;1110
1;2025-11-29;14;1072
1;2025-11-29;15;888
1;2025-11-29;16;846
1;2025-11-29;17;778
1;2025-11-29;18;681
1;2025-11-29;19;598
1;2025-11-29;20;425
1;2025-11-29;21;298
1;2025-11-29;22;122
1;2025-11-29;23;32
1;2025-11-30;0;1
1;2025-11-30;1;1
1;2025-11-30;2;0
1;2025-11-30;3;0
1;2025-11-30;4;0
1;2025-11-30;5;22
1;2025-11-30;6;121
1;2025-11-30;7;268
1;2025-11-30;8;394
1;2025-11-30;9;643
1;2025-11-30;10;769
1;2025-11-30;11;733
1;2025-11-30;12;922
1;2025-11-30;13;925
1;2025-11-30;14;846
1;2025-11-30;15;732
1;2025-11-30;16;681
1;2025-11-30;17;642
1;2025-11-30;18;587
1;2025-11-30;19;486
1;2025-11-30;20;358
1;2025-11-30;21;251
1;2025-11-30;22;91
1;2025-11-30;23;28
1;2025-12-01;0;0
1;2025-12-01;1;0
1;2025-12-01;2;0
1;2025-12-01;3;1
1;2025-12-01;4;7
1;2025-12-01;5;123
1;2025-12-01;6;506
1;2025-12-01;7;1505
1;2025-12-01;8;1990
1;2025-12-01;9;1415
1;2025-12-01;10;1291
1;2025-12-01;11;1275
1;2025-12-01;12;1384
1;2025-12-01;13;1337
1;2025-12-01;14;1315
1;2025-12-01;15;1431
1;2025-12-01;16;1513
1;2025-12-01;17;1813
1;2025-12-01;18;1880
1;2025-12-01;19;1399
1;2025-12-01;20;825
1;2025-12-01;21;444
1;2025-12-01;22;177
1;2025-12-01;23;40
1;2025-12-02;0;3
1;2025-12-02;1;0
1;2025-12-02;2;0
1;2025-12-02;3;0
1;2025-12-02;4;6
1;2025-12-02;5;126
1;2025-12-02;6;520
1;2025-12-02;7;1596
1;2025-12-02;8;2046
1;2025-12-02;9;1520
1;2025-12-02;10;1418
1;2025-12-02;11;1366
1;2025-12-02;12;1422
1;2025-12-02;13;1444
1;2025-12-02;14;1390
1;2025-12-02;15;1457
1;2025-12-02;16;1538
1;2025-12-02;17;1823
1;2025-12-02;18;1793
1;2025-12-02;19;1387
1;2025-12-02;20;878
1;2025-12-02;21;468
1;2025-12-02;22;203
1;2025-12-02;23;45
1;2025-12-03;0;4
1;2025-12-03;1;0
1;2025-12-03;2;0
1;2025-12-03;3;0
1;2025-12-03;4;6
1;2025-12-03;5;128
1;2025-12-03;6;519
1;2025-12-03;7;1567
1;2025-12-03;8;2046
1;2025-12-03;9;1526
1;2025-12-03;10;1399
1;2025-12-03;11;1399
1;2025-12-03;12;1463
1;2025-12-03;13;1497
1;2025-12-03;14;1457
1;2025-12-03;15;1583
1;2025-12-03;16;1547
1;2025-12-03;17;1878
1;2025-12-03;18;1824
1;2025-12-03;19;1417
1;2025-12-03;20;869
1;2025-12-03;21;469
1;2025-12-03;22;226
1;2025-12-03;23;49
1;2025-12-04;0;5
1;2025-12-04;1;2
1;2025-12-04;2;0
1;2025-12-04;3;0
1;2025-12-04;4;6
1;2025-12-04;5;118
1;2025-12-04;6;499
1;2025-12-04;7;1543
1;2025-12-04;8;2065
1;2025-12-04;9;1549
1;2025-12-04;10;1415
1;2025-12-04;11;1438
1;2025-12-04;12;1490
1;2025-12-04;13;1479
1;2025-12-04;14;1454
1;2025-12-04;15;1546
1;2025-12-04;16;1600
1;2025-12-04;17;1849
1;2025-12-04;18;1808
1;2025-12-04;19;1367
1;2025-12-04;20;876
1;2025-12-04;21;493
1;2025-12-04;22;212
1;2025-12-04;23;56
1;2025-12-05;0;6
1;2025-12-05;1;0
1;2025-12-05;2;0
1;2025-12-05;3;0
1;2025-12-05;4;6
1;2025-12-05;5;130
1;2025-12-05;6;517
1;2025-12-05;7;1597
1;2025-12-05;8;1971
1;2025-12-05;9;1524
1;2025-12-05;10;1393
1;2025-12-05;11;1482
1;2025-12-05;12;1460
1;2025-12-05;13;1511
1;2025-12-05;14;1454
1;2025-12-05;15;1535
1;2025-12-05;16;1692
1;2025-12-05;17;1841
1;2025-12-05;18;1602
1;2025-12-05;19;1225
1;2025-12-05;20;819
1;2025-12-05;21;501
1;2025-12-05;22;224
1;2025-12-05;23;56
1;2025-12-06;0;6
1;2025-12-06;1;0
1;2025-12-06;2;0
1;2025-12-06;3;0
1;2025-12-06;4;0
1;2025-12-06;5;27
1;2025-12-06;6;158
1;2025-12-06;7;369
1;2025-12-06;8;523
1;2025-12-06;9;769
1;2025-12-06;10;904
1;2025-12-06;11;805
1;2025-12-06;12;1037
1;2025-12-06;13;1066
1;2025-12-06;14;1005
1;2025-12-06;15;841
1;2025-12-06;16;826
1;2025-12-06;17;763
1;2025-12-06;18;668
1;2025-12-06;19;593
1;2025-12-06;20;420
1;2025-12-06;21;296
1;2025-12-06;22;112
1;2025-12-06;23;31
1;2025-12-07;0;1
1;2025-12-07;1;1
1;2025-12-07;2;0
1;2025-12-07;3;0
1;2025-12-07;4;0
1;2025-12-07;5;22
1;2025-12-07;6;119
1;2025-12-07;7;274
1;2025-12-07;8;399
1;2025-12-07;9;643
1;2025-12-07;10;759
1;2025-12-07;11;727
1;2025-12-07;12;927
1;2025-12-07;13;933
1;2025-12-07;14;838
1;2025-12-07;15;729
1;2025-12-07;16;693
1;2025-12-07;17;642
1;2025-12-07;18;588
1;2025-12-07;19;487
1;2025-12-07;20;364
1;2025-12-07;21;251
1;2025-12-07;22;88
1;2025-12-07;23;28
1;2025-12-08;0;1
1;2025-12-08;1;0
1;2025-12-08;2;0
1;2025-12-08;3;0
1;2025-12-08;4;7
1;2025-12-08;5;124
1;2025-12-08;6;507
1;2025-12-08;7;1518
1;2025-12-08;8;1998
1;2025-12-08;9;1441
1;2025-12-08;10;1306
1;2025-12-08;11;1298
1;2025-12-08;12;1384
1;2025-12-08;13;1370
1;2025-12-08;14;1333
1;2025-12-08;15;1437
1;2025-12-08;16;1550
1;2025-12-08;17;1854
1;2025-12-08;18;1903
1;2025-12-08;19;1429
1;2025-12-08;20;837
1;2025-12-08;21;451
1;2025-12-08;22;174
1;2025-12-08;23;42
1;2025-12-09;0;4
1;2025-12-09;1;0
1;2025-12-09;2;0
1;2025-12-09;3;0
1;2025-12-09;4;6
1;2025-12-09;5;126
1;2025-12-09;6;516
1;2025-12-09;7;1562
1;2025-12-09;8;2017
1;2025-12-09;9;1519
1;2025-12-09;10;1402
1;2025-12-09;11;1353
1;2025-12-09;12;1401
1;2025-12-09;13;1441
1;2025-12-09;14;1354
1;2025-12-09;15;1412
1;2025-12-09;16;1504
1;2025-12-09;17;1792
1;2025-12-09;18;1764
1;2025-12-09;19;1378
1;2025-12-09;20;858
1;2025-12-09;21;461
1;2025-12-09;22;192
1;2025-12-09;23;45
1;2025-12-10;0;4
1;2025-12-10;1;0
1;2025-12-10;2;0
1;2025-12-10;3;0
1;2025-12-10;4;7
1;2025-12-10;5;124
1;2025-12-10;6;507
1;2025-12-10;7;1516
1;2025-12-10;8;1970
1;2025-12-10;9;1506
1;2025-12-10;10;1392
1;2025-12-10;11;1385
1;2025-12-10;12;1456
1;2025-12-10;13;1510
1;2025-12-10;14;1400
1;2025-12-10;15;1527
1;2025-12-10;16;1517
1;2025-12-10;17;1858
1;2025-12-10;18;1813
1;2025-12-10;19;1418
1;2025-12-10;20;852
1;2025-12-10;21;474
1;2025-12-10;22;221
1;2025-12-10;23;49
1;2025-12-11;0;5
1;2025-12-11;1;0
1;2025-12-11;2;0
1;2025-12-11;3;0
1;2025-12-11;4;6
1;2025-12-11;5;115
1;2025-12-11;6;483
1;2025-12-11;7;1467
1;2025-12-11;8;2014
1;2025-12-11;9;1530
1;2025-12-11;10;1418
1;2025-12-11;11;1434
1;2025-12-11;12;1501
1;2025-12-11;13;1486
1;2025-12-11;14;1428
1;2025-12-11;15;1490
1;2025-12-11;16;1554
1;2025-12-11;17;1809
1;2025-12-11;18;1764
1;2025-12-11;19;1347
1;2025-12-11;20;862
1;2025-12-11;21;494
1;2025-12-11;22;206
1;2025-12-11;23;57
1;2025-12-12;0;6
1;2025-12-12;1;0
1;2025-12-12;2;0
1;2025-12-12;3;0
1;2025-12-12;4;6
1;2025-12-12;5;125
1;2025-12-12;6;495
1;2025-12-12;7;1497
1;2025-12-12;8;1873
1;2025-12-12;9;1466
1;2025-12-12;10;1370
1;2025-12-12;11;1432
1;2025-12-12;12;1433
1;2025-12-12;13;1465
1;2025-12-12;14;1370
1;2025-12-12;15;1415
1;2025-12-12;16;1595
1;2025-12-12;17;1767
1;2025-12-12;18;1522
1;2025-12-12;19;1182
1;2025-12-12;20;794
1;2025-12-12;21;488
1;2025-12-12;22;211
1;2025-12-12;23;56
1;2025-12-13;0;7
1;2025-12-13;1;0
1;2025-12-13;2;1
1;2025-12-13;3;0
1;2025-12-13;4;0
1;2025-12-13;5;25
1;2025-12-13;6;158
1;2025-12-13;7;353
1;2025-12-13;8;505
1;2025-12-13;9;766
1;2025-12-13;10;918
1;2025-12-13;11;833
1;2025-12-13;12;1063
1;2025-12-13;13;1099
1;2025-12-13;14;1012
1;2025-12-13;15;829
1;2025-12-13;16;818
1;2025-12-13;17;753
1;2025-12-13;18;653
1;2025-12-13;19;594
1;2025-12-13;20;421
1;2025-12-13;21;300
1;2025-12-13;22;109
1;2025-12-13;23;31
1;2025-12-14;0;2
1;2025-12-14;1;0
1;2025-12-14;2;0
1;2025-12-14;3;0
1;2025-12-14;4;0
1;2025-12-14;5;21
1;2025-12-14;6;120
1;2025-12-14;7;260
1;2025-12-14;8;382
1;2025-12-14;9;649
1;2025-12-14;10;782
1;2025-12-14;11;759
1;2025-12-14;12;964
1;2025-12-14;13;960
1;2025-12-14;14;840
1;2025-12-14;15;721
1;2025-12-14;16;685
1;2025-12-14;17;643
1;2025-12-14;18;577
1;2025-12-14;19;497
1;2025-12-14;20;366
1;2025-12-14;21;256
1;2025-12-14;22;86
1;2025-12-14;23;30
1;2025-12-15;0;2
1;2025-12-15;1;0
1;2025-12-15;2;0
1;2025-12-15;3;1
1;2025-12-15;4;6
1;2025-12-15;5;120
1;2025-12-15;6;504
1;2025-12-15;7;1441
1;2025-12-15;8;1921
1;2025-12-15;9;1447
1;2025-12-15;10;1362
1;2025-12-15;11;1375
1;2025-12-15;12;1485
1;2025-12-15;13;1438
1;2025-12-15;14;1370
1;2025-12-15;15;1448
1;2025-12-15;16;1554
1;2025-12-15;17;1846
1;2025-12-15;18;1889
1;2025-12-15;19;1455
1;2025-12-15;20;845
1;2025-12-15;21;463
1;2025-12-15;22;174
1;2025-12-15;23;45
1;2025-12-16;0;5
1;2025-12-16;1;0
1;2025-12-16;2;0
1;2025-12-16;3;0
1;2025-12-16;4;4
1;2025-12-16;5;121
1;2025-12-16;6;517
1;2025-12-16;7;1490
1;2025-12-16;8;1936
1;2025-12-16;9;1536
1;2025-12-16;10;1473
1;2025-12-16;11;1449
1;2025-12-16;12;1506
1;2025-12-16;13;1511
1;2025-12-16;14;1426
1;2025-12-16;15;1438
1;2025-12-16;16;1535
1;2025-12-16;17;1773
1;2025-12-16;18;1741
1;2025-12-16;19;1396
1;2025-12-16;20;883
1;2025-12-16;21;475
1;2025-12-16;22;194
1;2025-12-16;23;48
1;2025-12-17;0;5
1;2025-12-17;1;0
1;2025-12-17;2;0
1;2025-12-17;3;0
1;2025-12-17;4;5
1;2025-12-17;5;121
1;2025-12-17;6;511
1;2025-12-17;7;1461
1;2025-12-17;8;1894
1;2025-12-17;9;1491
1;2025-12-17;10;1411
1;2025-12-17;11;1391
1;2025-12-17;12;1464
1;2025-12-17;13;1506
1;2025-12-17;14;1375
1;2025-12-17;15;1459
1;2025-12-17;16;1484
1;2025-12-17;17;1793
1;2025-12-17;18;1715
1;2025-12-17;19;1393
1;2025-12-17;20;845
1;2025-12-17;21;465
1;2025-12-17;22;211
1;2025-12-17;23;50
1;2025-12-18;0;5
1;2025-12-18;1;0
1;2025-12-18;2;0
1;2025-12-18;3;0
1;2025-12-18;4;6
1;2025-12-18;5;111
1;2025-12-18;6;490
1;2025-12-18;7;1432
1;2025-12-18;8;1953
1;2025-12-18;9;1496
1;2025-12-18;10;1397
1;2025-12-18;11;1405
1;2025-12-18;12;1453
1;2025-12-18;13;1430
1;2025-12-18;14;1365
1;2025-12-18;15;1418
1;2025-12-18;16;1509
1;2025-12-18;17;1741
1;2025-12-18;18;1668
1;2025-12-18;19;1327
1;2025-12-18;20;852
1;2025-12-18;21;485
1;2025-12-18;22;198
1;2025-12-18;23;55
1;2025-12-19;0;7
1;2025-12-19;1;0
1;2025-12-19;2;0
1;2025-12-19;3;0
1;2025-12-19;4;4
1;2025-12-19;5;121
1;2025-12-19;6;499
1;2025-12-19;7;1441
1;2025-12-19;8;1825
1;2025-12-19;9;1450
1;2025-12-19;10;1354
1;2025-12-19;11;1423
1;2025-12-19;12;1404
1;2025-12-19;13;1434
1;2025-12-19;14;1344
1;2025-12-19;15;1364
1;2025-12-19;16;1553
1;2025-12-19;17;1715
1;2025-12-19;18;1449
1;2025-12-19;19;1160
1;2025-12-19;20;786
1;2025-12-19;21;483
1;2025-12-19;22;206
1;2025-12-19;23;55
1;2025-12-20;0;6
1;2025-12-20;1;0
1;2025-12-20;2;0
1;2025-12-20;3;0
1;2025-12-20;4;0
1;2025-12-20;5;25
1;2025-12-20;6;142
1;2025-12-20;7;327
1;2025-12-20;8;473
1;2025-12-20;9;717
1;2025-12-20;10;882
1;2025-12-20;11;802
1;2025-12-20;12;1051
1;2025-12-20;13;1079
1;2025-12-20;14;899
1;2025-12-20;15;786
1;2025-12-20;16;773
1;2025-12-20;17;712
1;2025-12-20;18;616
1;2025-12-20;19;558
1;2025-12-20;20;400
1;2025-12-20;21;291
1;2025-12-20;22;103
1;2025-12-20;23;31
1;2025-12-21;0;1
1;2025-12-21;1;0
1;2025-12-21;2;0
1;2025-12-21;3;0
1;2025-12-21;4;1
1;2025-12-21;5;21
1;2025-12-21;6;107
1;2025-12-21;7;233
1;2025-12-21;8;340
1;2025-12-21;9;577
1;2025-12-21;10;668
1;2025-12-21;11;655
1;2025-12-21;12;840
1;2025-12-21;13;834
1;2025-12-21;14;674
1;2025-12-21;15;603
1;2025-12-21;16;581
1;2025-12-21;17;552
1;2025-12-21;18;497
1;2025-12-21;19;430
1;2025-12-21;20;330
1;2025-12-21;21;223
1;2025-12-21;22;74
1;2025-12-21;23;27
1;2025-12-22;0;1
1;2025-12-22;1;0
1;2025-12-22;2;0
1;2025-12-22;3;0
1;2025-12-22;4;7
1;2025-12-22;5;127
1;2025-12-22;6;483
1;2025-12-22;7;1334
1;2025-12-22;8;1817
1;2025-12-22;9;1407
1;2025-12-22;10;1271
1;2025-12-22;11;1311
1;2025-12-22;12;1393
1;2025-12-22;13;1360
1;2025-12-22;14;1183
1;2025-12-22;15;1291
1;2025-12-22;16;1398
1;2025-12-22;17;1707
1;2025-12-22;18;1753
1;2025-12-22;19;1365
1;2025-12-22;20;789
1;2025-12-22;21;443
1;2025-12-22;22;160
1;2025-12-22;23;41
1;2025-12-23;0;4
1;2025-12-23;1;0
1;2025-12-23;2;0
1;2025-12-23;3;0
1;2025-12-23;4;4
1;2025-12-23;5;127
1;2025-12-23;6;493
1;2025-12-23;7;1366
1;2025-12-23;8;1792
1;2025-12-23;9;1517
1;2025-12-23;10;1455
1;2025-12-23;11;1417
1;2025-12-23;12;1436
1;2025-12-23;13;1487
1;2025-12-23;14;1270
1;2025-12-23;15;1360
1;2025-12-23;16;1415
1;2025-12-23;17;1715
1;2025-12-23;18;1674
1;2025-12-23;19;1365
1;2025-12-23;20;858
1;2025-12-23;21;478
1;2025-12-23;22;190
1;2025-12-23;23;46
1;2025-12-24;0;5
1;2025-12-24;1;0
1;2025-12-24;2;0
1;2025-12-24;3;0
1;2025-12-24;4;5
1;2025-12-24;5;124
1;2025-12-24;6;481
1;2025-12-24;7;1337
1;2025-12-24;8;1732
1;2025-12-24;9;1444
1;2025-12-24;10;1432
1;2025-12-24;11;1437
1;2025-12-24;12;1556
1;2025-12-24;13;1552
1;2025-12-24;14;1276
1;2025-12-24;15;1429
1;2025-12-24;16;1395
1;2025-12-24;17;1743
1;2025-12-24;18;1645
1;2025-12-24;19;1349
1;2025-12-24;20;826
1;2025-12-24;21;479
1;2025-12-24;22;211
1;2025-12-24;23;50
1;2025-12-25;0;4
1;2025-12-25;1;0
1;2025-12-25;2;0
1;2025-12-25;3;0
1;2025-12-25;4;7
1;2025-12-25;5;114
1;2025-12-25;6;458
1;2025-12-25;7;1272
1;2025-12-25;8;1774
1;2025-12-25;9;1423
1;2025-12-25;10;1344
1;2025-12-25;11;1340
1;2025-12-25;12;1457
1;2025-12-25;13;1358
1;2025-12-25;14;1212
1;2025-12-25;15;1292
1;2025-12-25;16;1371
1;2025-12-25;17;1634
1;2025-12-25;18;1589
1;2025-12-25;19;1234
1;2025-12-25;20;810
1;2025-12-25;21;469
1;2025-12-25;22;186
1;2025-12-25;23;52
1;2025-12-26;0;5
1;2025-12-26;1;0
1;2025-12-26;2;0
1;2025-12-26;3;0
1;2025-12-26;4;3
1;2025-12-26;5;123
1;2025-12-26;6;473
1;2025-12-26;7;1307
1;2025-12-26;8;1702
1;2025-12-26;9;1399
1;2025-12-26;10;1335
1;2025-12-26;11;1376
1;2025-12-26;12;1384
1;2025-12-26;13;1367
1;2025-12-26;14;1185
1;2025-12-26;15;1228
1;2025-12-26;16;1408
1;2025-12-26;17;1629
1;2025-12-26;18;1351
1;2025-12-26;19;1061
1;2025-12-26;20;749
1;2025-12-26;21;465
1;2025-12-26;22;193
1;2025-12-26;23;53
1;2025-12-27;0;6
1;2025-12-27;1;0
1;2025-12-27;2;0
1;2025-12-27;3;0
1;2025-12-27;4;0
1;2025-12-27;5;20
1;2025-12-27;6;136
1;2025-12-27;7;309
1;2025-12-27;8;452
1;2025-12-27;9;680
1;2025-12-27;10;841
1;2025-12-27;11;751
1;2025-12-27;12;980
1;2025-12-27;13;962
1;2025-12-27;14;832
1;2025-12-27;15;698
1;2025-12-27;16;710
1;2025-12-27;17;646
1;2025-12-27;18;571
1;2025-12-27;19;517
1;2025-12-27;20;373
1;2025-12-27;21;255
1;2025-12-27;22;95
1;2025-12-27;23;28
1;2025-12-28;0;0
1;2025-12-28;1;0
1;2025-12-28;2;0
1;2025-12-28;3;0
1;2025-12-28;4;0
1;2025-12-28;5;16
1;2025-12-28;6;103
1;2025-12-28;7;228
1;2025-12-28;8;350
1;2025-12-28;9;570
1;2025-12-28;10;691
1;2025-12-28;11;660
1;2025-12-28;12;832
1;2025-12-28;13;806
1;2025-12-28;14;669
1;2025-12-28;15;576
1;2025-12-28;16;555
1;2025-12-28;17;529
1;2025-12-28;18;484
1;2025-12-28;19;424
1;2025-12-28;20;319
1;2025-12-28;21;207
1;2025-12-28;22;71
1;2025-12-28;23;27
1;2025-12-29;0;1
1;2025-12-29;1;0
1;2025-12-29;2;0
1;2025-12-29;3;0
1;2025-12-29;4;6
1;2025-12-29;5;109
1;2025-12-29;6;459
1;2025-12-29;7;1265
1;2025-12-29;8;1728
1;2025-12-29;9;1289
1;2025-12-29;10;1177
1;2025-12-29;11;1174
1;2025-12-29;12;1216
1;2025-12-29;13;1176
1;2025-12-29;14;1066
1;2025-12-29;15;1149
1;2025-12-29;16;1226
1;2025-12-29;17;1544
1;2025-12-29;18;1563
1;2025-12-29;19;1254
1;2025-12-29;20;726
1;2025-12-29;21;386
1;2025-12-29;22;150
1;2025-12-29;23;39
1;2025-12-30;0;3
1;2025-12-30;1;0
1;2025-12-30;2;0
1;2025-12-30;3;0
1;2025-12-30;4;3
1;2025-12-30;5;114
1;2025-12-30;6;487
1;2025-12-30;7;1366
1;2025-12-30;8;1781
1;2025-12-30;9;1435
1;2025-12-30;10;1371
1;2025-12-30;11;1324
1;2025-12-30;12;1348
1;2025-12-30;13;1339
1;2025-12-30;14;1213
1;2025-12-30;15;1248
1;2025-12-30;16;1299
1;2025-12-30;17;1560
1;2025-12-30;18;1566
1;2025-12-30;19;1282
1;2025-12-30;20;817
1;2025-12-30;21;427
1;2025-12-30;22;182
1;2025-12-30;23;46
1;2025-12-31;0;0
1;2025-12-31;1;0
1;2025-12-31;2;0
1;2025-12-31;3;0
1;2025-12-31;4;0
1;2025-12-31;5;17
1;2025-12-31;6;110
1;2025-12-31;7;222
1;2025-12-31;8;338
1;2025-12-31;9;602
1;2025-12-31;10;773
1;2025-12-31;11;723
1;2025-12-31;12;931
1;2025-12-31;13;922
1;2025-12-31;14;732
1;2025-12-31;15;638
1;2025-12-31;16;598
1;2025-12-31;17;570
1;2025-12-31;18;533
1;2025-12-31;19;460
1;2025-12-31;20;339
1;2025-12-31;21;242
1;2025-12-31;22;85
1;2025-12-31;23;30
5;2025-11-01;0;0
5;2025-11-01;1;0
5;2025-11-01;2;0
5;2025-11-01;3;0
5;2025-11-01;4;0
5;2025-11-01;5;0
5;2025-11-01;6;0
5;2025-11-01;7;0
5;2025-11-01;8;0
5;2025-11-01;9;0
5;2025-11-01;10;0
5;2025-11-01;11;0
5;2025-11-01;12;0
5;2025-11-01;13;0
5;2025-11-01;14;0
5;2025-11-01;15;0
5;2025-11-01;16;0
5;2025-11-01;17;0
5;2025-11-01;18;0
5;2025-11-01;19;0
5;2025-11-01;20;0
5;2025-11-01;21;0
5;2025-11-01;22;0
5;2025-11-01;23;0
5;2025-11-02;0;0
5;2025-11-02;1;0
5;2025-11-02;2;0
5;2025-11-02;3;0
5;2025-11-02;4;0
5;2025-11-02;5;0
5;2025-11-02;6;0
5;2025-11-02;7;0
5;2025-11-02;8;0
5;2025-11-02;9;0
5;2025-11-02;10;0
5;2025-11-02;11;0
5;2025-11-02;12;0
5;2025-11-02;13;0
5;2025-11-02;14;0
5;2025-11-02;15;0
5;2025-11-02;16;0
5;2025-11-02;17;0
5;2025-11-02;18;0
5;2025-11-02;19;0
5;2025-11-02;20;0
5;2025-11-02;21;0
5;2025-11-02;22;0
5;2025-11-02;23;0
5;2025-11-03;0;0
5;2025-11-03;1;0
5;2025-11-03;2;0
5;2025-11-03;3;0
5;2025-11-03;4;0
5;2025-11-03;5;0
5;2025-11-03;6;0
5;2025-11-03;7;0
5;2025-11-03;8;0
5;2025-11-03;9;0
5;2025-11-03;10;0
5;2025-11-03;11;0
5;2025-11-03;12;0
5;2025-11-03;13;0
5;2025-11-03;14;0
5;2025-11-03;15;0
5;2025-11-03;16;0
5;2025-11-03;17;0
5;2025-11-03;18;0
5;2025-11-03;19;0
5;2025-11-03;20;0
5;2025-11-03;21;0
5;2025-11-03;22;0
5;2025-11-03;23;0
5;2025-11-04;0;0
5;2025-11-04;1;0
5;2025-11-04;2;0
5;2025-11-04;3;0
5;2025-11-04;4;0
5;2025-11-04;5;0
5;2025-11-04;6;0
5;2025-11-04;7;0
5;2025-11-04;8;0
5;2025-11-04;9;0
5;2025-11-04;10;0
5;2025-11-04;11;0
5;2025-11-04;12;0
5;2025-11-04;13;0
5;2025-11-04;14;0
5;2025-11-04;15;0
5;2025-11-04;16;0
5;2025-11-04;17;0
5;2025-11-04;18;0
5;2025-11-04;19;0
5;2025-11-04;20;0
5;2025-11-04;21;0
5;2025-11-04;22;0
5;2025-11-04;23;0
5;2025-11-05;0;0
5;2025-11-05;1;0
5;2025-11-05;2;0
5;2025-11-05;3;0
5;2025-11-05;4;0
5;2025-11-05;5;0
5;2025-11-05;6;0
5;2025-11-05;7;0
5;2025-11-05;8;0
5;2025-11-05;9;0
5;2025-11-05;10;0
5;2025-11-05;11;0
5;2025-11-05;12;0
5;2025-11-05;13;0
5;2025-11-05;14;0
5;2025-11-05;15;0
5;2025-11-05;16;0
5;2025-11-05;17;0
5;2025-11-05;18;0
5;2025-11-05;19;0
5;2025-11-05;20;0
5;2025-11-05;21;0
5;2025-11-05;22;0
5;2025-11-05;23;0
5;2025-11-06;0;0
5;2025-11-06;1;0
5;2025-11-06;2;0
5;2025-11-06;3;0
5;2025-11-06;4;0
5;2025-11-06;5;0
5;2025-11-06;6;0
5;2025-11-06;7;0
5;2025-11-06;8;0
5;2025-11-06;9;0
5;2025-11-06;10;0
5;2025-11-06;11;0
5;2025-11-06;12;0
5;2025-11-06;13;0
5;2025-11-06;14;0
5;2025-11-06;15;0
5;2025-11-06;16;0
5;2025-11-06;17;0
5;2025-11-06;18;0
5;2025-11-06;19;0
5;2025-11-06;20;0
5;2025-11-06;21;0
5;2025-11-06;22;0
5;2025-11-06;23;0
5;2025-11-07;0;0
5;2025-11-07;1;0
5;2025-11-07;2;0
5;2025-11-07;3;0
5;2025-11-07;4;0
5;2025-11-07;5;0
5;2025-11-07;6;0
5;2025-11-07;7;0
5;2025-11-07;8;0
5;2025-11-07;9;0
5;2025-11-07;10;0
5;2025-11-07;11;0
5;2025-11-07;12;0
5;2025-11-07;13;0
5;2025-11-07;14;0
5;2025-11-07;15;0
5;2025-11-07;16;0
5;2025-11-07;17;0
5;2025-11-07;18;0
5;2025-11-07;19;0
5;2025-11-07;20;0
5;2025-11-07;21;0
5;2025-11-07;22;0
5;2025-11-07;23;0
5;2025-11-08;0;0
5;2025-11-08;1;0
5;2025-11-08;2;0
5;2025-11-08;3;0
5;2025-11-08;4;0
5;2025-11-08;5;0
5;2025-11-08;6;0
5;2025-11-08;7;0
5;2025-11-08;8;0
5;2025-11-08;9;0
5;2025-11-08;10;0
5;2025-11-08;11;0
5;2025-11-08;12;0
5;2025-11-08;13;0
5;2025-11-08;14;0
5;2025-11-08;15;0
5;2025-11-08;16;0
5;2025-11-08;17;0
5;2025-11-08;18;0
5;2025-11-08;19;0
5;2025-11-08;20;0
5;2025-11-08;21;0
5;2025-11-08;22;0
5;2025-11-08;23;0
5;2025-11-09;0;0
5;2025-11-09;1;0
5;2025-11-09;2;0
5;2025-11-09;3;0
5;2025-11-09;4;0
5;2025-11-09;5;0
5;2025-11-09;6;0
5;2025-11-09;7;0
5;2025-11-09;8;0
5;2025-11-09;9;0
5;2025-11-09;10;0
5;2025-11-09;11;0
5;2025-11-09;12;0
5;2025-11-09;13;0
5;2025-11-09;14;0
5;2025-11-09;15;0
5;2025-11-09;16;0
5;2025-11-09;17;0
5;2025-11-09;18;0
5;2025-11-09;19;0
5;2025-11-09;20;0
5;2025-11-09;21;0
5;2025-11-09;22;0
5;2025-11-09;23;0
5;2025-11-10;0;0
5;2025-11-10;1;0
5;2025-11-10;2;0
5;2025-11-10;3;0
5;2025-11-10;4;0
5;2025-11-10;5;0
5;2025-11-10;6;0
5;2025-11-10;7;0
5;2025-11-10;8;0
5;2025-11-10;9;0
5;2025-11-10;10;0
5;2025-11-10;11;0
5;2025-11-10;12;0
5;2025-11-10;13;0
5;2025-11-10;14;0
5;2025-11-10;15;0
5;2025-11-10;16;0
5;2025-11-10;17;0
5;2025-11-10;18;0
5;2025-11-10;19;0
5;2025-11-10;20;0
5;2025-11-10;21;0
5;2025-11-10;22;0
5;2025-11-10;23;0
5;2025-11-11;0;0
5;2025-11-11;1;0
5;2025-11-11;2;0
5;2025-11-11;3;0
5;2025-11-11;4;0
5;2025-11-11;5;0
5;2025-11-11;6;0
5;2025-11-11;7;0
5;2025-11-11;8;0
5;2025-11-11;9;0
5;2025-11-11;10;0
5;2025-11-11;11;0
5;2025-11-11;12;0
5;2025-11-11;13;0
5;2025-11-11;14;0
5;2025-11-11;15;0
5;2025-11-11;16;0
5;2025-11-11;17;0
5;2025-11-11;18;0
5;2025-11-11;19;0
5;2025-11-11;20;0
5;2025-11-11;21;0
5;2025-11-11;22;0
5;2025-11-11;23;0
5;2025-11-12;0;0
5;2025-11-12;1;0
5;2025-11-12;2;0
5;2025-11-12;3;0
5;2025-11-12;4;0
5;2025-11-12;5;0
5;2025-11-12;6;0
5;2025-11-12;7;0
5;2025-11-12;8;0
5;2025-11-12;9;0
5;2025-11-12;10;0
5;2025-11-12;11;0
5;2025-11-12;12;0
5;2025-11-12;13;0
5;2025-11-12;14;0
5;2025-11-12;15;0
5;2025-11-12;16;0
5;2025-11-12;17;0
5;2025-11-12;18;0
5;2025-11-12;19;0
5;2025-11-12;20;0
5;2025-11-12;21;0
5;2025-11-12;22;0
5;2025-11-12;23;0
5;2025-11-13;0;0
5;2025-11-13;1;0
5;2025-11-13;2;0
5;2025-11-13;3;0
5;2025-11-13;4;0
5;2025-11-13;5;0
5;2025-11-13;6;0
5;2025-11-13;7;0
5;2025-11-13;8;0
5;2025-11-13;9;0
5;2025-11-13;10;0
5;2025-11-13;11;0
5;2025-11-13;12;0
5;2025-11-13;13;0
5;2025-11-13;14;0
5;2025-11-13;15;0
5;2025-11-13;16;0
5;2025-11-13;17;0
5;2025-11-13;18;0
5;2025-11-13;19;0
5;2025-11-13;20;0
5;2025-11-13;21;0
5;2025-11-13;22;0
5;2025-11-13;23;0
5;2025-11-14;0;0
5;2025-11-14;1;0
5;2025-11-14;2;0
5;2025-11-14;3;0
5;2025-11-14;4;0
5;2025-11-14;5;0
5;2025-11-14;6;0
5;2025-11-14;7;0
5;2025-11-14;8;0
5;2025-11-14;9;0
5;2025-11-14;10;0
5;2025-11-14;11;0
5;2025-11-14;12;0
5;2025-11-14;13;0
5;2025-11-14;14;0
5;2025-11-14;15;0
5;2025-11-14;16;0
5;2025-11-14;17;0
5;2025-11-14;18;0
5;2025-11-14;19;0
5;2025-11-14;20;0
5;2025-11-14;21;0
5;2025-11-14;22;0
5;2025-11-14;23;0
5;2025-11-15;0;0
5;2025-11-15;1;0
5;2025-11-15;2;0
5;2025-11-15;3;0
5;2025-11-15;4;0
5;2025-11-15;5;0
5;2025-11-15;6;0
5;2025-11-15;7;0
5;2025-11-15;8;0
5;2025-11-15;9;0
5;2025-11-15;10;0
5;2025-11-15;11;0
5;2025-11-15;12;0
5;2025-11-15;13;0
5;2025-11-15;14;0
5;2025-11-15;15;0
5;2025-11-15;16;0
5;2025-11-15;17;0
5;2025-11-15;18;0
5;2025-11-15;19;0
5;2025-11-15;20;0
5;2025-11-15;21;0
5;2025-11-15;22;0
5;2025-11-15;23;0
5;2025-11-16;0;0
5;2025-11-16;1;0
5;2025-11-16;2;0
5;2025-11-16;3;0
5;2025-11-16;4;0
5;2025-11-16;5;0
5;2025-11-16;6;0
5;2025-11-16;7;0
5;2025-11-16;8;0
5;2025-11-16;9;0
5;2025-11-16;10;0
5;2025-11-16;11;0
5;2025-11-16;12;0
5;2025-11-16;13;0
5;2025-11-16;14;0
5;2025-11-16;15;0
5;2025-11-16;16;0
5;2025-11-16;17;0
5;2025-11-16;18;0
5;2025-11-16;19;0
5;2025-11-16;20;0
5;2025-11-16;21;0
5;2025-11-16;22;0
5;2025-11-16;23;0
5;2025-11-17;0;0
5;2025-11-17;1;0
5;2025-11-17;2;0
5;2025-11-17;3;0
5;2025-11-17;4;0
5;2025-11-17;5;0
5;2025-11-17;6;0
5;2025-11-17;7;0
5;2025-11-17;8;0
5;2025-11-17;9;0
5;2025-11-17;10;0
5;2025-11-17;11;0
5;2025-11-17;12;0
5;2025-11-17;13;0
5;2025-11-17;14;0
5;2025-11-17;15;0
5;2025-11-17;16;0
5;2025-11-17;17;0
5;2025-11-17;18;0
5;2025-11-17;19;0
5;2025-11-17;20;0
5;2025-11-17;21;0
5;2025-11-17;22;0
5;2025-11-17;23;0
5;2025-11-18;0;0
5;2025-11-18;1;0
5;2025-11-18;2;0
5;2025-11-18;3;0
5;2025-11-18;4;0
5;2025-11-18;5;0
5;2025-11-18;6;0
5;2025-11-18;7;0
5;2025-11-18;8;0
5;2025-11-18;9;0
5;2025-11-18;10;0
5;2025-11-18;11;0
5;2025-11-18;12;0
5;2025-11-18;13;0
5;2025-11-18;14;0
5;2025-11-18;15;0
5;2025-11-18;16;0
5;2025-11-18;17;0
5;2025-11-18;18;0
5;2025-11-18;19;0
5;2025-11-18;20;0
5;2025-11-18;21;0
5;2025-11-18;22;0
5;2025-11-18;23;0
5;2025-11-19;0;0
5;2025-11-19;1;0
5;2025-11-19;2;0
5;2025-11-19;3;0
5;2025-11-19;4;0
5;2025-11-19;5;0
5;2025-11-19;6;0
5;2025-11-19;7;0
5;2025-11-19;8;0
5;2025-11-19;9;0
5;2025-11-19;10;0
5;2025-11-19;11;0
5;2025-11-19;12;0
5;2025-11-19;13;0
5;2025-11-19;14;0
5;2025-11-19;15;0
5;2025-11-19;16;0
5;2025-11-19;17;0
5;2025-11-19;18;0
5;2025-11-19;19;0
5;2025-11-19;20;0
5;2025-11-19;21;0
5;2025-11-19;22;0
5;2025-11-19;23;0
5;2025-11-20;0;0
5;2025-11-20;1;0
5;2025-11-20;2;0
5;2025-11-20;3;0
5;2025-11-20;4;0
5;2025-11-20;5;0
5;2025-11-20;6;0
5;2025-11-20;7;0
5;2025-11-20;8;0
5;2025-11-20;9;0
5;2025-11-20;10;0
5;2025-11-20;11;0
5;2025-11-20;12;0
5;2025-11-20;13;0
5;2025-11-20;14;0
5;2025-11-20;15;0
5;2025-11-20;16;0
5;2025-11-20;17;0
5;2025-11-20;18;0
5;2025-11-20;19;0
5;2025-11-20;20;0
5;2025-11-20;21;0
5;2025-11-20;22;0
5;2025-11-20;23;0
5;2025-11-21;0;0
5;2025-11-21;1;0
5;2025-11-21;2;0
5;2025-11-21;3;0
5;2025-11-21;4;0
5;2025-11-21;5;0
5;2025-11-21;6;0
5;2025-11-21;7;0
5;2025-11-21;8;0
5;2025-11-21;9;0
5;2025-11-21;10;0
5;2025-11-21;11;0
5;2025-11-21;12;0
5;2025-11-21;13;0
5;2025-11-21;14;0
5;2025-11-21;15;0
5;2025-11-21;16;0
5;2025-11-21;17;0
5;2025-11-21;18;0
5;2025-11-21;19;0
5;2025-11-21;20;0
5;2025-11-21;21;0
5;2025-11-21;22;0
5;2025-11-21;23;0
5;2025-11-22;0;0
5;2025-11-22;1;0
5;2025-11-22;2;0
5;2025-11-22;3;0
5;2025-11-22;4;0
5;2025-11-22;5;0
5;2025-11-22;6;0
5;2025-11-22;7;0
5;2025-11-22;8;0
5;2025-11-22;9;0
5;2025-11-22;10;0
5;2025-11-22;11;0
5;2025-11-22;12;0
5;2025-11-22;13;0
5;2025-11-22;14;0
5;2025-11-22;15;0
5;2025-11-22;16;0
5;2025-11-22;17;0
5;2025-11-22;18;0
5;2025-11-22;19;0
5;2025-11-22;20;0
5;2025-11-22;21;0
5;2025-11-22;22;0
5;2025-11-22;23;0
5;2025-11-23;0;0
5;2025-11-23;1;0
5;2025-11-23;2;0
5;2025-11-23;3;0
5;2025-11-23;4;0
5;2025-11-23;5;0
5;2025-11-23;6;0
5;2025-11-23;7;0
5;2025-11-23;8;0
5;2025-11-23;9;0
5;2025-11-23;10;0
5;2025-11-23;11;0
5;2025-11-23;12;0
5;2025-11-23;13;0
5;2025-11-23;14;0
5;2025-11-23;15;0
5;2025-11-23;16;0
5;2025-11-23;17;0
5;2025-11-23;18;0
5;2025-11-23;19;0
5;2025-11-23;20;0
5;2025-11-23;21;0
5;2025-11-23;22;0
5;2025-11-23;23;0
5;2025-11-24;0;0
5;2025-11-24;1;0
5;2025-11-24;2;0
5;2025-11-24;3;0
5;2025-11-24;4;0
5;2025-11-24;5;0
5;2025-11-24;6;0
5;2025-11-24;7;0
5;2025-11-24;8;0
5;2025-11-24;9;0
5;2025-11-24;10;0
5;2025-11-24;11;0
5;2025-11-24;12;0
5;2025-11-24;13;0
5;2025-11-24;14;0
5;2025-11-24;15;0
5;2025-11-24;16;0
5;2025-11-24;17;0
5;2025-11-24;18;0
5;2025-11-24;19;0
5;2025-11-24;20;0
5;2025-11-24;21;0
5;2025-11-24;22;0
5;2025-11-24;23;0
5;2025-11-25;0;0
5;2025-11-25;1;0
5;2025-11-25;2;0
5;2025-11-25;3;0
5;2025-11-25;4;0
5;2025-11-25;5;0
5;2025-11-25;6;0
5;2025-11-25;7;0
5;2025-11-25;8;0
5;2025-11-25;9;0
5;2025-11-25;10;0
5;2025-11-25;11;0
5;2025-11-25;12;0
5;2025-11-25;13;0
5;2025-11-25;14;0
5;2025-11-25;15;0
5;2025-11-25;16;0
5;2025-11-25;17;0
5;2025-11-25;18;0
5;2025-11-25;19;0
5;2025-11-25;20;0
5;2025-11-25;21;0
5;2025-11-25;22;0
5;2025-11-25;23;0
5;2025-11-26;0;0
5;2025-11-26;1;0
5;2025-11-26;2;0
5;2025-11-26;3;0
5;2025-11-26;4;0
5;2025-11-26;5;0
5;2025-11-26;6;0
5;2025-11-26;7;0
5;2025-11-26;8;0
5;2025-11-26;9;0
5;2025-11-26;10;0
5;2025-11-26;11;0
5;2025-11-26;12;0
5;2025-11-26;13;0
5;2025-11-26;14;0
5;2025-11-26;15;0
5;2025-11-26;16;0
5;2025-11-26;17;0
5;2025-11-26;18;0
5;2025-11-26;19;0
5;2025-11-26;20;0
5;2025-11-26;21;0
5;2025-11-26;22;0
5;2025-11-26;23;0
5;2025-11-27;0;0
5;2025-11-27;1;0
5;2025-11-27;2;0
5;2025-11-27;3;0
5;2025-11-27;4;0
5;2025-11-27;5;0
5;2025-11-27;6;0
5;2025-11-27;7;0
5;2025-11-27;8;0
5;2025-11-27;9;0
5;2025-11-27;10;0
5;2025-11-27;11;0
5;2025-11-27;12;0
5;2025-11-27;13;0
5;2025-11-27;14;0
5;2025-11-27;15;0
5;2025-11-27;16;0
5;2025-11-27;17;0
5;2025-11-27;18;0
5;2025-11-27;19;0
5;2025-11-27;20;0
5;2025-11-27;21;0
5;2025-11-27;22;0
5;2025-11-27;23;0
5;2025-11-28;0;0
5;2025-11-28;1;0
5;2025-11-28;2;0
5;2025-11-28;3;0
5;2025-11-28;4;0
5;2025-11-28;5;0
5;2025-11-28;6;0
5;2025-11-28;7;0
5;2025-11-28;8;0
5;2025-11-28;9;0
5;2025-11-28;10;0
5;2025-11-28;11;0
5;2025-11-28;12;0
5;2025-11-28;13;0
5;2025-11-28;14;0
5;2025-11-28;15;0
5;2025-11-28;16;0
5;2025-11-28;17;0
5;2025-11-28;18;0
5;2025-11-28;19;0
5;2025-11-28;20;0
5;2025-11-28;21;0
5;2025-11-28;22;0
5;2025-11-28;23;0
5;2025-11-29;0;0
5;2025-11-29;1;0
5;2025-11-29;2;0
5;2025-11-29;3;0
5;2025-11-29;4;0
5;2025-11-29;5;0
5;2025-11-29;6;0
5;2025-11-29;7;0
5;2025-11-29;8;0
5;2025-11-29;9;0
5;2025-11-29;10;0
5;2025-11-29;11;0
5;2025-11-29;12;0
5;2025-11-29;13;0
5;2025-11-29;14;0
5;2025-11-29;15;0
5;2025-11-29;16;0
5;2025-11-29;17;0
5;2025-11-29;18;0
5;2025-11-29;19;0
5;2025-11-29;20;0
5;2025-11-29;21;0
5;2025-11-29;22;0
5;2025-11-29;23;0
5;2025-11-30;0;0
5;2025-11-30;1;0
5;2025-11-30;2;0
5;2025-11-30;3;0
5;2025-11-30;4;0
5;2025-11-30;5;0
5;2025-11-30;6;0
5;2025-11-30;7;0
5;2025-11-30;8;0
5;2025-11-30;9;0
5;2025-11-30;10;0
5;2025-11-30;11;0
5;2025-11-30;12;0
5;2025-11-30;13;0
5;2025-11-30;14;0
5;2025-11-30;15;0
5;2025-11-30;16;0
5;2025-11-30;17;0
5;2025-11-30;18;0
5;2025-11-30;19;0
5;2025-11-30;20;0
5;2025-11-30;21;0
5;2025-11-30;22;0
5;2025-11-30;23;0
5;2025-12-01;0;0
5;2025-12-01;1;0
5;2025-12-01;2;0
5;2025-12-01;3;0
5;2025-12-01;4;0
5;2025-12-01;5;0
5;2025-12-01;6;0
5;2025-12-01;7;0
5;2025-12-01;8;0
5;2025-12-01;9;0
5;2025-12-01;10;0
5;2025-12-01;11;0
5;2025-12-01;12;0
5;2025-12-01;13;0
5;2025-12-01;14;0
5;2025-12-01;15;0
5;2025-12-01;16;0
5;2025-12-01;17;0
5;2025-12-01;18;0
5;2025-12-01;19;0
5;2025-12-01;20;0
5;2025-12-01;21;0
5;2025-12-01;22;0
5;2025-12-01;23;0
5;2025-12-02;0;0
5;2025-12-02;1;0
5;2025-12-02;2;0
5;2025-12-02;3;0
5;2025-12-02;4;0
5;2025-12-02;5;0
5;2025-12-02;6;0
5;2025-12-02;7;0
5;2025-12-02;8;0
5;2025-12-02;9;0
5;2025-12-02;10;0
5;2025-12-02;11;0
5;2025-12-02;12;0
5;2025-12-02;13;0
5;2025-12-02;14;0
5;2025-12-02;15;0
5;2025-12-02;16;0
5;2025-12-02;17;0
5;2025-12-02;18;0
5;2025-12-02;19;0
5;2025-12-02;20;0
5;2025-12-02;21;0
5;2025-12-02;22;0
5;2025-12-02;23;0
5;2025-12-03;0;0
5;2025-12-03;1;0
5;2025-12-03;2;0
5;2025-12-03;3;0
5;2025-12-03;4;0
5;2025-12-03;5;0
5;2025-12-03;6;0
5;2025-12-03;7;0
5;2025-12-03;8;0
5;2025-12-03;9;0
5;2025-12-03;10;0
5;2025-12-03;11;0
5;2025-12-03;12;0
5;2025-12-03;13;0
5;2025-12-03;14;0
5;2025-12-03;15;0
5;2025-12-03;16;0
5;2025-12-03;17;0
5;2025-12-03;18;0
5;2025-12-03;19;0
5;2025-12-03;20;0
5;2025-12-03;21;0
5;2025-12-03;22;0
5;2025-12-03;23;0
5;2025-12-04;0;0
5;2025-12-04;1;0
5;2025-12-04;2;0
5;2025-12-04;3;0
5;2025-12-04;4;0
5;2025-12-04;5;0
5;2025-12-04;6;0
5;2025-12-04;7;0
5;2025-12-04;8;0
5;2025-12-04;9;0
5;2025-12-04;10;0
5;2025-12-04;11;0
5;2025-12-04;12;0
5;2025-12-04;13;0
5;2025-12-04;14;0
5;2025-12-04;15;0
5;2025-12-04;16;0
5;2025-12-04;17;0
5;2025-12-04;18;0
5;2025-12-04;19;0
5;2025-12-04;20;0
5;2025-12-04;21;0
5;2025-12-04;22;0
5;2025-12-04;23;0
5;2025-12-05;0;0
5;2025-12-05;1;0
5;2025-12-05;2;0
5;2025-12-05;3;0
5;2025-12-05;4;0
5;2025-12-05;5;0
5;2025-12-05;6;0
5;2025-12-05;7;0
5;2025-12-05;8;0
5;2025-12-05;9;0
5;2025-12-05;10;0
5;2025-12-05;11;0
5;2025-12-05;12;0
5;2025-12-05;13;0
5;2025-12-05;14;0
5;2025-12-05;15;0
5;2025-12-05;16;0
5;2025-12-05;17;0
5;2025-12-05;18;0
5;2025-12-05;19;0
5;2025-12-05;20;0
5;2025-12-05;21;0
5;2025-12-05;22;0
5;2025-12-05;23;0
5;2025-12-06;0;0
5;2025-12-06;1;0
5;2025-12-06;2;0
5;2025-12-06;3;0
5;2025-12-06;4;0
5;2025-12-06;5;0
5;2025-12-06;6;0
5;2025-12-06;7;0
5;2025-12-06;8;0
5;2025-12-06;9;0
5;2025-12-06;10;0
5;2025-12-06;11;0
5;2025-12-06;12;0
5;2025-12-06;13;0
5;2025-12-06;14;0
5;2025-12-06;15;0
5;2025-12-06;16;0
5;2025-12-06;17;0
5;2025-12-06;18;0
5;2025-12-06;19;0
5;2025-12-06;20;0
5;2025-12-06;21;0
5;2025-12-06;22;0
5;2025-12-06;23;0
5;2025-12-07;0;0
5;2025-12-07;1;0
5;2025-12-07;2;0
5;2025-12-07;3;0
5;2025-12-07;4;0
5;2025-12-07;5;0
5;2025-12-07;6;0
5;2025-12-07;7;0
5;2025-12-07;8;0
5;2025-12-07;9;0
5;2025-12-07;10;0
5;2025-12-07;11;0
5;2025-12-07;12;0
5;2025-12-07;13;0
5;2025-12-07;14;0
5;2025-12-07;15;0
5;2025-12-07;16;0
5;2025-12-07;17;0
5;2025-12-07;18;0
5;2025-12-07;19;0
5;2025-12-07;20;0
5;2025-12-07;21;0
5;2025-12-07;22;0
5;2025-12-07;23;0
5;2025-12-08;0;0
5;2025-12-08;1;0
5;2025-12-08;2;0
5;2025-12-08;3;0
5;2025-12-08;4;0
5;2025-12-08;5;0
5;2025-12-08;6;0
5;2025-12-08;7;0
5;2025-12-08;8;0
5;2025-12-08;9;0
5;2025-12-08;10;0
5;2025-12-08;11;0
5;2025-12-08;12;0
5;2025-12-08;13;0
5;2025-12-08;14;0
5;2025-12-08;15;0
5;2025-12-08;16;0
5;2025-12-08;17;0
5;2025-12-08;18;0
5;2025-12-08;19;0
5;2025-12-08;20;0
5;2025-12-08;21;0
5;2025-12-08;22;0
5;2025-12-08;23;0
5;2025-12-09;0;0
5;2025-12-09;1;0
5;2025-12-09;2;0
5;2025-12-09;3;0
5;2025-12-09;4;0
5;2025-12-09;5;0
5;2025-12-09;6;0
5;2025-12-09;7;0
5;2025-12-09;8;0
5;2025-12-09;9;0
5;2025-12-09;10;0
5;2025-12-09;11;0
5;2025-12-09;12;0
5;2025-12-09;13;0
5;2025-12-09;14;0
5;2025-12-09;15;0
5;2025-12-09;16;0
5;2025-12-09;17;0
5;2025-12-09;18;0
5;2025-12-09;19;0
5;2025-12-09;20;0
5;2025-12-09;21;0
5;2025-12-09;22;0
5;2025-12-09;23;0
5;2025-12-10;0;0
5;2025-12-10;1;0
5;2025-12-10;2;0
5;2025-12-10;3;0
5;2025-12-10;4;0
5;2025-12-10;5;0
5;2025-12-10;6;0
5;2025-12-10;7;0
5;2025-12-10;8;0
5;2025-12-10;9;0
5;2025-12-10;10;0
5;2025-12-10;11;0
5;2025-12-10;12;0
5;2025-12-10;13;0
5;2025-12-10;14;0
5;2025-12-10;15;0
5;2025-12-10;16;0
5;2025-12-10;17;0
5;2025-12-10;18;0
5;2025-12-10;19;0
5;2025-12-10;20;0
5;2025-12-10;21;0
5;2025-12-10;22;0
5;2025-12-10;23;0
5;2025-12-11;0;0
5;2025-12-11;1;0
5;2025-12-11;2;0
5;2025-12-11;3;0
5;2025-12-11;4;0
5;2025-12-11;5;0
5;2025-12-11;6;0
5;2025-12-11;7;0
5;2025-12-11;8;0
5;2025-12-11;9;0
5;2025-12-11;10;0
5;2025-12-11;11;0
5;2025-12-11;12;0
5;2025-12-11;13;0
5;2025-12-11;14;0
5;2025-12-11;15;0
5;2025-12-11;16;0
5;2025-12-11;17;0
5;2025-12-11;18;0
5;2025-12-11;19;0
5;2025-12-11;20;0
5;2025-12-11;21;0
5;2025-12-11;22;0
5;2025-12-11;23;0
5;2025-12-12;0;0
5;2025-12-12;1;0
5;2025-12-12;2;0
5;2025-12-12;3;0
5;2025-12-12;4;0
5;2025-12-12;5;0
5;2025-12-12;6;0
5;2025-12-12;7;0
5;2025-12-12;8;0
5;2025-12-12;9;0
5;2025-12-12;10;0
5;2025-12-12;11;0
5;2025-12-12;12;0
5;2025-12-12;13;0
5;2025-12-12;14;0
5;2025-12-12;15;0
5;2025-12-12;16;0
5;2025-12-12;17;0
5;2025-12-12;18;0
5;2025-12-12;19;0
5;2025-12-12;20;0
5;2025-12-12;21;0
5;2025-12-12;22;0
5;2025-12-12;23;0
5;2025-12-13;0;0
5;2025-12-13;1;0
5;2025-12-13;2;0
5;2025-12-13;3;0
5;2025-12-13;4;0
5;2025-12-13;5;0
5;2025-12-13;6;0
5;2025-12-13;7;0
5;2025-12-13;8;0
5;2025-12-13;9;0
5;2025-12-13;10;0
5;2025-12-13;11;0
5;2025-12-13;12;0
5;2025-12-13;13;0
5;2025-12-13;14;0
5;2025-12-13;15;0
5;2025-12-13;16;0
5;2025-12-13;17;0
5;2025-12-13;18;0
5;2025-12-13;19;0
5;2025-12-13;20;0
5;2025-12-13;21;0
5;2025-12-13;22;0
5;2025-12-13;23;0
5;2025-12-14;0;0
5;2025-12-14;1;0
5;2025-12-14;2;0
5;2025-12-14;3;0
5;2025-12-14;4;0
5;2025-12-14;5;0
5;2025-12-14;6;0
5;2025-12-14;7;0
5;2025-12-14;8;0
5;2025-12-14;9;0
5;2025-12-14;10;0
5;2025-12-14;11;0
5;2025-12-14;12;0
5;2025-12-14;13;0
5;2025-12-14;14;0
5;2025-12-14;15;0
5;2025-12-14;16;0
5;2025-12-14;17;0
5;2025-12-14;18;0
5;2025-12-14;19;0
5;2025-12-14;20;0
5;2025-12-14;21;0
5;2025-12-14;22;0
5;2025-12-14;23;0
5;2025-12-15;0;0
5;2025-12-15;1;0
5;2025-12-15;2;0
5;2025-12-15;3;0
5;2025-12-15;4;0
5;2025-12-15;5;0
5;2025-12-15;6;0
5;2025-12-15;7;0
5;2025-12-15;8;0
5;2025-12-15;9;0
5;2025-12-15;10;0
5;2025-12-15;11;0
5;2025-12-15;12;0
5;2025-12-15;13;0
5;2025-12-15;14;0
5;2025-12-15;15;0
5;2025-12-15;16;0
5;2025-12-15;17;0
5;2025-12-15;18;0
5;2025-12-15;19;0
5;2025-12-15;20;0
5;2025-12-15;21;0
5;2025-12-15;22;0
5;2025-12-15;23;0
5;2025-12-16;0;0
5;2025-12-16;1;0
5;2025-12-16;2;0
5;2025-12-16;3;0
5;2025-12-16;4;0
5;2025-12-16;5;0
5;2025-12-16;6;0
5;2025-12-16;7;0
5;2025-12-16;8;0
5;2025-12-16;9;0
5;2025-12-16;10;0
5;2025-12-16;11;0
5;2025-12-16;12;0
5;2025-12-16;13;0
5;2025-12-16;14;0
5;2025-12-16;15;0
5;2025-12-16;16;0
5;2025-12-16;17;0
5;2025-12-16;18;0
5;2025-12-16;19;0
5;2025-12-16;20;0
5;2025-12-16;21;0
5;2025-12-16;22;0
5;2025-12-16;23;0
5;2025-12-17;0;0
5;2025-12-17;1;0
5;2025-12-17;2;0
5;2025-12-17;3;0
5;2025-12-17;4;0
5;2025-12-17;5;0
5;2025-12-17;6;0
5;2025-12-17;7;0
5;2025-12-17;8;0
5;2025-12-17;9;0
5;2025-12-17;10;0
5;2025-12-17;11;0
5;2025-12-17;12;0
5;2025-12-17;13;0
5;2025-12-17;14;0
5;2025-12-17;15;0
5;2025-12-17;16;0
5;2025-12-17;17;0
5;2025-12-17;18;0
5;2025-12-17;19;0
5;2025-12-17;20;0
5;2025-12-17;21;0
5;2025-12-17;22;0
5;2025-12-17;23;0
5;2025-12-18;0;0
5;2025-12-18;1;0
5;2025-12-18;2;0
5;2025-12-18;3;0
5;2025-12-18;4;0
5;2025-12-18;5;0
5;2025-12-18;6;0
5;2025-12-18;7;0
5;2025-12-18;8;0
5;2025-12-18;9;0
5;2025-12-18;10;0
5;2025-12-18;11;0
5;2025-12-18;12;0
5;2025-12-18;13;0
5;2025-12-18;14;0
5;2025-12-18;15;0
5;2025-12-18;16;0
5;2025-12-18;17;0
5;2025-12-18;18;0
5;2025-12-18;19;0
5;2025-12-18;20;0
5;2025-12-18;21;0
5;2025-12-18;22;0
5;2025-12-18;23;0
5;2025-12-19;0;0
5;2025-12-19;1;0
5;2025-12-19;2;0
5;2025-12-19;3;0
5;2025-12-19;4;0
5;2025-12-19;5;0
5;2025-12-19;6;0
5;2025-12-19;7;0
5;2025-12-19;8;0
5;2025-12-19;9;0
5;2025-12-19;10;0
5;2025-12-19;11;0
5;2025-12-19;12;0
5;2025-12-19;13;0
5;2025-12-19;14;0
5;2025-12-19;15;0
5;2025-12-19;16;0
5;2025-12-19;17;0
5;2025-12-19;18;0
5;2025-12-19;19;0
5;2025-12-19;20;0
5;2025-12-19;21;0
5;2025-12-19;22;0
5;2025-12-19;23;0
5;2025-12-20;0;0
5;2025-12-20;1;0
5;2025-12-20;2;0
5;2025-12-20;3;0
5;2025-12-20;4;0
5;2025-12-20;5;0
5;2025-12-20;6;0
5;2025-12-20;7;0
5;2025-12-20;8;0
5;2025-12-20;9;0
5;2025-12-20;10;0
5;2025-12-20;11;0
5;2025-12-20;12;0
5;2025-12-20;13;0
5;2025-12-20;14;0
5;2025-12-20;15;0
5;2025-12-20;16;0
5;2025-12-20;17;0
5;2025-12-20;18;0
5;2025-12-20;19;0
5;2025-12-20;20;0
5;2025-12-20;21;0
5;2025-12-20;22;0
5;2025-12-20;23;0
5;2025-12-21;0;0
5;2025-12-21;1;0
5;2025-12-21;2;0
5;2025-12-21;3;0
5;2025-12-21;4;0
5;2025-12-21;5;0
5;2025-12-21;6;0
5;2025-12-21;7;0
5;2025-12-21;8;0
5;2025-12-21;9;0
5;2025-12-21;10;0
5;2025-12-21;11;0
5;2025-12-21;12;0
5;2025-12-21;13;0
5;2025-12-21;14;0
5;2025-12-21;15;0
5;2025-12-21;16;0
5;2025-12-21;17;0
5;2025-12-21;18;0
5;2025-12-21;19;0
5;2025-12-21;20;0
5;2025-12-21;21;0
5;2025-12-21;22;0
5;2025-12-21;23;0
5;2025-12-22;0;0
5;2025-12-22;1;0
5;2025-12-22;2;0
5;2025-12-22;3;0
5;2025-12-22;4;0
5;2025-12-22;5;0
5;2025-12-22;6;0
5;2025-12-22;7;0
5;2025-12-22;8;0
5;2025-12-22;9;0
5;2025-12-22;10;0
5;2025-12-22;11;0
5;2025-12-22;12;0
5;2025-12-22;13;0
5;2025-12-22;14;0
5;2025-12-22;15;0
5;2025-12-22;16;0
5;2025-12-22;17;0
5;2025-12-22;18;0
5;2025-12-22;19;0
5;2025-12-22;20;0
5;2025-12-22;21;0
5;2025-12-22;22;0
5;2025-12-22;23;0
5;2025-12-23;0;0
5;2025-12-23;1;0
5;2025-12-23;2;0
5;2025-12-23;3;0
5;2025-12-23;4;0
5;2025-12-23;5;0
5;2025-12-23;6;0
5;2025-12-23;7;0
5;2025-12-23;8;0
5;2025-12-23;9;0
5;2025-12-23;10;0
5;2025-12-23;11;0
5;2025-12-23;12;0
5;2025-12-23;13;0
5;2025-12-23;14;0
5;2025-12-23;15;0
5;2025-12-23;16;0
5;2025-12-23;17;0
5;2025-12-23;18;0
5;2025-12-23;19;0
5;2025-12-23;20;0
5;2025-12-23;21;0
5;2025-12-23;22;0
5;2025-12-23;23;0
5;2025-12-24;0;0
5;2025-12-24;1;0
5;2025-12-24;2;0
5;2025-12-24;3;0
5;2025-12-24;4;0
5;2025-12-24;5;0
5;2025-12-24;6;0
5;2025-12-24;7;0
5;2025-12-24;8;0
5;2025-12-24;9;0
5;2025-12-24;10;0
5;2025-12-24;11;0
5;2025-12-24;12;0
5;2025-12-24;13;0
5;2025-12-24;14;0
5;2025-12-24;15;0
5;2025-12-24;16;0
5;2025-12-24;17;0
5;2025-12-24;18;0
5;2025-12-24;19;0
5;2025-12-24;20;0
5;2025-12-24;21;0
5;2025-12-24;22;0
5;2025-12-24;23;0
5;2025-12-25;0;0
5;2025-12-25;1;0
5;2025-12-25;2;0
5;2025-12-25;3;0
5;2025-12-25;4;0
5;2025-12-25;5;0
5;2025-12-25;6;0
5;2025-12-25;7;0
5;2025-12-25;8;0
5;2025-12-25;9;0
5;2025-12-25;10;0
5;2025-12-25;11;0
5;2025-12-25;12;0
5;2025-12-25;13;0
5;2025-12-25;14;0
5;2025-12-25;15;0
5;2025-12-25;16;0
5;2025-12-25;17;0
5;2025-12-25;18;0
5;2025-12-25;19;0
5;2025-12-25;20;0
5;2025-12-25;21;0
5;2025-12-25;22;0
5;2025-12-25;23;0
5;2025-12-26;0;0
5;2025-12-26;1;0
5;2025-12-26;2;0
5;2025-12-26;3;0
5;2025-12-26;4;0
5;2025-12-26;5;0
5;2025-12-26;6;0
5;2025-12-26;7;0
5;2025-12-26;8;0
5;2025-12-26;9;0
5;2025-12-26;10;0
5;2025-12-26;11;0
5;2025-12-26;12;0
5;2025-12-26;13;0
5;2025-12-26;14;0
5;2025-12-26;15;0
5;2025-12-26;16;0
5;2025-12-26;17;0
5;2025-12-26;18;0
5;2025-12-26;19;0
5;2025-12-26;20;0
5;2025-12-26;21;0
5;2025-12-26;22;0
5;2025-12-26;23;0
5;2025-12-27;0;0
5;2025-12-27;1;0
5;2025-12-27;2;0
5;2025-12-27;3;0
5;2025-12-27;4;0
5;2025-12-27;5;0
5;2025-12-27;6;0
5;2025-12-27;7;0
5;2025-12-27;8;0
5;2025-12-27;9;0
5;2025-12-27;10;0
5;2025-12-27;11;0
5;2025-12-27;12;0
5;2025-12-27;13;0
5;2025-12-27;14;0
5;2025-12-27;15;0
5;2025-12-27;16;0
5;2025-12-27;17;0
5;2025-12-27;18;0
5;2025-12-27;19;0
5;2025-12-27;20;0
5;2025-12-27;21;0
5;2025-12-27;22;0
5;2025-12-27;23;0
5;2025-12-28;0;0
5;2025-12-28;1;0
5;2025-12-28;2;0
5;2025-12-28;3;0
5;2025-12-28;4;0
5;2025-12-28;5;0
5;2025-12-28;6;0
5;2025-12-28;7;0
5;2025-12-28;8;0
5;2025-12-28;9;0
5;2025-12-28;10;0
5;2025-12-28;11;0
5;2025-12-28;12;0
5;2025-12-28;13;0
5;2025-12-28;14;0
5;2025-12-28;15;0
5;2025-12-28;16;0
5;2025-12-28;17;0
5;2025-12-28;18;0
5;2025-12-28;19;0
5;2025-12-28;20;0
5;2025-12-28;21;0
5;2025-12-28;22;0
5;2025-12-28;23;0
5;2025-12-29;0;0
5;2025-12-29;1;0
5;2025-12-29;2;0
5;2025-12-29;3;0
5;2025-12-29;4;0
5;2025-12-29;5;0
5;2025-12-29;6;0
5;2025-12-29;7;0
5;2025-12-29;8;0
5;2025-12-29;9;0
5;2025-12-29;10;0
5;2025-12-29;11;0
5;2025-12-29;12;0
5;2025-12-29;13;0
5;2025-12-29;14;0
5;2025-12-29;15;0
5;2025-12-29;16;0
5;2025-12-29;17;0
5;2025-12-29;18;0
5;2025-12-29;19;0
5;2025-12-29;20;0
5;2025-12-29;21;0
5;2025-12-29;22;0
5;2025-12-29;23;0
5;2025-12-30;0;0
5;2025-12-30;1;0
5;2025-12-30;2;0
5;2025-12-30;3;0
5;2025-12-30;4;0
5;2025-12-30;5;0
5;2025-12-30;6;0
5;2025-12-30;7;0
5;2025-12-30;8;0
5;2025-12-30;9;0
5;2025-12-30;10;0
5;2025-12-30;11;0
5;2025-12-30;12;0
5;2025-12-30;13;0
5;2025-12-30;14;0
5;2025-12-30;15;0
5;2025-12-30;16;0
5;2025-12-30;17;0
5;2025-12-30;18;0
5;2025-12-30;19;0
5;2025-12-30;20;0
5;2025-12-30;21;0
5;2025-12-30;22;0
5;2025-12-30;23;0
5;2025-12-31;0;0
5;2025-12-31;1;0
5;2025-12-31;2;0
5;2025-12-31;3;0
5;2025-12-31;4;0
5;2025-12-31;5;0
5;2025-12-31;6;0
5;2025-12-31;7;0
5;2025-12-31;8;0
5;2025-12-31;9;0
5;2025-12-31;10;0
5;2025-12-31;11;0
5;2025-12-31;12;0
5;2025-12-31;13;0
5;2025-12-31;14;0
5;2025-12-31;15;0
5;2025-12-31;16;0
5;2025-12-31;17;0
5;2025-12-31;18;0
5;2025-12-31;19;0
5;2025-12-31;20;0
5;2025-12-31;21;0
5;2025-12-31;22;0
5;2025-12-31;23;0
7;2025-11-01;0;65
7;2025-11-01;1;14
7;2025-11-01;2;0
7;2025-11-01;3;0
7;2025-11-01;4;1
7;2025-11-01;5;176
7;2025-11-01;6;544
7;2025-11-01;7;1228
7;2025-11-01;8;2047
7;2025-11-01;9;1330
7;2025-11-01;10;1186
7;2025-11-01;11;1104
7;2025-11-01;12;1242
7;2025-11-01;13;1277
7;2025-11-01;14;1248
7;2025-11-01;15;1377
7;2025-11-01;16;1555
7;2025-11-01;17;1853
7;2025-11-01;18;1544
7;2025-11-01;19;1117
7;2025-11-01;20;845
7;2025-11-01;21;440
7;2025-11-01;22;263
7;2025-11-01;23;200
7;2025-11-02;0;96
7;2025-11-02;1;14
7;2025-11-02;2;0
7;2025-11-02;3;0
7;2025-11-02;4;1
7;2025-11-02;5;30
7;2025-11-02;6;153
7;2025-11-02;7;242
7;2025-11-02;8;456
7;2025-11-02;9;539
7;2025-11-02;10;545
7;2025-11-02;11;661
7;2025-11-02;12;741
7;2025-11-02;13;786
7;2025-11-02;14;880
7;2025-11-02;15;829
7;2025-11-02;16;710
7;2025-11-02;17;786
7;2025-11-02;18;641
7;2025-11-02;19;520
7;2025-11-02;20;471
7;2025-11-02;21;367
7;2025-11-02;22;178
7;2025-11-02;23;129
7;2025-11-03;0;92
7;2025-11-03;1;20
7;2025-11-03;2;0
7;2025-11-03;3;0
7;2025-11-03;4;0
7;2025-11-03;5;33
7;2025-11-03;6;176
7;2025-11-03;7;332
7;2025-11-03;8;566
7;2025-11-03;9;688
7;2025-11-03;10;868
7;2025-11-03;11;1115
7;2025-11-03;12;1156
7;2025-11-03;13;1273
7;2025-11-03;14;1411
7;2025-11-03;15;1295
7;2025-11-03;16;1054
7;2025-11-03;17;1173
7;2025-11-03;18;912
7;2025-11-03;19;733
7;2025-11-03;20;703
7;2025-11-03;21;543
7;2025-11-03;22;275
7;2025-11-03;23;163
7;2025-11-04;0;98
7;2025-11-04;1;22
7;2025-11-04;2;0
7;2025-11-04;3;0
7;2025-11-04;4;0
7;2025-11-04;5;30
7;2025-11-04;6;174
7;2025-11-04;7;315
7;2025-11-04;8;513
7;2025-11-04;9;680
7;2025-11-04;10;807
7;2025-11-04;11;955
7;2025-11-04;12;1028
7;2025-11-04;13;1040
7;2025-11-04;14;1001
7;2025-11-04;15;1063
7;2025-11-04;16;902
7;2025-11-04;17;1064
7;2025-11-04;18;789
7;2025-11-04;19;700
7;2025-11-04;20;676
7;2025-11-04;21;450
7;2025-11-04;22;249
7;2025-11-04;23;157
7;2025-11-05;0;46
7;2025-11-05;1;7
7;2025-11-05;2;0
7;2025-11-05;3;0
7;2025-11-05;4;3
7;2025-11-05;5;183
7;2025-11-05;6;620
7;2025-11-05;7;1528
7;2025-11-05;8;2291
7;2025-11-05;9;1755
7;2025-11-05;10;1508
7;2025-11-05;11;1320
7;2025-11-05;12;1410
7;2025-11-05;13;1321
7;2025-11-05;14;1351
7;2025-11-05;15;1499
7;2025-11-05;16;1578
7;2025-11-05;17;2145
7;2025-11-05;18;2229
7;2025-11-05;19;1492
7;2025-11-05;20;936
7;2025-11-05;21;539
7;2025-11-05;22;226
7;2025-11-05;23;167
7;2025-11-06;0;49
7;2025-11-06;1;6
7;2025-11-06;2;0
7;2025-11-06;3;0
7;2025-11-06;4;0
7;2025-11-06;5;181
7;2025-11-06;6;623
7;2025-11-06;7;1503
7;2025-11-06;8;2493
7;2025-11-06;9;1793
7;2025-11-06;10;1585
7;2025-11-06;11;1437
7;2025-11-06;12;1601
7;2025-11-06;13;1413
7;2025-11-06;14;1628
7;2025-11-06;15;1679
7;2025-11-06;16;1736
7;2025-11-06;17;2274
7;2025-11-06;18;2661
7;2025-11-06;19;1543
7;2025-11-06;20;1000
7;2025-11-06;21;663
7;2025-11-06;22;259
7;2025-11-06;23;188
7;2025-11-07;0;68
7;2025-11-07;1;7
7;2025-11-07;2;0
7;2025-11-07;3;0
7;2025-11-07;4;2
7;2025-11-07;5;172
7;2025-11-07;6;560
7;2025-11-07;7;1538
7;2025-11-07;8;2372
7;2025-11-07;9;1763
7;2025-11-07;10;1778
7;2025-11-07;11;1643
7;2025-11-07;12;1772
7;2025-11-07;13;1840
7;2025-11-07;14;1819
7;2025-11-07;15;1976
7;2025-11-07;16;2075
7;2025-11-07;17;2423
7;2025-11-07;18;2057
7;2025-11-07;19;1411
7;2025-11-07;20;1025
7;2025-11-07;21;589
7;2025-11-07;22;319
7;2025-11-07;23;228
7;2025-11-08;0;92
7;2025-11-08;1;20
7;2025-11-08;2;0
7;2025-11-08;3;0
7;2025-11-08;4;0
7;2025-11-08;5;45
7;2025-11-08;6;216
7;2025-11-08;7;415
7;2025-11-08;8;664
7;2025-11-08;9;702
7;2025-11-08;10;740
7;2025-11-08;11;843
7;2025-11-08;12;990
7;2025-11-08;13;996
7;2025-11-08;14;983
7;2025-11-08;15;973
7;2025-11-08;16;925
7;2025-11-08;17;922
7;2025-11-08;18;883
7;2025-11-08;19;809
7;2025-11-08;20;639
7;2025-11-08;21;459
7;2025-11-08;22;236
7;2025-11-08;23;185
7;2025-11-09;0;86
7;2025-11-09;1;14
7;2025-11-09;2;0
7;2025-11-09;3;0
7;2025-11-09;4;0
7;2025-11-09;5;26
7;2025-11-09;6;144
7;2025-11-09;7;266
7;2025-11-09;8;483
7;2025-11-09;9;529
7;2025-11-09;10;569
7;2025-11-09;11;662
7;2025-11-09;12;759
7;2025-11-09;13;778
7;2025-11-09;14;825
7;2025-11-09;15;795
7;2025-11-09;16;707
7;2025-11-09;17;814
7;2025-11-09;18;680
7;2025-11-09;19;547
7;2025-11-09;20;486
7;2025-11-09;21;357
7;2025-11-09;22;183
7;2025-11-09;23;123
7;2025-11-10;0;57
7;2025-11-10;1;11
7;2025-11-10;2;0
7;2025-11-10;3;0
7;2025-11-10;4;0
7;2025-11-10;5;182
7;2025-11-10;6;585
7;2025-11-10;7;1578
7;2025-11-10;8;2564
7;2025-11-10;9;1792
7;2025-11-10;10;1503
7;2025-11-10;11;1357
7;2025-11-10;12;1504
7;2025-11-10;13;1530
7;2025-11-10;14;1525
7;2025-11-10;15;1672
7;2025-11-10;16;1741
7;2025-11-10;17;2233
7;2025-11-10;18;2510
7;2025-11-10;19;1579
7;2025-11-10;20;988
7;2025-11-10;21;547
7;2025-11-10;22;247
7;2025-11-10;23;139
7;2025-11-11;0;49
7;2025-11-11;1;12
7;2025-11-11;2;0
7;2025-11-11;3;0
7;2025-11-11;4;1
7;2025-11-11;5;189
7;2025-11-11;6;604
7;2025-11-11;7;1699
7;2025-11-11;8;2605
7;2025-11-11;9;1997
7;2025-11-11;10;1821
7;2025-11-11;11;1722
7;2025-11-11;12;1872
7;2025-11-11;13;1757
7;2025-11-11;14;1714
7;2025-11-11;15;1962
7;2025-11-11;16;1987
7;2025-11-11;17;2544
7;2025-11-11;18;2709
7;2025-11-11;19;1776
7;2025-11-11;20;1154
7;2025-11-11;21;654
7;2025-11-11;22;327
7;2025-11-11;23;183
7;2025-11-12;0;55
7;2025-11-12;1;8
7;2025-11-12;2;0
7;2025-11-12;3;0
7;2025-11-12;4;1
7;2025-11-12;5;183
7;2025-11-12;6;604
7;2025-11-12;7;1634
7;2025-11-12;8;2555
7;2025-11-12;9;2000
7;2025-11-12;10;1746
7;2025-11-12;11;1523
7;2025-11-12;12;1710
7;2025-11-12;13;1580
7;2025-11-12;14;1623
7;2025-11-12;15;1817
7;2025-11-12;16;1863
7;2025-11-12;17;2465
7;2025-11-12;18;2587
7;2025-11-12;19;1669
7;2025-11-12;20;1066
7;2025-11-12;21;588
7;2025-11-12;22;286
7;2025-11-12;23;202
7;2025-11-13;0;57
7;2025-11-13;1;6
7;2025-11-13;2;0
7;2025-11-13;3;0
7;2025-11-13;4;0
7;2025-11-13;5;182
7;2025-11-13;6;608
7;2025-11-13;7;1589
7;2025-11-13;8;2584
7;2025-11-13;9;1820
7;2025-11-13;10;1589
7;2025-11-13;11;1511
7;2025-11-13;12;1686
7;2025-11-13;13;1503
7;2025-11-13;14;1639
7;2025-11-13;15;1726
7;2025-11-13;16;1828
7;2025-11-13;17;2336
7;2025-11-13;18;2781
7;2025-11-13;19;1598
7;2025-11-13;20;1028
7;2025-11-13;21;640
7;2025-11-13;22;276
7;2025-11-13;23;200
7;2025-11-14;0;70
7;2025-11-14;1;7
7;2025-11-14;2;0
7;2025-11-14;3;0
7;2025-11-14;4;0
7;2025-11-14;5;176
7;2025-11-14;6;546
7;2025-11-14;7;1545
7;2025-11-14;8;2464
7;2025-11-14;9;1824
7;2025-11-14;10;1742
7;2025-11-14;11;1603
7;2025-11-14;12;1746
7;2025-11-14;13;1778
7;2025-11-14;14;1780
7;2025-11-14;15;1941
7;2025-11-14;16;2126
7;2025-11-14;17;2390
7;2025-11-14;18;2163
7;2025-11-14;19;1436
7;2025-11-14;20;1037
7;2025-11-14;21;591
7;2025-11-14;22;327
7;2025-11-14;23;230
7;2025-11-15;0;99
7;2025-11-15;1;22
7;2025-11-15;2;0
7;2025-11-15;3;0
7;2025-11-15;4;0
7;2025-11-15;5;54
7;2025-11-15;6;238
7;2025-11-15;7;433
7;2025-11-15;8;677
7;2025-11-15;9;812
7;2025-11-15;10;880
7;2025-11-15;11;1068
7;2025-11-15;12;1180
7;2025-11-15;13;1243
7;2025-11-15;14;1143
7;2025-11-15;15;1105
7;2025-11-15;16;1087
7;2025-11-15;17;1085
7;2025-11-15;18;1014
7;2025-11-15;19;975
7;2025-11-15;20;725
7;2025-11-15;21;586
7;2025-11-15;22;243
7;2025-11-15;23;199
7;2025-11-16;0;97
7;2025-11-16;1;16
7;2025-11-16;2;0
7;2025-11-16;3;0
7;2025-11-16;4;0
7;2025-11-16;5;31
7;2025-11-16;6;169
7;2025-11-16;7;279
7;2025-11-16;8;486
7;2025-11-16;9;626
7;2025-11-16;10;760
7;2025-11-16;11;968
7;2025-11-16;12;1107
7;2025-11-16;13;1139
7;2025-11-16;14;1132
7;2025-11-16;15;1066
7;2025-11-16;16;931
7;2025-11-16;17;1041
7;2025-11-16;18;826
7;2025-11-16;19;692
7;2025-11-16;20;621
7;2025-11-16;21;475
7;2025-11-16;22;219
7;2025-11-16;23;153
7;2025-11-17;0;68
7;2025-11-17;1;10
7;2025-11-17;2;0
7;2025-11-17;3;0
7;2025-11-17;4;0
7;2025-11-17;5;193
7;2025-11-17;6;612
7;2025-11-17;7;1379
7;2025-11-17;8;2222
7;2025-11-17;9;1789
7;2025-11-17;10;1559
7;2025-11-17;11;1397
7;2025-11-17;12;1596
7;2025-11-17;13;1607
7;2025-11-17;14;1477
7;2025-11-17;15;1570
7;2025-11-17;16;1699
7;2025-11-17;17;2174
7;2025-11-17;18;2419
7;2025-11-17;19;1550
7;2025-11-17;20;954
7;2025-11-17;21;553
7;2025-11-17;22;219
7;2025-11-17;23;152
7;2025-11-18;0;55
7;2025-11-18;1;10
7;2025-11-18;2;0
7;2025-11-18;3;0
7;2025-11-18;4;1
7;2025-11-18;5;194
7;2025-11-18;6;610
7;2025-11-18;7;1387
7;2025-11-18;8;2197
7;2025-11-18;9;1792
7;2025-11-18;10;1693
7;2025-11-18;11;1593
7;2025-11-18;12;1765
7;2025-11-18;13;1644
7;2025-11-18;14;1520
7;2025-11-18;15;1626
7;2025-11-18;16;1747
7;2025-11-18;17;2219
7;2025-11-18;18;2364
7;2025-11-18;19;1611
7;2025-11-18;20;1031
7;2025-11-18;21;643
7;2025-11-18;22;253
7;2025-11-18;23;172
7;2025-11-19;0;58
7;2025-11-19;1;6
7;2025-11-19;2;0
7;2025-11-19;3;0
7;2025-11-19;4;0
7;2025-11-19;5;184
7;2025-11-19;6;612
7;2025-11-19;7;1370
7;2025-11-19;8;2217
7;2025-11-19;9;1873
7;2025-11-19;10;1748
7;2025-11-19;11;1454
7;2025-11-19;12;1647
7;2025-11-19;13;1570
7;2025-11-19;14;1511
7;2025-11-19;15;1594
7;2025-11-19;16;1691
7;2025-11-19;17;2317
7;2025-11-19;18;2267
7;2025-11-19;19;1593
7;2025-11-19;20;1028
7;2025-11-19;21;611
7;2025-11-19;22;264
7;2025-11-19;23;194
7;2025-11-20;0;63
7;2025-11-20;1;8
7;2025-11-20;2;0
7;2025-11-20;3;0
7;2025-11-20;4;2
7;2025-11-20;5;185
7;2025-11-20;6;636
7;2025-11-20;7;1343
7;2025-11-20;8;2207
7;2025-11-20;9;1720
7;2025-11-20;10;1570
7;2025-11-20;11;1380
7;2025-11-20;12;1520
7;2025-11-20;13;1397
7;2025-11-20;14;1467
7;2025-11-20;15;1507
7;2025-11-20;16;1629
7;2025-11-20;17;2141
7;2025-11-20;18;2369
7;2025-11-20;19;1534
7;2025-11-20;20;986
7;2025-11-20;21;633
7;2025-11-20;22;241
7;2025-11-20;23;183
7;2025-11-21;0;64
7;2025-11-21;1;8
7;2025-11-21;2;0
7;2025-11-21;3;0
7;2025-11-21;4;0
7;2025-11-21;5;190
7;2025-11-21;6;580
7;2025-11-21;7;1345
7;2025-11-21;8;2122
7;2025-11-21;9;1766
7;2025-11-21;10;1673
7;2025-11-21;11;1503
7;2025-11-21;12;1586
7;2025-11-21;13;1629
7;2025-11-21;14;1620
7;2025-11-21;15;1643
7;2025-11-21;16;1952
7;2025-11-21;17;2218
7;2025-11-21;18;1881
7;2025-11-21;19;1424
7;2025-11-21;20;1029
7;2025-11-21;21;593
7;2025-11-21;22;284
7;2025-11-21;23;212
7;2025-11-22;0;101
7;2025-11-22;1;20
7;2025-11-22;2;0
7;2025-11-22;3;0
7;2025-11-22;4;0
7;2025-11-22;5;53
7;2025-11-22;6;243
7;2025-11-22;7;455
7;2025-11-22;8;713
7;2025-11-22;9;873
7;2025-11-22;10;954
7;2025-11-22;11;1127
7;2025-11-22;12;1266
7;2025-11-22;13;1298
7;2025-11-22;14;1317
7;2025-11-22;15;1217
7;2025-11-22;16;1200
7;2025-11-22;17;1152
7;2025-11-22;18;1061
7;2025-11-22;19;957
7;2025-11-22;20;740
7;2025-11-22;21;590
7;2025-11-22;22;273
7;2025-11-22;23;215
7;2025-11-23;0;99
7;2025-11-23;1;17
7;2025-11-23;2;0
7;2025-11-23;3;0
7;2025-11-23;4;0
7;2025-11-23;5;30
7;2025-11-23;6;166
7;2025-11-23;7;293
7;2025-11-23;8;517
7;2025-11-23;9;628
7;2025-11-23;10;754
7;2025-11-23;11;891
7;2025-11-23;12;1022
7;2025-11-23;13;1051
7;2025-11-23;14;1105
7;2025-11-23;15;1031
7;2025-11-23;16;914
7;2025-11-23;17;1041
7;2025-11-23;18;810
7;2025-11-23;19;647
7;2025-11-23;20;596
7;2025-11-23;21;454
7;2025-11-23;22;226
7;2025-11-23;23;152
7;2025-11-24;0;67
7;2025-11-24;1;10
7;2025-11-24;2;0
7;2025-11-24;3;0
7;2025-11-24;4;1
7;2025-11-24;5;192
7;2025-11-24;6;614
7;2025-11-24;7;1478
7;2025-11-24;8;2399
7;2025-11-24;9;1757
7;2025-11-24;10;1424
7;2025-11-24;11;1190
7;2025-11-24;12;1352
7;2025-11-24;13;1381
7;2025-11-24;14;1342
7;2025-11-24;15;1471
7;2025-11-24;16;1621
7;2025-11-24;17;2103
7;2025-11-24;18;2300
7;2025-11-24;19;1456
7;2025-11-24;20;918
7;2025-11-24;21;514
7;2025-11-24;22;216
7;2025-11-24;23;138
7;2025-11-25;0;49
7;2025-11-25;1;9
7;2025-11-25;2;0
7;2025-11-25;3;0
7;2025-11-25;4;1
7;2025-11-25;5;202
7;2025-11-25;6;624
7;2025-11-25;7;1575
7;2025-11-25;8;2490
7;2025-11-25;9;1849
7;2025-11-25;10;1642
7;2025-11-25;11;1480
7;2025-11-25;12;1606
7;2025-11-25;13;1564
7;2025-11-25;14;1534
7;2025-11-25;15;1678
7;2025-11-25;16;1815
7;2025-11-25;17;2307
7;2025-11-25;18;2436
7;2025-11-25;19;1598
7;2025-11-25;20;1032
7;2025-11-25;21;633
7;2025-11-25;22;265
7;2025-11-25;23;165
7;2025-11-26;0;56
7;2025-11-26;1;8
7;2025-11-26;2;0
7;2025-11-26;3;0
7;2025-11-26;4;0
7;2025-11-26;5;197
7;2025-11-26;6;644
7;2025-11-26;7;1598
7;2025-11-26;8;2574
7;2025-11-26;9;2057
7;2025-11-26;10;1799
7;2025-11-26;11;1513
7;2025-11-26;12;1638
7;2025-11-26;13;1620
7;2025-11-26;14;1705
7;2025-11-26;15;1843
7;2025-11-26;16;1902
7;2025-11-26;17;2550
7;2025-11-26;18;2544
7;2025-11-26;19;1687
7;2025-11-26;20;1089
7;2025-11-26;21;632
7;2025-11-26;22;296
7;2025-11-26;23;200
7;2025-11-27;0;63
7;2025-11-27;1;10
7;2025-11-27;2;0
7;2025-11-27;3;0
7;2025-11-27;4;2
7;2025-11-27;5;197
7;2025-11-27;6;671
7;2025-11-27;7;1592
7;2025-11-27;8;2548
7;2025-11-27;9;1933
7;2025-11-27;10;1703
7;2025-11-27;11;1546
7;2025-11-27;12;1689
7;2025-11-27;13;1571
7;2025-11-27;14;1717
7;2025-11-27;15;1797
7;2025-11-27;16;1913
7;2025-11-27;17;2467
7;2025-11-27;18;2755
7;2025-11-27;19;1666
7;2025-11-27;20;1060
7;2025-11-27;21;676
7;2025-11-27;22;275
7;2025-11-27;23;200
7;2025-11-28;0;64
7;2025-11-28;1;10
7;2025-11-28;2;0
7;2025-11-28;3;0
7;2025-11-28;4;0
7;2025-11-28;5;197
7;2025-11-28;6;594
7;2025-11-28;7;1531
7;2025-11-28;8;2405
7;2025-11-28;9;1936
7;2025-11-28;10;1736
7;2025-11-28;11;1593
7;2025-11-28;12;1677
7;2025-11-28;13;1743
7;2025-11-28;14;1793
7;2025-11-28;15;1895
7;2025-11-28;16;2235
7;2025-11-28;17;2441
7;2025-11-28;18;2144
7;2025-11-28;19;1495
7;2025-11-28;20;1058
7;2025-11-28;21;615
7;2025-11-28;22;316
7;2025-11-28;23;221
7;2025-11-29;0;102
7;2025-11-29;1;21
7;2025-11-29;2;0
7;2025-11-29;3;0
7;2025-11-29;4;0
7;2025-11-29;5;55
7;2025-11-29;6;262
7;2025-11-29;7;484
7;2025-11-29;8;745
7;2025-11-29;9;914
7;2025-11-29;10;990
7;2025-11-29;11;1202
7;2025-11-29;12;1320
7;2025-11-29;13;1372
7;2025-11-29;14;1417
7;2025-11-29;15;1301
7;2025-11-29;16;1245
7;2025-11-29;17;1181
7;2025-11-29;18;1106
7;2025-11-29;19;1022
7;2025-11-29;20;770
7;2025-11-29;21;621
7;2025-11-29;22;292
7;2025-11-29;23;219
7;2025-11-30;0;100
7;2025-11-30;1;20
7;2025-11-30;2;0
7;2025-11-30;3;1
7;2025-11-30;4;0
7;2025-11-30;5;31
7;2025-11-30;6;175
7;2025-11-30;7;306
7;2025-11-30;8;532
7;2025-11-30;9;643
7;2025-11-30;10;774
7;2025-11-30;11;951
7;2025-11-30;12;1073
7;2025-11-30;13;1104
7;2025-11-30;14;1185
7;2025-11-30;15;1094
7;2025-11-30;16;950
7;2025-11-30;17;1081
7;2025-11-30;18;847
7;2025-11-30;19;692
7;2025-11-30;20;619
7;2025-11-30;21;481
7;2025-11-30;22;237
7;2025-11-30;23;155
7;2025-12-01;0;67
7;2025-12-01;1;11
7;2025-12-01;2;0
7;2025-12-01;3;1
7;2025-12-01;4;0
7;2025-12-01;5;193
7;2025-12-01;6;641
7;2025-12-01;7;1534
7;2025-12-01;8;2465
7;2025-12-01;9;1797
7;2025-12-01;10;1504
7;2025-12-01;11;1309
7;2025-12-01;12;1512
7;2025-12-01;13;1510
7;2025-12-01;14;1521
7;2025-12-01;15;1634
7;2025-12-01;16;1742
7;2025-12-01;17;2197
7;2025-12-01;18;2419
7;2025-12-01;19;1540
7;2025-12-01;20;964
7;2025-12-01;21;546
7;2025-12-01;22;232
7;2025-12-01;23;146
7;2025-12-02;0;49
7;2025-12-02;1;10
7;2025-12-02;2;0
7;2025-12-02;3;0
7;2025-12-02;4;1
7;2025-12-02;5;200
7;2025-12-02;6;643
7;2025-12-02;7;1601
7;2025-12-02;8;2506
7;2025-12-02;9;1846
7;2025-12-02;10;1658
7;2025-12-02;11;1548
7;2025-12-02;12;1696
7;2025-12-02;13;1637
7;2025-12-02;14;1659
7;2025-12-02;15;1773
7;2025-12-02;16;1886
7;2025-12-02;17;2350
7;2025-12-02;18;2500
7;2025-12-02;19;1634
7;2025-12-02;20;1046
7;2025-12-02;21;654
7;2025-12-02;22;276
7;2025-12-02;23;171
7;2025-12-03;0;58
7;2025-12-03;1;8
7;2025-12-03;2;0
7;2025-12-03;3;0
7;2025-12-03;4;0
7;2025-12-03;5;197
7;2025-12-03;6;663
7;2025-12-03;7;1627
7;2025-12-03;8;2623
7;2025-12-03;9;2030
7;2025-12-03;10;1805
7;2025-12-03;11;1565
7;2025-12-03;12;1722
7;2025-12-03;13;1667
7;2025-12-03;14;1818
7;2025-12-03;15;1920
7;2025-12-03;16;1946
7;2025-12-03;17;2529
7;2025-12-03;18;2536
7;2025-12-03;19;1666
7;2025-12-03;20;1085
7;2025-12-03;21;637
7;2025-12-03;22;301
7;2025-12-03;23;206
7;2025-12-04;0;64
7;2025-12-04;1;14
7;2025-12-04;2;0
7;2025-12-04;3;0
7;2025-12-04;4;2
7;2025-12-04;5;194
7;2025-12-04;6;683
7;2025-12-04;7;1595
7;2025-12-04;8;2519
7;2025-12-04;9;1861
7;2025-12-04;10;1627
7;2025-12-04;11;1494
7;2025-12-04;12;1641
7;2025-12-04;13;1545
7;2025-12-04;14;1693
7;2025-12-04;15;1769
7;2025-12-04;16;1873
7;2025-12-04;17;2397
7;2025-12-04;18;2709
7;2025-12-04;19;1624
7;2025-12-04;20;1037
7;2025-12-04;21;660
7;2025-12-04;22;270
7;2025-12-04;23;197
7;2025-12-05;0;64
7;2025-12-05;1;12
7;2025-12-05;2;0
7;2025-12-05;3;0
7;2025-12-05;4;0
7;2025-12-05;5;196
7;2025-12-05;6;612
7;2025-12-05;7;1546
7;2025-12-05;8;2429
7;2025-12-05;9;1907
7;2025-12-05;10;1685
7;2025-12-05;11;1582
7;2025-12-05;12;1650
7;2025-12-05;13;1736
7;2025-12-05;14;1809
7;2025-12-05;15;1896
7;2025-12-05;16;2196
7;2025-12-05;17;2383
7;2025-12-05;18;2093
7;2025-12-05;19;1477
7;2025-12-05;20;1037
7;2025-12-05;21;610
7;2025-12-05;22;311
7;2025-12-05;23;219
7;2025-12-06;0;101
7;2025-12-06;1;22
7;2025-12-06;2;0
7;2025-12-06;3;0
7;2025-12-06;4;0
7;2025-12-06;5;57
7;2025-12-06;6;261
7;2025-12-06;7;498
7;2025-12-06;8;760
7;2025-12-06;9;923
7;2025-12-06;10;982
7;2025-12-06;11;1194
7;2025-12-06;12;1321
7;2025-12-06;13;1369
7;2025-12-06;14;1386
7;2025-12-06;15;1286
7;2025-12-06;16;1272
7;2025-12-06;17;1195
7;2025-12-06;18;1112
7;2025-12-06;19;1046
7;2025-12-06;20;788
7;2025-12-06;21;637
7;2025-12-06;22;281
7;2025-12-06;23;224
7;2025-12-07;0;101
7;2025-12-07;1;21
7;2025-12-07;2;0
7;2025-12-07;3;0
7;2025-12-07;4;0
7;2025-12-07;5;33
7;2025-12-07;6;178
7;2025-12-07;7;320
7;2025-12-07;8;554
7;2025-12-07;9;668
7;2025-12-07;10;796
7;2025-12-07;11;996
7;2025-12-07;12;1130
7;2025-12-07;13;1162
7;2025-12-07;14;1224
7;2025-12-07;15;1138
7;2025-12-07;16;1007
7;2025-12-07;17;1115
7;2025-12-07;18;868
7;2025-12-07;19;715
7;2025-12-07;20;652
7;2025-12-07;21;500
7;2025-12-07;22;241
7;2025-12-07;23;160
7;2025-12-08;0;70
7;2025-12-08;1;12
7;2025-12-08;2;0
7;2025-12-08;3;0
7;2025-12-08;4;1
7;2025-12-08;5;201
7;2025-12-08;6;666
7;2025-12-08;7;1578
7;2025-12-08;8;2533
7;2025-12-08;9;1884
7;2025-12-08;10;1571
7;2025-12-08;11;1381
7;2025-12-08;12;1563
7;2025-12-08;13;1585
7;2025-12-08;14;1581
7;2025-12-08;15;1693
7;2025-12-08;16;1832
7;2025-12-08;17;2289
7;2025-12-08;18;2501
7;2025-12-08;19;1607
7;2025-12-08;20;1009
7;2025-12-08;21;565
7;2025-12-08;22;232
7;2025-12-08;23;155
7;2025-12-09;0;55
7;2025-12-09;1;11
7;2025-12-09;2;0
7;2025-12-09;3;0
7;2025-12-09;4;1
7;2025-12-09;5;204
7;2025-12-09;6;650
7;2025-12-09;7;1576
7;2025-12-09;8;2495
7;2025-12-09;9;1879
7;2025-12-09;10;1676
7;2025-12-09;11;1567
7;2025-12-09;12;1700
7;2025-12-09;13;1651
7;2025-12-09;14;1628
7;2025-12-09;15;1735
7;2025-12-09;16;1858
7;2025-12-09;17;2326
7;2025-12-09;18;2482
7;2025-12-09;19;1641
7;2025-12-09;20;1034
7;2025-12-09;21;648
7;2025-12-09;22;261
7;2025-12-09;23;174
7;2025-12-10;0;58
7;2025-12-10;1;8
7;2025-12-10;2;0
7;2025-12-10;3;0
7;2025-12-10;4;1
7;2025-12-10;5;194
7;2025-12-10;6;659
7;2025-12-10;7;1582
7;2025-12-10;8;2535
7;2025-12-10;9;2037
7;2025-12-10;10;1841
7;2025-12-10;11;1601
7;2025-12-10;12;1757
7;2025-12-10;13;1710
7;2025-12-10;14;1787
7;2025-12-10;15;1894
7;2025-12-10;16;1925
7;2025-12-10;17;2516
7;2025-12-10;18;2544
7;2025-12-10;19;1685
7;2025-12-10;20;1086
7;2025-12-10;21;651
7;2025-12-10;22;297
7;2025-12-10;23;209
7;2025-12-11;0;67
7;2025-12-11;1;13
7;2025-12-11;2;0
7;2025-12-11;3;0
7;2025-12-11;4;2
7;2025-12-11;5;193
7;2025-12-11;6;675
7;2025-12-11;7;1540
7;2025-12-11;8;2483
7;2025-12-11;9;1897
7;2025-12-11;10;1701
7;2025-12-11;11;1569
7;2025-12-11;12;1733
7;2025-12-11;13;1614
7;2025-12-11;14;1735
7;2025-12-11;15;1775
7;2025-12-11;16;1874
7;2025-12-11;17;2416
7;2025-12-11;18;2705
7;2025-12-11;19;1650
7;2025-12-11;20;1056
7;2025-12-11;21;681
7;2025-12-11;22;272
7;2025-12-11;23;207
7;2025-12-12;0;65
7;2025-12-12;1;11
7;2025-12-12;2;0
7;2025-12-12;3;0
7;2025-12-12;4;0
7;2025-12-12;5;195
7;2025-12-12;6;598
7;2025-12-12;7;1482
7;2025-12-12;8;2347
7;2025-12-12;9;1891
7;2025-12-12;10;1719
7;2025-12-12;11;1605
7;2025-12-12;12;1688
7;2025-12-12;13;1739
7;2025-12-12;14;1770
7;2025-12-12;15;1813
7;2025-12-12;16;2130
7;2025-12-12;17;2359
7;2025-12-12;18;2035
7;2025-12-12;19;1472
7;2025-12-12;20;1040
7;2025-12-12;21;610
7;2025-12-12;22;303
7;2025-12-12;23;227
7;2025-12-13;0;101
7;2025-12-13;1;22
7;2025-12-13;2;0
7;2025-12-13;3;0
7;2025-12-13;4;0
7;2025-12-13;5;53
7;2025-12-13;6;254
7;2025-12-13;7;468
7;2025-12-13;8;713
7;2025-12-13;9;906
7;2025-12-13;10;995
7;2025-12-13;11;1219
7;2025-12-13;12;1345
7;2025-12-13;13;1400
7;2025-12-13;14;1357
7;2025-12-13;15;1251
7;2025-12-13;16;1235
7;2025-12-13;17;1158
7;2025-12-13;18;1068
7;2025-12-13;19;1037
7;2025-12-13;20;792
7;2025-12-13;21;637
7;2025-12-13;22;276
7;2025-12-13;23;224
7;2025-12-14;0;101
7;2025-12-14;1;20
7;2025-12-14;2;0
7;2025-12-14;3;0
7;2025-12-14;4;0
7;2025-12-14;5;31
7;2025-12-14;6;174
7;2025-12-14;7;296
7;2025-12-14;8;511
7;2025-12-14;9;650
7;2025-12-14;10;788
7;2025-12-14;11;991
7;2025-12-14;12;1121
7;2025-12-14;13;1134
7;2025-12-14;14;1132
7;2025-12-14;15;1061
7;2025-12-14;16;938
7;2025-12-14;17;1065
7;2025-12-14;18;813
7;2025-12-14;19;706
7;2025-12-14;20;635
7;2025-12-14;21;483
7;2025-12-14;22;228
7;2025-12-14;23;162
7;2025-12-15;0;70
7;2025-12-15;1;12
7;2025-12-15;2;0
7;2025-12-15;3;0
7;2025-12-15;4;0
7;2025-12-15;5;193
7;2025-12-15;6;652
7;2025-12-15;7;1471
7;2025-12-15;8;2382
7;2025-12-15;9;1855
7;2025-12-15;10;1607
7;2025-12-15;11;1433
7;2025-12-15;12;1632
7;2025-12-15;13;1611
7;2025-12-15;14;1538
7;2025-12-15;15;1652
7;2025-12-15;16;1755
7;2025-12-15;17;2219
7;2025-12-15;18;2432
7;2025-12-15;19;1609
7;2025-12-15;20;1000
7;2025-12-15;21;570
7;2025-12-15;22;232
7;2025-12-15;23;158
7;2025-12-16;0;56
7;2025-12-16;1;12
7;2025-12-16;2;0
7;2025-12-16;3;0
7;2025-12-16;4;0
7;2025-12-16;5;196
7;2025-12-16;6;644
7;2025-12-16;7;1485
7;2025-12-16;8;2355
7;2025-12-16;9;1901
7;2025-12-16;10;1769
7;2025-12-16;11;1675
7;2025-12-16;12;1813
7;2025-12-16;13;1724
7;2025-12-16;14;1680
7;2025-12-16;15;1775
7;2025-12-16;16;1871
7;2025-12-16;17;2299
7;2025-12-16;18;2465
7;2025-12-16;19;1672
7;2025-12-16;20;1073
7;2025-12-16;21;671
7;2025-12-16;22;272
7;2025-12-16;23;184
7;2025-12-17;0;61
7;2025-12-17;1;8
7;2025-12-17;2;0
7;2025-12-17;3;0
7;2025-12-17;4;0
7;2025-12-17;5;188
7;2025-12-17;6;659
7;2025-12-17;7;1518
7;2025-12-17;8;2393
7;2025-12-17;9;2005
7;2025-12-17;10;1875
7;2025-12-17;11;1622
7;2025-12-17;12;1782
7;2025-12-17;13;1708
7;2025-12-17;14;1725
7;2025-12-17;15;1824
7;2025-12-17;16;1870
7;2025-12-17;17;2432
7;2025-12-17;18;2402
7;2025-12-17;19;1665
7;2025-12-17;20;1083
7;2025-12-17;21;637
7;2025-12-17;22;290
7;2025-12-17;23;215
7;2025-12-18;0;66
7;2025-12-18;1;13
7;2025-12-18;2;0
7;2025-12-18;3;0
7;2025-12-18;4;1
7;2025-12-18;5;187
7;2025-12-18;6;677
7;2025-12-18;7;1497
7;2025-12-18;8;2364
7;2025-12-18;9;1823
7;2025-12-18;10;1655
7;2025-12-18;11;1527
7;2025-12-18;12;1675
7;2025-12-18;13;1523
7;2025-12-18;14;1602
7;2025-12-18;15;1668
7;2025-12-18;16;1786
7;2025-12-18;17;2320
7;2025-12-18;18;2544
7;2025-12-18;19;1627
7;2025-12-18;20;1039
7;2025-12-18;21;660
7;2025-12-18;22;262
7;2025-12-18;23;203
7;2025-12-19;0;67
7;2025-12-19;1;11
7;2025-12-19;2;0
7;2025-12-19;3;0
7;2025-12-19;4;0
7;2025-12-19;5;189
7;2025-12-19;6;597
7;2025-12-19;7;1419
7;2025-12-19;8;2275
7;2025-12-19;9;1850
7;2025-12-19;10;1677
7;2025-12-19;11;1571
7;2025-12-19;12;1640
7;2025-12-19;13;1664
7;2025-12-19;14;1672
7;2025-12-19;15;1720
7;2025-12-19;16;2020
7;2025-12-19;17;2268
7;2025-12-19;18;1922
7;2025-12-19;19;1432
7;2025-12-19;20;1022
7;2025-12-19;21;592
7;2025-12-19;22;297
7;2025-12-19;23;223
7;2025-12-20;0;101
7;2025-12-20;1;22
7;2025-12-20;2;0
7;2025-12-20;3;0
7;2025-12-20;4;0
7;2025-12-20;5;54
7;2025-12-20;6;233
7;2025-12-20;7;435
7;2025-12-20;8;674
7;2025-12-20;9;850
7;2025-12-20;10;972
7;2025-12-20;11;1199
7;2025-12-20;12;1361
7;2025-12-20;13;1396
7;2025-12-20;14;1241
7;2025-12-20;15;1203
7;2025-12-20;16;1174
7;2025-12-20;17;1096
7;2025-12-20;18;1005
7;2025-12-20;19;968
7;2025-12-20;20;753
7;2025-12-20;21;620
7;2025-12-20;22;258
7;2025-12-20;23;228
7;2025-12-21;0;99
7;2025-12-21;1;16
7;2025-12-21;2;0
7;2025-12-21;3;0
7;2025-12-21;4;1
7;2025-12-21;5;32
7;2025-12-21;6;156
7;2025-12-21;7;265
7;2025-12-21;8;453
7;2025-12-21;9;573
7;2025-12-21;10;670
7;2025-12-21;11;845
7;2025-12-21;12;963
7;2025-12-21;13;978
7;2025-12-21;14;929
7;2025-12-21;15;881
7;2025-12-21;16;791
7;2025-12-21;17;904
7;2025-12-21;18;696
7;2025-12-21;19;606
7;2025-12-21;20;564
7;2025-12-21;21;421
7;2025-12-21;22;198
7;2025-12-21;23;154
7;2025-12-22;0;69
7;2025-12-22;1;11
7;2025-12-22;2;0
7;2025-12-22;3;0
7;2025-12-22;4;0
7;2025-12-22;5;205
7;2025-12-22;6;624
7;2025-12-22;7;1362
7;2025-12-22;8;2252
7;2025-12-22;9;1789
7;2025-12-22;10;1484
7;2025-12-22;11;1351
7;2025-12-22;12;1510
7;2025-12-22;13;1502
7;2025-12-22;14;1319
7;2025-12-22;15;1437
7;2025-12-22;16;1556
7;2025-12-22;17;2004
7;2025-12-22;18;2210
7;2025-12-22;19;1492
7;2025-12-22;20;918
7;2025-12-22;21;540
7;2025-12-22;22;207
7;2025-12-22;23;147
7;2025-12-23;0;53
7;2025-12-23;1;12
7;2025-12-23;2;0
7;2025-12-23;3;0
7;2025-12-23;4;0
7;2025-12-23;5;206
7;2025-12-23;6;616
7;2025-12-23;7;1373
7;2025-12-23;8;2193
7;2025-12-23;9;1889
7;2025-12-23;10;1780
7;2025-12-23;11;1665
7;2025-12-23;12;1755
7;2025-12-23;13;1706
7;2025-12-23;14;1513
7;2025-12-23;15;1684
7;2025-12-23;16;1724
7;2025-12-23;17;2222
7;2025-12-23;18;2343
7;2025-12-23;19;1637
7;2025-12-23;20;1048
7;2025-12-23;21;679
7;2025-12-23;22;264
7;2025-12-23;23;180
7;2025-12-24;0;59
7;2025-12-24;1;9
7;2025-12-24;2;0
7;2025-12-24;3;0
7;2025-12-24;4;0
7;2025-12-24;5;195
7;2025-12-24;6;620
7;2025-12-24;7;1390
7;2025-12-24;8;2193
7;2025-12-24;9;1954
7;2025-12-24;10;1902
7;2025-12-24;11;1668
7;2025-12-24;12;1879
7;2025-12-24;13;1735
7;2025-12-24;14;1594
7;2025-12-24;15;1759
7;2025-12-24;16;1729
7;2025-12-24;17;2341
7;2025-12-24;18;2276
7;2025-12-24;19;1600
7;2025-12-24;20;1051
7;2025-12-24;21;651
7;2025-12-24;22;280
7;2025-12-24;23;215
7;2025-12-25;0;62
7;2025-12-25;1;7
7;2025-12-25;2;0
7;2025-12-25;3;0
7;2025-12-25;4;2
7;2025-12-25;5;193
7;2025-12-25;6;632
7;2025-12-25;7;1335
7;2025-12-25;8;2165
7;2025-12-25;9;1748
7;2025-12-25;10;1611
7;2025-12-25;11;1469
7;2025-12-25;12;1705
7;2025-12-25;13;1451
7;2025-12-25;14;1436
7;2025-12-25;15;1511
7;2025-12-25;16;1626
7;2025-12-25;17;2166
7;2025-12-25;18;2409
7;2025-12-25;19;1507
7;2025-12-25;20;980
7;2025-12-25;21;639
7;2025-12-25;22;239
7;2025-12-25;23;194
7;2025-12-26;0;63
7;2025-12-26;1;9
7;2025-12-26;2;0
7;2025-12-26;3;0
7;2025-12-26;4;0
7;2025-12-26;5;194
7;2025-12-26;6;568
7;2025-12-26;7;1313
7;2025-12-26;8;2142
7;2025-12-26;9;1808
7;2025-12-26;10;1692
7;2025-12-26;11;1561
7;2025-12-26;12;1666
7;2025-12-26;13;1621
7;2025-12-26;14;1525
7;2025-12-26;15;1577
7;2025-12-26;16;1874
7;2025-12-26;17;2189
7;2025-12-26;18;1803
7;2025-12-26;19;1314
7;2025-12-26;20;983
7;2025-12-26;21;580
7;2025-12-26;22;278
7;2025-12-26;23;220
7;2025-12-27;0;100
7;2025-12-27;1;22
7;2025-12-27;2;0
7;2025-12-27;3;0
7;2025-12-27;4;0
7;2025-12-27;5;44
7;2025-12-27;6;224
7;2025-12-27;7;413
7;2025-12-27;8;642
7;2025-12-27;9;796
7;2025-12-27;10;899
7;2025-12-27;11;1076
7;2025-12-27;12;1211
7;2025-12-27;13;1197
7;2025-12-27;14;1105
7;2025-12-27;15;1036
7;2025-12-27;16;1050
7;2025-12-27;17;989
7;2025-12-27;18;930
7;2025-12-27;19;886
7;2025-12-27;20;680
7;2025-12-27;21;531
7;2025-12-27;22;236
7;2025-12-27;23;205
7;2025-12-28;0;96
7;2025-12-28;1;13
7;2025-12-28;2;0
7;2025-12-28;3;0
7;2025-12-28;4;0
7;2025-12-28;5;23
7;2025-12-28;6;152
7;2025-12-28;7;260
7;2025-12-28;8;469
7;2025-12-28;9;564
7;2025-12-28;10;687
7;2025-12-28;11;841
7;2025-12-28;12;947
7;2025-12-28;13;946
7;2025-12-28;14;919
7;2025-12-28;15;846
7;2025-12-28;16;756
7;2025-12-28;17;875
7;2025-12-28;18;689
7;2025-12-28;19;594
7;2025-12-28;20;540
7;2025-12-28;21;392
7;2025-12-28;22;195
7;2025-12-28;23;150
7;2025-12-29;0;68
7;2025-12-29;1;12
7;2025-12-29;2;0
7;2025-12-29;3;0
7;2025-12-29;4;0
7;2025-12-29;5;171
7;2025-12-29;6;590
7;2025-12-29;7;1294
7;2025-12-29;8;2131
7;2025-12-29;9;1625
7;2025-12-29;10;1362
7;2025-12-29;11;1186
7;2025-12-29;12;1304
7;2025-12-29;13;1297
7;2025-12-29;14;1194
7;2025-12-29;15;1283
7;2025-12-29;16;1376
7;2025-12-29;17;1829
7;2025-12-29;18;1993
7;2025-12-29;19;1370
7;2025-12-29;20;837
7;2025-12-29;21;465
7;2025-12-29;22;195
7;2025-12-29;23;140
7;2025-12-30;0;51
7;2025-12-30;1;11
7;2025-12-30;2;0
7;2025-12-30;3;0
7;2025-12-30;4;0
7;2025-12-30;5;181
7;2025-12-30;6;609
7;2025-12-30;7;1381
7;2025-12-30;8;2181
7;2025-12-30;9;1754
7;2025-12-30;10;1638
7;2025-12-30;11;1513
7;2025-12-30;12;1624
7;2025-12-30;13;1519
7;2025-12-30;14;1420
7;2025-12-30;15;1517
7;2025-12-30;16;1570
7;2025-12-30;17;2005
7;2025-12-30;18;2187
7;2025-12-30;19;1512
7;2025-12-30;20;975
7;2025-12-30;21;595
7;2025-12-30;22;250
7;2025-12-30;23;176
7;2025-12-31;0;94
7;2025-12-31;1;19
7;2025-12-31;2;0
7;2025-12-31;3;0
7;2025-12-31;4;0
7;2025-12-31;5;25
7;2025-12-31;6;165
7;2025-12-31;7;263
7;2025-12-31;8;467
7;2025-12-31;9;633
7;2025-12-31;10;841
7;2025-12-31;11;1024
7;2025-12-31;12;1192
7;2025-12-31;13;1192
7;2025-12-31;14;1091
7;2025-12-31;15;1023
7;2025-12-31;16;885
7;2025-12-31;17;1020
7;2025-12-31;18;806
7;2025-12-31;19;682
7;2025-12-31;20;605
7;2025-12-31;21;487
7;2025-12-31;22;237
7;2025-12-31;23;166
11;2025-11-01;0;75
11;2025-11-01;1;2
11;2025-11-01;2;2
11;2025-11-01;3;0
11;2025-11-01;4;0
11;2025-11-01;5;261
11;2025-11-01;6;1331
11;2025-11-01;7;2279
11;2025-11-01;8;3017
11;2025-11-01;9;2368
11;2025-11-01;10;1963
11;2025-11-01;11;1893
11;2025-11-01;12;1920
11;2025-11-01;13;1877
11;2025-11-01;14;2153
11;2025-11-01;15;2200
11;2025-11-01;16;2363
11;2025-11-01;17;2862
11;2025-11-01;18;2262
11;2025-11-01;19;1986
11;2025-11-01;20;1288
11;2025-11-01;21;811
11;2025-11-01;22;388
11;2025-11-01;23;292
11;2025-11-02;0;108
11;2025-11-02;1;10
11;2025-11-02;2;0
11;2025-11-02;3;0
11;2025-11-02;4;0
11;2025-11-02;5;103
11;2025-11-02;6;523
11;2025-11-02;7;509
11;2025-11-02;8;638
11;2025-11-02;9;944
11;2025-11-02;10;1074
11;2025-11-02;11;1541
11;2025-11-02;12;1700
11;2025-11-02;13;1594
11;2025-11-02;14;1778
11;2025-11-02;15;1623
11;2025-11-02;16;1592
11;2025-11-02;17;1662
11;2025-11-02;18;1138
11;2025-11-02;19;958
11;2025-11-02;20;772
11;2025-11-02;21;600
11;2025-11-02;22;320
11;2025-11-02;23;254
11;2025-11-03;0;113
11;2025-11-03;1;14
11;2025-11-03;2;0
11;2025-11-03;3;0
11;2025-11-03;4;1
11;2025-11-03;5;113
11;2025-11-03;6;545
11;2025-11-03;7;583
11;2025-11-03;8;694
11;2025-11-03;9;950
11;2025-11-03;10;1106
11;2025-11-03;11;1585
11;2025-11-03;12;1793
11;2025-11-03;13;1674
11;2025-11-03;14;1880
11;2025-11-03;15;1888
11;2025-11-03;16;1662
11;2025-11-03;17;1783
11;2025-11-03;18;1316
11;2025-11-03;19;1078
11;2025-11-03;20;833
11;2025-11-03;21;636
11;2025-11-03;22;324
11;2025-11-03;23;278
11;2025-11-04;0;91
11;2025-11-04;1;9
11;2025-11-04;2;0
11;2025-11-04;3;0
11;2025-11-04;4;1
11;2025-11-04;5;98
11;2025-11-04;6;485
11;2025-11-04;7;516
11;2025-11-04;8;654
11;2025-11-04;9;883
11;2025-11-04;10;991
11;2025-11-04;11;1372
11;2025-11-04;12;1579
11;2025-11-04;13;1523
11;2025-11-04;14;1559
11;2025-11-04;15;1468
11;2025-11-04;16;1406
11;2025-11-04;17;1559
11;2025-11-04;18;1190
11;2025-11-04;19;972
11;2025-11-04;20;824
11;2025-11-04;21;547
11;2025-11-04;22;286
11;2025-11-04;23;242
11;2025-11-05;0;62
11;2025-11-05;1;0
11;2025-11-05;2;0
11;2025-11-05;3;0
11;2025-11-05;4;0
11;2025-11-05;5;254
11;2025-11-05;6;1253
11;2025-11-05;7;2290
11;2025-11-05;8;3064
11;2025-11-05;9;2202
11;2025-11-05;10;1665
11;2025-11-05;11;1639
11;2025-11-05;12;1632
11;2025-11-05;13;1751
11;2025-11-05;14;1622
11;2025-11-05;15;1544
11;2025-11-05;16;1680
11;2025-11-05;17;2313
11;2025-11-05;18;2701
11;2025-11-05;19;2131
11;2025-11-05;20;1383
11;2025-11-05;21;764
11;2025-11-05;22;321
11;2025-11-05;23;217
11;2025-11-06;0;56
11;2025-11-06;1;0
11;2025-11-06;2;0
11;2025-11-06;3;0
11;2025-11-06;4;0
11;2025-11-06;5;253
11;2025-11-06;6;1367
11;2025-11-06;7;2337
11;2025-11-06;8;3178
11;2025-11-06;9;2423
11;2025-11-06;10;2020
11;2025-11-06;11;1829
11;2025-11-06;12;1940
11;2025-11-06;13;1902
11;2025-11-06;14;2009
11;2025-11-06;15;1897
11;2025-11-06;16;2196
11;2025-11-06;17;2643
11;2025-11-06;18;2904
11;2025-11-06;19;2230
11;2025-11-06;20;1418
11;2025-11-06;21;947
11;2025-11-06;22;366
11;2025-11-06;23;238
11;2025-11-07;0;73
11;2025-11-07;1;1
11;2025-11-07;2;0
11;2025-11-07;3;0
11;2025-11-07;4;0
11;2025-11-07;5;248
11;2025-11-07;6;1327
11;2025-11-07;7;2369
11;2025-11-07;8;3144
11;2025-11-07;9;2318
11;2025-11-07;10;1985
11;2025-11-07;11;1939
11;2025-11-07;12;2039
11;2025-11-07;13;1985
11;2025-11-07;14;2132
11;2025-11-07;15;2108
11;2025-11-07;16;2389
11;2025-11-07;17;2797
11;2025-11-07;18;2402
11;2025-11-07;19;2040
11;2025-11-07;20;1411
11;2025-11-07;21;863
11;2025-11-07;22;402
11;2025-11-07;23;299
11;2025-11-08;0;99
11;2025-11-08;1;2
11;2025-11-08;2;7
11;2025-11-08;3;0
11;2025-11-08;4;2
11;2025-11-08;5;165
11;2025-11-08;6;790
11;2025-11-08;7;757
11;2025-11-08;8;1077
11;2025-11-08;9;1211
11;2025-11-08;10;1376
11;2025-11-08;11;1777
11;2025-11-08;12;2042
11;2025-11-08;13;1881
11;2025-11-08;14;2023
11;2025-11-08;15;1833
11;2025-11-08;16;1858
11;2025-11-08;17;1876
11;2025-11-08;18;1592
11;2025-11-08;19;1465
11;2025-11-08;20;1070
11;2025-11-08;21;692
11;2025-11-08;22;393
11;2025-11-08;23;307
11;2025-11-09;0;109
11;2025-11-09;1;10
11;2025-11-09;2;0
11;2025-11-09;3;0
11;2025-11-09;4;0
11;2025-11-09;5;95
11;2025-11-09;6;481
11;2025-11-09;7;526
11;2025-11-09;8;678
11;2025-11-09;9;931
11;2025-11-09;10;1090
11;2025-11-09;11;1512
11;2025-11-09;12;1707
11;2025-11-09;13;1569
11;2025-11-09;14;1664
11;2025-11-09;15;1594
11;2025-11-09;16;1536
11;2025-11-09;17;1679
11;2025-11-09;18;1274
11;2025-11-09;19;1037
11;2025-11-09;20;795
11;2025-11-09;21;564
11;2025-11-09;22;304
11;2025-11-09;23;250
11;2025-11-10;0;72
11;2025-11-10;1;5
11;2025-11-10;2;0
11;2025-11-10;3;0
11;2025-11-10;4;0
11;2025-11-10;5;249
11;2025-11-10;6;1304
11;2025-11-10;7;2415
11;2025-11-10;8;3287
11;2025-11-10;9;2359
11;2025-11-10;10;1873
11;2025-11-10;11;1851
11;2025-11-10;12;1781
11;2025-11-10;13;1846
11;2025-11-10;14;1929
11;2025-11-10;15;1914
11;2025-11-10;16;2137
11;2025-11-10;17;2716
11;2025-11-10;18;2981
11;2025-11-10;19;2299
11;2025-11-10;20;1372
11;2025-11-10;21;771
11;2025-11-10;22;351
11;2025-11-10;23;202
11;2025-11-11;0;53
11;2025-11-11;1;0
11;2025-11-11;2;0
11;2025-11-11;3;0
11;2025-11-11;4;0
11;2025-11-11;5;229
11;2025-11-11;6;1319
11;2025-11-11;7;2452
11;2025-11-11;8;3380
11;2025-11-11;9;2467
11;2025-11-11;10;1960
11;2025-11-11;11;1879
11;2025-11-11;12;1930
11;2025-11-11;13;2040
11;2025-11-11;14;2106
11;2025-11-11;15;2038
11;2025-11-11;16;2205
11;2025-11-11;17;2794
11;2025-11-11;18;3041
11;2025-11-11;19;2257
11;2025-11-11;20;1420
11;2025-11-11;21;814
11;2025-11-11;22;384
11;2025-11-11;23;212
11;2025-11-12;0;63
11;2025-11-12;1;0
11;2025-11-12;2;0
11;2025-11-12;3;0
11;2025-11-12;4;0
11;2025-11-12;5;242
11;2025-11-12;6;1231
11;2025-11-12;7;2428
11;2025-11-12;8;3288
11;2025-11-12;9;2362
11;2025-11-12;10;1895
11;2025-11-12;11;1847
11;2025-11-12;12;1916
11;2025-11-12;13;1978
11;2025-11-12;14;1930
11;2025-11-12;15;1849
11;2025-11-12;16;1985
11;2025-11-12;17;2610
11;2025-11-12;18;2907
11;2025-11-12;19;2279
11;2025-11-12;20;1454
11;2025-11-12;21;806
11;2025-11-12;22;346
11;2025-11-12;23;239
11;2025-11-13;0;58
11;2025-11-13;1;0
11;2025-11-13;2;0
11;2025-11-13;3;0
11;2025-11-13;4;0
11;2025-11-13;5;251
11;2025-11-13;6;1303
11;2025-11-13;7;2443
11;2025-11-13;8;3260
11;2025-11-13;9;2447
11;2025-11-13;10;2027
11;2025-11-13;11;1856
11;2025-11-13;12;1973
11;2025-11-13;13;1957
11;2025-11-13;14;1961
11;2025-11-13;15;1923
11;2025-11-13;16;2243
11;2025-11-13;17;2640
11;2025-11-13;18;2980
11;2025-11-13;19;2223
11;2025-11-13;20;1404
11;2025-11-13;21;863
11;2025-11-13;22;373
11;2025-11-13;23;232
11;2025-11-14;0;72
11;2025-11-14;1;0
11;2025-11-14;2;0
11;2025-11-14;3;0
11;2025-11-14;4;0
11;2025-11-14;5;246
11;2025-11-14;6;1327
11;2025-11-14;7;2430
11;2025-11-14;8;3265
11;2025-11-14;9;2395
11;2025-11-14;10;2061
11;2025-11-14;11;2019
11;2025-11-14;12;2047
11;2025-11-14;13;2039
11;2025-11-14;14;2193
11;2025-11-14;15;2207
11;2025-11-14;16;2518
11;2025-11-14;17;2953
11;2025-11-14;18;2566
11;2025-11-14;19;2116
11;2025-11-14;20;1411
11;2025-11-14;21;849
11;2025-11-14;22;414
11;2025-11-14;23;301
11;2025-11-15;0;99
11;2025-11-15;1;2
11;2025-11-15;2;7
11;2025-11-15;3;0
11;2025-11-15;4;0
11;2025-11-15;5;166
11;2025-11-15;6;744
11;2025-11-15;7;702
11;2025-11-15;8;1008
11;2025-11-15;9;1144
11;2025-11-15;10;1272
11;2025-11-15;11;1619
11;2025-11-15;12;1870
11;2025-11-15;13;1760
11;2025-11-15;14;1752
11;2025-11-15;15;1633
11;2025-11-15;16;1713
11;2025-11-15;17;1788
11;2025-11-15;18;1512
11;2025-11-15;19;1400
11;2025-11-15;20;1019
11;2025-11-15;21;671
11;2025-11-15;22;341
11;2025-11-15;23;291
11;2025-11-16;0;107
11;2025-11-16;1;8
11;2025-11-16;2;0
11;2025-11-16;3;0
11;2025-11-16;4;0
11;2025-11-16;5;96
11;2025-11-16;6;470
11;2025-11-16;7;505
11;2025-11-16;8;650
11;2025-11-16;9;934
11;2025-11-16;10;1113
11;2025-11-16;11;1614
11;2025-11-16;12;1858
11;2025-11-16;13;1749
11;2025-11-16;14;1749
11;2025-11-16;15;1698
11;2025-11-16;16;1609
11;2025-11-16;17;1696
11;2025-11-16;18;1292
11;2025-11-16;19;1048
11;2025-11-16;20;833
11;2025-11-16;21;584
11;2025-11-16;22;295
11;2025-11-16;23;247
11;2025-11-17;0;78
11;2025-11-17;1;5
11;2025-11-17;2;0
11;2025-11-17;3;0
11;2025-11-17;4;0
11;2025-11-17;5;248
11;2025-11-17;6;1287
11;2025-11-17;7;2201
11;2025-11-17;8;3017
11;2025-11-17;9;2376
11;2025-11-17;10;1951
11;2025-11-17;11;1968
11;2025-11-17;12;1871
11;2025-11-17;13;2009
11;2025-11-17;14;1983
11;2025-11-17;15;1915
11;2025-11-17;16;2191
11;2025-11-17;17;2745
11;2025-11-17;18;2981
11;2025-11-17;19;2284
11;2025-11-17;20;1389
11;2025-11-17;21;780
11;2025-11-17;22;330
11;2025-11-17;23;207
11;2025-11-18;0;62
11;2025-11-18;1;0
11;2025-11-18;2;0
11;2025-11-18;3;0
11;2025-11-18;4;0
11;2025-11-18;5;227
11;2025-11-18;6;1291
11;2025-11-18;7;2152
11;2025-11-18;8;2995
11;2025-11-18;9;2358
11;2025-11-18;10;1918
11;2025-11-18;11;1855
11;2025-11-18;12;1896
11;2025-11-18;13;2012
11;2025-11-18;14;1972
11;2025-11-18;15;1880
11;2025-11-18;16;2093
11;2025-11-18;17;2645
11;2025-11-18;18;2813
11;2025-11-18;19;2147
11;2025-11-18;20;1337
11;2025-11-18;21;785
11;2025-11-18;22;333
11;2025-11-18;23;202
11;2025-11-19;0;60
11;2025-11-19;1;0
11;2025-11-19;2;0
11;2025-11-19;3;0
11;2025-11-19;4;0
11;2025-11-19;5;234
11;2025-11-19;6;1206
11;2025-11-19;7;2143
11;2025-11-19;8;2963
11;2025-11-19;9;2309
11;2025-11-19;10;1949
11;2025-11-19;11;1951
11;2025-11-19;12;2047
11;2025-11-19;13;2120
11;2025-11-19;14;1955
11;2025-11-19;15;1821
11;2025-11-19;16;2033
11;2025-11-19;17;2657
11;2025-11-19;18;2798
11;2025-11-19;19;2262
11;2025-11-19;20;1456
11;2025-11-19;21;845
11;2025-11-19;22;333
11;2025-11-19;23;236
11;2025-11-20;0;59
11;2025-11-20;1;0
11;2025-11-20;2;0
11;2025-11-20;3;0
11;2025-11-20;4;0
11;2025-11-20;5;246
11;2025-11-20;6;1264
11;2025-11-20;7;2112
11;2025-11-20;8;2984
11;2025-11-20;9;2457
11;2025-11-20;10;2097
11;2025-11-20;11;1921
11;2025-11-20;12;2018
11;2025-11-20;13;2008
11;2025-11-20;14;1972
11;2025-11-20;15;1881
11;2025-11-20;16;2246
11;2025-11-20;17;2619
11;2025-11-20;18;2800
11;2025-11-20;19;2199
11;2025-11-20;20;1412
11;2025-11-20;21;868
11;2025-11-20;22;361
11;2025-11-20;23;231
11;2025-11-21;0;73
11;2025-11-21;1;0
11;2025-11-21;2;0
11;2025-11-21;3;0
11;2025-11-21;4;0
11;2025-11-21;5;243
11;2025-11-21;6;1295
11;2025-11-21;7;2135
11;2025-11-21;8;2955
11;2025-11-21;9;2330
11;2025-11-21;10;2085
11;2025-11-21;11;2037
11;2025-11-21;12;2070
11;2025-11-21;13;2011
11;2025-11-21;14;2142
11;2025-11-21;15;2046
11;2025-11-21;16;2429
11;2025-11-21;17;2824
11;2025-11-21;18;2324
11;2025-11-21;19;2026
11;2025-11-21;20;1419
11;2025-11-21;21;830
11;2025-11-21;22;380
11;2025-11-21;23;296
11;2025-11-22;0;101
11;2025-11-22;1;1
11;2025-11-22;2;6
11;2025-11-22;3;0
11;2025-11-22;4;1
11;2025-11-22;5;164
11;2025-11-22;6;762
11;2025-11-22;7;729
11;2025-11-22;8;1062
11;2025-11-22;9;1189
11;2025-11-22;10;1351
11;2025-11-22;11;1708
11;2025-11-22;12;1976
11;2025-11-22;13;1826
11;2025-11-22;14;1931
11;2025-11-22;15;1729
11;2025-11-22;16;1812
11;2025-11-22;17;1834
11;2025-11-22;18;1543
11;2025-11-22;19;1384
11;2025-11-22;20;1031
11;2025-11-22;21;673
11;2025-11-22;22;369
11;2025-11-22;23;311
11;2025-11-23;0;110
11;2025-11-23;1;8
11;2025-11-23;2;0
11;2025-11-23;3;0
11;2025-11-23;4;0
11;2025-11-23;5;94
11;2025-11-23;6;466
11;2025-11-23;7;527
11;2025-11-23;8;677
11;2025-11-23;9;932
11;2025-11-23;10;1104
11;2025-11-23;11;1523
11;2025-11-23;12;1738
11;2025-11-23;13;1627
11;2025-11-23;14;1703
11;2025-11-23;15;1617
11;2025-11-23;16;1542
11;2025-11-23;17;1665
11;2025-11-23;18;1279
11;2025-11-23;19;1013
11;2025-11-23;20;800
11;2025-11-23;21;562
11;2025-11-23;22;300
11;2025-11-23;23;255
11;2025-11-24;0;74
11;2025-11-24;1;4
11;2025-11-24;2;0
11;2025-11-24;3;0
11;2025-11-24;4;0
11;2025-11-24;5;242
11;2025-11-24;6;1252
11;2025-11-24;7;2290
11;2025-11-24;8;3139
11;2025-11-24;9;2291
11;2025-11-24;10;1789
11;2025-11-24;11;1717
11;2025-11-24;12;1635
11;2025-11-24;13;1735
11;2025-11-24;14;1761
11;2025-11-24;15;1735
11;2025-11-24;16;2011
11;2025-11-24;17;2562
11;2025-11-24;18;2785
11;2025-11-24;19;2138
11;2025-11-24;20;1318
11;2025-11-24;21;728
11;2025-11-24;22;325
11;2025-11-24;23;196
11;2025-11-25;0;56
11;2025-11-25;1;0
11;2025-11-25;2;0
11;2025-11-25;3;0
11;2025-11-25;4;0
11;2025-11-25;5;228
11;2025-11-25;6;1297
11;2025-11-25;7;2370
11;2025-11-25;8;3264
11;2025-11-25;9;2388
11;2025-11-25;10;1885
11;2025-11-25;11;1762
11;2025-11-25;12;1796
11;2025-11-25;13;1882
11;2025-11-25;14;1941
11;2025-11-25;15;1877
11;2025-11-25;16;2087
11;2025-11-25;17;2636
11;2025-11-25;18;2816
11;2025-11-25;19;2116
11;2025-11-25;20;1338
11;2025-11-25;21;775
11;2025-11-25;22;352
11;2025-11-25;23;206
11;2025-11-26;0;59
11;2025-11-26;1;0
11;2025-11-26;2;0
11;2025-11-26;3;0
11;2025-11-26;4;0
11;2025-11-26;5;239
11;2025-11-26;6;1219
11;2025-11-26;7;2363
11;2025-11-26;8;3244
11;2025-11-26;9;2376
11;2025-11-26;10;1909
11;2025-11-26;11;1860
11;2025-11-26;12;1903
11;2025-11-26;13;1981
11;2025-11-26;14;1943
11;2025-11-26;15;1843
11;2025-11-26;16;2027
11;2025-11-26;17;2676
11;2025-11-26;18;2857
11;2025-11-26;19;2237
11;2025-11-26;20;1436
11;2025-11-26;21;823
11;2025-11-26;22;340
11;2025-11-26;23;241
11;2025-11-27;0;57
11;2025-11-27;1;0
11;2025-11-27;2;0
11;2025-11-27;3;0
11;2025-11-27;4;0
11;2025-11-27;5;251
11;2025-11-27;6;1280
11;2025-11-27;7;2389
11;2025-11-27;8;3257
11;2025-11-27;9;2549
11;2025-11-27;10;2125
11;2025-11-27;11;1953
11;2025-11-27;12;2036
11;2025-11-27;13;2023
11;2025-11-27;14;2041
11;2025-11-27;15;1969
11;2025-11-27;16;2301
11;2025-11-27;17;2683
11;2025-11-27;18;2946
11;2025-11-27;19;2218
11;2025-11-27;20;1408
11;2025-11-27;21;861
11;2025-11-27;22;375
11;2025-11-27;23;238
11;2025-11-28;0;72
11;2025-11-28;1;0
11;2025-11-28;2;0
11;2025-11-28;3;0
11;2025-11-28;4;0
11;2025-11-28;5;245
11;2025-11-28;6;1302
11;2025-11-28;7;2355
11;2025-11-28;8;3185
11;2025-11-28;9;2410
11;2025-11-28;10;2075
11;2025-11-28;11;2031
11;2025-11-28;12;2039
11;2025-11-28;13;2002
11;2025-11-28;14;2190
11;2025-11-28;15;2156
11;2025-11-28;16;2520
11;2025-11-28;17;2926
11;2025-11-28;18;2504
11;2025-11-28;19;2053
11;2025-11-28;20;1391
11;2025-11-28;21;829
11;2025-11-28;22;401
11;2025-11-28;23;301
11;2025-11-29;0;102
11;2025-11-29;1;1
11;2025-11-29;2;9
11;2025-11-29;3;0
11;2025-11-29;4;0
11;2025-11-29;5;164
11;2025-11-29;6;791
11;2025-11-29;7;753
11;2025-11-29;8;1089
11;2025-11-29;9;1223
11;2025-11-29;10;1401
11;2025-11-29;11;1815
11;2025-11-29;12;2087
11;2025-11-29;13;1923
11;2025-11-29;14;2058
11;2025-11-29;15;1833
11;2025-11-29;16;1881
11;2025-11-29;17;1883
11;2025-11-29;18;1597
11;2025-11-29;19;1461
11;2025-11-29;20;1081
11;2025-11-29;21;694
11;2025-11-29;22;389
11;2025-11-29;23;320
11;2025-11-30;0;113
11;2025-11-30;1;9
11;2025-11-30;2;0
11;2025-11-30;3;0
11;2025-11-30;4;0
11;2025-11-30;5;95
11;2025-11-30;6;475
11;2025-11-30;7;531
11;2025-11-30;8;685
11;2025-11-30;9;935
11;2025-11-30;10;1110
11;2025-11-30;11;1556
11;2025-11-30;12;1763
11;2025-11-30;13;1640
11;2025-11-30;14;1732
11;2025-11-30;15;1639
11;2025-11-30;16;1544
11;2025-11-30;17;1678
11;2025-11-30;18;1294
11;2025-11-30;19;1047
11;2025-11-30;20;815
11;2025-11-30;21;567
11;2025-11-30;22;303
11;2025-11-30;23;258
11;2025-12-01;0;74
11;2025-12-01;1;4
11;2025-12-01;2;0
11;2025-12-01;3;1
11;2025-12-01;4;0
11;2025-12-01;5;240
11;2025-12-01;6;1267
11;2025-12-01;7;2319
11;2025-12-01;8;3192
11;2025-12-01;9;2305
11;2025-12-01;10;1840
11;2025-12-01;11;1805
11;2025-12-01;12;1743
11;2025-12-01;13;1805
11;2025-12-01;14;1865
11;2025-12-01;15;1817
11;2025-12-01;16;2058
11;2025-12-01;17;2601
11;2025-12-01;18;2851
11;2025-12-01;19;2206
11;2025-12-01;20;1354
11;2025-12-01;21;741
11;2025-12-01;22;336
11;2025-12-01;23;202
11;2025-12-02;0;55
11;2025-12-02;1;0
11;2025-12-02;2;0
11;2025-12-02;3;0
11;2025-12-02;4;0
11;2025-12-02;5;223
11;2025-12-02;6;1297
11;2025-12-02;7;2366
11;2025-12-02;8;3275
11;2025-12-02;9;2390
11;2025-12-02;10;1917
11;2025-12-02;11;1809
11;2025-12-02;12;1866
11;2025-12-02;13;1941
11;2025-12-02;14;2024
11;2025-12-02;15;1948
11;2025-12-02;16;2135
11;2025-12-02;17;2675
11;2025-12-02;18;2864
11;2025-12-02;19;2167
11;2025-12-02;20;1360
11;2025-12-02;21;788
11;2025-12-02;22;365
11;2025-12-02;23;211
11;2025-12-03;0;60
11;2025-12-03;1;0
11;2025-12-03;2;0
11;2025-12-03;3;0
11;2025-12-03;4;0
11;2025-12-03;5;236
11;2025-12-03;6;1225
11;2025-12-03;7;2384
11;2025-12-03;8;3281
11;2025-12-03;9;2364
11;2025-12-03;10;1924
11;2025-12-03;11;1914
11;2025-12-03;12;1987
11;2025-12-03;13;2018
11;2025-12-03;14;2024
11;2025-12-03;15;1902
11;2025-12-03;16;2060
11;2025-12-03;17;2663
11;2025-12-03;18;2854
11;2025-12-03;19;2249
11;2025-12-03;20;1457
11;2025-12-03;21;824
11;2025-12-03;22;346
11;2025-12-03;23;247
11;2025-12-04;0;58
11;2025-12-04;1;0
11;2025-12-04;2;0
11;2025-12-04;3;0
11;2025-12-04;4;0
11;2025-12-04;5;246
11;2025-12-04;6;1271
11;2025-12-04;7;2370
11;2025-12-04;8;3216
11;2025-12-04;9;2463
11;2025-12-04;10;2044
11;2025-12-04;11;1884
11;2025-12-04;12;1990
11;2025-12-04;13;1972
11;2025-12-04;14;1971
11;2025-12-04;15;1917
11;2025-12-04;16;2242
11;2025-12-04;17;2608
11;2025-12-04;18;2904
11;2025-12-04;19;2188
11;2025-12-04;20;1391
11;2025-12-04;21;837
11;2025-12-04;22;370
11;2025-12-04;23;234
11;2025-12-05;0;71
11;2025-12-05;1;0
11;2025-12-05;2;0
11;2025-12-05;3;0
11;2025-12-05;4;0
11;2025-12-05;5;241
11;2025-12-05;6;1310
11;2025-12-05;7;2368
11;2025-12-05;8;3218
11;2025-12-05;9;2371
11;2025-12-05;10;2036
11;2025-12-05;11;2015
11;2025-12-05;12;2017
11;2025-12-05;13;1987
11;2025-12-05;14;2173
11;2025-12-05;15;2145
11;2025-12-05;16;2473
11;2025-12-05;17;2870
11;2025-12-05;18;2469
11;2025-12-05;19;2039
11;2025-12-05;20;1377
11;2025-12-05;21;820
11;2025-12-05;22;400
11;2025-12-05;23;300
11;2025-12-06;0;101
11;2025-12-06;1;1
11;2025-12-06;2;4
11;2025-12-06;3;0
11;2025-12-06;4;0
11;2025-12-06;5;164
11;2025-12-06;6;745
11;2025-12-06;7;729
11;2025-12-06;8;1053
11;2025-12-06;9;1174
11;2025-12-06;10;1324
11;2025-12-06;11;1669
11;2025-12-06;12;1962
11;2025-12-06;13;1813
11;2025-12-06;14;1879
11;2025-12-06;15;1698
11;2025-12-06;16;1787
11;2025-12-06;17;1806
11;2025-12-06;18;1527
11;2025-12-06;19;1413
11;2025-12-06;20;1043
11;2025-12-06;21;671
11;2025-12-06;22;359
11;2025-12-06;23;307
11;2025-12-07;0;109
11;2025-12-07;1;7
11;2025-12-07;2;0
11;2025-12-07;3;0
11;2025-12-07;4;0
11;2025-12-07;5;94
11;2025-12-07;6;458
11;2025-12-07;7;528
11;2025-12-07;8;674
11;2025-12-07;9;913
11;2025-12-07;10;1065
11;2025-12-07;11;1480
11;2025-12-07;12;1707
11;2025-12-07;13;1594
11;2025-12-07;14;1643
11;2025-12-07;15;1576
11;2025-12-07;16;1516
11;2025-12-07;17;1630
11;2025-12-07;18;1253
11;2025-12-07;19;1011
11;2025-12-07;20;800
11;2025-12-07;21;549
11;2025-12-07;22;289
11;2025-12-07;23;249
11;2025-12-08;0;74
11;2025-12-08;1;4
11;2025-12-08;2;0
11;2025-12-08;3;0
11;2025-12-08;4;0
11;2025-12-08;5;242
11;2025-12-08;6;1252
11;2025-12-08;7;2293
11;2025-12-08;8;3159
11;2025-12-08;9;2321
11;2025-12-08;10;1835
11;2025-12-08;11;1802
11;2025-12-08;12;1719
11;2025-12-08;13;1830
11;2025-12-08;14;1858
11;2025-12-08;15;1806
11;2025-12-08;16;2081
11;2025-12-08;17;2635
11;2025-12-08;18;2843
11;2025-12-08;19;2208
11;2025-12-08;20;1356
11;2025-12-08;21;746
11;2025-12-08;22;329
11;2025-12-08;23;201
11;2025-12-09;0;57
11;2025-12-09;1;0
11;2025-12-09;2;0
11;2025-12-09;3;0
11;2025-12-09;4;0
11;2025-12-09;5;223
11;2025-12-09;6;1268
11;2025-12-09;7;2276
11;2025-12-09;8;3182
11;2025-12-09;9;2361
11;2025-12-09;10;1859
11;2025-12-09;11;1739
11;2025-12-09;12;1782
11;2025-12-09;13;1894
11;2025-12-09;14;1919
11;2025-12-09;15;1855
11;2025-12-09;16;2057
11;2025-12-09;17;2600
11;2025-12-09;18;2780
11;2025-12-09;19;2120
11;2025-12-09;20;1313
11;2025-12-09;21;768
11;2025-12-09;22;345
11;2025-12-09;23;204
11;2025-12-10;0;57
11;2025-12-10;1;0
11;2025-12-10;2;0
11;2025-12-10;3;0
11;2025-12-10;4;0
11;2025-12-10;5;231
11;2025-12-10;6;1185
11;2025-12-10;7;2275
11;2025-12-10;8;3138
11;2025-12-10;9;2304
11;2025-12-10;10;1879
11;2025-12-10;11;1852
11;2025-12-10;12;1938
11;2025-12-10;13;2004
11;2025-12-10;14;1909
11;2025-12-10;15;1819
11;2025-12-10;16;2003
11;2025-12-10;17;2611
11;2025-12-10;18;2791
11;2025-12-10;19;2217
11;2025-12-10;20;1415
11;2025-12-10;21;823
11;2025-12-10;22;335
11;2025-12-10;23;238
11;2025-12-11;0;56
11;2025-12-11;1;0
11;2025-12-11;2;0
11;2025-12-11;3;0
11;2025-12-11;4;0
11;2025-12-11;5;242
11;2025-12-11;6;1238
11;2025-12-11;7;2248
11;2025-12-11;8;3121
11;2025-12-11;9;2431
11;2025-12-11;10;2036
11;2025-12-11;11;1863
11;2025-12-11;12;1995
11;2025-12-11;13;1984
11;2025-12-11;14;1929
11;2025-12-11;15;1872
11;2025-12-11;16;2199
11;2025-12-11;17;2582
11;2025-12-11;18;2859
11;2025-12-11;19;2159
11;2025-12-11;20;1369
11;2025-12-11;21;838
11;2025-12-11;22;363
11;2025-12-11;23;232
11;2025-12-12;0;71
11;2025-12-12;1;0
11;2025-12-12;2;0
11;2025-12-12;3;0
11;2025-12-12;4;0
11;2025-12-12;5;236
11;2025-12-12;6;1257
11;2025-12-12;7;2209
11;2025-12-12;8;3058
11;2025-12-12;9;2293
11;2025-12-12;10;1991
11;2025-12-12;11;1936
11;2025-12-12;12;1973
11;2025-12-12;13;1941
11;2025-12-12;14;2043
11;2025-12-12;15;2004
11;2025-12-12;16;2347
11;2025-12-12;17;2765
11;2025-12-12;18;2361
11;2025-12-12;19;1970
11;2025-12-12;20;1334
11;2025-12-12;21;798
11;2025-12-12;22;382
11;2025-12-12;23;292
11;2025-12-13;0;101
11;2025-12-13;1;1
11;2025-12-13;2;8
11;2025-12-13;3;0
11;2025-12-13;4;0
11;2025-12-13;5;157
11;2025-12-13;6;743
11;2025-12-13;7;716
11;2025-12-13;8;1038
11;2025-12-13;9;1159
11;2025-12-13;10;1306
11;2025-12-13;11;1677
11;2025-12-13;12;1965
11;2025-12-13;13;1809
11;2025-12-13;14;1848
11;2025-12-13;15;1639
11;2025-12-13;16;1748
11;2025-12-13;17;1769
11;2025-12-13;18;1505
11;2025-12-13;19;1413
11;2025-12-13;20;1027
11;2025-12-13;21;664
11;2025-12-13;22;346
11;2025-12-13;23;305
11;2025-12-14;0;111
11;2025-12-14;1;8
11;2025-12-14;2;0
11;2025-12-14;3;0
11;2025-12-14;4;0
11;2025-12-14;5;92
11;2025-12-14;6;460
11;2025-12-14;7;517
11;2025-12-14;8;669
11;2025-12-14;9;927
11;2025-12-14;10;1102
11;2025-12-14;11;1552
11;2025-12-14;12;1798
11;2025-12-14;13;1655
11;2025-12-14;14;1675
11;2025-12-14;15;1586
11;2025-12-14;16;1531
11;2025-12-14;17;1659
11;2025-12-14;18;1271
11;2025-12-14;19;1056
11;2025-12-14;20;815
11;2025-12-14;21;563
11;2025-12-14;22;288
11;2025-12-14;23;257
11;2025-12-15;0;77
11;2025-12-15;1;4
11;2025-12-15;2;0
11;2025-12-15;3;0
11;2025-12-15;4;0
11;2025-12-15;5;236
11;2025-12-15;6;1246
11;2025-12-15;7;2246
11;2025-12-15;8;3139
11;2025-12-15;9;2358
11;2025-12-15;10;1929
11;2025-12-15;11;1922
11;2025-12-15;12;1851
11;2025-12-15;13;1932
11;2025-12-15;14;1951
11;2025-12-15;15;1851
11;2025-12-15;16;2134
11;2025-12-15;17;2693
11;2025-12-15;18;2910
11;2025-12-15;19;2315
11;2025-12-15;20;1388
11;2025-12-15;21;763
11;2025-12-15;22;333
11;2025-12-15;23;210
11;2025-12-16;0;61
11;2025-12-16;1;0
11;2025-12-16;2;0
11;2025-12-16;3;0
11;2025-12-16;4;0
11;2025-12-16;5;217
11;2025-12-16;6;1268
11;2025-12-16;7;2238
11;2025-12-16;8;3162
11;2025-12-16;9;2407
11;2025-12-16;10;1962
11;2025-12-16;11;1888
11;2025-12-16;12;1943
11;2025-12-16;13;2008
11;2025-12-16;14;2053
11;2025-12-16;15;1901
11;2025-12-16;16;2118
11;2025-12-16;17;2626
11;2025-12-16;18;2801
11;2025-12-16;19;2191
11;2025-12-16;20;1352
11;2025-12-16;21;783
11;2025-12-16;22;348
11;2025-12-16;23;215
11;2025-12-17;0;61
11;2025-12-17;1;0
11;2025-12-17;2;0
11;2025-12-17;3;0
11;2025-12-17;4;0
11;2025-12-17;5;226
11;2025-12-17;6;1194
11;2025-12-17;7;2236
11;2025-12-17;8;3098
11;2025-12-17;9;2320
11;2025-12-17;10;1930
11;2025-12-17;11;1906
11;2025-12-17;12;2001
11;2025-12-17;13;2053
11;2025-12-17;14;1946
11;2025-12-17;15;1788
11;2025-12-17;16;2005
11;2025-12-17;17;2589
11;2025-12-17;18;2766
11;2025-12-17;19;2252
11;2025-12-17;20;1428
11;2025-12-17;21;817
11;2025-12-17;22;329
11;2025-12-17;23;247
11;2025-12-18;0;58
11;2025-12-18;1;0
11;2025-12-18;2;0
11;2025-12-18;3;0
11;2025-12-18;4;0
11;2025-12-18;5;237
11;2025-12-18;6;1247
11;2025-12-18;7;2236
11;2025-12-18;8;3118
11;2025-12-18;9;2436
11;2025-12-18;10;2054
11;2025-12-18;11;1884
11;2025-12-18;12;1998
11;2025-12-18;13;1973
11;2025-12-18;14;1922
11;2025-12-18;15;1831
11;2025-12-18;16;2188
11;2025-12-18;17;2543
11;2025-12-18;18;2803
11;2025-12-18;19;2185
11;2025-12-18;20;1375
11;2025-12-18;21;834
11;2025-12-18;22;360
11;2025-12-18;23;235
11;2025-12-19;0;74
11;2025-12-19;1;0
11;2025-12-19;2;0
11;2025-12-19;3;0
11;2025-12-19;4;0
11;2025-12-19;5;230
11;2025-12-19;6;1260
11;2025-12-19;7;2173
11;2025-12-19;8;3035
11;2025-12-19;9;2287
11;2025-12-19;10;2008
11;2025-12-19;11;1958
11;2025-12-19;12;1985
11;2025-12-19;13;1937
11;2025-12-19;14;2049
11;2025-12-19;15;1964
11;2025-12-19;16;2337
11;2025-12-19;17;2729
11;2025-12-19;18;2318
11;2025-12-19;19;1987
11;2025-12-19;20;1340
11;2025-12-19;21;794
11;2025-12-19;22;377
11;2025-12-19;23;297
11;2025-12-20;0;98
11;2025-12-20;1;0
11;2025-12-20;2;0
11;2025-12-20;3;0
11;2025-12-20;4;0
11;2025-12-20;5;159
11;2025-12-20;6;672
11;2025-12-20;7;668
11;2025-12-20;8;963
11;2025-12-20;9;1075
11;2025-12-20;10;1242
11;2025-12-20;11;1573
11;2025-12-20;12;1905
11;2025-12-20;13;1733
11;2025-12-20;14;1628
11;2025-12-20;15;1554
11;2025-12-20;16;1638
11;2025-12-20;17;1690
11;2025-12-20;18;1429
11;2025-12-20;19;1307
11;2025-12-20;20;968
11;2025-12-20;21;628
11;2025-12-20;22;331
11;2025-12-20;23;296
11;2025-12-21;0;102
11;2025-12-21;1;4
11;2025-12-21;2;0
11;2025-12-21;3;0
11;2025-12-21;4;1
11;2025-12-21;5;92
11;2025-12-21;6;411
11;2025-12-21;7;472
11;2025-12-21;8;595
11;2025-12-21;9;812
11;2025-12-21;10;934
11;2025-12-21;11;1308
11;2025-12-21;12;1539
11;2025-12-21;13;1417
11;2025-12-21;14;1341
11;2025-12-21;15;1349
11;2025-12-21;16;1314
11;2025-12-21;17;1448
11;2025-12-21;18;1110
11;2025-12-21;19;899
11;2025-12-21;20;728
11;2025-12-21;21;490
11;2025-12-21;22;257
11;2025-12-21;23;234
11;2025-12-22;0;71
11;2025-12-22;1;3
11;2025-12-22;2;0
11;2025-12-22;3;0
11;2025-12-22;4;0
11;2025-12-22;5;245
11;2025-12-22;6;1176
11;2025-12-22;7;2097
11;2025-12-22;8;2938
11;2025-12-22;9;2220
11;2025-12-22;10;1719
11;2025-12-22;11;1717
11;2025-12-22;12;1634
11;2025-12-22;13;1739
11;2025-12-22;14;1621
11;2025-12-22;15;1627
11;2025-12-22;16;1890
11;2025-12-22;17;2468
11;2025-12-22;18;2661
11;2025-12-22;19;2079
11;2025-12-22;20;1271
11;2025-12-22;21;711
11;2025-12-22;22;306
11;2025-12-22;23;189
11;2025-12-23;0;56
11;2025-12-23;1;0
11;2025-12-23;2;0
11;2025-12-23;3;0
11;2025-12-23;4;0
11;2025-12-23;5;225
11;2025-12-23;6;1192
11;2025-12-23;7;2093
11;2025-12-23;8;2936
11;2025-12-23;9;2293
11;2025-12-23;10;1809
11;2025-12-23;11;1702
11;2025-12-23;12;1702
11;2025-12-23;13;1855
11;2025-12-23;14;1729
11;2025-12-23;15;1735
11;2025-12-23;16;1919
11;2025-12-23;17;2499
11;2025-12-23;18;2663
11;2025-12-23;19;2058
11;2025-12-23;20;1264
11;2025-12-23;21;754
11;2025-12-23;22;333
11;2025-12-23;23;196
11;2025-12-24;0;56
11;2025-12-24;1;0
11;2025-12-24;2;0
11;2025-12-24;3;0
11;2025-12-24;4;0
11;2025-12-24;5;232
11;2025-12-24;6;1121
11;2025-12-24;7;2110
11;2025-12-24;8;2915
11;2025-12-24;9;2227
11;2025-12-24;10;1892
11;2025-12-24;11;1899
11;2025-12-24;12;2025
11;2025-12-24;13;2053
11;2025-12-24;14;1762
11;2025-12-24;15;1741
11;2025-12-24;16;1907
11;2025-12-24;17;2550
11;2025-12-24;18;2669
11;2025-12-24;19;2162
11;2025-12-24;20;1382
11;2025-12-24;21;822
11;2025-12-24;22;329
11;2025-12-24;23;235
11;2025-12-25;0;54
11;2025-12-25;1;0
11;2025-12-25;2;0
11;2025-12-25;3;0
11;2025-12-25;4;0
11;2025-12-25;5;243
11;2025-12-25;6;1183
11;2025-12-25;7;2053
11;2025-12-25;8;2906
11;2025-12-25;9;2339
11;2025-12-25;10;1951
11;2025-12-25;11;1783
11;2025-12-25;12;1955
11;2025-12-25;13;1882
11;2025-12-25;14;1716
11;2025-12-25;15;1712
11;2025-12-25;16;2043
11;2025-12-25;17;2462
11;2025-12-25;18;2745
11;2025-12-25;19;2059
11;2025-12-25;20;1315
11;2025-12-25;21;805
11;2025-12-25;22;344
11;2025-12-25;23;220
11;2025-12-26;0;68
11;2025-12-26;1;0
11;2025-12-26;2;0
11;2025-12-26;3;0
11;2025-12-26;4;0
11;2025-12-26;5;236
11;2025-12-26;6;1213
11;2025-12-26;7;2029
11;2025-12-26;8;2906
11;2025-12-26;9;2244
11;2025-12-26;10;1982
11;2025-12-26;11;1920
11;2025-12-26;12;1979
11;2025-12-26;13;1907
11;2025-12-26;14;1852
11;2025-12-26;15;1837
11;2025-12-26;16;2203
11;2025-12-26;17;2651
11;2025-12-26;18;2236
11;2025-12-26;19;1851
11;2025-12-26;20;1287
11;2025-12-26;21;775
11;2025-12-26;22;364
11;2025-12-26;23;283
11;2025-12-27;0;98
11;2025-12-27;1;1
11;2025-12-27;2;0
11;2025-12-27;3;0
11;2025-12-27;4;0
11;2025-12-27;5;152
11;2025-12-27;6;686
11;2025-12-27;7;651
11;2025-12-27;8;958
11;2025-12-27;9;1061
11;2025-12-27;10;1226
11;2025-12-27;11;1537
11;2025-12-27;12;1839
11;2025-12-27;13;1617
11;2025-12-27;14;1566
11;2025-12-27;15;1455
11;2025-12-27;16;1584
11;2025-12-27;17;1594
11;2025-12-27;18;1380
11;2025-12-27;19;1279
11;2025-12-27;20;950
11;2025-12-27;21;597
11;2025-12-27;22;320
11;2025-12-27;23;290
11;2025-12-28;0;103
11;2025-12-28;1;3
11;2025-12-28;2;0
11;2025-12-28;3;0
11;2025-12-28;4;0
11;2025-12-28;5;87
11;2025-12-28;6;421
11;2025-12-28;7;476
11;2025-12-28;8;617
11;2025-12-28;9;820
11;2025-12-28;10;975
11;2025-12-28;11;1336
11;2025-12-28;12;1551
11;2025-12-28;13;1392
11;2025-12-28;14;1342
11;2025-12-28;15;1316
11;2025-12-28;16;1292
11;2025-12-28;17;1413
11;2025-12-28;18;1111
11;2025-12-28;19;933
11;2025-12-28;20;733
11;2025-12-28;21;479
11;2025-12-28;22;254
11;2025-12-28;23;242
11;2025-12-29;0;72
11;2025-12-29;1;5
11;2025-12-29;2;0
11;2025-12-29;3;0
11;2025-12-29;4;0
11;2025-12-29;5;232
11;2025-12-29;6;1191
11;2025-12-29;7;2056
11;2025-12-29;8;2895
11;2025-12-29;9;2136
11;2025-12-29;10;1668
11;2025-12-29;11;1645
11;2025-12-29;12;1533
11;2025-12-29;13;1608
11;2025-12-29;14;1558
11;2025-12-29;15;1535
11;2025-12-29;16;1779
11;2025-12-29;17;2329
11;2025-12-29;18;2498
11;2025-12-29;19;2039
11;2025-12-29;20;1243
11;2025-12-29;21;669
11;2025-12-29;22;298
11;2025-12-29;23;189
11;2025-12-30;0;57
11;2025-12-30;1;0
11;2025-12-30;2;0
11;2025-12-30;3;0
11;2025-12-30;4;0
11;2025-12-30;5;220
11;2025-12-30;6;1270
11;2025-12-30;7;2174
11;2025-12-30;8;3010
11;2025-12-30;9;2312
11;2025-12-30;10;1854
11;2025-12-30;11;1757
11;2025-12-30;12;1761
11;2025-12-30;13;1825
11;2025-12-30;14;1826
11;2025-12-30;15;1753
11;2025-12-30;16;1923
11;2025-12-30;17;2460
11;2025-12-30;18;2674
11;2025-12-30;19;2112
11;2025-12-30;20;1313
11;2025-12-30;21;741
11;2025-12-30;22;341
11;2025-12-30;23;214
11;2025-12-31;0;101
11;2025-12-31;1;10
11;2025-12-31;2;0
11;2025-12-31;3;0
11;2025-12-31;4;0
11;2025-12-31;5;89
11;2025-12-31;6;438
11;2025-12-31;7;459
11;2025-12-31;8;607
11;2025-12-31;9;878
11;2025-12-31;10;1071
11;2025-12-31;11;1469
11;2025-12-31;12;1720
11;2025-12-31;13;1583
11;2025-12-31;14;1457
11;2025-12-31;15;1431
11;2025-12-31;16;1389
11;2025-12-31;17;1526
11;2025-12-31;18;1188
11;2025-12-31;19;994
11;2025-12-31;20;774
11;2025-12-31;21;531
11;2025-12-31;22;285
11;2025-12-31;23;250
12;2025-11-01;0;54
12;2025-11-01;1;1
12;2025-11-01;2;0
12;2025-11-01;3;0
12;2025-11-01;4;4
12;2025-11-01;5;328
12;2025-11-01;6;1392
12;2025-11-01;7;2586
12;2025-11-01;8;3346
12;2025-11-01;9;2373
12;2025-11-01;10;1912
12;2025-11-01;11;1928
12;2025-11-01;12;1950
12;2025-11-01;13;2004
12;2025-11-01;14;1946
12;2025-11-01;15;2261
12;2025-11-01;16;3023
12;2025-11-01;17;3023
12;2025-11-01;18;2384
12;2025-11-01;19;2113
12;2025-11-01;20;1528
12;2025-11-01;21;1016
12;2025-11-01;22;462
12;2025-11-01;23;316
12;2025-11-02;0;91
12;2025-11-02;1;6
12;2025-11-02;2;0
12;2025-11-02;3;0
12;2025-11-02;4;2
12;2025-11-02;5;154
12;2025-11-02;6;579
12;2025-11-02;7;704
12;2025-11-02;8;749
12;2025-11-02;9;985
12;2025-11-02;10;1192
12;2025-11-02;11;1333
12;2025-11-02;12;1367
12;2025-11-02;13;1688
12;2025-11-02;14;1566
12;2025-11-02;15;1456
12;2025-11-02;16;1577
12;2025-11-02;17;1511
12;2025-11-02;18;1242
12;2025-11-02;19;951
12;2025-11-02;20;763
12;2025-11-02;21;646
12;2025-11-02;22;405
12;2025-11-02;23;210
12;2025-11-03;0;85
12;2025-11-03;1;7
12;2025-11-03;2;0
12;2025-11-03;3;0
12;2025-11-03;4;2
12;2025-11-03;5;162
12;2025-11-03;6;635
12;2025-11-03;7;711
12;2025-11-03;8;770
12;2025-11-03;9;1065
12;2025-11-03;10;1320
12;2025-11-03;11;1413
12;2025-11-03;12;1446
12;2025-11-03;13;1801
12;2025-11-03;14;1631
12;2025-11-03;15;1523
12;2025-11-03;16;1644
12;2025-11-03;17;1614
12;2025-11-03;18;1336
12;2025-11-03;19;986
12;2025-11-03;20;790
12;2025-11-03;21;657
12;2025-11-03;22;396
12;2025-11-03;23;228
12;2025-11-04;0;86
12;2025-11-04;1;7
12;2025-11-04;2;0
12;2025-11-04;3;0
12;2025-11-04;4;2
12;2025-11-04;5;155
12;2025-11-04;6;588
12;2025-11-04;7;664
12;2025-11-04;8;705
12;2025-11-04;9;968
12;2025-11-04;10;1151
12;2025-11-04;11;1148
12;2025-11-04;12;1171
12;2025-11-04;13;1468
12;2025-11-04;14;1322
12;2025-11-04;15;1271
12;2025-11-04;16;1377
12;2025-11-04;17;1391
12;2025-11-04;18;1160
12;2025-11-04;19;906
12;2025-11-04;20;703
12;2025-11-04;21;603
12;2025-11-04;22;337
12;2025-11-04;23;218
12;2025-11-05;0;48
12;2025-11-05;1;1
12;2025-11-05;2;0
12;2025-11-05;3;0
12;2025-11-05;4;7
12;2025-11-05;5;338
12;2025-11-05;6;1536
12;2025-11-05;7;2618
12;2025-11-05;8;3209
12;2025-11-05;9;2402
12;2025-11-05;10;1849
12;2025-11-05;11;1783
12;2025-11-05;12;1789
12;2025-11-05;13;1780
12;2025-11-05;14;1705
12;2025-11-05;15;2020
12;2025-11-05;16;2411
12;2025-11-05;17;2566
12;2025-11-05;18;2653
12;2025-11-05;19;2142
12;2025-11-05;20;1355
12;2025-11-05;21;964
12;2025-11-05;22;418
12;2025-11-05;23;243
12;2025-11-06;0;44
12;2025-11-06;1;1
12;2025-11-06;2;0
12;2025-11-06;3;0
12;2025-11-06;4;4
12;2025-11-06;5;316
12;2025-11-06;6;1468
12;2025-11-06;7;2741
12;2025-11-06;8;3506
12;2025-11-06;9;2403
12;2025-11-06;10;2095
12;2025-11-06;11;1943
12;2025-11-06;12;1877
12;2025-11-06;13;1891
12;2025-11-06;14;1807
12;2025-11-06;15;2116
12;2025-11-06;16;2503
12;2025-11-06;17;3008
12;2025-11-06;18;3083
12;2025-11-06;19;2389
12;2025-11-06;20;1560
12;2025-11-06;21;969
12;2025-11-06;22;432
12;2025-11-06;23;257
12;2025-11-07;0;55
12;2025-11-07;1;1
12;2025-11-07;2;0
12;2025-11-07;3;0
12;2025-11-07;4;5
12;2025-11-07;5;323
12;2025-11-07;6;1423
12;2025-11-07;7;2674
12;2025-11-07;8;3384
12;2025-11-07;9;2405
12;2025-11-07;10;1983
12;2025-11-07;11;1999
12;2025-11-07;12;2023
12;2025-11-07;13;2053
12;2025-11-07;14;2084
12;2025-11-07;15;2407
12;2025-11-07;16;2941
12;2025-11-07;17;2936
12;2025-11-07;18;2398
12;2025-11-07;19;2025
12;2025-11-07;20;1445
12;2025-11-07;21;977
12;2025-11-07;22;448
12;2025-11-07;23;285
12;2025-11-08;0;83
12;2025-11-08;1;3
12;2025-11-08;2;0
12;2025-11-08;3;0
12;2025-11-08;4;1
12;2025-11-08;5;233
12;2025-11-08;6;864
12;2025-11-08;7;954
12;2025-11-08;8;1026
12;2025-11-08;9;1248
12;2025-11-08;10;1492
12;2025-11-08;11;1506
12;2025-11-08;12;1526
12;2025-11-08;13;1779
12;2025-11-08;14;1659
12;2025-11-08;15;1556
12;2025-11-08;16;1636
12;2025-11-08;17;1574
12;2025-11-08;18;1494
12;2025-11-08;19;1384
12;2025-11-08;20;1015
12;2025-11-08;21;715
12;2025-11-08;22;400
12;2025-11-08;23;287
12;2025-11-09;0;87
12;2025-11-09;1;6
12;2025-11-09;2;1
12;2025-11-09;3;0
12;2025-11-09;4;0
12;2025-11-09;5;149
12;2025-11-09;6;543
12;2025-11-09;7;688
12;2025-11-09;8;749
12;2025-11-09;9;981
12;2025-11-09;10;1187
12;2025-11-09;11;1300
12;2025-11-09;12;1335
12;2025-11-09;13;1611
12;2025-11-09;14;1439
12;2025-11-09;15;1379
12;2025-11-09;16;1509
12;2025-11-09;17;1537
12;2025-11-09;18;1307
12;2025-11-09;19;994
12;2025-11-09;20;731
12;2025-11-09;21;602
12;2025-11-09;22;369
12;2025-11-09;23;206
12;2025-11-10;0;58
12;2025-11-10;1;1
12;2025-11-10;2;0
12;2025-11-10;3;2
12;2025-11-10;4;4
12;2025-11-10;5;321
12;2025-11-10;6;1431
12;2025-11-10;7;2813
12;2025-11-10;8;3583
12;2025-11-10;9;2536
12;2025-11-10;10;1996
12;2025-11-10;11;1838
12;2025-11-10;12;2006
12;2025-11-10;13;1984
12;2025-11-10;14;1882
12;2025-11-10;15;2175
12;2025-11-10;16;2613
12;2025-11-10;17;2957
12;2025-11-10;18;3165
12;2025-11-10;19;2277
12;2025-11-10;20;1495
12;2025-11-10;21;914
12;2025-11-10;22;423
12;2025-11-10;23;227
12;2025-11-11;0;45
12;2025-11-11;1;0
12;2025-11-11;2;0
12;2025-11-11;3;0
12;2025-11-11;4;3
12;2025-11-11;5;324
12;2025-11-11;6;1461
12;2025-11-11;7;2876
12;2025-11-11;8;3749
12;2025-11-11;9;2595
12;2025-11-11;10;2135
12;2025-11-11;11;1993
12;2025-11-11;12;1974
12;2025-11-11;13;2032
12;2025-11-11;14;1961
12;2025-11-11;15;2202
12;2025-11-11;16;2667
12;2025-11-11;17;3053
12;2025-11-11;18;3187
12;2025-11-11;19;2398
12;2025-11-11;20;1470
12;2025-11-11;21;926
12;2025-11-11;22;463
12;2025-11-11;23;243
12;2025-11-12;0;52
12;2025-11-12;1;1
12;2025-11-12;2;2
12;2025-11-12;3;0
12;2025-11-12;4;5
12;2025-11-12;5;337
12;2025-11-12;6;1505
12;2025-11-12;7;2800
12;2025-11-12;8;3521
12;2025-11-12;9;2631
12;2025-11-12;10;2072
12;2025-11-12;11;1995
12;2025-11-12;12;2049
12;2025-11-12;13;2030
12;2025-11-12;14;1932
12;2025-11-12;15;2273
12;2025-11-12;16;2683
12;2025-11-12;17;2942
12;2025-11-12;18;3037
12;2025-11-12;19;2360
12;2025-11-12;20;1444
12;2025-11-12;21;982
12;2025-11-12;22;460
12;2025-11-12;23;259
12;2025-11-13;0;47
12;2025-11-13;1;2
12;2025-11-13;2;0
12;2025-11-13;3;0
12;2025-11-13;4;4
12;2025-11-13;5;325
12;2025-11-13;6;1437
12;2025-11-13;7;2923
12;2025-11-13;8;3684
12;2025-11-13;9;2495
12;2025-11-13;10;2087
12;2025-11-13;11;2058
12;2025-11-13;12;2083
12;2025-11-13;13;2021
12;2025-11-13;14;1930
12;2025-11-13;15;2253
12;2025-11-13;16;2690
12;2025-11-13;17;3121
12;2025-11-13;18;3256
12;2025-11-13;19;2464
12;2025-11-13;20;1590
12;2025-11-13;21;939
12;2025-11-13;22;459
12;2025-11-13;23;261
12;2025-11-14;0;54
12;2025-11-14;1;1
12;2025-11-14;2;0
12;2025-11-14;3;0
12;2025-11-14;4;4
12;2025-11-14;5;319
12;2025-11-14;6;1444
12;2025-11-14;7;2831
12;2025-11-14;8;3614
12;2025-11-14;9;2474
12;2025-11-14;10;2009
12;2025-11-14;11;2058
12;2025-11-14;12;2070
12;2025-11-14;13;2092
12;2025-11-14;14;2107
12;2025-11-14;15;2462
12;2025-11-14;16;3128
12;2025-11-14;17;3088
12;2025-11-14;18;2634
12;2025-11-14;19;2207
12;2025-11-14;20;1495
12;2025-11-14;21;998
12;2025-11-14;22;490
12;2025-11-14;23;299
12;2025-11-15;0;85
12;2025-11-15;1;4
12;2025-11-15;2;0
12;2025-11-15;3;0
12;2025-11-15;4;0
12;2025-11-15;5;242
12;2025-11-15;6;835
12;2025-11-15;7;904
12;2025-11-15;8;995
12;2025-11-15;9;1245
12;2025-11-15;10;1485
12;2025-11-15;11;1481
12;2025-11-15;12;1468
12;2025-11-15;13;1764
12;2025-11-15;14;1518
12;2025-11-15;15;1477
12;2025-11-15;16;1597
12;2025-11-15;17;1547
12;2025-11-15;18;1412
12;2025-11-15;19;1319
12;2025-11-15;20;979
12;2025-11-15;21;710
12;2025-11-15;22;344
12;2025-11-15;23;280
12;2025-11-16;0;87
12;2025-11-16;1;5
12;2025-11-16;2;0
12;2025-11-16;3;0
12;2025-11-16;4;1
12;2025-11-16;5;155
12;2025-11-16;6;544
12;2025-11-16;7;650
12;2025-11-16;8;725
12;2025-11-16;9;1040
12;2025-11-16;10;1297
12;2025-11-16;11;1489
12;2025-11-16;12;1529
12;2025-11-16;13;1856
12;2025-11-16;14;1579
12;2025-11-16;15;1520
12;2025-11-16;16;1652
12;2025-11-16;17;1609
12;2025-11-16;18;1297
12;2025-11-16;19;995
12;2025-11-16;20;767
12;2025-11-16;21;640
12;2025-11-16;22;354
12;2025-11-16;23;217
12;2025-11-17;0;64
12;2025-11-17;1;1
12;2025-11-17;2;0
12;2025-11-17;3;0
12;2025-11-17;4;3
12;2025-11-17;5;332
12;2025-11-17;6;1423
12;2025-11-17;7;2564
12;2025-11-17;8;3324
12;2025-11-17;9;2632
12;2025-11-17;10;2158
12;2025-11-17;11;2044
12;2025-11-17;12;2195
12;2025-11-17;13;2213
12;2025-11-17;14;1988
12;2025-11-17;15;2257
12;2025-11-17;16;2740
12;2025-11-17;17;3015
12;2025-11-17;18;3112
12;2025-11-17;19;2224
12;2025-11-17;20;1505
12;2025-11-17;21;942
12;2025-11-17;22;386
12;2025-11-17;23;241
12;2025-11-18;0;50
12;2025-11-18;1;0
12;2025-11-18;2;0
12;2025-11-18;3;0
12;2025-11-18;4;3
12;2025-11-18;5;327
12;2025-11-18;6;1430
12;2025-11-18;7;2515
12;2025-11-18;8;3337
12;2025-11-18;9;2582
12;2025-11-18;10;2219
12;2025-11-18;11;2144
12;2025-11-18;12;2095
12;2025-11-18;13;2144
12;2025-11-18;14;1948
12;2025-11-18;15;2118
12;2025-11-18;16;2622
12;2025-11-18;17;2923
12;2025-11-18;18;2964
12;2025-11-18;19;2257
12;2025-11-18;20;1425
12;2025-11-18;21;912
12;2025-11-18;22;397
12;2025-11-18;23;237
12;2025-11-19;0;52
12;2025-11-19;1;0
12;2025-11-19;2;0
12;2025-11-19;3;0
12;2025-11-19;4;4
12;2025-11-19;5;333
12;2025-11-19;6;1472
12;2025-11-19;7;2471
12;2025-11-19;8;3181
12;2025-11-19;9;2657
12;2025-11-19;10;2256
12;2025-11-19;11;2210
12;2025-11-19;12;2266
12;2025-11-19;13;2248
12;2025-11-19;14;1996
12;2025-11-19;15;2250
12;2025-11-19;16;2753
12;2025-11-19;17;3019
12;2025-11-19;18;2918
12;2025-11-19;19;2273
12;2025-11-19;20;1464
12;2025-11-19;21;1024
12;2025-11-19;22;435
12;2025-11-19;23;264
12;2025-11-20;0;49
12;2025-11-20;1;0
12;2025-11-20;2;0
12;2025-11-20;3;0
12;2025-11-20;4;6
12;2025-11-20;5;321
12;2025-11-20;6;1382
12;2025-11-20;7;2502
12;2025-11-20;8;3347
12;2025-11-20;9;2511
12;2025-11-20;10;2203
12;2025-11-20;11;2178
12;2025-11-20;12;2186
12;2025-11-20;13;2072
12;2025-11-20;14;1989
12;2025-11-20;15;2194
12;2025-11-20;16;2674
12;2025-11-20;17;3029
12;2025-11-20;18;2924
12;2025-11-20;19;2321
12;2025-11-20;20;1576
12;2025-11-20;21;935
12;2025-11-20;22;424
12;2025-11-20;23;265
12;2025-11-21;0;55
12;2025-11-21;1;0
12;2025-11-21;2;0
12;2025-11-21;3;0
12;2025-11-21;4;3
12;2025-11-21;5;320
12;2025-11-21;6;1398
12;2025-11-21;7;2495
12;2025-11-21;8;3286
12;2025-11-21;9;2415
12;2025-11-21;10;2067
12;2025-11-21;11;2118
12;2025-11-21;12;2089
12;2025-11-21;13;2056
12;2025-11-21;14;2043
12;2025-11-21;15;2250
12;2025-11-21;16;2976
12;2025-11-21;17;2914
12;2025-11-21;18;2319
12;2025-11-21;19;2046
12;2025-11-21;20;1500
12;2025-11-21;21;971
12;2025-11-21;22;436
12;2025-11-21;23;298
12;2025-11-22;0;87
12;2025-11-22;1;2
12;2025-11-22;2;0
12;2025-11-22;3;0
12;2025-11-22;4;0
12;2025-11-22;5;237
12;2025-11-22;6;861
12;2025-11-22;7;925
12;2025-11-22;8;1022
12;2025-11-22;9;1279
12;2025-11-22;10;1537
12;2025-11-22;11;1534
12;2025-11-22;12;1540
12;2025-11-22;13;1804
12;2025-11-22;14;1678
12;2025-11-22;15;1552
12;2025-11-22;16;1652
12;2025-11-22;17;1562
12;2025-11-22;18;1440
12;2025-11-22;19;1301
12;2025-11-22;20;975
12;2025-11-22;21;707
12;2025-11-22;22;381
12;2025-11-22;23;294
12;2025-11-23;0;88
12;2025-11-23;1;4
12;2025-11-23;2;0
12;2025-11-23;3;0
12;2025-11-23;4;1
12;2025-11-23;5;151
12;2025-11-23;6;539
12;2025-11-23;7;658
12;2025-11-23;8;735
12;2025-11-23;9;1017
12;2025-11-23;10;1241
12;2025-11-23;11;1351
12;2025-11-23;12;1381
12;2025-11-23;13;1693
12;2025-11-23;14;1508
12;2025-11-23;15;1408
12;2025-11-23;16;1541
12;2025-11-23;17;1542
12;2025-11-23;18;1251
12;2025-11-23;19;942
12;2025-11-23;20;717
12;2025-11-23;21;606
12;2025-11-23;22;354
12;2025-11-23;23;216
12;2025-11-24;0;61
12;2025-11-24;1;0
12;2025-11-24;2;0
12;2025-11-24;3;1
12;2025-11-24;4;3
12;2025-11-24;5;324
12;2025-11-24;6;1395
12;2025-11-24;7;2643
12;2025-11-24;8;3433
12;2025-11-24;9;2512
12;2025-11-24;10;1931
12;2025-11-24;11;1748
12;2025-11-24;12;1881
12;2025-11-24;13;1890
12;2025-11-24;14;1767
12;2025-11-24;15;2033
12;2025-11-24;16;2499
12;2025-11-24;17;2802
12;2025-11-24;18;2901
12;2025-11-24;19;2096
12;2025-11-24;20;1411
12;2025-11-24;21;877
12;2025-11-24;22;382
12;2025-11-24;23;225
12;2025-11-25;0;43
12;2025-11-25;1;0
12;2025-11-25;2;0
12;2025-11-25;3;0
12;2025-11-25;4;2
12;2025-11-25;5;325
12;2025-11-25;6;1436
12;2025-11-25;7;2716
12;2025-11-25;8;3623
12;2025-11-25;9;2575
12;2025-11-25;10;2099
12;2025-11-25;11;1940
12;2025-11-25;12;1893
12;2025-11-25;13;1952
12;2025-11-25;14;1859
12;2025-11-25;15;2053
12;2025-11-25;16;2559
12;2025-11-25;17;2897
12;2025-11-25;18;2944
12;2025-11-25;19;2224
12;2025-11-25;20;1399
12;2025-11-25;21;887
12;2025-11-25;22;420
12;2025-11-25;23;232
12;2025-11-26;0;49
12;2025-11-26;1;0
12;2025-11-26;2;1
12;2025-11-26;3;0
12;2025-11-26;4;3
12;2025-11-26;5;342
12;2025-11-26;6;1501
12;2025-11-26;7;2705
12;2025-11-26;8;3503
12;2025-11-26;9;2739
12;2025-11-26;10;2154
12;2025-11-26;11;2065
12;2025-11-26;12;2071
12;2025-11-26;13;2087
12;2025-11-26;14;1971
12;2025-11-26;15;2247
12;2025-11-26;16;2713
12;2025-11-26;17;3021
12;2025-11-26;18;3001
12;2025-11-26;19;2297
12;2025-11-26;20;1443
12;2025-11-26;21;998
12;2025-11-26;22;450
12;2025-11-26;23;261
12;2025-11-27;0;45
12;2025-11-27;1;0
12;2025-11-27;2;0
12;2025-11-27;3;0
12;2025-11-27;4;6
12;2025-11-27;5;328
12;2025-11-27;6;1426
12;2025-11-27;7;2817
12;2025-11-27;8;3662
12;2025-11-27;9;2621
12;2025-11-27;10;2192
12;2025-11-27;11;2172
12;2025-11-27;12;2193
12;2025-11-27;13;2084
12;2025-11-27;14;2058
12;2025-11-27;15;2304
12;2025-11-27;16;2768
12;2025-11-27;17;3151
12;2025-11-27;18;3151
12;2025-11-27;19;2414
12;2025-11-27;20;1589
12;2025-11-27;21;949
12;2025-11-27;22;451
12;2025-11-27;23;270
12;2025-11-28;0;53
12;2025-11-28;1;0
12;2025-11-28;2;0
12;2025-11-28;3;0
12;2025-11-28;4;3
12;2025-11-28;5;321
12;2025-11-28;6;1440
12;2025-11-28;7;2766
12;2025-11-28;8;3583
12;2025-11-28;9;2528
12;2025-11-28;10;2045
12;2025-11-28;11;2095
12;2025-11-28;12;2076
12;2025-11-28;13;2061
12;2025-11-28;14;2108
12;2025-11-28;15;2391
12;2025-11-28;16;3138
12;2025-11-28;17;3030
12;2025-11-28;18;2533
12;2025-11-28;19;2129
12;2025-11-28;20;1495
12;2025-11-28;21;991
12;2025-11-28;22;475
12;2025-11-28;23;302
12;2025-11-29;0;87
12;2025-11-29;1;3
12;2025-11-29;2;0
12;2025-11-29;3;0
12;2025-11-29;4;0
12;2025-11-29;5;235
12;2025-11-29;6;890
12;2025-11-29;7;963
12;2025-11-29;8;1047
12;2025-11-29;9;1303
12;2025-11-29;10;1578
12;2025-11-29;11;1600
12;2025-11-29;12;1604
12;2025-11-29;13;1868
12;2025-11-29;14;1760
12;2025-11-29;15;1627
12;2025-11-29;16;1688
12;2025-11-29;17;1595
12;2025-11-29;18;1492
12;2025-11-29;19;1362
12;2025-11-29;20;1007
12;2025-11-29;21;715
12;2025-11-29;22;398
12;2025-11-29;23;294
12;2025-11-30;0;88
12;2025-11-30;1;6
12;2025-11-30;2;0
12;2025-11-30;3;0
12;2025-11-30;4;0
12;2025-11-30;5;150
12;2025-11-30;6;547
12;2025-11-30;7;667
12;2025-11-30;8;738
12;2025-11-30;9;1010
12;2025-11-30;10;1235
12;2025-11-30;11;1362
12;2025-11-30;12;1381
12;2025-11-30;13;1692
12;2025-11-30;14;1517
12;2025-11-30;15;1415
12;2025-11-30;16;1529
12;2025-11-30;17;1550
12;2025-11-30;18;1269
12;2025-11-30;19;966
12;2025-11-30;20;718
12;2025-11-30;21;598
12;2025-11-30;22;351
12;2025-11-30;23;213
12;2025-12-01;0;60
12;2025-12-01;1;1
12;2025-12-01;2;0
12;2025-12-01;3;3
12;2025-12-01;4;3
12;2025-12-01;5;317
12;2025-12-01;6;1399
12;2025-12-01;7;2689
12;2025-12-01;8;3460
12;2025-12-01;9;2485
12;2025-12-01;10;1949
12;2025-12-01;11;1803
12;2025-12-01;12;1962
12;2025-12-01;13;1938
12;2025-12-01;14;1832
12;2025-12-01;15;2109
12;2025-12-01;16;2531
12;2025-12-01;17;2830
12;2025-12-01;18;2951
12;2025-12-01;19;2144
12;2025-12-01;20;1421
12;2025-12-01;21;879
12;2025-12-01;22;393
12;2025-12-01;23;224
12;2025-12-02;0;42
12;2025-12-02;1;0
12;2025-12-02;2;0
12;2025-12-02;3;0
12;2025-12-02;4;2
12;2025-12-02;5;317
12;2025-12-02;6;1433
12;2025-12-02;7;2746
12;2025-12-02;8;3643
12;2025-12-02;9;2547
12;2025-12-02;10;2108
12;2025-12-02;11;1985
12;2025-12-02;12;1956
12;2025-12-02;13;2005
12;2025-12-02;14;1928
12;2025-12-02;15;2137
12;2025-12-02;16;2622
12;2025-12-02;17;2958
12;2025-12-02;18;3020
12;2025-12-02;19;2274
12;2025-12-02;20;1416
12;2025-12-02;21;895
12;2025-12-02;22;436
12;2025-12-02;23;234
12;2025-12-03;0;50
12;2025-12-03;1;1
12;2025-12-03;2;3
12;2025-12-03;3;0
12;2025-12-03;4;3
12;2025-12-03;5;334
12;2025-12-03;6;1502
12;2025-12-03;7;2746
12;2025-12-03;8;3540
12;2025-12-03;9;2701
12;2025-12-03;10;2146
12;2025-12-03;11;2099
12;2025-12-03;12;2133
12;2025-12-03;13;2109
12;2025-12-03;14;2022
12;2025-12-03;15;2308
12;2025-12-03;16;2745
12;2025-12-03;17;3020
12;2025-12-03;18;3008
12;2025-12-03;19;2295
12;2025-12-03;20;1441
12;2025-12-03;21;982
12;2025-12-03;22;454
12;2025-12-03;23;262
12;2025-12-04;0;46
12;2025-12-04;1;1
12;2025-12-04;2;0
12;2025-12-04;3;0
12;2025-12-04;4;6
12;2025-12-04;5;320
12;2025-12-04;6;1415
12;2025-12-04;7;2825
12;2025-12-04;8;3629
12;2025-12-04;9;2518
12;2025-12-04;10;2088
12;2025-12-04;11;2091
12;2025-12-04;12;2133
12;2025-12-04;13;2027
12;2025-12-04;14;1982
12;2025-12-04;15;2244
12;2025-12-04;16;2695
12;2025-12-04;17;3064
12;2025-12-04;18;3109
12;2025-12-04;19;2365
12;2025-12-04;20;1546
12;2025-12-04;21;906
12;2025-12-04;22;439
12;2025-12-04;23;261
12;2025-12-05;0;51
12;2025-12-05;1;1
12;2025-12-05;2;0
12;2025-12-05;3;0
12;2025-12-05;4;3
12;2025-12-05;5;315
12;2025-12-05;6;1451
12;2025-12-05;7;2813
12;2025-12-05;8;3626
12;2025-12-05;9;2466
12;2025-12-05;10;1987
12;2025-12-05;11;2056
12;2025-12-05;12;2047
12;2025-12-05;13;2033
12;2025-12-05;14;2072
12;2025-12-05;15;2380
12;2025-12-05;16;3079
12;2025-12-05;17;2979
12;2025-12-05;18;2517
12;2025-12-05;19;2108
12;2025-12-05;20;1459
12;2025-12-05;21;963
12;2025-12-05;22;467
12;2025-12-05;23;297
12;2025-12-06;0;86
12;2025-12-06;1;2
12;2025-12-06;2;0
12;2025-12-06;3;0
12;2025-12-06;4;0
12;2025-12-06;5;235
12;2025-12-06;6;857
12;2025-12-06;7;948
12;2025-12-06;8;1025
12;2025-12-06;9;1244
12;2025-12-06;10;1471
12;2025-12-06;11;1450
12;2025-12-06;12;1471
12;2025-12-06;13;1711
12;2025-12-06;14;1573
12;2025-12-06;15;1476
12;2025-12-06;16;1577
12;2025-12-06;17;1500
12;2025-12-06;18;1399
12;2025-12-06;19;1301
12;2025-12-06;20;962
12;2025-12-06;21;684
12;2025-12-06;22;363
12;2025-12-06;23;283
12;2025-12-07;0;85
12;2025-12-07;1;4
12;2025-12-07;2;0
12;2025-12-07;3;0
12;2025-12-07;4;1
12;2025-12-07;5;151
12;2025-12-07;6;540
12;2025-12-07;7;679
12;2025-12-07;8;744
12;2025-12-07;9;992
12;2025-12-07;10;1193
12;2025-12-07;11;1313
12;2025-12-07;12;1345
12;2025-12-07;13;1635
12;2025-12-07;14;1454
12;2025-12-07;15;1367
12;2025-12-07;16;1500
12;2025-12-07;17;1508
12;2025-12-07;18;1235
12;2025-12-07;19;938
12;2025-12-07;20;711
12;2025-12-07;21;587
12;2025-12-07;22;341
12;2025-12-07;23;210
12;2025-12-08;0;60
12;2025-12-08;1;1
12;2025-12-08;2;0
12;2025-12-08;3;0
12;2025-12-08;4;3
12;2025-12-08;5;321
12;2025-12-08;6;1401
12;2025-12-08;7;2696
12;2025-12-08;8;3469
12;2025-12-08;9;2509
12;2025-12-08;10;1943
12;2025-12-08;11;1788
12;2025-12-08;12;1920
12;2025-12-08;13;1937
12;2025-12-08;14;1818
12;2025-12-08;15;2080
12;2025-12-08;16;2524
12;2025-12-08;17;2833
12;2025-12-08;18;2927
12;2025-12-08;19;2129
12;2025-12-08;20;1416
12;2025-12-08;21;879
12;2025-12-08;22;381
12;2025-12-08;23;226
12;2025-12-09;0;43
12;2025-12-09;1;0
12;2025-12-09;2;0
12;2025-12-09;3;0
12;2025-12-09;4;2
12;2025-12-09;5;315
12;2025-12-09;6;1416
12;2025-12-09;7;2687
12;2025-12-09;8;3568
12;2025-12-09;9;2519
12;2025-12-09;10;2047
12;2025-12-09;11;1911
12;2025-12-09;12;1873
12;2025-12-09;13;1933
12;2025-12-09;14;1829
12;2025-12-09;15;2010
12;2025-12-09;16;2489
12;2025-12-09;17;2828
12;2025-12-09;18;2918
12;2025-12-09;19;2204
12;2025-12-09;20;1354
12;2025-12-09;21;862
12;2025-12-09;22;409
12;2025-12-09;23;229
12;2025-12-10;0;47
12;2025-12-10;1;0
12;2025-12-10;2;0
12;2025-12-10;3;0
12;2025-12-10;4;3
12;2025-12-10;5;324
12;2025-12-10;6;1458
12;2025-12-10;7;2659
12;2025-12-10;8;3407
12;2025-12-10;9;2629
12;2025-12-10;10;2101
12;2025-12-10;11;2032
12;2025-12-10;12;2082
12;2025-12-10;13;2067
12;2025-12-10;14;1901
12;2025-12-10;15;2177
12;2025-12-10;16;2629
12;2025-12-10;17;2919
12;2025-12-10;18;2946
12;2025-12-10;19;2233
12;2025-12-10;20;1384
12;2025-12-10;21;973
12;2025-12-10;22;438
12;2025-12-10;23;257
12;2025-12-11;0;44
12;2025-12-11;1;0
12;2025-12-11;2;0
12;2025-12-11;3;0
12;2025-12-11;4;6
12;2025-12-11;5;310
12;2025-12-11;6;1373
12;2025-12-11;7;2702
12;2025-12-11;8;3541
12;2025-12-11;9;2474
12;2025-12-11;10;2080
12;2025-12-11;11;2069
12;2025-12-11;12;2142
12;2025-12-11;13;2017
12;2025-12-11;14;1944
12;2025-12-11;15;2152
12;2025-12-11;16;2593
12;2025-12-11;17;2976
12;2025-12-11;18;3026
12;2025-12-11;19;2283
12;2025-12-11;20;1499
12;2025-12-11;21;893
12;2025-12-11;22;427
12;2025-12-11;23;262
12;2025-12-12;0;51
12;2025-12-12;1;0
12;2025-12-12;2;0
12;2025-12-12;3;0
12;2025-12-12;4;3
12;2025-12-12;5;302
12;2025-12-12;6;1384
12;2025-12-12;7;2645
12;2025-12-12;8;3446
12;2025-12-12;9;2362
12;2025-12-12;10;1927
12;2025-12-12;11;1974
12;2025-12-12;12;1985
12;2025-12-12;13;1959
12;2025-12-12;14;1943
12;2025-12-12;15;2187
12;2025-12-12;16;2864
12;2025-12-12;17;2831
12;2025-12-12;18;2377
12;2025-12-12;19;1996
12;2025-12-12;20;1393
12;2025-12-12;21;926
12;2025-12-12;22;441
12;2025-12-12;23;292
12;2025-12-13;0;87
12;2025-12-13;1;3
12;2025-12-13;2;0
12;2025-12-13;3;0
12;2025-12-13;4;0
12;2025-12-13;5;227
12;2025-12-13;6;845
12;2025-12-13;7;916
12;2025-12-13;8;1005
12;2025-12-13;9;1262
12;2025-12-13;10;1523
12;2025-12-13;11;1527
12;2025-12-13;12;1532
12;2025-12-13;13;1802
12;2025-12-13;14;1610
12;2025-12-13;15;1500
12;2025-12-13;16;1616
12;2025-12-13;17;1525
12;2025-12-13;18;1405
12;2025-12-13;19;1300
12;2025-12-13;20;967
12;2025-12-13;21;685
12;2025-12-13;22;356
12;2025-12-13;23;283
12;2025-12-14;0;88
12;2025-12-14;1;5
12;2025-12-14;2;0
12;2025-12-14;3;0
12;2025-12-14;4;0
12;2025-12-14;5;146
12;2025-12-14;6;535
12;2025-12-14;7;651
12;2025-12-14;8;721
12;2025-12-14;9;1020
12;2025-12-14;10;1257
12;2025-12-14;11;1403
12;2025-12-14;12;1429
12;2025-12-14;13;1730
12;2025-12-14;14;1501
12;2025-12-14;15;1413
12;2025-12-14;16;1547
12;2025-12-14;17;1560
12;2025-12-14;18;1248
12;2025-12-14;19;957
12;2025-12-14;20;722
12;2025-12-14;21;593
12;2025-12-14;22;338
12;2025-12-14;23;217
12;2025-12-15;0;62
12;2025-12-15;1;1
12;2025-12-15;2;0
12;2025-12-15;3;3
12;2025-12-15;4;3
12;2025-12-15;5;311
12;2025-12-15;6;1372
12;2025-12-15;7;2583
12;2025-12-15;8;3371
12;2025-12-15;9;2544
12;2025-12-15;10;2049
12;2025-12-15;11;1922
12;2025-12-15;12;2079
12;2025-12-15;13;2062
12;2025-12-15;14;1895
12;2025-12-15;15;2154
12;2025-12-15;16;2595
12;2025-12-15;17;2880
12;2025-12-15;18;2945
12;2025-12-15;19;2153
12;2025-12-15;20;1435
12;2025-12-15;21;891
12;2025-12-15;22;385
12;2025-12-15;23;232
12;2025-12-16;0;44
12;2025-12-16;1;0
12;2025-12-16;2;0
12;2025-12-16;3;0
12;2025-12-16;4;1
12;2025-12-16;5;306
12;2025-12-16;6;1398
12;2025-12-16;7;2588
12;2025-12-16;8;3460
12;2025-12-16;9;2556
12;2025-12-16;10;2152
12;2025-12-16;11;2055
12;2025-12-16;12;2013
12;2025-12-16;13;2042
12;2025-12-16;14;1924
12;2025-12-16;15;2081
12;2025-12-16;16;2575
12;2025-12-16;17;2851
12;2025-12-16;18;2930
12;2025-12-16;19;2224
12;2025-12-16;20;1392
12;2025-12-16;21;880
12;2025-12-16;22;414
12;2025-12-16;23;238
12;2025-12-17;0;50
12;2025-12-17;1;0
12;2025-12-17;2;0
12;2025-12-17;3;0
12;2025-12-17;4;2
12;2025-12-17;5;320
12;2025-12-17;6;1457
12;2025-12-17;7;2586
12;2025-12-17;8;3334
12;2025-12-17;9;2656
12;2025-12-17;10;2172
12;2025-12-17;11;2110
12;2025-12-17;12;2154
12;2025-12-17;13;2139
12;2025-12-17;14;1940
12;2025-12-17;15;2189
12;2025-12-17;16;2678
12;2025-12-17;17;2924
12;2025-12-17;18;2902
12;2025-12-17;19;2231
12;2025-12-17;20;1404
12;2025-12-17;21;970
12;2025-12-17;22;432
12;2025-12-17;23;263
12;2025-12-18;0;45
12;2025-12-18;1;0
12;2025-12-18;2;0
12;2025-12-18;3;0
12;2025-12-18;4;6
12;2025-12-18;5;305
12;2025-12-18;6;1375
12;2025-12-18;7;2657
12;2025-12-18;8;3487
12;2025-12-18;9;2462
12;2025-12-18;10;2095
12;2025-12-18;11;2097
12;2025-12-18;12;2132
12;2025-12-18;13;1997
12;2025-12-18;14;1921
12;2025-12-18;15;2130
12;2025-12-18;16;2599
12;2025-12-18;17;2945
12;2025-12-18;18;2957
12;2025-12-18;19;2285
12;2025-12-18;20;1517
12;2025-12-18;21;884
12;2025-12-18;22;421
12;2025-12-18;23;261
12;2025-12-19;0;53
12;2025-12-19;1;0
12;2025-12-19;2;0
12;2025-12-19;3;0
12;2025-12-19;4;2
12;2025-12-19;5;299
12;2025-12-19;6;1381
12;2025-12-19;7;2573
12;2025-12-19;8;3396
12;2025-12-19;9;2361
12;2025-12-19;10;1939
12;2025-12-19;11;1992
12;2025-12-19;12;1972
12;2025-12-19;13;1938
12;2025-12-19;14;1923
12;2025-12-19;15;2149
12;2025-12-19;16;2850
12;2025-12-19;17;2803
12;2025-12-19;18;2326
12;2025-12-19;19;1986
12;2025-12-19;20;1405
12;2025-12-19;21;915
12;2025-12-19;22;432
12;2025-12-19;23;291
12;2025-12-20;0;83
12;2025-12-20;1;2
12;2025-12-20;2;0
12;2025-12-20;3;0
12;2025-12-20;4;0
12;2025-12-20;5;226
12;2025-12-20;6;761
12;2025-12-20;7;844
12;2025-12-20;8;921
12;2025-12-20;9;1136
12;2025-12-20;10;1421
12;2025-12-20;11;1426
12;2025-12-20;12;1482
12;2025-12-20;13;1692
12;2025-12-20;14;1393
12;2025-12-20;15;1385
12;2025-12-20;16;1469
12;2025-12-20;17;1401
12;2025-12-20;18;1287
12;2025-12-20;19;1168
12;2025-12-20;20;886
12;2025-12-20;21;624
12;2025-12-20;22;326
12;2025-12-20;23;272
12;2025-12-21;0;80
12;2025-12-21;1;1
12;2025-12-21;2;0
12;2025-12-21;3;0
12;2025-12-21;4;2
12;2025-12-21;5;145
12;2025-12-21;6;471
12;2025-12-21;7;579
12;2025-12-21;8;633
12;2025-12-21;9;873
12;2025-12-21;10;1046
12;2025-12-21;11;1168
12;2025-12-21;12;1207
12;2025-12-21;13;1447
12;2025-12-21;14;1186
12;2025-12-21;15;1148
12;2025-12-21;16;1277
12;2025-12-21;17;1314
12;2025-12-21;18;1058
12;2025-12-21;19;805
12;2025-12-21;20;626
12;2025-12-21;21;499
12;2025-12-21;22;287
12;2025-12-21;23;197
12;2025-12-22;0;57
12;2025-12-22;1;0
12;2025-12-22;2;0
12;2025-12-22;3;0
12;2025-12-22;4;3
12;2025-12-22;5;321
12;2025-12-22;6;1275
12;2025-12-22;7;2362
12;2025-12-22;8;3149
12;2025-12-22;9;2403
12;2025-12-22;10;1855
12;2025-12-22;11;1767
12;2025-12-22;12;1880
12;2025-12-22;13;1880
12;2025-12-22;14;1600
12;2025-12-22;15;1866
12;2025-12-22;16;2263
12;2025-12-22;17;2587
12;2025-12-22;18;2663
12;2025-12-22;19;1936
12;2025-12-22;20;1292
12;2025-12-22;21;814
12;2025-12-22;22;342
12;2025-12-22;23;209
12;2025-12-23;0;41
12;2025-12-23;1;0
12;2025-12-23;2;0
12;2025-12-23;3;0
12;2025-12-23;4;0
12;2025-12-23;5;315
12;2025-12-23;6;1304
12;2025-12-23;7;2402
12;2025-12-23;8;3219
12;2025-12-23;9;2479
12;2025-12-23;10;2066
12;2025-12-23;11;1946
12;2025-12-23;12;1853
12;2025-12-23;13;1938
12;2025-12-23;14;1679
12;2025-12-23;15;1920
12;2025-12-23;16;2342
12;2025-12-23;17;2698
12;2025-12-23;18;2765
12;2025-12-23;19;2097
12;2025-12-23;20;1306
12;2025-12-23;21;839
12;2025-12-23;22;392
12;2025-12-23;23;220
12;2025-12-24;0;46
12;2025-12-24;1;0
12;2025-12-24;2;0
12;2025-12-24;3;0
12;2025-12-24;4;2
12;2025-12-24;5;330
12;2025-12-24;6;1362
12;2025-12-24;7;2431
12;2025-12-24;8;3127
12;2025-12-24;9;2586
12;2025-12-24;10;2179
12;2025-12-24;11;2162
12;2025-12-24;12;2270
12;2025-12-24;13;2168
12;2025-12-24;14;1774
12;2025-12-24;15;2112
12;2025-12-24;16;2525
12;2025-12-24;17;2854
12;2025-12-24;18;2786
12;2025-12-24;19;2143
12;2025-12-24;20;1354
12;2025-12-24;21;963
12;2025-12-24;22;419
12;2025-12-24;23;254
12;2025-12-25;0;41
12;2025-12-25;1;0
12;2025-12-25;2;0
12;2025-12-25;3;0
12;2025-12-25;4;6
12;2025-12-25;5;314
12;2025-12-25;6;1292
12;2025-12-25;7;2445
12;2025-12-25;8;3273
12;2025-12-25;9;2381
12;2025-12-25;10;2013
12;2025-12-25;11;2036
12;2025-12-25;12;2143
12;2025-12-25;13;1917
12;2025-12-25;14;1740
12;2025-12-25;15;1975
12;2025-12-25;16;2424
12;2025-12-25;17;2840
12;2025-12-25;18;2873
12;2025-12-25;19;2147
12;2025-12-25;20;1439
12;2025-12-25;21;843
12;2025-12-25;22;392
12;2025-12-25;23;244
12;2025-12-26;0;49
12;2025-12-26;1;0
12;2025-12-26;2;0
12;2025-12-26;3;0
12;2025-12-26;4;1
12;2025-12-26;5;307
12;2025-12-26;6;1327
12;2025-12-26;7;2440
12;2025-12-26;8;3301
12;2025-12-26;9;2352
12;2025-12-26;10;1980
12;2025-12-26;11;2063
12;2025-12-26;12;2064
12;2025-12-26;13;1967
12;2025-12-26;14;1820
12;2025-12-26;15;2070
12;2025-12-26;16;2748
12;2025-12-26;17;2779
12;2025-12-26;18;2251
12;2025-12-26;19;1858
12;2025-12-26;20;1370
12;2025-12-26;21;903
12;2025-12-26;22;417
12;2025-12-26;23;284
12;2025-12-27;0;82
12;2025-12-27;1;2
12;2025-12-27;2;0
12;2025-12-27;3;0
12;2025-12-27;4;0
12;2025-12-27;5;216
12;2025-12-27;6;779
12;2025-12-27;7;829
12;2025-12-27;8;923
12;2025-12-27;9;1127
12;2025-12-27;10;1398
12;2025-12-27;11;1356
12;2025-12-27;12;1393
12;2025-12-27;13;1547
12;2025-12-27;14;1317
12;2025-12-27;15;1278
12;2025-12-27;16;1412
12;2025-12-27;17;1329
12;2025-12-27;18;1249
12;2025-12-27;19;1152
12;2025-12-27;20;856
12;2025-12-27;21;586
12;2025-12-27;22;310
12;2025-12-27;23;258
12;2025-12-28;0;79
12;2025-12-28;1;0
12;2025-12-28;2;0
12;2025-12-28;3;0
12;2025-12-28;4;1
12;2025-12-28;5;136
12;2025-12-28;6;484
12;2025-12-28;7;590
12;2025-12-28;8;671
12;2025-12-28;9;887
12;2025-12-28;10;1092
12;2025-12-28;11;1188
12;2025-12-28;12;1214
12;2025-12-28;13;1427
12;2025-12-28;14;1186
12;2025-12-28;15;1126
12;2025-12-28;16;1267
12;2025-12-28;17;1290
12;2025-12-28;18;1068
12;2025-12-28;19;829
12;2025-12-28;20;626
12;2025-12-28;21;487
12;2025-12-28;22;285
12;2025-12-28;23;196
12;2025-12-29;0;56
12;2025-12-29;1;1
12;2025-12-29;2;0
12;2025-12-29;3;0
12;2025-12-29;4;2
12;2025-12-29;5;300
12;2025-12-29;6;1305
12;2025-12-29;7;2342
12;2025-12-29;8;3141
12;2025-12-29;9;2308
12;2025-12-29;10;1792
12;2025-12-29;11;1659
12;2025-12-29;12;1742
12;2025-12-29;13;1722
12;2025-12-29;14;1535
12;2025-12-29;15;1757
12;2025-12-29;16;2135
12;2025-12-29;17;2472
12;2025-12-29;18;2533
12;2025-12-29;19;1915
12;2025-12-29;20;1266
12;2025-12-29;21;761
12;2025-12-29;22;331
12;2025-12-29;23;207
12;2025-12-30;0;40
12;2025-12-30;1;0
12;2025-12-30;2;0
12;2025-12-30;3;0
12;2025-12-30;4;0
12;2025-12-30;5;308
12;2025-12-30;6;1396
12;2025-12-30;7;2502
12;2025-12-30;8;3329
12;2025-12-30;9;2470
12;2025-12-30;10;2056
12;2025-12-30;11;1918
12;2025-12-30;12;1844
12;2025-12-30;13;1856
12;2025-12-30;14;1708
12;2025-12-30;15;1895
12;2025-12-30;16;2316
12;2025-12-30;17;2641
12;2025-12-30;18;2754
12;2025-12-30;19;2130
12;2025-12-30;20;1329
12;2025-12-30;21;810
12;2025-12-30;22;397
12;2025-12-30;23;231
12;2025-12-31;0;74
12;2025-12-31;1;5
12;2025-12-31;2;0
12;2025-12-31;3;0
12;2025-12-31;4;0
12;2025-12-31;5;145
12;2025-12-31;6;509
12;2025-12-31;7;589
12;2025-12-31;8;675
12;2025-12-31;9;968
12;2025-12-31;10;1235
12;2025-12-31;11;1352
12;2025-12-31;12;1419
12;2025-12-31;13;1660
12;2025-12-31;14;1297
12;2025-12-31;15;1267
12;2025-12-31;16;1403
12;2025-12-31;17;1411
12;2025-12-31;18;1175
12;2025-12-31;19;908
12;2025-12-31;20;674
12;2025-12-31;21;588
12;2025-12-31;22;341
12;2025-12-31;23;205
17;2025-11-01;0;154
17;2025-11-01;1;17
17;2025-11-01;2;0
17;2025-11-01;3;0
17;2025-11-01;4;26
17;2025-11-01;5;334
17;2025-11-01;6;1538
17;2025-11-01;7;3986
17;2025-11-01;8;5066
17;2025-11-01;9;3776
17;2025-11-01;10;2987
17;2025-11-01;11;2905
17;2025-11-01;12;2927
17;2025-11-01;13;3057
17;2025-11-01;14;3104
17;2025-11-01;15;3323
17;2025-11-01;16;4068
17;2025-11-01;17;4511
17;2025-11-01;18;3723
17;2025-11-01;19;2893
17;2025-11-01;20;2244
17;2025-11-01;21;1460
17;2025-11-01;22;730
17;2025-11-01;23;472
17;2025-11-02;0;176
17;2025-11-02;1;24
17;2025-11-02;2;0
17;2025-11-02;3;0
17;2025-11-02;4;4
17;2025-11-02;5;112
17;2025-11-02;6;440
17;2025-11-02;7;810
17;2025-11-02;8;1198
17;2025-11-02;9;1735
17;2025-11-02;10;1995
17;2025-11-02;11;2606
17;2025-11-02;12;2961
17;2025-11-02;13;3273
17;2025-11-02;14;3535
17;2025-11-02;15;3281
17;2025-11-02;16;3203
17;2025-11-02;17;2923
17;2025-11-02;18;2337
17;2025-11-02;19;1887
17;2025-11-02;20;1585
17;2025-11-02;21;1151
17;2025-11-02;22;660
17;2025-11-02;23;337
17;2025-11-03;0;200
17;2025-11-03;1;26
17;2025-11-03;2;0
17;2025-11-03;3;0
17;2025-11-03;4;3
17;2025-11-03;5;108
17;2025-11-03;6;455
17;2025-11-03;7;832
17;2025-11-03;8;1266
17;2025-11-03;9;1816
17;2025-11-03;10;2160
17;2025-11-03;11;2666
17;2025-11-03;12;2982
17;2025-11-03;13;3374
17;2025-11-03;14;3558
17;2025-11-03;15;3485
17;2025-11-03;16;3364
17;2025-11-03;17;3093
17;2025-11-03;18;2544
17;2025-11-03;19;1956
17;2025-11-03;20;1696
17;2025-11-03;21;1199
17;2025-11-03;22;667
17;2025-11-03;23;358
17;2025-11-04;0;191
17;2025-11-04;1;24
17;2025-11-04;2;0
17;2025-11-04;3;0
17;2025-11-04;4;3
17;2025-11-04;5;104
17;2025-11-04;6;427
17;2025-11-04;7;776
17;2025-11-04;8;1167
17;2025-11-04;9;1670
17;2025-11-04;10;1927
17;2025-11-04;11;2361
17;2025-11-04;12;2586
17;2025-11-04;13;2906
17;2025-11-04;14;3071
17;2025-11-04;15;2980
17;2025-11-04;16;2916
17;2025-11-04;17;2784
17;2025-11-04;18;2293
17;2025-11-04;19;1852
17;2025-11-04;20;1488
17;2025-11-04;21;1106
17;2025-11-04;22;605
17;2025-11-04;23;334
17;2025-11-05;0;120
17;2025-11-05;1;10
17;2025-11-05;2;0
17;2025-11-05;3;0
17;2025-11-05;4;28
17;2025-11-05;5;300
17;2025-11-05;6;1510
17;2025-11-05;7;3973
17;2025-11-05;8;5090
17;2025-11-05;9;3582
17;2025-11-05;10;2771
17;2025-11-05;11;2731
17;2025-11-05;12;2622
17;2025-11-05;13;2712
17;2025-11-05;14;2843
17;2025-11-05;15;2857
17;2025-11-05;16;3223
17;2025-11-05;17;4050
17;2025-11-05;18;4246
17;2025-11-05;19;2961
17;2025-11-05;20;2080
17;2025-11-05;21;1392
17;2025-11-05;22;662
17;2025-11-05;23;375
17;2025-11-06;0;125
17;2025-11-06;1;10
17;2025-11-06;2;0
17;2025-11-06;3;0
17;2025-11-06;4;22
17;2025-11-06;5;302
17;2025-11-06;6;1549
17;2025-11-06;7;4067
17;2025-11-06;8;5298
17;2025-11-06;9;3943
17;2025-11-06;10;3153
17;2025-11-06;11;2961
17;2025-11-06;12;3043
17;2025-11-06;13;3039
17;2025-11-06;14;3186
17;2025-11-06;15;3136
17;2025-11-06;16;3579
17;2025-11-06;17;4367
17;2025-11-06;18;4458
17;2025-11-06;19;3216
17;2025-11-06;20;2362
17;2025-11-06;21;1554
17;2025-11-06;22;725
17;2025-11-06;23;413
17;2025-11-07;0;149
17;2025-11-07;1;18
17;2025-11-07;2;0
17;2025-11-07;3;0
17;2025-11-07;4;25
17;2025-11-07;5;297
17;2025-11-07;6;1507
17;2025-11-07;7;4045
17;2025-11-07;8;5171
17;2025-11-07;9;3817
17;2025-11-07;10;3096
17;2025-11-07;11;3070
17;2025-11-07;12;3125
17;2025-11-07;13;3215
17;2025-11-07;14;3205
17;2025-11-07;15;3434
17;2025-11-07;16;4030
17;2025-11-07;17;4607
17;2025-11-07;18;4062
17;2025-11-07;19;2973
17;2025-11-07;20;2334
17;2025-11-07;21;1598
17;2025-11-07;22;773
17;2025-11-07;23;478
17;2025-11-08;0;197
17;2025-11-08;1;24
17;2025-11-08;2;3
17;2025-11-08;3;0
17;2025-11-08;4;4
17;2025-11-08;5;120
17;2025-11-08;6;551
17;2025-11-08;7;1266
17;2025-11-08;8;1812
17;2025-11-08;9;2304
17;2025-11-08;10;2549
17;2025-11-08;11;3076
17;2025-11-08;12;3345
17;2025-11-08;13;3582
17;2025-11-08;14;3662
17;2025-11-08;15;3563
17;2025-11-08;16;3590
17;2025-11-08;17;3257
17;2025-11-08;18;2960
17;2025-11-08;19;2343
17;2025-11-08;20;1838
17;2025-11-08;21;1337
17;2025-11-08;22;782
17;2025-11-08;23;437
17;2025-11-09;0;179
17;2025-11-09;1;25
17;2025-11-09;2;1
17;2025-11-09;3;0
17;2025-11-09;4;1
17;2025-11-09;5;97
17;2025-11-09;6;416
17;2025-11-09;7;808
17;2025-11-09;8;1239
17;2025-11-09;9;1733
17;2025-11-09;10;2037
17;2025-11-09;11;2584
17;2025-11-09;12;2923
17;2025-11-09;13;3136
17;2025-11-09;14;3308
17;2025-11-09;15;3194
17;2025-11-09;16;3177
17;2025-11-09;17;3009
17;2025-11-09;18;2554
17;2025-11-09;19;2026
17;2025-11-09;20;1568
17;2025-11-09;21;1119
17;2025-11-09;22;650
17;2025-11-09;23;332
17;2025-11-10;0;107
17;2025-11-10;1;12
17;2025-11-10;2;0
17;2025-11-10;3;3
17;2025-11-10;4;24
17;2025-11-10;5;289
17;2025-11-10;6;1493
17;2025-11-10;7;4218
17;2025-11-10;8;5638
17;2025-11-10;9;3846
17;2025-11-10;10;2995
17;2025-11-10;11;2921
17;2025-11-10;12;2943
17;2025-11-10;13;2978
17;2025-11-10;14;3047
17;2025-11-10;15;3167
17;2025-11-10;16;3632
17;2025-11-10;17;4454
17;2025-11-10;18;4770
17;2025-11-10;19;3303
17;2025-11-10;20;2251
17;2025-11-10;21;1340
17;2025-11-10;22;651
17;2025-11-10;23;329
17;2025-11-11;0;107
17;2025-11-11;1;9
17;2025-11-11;2;0
17;2025-11-11;3;0
17;2025-11-11;4;25
17;2025-11-11;5;299
17;2025-11-11;6;1546
17;2025-11-11;7;4372
17;2025-11-11;8;5673
17;2025-11-11;9;4014
17;2025-11-11;10;3174
17;2025-11-11;11;3012
17;2025-11-11;12;3096
17;2025-11-11;13;3132
17;2025-11-11;14;3296
17;2025-11-11;15;3335
17;2025-11-11;16;3642
17;2025-11-11;17;4606
17;2025-11-11;18;4939
17;2025-11-11;19;3371
17;2025-11-11;20;2322
17;2025-11-11;21;1413
17;2025-11-11;22;707
17;2025-11-11;23;372
17;2025-11-12;0;128
17;2025-11-12;1;9
17;2025-11-12;2;1
17;2025-11-12;3;0
17;2025-11-12;4;25
17;2025-11-12;5;297
17;2025-11-12;6;1514
17;2025-11-12;7;4241
17;2025-11-12;8;5454
17;2025-11-12;9;3861
17;2025-11-12;10;3085
17;2025-11-12;11;3017
17;2025-11-12;12;2993
17;2025-11-12;13;3075
17;2025-11-12;14;3136
17;2025-11-12;15;3236
17;2025-11-12;16;3620
17;2025-11-12;17;4420
17;2025-11-12;18;4681
17;2025-11-12;19;3247
17;2025-11-12;20;2236
17;2025-11-12;21;1431
17;2025-11-12;22;711
17;2025-11-12;23;397
17;2025-11-13;0;128
17;2025-11-13;1;12
17;2025-11-13;2;0
17;2025-11-13;3;0
17;2025-11-13;4;22
17;2025-11-13;5;300
17;2025-11-13;6;1542
17;2025-11-13;7;4307
17;2025-11-13;8;5487
17;2025-11-13;9;3924
17;2025-11-13;10;3142
17;2025-11-13;11;3031
17;2025-11-13;12;3121
17;2025-11-13;13;3091
17;2025-11-13;14;3181
17;2025-11-13;15;3204
17;2025-11-13;16;3703
17;2025-11-13;17;4435
17;2025-11-13;18;4728
17;2025-11-13;19;3295
17;2025-11-13;20;2371
17;2025-11-13;21;1470
17;2025-11-13;22;737
17;2025-11-13;23;401
17;2025-11-14;0;147
17;2025-11-14;1;17
17;2025-11-14;2;0
17;2025-11-14;3;0
17;2025-11-14;4;25
17;2025-11-14;5;294
17;2025-11-14;6;1542
17;2025-11-14;7;4242
17;2025-11-14;8;5443
17;2025-11-14;9;3952
17;2025-11-14;10;3196
17;2025-11-14;11;3169
17;2025-11-14;12;3196
17;2025-11-14;13;3305
17;2025-11-14;14;3341
17;2025-11-14;15;3579
17;2025-11-14;16;4326
17;2025-11-14;17;4828
17;2025-11-14;18;4399
17;2025-11-14;19;3194
17;2025-11-14;20;2365
17;2025-11-14;21;1604
17;2025-11-14;22;808
17;2025-11-14;23;481
17;2025-11-15;0;198
17;2025-11-15;1;24
17;2025-11-15;2;1
17;2025-11-15;3;0
17;2025-11-15;4;2
17;2025-11-15;5;122
17;2025-11-15;6;527
17;2025-11-15;7;1195
17;2025-11-15;8;1740
17;2025-11-15;9;2257
17;2025-11-15;10;2467
17;2025-11-15;11;2955
17;2025-11-15;12;3194
17;2025-11-15;13;3494
17;2025-11-15;14;3297
17;2025-11-15;15;3304
17;2025-11-15;16;3422
17;2025-11-15;17;3176
17;2025-11-15;18;2828
17;2025-11-15;19;2254
17;2025-11-15;20;1771
17;2025-11-15;21;1338
17;2025-11-15;22;678
17;2025-11-15;23;424
17;2025-11-16;0;180
17;2025-11-16;1;24
17;2025-11-16;2;0
17;2025-11-16;3;0
17;2025-11-16;4;1
17;2025-11-16;5;98
17;2025-11-16;6;414
17;2025-11-16;7;765
17;2025-11-16;8;1198
17;2025-11-16;9;1796
17;2025-11-16;10;2156
17;2025-11-16;11;2881
17;2025-11-16;12;3287
17;2025-11-16;13;3554
17;2025-11-16;14;3551
17;2025-11-16;15;3452
17;2025-11-16;16;3414
17;2025-11-16;17;3078
17;2025-11-16;18;2527
17;2025-11-16;19;2019
17;2025-11-16;20;1637
17;2025-11-16;21;1183
17;2025-11-16;22;625
17;2025-11-16;23;339
17;2025-11-17;0;116
17;2025-11-17;1;12
17;2025-11-17;2;0
17;2025-11-17;3;0
17;2025-11-17;4;23
17;2025-11-17;5;297
17;2025-11-17;6;1508
17;2025-11-17;7;3864
17;2025-11-17;8;5216
17;2025-11-17;9;3962
17;2025-11-17;10;3196
17;2025-11-17;11;3231
17;2025-11-17;12;3222
17;2025-11-17;13;3311
17;2025-11-17;14;3221
17;2025-11-17;15;3263
17;2025-11-17;16;3783
17;2025-11-17;17;4535
17;2025-11-17;18;4728
17;2025-11-17;19;3272
17;2025-11-17;20;2264
17;2025-11-17;21;1380
17;2025-11-17;22;600
17;2025-11-17;23;350
17;2025-11-18;0;117
17;2025-11-18;1;9
17;2025-11-18;2;0
17;2025-11-18;3;0
17;2025-11-18;4;24
17;2025-11-18;5;299
17;2025-11-18;6;1526
17;2025-11-18;7;3805
17;2025-11-18;8;5032
17;2025-11-18;9;3957
17;2025-11-18;10;3216
17;2025-11-18;11;3121
17;2025-11-18;12;3195
17;2025-11-18;13;3251
17;2025-11-18;14;3192
17;2025-11-18;15;3140
17;2025-11-18;16;3545
17;2025-11-18;17;4381
17;2025-11-18;18;4532
17;2025-11-18;19;3178
17;2025-11-18;20;2231
17;2025-11-18;21;1374
17;2025-11-18;22;604
17;2025-11-18;23;361
17;2025-11-19;0;127
17;2025-11-19;1;8
17;2025-11-19;2;0
17;2025-11-19;3;0
17;2025-11-19;4;24
17;2025-11-19;5;293
17;2025-11-19;6;1502
17;2025-11-19;7;3742
17;2025-11-19;8;4928
17;2025-11-19;9;3916
17;2025-11-19;10;3345
17;2025-11-19;11;3370
17;2025-11-19;12;3368
17;2025-11-19;13;3473
17;2025-11-19;14;3267
17;2025-11-19;15;3270
17;2025-11-19;16;3804
17;2025-11-19;17;4535
17;2025-11-19;18;4471
17;2025-11-19;19;3195
17;2025-11-19;20;2297
17;2025-11-19;21;1522
17;2025-11-19;22;683
17;2025-11-19;23;403
17;2025-11-20;0;131
17;2025-11-20;1;10
17;2025-11-20;2;0
17;2025-11-20;3;0
17;2025-11-20;4;23
17;2025-11-20;5;292
17;2025-11-20;6;1498
17;2025-11-20;7;3651
17;2025-11-20;8;4968
17;2025-11-20;9;3975
17;2025-11-20;10;3304
17;2025-11-20;11;3176
17;2025-11-20;12;3234
17;2025-11-20;13;3163
17;2025-11-20;14;3219
17;2025-11-20;15;3099
17;2025-11-20;16;3680
17;2025-11-20;17;4342
17;2025-11-20;18;4305
17;2025-11-20;19;3183
17;2025-11-20;20;2369
17;2025-11-20;21;1479
17;2025-11-20;22;688
17;2025-11-20;23;405
17;2025-11-21;0;150
17;2025-11-21;1;14
17;2025-11-21;2;0
17;2025-11-21;3;0
17;2025-11-21;4;23
17;2025-11-21;5;290
17;2025-11-21;6;1491
17;2025-11-21;7;3683
17;2025-11-21;8;4894
17;2025-11-21;9;3851
17;2025-11-21;10;3260
17;2025-11-21;11;3205
17;2025-11-21;12;3235
17;2025-11-21;13;3232
17;2025-11-21;14;3217
17;2025-11-21;15;3220
17;2025-11-21;16;4085
17;2025-11-21;17;4488
17;2025-11-21;18;3831
17;2025-11-21;19;2972
17;2025-11-21;20;2352
17;2025-11-21;21;1562
17;2025-11-21;22;718
17;2025-11-21;23;473
17;2025-11-22;0;200
17;2025-11-22;1;23
17;2025-11-22;2;0
17;2025-11-22;3;0
17;2025-11-22;4;3
17;2025-11-22;5;119
17;2025-11-22;6;527
17;2025-11-22;7;1211
17;2025-11-22;8;1776
17;2025-11-22;9;2290
17;2025-11-22;10;2539
17;2025-11-22;11;3017
17;2025-11-22;12;3286
17;2025-11-22;13;3517
17;2025-11-22;14;3556
17;2025-11-22;15;3430
17;2025-11-22;16;3516
17;2025-11-22;17;3208
17;2025-11-22;18;2847
17;2025-11-22;19;2197
17;2025-11-22;20;1760
17;2025-11-22;21;1321
17;2025-11-22;22;742
17;2025-11-22;23;446
17;2025-11-23;0;182
17;2025-11-23;1;23
17;2025-11-23;2;0
17;2025-11-23;3;0
17;2025-11-23;4;1
17;2025-11-23;5;94
17;2025-11-23;6;405
17;2025-11-23;7;783
17;2025-11-23;8;1223
17;2025-11-23;9;1758
17;2025-11-23;10;2092
17;2025-11-23;11;2657
17;2025-11-23;12;3003
17;2025-11-23;13;3252
17;2025-11-23;14;3412
17;2025-11-23;15;3245
17;2025-11-23;16;3236
17;2025-11-23;17;2993
17;2025-11-23;18;2466
17;2025-11-23;19;1915
17;2025-11-23;20;1549
17;2025-11-23;21;1128
17;2025-11-23;22;644
17;2025-11-23;23;342
17;2025-11-24;0;110
17;2025-11-24;1;12
17;2025-11-24;2;0
17;2025-11-24;3;1
17;2025-11-24;4;24
17;2025-11-24;5;288
17;2025-11-24;6;1463
17;2025-11-24;7;4012
17;2025-11-24;8;5406
17;2025-11-24;9;3787
17;2025-11-24;10;2897
17;2025-11-24;11;2794
17;2025-11-24;12;2786
17;2025-11-24;13;2856
17;2025-11-24;14;2874
17;2025-11-24;15;2974
17;2025-11-24;16;3490
17;2025-11-24;17;4263
17;2025-11-24;18;4440
17;2025-11-24;19;3068
17;2025-11-24;20;2139
17;2025-11-24;21;1288
17;2025-11-24;22;605
17;2025-11-24;23;329
17;2025-11-25;0;106
17;2025-11-25;1;8
17;2025-11-25;2;0
17;2025-11-25;3;0
17;2025-11-25;4;23
17;2025-11-25;5;296
17;2025-11-25;6;1512
17;2025-11-25;7;4156
17;2025-11-25;8;5457
17;2025-11-25;9;3932
17;2025-11-25;10;3066
17;2025-11-25;11;2867
17;2025-11-25;12;2924
17;2025-11-25;13;2968
17;2025-11-25;14;3050
17;2025-11-25;15;3053
17;2025-11-25;16;3455
17;2025-11-25;17;4326
17;2025-11-25;18;4509
17;2025-11-25;19;3101
17;2025-11-25;20;2209
17;2025-11-25;21;1332
17;2025-11-25;22;637
17;2025-11-25;23;358
17;2025-11-26;0;123
17;2025-11-26;1;9
17;2025-11-26;2;0
17;2025-11-26;3;0
17;2025-11-26;4;24
17;2025-11-26;5;300
17;2025-11-26;6;1508
17;2025-11-26;7;4093
17;2025-11-26;8;5368
17;2025-11-26;9;3964
17;2025-11-26;10;3177
17;2025-11-26;11;3128
17;2025-11-26;12;3046
17;2025-11-26;13;3185
17;2025-11-26;14;3161
17;2025-11-26;15;3233
17;2025-11-26;16;3698
17;2025-11-26;17;4511
17;2025-11-26;18;4600
17;2025-11-26;19;3177
17;2025-11-26;20;2255
17;2025-11-26;21;1465
17;2025-11-26;22;701
17;2025-11-26;23;400
17;2025-11-27;0;127
17;2025-11-27;1;10
17;2025-11-27;2;0
17;2025-11-27;3;0
17;2025-11-27;4;23
17;2025-11-27;5;300
17;2025-11-27;6;1533
17;2025-11-27;7;4166
17;2025-11-27;8;5474
17;2025-11-27;9;4134
17;2025-11-27;10;3353
17;2025-11-27;11;3247
17;2025-11-27;12;3284
17;2025-11-27;13;3230
17;2025-11-27;14;3390
17;2025-11-27;15;3337
17;2025-11-27;16;3857
17;2025-11-27;17;4574
17;2025-11-27;18;4690
17;2025-11-27;19;3287
17;2025-11-27;20;2410
17;2025-11-27;21;1501
17;2025-11-27;22;740
17;2025-11-27;23;418
17;2025-11-28;0;147
17;2025-11-28;1;15
17;2025-11-28;2;0
17;2025-11-28;3;0
17;2025-11-28;4;24
17;2025-11-28;5;294
17;2025-11-28;6;1514
17;2025-11-28;7;4113
17;2025-11-28;8;5339
17;2025-11-28;9;4035
17;2025-11-28;10;3282
17;2025-11-28;11;3253
17;2025-11-28;12;3270
17;2025-11-28;13;3317
17;2025-11-28;14;3405
17;2025-11-28;15;3537
17;2025-11-28;16;4393
17;2025-11-28;17;4776
17;2025-11-28;18;4248
17;2025-11-28;19;3099
17;2025-11-28;20;2369
17;2025-11-28;21;1591
17;2025-11-28;22;787
17;2025-11-28;23;484
17;2025-11-29;0;200
17;2025-11-29;1;24
17;2025-11-29;2;4
17;2025-11-29;3;0
17;2025-11-29;4;3
17;2025-11-29;5;118
17;2025-11-29;6;550
17;2025-11-29;7;1259
17;2025-11-29;8;1831
17;2025-11-29;9;2361
17;2025-11-29;10;2632
17;2025-11-29;11;3176
17;2025-11-29;12;3444
17;2025-11-29;13;3667
17;2025-11-29;14;3755
17;2025-11-29;15;3611
17;2025-11-29;16;3626
17;2025-11-29;17;3289
17;2025-11-29;18;2968
17;2025-11-29;19;2319
17;2025-11-29;20;1829
17;2025-11-29;21;1349
17;2025-11-29;22;774
17;2025-11-29;23;451
17;2025-11-30;0;183
17;2025-11-30;1;26
17;2025-11-30;2;0
17;2025-11-30;3;0
17;2025-11-30;4;1
17;2025-11-30;5;94
17;2025-11-30;6;414
17;2025-11-30;7;795
17;2025-11-30;8;1238
17;2025-11-30;9;1764
17;2025-11-30;10;2103
17;2025-11-30;11;2705
17;2025-11-30;12;3030
17;2025-11-30;13;3259
17;2025-11-30;14;3448
17;2025-11-30;15;3282
17;2025-11-30;16;3236
17;2025-11-30;17;3035
17;2025-11-30;18;2525
17;2025-11-30;19;1990
17;2025-11-30;20;1569
17;2025-11-30;21;1130
17;2025-11-30;22;645
17;2025-11-30;23;341
17;2025-12-01;0;108
17;2025-12-01;1;12
17;2025-12-01;2;0
17;2025-12-01;3;3
17;2025-12-01;4;24
17;2025-12-01;5;284
17;2025-12-01;6;1476
17;2025-12-01;7;4092
17;2025-12-01;8;5483
17;2025-12-01;9;3792
17;2025-12-01;10;2964
17;2025-12-01;11;2921
17;2025-12-01;12;2952
17;2025-12-01;13;2948
17;2025-12-01;14;3019
17;2025-12-01;15;3115
17;2025-12-01;16;3565
17;2025-12-01;17;4333
17;2025-12-01;18;4562
17;2025-12-01;19;3171
17;2025-12-01;20;2173
17;2025-12-01;21;1302
17;2025-12-01;22;623
17;2025-12-01;23;331
17;2025-12-02;0;104
17;2025-12-02;1;9
17;2025-12-02;2;0
17;2025-12-02;3;0
17;2025-12-02;4;23
17;2025-12-02;5;290
17;2025-12-02;6;1516
17;2025-12-02;7;4205
17;2025-12-02;8;5502
17;2025-12-02;9;3931
17;2025-12-02;10;3113
17;2025-12-02;11;2956
17;2025-12-02;12;3049
17;2025-12-02;13;3068
17;2025-12-02;14;3198
17;2025-12-02;15;3197
17;2025-12-02;16;3562
17;2025-12-02;17;4422
17;2025-12-02;18;4646
17;2025-12-02;19;3184
17;2025-12-02;20;2241
17;2025-12-02;21;1350
17;2025-12-02;22;659
17;2025-12-02;23;363
17;2025-12-03;0;126
17;2025-12-03;1;10
17;2025-12-03;2;1
17;2025-12-03;3;0
17;2025-12-03;4;24
17;2025-12-03;5;295
17;2025-12-03;6;1517
17;2025-12-03;7;4176
17;2025-12-03;8;5458
17;2025-12-03;9;3935
17;2025-12-03;10;3187
17;2025-12-03;11;3204
17;2025-12-03;12;3157
17;2025-12-03;13;3230
17;2025-12-03;14;3271
17;2025-12-03;15;3333
17;2025-12-03;16;3757
17;2025-12-03;17;4499
17;2025-12-03;18;4622
17;2025-12-03;19;3188
17;2025-12-03;20;2263
17;2025-12-03;21;1445
17;2025-12-03;22;706
17;2025-12-03;23;406
17;2025-12-04;0;127
17;2025-12-04;1;12
17;2025-12-04;2;0
17;2025-12-04;3;0
17;2025-12-04;4;23
17;2025-12-04;5;294
17;2025-12-04;6;1526
17;2025-12-04;7;4171
17;2025-12-04;8;5431
17;2025-12-04;9;3973
17;2025-12-04;10;3199
17;2025-12-04;11;3109
17;2025-12-04;12;3179
17;2025-12-04;13;3116
17;2025-12-04;14;3242
17;2025-12-04;15;3225
17;2025-12-04;16;3740
17;2025-12-04;17;4430
17;2025-12-04;18;4624
17;2025-12-04;19;3218
17;2025-12-04;20;2341
17;2025-12-04;21;1428
17;2025-12-04;22;717
17;2025-12-04;23;404
17;2025-12-05;0;144
17;2025-12-05;1;16
17;2025-12-05;2;0
17;2025-12-05;3;0
17;2025-12-05;4;24
17;2025-12-05;5;289
17;2025-12-05;6;1529
17;2025-12-05;7;4165
17;2025-12-05;8;5417
17;2025-12-05;9;3960
17;2025-12-05;10;3196
17;2025-12-05;11;3206
17;2025-12-05;12;3221
17;2025-12-05;13;3269
17;2025-12-05;14;3357
17;2025-12-05;15;3513
17;2025-12-05;16;4304
17;2025-12-05;17;4689
17;2025-12-05;18;4214
17;2025-12-05;19;3071
17;2025-12-05;20;2315
17;2025-12-05;21;1546
17;2025-12-05;22;772
17;2025-12-05;23;476
17;2025-12-06;0;198
17;2025-12-06;1;23
17;2025-12-06;2;0
17;2025-12-06;3;0
17;2025-12-06;4;3
17;2025-12-06;5;118
17;2025-12-06;6;527
17;2025-12-06;7;1248
17;2025-12-06;8;1796
17;2025-12-06;9;2273
17;2025-12-06;10;2482
17;2025-12-06;11;2952
17;2025-12-06;12;3246
17;2025-12-06;13;3455
17;2025-12-06;14;3463
17;2025-12-06;15;3377
17;2025-12-06;16;3470
17;2025-12-06;17;3165
17;2025-12-06;18;2847
17;2025-12-06;19;2245
17;2025-12-06;20;1773
17;2025-12-06;21;1314
17;2025-12-06;22;717
17;2025-12-06;23;439
17;2025-12-07;0;180
17;2025-12-07;1;24
17;2025-12-07;2;0
17;2025-12-07;3;0
17;2025-12-07;4;2
17;2025-12-07;5;94
17;2025-12-07;6;406
17;2025-12-07;7;805
17;2025-12-07;8;1243
17;2025-12-07;9;1741
17;2025-12-07;10;2043
17;2025-12-07;11;2637
17;2025-12-07;12;2995
17;2025-12-07;13;3225
17;2025-12-07;14;3360
17;2025-12-07;15;3232
17;2025-12-07;16;3226
17;2025-12-07;17;2981
17;2025-12-07;18;2475
17;2025-12-07;19;1944
17;2025-12-07;20;1567
17;2025-12-07;21;1117
17;2025-12-07;22;626
17;2025-12-07;23;337
17;2025-12-08;0;110
17;2025-12-08;1;12
17;2025-12-08;2;0
17;2025-12-08;3;1
17;2025-12-08;4;24
17;2025-12-08;5;287
17;2025-12-08;6;1480
17;2025-12-08;7;4109
17;2025-12-08;8;5476
17;2025-12-08;9;3829
17;2025-12-08;10;2967
17;2025-12-08;11;2931
17;2025-12-08;12;2915
17;2025-12-08;13;2988
17;2025-12-08;14;3024
17;2025-12-08;15;3115
17;2025-12-08;16;3601
17;2025-12-08;17;4385
17;2025-12-08;18;4565
17;2025-12-08;19;3180
17;2025-12-08;20;2184
17;2025-12-08;21;1314
17;2025-12-08;22;608
17;2025-12-08;23;336
17;2025-12-09;0;109
17;2025-12-09;1;9
17;2025-12-09;2;0
17;2025-12-09;3;0
17;2025-12-09;4;23
17;2025-12-09;5;290
17;2025-12-09;6;1504
17;2025-12-09;7;4116
17;2025-12-09;8;5404
17;2025-12-09;9;3902
17;2025-12-09;10;3044
17;2025-12-09;11;2883
17;2025-12-09;12;2963
17;2025-12-09;13;3027
17;2025-12-09;14;3076
17;2025-12-09;15;3079
17;2025-12-09;16;3445
17;2025-12-09;17;4304
17;2025-12-09;18;4530
17;2025-12-09;19;3120
17;2025-12-09;20;2171
17;2025-12-09;21;1320
17;2025-12-09;22;623
17;2025-12-09;23;356
17;2025-12-10;0;122
17;2025-12-10;1;9
17;2025-12-10;2;0
17;2025-12-10;3;0
17;2025-12-10;4;24
17;2025-12-10;5;289
17;2025-12-10;6;1489
17;2025-12-10;7;4061
17;2025-12-10;8;5259
17;2025-12-10;9;3878
17;2025-12-10;10;3165
17;2025-12-10;11;3179
17;2025-12-10;12;3156
17;2025-12-10;13;3271
17;2025-12-10;14;3162
17;2025-12-10;15;3248
17;2025-12-10;16;3702
17;2025-12-10;17;4463
17;2025-12-10;18;4608
17;2025-12-10;19;3172
17;2025-12-10;20;2218
17;2025-12-10;21;1462
17;2025-12-10;22;691
17;2025-12-10;23;400
17;2025-12-11;0;127
17;2025-12-11;1;9
17;2025-12-11;2;0
17;2025-12-11;3;0
17;2025-12-11;4;23
17;2025-12-11;5;287
17;2025-12-11;6;1488
17;2025-12-11;7;3995
17;2025-12-11;8;5306
17;2025-12-11;9;3949
17;2025-12-11;10;3227
17;2025-12-11;11;3146
17;2025-12-11;12;3255
17;2025-12-11;13;3180
17;2025-12-11;14;3242
17;2025-12-11;15;3180
17;2025-12-11;16;3694
17;2025-12-11;17;4391
17;2025-12-11;18;4556
17;2025-12-11;19;3170
17;2025-12-11;20;2314
17;2025-12-11;21;1441
17;2025-12-11;22;706
17;2025-12-11;23;408
17;2025-12-12;0;146
17;2025-12-12;1;15
17;2025-12-12;2;0
17;2025-12-12;3;0
17;2025-12-12;4;24
17;2025-12-12;5;280
17;2025-12-12;6;1467
17;2025-12-12;7;3920
17;2025-12-12;8;5158
17;2025-12-12;9;3828
17;2025-12-12;10;3150
17;2025-12-12;11;3139
17;2025-12-12;12;3203
17;2025-12-12;13;3217
17;2025-12-12;14;3210
17;2025-12-12;15;3306
17;2025-12-12;16;4100
17;2025-12-12;17;4528
17;2025-12-12;18;4025
17;2025-12-12;19;2952
17;2025-12-12;20;2249
17;2025-12-12;21;1513
17;2025-12-12;22;738
17;2025-12-12;23;473
17;2025-12-13;0;203
17;2025-12-13;1;23
17;2025-12-13;2;2
17;2025-12-13;3;0
17;2025-12-13;4;1
17;2025-12-13;5;113
17;2025-12-13;6;515
17;2025-12-13;7;1168
17;2025-12-13;8;1739
17;2025-12-13;9;2260
17;2025-12-13;10;2528
17;2025-12-13;11;3017
17;2025-12-13;12;3291
17;2025-12-13;13;3539
17;2025-12-13;14;3471
17;2025-12-13;15;3318
17;2025-12-13;16;3410
17;2025-12-13;17;3122
17;2025-12-13;18;2770
17;2025-12-13;19;2189
17;2025-12-13;20;1735
17;2025-12-13;21;1292
17;2025-12-13;22;696
17;2025-12-13;23;435
17;2025-12-14;0;185
17;2025-12-14;1;22
17;2025-12-14;2;0
17;2025-12-14;3;0
17;2025-12-14;4;1
17;2025-12-14;5;90
17;2025-12-14;6;400
17;2025-12-14;7;760
17;2025-12-14;8;1187
17;2025-12-14;9;1763
17;2025-12-14;10;2118
17;2025-12-14;11;2741
17;2025-12-14;12;3108
17;2025-12-14;13;3346
17;2025-12-14;14;3424
17;2025-12-14;15;3251
17;2025-12-14;16;3240
17;2025-12-14;17;3007
17;2025-12-14;18;2464
17;2025-12-14;19;1942
17;2025-12-14;20;1549
17;2025-12-14;21;1127
17;2025-12-14;22;623
17;2025-12-14;23;346
17;2025-12-15;0;111
17;2025-12-15;1;10
17;2025-12-15;2;0
17;2025-12-15;3;2
17;2025-12-15;4;22
17;2025-12-15;5;277
17;2025-12-15;6;1435
17;2025-12-15;7;3907
17;2025-12-15;8;5332
17;2025-12-15;9;3876
17;2025-12-15;10;3110
17;2025-12-15;11;3110
17;2025-12-15;12;3152
17;2025-12-15;13;3178
17;2025-12-15;14;3163
17;2025-12-15;15;3217
17;2025-12-15;16;3724
17;2025-12-15;17;4432
17;2025-12-15;18;4576
17;2025-12-15;19;3202
17;2025-12-15;20;2210
17;2025-12-15;21;1344
17;2025-12-15;22;630
17;2025-12-15;23;347
17;2025-12-16;0;110
17;2025-12-16;1;8
17;2025-12-16;2;0
17;2025-12-16;3;0
17;2025-12-16;4;21
17;2025-12-16;5;277
17;2025-12-16;6;1466
17;2025-12-16;7;3916
17;2025-12-16;8;5265
17;2025-12-16;9;3910
17;2025-12-16;10;3140
17;2025-12-16;11;3001
17;2025-12-16;12;3102
17;2025-12-16;13;3063
17;2025-12-16;14;3145
17;2025-12-16;15;3047
17;2025-12-16;16;3461
17;2025-12-16;17;4217
17;2025-12-16;18;4409
17;2025-12-16;19;3083
17;2025-12-16;20;2208
17;2025-12-16;21;1320
17;2025-12-16;22;629
17;2025-12-16;23;368
17;2025-12-17;0;125
17;2025-12-17;1;8
17;2025-12-17;2;0
17;2025-12-17;3;0
17;2025-12-17;4;22
17;2025-12-17;5;284
17;2025-12-17;6;1458
17;2025-12-17;7;3826
17;2025-12-17;8;5089
17;2025-12-17;9;3777
17;2025-12-17;10;3055
17;2025-12-17;11;2991
17;2025-12-17;12;2961
17;2025-12-17;13;3051
17;2025-12-17;14;2917
17;2025-12-17;15;2922
17;2025-12-17;16;3456
17;2025-12-17;17;4186
17;2025-12-17;18;4271
17;2025-12-17;19;3031
17;2025-12-17;20;2146
17;2025-12-17;21;1380
17;2025-12-17;22;643
17;2025-12-17;23;392
17;2025-12-18;0;124
17;2025-12-18;1;9
17;2025-12-18;2;0
17;2025-12-18;3;0
17;2025-12-18;4;23
17;2025-12-18;5;284
17;2025-12-18;6;1498
17;2025-12-18;7;3945
17;2025-12-18;8;5267
17;2025-12-18;9;3921
17;2025-12-18;10;3208
17;2025-12-18;11;3084
17;2025-12-18;12;3127
17;2025-12-18;13;3076
17;2025-12-18;14;3122
17;2025-12-18;15;3073
17;2025-12-18;16;3620
17;2025-12-18;17;4294
17;2025-12-18;18;4406
17;2025-12-18;19;3148
17;2025-12-18;20;2307
17;2025-12-18;21;1432
17;2025-12-18;22;693
17;2025-12-18;23;399
17;2025-12-19;0;149
17;2025-12-19;1;14
17;2025-12-19;2;0
17;2025-12-19;3;0
17;2025-12-19;4;22
17;2025-12-19;5;279
17;2025-12-19;6;1485
17;2025-12-19;7;3893
17;2025-12-19;8;5175
17;2025-12-19;9;3921
17;2025-12-19;10;3241
17;2025-12-19;11;3229
17;2025-12-19;12;3244
17;2025-12-19;13;3290
17;2025-12-19;14;3318
17;2025-12-19;15;3392
17;2025-12-19;16;4229
17;2025-12-19;17;4629
17;2025-12-19;18;4060
17;2025-12-19;19;3029
17;2025-12-19;20;2329
17;2025-12-19;21;1551
17;2025-12-19;22;760
17;2025-12-19;23;477
17;2025-12-20;0;200
17;2025-12-20;1;22
17;2025-12-20;2;0
17;2025-12-20;3;0
17;2025-12-20;4;1
17;2025-12-20;5;111
17;2025-12-20;6;464
17;2025-12-20;7;1105
17;2025-12-20;8;1624
17;2025-12-20;9;2087
17;2025-12-20;10;2385
17;2025-12-20;11;2856
17;2025-12-20;12;3202
17;2025-12-20;13;3393
17;2025-12-20;14;3020
17;2025-12-20;15;3080
17;2025-12-20;16;3193
17;2025-12-20;17;2949
17;2025-12-20;18;2635
17;2025-12-20;19;2086
17;2025-12-20;20;1651
17;2025-12-20;21;1246
17;2025-12-20;22;652
17;2025-12-20;23;425
17;2025-12-21;0;179
17;2025-12-21;1;19
17;2025-12-21;2;0
17;2025-12-21;3;0
17;2025-12-21;4;2
17;2025-12-21;5;90
17;2025-12-21;6;361
17;2025-12-21;7;694
17;2025-12-21;8;1084
17;2025-12-21;9;1572
17;2025-12-21;10;1837
17;2025-12-21;11;2412
17;2025-12-21;12;2766
17;2025-12-21;13;2940
17;2025-12-21;14;2769
17;2025-12-21;15;2763
17;2025-12-21;16;2794
17;2025-12-21;17;2650
17;2025-12-21;18;2184
17;2025-12-21;19;1741
17;2025-12-21;20;1431
17;2025-12-21;21;1002
17;2025-12-21;22;547
17;2025-12-21;23;324
17;2025-12-22;0;111
17;2025-12-22;1;11
17;2025-12-22;2;0
17;2025-12-22;3;0
17;2025-12-22;4;23
17;2025-12-22;5;284
17;2025-12-22;6;1375
17;2025-12-22;7;3611
17;2025-12-22;8;5044
17;2025-12-22;9;3751
17;2025-12-22;10;2950
17;2025-12-22;11;3014
17;2025-12-22;12;2986
17;2025-12-22;13;3023
17;2025-12-22;14;2768
17;2025-12-22;15;2883
17;2025-12-22;16;3319
17;2025-12-22;17;4137
17;2025-12-22;18;4302
17;2025-12-22;19;3037
17;2025-12-22;20;2076
17;2025-12-22;21;1286
17;2025-12-22;22;568
17;2025-12-22;23;328
17;2025-12-23;0;111
17;2025-12-23;1;8
17;2025-12-23;2;0
17;2025-12-23;3;0
17;2025-12-23;4;20
17;2025-12-23;5;284
17;2025-12-23;6;1389
17;2025-12-23;7;3572
17;2025-12-23;8;4827
17;2025-12-23;9;3810
17;2025-12-23;10;3075
17;2025-12-23;11;2919
17;2025-12-23;12;2942
17;2025-12-23;13;3015
17;2025-12-23;14;2798
17;2025-12-23;15;2884
17;2025-12-23;16;3173
17;2025-12-23;17;4078
17;2025-12-23;18;4285
17;2025-12-23;19;3016
17;2025-12-23;20;2100
17;2025-12-23;21;1308
17;2025-12-23;22;597
17;2025-12-23;23;352
17;2025-12-24;0;121
17;2025-12-24;1;8
17;2025-12-24;2;0
17;2025-12-24;3;0
17;2025-12-24;4;21
17;2025-12-24;5;283
17;2025-12-24;6;1375
17;2025-12-24;7;3575
17;2025-12-24;8;4710
17;2025-12-24;9;3691
17;2025-12-24;10;3227
17;2025-12-24;11;3263
17;2025-12-24;12;3350
17;2025-12-24;13;3339
17;2025-12-24;14;2879
17;2025-12-24;15;3039
17;2025-12-24;16;3434
17;2025-12-24;17;4232
17;2025-12-24;18;4270
17;2025-12-24;19;3024
17;2025-12-24;20;2137
17;2025-12-24;21;1452
17;2025-12-24;22;655
17;2025-12-24;23;397
17;2025-12-25;0;121
17;2025-12-25;1;4
17;2025-12-25;2;0
17;2025-12-25;3;0
17;2025-12-25;4;24
17;2025-12-25;5;280
17;2025-12-25;6;1383
17;2025-12-25;7;3480
17;2025-12-25;8;4788
17;2025-12-25;9;3689
17;2025-12-25;10;3075
17;2025-12-25;11;2960
17;2025-12-25;12;3157
17;2025-12-25;13;2922
17;2025-12-25;14;2798
17;2025-12-25;15;2798
17;2025-12-25;16;3322
17;2025-12-25;17;4060
17;2025-12-25;18;4224
17;2025-12-25;19;2958
17;2025-12-25;20;2186
17;2025-12-25;21;1365
17;2025-12-25;22;650
17;2025-12-25;23;384
17;2025-12-26;0;144
17;2025-12-26;1;11
17;2025-12-26;2;0
17;2025-12-26;3;0
17;2025-12-26;4;20
17;2025-12-26;5;273
17;2025-12-26;6;1373
17;2025-12-26;7;3457
17;2025-12-26;8;4785
17;2025-12-26;9;3634
17;2025-12-26;10;3095
17;2025-12-26;11;3039
17;2025-12-26;12;3116
17;2025-12-26;13;3015
17;2025-12-26;14;2815
17;2025-12-26;15;2907
17;2025-12-26;16;3696
17;2025-12-26;17;4234
17;2025-12-26;18;3670
17;2025-12-26;19;2713
17;2025-12-26;20;2133
17;2025-12-26;21;1429
17;2025-12-26;22;682
17;2025-12-26;23;454
17;2025-12-27;0;197
17;2025-12-27;1;23
17;2025-12-27;2;0
17;2025-12-27;3;0
17;2025-12-27;4;1
17;2025-12-27;5;102
17;2025-12-27;6;456
17;2025-12-27;7;1062
17;2025-12-27;8;1592
17;2025-12-27;9;2024
17;2025-12-27;10;2298
17;2025-12-27;11;2693
17;2025-12-27;12;3018
17;2025-12-27;13;3062
17;2025-12-27;14;2828
17;2025-12-27;15;2786
17;2025-12-27;16;2996
17;2025-12-27;17;2717
17;2025-12-27;18;2506
17;2025-12-27;19;2002
17;2025-12-27;20;1575
17;2025-12-27;21;1130
17;2025-12-27;22;621
17;2025-12-27;23;403
17;2025-12-28;0;174
17;2025-12-28;1;17
17;2025-12-28;2;0
17;2025-12-28;3;0
17;2025-12-28;4;1
17;2025-12-28;5;81
17;2025-12-28;6;355
17;2025-12-28;7;691
17;2025-12-28;8;1124
17;2025-12-28;9;1557
17;2025-12-28;10;1870
17;2025-12-28;11;2382
17;2025-12-28;12;2707
17;2025-12-28;13;2794
17;2025-12-28;14;2703
17;2025-12-28;15;2604
17;2025-12-28;16;2667
17;2025-12-28;17;2517
17;2025-12-28;18;2134
17;2025-12-28;19;1747
17;2025-12-28;20;1397
17;2025-12-28;21;938
17;2025-12-28;22;533
17;2025-12-28;23;321
17;2025-12-29;0;109
17;2025-12-29;1;13
17;2025-12-29;2;0
17;2025-12-29;3;0
17;2025-12-29;4;22
17;2025-12-29;5;260
17;2025-12-29;6;1343
17;2025-12-29;7;3518
17;2025-12-29;8;4971
17;2025-12-29;9;3538
17;2025-12-29;10;2779
17;2025-12-29;11;2749
17;2025-12-29;12;2669
17;2025-12-29;13;2660
17;2025-12-29;14;2555
17;2025-12-29;15;2605
17;2025-12-29;16;3005
17;2025-12-29;17;3836
17;2025-12-29;18;3984
17;2025-12-29;19;2928
17;2025-12-29;20;1975
17;2025-12-29;21;1156
17;2025-12-29;22;542
17;2025-12-29;23;318
17;2025-12-30;0;108
17;2025-12-30;1;9
17;2025-12-30;2;0
17;2025-12-30;3;0
17;2025-12-30;4;20
17;2025-12-30;5;269
17;2025-12-30;6;1417
17;2025-12-30;7;3673
17;2025-12-30;8;4980
17;2025-12-30;9;3771
17;2025-12-30;10;3035
17;2025-12-30;11;2850
17;2025-12-30;12;2884
17;2025-12-30;13;2847
17;2025-12-30;14;2828
17;2025-12-30;15;2805
17;2025-12-30;16;3086
17;2025-12-30;17;3907
17;2025-12-30;18;4226
17;2025-12-30;19;3007
17;2025-12-30;20;2099
17;2025-12-30;21;1228
17;2025-12-30;22;604
17;2025-12-30;23;365
17;2025-12-31;0;169
17;2025-12-31;1;22
17;2025-12-31;2;0
17;2025-12-31;3;0
17;2025-12-31;4;0
17;2025-12-31;5;83
17;2025-12-31;6;369
17;2025-12-31;7;671
17;2025-12-31;8;1094
17;2025-12-31;9;1652
17;2025-12-31;10;2089
17;2025-12-31;11;2661
17;2025-12-31;12;3070
17;2025-12-31;13;3207
17;2025-12-31;14;2957
17;2025-12-31;15;2882
17;2025-12-31;16;2907
17;2025-12-31;17;2701
17;2025-12-31;18;2310
17;2025-12-31;19;1863
17;2025-12-31;20;1453
17;2025-12-31;21;1061
17;2025-12-31;22;606
17;2025-12-31;23;335
25;2025-11-01;0;6
25;2025-11-01;1;0
25;2025-11-01;2;0
25;2025-11-01;3;0
25;2025-11-01;4;0
25;2025-11-01;5;11
25;2025-11-01;6;208
25;2025-11-01;7;512
25;2025-11-01;8;818
25;2025-11-01;9;427
25;2025-11-01;10;336
25;2025-11-01;11;432
25;2025-11-01;12;410
25;2025-11-01;13;558
25;2025-11-01;14;532
25;2025-11-01;15;604
25;2025-11-01;16;731
25;2025-11-01;17;787
25;2025-11-01;18;646
25;2025-11-01;19;488
25;2025-11-01;20;308
25;2025-11-01;21;218
25;2025-11-01;22;116
25;2025-11-01;23;6
25;2025-11-02;0;15
25;2025-11-02;1;0
25;2025-11-02;2;0
25;2025-11-02;3;0
25;2025-11-02;4;0
25;2025-11-02;5;9
25;2025-11-02;6;75
25;2025-11-02;7;102
25;2025-11-02;8;182
25;2025-11-02;9;226
25;2025-11-02;10;229
25;2025-11-02;11;310
25;2025-11-02;12;363
25;2025-11-02;13;494
25;2025-11-02;14;542
25;2025-11-02;15;616
25;2025-11-02;16;543
25;2025-11-02;17;480
25;2025-11-02;18;395
25;2025-11-02;19;322
25;2025-11-02;20;241
25;2025-11-02;21;181
25;2025-11-02;22;99
25;2025-11-02;23;35
25;2025-11-03;0;15
25;2025-11-03;1;0
25;2025-11-03;2;0
25;2025-11-03;3;0
25;2025-11-03;4;0
25;2025-11-03;5;11
25;2025-11-03;6;73
25;2025-11-03;7;105
25;2025-11-03;8;198
25;2025-11-03;9;245
25;2025-11-03;10;252
25;2025-11-03;11;316
25;2025-11-03;12;402
25;2025-11-03;13;561
25;2025-11-03;14;614
25;2025-11-03;15;698
25;2025-11-03;16;582
25;2025-11-03;17;509
25;2025-11-03;18;425
25;2025-11-03;19;391
25;2025-11-03;20;278
25;2025-11-03;21;208
25;2025-11-03;22;102
25;2025-11-03;23;44
25;2025-11-04;0;14
25;2025-11-04;1;0
25;2025-11-04;2;0
25;2025-11-04;3;0
25;2025-11-04;4;0
25;2025-11-04;5;9
25;2025-11-04;6;66
25;2025-11-04;7;101
25;2025-11-04;8;196
25;2025-11-04;9;208
25;2025-11-04;10;214
25;2025-11-04;11;293
25;2025-11-04;12;322
25;2025-11-04;13;437
25;2025-11-04;14;482
25;2025-11-04;15;586
25;2025-11-04;16;507
25;2025-11-04;17;443
25;2025-11-04;18;384
25;2025-11-04;19;348
25;2025-11-04;20;227
25;2025-11-04;21;176
25;2025-11-04;22;82
25;2025-11-04;23;34
25;2025-11-05;0;0
25;2025-11-05;1;0
25;2025-11-05;2;0
25;2025-11-05;3;0
25;2025-11-05;4;0
25;2025-11-05;5;11
25;2025-11-05;6;203
25;2025-11-05;7;513
25;2025-11-05;8;873
25;2025-11-05;9;434
25;2025-11-05;10;309
25;2025-11-05;11;372
25;2025-11-05;12;373
25;2025-11-05;13;478
25;2025-11-05;14;270
25;2025-11-05;15;450
25;2025-11-05;16;570
25;2025-11-05;17;719
25;2025-11-05;18;801
25;2025-11-05;19;507
25;2025-11-05;20;318
25;2025-11-05;21;237
25;2025-11-05;22;97
25;2025-11-05;23;6
25;2025-11-06;0;0
25;2025-11-06;1;0
25;2025-11-06;2;0
25;2025-11-06;3;0
25;2025-11-06;4;0
25;2025-11-06;5;12
25;2025-11-06;6;196
25;2025-11-06;7;537
25;2025-11-06;8;888
25;2025-11-06;9;476
25;2025-11-06;10;395
25;2025-11-06;11;388
25;2025-11-06;12;378
25;2025-11-06;13;489
25;2025-11-06;14;469
25;2025-11-06;15;563
25;2025-11-06;16;633
25;2025-11-06;17;757
25;2025-11-06;18;794
25;2025-11-06;19;566
25;2025-11-06;20;285
25;2025-11-06;21;223
25;2025-11-06;22;92
25;2025-11-06;23;4
25;2025-11-07;0;0
25;2025-11-07;1;0
25;2025-11-07;2;0
25;2025-11-07;3;0
25;2025-11-07;4;0
25;2025-11-07;5;6
25;2025-11-07;6;185
25;2025-11-07;7;559
25;2025-11-07;8;855
25;2025-11-07;9;445
25;2025-11-07;10;354
25;2025-11-07;11;442
25;2025-11-07;12;440
25;2025-11-07;13;554
25;2025-11-07;14;515
25;2025-11-07;15;600
25;2025-11-07;16;740
25;2025-11-07;17;759
25;2025-11-07;18;688
25;2025-11-07;19;497
25;2025-11-07;20;326
25;2025-11-07;21;202
25;2025-11-07;22;121
25;2025-11-07;23;11
25;2025-11-08;0;1
25;2025-11-08;1;0
25;2025-11-08;2;0
25;2025-11-08;3;0
25;2025-11-08;4;0
25;2025-11-08;5;4
25;2025-11-08;6;58
25;2025-11-08;7;146
25;2025-11-08;8;342
25;2025-11-08;9;284
25;2025-11-08;10;294
25;2025-11-08;11;419
25;2025-11-08;12;422
25;2025-11-08;13;564
25;2025-11-08;14;605
25;2025-11-08;15;701
25;2025-11-08;16;611
25;2025-11-08;17;524
25;2025-11-08;18;509
25;2025-11-08;19;438
25;2025-11-08;20;271
25;2025-11-08;21;217
25;2025-11-08;22;129
25;2025-11-08;23;54
25;2025-11-09;0;15
25;2025-11-09;1;0
25;2025-11-09;2;0
25;2025-11-09;3;0
25;2025-11-09;4;0
25;2025-11-09;5;5
25;2025-11-09;6;54
25;2025-11-09;7;104
25;2025-11-09;8;201
25;2025-11-09;9;230
25;2025-11-09;10;240
25;2025-11-09;11;318
25;2025-11-09;12;371
25;2025-11-09;13;493
25;2025-11-09;14;530
25;2025-11-09;15;635
25;2025-11-09;16;556
25;2025-11-09;17;496
25;2025-11-09;18;444
25;2025-11-09;19;354
25;2025-11-09;20;242
25;2025-11-09;21;182
25;2025-11-09;22;96
25;2025-11-09;23;39
25;2025-11-10;0;7
25;2025-11-10;1;0
25;2025-11-10;2;0
25;2025-11-10;3;0
25;2025-11-10;4;0
25;2025-11-10;5;6
25;2025-11-10;6;167
25;2025-11-10;7;589
25;2025-11-10;8;973
25;2025-11-10;9;514
25;2025-11-10;10;357
25;2025-11-10;11;416
25;2025-11-10;12;429
25;2025-11-10;13;551
25;2025-11-10;14;444
25;2025-11-10;15;540
25;2025-11-10;16;705
25;2025-11-10;17;780
25;2025-11-10;18;834
25;2025-11-10;19;514
25;2025-11-10;20;322
25;2025-11-10;21;221
25;2025-11-10;22;99
25;2025-11-10;23;6
25;2025-11-11;0;0
25;2025-11-11;1;0
25;2025-11-11;2;0
25;2025-11-11;3;0
25;2025-11-11;4;0
25;2025-11-11;5;6
25;2025-11-11;6;172
25;2025-11-11;7;575
25;2025-11-11;8;986
25;2025-11-11;9;522
25;2025-11-11;10;407
25;2025-11-11;11;461
25;2025-11-11;12;406
25;2025-11-11;13;503
25;2025-11-11;14;510
25;2025-11-11;15;574
25;2025-11-11;16;707
25;2025-11-11;17;771
25;2025-11-11;18;830
25;2025-11-11;19;517
25;2025-11-11;20;320
25;2025-11-11;21;219
25;2025-11-11;22;103
25;2025-11-11;23;7
25;2025-11-12;0;0
25;2025-11-12;1;0
25;2025-11-12;2;0
25;2025-11-12;3;0
25;2025-11-12;4;0
25;2025-11-12;5;7
25;2025-11-12;6;176
25;2025-11-12;7;565
25;2025-11-12;8;996
25;2025-11-12;9;504
25;2025-11-12;10;375
25;2025-11-12;11;441
25;2025-11-12;12;471
25;2025-11-12;13;595
25;2025-11-12;14;438
25;2025-11-12;15;571
25;2025-11-12;16;708
25;2025-11-12;17;798
25;2025-11-12;18;887
25;2025-11-12;19;538
25;2025-11-12;20;359
25;2025-11-12;21;239
25;2025-11-12;22;112
25;2025-11-12;23;8
25;2025-11-13;0;1
25;2025-11-13;1;2
25;2025-11-13;2;0
25;2025-11-13;3;0
25;2025-11-13;4;0
25;2025-11-13;5;9
25;2025-11-13;6;168
25;2025-11-13;7;577
25;2025-11-13;8;1006
25;2025-11-13;9;502
25;2025-11-13;10;416
25;2025-11-13;11;437
25;2025-11-13;12;438
25;2025-11-13;13;560
25;2025-11-13;14;513
25;2025-11-13;15;618
25;2025-11-13;16;709
25;2025-11-13;17;822
25;2025-11-13;18;870
25;2025-11-13;19;566
25;2025-11-13;20;325
25;2025-11-13;21;231
25;2025-11-13;22;112
25;2025-11-13;23;7
25;2025-11-14;0;1
25;2025-11-14;1;0
25;2025-11-14;2;0
25;2025-11-14;3;0
25;2025-11-14;4;0
25;2025-11-14;5;5
25;2025-11-14;6;167
25;2025-11-14;7;573
25;2025-11-14;8;918
25;2025-11-14;9;481
25;2025-11-14;10;383
25;2025-11-14;11;468
25;2025-11-14;12;472
25;2025-11-14;13;595
25;2025-11-14;14;569
25;2025-11-14;15;659
25;2025-11-14;16;819
25;2025-11-14;17;828
25;2025-11-14;18;732
25;2025-11-14;19;514
25;2025-11-14;20;341
25;2025-11-14;21;231
25;2025-11-14;22;134
25;2025-11-14;23;11
25;2025-11-15;0;0
25;2025-11-15;1;0
25;2025-11-15;2;0
25;2025-11-15;3;0
25;2025-11-15;4;0
25;2025-11-15;5;6
25;2025-11-15;6;55
25;2025-11-15;7;142
25;2025-11-15;8;347
25;2025-11-15;9;289
25;2025-11-15;10;304
25;2025-11-15;11;430
25;2025-11-15;12;436
25;2025-11-15;13;576
25;2025-11-15;14;566
25;2025-11-15;15;671
25;2025-11-15;16;601
25;2025-11-15;17;528
25;2025-11-15;18;506
25;2025-11-15;19;463
25;2025-11-15;20;279
25;2025-11-15;21;236
25;2025-11-15;22;115
25;2025-11-15;23;57
25;2025-11-16;0;15
25;2025-11-16;1;0
25;2025-11-16;2;0
25;2025-11-16;3;0
25;2025-11-16;4;0
25;2025-11-16;5;7
25;2025-11-16;6;55
25;2025-11-16;7;101
25;2025-11-16;8;206
25;2025-11-16;9;248
25;2025-11-16;10;270
25;2025-11-16;11;371
25;2025-11-16;12;432
25;2025-11-16;13;577
25;2025-11-16;14;590
25;2025-11-16;15;699
25;2025-11-16;16;609
25;2025-11-16;17;528
25;2025-11-16;18;469
25;2025-11-16;19;400
25;2025-11-16;20;270
25;2025-11-16;21;211
25;2025-11-16;22;100
25;2025-11-16;23;46
25;2025-11-17;0;8
25;2025-11-17;1;0
25;2025-11-17;2;0
25;2025-11-17;3;0
25;2025-11-17;4;0
25;2025-11-17;5;8
25;2025-11-17;6;171
25;2025-11-17;7;555
25;2025-11-17;8;950
25;2025-11-17;9;542
25;2025-11-17;10;398
25;2025-11-17;11;476
25;2025-11-17;12;478
25;2025-11-17;13;616
25;2025-11-17;14;472
25;2025-11-17;15;560
25;2025-11-17;16;736
25;2025-11-17;17;813
25;2025-11-17;18;879
25;2025-11-17;19;548
25;2025-11-17;20;336
25;2025-11-17;21;243
25;2025-11-17;22;95
25;2025-11-17;23;9
25;2025-11-18;0;1
25;2025-11-18;1;0
25;2025-11-18;2;0
25;2025-11-18;3;0
25;2025-11-18;4;1
25;2025-11-18;5;6
25;2025-11-18;6;169
25;2025-11-18;7;504
25;2025-11-18;8;891
25;2025-11-18;9;523
25;2025-11-18;10;436
25;2025-11-18;11;489
25;2025-11-18;12;434
25;2025-11-18;13;527
25;2025-11-18;14;502
25;2025-11-18;15;538
25;2025-11-18;16;679
25;2025-11-18;17;748
25;2025-11-18;18;793
25;2025-11-18;19;527
25;2025-11-18;20;321
25;2025-11-18;21;229
25;2025-11-18;22;91
25;2025-11-18;23;9
25;2025-11-19;0;0
25;2025-11-19;1;0
25;2025-11-19;2;0
25;2025-11-19;3;0
25;2025-11-19;4;0
25;2025-11-19;5;6
25;2025-11-19;6;170
25;2025-11-19;7;497
25;2025-11-19;8;912
25;2025-11-19;9;500
25;2025-11-19;10;398
25;2025-11-19;11;470
25;2025-11-19;12;509
25;2025-11-19;13;631
25;2025-11-19;14;472
25;2025-11-19;15;541
25;2025-11-19;16;694
25;2025-11-19;17;775
25;2025-11-19;18;827
25;2025-11-19;19;532
25;2025-11-19;20;364
25;2025-11-19;21;249
25;2025-11-19;22;104
25;2025-11-19;23;9
25;2025-11-20;0;2
25;2025-11-20;1;1
25;2025-11-20;2;0
25;2025-11-20;3;0
25;2025-11-20;4;0
25;2025-11-20;5;9
25;2025-11-20;6;162
25;2025-11-20;7;494
25;2025-11-20;8;946
25;2025-11-20;9;504
25;2025-11-20;10;442
25;2025-11-20;11;457
25;2025-11-20;12;462
25;2025-11-20;13;579
25;2025-11-20;14;519
25;2025-11-20;15;595
25;2025-11-20;16;691
25;2025-11-20;17;802
25;2025-11-20;18;804
25;2025-11-20;19;557
25;2025-11-20;20;334
25;2025-11-20;21;243
25;2025-11-20;22;107
25;2025-11-20;23;8
25;2025-11-21;0;0
25;2025-11-21;1;0
25;2025-11-21;2;0
25;2025-11-21;3;0
25;2025-11-21;4;0
25;2025-11-21;5;6
25;2025-11-21;6;165
25;2025-11-21;7;515
25;2025-11-21;8;862
25;2025-11-21;9;479
25;2025-11-21;10;405
25;2025-11-21;11;483
25;2025-11-21;12;490
25;2025-11-21;13;596
25;2025-11-21;14;569
25;2025-11-21;15;620
25;2025-11-21;16;787
25;2025-11-21;17;813
25;2025-11-21;18;662
25;2025-11-21;19;504
25;2025-11-21;20;346
25;2025-11-21;21;241
25;2025-11-21;22;123
25;2025-11-21;23;11
25;2025-11-22;0;0
25;2025-11-22;1;0
25;2025-11-22;2;0
25;2025-11-22;3;0
25;2025-11-22;4;0
25;2025-11-22;5;5
25;2025-11-22;6;53
25;2025-11-22;7;144
25;2025-11-22;8;350
25;2025-11-22;9;302
25;2025-11-22;10;318
25;2025-11-22;11;436
25;2025-11-22;12;449
25;2025-11-22;13;589
25;2025-11-22;14;620
25;2025-11-22;15;711
25;2025-11-22;16;638
25;2025-11-22;17;547
25;2025-11-22;18;518
25;2025-11-22;19;436
25;2025-11-22;20;274
25;2025-11-22;21;227
25;2025-11-22;22;125
25;2025-11-22;23;59
25;2025-11-23;0;15
25;2025-11-23;1;0
25;2025-11-23;2;0
25;2025-11-23;3;0
25;2025-11-23;4;0
25;2025-11-23;5;6
25;2025-11-23;6;49
25;2025-11-23;7;102
25;2025-11-23;8;206
25;2025-11-23;9;245
25;2025-11-23;10;260
25;2025-11-23;11;334
25;2025-11-23;12;394
25;2025-11-23;13;534
25;2025-11-23;14;565
25;2025-11-23;15;671
25;2025-11-23;16;587
25;2025-11-23;17;517
25;2025-11-23;18;457
25;2025-11-23;19;365
25;2025-11-23;20;249
25;2025-11-23;21;196
25;2025-11-23;22;98
25;2025-11-23;23;44
25;2025-11-24;0;7
25;2025-11-24;1;0
25;2025-11-24;2;0
25;2025-11-24;3;0
25;2025-11-24;4;0
25;2025-11-24;5;7
25;2025-11-24;6;160
25;2025-11-24;7;574
25;2025-11-24;8;971
25;2025-11-24;9;523
25;2025-11-24;10;359
25;2025-11-24;11;408
25;2025-11-24;12;408
25;2025-11-24;13;533
25;2025-11-24;14;420
25;2025-11-24;15;516
25;2025-11-24;16;698
25;2025-11-24;17;774
25;2025-11-24;18;834
25;2025-11-24;19;498
25;2025-11-24;20;313
25;2025-11-24;21;220
25;2025-11-24;22;92
25;2025-11-24;23;6
25;2025-11-25;0;0
25;2025-11-25;1;0
25;2025-11-25;2;0
25;2025-11-25;3;0
25;2025-11-25;4;0
25;2025-11-25;5;6
25;2025-11-25;6;166
25;2025-11-25;7;554
25;2025-11-25;8;974
25;2025-11-25;9;539
25;2025-11-25;10;420
25;2025-11-25;11;448
25;2025-11-25;12;396
25;2025-11-25;13;498
25;2025-11-25;14;494
25;2025-11-25;15;551
25;2025-11-25;16;699
25;2025-11-25;17;771
25;2025-11-25;18;812
25;2025-11-25;19;507
25;2025-11-25;20;320
25;2025-11-25;21;221
25;2025-11-25;22;97
25;2025-11-25;23;8
25;2025-11-26;0;0
25;2025-11-26;1;0
25;2025-11-26;2;0
25;2025-11-26;3;0
25;2025-11-26;4;0
25;2025-11-26;5;8
25;2025-11-26;6;171
25;2025-11-26;7;556
25;2025-11-26;8;1013
25;2025-11-26;9;533
25;2025-11-26;10;390
25;2025-11-26;11;448
25;2025-11-26;12;475
25;2025-11-26;13;613
25;2025-11-26;14;496
25;2025-11-26;15;578
25;2025-11-26;16;734
25;2025-11-26;17;811
25;2025-11-26;18;867
25;2025-11-26;19;533
25;2025-11-26;20;366
25;2025-11-26;21;238
25;2025-11-26;22;108
25;2025-11-26;23;8
25;2025-11-27;0;1
25;2025-11-27;1;2
25;2025-11-27;2;0
25;2025-11-27;3;0
25;2025-11-27;4;1
25;2025-11-27;5;10
25;2025-11-27;6;165
25;2025-11-27;7;567
25;2025-11-27;8;1052
25;2025-11-27;9;542
25;2025-11-27;10;449
25;2025-11-27;11;467
25;2025-11-27;12;471
25;2025-11-27;13;599
25;2025-11-27;14;549
25;2025-11-27;15;652
25;2025-11-27;16;755
25;2025-11-27;17;869
25;2025-11-27;18;883
25;2025-11-27;19;572
25;2025-11-27;20;344
25;2025-11-27;21;245
25;2025-11-27;22;116
25;2025-11-27;23;9
25;2025-11-28;0;0
25;2025-11-28;1;0
25;2025-11-28;2;0
25;2025-11-28;3;0
25;2025-11-28;4;0
25;2025-11-28;5;7
25;2025-11-28;6;167
25;2025-11-28;7;576
25;2025-11-28;8;944
25;2025-11-28;9;519
25;2025-11-28;10;414
25;2025-11-28;11;492
25;2025-11-28;12;499
25;2025-11-28;13;622
25;2025-11-28;14;608
25;2025-11-28;15;697
25;2025-11-28;16;881
25;2025-11-28;17;885
25;2025-11-28;18;745
25;2025-11-28;19;527
25;2025-11-28;20;358
25;2025-11-28;21;249
25;2025-11-28;22;136
25;2025-11-28;23;10
25;2025-11-29;0;0
25;2025-11-29;1;0
25;2025-11-29;2;0
25;2025-11-29;3;0
25;2025-11-29;4;1
25;2025-11-29;5;5
25;2025-11-29;6;55
25;2025-11-29;7;148
25;2025-11-29;8;355
25;2025-11-29;9;304
25;2025-11-29;10;320
25;2025-11-29;11;445
25;2025-11-29;12;455
25;2025-11-29;13;595
25;2025-11-29;14;628
25;2025-11-29;15;731
25;2025-11-29;16;636
25;2025-11-29;17;540
25;2025-11-29;18;523
25;2025-11-29;19;445
25;2025-11-29;20;277
25;2025-11-29;21;227
25;2025-11-29;22;131
25;2025-11-29;23;58
25;2025-11-30;0;15
25;2025-11-30;1;1
25;2025-11-30;2;0
25;2025-11-30;3;0
25;2025-11-30;4;0
25;2025-11-30;5;6
25;2025-11-30;6;50
25;2025-11-30;7;102
25;2025-11-30;8;206
25;2025-11-30;9;242
25;2025-11-30;10;256
25;2025-11-30;11;338
25;2025-11-30;12;393
25;2025-11-30;13;528
25;2025-11-30;14;560
25;2025-11-30;15;673
25;2025-11-30;16;579
25;2025-11-30;17;510
25;2025-11-30;18;456
25;2025-11-30;19;372
25;2025-11-30;20;249
25;2025-11-30;21;194
25;2025-11-30;22;98
25;2025-11-30;23;42
25;2025-12-01;0;7
25;2025-12-01;1;0
25;2025-12-01;2;0
25;2025-12-01;3;0
25;2025-12-01;4;0
25;2025-12-01;5;6
25;2025-12-01;6;160
25;2025-12-01;7;581
25;2025-12-01;8;979
25;2025-12-01;9;519
25;2025-12-01;10;366
25;2025-12-01;11;432
25;2025-12-01;12;436
25;2025-12-01;13;554
25;2025-12-01;14;442
25;2025-12-01;15;545
25;2025-12-01;16;712
25;2025-12-01;17;781
25;2025-12-01;18;849
25;2025-12-01;19;506
25;2025-12-01;20;315
25;2025-12-01;21;223
25;2025-12-01;22;97
25;2025-12-01;23;6
25;2025-12-02;0;0
25;2025-12-02;1;0
25;2025-12-02;2;0
25;2025-12-02;3;0
25;2025-12-02;4;0
25;2025-12-02;5;6
25;2025-12-02;6;165
25;2025-12-02;7;559
25;2025-12-02;8;975
25;2025-12-02;9;536
25;2025-12-02;10;424
25;2025-12-02;11;468
25;2025-12-02;12;416
25;2025-12-02;13;518
25;2025-12-02;14;519
25;2025-12-02;15;581
25;2025-12-02;16;720
25;2025-12-02;17;783
25;2025-12-02;18;836
25;2025-12-02;19;515
25;2025-12-02;20;323
25;2025-12-02;21;225
25;2025-12-02;22;104
25;2025-12-02;23;9
25;2025-12-03;0;0
25;2025-12-03;1;0
25;2025-12-03;2;0
25;2025-12-03;3;0
25;2025-12-03;4;0
25;2025-12-03;5;7
25;2025-12-03;6;170
25;2025-12-03;7;565
25;2025-12-03;8;1024
25;2025-12-03;9;527
25;2025-12-03;10;395
25;2025-12-03;11;472
25;2025-12-03;12;505
25;2025-12-03;13;635
25;2025-12-03;14;524
25;2025-12-03;15;611
25;2025-12-03;16;756
25;2025-12-03;17;812
25;2025-12-03;18;877
25;2025-12-03;19;528
25;2025-12-03;20;368
25;2025-12-03;21;237
25;2025-12-03;22;112
25;2025-12-03;23;9
25;2025-12-04;0;1
25;2025-12-04;1;4
25;2025-12-04;2;0
25;2025-12-04;3;0
25;2025-12-04;4;0
25;2025-12-04;5;9
25;2025-12-04;6;161
25;2025-12-04;7;563
25;2025-12-04;8;1030
25;2025-12-04;9;517
25;2025-12-04;10;429
25;2025-12-04;11;458
25;2025-12-04;12;463
25;2025-12-04;13;588
25;2025-12-04;14;535
25;2025-12-04;15;643
25;2025-12-04;16;738
25;2025-12-04;17;846
25;2025-12-04;18;870
25;2025-12-04;19;553
25;2025-12-04;20;334
25;2025-12-04;21;234
25;2025-12-04;22;115
25;2025-12-04;23;8
25;2025-12-05;0;0
25;2025-12-05;1;1
25;2025-12-05;2;0
25;2025-12-05;3;0
25;2025-12-05;4;0
25;2025-12-05;5;6
25;2025-12-05;6;165
25;2025-12-05;7;573
25;2025-12-05;8;941
25;2025-12-05;9;503
25;2025-12-05;10;399
25;2025-12-05;11;487
25;2025-12-05;12;494
25;2025-12-05;13;613
25;2025-12-05;14;596
25;2025-12-05;15;692
25;2025-12-05;16;854
25;2025-12-05;17;853
25;2025-12-05;18;726
25;2025-12-05;19;509
25;2025-12-05;20;343
25;2025-12-05;21;240
25;2025-12-05;22;133
25;2025-12-05;23;10
25;2025-12-06;0;0
25;2025-12-06;1;0
25;2025-12-06;2;0
25;2025-12-06;3;0
25;2025-12-06;4;1
25;2025-12-06;5;6
25;2025-12-06;6;54
25;2025-12-06;7;152
25;2025-12-06;8;362
25;2025-12-06;9;303
25;2025-12-06;10;314
25;2025-12-06;11;439
25;2025-12-06;12;450
25;2025-12-06;13;587
25;2025-12-06;14;612
25;2025-12-06;15;714
25;2025-12-06;16;640
25;2025-12-06;17;543
25;2025-12-06;18;520
25;2025-12-06;19;451
25;2025-12-06;20;282
25;2025-12-06;21;232
25;2025-12-06;22;127
25;2025-12-06;23;59
25;2025-12-07;0;15
25;2025-12-07;1;2
25;2025-12-07;2;0
25;2025-12-07;3;0
25;2025-12-07;4;0
25;2025-12-07;5;6
25;2025-12-07;6;50
25;2025-12-07;7;107
25;2025-12-07;8;213
25;2025-12-07;9;247
25;2025-12-07;10;259
25;2025-12-07;11;346
25;2025-12-07;12;404
25;2025-12-07;13;542
25;2025-12-07;14;573
25;2025-12-07;15;682
25;2025-12-07;16;602
25;2025-12-07;17;522
25;2025-12-07;18;465
25;2025-12-07;19;382
25;2025-12-07;20;259
25;2025-12-07;21;200
25;2025-12-07;22;100
25;2025-12-07;23;45
25;2025-12-08;0;8
25;2025-12-08;1;0
25;2025-12-08;2;0
25;2025-12-08;3;0
25;2025-12-08;4;0
25;2025-12-08;5;8
25;2025-12-08;6;164
25;2025-12-08;7;598
25;2025-12-08;8;1003
25;2025-12-08;9;539
25;2025-12-08;10;377
25;2025-12-08;11;450
25;2025-12-08;12;444
25;2025-12-08;13;575
25;2025-12-08;14;459
25;2025-12-08;15;555
25;2025-12-08;16;744
25;2025-12-08;17;807
25;2025-12-08;18;870
25;2025-12-08;19;524
25;2025-12-08;20;326
25;2025-12-08;21;229
25;2025-12-08;22;97
25;2025-12-08;23;8
25;2025-12-09;0;0
25;2025-12-09;1;0
25;2025-12-09;2;0
25;2025-12-09;3;0
25;2025-12-09;4;1
25;2025-12-09;5;6
25;2025-12-09;6;167
25;2025-12-09;7;558
25;2025-12-09;8;977
25;2025-12-09;9;544
25;2025-12-09;10;428
25;2025-12-09;11;476
25;2025-12-09;12;420
25;2025-12-09;13;525
25;2025-12-09;14;518
25;2025-12-09;15;572
25;2025-12-09;16;716
25;2025-12-09;17;780
25;2025-12-09;18;832
25;2025-12-09;19;518
25;2025-12-09;20;322
25;2025-12-09;21;225
25;2025-12-09;22;100
25;2025-12-09;23;10
25;2025-12-10;0;0
25;2025-12-10;1;0
25;2025-12-10;2;0
25;2025-12-10;3;0
25;2025-12-10;4;0
25;2025-12-10;5;7
25;2025-12-10;6;168
25;2025-12-10;7;553
25;2025-12-10;8;998
25;2025-12-10;9;525
25;2025-12-10;10;397
25;2025-12-10;11;473
25;2025-12-10;12;505
25;2025-12-10;13;636
25;2025-12-10;14;512
25;2025-12-10;15;592
25;2025-12-10;16;738
25;2025-12-10;17;799
25;2025-12-10;18;871
25;2025-12-10;19;526
25;2025-12-10;20;362
25;2025-12-10;21;239
25;2025-12-10;22;110
25;2025-12-10;23;9
25;2025-12-11;0;2
25;2025-12-11;1;3
25;2025-12-11;2;0
25;2025-12-11;3;0
25;2025-12-11;4;0
25;2025-12-11;5;9
25;2025-12-11;6;157
25;2025-12-11;7;544
25;2025-12-11;8;1018
25;2025-12-11;9;519
25;2025-12-11;10;437
25;2025-12-11;11;465
25;2025-12-11;12;473
25;2025-12-11;13;597
25;2025-12-11;14;535
25;2025-12-11;15;629
25;2025-12-11;16;722
25;2025-12-11;17;829
25;2025-12-11;18;857
25;2025-12-11;19;546
25;2025-12-11;20;333
25;2025-12-11;21;237
25;2025-12-11;22;113
25;2025-12-11;23;9
25;2025-12-12;0;0
25;2025-12-12;1;0
25;2025-12-12;2;0
25;2025-12-12;3;0
25;2025-12-12;4;1
25;2025-12-12;5;6
25;2025-12-12;6;159
25;2025-12-12;7;550
25;2025-12-12;8;909
25;2025-12-12;9;494
25;2025-12-12;10;402
25;2025-12-12;11;485
25;2025-12-12;12;495
25;2025-12-12;13;607
25;2025-12-12;14;582
25;2025-12-12;15;660
25;2025-12-12;16;822
25;2025-12-12;17;838
25;2025-12-12;18;704
25;2025-12-12;19;499
25;2025-12-12;20;337
25;2025-12-12;21;239
25;2025-12-12;22;128
25;2025-12-12;23;11
25;2025-12-13;0;0
25;2025-12-13;1;0
25;2025-12-13;2;0
25;2025-12-13;3;0
25;2025-12-13;4;0
25;2025-12-13;5;4
25;2025-12-13;6;53
25;2025-12-13;7;143
25;2025-12-13;8;347
25;2025-12-13;9;297
25;2025-12-13;10;312
25;2025-12-13;11;438
25;2025-12-13;12;447
25;2025-12-13;13;587
25;2025-12-13;14;598
25;2025-12-13;15;690
25;2025-12-13;16;618
25;2025-12-13;17;526
25;2025-12-13;18;501
25;2025-12-13;19;445
25;2025-12-13;20;278
25;2025-12-13;21;231
25;2025-12-13;22;121
25;2025-12-13;23;58
25;2025-12-14;0;15
25;2025-12-14;1;1
25;2025-12-14;2;0
25;2025-12-14;3;0
25;2025-12-14;4;0
25;2025-12-14;5;6
25;2025-12-14;6;50
25;2025-12-14;7;101
25;2025-12-14;8;203
25;2025-12-14;9;247
25;2025-12-14;10;265
25;2025-12-14;11;354
25;2025-12-14;12;413
25;2025-12-14;13;548
25;2025-12-14;14;566
25;2025-12-14;15;673
25;2025-12-14;16;589
25;2025-12-14;17;518
25;2025-12-14;18;455
25;2025-12-14;19;387
25;2025-12-14;20;259
25;2025-12-14;21;202
25;2025-12-14;22;98
25;2025-12-14;23;46
25;2025-12-15;0;8
25;2025-12-15;1;0
25;2025-12-15;2;0
25;2025-12-15;3;0
25;2025-12-15;4;0
25;2025-12-15;5;7
25;2025-12-15;6;162
25;2025-12-15;7;572
25;2025-12-15;8;964
25;2025-12-15;9;539
25;2025-12-15;10;392
25;2025-12-15;11;471
25;2025-12-15;12;471
25;2025-12-15;13;599
25;2025-12-15;14;468
25;2025-12-15;15;563
25;2025-12-15;16;741
25;2025-12-15;17;805
25;2025-12-15;18;869
25;2025-12-15;19;537
25;2025-12-15;20;331
25;2025-12-15;21;238
25;2025-12-15;22;100
25;2025-12-15;23;9
25;2025-12-16;0;0
25;2025-12-16;1;0
25;2025-12-16;2;0
25;2025-12-16;3;0
25;2025-12-16;4;0
25;2025-12-16;5;5
25;2025-12-16;6;166
25;2025-12-16;7;536
25;2025-12-16;8;935
25;2025-12-16;9;546
25;2025-12-16;10;446
25;2025-12-16;11;500
25;2025-12-16;12;444
25;2025-12-16;13;544
25;2025-12-16;14;538
25;2025-12-16;15;582
25;2025-12-16;16;725
25;2025-12-16;17;770
25;2025-12-16;18;825
25;2025-12-16;19;526
25;2025-12-16;20;331
25;2025-12-16;21;232
25;2025-12-16;22;103
25;2025-12-16;23;11
25;2025-12-17;0;1
25;2025-12-17;1;0
25;2025-12-17;2;0
25;2025-12-17;3;0
25;2025-12-17;4;0
25;2025-12-17;5;6
25;2025-12-17;6;170
25;2025-12-17;7;542
25;2025-12-17;8;967
25;2025-12-17;9;520
25;2025-12-17;10;402
25;2025-12-17;11;472
25;2025-12-17;12;506
25;2025-12-17;13;635
25;2025-12-17;14;503
25;2025-12-17;15;571
25;2025-12-17;16;731
25;2025-12-17;17;782
25;2025-12-17;18;839
25;2025-12-17;19;525
25;2025-12-17;20;362
25;2025-12-17;21;238
25;2025-12-17;22;106
25;2025-12-17;23;10
25;2025-12-18;0;2
25;2025-12-18;1;3
25;2025-12-18;2;0
25;2025-12-18;3;0
25;2025-12-18;4;0
25;2025-12-18;5;8
25;2025-12-18;6;159
25;2025-12-18;7;536
25;2025-12-18;8;998
25;2025-12-18;9;509
25;2025-12-18;10;432
25;2025-12-18;11;457
25;2025-12-18;12;459
25;2025-12-18;13;580
25;2025-12-18;14;515
25;2025-12-18;15;607
25;2025-12-18;16;710
25;2025-12-18;17;811
25;2025-12-18;18;823
25;2025-12-18;19;546
25;2025-12-18;20;332
25;2025-12-18;21;236
25;2025-12-18;22;111
25;2025-12-18;23;9
25;2025-12-19;0;0
25;2025-12-19;1;0
25;2025-12-19;2;0
25;2025-12-19;3;0
25;2025-12-19;4;0
25;2025-12-19;5;5
25;2025-12-19;6;161
25;2025-12-19;7;533
25;2025-12-19;8;891
25;2025-12-19;9;487
25;2025-12-19;10;395
25;2025-12-19;11;478
25;2025-12-19;12;483
25;2025-12-19;13;593
25;2025-12-19;14;568
25;2025-12-19;15;641
25;2025-12-19;16;803
25;2025-12-19;17;817
25;2025-12-19;18;675
25;2025-12-19;19;492
25;2025-12-19;20;336
25;2025-12-19;21;238
25;2025-12-19;22;127
25;2025-12-19;23;10
25;2025-12-20;0;0
25;2025-12-20;1;0
25;2025-12-20;2;0
25;2025-12-20;3;0
25;2025-12-20;4;0
25;2025-12-20;5;5
25;2025-12-20;6;48
25;2025-12-20;7;138
25;2025-12-20;8;337
25;2025-12-20;9;293
25;2025-12-20;10;324
25;2025-12-20;11;461
25;2025-12-20;12;477
25;2025-12-20;13;623
25;2025-12-20;14;587
25;2025-12-20;15;703
25;2025-12-20;16;623
25;2025-12-20;17;521
25;2025-12-20;18;490
25;2025-12-20;19;437
25;2025-12-20;20;281
25;2025-12-20;21;240
25;2025-12-20;22;121
25;2025-12-20;23;63
25;2025-12-21;0;16
25;2025-12-21;1;0
25;2025-12-21;2;0
25;2025-12-21;3;0
25;2025-12-21;4;1
25;2025-12-21;5;6
25;2025-12-21;6;44
25;2025-12-21;7;91
25;2025-12-21;8;182
25;2025-12-21;9;225
25;2025-12-21;10;233
25;2025-12-21;11;319
25;2025-12-21;12;370
25;2025-12-21;13;492
25;2025-12-21;14;470
25;2025-12-21;15;569
25;2025-12-21;16;511
25;2025-12-21;17;453
25;2025-12-21;18;395
25;2025-12-21;19;341
25;2025-12-21;20;238
25;2025-12-21;21;180
25;2025-12-21;22;84
25;2025-12-21;23;45
25;2025-12-22;0;8
25;2025-12-22;1;0
25;2025-12-22;2;0
25;2025-12-22;3;0
25;2025-12-22;4;0
25;2025-12-22;5;9
25;2025-12-22;6;158
25;2025-12-22;7;535
25;2025-12-22;8;927
25;2025-12-22;9;539
25;2025-12-22;10;379
25;2025-12-22;11;468
25;2025-12-22;12;458
25;2025-12-22;13;582
25;2025-12-22;14;417
25;2025-12-22;15;501
25;2025-12-22;16;678
25;2025-12-22;17;746
25;2025-12-22;18;807
25;2025-12-22;19;507
25;2025-12-22;20;311
25;2025-12-22;21;230
25;2025-12-22;22;89
25;2025-12-22;23;8
25;2025-12-23;0;0
25;2025-12-23;1;1
25;2025-12-23;2;0
25;2025-12-23;3;0
25;2025-12-23;4;0
25;2025-12-23;5;7
25;2025-12-23;6;162
25;2025-12-23;7;497
25;2025-12-23;8;883
25;2025-12-23;9;562
25;2025-12-23;10;466
25;2025-12-23;11;519
25;2025-12-23;12;448
25;2025-12-23;13;559
25;2025-12-23;14;507
25;2025-12-23;15;574
25;2025-12-23;16;691
25;2025-12-23;17;765
25;2025-12-23;18;804
25;2025-12-23;19;524
25;2025-12-23;20;332
25;2025-12-23;21;241
25;2025-12-23;22;104
25;2025-12-23;23;12
25;2025-12-24;0;1
25;2025-12-24;1;0
25;2025-12-24;2;0
25;2025-12-24;3;0
25;2025-12-24;4;0
25;2025-12-24;5;7
25;2025-12-24;6;160
25;2025-12-24;7;495
25;2025-12-24;8;884
25;2025-12-24;9;515
25;2025-12-24;10;420
25;2025-12-24;11;500
25;2025-12-24;12;549
25;2025-12-24;13;659
25;2025-12-24;14;476
25;2025-12-24;15;564
25;2025-12-24;16;682
25;2025-12-24;17;755
25;2025-12-24;18;786
25;2025-12-24;19;497
25;2025-12-24;20;352
25;2025-12-24;21;244
25;2025-12-24;22;104
25;2025-12-24;23;11
25;2025-12-25;0;1
25;2025-12-25;1;0
25;2025-12-25;2;0
25;2025-12-25;3;0
25;2025-12-25;4;1
25;2025-12-25;5;9
25;2025-12-25;6;148
25;2025-12-25;7;476
25;2025-12-25;8;904
25;2025-12-25;9;488
25;2025-12-25;10;425
25;2025-12-25;11;442
25;2025-12-25;12;471
25;2025-12-25;13;550
25;2025-12-25;14;455
25;2025-12-25;15;545
25;2025-12-25;16;636
25;2025-12-25;17;751
25;2025-12-25;18;763
25;2025-12-25;19;493
25;2025-12-25;20;310
25;2025-12-25;21;225
25;2025-12-25;22;98
25;2025-12-25;23;8
25;2025-12-26;0;0
25;2025-12-26;1;0
25;2025-12-26;2;0
25;2025-12-26;3;0
25;2025-12-26;4;0
25;2025-12-26;5;6
25;2025-12-26;6;153
25;2025-12-26;7;491
25;2025-12-26;8;840
25;2025-12-26;9;481
25;2025-12-26;10;403
25;2025-12-26;11;476
25;2025-12-26;12;489
25;2025-12-26;13;574
25;2025-12-26;14;512
25;2025-12-26;15;577
25;2025-12-26;16;730
25;2025-12-26;17;787
25;2025-12-26;18;620
25;2025-12-26;19;444
25;2025-12-26;20;320
25;2025-12-26;21;230
25;2025-12-26;22;115
25;2025-12-26;23;10
25;2025-12-27;0;0
25;2025-12-27;1;0
25;2025-12-27;2;0
25;2025-12-27;3;0
25;2025-12-27;4;0
25;2025-12-27;5;0
25;2025-12-27;6;43
25;2025-12-27;7;126
25;2025-12-27;8;304
25;2025-12-27;9;267
25;2025-12-27;10;292
25;2025-12-27;11;406
25;2025-12-27;12;418
25;2025-12-27;13;533
25;2025-12-27;14;505
25;2025-12-27;15;598
25;2025-12-27;16;555
25;2025-12-27;17;466
25;2025-12-27;18;444
25;2025-12-27;19;384
25;2025-12-27;20;250
25;2025-12-27;21;199
25;2025-12-27;22;106
25;2025-12-27;23;53
25;2025-12-28;0;16
25;2025-12-28;1;0
25;2025-12-28;2;0
25;2025-12-28;3;0
25;2025-12-28;4;0
25;2025-12-28;5;1
25;2025-12-28;6;40
25;2025-12-28;7;85
25;2025-12-28;8;178
25;2025-12-28;9;215
25;2025-12-28;10;229
25;2025-12-28;11;306
25;2025-12-28;12;350
25;2025-12-28;13;466
25;2025-12-28;14;445
25;2025-12-28;15;530
25;2025-12-28;16;473
25;2025-12-28;17;427
25;2025-12-28;18;377
25;2025-12-28;19;317
25;2025-12-28;20;220
25;2025-12-28;21;158
25;2025-12-28;22;78
25;2025-12-28;23;42
25;2025-12-29;0;9
25;2025-12-29;1;0
25;2025-12-29;2;0
25;2025-12-29;3;0
25;2025-12-29;4;0
25;2025-12-29;5;2
25;2025-12-29;6;144
25;2025-12-29;7;489
25;2025-12-29;8;832
25;2025-12-29;9;475
25;2025-12-29;10;339
25;2025-12-29;11;405
25;2025-12-29;12;386
25;2025-12-29;13;499
25;2025-12-29;14;360
25;2025-12-29;15;437
25;2025-12-29;16;580
25;2025-12-29;17;665
25;2025-12-29;18;702
25;2025-12-29;19;440
25;2025-12-29;20;273
25;2025-12-29;21;189
25;2025-12-29;22;80
25;2025-12-29;23;6
25;2025-12-30;0;0
25;2025-12-30;1;0
25;2025-12-30;2;0
25;2025-12-30;3;0
25;2025-12-30;4;0
25;2025-12-30;5;2
25;2025-12-30;6;156
25;2025-12-30;7;483
25;2025-12-30;8;837
25;2025-12-30;9;510
25;2025-12-30;10;418
25;2025-12-30;11;462
25;2025-12-30;12;404
25;2025-12-30;13;495
25;2025-12-30;14;461
25;2025-12-30;15;514
25;2025-12-30;16;621
25;2025-12-30;17;683
25;2025-12-30;18;737
25;2025-12-30;19;467
25;2025-12-30;20;302
25;2025-12-30;21;206
25;2025-12-30;22;95
25;2025-12-30;23;10
25;2025-12-31;0;15
25;2025-12-31;1;0
25;2025-12-31;2;0
25;2025-12-31;3;0
25;2025-12-31;4;0
25;2025-12-31;5;1
25;2025-12-31;6;44
25;2025-12-31;7;84
25;2025-12-31;8;176
25;2025-12-31;9;227
25;2025-12-31;10;258
25;2025-12-31;11;335
25;2025-12-31;12;399
25;2025-12-31;13;528
25;2025-12-31;14;493
25;2025-12-31;15;595
25;2025-12-31;16;513
25;2025-12-31;17;459
25;2025-12-31;18;410
25;2025-12-31;19;336
25;2025-12-31;20;230
25;2025-12-31;21;186
25;2025-12-31;22;94
25;2025-12-31;23;45
26;2025-11-01;0;39
26;2025-11-01;1;1
26;2025-11-01;2;0
26;2025-11-01;3;0
26;2025-11-01;4;0
26;2025-11-01;5;90
26;2025-11-01;6;427
26;2025-11-01;7;997
26;2025-11-01;8;2031
26;2025-11-01;9;1356
26;2025-11-01;10;1208
26;2025-11-01;11;1023
26;2025-11-01;12;1078
26;2025-11-01;13;1167
26;2025-11-01;14;1238
26;2025-11-01;15;1340
26;2025-11-01;16;1585
26;2025-11-01;17;1715
26;2025-11-01;18;1276
26;2025-11-01;19;1053
26;2025-11-01;20;768
26;2025-11-01;21;450
26;2025-11-01;22;201
26;2025-11-01;23;177
26;2025-11-02;0;55
26;2025-11-02;1;3
26;2025-11-02;2;0
26;2025-11-02;3;0
26;2025-11-02;4;1
26;2025-11-02;5;28
26;2025-11-02;6;152
26;2025-11-02;7;268
26;2025-11-02;8;404
26;2025-11-02;9;537
26;2025-11-02;10;586
26;2025-11-02;11;836
26;2025-11-02;12;832
26;2025-11-02;13;928
26;2025-11-02;14;992
26;2025-11-02;15;840
26;2025-11-02;16;825
26;2025-11-02;17;782
26;2025-11-02;18;622
26;2025-11-02;19;495
26;2025-11-02;20;395
26;2025-11-02;21;289
26;2025-11-02;22;180
26;2025-11-02;23;115
26;2025-11-03;0;51
26;2025-11-03;1;4
26;2025-11-03;2;0
26;2025-11-03;3;0
26;2025-11-03;4;1
26;2025-11-03;5;30
26;2025-11-03;6;166
26;2025-11-03;7;281
26;2025-11-03;8;419
26;2025-11-03;9;556
26;2025-11-03;10;633
26;2025-11-03;11;862
26;2025-11-03;12;849
26;2025-11-03;13;983
26;2025-11-03;14;1020
26;2025-11-03;15;908
26;2025-11-03;16;899
26;2025-11-03;17;854
26;2025-11-03;18;705
26;2025-11-03;19;522
26;2025-11-03;20;450
26;2025-11-03;21;313
26;2025-11-03;22;181
26;2025-11-03;23;108
26;2025-11-04;0;52
26;2025-11-04;1;3
26;2025-11-04;2;0
26;2025-11-04;3;0
26;2025-11-04;4;0
26;2025-11-04;5;25
26;2025-11-04;6;154
26;2025-11-04;7;261
26;2025-11-04;8;398
26;2025-11-04;9;511
26;2025-11-04;10;588
26;2025-11-04;11;753
26;2025-11-04;12;728
26;2025-11-04;13;834
26;2025-11-04;14;876
26;2025-11-04;15;739
26;2025-11-04;16;754
26;2025-11-04;17;740
26;2025-11-04;18;646
26;2025-11-04;19;489
26;2025-11-04;20;391
26;2025-11-04;21;274
26;2025-11-04;22;159
26;2025-11-04;23;91
26;2025-11-05;0;26
26;2025-11-05;1;0
26;2025-11-05;2;0
26;2025-11-05;3;0
26;2025-11-05;4;2
26;2025-11-05;5;90
26;2025-11-05;6;473
26;2025-11-05;7;1054
26;2025-11-05;8;2195
26;2025-11-05;9;1337
26;2025-11-05;10;1112
26;2025-11-05;11;940
26;2025-11-05;12;982
26;2025-11-05;13;1005
26;2025-11-05;14;1156
26;2025-11-05;15;1140
26;2025-11-05;16;1279
26;2025-11-05;17;1473
26;2025-11-05;18;1613
26;2025-11-05;19;1076
26;2025-11-05;20;707
26;2025-11-05;21;481
26;2025-11-05;22;189
26;2025-11-05;23;115
26;2025-11-06;0;37
26;2025-11-06;1;0
26;2025-11-06;2;0
26;2025-11-06;3;0
26;2025-11-06;4;1
26;2025-11-06;5;88
26;2025-11-06;6;466
26;2025-11-06;7;1059
26;2025-11-06;8;2272
26;2025-11-06;9;1497
26;2025-11-06;10;1206
26;2025-11-06;11;1077
26;2025-11-06;12;1090
26;2025-11-06;13;1144
26;2025-11-06;14;1279
26;2025-11-06;15;1304
26;2025-11-06;16;1439
26;2025-11-06;17;1699
26;2025-11-06;18;1806
26;2025-11-06;19;1217
26;2025-11-06;20;722
26;2025-11-06;21;507
26;2025-11-06;22;190
26;2025-11-06;23;135
26;2025-11-07;0;35
26;2025-11-07;1;1
26;2025-11-07;2;0
26;2025-11-07;3;0
26;2025-11-07;4;2
26;2025-11-07;5;78
26;2025-11-07;6;464
26;2025-11-07;7;1029
26;2025-11-07;8;2125
26;2025-11-07;9;1361
26;2025-11-07;10;1246
26;2025-11-07;11;1077
26;2025-11-07;12;1161
26;2025-11-07;13;1178
26;2025-11-07;14;1357
26;2025-11-07;15;1408
26;2025-11-07;16;1651
26;2025-11-07;17;1758
26;2025-11-07;18;1317
26;2025-11-07;19;1057
26;2025-11-07;20;706
26;2025-11-07;21;477
26;2025-11-07;22;205
26;2025-11-07;23;164
26;2025-11-08;0;46
26;2025-11-08;1;1
26;2025-11-08;2;0
26;2025-11-08;3;0
26;2025-11-08;4;1
26;2025-11-08;5;48
26;2025-11-08;6;255
26;2025-11-08;7;398
26;2025-11-08;8;669
26;2025-11-08;9;739
26;2025-11-08;10;883
26;2025-11-08;11;1056
26;2025-11-08;12;1112
26;2025-11-08;13;1108
26;2025-11-08;14;1211
26;2025-11-08;15;1041
26;2025-11-08;16;1104
26;2025-11-08;17;1012
26;2025-11-08;18;922
26;2025-11-08;19;834
26;2025-11-08;20;557
26;2025-11-08;21;377
26;2025-11-08;22;207
26;2025-11-08;23;154
26;2025-11-09;0;53
26;2025-11-09;1;4
26;2025-11-09;2;0
26;2025-11-09;3;1
26;2025-11-09;4;0
26;2025-11-09;5;26
26;2025-11-09;6;148
26;2025-11-09;7;276
26;2025-11-09;8;422
26;2025-11-09;9;549
26;2025-11-09;10;620
26;2025-11-09;11;846
26;2025-11-09;12;852
26;2025-11-09;13;919
26;2025-11-09;14;962
26;2025-11-09;15;848
26;2025-11-09;16;864
26;2025-11-09;17;832
26;2025-11-09;18;725
26;2025-11-09;19;544
26;2025-11-09;20;410
26;2025-11-09;21;287
26;2025-11-09;22;178
26;2025-11-09;23;106
26;2025-11-10;0;27
26;2025-11-10;1;1
26;2025-11-10;2;0
26;2025-11-10;3;0
26;2025-11-10;4;1
26;2025-11-10;5;89
26;2025-11-10;6;476
26;2025-11-10;7;1151
26;2025-11-10;8;2289
26;2025-11-10;9;1498
26;2025-11-10;10;1231
26;2025-11-10;11;1065
26;2025-11-10;12;1105
26;2025-11-10;13;1189
26;2025-11-10;14;1290
26;2025-11-10;15;1344
26;2025-11-10;16;1531
26;2025-11-10;17;1751
26;2025-11-10;18;1934
26;2025-11-10;19;1214
26;2025-11-10;20;761
26;2025-11-10;21;457
26;2025-11-10;22;181
26;2025-11-10;23;95
26;2025-11-11;0;27
26;2025-11-11;1;0
26;2025-11-11;2;0
26;2025-11-11;3;0
26;2025-11-11;4;1
26;2025-11-11;5;82
26;2025-11-11;6;487
26;2025-11-11;7;1161
26;2025-11-11;8;2472
26;2025-11-11;9;1514
26;2025-11-11;10;1268
26;2025-11-11;11;1096
26;2025-11-11;12;1188
26;2025-11-11;13;1218
26;2025-11-11;14;1306
26;2025-11-11;15;1365
26;2025-11-11;16;1561
26;2025-11-11;17;1836
26;2025-11-11;18;1936
26;2025-11-11;19;1310
26;2025-11-11;20;783
26;2025-11-11;21;465
26;2025-11-11;22;210
26;2025-11-11;23;111
26;2025-11-12;0;30
26;2025-11-12;1;0
26;2025-11-12;2;0
26;2025-11-12;3;0
26;2025-11-12;4;1
26;2025-11-12;5;90
26;2025-11-12;6;482
26;2025-11-12;7;1144
26;2025-11-12;8;2404
26;2025-11-12;9;1512
26;2025-11-12;10;1267
26;2025-11-12;11;1092
26;2025-11-12;12;1174
26;2025-11-12;13;1198
26;2025-11-12;14;1369
26;2025-11-12;15;1373
26;2025-11-12;16;1515
26;2025-11-12;17;1679
26;2025-11-12;18;1846
26;2025-11-12;19;1197
26;2025-11-12;20;771
26;2025-11-12;21;499
26;2025-11-12;22;209
26;2025-11-12;23;126
26;2025-11-13;0;37
26;2025-11-13;1;2
26;2025-11-13;2;0
26;2025-11-13;3;0
26;2025-11-13;4;1
26;2025-11-13;5;89
26;2025-11-13;6;472
26;2025-11-13;7;1147
26;2025-11-13;8;2381
26;2025-11-13;9;1560
26;2025-11-13;10;1254
26;2025-11-13;11;1167
26;2025-11-13;12;1180
26;2025-11-13;13;1219
26;2025-11-13;14;1317
26;2025-11-13;15;1387
26;2025-11-13;16;1565
26;2025-11-13;17;1785
26;2025-11-13;18;1977
26;2025-11-13;19;1277
26;2025-11-13;20;784
26;2025-11-13;21;490
26;2025-11-13;22;210
26;2025-11-13;23;134
26;2025-11-14;0;36
26;2025-11-14;1;2
26;2025-11-14;2;0
26;2025-11-14;3;0
26;2025-11-14;4;1
26;2025-11-14;5;86
26;2025-11-14;6;492
26;2025-11-14;7;1122
26;2025-11-14;8;2267
26;2025-11-14;9;1468
26;2025-11-14;10;1301
26;2025-11-14;11;1132
26;2025-11-14;12;1191
26;2025-11-14;13;1265
26;2025-11-14;14;1388
26;2025-11-14;15;1482
26;2025-11-14;16;1776
26;2025-11-14;17;1842
26;2025-11-14;18;1501
26;2025-11-14;19;1152
26;2025-11-14;20;773
26;2025-11-14;21;483
26;2025-11-14;22;210
26;2025-11-14;23;168
26;2025-11-15;0;45
26;2025-11-15;1;1
26;2025-11-15;2;0
26;2025-11-15;3;0
26;2025-11-15;4;1
26;2025-11-15;5;52
26;2025-11-15;6;264
26;2025-11-15;7;389
26;2025-11-15;8;660
26;2025-11-15;9;735
26;2025-11-15;10;868
26;2025-11-15;11;1056
26;2025-11-15;12;1103
26;2025-11-15;13;1102
26;2025-11-15;14;1124
26;2025-11-15;15;986
26;2025-11-15;16;1072
26;2025-11-15;17;1002
26;2025-11-15;18;919
26;2025-11-15;19;860
26;2025-11-15;20;555
26;2025-11-15;21;392
26;2025-11-15;22;184
26;2025-11-15;23;152
26;2025-11-16;0;51
26;2025-11-16;1;4
26;2025-11-16;2;0
26;2025-11-16;3;0
26;2025-11-16;4;0
26;2025-11-16;5;30
26;2025-11-16;6;158
26;2025-11-16;7;269
26;2025-11-16;8;417
26;2025-11-16;9;576
26;2025-11-16;10;672
26;2025-11-16;11;962
26;2025-11-16;12;973
26;2025-11-16;13;1051
26;2025-11-16;14;1041
26;2025-11-16;15;920
26;2025-11-16;16;940
26;2025-11-16;17;872
26;2025-11-16;18;757
26;2025-11-16;19;583
26;2025-11-16;20;447
26;2025-11-16;21;317
26;2025-11-16;22;181
26;2025-11-16;23;110
26;2025-11-17;0;30
26;2025-11-17;1;1
26;2025-11-17;2;0
26;2025-11-17;3;0
26;2025-11-17;4;1
26;2025-11-17;5;95
26;2025-11-17;6;501
26;2025-11-17;7;1080
26;2025-11-17;8;2162
26;2025-11-17;9;1550
26;2025-11-17;10;1329
26;2025-11-17;11;1177
26;2025-11-17;12;1214
26;2025-11-17;13;1302
26;2025-11-17;14;1342
26;2025-11-17;15;1375
26;2025-11-17;16;1573
26;2025-11-17;17;1787
26;2025-11-17;18;1988
26;2025-11-17;19;1269
26;2025-11-17;20;775
26;2025-11-17;21;481
26;2025-11-17;22;174
26;2025-11-17;23;104
26;2025-11-18;0;31
26;2025-11-18;1;0
26;2025-11-18;2;0
26;2025-11-18;3;0
26;2025-11-18;4;2
26;2025-11-18;5;86
26;2025-11-18;6;498
26;2025-11-18;7;1033
26;2025-11-18;8;2230
26;2025-11-18;9;1489
26;2025-11-18;10;1292
26;2025-11-18;11;1138
26;2025-11-18;12;1239
26;2025-11-18;13;1249
26;2025-11-18;14;1252
26;2025-11-18;15;1289
26;2025-11-18;16;1514
26;2025-11-18;17;1769
26;2025-11-18;18;1835
26;2025-11-18;19;1307
26;2025-11-18;20;767
26;2025-11-18;21;469
26;2025-11-18;22;186
26;2025-11-18;23;113
26;2025-11-19;0;30
26;2025-11-19;1;0
26;2025-11-19;2;0
26;2025-11-19;3;0
26;2025-11-19;4;1
26;2025-11-19;5;90
26;2025-11-19;6;494
26;2025-11-19;7;1024
26;2025-11-19;8;2186
26;2025-11-19;9;1509
26;2025-11-19;10;1333
26;2025-11-19;11;1187
26;2025-11-19;12;1276
26;2025-11-19;13;1291
26;2025-11-19;14;1375
26;2025-11-19;15;1341
26;2025-11-19;16;1523
26;2025-11-19;17;1698
26;2025-11-19;18;1797
26;2025-11-19;19;1218
26;2025-11-19;20;789
26;2025-11-19;21;530
26;2025-11-19;22;203
26;2025-11-19;23;129
26;2025-11-20;0;38
26;2025-11-20;1;2
26;2025-11-20;2;0
26;2025-11-20;3;0
26;2025-11-20;4;1
26;2025-11-20;5;88
26;2025-11-20;6;472
26;2025-11-20;7;991
26;2025-11-20;8;2165
26;2025-11-20;9;1551
26;2025-11-20;10;1300
26;2025-11-20;11;1205
26;2025-11-20;12;1210
26;2025-11-20;13;1225
26;2025-11-20;14;1292
26;2025-11-20;15;1323
26;2025-11-20;16;1514
26;2025-11-20;17;1738
26;2025-11-20;18;1829
26;2025-11-20;19;1264
26;2025-11-20;20;791
26;2025-11-20;21;494
26;2025-11-20;22;201
26;2025-11-20;23;134
26;2025-11-21;0;35
26;2025-11-21;1;1
26;2025-11-21;2;0
26;2025-11-21;3;0
26;2025-11-21;4;0
26;2025-11-21;5;90
26;2025-11-21;6;499
26;2025-11-21;7;1018
26;2025-11-21;8;2082
26;2025-11-21;9;1439
26;2025-11-21;10;1327
26;2025-11-21;11;1158
26;2025-11-21;12;1223
26;2025-11-21;13;1258
26;2025-11-21;14;1335
26;2025-11-21;15;1370
26;2025-11-21;16;1678
26;2025-11-21;17;1760
26;2025-11-21;18;1378
26;2025-11-21;19;1118
26;2025-11-21;20;789
26;2025-11-21;21;477
26;2025-11-21;22;191
26;2025-11-21;23;168
26;2025-11-22;0;47
26;2025-11-22;1;0
26;2025-11-22;2;0
26;2025-11-22;3;0
26;2025-11-22;4;1
26;2025-11-22;5;50
26;2025-11-22;6;261
26;2025-11-22;7;395
26;2025-11-22;8;675
26;2025-11-22;9;755
26;2025-11-22;10;901
26;2025-11-22;11;1069
26;2025-11-22;12;1126
26;2025-11-22;13;1116
26;2025-11-22;14;1221
26;2025-11-22;15;1030
26;2025-11-22;16;1111
26;2025-11-22;17;1024
26;2025-11-22;18;923
26;2025-11-22;19;818
26;2025-11-22;20;545
26;2025-11-22;21;383
26;2025-11-22;22;199
26;2025-11-22;23;159
26;2025-11-23;0;53
26;2025-11-23;1;3
26;2025-11-23;2;0
26;2025-11-23;3;1
26;2025-11-23;4;0
26;2025-11-23;5;28
26;2025-11-23;6;150
26;2025-11-23;7;274
26;2025-11-23;8;421
26;2025-11-23;9;567
26;2025-11-23;10;649
26;2025-11-23;11;871
26;2025-11-23;12;881
26;2025-11-23;13;963
26;2025-11-23;14;1003
26;2025-11-23;15;868
26;2025-11-23;16;894
26;2025-11-23;17;848
26;2025-11-23;18;733
26;2025-11-23;19;536
26;2025-11-23;20;416
26;2025-11-23;21;298
26;2025-11-23;22;180
26;2025-11-23;23;108
26;2025-11-24;0;29
26;2025-11-24;1;0
26;2025-11-24;2;0
26;2025-11-24;3;0
26;2025-11-24;4;1
26;2025-11-24;5;92
26;2025-11-24;6;477
26;2025-11-24;7;1116
26;2025-11-24;8;2231
26;2025-11-24;9;1492
26;2025-11-24;10;1201
26;2025-11-24;11;1005
26;2025-11-24;12;1037
26;2025-11-24;13;1126
26;2025-11-24;14;1206
26;2025-11-24;15;1255
26;2025-11-24;16;1469
26;2025-11-24;17;1685
26;2025-11-24;18;1859
26;2025-11-24;19;1162
26;2025-11-24;20;725
26;2025-11-24;21;445
26;2025-11-24;22;171
26;2025-11-24;23;95
26;2025-11-25;0;27
26;2025-11-25;1;0
26;2025-11-25;2;0
26;2025-11-25;3;0
26;2025-11-25;4;1
26;2025-11-25;5;85
26;2025-11-25;6;490
26;2025-11-25;7;1129
26;2025-11-25;8;2420
26;2025-11-25;9;1503
26;2025-11-25;10;1236
26;2025-11-25;11;1040
26;2025-11-25;12;1131
26;2025-11-25;13;1159
26;2025-11-25;14;1219
26;2025-11-25;15;1287
26;2025-11-25;16;1515
26;2025-11-25;17;1787
26;2025-11-25;18;1833
26;2025-11-25;19;1261
26;2025-11-25;20;758
26;2025-11-25;21;455
26;2025-11-25;22;195
26;2025-11-25;23;111
26;2025-11-26;0;29
26;2025-11-26;1;0
26;2025-11-26;2;0
26;2025-11-26;3;0
26;2025-11-26;4;1
26;2025-11-26;5;92
26;2025-11-26;6;492
26;2025-11-26;7;1125
26;2025-11-26;8;2402
26;2025-11-26;9;1567
26;2025-11-26;10;1286
26;2025-11-26;11;1114
26;2025-11-26;12;1172
26;2025-11-26;13;1219
26;2025-11-26;14;1379
26;2025-11-26;15;1375
26;2025-11-26;16;1543
26;2025-11-26;17;1730
26;2025-11-26;18;1844
26;2025-11-26;19;1199
26;2025-11-26;20;777
26;2025-11-26;21;511
26;2025-11-26;22;206
26;2025-11-26;23;127
26;2025-11-27;0;35
26;2025-11-27;1;1
26;2025-11-27;2;0
26;2025-11-27;3;0
26;2025-11-27;4;2
26;2025-11-27;5;90
26;2025-11-27;6;479
26;2025-11-27;7;1127
26;2025-11-27;8;2389
26;2025-11-27;9;1643
26;2025-11-27;10;1324
26;2025-11-27;11;1229
26;2025-11-27;12;1227
26;2025-11-27;13;1255
26;2025-11-27;14;1366
26;2025-11-27;15;1430
26;2025-11-27;16;1616
26;2025-11-27;17;1842
26;2025-11-27;18;1983
26;2025-11-27;19;1292
26;2025-11-27;20;805
26;2025-11-27;21;501
26;2025-11-27;22;213
26;2025-11-27;23;137
26;2025-11-28;0;35
26;2025-11-28;1;1
26;2025-11-28;2;0
26;2025-11-28;3;0
26;2025-11-28;4;0
26;2025-11-28;5;91
26;2025-11-28;6;502
26;2025-11-28;7;1134
26;2025-11-28;8;2275
26;2025-11-28;9;1528
26;2025-11-28;10;1343
26;2025-11-28;11;1172
26;2025-11-28;12;1230
26;2025-11-28;13;1297
26;2025-11-28;14;1413
26;2025-11-28;15;1497
26;2025-11-28;16;1824
26;2025-11-28;17;1871
26;2025-11-28;18;1524
26;2025-11-28;19;1157
26;2025-11-28;20;802
26;2025-11-28;21;488
26;2025-11-28;22;206
26;2025-11-28;23;171
26;2025-11-29;0;48
26;2025-11-29;1;1
26;2025-11-29;2;0
26;2025-11-29;3;0
26;2025-11-29;4;1
26;2025-11-29;5;49
26;2025-11-29;6;270
26;2025-11-29;7;403
26;2025-11-29;8;682
26;2025-11-29;9;766
26;2025-11-29;10;914
26;2025-11-29;11;1106
26;2025-11-29;12;1157
26;2025-11-29;13;1142
26;2025-11-29;14;1256
26;2025-11-29;15;1066
26;2025-11-29;16;1117
26;2025-11-29;17;1018
26;2025-11-29;18;935
26;2025-11-29;19;837
26;2025-11-29;20;555
26;2025-11-29;21;384
26;2025-11-29;22;208
26;2025-11-29;23;159
26;2025-11-30;0;53
26;2025-11-30;1;5
26;2025-11-30;2;0
26;2025-11-30;3;2
26;2025-11-30;4;0
26;2025-11-30;5;27
26;2025-11-30;6;153
26;2025-11-30;7;274
26;2025-11-30;8;418
26;2025-11-30;9;562
26;2025-11-30;10;644
26;2025-11-30;11;882
26;2025-11-30;12;881
26;2025-11-30;13;959
26;2025-11-30;14;1003
26;2025-11-30;15;871
26;2025-11-30;16;882
26;2025-11-30;17;840
26;2025-11-30;18;734
26;2025-11-30;19;546
26;2025-11-30;20;417
26;2025-11-30;21;295
26;2025-11-30;22;181
26;2025-11-30;23;107
26;2025-12-01;0;28
26;2025-12-01;1;1
26;2025-12-01;2;0
26;2025-12-01;3;0
26;2025-12-01;4;1
26;2025-12-01;5;89
26;2025-12-01;6;481
26;2025-12-01;7;1128
26;2025-12-01;8;2227
26;2025-12-01;9;1479
26;2025-12-01;10;1219
26;2025-12-01;11;1053
26;2025-12-01;12;1099
26;2025-12-01;13;1163
26;2025-12-01;14;1262
26;2025-12-01;15;1315
26;2025-12-01;16;1489
26;2025-12-01;17;1685
26;2025-12-01;18;1870
26;2025-12-01;19;1178
26;2025-12-01;20;732
26;2025-12-01;21;447
26;2025-12-01;22;178
26;2025-12-01;23;97
26;2025-12-02;0;26
26;2025-12-02;1;0
26;2025-12-02;2;0
26;2025-12-02;3;1
26;2025-12-02;4;1
26;2025-12-02;5;81
26;2025-12-02;6;489
26;2025-12-02;7;1132
26;2025-12-02;8;2394
26;2025-12-02;9;1481
26;2025-12-02;10;1234
26;2025-12-02;11;1063
26;2025-12-02;12;1162
26;2025-12-02;13;1181
26;2025-12-02;14;1254
26;2025-12-02;15;1328
26;2025-12-02;16;1535
26;2025-12-02;17;1790
26;2025-12-02;18;1853
26;2025-12-02;19;1270
26;2025-12-02;20;759
26;2025-12-02;21;455
26;2025-12-02;22;203
26;2025-12-02;23;113
26;2025-12-03;0;30
26;2025-12-03;1;0
26;2025-12-03;2;0
26;2025-12-03;3;0
26;2025-12-03;4;1
26;2025-12-03;5;89
26;2025-12-03;6;494
26;2025-12-03;7;1134
26;2025-12-03;8;2410
26;2025-12-03;9;1541
26;2025-12-03;10;1283
26;2025-12-03;11;1149
26;2025-12-03;12;1219
26;2025-12-03;13;1238
26;2025-12-03;14;1424
26;2025-12-03;15;1419
26;2025-12-03;16;1560
26;2025-12-03;17;1706
26;2025-12-03;18;1832
26;2025-12-03;19;1179
26;2025-12-03;20;773
26;2025-12-03;21;502
26;2025-12-03;22;210
26;2025-12-03;23;129
26;2025-12-04;0;35
26;2025-12-04;1;3
26;2025-12-04;2;0
26;2025-12-04;3;0
26;2025-12-04;4;1
26;2025-12-04;5;86
26;2025-12-04;6;472
26;2025-12-04;7;1115
26;2025-12-04;8;2329
26;2025-12-04;9;1564
26;2025-12-04;10;1257
26;2025-12-04;11;1191
26;2025-12-04;12;1192
26;2025-12-04;13;1217
26;2025-12-04;14;1319
26;2025-12-04;15;1389
26;2025-12-04;16;1562
26;2025-12-04;17;1769
26;2025-12-04;18;1935
26;2025-12-04;19;1245
26;2025-12-04;20;781
26;2025-12-04;21;475
26;2025-12-04;22;209
26;2025-12-04;23;134
26;2025-12-05;0;34
26;2025-12-05;1;2
26;2025-12-05;2;0
26;2025-12-05;3;0
26;2025-12-05;4;0
26;2025-12-05;5;87
26;2025-12-05;6;500
26;2025-12-05;7;1129
26;2025-12-05;8;2260
26;2025-12-05;9;1476
26;2025-12-05;10;1289
26;2025-12-05;11;1148
26;2025-12-05;12;1200
26;2025-12-05;13;1265
26;2025-12-05;14;1375
26;2025-12-05;15;1466
26;2025-12-05;16;1751
26;2025-12-05;17;1789
26;2025-12-05;18;1476
26;2025-12-05;19;1115
26;2025-12-05;20;769
26;2025-12-05;21;467
26;2025-12-05;22;201
26;2025-12-05;23;167
26;2025-12-06;0;47
26;2025-12-06;1;1
26;2025-12-06;2;0
26;2025-12-06;3;0
26;2025-12-06;4;1
26;2025-12-06;5;50
26;2025-12-06;6;264
26;2025-12-06;7;407
26;2025-12-06;8;687
26;2025-12-06;9;747
26;2025-12-06;10;878
26;2025-12-06;11;1054
26;2025-12-06;12;1115
26;2025-12-06;13;1093
26;2025-12-06;14;1200
26;2025-12-06;15;1019
26;2025-12-06;16;1094
26;2025-12-06;17;999
26;2025-12-06;18;912
26;2025-12-06;19;828
26;2025-12-06;20;550
26;2025-12-06;21;381
26;2025-12-06;22;195
26;2025-12-06;23;158
26;2025-12-07;0;53
26;2025-12-07;1;4
26;2025-12-07;2;0
26;2025-12-07;3;1
26;2025-12-07;4;0
26;2025-12-07;5;28
26;2025-12-07;6;152
26;2025-12-07;7;281
26;2025-12-07;8;428
26;2025-12-07;9;562
26;2025-12-07;10;637
26;2025-12-07;11;878
26;2025-12-07;12;884
26;2025-12-07;13;962
26;2025-12-07;14;1010
26;2025-12-07;15;872
26;2025-12-07;16;897
26;2025-12-07;17;840
26;2025-12-07;18;734
26;2025-12-07;19;544
26;2025-12-07;20;424
26;2025-12-07;21;296
26;2025-12-07;22;179
26;2025-12-07;23;108
26;2025-12-08;0;29
26;2025-12-08;1;1
26;2025-12-08;2;0
26;2025-12-08;3;0
26;2025-12-08;4;1
26;2025-12-08;5;91
26;2025-12-08;6;486
26;2025-12-08;7;1146
26;2025-12-08;8;2262
26;2025-12-08;9;1510
26;2025-12-08;10;1230
26;2025-12-08;11;1072
26;2025-12-08;12;1095
26;2025-12-08;13;1190
26;2025-12-08;14;1298
26;2025-12-08;15;1326
26;2025-12-08;16;1529
26;2025-12-08;17;1715
26;2025-12-08;18;1886
26;2025-12-08;19;1194
26;2025-12-08;20;743
26;2025-12-08;21;452
26;2025-12-08;22;175
26;2025-12-08;23;100
26;2025-12-09;0;28
26;2025-12-09;1;0
26;2025-12-09;2;0
26;2025-12-09;3;0
26;2025-12-09;4;1
26;2025-12-09;5;82
26;2025-12-09;6;492
26;2025-12-09;7;1123
26;2025-12-09;8;2391
26;2025-12-09;9;1485
26;2025-12-09;10;1220
26;2025-12-09;11;1056
26;2025-12-09;12;1148
26;2025-12-09;13;1177
26;2025-12-09;14;1238
26;2025-12-09;15;1294
26;2025-12-09;16;1504
26;2025-12-09;17;1757
26;2025-12-09;18;1825
26;2025-12-09;19;1261
26;2025-12-09;20;744
26;2025-12-09;21;448
26;2025-12-09;22;194
26;2025-12-09;23;113
26;2025-12-10;0;28
26;2025-12-10;1;0
26;2025-12-10;2;0
26;2025-12-10;3;0
26;2025-12-10;4;1
26;2025-12-10;5;87
26;2025-12-10;6;488
26;2025-12-10;7;1113
26;2025-12-10;8;2356
26;2025-12-10;9;1530
26;2025-12-10;10;1282
26;2025-12-10;11;1145
26;2025-12-10;12;1218
26;2025-12-10;13;1246
26;2025-12-10;14;1392
26;2025-12-10;15;1381
26;2025-12-10;16;1532
26;2025-12-10;17;1689
26;2025-12-10;18;1834
26;2025-12-10;19;1181
26;2025-12-10;20;760
26;2025-12-10;21;509
26;2025-12-10;22;206
26;2025-12-10;23;128
26;2025-12-11;0;35
26;2025-12-11;1;1
26;2025-12-11;2;0
26;2025-12-11;3;0
26;2025-12-11;4;1
26;2025-12-11;5;84
26;2025-12-11;6;462
26;2025-12-11;7;1075
26;2025-12-11;8;2304
26;2025-12-11;9;1561
26;2025-12-11;10;1273
26;2025-12-11;11;1206
26;2025-12-11;12;1220
26;2025-12-11;13;1239
26;2025-12-11;14;1330
26;2025-12-11;15;1364
26;2025-12-11;16;1533
26;2025-12-11;17;1742
26;2025-12-11;18;1914
26;2025-12-11;19;1232
26;2025-12-11;20;775
26;2025-12-11;21;479
26;2025-12-11;22;206
26;2025-12-11;23;136
26;2025-12-12;0;35
26;2025-12-12;1;1
26;2025-12-12;2;0
26;2025-12-12;3;0
26;2025-12-12;4;0
26;2025-12-12;5;85
26;2025-12-12;6;481
26;2025-12-12;7;1073
26;2025-12-12;8;2172
26;2025-12-12;9;1429
26;2025-12-12;10;1277
26;2025-12-12;11;1125
26;2025-12-12;12;1192
26;2025-12-12;13;1242
26;2025-12-12;14;1331
26;2025-12-12;15;1380
26;2025-12-12;16;1670
26;2025-12-12;17;1736
26;2025-12-12;18;1419
26;2025-12-12;19;1082
26;2025-12-12;20;752
26;2025-12-12;21;461
26;2025-12-12;22;193
26;2025-12-12;23;168
26;2025-12-13;0;48
26;2025-12-13;1;1
26;2025-12-13;2;0
26;2025-12-13;3;0
26;2025-12-13;4;0
26;2025-12-13;5;47
26;2025-12-13;6;262
26;2025-12-13;7;391
26;2025-12-13;8;669
26;2025-12-13;9;749
26;2025-12-13;10;893
26;2025-12-13;11;1082
26;2025-12-13;12;1138
26;2025-12-13;13;1127
26;2025-12-13;14;1206
26;2025-12-13;15;1006
26;2025-12-13;16;1088
26;2025-12-13;17;992
26;2025-12-13;18;903
26;2025-12-13;19;830
26;2025-12-13;20;550
26;2025-12-13;21;384
26;2025-12-13;22;190
26;2025-12-13;23;157
26;2025-12-14;0;55
26;2025-12-14;1;4
26;2025-12-14;2;0
26;2025-12-14;3;0
26;2025-12-14;4;0
26;2025-12-14;5;26
26;2025-12-14;6;152
26;2025-12-14;7;270
26;2025-12-14;8;413
26;2025-12-14;9;572
26;2025-12-14;10;662
26;2025-12-14;11;918
26;2025-12-14;12;923
26;2025-12-14;13;998
26;2025-12-14;14;1020
26;2025-12-14;15;875
26;2025-12-14;16;899
26;2025-12-14;17;853
26;2025-12-14;18;732
26;2025-12-14;19;559
26;2025-12-14;20;427
26;2025-12-14;21;301
26;2025-12-14;22;177
26;2025-12-14;23;112
26;2025-12-15;0;31
26;2025-12-15;1;0
26;2025-12-15;2;0
26;2025-12-15;3;0
26;2025-12-15;4;0
26;2025-12-15;5;87
26;2025-12-15;6;478
26;2025-12-15;7;1097
26;2025-12-15;8;2189
26;2025-12-15;9;1522
26;2025-12-15;10;1286
26;2025-12-15;11;1132
26;2025-12-15;12;1172
26;2025-12-15;13;1249
26;2025-12-15;14;1332
26;2025-12-15;15;1346
26;2025-12-15;16;1542
26;2025-12-15;17;1725
26;2025-12-15;18;1892
26;2025-12-15;19;1223
26;2025-12-15;20;748
26;2025-12-15;21;463
26;2025-12-15;22;177
26;2025-12-15;23;104
26;2025-12-16;0;29
26;2025-12-16;1;0
26;2025-12-16;2;0
26;2025-12-16;3;0
26;2025-12-16;4;0
26;2025-12-16;5;78
26;2025-12-16;6;489
26;2025-12-16;7;1081
26;2025-12-16;8;2320
26;2025-12-16;9;1509
26;2025-12-16;10;1286
26;2025-12-16;11;1128
26;2025-12-16;12;1236
26;2025-12-16;13;1240
26;2025-12-16;14;1303
26;2025-12-16;15;1328
26;2025-12-16;16;1547
26;2025-12-16;17;1758
26;2025-12-16;18;1832
26;2025-12-16;19;1285
26;2025-12-16;20;765
26;2025-12-16;21;463
26;2025-12-16;22;198
26;2025-12-16;23;119
26;2025-12-17;0;31
26;2025-12-17;1;0
26;2025-12-17;2;0
26;2025-12-17;3;0
26;2025-12-17;4;0
26;2025-12-17;5;84
26;2025-12-17;6;490
26;2025-12-17;7;1083
26;2025-12-17;8;2297
26;2025-12-17;9;1532
26;2025-12-17;10;1308
26;2025-12-17;11;1154
26;2025-12-17;12;1229
26;2025-12-17;13;1254
26;2025-12-17;14;1379
26;2025-12-17;15;1336
26;2025-12-17;16;1521
26;2025-12-17;17;1657
26;2025-12-17;18;1776
26;2025-12-17;19;1176
26;2025-12-17;20;760
26;2025-12-17;21;504
26;2025-12-17;22;201
26;2025-12-17;23;132
26;2025-12-18;0;35
26;2025-12-18;1;1
26;2025-12-18;2;0
26;2025-12-18;3;0
26;2025-12-18;4;1
26;2025-12-18;5;81
26;2025-12-18;6;463
26;2025-12-18;7;1054
26;2025-12-18;8;2252
26;2025-12-18;9;1524
26;2025-12-18;10;1251
26;2025-12-18;11;1172
26;2025-12-18;12;1171
26;2025-12-18;13;1185
26;2025-12-18;14;1260
26;2025-12-18;15;1289
26;2025-12-18;16;1486
26;2025-12-18;17;1681
26;2025-12-18;18;1823
26;2025-12-18;19;1218
26;2025-12-18;20;764
26;2025-12-18;21;469
26;2025-12-18;22;199
26;2025-12-18;23;134
26;2025-12-19;0;36
26;2025-12-19;1;1
26;2025-12-19;2;0
26;2025-12-19;3;0
26;2025-12-19;4;0
26;2025-12-19;5;81
26;2025-12-19;6;482
26;2025-12-19;7;1041
26;2025-12-19;8;2135
26;2025-12-19;9;1413
26;2025-12-19;10;1259
26;2025-12-19;11;1106
26;2025-12-19;12;1158
26;2025-12-19;13;1206
26;2025-12-19;14;1291
26;2025-12-19;15;1323
26;2025-12-19;16;1625
26;2025-12-19;17;1686
26;2025-12-19;18;1364
26;2025-12-19;19;1065
26;2025-12-19;20;745
26;2025-12-19;21;454
26;2025-12-19;22;188
26;2025-12-19;23;166
26;2025-12-20;0;47
26;2025-12-20;1;1
26;2025-12-20;2;0
26;2025-12-20;3;0
26;2025-12-20;4;0
26;2025-12-20;5;47
26;2025-12-20;6;243
26;2025-12-20;7;370
26;2025-12-20;8;629
26;2025-12-20;9;701
26;2025-12-20;10;866
26;2025-12-20;11;1065
26;2025-12-20;12;1142
26;2025-12-20;13;1113
26;2025-12-20;14;1098
26;2025-12-20;15;972
26;2025-12-20;16;1033
26;2025-12-20;17;934
26;2025-12-20;18;850
26;2025-12-20;19;771
26;2025-12-20;20;522
26;2025-12-20;21;369
26;2025-12-20;22;180
26;2025-12-20;23;157
26;2025-12-21;0;51
26;2025-12-21;1;2
26;2025-12-21;2;0
26;2025-12-21;3;0
26;2025-12-21;4;1
26;2025-12-21;5;27
26;2025-12-21;6;137
26;2025-12-21;7;244
26;2025-12-21;8;365
26;2025-12-21;9;499
26;2025-12-21;10;559
26;2025-12-21;11;784
26;2025-12-21;12;792
26;2025-12-21;13;852
26;2025-12-21;14;810
26;2025-12-21;15;722
26;2025-12-21;16;753
26;2025-12-21;17;722
26;2025-12-21;18;624
26;2025-12-21;19;476
26;2025-12-21;20;380
26;2025-12-21;21;258
26;2025-12-21;22;152
26;2025-12-21;23;104
26;2025-12-22;0;28
26;2025-12-22;1;0
26;2025-12-22;2;0
26;2025-12-22;3;0
26;2025-12-22;4;1
26;2025-12-22;5;93
26;2025-12-22;6;460
26;2025-12-22;7;1019
26;2025-12-22;8;2059
26;2025-12-22;9;1452
26;2025-12-22;10;1172
26;2025-12-22;11;1055
26;2025-12-22;12;1069
26;2025-12-22;13;1142
26;2025-12-22;14;1121
26;2025-12-22;15;1164
26;2025-12-22;16;1354
26;2025-12-22;17;1554
26;2025-12-22;18;1714
26;2025-12-22;19;1122
26;2025-12-22;20;684
26;2025-12-22;21;430
26;2025-12-22;22;157
26;2025-12-22;23;93
26;2025-12-23;0;26
26;2025-12-23;1;0
26;2025-12-23;2;0
26;2025-12-23;3;0
26;2025-12-23;4;0
26;2025-12-23;5;83
26;2025-12-23;6;466
26;2025-12-23;7;1000
26;2025-12-23;8;2148
26;2025-12-23;9;1480
26;2025-12-23;10;1261
26;2025-12-23;11;1107
26;2025-12-23;12;1171
26;2025-12-23;13;1209
26;2025-12-23;14;1158
26;2025-12-23;15;1254
26;2025-12-23;16;1419
26;2025-12-23;17;1686
26;2025-12-23;18;1732
26;2025-12-23;19;1236
26;2025-12-23;20;735
26;2025-12-23;21;458
26;2025-12-23;22;192
26;2025-12-23;23;113
26;2025-12-24;0;29
26;2025-12-24;1;0
26;2025-12-24;2;0
26;2025-12-24;3;0
26;2025-12-24;4;0
26;2025-12-24;5;88
26;2025-12-24;6;465
26;2025-12-24;7;1007
26;2025-12-24;8;2115
26;2025-12-24;9;1495
26;2025-12-24;10;1339
26;2025-12-24;11;1225
26;2025-12-24;12;1336
26;2025-12-24;13;1306
26;2025-12-24;14;1316
26;2025-12-24;15;1339
26;2025-12-24;16;1447
26;2025-12-24;17;1620
26;2025-12-24;18;1700
26;2025-12-24;19;1130
26;2025-12-24;20;745
26;2025-12-24;21;515
26;2025-12-24;22;200
26;2025-12-24;23;132
26;2025-12-25;0;33
26;2025-12-25;1;0
26;2025-12-25;2;0
26;2025-12-25;3;0
26;2025-12-25;4;2
26;2025-12-25;5;84
26;2025-12-25;6;436
26;2025-12-25;7;946
26;2025-12-25;8;2053
26;2025-12-25;9;1463
26;2025-12-25;10;1215
26;2025-12-25;11;1142
26;2025-12-25;12;1203
26;2025-12-25;13;1142
26;2025-12-25;14;1137
26;2025-12-25;15;1191
26;2025-12-25;16;1368
26;2025-12-25;17;1587
26;2025-12-25;18;1739
26;2025-12-25;19;1124
26;2025-12-25;20;723
26;2025-12-25;21;447
26;2025-12-25;22;185
26;2025-12-25;23;128
26;2025-12-26;0;33
26;2025-12-26;1;0
26;2025-12-26;2;0
26;2025-12-26;3;0
26;2025-12-26;4;0
26;2025-12-26;5;84
26;2025-12-26;6;461
26;2025-12-26;7;958
26;2025-12-26;8;2000
26;2025-12-26;9;1375
26;2025-12-26;10;1262
26;2025-12-26;11;1105
26;2025-12-26;12;1178
26;2025-12-26;13;1180
26;2025-12-26;14;1173
26;2025-12-26;15;1217
26;2025-12-26;16;1508
26;2025-12-26;17;1616
26;2025-12-26;18;1275
26;2025-12-26;19;970
26;2025-12-26;20;712
26;2025-12-26;21;437
26;2025-12-26;22;176
26;2025-12-26;23;161
26;2025-12-27;0;47
26;2025-12-27;1;0
26;2025-12-27;2;0
26;2025-12-27;3;0
26;2025-12-27;4;0
26;2025-12-27;5;39
26;2025-12-27;6;234
26;2025-12-27;7;351
26;2025-12-27;8;596
26;2025-12-27;9;661
26;2025-12-27;10;808
26;2025-12-27;11;968
26;2025-12-27;12;1031
26;2025-12-27;13;973
26;2025-12-27;14;989
26;2025-12-27;15;849
26;2025-12-27;16;941
26;2025-12-27;17;840
26;2025-12-27;18;784
26;2025-12-27;19;722
26;2025-12-27;20;488
26;2025-12-27;21;324
26;2025-12-27;22;164
26;2025-12-27;23;142
26;2025-12-28;0;51
26;2025-12-28;1;0
26;2025-12-28;2;0
26;2025-12-28;3;0
26;2025-12-28;4;0
26;2025-12-28;5;20
26;2025-12-28;6;134
26;2025-12-28;7;242
26;2025-12-28;8;375
26;2025-12-28;9;492
26;2025-12-28;10;572
26;2025-12-28;11;791
26;2025-12-28;12;788
26;2025-12-28;13;832
26;2025-12-28;14;809
26;2025-12-28;15;696
26;2025-12-28;16;726
26;2025-12-28;17;692
26;2025-12-28;18;614
26;2025-12-28;19;480
26;2025-12-28;20;374
26;2025-12-28;21;242
26;2025-12-28;22;148
26;2025-12-28;23;102
26;2025-12-29;0;29
26;2025-12-29;1;1
26;2025-12-29;2;0
26;2025-12-29;3;0
26;2025-12-29;4;0
26;2025-12-29;5;76
26;2025-12-29;6;440
26;2025-12-29;7;966
26;2025-12-29;8;1934
26;2025-12-29;9;1327
26;2025-12-29;10;1093
26;2025-12-29;11;960
26;2025-12-29;12;954
26;2025-12-29;13;1010
26;2025-12-29;14;1028
26;2025-12-29;15;1054
26;2025-12-29;16;1205
26;2025-12-29;17;1419
26;2025-12-29;18;1554
26;2025-12-29;19;1058
26;2025-12-29;20;643
26;2025-12-29;21;380
26;2025-12-29;22;149
26;2025-12-29;23;92
26;2025-12-30;0;26
26;2025-12-30;1;0
26;2025-12-30;2;0
26;2025-12-30;3;0
26;2025-12-30;4;0
26;2025-12-30;5;71
26;2025-12-30;6;463
26;2025-12-30;7;985
26;2025-12-30;8;2094
26;2025-12-30;9;1380
26;2025-12-30;10;1177
26;2025-12-30;11;1025
26;2025-12-30;12;1103
26;2025-12-30;13;1090
26;2025-12-30;14;1109
26;2025-12-30;15;1152
26;2025-12-30;16;1303
26;2025-12-30;17;1523
26;2025-12-30;18;1621
26;2025-12-30;19;1167
26;2025-12-30;20;704
26;2025-12-30;21;409
26;2025-12-30;22;184
26;2025-12-30;23;114
26;2025-12-31;0;44
26;2025-12-31;1;3
26;2025-12-31;2;0
26;2025-12-31;3;0
26;2025-12-31;4;0
26;2025-12-31;5;20
26;2025-12-31;6;138
26;2025-12-31;7;231
26;2025-12-31;8;361
26;2025-12-31;9;516
26;2025-12-31;10;629
26;2025-12-31;11;857
26;2025-12-31;12;890
26;2025-12-31;13;939
26;2025-12-31;14;870
26;2025-12-31;15;759
26;2025-12-31;16;778
26;2025-12-31;17;740
26;2025-12-31;18;670
26;2025-12-31;19;508
26;2025-12-31;20;386
26;2025-12-31;21;276
26;2025-12-31;22;171
26;2025-12-31;23;106
28;2025-11-01;0;3
28;2025-11-01;1;0
28;2025-11-01;2;0
28;2025-11-01;3;0
28;2025-11-01;4;1
28;2025-11-01;5;77
28;2025-11-01;6;250
28;2025-11-01;7;744
28;2025-11-01;8;1112
28;2025-11-01;9;795
28;2025-11-01;10;623
28;2025-11-01;11;539
28;2025-11-01;12;678
28;2025-11-01;13;717
28;2025-11-01;14;641
28;2025-11-01;15;719
28;2025-11-01;16;1055
28;2025-11-01;17;1059
28;2025-11-01;18;799
28;2025-11-01;19;598
28;2025-11-01;20;454
28;2025-11-01;21;316
28;2025-11-01;22;128
28;2025-11-01;23;21
28;2025-11-02;0;3
28;2025-11-02;1;0
28;2025-11-02;2;0
28;2025-11-02;3;0
28;2025-11-02;4;1
28;2025-11-02;5;33
28;2025-11-02;6;77
28;2025-11-02;7;162
28;2025-11-02;8;265
28;2025-11-02;9;332
28;2025-11-02;10;369
28;2025-11-02;11;420
28;2025-11-02;12;468
28;2025-11-02;13;531
28;2025-11-02;14;562
28;2025-11-02;15;520
28;2025-11-02;16;491
28;2025-11-02;17;492
28;2025-11-02;18;408
28;2025-11-02;19;337
28;2025-11-02;20;278
28;2025-11-02;21;238
28;2025-11-02;22;109
28;2025-11-02;23;9
28;2025-11-03;0;1
28;2025-11-03;1;0
28;2025-11-03;2;0
28;2025-11-03;3;0
28;2025-11-03;4;1
28;2025-11-03;5;37
28;2025-11-03;6;85
28;2025-11-03;7;157
28;2025-11-03;8;277
28;2025-11-03;9;339
28;2025-11-03;10;396
28;2025-11-03;11;413
28;2025-11-03;12;478
28;2025-11-03;13;530
28;2025-11-03;14;554
28;2025-11-03;15;530
28;2025-11-03;16;481
28;2025-11-03;17;534
28;2025-11-03;18;426
28;2025-11-03;19;367
28;2025-11-03;20;283
28;2025-11-03;21;247
28;2025-11-03;22;111
28;2025-11-03;23;11
28;2025-11-04;0;0
28;2025-11-04;1;0
28;2025-11-04;2;0
28;2025-11-04;3;0
28;2025-11-04;4;1
28;2025-11-04;5;32
28;2025-11-04;6;80
28;2025-11-04;7;152
28;2025-11-04;8;263
28;2025-11-04;9;316
28;2025-11-04;10;353
28;2025-11-04;11;362
28;2025-11-04;12;407
28;2025-11-04;13;461
28;2025-11-04;14;476
28;2025-11-04;15;475
28;2025-11-04;16;410
28;2025-11-04;17;478
28;2025-11-04;18;415
28;2025-11-04;19;312
28;2025-11-04;20;254
28;2025-11-04;21;238
28;2025-11-04;22;100
28;2025-11-04;23;8
28;2025-11-05;0;0
28;2025-11-05;1;0
28;2025-11-05;2;0
28;2025-11-05;3;0
28;2025-11-05;4;2
28;2025-11-05;5;80
28;2025-11-05;6;261
28;2025-11-05;7;749
28;2025-11-05;8;1244
28;2025-11-05;9;773
28;2025-11-05;10;558
28;2025-11-05;11;492
28;2025-11-05;12;589
28;2025-11-05;13;636
28;2025-11-05;14;590
28;2025-11-05;15;588
28;2025-11-05;16;738
28;2025-11-05;17;907
28;2025-11-05;18;884
28;2025-11-05;19;657
28;2025-11-05;20;477
28;2025-11-05;21;320
28;2025-11-05;22;106
28;2025-11-05;23;11
28;2025-11-06;0;0
28;2025-11-06;1;0
28;2025-11-06;2;0
28;2025-11-06;3;0
28;2025-11-06;4;1
28;2025-11-06;5;77
28;2025-11-06;6;235
28;2025-11-06;7;783
28;2025-11-06;8;1180
28;2025-11-06;9;746
28;2025-11-06;10;554
28;2025-11-06;11;476
28;2025-11-06;12;584
28;2025-11-06;13;681
28;2025-11-06;14;644
28;2025-11-06;15;691
28;2025-11-06;16;784
28;2025-11-06;17;1036
28;2025-11-06;18;998
28;2025-11-06;19;711
28;2025-11-06;20;503
28;2025-11-06;21;336
28;2025-11-06;22;120
28;2025-11-06;23;12
28;2025-11-07;0;0
28;2025-11-07;1;0
28;2025-11-07;2;0
28;2025-11-07;3;0
28;2025-11-07;4;2
28;2025-11-07;5;78
28;2025-11-07;6;258
28;2025-11-07;7;824
28;2025-11-07;8;1215
28;2025-11-07;9;833
28;2025-11-07;10;657
28;2025-11-07;11;556
28;2025-11-07;12;752
28;2025-11-07;13;752
28;2025-11-07;14;761
28;2025-11-07;15;716
28;2025-11-07;16;952
28;2025-11-07;17;983
28;2025-11-07;18;826
28;2025-11-07;19;615
28;2025-11-07;20;438
28;2025-11-07;21;304
28;2025-11-07;22;121
28;2025-11-07;23;15
28;2025-11-08;0;0
28;2025-11-08;1;0
28;2025-11-08;2;0
28;2025-11-08;3;0
28;2025-11-08;4;0
28;2025-11-08;5;40
28;2025-11-08;6;99
28;2025-11-08;7;236
28;2025-11-08;8;416
28;2025-11-08;9;484
28;2025-11-08;10;516
28;2025-11-08;11;526
28;2025-11-08;12;624
28;2025-11-08;13;645
28;2025-11-08;14;650
28;2025-11-08;15;651
28;2025-11-08;16;613
28;2025-11-08;17;625
28;2025-11-08;18;549
28;2025-11-08;19;432
28;2025-11-08;20;325
28;2025-11-08;21;284
28;2025-11-08;22;129
28;2025-11-08;23;18
28;2025-11-09;0;1
28;2025-11-09;1;0
28;2025-11-09;2;0
28;2025-11-09;3;0
28;2025-11-09;4;0
28;2025-11-09;5;33
28;2025-11-09;6;76
28;2025-11-09;7;164
28;2025-11-09;8;275
28;2025-11-09;9;340
28;2025-11-09;10;382
28;2025-11-09;11;417
28;2025-11-09;12;480
28;2025-11-09;13;528
28;2025-11-09;14;529
28;2025-11-09;15;534
28;2025-11-09;16;495
28;2025-11-09;17;517
28;2025-11-09;18;444
28;2025-11-09;19;365
28;2025-11-09;20;279
28;2025-11-09;21;233
28;2025-11-09;22;103
28;2025-11-09;23;10
28;2025-11-10;0;0
28;2025-11-10;1;0
28;2025-11-10;2;0
28;2025-11-10;3;0
28;2025-11-10;4;1
28;2025-11-10;5;83
28;2025-11-10;6;261
28;2025-11-10;7;806
28;2025-11-10;8;1308
28;2025-11-10;9;878
28;2025-11-10;10;633
28;2025-11-10;11;542
28;2025-11-10;12;677
28;2025-11-10;13;679
28;2025-11-10;14;647
28;2025-11-10;15;671
28;2025-11-10;16;902
28;2025-11-10;17;1002
28;2025-11-10;18;995
28;2025-11-10;19;714
28;2025-11-10;20;474
28;2025-11-10;21;306
28;2025-11-10;22;110
28;2025-11-10;23;9
28;2025-11-11;0;0
28;2025-11-11;1;0
28;2025-11-11;2;0
28;2025-11-11;3;0
28;2025-11-11;4;2
28;2025-11-11;5;75
28;2025-11-11;6;250
28;2025-11-11;7;822
28;2025-11-11;8;1340
28;2025-11-11;9;893
28;2025-11-11;10;698
28;2025-11-11;11;575
28;2025-11-11;12;691
28;2025-11-11;13;759
28;2025-11-11;14;696
28;2025-11-11;15;726
28;2025-11-11;16;852
28;2025-11-11;17;1034
28;2025-11-11;18;1011
28;2025-11-11;19;717
28;2025-11-11;20;520
28;2025-11-11;21;325
28;2025-11-11;22;116
28;2025-11-11;23;17
28;2025-11-12;0;0
28;2025-11-12;1;0
28;2025-11-12;2;0
28;2025-11-12;3;0
28;2025-11-12;4;1
28;2025-11-12;5;85
28;2025-11-12;6;268
28;2025-11-12;7;812
28;2025-11-12;8;1335
28;2025-11-12;9;855
28;2025-11-12;10;657
28;2025-11-12;11;591
28;2025-11-12;12;723
28;2025-11-12;13;760
28;2025-11-12;14;711
28;2025-11-12;15;736
28;2025-11-12;16;886
28;2025-11-12;17;1056
28;2025-11-12;18;1006
28;2025-11-12;19;735
28;2025-11-12;20;509
28;2025-11-12;21;329
28;2025-11-12;22;129
28;2025-11-12;23;16
28;2025-11-13;0;0
28;2025-11-13;1;1
28;2025-11-13;2;0
28;2025-11-13;3;0
28;2025-11-13;4;1
28;2025-11-13;5;81
28;2025-11-13;6;260
28;2025-11-13;7;869
28;2025-11-13;8;1328
28;2025-11-13;9;875
28;2025-11-13;10;641
28;2025-11-13;11;547
28;2025-11-13;12;714
28;2025-11-13;13;750
28;2025-11-13;14;691
28;2025-11-13;15;746
28;2025-11-13;16;869
28;2025-11-13;17;1062
28;2025-11-13;18;1088
28;2025-11-13;19;752
28;2025-11-13;20;548
28;2025-11-13;21;336
28;2025-11-13;22;131
28;2025-11-13;23;15
28;2025-11-14;0;0
28;2025-11-14;1;0
28;2025-11-14;2;2
28;2025-11-14;3;0
28;2025-11-14;4;2
28;2025-11-14;5;82
28;2025-11-14;6;260
28;2025-11-14;7;831
28;2025-11-14;8;1242
28;2025-11-14;9;871
28;2025-11-14;10;666
28;2025-11-14;11;569
28;2025-11-14;12;738
28;2025-11-14;13;759
28;2025-11-14;14;756
28;2025-11-14;15;763
28;2025-11-14;16;1031
28;2025-11-14;17;1050
28;2025-11-14;18;883
28;2025-11-14;19;648
28;2025-11-14;20;471
28;2025-11-14;21;322
28;2025-11-14;22;131
28;2025-11-14;23;19
28;2025-11-15;0;0
28;2025-11-15;1;0
28;2025-11-15;2;0
28;2025-11-15;3;0
28;2025-11-15;4;0
28;2025-11-15;5;45
28;2025-11-15;6;100
28;2025-11-15;7;228
28;2025-11-15;8;413
28;2025-11-15;9;484
28;2025-11-15;10;517
28;2025-11-15;11;530
28;2025-11-15;12;626
28;2025-11-15;13;647
28;2025-11-15;14;614
28;2025-11-15;15;615
28;2025-11-15;16;583
28;2025-11-15;17;618
28;2025-11-15;18;543
28;2025-11-15;19;455
28;2025-11-15;20;328
28;2025-11-15;21;300
28;2025-11-15;22;113
28;2025-11-15;23;18
28;2025-11-16;0;0
28;2025-11-16;1;0
28;2025-11-16;2;0
28;2025-11-16;3;0
28;2025-11-16;4;0
28;2025-11-16;5;38
28;2025-11-16;6;84
28;2025-11-16;7;158
28;2025-11-16;8;274
28;2025-11-16;9;359
28;2025-11-16;10;420
28;2025-11-16;11;476
28;2025-11-16;12;553
28;2025-11-16;13;608
28;2025-11-16;14;574
28;2025-11-16;15;581
28;2025-11-16;16;534
28;2025-11-16;17;544
28;2025-11-16;18;460
28;2025-11-16;19;400
28;2025-11-16;20;304
28;2025-11-16;21;261
28;2025-11-16;22;103
28;2025-11-16;23;13
28;2025-11-17;0;1
28;2025-11-17;1;0
28;2025-11-17;2;0
28;2025-11-17;3;0
28;2025-11-17;4;1
28;2025-11-17;5;89
28;2025-11-17;6;277
28;2025-11-17;7;759
28;2025-11-17;8;1244
28;2025-11-17;9;917
28;2025-11-17;10;694
28;2025-11-17;11;611
28;2025-11-17;12;758
28;2025-11-17;13;764
28;2025-11-17;14;689
28;2025-11-17;15;702
28;2025-11-17;16;941
28;2025-11-17;17;1028
28;2025-11-17;18;1028
28;2025-11-17;19;751
28;2025-11-17;20;494
28;2025-11-17;21;330
28;2025-11-17;22;103
28;2025-11-17;23;13
28;2025-11-18;0;1
28;2025-11-18;1;0
28;2025-11-18;2;0
28;2025-11-18;3;0
28;2025-11-18;4;2
28;2025-11-18;5;79
28;2025-11-18;6;255
28;2025-11-18;7;725
28;2025-11-18;8;1200
28;2025-11-18;9;874
28;2025-11-18;10;722
28;2025-11-18;11;600
28;2025-11-18;12;725
28;2025-11-18;13;780
28;2025-11-18;14;671
28;2025-11-18;15;675
28;2025-11-18;16;821
28;2025-11-18;17;980
28;2025-11-18;18;935
28;2025-11-18;19;725
28;2025-11-18;20;509
28;2025-11-18;21;324
28;2025-11-18;22;98
28;2025-11-18;23;18
28;2025-11-19;0;0
28;2025-11-19;1;0
28;2025-11-19;2;0
28;2025-11-19;3;0
28;2025-11-19;4;1
28;2025-11-19;5;86
28;2025-11-19;6;273
28;2025-11-19;7;718
28;2025-11-19;8;1203
28;2025-11-19;9;834
28;2025-11-19;10;694
28;2025-11-19;11;635
28;2025-11-19;12;778
28;2025-11-19;13;801
28;2025-11-19;14;707
28;2025-11-19;15;704
28;2025-11-19;16;868
28;2025-11-19;17;1051
28;2025-11-19;18;955
28;2025-11-19;19;739
28;2025-11-19;20;507
28;2025-11-19;21;344
28;2025-11-19;22;123
28;2025-11-19;23;18
28;2025-11-20;0;1
28;2025-11-20;1;0
28;2025-11-20;2;0
28;2025-11-20;3;0
28;2025-11-20;4;2
28;2025-11-20;5;81
28;2025-11-20;6;269
28;2025-11-20;7;757
28;2025-11-20;8;1246
28;2025-11-20;9;904
28;2025-11-20;10;696
28;2025-11-20;11;577
28;2025-11-20;12;765
28;2025-11-20;13;763
28;2025-11-20;14;697
28;2025-11-20;15;717
28;2025-11-20;16;848
28;2025-11-20;17;1027
28;2025-11-20;18;1010
28;2025-11-20;19;751
28;2025-11-20;20;555
28;2025-11-20;21;346
28;2025-11-20;22;123
28;2025-11-20;23;16
28;2025-11-21;0;0
28;2025-11-21;1;0
28;2025-11-21;2;2
28;2025-11-21;3;0
28;2025-11-21;4;1
28;2025-11-21;5;86
28;2025-11-21;6;261
28;2025-11-21;7;738
28;2025-11-21;8;1138
28;2025-11-21;9;850
28;2025-11-21;10;678
28;2025-11-21;11;576
28;2025-11-21;12;741
28;2025-11-21;13;735
28;2025-11-21;14;723
28;2025-11-21;15;703
28;2025-11-21;16;971
28;2025-11-21;17;1011
28;2025-11-21;18;793
28;2025-11-21;19;628
28;2025-11-21;20;476
28;2025-11-21;21;321
28;2025-11-21;22;119
28;2025-11-21;23;20
28;2025-11-22;0;0
28;2025-11-22;1;0
28;2025-11-22;2;0
28;2025-11-22;3;0
28;2025-11-22;4;0
28;2025-11-22;5;44
28;2025-11-22;6;100
28;2025-11-22;7;231
28;2025-11-22;8;419
28;2025-11-22;9;503
28;2025-11-22;10;538
28;2025-11-22;11;538
28;2025-11-22;12;642
28;2025-11-22;13;658
28;2025-11-22;14;676
28;2025-11-22;15;647
28;2025-11-22;16;609
28;2025-11-22;17;632
28;2025-11-22;18;551
28;2025-11-22;19;430
28;2025-11-22;20;323
28;2025-11-22;21;290
28;2025-11-22;22;124
28;2025-11-22;23;19
28;2025-11-23;0;1
28;2025-11-23;1;0
28;2025-11-23;2;0
28;2025-11-23;3;0
28;2025-11-23;4;0
28;2025-11-23;5;35
28;2025-11-23;6;79
28;2025-11-23;7;160
28;2025-11-23;8;274
28;2025-11-23;9;354
28;2025-11-23;10;404
28;2025-11-23;11;428
28;2025-11-23;12;501
28;2025-11-23;13;559
28;2025-11-23;14;550
28;2025-11-23;15;553
28;2025-11-23;16;509
28;2025-11-23;17;530
28;2025-11-23;18;443
28;2025-11-23;19;364
28;2025-11-23;20;281
28;2025-11-23;21;243
28;2025-11-23;22;102
28;2025-11-23;23;12
28;2025-11-24;0;0
28;2025-11-24;1;0
28;2025-11-24;2;0
28;2025-11-24;3;0
28;2025-11-24;4;2
28;2025-11-24;5;86
28;2025-11-24;6;265
28;2025-11-24;7;787
28;2025-11-24;8;1276
28;2025-11-24;9;888
28;2025-11-24;10;627
28;2025-11-24;11;522
28;2025-11-24;12;647
28;2025-11-24;13;664
28;2025-11-24;14;618
28;2025-11-24;15;647
28;2025-11-24;16;888
28;2025-11-24;17;973
28;2025-11-24;18;966
28;2025-11-24;19;685
28;2025-11-24;20;464
28;2025-11-24;21;303
28;2025-11-24;22;101
28;2025-11-24;23;9
28;2025-11-25;0;0
28;2025-11-25;1;0
28;2025-11-25;2;0
28;2025-11-25;3;0
28;2025-11-25;4;1
28;2025-11-25;5;80
28;2025-11-25;6;254
28;2025-11-25;7;798
28;2025-11-25;8;1312
28;2025-11-25;9;898
28;2025-11-25;10;696
28;2025-11-25;11;552
28;2025-11-25;12;665
28;2025-11-25;13;735
28;2025-11-25;14;658
28;2025-11-25;15;687
28;2025-11-25;16;841
28;2025-11-25;17;1004
28;2025-11-25;18;947
28;2025-11-25;19;707
28;2025-11-25;20;509
28;2025-11-25;21;315
28;2025-11-25;22;104
28;2025-11-25;23;17
28;2025-11-26;0;0
28;2025-11-26;1;0
28;2025-11-26;2;0
28;2025-11-26;3;0
28;2025-11-26;4;1
28;2025-11-26;5;90
28;2025-11-26;6;276
28;2025-11-26;7;799
28;2025-11-26;8;1332
28;2025-11-26;9;887
28;2025-11-26;10;683
28;2025-11-26;11;612
28;2025-11-26;12;730
28;2025-11-26;13;776
28;2025-11-26;14;728
28;2025-11-26;15;748
28;2025-11-26;16;911
28;2025-11-26;17;1101
28;2025-11-26;18;1006
28;2025-11-26;19;747
28;2025-11-26;20;510
28;2025-11-26;21;335
28;2025-11-26;22;130
28;2025-11-26;23;17
28;2025-11-27;0;0
28;2025-11-27;1;1
28;2025-11-27;2;0
28;2025-11-27;3;0
28;2025-11-27;4;3
28;2025-11-27;5;85
28;2025-11-27;6;277
28;2025-11-27;7;868
28;2025-11-27;8;1387
28;2025-11-27;9;980
28;2025-11-27;10;717
28;2025-11-27;11;594
28;2025-11-27;12;787
28;2025-11-27;13;789
28;2025-11-27;14;741
28;2025-11-27;15;782
28;2025-11-27;16;921
28;2025-11-27;17;1100
28;2025-11-27;18;1108
28;2025-11-27;19;777
28;2025-11-27;20;570
28;2025-11-27;21;352
28;2025-11-27;22;132
28;2025-11-27;23;17
28;2025-11-28;0;0
28;2025-11-28;1;0
28;2025-11-28;2;3
28;2025-11-28;3;0
28;2025-11-28;4;1
28;2025-11-28;5;88
28;2025-11-28;6;265
28;2025-11-28;7;824
28;2025-11-28;8;1244
28;2025-11-28;9;913
28;2025-11-28;10;692
28;2025-11-28;11;588
28;2025-11-28;12;751
28;2025-11-28;13;765
28;2025-11-28;14;771
28;2025-11-28;15;785
28;2025-11-28;16;1081
28;2025-11-28;17;1094
28;2025-11-28;18;890
28;2025-11-28;19;658
28;2025-11-28;20;493
28;2025-11-28;21;335
28;2025-11-28;22;133
28;2025-11-28;23;21
28;2025-11-29;0;0
28;2025-11-29;1;0
28;2025-11-29;2;0
28;2025-11-29;3;0
28;2025-11-29;4;0
28;2025-11-29;5;43
28;2025-11-29;6;102
28;2025-11-29;7;237
28;2025-11-29;8;426
28;2025-11-29;9;507
28;2025-11-29;10;542
28;2025-11-29;11;551
28;2025-11-29;12;653
28;2025-11-29;13;667
28;2025-11-29;14;691
28;2025-11-29;15;667
28;2025-11-29;16;605
28;2025-11-29;17;626
28;2025-11-29;18;557
28;2025-11-29;19;439
28;2025-11-29;20;327
28;2025-11-29;21;290
28;2025-11-29;22;130
28;2025-11-29;23;19
28;2025-11-30;0;0
28;2025-11-30;1;1
28;2025-11-30;2;0
28;2025-11-30;3;0
28;2025-11-30;4;0
28;2025-11-30;5;35
28;2025-11-30;6;80
28;2025-11-30;7;160
28;2025-11-30;8;273
28;2025-11-30;9;349
28;2025-11-30;10;398
28;2025-11-30;11;431
28;2025-11-30;12;499
28;2025-11-30;13;553
28;2025-11-30;14;545
28;2025-11-30;15;553
28;2025-11-30;16;500
28;2025-11-30;17;523
28;2025-11-30;18;443
28;2025-11-30;19;370
28;2025-11-30;20;280
28;2025-11-30;21;240
28;2025-11-30;22;102
28;2025-11-30;23;12
28;2025-12-01;0;0
28;2025-12-01;1;0
28;2025-12-01;2;0
28;2025-12-01;3;0
28;2025-12-01;4;2
28;2025-12-01;5;84
28;2025-12-01;6;266
28;2025-12-01;7;801
28;2025-12-01;8;1286
28;2025-12-01;9;882
28;2025-12-01;10;638
28;2025-12-01;11;550
28;2025-12-01;12;691
28;2025-12-01;13;691
28;2025-12-01;14;651
28;2025-12-01;15;683
28;2025-12-01;16;906
28;2025-12-01;17;981
28;2025-12-01;18;980
28;2025-12-01;19;697
28;2025-12-01;20;468
28;2025-12-01;21;306
28;2025-12-01;22;106
28;2025-12-01;23;10
28;2025-12-02;0;0
28;2025-12-02;1;0
28;2025-12-02;2;0
28;2025-12-02;3;0
28;2025-12-02;4;2
28;2025-12-02;5;78
28;2025-12-02;6;254
28;2025-12-02;7;810
28;2025-12-02;8;1314
28;2025-12-02;9;892
28;2025-12-02;10;702
28;2025-12-02;11;576
28;2025-12-02;12;695
28;2025-12-02;13;763
28;2025-12-02;14;691
28;2025-12-02;15;723
28;2025-12-02;16;866
28;2025-12-02;17;1022
28;2025-12-02;18;973
28;2025-12-02;19;721
28;2025-12-02;20;516
28;2025-12-02;21;319
28;2025-12-02;22;110
28;2025-12-02;23;18
28;2025-12-03;0;0
28;2025-12-03;1;0
28;2025-12-03;2;1
28;2025-12-03;3;0
28;2025-12-03;4;1
28;2025-12-03;5;89
28;2025-12-03;6;278
28;2025-12-03;7;814
28;2025-12-03;8;1349
28;2025-12-03;9;878
28;2025-12-03;10;690
28;2025-12-03;11;642
28;2025-12-03;12;774
28;2025-12-03;13;801
28;2025-12-03;14;766
28;2025-12-03;15;789
28;2025-12-03;16;936
28;2025-12-03;17;1105
28;2025-12-03;18;1016
28;2025-12-03;19;741
28;2025-12-03;20;512
28;2025-12-03;21;334
28;2025-12-03;22;135
28;2025-12-03;23;19
28;2025-12-04;0;0
28;2025-12-04;1;2
28;2025-12-04;2;0
28;2025-12-04;3;0
28;2025-12-04;4;2
28;2025-12-04;5;82
28;2025-12-04;6;275
28;2025-12-04;7;868
28;2025-12-04;8;1364
28;2025-12-04;9;943
28;2025-12-04;10;688
28;2025-12-04;11;583
28;2025-12-04;12;776
28;2025-12-04;13;776
28;2025-12-04;14;725
28;2025-12-04;15;773
28;2025-12-04;16;902
28;2025-12-04;17;1070
28;2025-12-04;18;1094
28;2025-12-04;19;753
28;2025-12-04;20;556
28;2025-12-04;21;337
28;2025-12-04;22;132
28;2025-12-04;23;17
28;2025-12-05;0;0
28;2025-12-05;1;0
28;2025-12-05;2;3
28;2025-12-05;3;0
28;2025-12-05;4;2
28;2025-12-05;5;86
28;2025-12-05;6;264
28;2025-12-05;7;826
28;2025-12-05;8;1244
28;2025-12-05;9;887
28;2025-12-05;10;669
28;2025-12-05;11;582
28;2025-12-05;12;744
28;2025-12-05;13;755
28;2025-12-05;14;760
28;2025-12-05;15;783
28;2025-12-05;16;1052
28;2025-12-05;17;1059
28;2025-12-05;18;870
28;2025-12-05;19;638
28;2025-12-05;20;475
28;2025-12-05;21;324
28;2025-12-05;22;130
28;2025-12-05;23;20
28;2025-12-06;0;0
28;2025-12-06;1;0
28;2025-12-06;2;0
28;2025-12-06;3;0
28;2025-12-06;4;1
28;2025-12-06;5;45
28;2025-12-06;6;102
28;2025-12-06;7;244
28;2025-12-06;8;435
28;2025-12-06;9;506
28;2025-12-06;10;532
28;2025-12-06;11;539
28;2025-12-06;12;643
28;2025-12-06;13;654
28;2025-12-06;14;671
28;2025-12-06;15;651
28;2025-12-06;16;607
28;2025-12-06;17;629
28;2025-12-06;18;556
28;2025-12-06;19;447
28;2025-12-06;20;331
28;2025-12-06;21;295
28;2025-12-06;22;125
28;2025-12-06;23;20
28;2025-12-07;0;1
28;2025-12-07;1;1
28;2025-12-07;2;0
28;2025-12-07;3;0
28;2025-12-07;4;1
28;2025-12-07;5;37
28;2025-12-07;6;81
28;2025-12-07;7;168
28;2025-12-07;8;283
28;2025-12-07;9;357
28;2025-12-07;10;403
28;2025-12-07;11;441
28;2025-12-07;12;512
28;2025-12-07;13;566
28;2025-12-07;14;558
28;2025-12-07;15;564
28;2025-12-07;16;520
28;2025-12-07;17;536
28;2025-12-07;18;454
28;2025-12-07;19;379
28;2025-12-07;20;291
28;2025-12-07;21;246
28;2025-12-07;22;104
28;2025-12-07;23;13
28;2025-12-08;0;0
28;2025-12-08;1;0
28;2025-12-08;2;0
28;2025-12-08;3;0
28;2025-12-08;4;2
28;2025-12-08;5;87
28;2025-12-08;6;272
28;2025-12-08;7;824
28;2025-12-08;8;1319
28;2025-12-08;9;913
28;2025-12-08;10;654
28;2025-12-08;11;568
28;2025-12-08;12;698
28;2025-12-08;13;713
28;2025-12-08;14;674
28;2025-12-08;15;695
28;2025-12-08;16;945
28;2025-12-08;17;1011
28;2025-12-08;18;1005
28;2025-12-08;19;719
28;2025-12-08;20;483
28;2025-12-08;21;313
28;2025-12-08;22;106
28;2025-12-08;23;11
28;2025-12-09;0;0
28;2025-12-09;1;0
28;2025-12-09;2;0
28;2025-12-09;3;0
28;2025-12-09;4;2
28;2025-12-09;5;79
28;2025-12-09;6;256
28;2025-12-09;7;811
28;2025-12-09;8;1321
28;2025-12-09;9;902
28;2025-12-09;10;701
28;2025-12-09;11;578
28;2025-12-09;12;692
28;2025-12-09;13;763
28;2025-12-09;14;683
28;2025-12-09;15;706
28;2025-12-09;16;857
28;2025-12-09;17;1011
28;2025-12-09;18;967
28;2025-12-09;19;723
28;2025-12-09;20;510
28;2025-12-09;21;316
28;2025-12-09;22;106
28;2025-12-09;23;18
28;2025-12-10;0;0
28;2025-12-10;1;0
28;2025-12-10;2;0
28;2025-12-10;3;0
28;2025-12-10;4;1
28;2025-12-10;5;87
28;2025-12-10;6;274
28;2025-12-10;7;802
28;2025-12-10;8;1323
28;2025-12-10;9;872
28;2025-12-10;10;690
28;2025-12-10;11;640
28;2025-12-10;12;770
28;2025-12-10;13;799
28;2025-12-10;14;743
28;2025-12-10;15;765
28;2025-12-10;16;914
28;2025-12-10;17;1091
28;2025-12-10;18;1014
28;2025-12-10;19;740
28;2025-12-10;20;503
28;2025-12-10;21;336
28;2025-12-10;22;133
28;2025-12-10;23;19
28;2025-12-11;0;1
28;2025-12-11;1;1
28;2025-12-11;2;0
28;2025-12-11;3;0
28;2025-12-11;4;2
28;2025-12-11;5;81
28;2025-12-11;6;269
28;2025-12-11;7;841
28;2025-12-11;8;1353
28;2025-12-11;9;941
28;2025-12-11;10;695
28;2025-12-11;11;586
28;2025-12-11;12;787
28;2025-12-11;13;781
28;2025-12-11;14;720
28;2025-12-11;15;751
28;2025-12-11;16;878
28;2025-12-11;17;1048
28;2025-12-11;18;1081
28;2025-12-11;19;743
28;2025-12-11;20;550
28;2025-12-11;21;338
28;2025-12-11;22;129
28;2025-12-11;23;18
28;2025-12-12;0;0
28;2025-12-12;1;0
28;2025-12-12;2;4
28;2025-12-12;3;0
28;2025-12-12;4;2
28;2025-12-12;5;84
28;2025-12-12;6;256
28;2025-12-12;7;796
28;2025-12-12;8;1206
28;2025-12-12;9;867
28;2025-12-12;10;666
28;2025-12-12;11;575
28;2025-12-12;12;739
28;2025-12-12;13;742
28;2025-12-12;14;735
28;2025-12-12;15;741
28;2025-12-12;16;1007
28;2025-12-12;17;1037
28;2025-12-12;18;847
28;2025-12-12;19;626
28;2025-12-12;20;467
28;2025-12-12;21;320
28;2025-12-12;22;126
28;2025-12-12;23;21
28;2025-12-13;0;0
28;2025-12-13;1;0
28;2025-12-13;2;0
28;2025-12-13;3;0
28;2025-12-13;4;0
28;2025-12-13;5;42
28;2025-12-13;6;100
28;2025-12-13;7;232
28;2025-12-13;8;419
28;2025-12-13;9;501
28;2025-12-13;10;536
28;2025-12-13;11;546
28;2025-12-13;12;647
28;2025-12-13;13;665
28;2025-12-13;14;664
28;2025-12-13;15;637
28;2025-12-13;16;596
28;2025-12-13;17;616
28;2025-12-13;18;542
28;2025-12-13;19;444
28;2025-12-13;20;330
28;2025-12-13;21;296
28;2025-12-13;22;121
28;2025-12-13;23;19
28;2025-12-14;0;1
28;2025-12-14;1;1
28;2025-12-14;2;0
28;2025-12-14;3;0
28;2025-12-14;4;0
28;2025-12-14;5;35
28;2025-12-14;6;81
28;2025-12-14;7;159
28;2025-12-14;8;270
28;2025-12-14;9;359
28;2025-12-14;10;414
28;2025-12-14;11;454
28;2025-12-14;12;527
28;2025-12-14;13;577
28;2025-12-14;14;555
28;2025-12-14;15;559
28;2025-12-14;16;513
28;2025-12-14;17;536
28;2025-12-14;18;445
28;2025-12-14;19;386
28;2025-12-14;20;291
28;2025-12-14;21;249
28;2025-12-14;22;101
28;2025-12-14;23;14
28;2025-12-15;0;0
28;2025-12-15;1;0
28;2025-12-15;2;0
28;2025-12-15;3;0
28;2025-12-15;4;1
28;2025-12-15;5;84
28;2025-12-15;6;268
28;2025-12-15;7;785
28;2025-12-15;8;1266
28;2025-12-15;9;914
28;2025-12-15;10;679
28;2025-12-15;11;595
28;2025-12-15;12;741
28;2025-12-15;13;743
28;2025-12-15;14;686
28;2025-12-15;15;702
28;2025-12-15;16;942
28;2025-12-15;17;1007
28;2025-12-15;18;998
28;2025-12-15;19;732
28;2025-12-15;20;486
28;2025-12-15;21;322
28;2025-12-15;22;108
28;2025-12-15;23;12
28;2025-12-16;0;0
28;2025-12-16;1;0
28;2025-12-16;2;0
28;2025-12-16;3;0
28;2025-12-16;4;1
28;2025-12-16;5;76
28;2025-12-16;6;255
28;2025-12-16;7;778
28;2025-12-16;8;1265
28;2025-12-16;9;910
28;2025-12-16;10;734
28;2025-12-16;11;613
28;2025-12-16;12;737
28;2025-12-16;13;798
28;2025-12-16;14;715
28;2025-12-16;15;723
28;2025-12-16;16;875
28;2025-12-16;17;1003
28;2025-12-16;18;963
28;2025-12-16;19;734
28;2025-12-16;20;525
28;2025-12-16;21;327
28;2025-12-16;22;109
28;2025-12-16;23;20
28;2025-12-17;0;0
28;2025-12-17;1;0
28;2025-12-17;2;0
28;2025-12-17;3;0
28;2025-12-17;4;1
28;2025-12-17;5;86
28;2025-12-17;6;277
28;2025-12-17;7;782
28;2025-12-17;8;1281
28;2025-12-17;9;869
28;2025-12-17;10;701
28;2025-12-17;11;641
28;2025-12-17;12;773
28;2025-12-17;13;801
28;2025-12-17;14;733
28;2025-12-17;15;742
28;2025-12-17;16;908
28;2025-12-17;17;1067
28;2025-12-17;18;976
28;2025-12-17;19;736
28;2025-12-17;20;503
28;2025-12-17;21;334
28;2025-12-17;22;129
28;2025-12-17;23;20
28;2025-12-18;0;1
28;2025-12-18;1;2
28;2025-12-18;2;0
28;2025-12-18;3;0
28;2025-12-18;4;2
28;2025-12-18;5;79
28;2025-12-18;6;271
28;2025-12-18;7;826
28;2025-12-18;8;1319
28;2025-12-18;9;920
28;2025-12-18;10;686
28;2025-12-18;11;573
28;2025-12-18;12;760
28;2025-12-18;13;754
28;2025-12-18;14;689
28;2025-12-18;15;721
28;2025-12-18;16;860
28;2025-12-18;17;1019
28;2025-12-18;18;1032
28;2025-12-18;19;738
28;2025-12-18;20;546
28;2025-12-18;21;334
28;2025-12-18;22;126
28;2025-12-18;23;17
28;2025-12-19;0;0
28;2025-12-19;1;0
28;2025-12-19;2;2
28;2025-12-19;3;0
28;2025-12-19;4;1
28;2025-12-19;5;82
28;2025-12-19;6;256
28;2025-12-19;7;767
28;2025-12-19;8;1178
28;2025-12-19;9;856
28;2025-12-19;10;655
28;2025-12-19;11;565
28;2025-12-19;12;718
28;2025-12-19;13;722
28;2025-12-19;14;714
28;2025-12-19;15;715
28;2025-12-19;16;980
28;2025-12-19;17;1007
28;2025-12-19;18;808
28;2025-12-19;19;614
28;2025-12-19;20;462
28;2025-12-19;21;316
28;2025-12-19;22;123
28;2025-12-19;23;20
28;2025-12-20;0;0
28;2025-12-20;1;0
28;2025-12-20;2;0
28;2025-12-20;3;0
28;2025-12-20;4;0
28;2025-12-20;5;42
28;2025-12-20;6;92
28;2025-12-20;7;219
28;2025-12-20;8;398
28;2025-12-20;9;479
28;2025-12-20;10;537
28;2025-12-20;11;555
28;2025-12-20;12;670
28;2025-12-20;13;681
28;2025-12-20;14;626
28;2025-12-20;15;628
28;2025-12-20;16;582
28;2025-12-20;17;593
28;2025-12-20;18;515
28;2025-12-20;19;419
28;2025-12-20;20;320
28;2025-12-20;21;292
28;2025-12-20;22;114
28;2025-12-20;23;20
28;2025-12-21;0;0
28;2025-12-21;1;0
28;2025-12-21;2;0
28;2025-12-21;3;0
28;2025-12-21;4;2
28;2025-12-21;5;36
28;2025-12-21;6;71
28;2025-12-21;7;143
28;2025-12-21;8;238
28;2025-12-21;9;319
28;2025-12-21;10;354
28;2025-12-21;11;395
28;2025-12-21;12;459
28;2025-12-21;13;502
28;2025-12-21;14;447
28;2025-12-21;15;459
28;2025-12-21;16;433
28;2025-12-21;17;456
28;2025-12-21;18;377
28;2025-12-21;19;329
28;2025-12-21;20;260
28;2025-12-21;21;215
28;2025-12-21;22;84
28;2025-12-21;23;12
28;2025-12-22;0;0
28;2025-12-22;1;0
28;2025-12-22;2;0
28;2025-12-22;3;0
28;2025-12-22;4;2
28;2025-12-22;5;90
28;2025-12-22;6;260
28;2025-12-22;7;731
28;2025-12-22;8;1206
28;2025-12-22;9;899
28;2025-12-22;10;643
28;2025-12-22;11;578
28;2025-12-22;12;704
28;2025-12-22;13;707
28;2025-12-22;14;597
28;2025-12-22;15;617
28;2025-12-22;16;851
28;2025-12-22;17;923
28;2025-12-22;18;917
28;2025-12-22;19;686
28;2025-12-22;20;453
28;2025-12-22;21;307
28;2025-12-22;22;94
28;2025-12-22;23;10
28;2025-12-23;0;0
28;2025-12-23;1;0
28;2025-12-23;2;0
28;2025-12-23;3;0
28;2025-12-23;4;1
28;2025-12-23;5;80
28;2025-12-23;6;246
28;2025-12-23;7;718
28;2025-12-23;8;1184
28;2025-12-23;9;920
28;2025-12-23;10;754
28;2025-12-23;11;626
28;2025-12-23;12;729
28;2025-12-23;13;806
28;2025-12-23;14;658
28;2025-12-23;15;701
28;2025-12-23;16;824
28;2025-12-23;17;984
28;2025-12-23;18;923
28;2025-12-23;19;724
28;2025-12-23;20;519
28;2025-12-23;21;333
28;2025-12-23;22;107
28;2025-12-23;23;20
28;2025-12-24;0;0
28;2025-12-24;1;0
28;2025-12-24;2;0
28;2025-12-24;3;0
28;2025-12-24;4;0
28;2025-12-24;5;88
28;2025-12-24;6;260
28;2025-12-24;7;716
28;2025-12-24;8;1170
28;2025-12-24;9;854
28;2025-12-24;10;727
28;2025-12-24;11;679
28;2025-12-24;12;837
28;2025-12-24;13;830
28;2025-12-24;14;692
28;2025-12-24;15;729
28;2025-12-24;16;852
28;2025-12-24;17;1032
28;2025-12-24;18;919
28;2025-12-24;19;703
28;2025-12-24;20;490
28;2025-12-24;21;341
28;2025-12-24;22;125
28;2025-12-24;23;20
28;2025-12-25;0;0
28;2025-12-25;1;0
28;2025-12-25;2;0
28;2025-12-25;3;0
28;2025-12-25;4;3
28;2025-12-25;5;81
28;2025-12-25;6;254
28;2025-12-25;7;734
28;2025-12-25;8;1199
28;2025-12-25;9;886
28;2025-12-25;10;672
28;2025-12-25;11;557
28;2025-12-25;12;780
28;2025-12-25;13;720
28;2025-12-25;14;615
28;2025-12-25;15;651
28;2025-12-25;16;780
28;2025-12-25;17;951
28;2025-12-25;18;968
28;2025-12-25;19;676
28;2025-12-25;20;515
28;2025-12-25;21;320
28;2025-12-25;22;113
28;2025-12-25;23;16
28;2025-12-26;0;0
28;2025-12-26;1;0
28;2025-12-26;2;1
28;2025-12-26;3;0
28;2025-12-26;4;0
28;2025-12-26;5;84
28;2025-12-26;6;245
28;2025-12-26;7;708
28;2025-12-26;8;1108
28;2025-12-26;9;842
28;2025-12-26;10;667
28;2025-12-26;11;567
28;2025-12-26;12;731
28;2025-12-26;13;704
28;2025-12-26;14;648
28;2025-12-26;15;651
28;2025-12-26;16;904
28;2025-12-26;17;973
28;2025-12-26;18;750
28;2025-12-26;19;561
28;2025-12-26;20;445
28;2025-12-26;21;308
28;2025-12-26;22;113
28;2025-12-26;23;20
28;2025-12-27;0;0
28;2025-12-27;1;0
28;2025-12-27;2;0
28;2025-12-27;3;0
28;2025-12-27;4;0
28;2025-12-27;5;34
28;2025-12-27;6;85
28;2025-12-27;7;201
28;2025-12-27;8;365
28;2025-12-27;9;442
28;2025-12-27;10;490
28;2025-12-27;11;490
28;2025-12-27;12;588
28;2025-12-27;13;581
28;2025-12-27;14;540
28;2025-12-27;15;534
28;2025-12-27;16;518
28;2025-12-27;17;527
28;2025-12-27;18;466
28;2025-12-27;19;376
28;2025-12-27;20;288
28;2025-12-27;21;248
28;2025-12-27;22;101
28;2025-12-27;23;15
28;2025-12-28;0;0
28;2025-12-28;1;0
28;2025-12-28;2;0
28;2025-12-28;3;0
28;2025-12-28;4;0
28;2025-12-28;5;27
28;2025-12-28;6;67
28;2025-12-28;7;135
28;2025-12-28;8;238
28;2025-12-28;9;309
28;2025-12-28;10;358
28;2025-12-28;11;387
28;2025-12-28;12;444
28;2025-12-28;13;479
28;2025-12-28;14;429
28;2025-12-28;15;434
28;2025-12-28;16;407
28;2025-12-28;17;434
28;2025-12-28;18;364
28;2025-12-28;19;316
28;2025-12-28;20;245
28;2025-12-28;21;195
28;2025-12-28;22;80
28;2025-12-28;23;11
28;2025-12-29;0;0
28;2025-12-29;1;0
28;2025-12-29;2;0
28;2025-12-29;3;0
28;2025-12-29;4;1
28;2025-12-29;5;71
28;2025-12-29;6;240
28;2025-12-29;7;669
28;2025-12-29;8;1094
28;2025-12-29;9;799
28;2025-12-29;10;579
28;2025-12-29;11;502
28;2025-12-29;12;600
28;2025-12-29;13;603
28;2025-12-29;14;519
28;2025-12-29;15;538
28;2025-12-29;16;728
28;2025-12-29;17;821
28;2025-12-29;18;800
28;2025-12-29;19;610
28;2025-12-29;20;404
28;2025-12-29;21;258
28;2025-12-29;22;86
28;2025-12-29;23;8
28;2025-12-30;0;0
28;2025-12-30;1;0
28;2025-12-30;2;0
28;2025-12-30;3;0
28;2025-12-30;4;0
28;2025-12-30;5;68
28;2025-12-30;6;240
28;2025-12-30;7;697
28;2025-12-30;8;1126
28;2025-12-30;9;841
28;2025-12-30;10;680
28;2025-12-30;11;556
28;2025-12-30;12;659
28;2025-12-30;13;708
28;2025-12-30;14;597
28;2025-12-30;15;622
28;2025-12-30;16;735
28;2025-12-30;17;870
28;2025-12-30;18;846
28;2025-12-30;19;656
28;2025-12-30;20;478
28;2025-12-30;21;288
28;2025-12-30;22;99
28;2025-12-30;23;18
28;2025-12-31;0;0
28;2025-12-31;1;0
28;2025-12-31;2;0
28;2025-12-31;3;0
28;2025-12-31;4;0
28;2025-12-31;5;29
28;2025-12-31;6;73
28;2025-12-31;7;136
28;2025-12-31;8;237
28;2025-12-31;9;329
28;2025-12-31;10;404
28;2025-12-31;11;431
28;2025-12-31;12;519
28;2025-12-31;13;557
28;2025-12-31;14;480
28;2025-12-31;15;497
28;2025-12-31;16;448
28;2025-12-31;17;473
28;2025-12-31;18;406
28;2025-12-31;19;343
28;2025-12-31;20;264
28;2025-12-31;21;234
28;2025-12-31;22;99
28;2025-12-31;23;13
50;2025-11-01;0;10
50;2025-11-01;1;4
50;2025-11-01;2;0
50;2025-11-01;3;0
50;2025-11-01;4;1
50;2025-11-01;5;3
50;2025-11-01;6;9
50;2025-11-01;7;34
50;2025-11-01;8;57
50;2025-11-01;9;52
50;2025-11-01;10;35
50;2025-11-01;11;31
50;2025-11-01;12;28
50;2025-11-01;13;28
50;2025-11-01;14;29
50;2025-11-01;15;34
50;2025-11-01;16;41
50;2025-11-01;17;47
50;2025-11-01;18;31
50;2025-11-01;19;23
50;2025-11-01;20;18
50;2025-11-01;21;9
50;2025-11-01;22;3
50;2025-11-01;23;5
50;2025-11-02;0;2
50;2025-11-02;1;1
50;2025-11-02;2;0
50;2025-11-02;3;0
50;2025-11-02;4;0
50;2025-11-02;5;4
50;2025-11-02;6;6
50;2025-11-02;7;12
50;2025-11-02;8;20
50;2025-11-02;9;21
50;2025-11-02;10;18
50;2025-11-02;11;21
50;2025-11-02;12;18
50;2025-11-02;13;27
50;2025-11-02;14;48
50;2025-11-02;15;40
50;2025-11-02;16;47
50;2025-11-02;17;40
50;2025-11-02;18;23
50;2025-11-02;19;21
50;2025-11-02;20;22
50;2025-11-02;21;14
50;2025-11-02;22;11
50;2025-11-02;23;6
50;2025-11-03;0;36
50;2025-11-03;1;8
50;2025-11-03;2;0
50;2025-11-03;3;0
50;2025-11-03;4;0
50;2025-11-03;5;31
50;2025-11-03;6;118
50;2025-11-03;7;220
50;2025-11-03;8;400
50;2025-11-03;9;507
50;2025-11-03;10;537
50;2025-11-03;11;645
50;2025-11-03;12;730
50;2025-11-03;13;824
50;2025-11-03;14;902
50;2025-11-03;15;776
50;2025-11-03;16;787
50;2025-11-03;17;729
50;2025-11-03;18;662
50;2025-11-03;19;528
50;2025-11-03;20;461
50;2025-11-03;21;356
50;2025-11-03;22;174
50;2025-11-03;23;120
50;2025-11-04;0;47
50;2025-11-04;1;5
50;2025-11-04;2;0
50;2025-11-04;3;0
50;2025-11-04;4;2
50;2025-11-04;5;30
50;2025-11-04;6;108
50;2025-11-04;7;223
50;2025-11-04;8;359
50;2025-11-04;9;487
50;2025-11-04;10;536
50;2025-11-04;11;561
50;2025-11-04;12;632
50;2025-11-04;13;720
50;2025-11-04;14;806
50;2025-11-04;15;693
50;2025-11-04;16;720
50;2025-11-04;17;691
50;2025-11-04;18;603
50;2025-11-04;19;530
50;2025-11-04;20;437
50;2025-11-04;21;321
50;2025-11-04;22;160
50;2025-11-04;23;114
50;2025-11-05;0;21
50;2025-11-05;1;3
50;2025-11-05;2;0
50;2025-11-05;3;0
50;2025-11-05;4;5
50;2025-11-05;5;77
50;2025-11-05;6;498
50;2025-11-05;7;1759
50;2025-11-05;8;2810
50;2025-11-05;9;2080
50;2025-11-05;10;1516
50;2025-11-05;11;1374
50;2025-11-05;12;1313
50;2025-11-05;13;1318
50;2025-11-05;14;1301
50;2025-11-05;15;1326
50;2025-11-05;16;1491
50;2025-11-05;17;2157
50;2025-11-05;18;2181
50;2025-11-05;19;1418
50;2025-11-05;20;809
50;2025-11-05;21;604
50;2025-11-05;22;213
50;2025-11-05;23;138
50;2025-11-06;0;27
50;2025-11-06;1;4
50;2025-11-06;2;0
50;2025-11-06;3;0
50;2025-11-06;4;2
50;2025-11-06;5;78
50;2025-11-06;6;485
50;2025-11-06;7;1750
50;2025-11-06;8;2664
50;2025-11-06;9;2167
50;2025-11-06;10;1714
50;2025-11-06;11;1399
50;2025-11-06;12;1441
50;2025-11-06;13;1404
50;2025-11-06;14;1386
50;2025-11-06;15;1604
50;2025-11-06;16;1640
50;2025-11-06;17;2297
50;2025-11-06;18;2464
50;2025-11-06;19;1534
50;2025-11-06;20;1015
50;2025-11-06;21;715
50;2025-11-06;22;256
50;2025-11-06;23;165
50;2025-11-07;0;34
50;2025-11-07;1;3
50;2025-11-07;2;1
50;2025-11-07;3;0
50;2025-11-07;4;4
50;2025-11-07;5;70
50;2025-11-07;6;502
50;2025-11-07;7;1740
50;2025-11-07;8;2835
50;2025-11-07;9;2196
50;2025-11-07;10;1490
50;2025-11-07;11;1474
50;2025-11-07;12;1432
50;2025-11-07;13;1448
50;2025-11-07;14;1465
50;2025-11-07;15;1781
50;2025-11-07;16;2020
50;2025-11-07;17;2080
50;2025-11-07;18;1657
50;2025-11-07;19;1194
50;2025-11-07;20;851
50;2025-11-07;21;558
50;2025-11-07;22;246
50;2025-11-07;23;170
50;2025-11-08;0;4
50;2025-11-08;1;1
50;2025-11-08;2;0
50;2025-11-08;3;0
50;2025-11-08;4;0
50;2025-11-08;5;2
50;2025-11-08;6;3
50;2025-11-08;7;11
50;2025-11-08;8;18
50;2025-11-08;9;19
50;2025-11-08;10;17
50;2025-11-08;11;19
50;2025-11-08;12;20
50;2025-11-08;13;23
50;2025-11-08;14;26
50;2025-11-08;15;23
50;2025-11-08;16;23
50;2025-11-08;17;21
50;2025-11-08;18;16
50;2025-11-08;19;14
50;2025-11-08;20;13
50;2025-11-08;21;9
50;2025-11-08;22;3
50;2025-11-08;23;5
50;2025-11-09;0;3
50;2025-11-09;1;1
50;2025-11-09;2;0
50;2025-11-09;3;1
50;2025-11-09;4;0
50;2025-11-09;5;3
50;2025-11-09;6;3
50;2025-11-09;7;9
50;2025-11-09;8;15
50;2025-11-09;9;17
50;2025-11-09;10;16
50;2025-11-09;11;18
50;2025-11-09;12;18
50;2025-11-09;13;22
50;2025-11-09;14;30
50;2025-11-09;15;26
50;2025-11-09;16;28
50;2025-11-09;17;25
50;2025-11-09;18;18
50;2025-11-09;19;15
50;2025-11-09;20;14
50;2025-11-09;21;10
50;2025-11-09;22;3
50;2025-11-09;23;5
50;2025-11-10;0;24
50;2025-11-10;1;2
50;2025-11-10;2;0
50;2025-11-10;3;0
50;2025-11-10;4;2
50;2025-11-10;5;72
50;2025-11-10;6;497
50;2025-11-10;7;1798
50;2025-11-10;8;2955
50;2025-11-10;9;2237
50;2025-11-10;10;1632
50;2025-11-10;11;1528
50;2025-11-10;12;1413
50;2025-11-10;13;1468
50;2025-11-10;14;1482
50;2025-11-10;15;1656
50;2025-11-10;16;1704
50;2025-11-10;17;2321
50;2025-11-10;18;2395
50;2025-11-10;19;1372
50;2025-11-10;20;854
50;2025-11-10;21;591
50;2025-11-10;22;219
50;2025-11-10;23;122
50;2025-11-11;0;29
50;2025-11-11;1;1
50;2025-11-11;2;0
50;2025-11-11;3;1
50;2025-11-11;4;2
50;2025-11-11;5;68
50;2025-11-11;6;538
50;2025-11-11;7;1835
50;2025-11-11;8;2934
50;2025-11-11;9;2329
50;2025-11-11;10;1745
50;2025-11-11;11;1525
50;2025-11-11;12;1533
50;2025-11-11;13;1540
50;2025-11-11;14;1548
50;2025-11-11;15;1761
50;2025-11-11;16;1747
50;2025-11-11;17;2394
50;2025-11-11;18;2563
50;2025-11-11;19;1487
50;2025-11-11;20;937
50;2025-11-11;21;613
50;2025-11-11;22;253
50;2025-11-11;23;134
50;2025-11-12;0;28
50;2025-11-12;1;2
50;2025-11-12;2;0
50;2025-11-12;3;0
50;2025-11-12;4;2
50;2025-11-12;5;72
50;2025-11-12;6;500
50;2025-11-12;7;1780
50;2025-11-12;8;2866
50;2025-11-12;9;2179
50;2025-11-12;10;1647
50;2025-11-12;11;1499
50;2025-11-12;12;1484
50;2025-11-12;13;1511
50;2025-11-12;14;1499
50;2025-11-12;15;1671
50;2025-11-12;16;1696
50;2025-11-12;17;2335
50;2025-11-12;18;2333
50;2025-11-12;19;1444
50;2025-11-12;20;841
50;2025-11-12;21;605
50;2025-11-12;22;239
50;2025-11-12;23;142
50;2025-11-13;0;32
50;2025-11-13;1;4
50;2025-11-13;2;0
50;2025-11-13;3;0
50;2025-11-13;4;2
50;2025-11-13;5;71
50;2025-11-13;6;500
50;2025-11-13;7;1788
50;2025-11-13;8;2740
50;2025-11-13;9;2168
50;2025-11-13;10;1655
50;2025-11-13;11;1428
50;2025-11-13;12;1488
50;2025-11-13;13;1445
50;2025-11-13;14;1414
50;2025-11-13;15;1600
50;2025-11-13;16;1735
50;2025-11-13;17;2251
50;2025-11-13;18;2397
50;2025-11-13;19;1461
50;2025-11-13;20;942
50;2025-11-13;21;671
50;2025-11-13;22;251
50;2025-11-13;23;157
50;2025-11-14;0;38
50;2025-11-14;1;3
50;2025-11-14;2;1
50;2025-11-14;3;0
50;2025-11-14;4;2
50;2025-11-14;5;67
50;2025-11-14;6;512
50;2025-11-14;7;1768
50;2025-11-14;8;2807
50;2025-11-14;9;2149
50;2025-11-14;10;1522
50;2025-11-14;11;1503
50;2025-11-14;12;1452
50;2025-11-14;13;1445
50;2025-11-14;14;1458
50;2025-11-14;15;1760
50;2025-11-14;16;2042
50;2025-11-14;17;2131
50;2025-11-14;18;1709
50;2025-11-14;19;1205
50;2025-11-14;20;819
50;2025-11-14;21;553
50;2025-11-14;22;257
50;2025-11-14;23;172
50;2025-11-15;0;51
50;2025-11-15;1;3
50;2025-11-15;2;0
50;2025-11-15;3;0
50;2025-11-15;4;1
50;2025-11-15;5;34
50;2025-11-15;6;170
50;2025-11-15;7;399
50;2025-11-15;8;613
50;2025-11-15;9;639
50;2025-11-15;10;616
50;2025-11-15;11;758
50;2025-11-15;12;816
50;2025-11-15;13;848
50;2025-11-15;14;858
50;2025-11-15;15;786
50;2025-11-15;16;797
50;2025-11-15;17;779
50;2025-11-15;18;678
50;2025-11-15;19;615
50;2025-11-15;20;465
50;2025-11-15;21;366
50;2025-11-15;22;191
50;2025-11-15;23;144
50;2025-11-16;0;46
50;2025-11-16;1;4
50;2025-11-16;2;0
50;2025-11-16;3;0
50;2025-11-16;4;0
50;2025-11-16;5;27
50;2025-11-16;6;112
50;2025-11-16;7;223
50;2025-11-16;8;382
50;2025-11-16;9;509
50;2025-11-16;10;574
50;2025-11-16;11;709
50;2025-11-16;12;780
50;2025-11-16;13;857
50;2025-11-16;14;944
50;2025-11-16;15;805
50;2025-11-16;16;822
50;2025-11-16;17;774
50;2025-11-16;18;661
50;2025-11-16;19;566
50;2025-11-16;20;476
50;2025-11-16;21;365
50;2025-11-16;22;189
50;2025-11-16;23;126
50;2025-11-17;0;28
50;2025-11-17;1;2
50;2025-11-17;2;0
50;2025-11-17;3;0
50;2025-11-17;4;1
50;2025-11-17;5;76
50;2025-11-17;6;549
50;2025-11-17;7;1831
50;2025-11-17;8;2934
50;2025-11-17;9;2386
50;2025-11-17;10;1808
50;2025-11-17;11;1724
50;2025-11-17;12;1563
50;2025-11-17;13;1614
50;2025-11-17;14;1594
50;2025-11-17;15;1736
50;2025-11-17;16;1794
50;2025-11-17;17;2436
50;2025-11-17;18;2518
50;2025-11-17;19;1503
50;2025-11-17;20;927
50;2025-11-17;21;641
50;2025-11-17;22;236
50;2025-11-17;23;142
50;2025-11-18;0;34
50;2025-11-18;1;2
50;2025-11-18;2;0
50;2025-11-18;3;0
50;2025-11-18;4;2
50;2025-11-18;5;72
50;2025-11-18;6;586
50;2025-11-18;7;1772
50;2025-11-18;8;2794
50;2025-11-18;9;2316
50;2025-11-18;10;1757
50;2025-11-18;11;1572
50;2025-11-18;12;1542
50;2025-11-18;13;1498
50;2025-11-18;14;1452
50;2025-11-18;15;1583
50;2025-11-18;16;1650
50;2025-11-18;17;2306
50;2025-11-18;18;2462
50;2025-11-18;19;1525
50;2025-11-18;20;934
50;2025-11-18;21;624
50;2025-11-18;22;237
50;2025-11-18;23;142
50;2025-11-19;0;30
50;2025-11-19;1;2
50;2025-11-19;2;0
50;2025-11-19;3;0
50;2025-11-19;4;2
50;2025-11-19;5;74
50;2025-11-19;6;557
50;2025-11-19;7;1764
50;2025-11-19;8;2832
50;2025-11-19;9;2252
50;2025-11-19;10;1797
50;2025-11-19;11;1671
50;2025-11-19;12;1654
50;2025-11-19;13;1640
50;2025-11-19;14;1572
50;2025-11-19;15;1755
50;2025-11-19;16;1766
50;2025-11-19;17;2456
50;2025-11-19;18;2427
50;2025-11-19;19;1528
50;2025-11-19;20;905
50;2025-11-19;21;673
50;2025-11-19;22;265
50;2025-11-19;23;157
50;2025-11-20;0;37
50;2025-11-20;1;4
50;2025-11-20;2;0
50;2025-11-20;3;0
50;2025-11-20;4;1
50;2025-11-20;5;72
50;2025-11-20;6;542
50;2025-11-20;7;1707
50;2025-11-20;8;2699
50;2025-11-20;9;2247
50;2025-11-20;10;1753
50;2025-11-20;11;1509
50;2025-11-20;12;1558
50;2025-11-20;13;1470
50;2025-11-20;14;1472
50;2025-11-20;15;1575
50;2025-11-20;16;1743
50;2025-11-20;17;2282
50;2025-11-20;18;2373
50;2025-11-20;19;1514
50;2025-11-20;20;966
50;2025-11-20;21;693
50;2025-11-20;22;262
50;2025-11-20;23;170
50;2025-11-21;0;38
50;2025-11-21;1;3
50;2025-11-21;2;4
50;2025-11-21;3;0
50;2025-11-21;4;2
50;2025-11-21;5;70
50;2025-11-21;6;538
50;2025-11-21;7;1715
50;2025-11-21;8;2671
50;2025-11-21;9;2064
50;2025-11-21;10;1514
50;2025-11-21;11;1470
50;2025-11-21;12;1422
50;2025-11-21;13;1330
50;2025-11-21;14;1353
50;2025-11-21;15;1550
50;2025-11-21;16;1851
50;2025-11-21;17;1984
50;2025-11-21;18;1544
50;2025-11-21;19;1149
50;2025-11-21;20;796
50;2025-11-21;21;525
50;2025-11-21;22;238
50;2025-11-21;23;180
50;2025-11-22;0;56
50;2025-11-22;1;1
50;2025-11-22;2;0
50;2025-11-22;3;0
50;2025-11-22;4;0
50;2025-11-22;5;30
50;2025-11-22;6;163
50;2025-11-22;7;394
50;2025-11-22;8;601
50;2025-11-22;9;628
50;2025-11-22;10;621
50;2025-11-22;11;755
50;2025-11-22;12;801
50;2025-11-22;13;834
50;2025-11-22;14;888
50;2025-11-22;15;791
50;2025-11-22;16;801
50;2025-11-22;17;780
50;2025-11-22;18;656
50;2025-11-22;19;555
50;2025-11-22;20;438
50;2025-11-22;21;354
50;2025-11-22;22;201
50;2025-11-22;23;144
50;2025-11-23;0;49
50;2025-11-23;1;4
50;2025-11-23;2;0
50;2025-11-23;3;1
50;2025-11-23;4;0
50;2025-11-23;5;23
50;2025-11-23;6;103
50;2025-11-23;7;212
50;2025-11-23;8;363
50;2025-11-23;9;464
50;2025-11-23;10;520
50;2025-11-23;11;608
50;2025-11-23;12;668
50;2025-11-23;13;733
50;2025-11-23;14;820
50;2025-11-23;15;689
50;2025-11-23;16;708
50;2025-11-23;17;700
50;2025-11-23;18;595
50;2025-11-23;19;482
50;2025-11-23;20;413
50;2025-11-23;21;332
50;2025-11-23;22;172
50;2025-11-23;23;118
50;2025-11-24;0;28
50;2025-11-24;1;1
50;2025-11-24;2;0
50;2025-11-24;3;0
50;2025-11-24;4;1
50;2025-11-24;5;68
50;2025-11-24;6;501
50;2025-11-24;7;1753
50;2025-11-24;8;2809
50;2025-11-24;9;2131
50;2025-11-24;10;1555
50;2025-11-24;11;1386
50;2025-11-24;12;1255
50;2025-11-24;13;1309
50;2025-11-24;14;1295
50;2025-11-24;15;1455
50;2025-11-24;16;1537
50;2025-11-24;17;2185
50;2025-11-24;18;2214
50;2025-11-24;19;1275
50;2025-11-24;20;803
50;2025-11-24;21;565
50;2025-11-24;22;210
50;2025-11-24;23;120
50;2025-11-25;0;29
50;2025-11-25;1;0
50;2025-11-25;2;0
50;2025-11-25;3;0
50;2025-11-25;4;0
50;2025-11-25;5;65
50;2025-11-25;6;550
50;2025-11-25;7;1812
50;2025-11-25;8;2851
50;2025-11-25;9;2203
50;2025-11-25;10;1635
50;2025-11-25;11;1445
50;2025-11-25;12;1399
50;2025-11-25;13;1393
50;2025-11-25;14;1374
50;2025-11-25;15;1541
50;2025-11-25;16;1599
50;2025-11-25;17;2263
50;2025-11-25;18;2358
50;2025-11-25;19;1371
50;2025-11-25;20;877
50;2025-11-25;21;592
50;2025-11-25;22;234
50;2025-11-25;23;129
50;2025-11-26;0;30
50;2025-11-26;1;3
50;2025-11-26;2;1
50;2025-11-26;3;0
50;2025-11-26;4;1
50;2025-11-26;5;70
50;2025-11-26;6;532
50;2025-11-26;7;1795
50;2025-11-26;8;2842
50;2025-11-26;9;2179
50;2025-11-26;10;1674
50;2025-11-26;11;1536
50;2025-11-26;12;1473
50;2025-11-26;13;1515
50;2025-11-26;14;1501
50;2025-11-26;15;1705
50;2025-11-26;16;1714
50;2025-11-26;17;2409
50;2025-11-26;18;2329
50;2025-11-26;19;1398
50;2025-11-26;20;834
50;2025-11-26;21;613
50;2025-11-26;22;247
50;2025-11-26;23;143
50;2025-11-27;0;34
50;2025-11-27;1;2
50;2025-11-27;2;0
50;2025-11-27;3;0
50;2025-11-27;4;2
50;2025-11-27;5;70
50;2025-11-27;6;544
50;2025-11-27;7;1829
50;2025-11-27;8;2801
50;2025-11-27;9;2275
50;2025-11-27;10;1743
50;2025-11-27;11;1535
50;2025-11-27;12;1547
50;2025-11-27;13;1497
50;2025-11-27;14;1499
50;2025-11-27;15;1643
50;2025-11-27;16;1848
50;2025-11-27;17;2362
50;2025-11-27;18;2416
50;2025-11-27;19;1430
50;2025-11-27;20;921
50;2025-11-27;21;673
50;2025-11-27;22;256
50;2025-11-27;23;162
50;2025-11-28;0;39
50;2025-11-28;1;3
50;2025-11-28;2;0
50;2025-11-28;3;0
50;2025-11-28;4;1
50;2025-11-28;5;66
50;2025-11-28;6;540
50;2025-11-28;7;1799
50;2025-11-28;8;2781
50;2025-11-28;9;2150
50;2025-11-28;10;1569
50;2025-11-28;11;1581
50;2025-11-28;12;1496
50;2025-11-28;13;1451
50;2025-11-28;14;1479
50;2025-11-28;15;1734
50;2025-11-28;16;2077
50;2025-11-28;17;2157
50;2025-11-28;18;1699
50;2025-11-28;19;1156
50;2025-11-28;20;784
50;2025-11-28;21;538
50;2025-11-28;22;256
50;2025-11-28;23;177
50;2025-11-29;0;57
50;2025-11-29;1;2
50;2025-11-29;2;0
50;2025-11-29;3;0
50;2025-11-29;4;0
50;2025-11-29;5;30
50;2025-11-29;6;169
50;2025-11-29;7;405
50;2025-11-29;8;611
50;2025-11-29;9;641
50;2025-11-29;10;632
50;2025-11-29;11;786
50;2025-11-29;12;817
50;2025-11-29;13;868
50;2025-11-29;14;923
50;2025-11-29;15;832
50;2025-11-29;16;824
50;2025-11-29;17;793
50;2025-11-29;18;667
50;2025-11-29;19;559
50;2025-11-29;20;443
50;2025-11-29;21;356
50;2025-11-29;22;203
50;2025-11-29;23;141
50;2025-11-30;0;50
50;2025-11-30;1;5
50;2025-11-30;2;0
50;2025-11-30;3;2
50;2025-11-30;4;0
50;2025-11-30;5;22
50;2025-11-30;6;104
50;2025-11-30;7;211
50;2025-11-30;8;360
50;2025-11-30;9;464
50;2025-11-30;10;520
50;2025-11-30;11;623
50;2025-11-30;12;675
50;2025-11-30;13;750
50;2025-11-30;14;838
50;2025-11-30;15;701
50;2025-11-30;16;716
50;2025-11-30;17;705
50;2025-11-30;18;598
50;2025-11-30;19;484
50;2025-11-30;20;411
50;2025-11-30;21;332
50;2025-11-30;22;168
50;2025-11-30;23;115
50;2025-12-01;0;28
50;2025-12-01;1;1
50;2025-12-01;2;0
50;2025-12-01;3;1
50;2025-12-01;4;1
50;2025-12-01;5;65
50;2025-12-01;6;499
50;2025-12-01;7;1751
50;2025-12-01;8;2773
50;2025-12-01;9;2113
50;2025-12-01;10;1591
50;2025-12-01;11;1455
50;2025-12-01;12;1332
50;2025-12-01;13;1376
50;2025-12-01;14;1371
50;2025-12-01;15;1533
50;2025-12-01;16;1593
50;2025-12-01;17;2218
50;2025-12-01;18;2238
50;2025-12-01;19;1275
50;2025-12-01;20;803
50;2025-12-01;21;570
50;2025-12-01;22;213
50;2025-12-01;23;119
50;2025-12-02;0;28
50;2025-12-02;1;1
50;2025-12-02;2;0
50;2025-12-02;3;1
50;2025-12-02;4;0
50;2025-12-02;5;61
50;2025-12-02;6;542
50;2025-12-02;7;1782
50;2025-12-02;8;2792
50;2025-12-02;9;2163
50;2025-12-02;10;1637
50;2025-12-02;11;1491
50;2025-12-02;12;1456
50;2025-12-02;13;1448
50;2025-12-02;14;1437
50;2025-12-02;15;1602
50;2025-12-02;16;1639
50;2025-12-02;17;2274
50;2025-12-02;18;2357
50;2025-12-02;19;1345
50;2025-12-02;20;871
50;2025-12-02;21;595
50;2025-12-02;22;236
50;2025-12-02;23;129
50;2025-12-03;0;31
50;2025-12-03;1;3
50;2025-12-03;2;2
50;2025-12-03;3;0
50;2025-12-03;4;1
50;2025-12-03;5;67
50;2025-12-03;6;522
50;2025-12-03;7;1750
50;2025-12-03;8;2770
50;2025-12-03;9;2104
50;2025-12-03;10;1632
50;2025-12-03;11;1521
50;2025-12-03;12;1466
50;2025-12-03;13;1502
50;2025-12-03;14;1500
50;2025-12-03;15;1686
50;2025-12-03;16;1696
50;2025-12-03;17;2322
50;2025-12-03;18;2223
50;2025-12-03;19;1322
50;2025-12-03;20;801
50;2025-12-03;21;588
50;2025-12-03;22;236
50;2025-12-03;23;140
50;2025-12-04;0;34
50;2025-12-04;1;3
50;2025-12-04;2;0
50;2025-12-04;3;0
50;2025-12-04;4;2
50;2025-12-04;5;66
50;2025-12-04;6;534
50;2025-12-04;7;1776
50;2025-12-04;8;2696
50;2025-12-04;9;2154
50;2025-12-04;10;1649
50;2025-12-04;11;1461
50;2025-12-04;12;1467
50;2025-12-04;13;1445
50;2025-12-04;14;1426
50;2025-12-04;15;1566
50;2025-12-04;16;1783
50;2025-12-04;17;2227
50;2025-12-04;18;2276
50;2025-12-04;19;1331
50;2025-12-04;20;878
50;2025-12-04;21;634
50;2025-12-04;22;239
50;2025-12-04;23;152
50;2025-12-05;0;39
50;2025-12-05;1;3
50;2025-12-05;2;0
50;2025-12-05;3;0
50;2025-12-05;4;1
50;2025-12-05;5;64
50;2025-12-05;6;542
50;2025-12-05;7;1775
50;2025-12-05;8;2730
50;2025-12-05;9;2099
50;2025-12-05;10;1539
50;2025-12-05;11;1583
50;2025-12-05;12;1473
50;2025-12-05;13;1460
50;2025-12-05;14;1473
50;2025-12-05;15;1723
50;2025-12-05;16;2050
50;2025-12-05;17;2103
50;2025-12-05;18;1648
50;2025-12-05;19;1114
50;2025-12-05;20;767
50;2025-12-05;21;527
50;2025-12-05;22;247
50;2025-12-05;23;171
50;2025-12-06;0;56
50;2025-12-06;1;2
50;2025-12-06;2;0
50;2025-12-06;3;0
50;2025-12-06;4;0
50;2025-12-06;5;29
50;2025-12-06;6;165
50;2025-12-06;7;401
50;2025-12-06;8;602
50;2025-12-06;9;622
50;2025-12-06;10;602
50;2025-12-06;11;744
50;2025-12-06;12;778
50;2025-12-06;13;824
50;2025-12-06;14;868
50;2025-12-06;15;788
50;2025-12-06;16;797
50;2025-12-06;17;767
50;2025-12-06;18;638
50;2025-12-06;19;540
50;2025-12-06;20;431
50;2025-12-06;21;343
50;2025-12-06;22;189
50;2025-12-06;23;137
50;2025-12-07;0;49
50;2025-12-07;1;5
50;2025-12-07;2;0
50;2025-12-07;3;1
50;2025-12-07;4;0
50;2025-12-07;5;22
50;2025-12-07;6;103
50;2025-12-07;7;214
50;2025-12-07;8;362
50;2025-12-07;9;459
50;2025-12-07;10;508
50;2025-12-07;11;618
50;2025-12-07;12;673
50;2025-12-07;13;747
50;2025-12-07;14;830
50;2025-12-07;15;697
50;2025-12-07;16;715
50;2025-12-07;17;691
50;2025-12-07;18;586
50;2025-12-07;19;469
50;2025-12-07;20;410
50;2025-12-07;21;325
50;2025-12-07;22;165
50;2025-12-07;23;113
50;2025-12-08;0;28
50;2025-12-08;1;1
50;2025-12-08;2;0
50;2025-12-08;3;0
50;2025-12-08;4;1
50;2025-12-08;5;65
50;2025-12-08;6;504
50;2025-12-08;7;1759
50;2025-12-08;8;2763
50;2025-12-08;9;2122
50;2025-12-08;10;1579
50;2025-12-08;11;1460
50;2025-12-08;12;1310
50;2025-12-08;13;1383
50;2025-12-08;14;1369
50;2025-12-08;15;1528
50;2025-12-08;16;1593
50;2025-12-08;17;2209
50;2025-12-08;18;2218
50;2025-12-08;19;1260
50;2025-12-08;20;799
50;2025-12-08;21;563
50;2025-12-08;22;208
50;2025-12-08;23;120
50;2025-12-09;0;29
50;2025-12-09;1;1
50;2025-12-09;2;0
50;2025-12-09;3;0
50;2025-12-09;4;0
50;2025-12-09;5;60
50;2025-12-09;6;541
50;2025-12-09;7;1742
50;2025-12-09;8;2736
50;2025-12-09;9;2132
50;2025-12-09;10;1585
50;2025-12-09;11;1446
50;2025-12-09;12;1405
50;2025-12-09;13;1408
50;2025-12-09;14;1369
50;2025-12-09;15;1527
50;2025-12-09;16;1561
50;2025-12-09;17;2175
50;2025-12-09;18;2280
50;2025-12-09;19;1296
50;2025-12-09;20;833
50;2025-12-09;21;569
50;2025-12-09;22;222
50;2025-12-09;23;124
50;2025-12-10;0;29
50;2025-12-10;1;3
50;2025-12-10;2;0
50;2025-12-10;3;0
50;2025-12-10;4;1
50;2025-12-10;5;64
50;2025-12-10;6;515
50;2025-12-10;7;1700
50;2025-12-10;8;2666
50;2025-12-10;9;2070
50;2025-12-10;10;1618
50;2025-12-10;11;1512
50;2025-12-10;12;1458
50;2025-12-10;13;1498
50;2025-12-10;14;1439
50;2025-12-10;15;1632
50;2025-12-10;16;1648
50;2025-12-10;17;2278
50;2025-12-10;18;2213
50;2025-12-10;19;1305
50;2025-12-10;20;778
50;2025-12-10;21;586
50;2025-12-10;22;232
50;2025-12-10;23;136
50;2025-12-11;0;33
50;2025-12-11;1;1
50;2025-12-11;2;0
50;2025-12-11;3;0
50;2025-12-11;4;2
50;2025-12-11;5;63
50;2025-12-11;6;523
50;2025-12-11;7;1702
50;2025-12-11;8;2631
50;2025-12-11;9;2146
50;2025-12-11;10;1678
50;2025-12-11;11;1507
50;2025-12-11;12;1520
50;2025-12-11;13;1480
50;2025-12-11;14;1438
50;2025-12-11;15;1551
50;2025-12-11;16;1759
50;2025-12-11;17;2201
50;2025-12-11;18;2247
50;2025-12-11;19;1303
50;2025-12-11;20;867
50;2025-12-11;21;635
50;2025-12-11;22;237
50;2025-12-11;23;154
50;2025-12-12;0;39
50;2025-12-12;1;2
50;2025-12-12;2;0
50;2025-12-12;3;0
50;2025-12-12;4;1
50;2025-12-12;5;61
50;2025-12-12;6;522
50;2025-12-12;7;1679
50;2025-12-12;8;2596
50;2025-12-12;9;2035
50;2025-12-12;10;1530
50;2025-12-12;11;1583
50;2025-12-12;12;1492
50;2025-12-12;13;1451
50;2025-12-12;14;1434
50;2025-12-12;15;1649
50;2025-12-12;16;1962
50;2025-12-12;17;2046
50;2025-12-12;18;1589
50;2025-12-12;19;1069
50;2025-12-12;20;749
50;2025-12-12;21;516
50;2025-12-12;22;241
50;2025-12-12;23;171
50;2025-12-13;0;56
50;2025-12-13;1;2
50;2025-12-13;2;0
50;2025-12-13;3;0
50;2025-12-13;4;0
50;2025-12-13;5;25
50;2025-12-13;6;158
50;2025-12-13;7;378
50;2025-12-13;8;576
50;2025-12-13;9;612
50;2025-12-13;10;605
50;2025-12-13;11;751
50;2025-12-13;12;787
50;2025-12-13;13;831
50;2025-12-13;14;849
50;2025-12-13;15;760
50;2025-12-13;16;776
50;2025-12-13;17;744
50;2025-12-13;18;618
50;2025-12-13;19;522
50;2025-12-13;20;421
50;2025-12-13;21;331
50;2025-12-13;22;181
50;2025-12-13;23;136
50;2025-12-14;0;49
50;2025-12-14;1;4
50;2025-12-14;2;0
50;2025-12-14;3;0
50;2025-12-14;4;0
50;2025-12-14;5;19
50;2025-12-14;6;100
50;2025-12-14;7;200
50;2025-12-14;8;343
50;2025-12-14;9;455
50;2025-12-14;10;514
50;2025-12-14;11;622
50;2025-12-14;12;676
50;2025-12-14;13;742
50;2025-12-14;14;793
50;2025-12-14;15;666
50;2025-12-14;16;684
50;2025-12-14;17;676
50;2025-12-14;18;566
50;2025-12-14;19;462
50;2025-12-14;20;397
50;2025-12-14;21;313
50;2025-12-14;22;157
50;2025-12-14;23;115
50;2025-12-15;0;29
50;2025-12-15;1;1
50;2025-12-15;2;0
50;2025-12-15;3;1
50;2025-12-15;4;0
50;2025-12-15;5;59
50;2025-12-15;6;487
50;2025-12-15;7;1664
50;2025-12-15;8;2659
50;2025-12-15;9;2111
50;2025-12-15;10;1630
50;2025-12-15;11;1514
50;2025-12-15;12;1369
50;2025-12-15;13;1413
50;2025-12-15;14;1354
50;2025-12-15;15;1509
50;2025-12-15;16;1560
50;2025-12-15;17;2183
50;2025-12-15;18;2186
50;2025-12-15;19;1262
50;2025-12-15;20;787
50;2025-12-15;21;558
50;2025-12-15;22;209
50;2025-12-15;23;121
50;2025-12-16;0;30
50;2025-12-16;1;1
50;2025-12-16;2;0
50;2025-12-16;3;0
50;2025-12-16;4;0
50;2025-12-16;5;55
50;2025-12-16;6;532
50;2025-12-16;7;1678
50;2025-12-16;8;2671
50;2025-12-16;9;2179
50;2025-12-16;10;1689
50;2025-12-16;11;1566
50;2025-12-16;12;1523
50;2025-12-16;13;1488
50;2025-12-16;14;1440
50;2025-12-16;15;1579
50;2025-12-16;16;1602
50;2025-12-16;17;2180
50;2025-12-16;18;2297
50;2025-12-16;19;1317
50;2025-12-16;20;859
50;2025-12-16;21;580
50;2025-12-16;22;233
50;2025-12-16;23;131
50;2025-12-17;0;32
50;2025-12-17;1;2
50;2025-12-17;2;0
50;2025-12-17;3;0
50;2025-12-17;4;0
50;2025-12-17;5;60
50;2025-12-17;6;512
50;2025-12-17;7;1655
50;2025-12-17;8;2591
50;2025-12-17;9;2085
50;2025-12-17;10;1664
50;2025-12-17;11;1551
50;2025-12-17;12;1486
50;2025-12-17;13;1517
50;2025-12-17;14;1428
50;2025-12-17;15;1589
50;2025-12-17;16;1635
50;2025-12-17;17;2245
50;2025-12-17;18;2164
50;2025-12-17;19;1303
50;2025-12-17;20;780
50;2025-12-17;21;571
50;2025-12-17;22;228
50;2025-12-17;23;141
50;2025-12-18;0;33
50;2025-12-18;1;1
50;2025-12-18;2;0
50;2025-12-18;3;0
50;2025-12-18;4;1
50;2025-12-18;5;59
50;2025-12-18;6;518
50;2025-12-18;7;1682
50;2025-12-18;8;2581
50;2025-12-18;9;2102
50;2025-12-18;10;1663
50;2025-12-18;11;1499
50;2025-12-18;12;1484
50;2025-12-18;13;1423
50;2025-12-18;14;1369
50;2025-12-18;15;1473
50;2025-12-18;16;1707
50;2025-12-18;17;2132
50;2025-12-18;18;2159
50;2025-12-18;19;1292
50;2025-12-18;20;852
50;2025-12-18;21;612
50;2025-12-18;22;232
50;2025-12-18;23;152
50;2025-12-19;0;39
50;2025-12-19;1;2
50;2025-12-19;2;0
50;2025-12-19;3;0
50;2025-12-19;4;0
50;2025-12-19;5;57
50;2025-12-19;6;518
50;2025-12-19;7;1642
50;2025-12-19;8;2570
50;2025-12-19;9;2018
50;2025-12-19;10;1529
50;2025-12-19;11;1583
50;2025-12-19;12;1476
50;2025-12-19;13;1414
50;2025-12-19;14;1394
50;2025-12-19;15;1596
50;2025-12-19;16;1922
50;2025-12-19;17;2003
50;2025-12-19;18;1555
50;2025-12-19;19;1056
50;2025-12-19;20;743
50;2025-12-19;21;503
50;2025-12-19;22;240
50;2025-12-19;23;171
50;2025-12-20;0;53
50;2025-12-20;1;1
50;2025-12-20;2;0
50;2025-12-20;3;0
50;2025-12-20;4;0
50;2025-12-20;5;26
50;2025-12-20;6;143
50;2025-12-20;7;352
50;2025-12-20;8;535
50;2025-12-20;9;559
50;2025-12-20;10;573
50;2025-12-20;11;714
50;2025-12-20;12;773
50;2025-12-20;13;794
50;2025-12-20;14;753
50;2025-12-20;15;725
50;2025-12-20;16;723
50;2025-12-20;17;698
50;2025-12-20;18;584
50;2025-12-20;19;480
50;2025-12-20;20;390
50;2025-12-20;21;309
50;2025-12-20;22;168
50;2025-12-20;23;129
50;2025-12-21;0;44
50;2025-12-21;1;1
50;2025-12-21;2;0
50;2025-12-21;3;0
50;2025-12-21;4;0
50;2025-12-21;5;19
50;2025-12-21;6;86
50;2025-12-21;7;177
50;2025-12-21;8;300
50;2025-12-21;9;387
50;2025-12-21;10;425
50;2025-12-21;11;514
50;2025-12-21;12;567
50;2025-12-21;13;619
50;2025-12-21;14;623
50;2025-12-21;15;547
50;2025-12-21;16;571
50;2025-12-21;17;570
50;2025-12-21;18;486
50;2025-12-21;19;390
50;2025-12-21;20;347
50;2025-12-21;21;263
50;2025-12-21;22;133
50;2025-12-21;23;100
50;2025-12-22;0;25
50;2025-12-22;1;0
50;2025-12-22;2;0
50;2025-12-22;3;0
50;2025-12-22;4;1
50;2025-12-22;5;64
50;2025-12-22;6;455
50;2025-12-22;7;1540
50;2025-12-22;8;2496
50;2025-12-22;9;1979
50;2025-12-22;10;1448
50;2025-12-22;11;1368
50;2025-12-22;12;1214
50;2025-12-22;13;1265
50;2025-12-22;14;1127
50;2025-12-22;15;1300
50;2025-12-22;16;1362
50;2025-12-22;17;1953
50;2025-12-22;18;1976
50;2025-12-22;19;1139
50;2025-12-22;20;706
50;2025-12-22;21;505
50;2025-12-22;22;182
50;2025-12-22;23;103
50;2025-12-23;0;25
50;2025-12-23;1;0
50;2025-12-23;2;0
50;2025-12-23;3;0
50;2025-12-23;4;0
50;2025-12-23;5;60
50;2025-12-23;6;502
50;2025-12-23;7;1570
50;2025-12-23;8;2494
50;2025-12-23;9;2100
50;2025-12-23;10;1603
50;2025-12-23;11;1468
50;2025-12-23;12;1382
50;2025-12-23;13;1402
50;2025-12-23;14;1238
50;2025-12-23;15;1469
50;2025-12-23;16;1455
50;2025-12-23;17;2088
50;2025-12-23;18;2186
50;2025-12-23;19;1255
50;2025-12-23;20;804
50;2025-12-23;21;555
50;2025-12-23;22;218
50;2025-12-23;23;117
50;2025-12-24;0;27
50;2025-12-24;1;3
50;2025-12-24;2;0
50;2025-12-24;3;0
50;2025-12-24;4;0
50;2025-12-24;5;65
50;2025-12-24;6;484
50;2025-12-24;7;1574
50;2025-12-24;8;2447
50;2025-12-24;9;2033
50;2025-12-24;10;1669
50;2025-12-24;11;1598
50;2025-12-24;12;1571
50;2025-12-24;13;1547
50;2025-12-24;14;1337
50;2025-12-24;15;1600
50;2025-12-24;16;1576
50;2025-12-24;17;2235
50;2025-12-24;18;2135
50;2025-12-24;19;1271
50;2025-12-24;20;759
50;2025-12-24;21;577
50;2025-12-24;22;226
50;2025-12-24;23;133
50;2025-12-25;0;30
50;2025-12-25;1;0
50;2025-12-25;2;0
50;2025-12-25;3;0
50;2025-12-25;4;2
50;2025-12-25;5;63
50;2025-12-25;6;487
50;2025-12-25;7;1535
50;2025-12-25;8;2420
50;2025-12-25;9;2040
50;2025-12-25;10;1619
50;2025-12-25;11;1473
50;2025-12-25;12;1528
50;2025-12-25;13;1395
50;2025-12-25;14;1267
50;2025-12-25;15;1413
50;2025-12-25;16;1634
50;2025-12-25;17;2082
50;2025-12-25;18;2140
50;2025-12-25;19;1213
50;2025-12-25;20;814
50;2025-12-25;21;588
50;2025-12-25;22;217
50;2025-12-25;23;140
50;2025-12-26;0;35
50;2025-12-26;1;0
50;2025-12-26;2;0
50;2025-12-26;3;0
50;2025-12-26;4;0
50;2025-12-26;5;60
50;2025-12-26;6;496
50;2025-12-26;7;1543
50;2025-12-26;8;2468
50;2025-12-26;9;1984
50;2025-12-26;10;1540
50;2025-12-26;11;1604
50;2025-12-26;12;1523
50;2025-12-26;13;1415
50;2025-12-26;14;1304
50;2025-12-26;15;1539
50;2025-12-26;16;1850
50;2025-12-26;17;1986
50;2025-12-26;18;1507
50;2025-12-26;19;978
50;2025-12-26;20;714
50;2025-12-26;21;489
50;2025-12-26;22;227
50;2025-12-26;23;162
50;2025-12-27;0;52
50;2025-12-27;1;1
50;2025-12-27;2;0
50;2025-12-27;3;0
50;2025-12-27;4;0
50;2025-12-27;5;20
50;2025-12-27;6;139
50;2025-12-27;7;337
50;2025-12-27;8;516
50;2025-12-27;9;527
50;2025-12-27;10;532
50;2025-12-27;11;639
50;2025-12-27;12;688
50;2025-12-27;13;685
50;2025-12-27;14;661
50;2025-12-27;15;623
50;2025-12-27;16;649
50;2025-12-27;17;628
50;2025-12-27;18;543
50;2025-12-27;19;458
50;2025-12-27;20;365
50;2025-12-27;21;275
50;2025-12-27;22;155
50;2025-12-27;23;118
50;2025-12-28;0;42
50;2025-12-28;1;0
50;2025-12-28;2;0
50;2025-12-28;3;0
50;2025-12-28;4;0
50;2025-12-28;5;14
50;2025-12-28;6;85
50;2025-12-28;7;176
50;2025-12-28;8;311
50;2025-12-28;9;378
50;2025-12-28;10;426
50;2025-12-28;11;497
50;2025-12-28;12;549
50;2025-12-28;13;585
50;2025-12-28;14;593
50;2025-12-28;15;508
50;2025-12-28;16;538
50;2025-12-28;17;536
50;2025-12-28;18;475
50;2025-12-28;19;394
50;2025-12-28;20;338
50;2025-12-28;21;247
50;2025-12-28;22;129
50;2025-12-28;23;97
50;2025-12-29;0;24
50;2025-12-29;1;2
50;2025-12-29;2;0
50;2025-12-29;3;0
50;2025-12-29;4;0
50;2025-12-29;5;53
50;2025-12-29;6;448
50;2025-12-29;7;1493
50;2025-12-29;8;2427
50;2025-12-29;9;1848
50;2025-12-29;10;1385
50;2025-12-29;11;1275
50;2025-12-29;12;1115
50;2025-12-29;13;1148
50;2025-12-29;14;1058
50;2025-12-29;15;1198
50;2025-12-29;16;1250
50;2025-12-29;17;1836
50;2025-12-29;18;1858
50;2025-12-29;19;1117
50;2025-12-29;20;686
50;2025-12-29;21;465
50;2025-12-29;22;177
50;2025-12-29;23;102
50;2025-12-30;0;26
50;2025-12-30;1;1
50;2025-12-30;2;0
50;2025-12-30;3;0
50;2025-12-30;4;0
50;2025-12-30;5;52
50;2025-12-30;6;512
50;2025-12-30;7;1586
50;2025-12-30;8;2509
50;2025-12-30;9;2029
50;2025-12-30;10;1575
50;2025-12-30;11;1438
50;2025-12-30;12;1372
50;2025-12-30;13;1326
50;2025-12-30;14;1245
50;2025-12-30;15;1401
50;2025-12-30;16;1391
50;2025-12-30;17;1973
50;2025-12-30;18;2123
50;2025-12-30;19;1243
50;2025-12-30;20;802
50;2025-12-30;21;520
50;2025-12-30;22;218
50;2025-12-30;23;123
50;2025-12-31;0;38
50;2025-12-31;1;4
50;2025-12-31;2;0
50;2025-12-31;3;0
50;2025-12-31;4;0
50;2025-12-31;5;15
50;2025-12-31;6;91
50;2025-12-31;7;181
50;2025-12-31;8;317
50;2025-12-31;9;428
50;2025-12-31;10;501
50;2025-12-31;11;609
50;2025-12-31;12;681
50;2025-12-31;13;724
50;2025-12-31;14;702
50;2025-12-31;15;609
50;2025-12-31;16;637
50;2025-12-31;17;619
50;2025-12-31;18;546
50;2025-12-31;19;444
50;2025-12-31;20;374
50;2025-12-31;21;293
50;2025-12-31;22;156
50;2025-12-31;23;104
