route;date;hour;prediction
1;2025-11-01;0;4
1;2025-11-01;1;0
1;2025-11-01;2;0
1;2025-11-01;3;0
1;2025-11-01;4;0
1;2025-11-01;5;50
1;2025-11-01;6;401
1;2025-11-01;7;431
1;2025-11-01;8;624
1;2025-11-01;9;852
1;2025-11-01;10;971
1;2025-11-01;11;904
1;2025-11-01;12;1229
1;2025-11-01;13;1241
1;2025-11-01;14;1167
1;2025-11-01;15;1021
1;2025-11-01;16;932
1;2025-11-01;17;878
1;2025-11-01;18;702
1;2025-11-01;19;582
1;2025-11-01;20;419
1;2025-11-01;21;370
1;2025-11-01;22;155
1;2025-11-01;23;32
5;2025-11-01;0;0
5;2025-11-01;1;0
5;2025-11-01;2;0
5;2025-11-01;3;0
5;2025-11-01;4;0
5;2025-11-01;5;0
5;2025-11-01;6;0
5;2025-11-01;7;0
5;2025-11-01;8;0
5;2025-11-01;9;0
5;2025-11-01;10;0
5;2025-11-01;11;0
5;2025-11-01;12;0
5;2025-11-01;13;0
5;2025-11-01;14;0
5;2025-11-01;15;0
5;2025-11-01;16;0
5;2025-11-01;17;0
5;2025-11-01;18;0
5;2025-11-01;19;0
5;2025-11-01;20;0
5;2025-11-01;21;0
5;2025-11-01;22;0
5;2025-11-01;23;0
7;2025-11-01;0;88
7;2025-11-01;1;4
7;2025-11-01;2;0
7;2025-11-01;3;0
7;2025-11-01;4;0
7;2025-11-01;5;77
7;2025-11-01;6;359
7;2025-11-01;7;444
7;2025-11-01;8;1794
7;2025-11-01;9;1080
7;2025-11-01;10;957
7;2025-11-01;11;1041
7;2025-11-01;12;1124
7;2025-11-01;13;1033
7;2025-11-01;14;1149
7;2025-11-01;15;1144
7;2025-11-01;16;1258
7;2025-11-01;17;1423
7;2025-11-01;18;1580
7;2025-11-01;19;998
7;2025-11-01;20;738
7;2025-11-01;21;462
7;2025-11-01;22;241
7;2025-11-01;23;150
11;2025-11-01;0;70
11;2025-11-01;1;0
11;2025-11-01;2;0
11;2025-11-01;3;0
11;2025-11-01;4;0
11;2025-11-01;5;192
11;2025-11-01;6;909
11;2025-11-01;7;1294
11;2025-11-01;8;2092
11;2025-11-01;9;2061
11;2025-11-01;10;1823
11;2025-11-01;11;1861
11;2025-11-01;12;2007
11;2025-11-01;13;1996
11;2025-11-01;14;2083
11;2025-11-01;15;2058
11;2025-11-01;16;2299
11;2025-11-01;17;2697
11;2025-11-01;18;2506
11;2025-11-01;19;1882
11;2025-11-01;20;1363
11;2025-11-01;21;844
11;2025-11-01;22;440
11;2025-11-01;23;308
12;2025-11-01;0;56
12;2025-11-01;1;0
12;2025-11-01;2;0
12;2025-11-01;3;0
12;2025-11-01;4;0
12;2025-11-01;5;295
12;2025-11-01;6;1352
12;2025-11-01;7;1869
12;2025-11-01;8;2796
12;2025-11-01;9;2140
12;2025-11-01;10;1870
12;2025-11-01;11;1902
12;2025-11-01;12;1930
12;2025-11-01;13;2109
12;2025-11-01;14;2006
12;2025-11-01;15;2195
12;2025-11-01;16;2540
12;2025-11-01;17;2859
12;2025-11-01;18;2674
12;2025-11-01;19;2106
12;2025-11-01;20;1504
12;2025-11-01;21;983
12;2025-11-01;22;452
12;2025-11-01;23;374
17;2025-11-01;0;173
17;2025-11-01;1;5
17;2025-11-01;2;0
17;2025-11-01;3;0
17;2025-11-01;4;2
17;2025-11-01;5;282
17;2025-11-01;6;1442
17;2025-11-01;7;2986
17;2025-11-01;8;3297
17;2025-11-01;9;3620
17;2025-11-01;10;3240
17;2025-11-01;11;3262
17;2025-11-01;12;3371
17;2025-11-01;13;3617
17;2025-11-01;14;3664
17;2025-11-01;15;3895
17;2025-11-01;16;4106
17;2025-11-01;17;3976
17;2025-11-01;18;3511
17;2025-11-01;19;3138
17;2025-11-01;20;2388
17;2025-11-01;21;1567
17;2025-11-01;22;800
17;2025-11-01;23;477
25;2025-11-01;0;0
25;2025-11-01;1;0
25;2025-11-01;2;0
25;2025-11-01;3;0
25;2025-11-01;4;0
25;2025-11-01;5;10
25;2025-11-01;6;201
25;2025-11-01;7;307
25;2025-11-01;8;597
25;2025-11-01;9;450
25;2025-11-01;10;365
25;2025-11-01;11;460
25;2025-11-01;12;460
25;2025-11-01;13;576
25;2025-11-01;14;531
25;2025-11-01;15;721
25;2025-11-01;16;766
25;2025-11-01;17;723
25;2025-11-01;18;621
25;2025-11-01;19;536
25;2025-11-01;20;323
25;2025-11-01;21;215
25;2025-11-01;22;111
25;2025-11-01;23;47
26;2025-11-01;0;31
26;2025-11-01;1;0
26;2025-11-01;2;0
26;2025-11-01;3;0
26;2025-11-01;4;0
26;2025-11-01;5;77
26;2025-11-01;6;424
26;2025-11-01;7;367
26;2025-11-01;8;1832
26;2025-11-01;9;1437
26;2025-11-01;10;1262
26;2025-11-01;11;1198
26;2025-11-01;12;1233
26;2025-11-01;13;1244
26;2025-11-01;14;1383
26;2025-11-01;15;1441
26;2025-11-01;16;1638
26;2025-11-01;17;1741
26;2025-11-01;18;1638
26;2025-11-01;19;1182
26;2025-11-01;20;696
26;2025-11-01;21;471
26;2025-11-01;22;183
26;2025-11-01;23;174
28;2025-11-01;0;1
28;2025-11-01;1;0
28;2025-11-01;2;0
28;2025-11-01;3;0
28;2025-11-01;4;0
28;2025-11-01;5;29
28;2025-11-01;6;251
28;2025-11-01;7;252
28;2025-11-01;8;477
28;2025-11-01;9;493
28;2025-11-01;10;509
28;2025-11-01;11;509
28;2025-11-01;12;777
28;2025-11-01;13;752
28;2025-11-01;14;734
28;2025-11-01;15;764
28;2025-11-01;16;892
28;2025-11-01;17;698
28;2025-11-01;18;551
28;2025-11-01;19;444
28;2025-11-01;20;476
28;2025-11-01;21;344
28;2025-11-01;22;152
28;2025-11-01;23;17
50;2025-11-01;0;1
50;2025-11-01;1;0
50;2025-11-01;2;0
50;2025-11-01;3;0
50;2025-11-01;4;0
50;2025-11-01;5;1
50;2025-11-01;6;8
50;2025-11-01;7;14
50;2025-11-01;8;53
50;2025-11-01;9;40
50;2025-11-01;10;29
50;2025-11-01;11;32
50;2025-11-01;12;32
50;2025-11-01;13;31
50;2025-11-01;14;30
50;2025-11-01;15;35
50;2025-11-01;16;37
50;2025-11-01;17;48
50;2025-11-01;18;41
50;2025-11-01;19;27
50;2025-11-01;20;20
50;2025-11-01;21;11
50;2025-11-01;22;7
50;2025-11-01;23;5
1;2025-11-02;0;5
1;2025-11-02;1;0
1;2025-11-02;2;0
1;2025-11-02;3;0
1;2025-11-02;4;0
1;2025-11-02;5;21
1;2025-11-02;6;163
1;2025-11-02;7;319
1;2025-11-02;8;438
1;2025-11-02;9;744
1;2025-11-02;10;870
1;2025-11-02;11;828
1;2025-11-02;12;1007
1;2025-11-02;13;1004
1;2025-11-02;14;1015
1;2025-11-02;15;902
1;2025-11-02;16;827
1;2025-11-02;17;743
1;2025-11-02;18;620
1;2025-11-02;19;518
1;2025-11-02;20;380
1;2025-11-02;21;289
1;2025-11-02;22;84
1;2025-11-02;23;11
5;2025-11-02;0;0
5;2025-11-02;1;0
5;2025-11-02;2;0
5;2025-11-02;3;0
5;2025-11-02;4;0
5;2025-11-02;5;0
5;2025-11-02;6;0
5;2025-11-02;7;0
5;2025-11-02;8;0
5;2025-11-02;9;0
5;2025-11-02;10;0
5;2025-11-02;11;0
5;2025-11-02;12;0
5;2025-11-02;13;0
5;2025-11-02;14;0
5;2025-11-02;15;0
5;2025-11-02;16;0
5;2025-11-02;17;0
5;2025-11-02;18;0
5;2025-11-02;19;0
5;2025-11-02;20;0
5;2025-11-02;21;0
5;2025-11-02;22;0
5;2025-11-02;23;0
7;2025-11-02;0;102
7;2025-11-02;1;23
7;2025-11-02;2;0
7;2025-11-02;3;0
7;2025-11-02;4;3
7;2025-11-02;5;31
7;2025-11-02;6;168
7;2025-11-02;7;297
7;2025-11-02;8;543
7;2025-11-02;9;584
7;2025-11-02;10;577
7;2025-11-02;11;675
7;2025-11-02;12;786
7;2025-11-02;13;729
7;2025-11-02;14;782
7;2025-11-02;15;815
7;2025-11-02;16;785
7;2025-11-02;17;742
7;2025-11-02;18;694
7;2025-11-02;19;575
7;2025-11-02;20;491
7;2025-11-02;21;329
7;2025-11-02;22;160
7;2025-11-02;23;132
11;2025-11-02;0;115
11;2025-11-02;1;21
11;2025-11-02;2;0
11;2025-11-02;3;0
11;2025-11-02;4;0
11;2025-11-02;5;156
11;2025-11-02;6;771
11;2025-11-02;7;733
11;2025-11-02;8;983
11;2025-11-02;9;1074
11;2025-11-02;10;1202
11;2025-11-02;11;1545
11;2025-11-02;12;1680
11;2025-11-02;13;1653
11;2025-11-02;14;1739
11;2025-11-02;15;1751
11;2025-11-02;16;1749
11;2025-11-02;17;1839
11;2025-11-02;18;1519
11;2025-11-02;19;1292
11;2025-11-02;20;943
11;2025-11-02;21;641
11;2025-11-02;22;342
11;2025-11-02;23;262
12;2025-11-02;0;81
12;2025-11-02;1;4
12;2025-11-02;2;0
12;2025-11-02;3;0
12;2025-11-02;4;1
12;2025-11-02;5;197
12;2025-11-02;6;783
12;2025-11-02;7;909
12;2025-11-02;8;905
12;2025-11-02;9;1113
12;2025-11-02;10;1320
12;2025-11-02;11;1435
12;2025-11-02;12;1472
12;2025-11-02;13;1607
12;2025-11-02;14;1545
12;2025-11-02;15;1565
12;2025-11-02;16;1624
12;2025-11-02;17;1585
12;2025-11-02;18;1439
12;2025-11-02;19;1170
12;2025-11-02;20;837
12;2025-11-02;21;617
12;2025-11-02;22;358
12;2025-11-02;23;244
17;2025-11-02;0;165
17;2025-11-02;1;28
17;2025-11-02;2;0
17;2025-11-02;3;0
17;2025-11-02;4;3
17;2025-11-02;5;128
17;2025-11-02;6;446
17;2025-11-02;7;980
17;2025-11-02;8;1499
17;2025-11-02;9;1993
17;2025-11-02;10;2282
17;2025-11-02;11;2702
17;2025-11-02;12;2877
17;2025-11-02;13;3077
17;2025-11-02;14;3165
17;2025-11-02;15;3243
17;2025-11-02;16;3288
17;2025-11-02;17;3113
17;2025-11-02;18;2684
17;2025-11-02;19;2210
17;2025-11-02;20;1723
17;2025-11-02;21;1250
17;2025-11-02;22;739
17;2025-11-02;23;362
25;2025-11-02;0;28
25;2025-11-02;1;0
25;2025-11-02;2;0
25;2025-11-02;3;0
25;2025-11-02;4;0
25;2025-11-02;5;11
25;2025-11-02;6;109
25;2025-11-02;7;136
25;2025-11-02;8;220
25;2025-11-02;9;268
25;2025-11-02;10;268
25;2025-11-02;11;338
25;2025-11-02;12;384
25;2025-11-02;13;517
25;2025-11-02;14;513
25;2025-11-02;15;643
25;2025-11-02;16;592
25;2025-11-02;17;514
25;2025-11-02;18;423
25;2025-11-02;19;395
25;2025-11-02;20;258
25;2025-11-02;21;175
25;2025-11-02;22;92
25;2025-11-02;23;28
26;2025-11-02;0;51
26;2025-11-02;1;2
26;2025-11-02;2;0
26;2025-11-02;3;0
26;2025-11-02;4;0
26;2025-11-02;5;34
26;2025-11-02;6;212
26;2025-11-02;7;311
26;2025-11-02;8;470
26;2025-11-02;9;551
26;2025-11-02;10;674
26;2025-11-02;11;876
26;2025-11-02;12;936
26;2025-11-02;13;944
26;2025-11-02;14;1003
26;2025-11-02;15;936
26;2025-11-02;16;941
26;2025-11-02;17;853
26;2025-11-02;18;754
26;2025-11-02;19;629
26;2025-11-02;20;456
26;2025-11-02;21;306
26;2025-11-02;22;171
26;2025-11-02;23;130
28;2025-11-02;0;1
28;2025-11-02;1;0
28;2025-11-02;2;0
28;2025-11-02;3;0
28;2025-11-02;4;0
28;2025-11-02;5;29
28;2025-11-02;6;93
28;2025-11-02;7;185
28;2025-11-02;8;342
28;2025-11-02;9;417
28;2025-11-02;10;416
28;2025-11-02;11;454
28;2025-11-02;12;556
28;2025-11-02;13;579
28;2025-11-02;14;589
28;2025-11-02;15;590
28;2025-11-02;16;600
28;2025-11-02;17;579
28;2025-11-02;18;486
28;2025-11-02;19;400
28;2025-11-02;20;321
28;2025-11-02;21;276
28;2025-11-02;22;105
28;2025-11-02;23;5
50;2025-11-02;0;1
50;2025-11-02;1;0
50;2025-11-02;2;0
50;2025-11-02;3;0
50;2025-11-02;4;0
50;2025-11-02;5;0
50;2025-11-02;6;3
50;2025-11-02;7;9
50;2025-11-02;8;12
50;2025-11-02;9;12
50;2025-11-02;10;12
50;2025-11-02;11;17
50;2025-11-02;12;19
50;2025-11-02;13;20
50;2025-11-02;14;22
50;2025-11-02;15;20
50;2025-11-02;16;20
50;2025-11-02;17;20
50;2025-11-02;18;16
50;2025-11-02;19;15
50;2025-11-02;20;11
50;2025-11-02;21;8
50;2025-11-02;22;5
50;2025-11-02;23;3
1;2025-11-03;0;0
1;2025-11-03;1;0
1;2025-11-03;2;0
1;2025-11-03;3;0
1;2025-11-03;4;0
1;2025-11-03;5;54
1;2025-11-03;6;170
1;2025-11-03;7;442
1;2025-11-03;8;544
1;2025-11-03;9;548
1;2025-11-03;10;503
1;2025-11-03;11;498
1;2025-11-03;12;587
1;2025-11-03;13;596
1;2025-11-03;14;610
1;2025-11-03;15;572
1;2025-11-03;16;588
1;2025-11-03;17;673
1;2025-11-03;18;638
1;2025-11-03;19;445
1;2025-11-03;20;402
1;2025-11-03;21;415
1;2025-11-03;22;107
1;2025-11-03;23;31
5;2025-11-03;0;0
5;2025-11-03;1;0
5;2025-11-03;2;0
5;2025-11-03;3;0
5;2025-11-03;4;0
5;2025-11-03;5;0
5;2025-11-03;6;0
5;2025-11-03;7;0
5;2025-11-03;8;0
5;2025-11-03;9;0
5;2025-11-03;10;0
5;2025-11-03;11;0
5;2025-11-03;12;0
5;2025-11-03;13;0
5;2025-11-03;14;0
5;2025-11-03;15;0
5;2025-11-03;16;0
5;2025-11-03;17;0
5;2025-11-03;18;0
5;2025-11-03;19;0
5;2025-11-03;20;0
5;2025-11-03;21;0
5;2025-11-03;22;0
5;2025-11-03;23;0
7;2025-11-03;0;47
7;2025-11-03;1;0
7;2025-11-03;2;0
7;2025-11-03;3;0
7;2025-11-03;4;0
7;2025-11-03;5;109
7;2025-11-03;6;379
7;2025-11-03;7;617
7;2025-11-03;8;607
7;2025-11-03;9;704
7;2025-11-03;10;688
7;2025-11-03;11;857
7;2025-11-03;12;1040
7;2025-11-03;13;1086
7;2025-11-03;14;1095
7;2025-11-03;15;1062
7;2025-11-03;16;1035
7;2025-11-03;17;1190
7;2025-11-03;18;1051
7;2025-11-03;19;856
7;2025-11-03;20;606
7;2025-11-03;21;513
7;2025-11-03;22;174
7;2025-11-03;23;183
11;2025-11-03;0;67
11;2025-11-03;1;0
11;2025-11-03;2;0
11;2025-11-03;3;0
11;2025-11-03;4;0
11;2025-11-03;5;151
11;2025-11-03;6;649
11;2025-11-03;7;865
11;2025-11-03;8;1092
11;2025-11-03;9;1058
11;2025-11-03;10;1136
11;2025-11-03;11;1442
11;2025-11-03;12;1467
11;2025-11-03;13;1493
11;2025-11-03;14;1498
11;2025-11-03;15;1492
11;2025-11-03;16;1584
11;2025-11-03;17;1727
11;2025-11-03;18;1553
11;2025-11-03;19;1264
11;2025-11-03;20;961
11;2025-11-03;21;648
11;2025-11-03;22;352
11;2025-11-03;23;224
12;2025-11-03;0;57
12;2025-11-03;1;0
12;2025-11-03;2;0
12;2025-11-03;3;0
12;2025-11-03;4;0
12;2025-11-03;5;153
12;2025-11-03;6;598
12;2025-11-03;7;969
12;2025-11-03;8;1189
12;2025-11-03;9;1152
12;2025-11-03;10;1293
12;2025-11-03;11;1392
12;2025-11-03;12;1377
12;2025-11-03;13;1419
12;2025-11-03;14;1404
12;2025-11-03;15;1427
12;2025-11-03;16;1595
12;2025-11-03;17;1581
12;2025-11-03;18;1450
12;2025-11-03;19;1136
12;2025-11-03;20;800
12;2025-11-03;21;610
12;2025-11-03;22;415
12;2025-11-03;23;139
17;2025-11-03;0;79
17;2025-11-03;1;10
17;2025-11-03;2;0
17;2025-11-03;3;0
17;2025-11-03;4;0
17;2025-11-03;5;90
17;2025-11-03;6;428
17;2025-11-03;7;1706
17;2025-11-03;8;3209
17;2025-11-03;9;1977
17;2025-11-03;10;1852
17;2025-11-03;11;2292
17;2025-11-03;12;2422
17;2025-11-03;13;2426
17;2025-11-03;14;2499
17;2025-11-03;15;2537
17;2025-11-03;16;2747
17;2025-11-03;17;3317
17;2025-11-03;18;3518
17;2025-11-03;19;2132
17;2025-11-03;20;1591
17;2025-11-03;21;1226
17;2025-11-03;22;734
17;2025-11-03;23;336
25;2025-11-03;0;0
25;2025-11-03;1;0
25;2025-11-03;2;0
25;2025-11-03;3;0
25;2025-11-03;4;0
25;2025-11-03;5;2
25;2025-11-03;6;97
25;2025-11-03;7;290
25;2025-11-03;8;388
25;2025-11-03;9;207
25;2025-11-03;10;202
25;2025-11-03;11;262
25;2025-11-03;12;301
25;2025-11-03;13;416
25;2025-11-03;14;396
25;2025-11-03;15;459
25;2025-11-03;16;503
25;2025-11-03;17;512
25;2025-11-03;18;471
25;2025-11-03;19;313
25;2025-11-03;20;204
25;2025-11-03;21;165
25;2025-11-03;22;102
25;2025-11-03;23;2
26;2025-11-03;0;16
26;2025-11-03;1;0
26;2025-11-03;2;0
26;2025-11-03;3;0
26;2025-11-03;4;0
26;2025-11-03;5;21
26;2025-11-03;6;167
26;2025-11-03;7;560
26;2025-11-03;8;660
26;2025-11-03;9;504
26;2025-11-03;10;571
26;2025-11-03;11;712
26;2025-11-03;12;726
26;2025-11-03;13;778
26;2025-11-03;14;789
26;2025-11-03;15;736
26;2025-11-03;16;773
26;2025-11-03;17;782
26;2025-11-03;18;729
26;2025-11-03;19;567
26;2025-11-03;20;423
26;2025-11-03;21;319
26;2025-11-03;22;227
26;2025-11-03;23;111
28;2025-11-03;0;1
28;2025-11-03;1;0
28;2025-11-03;2;0
28;2025-11-03;3;0
28;2025-11-03;4;0
28;2025-11-03;5;30
28;2025-11-03;6;68
28;2025-11-03;7;408
28;2025-11-03;8;412
28;2025-11-03;9;423
28;2025-11-03;10;415
28;2025-11-03;11;418
28;2025-11-03;12;457
28;2025-11-03;13;488
28;2025-11-03;14;462
28;2025-11-03;15;478
28;2025-11-03;16;490
28;2025-11-03;17;465
28;2025-11-03;18;425
28;2025-11-03;19;433
28;2025-11-03;20;267
28;2025-11-03;21;234
28;2025-11-03;22;103
28;2025-11-03;23;9
50;2025-11-03;0;8
50;2025-11-03;1;0
50;2025-11-03;2;0
50;2025-11-03;3;0
50;2025-11-03;4;0
50;2025-11-03;5;26
50;2025-11-03;6;255
50;2025-11-03;7;598
50;2025-11-03;8;634
50;2025-11-03;9;643
50;2025-11-03;10;570
50;2025-11-03;11;620
50;2025-11-03;12;711
50;2025-11-03;13;827
50;2025-11-03;14;792
50;2025-11-03;15;756
50;2025-11-03;16;807
50;2025-11-03;17;847
50;2025-11-03;18;791
50;2025-11-03;19;579
50;2025-11-03;20;472
50;2025-11-03;21;442
50;2025-11-03;22;179
50;2025-11-03;23;108
1;2025-11-04;0;0
1;2025-11-04;1;0
1;2025-11-04;2;0
1;2025-11-04;3;0
1;2025-11-04;4;0
1;2025-11-04;5;70
1;2025-11-04;6;183
1;2025-11-04;7;437
1;2025-11-04;8;538
1;2025-11-04;9;519
1;2025-11-04;10;493
1;2025-11-04;11;517
1;2025-11-04;12;605
1;2025-11-04;13;593
1;2025-11-04;14;622
1;2025-11-04;15;612
1;2025-11-04;16;582
1;2025-11-04;17;660
1;2025-11-04;18;616
1;2025-11-04;19;433
1;2025-11-04;20;395
1;2025-11-04;21;433
1;2025-11-04;22;128
1;2025-11-04;23;51
5;2025-11-04;0;0
5;2025-11-04;1;0
5;2025-11-04;2;0
5;2025-11-04;3;0
5;2025-11-04;4;0
5;2025-11-04;5;0
5;2025-11-04;6;0
5;2025-11-04;7;0
5;2025-11-04;8;0
5;2025-11-04;9;0
5;2025-11-04;10;0
5;2025-11-04;11;0
5;2025-11-04;12;0
5;2025-11-04;13;0
5;2025-11-04;14;0
5;2025-11-04;15;0
5;2025-11-04;16;0
5;2025-11-04;17;0
5;2025-11-04;18;0
5;2025-11-04;19;0
5;2025-11-04;20;0
5;2025-11-04;21;0
5;2025-11-04;22;0
5;2025-11-04;23;0
7;2025-11-04;0;64
7;2025-11-04;1;5
7;2025-11-04;2;0
7;2025-11-04;3;0
7;2025-11-04;4;3
7;2025-11-04;5;114
7;2025-11-04;6;395
7;2025-11-04;7;625
7;2025-11-04;8;595
7;2025-11-04;9;692
7;2025-11-04;10;677
7;2025-11-04;11;863
7;2025-11-04;12;1039
7;2025-11-04;13;1106
7;2025-11-04;14;1138
7;2025-11-04;15;1124
7;2025-11-04;16;1064
7;2025-11-04;17;1181
7;2025-11-04;18;1077
7;2025-11-04;19;863
7;2025-11-04;20;609
7;2025-11-04;21;502
7;2025-11-04;22;196
7;2025-11-04;23;201
11;2025-11-04;0;81
11;2025-11-04;1;0
11;2025-11-04;2;0
11;2025-11-04;3;0
11;2025-11-04;4;4
11;2025-11-04;5;160
11;2025-11-04;6;652
11;2025-11-04;7;859
11;2025-11-04;8;1065
11;2025-11-04;9;1011
11;2025-11-04;10;1078
11;2025-11-04;11;1406
11;2025-11-04;12;1448
11;2025-11-04;13;1467
11;2025-11-04;14;1553
11;2025-11-04;15;1589
11;2025-11-04;16;1590
11;2025-11-04;17;1719
11;2025-11-04;18;1569
11;2025-11-04;19;1290
11;2025-11-04;20;965
11;2025-11-04;21;654
11;2025-11-04;22;367
11;2025-11-04;23;233
12;2025-11-04;0;68
12;2025-11-04;1;7
12;2025-11-04;2;0
12;2025-11-04;3;0
12;2025-11-04;4;0
12;2025-11-04;5;161
12;2025-11-04;6;619
12;2025-11-04;7;981
12;2025-11-04;8;1162
12;2025-11-04;9;1112
12;2025-11-04;10;1238
12;2025-11-04;11;1402
12;2025-11-04;12;1362
12;2025-11-04;13;1421
12;2025-11-04;14;1455
12;2025-11-04;15;1494
12;2025-11-04;16;1627
12;2025-11-04;17;1592
12;2025-11-04;18;1456
12;2025-11-04;19;1158
12;2025-11-04;20;817
12;2025-11-04;21;615
12;2025-11-04;22;425
12;2025-11-04;23;135
17;2025-11-04;0;161
17;2025-11-04;1;19
17;2025-11-04;2;0
17;2025-11-04;3;0
17;2025-11-04;4;6
17;2025-11-04;5;100
17;2025-11-04;6;435
17;2025-11-04;7;1678
17;2025-11-04;8;3220
17;2025-11-04;9;1949
17;2025-11-04;10;1825
17;2025-11-04;11;2277
17;2025-11-04;12;2392
17;2025-11-04;13;2430
17;2025-11-04;14;2556
17;2025-11-04;15;2610
17;2025-11-04;16;2820
17;2025-11-04;17;3374
17;2025-11-04;18;3554
17;2025-11-04;19;2144
17;2025-11-04;20;1616
17;2025-11-04;21;1230
17;2025-11-04;22;733
17;2025-11-04;23;319
25;2025-11-04;0;0
25;2025-11-04;1;0
25;2025-11-04;2;0
25;2025-11-04;3;0
25;2025-11-04;4;0
25;2025-11-04;5;5
25;2025-11-04;6;102
25;2025-11-04;7;278
25;2025-11-04;8;379
25;2025-11-04;9;215
25;2025-11-04;10;201
25;2025-11-04;11;260
25;2025-11-04;12;290
25;2025-11-04;13;412
25;2025-11-04;14;418
25;2025-11-04;15;494
25;2025-11-04;16;510
25;2025-11-04;17;537
25;2025-11-04;18;493
25;2025-11-04;19;326
25;2025-11-04;20;217
25;2025-11-04;21;173
25;2025-11-04;22;102
25;2025-11-04;23;7
26;2025-11-04;0;19
26;2025-11-04;1;11
26;2025-11-04;2;0
26;2025-11-04;3;0
26;2025-11-04;4;0
26;2025-11-04;5;22
26;2025-11-04;6;185
26;2025-11-04;7;557
26;2025-11-04;8;674
26;2025-11-04;9;496
26;2025-11-04;10;562
26;2025-11-04;11;704
26;2025-11-04;12;724
26;2025-11-04;13;789
26;2025-11-04;14;791
26;2025-11-04;15;790
26;2025-11-04;16;764
26;2025-11-04;17;776
26;2025-11-04;18;714
26;2025-11-04;19;562
26;2025-11-04;20;432
26;2025-11-04;21;332
26;2025-11-04;22;253
26;2025-11-04;23;120
28;2025-11-04;0;1
28;2025-11-04;1;0
28;2025-11-04;2;0
28;2025-11-04;3;0
28;2025-11-04;4;0
28;2025-11-04;5;34
28;2025-11-04;6;75
28;2025-11-04;7;404
28;2025-11-04;8;415
28;2025-11-04;9;412
28;2025-11-04;10;413
28;2025-11-04;11;421
28;2025-11-04;12;471
28;2025-11-04;13;498
28;2025-11-04;14;487
28;2025-11-04;15;499
28;2025-11-04;16;505
28;2025-11-04;17;483
28;2025-11-04;18;453
28;2025-11-04;19;448
28;2025-11-04;20;284
28;2025-11-04;21;252
28;2025-11-04;22;112
28;2025-11-04;23;12
50;2025-11-04;0;16
50;2025-11-04;1;5
50;2025-11-04;2;0
50;2025-11-04;3;0
50;2025-11-04;4;0
50;2025-11-04;5;32
50;2025-11-04;6;271
50;2025-11-04;7;589
50;2025-11-04;8;630
50;2025-11-04;9;642
50;2025-11-04;10;575
50;2025-11-04;11;639
50;2025-11-04;12;713
50;2025-11-04;13;832
50;2025-11-04;14;824
50;2025-11-04;15;771
50;2025-11-04;16;818
50;2025-11-04;17;858
50;2025-11-04;18;797
50;2025-11-04;19;577
50;2025-11-04;20;471
50;2025-11-04;21;442
50;2025-11-04;22;197
50;2025-11-04;23;107
1;2025-11-05;0;0
1;2025-11-05;1;0
1;2025-11-05;2;0
1;2025-11-05;3;0
1;2025-11-05;4;10
1;2025-11-05;5;130
1;2025-11-05;6;506
1;2025-11-05;7;1496
1;2025-11-05;8;1897
1;2025-11-05;9;1484
1;2025-11-05;10;1337
1;2025-11-05;11;1345
1;2025-11-05;12;1444
1;2025-11-05;13;1446
1;2025-11-05;14;1432
1;2025-11-05;15;1544
1;2025-11-05;16;1531
1;2025-11-05;17;1824
1;2025-11-05;18;1864
1;2025-11-05;19;1429
1;2025-11-05;20;870
1;2025-11-05;21;470
1;2025-11-05;22;188
1;2025-11-05;23;31
5;2025-11-05;0;0
5;2025-11-05;1;0
5;2025-11-05;2;0
5;2025-11-05;3;0
5;2025-11-05;4;0
5;2025-11-05;5;0
5;2025-11-05;6;0
5;2025-11-05;7;0
5;2025-11-05;8;0
5;2025-11-05;9;0
5;2025-11-05;10;0
5;2025-11-05;11;0
5;2025-11-05;12;0
5;2025-11-05;13;0
5;2025-11-05;14;0
5;2025-11-05;15;0
5;2025-11-05;16;0
5;2025-11-05;17;0
5;2025-11-05;18;0
5;2025-11-05;19;0
5;2025-11-05;20;0
5;2025-11-05;21;0
5;2025-11-05;22;0
5;2025-11-05;23;0
7;2025-11-05;0;69
7;2025-11-05;1;14
7;2025-11-05;2;0
7;2025-11-05;3;0
7;2025-11-05;4;11
7;2025-11-05;5;211
7;2025-11-05;6;683
7;2025-11-05;7;1634
7;2025-11-05;8;2623
7;2025-11-05;9;1876
7;2025-11-05;10;1698
7;2025-11-05;11;1552
7;2025-11-05;12;1665
7;2025-11-05;13;1663
7;2025-11-05;14;1754
7;2025-11-05;15;1864
7;2025-11-05;16;1926
7;2025-11-05;17;2437
7;2025-11-05;18;2694
7;2025-11-05;19;1820
7;2025-11-05;20;1155
7;2025-11-05;21;628
7;2025-11-05;22;197
7;2025-11-05;23;160
11;2025-11-05;0;82
11;2025-11-05;1;4
11;2025-11-05;2;0
11;2025-11-05;3;0
11;2025-11-05;4;6
11;2025-11-05;5;272
11;2025-11-05;6;1355
11;2025-11-05;7;2461
11;2025-11-05;8;3309
11;2025-11-05;9;2468
11;2025-11-05;10;1888
11;2025-11-05;11;1962
11;2025-11-05;12;1974
11;2025-11-05;13;2088
11;2025-11-05;14;2083
11;2025-11-05;15;2140
11;2025-11-05;16;2309
11;2025-11-05;17;2923
11;2025-11-05;18;3182
11;2025-11-05;19;2363
11;2025-11-05;20;1555
11;2025-11-05;21;883
11;2025-11-05;22;393
11;2025-11-05;23;214
12;2025-11-05;0;63
12;2025-11-05;1;5
12;2025-11-05;2;0
12;2025-11-05;3;0
12;2025-11-05;4;9
12;2025-11-05;5;323
12;2025-11-05;6;1382
12;2025-11-05;7;2811
12;2025-11-05;8;3662
12;2025-11-05;9;2602
12;2025-11-05;10;2108
12;2025-11-05;11;2065
12;2025-11-05;12;2175
12;2025-11-05;13;2159
12;2025-11-05;14;2082
12;2025-11-05;15;2359
12;2025-11-05;16;2870
12;2025-11-05;17;3190
12;2025-11-05;18;3319
12;2025-11-05;19;2566
12;2025-11-05;20;1614
12;2025-11-05;21;985
12;2025-11-05;22;458
12;2025-11-05;23;227
17;2025-11-05;0;133
17;2025-11-05;1;22
17;2025-11-05;2;0
17;2025-11-05;3;0
17;2025-11-05;4;29
17;2025-11-05;5;301
17;2025-11-05;6;1520
17;2025-11-05;7;4131
17;2025-11-05;8;5450
17;2025-11-05;9;3980
17;2025-11-05;10;3130
17;2025-11-05;11;3057
17;2025-11-05;12;3116
17;2025-11-05;13;3188
17;2025-11-05;14;3271
17;2025-11-05;15;3402
17;2025-11-05;16;3812
17;2025-11-05;17;4662
17;2025-11-05;18;4964
17;2025-11-05;19;3522
17;2025-11-05;20;2407
17;2025-11-05;21;1493
17;2025-11-05;22;759
17;2025-11-05;23;336
25;2025-11-05;0;2
25;2025-11-05;1;0
25;2025-11-05;2;0
25;2025-11-05;3;0
25;2025-11-05;4;0
25;2025-11-05;5;15
25;2025-11-05;6;209
25;2025-11-05;7;532
25;2025-11-05;8;873
25;2025-11-05;9;440
25;2025-11-05;10;349
25;2025-11-05;11;378
25;2025-11-05;12;380
25;2025-11-05;13;499
25;2025-11-05;14;441
25;2025-11-05;15;520
25;2025-11-05;16;664
25;2025-11-05;17;714
25;2025-11-05;18;757
25;2025-11-05;19;489
25;2025-11-05;20;295
25;2025-11-05;21;181
25;2025-11-05;22;90
25;2025-11-05;23;0
26;2025-11-05;0;32
26;2025-11-05;1;11
26;2025-11-05;2;0
26;2025-11-05;3;0
26;2025-11-05;4;2
26;2025-11-05;5;92
26;2025-11-05;6;487
26;2025-11-05;7;1085
26;2025-11-05;8;2198
26;2025-11-05;9;1519
26;2025-11-05;10;1256
26;2025-11-05;11;1154
26;2025-11-05;12;1203
26;2025-11-05;13;1268
26;2025-11-05;14;1326
26;2025-11-05;15;1384
26;2025-11-05;16;1564
26;2025-11-05;17;1718
26;2025-11-05;18;1861
26;2025-11-05;19;1310
26;2025-11-05;20;764
26;2025-11-05;21;464
26;2025-11-05;22;206
26;2025-11-05;23;118
28;2025-11-05;0;1
28;2025-11-05;1;0
28;2025-11-05;2;0
28;2025-11-05;3;0
28;2025-11-05;4;7
28;2025-11-05;5;74
28;2025-11-05;6;241
28;2025-11-05;7;748
28;2025-11-05;8;1222
28;2025-11-05;9;844
28;2025-11-05;10;618
28;2025-11-05;11;583
28;2025-11-05;12;690
28;2025-11-05;13;704
28;2025-11-05;14;661
28;2025-11-05;15;684
28;2025-11-05;16;822
28;2025-11-05;17;1006
28;2025-11-05;18;990
28;2025-11-05;19;710
28;2025-11-05;20;474
28;2025-11-05;21;305
28;2025-11-05;22;116
28;2025-11-05;23;7
50;2025-11-05;0;15
50;2025-11-05;1;3
50;2025-11-05;2;0
50;2025-11-05;3;0
50;2025-11-05;4;4
50;2025-11-05;5;71
50;2025-11-05;6;488
50;2025-11-05;7;1722
50;2025-11-05;8;2841
50;2025-11-05;9;2180
50;2025-11-05;10;1718
50;2025-11-05;11;1603
50;2025-11-05;12;1522
50;2025-11-05;13;1515
50;2025-11-05;14;1485
50;2025-11-05;15;1691
50;2025-11-05;16;1716
50;2025-11-05;17;2392
50;2025-11-05;18;2473
50;2025-11-05;19;1532
50;2025-11-05;20;935
50;2025-11-05;21;608
50;2025-11-05;22;252
50;2025-11-05;23;111
1;2025-11-06;0;0
1;2025-11-06;1;0
1;2025-11-06;2;0
1;2025-11-06;3;0
1;2025-11-06;4;0
1;2025-11-06;5;118
1;2025-11-06;6;514
1;2025-11-06;7;1550
1;2025-11-06;8;1960
1;2025-11-06;9;1530
1;2025-11-06;10;1380
1;2025-11-06;11;1375
1;2025-11-06;12;1437
1;2025-11-06;13;1451
1;2025-11-06;14;1431
1;2025-11-06;15;1539
1;2025-11-06;16;1542
1;2025-11-06;17;1838
1;2025-11-06;18;1855
1;2025-11-06;19;1413
1;2025-11-06;20;886
1;2025-11-06;21;506
1;2025-11-06;22;230
1;2025-11-06;23;45
5;2025-11-06;0;0
5;2025-11-06;1;0
5;2025-11-06;2;0
5;2025-11-06;3;0
5;2025-11-06;4;0
5;2025-11-06;5;0
5;2025-11-06;6;0
5;2025-11-06;7;0
5;2025-11-06;8;0
5;2025-11-06;9;0
5;2025-11-06;10;0
5;2025-11-06;11;0
5;2025-11-06;12;0
5;2025-11-06;13;0
5;2025-11-06;14;0
5;2025-11-06;15;0
5;2025-11-06;16;0
5;2025-11-06;17;0
5;2025-11-06;18;0
5;2025-11-06;19;0
5;2025-11-06;20;0
5;2025-11-06;21;0
5;2025-11-06;22;0
5;2025-11-06;23;0
7;2025-11-06;0;41
7;2025-11-06;1;0
7;2025-11-06;2;0
7;2025-11-06;3;0
7;2025-11-06;4;0
7;2025-11-06;5;196
7;2025-11-06;6;695
7;2025-11-06;7;1690
7;2025-11-06;8;2590
7;2025-11-06;9;1907
7;2025-11-06;10;1725
7;2025-11-06;11;1578
7;2025-11-06;12;1709
7;2025-11-06;13;1649
7;2025-11-06;14;1751
7;2025-11-06;15;1870
7;2025-11-06;16;1953
7;2025-11-06;17;2451
7;2025-11-06;18;2693
7;2025-11-06;19;1813
7;2025-11-06;20;1126
7;2025-11-06;21;647
7;2025-11-06;22;218
7;2025-11-06;23;171
11;2025-11-06;0;57
11;2025-11-06;1;0
11;2025-11-06;2;0
11;2025-11-06;3;0
11;2025-11-06;4;0
11;2025-11-06;5;264
11;2025-11-06;6;1334
11;2025-11-06;7;2514
11;2025-11-06;8;3286
11;2025-11-06;9;2534
11;2025-11-06;10;2008
11;2025-11-06;11;1974
11;2025-11-06;12;2009
11;2025-11-06;13;2101
11;2025-11-06;14;2122
11;2025-11-06;15;2131
11;2025-11-06;16;2326
11;2025-11-06;17;2924
11;2025-11-06;18;3135
11;2025-11-06;19;2360
11;2025-11-06;20;1516
11;2025-11-06;21;879
11;2025-11-06;22;420
11;2025-11-06;23;243
12;2025-11-06;0;51
12;2025-11-06;1;0
12;2025-11-06;2;0
12;2025-11-06;3;0
12;2025-11-06;4;0
12;2025-11-06;5;321
12;2025-11-06;6;1447
12;2025-11-06;7;2829
12;2025-11-06;8;3666
12;2025-11-06;9;2629
12;2025-11-06;10;2191
12;2025-11-06;11;2161
12;2025-11-06;12;2189
12;2025-11-06;13;2158
12;2025-11-06;14;2090
12;2025-11-06;15;2376
12;2025-11-06;16;2868
12;2025-11-06;17;3170
12;2025-11-06;18;3286
12;2025-11-06;19;2558
12;2025-11-06;20;1586
12;2025-11-06;21;988
12;2025-11-06;22;487
12;2025-11-06;23;268
17;2025-11-06;0;116
17;2025-11-06;1;6
17;2025-11-06;2;0
17;2025-11-06;3;0
17;2025-11-06;4;17
17;2025-11-06;5;312
17;2025-11-06;6;1565
17;2025-11-06;7;4136
17;2025-11-06;8;5500
17;2025-11-06;9;4018
17;2025-11-06;10;3199
17;2025-11-06;11;3152
17;2025-11-06;12;3168
17;2025-11-06;13;3236
17;2025-11-06;14;3309
17;2025-11-06;15;3433
17;2025-11-06;16;3852
17;2025-11-06;17;4725
17;2025-11-06;18;4986
17;2025-11-06;19;3500
17;2025-11-06;20;2449
17;2025-11-06;21;1534
17;2025-11-06;22;798
17;2025-11-06;23;374
25;2025-11-06;0;0
25;2025-11-06;1;0
25;2025-11-06;2;0
25;2025-11-06;3;0
25;2025-11-06;4;0
25;2025-11-06;5;12
25;2025-11-06;6;202
25;2025-11-06;7;541
25;2025-11-06;8;907
25;2025-11-06;9;473
25;2025-11-06;10;376
25;2025-11-06;11;419
25;2025-11-06;12;417
25;2025-11-06;13;523
25;2025-11-06;14;456
25;2025-11-06;15;567
25;2025-11-06;16;692
25;2025-11-06;17;759
25;2025-11-06;18;782
25;2025-11-06;19;519
25;2025-11-06;20;314
25;2025-11-06;21;211
25;2025-11-06;22;99
25;2025-11-06;23;0
26;2025-11-06;0;22
26;2025-11-06;1;4
26;2025-11-06;2;0
26;2025-11-06;3;0
26;2025-11-06;4;0
26;2025-11-06;5;77
26;2025-11-06;6;488
26;2025-11-06;7;1112
26;2025-11-06;8;2323
26;2025-11-06;9;1538
26;2025-11-06;10;1284
26;2025-11-06;11;1158
26;2025-11-06;12;1197
26;2025-11-06;13;1217
26;2025-11-06;14;1316
26;2025-11-06;15;1369
26;2025-11-06;16;1572
26;2025-11-06;17;1780
26;2025-11-06;18;1900
26;2025-11-06;19;1298
26;2025-11-06;20;790
26;2025-11-06;21;503
26;2025-11-06;22;222
26;2025-11-06;23;140
28;2025-11-06;0;1
28;2025-11-06;1;0
28;2025-11-06;2;0
28;2025-11-06;3;0
28;2025-11-06;4;0
28;2025-11-06;5;70
28;2025-11-06;6;275
28;2025-11-06;7;789
28;2025-11-06;8;1278
28;2025-11-06;9;883
28;2025-11-06;10;672
28;2025-11-06;11;609
28;2025-11-06;12;734
28;2025-11-06;13;747
28;2025-11-06;14;685
28;2025-11-06;15;729
28;2025-11-06;16;913
28;2025-11-06;17;1050
28;2025-11-06;18;996
28;2025-11-06;19;732
28;2025-11-06;20;501
28;2025-11-06;21;340
28;2025-11-06;22;142
28;2025-11-06;23;11
50;2025-11-06;0;11
50;2025-11-06;1;0
50;2025-11-06;2;0
50;2025-11-06;3;0
50;2025-11-06;4;0
50;2025-11-06;5;71
50;2025-11-06;6;564
50;2025-11-06;7;1825
50;2025-11-06;8;2859
50;2025-11-06;9;2261
50;2025-11-06;10;1749
50;2025-11-06;11;1613
50;2025-11-06;12;1585
50;2025-11-06;13;1563
50;2025-11-06;14;1485
50;2025-11-06;15;1752
50;2025-11-06;16;1839
50;2025-11-06;17;2440
50;2025-11-06;18;2474
50;2025-11-06;19;1524
50;2025-11-06;20;947
50;2025-11-06;21;631
50;2025-11-06;22;258
50;2025-11-06;23;135
1;2025-11-07;0;5
1;2025-11-07;1;0
1;2025-11-07;2;0
1;2025-11-07;3;0
1;2025-11-07;4;0
1;2025-11-07;5;137
1;2025-11-07;6;519
1;2025-11-07;7;1543
1;2025-11-07;8;1915
1;2025-11-07;9;1503
1;2025-11-07;10;1355
1;2025-11-07;11;1445
1;2025-11-07;12;1439
1;2025-11-07;13;1457
1;2025-11-07;14;1453
1;2025-11-07;15;1588
1;2025-11-07;16;1584
1;2025-11-07;17;1838
1;2025-11-07;18;1702
1;2025-11-07;19;1293
1;2025-11-07;20;847
1;2025-11-07;21;512
1;2025-11-07;22;239
1;2025-11-07;23;48
5;2025-11-07;0;0
5;2025-11-07;1;0
5;2025-11-07;2;0
5;2025-11-07;3;0
5;2025-11-07;4;0
5;2025-11-07;5;0
5;2025-11-07;6;0
5;2025-11-07;7;0
5;2025-11-07;8;0
5;2025-11-07;9;0
5;2025-11-07;10;0
5;2025-11-07;11;0
5;2025-11-07;12;0
5;2025-11-07;13;0
5;2025-11-07;14;0
5;2025-11-07;15;0
5;2025-11-07;16;0
5;2025-11-07;17;0
5;2025-11-07;18;0
5;2025-11-07;19;0
5;2025-11-07;20;0
5;2025-11-07;21;0
5;2025-11-07;22;0
5;2025-11-07;23;0
7;2025-11-07;0;58
7;2025-11-07;1;0
7;2025-11-07;2;0
7;2025-11-07;3;0
7;2025-11-07;4;0
7;2025-11-07;5;186
7;2025-11-07;6;683
7;2025-11-07;7;1665
7;2025-11-07;8;2492
7;2025-11-07;9;1883
7;2025-11-07;10;1726
7;2025-11-07;11;1592
7;2025-11-07;12;1711
7;2025-11-07;13;1689
7;2025-11-07;14;1783
7;2025-11-07;15;1908
7;2025-11-07;16;2024
7;2025-11-07;17;2364
7;2025-11-07;18;2331
7;2025-11-07;19;1682
7;2025-11-07;20;1100
7;2025-11-07;21;631
7;2025-11-07;22;242
7;2025-11-07;23;198
11;2025-11-07;0;74
11;2025-11-07;1;0
11;2025-11-07;2;0
11;2025-11-07;3;0
11;2025-11-07;4;4
11;2025-11-07;5;284
11;2025-11-07;6;1332
11;2025-11-07;7;2421
11;2025-11-07;8;3140
11;2025-11-07;9;2409
11;2025-11-07;10;1957
11;2025-11-07;11;1984
11;2025-11-07;12;2030
11;2025-11-07;13;2048
11;2025-11-07;14;2170
11;2025-11-07;15;2211
11;2025-11-07;16;2390
11;2025-11-07;17;2946
11;2025-11-07;18;2862
11;2025-11-07;19;2227
11;2025-11-07;20;1488
11;2025-11-07;21;877
11;2025-11-07;22;436
11;2025-11-07;23;294
12;2025-11-07;0;63
12;2025-11-07;1;1
12;2025-11-07;2;0
12;2025-11-07;3;0
12;2025-11-07;4;3
12;2025-11-07;5;327
12;2025-11-07;6;1420
12;2025-11-07;7;2784
12;2025-11-07;8;3465
12;2025-11-07;9;2528
12;2025-11-07;10;2089
12;2025-11-07;11;2128
12;2025-11-07;12;2172
12;2025-11-07;13;2166
12;2025-11-07;14;2138
12;2025-11-07;15;2437
12;2025-11-07;16;2917
12;2025-11-07;17;3109
12;2025-11-07;18;2914
12;2025-11-07;19;2423
12;2025-11-07;20;1529
12;2025-11-07;21;990
12;2025-11-07;22;506
12;2025-11-07;23;302
17;2025-11-07;0;137
17;2025-11-07;1;15
17;2025-11-07;2;0
17;2025-11-07;3;0
17;2025-11-07;4;22
17;2025-11-07;5;316
17;2025-11-07;6;1559
17;2025-11-07;7;4059
17;2025-11-07;8;5225
17;2025-11-07;9;3874
17;2025-11-07;10;3152
17;2025-11-07;11;3169
17;2025-11-07;12;3179
17;2025-11-07;13;3278
17;2025-11-07;14;3379
17;2025-11-07;15;3561
17;2025-11-07;16;3941
17;2025-11-07;17;4703
17;2025-11-07;18;4670
17;2025-11-07;19;3378
17;2025-11-07;20;2469
17;2025-11-07;21;1584
17;2025-11-07;22;831
17;2025-11-07;23;436
25;2025-11-07;0;0
25;2025-11-07;1;0
25;2025-11-07;2;0
25;2025-11-07;3;0
25;2025-11-07;4;0
25;2025-11-07;5;12
25;2025-11-07;6;210
25;2025-11-07;7;532
25;2025-11-07;8;866
25;2025-11-07;9;451
25;2025-11-07;10;370
25;2025-11-07;11;417
25;2025-11-07;12;417
25;2025-11-07;13;528
25;2025-11-07;14;480
25;2025-11-07;15;600
25;2025-11-07;16;740
25;2025-11-07;17;752
25;2025-11-07;18;700
25;2025-11-07;19;512
25;2025-11-07;20;315
25;2025-11-07;21;217
25;2025-11-07;22;115
25;2025-11-07;23;2
26;2025-11-07;0;19
26;2025-11-07;1;8
26;2025-11-07;2;0
26;2025-11-07;3;0
26;2025-11-07;4;0
26;2025-11-07;5;74
26;2025-11-07;6;509
26;2025-11-07;7;1087
26;2025-11-07;8;2191
26;2025-11-07;9;1451
26;2025-11-07;10;1252
26;2025-11-07;11;1178
26;2025-11-07;12;1181
26;2025-11-07;13;1233
26;2025-11-07;14;1331
26;2025-11-07;15;1401
26;2025-11-07;16;1619
26;2025-11-07;17;1764
26;2025-11-07;18;1699
26;2025-11-07;19;1189
26;2025-11-07;20;743
26;2025-11-07;21;482
26;2025-11-07;22;224
26;2025-11-07;23;167
28;2025-11-07;0;1
28;2025-11-07;1;0
28;2025-11-07;2;0
28;2025-11-07;3;0
28;2025-11-07;4;0
28;2025-11-07;5;77
28;2025-11-07;6;266
28;2025-11-07;7;776
28;2025-11-07;8;1230
28;2025-11-07;9;847
28;2025-11-07;10;671
28;2025-11-07;11;625
28;2025-11-07;12;746
28;2025-11-07;13;760
28;2025-11-07;14;705
28;2025-11-07;15;744
28;2025-11-07;16;914
28;2025-11-07;17;1037
28;2025-11-07;18;910
28;2025-11-07;19;681
28;2025-11-07;20;476
28;2025-11-07;21;338
28;2025-11-07;22;139
28;2025-11-07;23;14
50;2025-11-07;0;14
50;2025-11-07;1;0
50;2025-11-07;2;0
50;2025-11-07;3;0
50;2025-11-07;4;0
50;2025-11-07;5;64
50;2025-11-07;6;552
50;2025-11-07;7;1766
50;2025-11-07;8;2753
50;2025-11-07;9;2158
50;2025-11-07;10;1670
50;2025-11-07;11;1628
50;2025-11-07;12;1571
50;2025-11-07;13;1577
50;2025-11-07;14;1510
50;2025-11-07;15;1775
50;2025-11-07;16;1927
50;2025-11-07;17;2328
50;2025-11-07;18;2077
50;2025-11-07;19;1310
50;2025-11-07;20;876
50;2025-11-07;21;584
50;2025-11-07;22;275
50;2025-11-07;23;154
1;2025-11-08;0;6
1;2025-11-08;1;0
1;2025-11-08;2;0
1;2025-11-08;3;0
1;2025-11-08;4;0
1;2025-11-08;5;29
1;2025-11-08;6;191
1;2025-11-08;7;349
1;2025-11-08;8;461
1;2025-11-08;9;774
1;2025-11-08;10;892
1;2025-11-08;11;839
1;2025-11-08;12;1042
1;2025-11-08;13;1032
1;2025-11-08;14;1028
1;2025-11-08;15;916
1;2025-11-08;16;836
1;2025-11-08;17;766
1;2025-11-08;18;654
1;2025-11-08;19;571
1;2025-11-08;20;406
1;2025-11-08;21;336
1;2025-11-08;22;133
1;2025-11-08;23;46
5;2025-11-08;0;0
5;2025-11-08;1;0
5;2025-11-08;2;0
5;2025-11-08;3;0
5;2025-11-08;4;0
5;2025-11-08;5;0
5;2025-11-08;6;0
5;2025-11-08;7;0
5;2025-11-08;8;0
5;2025-11-08;9;0
5;2025-11-08;10;0
5;2025-11-08;11;0
5;2025-11-08;12;0
5;2025-11-08;13;0
5;2025-11-08;14;0
5;2025-11-08;15;0
5;2025-11-08;16;0
5;2025-11-08;17;0
5;2025-11-08;18;0
5;2025-11-08;19;0
5;2025-11-08;20;0
5;2025-11-08;21;0
5;2025-11-08;22;0
5;2025-11-08;23;0
7;2025-11-08;0;112
7;2025-11-08;1;20
7;2025-11-08;2;0
7;2025-11-08;3;0
7;2025-11-08;4;2
7;2025-11-08;5;44
7;2025-11-08;6;238
7;2025-11-08;7;372
7;2025-11-08;8;604
7;2025-11-08;9;602
7;2025-11-08;10;609
7;2025-11-08;11;733
7;2025-11-08;12;862
7;2025-11-08;13;813
7;2025-11-08;14;874
7;2025-11-08;15;832
7;2025-11-08;16;831
7;2025-11-08;17;797
7;2025-11-08;18;757
7;2025-11-08;19;661
7;2025-11-08;20;549
7;2025-11-08;21;430
7;2025-11-08;22;209
7;2025-11-08;23;166
11;2025-11-08;0;101
11;2025-11-08;1;0
11;2025-11-08;2;0
11;2025-11-08;3;0
11;2025-11-08;4;7
11;2025-11-08;5;186
11;2025-11-08;6;808
11;2025-11-08;7;817
11;2025-11-08;8;1066
11;2025-11-08;9;1228
11;2025-11-08;10;1354
11;2025-11-08;11;1669
11;2025-11-08;12;1790
11;2025-11-08;13;1804
11;2025-11-08;14;1901
11;2025-11-08;15;1848
11;2025-11-08;16;1824
11;2025-11-08;17;1933
11;2025-11-08;18;1636
11;2025-11-08;19;1479
11;2025-11-08;20;1073
11;2025-11-08;21;778
11;2025-11-08;22;424
11;2025-11-08;23;321
12;2025-11-08;0;83
12;2025-11-08;1;2
12;2025-11-08;2;0
12;2025-11-08;3;0
12;2025-11-08;4;2
12;2025-11-08;5;232
12;2025-11-08;6;889
12;2025-11-08;7;968
12;2025-11-08;8;1085
12;2025-11-08;9;1281
12;2025-11-08;10;1498
12;2025-11-08;11;1568
12;2025-11-08;12;1553
12;2025-11-08;13;1752
12;2025-11-08;14;1691
12;2025-11-08;15;1638
12;2025-11-08;16;1702
12;2025-11-08;17;1678
12;2025-11-08;18;1558
12;2025-11-08;19;1369
12;2025-11-08;20;1028
12;2025-11-08;21;743
12;2025-11-08;22;410
12;2025-11-08;23;308
17;2025-11-08;0;186
17;2025-11-08;1;20
17;2025-11-08;2;0
17;2025-11-08;3;0
17;2025-11-08;4;1
17;2025-11-08;5;146
17;2025-11-08;6;579
17;2025-11-08;7;1250
17;2025-11-08;8;1761
17;2025-11-08;9;2284
17;2025-11-08;10;2463
17;2025-11-08;11;2930
17;2025-11-08;12;3092
17;2025-11-08;13;3294
17;2025-11-08;14;3321
17;2025-11-08;15;3410
17;2025-11-08;16;3431
17;2025-11-08;17;3348
17;2025-11-08;18;2968
17;2025-11-08;19;2343
17;2025-11-08;20;1904
17;2025-11-08;21;1371
17;2025-11-08;22;859
17;2025-11-08;23;459
25;2025-11-08;0;0
25;2025-11-08;1;0
25;2025-11-08;2;0
25;2025-11-08;3;0
25;2025-11-08;4;0
25;2025-11-08;5;12
25;2025-11-08;6;108
25;2025-11-08;7;155
25;2025-11-08;8;287
25;2025-11-08;9;306
25;2025-11-08;10;276
25;2025-11-08;11;376
25;2025-11-08;12;400
25;2025-11-08;13;558
25;2025-11-08;14;535
25;2025-11-08;15;666
25;2025-11-08;16;609
25;2025-11-08;17;535
25;2025-11-08;18;489
25;2025-11-08;19;416
25;2025-11-08;20;262
25;2025-11-08;21;201
25;2025-11-08;22;113
25;2025-11-08;23;56
26;2025-11-08;0;34
26;2025-11-08;1;10
26;2025-11-08;2;0
26;2025-11-08;3;0
26;2025-11-08;4;0
26;2025-11-08;5;41
26;2025-11-08;6;267
26;2025-11-08;7;365
26;2025-11-08;8;677
26;2025-11-08;9;696
26;2025-11-08;10;862
26;2025-11-08;11;1015
26;2025-11-08;12;1029
26;2025-11-08;13;1099
26;2025-11-08;14;1073
26;2025-11-08;15;1045
26;2025-11-08;16;1076
26;2025-11-08;17;1002
26;2025-11-08;18;917
26;2025-11-08;19;808
26;2025-11-08;20;545
26;2025-11-08;21;389
26;2025-11-08;22;215
26;2025-11-08;23;167
28;2025-11-08;0;1
28;2025-11-08;1;0
28;2025-11-08;2;0
28;2025-11-08;3;0
28;2025-11-08;4;0
28;2025-11-08;5;30
28;2025-11-08;6;112
28;2025-11-08;7;239
28;2025-11-08;8;397
28;2025-11-08;9;468
28;2025-11-08;10;480
28;2025-11-08;11;491
28;2025-11-08;12;605
28;2025-11-08;13;598
28;2025-11-08;14;601
28;2025-11-08;15;608
28;2025-11-08;16;619
28;2025-11-08;17;612
28;2025-11-08;18;515
28;2025-11-08;19;424
28;2025-11-08;20;346
28;2025-11-08;21;292
28;2025-11-08;22;136
28;2025-11-08;23;19
50;2025-11-08;0;1
50;2025-11-08;1;0
50;2025-11-08;2;0
50;2025-11-08;3;0
50;2025-11-08;4;0
50;2025-11-08;5;0
50;2025-11-08;6;4
50;2025-11-08;7;10
50;2025-11-08;8;16
50;2025-11-08;9;16
50;2025-11-08;10;16
50;2025-11-08;11;21
50;2025-11-08;12;22
50;2025-11-08;13;22
50;2025-11-08;14;23
50;2025-11-08;15;22
50;2025-11-08;16;22
50;2025-11-08;17;23
50;2025-11-08;18;19
50;2025-11-08;19;17
50;2025-11-08;20;15
50;2025-11-08;21;10
50;2025-11-08;22;6
50;2025-11-08;23;4
1;2025-11-09;0;6
1;2025-11-09;1;0
1;2025-11-09;2;0
1;2025-11-09;3;0
1;2025-11-09;4;0
1;2025-11-09;5;38
1;2025-11-09;6;114
1;2025-11-09;7;240
1;2025-11-09;8;323
1;2025-11-09;9;593
1;2025-11-09;10;692
1;2025-11-09;11;668
1;2025-11-09;12;818
1;2025-11-09;13;812
1;2025-11-09;14;808
1;2025-11-09;15;733
1;2025-11-09;16;649
1;2025-11-09;17;609
1;2025-11-09;18;534
1;2025-11-09;19;427
1;2025-11-09;20;308
1;2025-11-09;21;245
1;2025-11-09;22;74
1;2025-11-09;23;22
5;2025-11-09;0;0
5;2025-11-09;1;0
5;2025-11-09;2;0
5;2025-11-09;3;0
5;2025-11-09;4;0
5;2025-11-09;5;0
5;2025-11-09;6;0
5;2025-11-09;7;0
5;2025-11-09;8;0
5;2025-11-09;9;0
5;2025-11-09;10;0
5;2025-11-09;11;0
5;2025-11-09;12;0
5;2025-11-09;13;0
5;2025-11-09;14;0
5;2025-11-09;15;0
5;2025-11-09;16;0
5;2025-11-09;17;0
5;2025-11-09;18;0
5;2025-11-09;19;0
5;2025-11-09;20;0
5;2025-11-09;21;0
5;2025-11-09;22;0
5;2025-11-09;23;0
7;2025-11-09;0;120
7;2025-11-09;1;36
7;2025-11-09;2;0
7;2025-11-09;3;0
7;2025-11-09;4;9
7;2025-11-09;5;28
7;2025-11-09;6;166
7;2025-11-09;7;229
7;2025-11-09;8;402
7;2025-11-09;9;495
7;2025-11-09;10;514
7;2025-11-09;11;597
7;2025-11-09;12;671
7;2025-11-09;13;675
7;2025-11-09;14;716
7;2025-11-09;15;723
7;2025-11-09;16;659
7;2025-11-09;17;645
7;2025-11-09;18;622
7;2025-11-09;19;512
7;2025-11-09;20;448
7;2025-11-09;21;321
7;2025-11-09;22;153
7;2025-11-09;23;115
11;2025-11-09;0;124
11;2025-11-09;1;30
11;2025-11-09;2;0
11;2025-11-09;3;0
11;2025-11-09;4;7
11;2025-11-09;5;121
11;2025-11-09;6;518
11;2025-11-09;7;591
11;2025-11-09;8;728
11;2025-11-09;9;957
11;2025-11-09;10;1071
11;2025-11-09;11;1457
11;2025-11-09;12;1522
11;2025-11-09;13;1571
11;2025-11-09;14;1591
11;2025-11-09;15;1615
11;2025-11-09;16;1614
11;2025-11-09;17;1736
11;2025-11-09;18;1440
11;2025-11-09;19;1155
11;2025-11-09;20;838
11;2025-11-09;21;609
11;2025-11-09;22;322
11;2025-11-09;23;218
12;2025-11-09;0;94
12;2025-11-09;1;12
12;2025-11-09;2;0
12;2025-11-09;3;0
12;2025-11-09;4;11
12;2025-11-09;5;148
12;2025-11-09;6;519
12;2025-11-09;7;700
12;2025-11-09;8;745
12;2025-11-09;9;979
12;2025-11-09;10;1238
12;2025-11-09;11;1375
12;2025-11-09;12;1409
12;2025-11-09;13;1600
12;2025-11-09;14;1516
12;2025-11-09;15;1454
12;2025-11-09;16;1518
12;2025-11-09;17;1561
12;2025-11-09;18;1354
12;2025-11-09;19;1018
12;2025-11-09;20;762
12;2025-11-09;21;564
12;2025-11-09;22;347
12;2025-11-09;23;222
17;2025-11-09;0;166
17;2025-11-09;1;32
17;2025-11-09;2;0
17;2025-11-09;3;0
17;2025-11-09;4;15
17;2025-11-09;5;101
17;2025-11-09;6;426
17;2025-11-09;7;811
17;2025-11-09;8;1316
17;2025-11-09;9;1780
17;2025-11-09;10;2072
17;2025-11-09;11;2583
17;2025-11-09;12;2818
17;2025-11-09;13;2998
17;2025-11-09;14;3073
17;2025-11-09;15;3114
17;2025-11-09;16;3140
17;2025-11-09;17;2995
17;2025-11-09;18;2597
17;2025-11-09;19;2138
17;2025-11-09;20;1627
17;2025-11-09;21;1133
17;2025-11-09;22;697
17;2025-11-09;23;292
25;2025-11-09;0;33
25;2025-11-09;1;0
25;2025-11-09;2;0
25;2025-11-09;3;0
25;2025-11-09;4;0
25;2025-11-09;5;8
25;2025-11-09;6;94
25;2025-11-09;7;104
25;2025-11-09;8;174
25;2025-11-09;9;199
25;2025-11-09;10;206
25;2025-11-09;11;275
25;2025-11-09;12;302
25;2025-11-09;13;427
25;2025-11-09;14;430
25;2025-11-09;15;547
25;2025-11-09;16;494
25;2025-11-09;17;444
25;2025-11-09;18;386
25;2025-11-09;19;314
25;2025-11-09;20;201
25;2025-11-09;21;153
25;2025-11-09;22;90
25;2025-11-09;23;33
26;2025-11-09;0;54
26;2025-11-09;1;11
26;2025-11-09;2;0
26;2025-11-09;3;0
26;2025-11-09;4;3
26;2025-11-09;5;36
26;2025-11-09;6;152
26;2025-11-09;7;233
26;2025-11-09;8;394
26;2025-11-09;9;484
26;2025-11-09;10;603
26;2025-11-09;11;802
26;2025-11-09;12;836
26;2025-11-09;13;875
26;2025-11-09;14;886
26;2025-11-09;15;815
26;2025-11-09;16;833
26;2025-11-09;17;783
26;2025-11-09;18;694
26;2025-11-09;19;550
26;2025-11-09;20;396
26;2025-11-09;21;289
26;2025-11-09;22;151
26;2025-11-09;23;116
28;2025-11-09;0;1
28;2025-11-09;1;0
28;2025-11-09;2;0
28;2025-11-09;3;0
28;2025-11-09;4;5
28;2025-11-09;5;37
28;2025-11-09;6;72
28;2025-11-09;7;159
28;2025-11-09;8;251
28;2025-11-09;9;329
28;2025-11-09;10;379
28;2025-11-09;11;422
28;2025-11-09;12;472
28;2025-11-09;13;496
28;2025-11-09;14;491
28;2025-11-09;15;502
28;2025-11-09;16;484
28;2025-11-09;17;489
28;2025-11-09;18;402
28;2025-11-09;19;342
28;2025-11-09;20;260
28;2025-11-09;21;229
28;2025-11-09;22;100
28;2025-11-09;23;8
50;2025-11-09;0;1
50;2025-11-09;1;0
50;2025-11-09;2;0
50;2025-11-09;3;0
50;2025-11-09;4;0
50;2025-11-09;5;0
50;2025-11-09;6;3
50;2025-11-09;7;7
50;2025-11-09;8;9
50;2025-11-09;9;10
50;2025-11-09;10;11
50;2025-11-09;11;16
50;2025-11-09;12;18
50;2025-11-09;13;20
50;2025-11-09;14;21
50;2025-11-09;15;18
50;2025-11-09;16;18
50;2025-11-09;17;18
50;2025-11-09;18;16
50;2025-11-09;19;14
50;2025-11-09;20;10
50;2025-11-09;21;8
50;2025-11-09;22;5
50;2025-11-09;23;3
1;2025-11-10;0;0
1;2025-11-10;1;0
1;2025-11-10;2;0
1;2025-11-10;3;0
1;2025-11-10;4;0
1;2025-11-10;5;126
1;2025-11-10;6;523
1;2025-11-10;7;1487
1;2025-11-10;8;1880
1;2025-11-10;9;1457
1;2025-11-10;10;1326
1;2025-11-10;11;1333
1;2025-11-10;12;1415
1;2025-11-10;13;1410
1;2025-11-10;14;1409
1;2025-11-10;15;1515
1;2025-11-10;16;1533
1;2025-11-10;17;1845
1;2025-11-10;18;1860
1;2025-11-10;19;1420
1;2025-11-10;20;888
1;2025-11-10;21;480
1;2025-11-10;22;205
1;2025-11-10;23;50
5;2025-11-10;0;0
5;2025-11-10;1;0
5;2025-11-10;2;0
5;2025-11-10;3;0
5;2025-11-10;4;0
5;2025-11-10;5;0
5;2025-11-10;6;0
5;2025-11-10;7;0
5;2025-11-10;8;0
5;2025-11-10;9;0
5;2025-11-10;10;0
5;2025-11-10;11;0
5;2025-11-10;12;0
5;2025-11-10;13;0
5;2025-11-10;14;0
5;2025-11-10;15;0
5;2025-11-10;16;0
5;2025-11-10;17;0
5;2025-11-10;18;0
5;2025-11-10;19;0
5;2025-11-10;20;0
5;2025-11-10;21;0
5;2025-11-10;22;0
5;2025-11-10;23;0
7;2025-11-10;0;45
7;2025-11-10;1;0
7;2025-11-10;2;0
7;2025-11-10;3;0
7;2025-11-10;4;1
7;2025-11-10;5;191
7;2025-11-10;6;697
7;2025-11-10;7;1657
7;2025-11-10;8;2565
7;2025-11-10;9;1872
7;2025-11-10;10;1700
7;2025-11-10;11;1515
7;2025-11-10;12;1618
7;2025-11-10;13;1619
7;2025-11-10;14;1705
7;2025-11-10;15;1813
7;2025-11-10;16;1896
7;2025-11-10;17;2374
7;2025-11-10;18;2657
7;2025-11-10;19;1780
7;2025-11-10;20;1138
7;2025-11-10;21;608
7;2025-11-10;22;198
7;2025-11-10;23;157
11;2025-11-10;0;69
11;2025-11-10;1;0
11;2025-11-10;2;0
11;2025-11-10;3;0
11;2025-11-10;4;4
11;2025-11-10;5;276
11;2025-11-10;6;1329
11;2025-11-10;7;2424
11;2025-11-10;8;3264
11;2025-11-10;9;2462
11;2025-11-10;10;1853
11;2025-11-10;11;1900
11;2025-11-10;12;1890
11;2025-11-10;13;2019
11;2025-11-10;14;2013
11;2025-11-10;15;2070
11;2025-11-10;16;2299
11;2025-11-10;17;2929
11;2025-11-10;18;3145
11;2025-11-10;19;2317
11;2025-11-10;20;1523
11;2025-11-10;21;854
11;2025-11-10;22;398
11;2025-11-10;23;214
12;2025-11-10;0;63
12;2025-11-10;1;0
12;2025-11-10;2;0
12;2025-11-10;3;0
12;2025-11-10;4;3
12;2025-11-10;5;304
12;2025-11-10;6;1351
12;2025-11-10;7;2757
12;2025-11-10;8;3638
12;2025-11-10;9;2516
12;2025-11-10;10;2087
12;2025-11-10;11;1992
12;2025-11-10;12;2110
12;2025-11-10;13;2097
12;2025-11-10;14;2052
12;2025-11-10;15;2314
12;2025-11-10;16;2819
12;2025-11-10;17;3150
12;2025-11-10;18;3285
12;2025-11-10;19;2492
12;2025-11-10;20;1596
12;2025-11-10;21;953
12;2025-11-10;22;451
12;2025-11-10;23;249
17;2025-11-10;0;64
17;2025-11-10;1;10
17;2025-11-10;2;0
17;2025-11-10;3;0
17;2025-11-10;4;29
17;2025-11-10;5;307
17;2025-11-10;6;1529
17;2025-11-10;7;4112
17;2025-11-10;8;5477
17;2025-11-10;9;3907
17;2025-11-10;10;3062
17;2025-11-10;11;3022
17;2025-11-10;12;3050
17;2025-11-10;13;3125
17;2025-11-10;14;3196
17;2025-11-10;15;3307
17;2025-11-10;16;3750
17;2025-11-10;17;4610
17;2025-11-10;18;4957
17;2025-11-10;19;3508
17;2025-11-10;20;2381
17;2025-11-10;21;1466
17;2025-11-10;22;734
17;2025-11-10;23;331
25;2025-11-10;0;3
25;2025-11-10;1;0
25;2025-11-10;2;0
25;2025-11-10;3;0
25;2025-11-10;4;0
25;2025-11-10;5;4
25;2025-11-10;6;206
25;2025-11-10;7;548
25;2025-11-10;8;886
25;2025-11-10;9;467
25;2025-11-10;10;347
25;2025-11-10;11;382
25;2025-11-10;12;380
25;2025-11-10;13;468
25;2025-11-10;14;389
25;2025-11-10;15;489
25;2025-11-10;16;651
25;2025-11-10;17;724
25;2025-11-10;18;758
25;2025-11-10;19;518
25;2025-11-10;20;289
25;2025-11-10;21;183
25;2025-11-10;22;92
25;2025-11-10;23;6
26;2025-11-10;0;19
26;2025-11-10;1;0
26;2025-11-10;2;0
26;2025-11-10;3;0
26;2025-11-10;4;1
26;2025-11-10;5;80
26;2025-11-10;6;494
26;2025-11-10;7;1094
26;2025-11-10;8;2208
26;2025-11-10;9;1475
26;2025-11-10;10;1263
26;2025-11-10;11;1144
26;2025-11-10;12;1170
26;2025-11-10;13;1207
26;2025-11-10;14;1293
26;2025-11-10;15;1370
26;2025-11-10;16;1548
26;2025-11-10;17;1751
26;2025-11-10;18;1888
26;2025-11-10;19;1308
26;2025-11-10;20;766
26;2025-11-10;21;466
26;2025-11-10;22;212
26;2025-11-10;23;124
28;2025-11-10;0;1
28;2025-11-10;1;0
28;2025-11-10;2;0
28;2025-11-10;3;0
28;2025-11-10;4;0
28;2025-11-10;5;71
28;2025-11-10;6;257
28;2025-11-10;7;762
28;2025-11-10;8;1245
28;2025-11-10;9;873
28;2025-11-10;10;644
28;2025-11-10;11;569
28;2025-11-10;12;691
28;2025-11-10;13;724
28;2025-11-10;14;651
28;2025-11-10;15;674
28;2025-11-10;16;827
28;2025-11-10;17;1012
28;2025-11-10;18;987
28;2025-11-10;19;729
28;2025-11-10;20;479
28;2025-11-10;21;308
28;2025-11-10;22;122
28;2025-11-10;23;14
50;2025-11-10;0;1
50;2025-11-10;1;0
50;2025-11-10;2;0
50;2025-11-10;3;0
50;2025-11-10;4;1
50;2025-11-10;5;60
50;2025-11-10;6;526
50;2025-11-10;7;1765
50;2025-11-10;8;2840
50;2025-11-10;9;2190
50;2025-11-10;10;1711
50;2025-11-10;11;1610
50;2025-11-10;12;1487
50;2025-11-10;13;1517
50;2025-11-10;14;1478
50;2025-11-10;15;1719
50;2025-11-10;16;1710
50;2025-11-10;17;2387
50;2025-11-10;18;2503
50;2025-11-10;19;1535
50;2025-11-10;20;944
50;2025-11-10;21;597
50;2025-11-10;22;255
50;2025-11-10;23;123
1;2025-11-11;0;1
1;2025-11-11;1;0
1;2025-11-11;2;0
1;2025-11-11;3;0
1;2025-11-11;4;0
1;2025-11-11;5;133
1;2025-11-11;6;561
1;2025-11-11;7;1580
1;2025-11-11;8;1979
1;2025-11-11;9;1548
1;2025-11-11;10;1397
1;2025-11-11;11;1419
1;2025-11-11;12;1465
1;2025-11-11;13;1490
1;2025-11-11;14;1456
1;2025-11-11;15;1576
1;2025-11-11;16;1582
1;2025-11-11;17;1856
1;2025-11-11;18;1863
1;2025-11-11;19;1430
1;2025-11-11;20;911
1;2025-11-11;21;522
1;2025-11-11;22;244
1;2025-11-11;23;53
5;2025-11-11;0;0
5;2025-11-11;1;0
5;2025-11-11;2;0
5;2025-11-11;3;0
5;2025-11-11;4;0
5;2025-11-11;5;0
5;2025-11-11;6;0
5;2025-11-11;7;0
5;2025-11-11;8;0
5;2025-11-11;9;0
5;2025-11-11;10;0
5;2025-11-11;11;0
5;2025-11-11;12;0
5;2025-11-11;13;0
5;2025-11-11;14;0
5;2025-11-11;15;0
5;2025-11-11;16;0
5;2025-11-11;17;0
5;2025-11-11;18;0
5;2025-11-11;19;0
5;2025-11-11;20;0
5;2025-11-11;21;0
5;2025-11-11;22;0
5;2025-11-11;23;0
7;2025-11-11;0;60
7;2025-11-11;1;10
7;2025-11-11;2;0
7;2025-11-11;3;0
7;2025-11-11;4;0
7;2025-11-11;5;210
7;2025-11-11;6;731
7;2025-11-11;7;1721
7;2025-11-11;8;2627
7;2025-11-11;9;1960
7;2025-11-11;10;1763
7;2025-11-11;11;1607
7;2025-11-11;12;1744
7;2025-11-11;13;1662
7;2025-11-11;14;1776
7;2025-11-11;15;1893
7;2025-11-11;16;1980
7;2025-11-11;17;2496
7;2025-11-11;18;2684
7;2025-11-11;19;1860
7;2025-11-11;20;1160
7;2025-11-11;21;678
7;2025-11-11;22;228
7;2025-11-11;23;170
11;2025-11-11;0;74
11;2025-11-11;1;4
11;2025-11-11;2;0
11;2025-11-11;3;0
11;2025-11-11;4;7
11;2025-11-11;5;281
11;2025-11-11;6;1361
11;2025-11-11;7;2539
11;2025-11-11;8;3320
11;2025-11-11;9;2568
11;2025-11-11;10;2036
11;2025-11-11;11;1990
11;2025-11-11;12;2025
11;2025-11-11;13;2132
11;2025-11-11;14;2148
11;2025-11-11;15;2177
11;2025-11-11;16;2390
11;2025-11-11;17;2969
11;2025-11-11;18;3158
11;2025-11-11;19;2415
11;2025-11-11;20;1554
11;2025-11-11;21;896
11;2025-11-11;22;439
11;2025-11-11;23;250
12;2025-11-11;0;60
12;2025-11-11;1;1
12;2025-11-11;2;0
12;2025-11-11;3;0
12;2025-11-11;4;5
12;2025-11-11;5;337
12;2025-11-11;6;1463
12;2025-11-11;7;2853
12;2025-11-11;8;3697
12;2025-11-11;9;2684
12;2025-11-11;10;2217
12;2025-11-11;11;2175
12;2025-11-11;12;2199
12;2025-11-11;13;2176
12;2025-11-11;14;2130
12;2025-11-11;15;2380
12;2025-11-11;16;2886
12;2025-11-11;17;3204
12;2025-11-11;18;3309
12;2025-11-11;19;2591
12;2025-11-11;20;1623
12;2025-11-11;21;979
12;2025-11-11;22;499
12;2025-11-11;23;275
17;2025-11-11;0;123
17;2025-11-11;1;18
17;2025-11-11;2;0
17;2025-11-11;3;0
17;2025-11-11;4;27
17;2025-11-11;5;330
17;2025-11-11;6;1583
17;2025-11-11;7;4169
17;2025-11-11;8;5535
17;2025-11-11;9;4027
17;2025-11-11;10;3213
17;2025-11-11;11;3157
17;2025-11-11;12;3164
17;2025-11-11;13;3243
17;2025-11-11;14;3327
17;2025-11-11;15;3431
17;2025-11-11;16;3839
17;2025-11-11;17;4714
17;2025-11-11;18;5004
17;2025-11-11;19;3545
17;2025-11-11;20;2489
17;2025-11-11;21;1535
17;2025-11-11;22;786
17;2025-11-11;23;379
25;2025-11-11;0;0
25;2025-11-11;1;0
25;2025-11-11;2;0
25;2025-11-11;3;0
25;2025-11-11;4;0
25;2025-11-11;5;18
25;2025-11-11;6;232
25;2025-11-11;7;557
25;2025-11-11;8;917
25;2025-11-11;9;503
25;2025-11-11;10;394
25;2025-11-11;11;439
25;2025-11-11;12;432
25;2025-11-11;13;500
25;2025-11-11;14;456
25;2025-11-11;15;566
25;2025-11-11;16;702
25;2025-11-11;17;771
25;2025-11-11;18;799
25;2025-11-11;19;555
25;2025-11-11;20;331
25;2025-11-11;21;212
25;2025-11-11;22;107
25;2025-11-11;23;10
26;2025-11-11;0;32
26;2025-11-11;1;12
26;2025-11-11;2;0
26;2025-11-11;3;0
26;2025-11-11;4;0
26;2025-11-11;5;84
26;2025-11-11;6;532
26;2025-11-11;7;1141
26;2025-11-11;8;2334
26;2025-11-11;9;1560
26;2025-11-11;10;1311
26;2025-11-11;11;1202
26;2025-11-11;12;1251
26;2025-11-11;13;1247
26;2025-11-11;14;1353
26;2025-11-11;15;1433
26;2025-11-11;16;1616
26;2025-11-11;17;1808
26;2025-11-11;18;1929
26;2025-11-11;19;1317
26;2025-11-11;20;808
26;2025-11-11;21;524
26;2025-11-11;22;219
26;2025-11-11;23;138
28;2025-11-11;0;1
28;2025-11-11;1;0
28;2025-11-11;2;0
28;2025-11-11;3;0
28;2025-11-11;4;0
28;2025-11-11;5;79
28;2025-11-11;6;285
28;2025-11-11;7;799
28;2025-11-11;8;1284
28;2025-11-11;9;894
28;2025-11-11;10;691
28;2025-11-11;11;615
28;2025-11-11;12;744
28;2025-11-11;13;772
28;2025-11-11;14;695
28;2025-11-11;15;736
28;2025-11-11;16;921
28;2025-11-11;17;1065
28;2025-11-11;18;1009
28;2025-11-11;19;763
28;2025-11-11;20;527
28;2025-11-11;21;342
28;2025-11-11;22;136
28;2025-11-11;23;14
50;2025-11-11;0;12
50;2025-11-11;1;3
50;2025-11-11;2;0
50;2025-11-11;3;0
50;2025-11-11;4;0
50;2025-11-11;5;77
50;2025-11-11;6;600
50;2025-11-11;7;1854
50;2025-11-11;8;2904
50;2025-11-11;9;2304
50;2025-11-11;10;1771
50;2025-11-11;11;1643
50;2025-11-11;12;1607
50;2025-11-11;13;1584
50;2025-11-11;14;1486
50;2025-11-11;15;1790
50;2025-11-11;16;1834
50;2025-11-11;17;2485
50;2025-11-11;18;2549
50;2025-11-11;19;1586
50;2025-11-11;20;994
50;2025-11-11;21;635
50;2025-11-11;22;277
50;2025-11-11;23;141
1;2025-11-12;0;0
1;2025-11-12;1;0
1;2025-11-12;2;0
1;2025-11-12;3;0
1;2025-11-12;4;0
1;2025-11-12;5;123
1;2025-11-12;6;544
1;2025-11-12;7;1531
1;2025-11-12;8;1970
1;2025-11-12;9;1524
1;2025-11-12;10;1362
1;2025-11-12;11;1371
1;2025-11-12;12;1425
1;2025-11-12;13;1446
1;2025-11-12;14;1408
1;2025-11-12;15;1529
1;2025-11-12;16;1526
1;2025-11-12;17;1835
1;2025-11-12;18;1850
1;2025-11-12;19;1409
1;2025-11-12;20;880
1;2025-11-12;21;490
1;2025-11-12;22;219
1;2025-11-12;23;35
5;2025-11-12;0;0
5;2025-11-12;1;0
5;2025-11-12;2;0
5;2025-11-12;3;0
5;2025-11-12;4;0
5;2025-11-12;5;0
5;2025-11-12;6;0
5;2025-11-12;7;0
5;2025-11-12;8;0
5;2025-11-12;9;0
5;2025-11-12;10;0
5;2025-11-12;11;0
5;2025-11-12;12;0
5;2025-11-12;13;0
5;2025-11-12;14;0
5;2025-11-12;15;0
5;2025-11-12;16;0
5;2025-11-12;17;0
5;2025-11-12;18;0
5;2025-11-12;19;0
5;2025-11-12;20;0
5;2025-11-12;21;0
5;2025-11-12;22;0
5;2025-11-12;23;0
7;2025-11-12;0;55
7;2025-11-12;1;3
7;2025-11-12;2;0
7;2025-11-12;3;0
7;2025-11-12;4;0
7;2025-11-12;5;196
7;2025-11-12;6;718
7;2025-11-12;7;1696
7;2025-11-12;8;2619
7;2025-11-12;9;1955
7;2025-11-12;10;1750
7;2025-11-12;11;1594
7;2025-11-12;12;1699
7;2025-11-12;13;1639
7;2025-11-12;14;1731
7;2025-11-12;15;1842
7;2025-11-12;16;1945
7;2025-11-12;17;2466
7;2025-11-12;18;2687
7;2025-11-12;19;1835
7;2025-11-12;20;1148
7;2025-11-12;21;644
7;2025-11-12;22;214
7;2025-11-12;23;166
11;2025-11-12;0;76
11;2025-11-12;1;1
11;2025-11-12;2;0
11;2025-11-12;3;0
11;2025-11-12;4;0
11;2025-11-12;5;259
11;2025-11-12;6;1330
11;2025-11-12;7;2522
11;2025-11-12;8;3307
11;2025-11-12;9;2549
11;2025-11-12;10;1990
11;2025-11-12;11;1930
11;2025-11-12;12;1979
11;2025-11-12;13;2091
11;2025-11-12;14;2045
11;2025-11-12;15;2059
11;2025-11-12;16;2335
11;2025-11-12;17;2931
11;2025-11-12;18;3137
11;2025-11-12;19;2377
11;2025-11-12;20;1525
11;2025-11-12;21;848
11;2025-11-12;22;407
11;2025-11-12;23;217
12;2025-11-12;0;54
12;2025-11-12;1;0
12;2025-11-12;2;0
12;2025-11-12;3;0
12;2025-11-12;4;0
12;2025-11-12;5;321
12;2025-11-12;6;1445
12;2025-11-12;7;2817
12;2025-11-12;8;3688
12;2025-11-12;9;2647
12;2025-11-12;10;2204
12;2025-11-12;11;2155
12;2025-11-12;12;2179
12;2025-11-12;13;2135
12;2025-11-12;14;2090
12;2025-11-12;15;2356
12;2025-11-12;16;2837
12;2025-11-12;17;3171
12;2025-11-12;18;3298
12;2025-11-12;19;2560
12;2025-11-12;20;1600
12;2025-11-12;21;963
12;2025-11-12;22;474
12;2025-11-12;23;256
17;2025-11-12;0;112
17;2025-11-12;1;4
17;2025-11-12;2;0
17;2025-11-12;3;0
17;2025-11-12;4;8
17;2025-11-12;5;317
17;2025-11-12;6;1553
17;2025-11-12;7;4117
17;2025-11-12;8;5488
17;2025-11-12;9;3962
17;2025-11-12;10;3144
17;2025-11-12;11;3094
17;2025-11-12;12;3086
17;2025-11-12;13;3154
17;2025-11-12;14;3240
17;2025-11-12;15;3328
17;2025-11-12;16;3760
17;2025-11-12;17;4660
17;2025-11-12;18;4952
17;2025-11-12;19;3491
17;2025-11-12;20;2423
17;2025-11-12;21;1479
17;2025-11-12;22;760
17;2025-11-12;23;356
25;2025-11-12;0;0
25;2025-11-12;1;0
25;2025-11-12;2;0
25;2025-11-12;3;0
25;2025-11-12;4;0
25;2025-11-12;5;5
25;2025-11-12;6;211
25;2025-11-12;7;548
25;2025-11-12;8;907
25;2025-11-12;9;475
25;2025-11-12;10;379
25;2025-11-12;11;427
25;2025-11-12;12;404
25;2025-11-12;13;482
25;2025-11-12;14;427
25;2025-11-12;15;522
25;2025-11-12;16;667
25;2025-11-12;17;748
25;2025-11-12;18;789
25;2025-11-12;19;532
25;2025-11-12;20;313
25;2025-11-12;21;193
25;2025-11-12;22;94
25;2025-11-12;23;0
26;2025-11-12;0;18
26;2025-11-12;1;3
26;2025-11-12;2;0
26;2025-11-12;3;0
26;2025-11-12;4;0
26;2025-11-12;5;72
26;2025-11-12;6;505
26;2025-11-12;7;1099
26;2025-11-12;8;2339
26;2025-11-12;9;1523
26;2025-11-12;10;1269
26;2025-11-12;11;1156
26;2025-11-12;12;1176
26;2025-11-12;13;1190
26;2025-11-12;14;1297
26;2025-11-12;15;1375
26;2025-11-12;16;1571
26;2025-11-12;17;1764
26;2025-11-12;18;1922
26;2025-11-12;19;1292
26;2025-11-12;20;766
26;2025-11-12;21;489
26;2025-11-12;22;201
26;2025-11-12;23;123
28;2025-11-12;0;1
28;2025-11-12;1;0
28;2025-11-12;2;0
28;2025-11-12;3;0
28;2025-11-12;4;0
28;2025-11-12;5;73
28;2025-11-12;6;279
28;2025-11-12;7;782
28;2025-11-12;8;1277
28;2025-11-12;9;887
28;2025-11-12;10;672
28;2025-11-12;11;597
28;2025-11-12;12;733
28;2025-11-12;13;753
28;2025-11-12;14;686
28;2025-11-12;15;722
28;2025-11-12;16;912
28;2025-11-12;17;1041
28;2025-11-12;18;985
28;2025-11-12;19;742
28;2025-11-12;20;510
28;2025-11-12;21;328
28;2025-11-12;22;128
28;2025-11-12;23;6
50;2025-11-12;0;8
50;2025-11-12;1;0
50;2025-11-12;2;0
50;2025-11-12;3;0
50;2025-11-12;4;0
50;2025-11-12;5;66
50;2025-11-12;6;556
50;2025-11-12;7;1824
50;2025-11-12;8;2876
50;2025-11-12;9;2281
50;2025-11-12;10;1752
50;2025-11-12;11;1635
50;2025-11-12;12;1559
50;2025-11-12;13;1561
50;2025-11-12;14;1474
50;2025-11-12;15;1757
50;2025-11-12;16;1810
50;2025-11-12;17;2452
50;2025-11-12;18;2522
50;2025-11-12;19;1569
50;2025-11-12;20;976
50;2025-11-12;21;633
50;2025-11-12;22;282
50;2025-11-12;23;139
1;2025-11-13;0;0
1;2025-11-13;1;0
1;2025-11-13;2;0
1;2025-11-13;3;0
1;2025-11-13;4;0
1;2025-11-13;5;135
1;2025-11-13;6;544
1;2025-11-13;7;1561
1;2025-11-13;8;1983
1;2025-11-13;9;1532
1;2025-11-13;10;1388
1;2025-11-13;11;1423
1;2025-11-13;12;1431
1;2025-11-13;13;1442
1;2025-11-13;14;1432
1;2025-11-13;15;1552
1;2025-11-13;16;1553
1;2025-11-13;17;1828
1;2025-11-13;18;1841
1;2025-11-13;19;1400
1;2025-11-13;20;906
1;2025-11-13;21;512
1;2025-11-13;22;238
1;2025-11-13;23;45
5;2025-11-13;0;0
5;2025-11-13;1;0
5;2025-11-13;2;0
5;2025-11-13;3;0
5;2025-11-13;4;0
5;2025-11-13;5;0
5;2025-11-13;6;0
5;2025-11-13;7;0
5;2025-11-13;8;0
5;2025-11-13;9;0
5;2025-11-13;10;0
5;2025-11-13;11;0
5;2025-11-13;12;0
5;2025-11-13;13;0
5;2025-11-13;14;0
5;2025-11-13;15;0
5;2025-11-13;16;0
5;2025-11-13;17;0
5;2025-11-13;18;0
5;2025-11-13;19;0
5;2025-11-13;20;0
5;2025-11-13;21;0
5;2025-11-13;22;0
5;2025-11-13;23;0
7;2025-11-13;0;42
7;2025-11-13;1;1
7;2025-11-13;2;0
7;2025-11-13;3;0
7;2025-11-13;4;4
7;2025-11-13;5;209
7;2025-11-13;6;735
7;2025-11-13;7;1696
7;2025-11-13;8;2608
7;2025-11-13;9;1968
7;2025-11-13;10;1743
7;2025-11-13;11;1592
7;2025-11-13;12;1715
7;2025-11-13;13;1638
7;2025-11-13;14;1725
7;2025-11-13;15;1852
7;2025-11-13;16;1972
7;2025-11-13;17;2455
7;2025-11-13;18;2660
7;2025-11-13;19;1836
7;2025-11-13;20;1135
7;2025-11-13;21;655
7;2025-11-13;22;230
7;2025-11-13;23;180
11;2025-11-13;0;59
11;2025-11-13;1;0
11;2025-11-13;2;0
11;2025-11-13;3;0
11;2025-11-13;4;2
11;2025-11-13;5;296
11;2025-11-13;6;1351
11;2025-11-13;7;2501
11;2025-11-13;8;3306
11;2025-11-13;9;2563
11;2025-11-13;10;2008
11;2025-11-13;11;1955
11;2025-11-13;12;1995
11;2025-11-13;13;2081
11;2025-11-13;14;2109
11;2025-11-13;15;2103
11;2025-11-13;16;2347
11;2025-11-13;17;2938
11;2025-11-13;18;3132
11;2025-11-13;19;2376
11;2025-11-13;20;1510
11;2025-11-13;21;901
11;2025-11-13;22;441
11;2025-11-13;23;242
12;2025-11-13;0;47
12;2025-11-13;1;0
12;2025-11-13;2;0
12;2025-11-13;3;0
12;2025-11-13;4;11
12;2025-11-13;5;344
12;2025-11-13;6;1451
12;2025-11-13;7;2852
12;2025-11-13;8;3656
12;2025-11-13;9;2645
12;2025-11-13;10;2193
12;2025-11-13;11;2179
12;2025-11-13;12;2187
12;2025-11-13;13;2152
12;2025-11-13;14;2115
12;2025-11-13;15;2390
12;2025-11-13;16;2892
12;2025-11-13;17;3205
12;2025-11-13;18;3303
12;2025-11-13;19;2586
12;2025-11-13;20;1614
12;2025-11-13;21;986
12;2025-11-13;22;492
12;2025-11-13;23;276
17;2025-11-13;0;108
17;2025-11-13;1;10
17;2025-11-13;2;0
17;2025-11-13;3;0
17;2025-11-13;4;26
17;2025-11-13;5;336
17;2025-11-13;6;1569
17;2025-11-13;7;4089
17;2025-11-13;8;5489
17;2025-11-13;9;3997
17;2025-11-13;10;3201
17;2025-11-13;11;3157
17;2025-11-13;12;3160
17;2025-11-13;13;3229
17;2025-11-13;14;3296
17;2025-11-13;15;3412
17;2025-11-13;16;3847
17;2025-11-13;17;4694
17;2025-11-13;18;4993
17;2025-11-13;19;3531
17;2025-11-13;20;2480
17;2025-11-13;21;1539
17;2025-11-13;22;807
17;2025-11-13;23;385
25;2025-11-13;0;0
25;2025-11-13;1;0
25;2025-11-13;2;0
25;2025-11-13;3;0
25;2025-11-13;4;0
25;2025-11-13;5;20
25;2025-11-13;6;219
25;2025-11-13;7;553
25;2025-11-13;8;899
25;2025-11-13;9;483
25;2025-11-13;10;385
25;2025-11-13;11;422
25;2025-11-13;12;414
25;2025-11-13;13;495
25;2025-11-13;14;435
25;2025-11-13;15;552
25;2025-11-13;16;688
25;2025-11-13;17;758
25;2025-11-13;18;791
25;2025-11-13;19;531
25;2025-11-13;20;316
25;2025-11-13;21;204
25;2025-11-13;22;115
25;2025-11-13;23;1
26;2025-11-13;0;17
26;2025-11-13;1;1
26;2025-11-13;2;0
26;2025-11-13;3;0
26;2025-11-13;4;2
26;2025-11-13;5;87
26;2025-11-13;6;536
26;2025-11-13;7;1115
26;2025-11-13;8;2265
26;2025-11-13;9;1558
26;2025-11-13;10;1285
26;2025-11-13;11;1195
26;2025-11-13;12;1188
26;2025-11-13;13;1204
26;2025-11-13;14;1301
26;2025-11-13;15;1384
26;2025-11-13;16;1590
26;2025-11-13;17;1775
26;2025-11-13;18;1886
26;2025-11-13;19;1280
26;2025-11-13;20;781
26;2025-11-13;21;504
26;2025-11-13;22;214
26;2025-11-13;23;127
28;2025-11-13;0;1
28;2025-11-13;1;0
28;2025-11-13;2;0
28;2025-11-13;3;0
28;2025-11-13;4;0
28;2025-11-13;5;78
28;2025-11-13;6;287
28;2025-11-13;7;783
28;2025-11-13;8;1257
28;2025-11-13;9;882
28;2025-11-13;10;676
28;2025-11-13;11;622
28;2025-11-13;12;752
28;2025-11-13;13;771
28;2025-11-13;14;688
28;2025-11-13;15;727
28;2025-11-13;16;921
28;2025-11-13;17;1050
28;2025-11-13;18;988
28;2025-11-13;19;736
28;2025-11-13;20;521
28;2025-11-13;21;339
28;2025-11-13;22;139
28;2025-11-13;23;15
50;2025-11-13;0;6
50;2025-11-13;1;0
50;2025-11-13;2;0
50;2025-11-13;3;0
50;2025-11-13;4;5
50;2025-11-13;5;78
50;2025-11-13;6;568
50;2025-11-13;7;1817
50;2025-11-13;8;2856
50;2025-11-13;9;2279
50;2025-11-13;10;1739
50;2025-11-13;11;1643
50;2025-11-13;12;1584
50;2025-11-13;13;1562
50;2025-11-13;14;1467
50;2025-11-13;15;1753
50;2025-11-13;16;1843
50;2025-11-13;17;2441
50;2025-11-13;18;2477
50;2025-11-13;19;1544
50;2025-11-13;20;969
50;2025-11-13;21;638
50;2025-11-13;22;280
50;2025-11-13;23;145
1;2025-11-14;0;0
1;2025-11-14;1;0
1;2025-11-14;2;0
1;2025-11-14;3;0
1;2025-11-14;4;0
1;2025-11-14;5;125
1;2025-11-14;6;509
1;2025-11-14;7;1518
1;2025-11-14;8;1881
1;2025-11-14;9;1515
1;2025-11-14;10;1344
1;2025-11-14;11;1419
1;2025-11-14;12;1418
1;2025-11-14;13;1457
1;2025-11-14;14;1425
1;2025-11-14;15;1564
1;2025-11-14;16;1566
1;2025-11-14;17;1821
1;2025-11-14;18;1681
1;2025-11-14;19;1267
1;2025-11-14;20;818
1;2025-11-14;21;495
1;2025-11-14;22;237
1;2025-11-14;23;49
5;2025-11-14;0;0
5;2025-11-14;1;0
5;2025-11-14;2;0
5;2025-11-14;3;0
5;2025-11-14;4;0
5;2025-11-14;5;0
5;2025-11-14;6;0
5;2025-11-14;7;0
5;2025-11-14;8;0
5;2025-11-14;9;0
5;2025-11-14;10;0
5;2025-11-14;11;0
5;2025-11-14;12;0
5;2025-11-14;13;0
5;2025-11-14;14;0
5;2025-11-14;15;0
5;2025-11-14;16;0
5;2025-11-14;17;0
5;2025-11-14;18;0
5;2025-11-14;19;0
5;2025-11-14;20;0
5;2025-11-14;21;0
5;2025-11-14;22;0
5;2025-11-14;23;0
7;2025-11-14;0;53
7;2025-11-14;1;0
7;2025-11-14;2;0
7;2025-11-14;3;0
7;2025-11-14;4;0
7;2025-11-14;5;183
7;2025-11-14;6;673
7;2025-11-14;7;1654
7;2025-11-14;8;2512
7;2025-11-14;9;1894
7;2025-11-14;10;1741
7;2025-11-14;11;1586
7;2025-11-14;12;1726
7;2025-11-14;13;1700
7;2025-11-14;14;1820
7;2025-11-14;15;1927
7;2025-11-14;16;2012
7;2025-11-14;17;2358
7;2025-11-14;18;2258
7;2025-11-14;19;1623
7;2025-11-14;20;1077
7;2025-11-14;21;624
7;2025-11-14;22;242
7;2025-11-14;23;203
11;2025-11-14;0;63
11;2025-11-14;1;0
11;2025-11-14;2;0
11;2025-11-14;3;0
11;2025-11-14;4;0
11;2025-11-14;5;269
11;2025-11-14;6;1303
11;2025-11-14;7;2430
11;2025-11-14;8;3165
11;2025-11-14;9;2427
11;2025-11-14;10;1969
11;2025-11-14;11;1977
11;2025-11-14;12;2035
11;2025-11-14;13;2091
11;2025-11-14;14;2147
11;2025-11-14;15;2196
11;2025-11-14;16;2414
11;2025-11-14;17;2939
11;2025-11-14;18;2823
11;2025-11-14;19;2193
11;2025-11-14;20;1464
11;2025-11-14;21;842
11;2025-11-14;22;416
11;2025-11-14;23;291
12;2025-11-14;0;53
12;2025-11-14;1;0
12;2025-11-14;2;0
12;2025-11-14;3;0
12;2025-11-14;4;0
12;2025-11-14;5;324
12;2025-11-14;6;1383
12;2025-11-14;7;2744
12;2025-11-14;8;3501
12;2025-11-14;9;2526
12;2025-11-14;10;2107
12;2025-11-14;11;2106
12;2025-11-14;12;2164
12;2025-11-14;13;2154
12;2025-11-14;14;2109
12;2025-11-14;15;2455
12;2025-11-14;16;2916
12;2025-11-14;17;3083
12;2025-11-14;18;2879
12;2025-11-14;19;2406
12;2025-11-14;20;1505
12;2025-11-14;21;988
12;2025-11-14;22;489
12;2025-11-14;23;292
17;2025-11-14;0;123
17;2025-11-14;1;11
17;2025-11-14;2;0
17;2025-11-14;3;0
17;2025-11-14;4;15
17;2025-11-14;5;323
17;2025-11-14;6;1559
17;2025-11-14;7;4016
17;2025-11-14;8;5211
17;2025-11-14;9;3874
17;2025-11-14;10;3135
17;2025-11-14;11;3139
17;2025-11-14;12;3172
17;2025-11-14;13;3246
17;2025-11-14;14;3336
17;2025-11-14;15;3552
17;2025-11-14;16;3930
17;2025-11-14;17;4675
17;2025-11-14;18;4613
17;2025-11-14;19;3371
17;2025-11-14;20;2422
17;2025-11-14;21;1558
17;2025-11-14;22;789
17;2025-11-14;23;423
25;2025-11-14;0;0
25;2025-11-14;1;0
25;2025-11-14;2;0
25;2025-11-14;3;0
25;2025-11-14;4;0
25;2025-11-14;5;12
25;2025-11-14;6;214
25;2025-11-14;7;543
25;2025-11-14;8;860
25;2025-11-14;9;472
25;2025-11-14;10;382
25;2025-11-14;11;445
25;2025-11-14;12;441
25;2025-11-14;13;552
25;2025-11-14;14;506
25;2025-11-14;15;604
25;2025-11-14;16;758
25;2025-11-14;17;755
25;2025-11-14;18;694
25;2025-11-14;19;503
25;2025-11-14;20;312
25;2025-11-14;21;212
25;2025-11-14;22;116
25;2025-11-14;23;0
26;2025-11-14;0;19
26;2025-11-14;1;3
26;2025-11-14;2;0
26;2025-11-14;3;0
26;2025-11-14;4;0
26;2025-11-14;5;61
26;2025-11-14;6;504
26;2025-11-14;7;1084
26;2025-11-14;8;2155
26;2025-11-14;9;1461
26;2025-11-14;10;1276
26;2025-11-14;11;1170
26;2025-11-14;12;1203
26;2025-11-14;13;1253
26;2025-11-14;14;1340
26;2025-11-14;15;1416
26;2025-11-14;16;1648
26;2025-11-14;17;1728
26;2025-11-14;18;1688
26;2025-11-14;19;1153
26;2025-11-14;20;731
26;2025-11-14;21;475
26;2025-11-14;22;216
26;2025-11-14;23;153
28;2025-11-14;0;1
28;2025-11-14;1;0
28;2025-11-14;2;0
28;2025-11-14;3;0
28;2025-11-14;4;0
28;2025-11-14;5;75
28;2025-11-14;6;278
28;2025-11-14;7;781
28;2025-11-14;8;1223
28;2025-11-14;9;868
28;2025-11-14;10;691
28;2025-11-14;11;640
28;2025-11-14;12;757
28;2025-11-14;13;763
28;2025-11-14;14;720
28;2025-11-14;15;756
28;2025-11-14;16;928
28;2025-11-14;17;1042
28;2025-11-14;18;888
28;2025-11-14;19;676
28;2025-11-14;20;474
28;2025-11-14;21;342
28;2025-11-14;22;144
28;2025-11-14;23;19
50;2025-11-14;0;6
50;2025-11-14;1;0
50;2025-11-14;2;0
50;2025-11-14;3;0
50;2025-11-14;4;0
50;2025-11-14;5;70
50;2025-11-14;6;565
50;2025-11-14;7;1760
50;2025-11-14;8;2722
50;2025-11-14;9;2177
50;2025-11-14;10;1686
50;2025-11-14;11;1624
50;2025-11-14;12;1580
50;2025-11-14;13;1576
50;2025-11-14;14;1513
50;2025-11-14;15;1809
50;2025-11-14;16;1931
50;2025-11-14;17;2305
50;2025-11-14;18;2002
50;2025-11-14;19;1271
50;2025-11-14;20;865
50;2025-11-14;21;565
50;2025-11-14;22;303
50;2025-11-14;23;170
1;2025-11-15;0;0
1;2025-11-15;1;0
1;2025-11-15;2;0
1;2025-11-15;3;0
1;2025-11-15;4;0
1;2025-11-15;5;11
1;2025-11-15;6;191
1;2025-11-15;7;353
1;2025-11-15;8;470
1;2025-11-15;9;737
1;2025-11-15;10;830
1;2025-11-15;11;750
1;2025-11-15;12;965
1;2025-11-15;13;957
1;2025-11-15;14;966
1;2025-11-15;15;872
1;2025-11-15;16;806
1;2025-11-15;17;761
1;2025-11-15;18;650
1;2025-11-15;19;562
1;2025-11-15;20;400
1;2025-11-15;21;292
1;2025-11-15;22;105
1;2025-11-15;23;24
5;2025-11-15;0;0
5;2025-11-15;1;0
5;2025-11-15;2;0
5;2025-11-15;3;0
5;2025-11-15;4;0
5;2025-11-15;5;0
5;2025-11-15;6;0
5;2025-11-15;7;0
5;2025-11-15;8;0
5;2025-11-15;9;0
5;2025-11-15;10;0
5;2025-11-15;11;0
5;2025-11-15;12;0
5;2025-11-15;13;0
5;2025-11-15;14;0
5;2025-11-15;15;0
5;2025-11-15;16;0
5;2025-11-15;17;0
5;2025-11-15;18;0
5;2025-11-15;19;0
5;2025-11-15;20;0
5;2025-11-15;21;0
5;2025-11-15;22;0
5;2025-11-15;23;0
7;2025-11-15;0;75
7;2025-11-15;1;0
7;2025-11-15;2;0
7;2025-11-15;3;0
7;2025-11-15;4;0
7;2025-11-15;5;69
7;2025-11-15;6;270
7;2025-11-15;7;477
7;2025-11-15;8;917
7;2025-11-15;9;1057
7;2025-11-15;10;1040
7;2025-11-15;11;1092
7;2025-11-15;12;1234
7;2025-11-15;13;1246
7;2025-11-15;14;1389
7;2025-11-15;15;1359
7;2025-11-15;16;1338
7;2025-11-15;17;1340
7;2025-11-15;18;1247
7;2025-11-15;19;1160
7;2025-11-15;20;803
7;2025-11-15;21;571
7;2025-11-15;22;190
7;2025-11-15;23;123
11;2025-11-15;0;83
11;2025-11-15;1;0
11;2025-11-15;2;0
11;2025-11-15;3;0
11;2025-11-15;4;0
11;2025-11-15;5;156
11;2025-11-15;6;770
11;2025-11-15;7;742
11;2025-11-15;8;1012
11;2025-11-15;9;1182
11;2025-11-15;10;1159
11;2025-11-15;11;1336
11;2025-11-15;12;1375
11;2025-11-15;13;1449
11;2025-11-15;14;1550
11;2025-11-15;15;1541
11;2025-11-15;16;1552
11;2025-11-15;17;1710
11;2025-11-15;18;1460
11;2025-11-15;19;1328
11;2025-11-15;20;1052
11;2025-11-15;21;708
11;2025-11-15;22;395
11;2025-11-15;23;265
12;2025-11-15;0;56
12;2025-11-15;1;0
12;2025-11-15;2;0
12;2025-11-15;3;0
12;2025-11-15;4;0
12;2025-11-15;5;225
12;2025-11-15;6;866
12;2025-11-15;7;929
12;2025-11-15;8;1061
12;2025-11-15;9;1242
12;2025-11-15;10;1359
12;2025-11-15;11;1304
12;2025-11-15;12;1301
12;2025-11-15;13;1461
12;2025-11-15;14;1472
12;2025-11-15;15;1451
12;2025-11-15;16;1460
12;2025-11-15;17;1475
12;2025-11-15;18;1416
12;2025-11-15;19;1307
12;2025-11-15;20;1009
12;2025-11-15;21;697
12;2025-11-15;22;390
12;2025-11-15;23;277
17;2025-11-15;0;145
17;2025-11-15;1;10
17;2025-11-15;2;0
17;2025-11-15;3;0
17;2025-11-15;4;18
17;2025-11-15;5;130
17;2025-11-15;6;579
17;2025-11-15;7;1217
17;2025-11-15;8;1606
17;2025-11-15;9;1994
17;2025-11-15;10;2052
17;2025-11-15;11;2506
17;2025-11-15;12;2582
17;2025-11-15;13;2841
17;2025-11-15;14;2920
17;2025-11-15;15;3035
17;2025-11-15;16;3095
17;2025-11-15;17;3050
17;2025-11-15;18;2738
17;2025-11-15;19;2144
17;2025-11-15;20;1623
17;2025-11-15;21;1186
17;2025-11-15;22;791
17;2025-11-15;23;381
25;2025-11-15;0;0
25;2025-11-15;1;0
25;2025-11-15;2;0
25;2025-11-15;3;0
25;2025-11-15;4;0
25;2025-11-15;5;10
25;2025-11-15;6;106
25;2025-11-15;7;168
25;2025-11-15;8;294
25;2025-11-15;9;297
25;2025-11-15;10;277
25;2025-11-15;11;354
25;2025-11-15;12;343
25;2025-11-15;13;482
25;2025-11-15;14;456
25;2025-11-15;15;602
25;2025-11-15;16;534
25;2025-11-15;17;475
25;2025-11-15;18;460
25;2025-11-15;19;397
25;2025-11-15;20;260
25;2025-11-15;21;168
25;2025-11-15;22;95
25;2025-11-15;23;28
26;2025-11-15;0;28
26;2025-11-15;1;0
26;2025-11-15;2;0
26;2025-11-15;3;0
26;2025-11-15;4;0
26;2025-11-15;5;34
26;2025-11-15;6;288
26;2025-11-15;7;363
26;2025-11-15;8;698
26;2025-11-15;9;708
26;2025-11-15;10;803
26;2025-11-15;11;927
26;2025-11-15;12;905
26;2025-11-15;13;960
26;2025-11-15;14;1023
26;2025-11-15;15;1010
26;2025-11-15;16;1009
26;2025-11-15;17;956
26;2025-11-15;18;921
26;2025-11-15;19;797
26;2025-11-15;20;517
26;2025-11-15;21;356
26;2025-11-15;22;179
26;2025-11-15;23;141
28;2025-11-15;0;1
28;2025-11-15;1;0
28;2025-11-15;2;0
28;2025-11-15;3;0
28;2025-11-15;4;0
28;2025-11-15;5;34
28;2025-11-15;6;105
28;2025-11-15;7;181
28;2025-11-15;8;384
28;2025-11-15;9;459
28;2025-11-15;10;473
28;2025-11-15;11;442
28;2025-11-15;12;576
28;2025-11-15;13;606
28;2025-11-15;14;596
28;2025-11-15;15;555
28;2025-11-15;16;578
28;2025-11-15;17;571
28;2025-11-15;18;496
28;2025-11-15;19;383
28;2025-11-15;20;307
28;2025-11-15;21;256
28;2025-11-15;22;108
28;2025-11-15;23;7
50;2025-11-15;0;16
50;2025-11-15;1;0
50;2025-11-15;2;0
50;2025-11-15;3;0
50;2025-11-15;4;4
50;2025-11-15;5;47
50;2025-11-15;6;265
50;2025-11-15;7;448
50;2025-11-15;8;737
50;2025-11-15;9;838
50;2025-11-15;10;799
50;2025-11-15;11;905
50;2025-11-15;12;901
50;2025-11-15;13;920
50;2025-11-15;14;994
50;2025-11-15;15;1021
50;2025-11-15;16;964
50;2025-11-15;17;1048
50;2025-11-15;18;825
50;2025-11-15;19;747
50;2025-11-15;20;547
50;2025-11-15;21;425
50;2025-11-15;22;213
50;2025-11-15;23;126
1;2025-11-16;0;0
1;2025-11-16;1;0
1;2025-11-16;2;0
1;2025-11-16;3;0
1;2025-11-16;4;0
1;2025-11-16;5;7
1;2025-11-16;6;92
1;2025-11-16;7;226
1;2025-11-16;8;326
1;2025-11-16;9;581
1;2025-11-16;10;672
1;2025-11-16;11;657
1;2025-11-16;12;807
1;2025-11-16;13;804
1;2025-11-16;14;787
1;2025-11-16;15;708
1;2025-11-16;16;631
1;2025-11-16;17;595
1;2025-11-16;18;524
1;2025-11-16;19;388
1;2025-11-16;20;297
1;2025-11-16;21;227
1;2025-11-16;22;68
1;2025-11-16;23;18
5;2025-11-16;0;0
5;2025-11-16;1;0
5;2025-11-16;2;0
5;2025-11-16;3;0
5;2025-11-16;4;0
5;2025-11-16;5;0
5;2025-11-16;6;0
5;2025-11-16;7;0
5;2025-11-16;8;0
5;2025-11-16;9;0
5;2025-11-16;10;0
5;2025-11-16;11;0
5;2025-11-16;12;0
5;2025-11-16;13;0
5;2025-11-16;14;0
5;2025-11-16;15;0
5;2025-11-16;16;0
5;2025-11-16;17;0
5;2025-11-16;18;0
5;2025-11-16;19;0
5;2025-11-16;20;0
5;2025-11-16;21;0
5;2025-11-16;22;0
5;2025-11-16;23;0
7;2025-11-16;0;78
7;2025-11-16;1;3
7;2025-11-16;2;0
7;2025-11-16;3;0
7;2025-11-16;4;0
7;2025-11-16;5;21
7;2025-11-16;6;196
7;2025-11-16;7;314
7;2025-11-16;8;556
7;2025-11-16;9;706
7;2025-11-16;10;723
7;2025-11-16;11;937
7;2025-11-16;12;1127
7;2025-11-16;13;1189
7;2025-11-16;14;1253
7;2025-11-16;15;1188
7;2025-11-16;16;1050
7;2025-11-16;17;1088
7;2025-11-16;18;992
7;2025-11-16;19;829
7;2025-11-16;20;584
7;2025-11-16;21;485
7;2025-11-16;22;148
7;2025-11-16;23;100
11;2025-11-16;0;84
11;2025-11-16;1;3
11;2025-11-16;2;0
11;2025-11-16;3;0
11;2025-11-16;4;0
11;2025-11-16;5;87
11;2025-11-16;6;491
11;2025-11-16;7;554
11;2025-11-16;8;718
11;2025-11-16;9;953
11;2025-11-16;10;1075
11;2025-11-16;11;1478
11;2025-11-16;12;1550
11;2025-11-16;13;1593
11;2025-11-16;14;1638
11;2025-11-16;15;1633
11;2025-11-16;16;1617
11;2025-11-16;17;1708
11;2025-11-16;18;1399
11;2025-11-16;19;1135
11;2025-11-16;20;814
11;2025-11-16;21;565
11;2025-11-16;22;310
11;2025-11-16;23;202
12;2025-11-16;0;69
12;2025-11-16;1;0
12;2025-11-16;2;0
12;2025-11-16;3;0
12;2025-11-16;4;0
12;2025-11-16;5;131
12;2025-11-16;6;498
12;2025-11-16;7;688
12;2025-11-16;8;740
12;2025-11-16;9;962
12;2025-11-16;10;1225
12;2025-11-16;11;1350
12;2025-11-16;12;1406
12;2025-11-16;13;1572
12;2025-11-16;14;1528
12;2025-11-16;15;1450
12;2025-11-16;16;1491
12;2025-11-16;17;1513
12;2025-11-16;18;1341
12;2025-11-16;19;1009
12;2025-11-16;20;732
12;2025-11-16;21;541
12;2025-11-16;22;346
12;2025-11-16;23;215
17;2025-11-16;0;129
17;2025-11-16;1;18
17;2025-11-16;2;0
17;2025-11-16;3;0
17;2025-11-16;4;0
17;2025-11-16;5;78
17;2025-11-16;6;405
17;2025-11-16;7;795
17;2025-11-16;8;1305
17;2025-11-16;9;1758
17;2025-11-16;10;2053
17;2025-11-16;11;2529
17;2025-11-16;12;2797
17;2025-11-16;13;2959
17;2025-11-16;14;3035
17;2025-11-16;15;3074
17;2025-11-16;16;3108
17;2025-11-16;17;2939
17;2025-11-16;18;2529
17;2025-11-16;19;2128
17;2025-11-16;20;1587
17;2025-11-16;21;1103
17;2025-11-16;22;683
17;2025-11-16;23;272
25;2025-11-16;0;18
25;2025-11-16;1;0
25;2025-11-16;2;0
25;2025-11-16;3;0
25;2025-11-16;4;0
25;2025-11-16;5;0
25;2025-11-16;6;60
25;2025-11-16;7;96
25;2025-11-16;8;172
25;2025-11-16;9;188
25;2025-11-16;10;208
25;2025-11-16;11;266
25;2025-11-16;12;311
25;2025-11-16;13;421
25;2025-11-16;14;421
25;2025-11-16;15;537
25;2025-11-16;16;482
25;2025-11-16;17;430
25;2025-11-16;18;370
25;2025-11-16;19;300
25;2025-11-16;20;190
25;2025-11-16;21;138
25;2025-11-16;22;83
25;2025-11-16;23;19
26;2025-11-16;0;40
26;2025-11-16;1;0
26;2025-11-16;2;0
26;2025-11-16;3;0
26;2025-11-16;4;0
26;2025-11-16;5;2
26;2025-11-16;6;131
26;2025-11-16;7;223
26;2025-11-16;8;387
26;2025-11-16;9;483
26;2025-11-16;10;583
26;2025-11-16;11;803
26;2025-11-16;12;834
26;2025-11-16;13;870
26;2025-11-16;14;872
26;2025-11-16;15;804
26;2025-11-16;16;779
26;2025-11-16;17;747
26;2025-11-16;18;671
26;2025-11-16;19;517
26;2025-11-16;20;373
26;2025-11-16;21;277
26;2025-11-16;22;135
26;2025-11-16;23;100
28;2025-11-16;0;1
28;2025-11-16;1;0
28;2025-11-16;2;0
28;2025-11-16;3;0
28;2025-11-16;4;0
28;2025-11-16;5;14
28;2025-11-16;6;55
28;2025-11-16;7;132
28;2025-11-16;8;241
28;2025-11-16;9;319
28;2025-11-16;10;361
28;2025-11-16;11;412
28;2025-11-16;12;463
28;2025-11-16;13;499
28;2025-11-16;14;501
28;2025-11-16;15;484
28;2025-11-16;16;463
28;2025-11-16;17;469
28;2025-11-16;18;388
28;2025-11-16;19;312
28;2025-11-16;20;251
28;2025-11-16;21;212
28;2025-11-16;22;89
28;2025-11-16;23;3
50;2025-11-16;0;15
50;2025-11-16;1;0
50;2025-11-16;2;0
50;2025-11-16;3;0
50;2025-11-16;4;0
50;2025-11-16;5;17
50;2025-11-16;6;174
50;2025-11-16;7;275
50;2025-11-16;8;439
50;2025-11-16;9;512
50;2025-11-16;10;537
50;2025-11-16;11;660
50;2025-11-16;12;728
50;2025-11-16;13;853
50;2025-11-16;14;864
50;2025-11-16;15;796
50;2025-11-16;16;763
50;2025-11-16;17;786
50;2025-11-16;18;656
50;2025-11-16;19;524
50;2025-11-16;20;437
50;2025-11-16;21;335
50;2025-11-16;22;183
50;2025-11-16;23;96
1;2025-11-17;0;0
1;2025-11-17;1;0
1;2025-11-17;2;0
1;2025-11-17;3;0
1;2025-11-17;4;0
1;2025-11-17;5;125
1;2025-11-17;6;523
1;2025-11-17;7;1494
1;2025-11-17;8;1869
1;2025-11-17;9;1449
1;2025-11-17;10;1314
1;2025-11-17;11;1353
1;2025-11-17;12;1411
1;2025-11-17;13;1412
1;2025-11-17;14;1374
1;2025-11-17;15;1488
1;2025-11-17;16;1537
1;2025-11-17;17;1827
1;2025-11-17;18;1829
1;2025-11-17;19;1396
1;2025-11-17;20;895
1;2025-11-17;21;483
1;2025-11-17;22;206
1;2025-11-17;23;41
5;2025-11-17;0;0
5;2025-11-17;1;0
5;2025-11-17;2;0
5;2025-11-17;3;0
5;2025-11-17;4;0
5;2025-11-17;5;0
5;2025-11-17;6;0
5;2025-11-17;7;0
5;2025-11-17;8;0
5;2025-11-17;9;0
5;2025-11-17;10;0
5;2025-11-17;11;0
5;2025-11-17;12;0
5;2025-11-17;13;0
5;2025-11-17;14;0
5;2025-11-17;15;0
5;2025-11-17;16;0
5;2025-11-17;17;0
5;2025-11-17;18;0
5;2025-11-17;19;0
5;2025-11-17;20;0
5;2025-11-17;21;0
5;2025-11-17;22;0
5;2025-11-17;23;0
7;2025-11-17;0;50
7;2025-11-17;1;0
7;2025-11-17;2;0
7;2025-11-17;3;0
7;2025-11-17;4;0
7;2025-11-17;5;177
7;2025-11-17;6;703
7;2025-11-17;7;1663
7;2025-11-17;8;2556
7;2025-11-17;9;1880
7;2025-11-17;10;1668
7;2025-11-17;11;1503
7;2025-11-17;12;1596
7;2025-11-17;13;1619
7;2025-11-17;14;1664
7;2025-11-17;15;1771
7;2025-11-17;16;1871
7;2025-11-17;17;2339
7;2025-11-17;18;2648
7;2025-11-17;19;1776
7;2025-11-17;20;1111
7;2025-11-17;21;610
7;2025-11-17;22;205
7;2025-11-17;23;160
11;2025-11-17;0;58
11;2025-11-17;1;0
11;2025-11-17;2;0
11;2025-11-17;3;0
11;2025-11-17;4;0
11;2025-11-17;5;282
11;2025-11-17;6;1336
11;2025-11-17;7;2399
11;2025-11-17;8;3264
11;2025-11-17;9;2455
11;2025-11-17;10;1858
11;2025-11-17;11;1879
11;2025-11-17;12;1897
11;2025-11-17;13;1980
11;2025-11-17;14;2009
11;2025-11-17;15;2054
11;2025-11-17;16;2300
11;2025-11-17;17;2917
11;2025-11-17;18;3105
11;2025-11-17;19;2334
11;2025-11-17;20;1499
11;2025-11-17;21;850
11;2025-11-17;22;399
11;2025-11-17;23;205
12;2025-11-17;0;58
12;2025-11-17;1;0
12;2025-11-17;2;0
12;2025-11-17;3;0
12;2025-11-17;4;0
12;2025-11-17;5;310
12;2025-11-17;6;1362
12;2025-11-17;7;2787
12;2025-11-17;8;3616
12;2025-11-17;9;2511
12;2025-11-17;10;2081
12;2025-11-17;11;2004
12;2025-11-17;12;2134
12;2025-11-17;13;2060
12;2025-11-17;14;2058
12;2025-11-17;15;2321
12;2025-11-17;16;2859
12;2025-11-17;17;3168
12;2025-11-17;18;3258
12;2025-11-17;19;2521
12;2025-11-17;20;1603
12;2025-11-17;21;939
12;2025-11-17;22;459
12;2025-11-17;23;251
17;2025-11-17;0;61
17;2025-11-17;1;3
17;2025-11-17;2;0
17;2025-11-17;3;0
17;2025-11-17;4;11
17;2025-11-17;5;306
17;2025-11-17;6;1539
17;2025-11-17;7;4047
17;2025-11-17;8;5438
17;2025-11-17;9;3885
17;2025-11-17;10;3070
17;2025-11-17;11;3026
17;2025-11-17;12;3080
17;2025-11-17;13;3122
17;2025-11-17;14;3191
17;2025-11-17;15;3340
17;2025-11-17;16;3730
17;2025-11-17;17;4561
17;2025-11-17;18;4921
17;2025-11-17;19;3498
17;2025-11-17;20;2395
17;2025-11-17;21;1442
17;2025-11-17;22;735
17;2025-11-17;23;322
25;2025-11-17;0;0
25;2025-11-17;1;0
25;2025-11-17;2;0
25;2025-11-17;3;0
25;2025-11-17;4;0
25;2025-11-17;5;3
25;2025-11-17;6;184
25;2025-11-17;7;545
25;2025-11-17;8;876
25;2025-11-17;9;460
25;2025-11-17;10;347
25;2025-11-17;11;383
25;2025-11-17;12;368
25;2025-11-17;13;464
25;2025-11-17;14;395
25;2025-11-17;15;484
25;2025-11-17;16;652
25;2025-11-17;17;701
25;2025-11-17;18;753
25;2025-11-17;19;483
25;2025-11-17;20;285
25;2025-11-17;21;176
25;2025-11-17;22;95
25;2025-11-17;23;0
26;2025-11-17;0;7
26;2025-11-17;1;0
26;2025-11-17;2;0
26;2025-11-17;3;0
26;2025-11-17;4;0
26;2025-11-17;5;67
26;2025-11-17;6;506
26;2025-11-17;7;1107
26;2025-11-17;8;2151
26;2025-11-17;9;1471
26;2025-11-17;10;1239
26;2025-11-17;11;1111
26;2025-11-17;12;1140
26;2025-11-17;13;1203
26;2025-11-17;14;1271
26;2025-11-17;15;1322
26;2025-11-17;16;1527
26;2025-11-17;17;1757
26;2025-11-17;18;1816
26;2025-11-17;19;1273
26;2025-11-17;20;780
26;2025-11-17;21;472
26;2025-11-17;22;206
26;2025-11-17;23;114
28;2025-11-17;0;1
28;2025-11-17;1;0
28;2025-11-17;2;0
28;2025-11-17;3;0
28;2025-11-17;4;0
28;2025-11-17;5;66
28;2025-11-17;6;258
28;2025-11-17;7;755
28;2025-11-17;8;1232
28;2025-11-17;9;859
28;2025-11-17;10;633
28;2025-11-17;11;553
28;2025-11-17;12;692
28;2025-11-17;13;730
28;2025-11-17;14;650
28;2025-11-17;15;676
28;2025-11-17;16;821
28;2025-11-17;17;982
28;2025-11-17;18;951
28;2025-11-17;19;714
28;2025-11-17;20;475
28;2025-11-17;21;304
28;2025-11-17;22;122
28;2025-11-17;23;10
50;2025-11-17;0;0
50;2025-11-17;1;0
50;2025-11-17;2;0
50;2025-11-17;3;0
50;2025-11-17;4;0
50;2025-11-17;5;63
50;2025-11-17;6;510
50;2025-11-17;7;1753
50;2025-11-17;8;2827
50;2025-11-17;9;2183
50;2025-11-17;10;1688
50;2025-11-17;11;1591
50;2025-11-17;12;1455
50;2025-11-17;13;1508
50;2025-11-17;14;1467
50;2025-11-17;15;1721
50;2025-11-17;16;1760
50;2025-11-17;17;2392
50;2025-11-17;18;2479
50;2025-11-17;19;1474
50;2025-11-17;20;915
50;2025-11-17;21;610
50;2025-11-17;22;266
50;2025-11-17;23;107
1;2025-11-18;0;0
1;2025-11-18;1;0
1;2025-11-18;2;0
1;2025-11-18;3;0
1;2025-11-18;4;0
1;2025-11-18;5;132
1;2025-11-18;6;539
1;2025-11-18;7;1524
1;2025-11-18;8;1916
1;2025-11-18;9;1503
1;2025-11-18;10;1312
1;2025-11-18;11;1386
1;2025-11-18;12;1424
1;2025-11-18;13;1435
1;2025-11-18;14;1360
1;2025-11-18;15;1508
1;2025-11-18;16;1524
1;2025-11-18;17;1805
1;2025-11-18;18;1804
1;2025-11-18;19;1387
1;2025-11-18;20;922
1;2025-11-18;21;510
1;2025-11-18;22;242
1;2025-11-18;23;55
5;2025-11-18;0;0
5;2025-11-18;1;0
5;2025-11-18;2;0
5;2025-11-18;3;0
5;2025-11-18;4;0
5;2025-11-18;5;0
5;2025-11-18;6;0
5;2025-11-18;7;0
5;2025-11-18;8;0
5;2025-11-18;9;0
5;2025-11-18;10;0
5;2025-11-18;11;0
5;2025-11-18;12;0
5;2025-11-18;13;0
5;2025-11-18;14;0
5;2025-11-18;15;0
5;2025-11-18;16;0
5;2025-11-18;17;0
5;2025-11-18;18;0
5;2025-11-18;19;0
5;2025-11-18;20;0
5;2025-11-18;21;0
5;2025-11-18;22;0
5;2025-11-18;23;0
7;2025-11-18;0;43
7;2025-11-18;1;0
7;2025-11-18;2;0
7;2025-11-18;3;0
7;2025-11-18;4;0
7;2025-11-18;5;193
7;2025-11-18;6;746
7;2025-11-18;7;1695
7;2025-11-18;8;2604
7;2025-11-18;9;1981
7;2025-11-18;10;1749
7;2025-11-18;11;1564
7;2025-11-18;12;1683
7;2025-11-18;13;1683
7;2025-11-18;14;1744
7;2025-11-18;15;1826
7;2025-11-18;16;1951
7;2025-11-18;17;2419
7;2025-11-18;18;2680
7;2025-11-18;19;1882
7;2025-11-18;20;1136
7;2025-11-18;21;646
7;2025-11-18;22;224
7;2025-11-18;23;170
11;2025-11-18;0;61
11;2025-11-18;1;0
11;2025-11-18;2;0
11;2025-11-18;3;0
11;2025-11-18;4;0
11;2025-11-18;5;281
11;2025-11-18;6;1328
11;2025-11-18;7;2463
11;2025-11-18;8;3268
11;2025-11-18;9;2522
11;2025-11-18;10;1955
11;2025-11-18;11;1892
11;2025-11-18;12;1949
11;2025-11-18;13;2058
11;2025-11-18;14;2069
11;2025-11-18;15;2097
11;2025-11-18;16;2355
11;2025-11-18;17;2929
11;2025-11-18;18;3095
11;2025-11-18;19;2377
11;2025-11-18;20;1515
11;2025-11-18;21;903
11;2025-11-18;22;442
11;2025-11-18;23;241
12;2025-11-18;0;49
12;2025-11-18;1;0
12;2025-11-18;2;0
12;2025-11-18;3;0
12;2025-11-18;4;4
12;2025-11-18;5;338
12;2025-11-18;6;1446
12;2025-11-18;7;2848
12;2025-11-18;8;3642
12;2025-11-18;9;2651
12;2025-11-18;10;2247
12;2025-11-18;11;2188
12;2025-11-18;12;2183
12;2025-11-18;13;2134
12;2025-11-18;14;2117
12;2025-11-18;15;2385
12;2025-11-18;16;2886
12;2025-11-18;17;3190
12;2025-11-18;18;3287
12;2025-11-18;19;2595
12;2025-11-18;20;1602
12;2025-11-18;21;942
12;2025-11-18;22;502
12;2025-11-18;23;267
17;2025-11-18;0;105
17;2025-11-18;1;3
17;2025-11-18;2;0
17;2025-11-18;3;0
17;2025-11-18;4;17
17;2025-11-18;5;315
17;2025-11-18;6;1568
17;2025-11-18;7;4052
17;2025-11-18;8;5374
17;2025-11-18;9;3975
17;2025-11-18;10;3150
17;2025-11-18;11;3087
17;2025-11-18;12;3131
17;2025-11-18;13;3168
17;2025-11-18;14;3231
17;2025-11-18;15;3359
17;2025-11-18;16;3749
17;2025-11-18;17;4604
17;2025-11-18;18;4933
17;2025-11-18;19;3558
17;2025-11-18;20;2474
17;2025-11-18;21;1498
17;2025-11-18;22;752
17;2025-11-18;23;353
25;2025-11-18;0;0
25;2025-11-18;1;0
25;2025-11-18;2;0
25;2025-11-18;3;0
25;2025-11-18;4;0
25;2025-11-18;5;11
25;2025-11-18;6;193
25;2025-11-18;7;544
25;2025-11-18;8;872
25;2025-11-18;9;476
25;2025-11-18;10;385
25;2025-11-18;11;421
25;2025-11-18;12;400
25;2025-11-18;13;482
25;2025-11-18;14;431
25;2025-11-18;15;526
25;2025-11-18;16;662
25;2025-11-18;17;697
25;2025-11-18;18;759
25;2025-11-18;19;501
25;2025-11-18;20;333
25;2025-11-18;21;202
25;2025-11-18;22;104
25;2025-11-18;23;0
26;2025-11-18;0;18
26;2025-11-18;1;0
26;2025-11-18;2;0
26;2025-11-18;3;0
26;2025-11-18;4;0
26;2025-11-18;5;68
26;2025-11-18;6;543
26;2025-11-18;7;1086
26;2025-11-18;8;2258
26;2025-11-18;9;1498
26;2025-11-18;10;1233
26;2025-11-18;11;1124
26;2025-11-18;12;1162
26;2025-11-18;13;1225
26;2025-11-18;14;1293
26;2025-11-18;15;1323
26;2025-11-18;16;1586
26;2025-11-18;17;1772
26;2025-11-18;18;1872
26;2025-11-18;19;1284
26;2025-11-18;20;824
26;2025-11-18;21;495
26;2025-11-18;22;206
26;2025-11-18;23;124
28;2025-11-18;0;1
28;2025-11-18;1;0
28;2025-11-18;2;0
28;2025-11-18;3;0
28;2025-11-18;4;0
28;2025-11-18;5;64
28;2025-11-18;6;279
28;2025-11-18;7;747
28;2025-11-18;8;1242
28;2025-11-18;9;863
28;2025-11-18;10;676
28;2025-11-18;11;579
28;2025-11-18;12;724
28;2025-11-18;13;750
28;2025-11-18;14;680
28;2025-11-18;15;712
28;2025-11-18;16;884
28;2025-11-18;17;993
28;2025-11-18;18;935
28;2025-11-18;19;734
28;2025-11-18;20;512
28;2025-11-18;21;330
28;2025-11-18;22;153
28;2025-11-18;23;10
50;2025-11-18;0;0
50;2025-11-18;1;0
50;2025-11-18;2;0
50;2025-11-18;3;0
50;2025-11-18;4;0
50;2025-11-18;5;76
50;2025-11-18;6;566
50;2025-11-18;7;1811
50;2025-11-18;8;2867
50;2025-11-18;9;2313
50;2025-11-18;10;1738
50;2025-11-18;11;1612
50;2025-11-18;12;1541
50;2025-11-18;13;1556
50;2025-11-18;14;1484
50;2025-11-18;15;1779
50;2025-11-18;16;1866
50;2025-11-18;17;2466
50;2025-11-18;18;2508
50;2025-11-18;19;1527
50;2025-11-18;20;953
50;2025-11-18;21;626
50;2025-11-18;22;276
50;2025-11-18;23;135
1;2025-11-19;0;0
1;2025-11-19;1;0
1;2025-11-19;2;0
1;2025-11-19;3;0
1;2025-11-19;4;0
1;2025-11-19;5;130
1;2025-11-19;6;541
1;2025-11-19;7;1553
1;2025-11-19;8;1965
1;2025-11-19;9;1541
1;2025-11-19;10;1367
1;2025-11-19;11;1374
1;2025-11-19;12;1432
1;2025-11-19;13;1451
1;2025-11-19;14;1421
1;2025-11-19;15;1555
1;2025-11-19;16;1565
1;2025-11-19;17;1868
1;2025-11-19;18;1870
1;2025-11-19;19;1441
1;2025-11-19;20;902
1;2025-11-19;21;506
1;2025-11-19;22;236
1;2025-11-19;23;32
5;2025-11-19;0;0
5;2025-11-19;1;0
5;2025-11-19;2;0
5;2025-11-19;3;0
5;2025-11-19;4;0
5;2025-11-19;5;0
5;2025-11-19;6;0
5;2025-11-19;7;0
5;2025-11-19;8;0
5;2025-11-19;9;0
5;2025-11-19;10;0
5;2025-11-19;11;0
5;2025-11-19;12;0
5;2025-11-19;13;0
5;2025-11-19;14;0
5;2025-11-19;15;0
5;2025-11-19;16;0
5;2025-11-19;17;0
5;2025-11-19;18;0
5;2025-11-19;19;0
5;2025-11-19;20;0
5;2025-11-19;21;0
5;2025-11-19;22;0
5;2025-11-19;23;0
7;2025-11-19;0;47
7;2025-11-19;1;0
7;2025-11-19;2;0
7;2025-11-19;3;0
7;2025-11-19;4;0
7;2025-11-19;5;198
7;2025-11-19;6;720
7;2025-11-19;7;1711
7;2025-11-19;8;2629
7;2025-11-19;9;1958
7;2025-11-19;10;1754
7;2025-11-19;11;1610
7;2025-11-19;12;1719
7;2025-11-19;13;1657
7;2025-11-19;14;1798
7;2025-11-19;15;1894
7;2025-11-19;16;2009
7;2025-11-19;17;2465
7;2025-11-19;18;2666
7;2025-11-19;19;1866
7;2025-11-19;20;1167
7;2025-11-19;21;668
7;2025-11-19;22;217
7;2025-11-19;23;164
11;2025-11-19;0;57
11;2025-11-19;1;0
11;2025-11-19;2;0
11;2025-11-19;3;0
11;2025-11-19;4;0
11;2025-11-19;5;282
11;2025-11-19;6;1342
11;2025-11-19;7;2523
11;2025-11-19;8;3305
11;2025-11-19;9;2544
11;2025-11-19;10;1965
11;2025-11-19;11;1972
11;2025-11-19;12;1997
11;2025-11-19;13;2107
11;2025-11-19;14;2113
11;2025-11-19;15;2163
11;2025-11-19;16;2389
11;2025-11-19;17;2967
11;2025-11-19;18;3175
11;2025-11-19;19;2390
11;2025-11-19;20;1548
11;2025-11-19;21;881
11;2025-11-19;22;419
11;2025-11-19;23;231
12;2025-11-19;0;38
12;2025-11-19;1;0
12;2025-11-19;2;0
12;2025-11-19;3;0
12;2025-11-19;4;3
12;2025-11-19;5;318
12;2025-11-19;6;1427
12;2025-11-19;7;2798
12;2025-11-19;8;3663
12;2025-11-19;9;2664
12;2025-11-19;10;2255
12;2025-11-19;11;2159
12;2025-11-19;12;2207
12;2025-11-19;13;2185
12;2025-11-19;14;2126
12;2025-11-19;15;2394
12;2025-11-19;16;2890
12;2025-11-19;17;3198
12;2025-11-19;18;3270
12;2025-11-19;19;2589
12;2025-11-19;20;1618
12;2025-11-19;21;983
12;2025-11-19;22;494
12;2025-11-19;23;263
17;2025-11-19;0;112
17;2025-11-19;1;9
17;2025-11-19;2;0
17;2025-11-19;3;0
17;2025-11-19;4;17
17;2025-11-19;5;323
17;2025-11-19;6;1567
17;2025-11-19;7;4124
17;2025-11-19;8;5418
17;2025-11-19;9;3986
17;2025-11-19;10;3175
17;2025-11-19;11;3068
17;2025-11-19;12;3095
17;2025-11-19;13;3154
17;2025-11-19;14;3245
17;2025-11-19;15;3394
17;2025-11-19;16;3806
17;2025-11-19;17;4645
17;2025-11-19;18;4941
17;2025-11-19;19;3533
17;2025-11-19;20;2424
17;2025-11-19;21;1515
17;2025-11-19;22;782
17;2025-11-19;23;349
25;2025-11-19;0;0
25;2025-11-19;1;0
25;2025-11-19;2;0
25;2025-11-19;3;0
25;2025-11-19;4;0
25;2025-11-19;5;2
25;2025-11-19;6;184
25;2025-11-19;7;553
25;2025-11-19;8;905
25;2025-11-19;9;471
25;2025-11-19;10;379
25;2025-11-19;11;414
25;2025-11-19;12;405
25;2025-11-19;13;494
25;2025-11-19;14;428
25;2025-11-19;15;539
25;2025-11-19;16;675
25;2025-11-19;17;748
25;2025-11-19;18;782
25;2025-11-19;19;516
25;2025-11-19;20;328
25;2025-11-19;21;205
25;2025-11-19;22;99
25;2025-11-19;23;0
26;2025-11-19;0;24
26;2025-11-19;1;0
26;2025-11-19;2;0
26;2025-11-19;3;0
26;2025-11-19;4;0
26;2025-11-19;5;75
26;2025-11-19;6;510
26;2025-11-19;7;1114
26;2025-11-19;8;2304
26;2025-11-19;9;1529
26;2025-11-19;10;1281
26;2025-11-19;11;1174
26;2025-11-19;12;1199
26;2025-11-19;13;1228
26;2025-11-19;14;1312
26;2025-11-19;15;1396
26;2025-11-19;16;1603
26;2025-11-19;17;1765
26;2025-11-19;18;1913
26;2025-11-19;19;1314
26;2025-11-19;20;805
26;2025-11-19;21;501
26;2025-11-19;22;210
26;2025-11-19;23;122
28;2025-11-19;0;1
28;2025-11-19;1;0
28;2025-11-19;2;0
28;2025-11-19;3;0
28;2025-11-19;4;0
28;2025-11-19;5;73
28;2025-11-19;6;275
28;2025-11-19;7;777
28;2025-11-19;8;1260
28;2025-11-19;9;874
28;2025-11-19;10;660
28;2025-11-19;11;618
28;2025-11-19;12;726
28;2025-11-19;13;744
28;2025-11-19;14;684
28;2025-11-19;15;713
28;2025-11-19;16;899
28;2025-11-19;17;1022
28;2025-11-19;18;987
28;2025-11-19;19;710
28;2025-11-19;20;508
28;2025-11-19;21;315
28;2025-11-19;22;135
28;2025-11-19;23;9
50;2025-11-19;0;1
50;2025-11-19;1;0
50;2025-11-19;2;0
50;2025-11-19;3;0
50;2025-11-19;4;0
50;2025-11-19;5;60
50;2025-11-19;6;543
50;2025-11-19;7;1801
50;2025-11-19;8;2841
50;2025-11-19;9;2257
50;2025-11-19;10;1764
50;2025-11-19;11;1638
50;2025-11-19;12;1558
50;2025-11-19;13;1548
50;2025-11-19;14;1482
50;2025-11-19;15;1751
50;2025-11-19;16;1808
50;2025-11-19;17;2432
50;2025-11-19;18;2499
50;2025-11-19;19;1564
50;2025-11-19;20;948
50;2025-11-19;21;631
50;2025-11-19;22;276
50;2025-11-19;23;134
1;2025-11-20;0;0
1;2025-11-20;1;0
1;2025-11-20;2;0
1;2025-11-20;3;0
1;2025-11-20;4;0
1;2025-11-20;5;120
1;2025-11-20;6;532
1;2025-11-20;7;1548
1;2025-11-20;8;1975
1;2025-11-20;9;1540
1;2025-11-20;10;1380
1;2025-11-20;11;1377
1;2025-11-20;12;1430
1;2025-11-20;13;1453
1;2025-11-20;14;1423
1;2025-11-20;15;1551
1;2025-11-20;16;1540
1;2025-11-20;17;1840
1;2025-11-20;18;1856
1;2025-11-20;19;1397
1;2025-11-20;20;899
1;2025-11-20;21;506
1;2025-11-20;22;232
1;2025-11-20;23;40
5;2025-11-20;0;0
5;2025-11-20;1;0
5;2025-11-20;2;0
5;2025-11-20;3;0
5;2025-11-20;4;0
5;2025-11-20;5;0
5;2025-11-20;6;0
5;2025-11-20;7;0
5;2025-11-20;8;0
5;2025-11-20;9;0
5;2025-11-20;10;0
5;2025-11-20;11;0
5;2025-11-20;12;0
5;2025-11-20;13;0
5;2025-11-20;14;0
5;2025-11-20;15;0
5;2025-11-20;16;0
5;2025-11-20;17;0
5;2025-11-20;18;0
5;2025-11-20;19;0
5;2025-11-20;20;0
5;2025-11-20;21;0
5;2025-11-20;22;0
5;2025-11-20;23;0
7;2025-11-20;0;52
7;2025-11-20;1;0
7;2025-11-20;2;0
7;2025-11-20;3;0
7;2025-11-20;4;0
7;2025-11-20;5;200
7;2025-11-20;6;714
7;2025-11-20;7;1690
7;2025-11-20;8;2610
7;2025-11-20;9;1938
7;2025-11-20;10;1712
7;2025-11-20;11;1588
7;2025-11-20;12;1717
7;2025-11-20;13;1647
7;2025-11-20;14;1780
7;2025-11-20;15;1884
7;2025-11-20;16;1973
7;2025-11-20;17;2432
7;2025-11-20;18;2673
7;2025-11-20;19;1848
7;2025-11-20;20;1147
7;2025-11-20;21;647
7;2025-11-20;22;213
7;2025-11-20;23;168
11;2025-11-20;0;59
11;2025-11-20;1;0
11;2025-11-20;2;0
11;2025-11-20;3;0
11;2025-11-20;4;0
11;2025-11-20;5;266
11;2025-11-20;6;1340
11;2025-11-20;7;2519
11;2025-11-20;8;3300
11;2025-11-20;9;2545
11;2025-11-20;10;1983
11;2025-11-20;11;1964
11;2025-11-20;12;2001
11;2025-11-20;13;2120
11;2025-11-20;14;2120
11;2025-11-20;15;2156
11;2025-11-20;16;2378
11;2025-11-20;17;2945
11;2025-11-20;18;3148
11;2025-11-20;19;2381
11;2025-11-20;20;1528
11;2025-11-20;21;874
11;2025-11-20;22;424
11;2025-11-20;23;235
12;2025-11-20;0;52
12;2025-11-20;1;0
12;2025-11-20;2;0
12;2025-11-20;3;0
12;2025-11-20;4;0
12;2025-11-20;5;316
12;2025-11-20;6;1431
12;2025-11-20;7;2820
12;2025-11-20;8;3658
12;2025-11-20;9;2678
12;2025-11-20;10;2243
12;2025-11-20;11;2176
12;2025-11-20;12;2210
12;2025-11-20;13;2201
12;2025-11-20;14;2137
12;2025-11-20;15;2408
12;2025-11-20;16;2898
12;2025-11-20;17;3203
12;2025-11-20;18;3257
12;2025-11-20;19;2573
12;2025-11-20;20;1605
12;2025-11-20;21;983
12;2025-11-20;22;491
12;2025-11-20;23;268
17;2025-11-20;0;108
17;2025-11-20;1;4
17;2025-11-20;2;0
17;2025-11-20;3;0
17;2025-11-20;4;15
17;2025-11-20;5;327
17;2025-11-20;6;1561
17;2025-11-20;7;4149
17;2025-11-20;8;5445
17;2025-11-20;9;4022
17;2025-11-20;10;3218
17;2025-11-20;11;3091
17;2025-11-20;12;3132
17;2025-11-20;13;3197
17;2025-11-20;14;3278
17;2025-11-20;15;3415
17;2025-11-20;16;3822
17;2025-11-20;17;4671
17;2025-11-20;18;4974
17;2025-11-20;19;3544
17;2025-11-20;20;2439
17;2025-11-20;21;1533
17;2025-11-20;22;805
17;2025-11-20;23;372
25;2025-11-20;0;0
25;2025-11-20;1;0
25;2025-11-20;2;0
25;2025-11-20;3;0
25;2025-11-20;4;0
25;2025-11-20;5;3
25;2025-11-20;6;181
25;2025-11-20;7;544
25;2025-11-20;8;907
25;2025-11-20;9;465
25;2025-11-20;10;385
25;2025-11-20;11;420
25;2025-11-20;12;400
25;2025-11-20;13;492
25;2025-11-20;14;449
25;2025-11-20;15;563
25;2025-11-20;16;678
25;2025-11-20;17;738
25;2025-11-20;18;770
25;2025-11-20;19;522
25;2025-11-20;20;322
25;2025-11-20;21;201
25;2025-11-20;22;100
25;2025-11-20;23;0
26;2025-11-20;0;23
26;2025-11-20;1;2
26;2025-11-20;2;0
26;2025-11-20;3;0
26;2025-11-20;4;0
26;2025-11-20;5;72
26;2025-11-20;6;500
26;2025-11-20;7;1112
26;2025-11-20;8;2282
26;2025-11-20;9;1528
26;2025-11-20;10;1280
26;2025-11-20;11;1179
26;2025-11-20;12;1210
26;2025-11-20;13;1239
26;2025-11-20;14;1312
26;2025-11-20;15;1393
26;2025-11-20;16;1582
26;2025-11-20;17;1769
26;2025-11-20;18;1921
26;2025-11-20;19;1296
26;2025-11-20;20;774
26;2025-11-20;21;486
26;2025-11-20;22;205
26;2025-11-20;23;128
28;2025-11-20;0;1
28;2025-11-20;1;0
28;2025-11-20;2;0
28;2025-11-20;3;0
28;2025-11-20;4;0
28;2025-11-20;5;70
28;2025-11-20;6;285
28;2025-11-20;7;787
28;2025-11-20;8;1275
28;2025-11-20;9;888
28;2025-11-20;10;672
28;2025-11-20;11;612
28;2025-11-20;12;734
28;2025-11-20;13;750
28;2025-11-20;14;688
28;2025-11-20;15;729
28;2025-11-20;16;909
28;2025-11-20;17;1045
28;2025-11-20;18;996
28;2025-11-20;19;732
28;2025-11-20;20;513
28;2025-11-20;21;330
28;2025-11-20;22;145
28;2025-11-20;23;9
50;2025-11-20;0;6
50;2025-11-20;1;0
50;2025-11-20;2;0
50;2025-11-20;3;0
50;2025-11-20;4;0
50;2025-11-20;5;63
50;2025-11-20;6;564
50;2025-11-20;7;1812
50;2025-11-20;8;2836
50;2025-11-20;9;2270
50;2025-11-20;10;1753
50;2025-11-20;11;1624
50;2025-11-20;12;1570
50;2025-11-20;13;1553
50;2025-11-20;14;1480
50;2025-11-20;15;1737
50;2025-11-20;16;1820
50;2025-11-20;17;2427
50;2025-11-20;18;2488
50;2025-11-20;19;1556
50;2025-11-20;20;963
50;2025-11-20;21;630
50;2025-11-20;22;291
50;2025-11-20;23;132
1;2025-11-21;0;0
1;2025-11-21;1;0
1;2025-11-21;2;0
1;2025-11-21;3;0
1;2025-11-21;4;0
1;2025-11-21;5;120
1;2025-11-21;6;523
1;2025-11-21;7;1533
1;2025-11-21;8;1912
1;2025-11-21;9;1507
1;2025-11-21;10;1347
1;2025-11-21;11;1411
1;2025-11-21;12;1424
1;2025-11-21;13;1452
1;2025-11-21;14;1410
1;2025-11-21;15;1594
1;2025-11-21;16;1584
1;2025-11-21;17;1839
1;2025-11-21;18;1699
1;2025-11-21;19;1274
1;2025-11-21;20;854
1;2025-11-21;21;516
1;2025-11-21;22;243
1;2025-11-21;23;59
5;2025-11-21;0;0
5;2025-11-21;1;0
5;2025-11-21;2;0
5;2025-11-21;3;0
5;2025-11-21;4;0
5;2025-11-21;5;0
5;2025-11-21;6;0
5;2025-11-21;7;0
5;2025-11-21;8;0
5;2025-11-21;9;0
5;2025-11-21;10;0
5;2025-11-21;11;0
5;2025-11-21;12;0
5;2025-11-21;13;0
5;2025-11-21;14;0
5;2025-11-21;15;0
5;2025-11-21;16;0
5;2025-11-21;17;0
5;2025-11-21;18;0
5;2025-11-21;19;0
5;2025-11-21;20;0
5;2025-11-21;21;0
5;2025-11-21;22;0
5;2025-11-21;23;0
7;2025-11-21;0;52
7;2025-11-21;1;0
7;2025-11-21;2;0
7;2025-11-21;3;0
7;2025-11-21;4;0
7;2025-11-21;5;178
7;2025-11-21;6;645
7;2025-11-21;7;1645
7;2025-11-21;8;2520
7;2025-11-21;9;1892
7;2025-11-21;10;1713
7;2025-11-21;11;1577
7;2025-11-21;12;1698
7;2025-11-21;13;1680
7;2025-11-21;14;1771
7;2025-11-21;15;1922
7;2025-11-21;16;2026
7;2025-11-21;17;2364
7;2025-11-21;18;2276
7;2025-11-21;19;1664
7;2025-11-21;20;1110
7;2025-11-21;21;647
7;2025-11-21;22;253
7;2025-11-21;23;213
11;2025-11-21;0;56
11;2025-11-21;1;0
11;2025-11-21;2;0
11;2025-11-21;3;0
11;2025-11-21;4;0
11;2025-11-21;5;252
11;2025-11-21;6;1320
11;2025-11-21;7;2422
11;2025-11-21;8;3173
11;2025-11-21;9;2439
11;2025-11-21;10;1970
11;2025-11-21;11;1979
11;2025-11-21;12;2046
11;2025-11-21;13;2062
11;2025-11-21;14;2140
11;2025-11-21;15;2211
11;2025-11-21;16;2461
11;2025-11-21;17;2981
11;2025-11-21;18;2872
11;2025-11-21;19;2255
11;2025-11-21;20;1515
11;2025-11-21;21;886
11;2025-11-21;22;448
11;2025-11-21;23;301
12;2025-11-21;0;55
12;2025-11-21;1;0
12;2025-11-21;2;0
12;2025-11-21;3;0
12;2025-11-21;4;0
12;2025-11-21;5;306
12;2025-11-21;6;1415
12;2025-11-21;7;2765
12;2025-11-21;8;3506
12;2025-11-21;9;2562
12;2025-11-21;10;2157
12;2025-11-21;11;2140
12;2025-11-21;12;2157
12;2025-11-21;13;2178
12;2025-11-21;14;2168
12;2025-11-21;15;2453
12;2025-11-21;16;2922
12;2025-11-21;17;3121
12;2025-11-21;18;2882
12;2025-11-21;19;2415
12;2025-11-21;20;1530
12;2025-11-21;21;986
12;2025-11-21;22;500
12;2025-11-21;23;308
17;2025-11-21;0;115
17;2025-11-21;1;7
17;2025-11-21;2;0
17;2025-11-21;3;0
17;2025-11-21;4;12
17;2025-11-21;5;312
17;2025-11-21;6;1558
17;2025-11-21;7;4058
17;2025-11-21;8;5218
17;2025-11-21;9;3880
17;2025-11-21;10;3192
17;2025-11-21;11;3140
17;2025-11-21;12;3164
17;2025-11-21;13;3233
17;2025-11-21;14;3303
17;2025-11-21;15;3553
17;2025-11-21;16;3892
17;2025-11-21;17;4651
17;2025-11-21;18;4644
17;2025-11-21;19;3398
17;2025-11-21;20;2461
17;2025-11-21;21;1597
17;2025-11-21;22;855
17;2025-11-21;23;470
25;2025-11-21;0;0
25;2025-11-21;1;0
25;2025-11-21;2;0
25;2025-11-21;3;0
25;2025-11-21;4;0
25;2025-11-21;5;0
25;2025-11-21;6;187
25;2025-11-21;7;537
25;2025-11-21;8;866
25;2025-11-21;9;460
25;2025-11-21;10;374
25;2025-11-21;11;435
25;2025-11-21;12;410
25;2025-11-21;13;498
25;2025-11-21;14;452
25;2025-11-21;15;589
25;2025-11-21;16;727
25;2025-11-21;17;725
25;2025-11-21;18;692
25;2025-11-21;19;496
25;2025-11-21;20;307
25;2025-11-21;21;210
25;2025-11-21;22;123
25;2025-11-21;23;4
26;2025-11-21;0;19
26;2025-11-21;1;0
26;2025-11-21;2;0
26;2025-11-21;3;0
26;2025-11-21;4;0
26;2025-11-21;5;63
26;2025-11-21;6;498
26;2025-11-21;7;1090
26;2025-11-21;8;2157
26;2025-11-21;9;1468
26;2025-11-21;10;1247
26;2025-11-21;11;1172
26;2025-11-21;12;1177
26;2025-11-21;13;1223
26;2025-11-21;14;1307
26;2025-11-21;15;1423
26;2025-11-21;16;1656
26;2025-11-21;17;1769
26;2025-11-21;18;1712
26;2025-11-21;19;1190
26;2025-11-21;20;736
26;2025-11-21;21;484
26;2025-11-21;22;233
26;2025-11-21;23;165
28;2025-11-21;0;1
28;2025-11-21;1;0
28;2025-11-21;2;0
28;2025-11-21;3;0
28;2025-11-21;4;0
28;2025-11-21;5;67
28;2025-11-21;6;269
28;2025-11-21;7;765
28;2025-11-21;8;1220
28;2025-11-21;9;861
28;2025-11-21;10;676
28;2025-11-21;11;605
28;2025-11-21;12;744
28;2025-11-21;13;758
28;2025-11-21;14;686
28;2025-11-21;15;754
28;2025-11-21;16;904
28;2025-11-21;17;1010
28;2025-11-21;18;884
28;2025-11-21;19;685
28;2025-11-21;20;478
28;2025-11-21;21;328
28;2025-11-21;22;138
28;2025-11-21;23;14
50;2025-11-21;0;6
50;2025-11-21;1;0
50;2025-11-21;2;0
50;2025-11-21;3;0
50;2025-11-21;4;0
50;2025-11-21;5;61
50;2025-11-21;6;548
50;2025-11-21;7;1762
50;2025-11-21;8;2737
50;2025-11-21;9;2165
50;2025-11-21;10;1674
50;2025-11-21;11;1621
50;2025-11-21;12;1566
50;2025-11-21;13;1568
50;2025-11-21;14;1509
50;2025-11-21;15;1788
50;2025-11-21;16;1925
50;2025-11-21;17;2312
50;2025-11-21;18;2044
50;2025-11-21;19;1288
50;2025-11-21;20;883
50;2025-11-21;21;576
50;2025-11-21;22;319
50;2025-11-21;23;156
1;2025-11-22;0;1
1;2025-11-22;1;0
1;2025-11-22;2;0
1;2025-11-22;3;0
1;2025-11-22;4;0
1;2025-11-22;5;22
1;2025-11-22;6;185
1;2025-11-22;7;344
1;2025-11-22;8;471
1;2025-11-22;9;756
1;2025-11-22;10;888
1;2025-11-22;11;813
1;2025-11-22;12;1006
1;2025-11-22;13;993
1;2025-11-22;14;947
1;2025-11-22;15;842
1;2025-11-22;16;789
1;2025-11-22;17;751
1;2025-11-22;18;625
1;2025-11-22;19;522
1;2025-11-22;20;375
1;2025-11-22;21;291
1;2025-11-22;22;121
1;2025-11-22;23;37
5;2025-11-22;0;0
5;2025-11-22;1;0
5;2025-11-22;2;0
5;2025-11-22;3;0
5;2025-11-22;4;0
5;2025-11-22;5;0
5;2025-11-22;6;0
5;2025-11-22;7;0
5;2025-11-22;8;0
5;2025-11-22;9;0
5;2025-11-22;10;0
5;2025-11-22;11;0
5;2025-11-22;12;0
5;2025-11-22;13;0
5;2025-11-22;14;0
5;2025-11-22;15;0
5;2025-11-22;16;0
5;2025-11-22;17;0
5;2025-11-22;18;0
5;2025-11-22;19;0
5;2025-11-22;20;0
5;2025-11-22;21;0
5;2025-11-22;22;0
5;2025-11-22;23;0
7;2025-11-22;0;99
7;2025-11-22;1;18
7;2025-11-22;2;0
7;2025-11-22;3;0
7;2025-11-22;4;1
7;2025-11-22;5;70
7;2025-11-22;6;258
7;2025-11-22;7;441
7;2025-11-22;8;899
7;2025-11-22;9;1031
7;2025-11-22;10;1020
7;2025-11-22;11;1150
7;2025-11-22;12;1341
7;2025-11-22;13;1322
7;2025-11-22;14;1403
7;2025-11-22;15;1420
7;2025-11-22;16;1349
7;2025-11-22;17;1371
7;2025-11-22;18;1269
7;2025-11-22;19;1138
7;2025-11-22;20;812
7;2025-11-22;21;603
7;2025-11-22;22;209
7;2025-11-22;23;145
11;2025-11-22;0;98
11;2025-11-22;1;0
11;2025-11-22;2;0
11;2025-11-22;3;0
11;2025-11-22;4;3
11;2025-11-22;5;166
11;2025-11-22;6;784
11;2025-11-22;7;745
11;2025-11-22;8;1012
11;2025-11-22;9;1165
11;2025-11-22;10;1314
11;2025-11-22;11;1498
11;2025-11-22;12;1525
11;2025-11-22;13;1555
11;2025-11-22;14;1601
11;2025-11-22;15;1592
11;2025-11-22;16;1596
11;2025-11-22;17;1760
11;2025-11-22;18;1463
11;2025-11-22;19;1375
11;2025-11-22;20;1044
11;2025-11-22;21;709
11;2025-11-22;22;416
11;2025-11-22;23;302
12;2025-11-22;0;73
12;2025-11-22;1;0
12;2025-11-22;2;0
12;2025-11-22;3;0
12;2025-11-22;4;3
12;2025-11-22;5;242
12;2025-11-22;6;877
12;2025-11-22;7;912
12;2025-11-22;8;1072
12;2025-11-22;9;1247
12;2025-11-22;10;1428
12;2025-11-22;11;1444
12;2025-11-22;12;1419
12;2025-11-22;13;1593
12;2025-11-22;14;1575
12;2025-11-22;15;1482
12;2025-11-22;16;1520
12;2025-11-22;17;1548
12;2025-11-22;18;1452
12;2025-11-22;19;1277
12;2025-11-22;20;994
12;2025-11-22;21;680
12;2025-11-22;22;392
12;2025-11-22;23;298
17;2025-11-22;0;176
17;2025-11-22;1;25
17;2025-11-22;2;0
17;2025-11-22;3;0
17;2025-11-22;4;5
17;2025-11-22;5;146
17;2025-11-22;6;588
17;2025-11-22;7;1217
17;2025-11-22;8;1639
17;2025-11-22;9;2077
17;2025-11-22;10;2248
17;2025-11-22;11;2635
17;2025-11-22;12;2765
17;2025-11-22;13;2934
17;2025-11-22;14;2954
17;2025-11-22;15;3047
17;2025-11-22;16;3093
17;2025-11-22;17;3024
17;2025-11-22;18;2714
17;2025-11-22;19;2195
17;2025-11-22;20;1708
17;2025-11-22;21;1146
17;2025-11-22;22;773
17;2025-11-22;23;427
25;2025-11-22;0;0
25;2025-11-22;1;0
25;2025-11-22;2;0
25;2025-11-22;3;0
25;2025-11-22;4;0
25;2025-11-22;5;10
25;2025-11-22;6;99
25;2025-11-22;7;148
25;2025-11-22;8;290
25;2025-11-22;9;323
25;2025-11-22;10;291
25;2025-11-22;11;364
25;2025-11-22;12;379
25;2025-11-22;13;502
25;2025-11-22;14;462
25;2025-11-22;15;590
25;2025-11-22;16;521
25;2025-11-22;17;465
25;2025-11-22;18;457
25;2025-11-22;19;384
25;2025-11-22;20;262
25;2025-11-22;21;181
25;2025-11-22;22;110
25;2025-11-22;23;47
26;2025-11-22;0;41
26;2025-11-22;1;0
26;2025-11-22;2;0
26;2025-11-22;3;0
26;2025-11-22;4;0
26;2025-11-22;5;54
26;2025-11-22;6;282
26;2025-11-22;7;358
26;2025-11-22;8;667
26;2025-11-22;9;712
26;2025-11-22;10;839
26;2025-11-22;11;1013
26;2025-11-22;12;999
26;2025-11-22;13;1043
26;2025-11-22;14;1026
26;2025-11-22;15;1002
26;2025-11-22;16;1054
26;2025-11-22;17;977
26;2025-11-22;18;905
26;2025-11-22;19;776
26;2025-11-22;20;517
26;2025-11-22;21;378
26;2025-11-22;22;205
26;2025-11-22;23;148
28;2025-11-22;0;1
28;2025-11-22;1;0
28;2025-11-22;2;0
28;2025-11-22;3;0
28;2025-11-22;4;0
28;2025-11-22;5;32
28;2025-11-22;6;126
28;2025-11-22;7;189
28;2025-11-22;8;399
28;2025-11-22;9;464
28;2025-11-22;10;477
28;2025-11-22;11;483
28;2025-11-22;12;612
28;2025-11-22;13;628
28;2025-11-22;14;589
28;2025-11-22;15;584
28;2025-11-22;16;602
28;2025-11-22;17;567
28;2025-11-22;18;473
28;2025-11-22;19;409
28;2025-11-22;20;349
28;2025-11-22;21;272
28;2025-11-22;22;116
28;2025-11-22;23;5
50;2025-11-22;0;28
50;2025-11-22;1;2
50;2025-11-22;2;0
50;2025-11-22;3;0
50;2025-11-22;4;5
50;2025-11-22;5;43
50;2025-11-22;6;250
50;2025-11-22;7;418
50;2025-11-22;8;731
50;2025-11-22;9;797
50;2025-11-22;10;778
50;2025-11-22;11;896
50;2025-11-22;12;927
50;2025-11-22;13;931
50;2025-11-22;14;986
50;2025-11-22;15;1006
50;2025-11-22;16;1004
50;2025-11-22;17;1030
50;2025-11-22;18;802
50;2025-11-22;19;728
50;2025-11-22;20;560
50;2025-11-22;21;415
50;2025-11-22;22;241
50;2025-11-22;23;116
1;2025-11-23;0;2
1;2025-11-23;1;0
1;2025-11-23;2;0
1;2025-11-23;3;0
1;2025-11-23;4;0
1;2025-11-23;5;22
1;2025-11-23;6;100
1;2025-11-23;7;230
1;2025-11-23;8;340
1;2025-11-23;9;609
1;2025-11-23;10;676
1;2025-11-23;11;678
1;2025-11-23;12;838
1;2025-11-23;13;868
1;2025-11-23;14;824
1;2025-11-23;15;772
1;2025-11-23;16;699
1;2025-11-23;17;647
1;2025-11-23;18;565
1;2025-11-23;19;434
1;2025-11-23;20;301
1;2025-11-23;21;248
1;2025-11-23;22;74
1;2025-11-23;23;12
5;2025-11-23;0;0
5;2025-11-23;1;0
5;2025-11-23;2;0
5;2025-11-23;3;0
5;2025-11-23;4;0
5;2025-11-23;5;0
5;2025-11-23;6;0
5;2025-11-23;7;0
5;2025-11-23;8;0
5;2025-11-23;9;0
5;2025-11-23;10;0
5;2025-11-23;11;0
5;2025-11-23;12;0
5;2025-11-23;13;0
5;2025-11-23;14;0
5;2025-11-23;15;0
5;2025-11-23;16;0
5;2025-11-23;17;0
5;2025-11-23;18;0
5;2025-11-23;19;0
5;2025-11-23;20;0
5;2025-11-23;21;0
5;2025-11-23;22;0
5;2025-11-23;23;0
7;2025-11-23;0;90
7;2025-11-23;1;20
7;2025-11-23;2;0
7;2025-11-23;3;0
7;2025-11-23;4;3
7;2025-11-23;5;52
7;2025-11-23;6;188
7;2025-11-23;7;310
7;2025-11-23;8;552
7;2025-11-23;9;710
7;2025-11-23;10;727
7;2025-11-23;11;977
7;2025-11-23;12;1179
7;2025-11-23;13;1231
7;2025-11-23;14;1323
7;2025-11-23;15;1239
7;2025-11-23;16;1143
7;2025-11-23;17;1191
7;2025-11-23;18;1052
7;2025-11-23;19;903
7;2025-11-23;20;651
7;2025-11-23;21;498
7;2025-11-23;22;160
7;2025-11-23;23;112
11;2025-11-23;0;101
11;2025-11-23;1;21
11;2025-11-23;2;0
11;2025-11-23;3;0
11;2025-11-23;4;0
11;2025-11-23;5;119
11;2025-11-23;6;506
11;2025-11-23;7;567
11;2025-11-23;8;712
11;2025-11-23;9;942
11;2025-11-23;10;1077
11;2025-11-23;11;1511
11;2025-11-23;12;1556
11;2025-11-23;13;1611
11;2025-11-23;14;1667
11;2025-11-23;15;1673
11;2025-11-23;16;1658
11;2025-11-23;17;1771
11;2025-11-23;18;1490
11;2025-11-23;19;1217
11;2025-11-23;20;890
11;2025-11-23;21;596
11;2025-11-23;22;322
11;2025-11-23;23;209
12;2025-11-23;0;76
12;2025-11-23;1;3
12;2025-11-23;2;0
12;2025-11-23;3;0
12;2025-11-23;4;0
12;2025-11-23;5;158
12;2025-11-23;6;518
12;2025-11-23;7;698
12;2025-11-23;8;763
12;2025-11-23;9;997
12;2025-11-23;10;1229
12;2025-11-23;11;1393
12;2025-11-23;12;1459
12;2025-11-23;13;1672
12;2025-11-23;14;1613
12;2025-11-23;15;1502
12;2025-11-23;16;1555
12;2025-11-23;17;1587
12;2025-11-23;18;1371
12;2025-11-23;19;1068
12;2025-11-23;20;795
12;2025-11-23;21;552
12;2025-11-23;22;353
12;2025-11-23;23;217
17;2025-11-23;0;134
17;2025-11-23;1;27
17;2025-11-23;2;0
17;2025-11-23;3;0
17;2025-11-23;4;4
17;2025-11-23;5;101
17;2025-11-23;6;414
17;2025-11-23;7;803
17;2025-11-23;8;1327
17;2025-11-23;9;1768
17;2025-11-23;10;2084
17;2025-11-23;11;2546
17;2025-11-23;12;2854
17;2025-11-23;13;2999
17;2025-11-23;14;3083
17;2025-11-23;15;3127
17;2025-11-23;16;3138
17;2025-11-23;17;2980
17;2025-11-23;18;2626
17;2025-11-23;19;2186
17;2025-11-23;20;1656
17;2025-11-23;21;1137
17;2025-11-23;22;697
17;2025-11-23;23;293
25;2025-11-23;0;17
25;2025-11-23;1;0
25;2025-11-23;2;0
25;2025-11-23;3;0
25;2025-11-23;4;0
25;2025-11-23;5;10
25;2025-11-23;6;79
25;2025-11-23;7;96
25;2025-11-23;8;181
25;2025-11-23;9;202
25;2025-11-23;10;216
25;2025-11-23;11;287
25;2025-11-23;12;329
25;2025-11-23;13;447
25;2025-11-23;14;461
25;2025-11-23;15;573
25;2025-11-23;16;518
25;2025-11-23;17;465
25;2025-11-23;18;413
25;2025-11-23;19;327
25;2025-11-23;20;211
25;2025-11-23;21;148
25;2025-11-23;22;83
25;2025-11-23;23;23
26;2025-11-23;0;42
26;2025-11-23;1;0
26;2025-11-23;2;0
26;2025-11-23;3;0
26;2025-11-23;4;0
26;2025-11-23;5;25
26;2025-11-23;6;146
26;2025-11-23;7;218
26;2025-11-23;8;404
26;2025-11-23;9;484
26;2025-11-23;10;586
26;2025-11-23;11;823
26;2025-11-23;12;896
26;2025-11-23;13;956
26;2025-11-23;14;915
26;2025-11-23;15;850
26;2025-11-23;16;874
26;2025-11-23;17;814
26;2025-11-23;18;728
26;2025-11-23;19;566
26;2025-11-23;20;404
26;2025-11-23;21;274
26;2025-11-23;22;151
26;2025-11-23;23;104
28;2025-11-23;0;1
28;2025-11-23;1;0
28;2025-11-23;2;0
28;2025-11-23;3;0
28;2025-11-23;4;0
28;2025-11-23;5;27
28;2025-11-23;6;69
28;2025-11-23;7;132
28;2025-11-23;8;255
28;2025-11-23;9;331
28;2025-11-23;10;372
28;2025-11-23;11;438
28;2025-11-23;12;495
28;2025-11-23;13;522
28;2025-11-23;14;519
28;2025-11-23;15;525
28;2025-11-23;16;509
28;2025-11-23;17;496
28;2025-11-23;18;428
28;2025-11-23;19;354
28;2025-11-23;20;278
28;2025-11-23;21;214
28;2025-11-23;22;94
28;2025-11-23;23;3
50;2025-11-23;0;23
50;2025-11-23;1;1
50;2025-11-23;2;0
50;2025-11-23;3;0
50;2025-11-23;4;3
50;2025-11-23;5;30
50;2025-11-23;6;157
50;2025-11-23;7;278
50;2025-11-23;8;440
50;2025-11-23;9;514
50;2025-11-23;10;503
50;2025-11-23;11;656
50;2025-11-23;12;759
50;2025-11-23;13;856
50;2025-11-23;14;886
50;2025-11-23;15;798
50;2025-11-23;16;814
50;2025-11-23;17;791
50;2025-11-23;18;668
50;2025-11-23;19;576
50;2025-11-23;20;466
50;2025-11-23;21;316
50;2025-11-23;22;192
50;2025-11-23;23;88
1;2025-11-24;0;0
1;2025-11-24;1;0
1;2025-11-24;2;0
1;2025-11-24;3;0
1;2025-11-24;4;0
1;2025-11-24;5;132
1;2025-11-24;6;529
1;2025-11-24;7;1463
1;2025-11-24;8;1856
1;2025-11-24;9;1444
1;2025-11-24;10;1265
1;2025-11-24;11;1312
1;2025-11-24;12;1361
1;2025-11-24;13;1380
1;2025-11-24;14;1307
1;2025-11-24;15;1474
1;2025-11-24;16;1491
1;2025-11-24;17;1784
1;2025-11-24;18;1797
1;2025-11-24;19;1366
1;2025-11-24;20;883
1;2025-11-24;21;478
1;2025-11-24;22;223
1;2025-11-24;23;49
5;2025-11-24;0;0
5;2025-11-24;1;0
5;2025-11-24;2;0
5;2025-11-24;3;0
5;2025-11-24;4;0
5;2025-11-24;5;0
5;2025-11-24;6;0
5;2025-11-24;7;0
5;2025-11-24;8;0
5;2025-11-24;9;0
5;2025-11-24;10;0
5;2025-11-24;11;0
5;2025-11-24;12;0
5;2025-11-24;13;0
5;2025-11-24;14;0
5;2025-11-24;15;0
5;2025-11-24;16;0
5;2025-11-24;17;0
5;2025-11-24;18;0
5;2025-11-24;19;0
5;2025-11-24;20;0
5;2025-11-24;21;0
5;2025-11-24;22;0
5;2025-11-24;23;0
7;2025-11-24;0;50
7;2025-11-24;1;0
7;2025-11-24;2;0
7;2025-11-24;3;0
7;2025-11-24;4;0
7;2025-11-24;5;190
7;2025-11-24;6;704
7;2025-11-24;7;1660
7;2025-11-24;8;2557
7;2025-11-24;9;1891
7;2025-11-24;10;1687
7;2025-11-24;11;1487
7;2025-11-24;12;1557
7;2025-11-24;13;1616
7;2025-11-24;14;1682
7;2025-11-24;15;1790
7;2025-11-24;16;1886
7;2025-11-24;17;2308
7;2025-11-24;18;2651
7;2025-11-24;19;1774
7;2025-11-24;20;1096
7;2025-11-24;21;600
7;2025-11-24;22;207
7;2025-11-24;23;148
11;2025-11-24;0;68
11;2025-11-24;1;0
11;2025-11-24;2;0
11;2025-11-24;3;0
11;2025-11-24;4;0
11;2025-11-24;5;277
11;2025-11-24;6;1317
11;2025-11-24;7;2381
11;2025-11-24;8;3202
11;2025-11-24;9;2433
11;2025-11-24;10;1844
11;2025-11-24;11;1823
11;2025-11-24;12;1801
11;2025-11-24;13;1944
11;2025-11-24;14;1960
11;2025-11-24;15;2011
11;2025-11-24;16;2278
11;2025-11-24;17;2875
11;2025-11-24;18;3061
11;2025-11-24;19;2290
11;2025-11-24;20;1465
11;2025-11-24;21;833
11;2025-11-24;22;395
11;2025-11-24;23;183
12;2025-11-24;0;60
12;2025-11-24;1;0
12;2025-11-24;2;0
12;2025-11-24;3;0
12;2025-11-24;4;1
12;2025-11-24;5;328
12;2025-11-24;6;1363
12;2025-11-24;7;2796
12;2025-11-24;8;3569
12;2025-11-24;9;2479
12;2025-11-24;10;2047
12;2025-11-24;11;2003
12;2025-11-24;12;2033
12;2025-11-24;13;2027
12;2025-11-24;14;2050
12;2025-11-24;15;2299
12;2025-11-24;16;2820
12;2025-11-24;17;3122
12;2025-11-24;18;3228
12;2025-11-24;19;2497
12;2025-11-24;20;1553
12;2025-11-24;21;888
12;2025-11-24;22;459
12;2025-11-24;23;225
17;2025-11-24;0;62
17;2025-11-24;1;9
17;2025-11-24;2;0
17;2025-11-24;3;0
17;2025-11-24;4;21
17;2025-11-24;5;308
17;2025-11-24;6;1532
17;2025-11-24;7;3983
17;2025-11-24;8;5377
17;2025-11-24;9;3806
17;2025-11-24;10;3002
17;2025-11-24;11;2935
17;2025-11-24;12;2990
17;2025-11-24;13;3052
17;2025-11-24;14;3121
17;2025-11-24;15;3270
17;2025-11-24;16;3625
17;2025-11-24;17;4456
17;2025-11-24;18;4872
17;2025-11-24;19;3476
17;2025-11-24;20;2326
17;2025-11-24;21;1418
17;2025-11-24;22;682
17;2025-11-24;23;296
25;2025-11-24;0;0
25;2025-11-24;1;0
25;2025-11-24;2;0
25;2025-11-24;3;0
25;2025-11-24;4;0
25;2025-11-24;5;10
25;2025-11-24;6;177
25;2025-11-24;7;536
25;2025-11-24;8;849
25;2025-11-24;9;452
25;2025-11-24;10;362
25;2025-11-24;11;374
25;2025-11-24;12;357
25;2025-11-24;13;452
25;2025-11-24;14;395
25;2025-11-24;15;451
25;2025-11-24;16;619
25;2025-11-24;17;644
25;2025-11-24;18;729
25;2025-11-24;19;460
25;2025-11-24;20;294
25;2025-11-24;21;172
25;2025-11-24;22;94
25;2025-11-24;23;0
26;2025-11-24;0;11
26;2025-11-24;1;0
26;2025-11-24;2;0
26;2025-11-24;3;0
26;2025-11-24;4;0
26;2025-11-24;5;73
26;2025-11-24;6;515
26;2025-11-24;7;1075
26;2025-11-24;8;2052
26;2025-11-24;9;1465
26;2025-11-24;10;1205
26;2025-11-24;11;1077
26;2025-11-24;12;1114
26;2025-11-24;13;1198
26;2025-11-24;14;1244
26;2025-11-24;15;1292
26;2025-11-24;16;1558
26;2025-11-24;17;1701
26;2025-11-24;18;1787
26;2025-11-24;19;1257
26;2025-11-24;20;759
26;2025-11-24;21;458
26;2025-11-24;22;205
26;2025-11-24;23;104
28;2025-11-24;0;1
28;2025-11-24;1;0
28;2025-11-24;2;0
28;2025-11-24;3;0
28;2025-11-24;4;0
28;2025-11-24;5;62
28;2025-11-24;6;269
28;2025-11-24;7;728
28;2025-11-24;8;1216
28;2025-11-24;9;853
28;2025-11-24;10;634
28;2025-11-24;11;546
28;2025-11-24;12;678
28;2025-11-24;13;739
28;2025-11-24;14;650
28;2025-11-24;15;669
28;2025-11-24;16;807
28;2025-11-24;17;958
28;2025-11-24;18;912
28;2025-11-24;19;706
28;2025-11-24;20;486
28;2025-11-24;21;296
28;2025-11-24;22;125
28;2025-11-24;23;6
50;2025-11-24;0;0
50;2025-11-24;1;0
50;2025-11-24;2;0
50;2025-11-24;3;0
50;2025-11-24;4;0
50;2025-11-24;5;68
50;2025-11-24;6;495
50;2025-11-24;7;1740
50;2025-11-24;8;2826
50;2025-11-24;9;2177
50;2025-11-24;10;1675
50;2025-11-24;11;1543
50;2025-11-24;12;1435
50;2025-11-24;13;1485
50;2025-11-24;14;1453
50;2025-11-24;15;1719
50;2025-11-24;16;1776
50;2025-11-24;17;2365
50;2025-11-24;18;2456
50;2025-11-24;19;1442
50;2025-11-24;20;917
50;2025-11-24;21;600
50;2025-11-24;22;274
50;2025-11-24;23;114
1;2025-11-25;0;0
1;2025-11-25;1;0
1;2025-11-25;2;0
1;2025-11-25;3;0
1;2025-11-25;4;0
1;2025-11-25;5;116
1;2025-11-25;6;556
1;2025-11-25;7;1539
1;2025-11-25;8;1956
1;2025-11-25;9;1528
1;2025-11-25;10;1368
1;2025-11-25;11;1358
1;2025-11-25;12;1405
1;2025-11-25;13;1424
1;2025-11-25;14;1401
1;2025-11-25;15;1532
1;2025-11-25;16;1520
1;2025-11-25;17;1824
1;2025-11-25;18;1858
1;2025-11-25;19;1404
1;2025-11-25;20;896
1;2025-11-25;21;506
1;2025-11-25;22;243
1;2025-11-25;23;35
5;2025-11-25;0;0
5;2025-11-25;1;0
5;2025-11-25;2;0
5;2025-11-25;3;0
5;2025-11-25;4;0
5;2025-11-25;5;0
5;2025-11-25;6;0
5;2025-11-25;7;0
5;2025-11-25;8;0
5;2025-11-25;9;0
5;2025-11-25;10;0
5;2025-11-25;11;0
5;2025-11-25;12;0
5;2025-11-25;13;0
5;2025-11-25;14;0
5;2025-11-25;15;0
5;2025-11-25;16;0
5;2025-11-25;17;0
5;2025-11-25;18;0
5;2025-11-25;19;0
5;2025-11-25;20;0
5;2025-11-25;21;0
5;2025-11-25;22;0
5;2025-11-25;23;0
7;2025-11-25;0;46
7;2025-11-25;1;0
7;2025-11-25;2;0
7;2025-11-25;3;0
7;2025-11-25;4;0
7;2025-11-25;5;197
7;2025-11-25;6;735
7;2025-11-25;7;1716
7;2025-11-25;8;2617
7;2025-11-25;9;1955
7;2025-11-25;10;1735
7;2025-11-25;11;1583
7;2025-11-25;12;1705
7;2025-11-25;13;1659
7;2025-11-25;14;1791
7;2025-11-25;15;1913
7;2025-11-25;16;1998
7;2025-11-25;17;2455
7;2025-11-25;18;2687
7;2025-11-25;19;1849
7;2025-11-25;20;1151
7;2025-11-25;21;653
7;2025-11-25;22;312
7;2025-11-25;23;170
11;2025-11-25;0;45
11;2025-11-25;1;0
11;2025-11-25;2;0
11;2025-11-25;3;0
11;2025-11-25;4;0
11;2025-11-25;5;261
11;2025-11-25;6;1320
11;2025-11-25;7;2497
11;2025-11-25;8;3264
11;2025-11-25;9;2519
11;2025-11-25;10;1956
11;2025-11-25;11;1905
11;2025-11-25;12;1944
11;2025-11-25;13;2068
11;2025-11-25;14;2088
11;2025-11-25;15;2143
11;2025-11-25;16;2363
11;2025-11-25;17;2938
11;2025-11-25;18;3140
11;2025-11-25;19;2369
11;2025-11-25;20;1522
11;2025-11-25;21;867
11;2025-11-25;22;415
11;2025-11-25;23;197
12;2025-11-25;0;32
12;2025-11-25;1;0
12;2025-11-25;2;0
12;2025-11-25;3;0
12;2025-11-25;4;0
12;2025-11-25;5;310
12;2025-11-25;6;1426
12;2025-11-25;7;2824
12;2025-11-25;8;3622
12;2025-11-25;9;2608
12;2025-11-25;10;2179
12;2025-11-25;11;2134
12;2025-11-25;12;2181
12;2025-11-25;13;2173
12;2025-11-25;14;2124
12;2025-11-25;15;2388
12;2025-11-25;16;2865
12;2025-11-25;17;3207
12;2025-11-25;18;3275
12;2025-11-25;19;2581
12;2025-11-25;20;1618
12;2025-11-25;21;960
12;2025-11-25;22;479
12;2025-11-25;23;237
17;2025-11-25;0;101
17;2025-11-25;1;0
17;2025-11-25;2;0
17;2025-11-25;3;0
17;2025-11-25;4;14
17;2025-11-25;5;309
17;2025-11-25;6;1564
17;2025-11-25;7;4105
17;2025-11-25;8;5454
17;2025-11-25;9;3925
17;2025-11-25;10;3134
17;2025-11-25;11;3027
17;2025-11-25;12;3087
17;2025-11-25;13;3140
17;2025-11-25;14;3246
17;2025-11-25;15;3378
17;2025-11-25;16;3767
17;2025-11-25;17;4620
17;2025-11-25;18;4965
17;2025-11-25;19;3540
17;2025-11-25;20;2429
17;2025-11-25;21;1504
17;2025-11-25;22;778
17;2025-11-25;23;344
25;2025-11-25;0;0
25;2025-11-25;1;0
25;2025-11-25;2;0
25;2025-11-25;3;0
25;2025-11-25;4;0
25;2025-11-25;5;4
25;2025-11-25;6;181
25;2025-11-25;7;532
25;2025-11-25;8;902
25;2025-11-25;9;468
25;2025-11-25;10;374
25;2025-11-25;11;420
25;2025-11-25;12;408
25;2025-11-25;13;486
25;2025-11-25;14;424
25;2025-11-25;15;531
25;2025-11-25;16;656
25;2025-11-25;17;718
25;2025-11-25;18;764
25;2025-11-25;19;504
25;2025-11-25;20;324
25;2025-11-25;21;187
25;2025-11-25;22;84
25;2025-11-25;23;0
26;2025-11-25;0;18
26;2025-11-25;1;2
26;2025-11-25;2;0
26;2025-11-25;3;0
26;2025-11-25;4;0
26;2025-11-25;5;73
26;2025-11-25;6;517
26;2025-11-25;7;1096
26;2025-11-25;8;2232
26;2025-11-25;9;1514
26;2025-11-25;10;1270
26;2025-11-25;11;1172
26;2025-11-25;12;1217
26;2025-11-25;13;1249
26;2025-11-25;14;1296
26;2025-11-25;15;1412
26;2025-11-25;16;1589
26;2025-11-25;17;1772
26;2025-11-25;18;1910
26;2025-11-25;19;1298
26;2025-11-25;20;796
26;2025-11-25;21;483
26;2025-11-25;22;203
26;2025-11-25;23;118
28;2025-11-25;0;1
28;2025-11-25;1;0
28;2025-11-25;2;0
28;2025-11-25;3;0
28;2025-11-25;4;0
28;2025-11-25;5;70
28;2025-11-25;6;280
28;2025-11-25;7;777
28;2025-11-25;8;1250
28;2025-11-25;9;870
28;2025-11-25;10;655
28;2025-11-25;11;596
28;2025-11-25;12;717
28;2025-11-25;13;751
28;2025-11-25;14;679
28;2025-11-25;15;725
28;2025-11-25;16;881
28;2025-11-25;17;1032
28;2025-11-25;18;969
28;2025-11-25;19;727
28;2025-11-25;20;515
28;2025-11-25;21;319
28;2025-11-25;22;133
28;2025-11-25;23;0
50;2025-11-25;0;0
50;2025-11-25;1;3
50;2025-11-25;2;0
50;2025-11-25;3;0
50;2025-11-25;4;0
50;2025-11-25;5;61
50;2025-11-25;6;576
50;2025-11-25;7;1818
50;2025-11-25;8;2825
50;2025-11-25;9;2237
50;2025-11-25;10;1731
50;2025-11-25;11;1618
50;2025-11-25;12;1540
50;2025-11-25;13;1529
50;2025-11-25;14;1472
50;2025-11-25;15;1782
50;2025-11-25;16;1824
50;2025-11-25;17;2422
50;2025-11-25;18;2511
50;2025-11-25;19;1542
50;2025-11-25;20;944
50;2025-11-25;21;620
50;2025-11-25;22;259
50;2025-11-25;23;126
1;2025-11-26;0;0
1;2025-11-26;1;0
1;2025-11-26;2;0
1;2025-11-26;3;0
1;2025-11-26;4;0
1;2025-11-26;5;121
1;2025-11-26;6;560
1;2025-11-26;7;1538
1;2025-11-26;8;1965
1;2025-11-26;9;1508
1;2025-11-26;10;1392
1;2025-11-26;11;1379
1;2025-11-26;12;1439
1;2025-11-26;13;1458
1;2025-11-26;14;1411
1;2025-11-26;15;1552
1;2025-11-26;16;1534
1;2025-11-26;17;1837
1;2025-11-26;18;1848
1;2025-11-26;19;1414
1;2025-11-26;20;901
1;2025-11-26;21;490
1;2025-11-26;22;237
1;2025-11-26;23;38
5;2025-11-26;0;0
5;2025-11-26;1;0
5;2025-11-26;2;0
5;2025-11-26;3;0
5;2025-11-26;4;0
5;2025-11-26;5;0
5;2025-11-26;6;0
5;2025-11-26;7;0
5;2025-11-26;8;0
5;2025-11-26;9;0
5;2025-11-26;10;0
5;2025-11-26;11;0
5;2025-11-26;12;0
5;2025-11-26;13;0
5;2025-11-26;14;0
5;2025-11-26;15;0
5;2025-11-26;16;0
5;2025-11-26;17;0
5;2025-11-26;18;0
5;2025-11-26;19;0
5;2025-11-26;20;0
5;2025-11-26;21;0
5;2025-11-26;22;0
5;2025-11-26;23;0
7;2025-11-26;0;36
7;2025-11-26;1;0
7;2025-11-26;2;0
7;2025-11-26;3;0
7;2025-11-26;4;0
7;2025-11-26;5;187
7;2025-11-26;6;703
7;2025-11-26;7;1700
7;2025-11-26;8;2627
7;2025-11-26;9;1974
7;2025-11-26;10;1765
7;2025-11-26;11;1581
7;2025-11-26;12;1704
7;2025-11-26;13;1654
7;2025-11-26;14;1744
7;2025-11-26;15;1877
7;2025-11-26;16;1948
7;2025-11-26;17;2449
7;2025-11-26;18;2685
7;2025-11-26;19;1858
7;2025-11-26;20;1150
7;2025-11-26;21;664
7;2025-11-26;22;314
7;2025-11-26;23;162
11;2025-11-26;0;34
11;2025-11-26;1;0
11;2025-11-26;2;0
11;2025-11-26;3;0
11;2025-11-26;4;0
11;2025-11-26;5;243
11;2025-11-26;6;1310
11;2025-11-26;7;2470
11;2025-11-26;8;3239
11;2025-11-26;9;2520
11;2025-11-26;10;1983
11;2025-11-26;11;1923
11;2025-11-26;12;1959
11;2025-11-26;13;2078
11;2025-11-26;14;2073
11;2025-11-26;15;2108
11;2025-11-26;16;2346
11;2025-11-26;17;2942
11;2025-11-26;18;3141
11;2025-11-26;19;2411
11;2025-11-26;20;1535
11;2025-11-26;21;870
11;2025-11-26;22;412
11;2025-11-26;23;208
12;2025-11-26;0;29
12;2025-11-26;1;0
12;2025-11-26;2;0
12;2025-11-26;3;0
12;2025-11-26;4;0
12;2025-11-26;5;319
12;2025-11-26;6;1456
12;2025-11-26;7;2820
12;2025-11-26;8;3607
12;2025-11-26;9;2606
12;2025-11-26;10;2188
12;2025-11-26;11;2146
12;2025-11-26;12;2164
12;2025-11-26;13;2139
12;2025-11-26;14;2125
12;2025-11-26;15;2362
12;2025-11-26;16;2853
12;2025-11-26;17;3181
12;2025-11-26;18;3268
12;2025-11-26;19;2585
12;2025-11-26;20;1605
12;2025-11-26;21;933
12;2025-11-26;22;464
12;2025-11-26;23;238
17;2025-11-26;0;84
17;2025-11-26;1;0
17;2025-11-26;2;0
17;2025-11-26;3;0
17;2025-11-26;4;12
17;2025-11-26;5;304
17;2025-11-26;6;1561
17;2025-11-26;7;4046
17;2025-11-26;8;5390
17;2025-11-26;9;3885
17;2025-11-26;10;3117
17;2025-11-26;11;3031
17;2025-11-26;12;3108
17;2025-11-26;13;3161
17;2025-11-26;14;3230
17;2025-11-26;15;3347
17;2025-11-26;16;3701
17;2025-11-26;17;4535
17;2025-11-26;18;4925
17;2025-11-26;19;3511
17;2025-11-26;20;2424
17;2025-11-26;21;1475
17;2025-11-26;22;745
17;2025-11-26;23;338
25;2025-11-26;0;0
25;2025-11-26;1;0
25;2025-11-26;2;0
25;2025-11-26;3;0
25;2025-11-26;4;0
25;2025-11-26;5;6
25;2025-11-26;6;185
25;2025-11-26;7;538
25;2025-11-26;8;886
25;2025-11-26;9;476
25;2025-11-26;10;385
25;2025-11-26;11;411
25;2025-11-26;12;410
25;2025-11-26;13;478
25;2025-11-26;14;422
25;2025-11-26;15;513
25;2025-11-26;16;647
25;2025-11-26;17;693
25;2025-11-26;18;776
25;2025-11-26;19;501
25;2025-11-26;20;323
25;2025-11-26;21;187
25;2025-11-26;22;87
25;2025-11-26;23;0
26;2025-11-26;0;10
26;2025-11-26;1;0
26;2025-11-26;2;0
26;2025-11-26;3;0
26;2025-11-26;4;0
26;2025-11-26;5;72
26;2025-11-26;6;505
26;2025-11-26;7;1095
26;2025-11-26;8;2210
26;2025-11-26;9;1544
26;2025-11-26;10;1278
26;2025-11-26;11;1177
26;2025-11-26;12;1212
26;2025-11-26;13;1227
26;2025-11-26;14;1317
26;2025-11-26;15;1400
26;2025-11-26;16;1603
26;2025-11-26;17;1760
26;2025-11-26;18;1914
26;2025-11-26;19;1327
26;2025-11-26;20;803
26;2025-11-26;21;493
26;2025-11-26;22;197
26;2025-11-26;23;115
28;2025-11-26;0;1
28;2025-11-26;1;0
28;2025-11-26;2;0
28;2025-11-26;3;0
28;2025-11-26;4;0
28;2025-11-26;5;77
28;2025-11-26;6;289
28;2025-11-26;7;754
28;2025-11-26;8;1243
28;2025-11-26;9;874
28;2025-11-26;10;660
28;2025-11-26;11;600
28;2025-11-26;12;743
28;2025-11-26;13;788
28;2025-11-26;14;696
28;2025-11-26;15;723
28;2025-11-26;16;885
28;2025-11-26;17;1009
28;2025-11-26;18;944
28;2025-11-26;19;737
28;2025-11-26;20;511
28;2025-11-26;21;318
28;2025-11-26;22;126
28;2025-11-26;23;0
50;2025-11-26;0;12
50;2025-11-26;1;1
50;2025-11-26;2;0
50;2025-11-26;3;0
50;2025-11-26;4;0
50;2025-11-26;5;69
50;2025-11-26;6;534
50;2025-11-26;7;1791
50;2025-11-26;8;2841
50;2025-11-26;9;2225
50;2025-11-26;10;1736
50;2025-11-26;11;1595
50;2025-11-26;12;1532
50;2025-11-26;13;1529
50;2025-11-26;14;1466
50;2025-11-26;15;1770
50;2025-11-26;16;1843
50;2025-11-26;17;2430
50;2025-11-26;18;2504
50;2025-11-26;19;1530
50;2025-11-26;20;956
50;2025-11-26;21;631
50;2025-11-26;22;252
50;2025-11-26;23;116
1;2025-11-27;0;1
1;2025-11-27;1;0
1;2025-11-27;2;0
1;2025-11-27;3;0
1;2025-11-27;4;0
1;2025-11-27;5;122
1;2025-11-27;6;553
1;2025-11-27;7;1526
1;2025-11-27;8;1931
1;2025-11-27;9;1470
1;2025-11-27;10;1354
1;2025-11-27;11;1370
1;2025-11-27;12;1413
1;2025-11-27;13;1424
1;2025-11-27;14;1407
1;2025-11-27;15;1559
1;2025-11-27;16;1542
1;2025-11-27;17;1831
1;2025-11-27;18;1804
1;2025-11-27;19;1378
1;2025-11-27;20;901
1;2025-11-27;21;494
1;2025-11-27;22;241
1;2025-11-27;23;46
5;2025-11-27;0;0
5;2025-11-27;1;0
5;2025-11-27;2;0
5;2025-11-27;3;0
5;2025-11-27;4;0
5;2025-11-27;5;0
5;2025-11-27;6;0
5;2025-11-27;7;0
5;2025-11-27;8;0
5;2025-11-27;9;0
5;2025-11-27;10;0
5;2025-11-27;11;0
5;2025-11-27;12;0
5;2025-11-27;13;0
5;2025-11-27;14;0
5;2025-11-27;15;0
5;2025-11-27;16;0
5;2025-11-27;17;0
5;2025-11-27;18;0
5;2025-11-27;19;0
5;2025-11-27;20;0
5;2025-11-27;21;0
5;2025-11-27;22;0
5;2025-11-27;23;0
7;2025-11-27;0;54
7;2025-11-27;1;22
7;2025-11-27;2;0
7;2025-11-27;3;0
7;2025-11-27;4;0
7;2025-11-27;5;187
7;2025-11-27;6;738
7;2025-11-27;7;1719
7;2025-11-27;8;2590
7;2025-11-27;9;1956
7;2025-11-27;10;1738
7;2025-11-27;11;1569
7;2025-11-27;12;1695
7;2025-11-27;13;1655
7;2025-11-27;14;1742
7;2025-11-27;15;1868
7;2025-11-27;16;1974
7;2025-11-27;17;2440
7;2025-11-27;18;2681
7;2025-11-27;19;1876
7;2025-11-27;20;1147
7;2025-11-27;21;654
7;2025-11-27;22;312
7;2025-11-27;23;163
11;2025-11-27;0;63
11;2025-11-27;1;0
11;2025-11-27;2;0
11;2025-11-27;3;0
11;2025-11-27;4;0
11;2025-11-27;5;294
11;2025-11-27;6;1318
11;2025-11-27;7;2452
11;2025-11-27;8;3235
11;2025-11-27;9;2505
11;2025-11-27;10;1946
11;2025-11-27;11;1888
11;2025-11-27;12;1932
11;2025-11-27;13;2056
11;2025-11-27;14;2106
11;2025-11-27;15;2133
11;2025-11-27;16;2352
11;2025-11-27;17;2945
11;2025-11-27;18;3049
11;2025-11-27;19;2285
11;2025-11-27;20;1440
11;2025-11-27;21;863
11;2025-11-27;22;407
11;2025-11-27;23;196
12;2025-11-27;0;46
12;2025-11-27;1;0
12;2025-11-27;2;0
12;2025-11-27;3;0
12;2025-11-27;4;0
12;2025-11-27;5;335
12;2025-11-27;6;1431
12;2025-11-27;7;2852
12;2025-11-27;8;3599
12;2025-11-27;9;2602
12;2025-11-27;10;2100
12;2025-11-27;11;2100
12;2025-11-27;12;2095
12;2025-11-27;13;2083
12;2025-11-27;14;2085
12;2025-11-27;15;2315
12;2025-11-27;16;2841
12;2025-11-27;17;3141
12;2025-11-27;18;3195
12;2025-11-27;19;2501
12;2025-11-27;20;1517
12;2025-11-27;21;868
12;2025-11-27;22;457
12;2025-11-27;23;236
17;2025-11-27;0;123
17;2025-11-27;1;6
17;2025-11-27;2;0
17;2025-11-27;3;0
17;2025-11-27;4;11
17;2025-11-27;5;329
17;2025-11-27;6;1540
17;2025-11-27;7;4047
17;2025-11-27;8;5414
17;2025-11-27;9;3896
17;2025-11-27;10;3068
17;2025-11-27;11;2996
17;2025-11-27;12;3041
17;2025-11-27;13;3155
17;2025-11-27;14;3223
17;2025-11-27;15;3361
17;2025-11-27;16;3713
17;2025-11-27;17;4498
17;2025-11-27;18;4911
17;2025-11-27;19;3433
17;2025-11-27;20;2376
17;2025-11-27;21;1399
17;2025-11-27;22;680
17;2025-11-27;23;335
25;2025-11-27;0;0
25;2025-11-27;1;0
25;2025-11-27;2;0
25;2025-11-27;3;0
25;2025-11-27;4;0
25;2025-11-27;5;5
25;2025-11-27;6;164
25;2025-11-27;7;529
25;2025-11-27;8;874
25;2025-11-27;9;442
25;2025-11-27;10;372
25;2025-11-27;11;392
25;2025-11-27;12;391
25;2025-11-27;13;480
25;2025-11-27;14;421
25;2025-11-27;15;531
25;2025-11-27;16;650
25;2025-11-27;17;699
25;2025-11-27;18;755
25;2025-11-27;19;486
25;2025-11-27;20;304
25;2025-11-27;21;198
25;2025-11-27;22;103
25;2025-11-27;23;0
26;2025-11-27;0;18
26;2025-11-27;1;4
26;2025-11-27;2;0
26;2025-11-27;3;0
26;2025-11-27;4;0
26;2025-11-27;5;69
26;2025-11-27;6;534
26;2025-11-27;7;1096
26;2025-11-27;8;2150
26;2025-11-27;9;1515
26;2025-11-27;10;1230
26;2025-11-27;11;1153
26;2025-11-27;12;1178
26;2025-11-27;13;1227
26;2025-11-27;14;1295
26;2025-11-27;15;1395
26;2025-11-27;16;1621
26;2025-11-27;17;1763
26;2025-11-27;18;1813
26;2025-11-27;19;1276
26;2025-11-27;20;766
26;2025-11-27;21;487
26;2025-11-27;22;212
26;2025-11-27;23;118
28;2025-11-27;0;1
28;2025-11-27;1;0
28;2025-11-27;2;0
28;2025-11-27;3;0
28;2025-11-27;4;0
28;2025-11-27;5;76
28;2025-11-27;6;278
28;2025-11-27;7;757
28;2025-11-27;8;1225
28;2025-11-27;9;852
28;2025-11-27;10;650
28;2025-11-27;11;587
28;2025-11-27;12;730
28;2025-11-27;13;770
28;2025-11-27;14;680
28;2025-11-27;15;729
28;2025-11-27;16;888
28;2025-11-27;17;1007
28;2025-11-27;18;943
28;2025-11-27;19;708
28;2025-11-27;20;505
28;2025-11-27;21;317
28;2025-11-27;22;131
28;2025-11-27;23;4
50;2025-11-27;0;20
50;2025-11-27;1;9
50;2025-11-27;2;0
50;2025-11-27;3;0
50;2025-11-27;4;0
50;2025-11-27;5;60
50;2025-11-27;6;543
50;2025-11-27;7;1779
50;2025-11-27;8;2812
50;2025-11-27;9;2225
50;2025-11-27;10;1695
50;2025-11-27;11;1609
50;2025-11-27;12;1536
50;2025-11-27;13;1535
50;2025-11-27;14;1455
50;2025-11-27;15;1758
50;2025-11-27;16;1849
50;2025-11-27;17;2407
50;2025-11-27;18;2465
50;2025-11-27;19;1492
50;2025-11-27;20;939
50;2025-11-27;21;618
50;2025-11-27;22;253
50;2025-11-27;23;125
1;2025-11-28;0;0
1;2025-11-28;1;0
1;2025-11-28;2;0
1;2025-11-28;3;0
1;2025-11-28;4;0
1;2025-11-28;5;109
1;2025-11-28;6;512
1;2025-11-28;7;1456
1;2025-11-28;8;1851
1;2025-11-28;9;1435
1;2025-11-28;10;1293
1;2025-11-28;11;1342
1;2025-11-28;12;1378
1;2025-11-28;13;1411
1;2025-11-28;14;1382
1;2025-11-28;15;1553
1;2025-11-28;16;1510
1;2025-11-28;17;1789
1;2025-11-28;18;1659
1;2025-11-28;19;1239
1;2025-11-28;20;776
1;2025-11-28;21;486
1;2025-11-28;22;242
1;2025-11-28;23;40
5;2025-11-28;0;0
5;2025-11-28;1;0
5;2025-11-28;2;0
5;2025-11-28;3;0
5;2025-11-28;4;0
5;2025-11-28;5;0
5;2025-11-28;6;0
5;2025-11-28;7;0
5;2025-11-28;8;0
5;2025-11-28;9;0
5;2025-11-28;10;0
5;2025-11-28;11;0
5;2025-11-28;12;0
5;2025-11-28;13;0
5;2025-11-28;14;0
5;2025-11-28;15;0
5;2025-11-28;16;0
5;2025-11-28;17;0
5;2025-11-28;18;0
5;2025-11-28;19;0
5;2025-11-28;20;0
5;2025-11-28;21;0
5;2025-11-28;22;0
5;2025-11-28;23;0
7;2025-11-28;0;34
7;2025-11-28;1;0
7;2025-11-28;2;0
7;2025-11-28;3;0
7;2025-11-28;4;0
7;2025-11-28;5;184
7;2025-11-28;6;657
7;2025-11-28;7;1652
7;2025-11-28;8;2513
7;2025-11-28;9;1882
7;2025-11-28;10;1731
7;2025-11-28;11;1571
7;2025-11-28;12;1701
7;2025-11-28;13;1688
7;2025-11-28;14;1810
7;2025-11-28;15;1917
7;2025-11-28;16;1996
7;2025-11-28;17;2330
7;2025-11-28;18;2282
7;2025-11-28;19;1637
7;2025-11-28;20;1093
7;2025-11-28;21;625
7;2025-11-28;22;345
7;2025-11-28;23;201
11;2025-11-28;0;41
11;2025-11-28;1;0
11;2025-11-28;2;0
11;2025-11-28;3;0
11;2025-11-28;4;0
11;2025-11-28;5;243
11;2025-11-28;6;1269
11;2025-11-28;7;2337
11;2025-11-28;8;2991
11;2025-11-28;9;2333
11;2025-11-28;10;1860
11;2025-11-28;11;1842
11;2025-11-28;12;1941
11;2025-11-28;13;2008
11;2025-11-28;14;2097
11;2025-11-28;15;2157
11;2025-11-28;16;2367
11;2025-11-28;17;2888
11;2025-11-28;18;2741
11;2025-11-28;19;2085
11;2025-11-28;20;1359
11;2025-11-28;21;789
11;2025-11-28;22;395
11;2025-11-28;23;215
12;2025-11-28;0;27
12;2025-11-28;1;0
12;2025-11-28;2;0
12;2025-11-28;3;0
12;2025-11-28;4;0
12;2025-11-28;5;304
12;2025-11-28;6;1379
12;2025-11-28;7;2705
12;2025-11-28;8;3337
12;2025-11-28;9;2382
12;2025-11-28;10;1955
12;2025-11-28;11;1976
12;2025-11-28;12;2026
12;2025-11-28;13;2034
12;2025-11-28;14;2016
12;2025-11-28;15;2325
12;2025-11-28;16;2761
12;2025-11-28;17;2974
12;2025-11-28;18;2750
12;2025-11-28;19;2271
12;2025-11-28;20;1397
12;2025-11-28;21;849
12;2025-11-28;22;446
12;2025-11-28;23;245
17;2025-11-28;0;100
17;2025-11-28;1;0
17;2025-11-28;2;0
17;2025-11-28;3;0
17;2025-11-28;4;22
17;2025-11-28;5;303
17;2025-11-28;6;1506
17;2025-11-28;7;3923
17;2025-11-28;8;5147
17;2025-11-28;9;3675
17;2025-11-28;10;2937
17;2025-11-28;11;2918
17;2025-11-28;12;3019
17;2025-11-28;13;3145
17;2025-11-28;14;3252
17;2025-11-28;15;3448
17;2025-11-28;16;3759
17;2025-11-28;17;4504
17;2025-11-28;18;4575
17;2025-11-28;19;3267
17;2025-11-28;20;2293
17;2025-11-28;21;1430
17;2025-11-28;22;693
17;2025-11-28;23;409
25;2025-11-28;0;0
25;2025-11-28;1;0
25;2025-11-28;2;0
25;2025-11-28;3;0
25;2025-11-28;4;0
25;2025-11-28;5;5
25;2025-11-28;6;170
25;2025-11-28;7;512
25;2025-11-28;8;843
25;2025-11-28;9;433
25;2025-11-28;10;366
25;2025-11-28;11;419
25;2025-11-28;12;423
25;2025-11-28;13;501
25;2025-11-28;14;479
25;2025-11-28;15;573
25;2025-11-28;16;696
25;2025-11-28;17;700
25;2025-11-28;18;673
25;2025-11-28;19;487
25;2025-11-28;20;308
25;2025-11-28;21;188
25;2025-11-28;22;82
25;2025-11-28;23;6
26;2025-11-28;0;6
26;2025-11-28;1;0
26;2025-11-28;2;0
26;2025-11-28;3;0
26;2025-11-28;4;0
26;2025-11-28;5;67
26;2025-11-28;6;500
26;2025-11-28;7;1026
26;2025-11-28;8;1995
26;2025-11-28;9;1403
26;2025-11-28;10;1217
26;2025-11-28;11;1136
26;2025-11-28;12;1186
26;2025-11-28;13;1218
26;2025-11-28;14;1301
26;2025-11-28;15;1413
26;2025-11-28;16;1632
26;2025-11-28;17;1707
26;2025-11-28;18;1588
26;2025-11-28;19;1128
26;2025-11-28;20;711
26;2025-11-28;21;448
26;2025-11-28;22;209
26;2025-11-28;23;138
28;2025-11-28;0;1
28;2025-11-28;1;0
28;2025-11-28;2;0
28;2025-11-28;3;0
28;2025-11-28;4;0
28;2025-11-28;5;69
28;2025-11-28;6;255
28;2025-11-28;7;734
28;2025-11-28;8;1192
28;2025-11-28;9;827
28;2025-11-28;10;650
28;2025-11-28;11;589
28;2025-11-28;12;730
28;2025-11-28;13;745
28;2025-11-28;14;694
28;2025-11-28;15;732
28;2025-11-28;16;881
28;2025-11-28;17;1004
28;2025-11-28;18;876
28;2025-11-28;19;658
28;2025-11-28;20;474
28;2025-11-28;21;322
28;2025-11-28;22;139
28;2025-11-28;23;0
50;2025-11-28;0;9
50;2025-11-28;1;4
50;2025-11-28;2;0
50;2025-11-28;3;0
50;2025-11-28;4;0
50;2025-11-28;5;57
50;2025-11-28;6;516
50;2025-11-28;7;1716
50;2025-11-28;8;2692
50;2025-11-28;9;2090
50;2025-11-28;10;1633
50;2025-11-28;11;1598
50;2025-11-28;12;1509
50;2025-11-28;13;1524
50;2025-11-28;14;1473
50;2025-11-28;15;1769
50;2025-11-28;16;1891
50;2025-11-28;17;2262
50;2025-11-28;18;2012
50;2025-11-28;19;1260
50;2025-11-28;20;847
50;2025-11-28;21;555
50;2025-11-28;22;272
50;2025-11-28;23;155
1;2025-11-29;0;0
1;2025-11-29;1;0
1;2025-11-29;2;0
1;2025-11-29;3;0
1;2025-11-29;4;0
1;2025-11-29;5;6
1;2025-11-29;6;173
1;2025-11-29;7;303
1;2025-11-29;8;438
1;2025-11-29;9;714
1;2025-11-29;10;844
1;2025-11-29;11;787
1;2025-11-29;12;974
1;2025-11-29;13;999
1;2025-11-29;14;940
1;2025-11-29;15;852
1;2025-11-29;16;773
1;2025-11-29;17;730
1;2025-11-29;18;607
1;2025-11-29;19;529
1;2025-11-29;20;372
1;2025-11-29;21;303
1;2025-11-29;22;118
1;2025-11-29;23;20
5;2025-11-29;0;0
5;2025-11-29;1;0
5;2025-11-29;2;0
5;2025-11-29;3;0
5;2025-11-29;4;0
5;2025-11-29;5;0
5;2025-11-29;6;0
5;2025-11-29;7;0
5;2025-11-29;8;0
5;2025-11-29;9;0
5;2025-11-29;10;0
5;2025-11-29;11;0
5;2025-11-29;12;0
5;2025-11-29;13;0
5;2025-11-29;14;0
5;2025-11-29;15;0
5;2025-11-29;16;0
5;2025-11-29;17;0
5;2025-11-29;18;0
5;2025-11-29;19;0
5;2025-11-29;20;0
5;2025-11-29;21;0
5;2025-11-29;22;0
5;2025-11-29;23;0
7;2025-11-29;0;75
7;2025-11-29;1;17
7;2025-11-29;2;0
7;2025-11-29;3;0
7;2025-11-29;4;0
7;2025-11-29;5;44
7;2025-11-29;6;270
7;2025-11-29;7;470
7;2025-11-29;8;883
7;2025-11-29;9;1005
7;2025-11-29;10;1035
7;2025-11-29;11;1149
7;2025-11-29;12;1349
7;2025-11-29;13;1340
7;2025-11-29;14;1461
7;2025-11-29;15;1424
7;2025-11-29;16;1372
7;2025-11-29;17;1346
7;2025-11-29;18;1254
7;2025-11-29;19;1141
7;2025-11-29;20;811
7;2025-11-29;21;594
7;2025-11-29;22;313
7;2025-11-29;23;152
11;2025-11-29;0;63
11;2025-11-29;1;0
11;2025-11-29;2;0
11;2025-11-29;3;0
11;2025-11-29;4;0
11;2025-11-29;5;159
11;2025-11-29;6;746
11;2025-11-29;7;749
11;2025-11-29;8;1003
11;2025-11-29;9;1134
11;2025-11-29;10;1253
11;2025-11-29;11;1534
11;2025-11-29;12;1617
11;2025-11-29;13;1678
11;2025-11-29;14;1721
11;2025-11-29;15;1727
11;2025-11-29;16;1761
11;2025-11-29;17;1881
11;2025-11-29;18;1534
11;2025-11-29;19;1372
11;2025-11-29;20;1014
11;2025-11-29;21;682
11;2025-11-29;22;366
11;2025-11-29;23;217
12;2025-11-29;0;47
12;2025-11-29;1;0
12;2025-11-29;2;0
12;2025-11-29;3;0
12;2025-11-29;4;0
12;2025-11-29;5;204
12;2025-11-29;6;834
12;2025-11-29;7;916
12;2025-11-29;8;1047
12;2025-11-29;9;1188
12;2025-11-29;10;1416
12;2025-11-29;11;1504
12;2025-11-29;12;1478
12;2025-11-29;13;1679
12;2025-11-29;14;1638
12;2025-11-29;15;1572
12;2025-11-29;16;1609
12;2025-11-29;17;1627
12;2025-11-29;18;1451
12;2025-11-29;19;1297
12;2025-11-29;20;968
12;2025-11-29;21;677
12;2025-11-29;22;360
12;2025-11-29;23;233
17;2025-11-29;0;158
17;2025-11-29;1;4
17;2025-11-29;2;0
17;2025-11-29;3;0
17;2025-11-29;4;0
17;2025-11-29;5;120
17;2025-11-29;6;551
17;2025-11-29;7;1208
17;2025-11-29;8;1685
17;2025-11-29;9;2082
17;2025-11-29;10;2237
17;2025-11-29;11;2656
17;2025-11-29;12;2845
17;2025-11-29;13;3010
17;2025-11-29;14;3085
17;2025-11-29;15;3179
17;2025-11-29;16;3196
17;2025-11-29;17;3092
17;2025-11-29;18;2857
17;2025-11-29;19;2303
17;2025-11-29;20;1785
17;2025-11-29;21;1283
17;2025-11-29;22;797
17;2025-11-29;23;380
25;2025-11-29;0;0
25;2025-11-29;1;0
25;2025-11-29;2;0
25;2025-11-29;3;0
25;2025-11-29;4;0
25;2025-11-29;5;0
25;2025-11-29;6;68
25;2025-11-29;7;133
25;2025-11-29;8;275
25;2025-11-29;9;282
25;2025-11-29;10;279
25;2025-11-29;11;358
25;2025-11-29;12;370
25;2025-11-29;13;485
25;2025-11-29;14;467
25;2025-11-29;15;582
25;2025-11-29;16;526
25;2025-11-29;17;470
25;2025-11-29;18;441
25;2025-11-29;19;381
25;2025-11-29;20;246
25;2025-11-29;21;186
25;2025-11-29;22;84
25;2025-11-29;23;46
26;2025-11-29;0;19
26;2025-11-29;1;0
26;2025-11-29;2;0
26;2025-11-29;3;0
26;2025-11-29;4;0
26;2025-11-29;5;25
26;2025-11-29;6;258
26;2025-11-29;7;318
26;2025-11-29;8;619
26;2025-11-29;9;686
26;2025-11-29;10;805
26;2025-11-29;11;960
26;2025-11-29;12;984
26;2025-11-29;13;1031
26;2025-11-29;14;1006
26;2025-11-29;15;1020
26;2025-11-29;16;1028
26;2025-11-29;17;959
26;2025-11-29;18;878
26;2025-11-29;19;775
26;2025-11-29;20;520
26;2025-11-29;21;346
26;2025-11-29;22;178
26;2025-11-29;23;132
28;2025-11-29;0;1
28;2025-11-29;1;0
28;2025-11-29;2;0
28;2025-11-29;3;0
28;2025-11-29;4;0
28;2025-11-29;5;26
28;2025-11-29;6;113
28;2025-11-29;7;196
28;2025-11-29;8;367
28;2025-11-29;9;436
28;2025-11-29;10;458
28;2025-11-29;11;454
28;2025-11-29;12;571
28;2025-11-29;13;582
28;2025-11-29;14;566
28;2025-11-29;15;583
28;2025-11-29;16;582
28;2025-11-29;17;568
28;2025-11-29;18;468
28;2025-11-29;19;399
28;2025-11-29;20;331
28;2025-11-29;21;272
28;2025-11-29;22;122
28;2025-11-29;23;6
50;2025-11-29;0;35
50;2025-11-29;1;0
50;2025-11-29;2;0
50;2025-11-29;3;0
50;2025-11-29;4;0
50;2025-11-29;5;21
50;2025-11-29;6;232
50;2025-11-29;7;398
50;2025-11-29;8;683
50;2025-11-29;9;744
50;2025-11-29;10;733
50;2025-11-29;11;896
50;2025-11-29;12;891
50;2025-11-29;13;921
50;2025-11-29;14;972
50;2025-11-29;15;987
50;2025-11-29;16;982
50;2025-11-29;17;982
50;2025-11-29;18;789
50;2025-11-29;19;735
50;2025-11-29;20;527
50;2025-11-29;21;394
50;2025-11-29;22;198
50;2025-11-29;23;145
1;2025-11-30;0;0
1;2025-11-30;1;0
1;2025-11-30;2;0
1;2025-11-30;3;0
1;2025-11-30;4;0
1;2025-11-30;5;7
1;2025-11-30;6;96
1;2025-11-30;7;199
1;2025-11-30;8;307
1;2025-11-30;9;547
1;2025-11-30;10;645
1;2025-11-30;11;678
1;2025-11-30;12;785
1;2025-11-30;13;772
1;2025-11-30;14;765
1;2025-11-30;15;734
1;2025-11-30;16;640
1;2025-11-30;17;609
1;2025-11-30;18;518
1;2025-11-30;19;438
1;2025-11-30;20;333
1;2025-11-30;21;253
1;2025-11-30;22;103
1;2025-11-30;23;24
5;2025-11-30;0;0
5;2025-11-30;1;0
5;2025-11-30;2;0
5;2025-11-30;3;0
5;2025-11-30;4;0
5;2025-11-30;5;0
5;2025-11-30;6;0
5;2025-11-30;7;0
5;2025-11-30;8;0
5;2025-11-30;9;0
5;2025-11-30;10;0
5;2025-11-30;11;0
5;2025-11-30;12;0
5;2025-11-30;13;0
5;2025-11-30;14;0
5;2025-11-30;15;0
5;2025-11-30;16;0
5;2025-11-30;17;0
5;2025-11-30;18;0
5;2025-11-30;19;0
5;2025-11-30;20;0
5;2025-11-30;21;0
5;2025-11-30;22;0
5;2025-11-30;23;0
7;2025-11-30;0;70
7;2025-11-30;1;11
7;2025-11-30;2;0
7;2025-11-30;3;0
7;2025-11-30;4;0
7;2025-11-30;5;34
7;2025-11-30;6;226
7;2025-11-30;7;327
7;2025-11-30;8;515
7;2025-11-30;9;698
7;2025-11-30;10;754
7;2025-11-30;11;927
7;2025-11-30;12;1122
7;2025-11-30;13;1181
7;2025-11-30;14;1234
7;2025-11-30;15;1185
7;2025-11-30;16;1060
7;2025-11-30;17;1132
7;2025-11-30;18;1045
7;2025-11-30;19;899
7;2025-11-30;20;634
7;2025-11-30;21;539
7;2025-11-30;22;311
7;2025-11-30;23;142
11;2025-11-30;0;63
11;2025-11-30;1;0
11;2025-11-30;2;0
11;2025-11-30;3;0
11;2025-11-30;4;0
11;2025-11-30;5;118
11;2025-11-30;6;470
11;2025-11-30;7;504
11;2025-11-30;8;651
11;2025-11-30;9;873
11;2025-11-30;10;1064
11;2025-11-30;11;1402
11;2025-11-30;12;1455
11;2025-11-30;13;1509
11;2025-11-30;14;1562
11;2025-11-30;15;1583
11;2025-11-30;16;1589
11;2025-11-30;17;1740
11;2025-11-30;18;1404
11;2025-11-30;19;1159
11;2025-11-30;20;843
11;2025-11-30;21;605
11;2025-11-30;22;353
11;2025-11-30;23;190
12;2025-11-30;0;52
12;2025-11-30;1;0
12;2025-11-30;2;0
12;2025-11-30;3;0
12;2025-11-30;4;0
12;2025-11-30;5;144
12;2025-11-30;6;485
12;2025-11-30;7;690
12;2025-11-30;8;731
12;2025-11-30;9;921
12;2025-11-30;10;1199
12;2025-11-30;11;1388
12;2025-11-30;12;1372
12;2025-11-30;13;1560
12;2025-11-30;14;1562
12;2025-11-30;15;1431
12;2025-11-30;16;1510
12;2025-11-30;17;1567
12;2025-11-30;18;1273
12;2025-11-30;19;1028
12;2025-11-30;20;758
12;2025-11-30;21;551
12;2025-11-30;22;345
12;2025-11-30;23;205
17;2025-11-30;0;112
17;2025-11-30;1;0
17;2025-11-30;2;0
17;2025-11-30;3;0
17;2025-11-30;4;0
17;2025-11-30;5;79
17;2025-11-30;6;399
17;2025-11-30;7;775
17;2025-11-30;8;1274
17;2025-11-30;9;1650
17;2025-11-30;10;1981
17;2025-11-30;11;2436
17;2025-11-30;12;2711
17;2025-11-30;13;2819
17;2025-11-30;14;2897
17;2025-11-30;15;2929
17;2025-11-30;16;2957
17;2025-11-30;17;2797
17;2025-11-30;18;2527
17;2025-11-30;19;2162
17;2025-11-30;20;1639
17;2025-11-30;21;1122
17;2025-11-30;22;707
17;2025-11-30;23;295
25;2025-11-30;0;10
25;2025-11-30;1;0
25;2025-11-30;2;0
25;2025-11-30;3;0
25;2025-11-30;4;0
25;2025-11-30;5;3
25;2025-11-30;6;60
25;2025-11-30;7;76
25;2025-11-30;8;161
25;2025-11-30;9;201
25;2025-11-30;10;215
25;2025-11-30;11;267
25;2025-11-30;12;312
25;2025-11-30;13;414
25;2025-11-30;14;414
25;2025-11-30;15;511
25;2025-11-30;16;452
25;2025-11-30;17;415
25;2025-11-30;18;379
25;2025-11-30;19;305
25;2025-11-30;20;209
25;2025-11-30;21;168
25;2025-11-30;22;103
25;2025-11-30;23;50
26;2025-11-30;0;14
26;2025-11-30;1;0
26;2025-11-30;2;0
26;2025-11-30;3;0
26;2025-11-30;4;0
26;2025-11-30;5;12
26;2025-11-30;6;150
26;2025-11-30;7;203
26;2025-11-30;8;340
26;2025-11-30;9;471
26;2025-11-30;10;560
26;2025-11-30;11;780
26;2025-11-30;12;815
26;2025-11-30;13;826
26;2025-11-30;14;852
26;2025-11-30;15;795
26;2025-11-30;16;808
26;2025-11-30;17;769
26;2025-11-30;18;654
26;2025-11-30;19;561
26;2025-11-30;20;406
26;2025-11-30;21;290
26;2025-11-30;22;163
26;2025-11-30;23;89
28;2025-11-30;0;1
28;2025-11-30;1;0
28;2025-11-30;2;0
28;2025-11-30;3;0
28;2025-11-30;4;0
28;2025-11-30;5;23
28;2025-11-30;6;82
28;2025-11-30;7;132
28;2025-11-30;8;230
28;2025-11-30;9;309
28;2025-11-30;10;363
28;2025-11-30;11;405
28;2025-11-30;12;466
28;2025-11-30;13;516
28;2025-11-30;14;482
28;2025-11-30;15;503
28;2025-11-30;16;469
28;2025-11-30;17;460
28;2025-11-30;18;366
28;2025-11-30;19;343
28;2025-11-30;20;292
28;2025-11-30;21;226
28;2025-11-30;22;106
28;2025-11-30;23;5
50;2025-11-30;0;24
50;2025-11-30;1;0
50;2025-11-30;2;0
50;2025-11-30;3;0
50;2025-11-30;4;0
50;2025-11-30;5;21
50;2025-11-30;6;176
50;2025-11-30;7;263
50;2025-11-30;8;423
50;2025-11-30;9;477
50;2025-11-30;10;499
50;2025-11-30;11;649
50;2025-11-30;12;718
50;2025-11-30;13;822
50;2025-11-30;14;824
50;2025-11-30;15;763
50;2025-11-30;16;803
50;2025-11-30;17;750
50;2025-11-30;18;661
50;2025-11-30;19;562
50;2025-11-30;20;460
50;2025-11-30;21;322
50;2025-11-30;22;176
50;2025-11-30;23;122
1;2025-12-01;0;0
1;2025-12-01;1;0
1;2025-12-01;2;0
1;2025-12-01;3;0
1;2025-12-01;4;0
1;2025-12-01;5;107
1;2025-12-01;6;510
1;2025-12-01;7;1445
1;2025-12-01;8;1850
1;2025-12-01;9;1398
1;2025-12-01;10;1264
1;2025-12-01;11;1283
1;2025-12-01;12;1353
1;2025-12-01;13;1381
1;2025-12-01;14;1357
1;2025-12-01;15;1478
1;2025-12-01;16;1476
1;2025-12-01;17;1796
1;2025-12-01;18;1777
1;2025-12-01;19;1374
1;2025-12-01;20;834
1;2025-12-01;21;468
1;2025-12-01;22;197
1;2025-12-01;23;25
5;2025-12-01;0;0
5;2025-12-01;1;0
5;2025-12-01;2;0
5;2025-12-01;3;0
5;2025-12-01;4;0
5;2025-12-01;5;0
5;2025-12-01;6;0
5;2025-12-01;7;0
5;2025-12-01;8;0
5;2025-12-01;9;0
5;2025-12-01;10;0
5;2025-12-01;11;0
5;2025-12-01;12;0
5;2025-12-01;13;0
5;2025-12-01;14;0
5;2025-12-01;15;0
5;2025-12-01;16;0
5;2025-12-01;17;0
5;2025-12-01;18;0
5;2025-12-01;19;0
5;2025-12-01;20;0
5;2025-12-01;21;0
5;2025-12-01;22;0
5;2025-12-01;23;0
7;2025-12-01;0;64
7;2025-12-01;1;24
7;2025-12-01;2;0
7;2025-12-01;3;0
7;2025-12-01;4;0
7;2025-12-01;5;180
7;2025-12-01;6;690
7;2025-12-01;7;1640
7;2025-12-01;8;2564
7;2025-12-01;9;1862
7;2025-12-01;10;1697
7;2025-12-01;11;1484
7;2025-12-01;12;1604
7;2025-12-01;13;1613
7;2025-12-01;14;1692
7;2025-12-01;15;1802
7;2025-12-01;16;1869
7;2025-12-01;17;2320
7;2025-12-01;18;2628
7;2025-12-01;19;1737
7;2025-12-01;20;1121
7;2025-12-01;21;609
7;2025-12-01;22;303
7;2025-12-01;23;159
11;2025-12-01;0;61
11;2025-12-01;1;8
11;2025-12-01;2;0
11;2025-12-01;3;0
11;2025-12-01;4;0
11;2025-12-01;5;258
11;2025-12-01;6;1272
11;2025-12-01;7;2356
11;2025-12-01;8;3116
11;2025-12-01;9;2377
11;2025-12-01;10;1795
11;2025-12-01;11;1795
11;2025-12-01;12;1829
11;2025-12-01;13;1978
11;2025-12-01;14;1970
11;2025-12-01;15;2059
11;2025-12-01;16;2269
11;2025-12-01;17;2893
11;2025-12-01;18;3011
11;2025-12-01;19;2175
11;2025-12-01;20;1415
11;2025-12-01;21;786
11;2025-12-01;22;375
11;2025-12-01;23;135
12;2025-12-01;0;58
12;2025-12-01;1;0
12;2025-12-01;2;0
12;2025-12-01;3;0
12;2025-12-01;4;0
12;2025-12-01;5;296
12;2025-12-01;6;1327
12;2025-12-01;7;2719
12;2025-12-01;8;3465
12;2025-12-01;9;2374
12;2025-12-01;10;1981
12;2025-12-01;11;1886
12;2025-12-01;12;1995
12;2025-12-01;13;1999
12;2025-12-01;14;1968
12;2025-12-01;15;2236
12;2025-12-01;16;2721
12;2025-12-01;17;3047
12;2025-12-01;18;3137
12;2025-12-01;19;2382
12;2025-12-01;20;1471
12;2025-12-01;21;847
12;2025-12-01;22;419
12;2025-12-01;23;188
17;2025-12-01;0;71
17;2025-12-01;1;2
17;2025-12-01;2;0
17;2025-12-01;3;0
17;2025-12-01;4;12
17;2025-12-01;5;290
17;2025-12-01;6;1504
17;2025-12-01;7;3987
17;2025-12-01;8;5396
17;2025-12-01;9;3759
17;2025-12-01;10;2934
17;2025-12-01;11;2866
17;2025-12-01;12;2980
17;2025-12-01;13;3065
17;2025-12-01;14;3129
17;2025-12-01;15;3265
17;2025-12-01;16;3605
17;2025-12-01;17;4450
17;2025-12-01;18;4893
17;2025-12-01;19;3383
17;2025-12-01;20;2251
17;2025-12-01;21;1338
17;2025-12-01;22;635
17;2025-12-01;23;283
25;2025-12-01;0;5
25;2025-12-01;1;0
25;2025-12-01;2;0
25;2025-12-01;3;0
25;2025-12-01;4;0
25;2025-12-01;5;0
25;2025-12-01;6;161
25;2025-12-01;7;526
25;2025-12-01;8;858
25;2025-12-01;9;459
25;2025-12-01;10;343
25;2025-12-01;11;350
25;2025-12-01;12;371
25;2025-12-01;13;452
25;2025-12-01;14;391
25;2025-12-01;15;465
25;2025-12-01;16;617
25;2025-12-01;17;690
25;2025-12-01;18;739
25;2025-12-01;19;483
25;2025-12-01;20;285
25;2025-12-01;21;172
25;2025-12-01;22;74
25;2025-12-01;23;6
26;2025-12-01;0;7
26;2025-12-01;1;0
26;2025-12-01;2;0
26;2025-12-01;3;0
26;2025-12-01;4;0
26;2025-12-01;5;62
26;2025-12-01;6;492
26;2025-12-01;7;1051
26;2025-12-01;8;1986
26;2025-12-01;9;1425
26;2025-12-01;10;1200
26;2025-12-01;11;1099
26;2025-12-01;12;1140
26;2025-12-01;13;1197
26;2025-12-01;14;1240
26;2025-12-01;15;1352
26;2025-12-01;16;1528
26;2025-12-01;17;1684
26;2025-12-01;18;1737
26;2025-12-01;19;1244
26;2025-12-01;20;751
26;2025-12-01;21;442
26;2025-12-01;22;185
26;2025-12-01;23;93
28;2025-12-01;0;1
28;2025-12-01;1;0
28;2025-12-01;2;0
28;2025-12-01;3;0
28;2025-12-01;4;0
28;2025-12-01;5;71
28;2025-12-01;6;259
28;2025-12-01;7;727
28;2025-12-01;8;1193
28;2025-12-01;9;831
28;2025-12-01;10;617
28;2025-12-01;11;532
28;2025-12-01;12;672
28;2025-12-01;13;708
28;2025-12-01;14;635
28;2025-12-01;15;665
28;2025-12-01;16;792
28;2025-12-01;17;970
28;2025-12-01;18;933
28;2025-12-01;19;710
28;2025-12-01;20;466
28;2025-12-01;21;289
28;2025-12-01;22;112
28;2025-12-01;23;0
50;2025-12-01;0;14
50;2025-12-01;1;15
50;2025-12-01;2;0
50;2025-12-01;3;0
50;2025-12-01;4;0
50;2025-12-01;5;52
50;2025-12-01;6;493
50;2025-12-01;7;1719
50;2025-12-01;8;2772
50;2025-12-01;9;2108
50;2025-12-01;10;1661
50;2025-12-01;11;1550
50;2025-12-01;12;1420
50;2025-12-01;13;1468
50;2025-12-01;14;1436
50;2025-12-01;15;1683
50;2025-12-01;16;1712
50;2025-12-01;17;2308
50;2025-12-01;18;2430
50;2025-12-01;19;1466
50;2025-12-01;20;901
50;2025-12-01;21;578
50;2025-12-01;22;231
50;2025-12-01;23;112
1;2025-12-02;0;0
1;2025-12-02;1;0
1;2025-12-02;2;0
1;2025-12-02;3;0
1;2025-12-02;4;0
1;2025-12-02;5;129
1;2025-12-02;6;548
1;2025-12-02;7;1536
1;2025-12-02;8;1960
1;2025-12-02;9;1498
1;2025-12-02;10;1349
1;2025-12-02;11;1345
1;2025-12-02;12;1398
1;2025-12-02;13;1436
1;2025-12-02;14;1407
1;2025-12-02;15;1541
1;2025-12-02;16;1518
1;2025-12-02;17;1850
1;2025-12-02;18;1825
1;2025-12-02;19;1409
1;2025-12-02;20;883
1;2025-12-02;21;511
1;2025-12-02;22;251
1;2025-12-02;23;50
5;2025-12-02;0;0
5;2025-12-02;1;0
5;2025-12-02;2;0
5;2025-12-02;3;0
5;2025-12-02;4;0
5;2025-12-02;5;0
5;2025-12-02;6;0
5;2025-12-02;7;0
5;2025-12-02;8;0
5;2025-12-02;9;0
5;2025-12-02;10;0
5;2025-12-02;11;0
5;2025-12-02;12;0
5;2025-12-02;13;0
5;2025-12-02;14;0
5;2025-12-02;15;0
5;2025-12-02;16;0
5;2025-12-02;17;0
5;2025-12-02;18;0
5;2025-12-02;19;0
5;2025-12-02;20;0
5;2025-12-02;21;0
5;2025-12-02;22;0
5;2025-12-02;23;0
7;2025-12-02;0;37
7;2025-12-02;1;1
7;2025-12-02;2;0
7;2025-12-02;3;0
7;2025-12-02;4;3
7;2025-12-02;5;199
7;2025-12-02;6;737
7;2025-12-02;7;1721
7;2025-12-02;8;2638
7;2025-12-02;9;1965
7;2025-12-02;10;1764
7;2025-12-02;11;1575
7;2025-12-02;12;1719
7;2025-12-02;13;1672
7;2025-12-02;14;1760
7;2025-12-02;15;1879
7;2025-12-02;16;1955
7;2025-12-02;17;2455
7;2025-12-02;18;2701
7;2025-12-02;19;1855
7;2025-12-02;20;1171
7;2025-12-02;21;670
7;2025-12-02;22;346
7;2025-12-02;23;189
11;2025-12-02;0;30
11;2025-12-02;1;0
11;2025-12-02;2;0
11;2025-12-02;3;0
11;2025-12-02;4;0
11;2025-12-02;5;260
11;2025-12-02;6;1304
11;2025-12-02;7;2478
11;2025-12-02;8;3181
11;2025-12-02;9;2489
11;2025-12-02;10;1947
11;2025-12-02;11;1874
11;2025-12-02;12;1941
11;2025-12-02;13;2078
11;2025-12-02;14;2049
11;2025-12-02;15;2116
11;2025-12-02;16;2357
11;2025-12-02;17;2942
11;2025-12-02;18;3052
11;2025-12-02;19;2300
11;2025-12-02;20;1463
11;2025-12-02;21;832
11;2025-12-02;22;421
11;2025-12-02;23;190
12;2025-12-02;0;29
12;2025-12-02;1;0
12;2025-12-02;2;0
12;2025-12-02;3;0
12;2025-12-02;4;0
12;2025-12-02;5;312
12;2025-12-02;6;1424
12;2025-12-02;7;2823
12;2025-12-02;8;3554
12;2025-12-02;9;2512
12;2025-12-02;10;2100
12;2025-12-02;11;2061
12;2025-12-02;12;2096
12;2025-12-02;13;2089
12;2025-12-02;14;2049
12;2025-12-02;15;2322
12;2025-12-02;16;2774
12;2025-12-02;17;3121
12;2025-12-02;18;3188
12;2025-12-02;19;2511
12;2025-12-02;20;1524
12;2025-12-02;21;880
12;2025-12-02;22;470
12;2025-12-02;23;227
17;2025-12-02;0;84
17;2025-12-02;1;0
17;2025-12-02;2;0
17;2025-12-02;3;0
17;2025-12-02;4;23
17;2025-12-02;5;314
17;2025-12-02;6;1559
17;2025-12-02;7;4063
17;2025-12-02;8;5466
17;2025-12-02;9;3837
17;2025-12-02;10;3044
17;2025-12-02;11;2947
17;2025-12-02;12;3049
17;2025-12-02;13;3132
17;2025-12-02;14;3188
17;2025-12-02;15;3306
17;2025-12-02;16;3658
17;2025-12-02;17;4502
17;2025-12-02;18;4948
17;2025-12-02;19;3458
17;2025-12-02;20;2351
17;2025-12-02;21;1428
17;2025-12-02;22;700
17;2025-12-02;23;349
25;2025-12-02;0;0
25;2025-12-02;1;0
25;2025-12-02;2;0
25;2025-12-02;3;0
25;2025-12-02;4;0
25;2025-12-02;5;8
25;2025-12-02;6;184
25;2025-12-02;7;542
25;2025-12-02;8;908
25;2025-12-02;9;483
25;2025-12-02;10;390
25;2025-12-02;11;410
25;2025-12-02;12;407
25;2025-12-02;13;474
25;2025-12-02;14;416
25;2025-12-02;15;518
25;2025-12-02;16;644
25;2025-12-02;17;713
25;2025-12-02;18;773
25;2025-12-02;19;514
25;2025-12-02;20;323
25;2025-12-02;21;192
25;2025-12-02;22;92
25;2025-12-02;23;15
26;2025-12-02;0;7
26;2025-12-02;1;0
26;2025-12-02;2;0
26;2025-12-02;3;0
26;2025-12-02;4;2
26;2025-12-02;5;88
26;2025-12-02;6;525
26;2025-12-02;7;1099
26;2025-12-02;8;2162
26;2025-12-02;9;1504
26;2025-12-02;10;1270
26;2025-12-02;11;1160
26;2025-12-02;12;1207
26;2025-12-02;13;1232
26;2025-12-02;14;1300
26;2025-12-02;15;1421
26;2025-12-02;16;1602
26;2025-12-02;17;1770
26;2025-12-02;18;1848
26;2025-12-02;19;1300
26;2025-12-02;20;779
26;2025-12-02;21;488
26;2025-12-02;22;216
26;2025-12-02;23;118
28;2025-12-02;0;1
28;2025-12-02;1;0
28;2025-12-02;2;0
28;2025-12-02;3;0
28;2025-12-02;4;3
28;2025-12-02;5;83
28;2025-12-02;6;285
28;2025-12-02;7;776
28;2025-12-02;8;1248
28;2025-12-02;9;865
28;2025-12-02;10;673
28;2025-12-02;11;583
28;2025-12-02;12;732
28;2025-12-02;13;771
28;2025-12-02;14;693
28;2025-12-02;15;731
28;2025-12-02;16;870
28;2025-12-02;17;1014
28;2025-12-02;18;953
28;2025-12-02;19;745
28;2025-12-02;20;517
28;2025-12-02;21;321
28;2025-12-02;22;135
28;2025-12-02;23;7
50;2025-12-02;0;8
50;2025-12-02;1;11
50;2025-12-02;2;0
50;2025-12-02;3;0
50;2025-12-02;4;3
50;2025-12-02;5;64
50;2025-12-02;6;576
50;2025-12-02;7;1813
50;2025-12-02;8;2832
50;2025-12-02;9;2230
50;2025-12-02;10;1728
50;2025-12-02;11;1601
50;2025-12-02;12;1514
50;2025-12-02;13;1528
50;2025-12-02;14;1470
50;2025-12-02;15;1760
50;2025-12-02;16;1825
50;2025-12-02;17;2403
50;2025-12-02;18;2504
50;2025-12-02;19;1539
50;2025-12-02;20;959
50;2025-12-02;21;617
50;2025-12-02;22;262
50;2025-12-02;23;136
1;2025-12-03;0;0
1;2025-12-03;1;0
1;2025-12-03;2;0
1;2025-12-03;3;0
1;2025-12-03;4;0
1;2025-12-03;5;129
1;2025-12-03;6;547
1;2025-12-03;7;1532
1;2025-12-03;8;1966
1;2025-12-03;9;1468
1;2025-12-03;10;1344
1;2025-12-03;11;1375
1;2025-12-03;12;1409
1;2025-12-03;13;1461
1;2025-12-03;14;1434
1;2025-12-03;15;1568
1;2025-12-03;16;1532
1;2025-12-03;17;1841
1;2025-12-03;18;1835
1;2025-12-03;19;1409
1;2025-12-03;20;884
1;2025-12-03;21;508
1;2025-12-03;22;274
1;2025-12-03;23;48
5;2025-12-03;0;0
5;2025-12-03;1;0
5;2025-12-03;2;0
5;2025-12-03;3;0
5;2025-12-03;4;0
5;2025-12-03;5;0
5;2025-12-03;6;0
5;2025-12-03;7;0
5;2025-12-03;8;0
5;2025-12-03;9;0
5;2025-12-03;10;0
5;2025-12-03;11;0
5;2025-12-03;12;0
5;2025-12-03;13;0
5;2025-12-03;14;0
5;2025-12-03;15;0
5;2025-12-03;16;0
5;2025-12-03;17;0
5;2025-12-03;18;0
5;2025-12-03;19;0
5;2025-12-03;20;0
5;2025-12-03;21;0
5;2025-12-03;22;0
5;2025-12-03;23;0
7;2025-12-03;0;56
7;2025-12-03;1;19
7;2025-12-03;2;0
7;2025-12-03;3;0
7;2025-12-03;4;0
7;2025-12-03;5;205
7;2025-12-03;6;720
7;2025-12-03;7;1706
7;2025-12-03;8;2632
7;2025-12-03;9;1969
7;2025-12-03;10;1775
7;2025-12-03;11;1588
7;2025-12-03;12;1712
7;2025-12-03;13;1663
7;2025-12-03;14;1780
7;2025-12-03;15;1905
7;2025-12-03;16;1976
7;2025-12-03;17;2486
7;2025-12-03;18;2701
7;2025-12-03;19;1847
7;2025-12-03;20;1164
7;2025-12-03;21;686
7;2025-12-03;22;367
7;2025-12-03;23;194
11;2025-12-03;0;49
11;2025-12-03;1;3
11;2025-12-03;2;0
11;2025-12-03;3;0
11;2025-12-03;4;0
11;2025-12-03;5;269
11;2025-12-03;6;1309
11;2025-12-03;7;2471
11;2025-12-03;8;3168
11;2025-12-03;9;2499
11;2025-12-03;10;1998
11;2025-12-03;11;1925
11;2025-12-03;12;1976
11;2025-12-03;13;2107
11;2025-12-03;14;2113
11;2025-12-03;15;2180
11;2025-12-03;16;2370
11;2025-12-03;17;2973
11;2025-12-03;18;3079
11;2025-12-03;19;2309
11;2025-12-03;20;1471
11;2025-12-03;21;855
11;2025-12-03;22;442
11;2025-12-03;23;200
12;2025-12-03;0;50
12;2025-12-03;1;0
12;2025-12-03;2;0
12;2025-12-03;3;0
12;2025-12-03;4;5
12;2025-12-03;5;332
12;2025-12-03;6;1424
12;2025-12-03;7;2815
12;2025-12-03;8;3567
12;2025-12-03;9;2517
12;2025-12-03;10;2113
12;2025-12-03;11;2091
12;2025-12-03;12;2086
12;2025-12-03;13;2090
12;2025-12-03;14;2062
12;2025-12-03;15;2322
12;2025-12-03;16;2804
12;2025-12-03;17;3135
12;2025-12-03;18;3205
12;2025-12-03;19;2510
12;2025-12-03;20;1505
12;2025-12-03;21;880
12;2025-12-03;22;479
12;2025-12-03;23;232
17;2025-12-03;0;114
17;2025-12-03;1;2
17;2025-12-03;2;0
17;2025-12-03;3;0
17;2025-12-03;4;26
17;2025-12-03;5;326
17;2025-12-03;6;1549
17;2025-12-03;7;4035
17;2025-12-03;8;5465
17;2025-12-03;9;3834
17;2025-12-03;10;3067
17;2025-12-03;11;2993
17;2025-12-03;12;3075
17;2025-12-03;13;3151
17;2025-12-03;14;3223
17;2025-12-03;15;3379
17;2025-12-03;16;3721
17;2025-12-03;17;4550
17;2025-12-03;18;4949
17;2025-12-03;19;3464
17;2025-12-03;20;2359
17;2025-12-03;21;1437
17;2025-12-03;22;705
17;2025-12-03;23;361
25;2025-12-03;0;0
25;2025-12-03;1;0
25;2025-12-03;2;0
25;2025-12-03;3;0
25;2025-12-03;4;0
25;2025-12-03;5;10
25;2025-12-03;6;181
25;2025-12-03;7;544
25;2025-12-03;8;898
25;2025-12-03;9;483
25;2025-12-03;10;391
25;2025-12-03;11;414
25;2025-12-03;12;424
25;2025-12-03;13;493
25;2025-12-03;14;439
25;2025-12-03;15;542
25;2025-12-03;16;664
25;2025-12-03;17;740
25;2025-12-03;18;797
25;2025-12-03;19;532
25;2025-12-03;20;339
25;2025-12-03;21;211
25;2025-12-03;22;99
25;2025-12-03;23;10
26;2025-12-03;0;21
26;2025-12-03;1;3
26;2025-12-03;2;0
26;2025-12-03;3;0
26;2025-12-03;4;3
26;2025-12-03;5;88
26;2025-12-03;6;515
26;2025-12-03;7;1097
26;2025-12-03;8;2138
26;2025-12-03;9;1508
26;2025-12-03;10;1265
26;2025-12-03;11;1179
26;2025-12-03;12;1210
26;2025-12-03;13;1247
26;2025-12-03;14;1328
26;2025-12-03;15;1432
26;2025-12-03;16;1608
26;2025-12-03;17;1759
26;2025-12-03;18;1830
26;2025-12-03;19;1284
26;2025-12-03;20;806
26;2025-12-03;21;519
26;2025-12-03;22;226
26;2025-12-03;23;131
28;2025-12-03;0;1
28;2025-12-03;1;0
28;2025-12-03;2;0
28;2025-12-03;3;0
28;2025-12-03;4;1
28;2025-12-03;5;85
28;2025-12-03;6;284
28;2025-12-03;7;768
28;2025-12-03;8;1241
28;2025-12-03;9;867
28;2025-12-03;10;656
28;2025-12-03;11;598
28;2025-12-03;12;731
28;2025-12-03;13;772
28;2025-12-03;14;687
28;2025-12-03;15;734
28;2025-12-03;16;898
28;2025-12-03;17;1042
28;2025-12-03;18;984
28;2025-12-03;19;746
28;2025-12-03;20;530
28;2025-12-03;21;321
28;2025-12-03;22;146
28;2025-12-03;23;5
50;2025-12-03;0;16
50;2025-12-03;1;18
50;2025-12-03;2;2
50;2025-12-03;3;0
50;2025-12-03;4;9
50;2025-12-03;5;75
50;2025-12-03;6;539
50;2025-12-03;7;1804
50;2025-12-03;8;2828
50;2025-12-03;9;2212
50;2025-12-03;10;1726
50;2025-12-03;11;1598
50;2025-12-03;12;1543
50;2025-12-03;13;1537
50;2025-12-03;14;1470
50;2025-12-03;15;1771
50;2025-12-03;16;1842
50;2025-12-03;17;2426
50;2025-12-03;18;2503
50;2025-12-03;19;1527
50;2025-12-03;20;941
50;2025-12-03;21;632
50;2025-12-03;22;282
50;2025-12-03;23;152
1;2025-12-04;0;0
1;2025-12-04;1;0
1;2025-12-04;2;0
1;2025-12-04;3;0
1;2025-12-04;4;0
1;2025-12-04;5;135
1;2025-12-04;6;556
1;2025-12-04;7;1552
1;2025-12-04;8;1964
1;2025-12-04;9;1507
1;2025-12-04;10;1366
1;2025-12-04;11;1371
1;2025-12-04;12;1428
1;2025-12-04;13;1450
1;2025-12-04;14;1405
1;2025-12-04;15;1568
1;2025-12-04;16;1534
1;2025-12-04;17;1835
1;2025-12-04;18;1838
1;2025-12-04;19;1399
1;2025-12-04;20;902
1;2025-12-04;21;514
1;2025-12-04;22;259
1;2025-12-04;23;50
5;2025-12-04;0;0
5;2025-12-04;1;0
5;2025-12-04;2;0
5;2025-12-04;3;0
5;2025-12-04;4;0
5;2025-12-04;5;0
5;2025-12-04;6;0
5;2025-12-04;7;0
5;2025-12-04;8;0
5;2025-12-04;9;0
5;2025-12-04;10;0
5;2025-12-04;11;0
5;2025-12-04;12;0
5;2025-12-04;13;0
5;2025-12-04;14;0
5;2025-12-04;15;0
5;2025-12-04;16;0
5;2025-12-04;17;0
5;2025-12-04;18;0
5;2025-12-04;19;0
5;2025-12-04;20;0
5;2025-12-04;21;0
5;2025-12-04;22;0
5;2025-12-04;23;0
7;2025-12-04;0;60
7;2025-12-04;1;9
7;2025-12-04;2;0
7;2025-12-04;3;0
7;2025-12-04;4;0
7;2025-12-04;5;197
7;2025-12-04;6;727
7;2025-12-04;7;1704
7;2025-12-04;8;2608
7;2025-12-04;9;1935
7;2025-12-04;10;1735
7;2025-12-04;11;1557
7;2025-12-04;12;1697
7;2025-12-04;13;1637
7;2025-12-04;14;1747
7;2025-12-04;15;1886
7;2025-12-04;16;1952
7;2025-12-04;17;2442
7;2025-12-04;18;2695
7;2025-12-04;19;1835
7;2025-12-04;20;1164
7;2025-12-04;21;667
7;2025-12-04;22;346
7;2025-12-04;23;196
11;2025-12-04;0;54
11;2025-12-04;1;4
11;2025-12-04;2;0
11;2025-12-04;3;0
11;2025-12-04;4;0
11;2025-12-04;5;274
11;2025-12-04;6;1354
11;2025-12-04;7;2485
11;2025-12-04;8;3192
11;2025-12-04;9;2527
11;2025-12-04;10;1996
11;2025-12-04;11;1949
11;2025-12-04;12;1985
11;2025-12-04;13;2082
11;2025-12-04;14;2104
11;2025-12-04;15;2162
11;2025-12-04;16;2364
11;2025-12-04;17;2964
11;2025-12-04;18;3101
11;2025-12-04;19;2322
11;2025-12-04;20;1476
11;2025-12-04;21;906
11;2025-12-04;22;467
11;2025-12-04;23;239
12;2025-12-04;0;49
12;2025-12-04;1;0
12;2025-12-04;2;0
12;2025-12-04;3;0
12;2025-12-04;4;9
12;2025-12-04;5;321
12;2025-12-04;6;1438
12;2025-12-04;7;2840
12;2025-12-04;8;3591
12;2025-12-04;9;2533
12;2025-12-04;10;2124
12;2025-12-04;11;2118
12;2025-12-04;12;2111
12;2025-12-04;13;2084
12;2025-12-04;14;2061
12;2025-12-04;15;2317
12;2025-12-04;16;2822
12;2025-12-04;17;3161
12;2025-12-04;18;3242
12;2025-12-04;19;2544
12;2025-12-04;20;1534
12;2025-12-04;21;905
12;2025-12-04;22;511
12;2025-12-04;23;270
17;2025-12-04;0;113
17;2025-12-04;1;0
17;2025-12-04;2;0
17;2025-12-04;3;0
17;2025-12-04;4;3
17;2025-12-04;5;321
17;2025-12-04;6;1572
17;2025-12-04;7;4059
17;2025-12-04;8;5478
17;2025-12-04;9;3859
17;2025-12-04;10;3087
17;2025-12-04;11;3018
17;2025-12-04;12;3075
17;2025-12-04;13;3161
17;2025-12-04;14;3230
17;2025-12-04;15;3382
17;2025-12-04;16;3736
17;2025-12-04;17;4574
17;2025-12-04;18;4996
17;2025-12-04;19;3499
17;2025-12-04;20;2402
17;2025-12-04;21;1474
17;2025-12-04;22;765
17;2025-12-04;23;398
25;2025-12-04;0;0
25;2025-12-04;1;0
25;2025-12-04;2;0
25;2025-12-04;3;0
25;2025-12-04;4;0
25;2025-12-04;5;7
25;2025-12-04;6;176
25;2025-12-04;7;538
25;2025-12-04;8;901
25;2025-12-04;9;466
25;2025-12-04;10;372
25;2025-12-04;11;409
25;2025-12-04;12;409
25;2025-12-04;13;476
25;2025-12-04;14;431
25;2025-12-04;15;538
25;2025-12-04;16;662
25;2025-12-04;17;730
25;2025-12-04;18;787
25;2025-12-04;19;523
25;2025-12-04;20;322
25;2025-12-04;21;204
25;2025-12-04;22;99
25;2025-12-04;23;3
26;2025-12-04;0;16
26;2025-12-04;1;0
26;2025-12-04;2;0
26;2025-12-04;3;0
26;2025-12-04;4;0
26;2025-12-04;5;88
26;2025-12-04;6;524
26;2025-12-04;7;1098
26;2025-12-04;8;2136
26;2025-12-04;9;1492
26;2025-12-04;10;1243
26;2025-12-04;11;1171
26;2025-12-04;12;1185
26;2025-12-04;13;1202
26;2025-12-04;14;1293
26;2025-12-04;15;1399
26;2025-12-04;16;1593
26;2025-12-04;17;1746
26;2025-12-04;18;1813
26;2025-12-04;19;1290
26;2025-12-04;20;803
26;2025-12-04;21;492
26;2025-12-04;22;233
26;2025-12-04;23;129
28;2025-12-04;0;1
28;2025-12-04;1;0
28;2025-12-04;2;0
28;2025-12-04;3;0
28;2025-12-04;4;0
28;2025-12-04;5;82
28;2025-12-04;6;290
28;2025-12-04;7;771
28;2025-12-04;8;1247
28;2025-12-04;9;863
28;2025-12-04;10;653
28;2025-12-04;11;587
28;2025-12-04;12;726
28;2025-12-04;13;761
28;2025-12-04;14;681
28;2025-12-04;15;728
28;2025-12-04;16;881
28;2025-12-04;17;1032
28;2025-12-04;18;973
28;2025-12-04;19;723
28;2025-12-04;20;523
28;2025-12-04;21;321
28;2025-12-04;22;151
28;2025-12-04;23;11
50;2025-12-04;0;23
50;2025-12-04;1;10
50;2025-12-04;2;0
50;2025-12-04;3;0
50;2025-12-04;4;0
50;2025-12-04;5;67
50;2025-12-04;6;554
50;2025-12-04;7;1797
50;2025-12-04;8;2818
50;2025-12-04;9;2215
50;2025-12-04;10;1712
50;2025-12-04;11;1593
50;2025-12-04;12;1538
50;2025-12-04;13;1518
50;2025-12-04;14;1461
50;2025-12-04;15;1752
50;2025-12-04;16;1837
50;2025-12-04;17;2396
50;2025-12-04;18;2465
50;2025-12-04;19;1514
50;2025-12-04;20;940
50;2025-12-04;21;632
50;2025-12-04;22;278
50;2025-12-04;23;154
1;2025-12-05;0;0
1;2025-12-05;1;0
1;2025-12-05;2;0
1;2025-12-05;3;0
1;2025-12-05;4;0
1;2025-12-05;5;127
1;2025-12-05;6;532
1;2025-12-05;7;1538
1;2025-12-05;8;1905
1;2025-12-05;9;1498
1;2025-12-05;10;1332
1;2025-12-05;11;1393
1;2025-12-05;12;1416
1;2025-12-05;13;1446
1;2025-12-05;14;1403
1;2025-12-05;15;1582
1;2025-12-05;16;1583
1;2025-12-05;17;1844
1;2025-12-05;18;1679
1;2025-12-05;19;1251
1;2025-12-05;20;833
1;2025-12-05;21;516
1;2025-12-05;22;242
1;2025-12-05;23;41
5;2025-12-05;0;0
5;2025-12-05;1;0
5;2025-12-05;2;0
5;2025-12-05;3;0
5;2025-12-05;4;0
5;2025-12-05;5;0
5;2025-12-05;6;0
5;2025-12-05;7;0
5;2025-12-05;8;0
5;2025-12-05;9;0
5;2025-12-05;10;0
5;2025-12-05;11;0
5;2025-12-05;12;0
5;2025-12-05;13;0
5;2025-12-05;14;0
5;2025-12-05;15;0
5;2025-12-05;16;0
5;2025-12-05;17;0
5;2025-12-05;18;0
5;2025-12-05;19;0
5;2025-12-05;20;0
5;2025-12-05;21;0
5;2025-12-05;22;0
5;2025-12-05;23;0
7;2025-12-05;0;61
7;2025-12-05;1;3
7;2025-12-05;2;0
7;2025-12-05;3;0
7;2025-12-05;4;0
7;2025-12-05;5;172
7;2025-12-05;6;687
7;2025-12-05;7;1672
7;2025-12-05;8;2526
7;2025-12-05;9;1886
7;2025-12-05;10;1717
7;2025-12-05;11;1550
7;2025-12-05;12;1693
7;2025-12-05;13;1696
7;2025-12-05;14;1778
7;2025-12-05;15;1928
7;2025-12-05;16;2025
7;2025-12-05;17;2343
7;2025-12-05;18;2297
7;2025-12-05;19;1662
7;2025-12-05;20;1124
7;2025-12-05;21;636
7;2025-12-05;22;350
7;2025-12-05;23;215
11;2025-12-05;0;61
11;2025-12-05;1;0
11;2025-12-05;2;0
11;2025-12-05;3;0
11;2025-12-05;4;0
11;2025-12-05;5;278
11;2025-12-05;6;1336
11;2025-12-05;7;2420
11;2025-12-05;8;3083
11;2025-12-05;9;2424
11;2025-12-05;10;1929
11;2025-12-05;11;1939
11;2025-12-05;12;2012
11;2025-12-05;13;2058
11;2025-12-05;14;2131
11;2025-12-05;15;2209
11;2025-12-05;16;2450
11;2025-12-05;17;2969
11;2025-12-05;18;2825
11;2025-12-05;19;2177
11;2025-12-05;20;1447
11;2025-12-05;21;896
11;2025-12-05;22;460
11;2025-12-05;23;272
12;2025-12-05;0;52
12;2025-12-05;1;0
12;2025-12-05;2;0
12;2025-12-05;3;0
12;2025-12-05;4;1
12;2025-12-05;5;321
12;2025-12-05;6;1396
12;2025-12-05;7;2764
12;2025-12-05;8;3437
12;2025-12-05;9;2448
12;2025-12-05;10;2030
12;2025-12-05;11;2048
12;2025-12-05;12;2080
12;2025-12-05;13;2109
12;2025-12-05;14;2071
12;2025-12-05;15;2362
12;2025-12-05;16;2842
12;2025-12-05;17;3074
12;2025-12-05;18;2843
12;2025-12-05;19;2362
12;2025-12-05;20;1465
12;2025-12-05;21;911
12;2025-12-05;22;504
12;2025-12-05;23;288
17;2025-12-05;0;127
17;2025-12-05;1;4
17;2025-12-05;2;0
17;2025-12-05;3;0
17;2025-12-05;4;18
17;2025-12-05;5;315
17;2025-12-05;6;1567
17;2025-12-05;7;3993
17;2025-12-05;8;5221
17;2025-12-05;9;3750
17;2025-12-05;10;3005
17;2025-12-05;11;3002
17;2025-12-05;12;3076
17;2025-12-05;13;3199
17;2025-12-05;14;3264
17;2025-12-05;15;3475
17;2025-12-05;16;3828
17;2025-12-05;17;4566
17;2025-12-05;18;4661
17;2025-12-05;19;3356
17;2025-12-05;20;2385
17;2025-12-05;21;1544
17;2025-12-05;22;773
17;2025-12-05;23;456
25;2025-12-05;0;0
25;2025-12-05;1;0
25;2025-12-05;2;0
25;2025-12-05;3;0
25;2025-12-05;4;0
25;2025-12-05;5;4
25;2025-12-05;6;167
25;2025-12-05;7;527
25;2025-12-05;8;862
25;2025-12-05;9;440
25;2025-12-05;10;356
25;2025-12-05;11;401
25;2025-12-05;12;404
25;2025-12-05;13;487
25;2025-12-05;14;458
25;2025-12-05;15;569
25;2025-12-05;16;727
25;2025-12-05;17;727
25;2025-12-05;18;713
25;2025-12-05;19;506
25;2025-12-05;20;313
25;2025-12-05;21;205
25;2025-12-05;22;90
25;2025-12-05;23;0
26;2025-12-05;0;18
26;2025-12-05;1;0
26;2025-12-05;2;0
26;2025-12-05;3;0
26;2025-12-05;4;0
26;2025-12-05;5;62
26;2025-12-05;6;510
26;2025-12-05;7;1077
26;2025-12-05;8;2023
26;2025-12-05;9;1431
26;2025-12-05;10;1224
26;2025-12-05;11;1155
26;2025-12-05;12;1179
26;2025-12-05;13;1212
26;2025-12-05;14;1305
26;2025-12-05;15;1420
26;2025-12-05;16;1661
26;2025-12-05;17;1742
26;2025-12-05;18;1615
26;2025-12-05;19;1152
26;2025-12-05;20;745
26;2025-12-05;21;468
26;2025-12-05;22;210
26;2025-12-05;23;142
28;2025-12-05;0;1
28;2025-12-05;1;0
28;2025-12-05;2;0
28;2025-12-05;3;0
28;2025-12-05;4;0
28;2025-12-05;5;73
28;2025-12-05;6;263
28;2025-12-05;7;760
28;2025-12-05;8;1199
28;2025-12-05;9;838
28;2025-12-05;10;652
28;2025-12-05;11;595
28;2025-12-05;12;726
28;2025-12-05;13;739
28;2025-12-05;14;684
28;2025-12-05;15;753
28;2025-12-05;16;906
28;2025-12-05;17;1017
28;2025-12-05;18;892
28;2025-12-05;19;677
28;2025-12-05;20;488
28;2025-12-05;21;332
28;2025-12-05;22;151
28;2025-12-05;23;12
50;2025-12-05;0;30
50;2025-12-05;1;1
50;2025-12-05;2;0
50;2025-12-05;3;0
50;2025-12-05;4;0
50;2025-12-05;5;58
50;2025-12-05;6;537
50;2025-12-05;7;1742
50;2025-12-05;8;2724
50;2025-12-05;9;2121
50;2025-12-05;10;1650
50;2025-12-05;11;1605
50;2025-12-05;12;1528
50;2025-12-05;13;1549
50;2025-12-05;14;1491
50;2025-12-05;15;1790
50;2025-12-05;16;1916
50;2025-12-05;17;2286
50;2025-12-05;18;2031
50;2025-12-05;19;1281
50;2025-12-05;20;848
50;2025-12-05;21;578
50;2025-12-05;22;282
50;2025-12-05;23;166
1;2025-12-06;0;0
1;2025-12-06;1;0
1;2025-12-06;2;0
1;2025-12-06;3;0
1;2025-12-06;4;0
1;2025-12-06;5;21
1;2025-12-06;6;188
1;2025-12-06;7;339
1;2025-12-06;8;462
1;2025-12-06;9;752
1;2025-12-06;10;850
1;2025-12-06;11;805
1;2025-12-06;12;992
1;2025-12-06;13;994
1;2025-12-06;14;960
1;2025-12-06;15;878
1;2025-12-06;16;790
1;2025-12-06;17;747
1;2025-12-06;18;617
1;2025-12-06;19;543
1;2025-12-06;20;409
1;2025-12-06;21;314
1;2025-12-06;22;119
1;2025-12-06;23;18
5;2025-12-06;0;0
5;2025-12-06;1;0
5;2025-12-06;2;0
5;2025-12-06;3;0
5;2025-12-06;4;0
5;2025-12-06;5;0
5;2025-12-06;6;0
5;2025-12-06;7;0
5;2025-12-06;8;0
5;2025-12-06;9;0
5;2025-12-06;10;0
5;2025-12-06;11;0
5;2025-12-06;12;0
5;2025-12-06;13;0
5;2025-12-06;14;0
5;2025-12-06;15;0
5;2025-12-06;16;0
5;2025-12-06;17;0
5;2025-12-06;18;0
5;2025-12-06;19;0
5;2025-12-06;20;0
5;2025-12-06;21;0
5;2025-12-06;22;0
5;2025-12-06;23;0
7;2025-12-06;0;73
7;2025-12-06;1;18
7;2025-12-06;2;0
7;2025-12-06;3;0
7;2025-12-06;4;0
7;2025-12-06;5;48
7;2025-12-06;6;291
7;2025-12-06;7;483
7;2025-12-06;8;883
7;2025-12-06;9;999
7;2025-12-06;10;1015
7;2025-12-06;11;1107
7;2025-12-06;12;1326
7;2025-12-06;13;1316
7;2025-12-06;14;1422
7;2025-12-06;15;1408
7;2025-12-06;16;1392
7;2025-12-06;17;1359
7;2025-12-06;18;1266
7;2025-12-06;19;1158
7;2025-12-06;20;811
7;2025-12-06;21;579
7;2025-12-06;22;305
7;2025-12-06;23;149
11;2025-12-06;0;81
11;2025-12-06;1;0
11;2025-12-06;2;0
11;2025-12-06;3;0
11;2025-12-06;4;0
11;2025-12-06;5;189
11;2025-12-06;6;807
11;2025-12-06;7;792
11;2025-12-06;8;1047
11;2025-12-06;9;1196
11;2025-12-06;10;1310
11;2025-12-06;11;1601
11;2025-12-06;12;1668
11;2025-12-06;13;1705
11;2025-12-06;14;1769
11;2025-12-06;15;1754
11;2025-12-06;16;1796
11;2025-12-06;17;1926
11;2025-12-06;18;1640
11;2025-12-06;19;1452
11;2025-12-06;20;1055
11;2025-12-06;21;736
11;2025-12-06;22;407
11;2025-12-06;23;256
12;2025-12-06;0;76
12;2025-12-06;1;0
12;2025-12-06;2;0
12;2025-12-06;3;0
12;2025-12-06;4;0
12;2025-12-06;5;239
12;2025-12-06;6;856
12;2025-12-06;7;967
12;2025-12-06;8;1106
12;2025-12-06;9;1254
12;2025-12-06;10;1468
12;2025-12-06;11;1551
12;2025-12-06;12;1503
12;2025-12-06;13;1702
12;2025-12-06;14;1681
12;2025-12-06;15;1583
12;2025-12-06;16;1687
12;2025-12-06;17;1698
12;2025-12-06;18;1526
12;2025-12-06;19;1344
12;2025-12-06;20;1002
12;2025-12-06;21;709
12;2025-12-06;22;395
12;2025-12-06;23;265
17;2025-12-06;0;158
17;2025-12-06;1;8
17;2025-12-06;2;0
17;2025-12-06;3;0
17;2025-12-06;4;0
17;2025-12-06;5;129
17;2025-12-06;6;593
17;2025-12-06;7;1223
17;2025-12-06;8;1732
17;2025-12-06;9;2136
17;2025-12-06;10;2291
17;2025-12-06;11;2719
17;2025-12-06;12;2919
17;2025-12-06;13;3042
17;2025-12-06;14;3122
17;2025-12-06;15;3189
17;2025-12-06;16;3253
17;2025-12-06;17;3141
17;2025-12-06;18;2931
17;2025-12-06;19;2369
17;2025-12-06;20;1865
17;2025-12-06;21;1326
17;2025-12-06;22;838
17;2025-12-06;23;412
25;2025-12-06;0;0
25;2025-12-06;1;0
25;2025-12-06;2;0
25;2025-12-06;3;0
25;2025-12-06;4;0
25;2025-12-06;5;0
25;2025-12-06;6;69
25;2025-12-06;7;136
25;2025-12-06;8;286
25;2025-12-06;9;282
25;2025-12-06;10;265
25;2025-12-06;11;339
25;2025-12-06;12;367
25;2025-12-06;13;487
25;2025-12-06;14;470
25;2025-12-06;15;599
25;2025-12-06;16;548
25;2025-12-06;17;491
25;2025-12-06;18;467
25;2025-12-06;19;391
25;2025-12-06;20;243
25;2025-12-06;21;181
25;2025-12-06;22;87
25;2025-12-06;23;37
26;2025-12-06;0;20
26;2025-12-06;1;0
26;2025-12-06;2;0
26;2025-12-06;3;0
26;2025-12-06;4;0
26;2025-12-06;5;22
26;2025-12-06;6;274
26;2025-12-06;7;353
26;2025-12-06;8;640
26;2025-12-06;9;692
26;2025-12-06;10;799
26;2025-12-06;11;956
26;2025-12-06;12;969
26;2025-12-06;13;1030
26;2025-12-06;14;1005
26;2025-12-06;15;1000
26;2025-12-06;16;1033
26;2025-12-06;17;974
26;2025-12-06;18;906
26;2025-12-06;19;782
26;2025-12-06;20;531
26;2025-12-06;21;357
26;2025-12-06;22;189
26;2025-12-06;23;134
28;2025-12-06;0;1
28;2025-12-06;1;0
28;2025-12-06;2;0
28;2025-12-06;3;0
28;2025-12-06;4;0
28;2025-12-06;5;28
28;2025-12-06;6;114
28;2025-12-06;7;216
28;2025-12-06;8;371
28;2025-12-06;9;441
28;2025-12-06;10;459
28;2025-12-06;11;449
28;2025-12-06;12;572
28;2025-12-06;13;588
28;2025-12-06;14;571
28;2025-12-06;15;598
28;2025-12-06;16;605
28;2025-12-06;17;582
28;2025-12-06;18;490
28;2025-12-06;19;409
28;2025-12-06;20;338
28;2025-12-06;21;267
28;2025-12-06;22;116
28;2025-12-06;23;4
50;2025-12-06;0;46
50;2025-12-06;1;2
50;2025-12-06;2;0
50;2025-12-06;3;0
50;2025-12-06;4;0
50;2025-12-06;5;29
50;2025-12-06;6;236
50;2025-12-06;7;409
50;2025-12-06;8;717
50;2025-12-06;9;773
50;2025-12-06;10;743
50;2025-12-06;11;886
50;2025-12-06;12;910
50;2025-12-06;13;927
50;2025-12-06;14;955
50;2025-12-06;15;985
50;2025-12-06;16;997
50;2025-12-06;17;1003
50;2025-12-06;18;803
50;2025-12-06;19;726
50;2025-12-06;20;532
50;2025-12-06;21;394
50;2025-12-06;22;200
50;2025-12-06;23;134
1;2025-12-07;0;0
1;2025-12-07;1;0
1;2025-12-07;2;0
1;2025-12-07;3;0
1;2025-12-07;4;0
1;2025-12-07;5;12
1;2025-12-07;6;89
1;2025-12-07;7;202
1;2025-12-07;8;303
1;2025-12-07;9;563
1;2025-12-07;10;669
1;2025-12-07;11;643
1;2025-12-07;12;772
1;2025-12-07;13;789
1;2025-12-07;14;751
1;2025-12-07;15;704
1;2025-12-07;16;617
1;2025-12-07;17;590
1;2025-12-07;18;508
1;2025-12-07;19;394
1;2025-12-07;20;302
1;2025-12-07;21;243
1;2025-12-07;22;80
1;2025-12-07;23;16
5;2025-12-07;0;0
5;2025-12-07;1;0
5;2025-12-07;2;0
5;2025-12-07;3;0
5;2025-12-07;4;0
5;2025-12-07;5;0
5;2025-12-07;6;0
5;2025-12-07;7;0
5;2025-12-07;8;0
5;2025-12-07;9;0
5;2025-12-07;10;0
5;2025-12-07;11;0
5;2025-12-07;12;0
5;2025-12-07;13;0
5;2025-12-07;14;0
5;2025-12-07;15;0
5;2025-12-07;16;0
5;2025-12-07;17;0
5;2025-12-07;18;0
5;2025-12-07;19;0
5;2025-12-07;20;0
5;2025-12-07;21;0
5;2025-12-07;22;0
5;2025-12-07;23;0
7;2025-12-07;0;66
7;2025-12-07;1;5
7;2025-12-07;2;0
7;2025-12-07;3;0
7;2025-12-07;4;0
7;2025-12-07;5;10
7;2025-12-07;6;201
7;2025-12-07;7;312
7;2025-12-07;8;509
7;2025-12-07;9;668
7;2025-12-07;10;707
7;2025-12-07;11;906
7;2025-12-07;12;1110
7;2025-12-07;13;1150
7;2025-12-07;14;1248
7;2025-12-07;15;1152
7;2025-12-07;16;1087
7;2025-12-07;17;1123
7;2025-12-07;18;1011
7;2025-12-07;19;864
7;2025-12-07;20;594
7;2025-12-07;21;490
7;2025-12-07;22;265
7;2025-12-07;23;120
11;2025-12-07;0;92
11;2025-12-07;1;0
11;2025-12-07;2;0
11;2025-12-07;3;0
11;2025-12-07;4;0
11;2025-12-07;5;116
11;2025-12-07;6;493
11;2025-12-07;7;548
11;2025-12-07;8;691
11;2025-12-07;9;921
11;2025-12-07;10;1029
11;2025-12-07;11;1433
11;2025-12-07;12;1483
11;2025-12-07;13;1528
11;2025-12-07;14;1561
11;2025-12-07;15;1583
11;2025-12-07;16;1612
11;2025-12-07;17;1745
11;2025-12-07;18;1477
11;2025-12-07;19;1167
11;2025-12-07;20;855
11;2025-12-07;21;604
11;2025-12-07;22;334
11;2025-12-07;23;199
12;2025-12-07;0;69
12;2025-12-07;1;0
12;2025-12-07;2;0
12;2025-12-07;3;0
12;2025-12-07;4;0
12;2025-12-07;5;145
12;2025-12-07;6;475
12;2025-12-07;7;676
12;2025-12-07;8;750
12;2025-12-07;9;953
12;2025-12-07;10;1211
12;2025-12-07;11;1379
12;2025-12-07;12;1397
12;2025-12-07;13;1590
12;2025-12-07;14;1545
12;2025-12-07;15;1445
12;2025-12-07;16;1533
12;2025-12-07;17;1572
12;2025-12-07;18;1379
12;2025-12-07;19;1032
12;2025-12-07;20;744
12;2025-12-07;21;553
12;2025-12-07;22;348
12;2025-12-07;23;200
17;2025-12-07;0;112
17;2025-12-07;1;2
17;2025-12-07;2;0
17;2025-12-07;3;0
17;2025-12-07;4;0
17;2025-12-07;5;92
17;2025-12-07;6;418
17;2025-12-07;7;771
17;2025-12-07;8;1288
17;2025-12-07;9;1741
17;2025-12-07;10;2034
17;2025-12-07;11;2549
17;2025-12-07;12;2855
17;2025-12-07;13;2969
17;2025-12-07;14;3054
17;2025-12-07;15;3098
17;2025-12-07;16;3130
17;2025-12-07;17;2980
17;2025-12-07;18;2632
17;2025-12-07;19;2158
17;2025-12-07;20;1616
17;2025-12-07;21;1130
17;2025-12-07;22;698
17;2025-12-07;23;289
25;2025-12-07;0;9
25;2025-12-07;1;0
25;2025-12-07;2;0
25;2025-12-07;3;0
25;2025-12-07;4;0
25;2025-12-07;5;0
25;2025-12-07;6;35
25;2025-12-07;7;74
25;2025-12-07;8;165
25;2025-12-07;9;175
25;2025-12-07;10;199
25;2025-12-07;11;246
25;2025-12-07;12;279
25;2025-12-07;13;390
25;2025-12-07;14;402
25;2025-12-07;15;494
25;2025-12-07;16;464
25;2025-12-07;17;407
25;2025-12-07;18;366
25;2025-12-07;19;291
25;2025-12-07;20;187
25;2025-12-07;21;154
25;2025-12-07;22;71
25;2025-12-07;23;23
26;2025-12-07;0;25
26;2025-12-07;1;0
26;2025-12-07;2;0
26;2025-12-07;3;0
26;2025-12-07;4;0
26;2025-12-07;5;2
26;2025-12-07;6;137
26;2025-12-07;7;196
26;2025-12-07;8;361
26;2025-12-07;9;463
26;2025-12-07;10;553
26;2025-12-07;11;758
26;2025-12-07;12;802
26;2025-12-07;13;867
26;2025-12-07;14;830
26;2025-12-07;15;776
26;2025-12-07;16;796
26;2025-12-07;17;755
26;2025-12-07;18;688
26;2025-12-07;19;524
26;2025-12-07;20;382
26;2025-12-07;21;279
26;2025-12-07;22;144
26;2025-12-07;23;100
28;2025-12-07;0;1
28;2025-12-07;1;0
28;2025-12-07;2;0
28;2025-12-07;3;0
28;2025-12-07;4;0
28;2025-12-07;5;18
28;2025-12-07;6;64
28;2025-12-07;7;127
28;2025-12-07;8;224
28;2025-12-07;9;300
28;2025-12-07;10;354
28;2025-12-07;11;381
28;2025-12-07;12;439
28;2025-12-07;13;473
28;2025-12-07;14;475
28;2025-12-07;15;482
28;2025-12-07;16;469
28;2025-12-07;17;451
28;2025-12-07;18;388
28;2025-12-07;19;320
28;2025-12-07;20;254
28;2025-12-07;21;222
28;2025-12-07;22;93
28;2025-12-07;23;0
50;2025-12-07;0;27
50;2025-12-07;1;0
50;2025-12-07;2;0
50;2025-12-07;3;0
50;2025-12-07;4;0
50;2025-12-07;5;14
50;2025-12-07;6;159
50;2025-12-07;7;243
50;2025-12-07;8;408
50;2025-12-07;9;495
50;2025-12-07;10;496
50;2025-12-07;11;635
50;2025-12-07;12;692
50;2025-12-07;13;802
50;2025-12-07;14;810
50;2025-12-07;15;736
50;2025-12-07;16;769
50;2025-12-07;17;746
50;2025-12-07;18;650
50;2025-12-07;19;546
50;2025-12-07;20;434
50;2025-12-07;21;313
50;2025-12-07;22;162
50;2025-12-07;23;97
1;2025-12-08;0;0
1;2025-12-08;1;0
1;2025-12-08;2;0
1;2025-12-08;3;0
1;2025-12-08;4;0
1;2025-12-08;5;145
1;2025-12-08;6;540
1;2025-12-08;7;1484
1;2025-12-08;8;1880
1;2025-12-08;9;1442
1;2025-12-08;10;1307
1;2025-12-08;11;1330
1;2025-12-08;12;1388
1;2025-12-08;13;1406
1;2025-12-08;14;1386
1;2025-12-08;15;1509
1;2025-12-08;16;1526
1;2025-12-08;17;1820
1;2025-12-08;18;1822
1;2025-12-08;19;1407
1;2025-12-08;20;890
1;2025-12-08;21;488
1;2025-12-08;22;209
1;2025-12-08;23;31
5;2025-12-08;0;0
5;2025-12-08;1;0
5;2025-12-08;2;0
5;2025-12-08;3;0
5;2025-12-08;4;0
5;2025-12-08;5;0
5;2025-12-08;6;0
5;2025-12-08;7;0
5;2025-12-08;8;0
5;2025-12-08;9;0
5;2025-12-08;10;0
5;2025-12-08;11;0
5;2025-12-08;12;0
5;2025-12-08;13;0
5;2025-12-08;14;0
5;2025-12-08;15;0
5;2025-12-08;16;0
5;2025-12-08;17;0
5;2025-12-08;18;0
5;2025-12-08;19;0
5;2025-12-08;20;0
5;2025-12-08;21;0
5;2025-12-08;22;0
5;2025-12-08;23;0
7;2025-12-08;0;34
7;2025-12-08;1;0
7;2025-12-08;2;0
7;2025-12-08;3;0
7;2025-12-08;4;0
7;2025-12-08;5;184
7;2025-12-08;6;719
7;2025-12-08;7;1663
7;2025-12-08;8;2559
7;2025-12-08;9;1881
7;2025-12-08;10;1666
7;2025-12-08;11;1477
7;2025-12-08;12;1589
7;2025-12-08;13;1591
7;2025-12-08;14;1700
7;2025-12-08;15;1793
7;2025-12-08;16;1903
7;2025-12-08;17;2368
7;2025-12-08;18;2647
7;2025-12-08;19;1766
7;2025-12-08;20;1114
7;2025-12-08;21;584
7;2025-12-08;22;278
7;2025-12-08;23;152
11;2025-12-08;0;64
11;2025-12-08;1;0
11;2025-12-08;2;0
11;2025-12-08;3;0
11;2025-12-08;4;0
11;2025-12-08;5;275
11;2025-12-08;6;1340
11;2025-12-08;7;2425
11;2025-12-08;8;3258
11;2025-12-08;9;2480
11;2025-12-08;10;1846
11;2025-12-08;11;1900
11;2025-12-08;12;1908
11;2025-12-08;13;2030
11;2025-12-08;14;2047
11;2025-12-08;15;2133
11;2025-12-08;16;2348
11;2025-12-08;17;2949
11;2025-12-08;18;3196
11;2025-12-08;19;2328
11;2025-12-08;20;1535
11;2025-12-08;21;837
11;2025-12-08;22;395
11;2025-12-08;23;175
12;2025-12-08;0;54
12;2025-12-08;1;0
12;2025-12-08;2;0
12;2025-12-08;3;0
12;2025-12-08;4;0
12;2025-12-08;5;310
12;2025-12-08;6;1336
12;2025-12-08;7;2766
12;2025-12-08;8;3670
12;2025-12-08;9;2512
12;2025-12-08;10;2129
12;2025-12-08;11;2059
12;2025-12-08;12;2168
12;2025-12-08;13;2149
12;2025-12-08;14;2126
12;2025-12-08;15;2402
12;2025-12-08;16;2911
12;2025-12-08;17;3209
12;2025-12-08;18;3309
12;2025-12-08;19;2521
12;2025-12-08;20;1578
12;2025-12-08;21;937
12;2025-12-08;22;442
12;2025-12-08;23;217
17;2025-12-08;0;48
17;2025-12-08;1;0
17;2025-12-08;2;0
17;2025-12-08;3;0
17;2025-12-08;4;8
17;2025-12-08;5;315
17;2025-12-08;6;1557
17;2025-12-08;7;4116
17;2025-12-08;8;5448
17;2025-12-08;9;3858
17;2025-12-08;10;3023
17;2025-12-08;11;2993
17;2025-12-08;12;3064
17;2025-12-08;13;3106
17;2025-12-08;14;3205
17;2025-12-08;15;3343
17;2025-12-08;16;3753
17;2025-12-08;17;4602
17;2025-12-08;18;4974
17;2025-12-08;19;3509
17;2025-12-08;20;2370
17;2025-12-08;21;1453
17;2025-12-08;22;734
17;2025-12-08;23;311
25;2025-12-08;0;0
25;2025-12-08;1;0
25;2025-12-08;2;0
25;2025-12-08;3;0
25;2025-12-08;4;0
25;2025-12-08;5;2
25;2025-12-08;6;153
25;2025-12-08;7;530
25;2025-12-08;8;875
25;2025-12-08;9;450
25;2025-12-08;10;343
25;2025-12-08;11;357
25;2025-12-08;12;359
25;2025-12-08;13;447
25;2025-12-08;14;384
25;2025-12-08;15;467
25;2025-12-08;16;639
25;2025-12-08;17;701
25;2025-12-08;18;736
25;2025-12-08;19;482
25;2025-12-08;20;277
25;2025-12-08;21;171
25;2025-12-08;22;73
25;2025-12-08;23;0
26;2025-12-08;0;5
26;2025-12-08;1;0
26;2025-12-08;2;0
26;2025-12-08;3;0
26;2025-12-08;4;0
26;2025-12-08;5;80
26;2025-12-08;6;496
26;2025-12-08;7;1086
26;2025-12-08;8;2134
26;2025-12-08;9;1455
26;2025-12-08;10;1213
26;2025-12-08;11;1116
26;2025-12-08;12;1146
26;2025-12-08;13;1223
26;2025-12-08;14;1243
26;2025-12-08;15;1349
26;2025-12-08;16;1556
26;2025-12-08;17;1718
26;2025-12-08;18;1874
26;2025-12-08;19;1290
26;2025-12-08;20;768
26;2025-12-08;21;452
26;2025-12-08;22;197
26;2025-12-08;23;96
28;2025-12-08;0;1
28;2025-12-08;1;0
28;2025-12-08;2;0
28;2025-12-08;3;0
28;2025-12-08;4;0
28;2025-12-08;5;73
28;2025-12-08;6;261
28;2025-12-08;7;758
28;2025-12-08;8;1220
28;2025-12-08;9;863
28;2025-12-08;10;629
28;2025-12-08;11;541
28;2025-12-08;12;674
28;2025-12-08;13;706
28;2025-12-08;14;633
28;2025-12-08;15;674
28;2025-12-08;16;817
28;2025-12-08;17;978
28;2025-12-08;18;966
28;2025-12-08;19;711
28;2025-12-08;20;475
28;2025-12-08;21;292
28;2025-12-08;22;116
28;2025-12-08;23;3
50;2025-12-08;0;10
50;2025-12-08;1;0
50;2025-12-08;2;0
50;2025-12-08;3;0
50;2025-12-08;4;0
50;2025-12-08;5;56
50;2025-12-08;6;496
50;2025-12-08;7;1722
50;2025-12-08;8;2793
50;2025-12-08;9;2161
50;2025-12-08;10;1670
50;2025-12-08;11;1590
50;2025-12-08;12;1457
50;2025-12-08;13;1473
50;2025-12-08;14;1446
50;2025-12-08;15;1706
50;2025-12-08;16;1717
50;2025-12-08;17;2362
50;2025-12-08;18;2486
50;2025-12-08;19;1496
50;2025-12-08;20;909
50;2025-12-08;21;582
50;2025-12-08;22;235
50;2025-12-08;23;113
1;2025-12-09;0;0
1;2025-12-09;1;0
1;2025-12-09;2;0
1;2025-12-09;3;0
1;2025-12-09;4;0
1;2025-12-09;5;131
1;2025-12-09;6;562
1;2025-12-09;7;1553
1;2025-12-09;8;1960
1;2025-12-09;9;1533
1;2025-12-09;10;1383
1;2025-12-09;11;1390
1;2025-12-09;12;1431
1;2025-12-09;13;1461
1;2025-12-09;14;1435
1;2025-12-09;15;1571
1;2025-12-09;16;1542
1;2025-12-09;17;1837
1;2025-12-09;18;1849
1;2025-12-09;19;1411
1;2025-12-09;20;922
1;2025-12-09;21;526
1;2025-12-09;22;248
1;2025-12-09;23;41
5;2025-12-09;0;0
5;2025-12-09;1;0
5;2025-12-09;2;0
5;2025-12-09;3;0
5;2025-12-09;4;0
5;2025-12-09;5;0
5;2025-12-09;6;0
5;2025-12-09;7;0
5;2025-12-09;8;0
5;2025-12-09;9;0
5;2025-12-09;10;0
5;2025-12-09;11;0
5;2025-12-09;12;0
5;2025-12-09;13;0
5;2025-12-09;14;0
5;2025-12-09;15;0
5;2025-12-09;16;0
5;2025-12-09;17;0
5;2025-12-09;18;0
5;2025-12-09;19;0
5;2025-12-09;20;0
5;2025-12-09;21;0
5;2025-12-09;22;0
5;2025-12-09;23;0
7;2025-12-09;0;33
7;2025-12-09;1;0
7;2025-12-09;2;0
7;2025-12-09;3;0
7;2025-12-09;4;0
7;2025-12-09;5;189
7;2025-12-09;6;755
7;2025-12-09;7;1738
7;2025-12-09;8;2620
7;2025-12-09;9;1965
7;2025-12-09;10;1738
7;2025-12-09;11;1571
7;2025-12-09;12;1695
7;2025-12-09;13;1654
7;2025-12-09;14;1791
7;2025-12-09;15;1883
7;2025-12-09;16;1981
7;2025-12-09;17;2466
7;2025-12-09;18;2680
7;2025-12-09;19;1852
7;2025-12-09;20;1144
7;2025-12-09;21;643
7;2025-12-09;22;306
7;2025-12-09;23;168
11;2025-12-09;0;62
11;2025-12-09;1;0
11;2025-12-09;2;0
11;2025-12-09;3;0
11;2025-12-09;4;0
11;2025-12-09;5;275
11;2025-12-09;6;1343
11;2025-12-09;7;2537
11;2025-12-09;8;3317
11;2025-12-09;9;2572
11;2025-12-09;10;1972
11;2025-12-09;11;1945
11;2025-12-09;12;2002
11;2025-12-09;13;2138
11;2025-12-09;14;2131
11;2025-12-09;15;2207
11;2025-12-09;16;2401
11;2025-12-09;17;2986
11;2025-12-09;18;3221
11;2025-12-09;19;2388
11;2025-12-09;20;1551
11;2025-12-09;21;890
11;2025-12-09;22;428
11;2025-12-09;23;216
12;2025-12-09;0;44
12;2025-12-09;1;0
12;2025-12-09;2;0
12;2025-12-09;3;0
12;2025-12-09;4;0
12;2025-12-09;5;314
12;2025-12-09;6;1431
12;2025-12-09;7;2853
12;2025-12-09;8;3712
12;2025-12-09;9;2640
12;2025-12-09;10;2268
12;2025-12-09;11;2225
12;2025-12-09;12;2259
12;2025-12-09;13;2236
12;2025-12-09;14;2193
12;2025-12-09;15;2487
12;2025-12-09;16;2972
12;2025-12-09;17;3264
12;2025-12-09;18;3351
12;2025-12-09;19;2610
12;2025-12-09;20;1608
12;2025-12-09;21;970
12;2025-12-09;22;489
12;2025-12-09;23;238
17;2025-12-09;0;94
17;2025-12-09;1;0
17;2025-12-09;2;0
17;2025-12-09;3;0
17;2025-12-09;4;9
17;2025-12-09;5;336
17;2025-12-09;6;1601
17;2025-12-09;7;4154
17;2025-12-09;8;5448
17;2025-12-09;9;3935
17;2025-12-09;10;3112
17;2025-12-09;11;3056
17;2025-12-09;12;3115
17;2025-12-09;13;3176
17;2025-12-09;14;3260
17;2025-12-09;15;3394
17;2025-12-09;16;3793
17;2025-12-09;17;4661
17;2025-12-09;18;5017
17;2025-12-09;19;3555
17;2025-12-09;20;2432
17;2025-12-09;21;1522
17;2025-12-09;22;773
17;2025-12-09;23;358
25;2025-12-09;0;0
25;2025-12-09;1;0
25;2025-12-09;2;0
25;2025-12-09;3;0
25;2025-12-09;4;0
25;2025-12-09;5;0
25;2025-12-09;6;158
25;2025-12-09;7;539
25;2025-12-09;8;907
25;2025-12-09;9;467
25;2025-12-09;10;385
25;2025-12-09;11;404
25;2025-12-09;12;390
25;2025-12-09;13;475
25;2025-12-09;14;422
25;2025-12-09;15;523
25;2025-12-09;16;664
25;2025-12-09;17;713
25;2025-12-09;18;761
25;2025-12-09;19;495
25;2025-12-09;20;317
25;2025-12-09;21;202
25;2025-12-09;22;88
25;2025-12-09;23;0
26;2025-12-09;0;14
26;2025-12-09;1;0
26;2025-12-09;2;0
26;2025-12-09;3;0
26;2025-12-09;4;0
26;2025-12-09;5;71
26;2025-12-09;6;522
26;2025-12-09;7;1112
26;2025-12-09;8;2268
26;2025-12-09;9;1513
26;2025-12-09;10;1257
26;2025-12-09;11;1173
26;2025-12-09;12;1202
26;2025-12-09;13;1252
26;2025-12-09;14;1288
26;2025-12-09;15;1405
26;2025-12-09;16;1613
26;2025-12-09;17;1769
26;2025-12-09;18;1931
26;2025-12-09;19;1304
26;2025-12-09;20;807
26;2025-12-09;21;477
26;2025-12-09;22;209
26;2025-12-09;23;108
28;2025-12-09;0;1
28;2025-12-09;1;0
28;2025-12-09;2;0
28;2025-12-09;3;0
28;2025-12-09;4;0
28;2025-12-09;5;75
28;2025-12-09;6;281
28;2025-12-09;7;795
28;2025-12-09;8;1257
28;2025-12-09;9;875
28;2025-12-09;10;674
28;2025-12-09;11;606
28;2025-12-09;12;728
28;2025-12-09;13;756
28;2025-12-09;14;691
28;2025-12-09;15;730
28;2025-12-09;16;880
28;2025-12-09;17;1019
28;2025-12-09;18;971
28;2025-12-09;19;722
28;2025-12-09;20;516
28;2025-12-09;21;330
28;2025-12-09;22;139
28;2025-12-09;23;15
50;2025-12-09;0;20
50;2025-12-09;1;3
50;2025-12-09;2;0
50;2025-12-09;3;0
50;2025-12-09;4;0
50;2025-12-09;5;61
50;2025-12-09;6;558
50;2025-12-09;7;1799
50;2025-12-09;8;2825
50;2025-12-09;9;2263
50;2025-12-09;10;1738
50;2025-12-09;11;1647
50;2025-12-09;12;1557
50;2025-12-09;13;1541
50;2025-12-09;14;1472
50;2025-12-09;15;1794
50;2025-12-09;16;1813
50;2025-12-09;17;2449
50;2025-12-09;18;2533
50;2025-12-09;19;1560
50;2025-12-09;20;955
50;2025-12-09;21;622
50;2025-12-09;22;253
50;2025-12-09;23;135
1;2025-12-10;0;1
1;2025-12-10;1;0
1;2025-12-10;2;0
1;2025-12-10;3;0
1;2025-12-10;4;0
1;2025-12-10;5;131
1;2025-12-10;6;579
1;2025-12-10;7;1551
1;2025-12-10;8;1955
1;2025-12-10;9;1525
1;2025-12-10;10;1383
1;2025-12-10;11;1380
1;2025-12-10;12;1433
1;2025-12-10;13;1447
1;2025-12-10;14;1435
1;2025-12-10;15;1571
1;2025-12-10;16;1543
1;2025-12-10;17;1851
1;2025-12-10;18;1851
1;2025-12-10;19;1415
1;2025-12-10;20;904
1;2025-12-10;21;518
1;2025-12-10;22;257
1;2025-12-10;23;33
5;2025-12-10;0;0
5;2025-12-10;1;0
5;2025-12-10;2;0
5;2025-12-10;3;0
5;2025-12-10;4;0
5;2025-12-10;5;0
5;2025-12-10;6;0
5;2025-12-10;7;0
5;2025-12-10;8;0
5;2025-12-10;9;0
5;2025-12-10;10;0
5;2025-12-10;11;0
5;2025-12-10;12;0
5;2025-12-10;13;0
5;2025-12-10;14;0
5;2025-12-10;15;0
5;2025-12-10;16;0
5;2025-12-10;17;0
5;2025-12-10;18;0
5;2025-12-10;19;0
5;2025-12-10;20;0
5;2025-12-10;21;0
5;2025-12-10;22;0
5;2025-12-10;23;0
7;2025-12-10;0;43
7;2025-12-10;1;0
7;2025-12-10;2;0
7;2025-12-10;3;0
7;2025-12-10;4;0
7;2025-12-10;5;184
7;2025-12-10;6;747
7;2025-12-10;7;1722
7;2025-12-10;8;2608
7;2025-12-10;9;1988
7;2025-12-10;10;1742
7;2025-12-10;11;1564
7;2025-12-10;12;1684
7;2025-12-10;13;1631
7;2025-12-10;14;1766
7;2025-12-10;15;1886
7;2025-12-10;16;1966
7;2025-12-10;17;2487
7;2025-12-10;18;2688
7;2025-12-10;19;1858
7;2025-12-10;20;1150
7;2025-12-10;21;645
7;2025-12-10;22;317
7;2025-12-10;23;162
11;2025-12-10;0;50
11;2025-12-10;1;0
11;2025-12-10;2;0
11;2025-12-10;3;0
11;2025-12-10;4;0
11;2025-12-10;5;264
11;2025-12-10;6;1328
11;2025-12-10;7;2526
11;2025-12-10;8;3300
11;2025-12-10;9;2570
11;2025-12-10;10;1969
11;2025-12-10;11;1951
11;2025-12-10;12;1976
11;2025-12-10;13;2131
11;2025-12-10;14;2107
11;2025-12-10;15;2164
11;2025-12-10;16;2381
11;2025-12-10;17;2979
11;2025-12-10;18;3231
11;2025-12-10;19;2397
11;2025-12-10;20;1558
11;2025-12-10;21;876
11;2025-12-10;22;431
11;2025-12-10;23;223
12;2025-12-10;0;37
12;2025-12-10;1;0
12;2025-12-10;2;0
12;2025-12-10;3;0
12;2025-12-10;4;0
12;2025-12-10;5;318
12;2025-12-10;6;1433
12;2025-12-10;7;2843
12;2025-12-10;8;3713
12;2025-12-10;9;2647
12;2025-12-10;10;2281
12;2025-12-10;11;2234
12;2025-12-10;12;2256
12;2025-12-10;13;2221
12;2025-12-10;14;2190
12;2025-12-10;15;2485
12;2025-12-10;16;2957
12;2025-12-10;17;3262
12;2025-12-10;18;3340
12;2025-12-10;19;2616
12;2025-12-10;20;1605
12;2025-12-10;21;970
12;2025-12-10;22;485
12;2025-12-10;23;246
17;2025-12-10;0;86
17;2025-12-10;1;0
17;2025-12-10;2;0
17;2025-12-10;3;0
17;2025-12-10;4;9
17;2025-12-10;5;322
17;2025-12-10;6;1583
17;2025-12-10;7;4114
17;2025-12-10;8;5415
17;2025-12-10;9;3889
17;2025-12-10;10;3102
17;2025-12-10;11;3051
17;2025-12-10;12;3098
17;2025-12-10;13;3140
17;2025-12-10;14;3236
17;2025-12-10;15;3370
17;2025-12-10;16;3774
17;2025-12-10;17;4631
17;2025-12-10;18;4989
17;2025-12-10;19;3533
17;2025-12-10;20;2435
17;2025-12-10;21;1525
17;2025-12-10;22;774
17;2025-12-10;23;361
25;2025-12-10;0;0
25;2025-12-10;1;0
25;2025-12-10;2;0
25;2025-12-10;3;0
25;2025-12-10;4;0
25;2025-12-10;5;0
25;2025-12-10;6;161
25;2025-12-10;7;538
25;2025-12-10;8;888
25;2025-12-10;9;472
25;2025-12-10;10;374
25;2025-12-10;11;401
25;2025-12-10;12;393
25;2025-12-10;13;476
25;2025-12-10;14;412
25;2025-12-10;15;514
25;2025-12-10;16;651
25;2025-12-10;17;718
25;2025-12-10;18;761
25;2025-12-10;19;495
25;2025-12-10;20;322
25;2025-12-10;21;196
25;2025-12-10;22;92
25;2025-12-10;23;0
26;2025-12-10;0;11
26;2025-12-10;1;0
26;2025-12-10;2;0
26;2025-12-10;3;0
26;2025-12-10;4;0
26;2025-12-10;5;71
26;2025-12-10;6;518
26;2025-12-10;7;1112
26;2025-12-10;8;2288
26;2025-12-10;9;1513
26;2025-12-10;10;1251
26;2025-12-10;11;1169
26;2025-12-10;12;1181
26;2025-12-10;13;1217
26;2025-12-10;14;1297
26;2025-12-10;15;1389
26;2025-12-10;16;1598
26;2025-12-10;17;1768
26;2025-12-10;18;1946
26;2025-12-10;19;1302
26;2025-12-10;20;796
26;2025-12-10;21;496
26;2025-12-10;22;212
26;2025-12-10;23;106
28;2025-12-10;0;1
28;2025-12-10;1;0
28;2025-12-10;2;0
28;2025-12-10;3;0
28;2025-12-10;4;0
28;2025-12-10;5;76
28;2025-12-10;6;293
28;2025-12-10;7;788
28;2025-12-10;8;1239
28;2025-12-10;9;884
28;2025-12-10;10;661
28;2025-12-10;11;600
28;2025-12-10;12;733
28;2025-12-10;13;763
28;2025-12-10;14;682
28;2025-12-10;15;718
28;2025-12-10;16;902
28;2025-12-10;17;1023
28;2025-12-10;18;974
28;2025-12-10;19;729
28;2025-12-10;20;512
28;2025-12-10;21;323
28;2025-12-10;22;141
28;2025-12-10;23;9
50;2025-12-10;0;24
50;2025-12-10;1;0
50;2025-12-10;2;0
50;2025-12-10;3;0
50;2025-12-10;4;0
50;2025-12-10;5;58
50;2025-12-10;6;535
50;2025-12-10;7;1802
50;2025-12-10;8;2826
50;2025-12-10;9;2251
50;2025-12-10;10;1736
50;2025-12-10;11;1639
50;2025-12-10;12;1554
50;2025-12-10;13;1537
50;2025-12-10;14;1466
50;2025-12-10;15;1789
50;2025-12-10;16;1813
50;2025-12-10;17;2465
50;2025-12-10;18;2556
50;2025-12-10;19;1571
50;2025-12-10;20;962
50;2025-12-10;21;631
50;2025-12-10;22;268
50;2025-12-10;23;128
1;2025-12-11;0;0
1;2025-12-11;1;0
1;2025-12-11;2;0
1;2025-12-11;3;0
1;2025-12-11;4;0
1;2025-12-11;5;126
1;2025-12-11;6;557
1;2025-12-11;7;1536
1;2025-12-11;8;1932
1;2025-12-11;9;1493
1;2025-12-11;10;1352
1;2025-12-11;11;1411
1;2025-12-11;12;1432
1;2025-12-11;13;1465
1;2025-12-11;14;1429
1;2025-12-11;15;1562
1;2025-12-11;16;1541
1;2025-12-11;17;1838
1;2025-12-11;18;1821
1;2025-12-11;19;1399
1;2025-12-11;20;932
1;2025-12-11;21;500
1;2025-12-11;22;259
1;2025-12-11;23;54
5;2025-12-11;0;0
5;2025-12-11;1;0
5;2025-12-11;2;0
5;2025-12-11;3;0
5;2025-12-11;4;0
5;2025-12-11;5;0
5;2025-12-11;6;0
5;2025-12-11;7;0
5;2025-12-11;8;0
5;2025-12-11;9;0
5;2025-12-11;10;0
5;2025-12-11;11;0
5;2025-12-11;12;0
5;2025-12-11;13;0
5;2025-12-11;14;0
5;2025-12-11;15;0
5;2025-12-11;16;0
5;2025-12-11;17;0
5;2025-12-11;18;0
5;2025-12-11;19;0
5;2025-12-11;20;0
5;2025-12-11;21;0
5;2025-12-11;22;0
5;2025-12-11;23;0
7;2025-12-11;0;42
7;2025-12-11;1;0
7;2025-12-11;2;0
7;2025-12-11;3;0
7;2025-12-11;4;0
7;2025-12-11;5;185
7;2025-12-11;6;768
7;2025-12-11;7;1723
7;2025-12-11;8;2581
7;2025-12-11;9;1990
7;2025-12-11;10;1738
7;2025-12-11;11;1561
7;2025-12-11;12;1685
7;2025-12-11;13;1640
7;2025-12-11;14;1763
7;2025-12-11;15;1844
7;2025-12-11;16;1980
7;2025-12-11;17;2480
7;2025-12-11;18;2702
7;2025-12-11;19;1897
7;2025-12-11;20;1160
7;2025-12-11;21;674
7;2025-12-11;22;313
7;2025-12-11;23;175
11;2025-12-11;0;51
11;2025-12-11;1;0
11;2025-12-11;2;0
11;2025-12-11;3;0
11;2025-12-11;4;0
11;2025-12-11;5;285
11;2025-12-11;6;1327
11;2025-12-11;7;2493
11;2025-12-11;8;3275
11;2025-12-11;9;2562
11;2025-12-11;10;1983
11;2025-12-11;11;1955
11;2025-12-11;12;2004
11;2025-12-11;13;2117
11;2025-12-11;14;2157
11;2025-12-11;15;2165
11;2025-12-11;16;2398
11;2025-12-11;17;2998
11;2025-12-11;18;3210
11;2025-12-11;19;2396
11;2025-12-11;20;1536
11;2025-12-11;21;916
11;2025-12-11;22;439
11;2025-12-11;23;235
12;2025-12-11;0;41
12;2025-12-11;1;0
12;2025-12-11;2;0
12;2025-12-11;3;0
12;2025-12-11;4;0
12;2025-12-11;5;317
12;2025-12-11;6;1425
12;2025-12-11;7;2877
12;2025-12-11;8;3700
12;2025-12-11;9;2632
12;2025-12-11;10;2255
12;2025-12-11;11;2265
12;2025-12-11;12;2252
12;2025-12-11;13;2214
12;2025-12-11;14;2222
12;2025-12-11;15;2466
12;2025-12-11;16;2990
12;2025-12-11;17;3281
12;2025-12-11;18;3325
12;2025-12-11;19;2617
12;2025-12-11;20;1580
12;2025-12-11;21;953
12;2025-12-11;22;499
12;2025-12-11;23;249
17;2025-12-11;0;100
17;2025-12-11;1;0
17;2025-12-11;2;0
17;2025-12-11;3;0
17;2025-12-11;4;6
17;2025-12-11;5;318
17;2025-12-11;6;1567
17;2025-12-11;7;4103
17;2025-12-11;8;5413
17;2025-12-11;9;3895
17;2025-12-11;10;3102
17;2025-12-11;11;3062
17;2025-12-11;12;3128
17;2025-12-11;13;3168
17;2025-12-11;14;3273
17;2025-12-11;15;3401
17;2025-12-11;16;3806
17;2025-12-11;17;4630
17;2025-12-11;18;4999
17;2025-12-11;19;3532
17;2025-12-11;20;2429
17;2025-12-11;21;1507
17;2025-12-11;22;782
17;2025-12-11;23;382
25;2025-12-11;0;0
25;2025-12-11;1;0
25;2025-12-11;2;0
25;2025-12-11;3;0
25;2025-12-11;4;0
25;2025-12-11;5;3
25;2025-12-11;6;157
25;2025-12-11;7;529
25;2025-12-11;8;883
25;2025-12-11;9;451
25;2025-12-11;10;372
25;2025-12-11;11;404
25;2025-12-11;12;391
25;2025-12-11;13;479
25;2025-12-11;14;418
25;2025-12-11;15;520
25;2025-12-11;16;654
25;2025-12-11;17;707
25;2025-12-11;18;746
25;2025-12-11;19;490
25;2025-12-11;20;309
25;2025-12-11;21;193
25;2025-12-11;22;104
25;2025-12-11;23;0
26;2025-12-11;0;7
26;2025-12-11;1;0
26;2025-12-11;2;0
26;2025-12-11;3;0
26;2025-12-11;4;0
26;2025-12-11;5;71
26;2025-12-11;6;534
26;2025-12-11;7;1112
26;2025-12-11;8;2237
26;2025-12-11;9;1505
26;2025-12-11;10;1236
26;2025-12-11;11;1172
26;2025-12-11;12;1184
26;2025-12-11;13;1220
26;2025-12-11;14;1292
26;2025-12-11;15;1382
26;2025-12-11;16;1616
26;2025-12-11;17;1780
26;2025-12-11;18;1926
26;2025-12-11;19;1314
26;2025-12-11;20;792
26;2025-12-11;21;498
26;2025-12-11;22;217
26;2025-12-11;23;123
28;2025-12-11;0;1
28;2025-12-11;1;0
28;2025-12-11;2;0
28;2025-12-11;3;0
28;2025-12-11;4;0
28;2025-12-11;5;67
28;2025-12-11;6;280
28;2025-12-11;7;778
28;2025-12-11;8;1232
28;2025-12-11;9;876
28;2025-12-11;10;668
28;2025-12-11;11;604
28;2025-12-11;12;736
28;2025-12-11;13;766
28;2025-12-11;14;688
28;2025-12-11;15;722
28;2025-12-11;16;892
28;2025-12-11;17;1022
28;2025-12-11;18;953
28;2025-12-11;19;724
28;2025-12-11;20;511
28;2025-12-11;21;335
28;2025-12-11;22;146
28;2025-12-11;23;16
50;2025-12-11;0;22
50;2025-12-11;1;0
50;2025-12-11;2;0
50;2025-12-11;3;0
50;2025-12-11;4;0
50;2025-12-11;5;61
50;2025-12-11;6;553
50;2025-12-11;7;1801
50;2025-12-11;8;2828
50;2025-12-11;9;2267
50;2025-12-11;10;1731
50;2025-12-11;11;1665
50;2025-12-11;12;1588
50;2025-12-11;13;1542
50;2025-12-11;14;1472
50;2025-12-11;15;1799
50;2025-12-11;16;1868
50;2025-12-11;17;2462
50;2025-12-11;18;2533
50;2025-12-11;19;1545
50;2025-12-11;20;977
50;2025-12-11;21;656
50;2025-12-11;22;265
50;2025-12-11;23;137
1;2025-12-12;0;0
1;2025-12-12;1;0
1;2025-12-12;2;0
1;2025-12-12;3;0
1;2025-12-12;4;0
1;2025-12-12;5;125
1;2025-12-12;6;540
1;2025-12-12;7;1497
1;2025-12-12;8;1865
1;2025-12-12;9;1504
1;2025-12-12;10;1336
1;2025-12-12;11;1403
1;2025-12-12;12;1415
1;2025-12-12;13;1435
1;2025-12-12;14;1371
1;2025-12-12;15;1533
1;2025-12-12;16;1544
1;2025-12-12;17;1798
1;2025-12-12;18;1687
1;2025-12-12;19;1284
1;2025-12-12;20;840
1;2025-12-12;21;510
1;2025-12-12;22;256
1;2025-12-12;23;40
5;2025-12-12;0;0
5;2025-12-12;1;0
5;2025-12-12;2;0
5;2025-12-12;3;0
5;2025-12-12;4;0
5;2025-12-12;5;0
5;2025-12-12;6;0
5;2025-12-12;7;0
5;2025-12-12;8;0
5;2025-12-12;9;0
5;2025-12-12;10;0
5;2025-12-12;11;0
5;2025-12-12;12;0
5;2025-12-12;13;0
5;2025-12-12;14;0
5;2025-12-12;15;0
5;2025-12-12;16;0
5;2025-12-12;17;0
5;2025-12-12;18;0
5;2025-12-12;19;0
5;2025-12-12;20;0
5;2025-12-12;21;0
5;2025-12-12;22;0
5;2025-12-12;23;0
7;2025-12-12;0;40
7;2025-12-12;1;0
7;2025-12-12;2;0
7;2025-12-12;3;0
7;2025-12-12;4;0
7;2025-12-12;5;172
7;2025-12-12;6;709
7;2025-12-12;7;1675
7;2025-12-12;8;2511
7;2025-12-12;9;1926
7;2025-12-12;10;1731
7;2025-12-12;11;1562
7;2025-12-12;12;1670
7;2025-12-12;13;1674
7;2025-12-12;14;1768
7;2025-12-12;15;1852
7;2025-12-12;16;1954
7;2025-12-12;17;2350
7;2025-12-12;18;2267
7;2025-12-12;19;1672
7;2025-12-12;20;1112
7;2025-12-12;21;618
7;2025-12-12;22;341
7;2025-12-12;23;206
11;2025-12-12;0;57
11;2025-12-12;1;0
11;2025-12-12;2;0
11;2025-12-12;3;0
11;2025-12-12;4;0
11;2025-12-12;5;261
11;2025-12-12;6;1304
11;2025-12-12;7;2415
11;2025-12-12;8;3157
11;2025-12-12;9;2448
11;2025-12-12;10;1908
11;2025-12-12;11;1932
11;2025-12-12;12;1979
11;2025-12-12;13;2031
11;2025-12-12;14;2051
11;2025-12-12;15;2118
11;2025-12-12;16;2406
11;2025-12-12;17;2955
11;2025-12-12;18;2918
11;2025-12-12;19;2248
11;2025-12-12;20;1509
11;2025-12-12;21;867
11;2025-12-12;22;436
11;2025-12-12;23;260
12;2025-12-12;0;42
12;2025-12-12;1;0
12;2025-12-12;2;0
12;2025-12-12;3;0
12;2025-12-12;4;0
12;2025-12-12;5;304
12;2025-12-12;6;1379
12;2025-12-12;7;2768
12;2025-12-12;8;3558
12;2025-12-12;9;2554
12;2025-12-12;10;2179
12;2025-12-12;11;2183
12;2025-12-12;12;2215
12;2025-12-12;13;2149
12;2025-12-12;14;2174
12;2025-12-12;15;2453
12;2025-12-12;16;2960
12;2025-12-12;17;3162
12;2025-12-12;18;2946
12;2025-12-12;19;2453
12;2025-12-12;20;1535
12;2025-12-12;21;964
12;2025-12-12;22;495
12;2025-12-12;23;270
17;2025-12-12;0;103
17;2025-12-12;1;0
17;2025-12-12;2;0
17;2025-12-12;3;0
17;2025-12-12;4;8
17;2025-12-12;5;319
17;2025-12-12;6;1582
17;2025-12-12;7;4050
17;2025-12-12;8;5150
17;2025-12-12;9;3805
17;2025-12-12;10;3045
17;2025-12-12;11;3053
17;2025-12-12;12;3086
17;2025-12-12;13;3162
17;2025-12-12;14;3216
17;2025-12-12;15;3440
17;2025-12-12;16;3868
17;2025-12-12;17;4646
17;2025-12-12;18;4678
17;2025-12-12;19;3413
17;2025-12-12;20;2409
17;2025-12-12;21;1577
17;2025-12-12;22;809
17;2025-12-12;23;436
25;2025-12-12;0;0
25;2025-12-12;1;0
25;2025-12-12;2;0
25;2025-12-12;3;0
25;2025-12-12;4;0
25;2025-12-12;5;1
25;2025-12-12;6;155
25;2025-12-12;7;522
25;2025-12-12;8;849
25;2025-12-12;9;452
25;2025-12-12;10;366
25;2025-12-12;11;404
25;2025-12-12;12;388
25;2025-12-12;13;474
25;2025-12-12;14;443
25;2025-12-12;15;534
25;2025-12-12;16;696
25;2025-12-12;17;718
25;2025-12-12;18;685
25;2025-12-12;19;475
25;2025-12-12;20;309
25;2025-12-12;21;192
25;2025-12-12;22;92
25;2025-12-12;23;0
26;2025-12-12;0;15
26;2025-12-12;1;0
26;2025-12-12;2;0
26;2025-12-12;3;0
26;2025-12-12;4;0
26;2025-12-12;5;67
26;2025-12-12;6;504
26;2025-12-12;7;1075
26;2025-12-12;8;2130
26;2025-12-12;9;1453
26;2025-12-12;10;1224
26;2025-12-12;11;1151
26;2025-12-12;12;1152
26;2025-12-12;13;1202
26;2025-12-12;14;1279
26;2025-12-12;15;1348
26;2025-12-12;16;1608
26;2025-12-12;17;1742
26;2025-12-12;18;1722
26;2025-12-12;19;1181
26;2025-12-12;20;740
26;2025-12-12;21;464
26;2025-12-12;22;220
26;2025-12-12;23;133
28;2025-12-12;0;1
28;2025-12-12;1;0
28;2025-12-12;2;0
28;2025-12-12;3;0
28;2025-12-12;4;0
28;2025-12-12;5;69
28;2025-12-12;6;263
28;2025-12-12;7;756
28;2025-12-12;8;1202
28;2025-12-12;9;865
28;2025-12-12;10;668
28;2025-12-12;11;597
28;2025-12-12;12;725
28;2025-12-12;13;742
28;2025-12-12;14;681
28;2025-12-12;15;712
28;2025-12-12;16;882
28;2025-12-12;17;1025
28;2025-12-12;18;887
28;2025-12-12;19;661
28;2025-12-12;20;478
28;2025-12-12;21;331
28;2025-12-12;22;139
28;2025-12-12;23;15
50;2025-12-12;0;22
50;2025-12-12;1;2
50;2025-12-12;2;0
50;2025-12-12;3;0
50;2025-12-12;4;0
50;2025-12-12;5;58
50;2025-12-12;6;526
50;2025-12-12;7;1744
50;2025-12-12;8;2708
50;2025-12-12;9;2165
50;2025-12-12;10;1676
50;2025-12-12;11;1634
50;2025-12-12;12;1558
50;2025-12-12;13;1526
50;2025-12-12;14;1477
50;2025-12-12;15;1798
50;2025-12-12;16;1891
50;2025-12-12;17;2329
50;2025-12-12;18;2056
50;2025-12-12;19;1296
50;2025-12-12;20;872
50;2025-12-12;21;557
50;2025-12-12;22;270
50;2025-12-12;23;150
1;2025-12-13;0;0
1;2025-12-13;1;0
1;2025-12-13;2;0
1;2025-12-13;3;0
1;2025-12-13;4;0
1;2025-12-13;5;16
1;2025-12-13;6;191
1;2025-12-13;7;326
1;2025-12-13;8;440
1;2025-12-13;9;751
1;2025-12-13;10;846
1;2025-12-13;11;796
1;2025-12-13;12;971
1;2025-12-13;13;1002
1;2025-12-13;14;954
1;2025-12-13;15;853
1;2025-12-13;16;773
1;2025-12-13;17;729
1;2025-12-13;18;599
1;2025-12-13;19;548
1;2025-12-13;20;408
1;2025-12-13;21;293
1;2025-12-13;22;116
1;2025-12-13;23;21
5;2025-12-13;0;0
5;2025-12-13;1;0
5;2025-12-13;2;0
5;2025-12-13;3;0
5;2025-12-13;4;0
5;2025-12-13;5;0
5;2025-12-13;6;0
5;2025-12-13;7;0
5;2025-12-13;8;0
5;2025-12-13;9;0
5;2025-12-13;10;0
5;2025-12-13;11;0
5;2025-12-13;12;0
5;2025-12-13;13;0
5;2025-12-13;14;0
5;2025-12-13;15;0
5;2025-12-13;16;0
5;2025-12-13;17;0
5;2025-12-13;18;0
5;2025-12-13;19;0
5;2025-12-13;20;0
5;2025-12-13;21;0
5;2025-12-13;22;0
5;2025-12-13;23;0
7;2025-12-13;0;64
7;2025-12-13;1;4
7;2025-12-13;2;0
7;2025-12-13;3;0
7;2025-12-13;4;0
7;2025-12-13;5;48
7;2025-12-13;6;319
7;2025-12-13;7;492
7;2025-12-13;8;907
7;2025-12-13;9;1049
7;2025-12-13;10;1038
7;2025-12-13;11;1140
7;2025-12-13;12;1334
7;2025-12-13;13;1328
7;2025-12-13;14;1466
7;2025-12-13;15;1387
7;2025-12-13;16;1375
7;2025-12-13;17;1352
7;2025-12-13;18;1228
7;2025-12-13;19;1177
7;2025-12-13;20;828
7;2025-12-13;21;590
7;2025-12-13;22;314
7;2025-12-13;23;111
11;2025-12-13;0;74
11;2025-12-13;1;0
11;2025-12-13;2;0
11;2025-12-13;3;0
11;2025-12-13;4;0
11;2025-12-13;5;176
11;2025-12-13;6;792
11;2025-12-13;7;780
11;2025-12-13;8;1018
11;2025-12-13;9;1217
11;2025-12-13;10;1284
11;2025-12-13;11;1609
11;2025-12-13;12;1676
11;2025-12-13;13;1722
11;2025-12-13;14;1767
11;2025-12-13;15;1761
11;2025-12-13;16;1780
11;2025-12-13;17;1887
11;2025-12-13;18;1610
11;2025-12-13;19;1450
11;2025-12-13;20;1087
11;2025-12-13;21;737
11;2025-12-13;22;410
11;2025-12-13;23;262
12;2025-12-13;0;52
12;2025-12-13;1;0
12;2025-12-13;2;0
12;2025-12-13;3;0
12;2025-12-13;4;0
12;2025-12-13;5;228
12;2025-12-13;6;846
12;2025-12-13;7;917
12;2025-12-13;8;1089
12;2025-12-13;9;1234
12;2025-12-13;10;1470
12;2025-12-13;11;1531
12;2025-12-13;12;1532
12;2025-12-13;13;1701
12;2025-12-13;14;1664
12;2025-12-13;15;1606
12;2025-12-13;16;1657
12;2025-12-13;17;1633
12;2025-12-13;18;1581
12;2025-12-13;19;1379
12;2025-12-13;20;1011
12;2025-12-13;21;695
12;2025-12-13;22;398
12;2025-12-13;23;257
17;2025-12-13;0;163
17;2025-12-13;1;3
17;2025-12-13;2;0
17;2025-12-13;3;0
17;2025-12-13;4;0
17;2025-12-13;5;134
17;2025-12-13;6;576
17;2025-12-13;7;1225
17;2025-12-13;8;1695
17;2025-12-13;9;2173
17;2025-12-13;10;2304
17;2025-12-13;11;2749
17;2025-12-13;12;2944
17;2025-12-13;13;3082
17;2025-12-13;14;3152
17;2025-12-13;15;3243
17;2025-12-13;16;3285
17;2025-12-13;17;3220
17;2025-12-13;18;2937
17;2025-12-13;19;2342
17;2025-12-13;20;1828
17;2025-12-13;21;1322
17;2025-12-13;22;824
17;2025-12-13;23;389
25;2025-12-13;0;0
25;2025-12-13;1;0
25;2025-12-13;2;0
25;2025-12-13;3;0
25;2025-12-13;4;0
25;2025-12-13;5;0
25;2025-12-13;6;50
25;2025-12-13;7;144
25;2025-12-13;8;293
25;2025-12-13;9;274
25;2025-12-13;10;269
25;2025-12-13;11;337
25;2025-12-13;12;352
25;2025-12-13;13;474
25;2025-12-13;14;469
25;2025-12-13;15;586
25;2025-12-13;16;535
25;2025-12-13;17;465
25;2025-12-13;18;420
25;2025-12-13;19;371
25;2025-12-13;20;252
25;2025-12-13;21;180
25;2025-12-13;22;98
25;2025-12-13;23;26
26;2025-12-13;0;17
26;2025-12-13;1;0
26;2025-12-13;2;0
26;2025-12-13;3;0
26;2025-12-13;4;0
26;2025-12-13;5;22
26;2025-12-13;6;281
26;2025-12-13;7;353
26;2025-12-13;8;643
26;2025-12-13;9;708
26;2025-12-13;10;810
26;2025-12-13;11;963
26;2025-12-13;12;960
26;2025-12-13;13;1036
26;2025-12-13;14;996
26;2025-12-13;15;998
26;2025-12-13;16;1028
26;2025-12-13;17;942
26;2025-12-13;18;901
26;2025-12-13;19;783
26;2025-12-13;20;527
26;2025-12-13;21;343
26;2025-12-13;22;172
26;2025-12-13;23;118
28;2025-12-13;0;1
28;2025-12-13;1;0
28;2025-12-13;2;0
28;2025-12-13;3;0
28;2025-12-13;4;0
28;2025-12-13;5;24
28;2025-12-13;6;111
28;2025-12-13;7;211
28;2025-12-13;8;360
28;2025-12-13;9;458
28;2025-12-13;10;472
28;2025-12-13;11;475
28;2025-12-13;12;571
28;2025-12-13;13;580
28;2025-12-13;14;581
28;2025-12-13;15;567
28;2025-12-13;16;565
28;2025-12-13;17;570
28;2025-12-13;18;484
28;2025-12-13;19;389
28;2025-12-13;20;332
28;2025-12-13;21;269
28;2025-12-13;22;121
28;2025-12-13;23;6
50;2025-12-13;0;34
50;2025-12-13;1;0
50;2025-12-13;2;0
50;2025-12-13;3;0
50;2025-12-13;4;0
50;2025-12-13;5;21
50;2025-12-13;6;265
50;2025-12-13;7;418
50;2025-12-13;8;696
50;2025-12-13;9;794
50;2025-12-13;10;763
50;2025-12-13;11;934
50;2025-12-13;12;917
50;2025-12-13;13;929
50;2025-12-13;14;958
50;2025-12-13;15;998
50;2025-12-13;16;969
50;2025-12-13;17;1017
50;2025-12-13;18;798
50;2025-12-13;19;747
50;2025-12-13;20;548
50;2025-12-13;21;407
50;2025-12-13;22;212
50;2025-12-13;23;106
1;2025-12-14;0;0
1;2025-12-14;1;0
1;2025-12-14;2;0
1;2025-12-14;3;0
1;2025-12-14;4;0
1;2025-12-14;5;10
1;2025-12-14;6;98
1;2025-12-14;7;224
1;2025-12-14;8;317
1;2025-12-14;9;583
1;2025-12-14;10;681
1;2025-12-14;11;666
1;2025-12-14;12;796
1;2025-12-14;13;822
1;2025-12-14;14;778
1;2025-12-14;15;718
1;2025-12-14;16;640
1;2025-12-14;17;604
1;2025-12-14;18;525
1;2025-12-14;19;450
1;2025-12-14;20;344
1;2025-12-14;21;246
1;2025-12-14;22;101
1;2025-12-14;23;15
5;2025-12-14;0;0
5;2025-12-14;1;0
5;2025-12-14;2;0
5;2025-12-14;3;0
5;2025-12-14;4;0
5;2025-12-14;5;0
5;2025-12-14;6;0
5;2025-12-14;7;0
5;2025-12-14;8;0
5;2025-12-14;9;0
5;2025-12-14;10;0
5;2025-12-14;11;0
5;2025-12-14;12;0
5;2025-12-14;13;0
5;2025-12-14;14;0
5;2025-12-14;15;0
5;2025-12-14;16;0
5;2025-12-14;17;0
5;2025-12-14;18;0
5;2025-12-14;19;0
5;2025-12-14;20;0
5;2025-12-14;21;0
5;2025-12-14;22;0
5;2025-12-14;23;0
7;2025-12-14;0;59
7;2025-12-14;1;0
7;2025-12-14;2;0
7;2025-12-14;3;0
7;2025-12-14;4;0
7;2025-12-14;5;23
7;2025-12-14;6;215
7;2025-12-14;7;327
7;2025-12-14;8;514
7;2025-12-14;9;695
7;2025-12-14;10;724
7;2025-12-14;11;941
7;2025-12-14;12;1126
7;2025-12-14;13;1167
7;2025-12-14;14;1263
7;2025-12-14;15;1161
7;2025-12-14;16;1066
7;2025-12-14;17;1153
7;2025-12-14;18;1002
7;2025-12-14;19;891
7;2025-12-14;20;640
7;2025-12-14;21;502
7;2025-12-14;22;268
7;2025-12-14;23;82
11;2025-12-14;0;82
11;2025-12-14;1;0
11;2025-12-14;2;0
11;2025-12-14;3;0
11;2025-12-14;4;0
11;2025-12-14;5;109
11;2025-12-14;6;512
11;2025-12-14;7;571
11;2025-12-14;8;697
11;2025-12-14;9;929
11;2025-12-14;10;1068
11;2025-12-14;11;1461
11;2025-12-14;12;1527
11;2025-12-14;13;1556
11;2025-12-14;14;1584
11;2025-12-14;15;1608
11;2025-12-14;16;1614
11;2025-12-14;17;1743
11;2025-12-14;18;1464
11;2025-12-14;19;1193
11;2025-12-14;20;909
11;2025-12-14;21;631
11;2025-12-14;22;358
11;2025-12-14;23;207
12;2025-12-14;0;66
12;2025-12-14;1;0
12;2025-12-14;2;0
12;2025-12-14;3;0
12;2025-12-14;4;0
12;2025-12-14;5;137
12;2025-12-14;6;512
12;2025-12-14;7;658
12;2025-12-14;8;740
12;2025-12-14;9;939
12;2025-12-14;10;1223
12;2025-12-14;11;1372
12;2025-12-14;12;1413
12;2025-12-14;13;1591
12;2025-12-14;14;1552
12;2025-12-14;15;1461
12;2025-12-14;16;1529
12;2025-12-14;17;1555
12;2025-12-14;18;1376
12;2025-12-14;19;1070
12;2025-12-14;20;778
12;2025-12-14;21;582
12;2025-12-14;22;365
12;2025-12-14;23;225
17;2025-12-14;0;122
17;2025-12-14;1;4
17;2025-12-14;2;0
17;2025-12-14;3;0
17;2025-12-14;4;0
17;2025-12-14;5;94
17;2025-12-14;6;408
17;2025-12-14;7;791
17;2025-12-14;8;1275
17;2025-12-14;9;1711
17;2025-12-14;10;1998
17;2025-12-14;11;2538
17;2025-12-14;12;2809
17;2025-12-14;13;2953
17;2025-12-14;14;3016
17;2025-12-14;15;3080
17;2025-12-14;16;3087
17;2025-12-14;17;2966
17;2025-12-14;18;2614
17;2025-12-14;19;2158
17;2025-12-14;20;1638
17;2025-12-14;21;1154
17;2025-12-14;22;722
17;2025-12-14;23;298
25;2025-12-14;0;9
25;2025-12-14;1;0
25;2025-12-14;2;0
25;2025-12-14;3;0
25;2025-12-14;4;0
25;2025-12-14;5;0
25;2025-12-14;6;33
25;2025-12-14;7;84
25;2025-12-14;8;168
25;2025-12-14;9;171
25;2025-12-14;10;201
25;2025-12-14;11;258
25;2025-12-14;12;292
25;2025-12-14;13;387
25;2025-12-14;14;404
25;2025-12-14;15;514
25;2025-12-14;16;486
25;2025-12-14;17;422
25;2025-12-14;18;359
25;2025-12-14;19;294
25;2025-12-14;20;207
25;2025-12-14;21;153
25;2025-12-14;22;87
25;2025-12-14;23;17
26;2025-12-14;0;25
26;2025-12-14;1;0
26;2025-12-14;2;0
26;2025-12-14;3;0
26;2025-12-14;4;0
26;2025-12-14;5;9
26;2025-12-14;6;135
26;2025-12-14;7;219
26;2025-12-14;8;374
26;2025-12-14;9;479
26;2025-12-14;10;566
26;2025-12-14;11;780
26;2025-12-14;12;813
26;2025-12-14;13;872
26;2025-12-14;14;842
26;2025-12-14;15;790
26;2025-12-14;16;802
26;2025-12-14;17;764
26;2025-12-14;18;710
26;2025-12-14;19;567
26;2025-12-14;20;404
26;2025-12-14;21;303
26;2025-12-14;22;156
26;2025-12-14;23;102
28;2025-12-14;0;1
28;2025-12-14;1;0
28;2025-12-14;2;0
28;2025-12-14;3;0
28;2025-12-14;4;0
28;2025-12-14;5;23
28;2025-12-14;6;69
28;2025-12-14;7;134
28;2025-12-14;8;230
28;2025-12-14;9;323
28;2025-12-14;10;363
28;2025-12-14;11;394
28;2025-12-14;12;461
28;2025-12-14;13;487
28;2025-12-14;14;490
28;2025-12-14;15;484
28;2025-12-14;16;462
28;2025-12-14;17;469
28;2025-12-14;18;402
28;2025-12-14;19;347
28;2025-12-14;20;265
28;2025-12-14;21;226
28;2025-12-14;22;108
28;2025-12-14;23;0
50;2025-12-14;0;9
50;2025-12-14;1;0
50;2025-12-14;2;0
50;2025-12-14;3;0
50;2025-12-14;4;0
50;2025-12-14;5;17
50;2025-12-14;6;178
50;2025-12-14;7;278
50;2025-12-14;8;424
50;2025-12-14;9;508
50;2025-12-14;10;517
50;2025-12-14;11;671
50;2025-12-14;12;729
50;2025-12-14;13;852
50;2025-12-14;14;838
50;2025-12-14;15;782
50;2025-12-14;16;781
50;2025-12-14;17;782
50;2025-12-14;18;670
50;2025-12-14;19;596
50;2025-12-14;20;485
50;2025-12-14;21;338
50;2025-12-14;22;185
50;2025-12-14;23;86
1;2025-12-15;0;0
1;2025-12-15;1;0
1;2025-12-15;2;0
1;2025-12-15;3;0
1;2025-12-15;4;0
1;2025-12-15;5;140
1;2025-12-15;6;538
1;2025-12-15;7;1480
1;2025-12-15;8;1866
1;2025-12-15;9;1452
1;2025-12-15;10;1318
1;2025-12-15;11;1327
1;2025-12-15;12;1389
1;2025-12-15;13;1413
1;2025-12-15;14;1404
1;2025-12-15;15;1534
1;2025-12-15;16;1541
1;2025-12-15;17;1840
1;2025-12-15;18;1839
1;2025-12-15;19;1422
1;2025-12-15;20;907
1;2025-12-15;21;501
1;2025-12-15;22;216
1;2025-12-15;23;47
5;2025-12-15;0;0
5;2025-12-15;1;0
5;2025-12-15;2;0
5;2025-12-15;3;0
5;2025-12-15;4;0
5;2025-12-15;5;0
5;2025-12-15;6;0
5;2025-12-15;7;0
5;2025-12-15;8;0
5;2025-12-15;9;0
5;2025-12-15;10;0
5;2025-12-15;11;0
5;2025-12-15;12;0
5;2025-12-15;13;0
5;2025-12-15;14;0
5;2025-12-15;15;0
5;2025-12-15;16;0
5;2025-12-15;17;0
5;2025-12-15;18;0
5;2025-12-15;19;0
5;2025-12-15;20;0
5;2025-12-15;21;0
5;2025-12-15;22;0
5;2025-12-15;23;0
7;2025-12-15;0;29
7;2025-12-15;1;0
7;2025-12-15;2;0
7;2025-12-15;3;0
7;2025-12-15;4;0
7;2025-12-15;5;194
7;2025-12-15;6;752
7;2025-12-15;7;1671
7;2025-12-15;8;2586
7;2025-12-15;9;1907
7;2025-12-15;10;1691
7;2025-12-15;11;1494
7;2025-12-15;12;1611
7;2025-12-15;13;1613
7;2025-12-15;14;1710
7;2025-12-15;15;1820
7;2025-12-15;16;1896
7;2025-12-15;17;2398
7;2025-12-15;18;2693
7;2025-12-15;19;1811
7;2025-12-15;20;1127
7;2025-12-15;21;604
7;2025-12-15;22;292
7;2025-12-15;23;180
11;2025-12-15;0;60
11;2025-12-15;1;0
11;2025-12-15;2;0
11;2025-12-15;3;0
11;2025-12-15;4;0
11;2025-12-15;5;297
11;2025-12-15;6;1362
11;2025-12-15;7;2440
11;2025-12-15;8;3272
11;2025-12-15;9;2474
11;2025-12-15;10;1852
11;2025-12-15;11;1904
11;2025-12-15;12;1932
11;2025-12-15;13;2050
11;2025-12-15;14;2062
11;2025-12-15;15;2153
11;2025-12-15;16;2386
11;2025-12-15;17;2964
11;2025-12-15;18;3225
11;2025-12-15;19;2363
11;2025-12-15;20;1569
11;2025-12-15;21;870
11;2025-12-15;22;418
11;2025-12-15;23;208
12;2025-12-15;0;51
12;2025-12-15;1;0
12;2025-12-15;2;0
12;2025-12-15;3;0
12;2025-12-15;4;4
12;2025-12-15;5;315
12;2025-12-15;6;1359
12;2025-12-15;7;2779
12;2025-12-15;8;3672
12;2025-12-15;9;2493
12;2025-12-15;10;2136
12;2025-12-15;11;2044
12;2025-12-15;12;2181
12;2025-12-15;13;2139
12;2025-12-15;14;2147
12;2025-12-15;15;2413
12;2025-12-15;16;2913
12;2025-12-15;17;3206
12;2025-12-15;18;3319
12;2025-12-15;19;2547
12;2025-12-15;20;1610
12;2025-12-15;21;954
12;2025-12-15;22;460
12;2025-12-15;23;248
17;2025-12-15;0;55
17;2025-12-15;1;1
17;2025-12-15;2;0
17;2025-12-15;3;0
17;2025-12-15;4;24
17;2025-12-15;5;318
17;2025-12-15;6;1580
17;2025-12-15;7;4148
17;2025-12-15;8;5444
17;2025-12-15;9;3875
17;2025-12-15;10;3052
17;2025-12-15;11;3005
17;2025-12-15;12;3052
17;2025-12-15;13;3103
17;2025-12-15;14;3203
17;2025-12-15;15;3342
17;2025-12-15;16;3766
17;2025-12-15;17;4605
17;2025-12-15;18;4995
17;2025-12-15;19;3539
17;2025-12-15;20;2388
17;2025-12-15;21;1476
17;2025-12-15;22;755
17;2025-12-15;23;336
25;2025-12-15;0;0
25;2025-12-15;1;0
25;2025-12-15;2;0
25;2025-12-15;3;0
25;2025-12-15;4;0
25;2025-12-15;5;8
25;2025-12-15;6;170
25;2025-12-15;7;543
25;2025-12-15;8;889
25;2025-12-15;9;447
25;2025-12-15;10;347
25;2025-12-15;11;370
25;2025-12-15;12;370
25;2025-12-15;13;457
25;2025-12-15;14;384
25;2025-12-15;15;478
25;2025-12-15;16;645
25;2025-12-15;17;708
25;2025-12-15;18;735
25;2025-12-15;19;495
25;2025-12-15;20;290
25;2025-12-15;21;179
25;2025-12-15;22;95
25;2025-12-15;23;1
26;2025-12-15;0;10
26;2025-12-15;1;0
26;2025-12-15;2;0
26;2025-12-15;3;0
26;2025-12-15;4;4
26;2025-12-15;5;86
26;2025-12-15;6;512
26;2025-12-15;7;1093
26;2025-12-15;8;2158
26;2025-12-15;9;1471
26;2025-12-15;10;1224
26;2025-12-15;11;1112
26;2025-12-15;12;1133
26;2025-12-15;13;1211
26;2025-12-15;14;1263
26;2025-12-15;15;1366
26;2025-12-15;16;1557
26;2025-12-15;17;1746
26;2025-12-15;18;1913
26;2025-12-15;19;1319
26;2025-12-15;20;786
26;2025-12-15;21;475
26;2025-12-15;22;209
26;2025-12-15;23;109
28;2025-12-15;0;1
28;2025-12-15;1;0
28;2025-12-15;2;0
28;2025-12-15;3;0
28;2025-12-15;4;0
28;2025-12-15;5;73
28;2025-12-15;6;255
28;2025-12-15;7;759
28;2025-12-15;8;1217
28;2025-12-15;9;869
28;2025-12-15;10;639
28;2025-12-15;11;550
28;2025-12-15;12;677
28;2025-12-15;13;709
28;2025-12-15;14;646
28;2025-12-15;15;670
28;2025-12-15;16;815
28;2025-12-15;17;995
28;2025-12-15;18;978
28;2025-12-15;19;726
28;2025-12-15;20;485
28;2025-12-15;21;302
28;2025-12-15;22;125
28;2025-12-15;23;10
50;2025-12-15;0;0
50;2025-12-15;1;0
50;2025-12-15;2;0
50;2025-12-15;3;0
50;2025-12-15;4;0
50;2025-12-15;5;59
50;2025-12-15;6;514
50;2025-12-15;7;1750
50;2025-12-15;8;2825
50;2025-12-15;9;2172
50;2025-12-15;10;1704
50;2025-12-15;11;1612
50;2025-12-15;12;1486
50;2025-12-15;13;1507
50;2025-12-15;14;1465
50;2025-12-15;15;1744
50;2025-12-15;16;1720
50;2025-12-15;17;2402
50;2025-12-15;18;2558
50;2025-12-15;19;1561
50;2025-12-15;20;947
50;2025-12-15;21;605
50;2025-12-15;22;266
50;2025-12-15;23;130
1;2025-12-16;0;3
1;2025-12-16;1;0
1;2025-12-16;2;0
1;2025-12-16;3;0
1;2025-12-16;4;4
1;2025-12-16;5;133
1;2025-12-16;6;571
1;2025-12-16;7;1554
1;2025-12-16;8;1952
1;2025-12-16;9;1529
1;2025-12-16;10;1382
1;2025-12-16;11;1407
1;2025-12-16;12;1422
1;2025-12-16;13;1438
1;2025-12-16;14;1428
1;2025-12-16;15;1560
1;2025-12-16;16;1544
1;2025-12-16;17;1832
1;2025-12-16;18;1831
1;2025-12-16;19;1406
1;2025-12-16;20;946
1;2025-12-16;21;523
1;2025-12-16;22;248
1;2025-12-16;23;35
5;2025-12-16;0;0
5;2025-12-16;1;0
5;2025-12-16;2;0
5;2025-12-16;3;0
5;2025-12-16;4;0
5;2025-12-16;5;0
5;2025-12-16;6;0
5;2025-12-16;7;0
5;2025-12-16;8;0
5;2025-12-16;9;0
5;2025-12-16;10;0
5;2025-12-16;11;0
5;2025-12-16;12;0
5;2025-12-16;13;0
5;2025-12-16;14;0
5;2025-12-16;15;0
5;2025-12-16;16;0
5;2025-12-16;17;0
5;2025-12-16;18;0
5;2025-12-16;19;0
5;2025-12-16;20;0
5;2025-12-16;21;0
5;2025-12-16;22;0
5;2025-12-16;23;0
7;2025-12-16;0;56
7;2025-12-16;1;14
7;2025-12-16;2;0
7;2025-12-16;3;0
7;2025-12-16;4;4
7;2025-12-16;5;190
7;2025-12-16;6;792
7;2025-12-16;7;1731
7;2025-12-16;8;2605
7;2025-12-16;9;2001
7;2025-12-16;10;1721
7;2025-12-16;11;1555
7;2025-12-16;12;1685
7;2025-12-16;13;1654
7;2025-12-16;14;1767
7;2025-12-16;15;1854
7;2025-12-16;16;1987
7;2025-12-16;17;2463
7;2025-12-16;18;2681
7;2025-12-16;19;1871
7;2025-12-16;20;1146
7;2025-12-16;21;666
7;2025-12-16;22;327
7;2025-12-16;23;183
11;2025-12-16;0;74
11;2025-12-16;1;7
11;2025-12-16;2;0
11;2025-12-16;3;0
11;2025-12-16;4;0
11;2025-12-16;5;286
11;2025-12-16;6;1347
11;2025-12-16;7;2502
11;2025-12-16;8;3302
11;2025-12-16;9;2571
11;2025-12-16;10;1982
11;2025-12-16;11;1952
11;2025-12-16;12;1997
11;2025-12-16;13;2107
11;2025-12-16;14;2150
11;2025-12-16;15;2213
11;2025-12-16;16;2418
11;2025-12-16;17;2999
11;2025-12-16;18;3220
11;2025-12-16;19;2404
11;2025-12-16;20;1552
11;2025-12-16;21;917
11;2025-12-16;22;439
11;2025-12-16;23;234
12;2025-12-16;0;52
12;2025-12-16;1;1
12;2025-12-16;2;0
12;2025-12-16;3;0
12;2025-12-16;4;4
12;2025-12-16;5;321
12;2025-12-16;6;1444
12;2025-12-16;7;2902
12;2025-12-16;8;3714
12;2025-12-16;9;2650
12;2025-12-16;10;2265
12;2025-12-16;11;2266
12;2025-12-16;12;2261
12;2025-12-16;13;2213
12;2025-12-16;14;2227
12;2025-12-16;15;2486
12;2025-12-16;16;3007
12;2025-12-16;17;3288
12;2025-12-16;18;3364
12;2025-12-16;19;2644
12;2025-12-16;20;1638
12;2025-12-16;21;973
12;2025-12-16;22;489
12;2025-12-16;23;259
17;2025-12-16;0;125
17;2025-12-16;1;8
17;2025-12-16;2;0
17;2025-12-16;3;0
17;2025-12-16;4;26
17;2025-12-16;5;324
17;2025-12-16;6;1593
17;2025-12-16;7;4177
17;2025-12-16;8;5462
17;2025-12-16;9;3974
17;2025-12-16;10;3169
17;2025-12-16;11;3127
17;2025-12-16;12;3137
17;2025-12-16;13;3193
17;2025-12-16;14;3300
17;2025-12-16;15;3428
17;2025-12-16;16;3841
17;2025-12-16;17;4716
17;2025-12-16;18;5047
17;2025-12-16;19;3579
17;2025-12-16;20;2503
17;2025-12-16;21;1531
17;2025-12-16;22;805
17;2025-12-16;23;369
25;2025-12-16;0;0
25;2025-12-16;1;0
25;2025-12-16;2;0
25;2025-12-16;3;0
25;2025-12-16;4;0
25;2025-12-16;5;3
25;2025-12-16;6;163
25;2025-12-16;7;537
25;2025-12-16;8;893
25;2025-12-16;9;463
25;2025-12-16;10;369
25;2025-12-16;11;416
25;2025-12-16;12;384
25;2025-12-16;13;470
25;2025-12-16;14;416
25;2025-12-16;15;526
25;2025-12-16;16;669
25;2025-12-16;17;722
25;2025-12-16;18;757
25;2025-12-16;19;492
25;2025-12-16;20;313
25;2025-12-16;21;203
25;2025-12-16;22;108
25;2025-12-16;23;0
26;2025-12-16;0;25
26;2025-12-16;1;0
26;2025-12-16;2;0
26;2025-12-16;3;0
26;2025-12-16;4;8
26;2025-12-16;5;74
26;2025-12-16;6;529
26;2025-12-16;7;1133
26;2025-12-16;8;2268
26;2025-12-16;9;1513
26;2025-12-16;10;1257
26;2025-12-16;11;1156
26;2025-12-16;12;1185
26;2025-12-16;13;1231
26;2025-12-16;14;1296
26;2025-12-16;15;1387
26;2025-12-16;16;1601
26;2025-12-16;17;1803
26;2025-12-16;18;1928
26;2025-12-16;19;1310
26;2025-12-16;20;833
26;2025-12-16;21;501
26;2025-12-16;22;228
26;2025-12-16;23;111
28;2025-12-16;0;1
28;2025-12-16;1;0
28;2025-12-16;2;0
28;2025-12-16;3;0
28;2025-12-16;4;0
28;2025-12-16;5;72
28;2025-12-16;6;279
28;2025-12-16;7;777
28;2025-12-16;8;1241
28;2025-12-16;9;868
28;2025-12-16;10;665
28;2025-12-16;11;598
28;2025-12-16;12;726
28;2025-12-16;13;739
28;2025-12-16;14;677
28;2025-12-16;15;717
28;2025-12-16;16;878
28;2025-12-16;17;1024
28;2025-12-16;18;960
28;2025-12-16;19;725
28;2025-12-16;20;520
28;2025-12-16;21;319
28;2025-12-16;22;138
28;2025-12-16;23;15
50;2025-12-16;0;37
50;2025-12-16;1;7
50;2025-12-16;2;0
50;2025-12-16;3;0
50;2025-12-16;4;0
50;2025-12-16;5;69
50;2025-12-16;6;574
50;2025-12-16;7;1828
50;2025-12-16;8;2858
50;2025-12-16;9;2273
50;2025-12-16;10;1732
50;2025-12-16;11;1664
50;2025-12-16;12;1578
50;2025-12-16;13;1561
50;2025-12-16;14;1471
50;2025-12-16;15;1803
50;2025-12-16;16;1839
50;2025-12-16;17;2480
50;2025-12-16;18;2560
50;2025-12-16;19;1566
50;2025-12-16;20;959
50;2025-12-16;21;644
50;2025-12-16;22;271
50;2025-12-16;23;137
1;2025-12-17;0;0
1;2025-12-17;1;0
1;2025-12-17;2;0
1;2025-12-17;3;0
1;2025-12-17;4;0
1;2025-12-17;5;136
1;2025-12-17;6;579
1;2025-12-17;7;1548
1;2025-12-17;8;1957
1;2025-12-17;9;1505
1;2025-12-17;10;1360
1;2025-12-17;11;1405
1;2025-12-17;12;1428
1;2025-12-17;13;1442
1;2025-12-17;14;1432
1;2025-12-17;15;1562
1;2025-12-17;16;1554
1;2025-12-17;17;1854
1;2025-12-17;18;1823
1;2025-12-17;19;1401
1;2025-12-17;20;927
1;2025-12-17;21;514
1;2025-12-17;22;252
1;2025-12-17;23;36
5;2025-12-17;0;0
5;2025-12-17;1;0
5;2025-12-17;2;0
5;2025-12-17;3;0
5;2025-12-17;4;0
5;2025-12-17;5;0
5;2025-12-17;6;0
5;2025-12-17;7;0
5;2025-12-17;8;0
5;2025-12-17;9;0
5;2025-12-17;10;0
5;2025-12-17;11;0
5;2025-12-17;12;0
5;2025-12-17;13;0
5;2025-12-17;14;0
5;2025-12-17;15;0
5;2025-12-17;16;0
5;2025-12-17;17;0
5;2025-12-17;18;0
5;2025-12-17;19;0
5;2025-12-17;20;0
5;2025-12-17;21;0
5;2025-12-17;22;0
5;2025-12-17;23;0
7;2025-12-17;0;36
7;2025-12-17;1;0
7;2025-12-17;2;0
7;2025-12-17;3;0
7;2025-12-17;4;0
7;2025-12-17;5;188
7;2025-12-17;6;785
7;2025-12-17;7;1727
7;2025-12-17;8;2604
7;2025-12-17;9;2001
7;2025-12-17;10;1740
7;2025-12-17;11;1562
7;2025-12-17;12;1690
7;2025-12-17;13;1641
7;2025-12-17;14;1765
7;2025-12-17;15;1860
7;2025-12-17;16;1994
7;2025-12-17;17;2484
7;2025-12-17;18;2693
7;2025-12-17;19;1872
7;2025-12-17;20;1143
7;2025-12-17;21;662
7;2025-12-17;22;314
7;2025-12-17;23;183
11;2025-12-17;0;59
11;2025-12-17;1;0
11;2025-12-17;2;0
11;2025-12-17;3;0
11;2025-12-17;4;0
11;2025-12-17;5;287
11;2025-12-17;6;1346
11;2025-12-17;7;2514
11;2025-12-17;8;3304
11;2025-12-17;9;2573
11;2025-12-17;10;2001
11;2025-12-17;11;1969
11;2025-12-17;12;2021
11;2025-12-17;13;2140
11;2025-12-17;14;2175
11;2025-12-17;15;2224
11;2025-12-17;16;2422
11;2025-12-17;17;3005
11;2025-12-17;18;3225
11;2025-12-17;19;2425
11;2025-12-17;20;1564
11;2025-12-17;21;913
11;2025-12-17;22;437
11;2025-12-17;23;236
12;2025-12-17;0;45
12;2025-12-17;1;0
12;2025-12-17;2;0
12;2025-12-17;3;0
12;2025-12-17;4;0
12;2025-12-17;5;335
12;2025-12-17;6;1446
12;2025-12-17;7;2904
12;2025-12-17;8;3712
12;2025-12-17;9;2657
12;2025-12-17;10;2262
12;2025-12-17;11;2267
12;2025-12-17;12;2289
12;2025-12-17;13;2238
12;2025-12-17;14;2244
12;2025-12-17;15;2496
12;2025-12-17;16;3009
12;2025-12-17;17;3298
12;2025-12-17;18;3358
12;2025-12-17;19;2647
12;2025-12-17;20;1634
12;2025-12-17;21;970
12;2025-12-17;22;486
12;2025-12-17;23;262
17;2025-12-17;0;103
17;2025-12-17;1;0
17;2025-12-17;2;0
17;2025-12-17;3;0
17;2025-12-17;4;9
17;2025-12-17;5;326
17;2025-12-17;6;1589
17;2025-12-17;7;4157
17;2025-12-17;8;5482
17;2025-12-17;9;3960
17;2025-12-17;10;3182
17;2025-12-17;11;3142
17;2025-12-17;12;3169
17;2025-12-17;13;3220
17;2025-12-17;14;3312
17;2025-12-17;15;3449
17;2025-12-17;16;3847
17;2025-12-17;17;4683
17;2025-12-17;18;5024
17;2025-12-17;19;3554
17;2025-12-17;20;2490
17;2025-12-17;21;1531
17;2025-12-17;22;794
17;2025-12-17;23;374
25;2025-12-17;0;0
25;2025-12-17;1;0
25;2025-12-17;2;0
25;2025-12-17;3;0
25;2025-12-17;4;0
25;2025-12-17;5;6
25;2025-12-17;6;172
25;2025-12-17;7;549
25;2025-12-17;8;894
25;2025-12-17;9;465
25;2025-12-17;10;368
25;2025-12-17;11;407
25;2025-12-17;12;394
25;2025-12-17;13;478
25;2025-12-17;14;419
25;2025-12-17;15;522
25;2025-12-17;16;666
25;2025-12-17;17;725
25;2025-12-17;18;771
25;2025-12-17;19;506
25;2025-12-17;20;317
25;2025-12-17;21;203
25;2025-12-17;22;111
25;2025-12-17;23;0
26;2025-12-17;0;15
26;2025-12-17;1;0
26;2025-12-17;2;0
26;2025-12-17;3;0
26;2025-12-17;4;0
26;2025-12-17;5;73
26;2025-12-17;6;542
26;2025-12-17;7;1132
26;2025-12-17;8;2279
26;2025-12-17;9;1518
26;2025-12-17;10;1257
26;2025-12-17;11;1161
26;2025-12-17;12;1185
26;2025-12-17;13;1230
26;2025-12-17;14;1298
26;2025-12-17;15;1392
26;2025-12-17;16;1612
26;2025-12-17;17;1817
26;2025-12-17;18;1938
26;2025-12-17;19;1303
26;2025-12-17;20;817
26;2025-12-17;21;512
26;2025-12-17;22;226
26;2025-12-17;23;114
28;2025-12-17;0;1
28;2025-12-17;1;0
28;2025-12-17;2;0
28;2025-12-17;3;0
28;2025-12-17;4;0
28;2025-12-17;5;77
28;2025-12-17;6;280
28;2025-12-17;7;789
28;2025-12-17;8;1247
28;2025-12-17;9;865
28;2025-12-17;10;666
28;2025-12-17;11;604
28;2025-12-17;12;729
28;2025-12-17;13;757
28;2025-12-17;14;682
28;2025-12-17;15;730
28;2025-12-17;16;906
28;2025-12-17;17;1028
28;2025-12-17;18;964
28;2025-12-17;19;726
28;2025-12-17;20;518
28;2025-12-17;21;319
28;2025-12-17;22;137
28;2025-12-17;23;11
50;2025-12-17;0;24
50;2025-12-17;1;0
50;2025-12-17;2;0
50;2025-12-17;3;0
50;2025-12-17;4;0
50;2025-12-17;5;68
50;2025-12-17;6;565
50;2025-12-17;7;1818
50;2025-12-17;8;2844
50;2025-12-17;9;2264
50;2025-12-17;10;1734
50;2025-12-17;11;1660
50;2025-12-17;12;1594
50;2025-12-17;13;1561
50;2025-12-17;14;1475
50;2025-12-17;15;1797
50;2025-12-17;16;1855
50;2025-12-17;17;2473
50;2025-12-17;18;2548
50;2025-12-17;19;1556
50;2025-12-17;20;951
50;2025-12-17;21;654
50;2025-12-17;22;277
50;2025-12-17;23;139
1;2025-12-18;0;0
1;2025-12-18;1;0
1;2025-12-18;2;0
1;2025-12-18;3;0
1;2025-12-18;4;0
1;2025-12-18;5;127
1;2025-12-18;6;556
1;2025-12-18;7;1544
1;2025-12-18;8;1967
1;2025-12-18;9;1534
1;2025-12-18;10;1368
1;2025-12-18;11;1375
1;2025-12-18;12;1423
1;2025-12-18;13;1450
1;2025-12-18;14;1420
1;2025-12-18;15;1557
1;2025-12-18;16;1532
1;2025-12-18;17;1838
1;2025-12-18;18;1829
1;2025-12-18;19;1384
1;2025-12-18;20;900
1;2025-12-18;21;517
1;2025-12-18;22;252
1;2025-12-18;23;36
5;2025-12-18;0;0
5;2025-12-18;1;0
5;2025-12-18;2;0
5;2025-12-18;3;0
5;2025-12-18;4;0
5;2025-12-18;5;0
5;2025-12-18;6;0
5;2025-12-18;7;0
5;2025-12-18;8;0
5;2025-12-18;9;0
5;2025-12-18;10;0
5;2025-12-18;11;0
5;2025-12-18;12;0
5;2025-12-18;13;0
5;2025-12-18;14;0
5;2025-12-18;15;0
5;2025-12-18;16;0
5;2025-12-18;17;0
5;2025-12-18;18;0
5;2025-12-18;19;0
5;2025-12-18;20;0
5;2025-12-18;21;0
5;2025-12-18;22;0
5;2025-12-18;23;0
7;2025-12-18;0;44
7;2025-12-18;1;0
7;2025-12-18;2;0
7;2025-12-18;3;0
7;2025-12-18;4;0
7;2025-12-18;5;187
7;2025-12-18;6;755
7;2025-12-18;7;1702
7;2025-12-18;8;2604
7;2025-12-18;9;1969
7;2025-12-18;10;1730
7;2025-12-18;11;1553
7;2025-12-18;12;1691
7;2025-12-18;13;1639
7;2025-12-18;14;1775
7;2025-12-18;15;1871
7;2025-12-18;16;1957
7;2025-12-18;17;2456
7;2025-12-18;18;2683
7;2025-12-18;19;1834
7;2025-12-18;20;1130
7;2025-12-18;21;641
7;2025-12-18;22;298
7;2025-12-18;23;177
11;2025-12-18;0;61
11;2025-12-18;1;0
11;2025-12-18;2;0
11;2025-12-18;3;0
11;2025-12-18;4;0
11;2025-12-18;5;262
11;2025-12-18;6;1337
11;2025-12-18;7;2532
11;2025-12-18;8;3302
11;2025-12-18;9;2575
11;2025-12-18;10;1972
11;2025-12-18;11;1936
11;2025-12-18;12;1993
11;2025-12-18;13;2135
11;2025-12-18;14;2129
11;2025-12-18;15;2175
11;2025-12-18;16;2406
11;2025-12-18;17;2981
11;2025-12-18;18;3212
11;2025-12-18;19;2373
11;2025-12-18;20;1537
11;2025-12-18;21;891
11;2025-12-18;22;425
11;2025-12-18;23;235
12;2025-12-18;0;46
12;2025-12-18;1;0
12;2025-12-18;2;0
12;2025-12-18;3;0
12;2025-12-18;4;0
12;2025-12-18;5;310
12;2025-12-18;6;1432
12;2025-12-18;7;2858
12;2025-12-18;8;3698
12;2025-12-18;9;2638
12;2025-12-18;10;2246
12;2025-12-18;11;2213
12;2025-12-18;12;2243
12;2025-12-18;13;2221
12;2025-12-18;14;2187
12;2025-12-18;15;2469
12;2025-12-18;16;2961
12;2025-12-18;17;3260
12;2025-12-18;18;3335
12;2025-12-18;19;2584
12;2025-12-18;20;1594
12;2025-12-18;21;981
12;2025-12-18;22;471
12;2025-12-18;23;254
17;2025-12-18;0;95
17;2025-12-18;1;0
17;2025-12-18;2;0
17;2025-12-18;3;0
17;2025-12-18;4;10
17;2025-12-18;5;332
17;2025-12-18;6;1590
17;2025-12-18;7;4167
17;2025-12-18;8;5476
17;2025-12-18;9;3986
17;2025-12-18;10;3150
17;2025-12-18;11;3086
17;2025-12-18;12;3099
17;2025-12-18;13;3183
17;2025-12-18;14;3265
17;2025-12-18;15;3417
17;2025-12-18;16;3846
17;2025-12-18;17;4704
17;2025-12-18;18;5015
17;2025-12-18;19;3530
17;2025-12-18;20;2433
17;2025-12-18;21;1531
17;2025-12-18;22;796
17;2025-12-18;23;374
25;2025-12-18;0;0
25;2025-12-18;1;0
25;2025-12-18;2;0
25;2025-12-18;3;0
25;2025-12-18;4;0
25;2025-12-18;5;8
25;2025-12-18;6;168
25;2025-12-18;7;549
25;2025-12-18;8;909
25;2025-12-18;9;465
25;2025-12-18;10;371
25;2025-12-18;11;410
25;2025-12-18;12;392
25;2025-12-18;13;480
25;2025-12-18;14;434
25;2025-12-18;15;545
25;2025-12-18;16;671
25;2025-12-18;17;726
25;2025-12-18;18;750
25;2025-12-18;19;506
25;2025-12-18;20;320
25;2025-12-18;21;202
25;2025-12-18;22;95
25;2025-12-18;23;0
26;2025-12-18;0;16
26;2025-12-18;1;0
26;2025-12-18;2;0
26;2025-12-18;3;0
26;2025-12-18;4;0
26;2025-12-18;5;73
26;2025-12-18;6;521
26;2025-12-18;7;1121
26;2025-12-18;8;2288
26;2025-12-18;9;1523
26;2025-12-18;10;1257
26;2025-12-18;11;1165
26;2025-12-18;12;1187
26;2025-12-18;13;1225
26;2025-12-18;14;1285
26;2025-12-18;15;1395
26;2025-12-18;16;1601
26;2025-12-18;17;1790
26;2025-12-18;18;1932
26;2025-12-18;19;1302
26;2025-12-18;20;784
26;2025-12-18;21;487
26;2025-12-18;22;226
26;2025-12-18;23;111
28;2025-12-18;0;1
28;2025-12-18;1;0
28;2025-12-18;2;0
28;2025-12-18;3;0
28;2025-12-18;4;0
28;2025-12-18;5;77
28;2025-12-18;6;279
28;2025-12-18;7;794
28;2025-12-18;8;1275
28;2025-12-18;9;881
28;2025-12-18;10;670
28;2025-12-18;11;609
28;2025-12-18;12;725
28;2025-12-18;13;749
28;2025-12-18;14;682
28;2025-12-18;15;725
28;2025-12-18;16;891
28;2025-12-18;17;1029
28;2025-12-18;18;978
28;2025-12-18;19;720
28;2025-12-18;20;509
28;2025-12-18;21;327
28;2025-12-18;22;139
28;2025-12-18;23;11
50;2025-12-18;0;26
50;2025-12-18;1;0
50;2025-12-18;2;0
50;2025-12-18;3;0
50;2025-12-18;4;0
50;2025-12-18;5;67
50;2025-12-18;6;571
50;2025-12-18;7;1818
50;2025-12-18;8;2825
50;2025-12-18;9;2265
50;2025-12-18;10;1751
50;2025-12-18;11;1640
50;2025-12-18;12;1567
50;2025-12-18;13;1559
50;2025-12-18;14;1478
50;2025-12-18;15;1783
50;2025-12-18;16;1827
50;2025-12-18;17;2445
50;2025-12-18;18;2519
50;2025-12-18;19;1563
50;2025-12-18;20;954
50;2025-12-18;21;641
50;2025-12-18;22;278
50;2025-12-18;23;144
1;2025-12-19;0;0
1;2025-12-19;1;0
1;2025-12-19;2;0
1;2025-12-19;3;0
1;2025-12-19;4;0
1;2025-12-19;5;133
1;2025-12-19;6;539
1;2025-12-19;7;1527
1;2025-12-19;8;1895
1;2025-12-19;9;1494
1;2025-12-19;10;1331
1;2025-12-19;11;1406
1;2025-12-19;12;1416
1;2025-12-19;13;1456
1;2025-12-19;14;1418
1;2025-12-19;15;1581
1;2025-12-19;16;1567
1;2025-12-19;17;1830
1;2025-12-19;18;1672
1;2025-12-19;19;1246
1;2025-12-19;20;827
1;2025-12-19;21;518
1;2025-12-19;22;246
1;2025-12-19;23;36
5;2025-12-19;0;0
5;2025-12-19;1;0
5;2025-12-19;2;0
5;2025-12-19;3;0
5;2025-12-19;4;0
5;2025-12-19;5;0
5;2025-12-19;6;0
5;2025-12-19;7;0
5;2025-12-19;8;0
5;2025-12-19;9;0
5;2025-12-19;10;0
5;2025-12-19;11;0
5;2025-12-19;12;0
5;2025-12-19;13;0
5;2025-12-19;14;0
5;2025-12-19;15;0
5;2025-12-19;16;0
5;2025-12-19;17;0
5;2025-12-19;18;0
5;2025-12-19;19;0
5;2025-12-19;20;0
5;2025-12-19;21;0
5;2025-12-19;22;0
5;2025-12-19;23;0
7;2025-12-19;0;48
7;2025-12-19;1;0
7;2025-12-19;2;0
7;2025-12-19;3;0
7;2025-12-19;4;0
7;2025-12-19;5;173
7;2025-12-19;6;699
7;2025-12-19;7;1668
7;2025-12-19;8;2508
7;2025-12-19;9;1901
7;2025-12-19;10;1710
7;2025-12-19;11;1551
7;2025-12-19;12;1694
7;2025-12-19;13;1687
7;2025-12-19;14;1803
7;2025-12-19;15;1905
7;2025-12-19;16;2007
7;2025-12-19;17;2369
7;2025-12-19;18;2263
7;2025-12-19;19;1639
7;2025-12-19;20;1078
7;2025-12-19;21;622
7;2025-12-19;22;322
7;2025-12-19;23;209
11;2025-12-19;0;64
11;2025-12-19;1;0
11;2025-12-19;2;0
11;2025-12-19;3;0
11;2025-12-19;4;0
11;2025-12-19;5;264
11;2025-12-19;6;1326
11;2025-12-19;7;2442
11;2025-12-19;8;3175
11;2025-12-19;9;2450
11;2025-12-19;10;1941
11;2025-12-19;11;1956
11;2025-12-19;12;2028
11;2025-12-19;13;2111
11;2025-12-19;14;2162
11;2025-12-19;15;2215
11;2025-12-19;16;2484
11;2025-12-19;17;2999
11;2025-12-19;18;2921
11;2025-12-19;19;2226
11;2025-12-19;20;1491
11;2025-12-19;21;877
11;2025-12-19;22;425
11;2025-12-19;23;266
12;2025-12-19;0;53
12;2025-12-19;1;0
12;2025-12-19;2;0
12;2025-12-19;3;0
12;2025-12-19;4;0
12;2025-12-19;5;305
12;2025-12-19;6;1398
12;2025-12-19;7;2791
12;2025-12-19;8;3525
12;2025-12-19;9;2538
12;2025-12-19;10;2138
12;2025-12-19;11;2155
12;2025-12-19;12;2196
12;2025-12-19;13;2213
12;2025-12-19;14;2189
12;2025-12-19;15;2498
12;2025-12-19;16;2969
12;2025-12-19;17;3155
12;2025-12-19;18;2919
12;2025-12-19;19;2419
12;2025-12-19;20;1515
12;2025-12-19;21;986
12;2025-12-19;22;477
12;2025-12-19;23;286
17;2025-12-19;0;106
17;2025-12-19;1;2
17;2025-12-19;2;0
17;2025-12-19;3;0
17;2025-12-19;4;7
17;2025-12-19;5;321
17;2025-12-19;6;1586
17;2025-12-19;7;4115
17;2025-12-19;8;5235
17;2025-12-19;9;3856
17;2025-12-19;10;3095
17;2025-12-19;11;3110
17;2025-12-19;12;3127
17;2025-12-19;13;3229
17;2025-12-19;14;3321
17;2025-12-19;15;3537
17;2025-12-19;16;3940
17;2025-12-19;17;4700
17;2025-12-19;18;4665
17;2025-12-19;19;3377
17;2025-12-19;20;2422
17;2025-12-19;21;1596
17;2025-12-19;22;821
17;2025-12-19;23;444
25;2025-12-19;0;0
25;2025-12-19;1;0
25;2025-12-19;2;0
25;2025-12-19;3;0
25;2025-12-19;4;0
25;2025-12-19;5;3
25;2025-12-19;6;176
25;2025-12-19;7;541
25;2025-12-19;8;853
25;2025-12-19;9;444
25;2025-12-19;10;353
25;2025-12-19;11;413
25;2025-12-19;12;397
25;2025-12-19;13;497
25;2025-12-19;14;469
25;2025-12-19;15;580
25;2025-12-19;16;732
25;2025-12-19;17;724
25;2025-12-19;18;667
25;2025-12-19;19;494
25;2025-12-19;20;304
25;2025-12-19;21;206
25;2025-12-19;22;103
25;2025-12-19;23;0
26;2025-12-19;0;11
26;2025-12-19;1;0
26;2025-12-19;2;0
26;2025-12-19;3;0
26;2025-12-19;4;0
26;2025-12-19;5;69
26;2025-12-19;6;510
26;2025-12-19;7;1096
26;2025-12-19;8;2157
26;2025-12-19;9;1455
26;2025-12-19;10;1243
26;2025-12-19;11;1156
26;2025-12-19;12;1180
26;2025-12-19;13;1227
26;2025-12-19;14;1308
26;2025-12-19;15;1413
26;2025-12-19;16;1656
26;2025-12-19;17;1770
26;2025-12-19;18;1731
26;2025-12-19;19;1173
26;2025-12-19;20;734
26;2025-12-19;21;470
26;2025-12-19;22;219
26;2025-12-19;23;130
28;2025-12-19;0;1
28;2025-12-19;1;0
28;2025-12-19;2;0
28;2025-12-19;3;0
28;2025-12-19;4;0
28;2025-12-19;5;80
28;2025-12-19;6;265
28;2025-12-19;7;784
28;2025-12-19;8;1221
28;2025-12-19;9;857
28;2025-12-19;10;669
28;2025-12-19;11;614
28;2025-12-19;12;729
28;2025-12-19;13;740
28;2025-12-19;14;685
28;2025-12-19;15;739
28;2025-12-19;16;902
28;2025-12-19;17;1022
28;2025-12-19;18;894
28;2025-12-19;19;671
28;2025-12-19;20;470
28;2025-12-19;21;331
28;2025-12-19;22;140
28;2025-12-19;23;12
50;2025-12-19;0;29
50;2025-12-19;1;0
50;2025-12-19;2;0
50;2025-12-19;3;0
50;2025-12-19;4;0
50;2025-12-19;5;60
50;2025-12-19;6;557
50;2025-12-19;7;1768
50;2025-12-19;8;2721
50;2025-12-19;9;2158
50;2025-12-19;10;1672
50;2025-12-19;11;1637
50;2025-12-19;12;1566
50;2025-12-19;13;1582
50;2025-12-19;14;1507
50;2025-12-19;15;1814
50;2025-12-19;16;1927
50;2025-12-19;17;2326
50;2025-12-19;18;2060
50;2025-12-19;19;1298
50;2025-12-19;20;869
50;2025-12-19;21;586
50;2025-12-19;22;292
50;2025-12-19;23;168
1;2025-12-20;0;0
1;2025-12-20;1;0
1;2025-12-20;2;0
1;2025-12-20;3;0
1;2025-12-20;4;0
1;2025-12-20;5;14
1;2025-12-20;6;157
1;2025-12-20;7;289
1;2025-12-20;8;398
1;2025-12-20;9;685
1;2025-12-20;10;776
1;2025-12-20;11;728
1;2025-12-20;12;934
1;2025-12-20;13;969
1;2025-12-20;14;915
1;2025-12-20;15;792
1;2025-12-20;16;730
1;2025-12-20;17;668
1;2025-12-20;18;531
1;2025-12-20;19;472
1;2025-12-20;20;349
1;2025-12-20;21;277
1;2025-12-20;22;106
1;2025-12-20;23;12
5;2025-12-20;0;0
5;2025-12-20;1;0
5;2025-12-20;2;0
5;2025-12-20;3;0
5;2025-12-20;4;0
5;2025-12-20;5;0
5;2025-12-20;6;0
5;2025-12-20;7;0
5;2025-12-20;8;0
5;2025-12-20;9;0
5;2025-12-20;10;0
5;2025-12-20;11;0
5;2025-12-20;12;0
5;2025-12-20;13;0
5;2025-12-20;14;0
5;2025-12-20;15;0
5;2025-12-20;16;0
5;2025-12-20;17;0
5;2025-12-20;18;0
5;2025-12-20;19;0
5;2025-12-20;20;0
5;2025-12-20;21;0
5;2025-12-20;22;0
5;2025-12-20;23;0
7;2025-12-20;0;72
7;2025-12-20;1;0
7;2025-12-20;2;0
7;2025-12-20;3;0
7;2025-12-20;4;0
7;2025-12-20;5;34
7;2025-12-20;6;289
7;2025-12-20;7;415
7;2025-12-20;8;829
7;2025-12-20;9;921
7;2025-12-20;10;909
7;2025-12-20;11;1040
7;2025-12-20;12;1245
7;2025-12-20;13;1212
7;2025-12-20;14;1337
7;2025-12-20;15;1277
7;2025-12-20;16;1297
7;2025-12-20;17;1275
7;2025-12-20;18;1173
7;2025-12-20;19;1062
7;2025-12-20;20;748
7;2025-12-20;21;519
7;2025-12-20;22;280
7;2025-12-20;23;85
11;2025-12-20;0;77
11;2025-12-20;1;0
11;2025-12-20;2;0
11;2025-12-20;3;0
11;2025-12-20;4;0
11;2025-12-20;5;159
11;2025-12-20;6;776
11;2025-12-20;7;727
11;2025-12-20;8;1009
11;2025-12-20;9;1108
11;2025-12-20;10;1202
11;2025-12-20;11;1508
11;2025-12-20;12;1607
11;2025-12-20;13;1640
11;2025-12-20;14;1683
11;2025-12-20;15;1665
11;2025-12-20;16;1713
11;2025-12-20;17;1853
11;2025-12-20;18;1522
11;2025-12-20;19;1377
11;2025-12-20;20;1008
11;2025-12-20;21;690
11;2025-12-20;22;367
11;2025-12-20;23;236
12;2025-12-20;0;69
12;2025-12-20;1;0
12;2025-12-20;2;0
12;2025-12-20;3;0
12;2025-12-20;4;0
12;2025-12-20;5;208
12;2025-12-20;6;829
12;2025-12-20;7;903
12;2025-12-20;8;1011
12;2025-12-20;9;1182
12;2025-12-20;10;1348
12;2025-12-20;11;1439
12;2025-12-20;12;1437
12;2025-12-20;13;1621
12;2025-12-20;14;1577
12;2025-12-20;15;1506
12;2025-12-20;16;1612
12;2025-12-20;17;1603
12;2025-12-20;18;1505
12;2025-12-20;19;1266
12;2025-12-20;20;939
12;2025-12-20;21;676
12;2025-12-20;22;356
12;2025-12-20;23;255
17;2025-12-20;0;144
17;2025-12-20;1;3
17;2025-12-20;2;0
17;2025-12-20;3;0
17;2025-12-20;4;0
17;2025-12-20;5;114
17;2025-12-20;6;538
17;2025-12-20;7;1177
17;2025-12-20;8;1683
17;2025-12-20;9;2193
17;2025-12-20;10;2360
17;2025-12-20;11;2806
17;2025-12-20;12;2971
17;2025-12-20;13;3158
17;2025-12-20;14;3173
17;2025-12-20;15;3261
17;2025-12-20;16;3286
17;2025-12-20;17;3205
17;2025-12-20;18;2876
17;2025-12-20;19;2283
17;2025-12-20;20;1793
17;2025-12-20;21;1307
17;2025-12-20;22;809
17;2025-12-20;23;395
25;2025-12-20;0;0
25;2025-12-20;1;0
25;2025-12-20;2;0
25;2025-12-20;3;0
25;2025-12-20;4;0
25;2025-12-20;5;0
25;2025-12-20;6;53
25;2025-12-20;7;129
25;2025-12-20;8;267
25;2025-12-20;9;249
25;2025-12-20;10;229
25;2025-12-20;11;303
25;2025-12-20;12;317
25;2025-12-20;13;448
25;2025-12-20;14;450
25;2025-12-20;15;531
25;2025-12-20;16;496
25;2025-12-20;17;433
25;2025-12-20;18;401
25;2025-12-20;19;338
25;2025-12-20;20;208
25;2025-12-20;21;158
25;2025-12-20;22;71
25;2025-12-20;23;19
26;2025-12-20;0;17
26;2025-12-20;1;0
26;2025-12-20;2;0
26;2025-12-20;3;0
26;2025-12-20;4;0
26;2025-12-20;5;15
26;2025-12-20;6;228
26;2025-12-20;7;303
26;2025-12-20;8;570
26;2025-12-20;9;607
26;2025-12-20;10;736
26;2025-12-20;11;838
26;2025-12-20;12;867
26;2025-12-20;13;925
26;2025-12-20;14;887
26;2025-12-20;15;887
26;2025-12-20;16;916
26;2025-12-20;17;867
26;2025-12-20;18;820
26;2025-12-20;19;697
26;2025-12-20;20;484
26;2025-12-20;21;324
26;2025-12-20;22;153
26;2025-12-20;23;103
28;2025-12-20;0;1
28;2025-12-20;1;0
28;2025-12-20;2;0
28;2025-12-20;3;0
28;2025-12-20;4;0
28;2025-12-20;5;21
28;2025-12-20;6;83
28;2025-12-20;7;180
28;2025-12-20;8;332
28;2025-12-20;9;398
28;2025-12-20;10;430
28;2025-12-20;11;420
28;2025-12-20;12;502
28;2025-12-20;13;516
28;2025-12-20;14;499
28;2025-12-20;15;520
28;2025-12-20;16;530
28;2025-12-20;17;522
28;2025-12-20;18;438
28;2025-12-20;19;363
28;2025-12-20;20;289
28;2025-12-20;21;249
28;2025-12-20;22;99
28;2025-12-20;23;2
50;2025-12-20;0;36
50;2025-12-20;1;0
50;2025-12-20;2;0
50;2025-12-20;3;0
50;2025-12-20;4;0
50;2025-12-20;5;32
50;2025-12-20;6;244
50;2025-12-20;7;389
50;2025-12-20;8;687
50;2025-12-20;9;762
50;2025-12-20;10;688
50;2025-12-20;11;831
50;2025-12-20;12;854
50;2025-12-20;13;856
50;2025-12-20;14;880
50;2025-12-20;15;903
50;2025-12-20;16;917
50;2025-12-20;17;962
50;2025-12-20;18;749
50;2025-12-20;19;677
50;2025-12-20;20;525
50;2025-12-20;21;380
50;2025-12-20;22;191
50;2025-12-20;23;129
1;2025-12-21;0;0
1;2025-12-21;1;0
1;2025-12-21;2;0
1;2025-12-21;3;0
1;2025-12-21;4;0
1;2025-12-21;5;4
1;2025-12-21;6;87
1;2025-12-21;7;193
1;2025-12-21;8;279
1;2025-12-21;9;525
1;2025-12-21;10;595
1;2025-12-21;11;591
1;2025-12-21;12;730
1;2025-12-21;13;758
1;2025-12-21;14;714
1;2025-12-21;15;644
1;2025-12-21;16;563
1;2025-12-21;17;527
1;2025-12-21;18;444
1;2025-12-21;19;374
1;2025-12-21;20;279
1;2025-12-21;21;220
1;2025-12-21;22;63
1;2025-12-21;23;16
5;2025-12-21;0;0
5;2025-12-21;1;0
5;2025-12-21;2;0
5;2025-12-21;3;0
5;2025-12-21;4;0
5;2025-12-21;5;0
5;2025-12-21;6;0
5;2025-12-21;7;0
5;2025-12-21;8;0
5;2025-12-21;9;0
5;2025-12-21;10;0
5;2025-12-21;11;0
5;2025-12-21;12;0
5;2025-12-21;13;0
5;2025-12-21;14;0
5;2025-12-21;15;0
5;2025-12-21;16;0
5;2025-12-21;17;0
5;2025-12-21;18;0
5;2025-12-21;19;0
5;2025-12-21;20;0
5;2025-12-21;21;0
5;2025-12-21;22;0
5;2025-12-21;23;0
7;2025-12-21;0;61
7;2025-12-21;1;0
7;2025-12-21;2;0
7;2025-12-21;3;0
7;2025-12-21;4;0
7;2025-12-21;5;5
7;2025-12-21;6;201
7;2025-12-21;7;280
7;2025-12-21;8;521
7;2025-12-21;9;661
7;2025-12-21;10;656
7;2025-12-21;11;843
7;2025-12-21;12;1055
7;2025-12-21;13;1043
7;2025-12-21;14;1127
7;2025-12-21;15;1035
7;2025-12-21;16;1012
7;2025-12-21;17;1054
7;2025-12-21;18;953
7;2025-12-21;19;788
7;2025-12-21;20;557
7;2025-12-21;21;438
7;2025-12-21;22;245
7;2025-12-21;23;70
11;2025-12-21;0;72
11;2025-12-21;1;0
11;2025-12-21;2;0
11;2025-12-21;3;0
11;2025-12-21;4;0
11;2025-12-21;5;89
11;2025-12-21;6;453
11;2025-12-21;7;493
11;2025-12-21;8;646
11;2025-12-21;9;877
11;2025-12-21;10;1009
11;2025-12-21;11;1352
11;2025-12-21;12;1452
11;2025-12-21;13;1468
11;2025-12-21;14;1505
11;2025-12-21;15;1509
11;2025-12-21;16;1527
11;2025-12-21;17;1683
11;2025-12-21;18;1377
11;2025-12-21;19;1158
11;2025-12-21;20;841
11;2025-12-21;21;566
11;2025-12-21;22;297
11;2025-12-21;23;202
12;2025-12-21;0;69
12;2025-12-21;1;0
12;2025-12-21;2;0
12;2025-12-21;3;0
12;2025-12-21;4;0
12;2025-12-21;5;124
12;2025-12-21;6;461
12;2025-12-21;7;628
12;2025-12-21;8;713
12;2025-12-21;9;921
12;2025-12-21;10;1127
12;2025-12-21;11;1277
12;2025-12-21;12;1299
12;2025-12-21;13;1481
12;2025-12-21;14;1476
12;2025-12-21;15;1333
12;2025-12-21;16;1472
12;2025-12-21;17;1500
12;2025-12-21;18;1316
12;2025-12-21;19;966
12;2025-12-21;20;717
12;2025-12-21;21;527
12;2025-12-21;22;316
12;2025-12-21;23;207
17;2025-12-21;0;104
17;2025-12-21;1;0
17;2025-12-21;2;0
17;2025-12-21;3;0
17;2025-12-21;4;0
17;2025-12-21;5;62
17;2025-12-21;6;369
17;2025-12-21;7;761
17;2025-12-21;8;1256
17;2025-12-21;9;1750
17;2025-12-21;10;2023
17;2025-12-21;11;2521
17;2025-12-21;12;2784
17;2025-12-21;13;2942
17;2025-12-21;14;2999
17;2025-12-21;15;3019
17;2025-12-21;16;3040
17;2025-12-21;17;2924
17;2025-12-21;18;2536
17;2025-12-21;19;2099
17;2025-12-21;20;1591
17;2025-12-21;21;1143
17;2025-12-21;22;700
17;2025-12-21;23;288
25;2025-12-21;0;0
25;2025-12-21;1;0
25;2025-12-21;2;0
25;2025-12-21;3;0
25;2025-12-21;4;0
25;2025-12-21;5;0
25;2025-12-21;6;37
25;2025-12-21;7;85
25;2025-12-21;8;166
25;2025-12-21;9;173
25;2025-12-21;10;167
25;2025-12-21;11;220
25;2025-12-21;12;266
25;2025-12-21;13;375
25;2025-12-21;14;382
25;2025-12-21;15;457
25;2025-12-21;16;422
25;2025-12-21;17;374
25;2025-12-21;18;335
25;2025-12-21;19;262
25;2025-12-21;20;156
25;2025-12-21;21;135
25;2025-12-21;22;63
25;2025-12-21;23;14
26;2025-12-21;0;20
26;2025-12-21;1;0
26;2025-12-21;2;0
26;2025-12-21;3;0
26;2025-12-21;4;0
26;2025-12-21;5;0
26;2025-12-21;6;121
26;2025-12-21;7;190
26;2025-12-21;8;338
26;2025-12-21;9;430
26;2025-12-21;10;501
26;2025-12-21;11;665
26;2025-12-21;12;708
26;2025-12-21;13;748
26;2025-12-21;14;727
26;2025-12-21;15;699
26;2025-12-21;16;707
26;2025-12-21;17;696
26;2025-12-21;18;636
26;2025-12-21;19;476
26;2025-12-21;20;354
26;2025-12-21;21;259
26;2025-12-21;22;131
26;2025-12-21;23;79
28;2025-12-21;0;1
28;2025-12-21;1;0
28;2025-12-21;2;0
28;2025-12-21;3;0
28;2025-12-21;4;0
28;2025-12-21;5;15
28;2025-12-21;6;55
28;2025-12-21;7;109
28;2025-12-21;8;212
28;2025-12-21;9;286
28;2025-12-21;10;331
28;2025-12-21;11;356
28;2025-12-21;12;407
28;2025-12-21;13;441
28;2025-12-21;14;420
28;2025-12-21;15;441
28;2025-12-21;16;427
28;2025-12-21;17;418
28;2025-12-21;18;352
28;2025-12-21;19;296
28;2025-12-21;20;234
28;2025-12-21;21;199
28;2025-12-21;22;83
28;2025-12-21;23;0
50;2025-12-21;0;8
50;2025-12-21;1;0
50;2025-12-21;2;0
50;2025-12-21;3;0
50;2025-12-21;4;0
50;2025-12-21;5;21
50;2025-12-21;6;161
50;2025-12-21;7;256
50;2025-12-21;8;465
50;2025-12-21;9;528
50;2025-12-21;10;476
50;2025-12-21;11;613
50;2025-12-21;12;704
50;2025-12-21;13;754
50;2025-12-21;14;745
50;2025-12-21;15;719
50;2025-12-21;16;751
50;2025-12-21;17;752
50;2025-12-21;18;649
50;2025-12-21;19;522
50;2025-12-21;20;424
50;2025-12-21;21;298
50;2025-12-21;22;155
50;2025-12-21;23;110
1;2025-12-22;0;0
1;2025-12-22;1;0
1;2025-12-22;2;0
1;2025-12-22;3;0
1;2025-12-22;4;0
1;2025-12-22;5;118
1;2025-12-22;6;523
1;2025-12-22;7;1347
1;2025-12-22;8;1735
1;2025-12-22;9;1392
1;2025-12-22;10;1246
1;2025-12-22;11;1263
1;2025-12-22;12;1312
1;2025-12-22;13;1352
1;2025-12-22;14;1302
1;2025-12-22;15;1440
1;2025-12-22;16;1403
1;2025-12-22;17;1665
1;2025-12-22;18;1679
1;2025-12-22;19;1311
1;2025-12-22;20;844
1;2025-12-22;21;457
1;2025-12-22;22;203
1;2025-12-22;23;49
5;2025-12-22;0;0
5;2025-12-22;1;0
5;2025-12-22;2;0
5;2025-12-22;3;0
5;2025-12-22;4;0
5;2025-12-22;5;0
5;2025-12-22;6;0
5;2025-12-22;7;0
5;2025-12-22;8;0
5;2025-12-22;9;0
5;2025-12-22;10;0
5;2025-12-22;11;0
5;2025-12-22;12;0
5;2025-12-22;13;0
5;2025-12-22;14;0
5;2025-12-22;15;0
5;2025-12-22;16;0
5;2025-12-22;17;0
5;2025-12-22;18;0
5;2025-12-22;19;0
5;2025-12-22;20;0
5;2025-12-22;21;0
5;2025-12-22;22;0
5;2025-12-22;23;0
7;2025-12-22;0;33
7;2025-12-22;1;0
7;2025-12-22;2;0
7;2025-12-22;3;0
7;2025-12-22;4;0
7;2025-12-22;5;163
7;2025-12-22;6;683
7;2025-12-22;7;1528
7;2025-12-22;8;2454
7;2025-12-22;9;1756
7;2025-12-22;10;1567
7;2025-12-22;11;1396
7;2025-12-22;12;1461
7;2025-12-22;13;1463
7;2025-12-22;14;1541
7;2025-12-22;15;1639
7;2025-12-22;16;1767
7;2025-12-22;17;2245
7;2025-12-22;18;2563
7;2025-12-22;19;1707
7;2025-12-22;20;1062
7;2025-12-22;21;544
7;2025-12-22;22;278
7;2025-12-22;23;166
11;2025-12-22;0;63
11;2025-12-22;1;0
11;2025-12-22;2;0
11;2025-12-22;3;0
11;2025-12-22;4;0
11;2025-12-22;5;266
11;2025-12-22;6;1278
11;2025-12-22;7;2358
11;2025-12-22;8;3216
11;2025-12-22;9;2415
11;2025-12-22;10;1746
11;2025-12-22;11;1751
11;2025-12-22;12;1799
11;2025-12-22;13;1900
11;2025-12-22;14;1923
11;2025-12-22;15;2011
11;2025-12-22;16;2230
11;2025-12-22;17;2881
11;2025-12-22;18;3103
11;2025-12-22;19;2260
11;2025-12-22;20;1492
11;2025-12-22;21;824
11;2025-12-22;22;388
11;2025-12-22;23;186
12;2025-12-22;0;57
12;2025-12-22;1;0
12;2025-12-22;2;0
12;2025-12-22;3;0
12;2025-12-22;4;0
12;2025-12-22;5;294
12;2025-12-22;6;1318
12;2025-12-22;7;2709
12;2025-12-22;8;3584
12;2025-12-22;9;2468
12;2025-12-22;10;2037
12;2025-12-22;11;1951
12;2025-12-22;12;2097
12;2025-12-22;13;2040
12;2025-12-22;14;2066
12;2025-12-22;15;2304
12;2025-12-22;16;2878
12;2025-12-22;17;3150
12;2025-12-22;18;3242
12;2025-12-22;19;2468
12;2025-12-22;20;1544
12;2025-12-22;21;910
12;2025-12-22;22;441
12;2025-12-22;23;214
17;2025-12-22;0;42
17;2025-12-22;1;0
17;2025-12-22;2;0
17;2025-12-22;3;0
17;2025-12-22;4;12
17;2025-12-22;5;288
17;2025-12-22;6;1496
17;2025-12-22;7;4075
17;2025-12-22;8;5392
17;2025-12-22;9;3859
17;2025-12-22;10;3006
17;2025-12-22;11;2966
17;2025-12-22;12;3021
17;2025-12-22;13;3087
17;2025-12-22;14;3166
17;2025-12-22;15;3304
17;2025-12-22;16;3701
17;2025-12-22;17;4556
17;2025-12-22;18;4920
17;2025-12-22;19;3456
17;2025-12-22;20;2325
17;2025-12-22;21;1434
17;2025-12-22;22;747
17;2025-12-22;23;314
25;2025-12-22;0;0
25;2025-12-22;1;0
25;2025-12-22;2;0
25;2025-12-22;3;0
25;2025-12-22;4;0
25;2025-12-22;5;0
25;2025-12-22;6;155
25;2025-12-22;7;504
25;2025-12-22;8;822
25;2025-12-22;9;436
25;2025-12-22;10;314
25;2025-12-22;11;339
25;2025-12-22;12;332
25;2025-12-22;13;447
25;2025-12-22;14;374
25;2025-12-22;15;456
25;2025-12-22;16;583
25;2025-12-22;17;621
25;2025-12-22;18;658
25;2025-12-22;19;441
25;2025-12-22;20;239
25;2025-12-22;21;151
25;2025-12-22;22;90
25;2025-12-22;23;8
26;2025-12-22;0;7
26;2025-12-22;1;0
26;2025-12-22;2;0
26;2025-12-22;3;0
26;2025-12-22;4;0
26;2025-12-22;5;50
26;2025-12-22;6;480
26;2025-12-22;7;1026
26;2025-12-22;8;1975
26;2025-12-22;9;1356
26;2025-12-22;10;1142
26;2025-12-22;11;1014
26;2025-12-22;12;1051
26;2025-12-22;13;1115
26;2025-12-22;14;1121
26;2025-12-22;15;1225
26;2025-12-22;16;1423
26;2025-12-22;17;1565
26;2025-12-22;18;1725
26;2025-12-22;19;1192
26;2025-12-22;20;719
26;2025-12-22;21;431
26;2025-12-22;22;197
26;2025-12-22;23;87
28;2025-12-22;0;1
28;2025-12-22;1;0
28;2025-12-22;2;0
28;2025-12-22;3;0
28;2025-12-22;4;0
28;2025-12-22;5;64
28;2025-12-22;6;241
28;2025-12-22;7;728
28;2025-12-22;8;1152
28;2025-12-22;9;824
28;2025-12-22;10;578
28;2025-12-22;11;503
28;2025-12-22;12;623
28;2025-12-22;13;641
28;2025-12-22;14;586
28;2025-12-22;15;604
28;2025-12-22;16;755
28;2025-12-22;17;883
28;2025-12-22;18;895
28;2025-12-22;19;666
28;2025-12-22;20;440
28;2025-12-22;21;300
28;2025-12-22;22;114
28;2025-12-22;23;9
50;2025-12-22;0;0
50;2025-12-22;1;0
50;2025-12-22;2;0
50;2025-12-22;3;0
50;2025-12-22;4;0
50;2025-12-22;5;66
50;2025-12-22;6;506
50;2025-12-22;7;1635
50;2025-12-22;8;2720
50;2025-12-22;9;2072
50;2025-12-22;10;1610
50;2025-12-22;11;1525
50;2025-12-22;12;1402
50;2025-12-22;13;1399
50;2025-12-22;14;1373
50;2025-12-22;15;1616
50;2025-12-22;16;1587
50;2025-12-22;17;2282
50;2025-12-22;18;2376
50;2025-12-22;19;1437
50;2025-12-22;20;899
50;2025-12-22;21;576
50;2025-12-22;22;245
50;2025-12-22;23;119
1;2025-12-23;0;7
1;2025-12-23;1;0
1;2025-12-23;2;0
1;2025-12-23;3;0
1;2025-12-23;4;0
1;2025-12-23;5;135
1;2025-12-23;6;553
1;2025-12-23;7;1436
1;2025-12-23;8;1822
1;2025-12-23;9;1498
1;2025-12-23;10;1329
1;2025-12-23;11;1331
1;2025-12-23;12;1350
1;2025-12-23;13;1392
1;2025-12-23;14;1347
1;2025-12-23;15;1451
1;2025-12-23;16;1422
1;2025-12-23;17;1696
1;2025-12-23;18;1720
1;2025-12-23;19;1326
1;2025-12-23;20;887
1;2025-12-23;21;494
1;2025-12-23;22;258
1;2025-12-23;23;58
5;2025-12-23;0;0
5;2025-12-23;1;0
5;2025-12-23;2;0
5;2025-12-23;3;0
5;2025-12-23;4;0
5;2025-12-23;5;0
5;2025-12-23;6;0
5;2025-12-23;7;0
5;2025-12-23;8;0
5;2025-12-23;9;0
5;2025-12-23;10;0
5;2025-12-23;11;0
5;2025-12-23;12;0
5;2025-12-23;13;0
5;2025-12-23;14;0
5;2025-12-23;15;0
5;2025-12-23;16;0
5;2025-12-23;17;0
5;2025-12-23;18;0
5;2025-12-23;19;0
5;2025-12-23;20;0
5;2025-12-23;21;0
5;2025-12-23;22;0
5;2025-12-23;23;0
7;2025-12-23;0;41
7;2025-12-23;1;6
7;2025-12-23;2;0
7;2025-12-23;3;0
7;2025-12-23;4;0
7;2025-12-23;5;200
7;2025-12-23;6;752
7;2025-12-23;7;1626
7;2025-12-23;8;2539
7;2025-12-23;9;1874
7;2025-12-23;10;1650
7;2025-12-23;11;1505
7;2025-12-23;12;1572
7;2025-12-23;13;1537
7;2025-12-23;14;1638
7;2025-12-23;15;1731
7;2025-12-23;16;1837
7;2025-12-23;17;2345
7;2025-12-23;18;2621
7;2025-12-23;19;1817
7;2025-12-23;20;1109
7;2025-12-23;21;616
7;2025-12-23;22;316
7;2025-12-23;23;188
11;2025-12-23;0;68
11;2025-12-23;1;0
11;2025-12-23;2;0
11;2025-12-23;3;0
11;2025-12-23;4;0
11;2025-12-23;5;285
11;2025-12-23;6;1330
11;2025-12-23;7;2456
11;2025-12-23;8;3262
11;2025-12-23;9;2515
11;2025-12-23;10;1914
11;2025-12-23;11;1846
11;2025-12-23;12;1894
11;2025-12-23;13;2024
11;2025-12-23;14;1999
11;2025-12-23;15;2078
11;2025-12-23;16;2286
11;2025-12-23;17;2923
11;2025-12-23;18;3144
11;2025-12-23;19;2334
11;2025-12-23;20;1516
11;2025-12-23;21;855
11;2025-12-23;22;423
11;2025-12-23;23;231
12;2025-12-23;0;54
12;2025-12-23;1;0
12;2025-12-23;2;0
12;2025-12-23;3;0
12;2025-12-23;4;7
12;2025-12-23;5;327
12;2025-12-23;6;1429
12;2025-12-23;7;2786
12;2025-12-23;8;3633
12;2025-12-23;9;2560
12;2025-12-23;10;2182
12;2025-12-23;11;2073
12;2025-12-23;12;2183
12;2025-12-23;13;2116
12;2025-12-23;14;2089
12;2025-12-23;15;2335
12;2025-12-23;16;2874
12;2025-12-23;17;3161
12;2025-12-23;18;3276
12;2025-12-23;19;2563
12;2025-12-23;20;1582
12;2025-12-23;21;945
12;2025-12-23;22;497
12;2025-12-23;23;238
17;2025-12-23;0;99
17;2025-12-23;1;7
17;2025-12-23;2;0
17;2025-12-23;3;0
17;2025-12-23;4;22
17;2025-12-23;5;316
17;2025-12-23;6;1544
17;2025-12-23;7;4141
17;2025-12-23;8;5397
17;2025-12-23;9;3908
17;2025-12-23;10;3090
17;2025-12-23;11;2996
17;2025-12-23;12;3006
17;2025-12-23;13;3104
17;2025-12-23;14;3170
17;2025-12-23;15;3331
17;2025-12-23;16;3734
17;2025-12-23;17;4621
17;2025-12-23;18;4969
17;2025-12-23;19;3508
17;2025-12-23;20;2384
17;2025-12-23;21;1484
17;2025-12-23;22;790
17;2025-12-23;23;355
25;2025-12-23;0;0
25;2025-12-23;1;0
25;2025-12-23;2;0
25;2025-12-23;3;0
25;2025-12-23;4;0
25;2025-12-23;5;8
25;2025-12-23;6;167
25;2025-12-23;7;506
25;2025-12-23;8;864
25;2025-12-23;9;460
25;2025-12-23;10;358
25;2025-12-23;11;368
25;2025-12-23;12;369
25;2025-12-23;13;466
25;2025-12-23;14;414
25;2025-12-23;15;508
25;2025-12-23;16;602
25;2025-12-23;17;647
25;2025-12-23;18;691
25;2025-12-23;19;469
25;2025-12-23;20;295
25;2025-12-23;21;183
25;2025-12-23;22;109
25;2025-12-23;23;11
26;2025-12-23;0;26
26;2025-12-23;1;3
26;2025-12-23;2;0
26;2025-12-23;3;0
26;2025-12-23;4;0
26;2025-12-23;5;72
26;2025-12-23;6;513
26;2025-12-23;7;1073
26;2025-12-23;8;2087
26;2025-12-23;9;1419
26;2025-12-23;10;1204
26;2025-12-23;11;1070
26;2025-12-23;12;1104
26;2025-12-23;13;1130
26;2025-12-23;14;1149
26;2025-12-23;15;1270
26;2025-12-23;16;1432
26;2025-12-23;17;1619
26;2025-12-23;18;1808
26;2025-12-23;19;1208
26;2025-12-23;20;769
26;2025-12-23;21;476
26;2025-12-23;22;215
26;2025-12-23;23;98
28;2025-12-23;0;1
28;2025-12-23;1;0
28;2025-12-23;2;0
28;2025-12-23;3;0
28;2025-12-23;4;0
28;2025-12-23;5;85
28;2025-12-23;6;264
28;2025-12-23;7;787
28;2025-12-23;8;1197
28;2025-12-23;9;869
28;2025-12-23;10;634
28;2025-12-23;11;580
28;2025-12-23;12;670
28;2025-12-23;13;687
28;2025-12-23;14;628
28;2025-12-23;15;647
28;2025-12-23;16;830
28;2025-12-23;17;943
28;2025-12-23;18;920
28;2025-12-23;19;695
28;2025-12-23;20;483
28;2025-12-23;21;324
28;2025-12-23;22;148
28;2025-12-23;23;16
50;2025-12-23;0;25
50;2025-12-23;1;0
50;2025-12-23;2;0
50;2025-12-23;3;0
50;2025-12-23;4;0
50;2025-12-23;5;78
50;2025-12-23;6;564
50;2025-12-23;7;1738
50;2025-12-23;8;2764
50;2025-12-23;9;2184
50;2025-12-23;10;1697
50;2025-12-23;11;1603
50;2025-12-23;12;1512
50;2025-12-23;13;1466
50;2025-12-23;14;1390
50;2025-12-23;15;1698
50;2025-12-23;16;1687
50;2025-12-23;17;2351
50;2025-12-23;18;2428
50;2025-12-23;19;1514
50;2025-12-23;20;940
50;2025-12-23;21;625
50;2025-12-23;22;282
50;2025-12-23;23;153
1;2025-12-24;0;4
1;2025-12-24;1;0
1;2025-12-24;2;0
1;2025-12-24;3;0
1;2025-12-24;4;3
1;2025-12-24;5;150
1;2025-12-24;6;586
1;2025-12-24;7;1435
1;2025-12-24;8;1839
1;2025-12-24;9;1477
1;2025-12-24;10;1316
1;2025-12-24;11;1322
1;2025-12-24;12;1353
1;2025-12-24;13;1394
1;2025-12-24;14;1353
1;2025-12-24;15;1479
1;2025-12-24;16;1409
1;2025-12-24;17;1679
1;2025-12-24;18;1704
1;2025-12-24;19;1310
1;2025-12-24;20;860
1;2025-12-24;21;480
1;2025-12-24;22;239
1;2025-12-24;23;34
5;2025-12-24;0;0
5;2025-12-24;1;0
5;2025-12-24;2;0
5;2025-12-24;3;0
5;2025-12-24;4;0
5;2025-12-24;5;0
5;2025-12-24;6;0
5;2025-12-24;7;0
5;2025-12-24;8;0
5;2025-12-24;9;0
5;2025-12-24;10;0
5;2025-12-24;11;0
5;2025-12-24;12;0
5;2025-12-24;13;0
5;2025-12-24;14;0
5;2025-12-24;15;0
5;2025-12-24;16;0
5;2025-12-24;17;0
5;2025-12-24;18;0
5;2025-12-24;19;0
5;2025-12-24;20;0
5;2025-12-24;21;0
5;2025-12-24;22;0
5;2025-12-24;23;0
7;2025-12-24;0;50
7;2025-12-24;1;5
7;2025-12-24;2;0
7;2025-12-24;3;0
7;2025-12-24;4;0
7;2025-12-24;5;191
7;2025-12-24;6;747
7;2025-12-24;7;1604
7;2025-12-24;8;2530
7;2025-12-24;9;1875
7;2025-12-24;10;1648
7;2025-12-24;11;1486
7;2025-12-24;12;1550
7;2025-12-24;13;1512
7;2025-12-24;14;1613
7;2025-12-24;15;1706
7;2025-12-24;16;1817
7;2025-12-24;17;2333
7;2025-12-24;18;2589
7;2025-12-24;19;1770
7;2025-12-24;20;1077
7;2025-12-24;21;577
7;2025-12-24;22;275
7;2025-12-24;23;181
11;2025-12-24;0;73
11;2025-12-24;1;0
11;2025-12-24;2;0
11;2025-12-24;3;0
11;2025-12-24;4;0
11;2025-12-24;5;282
11;2025-12-24;6;1328
11;2025-12-24;7;2450
11;2025-12-24;8;3264
11;2025-12-24;9;2508
11;2025-12-24;10;1925
11;2025-12-24;11;1838
11;2025-12-24;12;1897
11;2025-12-24;13;2018
11;2025-12-24;14;2007
11;2025-12-24;15;2049
11;2025-12-24;16;2268
11;2025-12-24;17;2903
11;2025-12-24;18;3135
11;2025-12-24;19;2317
11;2025-12-24;20;1505
11;2025-12-24;21;839
11;2025-12-24;22;397
11;2025-12-24;23;233
12;2025-12-24;0;61
12;2025-12-24;1;0
12;2025-12-24;2;0
12;2025-12-24;3;0
12;2025-12-24;4;2
12;2025-12-24;5;329
12;2025-12-24;6;1449
12;2025-12-24;7;2791
12;2025-12-24;8;3630
12;2025-12-24;9;2582
12;2025-12-24;10;2167
12;2025-12-24;11;2088
12;2025-12-24;12;2156
12;2025-12-24;13;2115
12;2025-12-24;14;2087
12;2025-12-24;15;2345
12;2025-12-24;16;2887
12;2025-12-24;17;3170
12;2025-12-24;18;3253
12;2025-12-24;19;2539
12;2025-12-24;20;1558
12;2025-12-24;21;942
12;2025-12-24;22;465
12;2025-12-24;23;244
17;2025-12-24;0;100
17;2025-12-24;1;3
17;2025-12-24;2;0
17;2025-12-24;3;0
17;2025-12-24;4;19
17;2025-12-24;5;328
17;2025-12-24;6;1537
17;2025-12-24;7;4123
17;2025-12-24;8;5394
17;2025-12-24;9;3886
17;2025-12-24;10;3082
17;2025-12-24;11;3014
17;2025-12-24;12;3023
17;2025-12-24;13;3110
17;2025-12-24;14;3194
17;2025-12-24;15;3340
17;2025-12-24;16;3717
17;2025-12-24;17;4590
17;2025-12-24;18;4934
17;2025-12-24;19;3455
17;2025-12-24;20;2358
17;2025-12-24;21;1486
17;2025-12-24;22;763
17;2025-12-24;23;358
25;2025-12-24;0;0
25;2025-12-24;1;0
25;2025-12-24;2;0
25;2025-12-24;3;0
25;2025-12-24;4;0
25;2025-12-24;5;14
25;2025-12-24;6;174
25;2025-12-24;7;514
25;2025-12-24;8;862
25;2025-12-24;9;447
25;2025-12-24;10;355
25;2025-12-24;11;362
25;2025-12-24;12;367
25;2025-12-24;13;480
25;2025-12-24;14;415
25;2025-12-24;15;496
25;2025-12-24;16;603
25;2025-12-24;17;651
25;2025-12-24;18;693
25;2025-12-24;19;469
25;2025-12-24;20;292
25;2025-12-24;21;187
25;2025-12-24;22;87
25;2025-12-24;23;7
26;2025-12-24;0;24
26;2025-12-24;1;6
26;2025-12-24;2;0
26;2025-12-24;3;0
26;2025-12-24;4;1
26;2025-12-24;5;92
26;2025-12-24;6;514
26;2025-12-24;7;1075
26;2025-12-24;8;2111
26;2025-12-24;9;1407
26;2025-12-24;10;1197
26;2025-12-24;11;1057
26;2025-12-24;12;1089
26;2025-12-24;13;1114
26;2025-12-24;14;1161
26;2025-12-24;15;1251
26;2025-12-24;16;1421
26;2025-12-24;17;1608
26;2025-12-24;18;1805
26;2025-12-24;19;1187
26;2025-12-24;20;729
26;2025-12-24;21;456
26;2025-12-24;22;174
26;2025-12-24;23;105
28;2025-12-24;0;1
28;2025-12-24;1;0
28;2025-12-24;2;0
28;2025-12-24;3;0
28;2025-12-24;4;0
28;2025-12-24;5;83
28;2025-12-24;6;277
28;2025-12-24;7;776
28;2025-12-24;8;1200
28;2025-12-24;9;866
28;2025-12-24;10;622
28;2025-12-24;11;565
28;2025-12-24;12;671
28;2025-12-24;13;679
28;2025-12-24;14;616
28;2025-12-24;15;642
28;2025-12-24;16;834
28;2025-12-24;17;938
28;2025-12-24;18;916
28;2025-12-24;19;686
28;2025-12-24;20;475
28;2025-12-24;21;316
28;2025-12-24;22;134
28;2025-12-24;23;18
50;2025-12-24;0;26
50;2025-12-24;1;10
50;2025-12-24;2;0
50;2025-12-24;3;0
50;2025-12-24;4;0
50;2025-12-24;5;81
50;2025-12-24;6;544
50;2025-12-24;7;1742
50;2025-12-24;8;2770
50;2025-12-24;9;2174
50;2025-12-24;10;1680
50;2025-12-24;11;1592
50;2025-12-24;12;1499
50;2025-12-24;13;1477
50;2025-12-24;14;1380
50;2025-12-24;15;1679
50;2025-12-24;16;1681
50;2025-12-24;17;2358
50;2025-12-24;18;2419
50;2025-12-24;19;1507
50;2025-12-24;20;927
50;2025-12-24;21;621
50;2025-12-24;22;264
50;2025-12-24;23;146
1;2025-12-25;0;0
1;2025-12-25;1;0
1;2025-12-25;2;0
1;2025-12-25;3;0
1;2025-12-25;4;0
1;2025-12-25;5;110
1;2025-12-25;6;540
1;2025-12-25;7;1406
1;2025-12-25;8;1801
1;2025-12-25;9;1468
1;2025-12-25;10;1334
1;2025-12-25;11;1351
1;2025-12-25;12;1353
1;2025-12-25;13;1401
1;2025-12-25;14;1364
1;2025-12-25;15;1478
1;2025-12-25;16;1418
1;2025-12-25;17;1690
1;2025-12-25;18;1702
1;2025-12-25;19;1304
1;2025-12-25;20;875
1;2025-12-25;21;470
1;2025-12-25;22;237
1;2025-12-25;23;40
5;2025-12-25;0;0
5;2025-12-25;1;0
5;2025-12-25;2;0
5;2025-12-25;3;0
5;2025-12-25;4;0
5;2025-12-25;5;0
5;2025-12-25;6;0
5;2025-12-25;7;0
5;2025-12-25;8;0
5;2025-12-25;9;0
5;2025-12-25;10;0
5;2025-12-25;11;0
5;2025-12-25;12;0
5;2025-12-25;13;0
5;2025-12-25;14;0
5;2025-12-25;15;0
5;2025-12-25;16;0
5;2025-12-25;17;0
5;2025-12-25;18;0
5;2025-12-25;19;0
5;2025-12-25;20;0
5;2025-12-25;21;0
5;2025-12-25;22;0
5;2025-12-25;23;0
7;2025-12-25;0;31
7;2025-12-25;1;2
7;2025-12-25;2;0
7;2025-12-25;3;0
7;2025-12-25;4;0
7;2025-12-25;5;173
7;2025-12-25;6;731
7;2025-12-25;7;1577
7;2025-12-25;8;2494
7;2025-12-25;9;1864
7;2025-12-25;10;1612
7;2025-12-25;11;1447
7;2025-12-25;12;1566
7;2025-12-25;13;1509
7;2025-12-25;14;1596
7;2025-12-25;15;1686
7;2025-12-25;16;1826
7;2025-12-25;17;2318
7;2025-12-25;18;2606
7;2025-12-25;19;1798
7;2025-12-25;20;1074
7;2025-12-25;21;575
7;2025-12-25;22;276
7;2025-12-25;23;151
11;2025-12-25;0;48
11;2025-12-25;1;0
11;2025-12-25;2;0
11;2025-12-25;3;0
11;2025-12-25;4;0
11;2025-12-25;5;256
11;2025-12-25;6;1286
11;2025-12-25;7;2416
11;2025-12-25;8;3242
11;2025-12-25;9;2510
11;2025-12-25;10;1938
11;2025-12-25;11;1855
11;2025-12-25;12;1924
11;2025-12-25;13;2061
11;2025-12-25;14;2062
11;2025-12-25;15;2084
11;2025-12-25;16;2274
11;2025-12-25;17;2912
11;2025-12-25;18;3127
11;2025-12-25;19;2338
11;2025-12-25;20;1501
11;2025-12-25;21;881
11;2025-12-25;22;416
11;2025-12-25;23;225
12;2025-12-25;0;35
12;2025-12-25;1;0
12;2025-12-25;2;0
12;2025-12-25;3;0
12;2025-12-25;4;0
12;2025-12-25;5;301
12;2025-12-25;6;1392
12;2025-12-25;7;2804
12;2025-12-25;8;3617
12;2025-12-25;9;2583
12;2025-12-25;10;2185
12;2025-12-25;11;2144
12;2025-12-25;12;2229
12;2025-12-25;13;2164
12;2025-12-25;14;2153
12;2025-12-25;15;2398
12;2025-12-25;16;2941
12;2025-12-25;17;3229
12;2025-12-25;18;3274
12;2025-12-25;19;2584
12;2025-12-25;20;1562
12;2025-12-25;21;935
12;2025-12-25;22;445
12;2025-12-25;23;236
17;2025-12-25;0;97
17;2025-12-25;1;0
17;2025-12-25;2;0
17;2025-12-25;3;0
17;2025-12-25;4;1
17;2025-12-25;5;302
17;2025-12-25;6;1525
17;2025-12-25;7;4081
17;2025-12-25;8;5406
17;2025-12-25;9;3914
17;2025-12-25;10;3154
17;2025-12-25;11;3098
17;2025-12-25;12;3132
17;2025-12-25;13;3182
17;2025-12-25;14;3265
17;2025-12-25;15;3395
17;2025-12-25;16;3800
17;2025-12-25;17;4632
17;2025-12-25;18;4962
17;2025-12-25;19;3526
17;2025-12-25;20;2436
17;2025-12-25;21;1505
17;2025-12-25;22;753
17;2025-12-25;23;336
25;2025-12-25;0;0
25;2025-12-25;1;0
25;2025-12-25;2;0
25;2025-12-25;3;0
25;2025-12-25;4;0
25;2025-12-25;5;0
25;2025-12-25;6;149
25;2025-12-25;7;488
25;2025-12-25;8;820
25;2025-12-25;9;441
25;2025-12-25;10;334
25;2025-12-25;11;355
25;2025-12-25;12;352
25;2025-12-25;13;468
25;2025-12-25;14;404
25;2025-12-25;15;490
25;2025-12-25;16;587
25;2025-12-25;17;643
25;2025-12-25;18;674
25;2025-12-25;19;465
25;2025-12-25;20;277
25;2025-12-25;21;168
25;2025-12-25;22;81
25;2025-12-25;23;0
26;2025-12-25;0;22
26;2025-12-25;1;3
26;2025-12-25;2;0
26;2025-12-25;3;0
26;2025-12-25;4;0
26;2025-12-25;5;58
26;2025-12-25;6;514
26;2025-12-25;7;1043
26;2025-12-25;8;2063
26;2025-12-25;9;1430
26;2025-12-25;10;1215
26;2025-12-25;11;1072
26;2025-12-25;12;1098
26;2025-12-25;13;1125
26;2025-12-25;14;1166
26;2025-12-25;15;1262
26;2025-12-25;16;1441
26;2025-12-25;17;1620
26;2025-12-25;18;1792
26;2025-12-25;19;1208
26;2025-12-25;20;733
26;2025-12-25;21;454
26;2025-12-25;22;181
26;2025-12-25;23;97
28;2025-12-25;0;1
28;2025-12-25;1;0
28;2025-12-25;2;0
28;2025-12-25;3;0
28;2025-12-25;4;0
28;2025-12-25;5;73
28;2025-12-25;6;271
28;2025-12-25;7;735
28;2025-12-25;8;1169
28;2025-12-25;9;851
28;2025-12-25;10;601
28;2025-12-25;11;555
28;2025-12-25;12;662
28;2025-12-25;13;687
28;2025-12-25;14;612
28;2025-12-25;15;631
28;2025-12-25;16;828
28;2025-12-25;17;932
28;2025-12-25;18;893
28;2025-12-25;19;685
28;2025-12-25;20;467
28;2025-12-25;21;315
28;2025-12-25;22;140
28;2025-12-25;23;0
50;2025-12-25;0;23
50;2025-12-25;1;9
50;2025-12-25;2;0
50;2025-12-25;3;0
50;2025-12-25;4;0
50;2025-12-25;5;69
50;2025-12-25;6;545
50;2025-12-25;7;1717
50;2025-12-25;8;2732
50;2025-12-25;9;2157
50;2025-12-25;10;1676
50;2025-12-25;11;1590
50;2025-12-25;12;1517
50;2025-12-25;13;1456
50;2025-12-25;14;1380
50;2025-12-25;15;1680
50;2025-12-25;16;1731
50;2025-12-25;17;2351
50;2025-12-25;18;2397
50;2025-12-25;19;1484
50;2025-12-25;20;925
50;2025-12-25;21;605
50;2025-12-25;22;245
50;2025-12-25;23;128
1;2025-12-26;0;0
1;2025-12-26;1;0
1;2025-12-26;2;0
1;2025-12-26;3;0
1;2025-12-26;4;0
1;2025-12-26;5;113
1;2025-12-26;6;531
1;2025-12-26;7;1381
1;2025-12-26;8;1717
1;2025-12-26;9;1413
1;2025-12-26;10;1255
1;2025-12-26;11;1300
1;2025-12-26;12;1303
1;2025-12-26;13;1371
1;2025-12-26;14;1316
1;2025-12-26;15;1477
1;2025-12-26;16;1432
1;2025-12-26;17;1656
1;2025-12-26;18;1533
1;2025-12-26;19;1160
1;2025-12-26;20;799
1;2025-12-26;21;461
1;2025-12-26;22;222
1;2025-12-26;23;35
5;2025-12-26;0;0
5;2025-12-26;1;0
5;2025-12-26;2;0
5;2025-12-26;3;0
5;2025-12-26;4;0
5;2025-12-26;5;0
5;2025-12-26;6;0
5;2025-12-26;7;0
5;2025-12-26;8;0
5;2025-12-26;9;0
5;2025-12-26;10;0
5;2025-12-26;11;0
5;2025-12-26;12;0
5;2025-12-26;13;0
5;2025-12-26;14;0
5;2025-12-26;15;0
5;2025-12-26;16;0
5;2025-12-26;17;0
5;2025-12-26;18;0
5;2025-12-26;19;0
5;2025-12-26;20;0
5;2025-12-26;21;0
5;2025-12-26;22;0
5;2025-12-26;23;0
7;2025-12-26;0;21
7;2025-12-26;1;0
7;2025-12-26;2;0
7;2025-12-26;3;0
7;2025-12-26;4;0
7;2025-12-26;5;165
7;2025-12-26;6;684
7;2025-12-26;7;1542
7;2025-12-26;8;2416
7;2025-12-26;9;1803
7;2025-12-26;10;1612
7;2025-12-26;11;1432
7;2025-12-26;12;1535
7;2025-12-26;13;1545
7;2025-12-26;14;1620
7;2025-12-26;15;1702
7;2025-12-26;16;1861
7;2025-12-26;17;2241
7;2025-12-26;18;2188
7;2025-12-26;19;1598
7;2025-12-26;20;1016
7;2025-12-26;21;572
7;2025-12-26;22;336
7;2025-12-26;23;197
11;2025-12-26;0;27
11;2025-12-26;1;0
11;2025-12-26;2;0
11;2025-12-26;3;0
11;2025-12-26;4;0
11;2025-12-26;5;264
11;2025-12-26;6;1250
11;2025-12-26;7;2333
11;2025-12-26;8;3109
11;2025-12-26;9;2365
11;2025-12-26;10;1819
11;2025-12-26;11;1796
11;2025-12-26;12;1872
11;2025-12-26;13;1970
11;2025-12-26;14;2034
11;2025-12-26;15;2084
11;2025-12-26;16;2279
11;2025-12-26;17;2881
11;2025-12-26;18;2852
11;2025-12-26;19;2173
11;2025-12-26;20;1435
11;2025-12-26;21;827
11;2025-12-26;22;418
11;2025-12-26;23;262
12;2025-12-26;0;22
12;2025-12-26;1;0
12;2025-12-26;2;0
12;2025-12-26;3;0
12;2025-12-26;4;0
12;2025-12-26;5;306
12;2025-12-26;6;1355
12;2025-12-26;7;2718
12;2025-12-26;8;3493
12;2025-12-26;9;2464
12;2025-12-26;10;2076
12;2025-12-26;11;2061
12;2025-12-26;12;2135
12;2025-12-26;13;2113
12;2025-12-26;14;2150
12;2025-12-26;15;2412
12;2025-12-26;16;2924
12;2025-12-26;17;3116
12;2025-12-26;18;2900
12;2025-12-26;19;2382
12;2025-12-26;20;1450
12;2025-12-26;21;925
12;2025-12-26;22;468
12;2025-12-26;23;266
17;2025-12-26;0;85
17;2025-12-26;1;0
17;2025-12-26;2;0
17;2025-12-26;3;0
17;2025-12-26;4;2
17;2025-12-26;5;297
17;2025-12-26;6;1506
17;2025-12-26;7;4001
17;2025-12-26;8;5125
17;2025-12-26;9;3805
17;2025-12-26;10;3013
17;2025-12-26;11;3022
17;2025-12-26;12;3079
17;2025-12-26;13;3186
17;2025-12-26;14;3267
17;2025-12-26;15;3472
17;2025-12-26;16;3848
17;2025-12-26;17;4600
17;2025-12-26;18;4618
17;2025-12-26;19;3342
17;2025-12-26;20;2372
17;2025-12-26;21;1529
17;2025-12-26;22;782
17;2025-12-26;23;412
25;2025-12-26;0;0
25;2025-12-26;1;0
25;2025-12-26;2;0
25;2025-12-26;3;0
25;2025-12-26;4;0
25;2025-12-26;5;0
25;2025-12-26;6;159
25;2025-12-26;7;488
25;2025-12-26;8;782
25;2025-12-26;9;426
25;2025-12-26;10;319
25;2025-12-26;11;371
25;2025-12-26;12;350
25;2025-12-26;13;483
25;2025-12-26;14;428
25;2025-12-26;15;518
25;2025-12-26;16;622
25;2025-12-26;17;624
25;2025-12-26;18;577
25;2025-12-26;19;442
25;2025-12-26;20;261
25;2025-12-26;21;175
25;2025-12-26;22;86
25;2025-12-26;23;0
26;2025-12-26;0;3
26;2025-12-26;1;0
26;2025-12-26;2;0
26;2025-12-26;3;0
26;2025-12-26;4;0
26;2025-12-26;5;48
26;2025-12-26;6;511
26;2025-12-26;7;1006
26;2025-12-26;8;1962
26;2025-12-26;9;1350
26;2025-12-26;10;1172
26;2025-12-26;11;1011
26;2025-12-26;12;1055
26;2025-12-26;13;1111
26;2025-12-26;14;1159
26;2025-12-26;15;1242
26;2025-12-26;16;1457
26;2025-12-26;17;1574
26;2025-12-26;18;1598
26;2025-12-26;19;1099
26;2025-12-26;20;679
26;2025-12-26;21;430
26;2025-12-26;22;193
26;2025-12-26;23;119
28;2025-12-26;0;1
28;2025-12-26;1;0
28;2025-12-26;2;0
28;2025-12-26;3;0
28;2025-12-26;4;0
28;2025-12-26;5;67
28;2025-12-26;6;254
28;2025-12-26;7;707
28;2025-12-26;8;1123
28;2025-12-26;9;818
28;2025-12-26;10;603
28;2025-12-26;11;542
28;2025-12-26;12;661
28;2025-12-26;13;667
28;2025-12-26;14;628
28;2025-12-26;15;634
28;2025-12-26;16;823
28;2025-12-26;17;908
28;2025-12-26;18;791
28;2025-12-26;19;631
28;2025-12-26;20;428
28;2025-12-26;21;315
28;2025-12-26;22;130
28;2025-12-26;23;3
50;2025-12-26;0;11
50;2025-12-26;1;0
50;2025-12-26;2;0
50;2025-12-26;3;0
50;2025-12-26;4;0
50;2025-12-26;5;57
50;2025-12-26;6;547
50;2025-12-26;7;1658
50;2025-12-26;8;2642
50;2025-12-26;9;2052
50;2025-12-26;10;1607
50;2025-12-26;11;1561
50;2025-12-26;12;1486
50;2025-12-26;13;1445
50;2025-12-26;14;1405
50;2025-12-26;15;1690
50;2025-12-26;16;1780
50;2025-12-26;17;2204
50;2025-12-26;18;1935
50;2025-12-26;19;1219
50;2025-12-26;20;816
50;2025-12-26;21;540
50;2025-12-26;22;268
50;2025-12-26;23;152
1;2025-12-27;0;0
1;2025-12-27;1;0
1;2025-12-27;2;0
1;2025-12-27;3;0
1;2025-12-27;4;0
1;2025-12-27;5;16
1;2025-12-27;6;159
1;2025-12-27;7;278
1;2025-12-27;8;378
1;2025-12-27;9;676
1;2025-12-27;10;777
1;2025-12-27;11;728
1;2025-12-27;12;922
1;2025-12-27;13;978
1;2025-12-27;14;910
1;2025-12-27;15;775
1;2025-12-27;16;726
1;2025-12-27;17;645
1;2025-12-27;18;521
1;2025-12-27;19;440
1;2025-12-27;20;336
1;2025-12-27;21;269
1;2025-12-27;22;97
1;2025-12-27;23;4
5;2025-12-27;0;0
5;2025-12-27;1;0
5;2025-12-27;2;0
5;2025-12-27;3;0
5;2025-12-27;4;0
5;2025-12-27;5;0
5;2025-12-27;6;0
5;2025-12-27;7;0
5;2025-12-27;8;0
5;2025-12-27;9;0
5;2025-12-27;10;0
5;2025-12-27;11;0
5;2025-12-27;12;0
5;2025-12-27;13;0
5;2025-12-27;14;0
5;2025-12-27;15;0
5;2025-12-27;16;0
5;2025-12-27;17;0
5;2025-12-27;18;0
5;2025-12-27;19;0
5;2025-12-27;20;0
5;2025-12-27;21;0
5;2025-12-27;22;0
5;2025-12-27;23;0
7;2025-12-27;0;71
7;2025-12-27;1;1
7;2025-12-27;2;0
7;2025-12-27;3;0
7;2025-12-27;4;0
7;2025-12-27;5;30
7;2025-12-27;6;314
7;2025-12-27;7;442
7;2025-12-27;8;846
7;2025-12-27;9;939
7;2025-12-27;10;952
7;2025-12-27;11;1069
7;2025-12-27;12;1247
7;2025-12-27;13;1236
7;2025-12-27;14;1341
7;2025-12-27;15;1282
7;2025-12-27;16;1324
7;2025-12-27;17;1276
7;2025-12-27;18;1158
7;2025-12-27;19;1043
7;2025-12-27;20;735
7;2025-12-27;21;523
7;2025-12-27;22;294
7;2025-12-27;23;93
11;2025-12-27;0;79
11;2025-12-27;1;0
11;2025-12-27;2;0
11;2025-12-27;3;0
11;2025-12-27;4;0
11;2025-12-27;5;172
11;2025-12-27;6;762
11;2025-12-27;7;723
11;2025-12-27;8;982
11;2025-12-27;9;1083
11;2025-12-27;10;1182
11;2025-12-27;11;1485
11;2025-12-27;12;1575
11;2025-12-27;13;1608
11;2025-12-27;14;1615
11;2025-12-27;15;1644
11;2025-12-27;16;1666
11;2025-12-27;17;1810
11;2025-12-27;18;1516
11;2025-12-27;19;1377
11;2025-12-27;20;987
11;2025-12-27;21;665
11;2025-12-27;22;354
11;2025-12-27;23;230
12;2025-12-27;0;73
12;2025-12-27;1;0
12;2025-12-27;2;0
12;2025-12-27;3;0
12;2025-12-27;4;1
12;2025-12-27;5;209
12;2025-12-27;6;826
12;2025-12-27;7;889
12;2025-12-27;8;1005
12;2025-12-27;9;1165
12;2025-12-27;10;1353
12;2025-12-27;11;1432
12;2025-12-27;12;1425
12;2025-12-27;13;1620
12;2025-12-27;14;1570
12;2025-12-27;15;1502
12;2025-12-27;16;1583
12;2025-12-27;17;1582
12;2025-12-27;18;1505
12;2025-12-27;19;1249
12;2025-12-27;20;920
12;2025-12-27;21;654
12;2025-12-27;22;362
12;2025-12-27;23;242
17;2025-12-27;0;156
17;2025-12-27;1;11
17;2025-12-27;2;0
17;2025-12-27;3;0
17;2025-12-27;4;0
17;2025-12-27;5;125
17;2025-12-27;6;535
17;2025-12-27;7;1164
17;2025-12-27;8;1657
17;2025-12-27;9;2120
17;2025-12-27;10;2284
17;2025-12-27;11;2749
17;2025-12-27;12;2913
17;2025-12-27;13;3079
17;2025-12-27;14;3102
17;2025-12-27;15;3229
17;2025-12-27;16;3271
17;2025-12-27;17;3184
17;2025-12-27;18;2862
17;2025-12-27;19;2264
17;2025-12-27;20;1746
17;2025-12-27;21;1259
17;2025-12-27;22;768
17;2025-12-27;23;371
25;2025-12-27;0;0
25;2025-12-27;1;0
25;2025-12-27;2;0
25;2025-12-27;3;0
25;2025-12-27;4;0
25;2025-12-27;5;0
25;2025-12-27;6;62
25;2025-12-27;7;146
25;2025-12-27;8;261
25;2025-12-27;9;260
25;2025-12-27;10;235
25;2025-12-27;11;310
25;2025-12-27;12;327
25;2025-12-27;13;463
25;2025-12-27;14;446
25;2025-12-27;15;520
25;2025-12-27;16;485
25;2025-12-27;17;421
25;2025-12-27;18;400
25;2025-12-27;19;330
25;2025-12-27;20;208
25;2025-12-27;21;156
25;2025-12-27;22;70
25;2025-12-27;23;11
26;2025-12-27;0;31
26;2025-12-27;1;0
26;2025-12-27;2;0
26;2025-12-27;3;0
26;2025-12-27;4;0
26;2025-12-27;5;22
26;2025-12-27;6;236
26;2025-12-27;7;308
26;2025-12-27;8;574
26;2025-12-27;9;610
26;2025-12-27;10;742
26;2025-12-27;11;851
26;2025-12-27;12;880
26;2025-12-27;13;932
26;2025-12-27;14;881
26;2025-12-27;15;883
26;2025-12-27;16;917
26;2025-12-27;17;858
26;2025-12-27;18;804
26;2025-12-27;19;695
26;2025-12-27;20;470
26;2025-12-27;21;311
26;2025-12-27;22;150
26;2025-12-27;23;102
28;2025-12-27;0;1
28;2025-12-27;1;0
28;2025-12-27;2;0
28;2025-12-27;3;0
28;2025-12-27;4;0
28;2025-12-27;5;23
28;2025-12-27;6;100
28;2025-12-27;7;176
28;2025-12-27;8;335
28;2025-12-27;9;404
28;2025-12-27;10;440
28;2025-12-27;11;432
28;2025-12-27;12;512
28;2025-12-27;13;517
28;2025-12-27;14;513
28;2025-12-27;15;528
28;2025-12-27;16;532
28;2025-12-27;17;516
28;2025-12-27;18;422
28;2025-12-27;19;342
28;2025-12-27;20;286
28;2025-12-27;21;251
28;2025-12-27;22;96
28;2025-12-27;23;1
50;2025-12-27;0;35
50;2025-12-27;1;0
50;2025-12-27;2;0
50;2025-12-27;3;0
50;2025-12-27;4;0
50;2025-12-27;5;38
50;2025-12-27;6;255
50;2025-12-27;7;383
50;2025-12-27;8;671
50;2025-12-27;9;762
50;2025-12-27;10;694
50;2025-12-27;11;851
50;2025-12-27;12;859
50;2025-12-27;13;863
50;2025-12-27;14;895
50;2025-12-27;15;927
50;2025-12-27;16;906
50;2025-12-27;17;945
50;2025-12-27;18;731
50;2025-12-27;19;661
50;2025-12-27;20;503
50;2025-12-27;21;376
50;2025-12-27;22;188
50;2025-12-27;23;131
1;2025-12-28;0;0
1;2025-12-28;1;0
1;2025-12-28;2;0
1;2025-12-28;3;0
1;2025-12-28;4;0
1;2025-12-28;5;4
1;2025-12-28;6;96
1;2025-12-28;7;168
1;2025-12-28;8;249
1;2025-12-28;9;517
1;2025-12-28;10;583
1;2025-12-28;11;561
1;2025-12-28;12;694
1;2025-12-28;13;736
1;2025-12-28;14;686
1;2025-12-28;15;612
1;2025-12-28;16;569
1;2025-12-28;17;520
1;2025-12-28;18;434
1;2025-12-28;19;341
1;2025-12-28;20;263
1;2025-12-28;21;219
1;2025-12-28;22;78
1;2025-12-28;23;22
5;2025-12-28;0;0
5;2025-12-28;1;0
5;2025-12-28;2;0
5;2025-12-28;3;0
5;2025-12-28;4;0
5;2025-12-28;5;0
5;2025-12-28;6;0
5;2025-12-28;7;0
5;2025-12-28;8;0
5;2025-12-28;9;0
5;2025-12-28;10;0
5;2025-12-28;11;0
5;2025-12-28;12;0
5;2025-12-28;13;0
5;2025-12-28;14;0
5;2025-12-28;15;0
5;2025-12-28;16;0
5;2025-12-28;17;0
5;2025-12-28;18;0
5;2025-12-28;19;0
5;2025-12-28;20;0
5;2025-12-28;21;0
5;2025-12-28;22;0
5;2025-12-28;23;0
7;2025-12-28;0;57
7;2025-12-28;1;0
7;2025-12-28;2;0
7;2025-12-28;3;0
7;2025-12-28;4;0
7;2025-12-28;5;6
7;2025-12-28;6;217
7;2025-12-28;7;286
7;2025-12-28;8;516
7;2025-12-28;9;684
7;2025-12-28;10;680
7;2025-12-28;11;830
7;2025-12-28;12;1028
7;2025-12-28;13;1042
7;2025-12-28;14;1103
7;2025-12-28;15;1007
7;2025-12-28;16;1020
7;2025-12-28;17;989
7;2025-12-28;18;904
7;2025-12-28;19;784
7;2025-12-28;20;561
7;2025-12-28;21;458
7;2025-12-28;22;263
7;2025-12-28;23;83
11;2025-12-28;0;67
11;2025-12-28;1;0
11;2025-12-28;2;0
11;2025-12-28;3;0
11;2025-12-28;4;0
11;2025-12-28;5;84
11;2025-12-28;6;452
11;2025-12-28;7;469
11;2025-12-28;8;578
11;2025-12-28;9;848
11;2025-12-28;10;911
11;2025-12-28;11;1199
11;2025-12-28;12;1202
11;2025-12-28;13;1300
11;2025-12-28;14;1243
11;2025-12-28;15;1274
11;2025-12-28;16;1320
11;2025-12-28;17;1502
11;2025-12-28;18;1220
11;2025-12-28;19;991
11;2025-12-28;20;817
11;2025-12-28;21;527
11;2025-12-28;22;310
11;2025-12-28;23;185
12;2025-12-28;0;62
12;2025-12-28;1;0
12;2025-12-28;2;0
12;2025-12-28;3;0
12;2025-12-28;4;0
12;2025-12-28;5;113
12;2025-12-28;6;464
12;2025-12-28;7;545
12;2025-12-28;8;647
12;2025-12-28;9;866
12;2025-12-28;10;995
12;2025-12-28;11;1101
12;2025-12-28;12;1133
12;2025-12-28;13;1284
12;2025-12-28;14;1286
12;2025-12-28;15;1197
12;2025-12-28;16;1273
12;2025-12-28;17;1299
12;2025-12-28;18;1168
12;2025-12-28;19;885
12;2025-12-28;20;696
12;2025-12-28;21;502
12;2025-12-28;22;322
12;2025-12-28;23;185
17;2025-12-28;0;99
17;2025-12-28;1;8
17;2025-12-28;2;0
17;2025-12-28;3;0
17;2025-12-28;4;0
17;2025-12-28;5;73
17;2025-12-28;6;382
17;2025-12-28;7;693
17;2025-12-28;8;1097
17;2025-12-28;9;1491
17;2025-12-28;10;1730
17;2025-12-28;11;2254
17;2025-12-28;12;2532
17;2025-12-28;13;2676
17;2025-12-28;14;2727
17;2025-12-28;15;2798
17;2025-12-28;16;2834
17;2025-12-28;17;2713
17;2025-12-28;18;2346
17;2025-12-28;19;1903
17;2025-12-28;20;1376
17;2025-12-28;21;997
17;2025-12-28;22;659
17;2025-12-28;23;272
25;2025-12-28;0;0
25;2025-12-28;1;0
25;2025-12-28;2;0
25;2025-12-28;3;0
25;2025-12-28;4;0
25;2025-12-28;5;0
25;2025-12-28;6;34
25;2025-12-28;7;93
25;2025-12-28;8;167
25;2025-12-28;9;189
25;2025-12-28;10;176
25;2025-12-28;11;236
25;2025-12-28;12;264
25;2025-12-28;13;394
25;2025-12-28;14;390
25;2025-12-28;15;441
25;2025-12-28;16;436
25;2025-12-28;17;373
25;2025-12-28;18;340
25;2025-12-28;19;259
25;2025-12-28;20;170
25;2025-12-28;21;135
25;2025-12-28;22;76
25;2025-12-28;23;21
26;2025-12-28;0;21
26;2025-12-28;1;0
26;2025-12-28;2;0
26;2025-12-28;3;0
26;2025-12-28;4;0
26;2025-12-28;5;0
26;2025-12-28;6;122
26;2025-12-28;7;186
26;2025-12-28;8;347
26;2025-12-28;9;445
26;2025-12-28;10;501
26;2025-12-28;11;654
26;2025-12-28;12;707
26;2025-12-28;13;699
26;2025-12-28;14;702
26;2025-12-28;15;664
26;2025-12-28;16;719
26;2025-12-28;17;676
26;2025-12-28;18;599
26;2025-12-28;19;489
26;2025-12-28;20;339
26;2025-12-28;21;253
26;2025-12-28;22;125
26;2025-12-28;23;84
28;2025-12-28;0;1
28;2025-12-28;1;0
28;2025-12-28;2;0
28;2025-12-28;3;0
28;2025-12-28;4;0
28;2025-12-28;5;12
28;2025-12-28;6;73
28;2025-12-28;7;93
28;2025-12-28;8;212
28;2025-12-28;9;305
28;2025-12-28;10;344
28;2025-12-28;11;361
28;2025-12-28;12;417
28;2025-12-28;13;444
28;2025-12-28;14;437
28;2025-12-28;15;443
28;2025-12-28;16;435
28;2025-12-28;17;427
28;2025-12-28;18;353
28;2025-12-28;19;297
28;2025-12-28;20;236
28;2025-12-28;21;207
28;2025-12-28;22;89
28;2025-12-28;23;3
50;2025-12-28;0;5
50;2025-12-28;1;0
50;2025-12-28;2;0
50;2025-12-28;3;0
50;2025-12-28;4;0
50;2025-12-28;5;20
50;2025-12-28;6;183
50;2025-12-28;7;256
50;2025-12-28;8;414
50;2025-12-28;9;516
50;2025-12-28;10;492
50;2025-12-28;11;609
50;2025-12-28;12;680
50;2025-12-28;13;746
50;2025-12-28;14;750
50;2025-12-28;15;678
50;2025-12-28;16;733
50;2025-12-28;17;702
50;2025-12-28;18;590
50;2025-12-28;19;519
50;2025-12-28;20;413
50;2025-12-28;21;310
50;2025-12-28;22;170
50;2025-12-28;23;115
1;2025-12-29;0;0
1;2025-12-29;1;0
1;2025-12-29;2;0
1;2025-12-29;3;0
1;2025-12-29;4;0
1;2025-12-29;5;108
1;2025-12-29;6;479
1;2025-12-29;7;1312
1;2025-12-29;8;1664
1;2025-12-29;9;1352
1;2025-12-29;10;1237
1;2025-12-29;11;1254
1;2025-12-29;12;1302
1;2025-12-29;13;1359
1;2025-12-29;14;1282
1;2025-12-29;15;1388
1;2025-12-29;16;1381
1;2025-12-29;17;1634
1;2025-12-29;18;1597
1;2025-12-29;19;1196
1;2025-12-29;20;813
1;2025-12-29;21;458
1;2025-12-29;22;199
1;2025-12-29;23;56
5;2025-12-29;0;0
5;2025-12-29;1;0
5;2025-12-29;2;0
5;2025-12-29;3;0
5;2025-12-29;4;0
5;2025-12-29;5;0
5;2025-12-29;6;0
5;2025-12-29;7;0
5;2025-12-29;8;0
5;2025-12-29;9;0
5;2025-12-29;10;0
5;2025-12-29;11;0
5;2025-12-29;12;0
5;2025-12-29;13;0
5;2025-12-29;14;0
5;2025-12-29;15;0
5;2025-12-29;16;0
5;2025-12-29;17;0
5;2025-12-29;18;0
5;2025-12-29;19;0
5;2025-12-29;20;0
5;2025-12-29;21;0
5;2025-12-29;22;0
5;2025-12-29;23;0
7;2025-12-29;0;30
7;2025-12-29;1;0
7;2025-12-29;2;0
7;2025-12-29;3;0
7;2025-12-29;4;0
7;2025-12-29;5;156
7;2025-12-29;6;694
7;2025-12-29;7;1477
7;2025-12-29;8;2215
7;2025-12-29;9;1730
7;2025-12-29;10;1581
7;2025-12-29;11;1373
7;2025-12-29;12;1462
7;2025-12-29;13;1471
7;2025-12-29;14;1548
7;2025-12-29;15;1628
7;2025-12-29;16;1736
7;2025-12-29;17;2157
7;2025-12-29;18;2354
7;2025-12-29;19;1666
7;2025-12-29;20;1056
7;2025-12-29;21;573
7;2025-12-29;22;285
7;2025-12-29;23;185
11;2025-12-29;0;59
11;2025-12-29;1;0
11;2025-12-29;2;0
11;2025-12-29;3;0
11;2025-12-29;4;0
11;2025-12-29;5;251
11;2025-12-29;6;1240
11;2025-12-29;7;2202
11;2025-12-29;8;2898
11;2025-12-29;9;2313
11;2025-12-29;10;1717
11;2025-12-29;11;1744
11;2025-12-29;12;1776
11;2025-12-29;13;1915
11;2025-12-29;14;1868
11;2025-12-29;15;1960
11;2025-12-29;16;2138
11;2025-12-29;17;2673
11;2025-12-29;18;2838
11;2025-12-29;19;2127
11;2025-12-29;20;1467
11;2025-12-29;21;791
11;2025-12-29;22;402
11;2025-12-29;23;205
12;2025-12-29;0;55
12;2025-12-29;1;0
12;2025-12-29;2;0
12;2025-12-29;3;0
12;2025-12-29;4;0
12;2025-12-29;5;279
12;2025-12-29;6;1274
12;2025-12-29;7;2465
12;2025-12-29;8;3388
12;2025-12-29;9;2347
12;2025-12-29;10;2037
12;2025-12-29;11;1918
12;2025-12-29;12;2022
12;2025-12-29;13;2010
12;2025-12-29;14;2036
12;2025-12-29;15;2201
12;2025-12-29;16;2618
12;2025-12-29;17;2869
12;2025-12-29;18;2969
12;2025-12-29;19;2349
12;2025-12-29;20;1484
12;2025-12-29;21;896
12;2025-12-29;22;436
12;2025-12-29;23;214
17;2025-12-29;0;24
17;2025-12-29;1;2
17;2025-12-29;2;0
17;2025-12-29;3;0
17;2025-12-29;4;19
17;2025-12-29;5;268
17;2025-12-29;6;1491
17;2025-12-29;7;4010
17;2025-12-29;8;5367
17;2025-12-29;9;3729
17;2025-12-29;10;2776
17;2025-12-29;11;2770
17;2025-12-29;12;2811
17;2025-12-29;13;2850
17;2025-12-29;14;2884
17;2025-12-29;15;3064
17;2025-12-29;16;3558
17;2025-12-29;17;4505
17;2025-12-29;18;4895
17;2025-12-29;19;3417
17;2025-12-29;20;2286
17;2025-12-29;21;1433
17;2025-12-29;22;726
17;2025-12-29;23;324
25;2025-12-29;0;0
25;2025-12-29;1;0
25;2025-12-29;2;0
25;2025-12-29;3;0
25;2025-12-29;4;0
25;2025-12-29;5;4
25;2025-12-29;6;158
25;2025-12-29;7;487
25;2025-12-29;8;813
25;2025-12-29;9;408
25;2025-12-29;10;313
25;2025-12-29;11;339
25;2025-12-29;12;336
25;2025-12-29;13;444
25;2025-12-29;14;383
25;2025-12-29;15;438
25;2025-12-29;16;592
25;2025-12-29;17;621
25;2025-12-29;18;642
25;2025-12-29;19;432
25;2025-12-29;20;245
25;2025-12-29;21;153
25;2025-12-29;22;90
25;2025-12-29;23;6
26;2025-12-29;0;14
26;2025-12-29;1;0
26;2025-12-29;2;0
26;2025-12-29;3;0
26;2025-12-29;4;0
26;2025-12-29;5;55
26;2025-12-29;6;432
26;2025-12-29;7;992
26;2025-12-29;8;1848
26;2025-12-29;9;1335
26;2025-12-29;10;1112
26;2025-12-29;11;1009
26;2025-12-29;12;1045
26;2025-12-29;13;1112
26;2025-12-29;14;1109
26;2025-12-29;15;1168
26;2025-12-29;16;1360
26;2025-12-29;17;1532
26;2025-12-29;18;1594
26;2025-12-29;19;1139
26;2025-12-29;20;686
26;2025-12-29;21;412
26;2025-12-29;22;181
26;2025-12-29;23;96
28;2025-12-29;0;1
28;2025-12-29;1;0
28;2025-12-29;2;0
28;2025-12-29;3;0
28;2025-12-29;4;0
28;2025-12-29;5;51
28;2025-12-29;6;232
28;2025-12-29;7;707
28;2025-12-29;8;1081
28;2025-12-29;9;820
28;2025-12-29;10;599
28;2025-12-29;11;513
28;2025-12-29;12;629
28;2025-12-29;13;650
28;2025-12-29;14;598
28;2025-12-29;15;607
28;2025-12-29;16;745
28;2025-12-29;17;872
28;2025-12-29;18;835
28;2025-12-29;19;678
28;2025-12-29;20;408
28;2025-12-29;21;285
28;2025-12-29;22;112
28;2025-12-29;23;10
50;2025-12-29;0;0
50;2025-12-29;1;0
50;2025-12-29;2;0
50;2025-12-29;3;0
50;2025-12-29;4;0
50;2025-12-29;5;59
50;2025-12-29;6;496
50;2025-12-29;7;1601
50;2025-12-29;8;2511
50;2025-12-29;9;2036
50;2025-12-29;10;1596
50;2025-12-29;11;1513
50;2025-12-29;12;1375
50;2025-12-29;13;1376
50;2025-12-29;14;1361
50;2025-12-29;15;1568
50;2025-12-29;16;1579
50;2025-12-29;17;2135
50;2025-12-29;18;2185
50;2025-12-29;19;1345
50;2025-12-29;20;875
50;2025-12-29;21;575
50;2025-12-29;22;240
50;2025-12-29;23;123
1;2025-12-30;0;1
1;2025-12-30;1;0
1;2025-12-30;2;0
1;2025-12-30;3;0
1;2025-12-30;4;0
1;2025-12-30;5;90
1;2025-12-30;6;485
1;2025-12-30;7;1335
1;2025-12-30;8;1715
1;2025-12-30;9;1380
1;2025-12-30;10;1204
1;2025-12-30;11;1226
1;2025-12-30;12;1256
1;2025-12-30;13;1315
1;2025-12-30;14;1227
1;2025-12-30;15;1330
1;2025-12-30;16;1309
1;2025-12-30;17;1582
1;2025-12-30;18;1565
1;2025-12-30;19;1166
1;2025-12-30;20;764
1;2025-12-30;21;399
1;2025-12-30;22;177
1;2025-12-30;23;0
5;2025-12-30;0;0
5;2025-12-30;1;0
5;2025-12-30;2;0
5;2025-12-30;3;0
5;2025-12-30;4;0
5;2025-12-30;5;0
5;2025-12-30;6;0
5;2025-12-30;7;0
5;2025-12-30;8;0
5;2025-12-30;9;0
5;2025-12-30;10;0
5;2025-12-30;11;0
5;2025-12-30;12;0
5;2025-12-30;13;0
5;2025-12-30;14;0
5;2025-12-30;15;0
5;2025-12-30;16;0
5;2025-12-30;17;0
5;2025-12-30;18;0
5;2025-12-30;19;0
5;2025-12-30;20;0
5;2025-12-30;21;0
5;2025-12-30;22;0
5;2025-12-30;23;0
7;2025-12-30;0;0
7;2025-12-30;1;0
7;2025-12-30;2;0
7;2025-12-30;3;0
7;2025-12-30;4;0
7;2025-12-30;5;148
7;2025-12-30;6;652
7;2025-12-30;7;1505
7;2025-12-30;8;2202
7;2025-12-30;9;1790
7;2025-12-30;10;1575
7;2025-12-30;11;1398
7;2025-12-30;12;1472
7;2025-12-30;13;1453
7;2025-12-30;14;1516
7;2025-12-30;15;1628
7;2025-12-30;16;1746
7;2025-12-30;17;2116
7;2025-12-30;18;2267
7;2025-12-30;19;1659
7;2025-12-30;20;1045
7;2025-12-30;21;556
7;2025-12-30;22;259
7;2025-12-30;23;132
11;2025-12-30;0;19
11;2025-12-30;1;0
11;2025-12-30;2;0
11;2025-12-30;3;0
11;2025-12-30;4;0
11;2025-12-30;5;225
11;2025-12-30;6;1234
11;2025-12-30;7;2192
11;2025-12-30;8;2741
11;2025-12-30;9;2269
11;2025-12-30;10;1751
11;2025-12-30;11;1705
11;2025-12-30;12;1739
11;2025-12-30;13;1876
11;2025-12-30;14;1813
11;2025-12-30;15;1899
11;2025-12-30;16;2094
11;2025-12-30;17;2591
11;2025-12-30;18;2657
11;2025-12-30;19;2031
11;2025-12-30;20;1371
11;2025-12-30;21;752
11;2025-12-30;22;362
11;2025-12-30;23;178
12;2025-12-30;0;6
12;2025-12-30;1;0
12;2025-12-30;2;0
12;2025-12-30;3;0
12;2025-12-30;4;0
12;2025-12-30;5;263
12;2025-12-30;6;1333
12;2025-12-30;7;2425
12;2025-12-30;8;3228
12;2025-12-30;9;2252
12;2025-12-30;10;1936
12;2025-12-30;11;1830
12;2025-12-30;12;1894
12;2025-12-30;13;1874
12;2025-12-30;14;1863
12;2025-12-30;15;2047
12;2025-12-30;16;2447
12;2025-12-30;17;2678
12;2025-12-30;18;2765
12;2025-12-30;19;2266
12;2025-12-30;20;1397
12;2025-12-30;21;816
12;2025-12-30;22;407
12;2025-12-30;23;205
17;2025-12-30;0;35
17;2025-12-30;1;0
17;2025-12-30;2;0
17;2025-12-30;3;0
17;2025-12-30;4;0
17;2025-12-30;5;257
17;2025-12-30;6;1451
17;2025-12-30;7;3878
17;2025-12-30;8;5066
17;2025-12-30;9;3630
17;2025-12-30;10;2660
17;2025-12-30;11;2650
17;2025-12-30;12;2689
17;2025-12-30;13;2785
17;2025-12-30;14;2796
17;2025-12-30;15;3008
17;2025-12-30;16;3438
17;2025-12-30;17;4417
17;2025-12-30;18;4612
17;2025-12-30;19;3297
17;2025-12-30;20;2219
17;2025-12-30;21;1355
17;2025-12-30;22;646
17;2025-12-30;23;319
25;2025-12-30;0;0
25;2025-12-30;1;0
25;2025-12-30;2;0
25;2025-12-30;3;0
25;2025-12-30;4;0
25;2025-12-30;5;0
25;2025-12-30;6;127
25;2025-12-30;7;437
25;2025-12-30;8;788
25;2025-12-30;9;389
25;2025-12-30;10;300
25;2025-12-30;11;321
25;2025-12-30;12;316
25;2025-12-30;13;459
25;2025-12-30;14;363
25;2025-12-30;15;495
25;2025-12-30;16;564
25;2025-12-30;17;602
25;2025-12-30;18;614
25;2025-12-30;19;409
25;2025-12-30;20;246
25;2025-12-30;21;138
25;2025-12-30;22;46
25;2025-12-30;23;3
26;2025-12-30;0;0
26;2025-12-30;1;0
26;2025-12-30;2;0
26;2025-12-30;3;0
26;2025-12-30;4;0
26;2025-12-30;5;38
26;2025-12-30;6;424
26;2025-12-30;7;981
26;2025-12-30;8;1889
26;2025-12-30;9;1323
26;2025-12-30;10;1082
26;2025-12-30;11;997
26;2025-12-30;12;1015
26;2025-12-30;13;1031
26;2025-12-30;14;1082
26;2025-12-30;15;1140
26;2025-12-30;16;1332
26;2025-12-30;17;1516
26;2025-12-30;18;1618
26;2025-12-30;19;1120
26;2025-12-30;20;658
26;2025-12-30;21;394
26;2025-12-30;22;121
26;2025-12-30;23;50
28;2025-12-30;0;1
28;2025-12-30;1;0
28;2025-12-30;2;0
28;2025-12-30;3;0
28;2025-12-30;4;0
28;2025-12-30;5;20
28;2025-12-30;6;209
28;2025-12-30;7;677
28;2025-12-30;8;1078
28;2025-12-30;9;781
28;2025-12-30;10;587
28;2025-12-30;11;511
28;2025-12-30;12;610
28;2025-12-30;13;632
28;2025-12-30;14;580
28;2025-12-30;15;608
28;2025-12-30;16;775
28;2025-12-30;17;869
28;2025-12-30;18;824
28;2025-12-30;19;628
28;2025-12-30;20;397
28;2025-12-30;21;276
28;2025-12-30;22;79
28;2025-12-30;23;0
50;2025-12-30;0;0
50;2025-12-30;1;0
50;2025-12-30;2;0
50;2025-12-30;3;0
50;2025-12-30;4;0
50;2025-12-30;5;32
50;2025-12-30;6;518
50;2025-12-30;7;1659
50;2025-12-30;8;2468
50;2025-12-30;9;2021
50;2025-12-30;10;1591
50;2025-12-30;11;1512
50;2025-12-30;12;1400
50;2025-12-30;13;1382
50;2025-12-30;14;1320
50;2025-12-30;15;1572
50;2025-12-30;16;1617
50;2025-12-30;17;2101
50;2025-12-30;18;2071
50;2025-12-30;19;1332
50;2025-12-30;20;847
50;2025-12-30;21;539
50;2025-12-30;22;210
50;2025-12-30;23;94
1;2025-12-31;0;0
1;2025-12-31;1;0
1;2025-12-31;2;0
1;2025-12-31;3;0
1;2025-12-31;4;0
1;2025-12-31;5;0
1;2025-12-31;6;182
1;2025-12-31;7;255
1;2025-12-31;8;285
1;2025-12-31;9;460
1;2025-12-31;10;417
1;2025-12-31;11;431
1;2025-12-31;12;544
1;2025-12-31;13;571
1;2025-12-31;14;527
1;2025-12-31;15;513
1;2025-12-31;16;443
1;2025-12-31;17;427
1;2025-12-31;18;368
1;2025-12-31;19;301
1;2025-12-31;20;264
1;2025-12-31;21;283
1;2025-12-31;22;83
1;2025-12-31;23;0
5;2025-12-31;0;0
5;2025-12-31;1;0
5;2025-12-31;2;0
5;2025-12-31;3;0
5;2025-12-31;4;0
5;2025-12-31;5;0
5;2025-12-31;6;0
5;2025-12-31;7;0
5;2025-12-31;8;0
5;2025-12-31;9;0
5;2025-12-31;10;0
5;2025-12-31;11;0
5;2025-12-31;12;0
5;2025-12-31;13;0
5;2025-12-31;14;0
5;2025-12-31;15;0
5;2025-12-31;16;0
5;2025-12-31;17;0
5;2025-12-31;18;0
5;2025-12-31;19;0
5;2025-12-31;20;0
5;2025-12-31;21;0
5;2025-12-31;22;0
5;2025-12-31;23;0
7;2025-12-31;0;0
7;2025-12-31;1;0
7;2025-12-31;2;0
7;2025-12-31;3;0
7;2025-12-31;4;0
7;2025-12-31;5;48
7;2025-12-31;6;341
7;2025-12-31;7;459
7;2025-12-31;8;580
7;2025-12-31;9;631
7;2025-12-31;10;673
7;2025-12-31;11;757
7;2025-12-31;12;920
7;2025-12-31;13;924
7;2025-12-31;14;951
7;2025-12-31;15;892
7;2025-12-31;16;912
7;2025-12-31;17;906
7;2025-12-31;18;822
7;2025-12-31;19;733
7;2025-12-31;20;564
7;2025-12-31;21;405
7;2025-12-31;22;212
7;2025-12-31;23;128
11;2025-12-31;0;10
11;2025-12-31;1;0
11;2025-12-31;2;0
11;2025-12-31;3;0
11;2025-12-31;4;0
11;2025-12-31;5;109
11;2025-12-31;6;725
11;2025-12-31;7;654
11;2025-12-31;8;738
11;2025-12-31;9;779
11;2025-12-31;10;815
11;2025-12-31;11;1126
11;2025-12-31;12;1268
11;2025-12-31;13;1229
11;2025-12-31;14;1285
11;2025-12-31;15;1300
11;2025-12-31;16;1347
11;2025-12-31;17;1402
11;2025-12-31;18;1121
11;2025-12-31;19;982
11;2025-12-31;20;743
11;2025-12-31;21;526
11;2025-12-31;22;285
11;2025-12-31;23;176
12;2025-12-31;0;18
12;2025-12-31;1;0
12;2025-12-31;2;0
12;2025-12-31;3;0
12;2025-12-31;4;0
12;2025-12-31;5;134
12;2025-12-31;6;711
12;2025-12-31;7;796
12;2025-12-31;8;862
12;2025-12-31;9;781
12;2025-12-31;10;884
12;2025-12-31;11;1009
12;2025-12-31;12;1044
12;2025-12-31;13;1106
12;2025-12-31;14;1112
12;2025-12-31;15;1074
12;2025-12-31;16;1211
12;2025-12-31;17;1142
12;2025-12-31;18;1056
12;2025-12-31;19;833
12;2025-12-31;20;601
12;2025-12-31;21;464
12;2025-12-31;22;313
12;2025-12-31;23;95
17;2025-12-31;0;50
17;2025-12-31;1;0
17;2025-12-31;2;0
17;2025-12-31;3;0
17;2025-12-31;4;0
17;2025-12-31;5;54
17;2025-12-31;6;354
17;2025-12-31;7;1435
17;2025-12-31;8;2948
17;2025-12-31;9;1557
17;2025-12-31;10;1432
17;2025-12-31;11;1880
17;2025-12-31;12;2032
17;2025-12-31;13;2097
17;2025-12-31;14;2153
17;2025-12-31;15;2202
17;2025-12-31;16;2272
17;2025-12-31;17;2897
17;2025-12-31;18;3233
17;2025-12-31;19;1793
17;2025-12-31;20;1206
17;2025-12-31;21;972
17;2025-12-31;22;618
17;2025-12-31;23;270
25;2025-12-31;0;0
25;2025-12-31;1;0
25;2025-12-31;2;0
25;2025-12-31;3;0
25;2025-12-31;4;0
25;2025-12-31;5;0
25;2025-12-31;6;5
25;2025-12-31;7;198
25;2025-12-31;8;414
25;2025-12-31;9;154
25;2025-12-31;10;142
25;2025-12-31;11;196
25;2025-12-31;12;223
25;2025-12-31;13;395
25;2025-12-31;14;365
25;2025-12-31;15;412
25;2025-12-31;16;357
25;2025-12-31;17;397
25;2025-12-31;18;390
25;2025-12-31;19;281
25;2025-12-31;20;162
25;2025-12-31;21;92
25;2025-12-31;22;38
25;2025-12-31;23;5
26;2025-12-31;0;0
26;2025-12-31;1;0
26;2025-12-31;2;0
26;2025-12-31;3;0
26;2025-12-31;4;0
26;2025-12-31;5;0
26;2025-12-31;6;182
26;2025-12-31;7;364
26;2025-12-31;8;417
26;2025-12-31;9;358
26;2025-12-31;10;426
26;2025-12-31;11;501
26;2025-12-31;12;543
26;2025-12-31;13;576
26;2025-12-31;14;568
26;2025-12-31;15;536
26;2025-12-31;16;582
26;2025-12-31;17;535
26;2025-12-31;18;421
26;2025-12-31;19;456
26;2025-12-31;20;317
26;2025-12-31;21;213
26;2025-12-31;22;142
26;2025-12-31;23;28
28;2025-12-31;0;1
28;2025-12-31;1;0
28;2025-12-31;2;0
28;2025-12-31;3;0
28;2025-12-31;4;0
28;2025-12-31;5;0
28;2025-12-31;6;25
28;2025-12-31;7;260
28;2025-12-31;8;264
28;2025-12-31;9;304
28;2025-12-31;10;312
28;2025-12-31;11;331
28;2025-12-31;12;360
28;2025-12-31;13;380
28;2025-12-31;14;381
28;2025-12-31;15;386
28;2025-12-31;16;420
28;2025-12-31;17;340
28;2025-12-31;18;324
28;2025-12-31;19;317
28;2025-12-31;20;232
28;2025-12-31;21;189
28;2025-12-31;22;49
28;2025-12-31;23;0
50;2025-12-31;0;0
50;2025-12-31;1;0
50;2025-12-31;2;0
50;2025-12-31;3;0
50;2025-12-31;4;0
50;2025-12-31;5;0
50;2025-12-31;6;201
50;2025-12-31;7;443
50;2025-12-31;8;483
50;2025-12-31;9;469
50;2025-12-31;10;438
50;2025-12-31;11;538
50;2025-12-31;12;596
50;2025-12-31;13;672
50;2025-12-31;14;648
50;2025-12-31;15;646
50;2025-12-31;16;639
50;2025-12-31;17;642
50;2025-12-31;18;569
50;2025-12-31;19;462
50;2025-12-31;20;388
50;2025-12-31;21;349
50;2025-12-31;22;157
50;2025-12-31;23;72
