route,service_id,direction_id,trip_id,first_departure_minute,last_arrival_minute,origin,destination
1,3156258,0,254_3156258_10_109,1051.0,1081.0,Чертаново Южное,Москворецкий рынок
1,3156258,0,254_3156258_10_201,690.0,719.0,Чертаново Южное,Москворецкий рынок
1,3156258,0,254_3156258_10_202,702.0,731.0,Чертаново Южное,Москворецкий рынок
1,3156258,0,254_3156258_10_203,714.0,744.0,Чертаново Южное,Москворецкий рынок
1,3156258,0,254_3156258_10_206,753.0,783.0,Чертаново Южное,Москворецкий рынок
1,3156258,0,254_3156258_10_208,955.0,985.0,Чертаново Южное,Москворецкий рынок
1,3156258,0,254_3156258_11_804,1075.0,1105.0,Чертаново Южное,Москворецкий рынок
1,3156258,0,254_3156258_12_201,765.0,795.0,Чертаново Южное,Москворецкий рынок
1,3156258,0,254_3156258_12_202,778.0,808.0,Чертаново Южное,Москворецкий рынок
1,3156258,0,254_3156258_12_203,791.0,821.0,Чертаново Южное,Москворецкий рынок
1,3156258,0,254_3156258_12_206,828.0,858.0,Чертаново Южное,Москворецкий рынок
1,3156258,0,254_3156258_12_208,1039.0,1069.0,Чертаново Южное,Москворецкий рынок
1,3156258,0,254_3156258_13_804,1163.0,1193.0,Чертаново Южное,Москворецкий рынок
1,3156258,0,254_3156258_13_805,1089.0,1119.0,Чертаново Южное,Москворецкий рынок
1,3156258,0,254_3156258_13_807,1137.0,1167.0,Чертаново Южное,Москворецкий рынок
1,3156258,0,254_3156258_14_201,840.0,870.0,Чертаново Южное,Москворецкий рынок
1,3156258,0,254_3156258_14_202,853.0,883.0,Чертаново Южное,Москворецкий рынок
1,3156258,0,254_3156258_14_203,865.0,895.0,Чертаново Южное,Москворецкий рынок
1,3156258,0,254_3156258_14_206,903.0,933.0,Чертаново Южное,Москворецкий рынок
1,3156258,0,254_3156258_14_208,1125.0,1155.0,Чертаново Южное,Москворецкий рынок
1,3156258,0,254_3156258_15_804,1237.0,1263.0,Чертаново Южное,Москворецкий рынок
1,3156258,0,254_3156258_15_805,1175.0,1205.0,Чертаново Южное,Москворецкий рынок
1,3156258,0,254_3156258_15_807,1212.0,1238.0,Чертаново Южное,Москворецкий рынок
1,3156258,0,254_3156258_16_201,916.0,946.0,Чертаново Южное,Москворецкий рынок
1,3156258,0,254_3156258_16_202,929.0,959.0,Чертаново Южное,Москворецкий рынок
1,3156258,0,254_3156258_16_203,942.0,972.0,Чертаново Южное,Москворецкий рынок
1,3156258,0,254_3156258_16_206,979.0,1009.0,Чертаново Южное,Москворецкий рынок
1,3156258,0,254_3156258_16_208,1200.0,1226.0,Чертаново Южное,Москворецкий рынок
1,3156258,0,254_3156258_17_804,1305.0,1331.0,Чертаново Южное,Москворецкий рынок
1,3156258,0,254_3156258_17_805,1249.0,1275.0,Чертаново Южное,Москворецкий рынок
1,3156258,0,254_3156258_17_807,1286.0,1312.0,Чертаново Южное,Москворецкий рынок
1,3156258,0,254_3156258_18_201,1003.0,1033.0,Чертаново Южное,Москворецкий рынок
1,3156258,0,254_3156258_18_202,1015.0,1045.0,Чертаново Южное,Москворецкий рынок
1,3156258,0,254_3156258_18_203,1027.0,1057.0,Чертаново Южное,Москворецкий рынок
1,3156258,0,254_3156258_18_206,1063.0,1093.0,Чертаново Южное,Москворецкий рынок
1,3156258,0,254_3156258_18_208,1275.0,1301.0,Чертаново Южное,Москворецкий рынок
1,3156258,0,254_3156258_19_805,1317.0,1343.0,Чертаново Южное,Москворецкий рынок
1,3156258,0,254_3156258_19_807,1353.0,1379.0,Чертаново Южное,Москворецкий рынок
1,3156258,0,254_3156258_1_804,335.0,360.0,Чертаново Южное,Москворецкий рынок
1,3156258,0,254_3156258_1_805,348.0,373.0,Чертаново Южное,Москворецкий рынок
1,3156258,0,254_3156258_1_807,360.0,385.0,Чертаново Южное,Москворецкий рынок
1,3156258,0,254_3156258_20_202,1099.0,1129.0,Чертаново Южное,Москворецкий рынок
1,3156258,0,254_3156258_20_203,1113.0,1143.0,Чертаново Южное,Москворецкий рынок
1,3156258,0,254_3156258_20_206,1149.0,1179.0,Чертаново Южное,Москворецкий рынок
1,3156258,0,254_3156258_22_202,1187.0,1215.0,Чертаново Южное,Москворецкий рынок
1,3156258,0,254_3156258_22_206,1224.0,1250.0,Чертаново Южное,Москворецкий рынок
1,3156258,0,254_3156258_24_202,1262.0,1288.0,Чертаново Южное,Москворецкий рынок
1,3156258,0,254_3156258_24_206,1298.0,1324.0,Чертаново Южное,Москворецкий рынок
1,3156258,0,254_3156258_2_109,739.0,769.0,Чертаново Южное,Москворецкий рынок
1,3156258,0,254_3156258_2_201,372.0,397.0,Чертаново Южное,Москворецкий рынок
1,3156258,0,254_3156258_2_202,384.0,409.0,Чертаново Южное,Москворецкий рынок
1,3156258,0,254_3156258_2_203,395.0,420.0,Чертаново Южное,Москворецкий рынок
1,3156258,0,254_3156258_2_206,441.0,466.0,Чертаново Южное,Москворецкий рынок
1,3156258,0,254_3156258_2_208,642.0,671.0,Чертаново Южное,Москворецкий рынок
1,3156258,0,254_3156258_3_804,407.0,432.0,Чертаново Южное,Москворецкий рынок
1,3156258,0,254_3156258_3_805,419.0,444.0,Чертаново Южное,Москворецкий рынок
1,3156258,0,254_3156258_3_807,431.0,456.0,Чертаново Южное,Москворецкий рынок
1,3156258,0,254_3156258_4_109,817.0,847.0,Чертаново Южное,Москворецкий рынок
1,3156258,0,254_3156258_4_201,452.0,477.0,Чертаново Южное,Москворецкий рынок
1,3156258,0,254_3156258_4_202,463.0,489.0,Чертаново Южное,Москворецкий рынок
1,3156258,0,254_3156258_4_203,474.0,501.0,Чертаново Южное,Москворецкий рынок
1,3156258,0,254_3156258_4_206,522.0,551.0,Чертаново Южное,Москворецкий рынок
1,3156258,0,254_3156258_4_208,726.0,756.0,Чертаново Южное,Москворецкий рынок
1,3156258,0,254_3156258_5_804,485.0,514.0,Чертаново Южное,Москворецкий рынок
1,3156258,0,254_3156258_5_805,497.0,526.0,Чертаново Южное,Москворецкий рынок
1,3156258,0,254_3156258_5_807,510.0,539.0,Чертаново Южное,Москворецкий рынок
1,3156258,0,254_3156258_6_109,889.0,919.0,Чертаново Южное,Москворецкий рынок
1,3156258,0,254_3156258_6_201,534.0,563.0,Чертаново Южное,Москворецкий рынок
1,3156258,0,254_3156258_6_202,546.0,575.0,Чертаново Южное,Москворецкий рынок
1,3156258,0,254_3156258_6_203,558.0,587.0,Чертаново Южное,Москворецкий рынок
1,3156258,0,254_3156258_6_206,594.0,623.0,Чертаново Южное,Москворецкий рынок
1,3156258,0,254_3156258_6_208,804.0,834.0,Чертаново Южное,Москворецкий рынок
1,3156258,0,254_3156258_7_805,570.0,599.0,Чертаново Южное,Москворецкий рынок
1,3156258,0,254_3156258_7_807,582.0,611.0,Чертаново Южное,Москворецкий рынок
1,3156258,0,254_3156258_8_109,967.0,997.0,Чертаново Южное,Москворецкий рынок
1,3156258,0,254_3156258_8_201,606.0,635.0,Чертаново Южное,Москворецкий рынок
1,3156258,0,254_3156258_8_202,618.0,647.0,Чертаново Южное,Москворецкий рынок
1,3156258,0,254_3156258_8_203,630.0,659.0,Чертаново Южное,Москворецкий рынок
1,3156258,0,254_3156258_8_206,677.0,706.0,Чертаново Южное,Москворецкий рынок
1,3156258,0,254_3156258_8_208,877.0,907.0,Чертаново Южное,Москворецкий рынок
1,3156258,0,254_3156258_9_804,991.0,1021.0,Чертаново Южное,Москворецкий рынок
1,3156258,0,254_3156258_9_805,653.0,682.0,Чертаново Южное,Москворецкий рынок
1,3156258,0,254_3156258_9_807,665.0,694.0,Чертаново Южное,Москворецкий рынок
1,3156258,1,254_3156258_10_804,1028.0,1056.0,Москворецкий рынок,Чертаново Южное
1,3156258,1,254_3156258_10_805,686.0,712.0,Москворецкий рынок,Чертаново Южное
1,3156258,1,254_3156258_10_807,701.0,727.0,Москворецкий рынок,Чертаново Южное
1,3156258,1,254_3156258_11_109,1089.0,1117.0,Москворецкий рынок,Чертаново Южное
1,3156258,1,254_3156258_11_201,726.0,754.0,Москворецкий рынок,Чертаново Южное
1,3156258,1,254_3156258_11_202,739.0,767.0,Москворецкий рынок,Чертаново Южное
1,3156258,1,254_3156258_11_203,751.0,779.0,Москворецкий рынок,Чертаново Южное
1,3156258,1,254_3156258_11_206,789.0,817.0,Москворецкий рынок,Чертаново Южное
1,3156258,1,254_3156258_11_208,989.0,1017.0,Москворецкий рынок,Чертаново Южное
1,3156258,1,254_3156258_12_804,1114.0,1142.0,Москворецкий рынок,Чертаново Южное
1,3156258,1,254_3156258_13_201,801.0,829.0,Москворецкий рынок,Чертаново Южное
1,3156258,1,254_3156258_13_202,814.0,842.0,Москворецкий рынок,Чертаново Южное
1,3156258,1,254_3156258_13_203,827.0,855.0,Москворецкий рынок,Чертаново Южное
1,3156258,1,254_3156258_13_206,866.0,894.0,Москворецкий рынок,Чертаново Южное
1,3156258,1,254_3156258_13_208,1076.0,1104.0,Москворецкий рынок,Чертаново Южное
1,3156258,1,254_3156258_14_804,1199.0,1225.0,Москворецкий рынок,Чертаново Южное
1,3156258,1,254_3156258_14_805,1127.0,1155.0,Москворецкий рынок,Чертаново Южное
1,3156258,1,254_3156258_14_807,1175.0,1203.0,Москворецкий рынок,Чертаново Южное
1,3156258,1,254_3156258_15_201,878.0,906.0,Москворецкий рынок,Чертаново Южное
1,3156258,1,254_3156258_15_202,890.0,918.0,Москворецкий рынок,Чертаново Южное
1,3156258,1,254_3156258_15_203,902.0,930.0,Москворецкий рынок,Чертаново Южное
1,3156258,1,254_3156258_15_206,939.0,967.0,Москворецкий рынок,Чертаново Южное
1,3156258,1,254_3156258_15_208,1163.0,1191.0,Москворецкий рынок,Чертаново Южное
1,3156258,1,254_3156258_16_804,1268.0,1294.0,Москворецкий рынок,Чертаново Южное
1,3156258,1,254_3156258_16_805,1211.0,1237.0,Москворецкий рынок,Чертаново Южное
1,3156258,1,254_3156258_16_807,1240.0,1266.0,Москворецкий рынок,Чертаново Южное
1,3156258,1,254_3156258_17_201,952.0,980.0,Москворецкий рынок,Чертаново Южное
1,3156258,1,254_3156258_17_202,964.0,992.0,Москворецкий рынок,Чертаново Южное
1,3156258,1,254_3156258_17_203,977.0,1005.0,Москворецкий рынок,Чертаново Южное
1,3156258,1,254_3156258_17_206,1015.0,1043.0,Москворецкий рынок,Чертаново Южное
1,3156258,1,254_3156258_17_208,1231.0,1257.0,Москворецкий рынок,Чертаново Южное
1,3156258,1,254_3156258_18_804,1333.0,1359.0,Москворецкий рынок,Чертаново Южное
1,3156258,1,254_3156258_18_805,1282.0,1308.0,Москворецкий рынок,Чертаново Южное
1,3156258,1,254_3156258_18_807,1315.0,1341.0,Москворецкий рынок,Чертаново Южное
1,3156258,1,254_3156258_19_201,1041.0,1069.0,Москворецкий рынок,Чертаново Южное
1,3156258,1,254_3156258_19_202,1051.0,1079.0,Москворецкий рынок,Чертаново Южное
1,3156258,1,254_3156258_19_203,1063.0,1091.0,Москворецкий рынок,Чертаново Южное
1,3156258,1,254_3156258_19_206,1101.0,1129.0,Москворецкий рынок,Чертаново Южное
1,3156258,1,254_3156258_19_208,1306.0,1332.0,Москворецкий рынок,Чертаново Южное
1,3156258,1,254_3156258_20_805,1345.0,1371.0,Москворецкий рынок,Чертаново Южное
1,3156258,1,254_3156258_20_807,1383.0,1408.0,Москворецкий рынок,Чертаново Южное
1,3156258,1,254_3156258_21_202,1138.0,1166.0,Москворецкий рынок,Чертаново Южное
1,3156258,1,254_3156258_21_203,1151.0,1179.0,Москворецкий рынок,Чертаново Южное
1,3156258,1,254_3156258_21_206,1187.0,1215.0,Москворецкий рынок,Чертаново Южное
1,3156258,1,254_3156258_23_202,1222.0,1248.0,Москворецкий рынок,Чертаново Южное
1,3156258,1,254_3156258_23_206,1254.0,1280.0,Москворецкий рынок,Чертаново Южное
1,3156258,1,254_3156258_25_202,1294.0,1320.0,Москворецкий рынок,Чертаново Южное
1,3156258,1,254_3156258_25_206,1326.0,1352.0,Москворецкий рынок,Чертаново Южное
1,3156258,1,254_3156258_2_804,367.0,392.0,Москворецкий рынок,Чертаново Южное
1,3156258,1,254_3156258_2_805,379.0,404.0,Москворецкий рынок,Чертаново Южное
1,3156258,1,254_3156258_2_807,391.0,416.0,Москворецкий рынок,Чертаново Южное
1,3156258,1,254_3156258_3_109,775.0,803.0,Москворецкий рынок,Чертаново Южное
1,3156258,1,254_3156258_3_201,403.0,428.0,Москворецкий рынок,Чертаново Южное
1,3156258,1,254_3156258_3_202,415.0,440.0,Москворецкий рынок,Чертаново Южное
1,3156258,1,254_3156258_3_203,426.0,451.0,Москворецкий рынок,Чертаново Южное
1,3156258,1,254_3156258_3_206,472.0,498.0,Москворецкий рынок,Чертаново Южное
1,3156258,1,254_3156258_3_208,677.0,703.0,Москворецкий рынок,Чертаново Южное
1,3156258,1,254_3156258_4_804,438.0,463.0,Москворецкий рынок,Чертаново Южное
1,3156258,1,254_3156258_4_805,450.0,475.0,Москворецкий рынок,Чертаново Южное
1,3156258,1,254_3156258_4_807,462.0,487.0,Москворецкий рынок,Чертаново Южное
1,3156258,1,254_3156258_5_109,853.0,881.0,Москворецкий рынок,Чертаново Южное
1,3156258,1,254_3156258_5_201,482.0,508.0,Москворецкий рынок,Чертаново Южное
1,3156258,1,254_3156258_5_202,494.0,520.0,Москворецкий рынок,Чертаново Южное
1,3156258,1,254_3156258_5_203,507.0,533.0,Москворецкий рынок,Чертаново Южное
1,3156258,1,254_3156258_5_206,557.0,583.0,Москворецкий рынок,Чертаново Южное
1,3156258,1,254_3156258_5_208,764.0,792.0,Москворецкий рынок,Чертаново Южное
1,3156258,1,254_3156258_6_804,520.0,546.0,Москворецкий рынок,Чертаново Южное
1,3156258,1,254_3156258_6_805,532.0,558.0,Москворецкий рынок,Чертаново Южное
1,3156258,1,254_3156258_6_807,544.0,570.0,Москворецкий рынок,Чертаново Южное
1,3156258,1,254_3156258_7_109,926.0,954.0,Москворецкий рынок,Чертаново Южное
1,3156258,1,254_3156258_7_201,569.0,595.0,Москворецкий рынок,Чертаново Южное
1,3156258,1,254_3156258_7_202,581.0,607.0,Москворецкий рынок,Чертаново Южное
1,3156258,1,254_3156258_7_203,593.0,619.0,Москворецкий рынок,Чертаново Южное
1,3156258,1,254_3156258_7_206,629.0,655.0,Москворецкий рынок,Чертаново Южное
1,3156258,1,254_3156258_7_208,840.0,868.0,Москворецкий рынок,Чертаново Южное
1,3156258,1,254_3156258_8_805,605.0,631.0,Москворецкий рынок,Чертаново Южное
1,3156258,1,254_3156258_8_807,617.0,643.0,Москворецкий рынок,Чертаново Южное
1,3156258,1,254_3156258_9_109,1002.0,1030.0,Москворецкий рынок,Чертаново Южное
1,3156258,1,254_3156258_9_201,641.0,667.0,Москворецкий рынок,Чертаново Южное
1,3156258,1,254_3156258_9_202,653.0,679.0,Москворецкий рынок,Чертаново Южное
1,3156258,1,254_3156258_9_203,665.0,691.0,Москворецкий рынок,Чертаново Южное
1,3156258,1,254_3156258_9_206,713.0,740.0,Москворецкий рынок,Чертаново Южное
1,3156258,1,254_3156258_9_208,914.0,942.0,Москворецкий рынок,Чертаново Южное
1,3158068,0,254_3158068_11_201,694.0,725.0,Чертаново Южное,Москворецкий рынок
1,3158068,0,254_3158068_11_202,718.0,749.0,Чертаново Южное,Москворецкий рынок
1,3158068,0,254_3158068_11_205,790.0,821.0,Чертаново Южное,Москворецкий рынок
1,3158068,0,254_3158068_11_207,804.0,835.0,Чертаново Южное,Москворецкий рынок
1,3158068,0,254_3158068_11_208,809.0,840.0,Чертаново Южное,Москворецкий рынок
1,3158068,0,254_3158068_11_209,815.0,846.0,Чертаново Южное,Москворецкий рынок
1,3158068,0,254_3158068_11_210,820.0,851.0,Чертаново Южное,Москворецкий рынок
1,3158068,0,254_3158068_11_211,825.0,856.0,Чертаново Южное,Москворецкий рынок
1,3158068,0,254_3158068_11_212,832.0,863.0,Чертаново Южное,Москворецкий рынок
1,3158068,0,254_3158068_11_213,850.0,881.0,Чертаново Южное,Москворецкий рынок
1,3158068,0,254_3158068_11_214,857.0,888.0,Чертаново Южное,Москворецкий рынок
1,3158068,0,254_3158068_11_803,1078.0,1108.0,Чертаново Южное,Москворецкий рынок
1,3158068,0,254_3158068_11_804,1067.0,1097.0,Чертаново Южное,Москворецкий рынок
1,3158068,0,254_3158068_11_806,1093.0,1123.0,Чертаново Южное,Москворецкий рынок
1,3158068,0,254_3158068_13_201,768.0,799.0,Чертаново Южное,Москворецкий рынок
1,3158068,0,254_3158068_13_202,797.0,828.0,Чертаново Южное,Москворецкий рынок
1,3158068,0,254_3158068_13_205,865.0,896.0,Чертаново Южное,Москворецкий рынок
1,3158068,0,254_3158068_13_207,880.0,911.0,Чертаново Южное,Москворецкий рынок
1,3158068,0,254_3158068_13_208,887.0,918.0,Чертаново Южное,Москворецкий рынок
1,3158068,0,254_3158068_13_209,893.0,924.0,Чертаново Южное,Москворецкий рынок
1,3158068,0,254_3158068_13_210,899.0,930.0,Чертаново Южное,Москворецкий рынок
1,3158068,0,254_3158068_13_211,905.0,936.0,Чертаново Южное,Москворецкий рынок
1,3158068,0,254_3158068_13_212,911.0,942.0,Чертаново Южное,Москворецкий рынок
1,3158068,0,254_3158068_13_213,925.0,956.0,Чертаново Южное,Москворецкий рынок
1,3158068,0,254_3158068_13_214,933.0,964.0,Чертаново Южное,Москворецкий рынок
1,3158068,0,254_3158068_13_803,1148.0,1178.0,Чертаново Южное,Москворецкий рынок
1,3158068,0,254_3158068_13_804,1137.0,1167.0,Чертаново Южное,Москворецкий рынок
1,3158068,0,254_3158068_13_806,1163.0,1193.0,Чертаново Южное,Москворецкий рынок
1,3158068,0,254_3158068_15_201,841.0,872.0,Чертаново Южное,Москворецкий рынок
1,3158068,0,254_3158068_15_202,873.0,904.0,Чертаново Южное,Москворецкий рынок
1,3158068,0,254_3158068_15_205,941.0,972.0,Чертаново Южное,Москворецкий рынок
1,3158068,0,254_3158068_15_207,953.0,984.0,Чертаново Южное,Москворецкий рынок
1,3158068,0,254_3158068_15_208,959.0,990.0,Чертаново Южное,Москворецкий рынок
1,3158068,0,254_3158068_15_209,965.0,996.0,Чертаново Южное,Москворецкий рынок
1,3158068,0,254_3158068_15_210,971.0,1002.0,Чертаново Южное,Москворецкий рынок
1,3158068,0,254_3158068_15_211,977.0,1008.0,Чертаново Южное,Москворецкий рынок
1,3158068,0,254_3158068_15_212,983.0,1014.0,Чертаново Южное,Москворецкий рынок
1,3158068,0,254_3158068_15_213,1000.0,1031.0,Чертаново Южное,Москворецкий рынок
1,3158068,0,254_3158068_15_214,1007.0,1037.0,Чертаново Южное,Москворецкий рынок
1,3158068,0,254_3158068_15_803,1225.0,1255.0,Чертаново Южное,Москворецкий рынок
1,3158068,0,254_3158068_15_804,1212.0,1242.0,Чертаново Южное,Москворецкий рынок
1,3158068,0,254_3158068_15_806,1243.0,1272.0,Чертаново Южное,Москворецкий рынок
1,3158068,0,254_3158068_17_201,917.0,948.0,Чертаново Южное,Москворецкий рынок
1,3158068,0,254_3158068_17_202,947.0,978.0,Чертаново Южное,Москворецкий рынок
1,3158068,0,254_3158068_17_205,1014.0,1044.0,Чертаново Южное,Москворецкий рынок
1,3158068,0,254_3158068_17_207,1032.0,1062.0,Чертаново Южное,Москворецкий рынок
1,3158068,0,254_3158068_17_208,1037.0,1067.0,Чертаново Южное,Москворецкий рынок
1,3158068,0,254_3158068_17_209,1042.0,1072.0,Чертаново Южное,Москворецкий рынок
1,3158068,0,254_3158068_17_210,1047.0,1077.0,Чертаново Южное,Москворецкий рынок
1,3158068,0,254_3158068_17_211,1052.0,1082.0,Чертаново Южное,Москворецкий рынок
1,3158068,0,254_3158068_17_212,1057.0,1087.0,Чертаново Южное,Москворецкий рынок
1,3158068,0,254_3158068_17_213,1072.0,1102.0,Чертаново Южное,Москворецкий рынок
1,3158068,0,254_3158068_17_214,1083.0,1113.0,Чертаново Южное,Москворецкий рынок
1,3158068,0,254_3158068_17_803,1302.0,1329.0,Чертаново Южное,Москворецкий рынок
1,3158068,0,254_3158068_17_804,1289.0,1316.0,Чертаново Южное,Москворецкий рынок
1,3158068,0,254_3158068_17_806,1319.0,1346.0,Чертаново Южное,Москворецкий рынок
1,3158068,0,254_3158068_19_201,989.0,1020.0,Чертаново Южное,Москворецкий рынок
1,3158068,0,254_3158068_19_202,1025.0,1055.0,Чертаново Южное,Москворецкий рынок
1,3158068,0,254_3158068_19_205,1088.0,1118.0,Чертаново Южное,Москворецкий рынок
1,3158068,0,254_3158068_19_207,1102.0,1132.0,Чертаново Южное,Москворецкий рынок
1,3158068,0,254_3158068_19_208,1107.0,1137.0,Чертаново Южное,Москворецкий рынок
1,3158068,0,254_3158068_19_209,1112.0,1142.0,Чертаново Южное,Москворецкий рынок
1,3158068,0,254_3158068_19_210,1117.0,1147.0,Чертаново Южное,Москворецкий рынок
1,3158068,0,254_3158068_19_211,1122.0,1152.0,Чертаново Южное,Москворецкий рынок
1,3158068,0,254_3158068_19_212,1127.0,1157.0,Чертаново Южное,Москворецкий рынок
1,3158068,0,254_3158068_19_213,1143.0,1173.0,Чертаново Южное,Москворецкий рынок
1,3158068,0,254_3158068_19_214,1153.0,1183.0,Чертаново Южное,Москворецкий рынок
1,3158068,0,254_3158068_1_201,339.0,364.0,Чертаново Южное,Москворецкий рынок
1,3158068,0,254_3158068_1_202,352.0,377.0,Чертаново Южное,Москворецкий рынок
1,3158068,0,254_3158068_1_205,413.0,442.0,Чертаново Южное,Москворецкий рынок
1,3158068,0,254_3158068_1_207,425.0,456.0,Чертаново Южное,Москворецкий рынок
1,3158068,0,254_3158068_1_208,435.0,466.0,Чертаново Южное,Москворецкий рынок
1,3158068,0,254_3158068_1_209,440.0,471.0,Чертаново Южное,Москворецкий рынок
1,3158068,0,254_3158068_1_210,451.0,482.0,Чертаново Южное,Москворецкий рынок
1,3158068,0,254_3158068_1_211,457.0,488.0,Чертаново Южное,Москворецкий рынок
1,3158068,0,254_3158068_1_212,467.0,498.0,Чертаново Южное,Москворецкий рынок
1,3158068,0,254_3158068_1_213,476.0,507.0,Чертаново Южное,Москворецкий рынок
1,3158068,0,254_3158068_1_214,482.0,513.0,Чертаново Южное,Москворецкий рынок
1,3158068,0,254_3158068_1_803,295.0,320.0,Чертаново Южное,Москворецкий рынок
1,3158068,0,254_3158068_1_804,310.0,335.0,Чертаново Южное,Москворецкий рынок
1,3158068,0,254_3158068_1_806,325.0,350.0,Чертаново Южное,Москворецкий рынок
1,3158068,0,254_3158068_21_201,1062.0,1092.0,Чертаново Южное,Москворецкий рынок
1,3158068,0,254_3158068_21_202,1097.0,1127.0,Чертаново Южное,Москворецкий рынок
1,3158068,0,254_3158068_21_205,1158.0,1188.0,Чертаново Южное,Москворецкий рынок
1,3158068,0,254_3158068_21_207,1174.0,1204.0,Чертаново Южное,Москворецкий рынок
1,3158068,0,254_3158068_21_208,1181.0,1211.0,Чертаново Южное,Москворецкий рынок
1,3158068,0,254_3158068_21_209,1188.0,1218.0,Чертаново Южное,Москворецкий рынок
1,3158068,0,254_3158068_21_210,1195.0,1225.0,Чертаново Южное,Москворецкий рынок
1,3158068,0,254_3158068_21_211,1202.0,1232.0,Чертаново Южное,Москворецкий рынок
1,3158068,0,254_3158068_21_212,1207.0,1237.0,Чертаново Южное,Москворецкий рынок
1,3158068,0,254_3158068_21_213,1217.0,1247.0,Чертаново Южное,Москворецкий рынок
1,3158068,0,254_3158068_21_214,1232.0,1262.0,Чертаново Южное,Москворецкий рынок
1,3158068,0,254_3158068_23_202,1168.0,1198.0,Чертаново Южное,Москворецкий рынок
1,3158068,0,254_3158068_23_205,1237.0,1266.0,Чертаново Южное,Москворецкий рынок
1,3158068,0,254_3158068_23_207,1254.0,1282.0,Чертаново Южное,Москворецкий рынок
1,3158068,0,254_3158068_23_208,1260.0,1287.0,Чертаново Южное,Москворецкий рынок
1,3158068,0,254_3158068_23_210,1270.0,1297.0,Чертаново Южное,Москворецкий рынок
1,3158068,0,254_3158068_23_212,1281.0,1308.0,Чертаново Южное,Москворецкий рынок
1,3158068,0,254_3158068_23_213,1296.0,1323.0,Чертаново Южное,Москворецкий рынок
1,3158068,0,254_3158068_23_214,1307.0,1334.0,Чертаново Южное,Москворецкий рынок
1,3158068,0,254_3158068_25_207,1330.0,1357.0,Чертаново Южное,Москворецкий рынок
1,3158068,0,254_3158068_3_201,403.0,430.0,Чертаново Южное,Москворецкий рынок
1,3158068,0,254_3158068_3_202,420.0,450.0,Чертаново Южное,Москворецкий рынок
1,3158068,0,254_3158068_3_205,487.0,518.0,Чертаново Южное,Москворецкий рынок
1,3158068,0,254_3158068_3_207,497.0,528.0,Чертаново Южное,Москворецкий рынок
1,3158068,0,254_3158068_3_208,507.0,538.0,Чертаново Южное,Москворецкий рынок
1,3158068,0,254_3158068_3_209,512.0,543.0,Чертаново Южное,Москворецкий рынок
1,3158068,0,254_3158068_3_210,522.0,553.0,Чертаново Южное,Москворецкий рынок
1,3158068,0,254_3158068_3_211,528.0,559.0,Чертаново Южное,Москворецкий рынок
1,3158068,0,254_3158068_3_212,538.0,569.0,Чертаново Южное,Москворецкий рынок
1,3158068,0,254_3158068_3_213,548.0,579.0,Чертаново Южное,Москворецкий рынок
1,3158068,0,254_3158068_3_214,555.0,586.0,Чертаново Южное,Москворецкий рынок
1,3158068,0,254_3158068_3_803,366.0,391.0,Чертаново Южное,Москворецкий рынок
1,3158068,0,254_3158068_3_804,381.0,406.0,Чертаново Южное,Москворецкий рынок
1,3158068,0,254_3158068_3_806,393.0,418.0,Чертаново Южное,Москворецкий рынок
1,3158068,0,254_3158068_5_201,471.0,502.0,Чертаново Южное,Москворецкий рынок
1,3158068,0,254_3158068_5_202,492.0,523.0,Чертаново Южное,Москворецкий рынок
1,3158068,0,254_3158068_5_205,562.0,593.0,Чертаново Южное,Москворецкий рынок
1,3158068,0,254_3158068_5_207,576.0,607.0,Чертаново Южное,Москворецкий рынок
1,3158068,0,254_3158068_5_208,588.0,619.0,Чертаново Южное,Москворецкий рынок
1,3158068,0,254_3158068_5_209,596.0,627.0,Чертаново Южное,Москворецкий рынок
1,3158068,0,254_3158068_5_210,604.0,635.0,Чертаново Южное,Москворецкий рынок
1,3158068,0,254_3158068_5_211,608.0,639.0,Чертаново Южное,Москворецкий рынок
1,3158068,0,254_3158068_5_212,617.0,648.0,Чертаново Южное,Москворецкий рынок
1,3158068,0,254_3158068_5_213,626.0,657.0,Чертаново Южное,Москворецкий рынок
1,3158068,0,254_3158068_5_214,632.0,663.0,Чертаново Южное,Москворецкий рынок
1,3158068,0,254_3158068_5_803,430.0,461.0,Чертаново Южное,Москворецкий рынок
1,3158068,0,254_3158068_5_804,445.0,476.0,Чертаново Южное,Москворецкий рынок
1,3158068,0,254_3158068_5_806,462.0,493.0,Чертаново Южное,Москворецкий рынок
1,3158068,0,254_3158068_7_201,543.0,574.0,Чертаново Южное,Москворецкий рынок
1,3158068,0,254_3158068_7_202,568.0,599.0,Чертаново Южное,Москворецкий рынок
1,3158068,0,254_3158068_7_205,638.0,669.0,Чертаново Южное,Москворецкий рынок
1,3158068,0,254_3158068_7_207,650.0,681.0,Чертаново Южное,Москворецкий рынок
1,3158068,0,254_3158068_7_208,662.0,693.0,Чертаново Южное,Москворецкий рынок
1,3158068,0,254_3158068_7_209,668.0,699.0,Чертаново Южное,Москворецкий рынок
1,3158068,0,254_3158068_7_210,675.0,706.0,Чертаново Южное,Москворецкий рынок
1,3158068,0,254_3158068_7_211,681.0,712.0,Чертаново Южное,Москворецкий рынок
1,3158068,0,254_3158068_7_212,688.0,719.0,Чертаново Южное,Москворецкий рынок
1,3158068,0,254_3158068_7_213,699.0,730.0,Чертаново Южное,Москворецкий рынок
1,3158068,0,254_3158068_7_214,705.0,736.0,Чертаново Южное,Москворецкий рынок
1,3158068,0,254_3158068_7_803,502.0,533.0,Чертаново Южное,Москворецкий рынок
1,3158068,0,254_3158068_7_804,517.0,548.0,Чертаново Южное,Москворецкий рынок
1,3158068,0,254_3158068_7_806,533.0,564.0,Чертаново Южное,Москворецкий рынок
1,3158068,0,254_3158068_9_201,622.0,653.0,Чертаново Южное,Москворецкий рынок
1,3158068,0,254_3158068_9_202,644.0,675.0,Чертаново Южное,Москворецкий рынок
1,3158068,0,254_3158068_9_205,711.0,742.0,Чертаново Южное,Москворецкий рынок
1,3158068,0,254_3158068_9_207,725.0,756.0,Чертаново Южное,Москворецкий рынок
1,3158068,0,254_3158068_9_208,733.0,764.0,Чертаново Южное,Москворецкий рынок
1,3158068,0,254_3158068_9_209,741.0,772.0,Чертаново Южное,Москворецкий рынок
1,3158068,0,254_3158068_9_210,747.0,778.0,Чертаново Южное,Москворецкий рынок
1,3158068,0,254_3158068_9_211,754.0,785.0,Чертаново Южное,Москворецкий рынок
1,3158068,0,254_3158068_9_212,760.0,791.0,Чертаново Южное,Москворецкий рынок
1,3158068,0,254_3158068_9_213,776.0,807.0,Чертаново Южное,Москворецкий рынок
1,3158068,0,254_3158068_9_214,783.0,814.0,Чертаново Южное,Москворецкий рынок
1,3158068,0,254_3158068_9_803,582.0,613.0,Чертаново Южное,Москворецкий рынок
1,3158068,0,254_3158068_9_804,995.0,1026.0,Чертаново Южное,Москворецкий рынок
1,3158068,0,254_3158068_9_806,1019.0,1049.0,Чертаново Южное,Москворецкий рынок
1,3158068,1,254_3158068_10_201,657.0,685.0,Москворецкий рынок,Чертаново Южное
1,3158068,1,254_3158068_10_202,680.0,708.0,Москворецкий рынок,Чертаново Южное
1,3158068,1,254_3158068_10_205,747.0,775.0,Москворецкий рынок,Чертаново Южное
1,3158068,1,254_3158068_10_207,761.0,789.0,Москворецкий рынок,Чертаново Южное
1,3158068,1,254_3158068_10_208,769.0,797.0,Москворецкий рынок,Чертаново Южное
1,3158068,1,254_3158068_10_209,776.0,804.0,Москворецкий рынок,Чертаново Южное
1,3158068,1,254_3158068_10_210,783.0,811.0,Москворецкий рынок,Чертаново Южное
1,3158068,1,254_3158068_10_211,789.0,817.0,Москворецкий рынок,Чертаново Южное
1,3158068,1,254_3158068_10_212,795.0,823.0,Москворецкий рынок,Чертаново Южное
1,3158068,1,254_3158068_10_213,813.0,841.0,Москворецкий рынок,Чертаново Южное
1,3158068,1,254_3158068_10_214,820.0,848.0,Москворецкий рынок,Чертаново Южное
1,3158068,1,254_3158068_10_803,619.0,647.0,Москворецкий рынок,Чертаново Южное
1,3158068,1,254_3158068_10_804,1030.0,1058.0,Москворецкий рынок,Чертаново Южное
1,3158068,1,254_3158068_10_806,1053.0,1081.0,Москворецкий рынок,Чертаново Южное
1,3158068,1,254_3158068_12_201,729.0,757.0,Москворецкий рынок,Чертаново Южное
1,3158068,1,254_3158068_12_202,754.0,782.0,Москворецкий рынок,Чертаново Южное
1,3158068,1,254_3158068_12_205,827.0,855.0,Москворецкий рынок,Чертаново Южное
1,3158068,1,254_3158068_12_207,840.0,868.0,Москворецкий рынок,Чертаново Южное
1,3158068,1,254_3158068_12_208,848.0,876.0,Москворецкий рынок,Чертаново Южное
1,3158068,1,254_3158068_12_209,854.0,882.0,Москворецкий рынок,Чертаново Южное
1,3158068,1,254_3158068_12_210,860.0,888.0,Москворецкий рынок,Чертаново Южное
1,3158068,1,254_3158068_12_211,867.0,895.0,Москворецкий рынок,Чертаново Южное
1,3158068,1,254_3158068_12_212,873.0,901.0,Москворецкий рынок,Чертаново Южное
1,3158068,1,254_3158068_12_213,886.0,914.0,Москворецкий рынок,Чертаново Южное
1,3158068,1,254_3158068_12_214,892.0,920.0,Москворецкий рынок,Чертаново Южное
1,3158068,1,254_3158068_12_803,1113.0,1141.0,Москворецкий рынок,Чертаново Южное
1,3158068,1,254_3158068_12_804,1101.0,1129.0,Москворецкий рынок,Чертаново Южное
1,3158068,1,254_3158068_12_806,1127.0,1155.0,Москворецкий рынок,Чертаново Южное
1,3158068,1,254_3158068_14_201,804.0,832.0,Москворецкий рынок,Чертаново Южное
1,3158068,1,254_3158068_14_202,832.0,860.0,Москворецкий рынок,Чертаново Южное
1,3158068,1,254_3158068_14_205,900.0,928.0,Москворецкий рынок,Чертаново Южное
1,3158068,1,254_3158068_14_207,916.0,944.0,Москворецкий рынок,Чертаново Южное
1,3158068,1,254_3158068_14_208,922.0,950.0,Москворецкий рынок,Чертаново Южное
1,3158068,1,254_3158068_14_209,928.0,956.0,Москворецкий рынок,Чертаново Южное
1,3158068,1,254_3158068_14_210,934.0,962.0,Москворецкий рынок,Чертаново Южное
1,3158068,1,254_3158068_14_211,940.0,968.0,Москворецкий рынок,Чертаново Южное
1,3158068,1,254_3158068_14_212,945.0,973.0,Москворецкий рынок,Чертаново Южное
1,3158068,1,254_3158068_14_213,964.0,992.0,Москворецкий рынок,Чертаново Южное
1,3158068,1,254_3158068_14_214,970.0,998.0,Москворецкий рынок,Чертаново Южное
1,3158068,1,254_3158068_14_803,1186.0,1214.0,Москворецкий рынок,Чертаново Южное
1,3158068,1,254_3158068_14_804,1172.0,1200.0,Москворецкий рынок,Чертаново Южное
1,3158068,1,254_3158068_14_806,1201.0,1229.0,Москворецкий рынок,Чертаново Южное
1,3158068,1,254_3158068_16_201,879.0,907.0,Москворецкий рынок,Чертаново Южное
1,3158068,1,254_3158068_16_202,909.0,937.0,Москворецкий рынок,Чертаново Южное
1,3158068,1,254_3158068_16_205,977.0,1005.0,Москворецкий рынок,Чертаново Южное
1,3158068,1,254_3158068_16_207,994.0,1022.0,Москворецкий рынок,Чертаново Южное
1,3158068,1,254_3158068_16_208,999.0,1027.0,Москворецкий рынок,Чертаново Южное
1,3158068,1,254_3158068_16_209,1004.0,1032.0,Москворецкий рынок,Чертаново Южное
1,3158068,1,254_3158068_16_210,1009.0,1037.0,Москворецкий рынок,Чертаново Южное
1,3158068,1,254_3158068_16_211,1014.0,1042.0,Москворецкий рынок,Чертаново Южное
1,3158068,1,254_3158068_16_212,1019.0,1047.0,Москворецкий рынок,Чертаново Южное
1,3158068,1,254_3158068_16_213,1035.0,1063.0,Москворецкий рынок,Чертаново Южное
1,3158068,1,254_3158068_16_214,1042.0,1070.0,Москворецкий рынок,Чертаново Южное
1,3158068,1,254_3158068_16_803,1258.0,1283.0,Москворецкий рынок,Чертаново Южное
1,3158068,1,254_3158068_16_804,1248.0,1275.0,Москворецкий рынок,Чертаново Южное
1,3158068,1,254_3158068_16_806,1277.0,1302.0,Москворецкий рынок,Чертаново Южное
1,3158068,1,254_3158068_18_201,951.0,979.0,Москворецкий рынок,Чертаново Южное
1,3158068,1,254_3158068_18_202,988.0,1016.0,Москворецкий рынок,Чертаново Южное
1,3158068,1,254_3158068_18_205,1047.0,1075.0,Москворецкий рынок,Чертаново Южное
1,3158068,1,254_3158068_18_207,1064.0,1092.0,Москворецкий рынок,Чертаново Южное
1,3158068,1,254_3158068_18_208,1070.0,1098.0,Москворецкий рынок,Чертаново Южное
1,3158068,1,254_3158068_18_209,1075.0,1103.0,Москворецкий рынок,Чертаново Южное
1,3158068,1,254_3158068_18_210,1080.0,1108.0,Москворецкий рынок,Чертаново Южное
1,3158068,1,254_3158068_18_211,1085.0,1113.0,Москворецкий рынок,Чертаново Южное
1,3158068,1,254_3158068_18_212,1090.0,1118.0,Москворецкий рынок,Чертаново Южное
1,3158068,1,254_3158068_18_213,1107.0,1135.0,Москворецкий рынок,Чертаново Южное
1,3158068,1,254_3158068_18_214,1118.0,1146.0,Москворецкий рынок,Чертаново Южное
1,3158068,1,254_3158068_18_803,1335.0,1360.0,Москворецкий рынок,Чертаново Южное
1,3158068,1,254_3158068_18_804,1322.0,1347.0,Москворецкий рынок,Чертаново Южное
1,3158068,1,254_3158068_18_806,1351.0,1376.0,Москворецкий рынок,Чертаново Южное
1,3158068,1,254_3158068_20_201,1025.0,1053.0,Москворецкий рынок,Чертаново Южное
1,3158068,1,254_3158068_20_202,1058.0,1086.0,Москворецкий рынок,Чертаново Южное
1,3158068,1,254_3158068_20_205,1122.0,1150.0,Москворецкий рынок,Чертаново Южное
1,3158068,1,254_3158068_20_207,1138.0,1166.0,Москворецкий рынок,Чертаново Южное
1,3158068,1,254_3158068_20_208,1145.0,1173.0,Москворецкий рынок,Чертаново Южное
1,3158068,1,254_3158068_20_209,1151.0,1179.0,Москворецкий рынок,Чертаново Южное
1,3158068,1,254_3158068_20_210,1157.0,1185.0,Москворецкий рынок,Чертаново Южное
1,3158068,1,254_3158068_20_211,1162.0,1190.0,Москворецкий рынок,Чертаново Южное
1,3158068,1,254_3158068_20_212,1167.0,1195.0,Москворецкий рынок,Чертаново Южное
1,3158068,1,254_3158068_20_213,1179.0,1207.0,Москворецкий рынок,Чертаново Южное
1,3158068,1,254_3158068_20_214,1191.0,1219.0,Москворецкий рынок,Чертаново Южное
1,3158068,1,254_3158068_22_201,1095.0,1123.0,Москворецкий рынок,Чертаново Южное
1,3158068,1,254_3158068_22_202,1132.0,1160.0,Москворецкий рынок,Чертаново Южное
1,3158068,1,254_3158068_22_205,1196.0,1224.0,Москворецкий рынок,Чертаново Южное
1,3158068,1,254_3158068_22_207,1212.0,1240.0,Москворецкий рынок,Чертаново Южное
1,3158068,1,254_3158068_22_208,1217.0,1245.0,Москворецкий рынок,Чертаново Южное
1,3158068,1,254_3158068_22_209,1222.0,1250.0,Москворецкий рынок,Чертаново Южное
1,3158068,1,254_3158068_22_210,1229.0,1257.0,Москворецкий рынок,Чертаново Южное
1,3158068,1,254_3158068_22_211,1237.0,1265.0,Москворецкий рынок,Чертаново Южное
1,3158068,1,254_3158068_22_212,1242.0,1270.0,Москворецкий рынок,Чертаново Южное
1,3158068,1,254_3158068_22_213,1251.0,1277.0,Москворецкий рынок,Чертаново Южное
1,3158068,1,254_3158068_22_214,1264.0,1289.0,Москворецкий рынок,Чертаново Южное
1,3158068,1,254_3158068_24_202,1207.0,1235.0,Москворецкий рынок,Чертаново Южное
1,3158068,1,254_3158068_24_205,1270.0,1295.0,Москворецкий рынок,Чертаново Южное
1,3158068,1,254_3158068_24_207,1287.0,1312.0,Москворецкий рынок,Чертаново Южное
1,3158068,1,254_3158068_24_208,1297.0,1322.0,Москворецкий рынок,Чертаново Южное
1,3158068,1,254_3158068_24_210,1306.0,1331.0,Москворецкий рынок,Чертаново Южное
1,3158068,1,254_3158068_24_212,1314.0,1339.0,Москворецкий рынок,Чертаново Южное
1,3158068,1,254_3158068_24_213,1328.0,1353.0,Москворецкий рынок,Чертаново Южное
1,3158068,1,254_3158068_24_214,1342.0,1367.0,Москворецкий рынок,Чертаново Южное
1,3158068,1,254_3158068_26_207,1361.0,1386.0,Москворецкий рынок,Чертаново Южное
1,3158068,1,254_3158068_2_201,370.0,395.0,Москворецкий рынок,Чертаново Южное
1,3158068,1,254_3158068_2_202,382.0,407.0,Москворецкий рынок,Чертаново Южное
1,3158068,1,254_3158068_2_205,448.0,476.0,Москворецкий рынок,Чертаново Южное
1,3158068,1,254_3158068_2_207,459.0,487.0,Москворецкий рынок,Чертаново Южное
1,3158068,1,254_3158068_2_208,469.0,497.0,Москворецкий рынок,Чертаново Южное
1,3158068,1,254_3158068_2_209,474.0,502.0,Москворецкий рынок,Чертаново Южное
1,3158068,1,254_3158068_2_210,485.0,513.0,Москворецкий рынок,Чертаново Южное
1,3158068,1,254_3158068_2_211,491.0,519.0,Москворецкий рынок,Чертаново Южное
1,3158068,1,254_3158068_2_212,502.0,530.0,Москворецкий рынок,Чертаново Южное
1,3158068,1,254_3158068_2_213,512.0,540.0,Москворецкий рынок,Чертаново Южное
1,3158068,1,254_3158068_2_214,518.0,546.0,Москворецкий рынок,Чертаново Южное
1,3158068,1,254_3158068_2_803,325.0,350.0,Москворецкий рынок,Чертаново Южное
1,3158068,1,254_3158068_2_804,340.0,365.0,Москворецкий рынок,Чертаново Южное
1,3158068,1,254_3158068_2_806,355.0,380.0,Москворецкий рынок,Чертаново Южное
1,3158068,1,254_3158068_4_201,434.0,462.0,Москворецкий рынок,Чертаново Южное
1,3158068,1,254_3158068_4_202,454.0,482.0,Москворецкий рынок,Чертаново Южное
1,3158068,1,254_3158068_4_205,524.0,552.0,Москворецкий рынок,Чертаново Южное
1,3158068,1,254_3158068_4_207,533.0,561.0,Москворецкий рынок,Чертаново Южное
1,3158068,1,254_3158068_4_208,544.0,572.0,Москворецкий рынок,Чертаново Южное
1,3158068,1,254_3158068_4_209,549.0,577.0,Москворецкий рынок,Чертаново Южное
1,3158068,1,254_3158068_4_210,560.0,588.0,Москворецкий рынок,Чертаново Южное
1,3158068,1,254_3158068_4_211,565.0,593.0,Москворецкий рынок,Чертаново Южное
1,3158068,1,254_3158068_4_212,575.0,603.0,Москворецкий рынок,Чертаново Южное
1,3158068,1,254_3158068_4_213,587.0,615.0,Москворецкий рынок,Чертаново Южное
1,3158068,1,254_3158068_4_214,592.0,620.0,Москворецкий рынок,Чертаново Южное
1,3158068,1,254_3158068_4_803,395.0,420.0,Москворецкий рынок,Чертаново Южное
1,3158068,1,254_3158068_4_804,410.0,436.0,Москворецкий рынок,Чертаново Южное
1,3158068,1,254_3158068_4_806,423.0,451.0,Москворецкий рынок,Чертаново Южное
1,3158068,1,254_3158068_6_201,507.0,535.0,Москворецкий рынок,Чертаново Южное
1,3158068,1,254_3158068_6_202,529.0,557.0,Москворецкий рынок,Чертаново Южное
1,3158068,1,254_3158068_6_205,599.0,627.0,Москворецкий рынок,Чертаново Южное
1,3158068,1,254_3158068_6_207,615.0,643.0,Москворецкий рынок,Чертаново Южное
1,3158068,1,254_3158068_6_208,625.0,653.0,Москворецкий рынок,Чертаново Южное
1,3158068,1,254_3158068_6_209,631.0,659.0,Москворецкий рынок,Чертаново Южное
1,3158068,1,254_3158068_6_210,638.0,666.0,Москворецкий рынок,Чертаново Южное
1,3158068,1,254_3158068_6_211,645.0,673.0,Москворецкий рынок,Чертаново Южное
1,3158068,1,254_3158068_6_212,652.0,680.0,Москворецкий рынок,Чертаново Южное
1,3158068,1,254_3158068_6_213,661.0,689.0,Москворецкий рынок,Чертаново Южное
1,3158068,1,254_3158068_6_214,667.0,695.0,Москворецкий рынок,Чертаново Южное
1,3158068,1,254_3158068_6_803,464.0,492.0,Москворецкий рынок,Чертаново Южное
1,3158068,1,254_3158068_6_804,479.0,507.0,Москворецкий рынок,Чертаново Южное
1,3158068,1,254_3158068_6_806,497.0,525.0,Москворецкий рынок,Чертаново Южное
1,3158068,1,254_3158068_8_201,581.0,609.0,Москворецкий рынок,Чертаново Южное
1,3158068,1,254_3158068_8_202,607.0,635.0,Москворецкий рынок,Чертаново Южное
1,3158068,1,254_3158068_8_205,674.0,702.0,Москворецкий рынок,Чертаново Южное
1,3158068,1,254_3158068_8_207,688.0,716.0,Москворецкий рынок,Чертаново Южное
1,3158068,1,254_3158068_8_208,696.0,724.0,Москворецкий рынок,Чертаново Южное
1,3158068,1,254_3158068_8_209,703.0,731.0,Москворецкий рынок,Чертаново Южное
1,3158068,1,254_3158068_8_210,709.0,737.0,Москворецкий рынок,Чертаново Южное
1,3158068,1,254_3158068_8_211,716.0,744.0,Москворецкий рынок,Чертаново Южное
1,3158068,1,254_3158068_8_212,723.0,751.0,Москворецкий рынок,Чертаново Южное
1,3158068,1,254_3158068_8_213,735.0,763.0,Москворецкий рынок,Чертаново Южное
1,3158068,1,254_3158068_8_214,740.0,768.0,Москворецкий рынок,Чертаново Южное
1,3158068,1,254_3158068_8_803,539.0,567.0,Москворецкий рынок,Чертаново Южное
1,3158068,1,254_3158068_8_804,555.0,583.0,Москворецкий рынок,Чертаново Южное
1,3158068,1,254_3158068_8_806,570.0,598.0,Москворецкий рынок,Чертаново Южное
7,3159496,0,867_3159496_10_203,1110.0,1182.0,Метро «Бульвар Рокоссовского»,Белорусский вокзал
7,3159496,0,867_3159496_11_206,1198.0,1270.0,Метро «Бульвар Рокоссовского»,Белорусский вокзал
7,3159496,0,867_3159496_11_207,1218.0,1289.0,Метро «Бульвар Рокоссовского»,Белорусский вокзал
7,3159496,0,867_3159496_11_210,1249.0,1318.0,Метро «Бульвар Рокоссовского»,Белорусский вокзал
7,3159496,0,867_3159496_11_212,1276.0,1345.0,Метро «Бульвар Рокоссовского»,Белорусский вокзал
7,3159496,0,867_3159496_11_214,1300.0,1369.0,Метро «Бульвар Рокоссовского»,Белорусский вокзал
7,3159496,0,867_3159496_11_215,1320.0,1389.0,Метро «Бульвар Рокоссовского»,Белорусский вокзал
7,3159496,0,867_3159496_11_216,1342.0,1411.0,Метро «Бульвар Рокоссовского»,Белорусский вокзал
7,3159496,0,867_3159496_11_217,1446.0,1511.0,Метро «Бульвар Рокоссовского»,Белорусский вокзал
7,3159496,0,867_3159496_11_218,1466.0,1531.0,Метро «Бульвар Рокоссовского»,Белорусский вокзал
7,3159496,0,867_3159496_1_206,370.0,436.0,Метро «Бульвар Рокоссовского»,Белорусский вокзал
7,3159496,0,867_3159496_1_207,380.0,446.0,Метро «Бульвар Рокоссовского»,Белорусский вокзал
7,3159496,0,867_3159496_1_208,390.0,456.0,Метро «Бульвар Рокоссовского»,Белорусский вокзал
7,3159496,0,867_3159496_1_209,400.0,469.0,Метро «Бульвар Рокоссовского»,Белорусский вокзал
7,3159496,0,867_3159496_1_210,410.0,480.0,Метро «Бульвар Рокоссовского»,Белорусский вокзал
7,3159496,0,867_3159496_1_211,420.0,492.0,Метро «Бульвар Рокоссовского»,Белорусский вокзал
7,3159496,0,867_3159496_1_212,430.0,502.0,Метро «Бульвар Рокоссовского»,Белорусский вокзал
7,3159496,0,867_3159496_1_213,450.0,522.0,Метро «Бульвар Рокоссовского»,Белорусский вокзал
7,3159496,0,867_3159496_1_214,470.0,542.0,Метро «Бульвар Рокоссовского»,Белорусский вокзал
7,3159496,0,867_3159496_1_215,490.0,562.0,Метро «Бульвар Рокоссовского»,Белорусский вокзал
7,3159496,0,867_3159496_1_216,510.0,582.0,Метро «Бульвар Рокоссовского»,Белорусский вокзал
7,3159496,0,867_3159496_1_217,627.0,699.0,Метро «Бульвар Рокоссовского»,Белорусский вокзал
7,3159496,0,867_3159496_1_218,647.0,719.0,Метро «Бульвар Рокоссовского»,Белорусский вокзал
7,3159496,0,867_3159496_1_219,667.0,739.0,Метро «Бульвар Рокоссовского»,Белорусский вокзал
7,3159496,0,867_3159496_1_220,688.0,760.0,Метро «Бульвар Рокоссовского»,Белорусский вокзал
7,3159496,0,867_3159496_1_801,300.0,365.0,Метро «Бульвар Рокоссовского»,Белорусский вокзал
7,3159496,0,867_3159496_1_802,320.0,385.0,Метро «Бульвар Рокоссовского»,Белорусский вокзал
7,3159496,0,867_3159496_1_804,340.0,405.0,Метро «Бульвар Рокоссовского»,Белорусский вокзал
7,3159496,0,867_3159496_1_805,360.0,425.0,Метро «Бульвар Рокоссовского»,Белорусский вокзал
7,3159496,0,867_3159496_2_203,440.0,512.0,Метро «Бульвар Рокоссовского»,Белорусский вокзал
7,3159496,0,867_3159496_3_206,531.0,603.0,Метро «Бульвар Рокоссовского»,Белорусский вокзал
7,3159496,0,867_3159496_3_207,543.0,615.0,Метро «Бульвар Рокоссовского»,Белорусский вокзал
7,3159496,0,867_3159496_3_208,554.0,626.0,Метро «Бульвар Рокоссовского»,Белорусский вокзал
7,3159496,0,867_3159496_3_209,565.0,637.0,Метро «Бульвар Рокоссовского»,Белорусский вокзал
7,3159496,0,867_3159496_3_210,576.0,648.0,Метро «Бульвар Рокоссовского»,Белорусский вокзал
7,3159496,0,867_3159496_3_211,587.0,659.0,Метро «Бульвар Рокоссовского»,Белорусский вокзал
7,3159496,0,867_3159496_3_212,597.0,669.0,Метро «Бульвар Рокоссовского»,Белорусский вокзал
7,3159496,0,867_3159496_3_213,617.0,689.0,Метро «Бульвар Рокоссовского»,Белорусский вокзал
7,3159496,0,867_3159496_3_214,637.0,709.0,Метро «Бульвар Рокоссовского»,Белорусский вокзал
7,3159496,0,867_3159496_3_215,657.0,729.0,Метро «Бульвар Рокоссовского»,Белорусский вокзал
7,3159496,0,867_3159496_3_216,677.0,749.0,Метро «Бульвар Рокоссовского»,Белорусский вокзал
7,3159496,0,867_3159496_3_217,793.0,865.0,Метро «Бульвар Рокоссовского»,Белорусский вокзал
7,3159496,0,867_3159496_3_218,813.0,885.0,Метро «Бульвар Рокоссовского»,Белорусский вокзал
7,3159496,0,867_3159496_3_219,833.0,905.0,Метро «Бульвар Рокоссовского»,Белорусский вокзал
7,3159496,0,867_3159496_3_220,854.0,926.0,Метро «Бульвар Рокоссовского»,Белорусский вокзал
7,3159496,0,867_3159496_3_801,459.0,531.0,Метро «Бульвар Рокоссовского»,Белорусский вокзал
7,3159496,0,867_3159496_3_802,480.0,552.0,Метро «Бульвар Рокоссовского»,Белорусский вокзал
7,3159496,0,867_3159496_3_804,499.0,571.0,Метро «Бульвар Рокоссовского»,Белорусский вокзал
7,3159496,0,867_3159496_3_805,521.0,593.0,Метро «Бульвар Рокоссовского»,Белорусский вокзал
7,3159496,0,867_3159496_4_203,607.0,679.0,Метро «Бульвар Рокоссовского»,Белорусский вокзал
7,3159496,0,867_3159496_5_206,699.0,771.0,Метро «Бульвар Рокоссовского»,Белорусский вокзал
7,3159496,0,867_3159496_5_207,710.0,782.0,Метро «Бульвар Рокоссовского»,Белорусский вокзал
7,3159496,0,867_3159496_5_208,721.0,793.0,Метро «Бульвар Рокоссовского»,Белорусский вокзал
7,3159496,0,867_3159496_5_209,732.0,804.0,Метро «Бульвар Рокоссовского»,Белорусский вокзал
7,3159496,0,867_3159496_5_210,742.0,814.0,Метро «Бульвар Рокоссовского»,Белорусский вокзал
7,3159496,0,867_3159496_5_211,754.0,826.0,Метро «Бульвар Рокоссовского»,Белорусский вокзал
7,3159496,0,867_3159496_5_212,763.0,835.0,Метро «Бульвар Рокоссовского»,Белорусский вокзал
7,3159496,0,867_3159496_5_213,783.0,855.0,Метро «Бульвар Рокоссовского»,Белорусский вокзал
7,3159496,0,867_3159496_5_214,803.0,875.0,Метро «Бульвар Рокоссовского»,Белорусский вокзал
7,3159496,0,867_3159496_5_215,824.0,896.0,Метро «Бульвар Рокоссовского»,Белорусский вокзал
7,3159496,0,867_3159496_5_216,843.0,915.0,Метро «Бульвар Рокоссовского»,Белорусский вокзал
7,3159496,0,867_3159496_5_217,961.0,1033.0,Метро «Бульвар Рокоссовского»,Белорусский вокзал
7,3159496,0,867_3159496_5_218,981.0,1053.0,Метро «Бульвар Рокоссовского»,Белорусский вокзал
7,3159496,0,867_3159496_5_219,1001.0,1073.0,Метро «Бульвар Рокоссовского»,Белорусский вокзал
7,3159496,0,867_3159496_5_220,1022.0,1094.0,Метро «Бульвар Рокоссовского»,Белорусский вокзал
7,3159496,0,867_3159496_5_801,1039.0,1111.0,Метро «Бульвар Рокоссовского»,Белорусский вокзал
7,3159496,0,867_3159496_5_802,1053.0,1125.0,Метро «Бульвар Рокоссовского»,Белорусский вокзал
7,3159496,0,867_3159496_5_804,1075.0,1147.0,Метро «Бульвар Рокоссовского»,Белорусский вокзал
7,3159496,0,867_3159496_5_805,1096.0,1168.0,Метро «Бульвар Рокоссовского»,Белорусский вокзал
7,3159496,0,867_3159496_6_203,773.0,845.0,Метро «Бульвар Рокоссовского»,Белорусский вокзал
7,3159496,0,867_3159496_7_206,866.0,938.0,Метро «Бульвар Рокоссовского»,Белорусский вокзал
7,3159496,0,867_3159496_7_207,877.0,949.0,Метро «Бульвар Рокоссовского»,Белорусский вокзал
7,3159496,0,867_3159496_7_208,888.0,960.0,Метро «Бульвар Рокоссовского»,Белорусский вокзал
7,3159496,0,867_3159496_7_209,899.0,971.0,Метро «Бульвар Рокоссовского»,Белорусский вокзал
7,3159496,0,867_3159496_7_210,910.0,982.0,Метро «Бульвар Рокоссовского»,Белорусский вокзал
7,3159496,0,867_3159496_7_211,921.0,993.0,Метро «Бульвар Рокоссовского»,Белорусский вокзал
7,3159496,0,867_3159496_7_212,931.0,1003.0,Метро «Бульвар Рокоссовского»,Белорусский вокзал
7,3159496,0,867_3159496_7_213,951.0,1023.0,Метро «Бульвар Рокоссовского»,Белорусский вокзал
7,3159496,0,867_3159496_7_214,971.0,1043.0,Метро «Бульвар Рокоссовского»,Белорусский вокзал
7,3159496,0,867_3159496_7_215,991.0,1063.0,Метро «Бульвар Рокоссовского»,Белорусский вокзал
7,3159496,0,867_3159496_7_216,1011.0,1083.0,Метро «Бульвар Рокоссовского»,Белорусский вокзал
7,3159496,0,867_3159496_7_217,1128.0,1200.0,Метро «Бульвар Рокоссовского»,Белорусский вокзал
7,3159496,0,867_3159496_7_218,1147.0,1219.0,Метро «Бульвар Рокоссовского»,Белорусский вокзал
7,3159496,0,867_3159496_7_219,1168.0,1240.0,Метро «Бульвар Рокоссовского»,Белорусский вокзал
7,3159496,0,867_3159496_7_220,1188.0,1260.0,Метро «Бульвар Рокоссовского»,Белорусский вокзал
7,3159496,0,867_3159496_7_801,1208.0,1279.0,Метро «Бульвар Рокоссовского»,Белорусский вокзал
7,3159496,0,867_3159496_7_802,1228.0,1299.0,Метро «Бульвар Рокоссовского»,Белорусский вокзал
7,3159496,0,867_3159496_7_804,1239.0,1309.0,Метро «Бульвар Рокоссовского»,Белорусский вокзал
7,3159496,0,867_3159496_7_805,1262.0,1331.0,Метро «Бульвар Рокоссовского»,Белорусский вокзал
7,3159496,0,867_3159496_8_203,941.0,1013.0,Метро «Бульвар Рокоссовского»,Белорусский вокзал
7,3159496,0,867_3159496_9_206,1031.0,1103.0,Метро «Бульвар Рокоссовского»,Белорусский вокзал
7,3159496,0,867_3159496_9_207,1046.0,1118.0,Метро «Бульвар Рокоссовского»,Белорусский вокзал
7,3159496,0,867_3159496_9_208,1060.0,1132.0,Метро «Бульвар Рокоссовского»,Белорусский вокзал
7,3159496,0,867_3159496_9_209,1067.0,1139.0,Метро «Бульвар Рокоссовского»,Белорусский вокзал
7,3159496,0,867_3159496_9_210,1082.0,1154.0,Метро «Бульвар Рокоссовского»,Белорусский вокзал
7,3159496,0,867_3159496_9_211,1089.0,1161.0,Метро «Бульвар Рокоссовского»,Белорусский вокзал
7,3159496,0,867_3159496_9_212,1103.0,1175.0,Метро «Бульвар Рокоссовского»,Белорусский вокзал
7,3159496,0,867_3159496_9_213,1119.0,1191.0,Метро «Бульвар Рокоссовского»,Белорусский вокзал
7,3159496,0,867_3159496_9_214,1138.0,1210.0,Метро «Бульвар Рокоссовского»,Белорусский вокзал
7,3159496,0,867_3159496_9_215,1158.0,1230.0,Метро «Бульвар Рокоссовского»,Белорусский вокзал
7,3159496,0,867_3159496_9_216,1178.0,1250.0,Метро «Бульвар Рокоссовского»,Белорусский вокзал
7,3159496,0,867_3159496_9_217,1290.0,1359.0,Метро «Бульвар Рокоссовского»,Белорусский вокзал
7,3159496,0,867_3159496_9_218,1310.0,1379.0,Метро «Бульвар Рокоссовского»,Белорусский вокзал
7,3159496,0,867_3159496_9_219,1330.0,1399.0,Метро «Бульвар Рокоссовского»,Белорусский вокзал
7,3159496,0,867_3159496_9_220,1354.0,1423.0,Метро «Бульвар Рокоссовского»,Белорусский вокзал
7,3159496,0,867_3159496_9_801,1370.0,1437.0,Метро «Бульвар Рокоссовского»,Белорусский вокзал
7,3159496,0,867_3159496_9_802,1391.0,1456.0,Метро «Бульвар Рокоссовского»,Белорусский вокзал
7,3159496,0,867_3159496_9_804,1408.0,1473.0,Метро «Бульвар Рокоссовского»,Белорусский вокзал
7,3159496,0,867_3159496_9_805,1426.0,1491.0,Метро «Бульвар Рокоссовского»,Белорусский вокзал
7,3159496,1,867_3159496_10_206,1107.0,1178.0,Белорусский вокзал,Метро «Бульвар Рокоссовского»
7,3159496,1,867_3159496_10_207,1123.0,1194.0,Белорусский вокзал,Метро «Бульвар Рокоссовского»
7,3159496,1,867_3159496_10_208,1137.0,1208.0,Белорусский вокзал,Метро «Бульвар Рокоссовского»
7,3159496,1,867_3159496_10_209,1143.0,1214.0,Белорусский вокзал,Метро «Бульвар Рокоссовского»
7,3159496,1,867_3159496_10_210,1158.0,1229.0,Белорусский вокзал,Метро «Бульвар Рокоссовского»
7,3159496,1,867_3159496_10_211,1165.0,1236.0,Белорусский вокзал,Метро «Бульвар Рокоссовского»
7,3159496,1,867_3159496_10_212,1179.0,1250.0,Белорусский вокзал,Метро «Бульвар Рокоссовского»
7,3159496,1,867_3159496_10_213,1194.0,1265.0,Белорусский вокзал,Метро «Бульвар Рокоссовского»
7,3159496,1,867_3159496_10_214,1215.0,1284.0,Белорусский вокзал,Метро «Бульвар Рокоссовского»
7,3159496,1,867_3159496_10_215,1234.0,1302.0,Белорусский вокзал,Метро «Бульвар Рокоссовского»
7,3159496,1,867_3159496_10_216,1253.0,1321.0,Белорусский вокзал,Метро «Бульвар Рокоссовского»
7,3159496,1,867_3159496_10_217,1363.0,1428.0,Белорусский вокзал,Метро «Бульвар Рокоссовского»
7,3159496,1,867_3159496_10_218,1383.0,1447.0,Белорусский вокзал,Метро «Бульвар Рокоссовского»
7,3159496,1,867_3159496_10_219,1403.0,1467.0,Белорусский вокзал,Метро «Бульвар Рокоссовского»
7,3159496,1,867_3159496_10_220,1427.0,1491.0,Белорусский вокзал,Метро «Бульвар Рокоссовского»
7,3159496,1,867_3159496_10_801,1440.0,1504.0,Белорусский вокзал,Метро «Бульвар Рокоссовского»
7,3159496,1,867_3159496_10_802,1461.0,1525.0,Белорусский вокзал,Метро «Бульвар Рокоссовского»
7,3159496,1,867_3159496_10_804,1478.0,1542.0,Белорусский вокзал,Метро «Бульвар Рокоссовского»
7,3159496,1,867_3159496_11_203,1186.0,1257.0,Белорусский вокзал,Метро «Бульвар Рокоссовского»
7,3159496,1,867_3159496_12_206,1273.0,1340.0,Белорусский вокзал,Метро «Бульвар Рокоссовского»
7,3159496,1,867_3159496_12_207,1294.0,1361.0,Белорусский вокзал,Метро «Бульвар Рокоссовского»
7,3159496,1,867_3159496_12_210,1324.0,1390.0,Белорусский вокзал,Метро «Бульвар Рокоссовского»
7,3159496,1,867_3159496_12_212,1350.0,1415.0,Белорусский вокзал,Метро «Бульвар Рокоссовского»
7,3159496,1,867_3159496_12_214,1373.0,1437.0,Белорусский вокзал,Метро «Бульвар Рокоссовского»
7,3159496,1,867_3159496_12_215,1393.0,1457.0,Белорусский вокзал,Метро «Бульвар Рокоссовского»
7,3159496,1,867_3159496_12_216,1415.0,1479.0,Белорусский вокзал,Метро «Бульвар Рокоссовского»
7,3159496,1,867_3159496_1_203,350.0,416.0,Белорусский вокзал,Метро «Бульвар Рокоссовского»
7,3159496,1,867_3159496_2_206,441.0,512.0,Белорусский вокзал,Метро «Бульвар Рокоссовского»
7,3159496,1,867_3159496_2_207,452.0,523.0,Белорусский вокзал,Метро «Бульвар Рокоссовского»
7,3159496,1,867_3159496_2_208,463.0,534.0,Белорусский вокзал,Метро «Бульвар Рокоссовского»
7,3159496,1,867_3159496_2_209,474.0,545.0,Белорусский вокзал,Метро «Бульвар Рокоссовского»
7,3159496,1,867_3159496_2_210,485.0,556.0,Белорусский вокзал,Метро «Бульвар Рокоссовского»
7,3159496,1,867_3159496_2_211,496.0,567.0,Белорусский вокзал,Метро «Бульвар Рокоссовского»
7,3159496,1,867_3159496_2_212,505.0,576.0,Белорусский вокзал,Метро «Бульвар Рокоссовского»
7,3159496,1,867_3159496_2_213,526.0,597.0,Белорусский вокзал,Метро «Бульвар Рокоссовского»
7,3159496,1,867_3159496_2_214,546.0,617.0,Белорусский вокзал,Метро «Бульвар Рокоссовского»
7,3159496,1,867_3159496_2_215,566.0,637.0,Белорусский вокзал,Метро «Бульвар Рокоссовского»
7,3159496,1,867_3159496_2_216,586.0,657.0,Белорусский вокзал,Метро «Бульвар Рокоссовского»
7,3159496,1,867_3159496_2_217,703.0,774.0,Белорусский вокзал,Метро «Бульвар Рокоссовского»
7,3159496,1,867_3159496_2_218,723.0,794.0,Белорусский вокзал,Метро «Бульвар Рокоссовского»
7,3159496,1,867_3159496_2_219,743.0,814.0,Белорусский вокзал,Метро «Бульвар Рокоссовского»
7,3159496,1,867_3159496_2_220,764.0,835.0,Белорусский вокзал,Метро «Бульвар Рокоссовского»
7,3159496,1,867_3159496_2_801,370.0,436.0,Белорусский вокзал,Метро «Бульвар Рокоссовского»
7,3159496,1,867_3159496_2_802,390.0,459.0,Белорусский вокзал,Метро «Бульвар Рокоссовского»
7,3159496,1,867_3159496_2_804,410.0,479.0,Белорусский вокзал,Метро «Бульвар Рокоссовского»
7,3159496,1,867_3159496_2_805,430.0,501.0,Белорусский вокзал,Метро «Бульвар Рокоссовского»
7,3159496,1,867_3159496_3_203,516.0,587.0,Белорусский вокзал,Метро «Бульвар Рокоссовского»
7,3159496,1,867_3159496_4_206,608.0,679.0,Белорусский вокзал,Метро «Бульвар Рокоссовского»
7,3159496,1,867_3159496_4_207,619.0,690.0,Белорусский вокзал,Метро «Бульвар Рокоссовского»
7,3159496,1,867_3159496_4_208,629.0,700.0,Белорусский вокзал,Метро «Бульвар Рокоссовского»
7,3159496,1,867_3159496_4_209,641.0,712.0,Белорусский вокзал,Метро «Бульвар Рокоссовского»
7,3159496,1,867_3159496_4_210,652.0,723.0,Белорусский вокзал,Метро «Бульвар Рокоссовского»
7,3159496,1,867_3159496_4_211,663.0,734.0,Белорусский вокзал,Метро «Бульвар Рокоссовского»
7,3159496,1,867_3159496_4_212,674.0,745.0,Белорусский вокзал,Метро «Бульвар Рокоссовского»
7,3159496,1,867_3159496_4_213,693.0,764.0,Белорусский вокзал,Метро «Бульвар Рокоссовского»
7,3159496,1,867_3159496_4_214,713.0,784.0,Белорусский вокзал,Метро «Бульвар Рокоссовского»
7,3159496,1,867_3159496_4_215,733.0,804.0,Белорусский вокзал,Метро «Бульвар Рокоссовского»
7,3159496,1,867_3159496_4_216,753.0,824.0,Белорусский вокзал,Метро «Бульвар Рокоссовского»
7,3159496,1,867_3159496_4_217,870.0,941.0,Белорусский вокзал,Метро «Бульвар Рокоссовского»
7,3159496,1,867_3159496_4_218,890.0,961.0,Белорусский вокзал,Метро «Бульвар Рокоссовского»
7,3159496,1,867_3159496_4_219,910.0,981.0,Белорусский вокзал,Метро «Бульвар Рокоссовского»
7,3159496,1,867_3159496_4_220,931.0,1002.0,Белорусский вокзал,Метро «Бульвар Рокоссовского»
7,3159496,1,867_3159496_4_801,536.0,607.0,Белорусский вокзал,Метро «Бульвар Рокоссовского»
7,3159496,1,867_3159496_4_802,556.0,627.0,Белорусский вокзал,Метро «Бульвар Рокоссовского»
7,3159496,1,867_3159496_4_804,576.0,647.0,Белорусский вокзал,Метро «Бульвар Рокоссовского»
7,3159496,1,867_3159496_4_805,596.0,667.0,Белорусский вокзал,Метро «Бульвар Рокоссовского»
7,3159496,1,867_3159496_5_203,683.0,754.0,Белорусский вокзал,Метро «Бульвар Рокоссовского»
7,3159496,1,867_3159496_6_206,775.0,846.0,Белорусский вокзал,Метро «Бульвар Рокоссовского»
7,3159496,1,867_3159496_6_207,786.0,857.0,Белорусский вокзал,Метро «Бульвар Рокоссовского»
7,3159496,1,867_3159496_6_208,796.0,867.0,Белорусский вокзал,Метро «Бульвар Рокоссовского»
7,3159496,1,867_3159496_6_209,808.0,879.0,Белорусский вокзал,Метро «Бульвар Рокоссовского»
7,3159496,1,867_3159496_6_210,818.0,889.0,Белорусский вокзал,Метро «Бульвар Рокоссовского»
7,3159496,1,867_3159496_6_211,830.0,901.0,Белорусский вокзал,Метро «Бульвар Рокоссовского»
7,3159496,1,867_3159496_6_212,840.0,911.0,Белорусский вокзал,Метро «Бульвар Рокоссовского»
7,3159496,1,867_3159496_6_213,860.0,931.0,Белорусский вокзал,Метро «Бульвар Рокоссовского»
7,3159496,1,867_3159496_6_214,880.0,951.0,Белорусский вокзал,Метро «Бульвар Рокоссовского»
7,3159496,1,867_3159496_6_215,900.0,971.0,Белорусский вокзал,Метро «Бульвар Рокоссовского»
7,3159496,1,867_3159496_6_216,920.0,991.0,Белорусский вокзал,Метро «Бульвар Рокоссовского»
7,3159496,1,867_3159496_6_217,1037.0,1108.0,Белорусский вокзал,Метро «Бульвар Рокоссовского»
7,3159496,1,867_3159496_6_218,1057.0,1128.0,Белорусский вокзал,Метро «Бульвар Рокоссовского»
7,3159496,1,867_3159496_6_219,1077.0,1148.0,Белорусский вокзал,Метро «Бульвар Рокоссовского»
7,3159496,1,867_3159496_6_220,1097.0,1168.0,Белорусский вокзал,Метро «Бульвар Рокоссовского»
7,3159496,1,867_3159496_6_801,1116.0,1187.0,Белорусский вокзал,Метро «Бульвар Рокоссовского»
7,3159496,1,867_3159496_6_802,1129.0,1200.0,Белорусский вокзал,Метро «Бульвар Рокоссовского»
7,3159496,1,867_3159496_6_804,1151.0,1222.0,Белорусский вокзал,Метро «Бульвар Рокоссовского»
7,3159496,1,867_3159496_6_805,1172.0,1243.0,Белорусский вокзал,Метро «Бульвар Рокоссовского»
7,3159496,1,867_3159496_7_203,850.0,921.0,Белорусский вокзал,Метро «Бульвар Рокоссовского»
7,3159496,1,867_3159496_8_206,942.0,1013.0,Белорусский вокзал,Метро «Бульвар Рокоссовского»
7,3159496,1,867_3159496_8_207,953.0,1024.0,Белорусский вокзал,Метро «Бульвар Рокоссовского»
7,3159496,1,867_3159496_8_208,964.0,1035.0,Белорусский вокзал,Метро «Бульвар Рокоссовского»
7,3159496,1,867_3159496_8_209,975.0,1046.0,Белорусский вокзал,Метро «Бульвар Рокоссовского»
7,3159496,1,867_3159496_8_210,986.0,1057.0,Белорусский вокзал,Метро «Бульвар Рокоссовского»
7,3159496,1,867_3159496_8_211,997.0,1068.0,Белорусский вокзал,Метро «Бульвар Рокоссовского»
7,3159496,1,867_3159496_8_212,1008.0,1079.0,Белорусский вокзал,Метро «Бульвар Рокоссовского»
7,3159496,1,867_3159496_8_213,1027.0,1098.0,Белорусский вокзал,Метро «Бульвар Рокоссовского»
7,3159496,1,867_3159496_8_214,1047.0,1118.0,Белорусский вокзал,Метро «Бульвар Рокоссовского»
7,3159496,1,867_3159496_8_215,1067.0,1138.0,Белорусский вокзал,Метро «Бульвар Рокоссовского»
7,3159496,1,867_3159496_8_216,1086.0,1157.0,Белорусский вокзал,Метро «Бульвар Рокоссовского»
7,3159496,1,867_3159496_8_217,1204.0,1275.0,Белорусский вокзал,Метро «Бульвар Рокоссовского»
7,3159496,1,867_3159496_8_218,1224.0,1292.0,Белорусский вокзал,Метро «Бульвар Рокоссовского»
7,3159496,1,867_3159496_8_219,1244.0,1312.0,Белорусский вокзал,Метро «Бульвар Рокоссовского»
7,3159496,1,867_3159496_8_220,1264.0,1331.0,Белорусский вокзал,Метро «Бульвар Рокоссовского»
7,3159496,1,867_3159496_8_801,1284.0,1351.0,Белорусский вокзал,Метро «Бульвар Рокоссовского»
7,3159496,1,867_3159496_8_802,1305.0,1372.0,Белорусский вокзал,Метро «Бульвар Рокоссовского»
7,3159496,1,867_3159496_8_804,1314.0,1381.0,Белорусский вокзал,Метро «Бульвар Рокоссовского»
7,3159496,1,867_3159496_8_805,1336.0,1402.0,Белорусский вокзал,Метро «Бульвар Рокоссовского»
7,3159496,1,867_3159496_9_203,1017.0,1088.0,Белорусский вокзал,Метро «Бульвар Рокоссовского»
7,3160658,0,867_3160658_11_201,1148.0,1222.0,Метро «Бульвар Рокоссовского»,Белорусский вокзал
7,3160658,0,867_3160658_11_202,1178.0,1252.0,Метро «Бульвар Рокоссовского»,Белорусский вокзал
7,3160658,0,867_3160658_11_203,1197.0,1270.0,Метро «Бульвар Рокоссовского»,Белорусский вокзал
7,3160658,0,867_3160658_11_204,1216.0,1289.0,Метро «Бульвар Рокоссовского»,Белорусский вокзал
7,3160658,0,867_3160658_11_205,1237.0,1310.0,Метро «Бульвар Рокоссовского»,Белорусский вокзал
7,3160658,0,867_3160658_11_206,1257.0,1330.0,Метро «Бульвар Рокоссовского»,Белорусский вокзал
7,3160658,0,867_3160658_11_207,1269.0,1342.0,Метро «Бульвар Рокоссовского»,Белорусский вокзал
7,3160658,0,867_3160658_11_208,1309.0,1382.0,Метро «Бульвар Рокоссовского»,Белорусский вокзал
7,3160658,0,867_3160658_11_209,1247.0,1320.0,Метро «Бульвар Рокоссовского»,Белорусский вокзал
7,3160658,0,867_3160658_11_210,1278.0,1351.0,Метро «Бульвар Рокоссовского»,Белорусский вокзал
7,3160658,0,867_3160658_11_211,1330.0,1400.0,Метро «Бульвар Рокоссовского»,Белорусский вокзал
7,3160658,0,867_3160658_11_212,1351.0,1419.0,Метро «Бульвар Рокоссовского»,Белорусский вокзал
7,3160658,0,867_3160658_11_213,1288.0,1361.0,Метро «Бульвар Рокоссовского»,Белорусский вокзал
7,3160658,0,867_3160658_11_214,1375.0,1441.0,Метро «Бульвар Рокоссовского»,Белорусский вокзал
7,3160658,0,867_3160658_11_215,1319.0,1390.0,Метро «Бульвар Рокоссовского»,Белорусский вокзал
7,3160658,0,867_3160658_11_216,1400.0,1465.0,Метро «Бульвар Рокоссовского»,Белорусский вокзал
7,3160658,0,867_3160658_11_217,1450.0,1515.0,Метро «Бульвар Рокоссовского»,Белорусский вокзал
7,3160658,0,867_3160658_13_207,1425.0,1490.0,Метро «Бульвар Рокоссовского»,Белорусский вокзал
7,3160658,0,867_3160658_1_201,314.0,383.0,Метро «Бульвар Рокоссовского»,Белорусский вокзал
7,3160658,0,867_3160658_1_202,335.0,404.0,Метро «Бульвар Рокоссовского»,Белорусский вокзал
7,3160658,0,867_3160658_1_203,355.0,424.0,Метро «Бульвар Рокоссовского»,Белорусский вокзал
7,3160658,0,867_3160658_1_204,376.0,445.0,Метро «Бульвар Рокоссовского»,Белорусский вокзал
7,3160658,0,867_3160658_1_205,395.0,464.0,Метро «Бульвар Рокоссовского»,Белорусский вокзал
7,3160658,0,867_3160658_1_206,415.0,484.0,Метро «Бульвар Рокоссовского»,Белорусский вокзал
7,3160658,0,867_3160658_1_207,435.0,506.0,Метро «Бульвар Рокоссовского»,Белорусский вокзал
7,3160658,0,867_3160658_1_208,456.0,524.0,Метро «Бульвар Рокоссовского»,Белорусский вокзал
7,3160658,0,867_3160658_1_211,475.0,544.0,Метро «Бульвар Рокоссовского»,Белорусский вокзал
7,3160658,0,867_3160658_1_212,495.0,566.0,Метро «Бульвар Рокоссовского»,Белорусский вокзал
7,3160658,0,867_3160658_1_214,516.0,587.0,Метро «Бульвар Рокоссовского»,Белорусский вокзал
7,3160658,0,867_3160658_1_216,537.0,608.0,Метро «Бульвар Рокоссовского»,Белорусский вокзал
7,3160658,0,867_3160658_1_217,607.0,678.0,Метро «Бульвар Рокоссовского»,Белорусский вокзал
7,3160658,0,867_3160658_3_201,485.0,556.0,Метро «Бульвар Рокоссовского»,Белорусский вокзал
7,3160658,0,867_3160658_3_202,506.0,577.0,Метро «Бульвар Рокоссовского»,Белорусский вокзал
7,3160658,0,867_3160658_3_203,526.0,597.0,Метро «Бульвар Рокоссовского»,Белорусский вокзал
7,3160658,0,867_3160658_3_204,546.0,617.0,Метро «Бульвар Рокоссовского»,Белорусский вокзал
7,3160658,0,867_3160658_3_205,567.0,638.0,Метро «Бульвар Рокоссовского»,Белорусский вокзал
7,3160658,0,867_3160658_3_206,589.0,660.0,Метро «Бульвар Рокоссовского»,Белорусский вокзал
7,3160658,0,867_3160658_3_207,617.0,688.0,Метро «Бульвар Рокоссовского»,Белорусский вокзал
7,3160658,0,867_3160658_3_208,636.0,707.0,Метро «Бульвар Рокоссовского»,Белорусский вокзал
7,3160658,0,867_3160658_3_209,557.0,628.0,Метро «Бульвар Рокоссовского»,Белорусский вокзал
7,3160658,0,867_3160658_3_210,579.0,650.0,Метро «Бульвар Рокоссовского»,Белорусский вокзал
7,3160658,0,867_3160658_3_211,657.0,729.0,Метро «Бульвар Рокоссовского»,Белорусский вокзал
7,3160658,0,867_3160658_3_212,674.0,745.0,Метро «Бульвар Рокоссовского»,Белорусский вокзал
7,3160658,0,867_3160658_3_213,598.0,669.0,Метро «Бульвар Рокоссовского»,Белорусский вокзал
7,3160658,0,867_3160658_3_214,692.0,766.0,Метро «Бульвар Рокоссовского»,Белорусский вокзал
7,3160658,0,867_3160658_3_215,626.0,697.0,Метро «Бульвар Рокоссовского»,Белорусский вокзал
7,3160658,0,867_3160658_3_216,712.0,786.0,Метро «Бульвар Рокоссовского»,Белорусский вокзал
7,3160658,0,867_3160658_3_217,763.0,837.0,Метро «Бульвар Рокоссовского»,Белорусский вокзал
7,3160658,0,867_3160658_5_201,646.0,717.0,Метро «Бульвар Рокоссовского»,Белорусский вокзал
7,3160658,0,867_3160658_5_202,666.0,737.0,Метро «Бульвар Рокоссовского»,Белорусский вокзал
7,3160658,0,867_3160658_5_203,683.0,757.0,Метро «Бульвар Рокоссовского»,Белорусский вокзал
7,3160658,0,867_3160658_5_204,702.0,776.0,Метро «Бульвар Рокоссовского»,Белорусский вокзал
7,3160658,0,867_3160658_5_205,723.0,797.0,Метро «Бульвар Рокоссовского»,Белорусский вокзал
7,3160658,0,867_3160658_5_206,743.0,817.0,Метро «Бульвар Рокоссовского»,Белорусский вокзал
7,3160658,0,867_3160658_5_207,773.0,847.0,Метро «Бульвар Рокоссовского»,Белорусский вокзал
7,3160658,0,867_3160658_5_208,792.0,866.0,Метро «Бульвар Рокоссовского»,Белорусский вокзал
7,3160658,0,867_3160658_5_209,732.0,806.0,Метро «Бульвар Рокоссовского»,Белорусский вокзал
7,3160658,0,867_3160658_5_210,754.0,828.0,Метро «Бульвар Рокоссовского»,Белорусский вокзал
7,3160658,0,867_3160658_5_211,822.0,896.0,Метро «Бульвар Рокоссовского»,Белорусский вокзал
7,3160658,0,867_3160658_5_212,841.0,915.0,Метро «Бульвар Рокоссовского»,Белорусский вокзал
7,3160658,0,867_3160658_5_213,782.0,856.0,Метро «Бульвар Рокоссовского»,Белорусский вокзал
7,3160658,0,867_3160658_5_214,859.0,933.0,Метро «Бульвар Рокоссовского»,Белорусский вокзал
7,3160658,0,867_3160658_5_215,813.0,887.0,Метро «Бульвар Рокоссовского»,Белорусский вокзал
7,3160658,0,867_3160658_5_216,878.0,952.0,Метро «Бульвар Рокоссовского»,Белорусский вокзал
7,3160658,0,867_3160658_5_217,949.0,1023.0,Метро «Бульвар Рокоссовского»,Белорусский вокзал
7,3160658,0,867_3160658_7_201,802.0,876.0,Метро «Бульвар Рокоссовского»,Белорусский вокзал
7,3160658,0,867_3160658_7_202,831.0,905.0,Метро «Бульвар Рокоссовского»,Белорусский вокзал
7,3160658,0,867_3160658_7_203,850.0,924.0,Метро «Бульвар Рокоссовского»,Белорусский вокзал
7,3160658,0,867_3160658_7_204,868.0,942.0,Метро «Бульвар Рокоссовского»,Белорусский вокзал
7,3160658,0,867_3160658_7_205,888.0,962.0,Метро «Бульвар Рокоссовского»,Белорусский вокзал
7,3160658,0,867_3160658_7_206,906.0,980.0,Метро «Бульвар Рокоссовского»,Белорусский вокзал
7,3160658,0,867_3160658_7_207,929.0,1003.0,Метро «Бульвар Рокоссовского»,Белорусский вокзал
7,3160658,0,867_3160658_7_208,960.0,1034.0,Метро «Бульвар Рокоссовского»,Белорусский вокзал
7,3160658,0,867_3160658_7_209,897.0,971.0,Метро «Бульвар Рокоссовского»,Белорусский вокзал
7,3160658,0,867_3160658_7_210,917.0,991.0,Метро «Бульвар Рокоссовского»,Белорусский вокзал
7,3160658,0,867_3160658_7_211,980.0,1054.0,Метро «Бульвар Рокоссовского»,Белорусский вокзал
7,3160658,0,867_3160658_7_212,1000.0,1074.0,Метро «Бульвар Рокоссовского»,Белорусский вокзал
7,3160658,0,867_3160658_7_213,939.0,1013.0,Метро «Бульвар Рокоссовского»,Белорусский вокзал
7,3160658,0,867_3160658_7_214,1024.0,1098.0,Метро «Бульвар Рокоссовского»,Белорусский вокзал
7,3160658,0,867_3160658_7_215,970.0,1044.0,Метро «Бульвар Рокоссовского»,Белорусский вокзал
7,3160658,0,867_3160658_7_216,1044.0,1118.0,Метро «Бульвар Рокоссовского»,Белорусский вокзал
7,3160658,0,867_3160658_7_217,1117.0,1191.0,Метро «Бульвар Рокоссовского»,Белорусский вокзал
7,3160658,0,867_3160658_9_201,990.0,1064.0,Метро «Бульвар Рокоссовского»,Белорусский вокзал
7,3160658,0,867_3160658_9_202,1012.0,1086.0,Метро «Бульвар Рокоссовского»,Белорусский вокзал
7,3160658,0,867_3160658_9_203,1034.0,1108.0,Метро «Бульвар Рокоссовского»,Белорусский вокзал
7,3160658,0,867_3160658_9_204,1053.0,1127.0,Метро «Бульвар Рокоссовского»,Белорусский вокзал
7,3160658,0,867_3160658_9_205,1072.0,1146.0,Метро «Бульвар Рокоссовского»,Белорусский вокзал
7,3160658,0,867_3160658_9_206,1096.0,1170.0,Метро «Бульвар Рокоссовского»,Белорусский вокзал
7,3160658,0,867_3160658_9_207,1107.0,1181.0,Метро «Бульвар Рокоссовского»,Белорусский вокзал
7,3160658,0,867_3160658_9_208,1138.0,1212.0,Метро «Бульвар Рокоссовского»,Белорусский вокзал
7,3160658,0,867_3160658_9_209,1062.0,1136.0,Метро «Бульвар Рокоссовского»,Белорусский вокзал
7,3160658,0,867_3160658_9_210,1083.0,1157.0,Метро «Бульвар Рокоссовского»,Белорусский вокзал
7,3160658,0,867_3160658_9_211,1168.0,1242.0,Метро «Бульвар Рокоссовского»,Белорусский вокзал
7,3160658,0,867_3160658_9_212,1188.0,1262.0,Метро «Бульвар Рокоссовского»,Белорусский вокзал
7,3160658,0,867_3160658_9_213,1127.0,1201.0,Метро «Бульвар Рокоссовского»,Белорусский вокзал
7,3160658,0,867_3160658_9_214,1206.0,1279.0,Метро «Бульвар Рокоссовского»,Белорусский вокзал
7,3160658,0,867_3160658_9_215,1158.0,1232.0,Метро «Бульвар Рокоссовского»,Белорусский вокзал
7,3160658,0,867_3160658_9_216,1226.0,1299.0,Метро «Бульвар Рокоссовского»,Белорусский вокзал
7,3160658,0,867_3160658_9_217,1298.0,1371.0,Метро «Бульвар Рокоссовского»,Белорусский вокзал
7,3160658,1,867_3160658_10_201,1068.0,1139.0,Белорусский вокзал,Метро «Бульвар Рокоссовского»
7,3160658,1,867_3160658_10_202,1089.0,1160.0,Белорусский вокзал,Метро «Бульвар Рокоссовского»
7,3160658,1,867_3160658_10_203,1111.0,1182.0,Белорусский вокзал,Метро «Бульвар Рокоссовского»
7,3160658,1,867_3160658_10_204,1131.0,1202.0,Белорусский вокзал,Метро «Бульвар Рокоссовского»
7,3160658,1,867_3160658_10_205,1149.0,1219.0,Белорусский вокзал,Метро «Бульвар Рокоссовского»
7,3160658,1,867_3160658_10_206,1174.0,1244.0,Белорусский вокзал,Метро «Бульвар Рокоссовского»
7,3160658,1,867_3160658_10_207,1184.0,1254.0,Белорусский вокзал,Метро «Бульвар Рокоссовского»
7,3160658,1,867_3160658_10_208,1215.0,1285.0,Белорусский вокзал,Метро «Бульвар Рокоссовского»
7,3160658,1,867_3160658_10_209,1140.0,1210.0,Белорусский вокзал,Метро «Бульвар Рокоссовского»
7,3160658,1,867_3160658_10_210,1161.0,1231.0,Белорусский вокзал,Метро «Бульвар Рокоссовского»
7,3160658,1,867_3160658_10_211,1245.0,1315.0,Белорусский вокзал,Метро «Бульвар Рокоссовского»
7,3160658,1,867_3160658_10_212,1265.0,1335.0,Белорусский вокзал,Метро «Бульвар Рокоссовского»
7,3160658,1,867_3160658_10_213,1204.0,1274.0,Белорусский вокзал,Метро «Бульвар Рокоссовского»
7,3160658,1,867_3160658_10_214,1285.0,1355.0,Белорусский вокзал,Метро «Бульвар Рокоссовского»
7,3160658,1,867_3160658_10_215,1236.0,1306.0,Белорусский вокзал,Метро «Бульвар Рокоссовского»
7,3160658,1,867_3160658_10_216,1304.0,1374.0,Белорусский вокзал,Метро «Бульвар Рокоссовского»
7,3160658,1,867_3160658_10_217,1379.0,1443.0,Белорусский вокзал,Метро «Бульвар Рокоссовского»
7,3160658,1,867_3160658_12_201,1225.0,1295.0,Белорусский вокзал,Метро «Бульвар Рокоссовского»
7,3160658,1,867_3160658_12_202,1255.0,1325.0,Белорусский вокзал,Метро «Бульвар Рокоссовского»
7,3160658,1,867_3160658_12_203,1275.0,1345.0,Белорусский вокзал,Метро «Бульвар Рокоссовского»
7,3160658,1,867_3160658_12_204,1295.0,1365.0,Белорусский вокзал,Метро «Бульвар Рокоссовского»
7,3160658,1,867_3160658_12_205,1315.0,1385.0,Белорусский вокзал,Метро «Бульвар Рокоссовского»
7,3160658,1,867_3160658_12_207,1345.0,1410.0,Белорусский вокзал,Метро «Бульвар Рокоссовского»
7,3160658,1,867_3160658_12_209,1327.0,1395.0,Белорусский вокзал,Метро «Бульвар Рокоссовского»
7,3160658,1,867_3160658_12_211,1411.0,1475.0,Белорусский вокзал,Метро «Бульвар Рокоссовского»
7,3160658,1,867_3160658_12_212,1427.0,1491.0,Белорусский вокзал,Метро «Бульвар Рокоссовского»
7,3160658,1,867_3160658_12_213,1363.0,1428.0,Белорусский вокзал,Метро «Бульвар Рокоссовского»
7,3160658,1,867_3160658_12_214,1445.0,1509.0,Белорусский вокзал,Метро «Бульвар Рокоссовского»
7,3160658,1,867_3160658_12_215,1395.0,1459.0,Белорусский вокзал,Метро «Бульвар Рокоссовского»
7,3160658,1,867_3160658_12_216,1469.0,1533.0,Белорусский вокзал,Метро «Бульвар Рокоссовского»
7,3160658,1,867_3160658_2_201,386.0,450.0,Белорусский вокзал,Метро «Бульвар Рокоссовского»
7,3160658,1,867_3160658_2_202,407.0,471.0,Белорусский вокзал,Метро «Бульвар Рокоссовского»
7,3160658,1,867_3160658_2_203,428.0,493.0,Белорусский вокзал,Метро «Бульвар Рокоссовского»
7,3160658,1,867_3160658_2_204,448.0,515.0,Белорусский вокзал,Метро «Бульвар Рокоссовского»
7,3160658,1,867_3160658_2_205,468.0,535.0,Белорусский вокзал,Метро «Бульвар Рокоссовского»
7,3160658,1,867_3160658_2_206,488.0,558.0,Белорусский вокзал,Метро «Бульвар Рокоссовского»
7,3160658,1,867_3160658_2_207,508.0,578.0,Белорусский вокзал,Метро «Бульвар Рокоссовского»
7,3160658,1,867_3160658_2_208,529.0,599.0,Белорусский вокзал,Метро «Бульвар Рокоссовского»
7,3160658,1,867_3160658_2_209,478.0,548.0,Белорусский вокзал,Метро «Бульвар Рокоссовского»
7,3160658,1,867_3160658_2_210,499.0,569.0,Белорусский вокзал,Метро «Бульвар Рокоссовского»
7,3160658,1,867_3160658_2_211,548.0,618.0,Белорусский вокзал,Метро «Бульвар Рокоссовского»
7,3160658,1,867_3160658_2_212,570.0,640.0,Белорусский вокзал,Метро «Бульвар Рокоссовского»
7,3160658,1,867_3160658_2_213,518.0,588.0,Белорусский вокзал,Метро «Бульвар Рокоссовского»
7,3160658,1,867_3160658_2_214,590.0,660.0,Белорусский вокзал,Метро «Бульвар Рокоссовского»
7,3160658,1,867_3160658_2_215,538.0,608.0,Белорусский вокзал,Метро «Бульвар Рокоссовского»
7,3160658,1,867_3160658_2_216,611.0,681.0,Белорусский вокзал,Метро «Бульвар Рокоссовского»
7,3160658,1,867_3160658_2_217,682.0,753.0,Белорусский вокзал,Метро «Бульвар Рокоссовского»
7,3160658,1,867_3160658_4_201,560.0,630.0,Белорусский вокзал,Метро «Бульвар Рокоссовского»
7,3160658,1,867_3160658_4_202,581.0,651.0,Белорусский вокзал,Метро «Бульвар Рокоссовского»
7,3160658,1,867_3160658_4_203,600.0,670.0,Белорусский вокзал,Метро «Бульвар Рокоссовского»
7,3160658,1,867_3160658_4_204,622.0,692.0,Белорусский вокзал,Метро «Бульвар Рокоссовского»
7,3160658,1,867_3160658_4_205,642.0,712.0,Белорусский вокзал,Метро «Бульвар Рокоссовского»
7,3160658,1,867_3160658_4_206,664.0,734.0,Белорусский вокзал,Метро «Бульвар Рокоссовского»
7,3160658,1,867_3160658_4_207,691.0,762.0,Белорусский вокзал,Метро «Бульвар Рокоссовского»
7,3160658,1,867_3160658_4_208,712.0,783.0,Белорусский вокзал,Метро «Бульвар Рокоссовского»
7,3160658,1,867_3160658_4_209,631.0,701.0,Белорусский вокзал,Метро «Бульвар Рокоссовского»
7,3160658,1,867_3160658_4_210,654.0,724.0,Белорусский вокзал,Метро «Бульвар Рокоссовского»
7,3160658,1,867_3160658_4_211,732.0,803.0,Белорусский вокзал,Метро «Бульвар Рокоссовского»
7,3160658,1,867_3160658_4_212,751.0,822.0,Белорусский вокзал,Метро «Бульвар Рокоссовского»
7,3160658,1,867_3160658_4_213,673.0,743.0,Белорусский вокзал,Метро «Бульвар Рокоссовского»
7,3160658,1,867_3160658_4_214,769.0,840.0,Белорусский вокзал,Метро «Бульвар Рокоссовского»
7,3160658,1,867_3160658_4_215,702.0,773.0,Белорусский вокзал,Метро «Бульвар Рокоссовского»
7,3160658,1,867_3160658_4_216,789.0,860.0,Белорусский вокзал,Метро «Бульвар Рокоссовского»
7,3160658,1,867_3160658_4_217,840.0,911.0,Белорусский вокзал,Метро «Бульвар Рокоссовского»
7,3160658,1,867_3160658_6_201,721.0,792.0,Белорусский вокзал,Метро «Бульвар Рокоссовского»
7,3160658,1,867_3160658_6_202,742.0,813.0,Белорусский вокзал,Метро «Бульвар Рокоссовского»
7,3160658,1,867_3160658_6_203,760.0,831.0,Белорусский вокзал,Метро «Бульвар Рокоссовского»
7,3160658,1,867_3160658_6_204,779.0,850.0,Белорусский вокзал,Метро «Бульвар Рокоссовского»
7,3160658,1,867_3160658_6_205,800.0,871.0,Белорусский вокзал,Метро «Бульвар Рокоссовского»
7,3160658,1,867_3160658_6_206,820.0,891.0,Белорусский вокзал,Метро «Бульвар Рокоссовского»
7,3160658,1,867_3160658_6_207,850.0,921.0,Белорусский вокзал,Метро «Бульвар Рокоссовского»
7,3160658,1,867_3160658_6_208,869.0,940.0,Белорусский вокзал,Метро «Бульвар Рокоссовского»
7,3160658,1,867_3160658_6_209,809.0,880.0,Белорусский вокзал,Метро «Бульвар Рокоссовского»
7,3160658,1,867_3160658_6_210,831.0,902.0,Белорусский вокзал,Метро «Бульвар Рокоссовского»
7,3160658,1,867_3160658_6_211,899.0,970.0,Белорусский вокзал,Метро «Бульвар Рокоссовского»
7,3160658,1,867_3160658_6_212,918.0,989.0,Белорусский вокзал,Метро «Бульвар Рокоссовского»
7,3160658,1,867_3160658_6_213,859.0,930.0,Белорусский вокзал,Метро «Бульвар Рокоссовского»
7,3160658,1,867_3160658_6_214,936.0,1007.0,Белорусский вокзал,Метро «Бульвар Рокоссовского»
7,3160658,1,867_3160658_6_215,890.0,961.0,Белорусский вокзал,Метро «Бульвар Рокоссовского»
7,3160658,1,867_3160658_6_216,955.0,1026.0,Белорусский вокзал,Метро «Бульвар Рокоссовского»
7,3160658,1,867_3160658_6_217,1027.0,1098.0,Белорусский вокзал,Метро «Бульвар Рокоссовского»
7,3160658,1,867_3160658_8_201,879.0,950.0,Белорусский вокзал,Метро «Бульвар Рокоссовского»
7,3160658,1,867_3160658_8_202,908.0,979.0,Белорусский вокзал,Метро «Бульвар Рокоссовского»
7,3160658,1,867_3160658_8_203,927.0,998.0,Белорусский вокзал,Метро «Бульвар Рокоссовского»
7,3160658,1,867_3160658_8_204,945.0,1016.0,Белорусский вокзал,Метро «Бульвар Рокоссовского»
7,3160658,1,867_3160658_8_205,965.0,1036.0,Белорусский вокзал,Метро «Бульвар Рокоссовского»
7,3160658,1,867_3160658_8_206,985.0,1056.0,Белорусский вокзал,Метро «Бульвар Рокоссовского»
7,3160658,1,867_3160658_8_207,1006.0,1077.0,Белорусский вокзал,Метро «Бульвар Рокоссовского»
7,3160658,1,867_3160658_8_208,1037.0,1108.0,Белорусский вокзал,Метро «Бульвар Рокоссовского»
7,3160658,1,867_3160658_8_209,975.0,1046.0,Белорусский вокзал,Метро «Бульвар Рокоссовского»
7,3160658,1,867_3160658_8_210,996.0,1067.0,Белорусский вокзал,Метро «Бульвар Рокоссовского»
7,3160658,1,867_3160658_8_211,1057.0,1128.0,Белорусский вокзал,Метро «Бульвар Рокоссовского»
7,3160658,1,867_3160658_8_212,1078.0,1149.0,Белорусский вокзал,Метро «Бульвар Рокоссовского»
7,3160658,1,867_3160658_8_213,1016.0,1087.0,Белорусский вокзал,Метро «Бульвар Рокоссовского»
7,3160658,1,867_3160658_8_214,1101.0,1172.0,Белорусский вокзал,Метро «Бульвар Рокоссовского»
7,3160658,1,867_3160658_8_215,1048.0,1119.0,Белорусский вокзал,Метро «Бульвар Рокоссовского»
7,3160658,1,867_3160658_8_216,1121.0,1192.0,Белорусский вокзал,Метро «Бульвар Рокоссовского»
7,3160658,1,867_3160658_8_217,1194.0,1264.0,Белорусский вокзал,Метро «Бульвар Рокоссовского»
11,3159499,0,210_3159499_10_202,1073.0,1138.0,Останкино,Восточное Измайлово
11,3159499,0,210_3159499_10_205,1104.0,1169.0,Останкино,Восточное Измайлово
11,3159499,0,210_3159499_10_208,1126.0,1191.0,Останкино,Восточное Измайлово
11,3159499,0,210_3159499_10_209,1140.0,1205.0,Останкино,Восточное Измайлово
11,3159499,0,210_3159499_10_212,1147.0,1212.0,Останкино,Восточное Измайлово
11,3159499,0,210_3159499_11_204,1118.0,1183.0,Останкино,Восточное Измайлово
11,3159499,0,210_3159499_11_210,1160.0,1225.0,Останкино,Восточное Измайлово
11,3159499,0,210_3159499_11_213,1174.0,1239.0,Останкино,Восточное Измайлово
11,3159499,0,210_3159499_11_214,1190.0,1255.0,Останкино,Восточное Измайлово
11,3159499,0,210_3159499_11_215,1196.0,1261.0,Останкино,Восточное Измайлово
11,3159499,0,210_3159499_11_216,1205.0,1270.0,Останкино,Восточное Измайлово
11,3159499,0,210_3159499_11_217,1223.0,1287.0,Останкино,Восточное Измайлово
11,3159499,0,210_3159499_11_218,1233.0,1295.0,Останкино,Восточное Измайлово
11,3159499,0,210_3159499_11_219,1243.0,1305.0,Останкино,Восточное Измайлово
11,3159499,0,210_3159499_11_220,1320.0,1382.0,Останкино,Восточное Измайлово
11,3159499,0,210_3159499_12_212,1296.0,1358.0,Останкино,Восточное Измайлово
11,3159499,0,210_3159499_13_215,1349.0,1408.0,Останкино,Восточное Измайлово
11,3159499,0,210_3159499_13_218,1379.0,1437.0,Останкино,Восточное Измайлово
11,3159499,0,210_3159499_13_219,1391.0,1449.0,Останкино,Восточное Измайлово
11,3159499,0,210_3159499_1_204,349.0,412.0,Останкино,Восточное Измайлово
11,3159499,0,210_3159499_1_210,389.0,453.0,Останкино,Восточное Измайлово
11,3159499,0,210_3159499_1_213,406.0,471.0,Останкино,Восточное Измайлово
11,3159499,0,210_3159499_1_214,413.0,478.0,Останкино,Восточное Измайлово
11,3159499,0,210_3159499_1_215,431.0,496.0,Останкино,Восточное Измайлово
11,3159499,0,210_3159499_1_216,446.0,511.0,Останкино,Восточное Измайлово
11,3159499,0,210_3159499_1_217,453.0,518.0,Останкино,Восточное Измайлово
11,3159499,0,210_3159499_1_218,470.0,535.0,Останкино,Восточное Измайлово
11,3159499,0,210_3159499_1_219,477.0,542.0,Останкино,Восточное Измайлово
11,3159499,0,210_3159499_1_220,552.0,617.0,Останкино,Восточное Измайлово
11,3159499,0,210_3159499_1_801,330.0,393.0,Останкино,Восточное Измайлово
11,3159499,0,210_3159499_1_807,370.0,433.0,Останкино,Восточное Измайлово
11,3159499,0,210_3159499_2_121,1153.0,1218.0,Останкино,Восточное Измайлово
11,3159499,0,210_3159499_2_202,461.0,526.0,Останкино,Восточное Измайлово
11,3159499,0,210_3159499_2_205,493.0,558.0,Останкино,Восточное Измайлово
11,3159499,0,210_3159499_2_208,511.0,576.0,Останкино,Восточное Измайлово
11,3159499,0,210_3159499_2_209,518.0,583.0,Останкино,Восточное Измайлово
11,3159499,0,210_3159499_2_212,533.0,598.0,Останкино,Восточное Измайлово
11,3159499,0,210_3159499_2_803,398.0,463.0,Останкино,Восточное Измайлово
11,3159499,0,210_3159499_2_806,422.0,487.0,Останкино,Восточное Измайлово
11,3159499,0,210_3159499_2_811,438.0,503.0,Останкино,Восточное Измайлово
11,3159499,0,210_3159499_3_204,502.0,567.0,Останкино,Восточное Измайлово
11,3159499,0,210_3159499_3_210,542.0,607.0,Останкино,Восточное Измайлово
11,3159499,0,210_3159499_3_213,561.0,626.0,Останкино,Восточное Измайлово
11,3159499,0,210_3159499_3_214,571.0,636.0,Останкино,Восточное Измайлово
11,3159499,0,210_3159499_3_215,583.0,648.0,Останкино,Восточное Измайлово
11,3159499,0,210_3159499_3_216,595.0,660.0,Останкино,Восточное Измайлово
11,3159499,0,210_3159499_3_217,604.0,669.0,Останкино,Восточное Измайлово
11,3159499,0,210_3159499_3_218,625.0,690.0,Останкино,Восточное Измайлово
11,3159499,0,210_3159499_3_219,635.0,700.0,Останкино,Восточное Измайлово
11,3159499,0,210_3159499_3_220,705.0,770.0,Останкино,Восточное Измайлово
11,3159499,0,210_3159499_3_801,485.0,550.0,Останкино,Восточное Измайлово
11,3159499,0,210_3159499_3_807,525.0,590.0,Останкино,Восточное Измайлово
11,3159499,0,210_3159499_4_121,1307.0,1369.0,Останкино,Восточное Измайлово
11,3159499,0,210_3159499_4_202,615.0,680.0,Останкино,Восточное Измайлово
11,3159499,0,210_3159499_4_205,645.0,710.0,Останкино,Восточное Измайлово
11,3159499,0,210_3159499_4_208,665.0,730.0,Останкино,Восточное Измайлово
11,3159499,0,210_3159499_4_209,674.0,739.0,Останкино,Восточное Измайлово
11,3159499,0,210_3159499_4_212,685.0,750.0,Останкино,Восточное Измайлово
11,3159499,0,210_3159499_5_204,655.0,720.0,Останкино,Восточное Измайлово
11,3159499,0,210_3159499_5_210,696.0,761.0,Останкино,Восточное Измайлово
11,3159499,0,210_3159499_5_213,716.0,781.0,Останкино,Восточное Измайлово
11,3159499,0,210_3159499_5_214,725.0,790.0,Останкино,Восточное Измайлово
11,3159499,0,210_3159499_5_215,735.0,800.0,Останкино,Восточное Измайлово
11,3159499,0,210_3159499_5_216,745.0,810.0,Останкино,Восточное Измайлово
11,3159499,0,210_3159499_5_217,757.0,822.0,Останкино,Восточное Измайлово
11,3159499,0,210_3159499_5_218,777.0,842.0,Останкино,Восточное Измайлово
11,3159499,0,210_3159499_5_219,787.0,852.0,Останкино,Восточное Измайлово
11,3159499,0,210_3159499_5_220,858.0,923.0,Останкино,Восточное Измайлово
11,3159499,0,210_3159499_5_801,1026.0,1091.0,Останкино,Восточное Измайлово
11,3159499,0,210_3159499_5_803,1098.0,1163.0,Останкино,Восточное Измайлово
11,3159499,0,210_3159499_5_806,1111.0,1176.0,Останкино,Восточное Измайлово
11,3159499,0,210_3159499_5_807,1059.0,1124.0,Останкино,Восточное Измайлово
11,3159499,0,210_3159499_5_811,1133.0,1198.0,Останкино,Восточное Измайлово
11,3159499,0,210_3159499_6_202,767.0,832.0,Останкино,Восточное Измайлово
11,3159499,0,210_3159499_6_205,797.0,862.0,Останкино,Восточное Измайлово
11,3159499,0,210_3159499_6_208,816.0,881.0,Останкино,Восточное Измайлово
11,3159499,0,210_3159499_6_209,827.0,892.0,Останкино,Восточное Измайлово
11,3159499,0,210_3159499_6_212,837.0,902.0,Останкино,Восточное Измайлово
11,3159499,0,210_3159499_7_204,807.0,872.0,Останкино,Восточное Измайлово
11,3159499,0,210_3159499_7_210,847.0,912.0,Останкино,Восточное Измайлово
11,3159499,0,210_3159499_7_213,868.0,933.0,Останкино,Восточное Измайлово
11,3159499,0,210_3159499_7_214,878.0,943.0,Останкино,Восточное Измайлово
11,3159499,0,210_3159499_7_215,887.0,952.0,Останкино,Восточное Измайлово
11,3159499,0,210_3159499_7_216,897.0,962.0,Останкино,Восточное Измайлово
11,3159499,0,210_3159499_7_217,909.0,974.0,Останкино,Восточное Измайлово
11,3159499,0,210_3159499_7_218,929.0,994.0,Останкино,Восточное Измайлово
11,3159499,0,210_3159499_7_219,939.0,1004.0,Останкино,Восточное Измайлово
11,3159499,0,210_3159499_7_220,1009.0,1074.0,Останкино,Восточное Измайлово
11,3159499,0,210_3159499_7_801,1181.0,1246.0,Останкино,Восточное Измайлово
11,3159499,0,210_3159499_7_803,1253.0,1315.0,Останкино,Восточное Измайлово
11,3159499,0,210_3159499_7_806,1267.0,1329.0,Останкино,Восточное Измайлово
11,3159499,0,210_3159499_7_807,1214.0,1278.0,Останкино,Восточное Измайлово
11,3159499,0,210_3159499_7_811,1282.0,1344.0,Останкино,Восточное Измайлово
11,3159499,0,210_3159499_8_202,919.0,984.0,Останкино,Восточное Измайлово
11,3159499,0,210_3159499_8_205,949.0,1014.0,Останкино,Восточное Измайлово
11,3159499,0,210_3159499_8_208,969.0,1034.0,Останкино,Восточное Измайлово
11,3159499,0,210_3159499_8_209,979.0,1044.0,Останкино,Восточное Измайлово
11,3159499,0,210_3159499_8_212,989.0,1054.0,Останкино,Восточное Измайлово
11,3159499,0,210_3159499_9_204,959.0,1024.0,Останкино,Восточное Измайлово
11,3159499,0,210_3159499_9_210,1001.0,1066.0,Останкино,Восточное Измайлово
11,3159499,0,210_3159499_9_213,1019.0,1084.0,Останкино,Восточное Измайлово
11,3159499,0,210_3159499_9_214,1034.0,1099.0,Останкино,Восточное Измайлово
11,3159499,0,210_3159499_9_215,1042.0,1107.0,Останкино,Восточное Измайлово
11,3159499,0,210_3159499_9_216,1050.0,1115.0,Останкино,Восточное Измайлово
11,3159499,0,210_3159499_9_217,1066.0,1131.0,Останкино,Восточное Измайлово
11,3159499,0,210_3159499_9_218,1082.0,1147.0,Останкино,Восточное Измайлово
11,3159499,0,210_3159499_9_219,1090.0,1155.0,Останкино,Восточное Измайлово
11,3159499,0,210_3159499_9_220,1166.0,1231.0,Останкино,Восточное Измайлово
11,3159499,0,210_3159499_9_801,1332.0,1392.0,Останкино,Восточное Измайлово
11,3159499,0,210_3159499_9_803,1405.0,1463.0,Останкино,Восточное Измайлово
11,3159499,0,210_3159499_9_806,1419.0,1477.0,Останкино,Восточное Измайлово
11,3159499,0,210_3159499_9_807,1364.0,1422.0,Останкино,Восточное Измайлово
11,3159499,0,210_3159499_9_811,1432.0,1490.0,Останкино,Восточное Измайлово
11,3159499,1,210_3159499_10_204,1043.0,1105.0,Восточное Измайлово,Останкино
11,3159499,1,210_3159499_10_210,1085.0,1147.0,Восточное Измайлово,Останкино
11,3159499,1,210_3159499_10_213,1099.0,1161.0,Восточное Измайлово,Останкино
11,3159499,1,210_3159499_10_214,1115.0,1177.0,Восточное Измайлово,Останкино
11,3159499,1,210_3159499_10_215,1122.0,1184.0,Восточное Измайлово,Останкино
11,3159499,1,210_3159499_10_216,1130.0,1192.0,Восточное Измайлово,Останкино
11,3159499,1,210_3159499_10_217,1148.0,1210.0,Восточное Измайлово,Останкино
11,3159499,1,210_3159499_10_218,1163.0,1225.0,Восточное Измайлово,Останкино
11,3159499,1,210_3159499_10_219,1172.0,1234.0,Восточное Измайлово,Останкино
11,3159499,1,210_3159499_10_220,1248.0,1307.0,Восточное Измайлово,Останкино
11,3159499,1,210_3159499_10_801,1408.0,1466.0,Восточное Измайлово,Останкино
11,3159499,1,210_3159499_10_807,1432.0,1490.0,Восточное Измайлово,Останкино
11,3159499,1,210_3159499_11_202,1154.0,1216.0,Восточное Измайлово,Останкино
11,3159499,1,210_3159499_11_205,1185.0,1247.0,Восточное Измайлово,Останкино
11,3159499,1,210_3159499_11_208,1207.0,1269.0,Восточное Измайлово,Останкино
11,3159499,1,210_3159499_11_209,1221.0,1281.0,Восточное Измайлово,Останкино
11,3159499,1,210_3159499_11_212,1229.0,1288.0,Восточное Измайлово,Останкино
11,3159499,1,210_3159499_12_204,1200.0,1262.0,Восточное Измайлово,Останкино
11,3159499,1,210_3159499_12_210,1241.0,1300.0,Восточное Измайлово,Останкино
11,3159499,1,210_3159499_12_213,1255.0,1314.0,Восточное Измайлово,Останкино
11,3159499,1,210_3159499_12_214,1270.0,1329.0,Восточное Измайлово,Останкино
11,3159499,1,210_3159499_12_215,1279.0,1338.0,Восточное Измайлово,Останкино
11,3159499,1,210_3159499_12_216,1287.0,1346.0,Восточное Измайлово,Останкино
11,3159499,1,210_3159499_12_217,1303.0,1362.0,Восточное Измайлово,Останкино
11,3159499,1,210_3159499_12_218,1311.0,1370.0,Восточное Измайлово,Останкино
11,3159499,1,210_3159499_12_219,1322.0,1381.0,Восточное Измайлово,Останкино
11,3159499,1,210_3159499_1_121,1079.0,1141.0,Восточное Измайлово,Останкино
11,3159499,1,210_3159499_1_202,391.0,451.0,Восточное Измайлово,Останкино
11,3159499,1,210_3159499_1_205,420.0,482.0,Восточное Измайлово,Останкино
11,3159499,1,210_3159499_1_208,435.0,497.0,Восточное Измайлово,Останкино
11,3159499,1,210_3159499_1_209,444.0,506.0,Восточное Измайлово,Останкино
11,3159499,1,210_3159499_1_212,460.0,522.0,Восточное Измайлово,Останкино
11,3159499,1,210_3159499_1_803,330.0,388.0,Восточное Измайлово,Останкино
11,3159499,1,210_3159499_1_806,351.0,409.0,Восточное Измайлово,Останкино
11,3159499,1,210_3159499_1_811,371.0,429.0,Восточное Измайлово,Останкино
11,3159499,1,210_3159499_2_204,427.0,489.0,Восточное Измайлово,Останкино
11,3159499,1,210_3159499_2_210,468.0,530.0,Восточное Измайлово,Останкино
11,3159499,1,210_3159499_2_213,486.0,548.0,Восточное Измайлово,Останкино
11,3159499,1,210_3159499_2_214,494.0,556.0,Восточное Измайлово,Останкино
11,3159499,1,210_3159499_2_215,511.0,573.0,Восточное Измайлово,Останкино
11,3159499,1,210_3159499_2_216,525.0,587.0,Восточное Измайлово,Останкино
11,3159499,1,210_3159499_2_217,534.0,596.0,Восточное Измайлово,Останкино
11,3159499,1,210_3159499_2_218,550.0,612.0,Восточное Измайлово,Останкино
11,3159499,1,210_3159499_2_219,559.0,621.0,Восточное Измайлово,Останкино
11,3159499,1,210_3159499_2_220,634.0,696.0,Восточное Измайлово,Останкино
11,3159499,1,210_3159499_2_801,411.0,471.0,Восточное Измайлово,Останкино
11,3159499,1,210_3159499_2_807,451.0,513.0,Восточное Измайлово,Останкино
11,3159499,1,210_3159499_3_121,1234.0,1293.0,Восточное Измайлово,Останкино
11,3159499,1,210_3159499_3_202,542.0,604.0,Восточное Измайлово,Останкино
11,3159499,1,210_3159499_3_205,575.0,637.0,Восточное Измайлово,Останкино
11,3159499,1,210_3159499_3_208,591.0,653.0,Восточное Измайлово,Останкино
11,3159499,1,210_3159499_3_209,599.0,661.0,Восточное Измайлово,Останкино
11,3159499,1,210_3159499_3_212,614.0,676.0,Восточное Измайлово,Останкино
11,3159499,1,210_3159499_3_803,477.0,539.0,Восточное Измайлово,Останкино
11,3159499,1,210_3159499_3_806,503.0,565.0,Восточное Измайлово,Останкино
11,3159499,1,210_3159499_3_811,518.0,580.0,Восточное Измайлово,Останкино
11,3159499,1,210_3159499_4_204,582.0,644.0,Восточное Измайлово,Останкино
11,3159499,1,210_3159499_4_210,624.0,686.0,Восточное Измайлово,Останкино
11,3159499,1,210_3159499_4_213,644.0,706.0,Восточное Измайлово,Останкино
11,3159499,1,210_3159499_4_214,654.0,716.0,Восточное Измайлово,Останкино
11,3159499,1,210_3159499_4_215,664.0,726.0,Восточное Измайлово,Останкино
11,3159499,1,210_3159499_4_216,675.0,737.0,Восточное Измайлово,Останкино
11,3159499,1,210_3159499_4_217,685.0,747.0,Восточное Измайлово,Останкино
11,3159499,1,210_3159499_4_218,705.0,767.0,Восточное Измайлово,Останкино
11,3159499,1,210_3159499_4_219,715.0,777.0,Восточное Измайлово,Останкино
11,3159499,1,210_3159499_4_220,786.0,848.0,Восточное Измайлово,Останкино
11,3159499,1,210_3159499_4_801,566.0,628.0,Восточное Измайлово,Останкино
11,3159499,1,210_3159499_4_803,1025.0,1087.0,Восточное Измайлово,Останкино
11,3159499,1,210_3159499_4_806,1038.0,1100.0,Восточное Измайлово,Останкино
11,3159499,1,210_3159499_4_807,606.0,668.0,Восточное Измайлово,Останкино
11,3159499,1,210_3159499_4_811,1057.0,1119.0,Восточное Измайлово,Останкино
11,3159499,1,210_3159499_5_121,1386.0,1444.0,Восточное Измайлово,Останкино
11,3159499,1,210_3159499_5_202,695.0,757.0,Восточное Измайлово,Останкино
11,3159499,1,210_3159499_5_205,725.0,787.0,Восточное Измайлово,Останкино
11,3159499,1,210_3159499_5_208,745.0,807.0,Восточное Измайлово,Останкино
11,3159499,1,210_3159499_5_209,756.0,818.0,Восточное Измайлово,Останкино
11,3159499,1,210_3159499_5_212,766.0,828.0,Восточное Измайлово,Останкино
11,3159499,1,210_3159499_6_204,735.0,797.0,Восточное Измайлово,Останкино
11,3159499,1,210_3159499_6_210,776.0,838.0,Восточное Измайлово,Останкино
11,3159499,1,210_3159499_6_213,796.0,858.0,Восточное Измайлово,Останкино
11,3159499,1,210_3159499_6_214,805.0,867.0,Восточное Измайлово,Останкино
11,3159499,1,210_3159499_6_215,816.0,878.0,Восточное Измайлово,Останкино
11,3159499,1,210_3159499_6_216,826.0,888.0,Восточное Измайлово,Останкино
11,3159499,1,210_3159499_6_217,838.0,900.0,Восточное Измайлово,Останкино
11,3159499,1,210_3159499_6_218,858.0,920.0,Восточное Измайлово,Останкино
11,3159499,1,210_3159499_6_219,867.0,929.0,Восточное Измайлово,Останкино
11,3159499,1,210_3159499_6_220,937.0,999.0,Восточное Измайлово,Останкино
11,3159499,1,210_3159499_6_801,1106.0,1168.0,Восточное Измайлово,Останкино
11,3159499,1,210_3159499_6_803,1179.0,1241.0,Восточное Измайлово,Останкино
11,3159499,1,210_3159499_6_806,1192.0,1254.0,Восточное Измайлово,Останкино
11,3159499,1,210_3159499_6_807,1140.0,1202.0,Восточное Измайлово,Останкино
11,3159499,1,210_3159499_6_811,1214.0,1276.0,Восточное Измайлово,Останкино
11,3159499,1,210_3159499_7_202,848.0,910.0,Восточное Измайлово,Останкино
11,3159499,1,210_3159499_7_205,877.0,939.0,Восточное Измайлово,Останкино
11,3159499,1,210_3159499_7_208,896.0,958.0,Восточное Измайлово,Останкино
11,3159499,1,210_3159499_7_209,906.0,968.0,Восточное Измайлово,Останкино
11,3159499,1,210_3159499_7_212,916.0,978.0,Восточное Измайлово,Останкино
11,3159499,1,210_3159499_8_204,887.0,949.0,Восточное Измайлово,Останкино
11,3159499,1,210_3159499_8_210,926.0,988.0,Восточное Измайлово,Останкино
11,3159499,1,210_3159499_8_213,949.0,1011.0,Восточное Измайлово,Останкино
11,3159499,1,210_3159499_8_214,959.0,1021.0,Восточное Измайлово,Останкино
11,3159499,1,210_3159499_8_215,968.0,1030.0,Восточное Измайлово,Останкино
11,3159499,1,210_3159499_8_216,978.0,1040.0,Восточное Измайлово,Останкино
11,3159499,1,210_3159499_8_217,988.0,1050.0,Восточное Измайлово,Останкино
11,3159499,1,210_3159499_8_218,1010.0,1072.0,Восточное Измайлово,Останкино
11,3159499,1,210_3159499_8_219,1019.0,1081.0,Восточное Измайлово,Останкино
11,3159499,1,210_3159499_8_220,1093.0,1155.0,Восточное Измайлово,Останкино
11,3159499,1,210_3159499_8_801,1262.0,1321.0,Восточное Измайлово,Останкино
11,3159499,1,210_3159499_8_803,1333.0,1393.0,Восточное Измайлово,Останкино
11,3159499,1,210_3159499_8_806,1348.0,1408.0,Восточное Измайлово,Останкино
11,3159499,1,210_3159499_8_807,1295.0,1354.0,Восточное Измайлово,Останкино
11,3159499,1,210_3159499_8_811,1363.0,1423.0,Восточное Измайлово,Останкино
11,3159499,1,210_3159499_9_202,1000.0,1062.0,Восточное Измайлово,Останкино
11,3159499,1,210_3159499_9_205,1032.0,1094.0,Восточное Измайлово,Останкино
11,3159499,1,210_3159499_9_208,1050.0,1112.0,Восточное Измайлово,Останкино
11,3159499,1,210_3159499_9_209,1065.0,1127.0,Восточное Измайлово,Останкино
11,3159499,1,210_3159499_9_212,1072.0,1134.0,Восточное Измайлово,Останкино
11,3162601,0,210_3162601_11_201,987.0,1053.0,Останкино,Восточное Измайлово
11,3162601,0,210_3162601_11_202,1011.0,1077.0,Останкино,Восточное Измайлово
11,3162601,0,210_3162601_11_203,1111.0,1177.0,Останкино,Восточное Измайлово
11,3162601,0,210_3162601_11_204,1088.0,1154.0,Останкино,Восточное Измайлово
11,3162601,0,210_3162601_11_208,1179.0,1244.0,Останкино,Восточное Измайлово
11,3162601,0,210_3162601_11_209,1203.0,1268.0,Останкино,Восточное Измайлово
11,3162601,0,210_3162601_11_210,1227.0,1292.0,Останкино,Восточное Измайлово
11,3162601,0,210_3162601_11_211,1271.0,1336.0,Останкино,Восточное Измайлово
11,3162601,0,210_3162601_11_212,1249.0,1314.0,Останкино,Восточное Измайлово
11,3162601,0,210_3162601_11_213,1310.0,1375.0,Останкино,Восточное Измайлово
11,3162601,0,210_3162601_11_805,1362.0,1422.0,Останкино,Восточное Измайлово
11,3162601,0,210_3162601_11_806,1386.0,1446.0,Останкино,Восточное Измайлово
11,3162601,0,210_3162601_11_807,1440.0,1503.0,Останкино,Восточное Измайлово
11,3162601,0,210_3162601_13_201,1133.0,1199.0,Останкино,Восточное Измайлово
11,3162601,0,210_3162601_13_202,1168.0,1233.0,Останкино,Восточное Измайлово
11,3162601,0,210_3162601_13_203,1284.0,1349.0,Останкино,Восточное Измайлово
11,3162601,0,210_3162601_13_204,1259.0,1324.0,Останкино,Восточное Измайлово
11,3162601,0,210_3162601_13_208,1330.0,1392.0,Останкино,Восточное Измайлово
11,3162601,0,210_3162601_13_209,1373.0,1433.0,Останкино,Восточное Измайлово
11,3162601,0,210_3162601_13_210,1401.0,1461.0,Останкино,Восточное Измайлово
11,3162601,0,210_3162601_13_212,1420.0,1480.0,Останкино,Восточное Измайлово
11,3162601,0,210_3162601_15_202,1349.0,1410.0,Останкино,Восточное Измайлово
11,3162601,0,210_3162601_1_115,754.0,820.0,Останкино,Восточное Измайлово
11,3162601,0,210_3162601_1_203,336.0,399.0,Останкино,Восточное Измайлово
11,3162601,0,210_3162601_1_211,490.0,556.0,Останкино,Восточное Измайлово
11,3162601,0,210_3162601_1_213,510.0,576.0,Останкино,Восточное Измайлово
11,3162601,0,210_3162601_1_214,534.0,600.0,Останкино,Восточное Измайлово
11,3162601,0,210_3162601_2_805,393.0,456.0,Останкино,Восточное Измайлово
11,3162601,0,210_3162601_2_806,415.0,478.0,Останкино,Восточное Измайлово
11,3162601,0,210_3162601_2_807,437.0,500.0,Останкино,Восточное Измайлово
11,3162601,0,210_3162601_3_115,907.0,973.0,Останкино,Восточное Измайлово
11,3162601,0,210_3162601_3_201,356.0,419.0,Останкино,Восточное Измайлово
11,3162601,0,210_3162601_3_202,376.0,439.0,Останкино,Восточное Измайлово
11,3162601,0,210_3162601_3_203,478.0,544.0,Останкино,Восточное Измайлово
11,3162601,0,210_3162601_3_204,457.0,522.0,Останкино,Восточное Измайлово
11,3162601,0,210_3162601_3_208,545.0,611.0,Останкино,Восточное Измайлово
11,3162601,0,210_3162601_3_209,569.0,635.0,Останкино,Восточное Измайлово
11,3162601,0,210_3162601_3_210,593.0,659.0,Останкино,Восточное Измайлово
11,3162601,0,210_3162601_3_211,645.0,711.0,Останкино,Восточное Измайлово
11,3162601,0,210_3162601_3_212,619.0,685.0,Останкино,Восточное Измайлово
11,3162601,0,210_3162601_3_213,670.0,736.0,Останкино,Восточное Измайлово
11,3162601,0,210_3162601_3_214,698.0,764.0,Останкино,Восточное Измайлово
11,3162601,0,210_3162601_4_805,557.0,623.0,Останкино,Восточное Измайлово
11,3162601,0,210_3162601_4_806,581.0,647.0,Останкино,Восточное Измайлово
11,3162601,0,210_3162601_4_807,607.0,673.0,Останкино,Восточное Измайлово
11,3162601,0,210_3162601_5_201,499.0,565.0,Останкино,Восточное Измайлово
11,3162601,0,210_3162601_5_202,521.0,587.0,Останкино,Восточное Измайлово
11,3162601,0,210_3162601_5_203,658.0,724.0,Останкино,Восточное Измайлово
11,3162601,0,210_3162601_5_204,632.0,698.0,Останкино,Восточное Измайлово
11,3162601,0,210_3162601_5_208,726.0,792.0,Останкино,Восточное Измайлово
11,3162601,0,210_3162601_5_209,741.0,807.0,Останкино,Восточное Измайлово
11,3162601,0,210_3162601_5_210,767.0,833.0,Останкино,Восточное Измайлово
11,3162601,0,210_3162601_5_211,817.0,883.0,Останкино,Восточное Измайлово
11,3162601,0,210_3162601_5_212,792.0,858.0,Останкино,Восточное Измайлово
11,3162601,0,210_3162601_5_213,843.0,909.0,Останкино,Восточное Измайлово
11,3162601,0,210_3162601_5_214,881.0,947.0,Останкино,Восточное Измайлово
11,3162601,0,210_3162601_7_201,684.0,750.0,Останкино,Восточное Измайлово
11,3162601,0,210_3162601_7_202,712.0,778.0,Останкино,Восточное Измайлово
11,3162601,0,210_3162601_7_203,804.0,870.0,Останкино,Восточное Измайлово
11,3162601,0,210_3162601_7_204,780.0,846.0,Останкино,Восточное Измайлово
11,3162601,0,210_3162601_7_208,868.0,934.0,Останкино,Восточное Измайлово
11,3162601,0,210_3162601_7_209,894.0,960.0,Останкино,Восточное Измайлово
11,3162601,0,210_3162601_7_210,921.0,987.0,Останкино,Восточное Измайлово
11,3162601,0,210_3162601_7_211,974.0,1040.0,Останкино,Восточное Измайлово
11,3162601,0,210_3162601_7_212,947.0,1013.0,Останкино,Восточное Измайлово
11,3162601,0,210_3162601_7_213,999.0,1065.0,Останкино,Восточное Измайлово
11,3162601,0,210_3162601_7_214,1042.0,1108.0,Останкино,Восточное Измайлово
11,3162601,0,210_3162601_7_805,1032.0,1098.0,Останкино,Восточное Измайлово
11,3162601,0,210_3162601_7_806,1064.0,1130.0,Останкино,Восточное Измайлово
11,3162601,0,210_3162601_7_807,1144.0,1210.0,Останкино,Восточное Измайлово
11,3162601,0,210_3162601_9_201,830.0,896.0,Останкино,Восточное Измайлово
11,3162601,0,210_3162601_9_202,855.0,921.0,Останкино,Восточное Измайлово
11,3162601,0,210_3162601_9_203,960.0,1026.0,Останкино,Восточное Измайлово
11,3162601,0,210_3162601_9_204,934.0,1000.0,Останкино,Восточное Измайлово
11,3162601,0,210_3162601_9_208,1022.0,1088.0,Останкино,Восточное Измайлово
11,3162601,0,210_3162601_9_209,1053.0,1119.0,Останкино,Восточное Измайлово
11,3162601,0,210_3162601_9_210,1076.0,1142.0,Останкино,Восточное Измайлово
11,3162601,0,210_3162601_9_211,1122.0,1188.0,Останкино,Восточное Измайлово
11,3162601,0,210_3162601_9_212,1100.0,1166.0,Останкино,Восточное Измайлово
11,3162601,0,210_3162601_9_213,1156.0,1222.0,Останкино,Восточное Измайлово
11,3162601,0,210_3162601_9_214,1191.0,1256.0,Останкино,Восточное Измайлово
11,3162601,0,210_3162601_9_805,1214.0,1279.0,Останкино,Восточное Измайлово
11,3162601,0,210_3162601_9_806,1238.0,1303.0,Останкино,Восточное Измайлово
11,3162601,0,210_3162601_9_807,1296.0,1361.0,Останкино,Восточное Измайлово
11,3162601,1,210_3162601_10_201,913.0,976.0,Восточное Измайлово,Останкино
11,3162601,1,210_3162601_10_202,938.0,1001.0,Восточное Измайлово,Останкино
11,3162601,1,210_3162601_10_203,1041.0,1104.0,Восточное Измайлово,Останкино
11,3162601,1,210_3162601_10_204,1011.0,1074.0,Восточное Измайлово,Останкино
11,3162601,1,210_3162601_10_208,1105.0,1168.0,Восточное Измайлово,Останкино
11,3162601,1,210_3162601_10_209,1129.0,1192.0,Восточное Измайлово,Останкино
11,3162601,1,210_3162601_10_210,1154.0,1217.0,Восточное Измайлово,Останкино
11,3162601,1,210_3162601_10_211,1201.0,1262.0,Восточное Измайлово,Останкино
11,3162601,1,210_3162601_10_212,1177.0,1239.0,Восточное Измайлово,Останкино
11,3162601,1,210_3162601_10_213,1237.0,1298.0,Восточное Измайлово,Останкино
11,3162601,1,210_3162601_10_214,1271.0,1332.0,Восточное Измайлово,Останкино
11,3162601,1,210_3162601_10_805,1292.0,1353.0,Восточное Измайлово,Останкино
11,3162601,1,210_3162601_10_806,1314.0,1375.0,Восточное Измайлово,Останкино
11,3162601,1,210_3162601_10_807,1376.0,1434.0,Восточное Измайлово,Останкино
11,3162601,1,210_3162601_12_201,1061.0,1124.0,Восточное Измайлово,Останкино
11,3162601,1,210_3162601_12_202,1093.0,1156.0,Восточное Измайлово,Останкино
11,3162601,1,210_3162601_12_203,1213.0,1274.0,Восточное Измайлово,Останкино
11,3162601,1,210_3162601_12_204,1189.0,1250.0,Восточное Измайлово,Останкино
11,3162601,1,210_3162601_12_208,1259.0,1320.0,Восточное Измайлово,Останкино
11,3162601,1,210_3162601_12_209,1303.0,1364.0,Восточное Измайлово,Останкино
11,3162601,1,210_3162601_12_210,1326.0,1388.0,Восточное Измайлово,Останкино
11,3162601,1,210_3162601_12_211,1387.0,1445.0,Восточное Измайлово,Останкино
11,3162601,1,210_3162601_12_212,1350.0,1410.0,Восточное Измайлово,Останкино
11,3162601,1,210_3162601_12_213,1411.0,1469.0,Восточное Измайлово,Останкино
11,3162601,1,210_3162601_14_201,1248.0,1309.0,Восточное Измайлово,Останкино
11,3162601,1,210_3162601_14_202,1282.0,1343.0,Восточное Измайлово,Останкино
11,3162601,1,210_3162601_14_203,1363.0,1423.0,Восточное Измайлово,Останкино
11,3162601,1,210_3162601_14_204,1338.0,1400.0,Восточное Измайлово,Останкино
11,3162601,1,210_3162601_14_208,1400.0,1458.0,Восточное Измайлово,Останкино
11,3162601,1,210_3162601_14_209,1444.0,1502.0,Восточное Измайлово,Останкино
11,3162601,1,210_3162601_14_210,1468.0,1526.0,Восточное Измайлово,Останкино
11,3162601,1,210_3162601_14_212,1490.0,1548.0,Восточное Измайлово,Останкино
11,3162601,1,210_3162601_16_202,1423.0,1481.0,Восточное Измайлово,Останкино
11,3162601,1,210_3162601_1_805,328.0,387.0,Восточное Измайлово,Останкино
11,3162601,1,210_3162601_1_806,348.0,407.0,Восточное Измайлово,Останкино
11,3162601,1,210_3162601_1_807,368.0,427.0,Восточное Измайлово,Останкино
11,3162601,1,210_3162601_2_115,837.0,900.0,Восточное Измайлово,Останкино
11,3162601,1,210_3162601_2_203,408.0,467.0,Восточное Измайлово,Останкино
11,3162601,1,210_3162601_2_204,388.0,447.0,Восточное Измайлово,Останкино
11,3162601,1,210_3162601_2_208,468.0,528.0,Восточное Измайлово,Останкино
11,3162601,1,210_3162601_2_209,499.0,562.0,Восточное Измайлово,Останкино
11,3162601,1,210_3162601_2_210,522.0,585.0,Восточное Измайлово,Останкино
11,3162601,1,210_3162601_2_211,571.0,634.0,Восточное Измайлово,Останкино
11,3162601,1,210_3162601_2_212,547.0,610.0,Восточное Измайлово,Останкино
11,3162601,1,210_3162601_2_213,593.0,656.0,Восточное Измайлово,Останкино
11,3162601,1,210_3162601_2_214,619.0,682.0,Восточное Измайлово,Останкино
11,3162601,1,210_3162601_3_805,487.0,550.0,Восточное Измайлово,Останкино
11,3162601,1,210_3162601_3_806,511.0,574.0,Восточное Измайлово,Останкино
11,3162601,1,210_3162601_3_807,535.0,598.0,Восточное Измайлово,Останкино
11,3162601,1,210_3162601_4_115,1021.0,1084.0,Восточное Измайлово,Останкино
11,3162601,1,210_3162601_4_201,429.0,488.0,Восточное Измайлово,Останкино
11,3162601,1,210_3162601_4_202,448.0,507.0,Восточное Измайлово,Останкино
11,3162601,1,210_3162601_4_203,583.0,646.0,Восточное Измайлово,Останкино
11,3162601,1,210_3162601_4_204,558.0,621.0,Восточное Измайлово,Останкино
11,3162601,1,210_3162601_4_208,655.0,718.0,Восточное Измайлово,Останкино
11,3162601,1,210_3162601_4_209,672.0,735.0,Восточное Измайлово,Останкино
11,3162601,1,210_3162601_4_210,696.0,759.0,Восточное Измайлово,Останкино
11,3162601,1,210_3162601_4_211,746.0,809.0,Восточное Измайлово,Останкино
11,3162601,1,210_3162601_4_212,720.0,783.0,Восточное Измайлово,Останкино
11,3162601,1,210_3162601_4_213,771.0,834.0,Восточное Измайлово,Останкино
11,3162601,1,210_3162601_4_214,810.0,873.0,Восточное Измайлово,Останкино
11,3162601,1,210_3162601_5_805,642.0,705.0,Восточное Измайлово,Останкино
11,3162601,1,210_3162601_5_806,667.0,730.0,Восточное Измайлово,Останкино
11,3162601,1,210_3162601_5_807,684.0,747.0,Восточное Измайлово,Останкино
11,3162601,1,210_3162601_6_201,606.0,669.0,Восточное Измайлово,Останкино
11,3162601,1,210_3162601_6_202,631.0,694.0,Восточное Измайлово,Останкино
11,3162601,1,210_3162601_6_203,732.0,795.0,Восточное Измайлово,Останкино
11,3162601,1,210_3162601_6_204,708.0,772.0,Восточное Измайлово,Останкино
11,3162601,1,210_3162601_6_208,798.0,861.0,Восточное Измайлово,Останкино
11,3162601,1,210_3162601_6_209,824.0,887.0,Восточное Измайлово,Останкино
11,3162601,1,210_3162601_6_210,850.0,913.0,Восточное Измайлово,Останкино
11,3162601,1,210_3162601_6_211,900.0,963.0,Восточное Измайлово,Останкино
11,3162601,1,210_3162601_6_212,875.0,938.0,Восточное Измайлово,Останкино
11,3162601,1,210_3162601_6_213,926.0,989.0,Восточное Измайлово,Останкино
11,3162601,1,210_3162601_6_214,971.0,1034.0,Восточное Измайлово,Останкино
11,3162601,1,210_3162601_6_805,960.0,1023.0,Восточное Измайлово,Останкино
11,3162601,1,210_3162601_6_806,991.0,1054.0,Восточное Измайлово,Останкино
11,3162601,1,210_3162601_6_807,1070.0,1133.0,Восточное Измайлово,Останкино
11,3162601,1,210_3162601_8_201,759.0,822.0,Восточное Измайлово,Останкино
11,3162601,1,210_3162601_8_202,786.0,849.0,Восточное Измайлово,Останкино
11,3162601,1,210_3162601_8_203,887.0,950.0,Восточное Измайлово,Останкино
11,3162601,1,210_3162601_8_204,862.0,925.0,Восточное Измайлово,Останкино
11,3162601,1,210_3162601_8_208,949.0,1012.0,Восточное Измайлово,Останкино
11,3162601,1,210_3162601_8_209,981.0,1044.0,Восточное Измайлово,Останкино
11,3162601,1,210_3162601_8_210,1001.0,1064.0,Восточное Измайлово,Останкино
11,3162601,1,210_3162601_8_211,1051.0,1114.0,Восточное Измайлово,Останкино
11,3162601,1,210_3162601_8_212,1031.0,1094.0,Восточное Измайлово,Останкино
11,3162601,1,210_3162601_8_213,1081.0,1144.0,Восточное Измайлово,Останкино
11,3162601,1,210_3162601_8_214,1117.0,1180.0,Восточное Измайлово,Останкино
11,3162601,1,210_3162601_8_805,1142.0,1205.0,Восточное Измайлово,Останкино
11,3162601,1,210_3162601_8_806,1165.0,1227.0,Восточное Измайлово,Останкино
11,3162601,1,210_3162601_8_807,1226.0,1287.0,Восточное Измайлово,Останкино
12,3161209,0,291_3161209_10_202,1150.0,1224.0,Восточное Измайлово,МЦК Дубровка
12,3161209,0,291_3161209_10_203,1174.0,1248.0,Восточное Измайлово,МЦК Дубровка
12,3161209,0,291_3161209_10_204,1190.0,1264.0,Восточное Измайлово,МЦК Дубровка
12,3161209,0,291_3161209_10_206,1204.0,1278.0,Восточное Измайлово,МЦК Дубровка
12,3161209,0,291_3161209_10_210,1222.0,1295.0,Восточное Измайлово,МЦК Дубровка
12,3161209,0,291_3161209_10_212,1238.0,1311.0,Восточное Измайлово,МЦК Дубровка
12,3161209,0,291_3161209_10_213,1254.0,1327.0,Восточное Измайлово,МЦК Дубровка
12,3161209,0,291_3161209_10_215,1265.0,1338.0,Восточное Измайлово,МЦК Дубровка
12,3161209,0,291_3161209_10_217,1274.0,1347.0,Восточное Измайлово,МЦК Дубровка
12,3161209,0,291_3161209_10_219,1284.0,1357.0,Восточное Измайлово,МЦК Дубровка
12,3161209,0,291_3161209_10_221,1308.0,1381.0,Восточное Измайлово,МЦК Дубровка
12,3161209,0,291_3161209_11_209,1300.0,1373.0,Восточное Измайлово,МЦК Дубровка
12,3161209,0,291_3161209_11_214,1318.0,1391.0,Восточное Измайлово,МЦК Дубровка
12,3161209,0,291_3161209_11_216,1347.0,1420.0,Восточное Измайлово,МЦК Дубровка
12,3161209,0,291_3161209_11_218,1362.0,1434.0,Восточное Измайлово,МЦК Дубровка
12,3161209,0,291_3161209_11_220,1372.0,1443.0,Восточное Измайлово,МЦК Дубровка
12,3161209,0,291_3161209_1_207,380.0,451.0,Восточное Измайлово,МЦК Дубровка
12,3161209,0,291_3161209_1_209,398.0,470.0,Восточное Измайлово,МЦК Дубровка
12,3161209,0,291_3161209_1_214,429.0,503.0,Восточное Измайлово,МЦК Дубровка
12,3161209,0,291_3161209_1_216,448.0,522.0,Восточное Измайлово,МЦК Дубровка
12,3161209,0,291_3161209_1_218,464.0,538.0,Восточное Измайлово,МЦК Дубровка
12,3161209,0,291_3161209_1_220,482.0,556.0,Восточное Измайлово,МЦК Дубровка
12,3161209,0,291_3161209_1_222,690.0,764.0,Восточное Измайлово,МЦК Дубровка
12,3161209,0,291_3161209_1_805,320.0,390.0,Восточное Измайлово,МЦК Дубровка
12,3161209,0,291_3161209_1_808,338.0,408.0,Восточное Измайлово,МЦК Дубровка
12,3161209,0,291_3161209_1_811,360.0,430.0,Восточное Измайлово,МЦК Дубровка
12,3161209,0,291_3161209_2_202,440.0,514.0,Восточное Измайлово,МЦК Дубровка
12,3161209,0,291_3161209_2_203,456.0,530.0,Восточное Измайлово,МЦК Дубровка
12,3161209,0,291_3161209_2_204,473.0,547.0,Восточное Измайлово,МЦК Дубровка
12,3161209,0,291_3161209_2_206,490.0,564.0,Восточное Измайлово,МЦК Дубровка
12,3161209,0,291_3161209_2_210,507.0,581.0,Восточное Измайлово,МЦК Дубровка
12,3161209,0,291_3161209_2_212,522.0,596.0,Восточное Измайлово,МЦК Дубровка
12,3161209,0,291_3161209_2_213,530.0,604.0,Восточное Измайлово,МЦК Дубровка
12,3161209,0,291_3161209_2_215,549.0,623.0,Восточное Измайлово,МЦК Дубровка
12,3161209,0,291_3161209_2_217,563.0,637.0,Восточное Измайлово,МЦК Дубровка
12,3161209,0,291_3161209_2_219,571.0,645.0,Восточное Измайлово,МЦК Дубровка
12,3161209,0,291_3161209_2_221,588.0,662.0,Восточное Измайлово,МЦК Дубровка
12,3161209,0,291_3161209_2_801,418.0,492.0,Восточное Измайлово,МЦК Дубровка
12,3161209,0,291_3161209_3_207,555.0,629.0,Восточное Измайлово,МЦК Дубровка
12,3161209,0,291_3161209_3_209,579.0,653.0,Восточное Измайлово,МЦК Дубровка
12,3161209,0,291_3161209_3_214,603.0,677.0,Восточное Измайлово,МЦК Дубровка
12,3161209,0,291_3161209_3_216,620.0,694.0,Восточное Измайлово,МЦК Дубровка
12,3161209,0,291_3161209_3_218,640.0,714.0,Восточное Измайлово,МЦК Дубровка
12,3161209,0,291_3161209_3_220,660.0,734.0,Восточное Измайлово,МЦК Дубровка
12,3161209,0,291_3161209_3_222,870.0,944.0,Восточное Измайлово,МЦК Дубровка
12,3161209,0,291_3161209_3_805,499.0,573.0,Восточное Измайлово,МЦК Дубровка
12,3161209,0,291_3161209_3_808,514.0,588.0,Восточное Измайлово,МЦК Дубровка
12,3161209,0,291_3161209_3_811,540.0,614.0,Восточное Измайлово,МЦК Дубровка
12,3161209,0,291_3161209_4_202,612.0,686.0,Восточное Измайлово,МЦК Дубровка
12,3161209,0,291_3161209_4_203,630.0,704.0,Восточное Измайлово,МЦК Дубровка
12,3161209,0,291_3161209_4_204,650.0,724.0,Восточное Измайлово,МЦК Дубровка
12,3161209,0,291_3161209_4_206,670.0,744.0,Восточное Измайлово,МЦК Дубровка
12,3161209,0,291_3161209_4_210,680.0,754.0,Восточное Измайлово,МЦК Дубровка
12,3161209,0,291_3161209_4_212,700.0,774.0,Восточное Измайлово,МЦК Дубровка
12,3161209,0,291_3161209_4_213,712.0,786.0,Восточное Измайлово,МЦК Дубровка
12,3161209,0,291_3161209_4_215,723.0,797.0,Восточное Измайлово,МЦК Дубровка
12,3161209,0,291_3161209_4_217,742.0,816.0,Восточное Измайлово,МЦК Дубровка
12,3161209,0,291_3161209_4_219,752.0,826.0,Восточное Измайлово,МЦК Дубровка
12,3161209,0,291_3161209_4_221,772.0,846.0,Восточное Измайлово,МЦК Дубровка
12,3161209,0,291_3161209_4_801,595.0,669.0,Восточное Измайлово,МЦК Дубровка
12,3161209,0,291_3161209_5_207,732.0,806.0,Восточное Измайлово,МЦК Дубровка
12,3161209,0,291_3161209_5_209,762.0,836.0,Восточное Измайлово,МЦК Дубровка
12,3161209,0,291_3161209_5_214,782.0,856.0,Восточное Измайлово,МЦК Дубровка
12,3161209,0,291_3161209_5_216,802.0,876.0,Восточное Измайлово,МЦК Дубровка
12,3161209,0,291_3161209_5_218,822.0,896.0,Восточное Измайлово,МЦК Дубровка
12,3161209,0,291_3161209_5_220,841.0,915.0,Восточное Измайлово,МЦК Дубровка
12,3161209,0,291_3161209_5_222,1052.0,1126.0,Восточное Измайлово,МЦК Дубровка
12,3161209,0,291_3161209_5_801,1036.0,1110.0,Восточное Измайлово,МЦК Дубровка
12,3161209,0,291_3161209_5_805,1116.0,1190.0,Восточное Измайлово,МЦК Дубровка
12,3161209,0,291_3161209_5_808,980.0,1054.0,Восточное Измайлово,МЦК Дубровка
12,3161209,0,291_3161209_5_811,1068.0,1142.0,Восточное Измайлово,МЦК Дубровка
12,3161209,0,291_3161209_6_202,792.0,866.0,Восточное Измайлово,МЦК Дубровка
12,3161209,0,291_3161209_6_203,812.0,886.0,Восточное Измайлово,МЦК Дубровка
12,3161209,0,291_3161209_6_204,832.0,906.0,Восточное Измайлово,МЦК Дубровка
12,3161209,0,291_3161209_6_206,851.0,925.0,Восточное Измайлово,МЦК Дубровка
12,3161209,0,291_3161209_6_210,861.0,935.0,Восточное Измайлово,МЦК Дубровка
12,3161209,0,291_3161209_6_212,881.0,955.0,Восточное Измайлово,МЦК Дубровка
12,3161209,0,291_3161209_6_213,891.0,965.0,Восточное Измайлово,МЦК Дубровка
12,3161209,0,291_3161209_6_215,901.0,975.0,Восточное Измайлово,МЦК Дубровка
12,3161209,0,291_3161209_6_217,922.0,996.0,Восточное Измайлово,МЦК Дубровка
12,3161209,0,291_3161209_6_219,932.0,1006.0,Восточное Измайлово,МЦК Дубровка
12,3161209,0,291_3161209_6_221,952.0,1026.0,Восточное Измайлово,МЦК Дубровка
12,3161209,0,291_3161209_7_207,911.0,985.0,Восточное Измайлово,МЦК Дубровка
12,3161209,0,291_3161209_7_209,942.0,1016.0,Восточное Измайлово,МЦК Дубровка
12,3161209,0,291_3161209_7_214,962.0,1036.0,Восточное Измайлово,МЦК Дубровка
12,3161209,0,291_3161209_7_216,986.0,1060.0,Восточное Измайлово,МЦК Дубровка
12,3161209,0,291_3161209_7_218,1004.0,1078.0,Восточное Измайлово,МЦК Дубровка
12,3161209,0,291_3161209_7_220,1021.0,1095.0,Восточное Измайлово,МЦК Дубровка
12,3161209,0,291_3161209_7_222,1230.0,1303.0,Восточное Измайлово,МЦК Дубровка
12,3161209,0,291_3161209_7_801,1212.0,1285.0,Восточное Измайлово,МЦК Дубровка
12,3161209,0,291_3161209_7_805,1291.0,1364.0,Восточное Измайлово,МЦК Дубровка
12,3161209,0,291_3161209_7_808,1158.0,1232.0,Восточное Измайлово,МЦК Дубровка
12,3161209,0,291_3161209_7_811,1246.0,1319.0,Восточное Измайлово,МЦК Дубровка
12,3161209,0,291_3161209_8_202,972.0,1046.0,Восточное Измайлово,МЦК Дубровка
12,3161209,0,291_3161209_8_203,997.0,1071.0,Восточное Измайлово,МЦК Дубровка
12,3161209,0,291_3161209_8_204,1011.0,1085.0,Восточное Измайлово,МЦК Дубровка
12,3161209,0,291_3161209_8_206,1030.0,1104.0,Восточное Измайлово,МЦК Дубровка
12,3161209,0,291_3161209_8_210,1042.0,1116.0,Восточное Измайлово,МЦК Дубровка
12,3161209,0,291_3161209_8_212,1060.0,1134.0,Восточное Измайлово,МЦК Дубровка
12,3161209,0,291_3161209_8_213,1076.0,1150.0,Восточное Измайлово,МЦК Дубровка
12,3161209,0,291_3161209_8_215,1082.0,1156.0,Восточное Измайлово,МЦК Дубровка
12,3161209,0,291_3161209_8_217,1100.0,1174.0,Восточное Измайлово,МЦК Дубровка
12,3161209,0,291_3161209_8_219,1108.0,1182.0,Восточное Измайлово,МЦК Дубровка
12,3161209,0,291_3161209_8_221,1132.0,1206.0,Восточное Измайлово,МЦК Дубровка
12,3161209,0,291_3161209_9_207,1088.0,1162.0,Восточное Измайлово,МЦК Дубровка
12,3161209,0,291_3161209_9_209,1124.0,1198.0,Восточное Измайлово,МЦК Дубровка
12,3161209,0,291_3161209_9_214,1142.0,1216.0,Восточное Измайлово,МЦК Дубровка
12,3161209,0,291_3161209_9_216,1166.0,1240.0,Восточное Измайлово,МЦК Дубровка
12,3161209,0,291_3161209_9_218,1181.0,1255.0,Восточное Измайлово,МЦК Дубровка
12,3161209,0,291_3161209_9_220,1198.0,1272.0,Восточное Измайлово,МЦК Дубровка
12,3161209,0,291_3161209_9_222,1407.0,1477.0,Восточное Измайлово,МЦК Дубровка
12,3161209,0,291_3161209_9_801,1391.0,1461.0,Восточное Измайлово,МЦК Дубровка
12,3161209,0,291_3161209_9_808,1333.0,1406.0,Восточное Измайлово,МЦК Дубровка
12,3161209,1,291_3161209_10_207,1173.0,1249.0,МЦК Дубровка,Восточное Измайлово
12,3161209,1,291_3161209_10_209,1208.0,1283.0,МЦК Дубровка,Восточное Измайлово
12,3161209,1,291_3161209_10_214,1223.0,1298.0,МЦК Дубровка,Восточное Измайлово
12,3161209,1,291_3161209_10_216,1252.0,1327.0,МЦК Дубровка,Восточное Измайлово
12,3161209,1,291_3161209_10_218,1266.0,1340.0,МЦК Дубровка,Восточное Измайлово
12,3161209,1,291_3161209_10_220,1277.0,1351.0,МЦК Дубровка,Восточное Измайлово
12,3161209,1,291_3161209_10_808,1416.0,1487.0,МЦК Дубровка,Восточное Измайлово
12,3161209,1,291_3161209_11_202,1233.0,1308.0,МЦК Дубровка,Восточное Измайлово
12,3161209,1,291_3161209_11_206,1287.0,1361.0,МЦК Дубровка,Восточное Измайлово
12,3161209,1,291_3161209_11_212,1321.0,1393.0,МЦК Дубровка,Восточное Измайлово
12,3161209,1,291_3161209_11_215,1346.0,1417.0,МЦК Дубровка,Восточное Измайлово
12,3161209,1,291_3161209_11_217,1358.0,1429.0,МЦК Дубровка,Восточное Измайлово
12,3161209,1,291_3161209_11_219,1368.0,1439.0,МЦК Дубровка,Восточное Измайлово
12,3161209,1,291_3161209_11_221,1394.0,1465.0,МЦК Дубровка,Восточное Измайлово
12,3161209,1,291_3161209_1_202,343.0,418.0,МЦК Дубровка,Восточное Измайлово
12,3161209,1,291_3161209_1_203,363.0,438.0,МЦК Дубровка,Восточное Измайлово
12,3161209,1,291_3161209_1_204,380.0,455.0,МЦК Дубровка,Восточное Измайлово
12,3161209,1,291_3161209_1_206,393.0,468.0,МЦК Дубровка,Восточное Измайлово
12,3161209,1,291_3161209_1_210,413.0,488.0,МЦК Дубровка,Восточное Измайлово
12,3161209,1,291_3161209_1_212,429.0,505.0,МЦК Дубровка,Восточное Измайлово
12,3161209,1,291_3161209_1_213,437.0,513.0,МЦК Дубровка,Восточное Измайлово
12,3161209,1,291_3161209_1_215,453.0,529.0,МЦК Дубровка,Восточное Измайлово
12,3161209,1,291_3161209_1_217,469.0,545.0,МЦК Дубровка,Восточное Измайлово
12,3161209,1,291_3161209_1_219,477.0,553.0,МЦК Дубровка,Восточное Измайлово
12,3161209,1,291_3161209_1_221,493.0,569.0,МЦК Дубровка,Восточное Измайлово
12,3161209,1,291_3161209_1_801,323.0,398.0,МЦК Дубровка,Восточное Измайлово
12,3161209,1,291_3161209_2_207,461.0,537.0,МЦК Дубровка,Восточное Измайлово
12,3161209,1,291_3161209_2_209,485.0,561.0,МЦК Дубровка,Восточное Измайлово
12,3161209,1,291_3161209_2_214,511.0,587.0,МЦК Дубровка,Восточное Измайлово
12,3161209,1,291_3161209_2_216,529.0,605.0,МЦК Дубровка,Восточное Измайлово
12,3161209,1,291_3161209_2_218,547.0,623.0,МЦК Дубровка,Восточное Измайлово
12,3161209,1,291_3161209_2_220,565.0,641.0,МЦК Дубровка,Восточное Измайлово
12,3161209,1,291_3161209_2_222,774.0,850.0,МЦК Дубровка,Восточное Измайлово
12,3161209,1,291_3161209_2_805,405.0,480.0,МЦК Дубровка,Восточное Измайлово
12,3161209,1,291_3161209_2_808,422.0,498.0,МЦК Дубровка,Восточное Измайлово
12,3161209,1,291_3161209_2_811,445.0,521.0,МЦК Дубровка,Восточное Измайлово
12,3161209,1,291_3161209_3_202,520.0,596.0,МЦК Дубровка,Восточное Измайлово
12,3161209,1,291_3161209_3_203,538.0,614.0,МЦК Дубровка,Восточное Измайлово
12,3161209,1,291_3161209_3_204,555.0,631.0,МЦК Дубровка,Восточное Измайлово
12,3161209,1,291_3161209_3_206,573.0,649.0,МЦК Дубровка,Восточное Измайлово
12,3161209,1,291_3161209_3_210,585.0,661.0,МЦК Дубровка,Восточное Измайлово
12,3161209,1,291_3161209_3_212,608.0,684.0,МЦК Дубровка,Восточное Измайлово
12,3161209,1,291_3161209_3_213,616.0,692.0,МЦК Дубровка,Восточное Измайлово
12,3161209,1,291_3161209_3_215,632.0,708.0,МЦК Дубровка,Восточное Измайлово
12,3161209,1,291_3161209_3_217,648.0,724.0,МЦК Дубровка,Восточное Измайлово
12,3161209,1,291_3161209_3_219,656.0,732.0,МЦК Дубровка,Восточное Измайлово
12,3161209,1,291_3161209_3_221,673.0,749.0,МЦК Дубровка,Восточное Измайлово
12,3161209,1,291_3161209_3_801,502.0,578.0,МЦК Дубровка,Восточное Измайлово
12,3161209,1,291_3161209_4_207,640.0,716.0,МЦК Дубровка,Восточное Измайлово
12,3161209,1,291_3161209_4_209,664.0,740.0,МЦК Дубровка,Восточное Измайлово
12,3161209,1,291_3161209_4_214,686.0,762.0,МЦК Дубровка,Восточное Измайлово
12,3161209,1,291_3161209_4_216,706.0,782.0,МЦК Дубровка,Восточное Измайлово
12,3161209,1,291_3161209_4_218,727.0,803.0,МЦК Дубровка,Восточное Измайлово
12,3161209,1,291_3161209_4_220,744.0,820.0,МЦК Дубровка,Восточное Измайлово
12,3161209,1,291_3161209_4_222,956.0,1032.0,МЦК Дубровка,Восточное Измайлово
12,3161209,1,291_3161209_4_805,1021.0,1097.0,МЦК Дубровка,Восточное Измайлово
12,3161209,1,291_3161209_4_808,596.0,672.0,МЦК Дубровка,Восточное Измайлово
12,3161209,1,291_3161209_4_811,626.0,702.0,МЦК Дубровка,Восточное Измайлово
12,3161209,1,291_3161209_5_202,697.0,773.0,МЦК Дубровка,Восточное Измайлово
12,3161209,1,291_3161209_5_203,717.0,793.0,МЦК Дубровка,Восточное Измайлово
12,3161209,1,291_3161209_5_204,737.0,813.0,МЦК Дубровка,Восточное Измайлово
12,3161209,1,291_3161209_5_206,754.0,830.0,МЦК Дубровка,Восточное Измайлово
12,3161209,1,291_3161209_5_210,764.0,840.0,МЦК Дубровка,Восточное Измайлово
12,3161209,1,291_3161209_5_212,784.0,860.0,МЦК Дубровка,Восточное Измайлово
12,3161209,1,291_3161209_5_213,794.0,870.0,МЦК Дубровка,Восточное Измайлово
12,3161209,1,291_3161209_5_215,803.0,879.0,МЦК Дубровка,Восточное Измайлово
12,3161209,1,291_3161209_5_217,824.0,900.0,МЦК Дубровка,Восточное Измайлово
12,3161209,1,291_3161209_5_219,835.0,911.0,МЦК Дубровка,Восточное Измайлово
12,3161209,1,291_3161209_5_221,855.0,931.0,МЦК Дубровка,Восточное Измайлово
12,3161209,1,291_3161209_6_207,814.0,890.0,МЦК Дубровка,Восточное Измайлово
12,3161209,1,291_3161209_6_209,845.0,921.0,МЦК Дубровка,Восточное Измайлово
12,3161209,1,291_3161209_6_214,865.0,941.0,МЦК Дубровка,Восточное Измайлово
12,3161209,1,291_3161209_6_216,888.0,964.0,МЦК Дубровка,Восточное Измайлово
12,3161209,1,291_3161209_6_218,906.0,982.0,МЦК Дубровка,Восточное Измайлово
12,3161209,1,291_3161209_6_220,926.0,1002.0,МЦК Дубровка,Восточное Измайлово
12,3161209,1,291_3161209_6_222,1134.0,1210.0,МЦК Дубровка,Восточное Измайлово
12,3161209,1,291_3161209_6_801,1119.0,1195.0,МЦК Дубровка,Восточное Измайлово
12,3161209,1,291_3161209_6_805,1200.0,1275.0,МЦК Дубровка,Восточное Измайлово
12,3161209,1,291_3161209_6_808,1064.0,1140.0,МЦК Дубровка,Восточное Измайлово
12,3161209,1,291_3161209_6_811,1153.0,1229.0,МЦК Дубровка,Восточное Измайлово
12,3161209,1,291_3161209_7_202,877.0,953.0,МЦК Дубровка,Восточное Измайлово
12,3161209,1,291_3161209_7_203,896.0,972.0,МЦК Дубровка,Восточное Измайлово
12,3161209,1,291_3161209_7_204,916.0,992.0,МЦК Дубровка,Восточное Измайлово
12,3161209,1,291_3161209_7_206,937.0,1013.0,МЦК Дубровка,Восточное Измайлово
12,3161209,1,291_3161209_7_210,946.0,1022.0,МЦК Дубровка,Восточное Измайлово
12,3161209,1,291_3161209_7_212,964.0,1040.0,МЦК Дубровка,Восточное Измайлово
12,3161209,1,291_3161209_7_213,976.0,1052.0,МЦК Дубровка,Восточное Измайлово
12,3161209,1,291_3161209_7_215,986.0,1062.0,МЦК Дубровка,Восточное Измайлово
12,3161209,1,291_3161209_7_217,1005.0,1081.0,МЦК Дубровка,Восточное Измайлово
12,3161209,1,291_3161209_7_219,1013.0,1089.0,МЦК Дубровка,Восточное Измайлово
12,3161209,1,291_3161209_7_221,1037.0,1113.0,МЦК Дубровка,Восточное Измайлово
12,3161209,1,291_3161209_8_207,994.0,1070.0,МЦК Дубровка,Восточное Измайлово
12,3161209,1,291_3161209_8_209,1028.0,1104.0,МЦК Дубровка,Восточное Измайлово
12,3161209,1,291_3161209_8_214,1046.0,1122.0,МЦК Дубровка,Восточное Измайлово
12,3161209,1,291_3161209_8_216,1072.0,1148.0,МЦК Дубровка,Восточное Измайлово
12,3161209,1,291_3161209_8_218,1086.0,1162.0,МЦК Дубровка,Восточное Измайлово
12,3161209,1,291_3161209_8_220,1103.0,1179.0,МЦК Дубровка,Восточное Измайлово
12,3161209,1,291_3161209_8_222,1310.0,1384.0,МЦК Дубровка,Восточное Измайлово
12,3161209,1,291_3161209_8_801,1298.0,1372.0,МЦК Дубровка,Восточное Измайлово
12,3161209,1,291_3161209_8_805,1379.0,1450.0,МЦК Дубровка,Восточное Измайлово
12,3161209,1,291_3161209_8_808,1243.0,1318.0,МЦК Дубровка,Восточное Измайлово
12,3161209,1,291_3161209_8_811,1332.0,1403.0,МЦК Дубровка,Восточное Измайлово
12,3161209,1,291_3161209_9_202,1053.0,1129.0,МЦК Дубровка,Восточное Измайлово
12,3161209,1,291_3161209_9_203,1080.0,1156.0,МЦК Дубровка,Восточное Измайлово
12,3161209,1,291_3161209_9_204,1092.0,1168.0,МЦК Дубровка,Восточное Измайлово
12,3161209,1,291_3161209_9_206,1111.0,1187.0,МЦК Дубровка,Восточное Измайлово
12,3161209,1,291_3161209_9_210,1127.0,1203.0,МЦК Дубровка,Восточное Измайлово
12,3161209,1,291_3161209_9_212,1141.0,1217.0,МЦК Дубровка,Восточное Измайлово
12,3161209,1,291_3161209_9_213,1159.0,1235.0,МЦК Дубровка,Восточное Измайлово
12,3161209,1,291_3161209_9_215,1167.0,1243.0,МЦК Дубровка,Восточное Измайлово
12,3161209,1,291_3161209_9_217,1183.0,1259.0,МЦК Дубровка,Восточное Измайлово
12,3161209,1,291_3161209_9_219,1192.0,1268.0,МЦК Дубровка,Восточное Измайлово
12,3161209,1,291_3161209_9_221,1215.0,1290.0,МЦК Дубровка,Восточное Измайлово
12,3161215,0,291_3161215_10_202,1144.0,1220.0,Восточное Измайлово,МЦК Дубровка
12,3161215,0,291_3161215_10_204,1179.0,1253.0,Восточное Измайлово,МЦК Дубровка
12,3161215,0,291_3161215_10_209,1240.0,1313.0,Восточное Измайлово,МЦК Дубровка
12,3161215,0,291_3161215_10_211,1264.0,1337.0,Восточное Измайлово,МЦК Дубровка
12,3161215,0,291_3161215_10_212,1300.0,1373.0,Восточное Измайлово,МЦК Дубровка
12,3161215,0,291_3161215_10_215,1346.0,1419.0,Восточное Измайлово,МЦК Дубровка
12,3161215,0,291_3161215_11_206,1276.0,1349.0,Восточное Измайлово,МЦК Дубровка
12,3161215,0,291_3161215_11_213,1362.0,1434.0,Восточное Измайлово,МЦК Дубровка
12,3161215,0,291_3161215_11_214,1393.0,1463.0,Восточное Измайлово,МЦК Дубровка
12,3161215,0,291_3161215_1_206,378.0,448.0,Восточное Измайлово,МЦК Дубровка
12,3161215,0,291_3161215_1_207,398.0,468.0,Восточное Измайлово,МЦК Дубровка
12,3161215,0,291_3161215_1_213,470.0,543.0,Восточное Измайлово,МЦК Дубровка
12,3161215,0,291_3161215_1_214,494.0,569.0,Восточное Измайлово,МЦК Дубровка
12,3161215,0,291_3161215_1_216,663.0,738.0,Восточное Измайлово,МЦК Дубровка
12,3161215,0,291_3161215_1_217,687.0,763.0,Восточное Измайлово,МЦК Дубровка
12,3161215,0,291_3161215_1_218,711.0,787.0,Восточное Измайлово,МЦК Дубровка
12,3161215,0,291_3161215_1_805,318.0,388.0,Восточное Измайлово,МЦК Дубровка
12,3161215,0,291_3161215_1_808,338.0,408.0,Восточное Измайлово,МЦК Дубровка
12,3161215,0,291_3161215_1_810,358.0,428.0,Восточное Измайлово,МЦК Дубровка
12,3161215,0,291_3161215_2_201,413.0,483.0,Восточное Измайлово,МЦК Дубровка
12,3161215,0,291_3161215_2_202,428.0,498.0,Восточное Измайлово,МЦК Дубровка
12,3161215,0,291_3161215_2_203,443.0,514.0,Восточное Измайлово,МЦК Дубровка
12,3161215,0,291_3161215_2_204,458.0,530.0,Восточное Измайлово,МЦК Дубровка
12,3161215,0,291_3161215_2_209,518.0,593.0,Восточное Измайлово,МЦК Дубровка
12,3161215,0,291_3161215_2_211,543.0,618.0,Восточное Измайлово,МЦК Дубровка
12,3161215,0,291_3161215_2_212,579.0,654.0,Восточное Измайлово,МЦК Дубровка
12,3161215,0,291_3161215_2_215,627.0,702.0,Восточное Измайлово,МЦК Дубровка
12,3161215,0,291_3161215_3_206,555.0,630.0,Восточное Измайлово,МЦК Дубровка
12,3161215,0,291_3161215_3_207,567.0,642.0,Восточное Измайлово,МЦК Дубровка
12,3161215,0,291_3161215_3_213,651.0,726.0,Восточное Измайлово,МЦК Дубровка
12,3161215,0,291_3161215_3_214,675.0,750.0,Восточное Измайлово,МЦК Дубровка
12,3161215,0,291_3161215_3_216,843.0,919.0,Восточное Измайлово,МЦК Дубровка
12,3161215,0,291_3161215_3_217,867.0,943.0,Восточное Измайлово,МЦК Дубровка
12,3161215,0,291_3161215_3_218,891.0,967.0,Восточное Измайлово,МЦК Дубровка
12,3161215,0,291_3161215_3_805,482.0,557.0,Восточное Измайлово,МЦК Дубровка
12,3161215,0,291_3161215_3_808,506.0,581.0,Восточное Измайлово,МЦК Дубровка
12,3161215,0,291_3161215_3_810,530.0,605.0,Восточное Измайлово,МЦК Дубровка
12,3161215,0,291_3161215_4_201,591.0,666.0,Восточное Измайлово,МЦК Дубровка
12,3161215,0,291_3161215_4_202,603.0,678.0,Восточное Измайлово,МЦК Дубровка
12,3161215,0,291_3161215_4_203,615.0,690.0,Восточное Измайлово,МЦК Дубровка
12,3161215,0,291_3161215_4_204,639.0,714.0,Восточное Измайлово,МЦК Дубровка
12,3161215,0,291_3161215_4_209,699.0,775.0,Восточное Измайлово,МЦК Дубровка
12,3161215,0,291_3161215_4_211,723.0,799.0,Восточное Измайлово,МЦК Дубровка
12,3161215,0,291_3161215_4_212,760.0,836.0,Восточное Измайлово,МЦК Дубровка
12,3161215,0,291_3161215_4_215,807.0,883.0,Восточное Измайлово,МЦК Дубровка
12,3161215,0,291_3161215_5_206,735.0,811.0,Восточное Измайлово,МЦК Дубровка
12,3161215,0,291_3161215_5_207,748.0,824.0,Восточное Измайлово,МЦК Дубровка
12,3161215,0,291_3161215_5_213,831.0,907.0,Восточное Измайлово,МЦК Дубровка
12,3161215,0,291_3161215_5_214,855.0,931.0,Восточное Измайлово,МЦК Дубровка
12,3161215,0,291_3161215_5_216,1023.0,1099.0,Восточное Измайлово,МЦК Дубровка
12,3161215,0,291_3161215_5_217,1047.0,1123.0,Восточное Измайлово,МЦК Дубровка
12,3161215,0,291_3161215_5_218,1072.0,1148.0,Восточное Измайлово,МЦК Дубровка
12,3161215,0,291_3161215_5_810,1107.0,1183.0,Восточное Измайлово,МЦК Дубровка
12,3161215,0,291_3161215_6_201,772.0,848.0,Восточное Измайлово,МЦК Дубровка
12,3161215,0,291_3161215_6_202,783.0,859.0,Восточное Измайлово,МЦК Дубровка
12,3161215,0,291_3161215_6_203,795.0,871.0,Восточное Измайлово,МЦК Дубровка
12,3161215,0,291_3161215_6_204,819.0,895.0,Восточное Измайлово,МЦК Дубровка
12,3161215,0,291_3161215_6_209,879.0,955.0,Восточное Измайлово,МЦК Дубровка
12,3161215,0,291_3161215_6_211,903.0,979.0,Восточное Измайлово,МЦК Дубровка
12,3161215,0,291_3161215_6_212,939.0,1015.0,Восточное Измайлово,МЦК Дубровка
12,3161215,0,291_3161215_6_215,987.0,1063.0,Восточное Измайлово,МЦК Дубровка
12,3161215,0,291_3161215_6_805,1131.0,1207.0,Восточное Измайлово,МЦК Дубровка
12,3161215,0,291_3161215_6_808,1156.0,1231.0,Восточное Измайлово,МЦК Дубровка
12,3161215,0,291_3161215_7_206,915.0,991.0,Восточное Измайлово,МЦК Дубровка
12,3161215,0,291_3161215_7_207,927.0,1003.0,Восточное Измайлово,МЦК Дубровка
12,3161215,0,291_3161215_7_213,1012.0,1088.0,Восточное Измайлово,МЦК Дубровка
12,3161215,0,291_3161215_7_214,1035.0,1111.0,Восточное Измайлово,МЦК Дубровка
12,3161215,0,291_3161215_7_216,1204.0,1277.0,Восточное Измайлово,МЦК Дубровка
12,3161215,0,291_3161215_7_217,1228.0,1301.0,Восточное Измайлово,МЦК Дубровка
12,3161215,0,291_3161215_7_218,1252.0,1325.0,Восточное Измайлово,МЦК Дубровка
12,3161215,0,291_3161215_7_810,1288.0,1361.0,Восточное Измайлово,МЦК Дубровка
12,3161215,0,291_3161215_8_201,951.0,1027.0,Восточное Измайлово,МЦК Дубровка
12,3161215,0,291_3161215_8_202,963.0,1039.0,Восточное Измайлово,МЦК Дубровка
12,3161215,0,291_3161215_8_203,975.0,1051.0,Восточное Измайлово,МЦК Дубровка
12,3161215,0,291_3161215_8_204,999.0,1075.0,Восточное Измайлово,МЦК Дубровка
12,3161215,0,291_3161215_8_209,1059.0,1135.0,Восточное Измайлово,МЦК Дубровка
12,3161215,0,291_3161215_8_211,1083.0,1159.0,Восточное Измайлово,МЦК Дубровка
12,3161215,0,291_3161215_8_212,1119.0,1195.0,Восточное Измайлово,МЦК Дубровка
12,3161215,0,291_3161215_8_215,1167.0,1241.0,Восточное Измайлово,МЦК Дубровка
12,3161215,0,291_3161215_8_805,1313.0,1386.0,Восточное Измайлово,МЦК Дубровка
12,3161215,0,291_3161215_8_808,1330.0,1403.0,Восточное Измайлово,МЦК Дубровка
12,3161215,0,291_3161215_9_206,1095.0,1171.0,Восточное Измайлово,МЦК Дубровка
12,3161215,0,291_3161215_9_213,1192.0,1265.0,Восточное Измайлово,МЦК Дубровка
12,3161215,0,291_3161215_9_214,1216.0,1289.0,Восточное Измайлово,МЦК Дубровка
12,3161215,0,291_3161215_9_216,1377.0,1447.0,Восточное Измайлово,МЦК Дубровка
12,3161215,0,291_3161215_9_217,1409.0,1479.0,Восточное Измайлово,МЦК Дубровка
12,3161215,0,291_3161215_9_218,1425.0,1495.0,Восточное Измайлово,МЦК Дубровка
12,3161215,1,291_3161215_10_206,1182.0,1253.0,МЦК Дубровка,Восточное Измайлово
12,3161215,1,291_3161215_10_213,1278.0,1347.0,МЦК Дубровка,Восточное Измайлово
12,3161215,1,291_3161215_10_214,1302.0,1371.0,МЦК Дубровка,Восточное Измайлово
12,3161215,1,291_3161215_11_202,1230.0,1299.0,МЦК Дубровка,Восточное Измайлово
12,3161215,1,291_3161215_11_204,1266.0,1335.0,МЦК Дубровка,Восточное Измайлово
12,3161215,1,291_3161215_11_209,1326.0,1393.0,МЦК Дубровка,Восточное Измайлово
12,3161215,1,291_3161215_11_211,1350.0,1417.0,МЦК Дубровка,Восточное Измайлово
12,3161215,1,291_3161215_11_212,1386.0,1453.0,МЦК Дубровка,Восточное Измайлово
12,3161215,1,291_3161215_11_215,1432.0,1499.0,МЦК Дубровка,Восточное Измайлово
12,3161215,1,291_3161215_12_206,1362.0,1429.0,МЦК Дубровка,Восточное Измайлово
12,3161215,1,291_3161215_1_201,329.0,398.0,МЦК Дубровка,Восточное Измайлово
12,3161215,1,291_3161215_1_202,344.0,413.0,МЦК Дубровка,Восточное Измайлово
12,3161215,1,291_3161215_1_203,359.0,428.0,МЦК Дубровка,Восточное Измайлово
12,3161215,1,291_3161215_1_204,374.0,443.0,МЦК Дубровка,Восточное Измайлово
12,3161215,1,291_3161215_1_209,426.0,495.0,МЦК Дубровка,Восточное Измайлово
12,3161215,1,291_3161215_1_211,450.0,520.0,МЦК Дубровка,Восточное Измайлово
12,3161215,1,291_3161215_1_212,486.0,557.0,МЦК Дубровка,Восточное Измайлово
12,3161215,1,291_3161215_1_215,534.0,605.0,МЦК Дубровка,Восточное Измайлово
12,3161215,1,291_3161215_2_206,462.0,532.0,МЦК Дубровка,Восточное Измайлово
12,3161215,1,291_3161215_2_207,474.0,544.0,МЦК Дубровка,Восточное Измайлово
12,3161215,1,291_3161215_2_213,558.0,629.0,МЦК Дубровка,Восточное Измайлово
12,3161215,1,291_3161215_2_214,582.0,653.0,МЦК Дубровка,Восточное Измайлово
12,3161215,1,291_3161215_2_216,750.0,822.0,МЦК Дубровка,Восточное Измайлово
12,3161215,1,291_3161215_2_217,775.0,847.0,МЦК Дубровка,Восточное Измайлово
12,3161215,1,291_3161215_2_218,799.0,871.0,МЦК Дубровка,Восточное Измайлово
12,3161215,1,291_3161215_2_805,394.0,463.0,МЦК Дубровка,Восточное Измайлово
12,3161215,1,291_3161215_2_808,414.0,483.0,МЦК Дубровка,Восточное Измайлово
12,3161215,1,291_3161215_2_810,438.0,507.0,МЦК Дубровка,Восточное Измайлово
12,3161215,1,291_3161215_3_201,498.0,569.0,МЦК Дубровка,Восточное Измайлово
12,3161215,1,291_3161215_3_202,510.0,581.0,МЦК Дубровка,Восточное Измайлово
12,3161215,1,291_3161215_3_203,522.0,593.0,МЦК Дубровка,Восточное Измайлово
12,3161215,1,291_3161215_3_204,546.0,617.0,МЦК Дубровка,Восточное Измайлово
12,3161215,1,291_3161215_3_209,606.0,677.0,МЦК Дубровка,Восточное Измайлово
12,3161215,1,291_3161215_3_211,630.0,701.0,МЦК Дубровка,Восточное Измайлово
12,3161215,1,291_3161215_3_212,666.0,737.0,МЦК Дубровка,Восточное Измайлово
12,3161215,1,291_3161215_3_215,714.0,786.0,МЦК Дубровка,Восточное Измайлово
12,3161215,1,291_3161215_4_206,642.0,713.0,МЦК Дубровка,Восточное Измайлово
12,3161215,1,291_3161215_4_207,654.0,725.0,МЦК Дубровка,Восточное Измайлово
12,3161215,1,291_3161215_4_213,738.0,810.0,МЦК Дубровка,Восточное Измайлово
12,3161215,1,291_3161215_4_214,762.0,834.0,МЦК Дубровка,Восточное Измайлово
12,3161215,1,291_3161215_4_216,930.0,1002.0,МЦК Дубровка,Восточное Измайлово
12,3161215,1,291_3161215_4_217,953.0,1025.0,МЦК Дубровка,Восточное Измайлово
12,3161215,1,291_3161215_4_218,978.0,1050.0,МЦК Дубровка,Восточное Измайлово
12,3161215,1,291_3161215_4_805,570.0,641.0,МЦК Дубровка,Восточное Измайлово
12,3161215,1,291_3161215_4_808,594.0,665.0,МЦК Дубровка,Восточное Измайлово
12,3161215,1,291_3161215_4_810,618.0,689.0,МЦК Дубровка,Восточное Измайлово
12,3161215,1,291_3161215_5_201,678.0,749.0,МЦК Дубровка,Восточное Измайлово
12,3161215,1,291_3161215_5_202,690.0,761.0,МЦК Дубровка,Восточное Измайлово
12,3161215,1,291_3161215_5_203,702.0,773.0,МЦК Дубровка,Восточное Измайлово
12,3161215,1,291_3161215_5_204,726.0,798.0,МЦК Дубровка,Восточное Измайлово
12,3161215,1,291_3161215_5_209,787.0,859.0,МЦК Дубровка,Восточное Измайлово
12,3161215,1,291_3161215_5_211,810.0,882.0,МЦК Дубровка,Восточное Измайлово
12,3161215,1,291_3161215_5_212,846.0,918.0,МЦК Дубровка,Восточное Измайлово
12,3161215,1,291_3161215_5_215,894.0,966.0,МЦК Дубровка,Восточное Измайлово
12,3161215,1,291_3161215_5_805,1032.0,1104.0,МЦК Дубровка,Восточное Измайлово
12,3161215,1,291_3161215_5_808,1062.0,1134.0,МЦК Дубровка,Восточное Измайлово
12,3161215,1,291_3161215_6_206,822.0,894.0,МЦК Дубровка,Восточное Измайлово
12,3161215,1,291_3161215_6_207,834.0,906.0,МЦК Дубровка,Восточное Измайлово
12,3161215,1,291_3161215_6_213,918.0,990.0,МЦК Дубровка,Восточное Измайлово
12,3161215,1,291_3161215_6_214,942.0,1014.0,МЦК Дубровка,Восточное Измайлово
12,3161215,1,291_3161215_6_216,1110.0,1182.0,МЦК Дубровка,Восточное Измайлово
12,3161215,1,291_3161215_6_217,1134.0,1206.0,МЦК Дубровка,Восточное Измайлово
12,3161215,1,291_3161215_6_218,1158.0,1230.0,МЦК Дубровка,Восточное Измайлово
12,3161215,1,291_3161215_6_810,1194.0,1264.0,МЦК Дубровка,Восточное Измайлово
12,3161215,1,291_3161215_7_201,858.0,930.0,МЦК Дубровка,Восточное Измайлово
12,3161215,1,291_3161215_7_202,870.0,942.0,МЦК Дубровка,Восточное Измайлово
12,3161215,1,291_3161215_7_203,882.0,954.0,МЦК Дубровка,Восточное Измайлово
12,3161215,1,291_3161215_7_204,906.0,978.0,МЦК Дубровка,Восточное Измайлово
12,3161215,1,291_3161215_7_209,966.0,1038.0,МЦК Дубровка,Восточное Измайлово
12,3161215,1,291_3161215_7_211,990.0,1062.0,МЦК Дубровка,Восточное Измайлово
12,3161215,1,291_3161215_7_212,1025.0,1097.0,МЦК Дубровка,Восточное Измайлово
12,3161215,1,291_3161215_7_215,1074.0,1146.0,МЦК Дубровка,Восточное Измайлово
12,3161215,1,291_3161215_7_805,1218.0,1287.0,МЦК Дубровка,Восточное Измайлово
12,3161215,1,291_3161215_7_808,1242.0,1311.0,МЦК Дубровка,Восточное Измайлово
12,3161215,1,291_3161215_8_206,1002.0,1074.0,МЦК Дубровка,Восточное Измайлово
12,3161215,1,291_3161215_8_207,1014.0,1086.0,МЦК Дубровка,Восточное Измайлово
12,3161215,1,291_3161215_8_213,1098.0,1170.0,МЦК Дубровка,Восточное Измайлово
12,3161215,1,291_3161215_8_214,1122.0,1194.0,МЦК Дубровка,Восточное Измайлово
12,3161215,1,291_3161215_8_216,1290.0,1359.0,МЦК Дубровка,Восточное Измайлово
12,3161215,1,291_3161215_8_217,1314.0,1383.0,МЦК Дубровка,Восточное Измайлово
12,3161215,1,291_3161215_8_218,1338.0,1405.0,МЦК Дубровка,Восточное Измайлово
12,3161215,1,291_3161215_8_810,1374.0,1441.0,МЦК Дубровка,Восточное Измайлово
12,3161215,1,291_3161215_9_201,1038.0,1110.0,МЦК Дубровка,Восточное Измайлово
12,3161215,1,291_3161215_9_202,1050.0,1122.0,МЦК Дубровка,Восточное Измайлово
12,3161215,1,291_3161215_9_203,1056.0,1128.0,МЦК Дубровка,Восточное Измайлово
12,3161215,1,291_3161215_9_204,1086.0,1158.0,МЦК Дубровка,Восточное Измайлово
12,3161215,1,291_3161215_9_209,1146.0,1218.0,МЦК Дубровка,Восточное Измайлово
12,3161215,1,291_3161215_9_211,1170.0,1241.0,МЦК Дубровка,Восточное Измайлово
12,3161215,1,291_3161215_9_212,1206.0,1275.0,МЦК Дубровка,Восточное Измайлово
12,3161215,1,291_3161215_9_215,1254.0,1323.0,МЦК Дубровка,Восточное Измайлово
12,3161215,1,291_3161215_9_805,1398.0,1465.0,МЦК Дубровка,Восточное Измайлово
12,3161215,1,291_3161215_9_808,1416.0,1483.0,МЦК Дубровка,Восточное Измайлово
17,3161086,0,375_3161086_10_201,645.0,683.0,Медведково,Останкино
17,3161086,0,375_3161086_10_202,670.0,708.0,Медведково,Останкино
17,3161086,0,375_3161086_10_204,685.0,723.0,Медведково,Останкино
17,3161086,0,375_3161086_10_207,710.0,748.0,Медведково,Останкино
17,3161086,0,375_3161086_10_209,720.0,758.0,Медведково,Останкино
17,3161086,0,375_3161086_10_210,726.0,764.0,Медведково,Останкино
17,3161086,0,375_3161086_10_212,737.0,775.0,Медведково,Останкино
17,3161086,0,375_3161086_10_214,743.0,781.0,Медведково,Останкино
17,3161086,0,375_3161086_10_215,747.0,785.0,Медведково,Останкино
17,3161086,0,375_3161086_10_216,752.0,790.0,Медведково,Останкино
17,3161086,0,375_3161086_10_218,761.0,799.0,Медведково,Останкино
17,3161086,0,375_3161086_10_220,767.0,805.0,Медведково,Останкино
17,3161086,0,375_3161086_10_221,792.0,830.0,Медведково,Останкино
17,3161086,0,375_3161086_10_222,777.0,815.0,Медведково,Останкино
17,3161086,0,375_3161086_10_223,802.0,840.0,Медведково,Останкино
17,3161086,0,375_3161086_10_224,782.0,820.0,Медведково,Останкино
17,3161086,0,375_3161086_10_225,787.0,825.0,Медведково,Останкино
17,3161086,0,375_3161086_11_803,1086.0,1124.0,Медведково,Останкино
17,3161086,0,375_3161086_11_805,1097.0,1135.0,Медведково,Останкино
17,3161086,0,375_3161086_11_806,1107.0,1145.0,Медведково,Останкино
17,3161086,0,375_3161086_11_808,1116.0,1154.0,Медведково,Останкино
17,3161086,0,375_3161086_11_811,1127.0,1165.0,Медведково,Останкино
17,3161086,0,375_3161086_11_813,1138.0,1176.0,Медведково,Останкино
17,3161086,0,375_3161086_11_817,1148.0,1186.0,Медведково,Останкино
17,3161086,0,375_3161086_11_819,1159.0,1197.0,Медведково,Останкино
17,3161086,0,375_3161086_12_201,732.0,770.0,Медведково,Останкино
17,3161086,0,375_3161086_12_202,757.0,795.0,Медведково,Останкино
17,3161086,0,375_3161086_12_204,772.0,810.0,Медведково,Останкино
17,3161086,0,375_3161086_12_207,797.0,835.0,Медведково,Останкино
17,3161086,0,375_3161086_12_209,807.0,845.0,Медведково,Останкино
17,3161086,0,375_3161086_12_210,813.0,851.0,Медведково,Останкино
17,3161086,0,375_3161086_12_212,824.0,862.0,Медведково,Останкино
17,3161086,0,375_3161086_12_214,830.0,868.0,Медведково,Останкино
17,3161086,0,375_3161086_12_215,834.0,872.0,Медведково,Останкино
17,3161086,0,375_3161086_12_216,839.0,877.0,Медведково,Останкино
17,3161086,0,375_3161086_12_218,848.0,886.0,Медведково,Останкино
17,3161086,0,375_3161086_12_220,854.0,892.0,Медведково,Останкино
17,3161086,0,375_3161086_12_221,879.0,917.0,Медведково,Останкино
17,3161086,0,375_3161086_12_222,864.0,902.0,Медведково,Останкино
17,3161086,0,375_3161086_12_223,889.0,927.0,Медведково,Останкино
17,3161086,0,375_3161086_12_224,869.0,907.0,Медведково,Останкино
17,3161086,0,375_3161086_12_225,874.0,912.0,Медведково,Останкино
17,3161086,0,375_3161086_13_803,1183.0,1221.0,Медведково,Останкино
17,3161086,0,375_3161086_13_805,1194.0,1232.0,Медведково,Останкино
17,3161086,0,375_3161086_13_806,1204.0,1242.0,Медведково,Останкино
17,3161086,0,375_3161086_13_808,1213.0,1251.0,Медведково,Останкино
17,3161086,0,375_3161086_13_811,1225.0,1263.0,Медведково,Останкино
17,3161086,0,375_3161086_13_813,1235.0,1273.0,Медведково,Останкино
17,3161086,0,375_3161086_13_817,1245.0,1283.0,Медведково,Останкино
17,3161086,0,375_3161086_13_819,1256.0,1294.0,Медведково,Останкино
17,3161086,0,375_3161086_14_201,819.0,857.0,Медведково,Останкино
17,3161086,0,375_3161086_14_202,844.0,882.0,Медведково,Останкино
17,3161086,0,375_3161086_14_204,859.0,897.0,Медведково,Останкино
17,3161086,0,375_3161086_14_207,884.0,922.0,Медведково,Останкино
17,3161086,0,375_3161086_14_209,894.0,932.0,Медведково,Останкино
17,3161086,0,375_3161086_14_210,900.0,938.0,Медведково,Останкино
17,3161086,0,375_3161086_14_212,910.0,948.0,Медведково,Останкино
17,3161086,0,375_3161086_14_214,917.0,955.0,Медведково,Останкино
17,3161086,0,375_3161086_14_215,921.0,959.0,Медведково,Останкино
17,3161086,0,375_3161086_14_216,926.0,964.0,Медведково,Останкино
17,3161086,0,375_3161086_14_218,935.0,973.0,Медведково,Останкино
17,3161086,0,375_3161086_14_220,941.0,979.0,Медведково,Останкино
17,3161086,0,375_3161086_14_221,967.0,1005.0,Медведково,Останкино
17,3161086,0,375_3161086_14_222,951.0,989.0,Медведково,Останкино
17,3161086,0,375_3161086_14_223,977.0,1015.0,Медведково,Останкино
17,3161086,0,375_3161086_14_224,957.0,995.0,Медведково,Останкино
17,3161086,0,375_3161086_14_225,962.0,1000.0,Медведково,Останкино
17,3161086,0,375_3161086_15_803,1271.0,1309.0,Медведково,Останкино
17,3161086,0,375_3161086_15_805,1281.0,1319.0,Медведково,Останкино
17,3161086,0,375_3161086_15_806,1292.0,1330.0,Медведково,Останкино
17,3161086,0,375_3161086_15_808,1301.0,1339.0,Медведково,Останкино
17,3161086,0,375_3161086_15_811,1314.0,1352.0,Медведково,Останкино
17,3161086,0,375_3161086_15_813,1323.0,1361.0,Медведково,Останкино
17,3161086,0,375_3161086_15_817,1334.0,1372.0,Медведково,Останкино
17,3161086,0,375_3161086_15_819,1342.0,1380.0,Медведково,Останкино
17,3161086,0,375_3161086_16_201,905.0,943.0,Медведково,Останкино
17,3161086,0,375_3161086_16_202,931.0,969.0,Медведково,Останкино
17,3161086,0,375_3161086_16_204,946.0,984.0,Медведково,Останкино
17,3161086,0,375_3161086_16_207,972.0,1010.0,Медведково,Останкино
17,3161086,0,375_3161086_16_209,982.0,1020.0,Медведково,Останкино
17,3161086,0,375_3161086_16_210,987.0,1025.0,Медведково,Останкино
17,3161086,0,375_3161086_16_212,996.0,1034.0,Медведково,Останкино
17,3161086,0,375_3161086_16_214,1004.0,1042.0,Медведково,Останкино
17,3161086,0,375_3161086_16_215,1007.0,1045.0,Медведково,Останкино
17,3161086,0,375_3161086_16_216,1013.0,1051.0,Медведково,Останкино
17,3161086,0,375_3161086_16_218,1023.0,1061.0,Медведково,Останкино
17,3161086,0,375_3161086_16_220,1027.0,1065.0,Медведково,Останкино
17,3161086,0,375_3161086_16_221,1054.0,1092.0,Медведково,Останкино
17,3161086,0,375_3161086_16_222,1037.0,1075.0,Медведково,Останкино
17,3161086,0,375_3161086_16_223,1064.0,1102.0,Медведково,Останкино
17,3161086,0,375_3161086_16_224,1044.0,1082.0,Медведково,Останкино
17,3161086,0,375_3161086_16_225,1048.0,1086.0,Медведково,Останкино
17,3161086,0,375_3161086_17_803,1367.0,1405.0,Медведково,Останкино
17,3161086,0,375_3161086_17_805,1383.0,1420.0,Медведково,Останкино
17,3161086,0,375_3161086_17_806,1393.0,1430.0,Медведково,Останкино
17,3161086,0,375_3161086_17_808,1406.0,1443.0,Медведково,Останкино
17,3161086,0,375_3161086_17_811,1413.0,1450.0,Медведково,Останкино
17,3161086,0,375_3161086_17_813,1425.0,1462.0,Медведково,Останкино
17,3161086,0,375_3161086_17_817,1434.0,1471.0,Медведково,Останкино
17,3161086,0,375_3161086_17_819,1446.0,1483.0,Медведково,Останкино
17,3161086,0,375_3161086_18_201,991.0,1029.0,Медведково,Останкино
17,3161086,0,375_3161086_18_202,1017.0,1055.0,Медведково,Останкино
17,3161086,0,375_3161086_18_204,1033.0,1071.0,Медведково,Останкино
17,3161086,0,375_3161086_18_207,1058.0,1096.0,Медведково,Останкино
17,3161086,0,375_3161086_18_209,1068.0,1106.0,Медведково,Останкино
17,3161086,0,375_3161086_18_210,1075.0,1113.0,Медведково,Останкино
17,3161086,0,375_3161086_18_212,1082.0,1120.0,Медведково,Останкино
17,3161086,0,375_3161086_18_214,1090.0,1128.0,Медведково,Останкино
17,3161086,0,375_3161086_18_215,1093.0,1131.0,Медведково,Останкино
17,3161086,0,375_3161086_18_216,1100.0,1138.0,Медведково,Останкино
17,3161086,0,375_3161086_18_218,1110.0,1148.0,Медведково,Останкино
17,3161086,0,375_3161086_18_220,1113.0,1151.0,Медведково,Останкино
17,3161086,0,375_3161086_18_221,1141.0,1179.0,Медведково,Останкино
17,3161086,0,375_3161086_18_222,1124.0,1162.0,Медведково,Останкино
17,3161086,0,375_3161086_18_223,1151.0,1189.0,Медведково,Останкино
17,3161086,0,375_3161086_18_224,1131.0,1169.0,Медведково,Останкино
17,3161086,0,375_3161086_18_225,1135.0,1173.0,Медведково,Останкино
17,3161086,0,375_3161086_1_803,290.0,328.0,Медведково,Останкино
17,3161086,0,375_3161086_1_805,306.0,344.0,Медведково,Останкино
17,3161086,0,375_3161086_1_806,314.0,352.0,Медведково,Останкино
17,3161086,0,375_3161086_1_808,330.0,368.0,Медведково,Останкино
17,3161086,0,375_3161086_1_811,346.0,384.0,Медведково,Останкино
17,3161086,0,375_3161086_1_813,354.0,392.0,Медведково,Останкино
17,3161086,0,375_3161086_1_817,370.0,408.0,Медведково,Останкино
17,3161086,0,375_3161086_1_819,382.0,420.0,Медведково,Останкино
17,3161086,0,375_3161086_20_201,1078.0,1116.0,Медведково,Останкино
17,3161086,0,375_3161086_20_202,1104.0,1142.0,Медведково,Останкино
17,3161086,0,375_3161086_20_204,1120.0,1158.0,Медведково,Останкино
17,3161086,0,375_3161086_20_207,1145.0,1183.0,Медведково,Останкино
17,3161086,0,375_3161086_20_209,1156.0,1194.0,Медведково,Останкино
17,3161086,0,375_3161086_20_210,1163.0,1201.0,Медведково,Останкино
17,3161086,0,375_3161086_20_212,1171.0,1209.0,Медведково,Останкино
17,3161086,0,375_3161086_20_214,1176.0,1214.0,Медведково,Останкино
17,3161086,0,375_3161086_20_215,1180.0,1218.0,Медведково,Останкино
17,3161086,0,375_3161086_20_216,1187.0,1225.0,Медведково,Останкино
17,3161086,0,375_3161086_20_218,1197.0,1235.0,Медведково,Останкино
17,3161086,0,375_3161086_20_220,1201.0,1239.0,Медведково,Останкино
17,3161086,0,375_3161086_20_221,1228.0,1266.0,Медведково,Останкино
17,3161086,0,375_3161086_20_222,1210.0,1248.0,Медведково,Останкино
17,3161086,0,375_3161086_20_223,1238.0,1276.0,Медведково,Останкино
17,3161086,0,375_3161086_20_224,1217.0,1255.0,Медведково,Останкино
17,3161086,0,375_3161086_20_225,1221.0,1259.0,Медведково,Останкино
17,3161086,0,375_3161086_22_201,1167.0,1205.0,Медведково,Останкино
17,3161086,0,375_3161086_22_202,1191.0,1229.0,Медведково,Останкино
17,3161086,0,375_3161086_22_204,1207.0,1245.0,Медведково,Останкино
17,3161086,0,375_3161086_22_207,1232.0,1270.0,Медведково,Останкино
17,3161086,0,375_3161086_22_209,1243.0,1281.0,Медведково,Останкино
17,3161086,0,375_3161086_22_210,1249.0,1287.0,Медведково,Останкино
17,3161086,0,375_3161086_22_212,1259.0,1297.0,Медведково,Останкино
17,3161086,0,375_3161086_22_214,1263.0,1301.0,Медведково,Останкино
17,3161086,0,375_3161086_22_215,1268.0,1306.0,Медведково,Останкино
17,3161086,0,375_3161086_22_216,1275.0,1313.0,Медведково,Останкино
17,3161086,0,375_3161086_22_218,1284.0,1322.0,Медведково,Останкино
17,3161086,0,375_3161086_22_220,1288.0,1326.0,Медведково,Останкино
17,3161086,0,375_3161086_22_221,1317.0,1355.0,Медведково,Останкино
17,3161086,0,375_3161086_22_222,1298.0,1336.0,Медведково,Останкино
17,3161086,0,375_3161086_22_223,1327.0,1365.0,Медведково,Останкино
17,3161086,0,375_3161086_22_224,1305.0,1343.0,Медведково,Останкино
17,3161086,0,375_3161086_22_225,1310.0,1348.0,Медведково,Останкино
17,3161086,0,375_3161086_24_212,1346.0,1384.0,Медведково,Останкино
17,3161086,0,375_3161086_24_214,1351.0,1390.0,Медведково,Останкино
17,3161086,0,375_3161086_24_215,1357.0,1396.0,Медведково,Останкино
17,3161086,0,375_3161086_24_216,1362.0,1401.0,Медведково,Останкино
17,3161086,0,375_3161086_24_218,1373.0,1411.0,Медведково,Останкино
17,3161086,0,375_3161086_24_220,1378.0,1415.0,Медведково,Останкино
17,3161086,0,375_3161086_24_222,1388.0,1425.0,Медведково,Останкино
17,3161086,0,375_3161086_24_223,1419.0,1456.0,Медведково,Останкино
17,3161086,0,375_3161086_24_224,1397.0,1434.0,Медведково,Останкино
17,3161086,0,375_3161086_24_225,1402.0,1439.0,Медведково,Останкино
17,3161086,0,375_3161086_26_220,1462.0,1499.0,Медведково,Останкино
17,3161086,0,375_3161086_26_222,1472.0,1509.0,Медведково,Останкино
17,3161086,0,375_3161086_26_224,1482.0,1519.0,Медведково,Останкино
17,3161086,0,375_3161086_2_201,298.0,336.0,Медведково,Останкино
17,3161086,0,375_3161086_2_202,322.0,360.0,Медведково,Останкино
17,3161086,0,375_3161086_2_204,338.0,376.0,Медведково,Останкино
17,3161086,0,375_3161086_2_207,362.0,400.0,Медведково,Останкино
17,3161086,0,375_3161086_2_209,373.0,411.0,Медведково,Останкино
17,3161086,0,375_3161086_2_210,379.0,417.0,Медведково,Останкино
17,3161086,0,375_3161086_2_212,389.0,427.0,Медведково,Останкино
17,3161086,0,375_3161086_2_214,396.0,434.0,Медведково,Останкино
17,3161086,0,375_3161086_2_215,399.0,437.0,Медведково,Останкино
17,3161086,0,375_3161086_2_216,406.0,444.0,Медведково,Останкино
17,3161086,0,375_3161086_2_218,413.0,451.0,Медведково,Останкино
17,3161086,0,375_3161086_2_220,421.0,459.0,Медведково,Останкино
17,3161086,0,375_3161086_2_221,446.0,484.0,Медведково,Останкино
17,3161086,0,375_3161086_2_222,428.0,466.0,Медведково,Останкино
17,3161086,0,375_3161086_2_223,454.0,492.0,Медведково,Останкино
17,3161086,0,375_3161086_2_224,435.0,473.0,Медведково,Останкино
17,3161086,0,375_3161086_2_225,438.0,476.0,Медведково,Останкино
17,3161086,0,375_3161086_3_803,376.0,414.0,Медведково,Останкино
17,3161086,0,375_3161086_3_805,393.0,431.0,Медведково,Останкино
17,3161086,0,375_3161086_3_806,402.0,440.0,Медведково,Останкино
17,3161086,0,375_3161086_3_808,417.0,455.0,Медведково,Останкино
17,3161086,0,375_3161086_3_811,432.0,470.0,Медведково,Останкино
17,3161086,0,375_3161086_3_813,442.0,480.0,Медведково,Останкино
17,3161086,0,375_3161086_3_817,457.0,495.0,Медведково,Останкино
17,3161086,0,375_3161086_3_819,469.0,507.0,Медведково,Останкино
17,3161086,0,375_3161086_4_201,385.0,423.0,Медведково,Останкино
17,3161086,0,375_3161086_4_202,409.0,447.0,Медведково,Останкино
17,3161086,0,375_3161086_4_204,425.0,463.0,Медведково,Останкино
17,3161086,0,375_3161086_4_207,450.0,488.0,Медведково,Останкино
17,3161086,0,375_3161086_4_209,460.0,498.0,Медведково,Останкино
17,3161086,0,375_3161086_4_210,466.0,504.0,Медведково,Останкино
17,3161086,0,375_3161086_4_212,476.0,514.0,Медведково,Останкино
17,3161086,0,375_3161086_4_214,483.0,521.0,Медведково,Останкино
17,3161086,0,375_3161086_4_215,486.0,524.0,Медведково,Останкино
17,3161086,0,375_3161086_4_216,493.0,531.0,Медведково,Останкино
17,3161086,0,375_3161086_4_218,500.0,538.0,Медведково,Останкино
17,3161086,0,375_3161086_4_220,508.0,546.0,Медведково,Останкино
17,3161086,0,375_3161086_4_221,533.0,571.0,Медведково,Останкино
17,3161086,0,375_3161086_4_222,515.0,553.0,Медведково,Останкино
17,3161086,0,375_3161086_4_223,541.0,579.0,Медведково,Останкино
17,3161086,0,375_3161086_4_224,522.0,560.0,Медведково,Останкино
17,3161086,0,375_3161086_4_225,525.0,563.0,Медведково,Останкино
17,3161086,0,375_3161086_5_803,463.0,501.0,Медведково,Останкино
17,3161086,0,375_3161086_5_805,480.0,518.0,Медведково,Останкино
17,3161086,0,375_3161086_5_806,489.0,527.0,Медведково,Останкино
17,3161086,0,375_3161086_5_808,504.0,542.0,Медведково,Останкино
17,3161086,0,375_3161086_5_811,519.0,557.0,Медведково,Останкино
17,3161086,0,375_3161086_5_813,529.0,567.0,Медведково,Останкино
17,3161086,0,375_3161086_5_817,545.0,583.0,Медведково,Останкино
17,3161086,0,375_3161086_5_819,556.0,594.0,Медведково,Останкино
17,3161086,0,375_3161086_6_201,472.0,510.0,Медведково,Останкино
17,3161086,0,375_3161086_6_202,496.0,534.0,Медведково,Останкино
17,3161086,0,375_3161086_6_204,512.0,550.0,Медведково,Останкино
17,3161086,0,375_3161086_6_207,537.0,575.0,Медведково,Останкино
17,3161086,0,375_3161086_6_209,548.0,586.0,Медведково,Останкино
17,3161086,0,375_3161086_6_210,553.0,591.0,Медведково,Останкино
17,3161086,0,375_3161086_6_212,564.0,602.0,Медведково,Останкино
17,3161086,0,375_3161086_6_214,570.0,608.0,Медведково,Останкино
17,3161086,0,375_3161086_6_215,573.0,611.0,Медведково,Останкино
17,3161086,0,375_3161086_6_216,578.0,616.0,Медведково,Останкино
17,3161086,0,375_3161086_6_218,587.0,625.0,Медведково,Останкино
17,3161086,0,375_3161086_6_220,593.0,631.0,Медведково,Останкино
17,3161086,0,375_3161086_6_221,618.0,656.0,Медведково,Останкино
17,3161086,0,375_3161086_6_222,602.0,640.0,Медведково,Останкино
17,3161086,0,375_3161086_6_223,627.0,665.0,Медведково,Останкино
17,3161086,0,375_3161086_6_224,608.0,646.0,Медведково,Останкино
17,3161086,0,375_3161086_6_225,612.0,650.0,Медведково,Останкино
17,3161086,0,375_3161086_8_201,560.0,598.0,Медведково,Останкино
17,3161086,0,375_3161086_8_202,582.0,620.0,Медведково,Останкино
17,3161086,0,375_3161086_8_204,598.0,636.0,Медведково,Останкино
17,3161086,0,375_3161086_8_207,622.0,660.0,Медведково,Останкино
17,3161086,0,375_3161086_8_209,634.0,672.0,Медведково,Останкино
17,3161086,0,375_3161086_8_210,639.0,677.0,Медведково,Останкино
17,3161086,0,375_3161086_8_212,650.0,688.0,Медведково,Останкино
17,3161086,0,375_3161086_8_214,656.0,694.0,Медведково,Останкино
17,3161086,0,375_3161086_8_215,660.0,698.0,Медведково,Останкино
17,3161086,0,375_3161086_8_216,665.0,703.0,Медведково,Останкино
17,3161086,0,375_3161086_8_218,674.0,712.0,Медведково,Останкино
17,3161086,0,375_3161086_8_220,680.0,718.0,Медведково,Останкино
17,3161086,0,375_3161086_8_221,705.0,743.0,Медведково,Останкино
17,3161086,0,375_3161086_8_222,690.0,728.0,Медведково,Останкино
17,3161086,0,375_3161086_8_223,715.0,753.0,Медведково,Останкино
17,3161086,0,375_3161086_8_224,695.0,733.0,Медведково,Останкино
17,3161086,0,375_3161086_8_225,700.0,738.0,Медведково,Останкино
17,3161086,0,375_3161086_9_803,1000.0,1038.0,Медведково,Останкино
17,3161086,0,375_3161086_9_805,1010.0,1048.0,Медведково,Останкино
17,3161086,0,375_3161086_9_806,1020.0,1058.0,Медведково,Останкино
17,3161086,0,375_3161086_9_808,1030.0,1068.0,Медведково,Останкино
17,3161086,0,375_3161086_9_811,1040.0,1078.0,Медведково,Останкино
17,3161086,0,375_3161086_9_813,1051.0,1089.0,Медведково,Останкино
17,3161086,0,375_3161086_9_817,1061.0,1099.0,Медведково,Останкино
17,3161086,0,375_3161086_9_819,1071.0,1109.0,Медведково,Останкино
17,3161086,1,375_3161086_10_803,1041.0,1079.0,Останкино,Медведково
17,3161086,1,375_3161086_10_805,1051.0,1089.0,Останкино,Медведково
17,3161086,1,375_3161086_10_806,1061.0,1099.0,Останкино,Медведково
17,3161086,1,375_3161086_10_808,1071.0,1109.0,Останкино,Медведково
17,3161086,1,375_3161086_10_811,1081.0,1119.0,Останкино,Медведково
17,3161086,1,375_3161086_10_813,1092.0,1130.0,Останкино,Медведково
17,3161086,1,375_3161086_10_817,1102.0,1140.0,Останкино,Медведково
17,3161086,1,375_3161086_10_819,1112.0,1150.0,Останкино,Медведково
17,3161086,1,375_3161086_11_201,686.0,724.0,Останкино,Медведково
17,3161086,1,375_3161086_11_202,711.0,749.0,Останкино,Медведково
17,3161086,1,375_3161086_11_204,726.0,764.0,Останкино,Медведково
17,3161086,1,375_3161086_11_207,751.0,789.0,Останкино,Медведково
17,3161086,1,375_3161086_11_209,761.0,799.0,Останкино,Медведково
17,3161086,1,375_3161086_11_210,767.0,805.0,Останкино,Медведково
17,3161086,1,375_3161086_11_212,778.0,816.0,Останкино,Медведково
17,3161086,1,375_3161086_11_214,784.0,822.0,Останкино,Медведково
17,3161086,1,375_3161086_11_215,788.0,826.0,Останкино,Медведково
17,3161086,1,375_3161086_11_216,793.0,831.0,Останкино,Медведково
17,3161086,1,375_3161086_11_218,802.0,840.0,Останкино,Медведково
17,3161086,1,375_3161086_11_220,808.0,846.0,Останкино,Медведково
17,3161086,1,375_3161086_11_221,833.0,871.0,Останкино,Медведково
17,3161086,1,375_3161086_11_222,818.0,856.0,Останкино,Медведково
17,3161086,1,375_3161086_11_223,843.0,881.0,Останкино,Медведково
17,3161086,1,375_3161086_11_224,823.0,861.0,Останкино,Медведково
17,3161086,1,375_3161086_11_225,828.0,866.0,Останкино,Медведково
17,3161086,1,375_3161086_12_803,1127.0,1165.0,Останкино,Медведково
17,3161086,1,375_3161086_12_805,1138.0,1176.0,Останкино,Медведково
17,3161086,1,375_3161086_12_806,1148.0,1186.0,Останкино,Медведково
17,3161086,1,375_3161086_12_808,1157.0,1195.0,Останкино,Медведково
17,3161086,1,375_3161086_12_811,1168.0,1206.0,Останкино,Медведково
17,3161086,1,375_3161086_12_813,1179.0,1217.0,Останкино,Медведково
17,3161086,1,375_3161086_12_817,1189.0,1227.0,Останкино,Медведково
17,3161086,1,375_3161086_12_819,1200.0,1238.0,Останкино,Медведково
17,3161086,1,375_3161086_13_201,773.0,811.0,Останкино,Медведково
17,3161086,1,375_3161086_13_202,798.0,836.0,Останкино,Медведково
17,3161086,1,375_3161086_13_204,813.0,851.0,Останкино,Медведково
17,3161086,1,375_3161086_13_207,838.0,876.0,Останкино,Медведково
17,3161086,1,375_3161086_13_209,848.0,886.0,Останкино,Медведково
17,3161086,1,375_3161086_13_210,854.0,892.0,Останкино,Медведково
17,3161086,1,375_3161086_13_212,865.0,903.0,Останкино,Медведково
17,3161086,1,375_3161086_13_214,871.0,909.0,Останкино,Медведково
17,3161086,1,375_3161086_13_215,875.0,913.0,Останкино,Медведково
17,3161086,1,375_3161086_13_216,880.0,918.0,Останкино,Медведково
17,3161086,1,375_3161086_13_218,889.0,927.0,Останкино,Медведково
17,3161086,1,375_3161086_13_220,895.0,933.0,Останкино,Медведково
17,3161086,1,375_3161086_13_221,920.0,958.0,Останкино,Медведково
17,3161086,1,375_3161086_13_222,905.0,943.0,Останкино,Медведково
17,3161086,1,375_3161086_13_223,930.0,968.0,Останкино,Медведково
17,3161086,1,375_3161086_13_224,910.0,948.0,Останкино,Медведково
17,3161086,1,375_3161086_13_225,915.0,953.0,Останкино,Медведково
17,3161086,1,375_3161086_14_803,1224.0,1262.0,Останкино,Медведково
17,3161086,1,375_3161086_14_805,1235.0,1273.0,Останкино,Медведково
17,3161086,1,375_3161086_14_806,1245.0,1283.0,Останкино,Медведково
17,3161086,1,375_3161086_14_808,1254.0,1292.0,Останкино,Медведково
17,3161086,1,375_3161086_14_811,1266.0,1304.0,Останкино,Медведково
17,3161086,1,375_3161086_14_813,1276.0,1314.0,Останкино,Медведково
17,3161086,1,375_3161086_14_817,1288.0,1326.0,Останкино,Медведково
17,3161086,1,375_3161086_14_819,1297.0,1335.0,Останкино,Медведково
17,3161086,1,375_3161086_15_201,860.0,898.0,Останкино,Медведково
17,3161086,1,375_3161086_15_202,885.0,923.0,Останкино,Медведково
17,3161086,1,375_3161086_15_204,900.0,938.0,Останкино,Медведково
17,3161086,1,375_3161086_15_207,925.0,963.0,Останкино,Медведково
17,3161086,1,375_3161086_15_209,935.0,973.0,Останкино,Медведково
17,3161086,1,375_3161086_15_210,941.0,979.0,Останкино,Медведково
17,3161086,1,375_3161086_15_212,951.0,989.0,Останкино,Медведково
17,3161086,1,375_3161086_15_214,958.0,996.0,Останкино,Медведково
17,3161086,1,375_3161086_15_215,962.0,1000.0,Останкино,Медведково
17,3161086,1,375_3161086_15_216,967.0,1005.0,Останкино,Медведково
17,3161086,1,375_3161086_15_218,976.0,1014.0,Останкино,Медведково
17,3161086,1,375_3161086_15_220,982.0,1020.0,Останкино,Медведково
17,3161086,1,375_3161086_15_221,1008.0,1046.0,Останкино,Медведково
17,3161086,1,375_3161086_15_222,992.0,1030.0,Останкино,Медведково
17,3161086,1,375_3161086_15_223,1018.0,1056.0,Останкино,Медведково
17,3161086,1,375_3161086_15_224,998.0,1036.0,Останкино,Медведково
17,3161086,1,375_3161086_15_225,1003.0,1041.0,Останкино,Медведково
17,3161086,1,375_3161086_16_803,1312.0,1350.0,Останкино,Медведково
17,3161086,1,375_3161086_16_805,1322.0,1360.0,Останкино,Медведково
17,3161086,1,375_3161086_16_806,1333.0,1371.0,Останкино,Медведково
17,3161086,1,375_3161086_16_808,1342.0,1380.0,Останкино,Медведково
17,3161086,1,375_3161086_16_811,1355.0,1393.0,Останкино,Медведково
17,3161086,1,375_3161086_16_813,1365.0,1402.0,Останкино,Медведково
17,3161086,1,375_3161086_16_817,1375.0,1412.0,Останкино,Медведково
17,3161086,1,375_3161086_16_819,1384.0,1421.0,Останкино,Медведково
17,3161086,1,375_3161086_17_201,946.0,984.0,Останкино,Медведково
17,3161086,1,375_3161086_17_202,972.0,1010.0,Останкино,Медведково
17,3161086,1,375_3161086_17_204,987.0,1025.0,Останкино,Медведково
17,3161086,1,375_3161086_17_207,1013.0,1051.0,Останкино,Медведково
17,3161086,1,375_3161086_17_209,1023.0,1061.0,Останкино,Медведково
17,3161086,1,375_3161086_17_210,1028.0,1066.0,Останкино,Медведково
17,3161086,1,375_3161086_17_212,1037.0,1075.0,Останкино,Медведково
17,3161086,1,375_3161086_17_214,1045.0,1083.0,Останкино,Медведково
17,3161086,1,375_3161086_17_215,1048.0,1086.0,Останкино,Медведково
17,3161086,1,375_3161086_17_216,1054.0,1092.0,Останкино,Медведково
17,3161086,1,375_3161086_17_218,1064.0,1102.0,Останкино,Медведково
17,3161086,1,375_3161086_17_220,1068.0,1106.0,Останкино,Медведково
17,3161086,1,375_3161086_17_221,1095.0,1133.0,Останкино,Медведково
17,3161086,1,375_3161086_17_222,1078.0,1116.0,Останкино,Медведково
17,3161086,1,375_3161086_17_223,1105.0,1143.0,Останкино,Медведково
17,3161086,1,375_3161086_17_224,1085.0,1123.0,Останкино,Медведково
17,3161086,1,375_3161086_17_225,1089.0,1127.0,Останкино,Медведково
17,3161086,1,375_3161086_18_803,1410.0,1447.0,Останкино,Медведково
17,3161086,1,375_3161086_18_805,1423.0,1460.0,Останкино,Медведково
17,3161086,1,375_3161086_18_806,1433.0,1470.0,Останкино,Медведково
17,3161086,1,375_3161086_18_808,1446.0,1483.0,Останкино,Медведково
17,3161086,1,375_3161086_18_811,1456.0,1493.0,Останкино,Медведково
17,3161086,1,375_3161086_18_813,1466.0,1503.0,Останкино,Медведково
17,3161086,1,375_3161086_18_817,1476.0,1513.0,Останкино,Медведково
17,3161086,1,375_3161086_18_819,1486.0,1523.0,Останкино,Медведково
17,3161086,1,375_3161086_19_201,1032.0,1070.0,Останкино,Медведково
17,3161086,1,375_3161086_19_202,1058.0,1096.0,Останкино,Медведково
17,3161086,1,375_3161086_19_204,1074.0,1112.0,Останкино,Медведково
17,3161086,1,375_3161086_19_207,1099.0,1137.0,Останкино,Медведково
17,3161086,1,375_3161086_19_209,1109.0,1147.0,Останкино,Медведково
17,3161086,1,375_3161086_19_210,1116.0,1154.0,Останкино,Медведково
17,3161086,1,375_3161086_19_212,1123.0,1161.0,Останкино,Медведково
17,3161086,1,375_3161086_19_214,1131.0,1169.0,Останкино,Медведково
17,3161086,1,375_3161086_19_215,1134.0,1172.0,Останкино,Медведково
17,3161086,1,375_3161086_19_216,1141.0,1179.0,Останкино,Медведково
17,3161086,1,375_3161086_19_218,1151.0,1189.0,Останкино,Медведково
17,3161086,1,375_3161086_19_220,1154.0,1192.0,Останкино,Медведково
17,3161086,1,375_3161086_19_221,1182.0,1220.0,Останкино,Медведково
17,3161086,1,375_3161086_19_222,1165.0,1203.0,Останкино,Медведково
17,3161086,1,375_3161086_19_223,1192.0,1230.0,Останкино,Медведково
17,3161086,1,375_3161086_19_224,1172.0,1210.0,Останкино,Медведково
17,3161086,1,375_3161086_19_225,1176.0,1214.0,Останкино,Медведково
17,3161086,1,375_3161086_1_221,399.0,437.0,Останкино,Медведково
17,3161086,1,375_3161086_1_223,407.0,445.0,Останкино,Медведково
17,3161086,1,375_3161086_21_201,1119.0,1157.0,Останкино,Медведково
17,3161086,1,375_3161086_21_202,1145.0,1183.0,Останкино,Медведково
17,3161086,1,375_3161086_21_204,1161.0,1199.0,Останкино,Медведково
17,3161086,1,375_3161086_21_207,1186.0,1224.0,Останкино,Медведково
17,3161086,1,375_3161086_21_209,1197.0,1235.0,Останкино,Медведково
17,3161086,1,375_3161086_21_210,1204.0,1242.0,Останкино,Медведково
17,3161086,1,375_3161086_21_212,1212.0,1250.0,Останкино,Медведково
17,3161086,1,375_3161086_21_214,1217.0,1255.0,Останкино,Медведково
17,3161086,1,375_3161086_21_215,1221.0,1259.0,Останкино,Медведково
17,3161086,1,375_3161086_21_216,1228.0,1266.0,Останкино,Медведково
17,3161086,1,375_3161086_21_218,1238.0,1276.0,Останкино,Медведково
17,3161086,1,375_3161086_21_220,1242.0,1280.0,Останкино,Медведково
17,3161086,1,375_3161086_21_221,1269.0,1307.0,Останкино,Медведково
17,3161086,1,375_3161086_21_222,1251.0,1289.0,Останкино,Медведково
17,3161086,1,375_3161086_21_223,1279.0,1317.0,Останкино,Медведково
17,3161086,1,375_3161086_21_224,1258.0,1296.0,Останкино,Медведково
17,3161086,1,375_3161086_21_225,1262.0,1300.0,Останкино,Медведково
17,3161086,1,375_3161086_23_201,1208.0,1246.0,Останкино,Медведково
17,3161086,1,375_3161086_23_202,1232.0,1270.0,Останкино,Медведково
17,3161086,1,375_3161086_23_204,1248.0,1286.0,Останкино,Медведково
17,3161086,1,375_3161086_23_207,1273.0,1311.0,Останкино,Медведково
17,3161086,1,375_3161086_23_209,1284.0,1322.0,Останкино,Медведково
17,3161086,1,375_3161086_23_210,1291.0,1329.0,Останкино,Медведково
17,3161086,1,375_3161086_23_212,1300.0,1338.0,Останкино,Медведково
17,3161086,1,375_3161086_23_214,1304.0,1342.0,Останкино,Медведково
17,3161086,1,375_3161086_23_215,1309.0,1347.0,Останкино,Медведково
17,3161086,1,375_3161086_23_216,1316.0,1354.0,Останкино,Медведково
17,3161086,1,375_3161086_23_218,1325.0,1363.0,Останкино,Медведково
17,3161086,1,375_3161086_23_220,1329.0,1367.0,Останкино,Медведково
17,3161086,1,375_3161086_23_221,1358.0,1396.0,Останкино,Медведково
17,3161086,1,375_3161086_23_222,1338.0,1376.0,Останкино,Медведково
17,3161086,1,375_3161086_23_223,1369.0,1406.0,Останкино,Медведково
17,3161086,1,375_3161086_23_224,1346.0,1384.0,Останкино,Медведково
17,3161086,1,375_3161086_23_225,1351.0,1389.0,Останкино,Медведково
17,3161086,1,375_3161086_25_214,1393.0,1430.0,Останкино,Медведково
17,3161086,1,375_3161086_25_216,1404.0,1441.0,Останкино,Медведково
17,3161086,1,375_3161086_25_220,1418.0,1455.0,Останкино,Медведково
17,3161086,1,375_3161086_25_222,1428.0,1465.0,Останкино,Медведково
17,3161086,1,375_3161086_25_224,1437.0,1474.0,Останкино,Медведково
17,3161086,1,375_3161086_2_803,331.0,369.0,Останкино,Медведково
17,3161086,1,375_3161086_2_805,347.0,385.0,Останкино,Медведково
17,3161086,1,375_3161086_2_806,355.0,393.0,Останкино,Медведково
17,3161086,1,375_3161086_2_808,371.0,409.0,Останкино,Медведково
17,3161086,1,375_3161086_2_811,387.0,425.0,Останкино,Медведково
17,3161086,1,375_3161086_2_813,395.0,433.0,Останкино,Медведково
17,3161086,1,375_3161086_2_817,411.0,449.0,Останкино,Медведково
17,3161086,1,375_3161086_2_819,423.0,461.0,Останкино,Медведково
17,3161086,1,375_3161086_3_201,339.0,377.0,Останкино,Медведково
17,3161086,1,375_3161086_3_202,363.0,401.0,Останкино,Медведково
17,3161086,1,375_3161086_3_204,379.0,417.0,Останкино,Медведково
17,3161086,1,375_3161086_3_207,403.0,441.0,Останкино,Медведково
17,3161086,1,375_3161086_3_209,414.0,452.0,Останкино,Медведково
17,3161086,1,375_3161086_3_210,420.0,458.0,Останкино,Медведково
17,3161086,1,375_3161086_3_212,430.0,468.0,Останкино,Медведково
17,3161086,1,375_3161086_3_214,437.0,475.0,Останкино,Медведково
17,3161086,1,375_3161086_3_215,440.0,478.0,Останкино,Медведково
17,3161086,1,375_3161086_3_216,447.0,485.0,Останкино,Медведково
17,3161086,1,375_3161086_3_218,454.0,492.0,Останкино,Медведково
17,3161086,1,375_3161086_3_220,462.0,500.0,Останкино,Медведково
17,3161086,1,375_3161086_3_221,487.0,525.0,Останкино,Медведково
17,3161086,1,375_3161086_3_222,469.0,507.0,Останкино,Медведково
17,3161086,1,375_3161086_3_223,495.0,533.0,Останкино,Медведково
17,3161086,1,375_3161086_3_224,476.0,514.0,Останкино,Медведково
17,3161086,1,375_3161086_3_225,479.0,517.0,Останкино,Медведково
17,3161086,1,375_3161086_4_803,417.0,455.0,Останкино,Медведково
17,3161086,1,375_3161086_4_805,434.0,472.0,Останкино,Медведково
17,3161086,1,375_3161086_4_806,443.0,481.0,Останкино,Медведково
17,3161086,1,375_3161086_4_808,458.0,496.0,Останкино,Медведково
17,3161086,1,375_3161086_4_811,473.0,511.0,Останкино,Медведково
17,3161086,1,375_3161086_4_813,483.0,521.0,Останкино,Медведково
17,3161086,1,375_3161086_4_817,498.0,536.0,Останкино,Медведково
17,3161086,1,375_3161086_4_819,510.0,548.0,Останкино,Медведково
17,3161086,1,375_3161086_5_201,426.0,464.0,Останкино,Медведково
17,3161086,1,375_3161086_5_202,450.0,488.0,Останкино,Медведково
17,3161086,1,375_3161086_5_204,466.0,504.0,Останкино,Медведково
17,3161086,1,375_3161086_5_207,491.0,529.0,Останкино,Медведково
17,3161086,1,375_3161086_5_209,501.0,539.0,Останкино,Медведково
17,3161086,1,375_3161086_5_210,507.0,545.0,Останкино,Медведково
17,3161086,1,375_3161086_5_212,517.0,555.0,Останкино,Медведково
17,3161086,1,375_3161086_5_214,524.0,562.0,Останкино,Медведково
17,3161086,1,375_3161086_5_215,527.0,565.0,Останкино,Медведково
17,3161086,1,375_3161086_5_216,534.0,572.0,Останкино,Медведково
17,3161086,1,375_3161086_5_218,541.0,579.0,Останкино,Медведково
17,3161086,1,375_3161086_5_220,549.0,587.0,Останкино,Медведково
17,3161086,1,375_3161086_5_221,574.0,612.0,Останкино,Медведково
17,3161086,1,375_3161086_5_222,556.0,594.0,Останкино,Медведково
17,3161086,1,375_3161086_5_223,582.0,620.0,Останкино,Медведково
17,3161086,1,375_3161086_5_224,563.0,601.0,Останкино,Медведково
17,3161086,1,375_3161086_5_225,566.0,604.0,Останкино,Медведково
17,3161086,1,375_3161086_6_803,504.0,542.0,Останкино,Медведково
17,3161086,1,375_3161086_6_805,521.0,559.0,Останкино,Медведково
17,3161086,1,375_3161086_6_806,530.0,568.0,Останкино,Медведково
17,3161086,1,375_3161086_6_808,545.0,583.0,Останкино,Медведково
17,3161086,1,375_3161086_6_811,560.0,598.0,Останкино,Медведково
17,3161086,1,375_3161086_6_813,570.0,608.0,Останкино,Медведково
17,3161086,1,375_3161086_6_817,586.0,624.0,Останкино,Медведково
17,3161086,1,375_3161086_6_819,597.0,635.0,Останкино,Медведково
17,3161086,1,375_3161086_7_201,513.0,551.0,Останкино,Медведково
17,3161086,1,375_3161086_7_202,537.0,575.0,Останкино,Медведково
17,3161086,1,375_3161086_7_204,553.0,591.0,Останкино,Медведково
17,3161086,1,375_3161086_7_207,578.0,616.0,Останкино,Медведково
17,3161086,1,375_3161086_7_209,590.0,628.0,Останкино,Медведково
17,3161086,1,375_3161086_7_210,594.0,632.0,Останкино,Медведково
17,3161086,1,375_3161086_7_212,605.0,643.0,Останкино,Медведково
17,3161086,1,375_3161086_7_214,611.0,649.0,Останкино,Медведково
17,3161086,1,375_3161086_7_215,614.0,652.0,Останкино,Медведково
17,3161086,1,375_3161086_7_216,619.0,657.0,Останкино,Медведково
17,3161086,1,375_3161086_7_218,628.0,666.0,Останкино,Медведково
17,3161086,1,375_3161086_7_220,633.0,671.0,Останкино,Медведково
17,3161086,1,375_3161086_7_221,659.0,697.0,Останкино,Медведково
17,3161086,1,375_3161086_7_222,643.0,681.0,Останкино,Медведково
17,3161086,1,375_3161086_7_223,668.0,706.0,Останкино,Медведково
17,3161086,1,375_3161086_7_224,649.0,687.0,Останкино,Медведково
17,3161086,1,375_3161086_7_225,653.0,691.0,Останкино,Медведково
17,3161086,1,375_3161086_9_201,601.0,639.0,Останкино,Медведково
17,3161086,1,375_3161086_9_202,623.0,661.0,Останкино,Медведково
17,3161086,1,375_3161086_9_204,638.0,676.0,Останкино,Медведково
17,3161086,1,375_3161086_9_207,663.0,701.0,Останкино,Медведково
17,3161086,1,375_3161086_9_209,675.0,713.0,Останкино,Медведково
17,3161086,1,375_3161086_9_210,680.0,718.0,Останкино,Медведково
17,3161086,1,375_3161086_9_212,691.0,729.0,Останкино,Медведково
17,3161086,1,375_3161086_9_214,697.0,735.0,Останкино,Медведково
17,3161086,1,375_3161086_9_215,701.0,739.0,Останкино,Медведково
17,3161086,1,375_3161086_9_216,706.0,744.0,Останкино,Медведково
17,3161086,1,375_3161086_9_218,715.0,753.0,Останкино,Медведково
17,3161086,1,375_3161086_9_220,721.0,759.0,Останкино,Медведково
17,3161086,1,375_3161086_9_221,746.0,784.0,Останкино,Медведково
17,3161086,1,375_3161086_9_222,731.0,769.0,Останкино,Медведково
17,3161086,1,375_3161086_9_223,756.0,794.0,Останкино,Медведково
17,3161086,1,375_3161086_9_224,736.0,774.0,Останкино,Медведково
17,3161086,1,375_3161086_9_225,741.0,779.0,Останкино,Медведково
17,3162599,0,375_3162599_10_110,726.0,760.0,Медведково,Останкино
17,3162599,0,375_3162599_10_114,814.0,848.0,Медведково,Останкино
17,3162599,0,375_3162599_10_120,901.0,935.0,Медведково,Останкино
17,3162599,0,375_3162599_10_121,948.0,982.0,Медведково,Останкино
17,3162599,0,375_3162599_10_123,1137.0,1171.0,Медведково,Останкино
17,3162599,0,375_3162599_10_125,1191.0,1225.0,Медведково,Останкино
17,3162599,0,375_3162599_10_201,629.0,663.0,Медведково,Останкино
17,3162599,0,375_3162599_10_203,657.0,691.0,Медведково,Останкино
17,3162599,0,375_3162599_10_205,682.0,716.0,Медведково,Останкино
17,3162599,0,375_3162599_10_212,774.0,808.0,Медведково,Останкино
17,3162599,0,375_3162599_10_215,828.0,862.0,Медведково,Останкино
17,3162599,0,375_3162599_10_216,832.0,866.0,Медведково,Останкино
17,3162599,0,375_3162599_10_217,850.0,884.0,Медведково,Останкино
17,3162599,0,375_3162599_10_218,869.0,903.0,Медведково,Останкино
17,3162599,0,375_3162599_10_219,882.0,916.0,Медведково,Останкино
17,3162599,0,375_3162599_11_802,706.0,740.0,Медведково,Останкино
17,3162599,0,375_3162599_11_804,722.0,756.0,Медведково,Останкино
17,3162599,0,375_3162599_11_806,734.0,768.0,Медведково,Останкино
17,3162599,0,375_3162599_11_807,754.0,788.0,Медведково,Останкино
17,3162599,0,375_3162599_11_808,758.0,792.0,Медведково,Останкино
17,3162599,0,375_3162599_11_809,778.0,812.0,Медведково,Останкино
17,3162599,0,375_3162599_11_811,798.0,832.0,Медведково,Останкино
17,3162599,0,375_3162599_11_813,846.0,880.0,Медведково,Останкино
17,3162599,0,375_3162599_12_110,810.0,844.0,Медведково,Останкино
17,3162599,0,375_3162599_12_114,896.0,930.0,Медведково,Останкино
17,3162599,0,375_3162599_12_201,710.0,744.0,Медведково,Останкино
17,3162599,0,375_3162599_12_203,742.0,776.0,Медведково,Останкино
17,3162599,0,375_3162599_12_205,762.0,796.0,Медведково,Останкино
17,3162599,0,375_3162599_12_212,855.0,889.0,Медведково,Останкино
17,3162599,0,375_3162599_12_215,910.0,944.0,Медведково,Останкино
17,3162599,0,375_3162599_12_216,914.0,948.0,Медведково,Останкино
17,3162599,0,375_3162599_12_217,932.0,966.0,Медведково,Останкино
17,3162599,0,375_3162599_12_218,952.0,986.0,Медведково,Останкино
17,3162599,0,375_3162599_12_219,964.0,998.0,Медведково,Останкино
17,3162599,0,375_3162599_13_802,927.0,961.0,Медведково,Останкино
17,3162599,0,375_3162599_13_804,944.0,978.0,Медведково,Останкино
17,3162599,0,375_3162599_13_806,976.0,1010.0,Медведково,Останкино
17,3162599,0,375_3162599_13_807,984.0,1018.0,Медведково,Останкино
17,3162599,0,375_3162599_13_808,992.0,1026.0,Медведково,Останкино
17,3162599,0,375_3162599_13_809,1029.0,1063.0,Медведково,Останкино
17,3162599,0,375_3162599_13_811,1045.0,1079.0,Медведково,Останкино
17,3162599,0,375_3162599_13_813,1061.0,1095.0,Медведково,Останкино
17,3162599,0,375_3162599_14_110,892.0,926.0,Медведково,Останкино
17,3162599,0,375_3162599_14_114,980.0,1014.0,Медведково,Останкино
17,3162599,0,375_3162599_14_201,794.0,828.0,Медведково,Останкино
17,3162599,0,375_3162599_14_203,823.0,857.0,Медведково,Останкино
17,3162599,0,375_3162599_14_205,842.0,876.0,Медведково,Останкино
17,3162599,0,375_3162599_14_212,936.0,970.0,Медведково,Останкино
17,3162599,0,375_3162599_14_215,995.0,1029.0,Медведково,Останкино
17,3162599,0,375_3162599_14_216,998.0,1032.0,Медведково,Останкино
17,3162599,0,375_3162599_14_217,1013.0,1047.0,Медведково,Останкино
17,3162599,0,375_3162599_14_218,1033.0,1067.0,Медведково,Останкино
17,3162599,0,375_3162599_14_219,1049.0,1083.0,Медведково,Останкино
17,3162599,0,375_3162599_15_802,1009.0,1043.0,Медведково,Останкино
17,3162599,0,375_3162599_15_804,1025.0,1059.0,Медведково,Останкино
17,3162599,0,375_3162599_15_806,1057.0,1091.0,Медведково,Останкино
17,3162599,0,375_3162599_15_807,1065.0,1099.0,Медведково,Останкино
17,3162599,0,375_3162599_15_808,1073.0,1107.0,Медведково,Останкино
17,3162599,0,375_3162599_15_809,1109.0,1143.0,Медведково,Останкино
17,3162599,0,375_3162599_15_811,1127.0,1161.0,Медведково,Останкино
17,3162599,0,375_3162599_15_813,1142.0,1176.0,Медведково,Останкино
17,3162599,0,375_3162599_16_201,878.0,912.0,Медведково,Останкино
17,3162599,0,375_3162599_16_203,905.0,939.0,Медведково,Останкино
17,3162599,0,375_3162599_16_205,923.0,957.0,Медведково,Останкино
17,3162599,0,375_3162599_16_212,1017.0,1051.0,Медведково,Останкино
17,3162599,0,375_3162599_16_215,1077.0,1111.0,Медведково,Останкино
17,3162599,0,375_3162599_16_216,1081.0,1115.0,Медведково,Останкино
17,3162599,0,375_3162599_16_217,1093.0,1127.0,Медведково,Останкино
17,3162599,0,375_3162599_16_218,1113.0,1147.0,Медведково,Останкино
17,3162599,0,375_3162599_16_219,1132.0,1166.0,Медведково,Останкино
17,3162599,0,375_3162599_17_802,1101.0,1135.0,Медведково,Останкино
17,3162599,0,375_3162599_17_804,1117.0,1151.0,Медведково,Останкино
17,3162599,0,375_3162599_17_806,1147.0,1181.0,Медведково,Останкино
17,3162599,0,375_3162599_17_807,1159.0,1193.0,Медведково,Останкино
17,3162599,0,375_3162599_17_808,1168.0,1202.0,Медведково,Останкино
17,3162599,0,375_3162599_17_809,1200.0,1234.0,Медведково,Останкино
17,3162599,0,375_3162599_17_811,1219.0,1253.0,Медведково,Останкино
17,3162599,0,375_3162599_17_813,1231.0,1265.0,Медведково,Останкино
17,3162599,0,375_3162599_18_201,960.0,994.0,Медведково,Останкино
17,3162599,0,375_3162599_18_203,988.0,1022.0,Медведково,Останкино
17,3162599,0,375_3162599_18_205,1005.0,1039.0,Медведково,Останкино
17,3162599,0,375_3162599_18_212,1097.0,1131.0,Медведково,Останкино
17,3162599,0,375_3162599_18_215,1153.0,1187.0,Медведково,Останкино
17,3162599,0,375_3162599_18_216,1164.0,1198.0,Медведково,Останкино
17,3162599,0,375_3162599_18_217,1177.0,1211.0,Медведково,Останкино
17,3162599,0,375_3162599_18_218,1194.0,1228.0,Медведково,Останкино
17,3162599,0,375_3162599_18_219,1211.0,1245.0,Медведково,Останкино
17,3162599,0,375_3162599_19_802,1186.0,1220.0,Медведково,Останкино
17,3162599,0,375_3162599_19_804,1205.0,1239.0,Медведково,Останкино
17,3162599,0,375_3162599_19_806,1225.0,1259.0,Медведково,Останкино
17,3162599,0,375_3162599_19_807,1239.0,1273.0,Медведково,Останкино
17,3162599,0,375_3162599_19_808,1252.0,1286.0,Медведково,Останкино
17,3162599,0,375_3162599_19_809,1287.0,1321.0,Медведково,Останкино
17,3162599,0,375_3162599_19_811,1307.0,1341.0,Медведково,Останкино
17,3162599,0,375_3162599_19_813,1320.0,1354.0,Медведково,Останкино
17,3162599,0,375_3162599_1_802,291.0,325.0,Медведково,Останкино
17,3162599,0,375_3162599_1_804,299.0,333.0,Медведково,Останкино
17,3162599,0,375_3162599_1_806,317.0,351.0,Медведково,Останкино
17,3162599,0,375_3162599_1_807,335.0,369.0,Медведково,Останкино
17,3162599,0,375_3162599_1_808,344.0,378.0,Медведково,Останкино
17,3162599,0,375_3162599_1_809,360.0,394.0,Медведково,Останкино
17,3162599,0,375_3162599_1_811,374.0,408.0,Медведково,Останкино
17,3162599,0,375_3162599_1_813,428.0,462.0,Медведково,Останкино
17,3162599,0,375_3162599_20_201,1041.0,1075.0,Медведково,Останкино
17,3162599,0,375_3162599_20_203,1069.0,1103.0,Медведково,Останкино
17,3162599,0,375_3162599_20_205,1089.0,1123.0,Медведково,Останкино
17,3162599,0,375_3162599_20_212,1183.0,1217.0,Медведково,Останкино
17,3162599,0,375_3162599_20_216,1245.0,1279.0,Медведково,Останкино
17,3162599,0,375_3162599_20_217,1259.0,1293.0,Медведково,Останкино
17,3162599,0,375_3162599_20_218,1280.0,1314.0,Медведково,Останкино
17,3162599,0,375_3162599_20_219,1300.0,1334.0,Медведково,Останкино
17,3162599,0,375_3162599_21_802,1273.0,1307.0,Медведково,Останкино
17,3162599,0,375_3162599_21_804,1294.0,1328.0,Медведково,Останкино
17,3162599,0,375_3162599_21_806,1314.0,1348.0,Медведково,Останкино
17,3162599,0,375_3162599_21_807,1332.0,1366.0,Медведково,Останкино
17,3162599,0,375_3162599_21_808,1338.0,1372.0,Медведково,Останкино
17,3162599,0,375_3162599_21_809,1367.0,1401.0,Медведково,Останкино
17,3162599,0,375_3162599_21_811,1387.0,1420.0,Медведково,Останкино
17,3162599,0,375_3162599_21_813,1401.0,1434.0,Медведково,Останкино
17,3162599,0,375_3162599_22_201,1123.0,1157.0,Медведково,Останкино
17,3162599,0,375_3162599_22_212,1266.0,1300.0,Медведково,Останкино
17,3162599,0,375_3162599_22_216,1326.0,1360.0,Медведково,Останкино
17,3162599,0,375_3162599_22_217,1345.0,1379.0,Медведково,Останкино
17,3162599,0,375_3162599_22_218,1360.0,1395.0,Медведково,Останкино
17,3162599,0,375_3162599_22_219,1381.0,1414.0,Медведково,Останкино
17,3162599,0,375_3162599_23_802,1353.0,1388.0,Медведково,Останкино
17,3162599,0,375_3162599_23_804,1374.0,1408.0,Медведково,Останкино
17,3162599,0,375_3162599_23_806,1394.0,1427.0,Медведково,Останкино
17,3162599,0,375_3162599_23_807,1416.0,1449.0,Медведково,Останкино
17,3162599,0,375_3162599_23_808,1424.0,1457.0,Медведково,Останкино
17,3162599,0,375_3162599_23_809,1451.0,1484.0,Медведково,Останкино
17,3162599,0,375_3162599_23_811,1467.0,1500.0,Медведково,Останкино
17,3162599,0,375_3162599_24_216,1408.0,1441.0,Медведково,Останкино
17,3162599,0,375_3162599_24_217,1431.0,1464.0,Медведково,Останкино
17,3162599,0,375_3162599_24_218,1441.0,1474.0,Медведково,Останкино
17,3162599,0,375_3162599_2_110,402.0,436.0,Медведково,Останкино
17,3162599,0,375_3162599_2_114,486.0,520.0,Медведково,Останкино
17,3162599,0,375_3162599_2_120,569.0,603.0,Медведково,Останкино
17,3162599,0,375_3162599_2_121,613.0,647.0,Медведково,Останкино
17,3162599,0,375_3162599_2_122,790.0,824.0,Медведково,Останкино
17,3162599,0,375_3162599_2_123,805.0,839.0,Медведково,Останкино
17,3162599,0,375_3162599_2_124,837.0,871.0,Медведково,Останкино
17,3162599,0,375_3162599_2_125,860.0,894.0,Медведково,Останкино
17,3162599,0,375_3162599_2_201,308.0,342.0,Медведково,Останкино
17,3162599,0,375_3162599_2_203,326.0,360.0,Медведково,Останкино
17,3162599,0,375_3162599_2_205,352.0,386.0,Медведково,Останкино
17,3162599,0,375_3162599_2_212,446.0,480.0,Медведково,Останкино
17,3162599,0,375_3162599_2_215,496.0,530.0,Медведково,Останкино
17,3162599,0,375_3162599_2_216,509.0,543.0,Медведково,Останкино
17,3162599,0,375_3162599_2_217,525.0,559.0,Медведково,Останкино
17,3162599,0,375_3162599_2_218,537.0,571.0,Медведково,Останкино
17,3162599,0,375_3162599_2_219,553.0,587.0,Медведково,Останкино
17,3162599,0,375_3162599_3_802,367.0,401.0,Медведково,Останкино
17,3162599,0,375_3162599_3_804,381.0,415.0,Медведково,Останкино
17,3162599,0,375_3162599_3_806,395.0,429.0,Медведково,Останкино
17,3162599,0,375_3162599_3_807,416.0,450.0,Медведково,Останкино
17,3162599,0,375_3162599_3_808,422.0,456.0,Медведково,Останкино
17,3162599,0,375_3162599_3_809,440.0,474.0,Медведково,Останкино
17,3162599,0,375_3162599_3_811,458.0,492.0,Медведково,Останкино
17,3162599,0,375_3162599_3_813,513.0,547.0,Медведково,Останкино
17,3162599,0,375_3162599_4_110,481.0,515.0,Медведково,Останкино
17,3162599,0,375_3162599_4_114,565.0,599.0,Медведково,Останкино
17,3162599,0,375_3162599_4_120,653.0,687.0,Медведково,Останкино
17,3162599,0,375_3162599_4_121,698.0,732.0,Медведково,Останкино
17,3162599,0,375_3162599_4_122,873.0,907.0,Медведково,Останкино
17,3162599,0,375_3162599_4_123,887.0,921.0,Медведково,Останкино
17,3162599,0,375_3162599_4_124,919.0,953.0,Медведково,Останкино
17,3162599,0,375_3162599_4_125,940.0,974.0,Медведково,Останкино
17,3162599,0,375_3162599_4_201,388.0,422.0,Медведково,Останкино
17,3162599,0,375_3162599_4_203,409.0,443.0,Медведково,Останкино
17,3162599,0,375_3162599_4_205,434.0,468.0,Медведково,Останкино
17,3162599,0,375_3162599_4_212,529.0,563.0,Медведково,Останкино
17,3162599,0,375_3162599_4_215,577.0,611.0,Медведково,Останкино
17,3162599,0,375_3162599_4_216,589.0,623.0,Медведково,Останкино
17,3162599,0,375_3162599_4_217,605.0,639.0,Медведково,Останкино
17,3162599,0,375_3162599_4_218,617.0,651.0,Медведково,Останкино
17,3162599,0,375_3162599_4_219,633.0,667.0,Медведково,Останкино
17,3162599,0,375_3162599_5_802,452.0,486.0,Медведково,Останкино
17,3162599,0,375_3162599_5_804,464.0,498.0,Медведково,Останкино
17,3162599,0,375_3162599_5_806,477.0,511.0,Медведково,Останкино
17,3162599,0,375_3162599_5_807,501.0,535.0,Медведково,Останкино
17,3162599,0,375_3162599_5_808,505.0,539.0,Медведково,Останкино
17,3162599,0,375_3162599_5_809,522.0,556.0,Медведково,Останкино
17,3162599,0,375_3162599_5_811,541.0,575.0,Медведково,Останкино
17,3162599,0,375_3162599_5_813,594.0,628.0,Медведково,Останкино
17,3162599,0,375_3162599_6_110,561.0,595.0,Медведково,Останкино
17,3162599,0,375_3162599_6_114,645.0,679.0,Медведково,Останкино
17,3162599,0,375_3162599_6_120,738.0,772.0,Медведково,Останкино
17,3162599,0,375_3162599_6_121,782.0,816.0,Медведково,Останкино
17,3162599,0,375_3162599_6_122,956.0,990.0,Медведково,Останкино
17,3162599,0,375_3162599_6_123,968.0,1002.0,Медведково,Останкино
17,3162599,0,375_3162599_6_124,1002.0,1036.0,Медведково,Останкино
17,3162599,0,375_3162599_6_125,1021.0,1055.0,Медведково,Останкино
17,3162599,0,375_3162599_6_201,470.0,504.0,Медведково,Останкино
17,3162599,0,375_3162599_6_203,491.0,525.0,Медведково,Останкино
17,3162599,0,375_3162599_6_205,517.0,551.0,Медведково,Останкино
17,3162599,0,375_3162599_6_212,609.0,643.0,Медведково,Останкино
17,3162599,0,375_3162599_6_215,661.0,695.0,Медведково,Останкино
17,3162599,0,375_3162599_6_216,666.0,700.0,Медведково,Останкино
17,3162599,0,375_3162599_6_217,686.0,720.0,Медведково,Останкино
17,3162599,0,375_3162599_6_218,702.0,736.0,Медведково,Останкино
17,3162599,0,375_3162599_6_219,718.0,752.0,Медведково,Останкино
17,3162599,0,375_3162599_7_802,533.0,567.0,Медведково,Останкино
17,3162599,0,375_3162599_7_804,545.0,579.0,Медведково,Останкино
17,3162599,0,375_3162599_7_806,557.0,591.0,Медведково,Останкино
17,3162599,0,375_3162599_7_807,581.0,615.0,Медведково,Останкино
17,3162599,0,375_3162599_7_808,585.0,619.0,Медведково,Останкино
17,3162599,0,375_3162599_7_809,601.0,635.0,Медведково,Останкино
17,3162599,0,375_3162599_7_811,621.0,655.0,Медведково,Останкино
17,3162599,0,375_3162599_7_813,674.0,708.0,Медведково,Останкино
17,3162599,0,375_3162599_8_110,641.0,675.0,Медведково,Останкино
17,3162599,0,375_3162599_8_114,730.0,764.0,Медведково,Останкино
17,3162599,0,375_3162599_8_120,819.0,853.0,Медведково,Останкино
17,3162599,0,375_3162599_8_121,864.0,898.0,Медведково,Останкино
17,3162599,0,375_3162599_8_122,1037.0,1071.0,Медведково,Останкино
17,3162599,0,375_3162599_8_123,1053.0,1087.0,Медведково,Останкино
17,3162599,0,375_3162599_8_124,1085.0,1119.0,Медведково,Останкино
17,3162599,0,375_3162599_8_125,1105.0,1139.0,Медведково,Останкино
17,3162599,0,375_3162599_8_201,549.0,583.0,Медведково,Останкино
17,3162599,0,375_3162599_8_203,573.0,607.0,Медведково,Останкино
17,3162599,0,375_3162599_8_205,597.0,631.0,Медведково,Останкино
17,3162599,0,375_3162599_8_212,690.0,724.0,Медведково,Останкино
17,3162599,0,375_3162599_8_215,746.0,780.0,Медведково,Останкино
17,3162599,0,375_3162599_8_216,750.0,784.0,Медведково,Останкино
17,3162599,0,375_3162599_8_217,770.0,804.0,Медведково,Останкино
17,3162599,0,375_3162599_8_218,786.0,820.0,Медведково,Останкино
17,3162599,0,375_3162599_8_219,801.0,835.0,Медведково,Останкино
17,3162599,0,375_3162599_9_802,625.0,659.0,Медведково,Останкино
17,3162599,0,375_3162599_9_804,637.0,671.0,Медведково,Останкино
17,3162599,0,375_3162599_9_806,649.0,683.0,Медведково,Останкино
17,3162599,0,375_3162599_9_807,670.0,704.0,Медведково,Останкино
17,3162599,0,375_3162599_9_808,678.0,712.0,Медведково,Останкино
17,3162599,0,375_3162599_9_809,694.0,728.0,Медведково,Останкино
17,3162599,0,375_3162599_9_811,714.0,748.0,Медведково,Останкино
17,3162599,0,375_3162599_9_813,766.0,800.0,Медведково,Останкино
17,3162599,1,375_3162599_10_802,663.0,697.0,Останкино,Медведково
17,3162599,1,375_3162599_10_804,675.0,709.0,Останкино,Медведково
17,3162599,1,375_3162599_10_806,687.0,721.0,Останкино,Медведково
17,3162599,1,375_3162599_10_807,708.0,742.0,Останкино,Медведково
17,3162599,1,375_3162599_10_808,716.0,750.0,Останкино,Медведково
17,3162599,1,375_3162599_10_809,732.0,766.0,Останкино,Медведково
17,3162599,1,375_3162599_10_811,753.0,787.0,Останкино,Медведково
17,3162599,1,375_3162599_10_813,802.0,836.0,Останкино,Медведково
17,3162599,1,375_3162599_11_110,765.0,799.0,Останкино,Медведково
17,3162599,1,375_3162599_11_114,851.0,885.0,Останкино,Медведково
17,3162599,1,375_3162599_11_123,1174.0,1208.0,Останкино,Медведково
17,3162599,1,375_3162599_11_201,667.0,701.0,Останкино,Медведково
17,3162599,1,375_3162599_11_203,695.0,729.0,Останкино,Медведково
17,3162599,1,375_3162599_11_205,720.0,754.0,Останкино,Медведково
17,3162599,1,375_3162599_11_212,811.0,845.0,Останкино,Медведково
17,3162599,1,375_3162599_11_215,865.0,899.0,Останкино,Медведково
17,3162599,1,375_3162599_11_216,869.0,903.0,Останкино,Медведково
17,3162599,1,375_3162599_11_217,888.0,922.0,Останкино,Медведково
17,3162599,1,375_3162599_11_218,908.0,942.0,Останкино,Медведково
17,3162599,1,375_3162599_11_219,920.0,954.0,Останкино,Медведково
17,3162599,1,375_3162599_12_802,884.0,918.0,Останкино,Медведково
17,3162599,1,375_3162599_12_804,900.0,934.0,Останкино,Медведково
17,3162599,1,375_3162599_12_806,932.0,966.0,Останкино,Медведково
17,3162599,1,375_3162599_12_807,940.0,974.0,Останкино,Медведково
17,3162599,1,375_3162599_12_808,946.0,980.0,Останкино,Медведково
17,3162599,1,375_3162599_12_809,985.0,1019.0,Останкино,Медведково
17,3162599,1,375_3162599_12_811,1000.0,1034.0,Останкино,Медведково
17,3162599,1,375_3162599_12_813,1017.0,1051.0,Останкино,Медведково
17,3162599,1,375_3162599_13_110,847.0,881.0,Останкино,Медведково
17,3162599,1,375_3162599_13_114,936.0,970.0,Останкино,Медведково
17,3162599,1,375_3162599_13_201,749.0,783.0,Останкино,Медведково
17,3162599,1,375_3162599_13_203,779.0,813.0,Останкино,Медведково
17,3162599,1,375_3162599_13_205,798.0,832.0,Останкино,Медведково
17,3162599,1,375_3162599_13_212,892.0,926.0,Останкино,Медведково
17,3162599,1,375_3162599_13_215,949.0,983.0,Останкино,Медведково
17,3162599,1,375_3162599_13_216,953.0,987.0,Останкино,Медведково
17,3162599,1,375_3162599_13_217,969.0,1003.0,Останкино,Медведково
17,3162599,1,375_3162599_13_218,989.0,1023.0,Останкино,Медведково
17,3162599,1,375_3162599_13_219,1004.0,1038.0,Останкино,Медведково
17,3162599,1,375_3162599_14_802,964.0,998.0,Останкино,Медведково
17,3162599,1,375_3162599_14_804,981.0,1015.0,Останкино,Медведково
17,3162599,1,375_3162599_14_806,1012.0,1046.0,Останкино,Медведково
17,3162599,1,375_3162599_14_807,1021.0,1055.0,Останкино,Медведково
17,3162599,1,375_3162599_14_808,1029.0,1063.0,Останкино,Медведково
17,3162599,1,375_3162599_14_809,1067.0,1101.0,Останкино,Медведково
17,3162599,1,375_3162599_14_811,1083.0,1117.0,Останкино,Медведково
17,3162599,1,375_3162599_14_813,1099.0,1133.0,Останкино,Медведково
17,3162599,1,375_3162599_15_110,928.0,962.0,Останкино,Медведково
17,3162599,1,375_3162599_15_201,833.0,867.0,Останкино,Медведково
17,3162599,1,375_3162599_15_203,860.0,894.0,Останкино,Медведково
17,3162599,1,375_3162599_15_205,879.0,913.0,Останкино,Медведково
17,3162599,1,375_3162599_15_212,973.0,1007.0,Останкино,Медведково
17,3162599,1,375_3162599_15_215,1033.0,1067.0,Останкино,Медведково
17,3162599,1,375_3162599_15_216,1036.0,1070.0,Останкино,Медведково
17,3162599,1,375_3162599_15_217,1051.0,1085.0,Останкино,Медведково
17,3162599,1,375_3162599_15_218,1071.0,1105.0,Останкино,Медведково
17,3162599,1,375_3162599_15_219,1087.0,1121.0,Останкино,Медведково
17,3162599,1,375_3162599_16_802,1047.0,1081.0,Останкино,Медведково
17,3162599,1,375_3162599_16_804,1063.0,1097.0,Останкино,Медведково
17,3162599,1,375_3162599_16_806,1095.0,1129.0,Останкино,Медведково
17,3162599,1,375_3162599_16_807,1104.0,1138.0,Останкино,Медведково
17,3162599,1,375_3162599_16_808,1109.0,1143.0,Останкино,Медведково
17,3162599,1,375_3162599_16_809,1148.0,1182.0,Останкино,Медведково
17,3162599,1,375_3162599_16_811,1164.0,1198.0,Останкино,Медведково
17,3162599,1,375_3162599_16_813,1179.0,1213.0,Останкино,Медведково
17,3162599,1,375_3162599_17_201,916.0,950.0,Останкино,Медведково
17,3162599,1,375_3162599_17_203,943.0,977.0,Останкино,Медведково
17,3162599,1,375_3162599_17_205,960.0,994.0,Останкино,Медведково
17,3162599,1,375_3162599_17_212,1055.0,1089.0,Останкино,Медведково
17,3162599,1,375_3162599_17_215,1114.0,1148.0,Останкино,Медведково
17,3162599,1,375_3162599_17_216,1119.0,1153.0,Останкино,Медведково
17,3162599,1,375_3162599_17_217,1129.0,1163.0,Останкино,Медведково
17,3162599,1,375_3162599_17_218,1153.0,1187.0,Останкино,Медведково
17,3162599,1,375_3162599_17_219,1169.0,1203.0,Останкино,Медведково
17,3162599,1,375_3162599_18_802,1138.0,1172.0,Останкино,Медведково
17,3162599,1,375_3162599_18_804,1158.0,1192.0,Останкино,Медведково
17,3162599,1,375_3162599_18_806,1184.0,1218.0,Останкино,Медведково
17,3162599,1,375_3162599_18_807,1196.0,1230.0,Останкино,Медведково
17,3162599,1,375_3162599_18_808,1208.0,1242.0,Останкино,Медведково
17,3162599,1,375_3162599_18_809,1237.0,1271.0,Останкино,Медведково
17,3162599,1,375_3162599_18_811,1256.0,1290.0,Останкино,Медведково
17,3162599,1,375_3162599_18_813,1269.0,1303.0,Останкино,Медведково
17,3162599,1,375_3162599_19_201,996.0,1030.0,Останкино,Медведково
17,3162599,1,375_3162599_19_203,1025.0,1059.0,Останкино,Медведково
17,3162599,1,375_3162599_19_205,1043.0,1077.0,Останкино,Медведково
17,3162599,1,375_3162599_19_212,1134.0,1168.0,Останкино,Медведково
17,3162599,1,375_3162599_19_215,1190.0,1224.0,Останкино,Медведково
17,3162599,1,375_3162599_19_216,1202.0,1236.0,Останкино,Медведково
17,3162599,1,375_3162599_19_217,1215.0,1249.0,Останкино,Медведково
17,3162599,1,375_3162599_19_218,1231.0,1265.0,Останкино,Медведково
17,3162599,1,375_3162599_19_219,1249.0,1283.0,Останкино,Медведково
17,3162599,1,375_3162599_1_122,744.0,778.0,Останкино,Медведково
17,3162599,1,375_3162599_1_123,761.0,795.0,Останкино,Медведково
17,3162599,1,375_3162599_1_124,793.0,827.0,Останкино,Медведково
17,3162599,1,375_3162599_1_125,816.0,850.0,Останкино,Медведково
17,3162599,1,375_3162599_20_802,1222.0,1256.0,Останкино,Медведково
17,3162599,1,375_3162599_20_804,1243.0,1277.0,Останкино,Медведково
17,3162599,1,375_3162599_20_806,1262.0,1296.0,Останкино,Медведково
17,3162599,1,375_3162599_20_807,1276.0,1310.0,Останкино,Медведково
17,3162599,1,375_3162599_20_808,1290.0,1324.0,Останкино,Медведково
17,3162599,1,375_3162599_20_809,1325.0,1359.0,Останкино,Медведково
17,3162599,1,375_3162599_20_811,1344.0,1378.0,Останкино,Медведково
17,3162599,1,375_3162599_20_813,1357.0,1391.0,Останкино,Медведково
17,3162599,1,375_3162599_21_201,1079.0,1113.0,Останкино,Медведково
17,3162599,1,375_3162599_21_212,1220.0,1254.0,Останкино,Медведково
17,3162599,1,375_3162599_21_216,1283.0,1317.0,Останкино,Медведково
17,3162599,1,375_3162599_21_217,1297.0,1331.0,Останкино,Медведково
17,3162599,1,375_3162599_21_218,1318.0,1352.0,Останкино,Медведково
17,3162599,1,375_3162599_21_219,1338.0,1372.0,Останкино,Медведково
17,3162599,1,375_3162599_22_802,1311.0,1345.0,Останкино,Медведково
17,3162599,1,375_3162599_22_804,1332.0,1366.0,Останкино,Медведково
17,3162599,1,375_3162599_22_806,1351.0,1385.0,Останкино,Медведково
17,3162599,1,375_3162599_22_807,1369.0,1402.0,Останкино,Медведково
17,3162599,1,375_3162599_22_808,1376.0,1409.0,Останкино,Медведково
17,3162599,1,375_3162599_22_809,1407.0,1440.0,Останкино,Медведково
17,3162599,1,375_3162599_22_811,1423.0,1456.0,Останкино,Медведково
17,3162599,1,375_3162599_22_813,1438.0,1471.0,Останкино,Медведково
17,3162599,1,375_3162599_23_212,1304.0,1338.0,Останкино,Медведково
17,3162599,1,375_3162599_23_216,1363.0,1397.0,Останкино,Медведково
17,3162599,1,375_3162599_23_217,1383.0,1416.0,Останкино,Медведково
17,3162599,1,375_3162599_23_218,1399.0,1432.0,Останкино,Медведково
17,3162599,1,375_3162599_24_802,1391.0,1424.0,Останкино,Медведково
17,3162599,1,375_3162599_24_804,1415.0,1448.0,Останкино,Медведково
17,3162599,1,375_3162599_24_806,1430.0,1463.0,Останкино,Медведково
17,3162599,1,375_3162599_24_807,1454.0,1488.0,Останкино,Медведково
17,3162599,1,375_3162599_24_808,1462.0,1496.0,Останкино,Медведково
17,3162599,1,375_3162599_24_809,1486.0,1519.0,Останкино,Медведково
17,3162599,1,375_3162599_24_811,1502.0,1535.0,Останкино,Медведково
17,3162599,1,375_3162599_25_216,1446.0,1480.0,Останкино,Медведково
17,3162599,1,375_3162599_25_217,1470.0,1504.0,Останкино,Медведково
17,3162599,1,375_3162599_2_802,328.0,362.0,Останкино,Медведково
17,3162599,1,375_3162599_2_804,337.0,371.0,Останкино,Медведково
17,3162599,1,375_3162599_2_806,355.0,389.0,Останкино,Медведково
17,3162599,1,375_3162599_2_807,373.0,407.0,Останкино,Медведково
17,3162599,1,375_3162599_2_808,382.0,416.0,Останкино,Медведково
17,3162599,1,375_3162599_2_809,398.0,432.0,Останкино,Медведково
17,3162599,1,375_3162599_2_811,412.0,446.0,Останкино,Медведково
17,3162599,1,375_3162599_2_813,466.0,500.0,Останкино,Медведково
17,3162599,1,375_3162599_3_110,440.0,474.0,Останкино,Медведково
17,3162599,1,375_3162599_3_114,522.0,556.0,Останкино,Медведково
17,3162599,1,375_3162599_3_120,606.0,640.0,Останкино,Медведково
17,3162599,1,375_3162599_3_121,651.0,685.0,Останкино,Медведково
17,3162599,1,375_3162599_3_122,829.0,863.0,Останкино,Медведково
17,3162599,1,375_3162599_3_123,842.0,876.0,Останкино,Медведково
17,3162599,1,375_3162599_3_124,874.0,908.0,Останкино,Медведково
17,3162599,1,375_3162599_3_125,896.0,930.0,Останкино,Медведково
17,3162599,1,375_3162599_3_201,348.0,382.0,Останкино,Медведково
17,3162599,1,375_3162599_3_203,364.0,398.0,Останкино,Медведково
17,3162599,1,375_3162599_3_205,390.0,424.0,Останкино,Медведково
17,3162599,1,375_3162599_3_212,484.0,518.0,Останкино,Медведково
17,3162599,1,375_3162599_3_215,533.0,567.0,Останкино,Медведково
17,3162599,1,375_3162599_3_216,546.0,580.0,Останкино,Медведково
17,3162599,1,375_3162599_3_217,562.0,596.0,Останкино,Медведково
17,3162599,1,375_3162599_3_218,574.0,608.0,Останкино,Медведково
17,3162599,1,375_3162599_3_219,590.0,624.0,Останкино,Медведково
17,3162599,1,375_3162599_4_802,405.0,439.0,Останкино,Медведково
17,3162599,1,375_3162599_4_804,419.0,453.0,Останкино,Медведково
17,3162599,1,375_3162599_4_806,433.0,467.0,Останкино,Медведково
17,3162599,1,375_3162599_4_807,454.0,488.0,Останкино,Медведково
17,3162599,1,375_3162599_4_808,460.0,494.0,Останкино,Медведково
17,3162599,1,375_3162599_4_809,478.0,512.0,Останкино,Медведково
17,3162599,1,375_3162599_4_811,496.0,530.0,Останкино,Медведково
17,3162599,1,375_3162599_4_813,550.0,584.0,Останкино,Медведково
17,3162599,1,375_3162599_5_110,518.0,552.0,Останкино,Медведково
17,3162599,1,375_3162599_5_114,602.0,636.0,Останкино,Медведково
17,3162599,1,375_3162599_5_120,691.0,725.0,Останкино,Медведково
17,3162599,1,375_3162599_5_121,736.0,770.0,Останкино,Медведково
17,3162599,1,375_3162599_5_122,912.0,946.0,Останкино,Медведково
17,3162599,1,375_3162599_5_123,924.0,958.0,Останкино,Медведково
17,3162599,1,375_3162599_5_124,957.0,991.0,Останкино,Медведково
17,3162599,1,375_3162599_5_125,977.0,1011.0,Останкино,Медведково
17,3162599,1,375_3162599_5_201,426.0,460.0,Останкино,Медведково
17,3162599,1,375_3162599_5_203,447.0,481.0,Останкино,Медведково
17,3162599,1,375_3162599_5_205,472.0,506.0,Останкино,Медведково
17,3162599,1,375_3162599_5_212,566.0,600.0,Останкино,Медведково
17,3162599,1,375_3162599_5_215,614.0,648.0,Останкино,Медведково
17,3162599,1,375_3162599_5_216,626.0,660.0,Останкино,Медведково
17,3162599,1,375_3162599_5_217,642.0,676.0,Останкино,Медведково
17,3162599,1,375_3162599_5_218,655.0,689.0,Останкино,Медведково
17,3162599,1,375_3162599_5_219,671.0,705.0,Останкино,Медведково
17,3162599,1,375_3162599_6_802,489.0,523.0,Останкино,Медведково
17,3162599,1,375_3162599_6_804,501.0,535.0,Останкино,Медведково
17,3162599,1,375_3162599_6_806,513.0,547.0,Останкино,Медведково
17,3162599,1,375_3162599_6_807,538.0,572.0,Останкино,Медведково
17,3162599,1,375_3162599_6_808,542.0,576.0,Останкино,Медведково
17,3162599,1,375_3162599_6_809,558.0,592.0,Останкино,Медведково
17,3162599,1,375_3162599_6_811,578.0,612.0,Останкино,Медведково
17,3162599,1,375_3162599_6_813,630.0,664.0,Останкино,Медведково
17,3162599,1,375_3162599_7_110,598.0,632.0,Останкино,Медведково
17,3162599,1,375_3162599_7_114,683.0,717.0,Останкино,Медведково
17,3162599,1,375_3162599_7_120,775.0,809.0,Останкино,Медведково
17,3162599,1,375_3162599_7_121,820.0,854.0,Останкино,Медведково
17,3162599,1,375_3162599_7_122,993.0,1027.0,Останкино,Медведково
17,3162599,1,375_3162599_7_123,1008.0,1042.0,Останкино,Медведково
17,3162599,1,375_3162599_7_124,1040.0,1074.0,Останкино,Медведково
17,3162599,1,375_3162599_7_125,1059.0,1093.0,Останкино,Медведково
17,3162599,1,375_3162599_7_201,507.0,541.0,Останкино,Медведково
17,3162599,1,375_3162599_7_203,528.0,562.0,Останкино,Медведково
17,3162599,1,375_3162599_7_205,554.0,588.0,Останкино,Медведково
17,3162599,1,375_3162599_7_212,646.0,680.0,Останкино,Медведково
17,3162599,1,375_3162599_7_215,699.0,733.0,Останкино,Медведково
17,3162599,1,375_3162599_7_216,704.0,738.0,Останкино,Медведково
17,3162599,1,375_3162599_7_217,724.0,758.0,Останкино,Медведково
17,3162599,1,375_3162599_7_218,740.0,774.0,Останкино,Медведково
17,3162599,1,375_3162599_7_219,757.0,791.0,Останкино,Медведково
17,3162599,1,375_3162599_8_802,570.0,604.0,Останкино,Медведково
17,3162599,1,375_3162599_8_804,582.0,616.0,Останкино,Медведково
17,3162599,1,375_3162599_8_806,594.0,628.0,Останкино,Медведково
17,3162599,1,375_3162599_8_807,618.0,652.0,Останкино,Медведково
17,3162599,1,375_3162599_8_808,622.0,656.0,Останкино,Медведково
17,3162599,1,375_3162599_8_809,638.0,672.0,Останкино,Медведково
17,3162599,1,375_3162599_8_811,659.0,693.0,Останкино,Медведково
17,3162599,1,375_3162599_8_813,712.0,746.0,Останкино,Медведково
17,3162599,1,375_3162599_9_110,679.0,713.0,Останкино,Медведково
17,3162599,1,375_3162599_9_114,770.0,804.0,Останкино,Медведково
17,3162599,1,375_3162599_9_120,856.0,890.0,Останкино,Медведково
17,3162599,1,375_3162599_9_121,904.0,938.0,Останкино,Медведково
17,3162599,1,375_3162599_9_122,1075.0,1109.0,Останкино,Медведково
17,3162599,1,375_3162599_9_123,1091.0,1125.0,Останкино,Медведково
17,3162599,1,375_3162599_9_124,1124.0,1158.0,Останкино,Медведково
17,3162599,1,375_3162599_9_125,1143.0,1177.0,Останкино,Медведково
17,3162599,1,375_3162599_9_201,586.0,620.0,Останкино,Медведково
17,3162599,1,375_3162599_9_203,610.0,644.0,Останкино,Медведково
17,3162599,1,375_3162599_9_205,634.0,668.0,Останкино,Медведково
17,3162599,1,375_3162599_9_212,728.0,762.0,Останкино,Медведково
17,3162599,1,375_3162599_9_215,784.0,818.0,Останкино,Медведково
17,3162599,1,375_3162599_9_216,788.0,822.0,Останкино,Медведково
17,3162599,1,375_3162599_9_217,806.0,840.0,Останкино,Медведково
17,3162599,1,375_3162599_9_218,824.0,858.0,Останкино,Медведково
17,3162599,1,375_3162599_9_219,837.0,871.0,Останкино,Медведково
25,3152576,0,420_3152576_10_201,685.0,713.0,Останкино,Метро «Сокольники»
25,3152576,0,420_3152576_10_203,697.0,725.0,Останкино,Метро «Сокольники»
25,3152576,0,420_3152576_10_205,821.0,849.0,Останкино,Метро «Сокольники»
25,3152576,0,420_3152576_11_202,722.0,750.0,Останкино,Метро «Сокольники»
25,3152576,0,420_3152576_11_204,734.0,762.0,Останкино,Метро «Сокольники»
25,3152576,0,420_3152576_11_206,858.0,886.0,Останкино,Метро «Сокольники»
25,3152576,0,420_3152576_12_201,759.0,787.0,Останкино,Метро «Сокольники»
25,3152576,0,420_3152576_12_203,772.0,800.0,Останкино,Метро «Сокольники»
25,3152576,0,420_3152576_12_205,895.0,923.0,Останкино,Метро «Сокольники»
25,3152576,0,420_3152576_13_202,796.0,824.0,Останкино,Метро «Сокольники»
25,3152576,0,420_3152576_13_204,809.0,837.0,Останкино,Метро «Сокольники»
25,3152576,0,420_3152576_13_206,931.0,959.0,Останкино,Метро «Сокольники»
25,3152576,0,420_3152576_14_201,834.0,862.0,Останкино,Метро «Сокольники»
25,3152576,0,420_3152576_14_203,846.0,874.0,Останкино,Метро «Сокольники»
25,3152576,0,420_3152576_14_205,970.0,998.0,Останкино,Метро «Сокольники»
25,3152576,0,420_3152576_15_202,871.0,899.0,Останкино,Метро «Сокольники»
25,3152576,0,420_3152576_15_204,883.0,911.0,Останкино,Метро «Сокольники»
25,3152576,0,420_3152576_15_206,1005.0,1033.0,Останкино,Метро «Сокольники»
25,3152576,0,420_3152576_16_201,906.0,934.0,Останкино,Метро «Сокольники»
25,3152576,0,420_3152576_16_203,919.0,947.0,Останкино,Метро «Сокольники»
25,3152576,0,420_3152576_16_205,1044.0,1072.0,Останкино,Метро «Сокольники»
25,3152576,0,420_3152576_17_202,944.0,972.0,Останкино,Метро «Сокольники»
25,3152576,0,420_3152576_17_204,956.0,984.0,Останкино,Метро «Сокольники»
25,3152576,0,420_3152576_17_206,1081.0,1109.0,Останкино,Метро «Сокольники»
25,3152576,0,420_3152576_18_201,982.0,1010.0,Останкино,Метро «Сокольники»
25,3152576,0,420_3152576_18_203,994.0,1022.0,Останкино,Метро «Сокольники»
25,3152576,0,420_3152576_18_205,1118.0,1146.0,Останкино,Метро «Сокольники»
25,3152576,0,420_3152576_19_202,1018.0,1046.0,Останкино,Метро «Сокольники»
25,3152576,0,420_3152576_19_204,1030.0,1058.0,Останкино,Метро «Сокольники»
25,3152576,0,420_3152576_19_206,1154.0,1182.0,Останкино,Метро «Сокольники»
25,3152576,0,420_3152576_1_202,360.0,386.0,Останкино,Метро «Сокольники»
25,3152576,0,420_3152576_1_204,380.0,406.0,Останкино,Метро «Сокольники»
25,3152576,0,420_3152576_1_206,495.0,523.0,Останкино,Метро «Сокольники»
25,3152576,0,420_3152576_20_201,1056.0,1084.0,Останкино,Метро «Сокольники»
25,3152576,0,420_3152576_20_203,1068.0,1096.0,Останкино,Метро «Сокольники»
25,3152576,0,420_3152576_20_205,1192.0,1219.0,Останкино,Метро «Сокольники»
25,3152576,0,420_3152576_21_202,1093.0,1121.0,Останкино,Метро «Сокольники»
25,3152576,0,420_3152576_21_204,1106.0,1134.0,Останкино,Метро «Сокольники»
25,3152576,0,420_3152576_21_206,1228.0,1255.0,Останкино,Метро «Сокольники»
25,3152576,0,420_3152576_22_201,1130.0,1158.0,Останкино,Метро «Сокольники»
25,3152576,0,420_3152576_22_203,1142.0,1170.0,Останкино,Метро «Сокольники»
25,3152576,0,420_3152576_22_205,1265.0,1292.0,Останкино,Метро «Сокольники»
25,3152576,0,420_3152576_23_202,1167.0,1195.0,Останкино,Метро «Сокольники»
25,3152576,0,420_3152576_23_204,1180.0,1207.0,Останкино,Метро «Сокольники»
25,3152576,0,420_3152576_23_206,1301.0,1328.0,Останкино,Метро «Сокольники»
25,3152576,0,420_3152576_24_201,1204.0,1231.0,Останкино,Метро «Сокольники»
25,3152576,0,420_3152576_24_203,1216.0,1243.0,Останкино,Метро «Сокольники»
25,3152576,0,420_3152576_24_205,1340.0,1367.0,Останкино,Метро «Сокольники»
25,3152576,0,420_3152576_25_202,1241.0,1268.0,Останкино,Метро «Сокольники»
25,3152576,0,420_3152576_25_204,1253.0,1280.0,Останкино,Метро «Сокольники»
25,3152576,0,420_3152576_25_206,1370.0,1397.0,Останкино,Метро «Сокольники»
25,3152576,0,420_3152576_26_201,1277.0,1304.0,Останкино,Метро «Сокольники»
25,3152576,0,420_3152576_26_203,1289.0,1316.0,Останкино,Метро «Сокольники»
25,3152576,0,420_3152576_26_205,1410.0,1437.0,Останкино,Метро «Сокольники»
25,3152576,0,420_3152576_27_204,1320.0,1347.0,Останкино,Метро «Сокольники»
25,3152576,0,420_3152576_27_206,1432.0,1459.0,Останкино,Метро «Сокольники»
25,3152576,0,420_3152576_28_203,1358.0,1385.0,Останкино,Метро «Сокольники»
25,3152576,0,420_3152576_29_204,1389.0,1416.0,Останкино,Метро «Сокольники»
25,3152576,0,420_3152576_2_201,401.0,427.0,Останкино,Метро «Сокольники»
25,3152576,0,420_3152576_2_203,421.0,447.0,Останкино,Метро «Сокольники»
25,3152576,0,420_3152576_2_205,527.0,555.0,Останкино,Метро «Сокольники»
25,3152576,0,420_3152576_31_204,1453.0,1480.0,Останкино,Метро «Сокольники»
25,3152576,0,420_3152576_3_202,434.0,460.0,Останкино,Метро «Сокольники»
25,3152576,0,420_3152576_3_204,449.0,475.0,Останкино,Метро «Сокольники»
25,3152576,0,420_3152576_3_206,565.0,593.0,Останкино,Метро «Сокольники»
25,3152576,0,420_3152576_4_201,468.0,495.0,Останкино,Метро «Сокольники»
25,3152576,0,420_3152576_4_203,485.0,513.0,Останкино,Метро «Сокольники»
25,3152576,0,420_3152576_4_205,601.0,629.0,Останкино,Метро «Сокольники»
25,3152576,0,420_3152576_5_202,506.0,534.0,Останкино,Метро «Сокольники»
25,3152576,0,420_3152576_5_204,517.0,545.0,Останкино,Метро «Сокольники»
25,3152576,0,420_3152576_5_206,637.0,665.0,Останкино,Метро «Сокольники»
25,3152576,0,420_3152576_6_201,539.0,567.0,Останкино,Метро «Сокольники»
25,3152576,0,420_3152576_6_203,552.0,580.0,Останкино,Метро «Сокольники»
25,3152576,0,420_3152576_6_205,672.0,700.0,Останкино,Метро «Сокольники»
25,3152576,0,420_3152576_7_202,577.0,605.0,Останкино,Метро «Сокольники»
25,3152576,0,420_3152576_7_204,589.0,617.0,Останкино,Метро «Сокольники»
25,3152576,0,420_3152576_7_206,709.0,737.0,Останкино,Метро «Сокольники»
25,3152576,0,420_3152576_8_201,613.0,641.0,Останкино,Метро «Сокольники»
25,3152576,0,420_3152576_8_203,625.0,653.0,Останкино,Метро «Сокольники»
25,3152576,0,420_3152576_8_205,746.0,774.0,Останкино,Метро «Сокольники»
25,3152576,0,420_3152576_9_202,649.0,677.0,Останкино,Метро «Сокольники»
25,3152576,0,420_3152576_9_204,661.0,689.0,Останкино,Метро «Сокольники»
25,3152576,0,420_3152576_9_206,785.0,813.0,Останкино,Метро «Сокольники»
25,3152576,1,420_3152576_10_202,685.0,713.0,Метро «Сокольники»,Останкино
25,3152576,1,420_3152576_10_204,697.0,725.0,Метро «Сокольники»,Останкино
25,3152576,1,420_3152576_10_206,819.0,847.0,Метро «Сокольники»,Останкино
25,3152576,1,420_3152576_11_201,721.0,749.0,Метро «Сокольники»,Останкино
25,3152576,1,420_3152576_11_203,734.0,762.0,Метро «Сокольники»,Останкино
25,3152576,1,420_3152576_11_205,858.0,886.0,Метро «Сокольники»,Останкино
25,3152576,1,420_3152576_12_202,759.0,787.0,Метро «Сокольники»,Останкино
25,3152576,1,420_3152576_12_204,771.0,799.0,Метро «Сокольники»,Останкино
25,3152576,1,420_3152576_12_206,896.0,924.0,Метро «Сокольники»,Останкино
25,3152576,1,420_3152576_13_201,795.0,823.0,Метро «Сокольники»,Останкино
25,3152576,1,420_3152576_13_203,808.0,836.0,Метро «Сокольники»,Останкино
25,3152576,1,420_3152576_13_205,931.0,959.0,Метро «Сокольники»,Останкино
25,3152576,1,420_3152576_14_202,832.0,860.0,Метро «Сокольники»,Останкино
25,3152576,1,420_3152576_14_204,846.0,874.0,Метро «Сокольники»,Останкино
25,3152576,1,420_3152576_14_206,965.0,993.0,Метро «Сокольники»,Останкино
25,3152576,1,420_3152576_15_201,871.0,899.0,Метро «Сокольники»,Останкино
25,3152576,1,420_3152576_15_203,883.0,911.0,Метро «Сокольники»,Останкино
25,3152576,1,420_3152576_15_205,1005.0,1033.0,Метро «Сокольники»,Останкино
25,3152576,1,420_3152576_16_202,906.0,934.0,Метро «Сокольники»,Останкино
25,3152576,1,420_3152576_16_204,918.0,946.0,Метро «Сокольники»,Останкино
25,3152576,1,420_3152576_16_206,1042.0,1070.0,Метро «Сокольники»,Останкино
25,3152576,1,420_3152576_17_201,943.0,971.0,Метро «Сокольники»,Останкино
25,3152576,1,420_3152576_17_203,953.0,981.0,Метро «Сокольники»,Останкино
25,3152576,1,420_3152576_17_205,1080.0,1108.0,Метро «Сокольники»,Останкино
25,3152576,1,420_3152576_18_202,979.0,1007.0,Метро «Сокольники»,Останкино
25,3152576,1,420_3152576_18_204,992.0,1020.0,Метро «Сокольники»,Останкино
25,3152576,1,420_3152576_18_206,1116.0,1144.0,Метро «Сокольники»,Останкино
25,3152576,1,420_3152576_19_201,1018.0,1046.0,Метро «Сокольники»,Останкино
25,3152576,1,420_3152576_19_203,1030.0,1058.0,Метро «Сокольники»,Останкино
25,3152576,1,420_3152576_19_205,1154.0,1182.0,Метро «Сокольники»,Останкино
25,3152576,1,420_3152576_1_201,363.0,391.0,Метро «Сокольники»,Останкино
25,3152576,1,420_3152576_1_203,383.0,411.0,Метро «Сокольники»,Останкино
25,3152576,1,420_3152576_1_205,494.0,522.0,Метро «Сокольники»,Останкино
25,3152576,1,420_3152576_20_202,1054.0,1082.0,Метро «Сокольники»,Останкино
25,3152576,1,420_3152576_20_204,1068.0,1096.0,Метро «Сокольники»,Останкино
25,3152576,1,420_3152576_20_206,1192.0,1219.0,Метро «Сокольники»,Останкино
25,3152576,1,420_3152576_21_201,1092.0,1120.0,Метро «Сокольники»,Останкино
25,3152576,1,420_3152576_21_203,1104.0,1132.0,Метро «Сокольники»,Останкино
25,3152576,1,420_3152576_21_205,1227.0,1254.0,Метро «Сокольники»,Останкино
25,3152576,1,420_3152576_22_202,1130.0,1158.0,Метро «Сокольники»,Останкино
25,3152576,1,420_3152576_22_204,1142.0,1170.0,Метро «Сокольники»,Останкино
25,3152576,1,420_3152576_22_206,1264.0,1291.0,Метро «Сокольники»,Останкино
25,3152576,1,420_3152576_23_201,1166.0,1194.0,Метро «Сокольники»,Останкино
25,3152576,1,420_3152576_23_203,1178.0,1206.0,Метро «Сокольники»,Останкино
25,3152576,1,420_3152576_23_205,1300.0,1327.0,Метро «Сокольники»,Останкино
25,3152576,1,420_3152576_24_202,1203.0,1230.0,Метро «Сокольники»,Останкино
25,3152576,1,420_3152576_24_204,1215.0,1242.0,Метро «Сокольники»,Останкино
25,3152576,1,420_3152576_24_206,1336.0,1363.0,Метро «Сокольники»,Останкино
25,3152576,1,420_3152576_25_201,1239.0,1266.0,Метро «Сокольники»,Останкино
25,3152576,1,420_3152576_25_203,1251.0,1278.0,Метро «Сокольники»,Останкино
25,3152576,1,420_3152576_25_205,1378.0,1405.0,Метро «Сокольники»,Останкино
25,3152576,1,420_3152576_26_202,1276.0,1303.0,Метро «Сокольники»,Останкино
25,3152576,1,420_3152576_26_204,1288.0,1315.0,Метро «Сокольники»,Останкино
25,3152576,1,420_3152576_26_206,1399.0,1426.0,Метро «Сокольники»,Останкино
25,3152576,1,420_3152576_27_203,1320.0,1347.0,Метро «Сокольники»,Останкино
25,3152576,1,420_3152576_27_205,1440.0,1467.0,Метро «Сокольники»,Останкино
25,3152576,1,420_3152576_28_204,1357.0,1384.0,Метро «Сокольники»,Останкино
25,3152576,1,420_3152576_28_206,1463.0,1490.0,Метро «Сокольники»,Останкино
25,3152576,1,420_3152576_2_202,393.0,421.0,Метро «Сокольники»,Останкино
25,3152576,1,420_3152576_2_204,411.0,439.0,Метро «Сокольники»,Останкино
25,3152576,1,420_3152576_2_206,529.0,557.0,Метро «Сокольники»,Останкино
25,3152576,1,420_3152576_30_204,1420.0,1447.0,Метро «Сокольники»,Останкино
25,3152576,1,420_3152576_3_201,431.0,459.0,Метро «Сокольники»,Останкино
25,3152576,1,420_3152576_3_203,451.0,479.0,Метро «Сокольники»,Останкино
25,3152576,1,420_3152576_3_205,565.0,593.0,Метро «Сокольники»,Останкино
25,3152576,1,420_3152576_4_202,467.0,495.0,Метро «Сокольники»,Останкино
25,3152576,1,420_3152576_4_204,483.0,511.0,Метро «Сокольники»,Останкино
25,3152576,1,420_3152576_4_206,600.0,628.0,Метро «Сокольники»,Останкино
25,3152576,1,420_3152576_5_201,504.0,532.0,Метро «Сокольники»,Останкино
25,3152576,1,420_3152576_5_203,516.0,544.0,Метро «Сокольники»,Останкино
25,3152576,1,420_3152576_5_205,636.0,664.0,Метро «Сокольники»,Останкино
25,3152576,1,420_3152576_6_202,541.0,569.0,Метро «Сокольники»,Останкино
25,3152576,1,420_3152576_6_204,553.0,581.0,Метро «Сокольники»,Останкино
25,3152576,1,420_3152576_6_206,673.0,701.0,Метро «Сокольники»,Останкино
25,3152576,1,420_3152576_7_201,576.0,604.0,Метро «Сокольники»,Останкино
25,3152576,1,420_3152576_7_203,588.0,616.0,Метро «Сокольники»,Останкино
25,3152576,1,420_3152576_7_205,707.0,735.0,Метро «Сокольники»,Останкино
25,3152576,1,420_3152576_8_202,612.0,640.0,Метро «Сокольники»,Останкино
25,3152576,1,420_3152576_8_204,624.0,652.0,Метро «Сокольники»,Останкино
25,3152576,1,420_3152576_8_206,747.0,775.0,Метро «Сокольники»,Останкино
25,3152576,1,420_3152576_9_201,648.0,676.0,Метро «Сокольники»,Останкино
25,3152576,1,420_3152576_9_203,660.0,688.0,Метро «Сокольники»,Останкино
25,3152576,1,420_3152576_9_205,783.0,811.0,Метро «Сокольники»,Останкино
25,3159511,0,420_3159511_10_203,704.0,730.0,Останкино,Метро «Сокольники»
25,3159511,0,420_3159511_10_206,729.0,755.0,Останкино,Метро «Сокольники»
25,3159511,0,420_3159511_10_801,1107.0,1133.0,Останкино,Метро «Сокольники»
25,3159511,0,420_3159511_11_202,714.0,740.0,Останкино,Метро «Сокольники»
25,3159511,0,420_3159511_11_204,742.0,768.0,Останкино,Метро «Сокольники»
25,3159511,0,420_3159511_11_205,753.0,779.0,Останкино,Метро «Сокольники»
25,3159511,0,420_3159511_11_207,764.0,790.0,Останкино,Метро «Сокольники»
25,3159511,0,420_3159511_12_203,774.0,800.0,Останкино,Метро «Сокольники»
25,3159511,0,420_3159511_12_206,800.0,826.0,Останкино,Метро «Сокольники»
25,3159511,0,420_3159511_12_801,1178.0,1204.0,Останкино,Метро «Сокольники»
25,3159511,0,420_3159511_13_202,785.0,811.0,Останкино,Метро «Сокольники»
25,3159511,0,420_3159511_13_204,812.0,838.0,Останкино,Метро «Сокольники»
25,3159511,0,420_3159511_13_205,824.0,850.0,Останкино,Метро «Сокольники»
25,3159511,0,420_3159511_13_207,839.0,865.0,Останкино,Метро «Сокольники»
25,3159511,0,420_3159511_14_203,851.0,877.0,Останкино,Метро «Сокольники»
25,3159511,0,420_3159511_14_206,873.0,899.0,Останкино,Метро «Сокольники»
25,3159511,0,420_3159511_14_801,1249.0,1274.0,Останкино,Метро «Сокольники»
25,3159511,0,420_3159511_15_202,862.0,888.0,Останкино,Метро «Сокольники»
25,3159511,0,420_3159511_15_204,886.0,912.0,Останкино,Метро «Сокольники»
25,3159511,0,420_3159511_15_205,896.0,922.0,Останкино,Метро «Сокольники»
25,3159511,0,420_3159511_15_207,906.0,932.0,Останкино,Метро «Сокольники»
25,3159511,0,420_3159511_16_203,921.0,947.0,Останкино,Метро «Сокольники»
25,3159511,0,420_3159511_16_206,945.0,971.0,Останкино,Метро «Сокольники»
25,3159511,0,420_3159511_16_801,1323.0,1348.0,Останкино,Метро «Сокольники»
25,3159511,0,420_3159511_17_202,933.0,959.0,Останкино,Метро «Сокольники»
25,3159511,0,420_3159511_17_204,957.0,983.0,Останкино,Метро «Сокольники»
25,3159511,0,420_3159511_17_205,968.0,994.0,Останкино,Метро «Сокольники»
25,3159511,0,420_3159511_17_207,981.0,1007.0,Останкино,Метро «Сокольники»
25,3159511,0,420_3159511_18_203,993.0,1019.0,Останкино,Метро «Сокольники»
25,3159511,0,420_3159511_18_206,1016.0,1042.0,Останкино,Метро «Сокольники»
25,3159511,0,420_3159511_19_202,1005.0,1031.0,Останкино,Метро «Сокольники»
25,3159511,0,420_3159511_19_204,1029.0,1055.0,Останкино,Метро «Сокольники»
25,3159511,0,420_3159511_19_205,1047.0,1073.0,Останкино,Метро «Сокольники»
25,3159511,0,420_3159511_19_207,1056.0,1082.0,Останкино,Метро «Сокольники»
25,3159511,0,420_3159511_1_202,360.0,386.0,Останкино,Метро «Сокольники»
25,3159511,0,420_3159511_1_204,380.0,406.0,Останкино,Метро «Сокольники»
25,3159511,0,420_3159511_1_205,392.0,418.0,Останкино,Метро «Сокольники»
25,3159511,0,420_3159511_1_207,410.0,436.0,Останкино,Метро «Сокольники»
25,3159511,0,420_3159511_20_203,1065.0,1091.0,Останкино,Метро «Сокольники»
25,3159511,0,420_3159511_20_206,1086.0,1112.0,Останкино,Метро «Сокольники»
25,3159511,0,420_3159511_21_202,1076.0,1102.0,Останкино,Метро «Сокольники»
25,3159511,0,420_3159511_21_204,1096.0,1122.0,Останкино,Метро «Сокольники»
25,3159511,0,420_3159511_21_205,1117.0,1143.0,Останкино,Метро «Сокольники»
25,3159511,0,420_3159511_21_207,1128.0,1154.0,Останкино,Метро «Сокольники»
25,3159511,0,420_3159511_22_203,1139.0,1165.0,Останкино,Метро «Сокольники»
25,3159511,0,420_3159511_22_206,1158.0,1184.0,Останкино,Метро «Сокольники»
25,3159511,0,420_3159511_23_202,1149.0,1175.0,Останкино,Метро «Сокольники»
25,3159511,0,420_3159511_23_204,1169.0,1195.0,Останкино,Метро «Сокольники»
25,3159511,0,420_3159511_23_205,1188.0,1214.0,Останкино,Метро «Сокольники»
25,3159511,0,420_3159511_23_207,1198.0,1224.0,Останкино,Метро «Сокольники»
25,3159511,0,420_3159511_24_203,1209.0,1235.0,Останкино,Метро «Сокольники»
25,3159511,0,420_3159511_24_206,1229.0,1255.0,Останкино,Метро «Сокольники»
25,3159511,0,420_3159511_25_202,1218.0,1244.0,Останкино,Метро «Сокольники»
25,3159511,0,420_3159511_25_204,1239.0,1265.0,Останкино,Метро «Сокольники»
25,3159511,0,420_3159511_25_205,1260.0,1285.0,Останкино,Метро «Сокольники»
25,3159511,0,420_3159511_25_207,1272.0,1297.0,Останкино,Метро «Сокольники»
25,3159511,0,420_3159511_26_203,1284.0,1309.0,Останкино,Метро «Сокольники»
25,3159511,0,420_3159511_26_206,1294.0,1319.0,Останкино,Метро «Сокольники»
25,3159511,0,420_3159511_27_204,1308.0,1333.0,Останкино,Метро «Сокольники»
25,3159511,0,420_3159511_27_205,1331.0,1356.0,Останкино,Метро «Сокольники»
25,3159511,0,420_3159511_27_207,1341.0,1366.0,Останкино,Метро «Сокольники»
25,3159511,0,420_3159511_2_203,421.0,447.0,Останкино,Метро «Сокольники»
25,3159511,0,420_3159511_2_206,441.0,467.0,Останкино,Метро «Сокольники»
25,3159511,0,420_3159511_2_801,402.0,428.0,Останкино,Метро «Сокольники»
25,3159511,0,420_3159511_3_202,432.0,458.0,Останкино,Метро «Сокольники»
25,3159511,0,420_3159511_3_204,451.0,477.0,Останкино,Метро «Сокольники»
25,3159511,0,420_3159511_3_205,460.0,486.0,Останкино,Метро «Сокольники»
25,3159511,0,420_3159511_3_207,482.0,508.0,Останкино,Метро «Сокольники»
25,3159511,0,420_3159511_4_203,492.0,518.0,Останкино,Метро «Сокольники»
25,3159511,0,420_3159511_4_206,512.0,538.0,Останкино,Метро «Сокольники»
25,3159511,0,420_3159511_4_801,471.0,497.0,Останкино,Метро «Сокольники»
25,3159511,0,420_3159511_5_202,503.0,529.0,Останкино,Метро «Сокольники»
25,3159511,0,420_3159511_5_204,522.0,548.0,Останкино,Метро «Сокольники»
25,3159511,0,420_3159511_5_205,531.0,557.0,Останкино,Метро «Сокольники»
25,3159511,0,420_3159511_5_207,554.0,580.0,Останкино,Метро «Сокольники»
25,3159511,0,420_3159511_6_203,564.0,590.0,Останкино,Метро «Сокольники»
25,3159511,0,420_3159511_6_206,584.0,610.0,Останкино,Метро «Сокольники»
25,3159511,0,420_3159511_6_801,543.0,569.0,Останкино,Метро «Сокольники»
25,3159511,0,420_3159511_7_202,573.0,599.0,Останкино,Метро «Сокольники»
25,3159511,0,420_3159511_7_204,596.0,622.0,Останкино,Метро «Сокольники»
25,3159511,0,420_3159511_7_205,608.0,634.0,Останкино,Метро «Сокольники»
25,3159511,0,420_3159511_7_207,622.0,648.0,Останкино,Метро «Сокольники»
25,3159511,0,420_3159511_8_203,634.0,660.0,Останкино,Метро «Сокольники»
25,3159511,0,420_3159511_8_206,657.0,683.0,Останкино,Метро «Сокольники»
25,3159511,0,420_3159511_8_801,1038.0,1064.0,Останкино,Метро «Сокольники»
25,3159511,0,420_3159511_9_202,644.0,670.0,Останкино,Метро «Сокольники»
25,3159511,0,420_3159511_9_204,669.0,695.0,Останкино,Метро «Сокольники»
25,3159511,0,420_3159511_9_205,681.0,707.0,Останкино,Метро «Сокольники»
25,3159511,0,420_3159511_9_207,692.0,718.0,Останкино,Метро «Сокольники»
25,3159511,1,420_3159511_10_202,678.0,705.0,Метро «Сокольники»,Останкино
25,3159511,1,420_3159511_10_204,703.0,730.0,Метро «Сокольники»,Останкино
25,3159511,1,420_3159511_10_205,715.0,742.0,Метро «Сокольники»,Останкино
25,3159511,1,420_3159511_10_207,727.0,754.0,Метро «Сокольники»,Останкино
25,3159511,1,420_3159511_11_203,738.0,765.0,Метро «Сокольники»,Останкино
25,3159511,1,420_3159511_11_206,764.0,791.0,Метро «Сокольники»,Останкино
25,3159511,1,420_3159511_11_801,1143.0,1170.0,Метро «Сокольники»,Останкино
25,3159511,1,420_3159511_12_202,749.0,776.0,Метро «Сокольники»,Останкино
25,3159511,1,420_3159511_12_204,775.0,802.0,Метро «Сокольники»,Останкино
25,3159511,1,420_3159511_12_205,787.0,814.0,Метро «Сокольники»,Останкино
25,3159511,1,420_3159511_12_207,799.0,826.0,Метро «Сокольники»,Останкино
25,3159511,1,420_3159511_13_203,814.0,841.0,Метро «Сокольники»,Останкино
25,3159511,1,420_3159511_13_206,836.0,863.0,Метро «Сокольники»,Останкино
25,3159511,1,420_3159511_13_801,1211.0,1238.0,Метро «Сокольники»,Останкино
25,3159511,1,420_3159511_14_202,823.0,850.0,Метро «Сокольники»,Останкино
25,3159511,1,420_3159511_14_204,847.0,874.0,Метро «Сокольники»,Останкино
25,3159511,1,420_3159511_14_205,860.0,887.0,Метро «Сокольники»,Останкино
25,3159511,1,420_3159511_14_207,871.0,898.0,Метро «Сокольники»,Останкино
25,3159511,1,420_3159511_15_203,886.0,913.0,Метро «Сокольники»,Останкино
25,3159511,1,420_3159511_15_206,908.0,935.0,Метро «Сокольники»,Останкино
25,3159511,1,420_3159511_15_801,1284.0,1310.0,Метро «Сокольники»,Останкино
25,3159511,1,420_3159511_16_202,896.0,923.0,Метро «Сокольники»,Останкино
25,3159511,1,420_3159511_16_204,920.0,947.0,Метро «Сокольники»,Останкино
25,3159511,1,420_3159511_16_205,930.0,957.0,Метро «Сокольники»,Останкино
25,3159511,1,420_3159511_16_207,943.0,970.0,Метро «Сокольники»,Останкино
25,3159511,1,420_3159511_17_203,956.0,983.0,Метро «Сокольники»,Останкино
25,3159511,1,420_3159511_17_206,979.0,1006.0,Метро «Сокольники»,Останкино
25,3159511,1,420_3159511_17_801,1354.0,1380.0,Метро «Сокольники»,Останкино
25,3159511,1,420_3159511_18_202,969.0,996.0,Метро «Сокольники»,Останкино
25,3159511,1,420_3159511_18_204,991.0,1018.0,Метро «Сокольники»,Останкино
25,3159511,1,420_3159511_18_205,1004.0,1031.0,Метро «Сокольники»,Останкино
25,3159511,1,420_3159511_18_207,1016.0,1043.0,Метро «Сокольники»,Останкино
25,3159511,1,420_3159511_19_203,1026.0,1053.0,Метро «Сокольники»,Останкино
25,3159511,1,420_3159511_19_206,1052.0,1079.0,Метро «Сокольники»,Останкино
25,3159511,1,420_3159511_1_203,384.0,410.0,Метро «Сокольники»,Останкино
25,3159511,1,420_3159511_1_206,406.0,432.0,Метро «Сокольники»,Останкино
25,3159511,1,420_3159511_1_801,364.0,390.0,Метро «Сокольники»,Останкино
25,3159511,1,420_3159511_20_202,1039.0,1066.0,Метро «Сокольники»,Останкино
25,3159511,1,420_3159511_20_204,1061.0,1088.0,Метро «Сокольники»,Останкино
25,3159511,1,420_3159511_20_205,1083.0,1110.0,Метро «Сокольники»,Останкино
25,3159511,1,420_3159511_20_207,1091.0,1118.0,Метро «Сокольники»,Останкино
25,3159511,1,420_3159511_21_203,1102.0,1129.0,Метро «Сокольники»,Останкино
25,3159511,1,420_3159511_21_206,1122.0,1149.0,Метро «Сокольники»,Останкино
25,3159511,1,420_3159511_22_202,1112.0,1139.0,Метро «Сокольники»,Останкино
25,3159511,1,420_3159511_22_204,1132.0,1159.0,Метро «Сокольники»,Останкино
25,3159511,1,420_3159511_22_205,1153.0,1180.0,Метро «Сокольники»,Останкино
25,3159511,1,420_3159511_22_207,1163.0,1190.0,Метро «Сокольники»,Останкино
25,3159511,1,420_3159511_23_203,1172.0,1199.0,Метро «Сокольники»,Останкино
25,3159511,1,420_3159511_23_206,1192.0,1219.0,Метро «Сокольники»,Останкино
25,3159511,1,420_3159511_24_202,1184.0,1211.0,Метро «Сокольники»,Останкино
25,3159511,1,420_3159511_24_204,1203.0,1230.0,Метро «Сокольники»,Останкино
25,3159511,1,420_3159511_24_205,1222.0,1249.0,Метро «Сокольники»,Останкино
25,3159511,1,420_3159511_24_207,1233.0,1260.0,Метро «Сокольники»,Останкино
25,3159511,1,420_3159511_25_203,1245.0,1272.0,Метро «Сокольники»,Останкино
25,3159511,1,420_3159511_25_206,1260.0,1286.0,Метро «Сокольники»,Останкино
25,3159511,1,420_3159511_26_202,1253.0,1279.0,Метро «Сокольники»,Останкино
25,3159511,1,420_3159511_26_204,1272.0,1298.0,Метро «Сокольники»,Останкино
25,3159511,1,420_3159511_26_205,1292.0,1318.0,Метро «Сокольники»,Останкино
25,3159511,1,420_3159511_26_207,1305.0,1331.0,Метро «Сокольники»,Останкино
25,3159511,1,420_3159511_27_203,1318.0,1344.0,Метро «Сокольники»,Останкино
25,3159511,1,420_3159511_27_206,1329.0,1355.0,Метро «Сокольники»,Останкино
25,3159511,1,420_3159511_28_204,1341.0,1367.0,Метро «Сокольники»,Останкино
25,3159511,1,420_3159511_2_202,395.0,421.0,Метро «Сокольники»,Останкино
25,3159511,1,420_3159511_2_204,415.0,442.0,Метро «Сокольники»,Останкино
25,3159511,1,420_3159511_2_205,425.0,452.0,Метро «Сокольники»,Останкино
25,3159511,1,420_3159511_2_207,445.0,472.0,Метро «Сокольники»,Останкино
25,3159511,1,420_3159511_3_203,454.0,481.0,Метро «Сокольники»,Останкино
25,3159511,1,420_3159511_3_206,475.0,502.0,Метро «Сокольники»,Останкино
25,3159511,1,420_3159511_3_801,434.0,461.0,Метро «Сокольники»,Останкино
25,3159511,1,420_3159511_4_202,466.0,493.0,Метро «Сокольники»,Останкино
25,3159511,1,420_3159511_4_204,485.0,512.0,Метро «Сокольники»,Останкино
25,3159511,1,420_3159511_4_205,496.0,523.0,Метро «Сокольники»,Останкино
25,3159511,1,420_3159511_4_207,516.0,543.0,Метро «Сокольники»,Останкино
25,3159511,1,420_3159511_5_203,527.0,554.0,Метро «Сокольники»,Останкино
25,3159511,1,420_3159511_5_206,545.0,572.0,Метро «Сокольники»,Останкино
25,3159511,1,420_3159511_5_801,505.0,532.0,Метро «Сокольники»,Останкино
25,3159511,1,420_3159511_6_202,537.0,564.0,Метро «Сокольники»,Останкино
25,3159511,1,420_3159511_6_204,557.0,584.0,Метро «Сокольники»,Останкино
25,3159511,1,420_3159511_6_205,566.0,593.0,Метро «Сокольники»,Останкино
25,3159511,1,420_3159511_6_207,587.0,614.0,Метро «Сокольники»,Останкино
25,3159511,1,420_3159511_7_203,597.0,624.0,Метро «Сокольники»,Останкино
25,3159511,1,420_3159511_7_206,620.0,647.0,Метро «Сокольники»,Останкино
25,3159511,1,420_3159511_7_801,576.0,603.0,Метро «Сокольники»,Останкино
25,3159511,1,420_3159511_8_202,606.0,633.0,Метро «Сокольники»,Останкино
25,3159511,1,420_3159511_8_204,631.0,658.0,Метро «Сокольники»,Останкино
25,3159511,1,420_3159511_8_205,643.0,670.0,Метро «Сокольники»,Останкино
25,3159511,1,420_3159511_8_207,655.0,682.0,Метро «Сокольники»,Останкино
25,3159511,1,420_3159511_9_203,666.0,693.0,Метро «Сокольники»,Останкино
25,3159511,1,420_3159511_9_206,690.0,717.0,Метро «Сокольники»,Останкино
25,3159511,1,420_3159511_9_801,1071.0,1098.0,Метро «Сокольники»,Останкино
26,3159527,0,283_3159527_10_209,871.0,913.0,Метро «Университет»,Метро «Октябрьская»
26,3159527,0,283_3159527_10_211,902.0,944.0,Метро «Университет»,Метро «Октябрьская»
26,3159527,0,283_3159527_10_212,913.0,955.0,Метро «Университет»,Метро «Октябрьская»
26,3159527,0,283_3159527_10_804,1160.0,1201.0,Метро «Университет»,Метро «Октябрьская»
26,3159527,0,283_3159527_10_806,1201.0,1242.0,Метро «Университет»,Метро «Октябрьская»
26,3159527,0,283_3159527_11_201,850.0,892.0,Метро «Университет»,Метро «Октябрьская»
26,3159527,0,283_3159527_11_203,893.0,935.0,Метро «Университет»,Метро «Октябрьская»
26,3159527,0,283_3159527_11_205,923.0,965.0,Метро «Университет»,Метро «Октябрьская»
26,3159527,0,283_3159527_11_207,933.0,975.0,Метро «Университет»,Метро «Октябрьская»
26,3159527,0,283_3159527_11_208,943.0,985.0,Метро «Университет»,Метро «Октябрьская»
26,3159527,0,283_3159527_11_210,964.0,1006.0,Метро «Университет»,Метро «Октябрьская»
26,3159527,0,283_3159527_11_213,987.0,1029.0,Метро «Университет»,Метро «Октябрьская»
26,3159527,0,283_3159527_11_802,1233.0,1274.0,Метро «Университет»,Метро «Октябрьская»
26,3159527,0,283_3159527_12_209,977.0,1019.0,Метро «Университет»,Метро «Октябрьская»
26,3159527,0,283_3159527_12_211,1006.0,1048.0,Метро «Университет»,Метро «Октябрьская»
26,3159527,0,283_3159527_12_212,1016.0,1058.0,Метро «Университет»,Метро «Октябрьская»
26,3159527,0,283_3159527_12_804,1270.0,1310.0,Метро «Университет»,Метро «Октябрьская»
26,3159527,0,283_3159527_12_806,1310.0,1350.0,Метро «Университет»,Метро «Октябрьская»
26,3159527,0,283_3159527_13_201,954.0,996.0,Метро «Университет»,Метро «Октябрьская»
26,3159527,0,283_3159527_13_203,997.0,1039.0,Метро «Университет»,Метро «Октябрьская»
26,3159527,0,283_3159527_13_205,1033.0,1074.0,Метро «Университет»,Метро «Октябрьская»
26,3159527,0,283_3159527_13_207,1041.0,1082.0,Метро «Университет»,Метро «Октябрьская»
26,3159527,0,283_3159527_13_208,1049.0,1090.0,Метро «Университет»,Метро «Октябрьская»
26,3159527,0,283_3159527_13_210,1073.0,1114.0,Метро «Университет»,Метро «Октябрьская»
26,3159527,0,283_3159527_13_213,1089.0,1130.0,Метро «Университет»,Метро «Октябрьская»
26,3159527,0,283_3159527_13_802,1340.0,1380.0,Метро «Университет»,Метро «Октябрьская»
26,3159527,0,283_3159527_14_209,1081.0,1122.0,Метро «Университет»,Метро «Октябрьская»
26,3159527,0,283_3159527_14_211,1113.0,1154.0,Метро «Университет»,Метро «Октябрьская»
26,3159527,0,283_3159527_14_212,1121.0,1162.0,Метро «Университет»,Метро «Октябрьская»
26,3159527,0,283_3159527_14_804,1371.0,1410.0,Метро «Университет»,Метро «Октябрьская»
26,3159527,0,283_3159527_14_806,1412.0,1450.0,Метро «Университет»,Метро «Октябрьская»
26,3159527,0,283_3159527_15_201,1065.0,1106.0,Метро «Университет»,Метро «Октябрьская»
26,3159527,0,283_3159527_15_203,1105.0,1146.0,Метро «Университет»,Метро «Октябрьская»
26,3159527,0,283_3159527_15_205,1137.0,1178.0,Метро «Университет»,Метро «Октябрьская»
26,3159527,0,283_3159527_15_207,1147.0,1188.0,Метро «Университет»,Метро «Октябрьская»
26,3159527,0,283_3159527_15_208,1155.0,1196.0,Метро «Университет»,Метро «Октябрьская»
26,3159527,0,283_3159527_15_210,1176.0,1217.0,Метро «Университет»,Метро «Октябрьская»
26,3159527,0,283_3159527_15_213,1194.0,1235.0,Метро «Университет»,Метро «Октябрьская»
26,3159527,0,283_3159527_16_209,1185.0,1226.0,Метро «Университет»,Метро «Октябрьская»
26,3159527,0,283_3159527_16_211,1216.0,1257.0,Метро «Университет»,Метро «Октябрьская»
26,3159527,0,283_3159527_16_212,1224.0,1265.0,Метро «Университет»,Метро «Октябрьская»
26,3159527,0,283_3159527_17_201,1167.0,1208.0,Метро «Университет»,Метро «Октябрьская»
26,3159527,0,283_3159527_17_203,1209.0,1250.0,Метро «Университет»,Метро «Октябрьская»
26,3159527,0,283_3159527_17_205,1239.0,1280.0,Метро «Университет»,Метро «Октябрьская»
26,3159527,0,283_3159527_17_207,1247.0,1288.0,Метро «Университет»,Метро «Октябрьская»
26,3159527,0,283_3159527_17_208,1258.0,1298.0,Метро «Университет»,Метро «Октябрьская»
26,3159527,0,283_3159527_17_210,1280.0,1320.0,Метро «Университет»,Метро «Октябрьская»
26,3159527,0,283_3159527_17_213,1300.0,1340.0,Метро «Университет»,Метро «Октябрьская»
26,3159527,0,283_3159527_18_209,1290.0,1330.0,Метро «Университет»,Метро «Октябрьская»
26,3159527,0,283_3159527_18_211,1320.0,1360.0,Метро «Университет»,Метро «Октябрьская»
26,3159527,0,283_3159527_18_212,1330.0,1370.0,Метро «Университет»,Метро «Октябрьская»
26,3159527,0,283_3159527_19_207,1348.0,1387.0,Метро «Университет»,Метро «Октябрьская»
26,3159527,0,283_3159527_19_208,1361.0,1400.0,Метро «Университет»,Метро «Октябрьская»
26,3159527,0,283_3159527_19_210,1381.0,1419.0,Метро «Университет»,Метро «Октябрьская»
26,3159527,0,283_3159527_19_213,1399.0,1437.0,Метро «Университет»,Метро «Октябрьская»
26,3159527,0,283_3159527_1_201,342.0,380.0,Метро «Университет»,Метро «Октябрьская»
26,3159527,0,283_3159527_1_203,372.0,410.0,Метро «Университет»,Метро «Октябрьская»
26,3159527,0,283_3159527_1_205,404.0,445.0,Метро «Университет»,Метро «Октябрьская»
26,3159527,0,283_3159527_1_207,414.0,455.0,Метро «Университет»,Метро «Октябрьская»
26,3159527,0,283_3159527_1_208,430.0,471.0,Метро «Университет»,Метро «Октябрьская»
26,3159527,0,283_3159527_1_210,446.0,487.0,Метро «Университет»,Метро «Октябрьская»
26,3159527,0,283_3159527_1_213,470.0,511.0,Метро «Университет»,Метро «Октябрьская»
26,3159527,0,283_3159527_1_802,324.0,362.0,Метро «Университет»,Метро «Октябрьская»
26,3159527,0,283_3159527_20_211,1421.0,1459.0,Метро «Университет»,Метро «Октябрьская»
26,3159527,0,283_3159527_20_212,1435.0,1473.0,Метро «Университет»,Метро «Октябрьская»
26,3159527,0,283_3159527_2_209,462.0,503.0,Метро «Университет»,Метро «Октябрьская»
26,3159527,0,283_3159527_2_211,483.0,524.0,Метро «Университет»,Метро «Октябрьская»
26,3159527,0,283_3159527_2_212,498.0,539.0,Метро «Университет»,Метро «Октябрьская»
26,3159527,0,283_3159527_2_804,357.0,395.0,Метро «Университет»,Метро «Октябрьская»
26,3159527,0,283_3159527_2_806,387.0,426.0,Метро «Университет»,Метро «Октябрьская»
26,3159527,0,283_3159527_3_201,438.0,479.0,Метро «Университет»,Метро «Октябрьская»
26,3159527,0,283_3159527_3_203,475.0,516.0,Метро «Университет»,Метро «Октябрьская»
26,3159527,0,283_3159527_3_205,506.0,547.0,Метро «Университет»,Метро «Октябрьская»
26,3159527,0,283_3159527_3_207,514.0,555.0,Метро «Университет»,Метро «Октябрьская»
26,3159527,0,283_3159527_3_208,530.0,571.0,Метро «Университет»,Метро «Октябрьская»
26,3159527,0,283_3159527_3_210,546.0,587.0,Метро «Университет»,Метро «Октябрьская»
26,3159527,0,283_3159527_3_213,570.0,611.0,Метро «Университет»,Метро «Октябрьская»
26,3159527,0,283_3159527_3_802,422.0,463.0,Метро «Университет»,Метро «Октябрьская»
26,3159527,0,283_3159527_4_209,562.0,603.0,Метро «Университет»,Метро «Октябрьская»
26,3159527,0,283_3159527_4_211,587.0,628.0,Метро «Университет»,Метро «Октябрьская»
26,3159527,0,283_3159527_4_212,599.0,641.0,Метро «Университет»,Метро «Октябрьская»
26,3159527,0,283_3159527_4_804,454.0,495.0,Метро «Университет»,Метро «Октябрьская»
26,3159527,0,283_3159527_4_806,490.0,531.0,Метро «Университет»,Метро «Октябрьская»
26,3159527,0,283_3159527_5_201,538.0,579.0,Метро «Университет»,Метро «Октябрьская»
26,3159527,0,283_3159527_5_203,579.0,620.0,Метро «Университет»,Метро «Октябрьская»
26,3159527,0,283_3159527_5_205,609.0,651.0,Метро «Университет»,Метро «Октябрьская»
26,3159527,0,283_3159527_5_207,618.0,660.0,Метро «Университет»,Метро «Октябрьская»
26,3159527,0,283_3159527_5_208,630.0,672.0,Метро «Университет»,Метро «Октябрьская»
26,3159527,0,283_3159527_5_210,652.0,694.0,Метро «Университет»,Метро «Октябрьская»
26,3159527,0,283_3159527_5_213,672.0,714.0,Метро «Университет»,Метро «Октябрьская»
26,3159527,0,283_3159527_5_802,522.0,563.0,Метро «Университет»,Метро «Октябрьская»
26,3159527,0,283_3159527_6_209,662.0,704.0,Метро «Университет»,Метро «Октябрьская»
26,3159527,0,283_3159527_6_211,694.0,736.0,Метро «Университет»,Метро «Октябрьская»
26,3159527,0,283_3159527_6_212,703.0,745.0,Метро «Университет»,Метро «Октябрьская»
26,3159527,0,283_3159527_6_804,554.0,595.0,Метро «Университет»,Метро «Октябрьская»
26,3159527,0,283_3159527_6_806,594.0,636.0,Метро «Университет»,Метро «Октябрьская»
26,3159527,0,283_3159527_7_201,640.0,682.0,Метро «Университет»,Метро «Октябрьская»
26,3159527,0,283_3159527_7_203,683.0,725.0,Метро «Университет»,Метро «Октябрьская»
26,3159527,0,283_3159527_7_205,713.0,755.0,Метро «Университет»,Метро «Октябрьская»
26,3159527,0,283_3159527_7_207,723.0,765.0,Метро «Университет»,Метро «Октябрьская»
26,3159527,0,283_3159527_7_208,733.0,775.0,Метро «Университет»,Метро «Октябрьская»
26,3159527,0,283_3159527_7_210,756.0,798.0,Метро «Университет»,Метро «Октябрьская»
26,3159527,0,283_3159527_7_213,777.0,819.0,Метро «Университет»,Метро «Октябрьская»
26,3159527,0,283_3159527_7_802,1024.0,1065.0,Метро «Университет»,Метро «Октябрьская»
26,3159527,0,283_3159527_8_209,767.0,809.0,Метро «Университет»,Метро «Октябрьская»
26,3159527,0,283_3159527_8_211,798.0,840.0,Метро «Университет»,Метро «Октябрьская»
26,3159527,0,283_3159527_8_212,808.0,850.0,Метро «Университет»,Метро «Октябрьская»
26,3159527,0,283_3159527_8_804,1057.0,1098.0,Метро «Университет»,Метро «Октябрьская»
26,3159527,0,283_3159527_8_806,1097.0,1138.0,Метро «Университет»,Метро «Октябрьская»
26,3159527,0,283_3159527_9_201,746.0,788.0,Метро «Университет»,Метро «Октябрьская»
26,3159527,0,283_3159527_9_203,788.0,830.0,Метро «Университет»,Метро «Октябрьская»
26,3159527,0,283_3159527_9_205,818.0,860.0,Метро «Университет»,Метро «Октябрьская»
26,3159527,0,283_3159527_9_207,828.0,870.0,Метро «Университет»,Метро «Октябрьская»
26,3159527,0,283_3159527_9_208,839.0,881.0,Метро «Университет»,Метро «Октябрьская»
26,3159527,0,283_3159527_9_210,860.0,902.0,Метро «Университет»,Метро «Октябрьская»
26,3159527,0,283_3159527_9_213,882.0,924.0,Метро «Университет»,Метро «Октябрьская»
26,3159527,0,283_3159527_9_802,1129.0,1170.0,Метро «Университет»,Метро «Октябрьская»
26,3159527,1,283_3159527_10_201,794.0,839.0,Метро «Октябрьская»,Метро «Университет»
26,3159527,1,283_3159527_10_203,838.0,883.0,Метро «Октябрьская»,Метро «Университет»
26,3159527,1,283_3159527_10_205,868.0,913.0,Метро «Октябрьская»,Метро «Университет»
26,3159527,1,283_3159527_10_207,879.0,924.0,Метро «Октябрьская»,Метро «Университет»
26,3159527,1,283_3159527_10_208,889.0,934.0,Метро «Октябрьская»,Метро «Университет»
26,3159527,1,283_3159527_10_210,910.0,955.0,Метро «Октябрьская»,Метро «Университет»
26,3159527,1,283_3159527_10_213,932.0,977.0,Метро «Октябрьская»,Метро «Университет»
26,3159527,1,283_3159527_10_802,1177.0,1221.0,Метро «Октябрьская»,Метро «Университет»
26,3159527,1,283_3159527_11_209,922.0,967.0,Метро «Октябрьская»,Метро «Университет»
26,3159527,1,283_3159527_11_211,951.0,996.0,Метро «Октябрьская»,Метро «Университет»
26,3159527,1,283_3159527_11_212,961.0,1006.0,Метро «Октябрьская»,Метро «Университет»
26,3159527,1,283_3159527_11_804,1212.0,1256.0,Метро «Октябрьская»,Метро «Университет»
26,3159527,1,283_3159527_11_806,1251.0,1293.0,Метро «Октябрьская»,Метро «Университет»
26,3159527,1,283_3159527_12_201,900.0,945.0,Метро «Октябрьская»,Метро «Университет»
26,3159527,1,283_3159527_12_203,942.0,987.0,Метро «Октябрьская»,Метро «Университет»
26,3159527,1,283_3159527_12_205,978.0,1023.0,Метро «Октябрьская»,Метро «Университет»
26,3159527,1,283_3159527_12_207,985.0,1030.0,Метро «Октябрьская»,Метро «Университет»
26,3159527,1,283_3159527_12_208,993.0,1038.0,Метро «Октябрьская»,Метро «Университет»
26,3159527,1,283_3159527_12_210,1016.0,1060.0,Метро «Октябрьская»,Метро «Университет»
26,3159527,1,283_3159527_12_213,1035.0,1079.0,Метро «Октябрьская»,Метро «Университет»
26,3159527,1,283_3159527_12_802,1283.0,1325.0,Метро «Октябрьская»,Метро «Университет»
26,3159527,1,283_3159527_13_209,1026.0,1070.0,Метро «Октябрьская»,Метро «Университет»
26,3159527,1,283_3159527_13_211,1058.0,1102.0,Метро «Октябрьская»,Метро «Университет»
26,3159527,1,283_3159527_13_212,1064.0,1108.0,Метро «Октябрьская»,Метро «Университет»
26,3159527,1,283_3159527_13_804,1317.0,1359.0,Метро «Октябрьская»,Метро «Университет»
26,3159527,1,283_3159527_13_806,1358.0,1399.0,Метро «Октябрьская»,Метро «Университет»
26,3159527,1,283_3159527_14_201,1009.0,1053.0,Метро «Октябрьская»,Метро «Университет»
26,3159527,1,283_3159527_14_203,1049.0,1093.0,Метро «Октябрьская»,Метро «Университет»
26,3159527,1,283_3159527_14_205,1082.0,1126.0,Метро «Октябрьская»,Метро «Университет»
26,3159527,1,283_3159527_14_207,1090.0,1134.0,Метро «Октябрьская»,Метро «Университет»
26,3159527,1,283_3159527_14_208,1098.0,1142.0,Метро «Октябрьская»,Метро «Университет»
26,3159527,1,283_3159527_14_210,1121.0,1165.0,Метро «Октябрьская»,Метро «Университет»
26,3159527,1,283_3159527_14_213,1137.0,1181.0,Метро «Октябрьская»,Метро «Университет»
26,3159527,1,283_3159527_14_802,1390.0,1428.0,Метро «Октябрьская»,Метро «Университет»
26,3159527,1,283_3159527_15_209,1129.0,1173.0,Метро «Октябрьская»,Метро «Университет»
26,3159527,1,283_3159527_15_211,1162.0,1206.0,Метро «Октябрьская»,Метро «Университет»
26,3159527,1,283_3159527_15_212,1169.0,1213.0,Метро «Октябрьская»,Метро «Университет»
26,3159527,1,283_3159527_15_804,1419.0,1457.0,Метро «Октябрьская»,Метро «Университет»
26,3159527,1,283_3159527_15_806,1456.0,1494.0,Метро «Октябрьская»,Метро «Университет»
26,3159527,1,283_3159527_16_201,1113.0,1157.0,Метро «Октябрьская»,Метро «Университет»
26,3159527,1,283_3159527_16_203,1153.0,1197.0,Метро «Октябрьская»,Метро «Университет»
26,3159527,1,283_3159527_16_205,1186.0,1230.0,Метро «Октябрьская»,Метро «Университет»
26,3159527,1,283_3159527_16_207,1195.0,1239.0,Метро «Октябрьская»,Метро «Университет»
26,3159527,1,283_3159527_16_208,1204.0,1248.0,Метро «Октябрьская»,Метро «Университет»
26,3159527,1,283_3159527_16_210,1223.0,1266.0,Метро «Октябрьская»,Метро «Университет»
26,3159527,1,283_3159527_16_213,1243.0,1286.0,Метро «Октябрьская»,Метро «Университет»
26,3159527,1,283_3159527_17_209,1233.0,1276.0,Метро «Октябрьская»,Метро «Университет»
26,3159527,1,283_3159527_17_211,1263.0,1305.0,Метро «Октябрьская»,Метро «Университет»
26,3159527,1,283_3159527_17_212,1273.0,1315.0,Метро «Октябрьская»,Метро «Университет»
26,3159527,1,283_3159527_18_207,1294.0,1336.0,Метро «Октябрьская»,Метро «Университет»
26,3159527,1,283_3159527_18_208,1306.0,1348.0,Метро «Октябрьская»,Метро «Университет»
26,3159527,1,283_3159527_18_210,1328.0,1370.0,Метро «Октябрьская»,Метро «Университет»
26,3159527,1,283_3159527_18_213,1347.0,1389.0,Метро «Октябрьская»,Метро «Университет»
26,3159527,1,283_3159527_19_209,1337.0,1379.0,Метро «Октябрьская»,Метро «Университет»
26,3159527,1,283_3159527_19_211,1368.0,1409.0,Метро «Октябрьская»,Метро «Университет»
26,3159527,1,283_3159527_19_212,1378.0,1417.0,Метро «Октябрьская»,Метро «Университет»
26,3159527,1,283_3159527_1_209,410.0,451.0,Метро «Октябрьская»,Метро «Университет»
26,3159527,1,283_3159527_1_211,427.0,469.0,Метро «Октябрьская»,Метро «Университет»
26,3159527,1,283_3159527_1_212,443.0,485.0,Метро «Октябрьская»,Метро «Университет»
26,3159527,1,283_3159527_1_804,308.0,346.0,Метро «Октябрьская»,Метро «Университет»
26,3159527,1,283_3159527_1_806,339.0,377.0,Метро «Октябрьская»,Метро «Университет»
26,3159527,1,283_3159527_20_208,1407.0,1445.0,Метро «Октябрьская»,Метро «Университет»
26,3159527,1,283_3159527_20_210,1434.0,1472.0,Метро «Октябрьская»,Метро «Университет»
26,3159527,1,283_3159527_2_201,386.0,424.0,Метро «Октябрьская»,Метро «Университет»
26,3159527,1,283_3159527_2_203,419.0,461.0,Метро «Октябрьская»,Метро «Университет»
26,3159527,1,283_3159527_2_205,451.0,493.0,Метро «Октябрьская»,Метро «Университет»
26,3159527,1,283_3159527_2_207,461.0,503.0,Метро «Октябрьская»,Метро «Университет»
26,3159527,1,283_3159527_2_208,478.0,520.0,Метро «Октябрьская»,Метро «Университет»
26,3159527,1,283_3159527_2_210,494.0,536.0,Метро «Октябрьская»,Метро «Университет»
26,3159527,1,283_3159527_2_213,519.0,561.0,Метро «Октябрьская»,Метро «Университет»
26,3159527,1,283_3159527_2_802,370.0,408.0,Метро «Октябрьская»,Метро «Университет»
26,3159527,1,283_3159527_3_209,511.0,553.0,Метро «Октябрьская»,Метро «Университет»
26,3159527,1,283_3159527_3_211,531.0,573.0,Метро «Октябрьская»,Метро «Университет»
26,3159527,1,283_3159527_3_212,547.0,589.0,Метро «Октябрьская»,Метро «Университет»
26,3159527,1,283_3159527_3_804,402.0,443.0,Метро «Октябрьская»,Метро «Университет»
26,3159527,1,283_3159527_3_806,435.0,477.0,Метро «Октябрьская»,Метро «Университет»
26,3159527,1,283_3159527_4_201,486.0,528.0,Метро «Октябрьская»,Метро «Университет»
26,3159527,1,283_3159527_4_203,523.0,565.0,Метро «Октябрьская»,Метро «Университет»
26,3159527,1,283_3159527_4_205,555.0,597.0,Метро «Октябрьская»,Метро «Университет»
26,3159527,1,283_3159527_4_207,563.0,605.0,Метро «Октябрьская»,Метро «Университет»
26,3159527,1,283_3159527_4_208,576.0,618.0,Метро «Октябрьская»,Метро «Университет»
26,3159527,1,283_3159527_4_210,598.0,643.0,Метро «Октябрьская»,Метро «Университет»
26,3159527,1,283_3159527_4_213,618.0,663.0,Метро «Октябрьская»,Метро «Университет»
26,3159527,1,283_3159527_4_802,470.0,512.0,Метро «Октябрьская»,Метро «Университет»
26,3159527,1,283_3159527_5_209,609.0,654.0,Метро «Октябрьская»,Метро «Университет»
26,3159527,1,283_3159527_5_211,639.0,684.0,Метро «Октябрьская»,Метро «Университет»
26,3159527,1,283_3159527_5_212,649.0,694.0,Метро «Октябрьская»,Метро «Университет»
26,3159527,1,283_3159527_5_804,502.0,544.0,Метро «Октябрьская»,Метро «Университет»
26,3159527,1,283_3159527_5_806,539.0,581.0,Метро «Октябрьская»,Метро «Университет»
26,3159527,1,283_3159527_6_201,586.0,630.0,Метро «Октябрьская»,Метро «Университет»
26,3159527,1,283_3159527_6_203,630.0,675.0,Метро «Октябрьская»,Метро «Университет»
26,3159527,1,283_3159527_6_205,659.0,704.0,Метро «Октябрьская»,Метро «Университет»
26,3159527,1,283_3159527_6_207,670.0,715.0,Метро «Октябрьская»,Метро «Университет»
26,3159527,1,283_3159527_6_208,680.0,725.0,Метро «Октябрьская»,Метро «Университет»
26,3159527,1,283_3159527_6_210,701.0,746.0,Метро «Октябрьская»,Метро «Университет»
26,3159527,1,283_3159527_6_213,722.0,767.0,Метро «Октябрьская»,Метро «Университет»
26,3159527,1,283_3159527_6_802,970.0,1015.0,Метро «Октябрьская»,Метро «Университет»
26,3159527,1,283_3159527_7_209,711.0,756.0,Метро «Октябрьская»,Метро «Университет»
26,3159527,1,283_3159527_7_211,742.0,787.0,Метро «Октябрьская»,Метро «Университет»
26,3159527,1,283_3159527_7_212,751.0,796.0,Метро «Октябрьская»,Метро «Университет»
26,3159527,1,283_3159527_7_804,1001.0,1046.0,Метро «Октябрьская»,Метро «Университет»
26,3159527,1,283_3159527_7_806,1043.0,1087.0,Метро «Октябрьская»,Метро «Университет»
26,3159527,1,283_3159527_8_201,691.0,736.0,Метро «Октябрьская»,Метро «Университет»
26,3159527,1,283_3159527_8_203,733.0,778.0,Метро «Октябрьская»,Метро «Университет»
26,3159527,1,283_3159527_8_205,762.0,807.0,Метро «Октябрьская»,Метро «Университет»
26,3159527,1,283_3159527_8_207,773.0,818.0,Метро «Октябрьская»,Метро «Университет»
26,3159527,1,283_3159527_8_208,784.0,829.0,Метро «Октябрьская»,Метро «Университет»
26,3159527,1,283_3159527_8_210,804.0,849.0,Метро «Октябрьская»,Метро «Университет»
26,3159527,1,283_3159527_8_213,828.0,873.0,Метро «Октябрьская»,Метро «Университет»
26,3159527,1,283_3159527_8_802,1073.0,1117.0,Метро «Октябрьская»,Метро «Университет»
26,3159527,1,283_3159527_9_209,815.0,860.0,Метро «Октябрьская»,Метро «Университет»
26,3159527,1,283_3159527_9_211,848.0,893.0,Метро «Октябрьская»,Метро «Университет»
26,3159527,1,283_3159527_9_212,859.0,904.0,Метро «Октябрьская»,Метро «Университет»
26,3159527,1,283_3159527_9_804,1105.0,1149.0,Метро «Октябрьская»,Метро «Университет»
26,3159527,1,283_3159527_9_806,1145.0,1189.0,Метро «Октябрьская»,Метро «Университет»
26,3159585,0,283_3159585_10_201,733.0,777.0,Метро «Университет»,Метро «Октябрьская»
26,3159585,0,283_3159585_10_203,771.0,815.0,Метро «Университет»,Метро «Октябрьская»
26,3159585,0,283_3159585_10_205,790.0,834.0,Метро «Университет»,Метро «Октябрьская»
26,3159585,0,283_3159585_10_206,799.0,843.0,Метро «Университет»,Метро «Октябрьская»
26,3159585,0,283_3159585_10_208,818.0,862.0,Метро «Университет»,Метро «Октябрьская»
26,3159585,0,283_3159585_10_209,933.0,977.0,Метро «Университет»,Метро «Октябрьская»
26,3159585,0,283_3159585_10_210,964.0,1008.0,Метро «Университет»,Метро «Октябрьская»
26,3159585,0,283_3159585_10_211,972.0,1016.0,Метро «Университет»,Метро «Октябрьская»
26,3159585,0,283_3159585_10_212,1020.0,1064.0,Метро «Университет»,Метро «Октябрьская»
26,3159585,0,283_3159585_10_213,1169.0,1213.0,Метро «Университет»,Метро «Октябрьская»
26,3159585,0,283_3159585_10_804,1133.0,1177.0,Метро «Университет»,Метро «Октябрьская»
26,3159585,0,283_3159585_10_807,780.0,824.0,Метро «Университет»,Метро «Октябрьская»
26,3159585,0,283_3159585_11_802,1198.0,1240.0,Метро «Университет»,Метро «Октябрьская»
26,3159585,0,283_3159585_12_201,839.0,883.0,Метро «Университет»,Метро «Октябрьская»
26,3159585,0,283_3159585_12_203,877.0,921.0,Метро «Университет»,Метро «Октябрьская»
26,3159585,0,283_3159585_12_205,895.0,939.0,Метро «Университет»,Метро «Октябрьская»
26,3159585,0,283_3159585_12_206,905.0,949.0,Метро «Университет»,Метро «Октябрьская»
26,3159585,0,283_3159585_12_208,925.0,969.0,Метро «Университет»,Метро «Октябрьская»
26,3159585,0,283_3159585_12_209,1041.0,1085.0,Метро «Университет»,Метро «Октябрьская»
26,3159585,0,283_3159585_12_210,1068.0,1112.0,Метро «Университет»,Метро «Октябрьская»
26,3159585,0,283_3159585_12_211,1076.0,1120.0,Метро «Университет»,Метро «Октябрьская»
26,3159585,0,283_3159585_12_212,1126.0,1170.0,Метро «Университет»,Метро «Октябрьская»
26,3159585,0,283_3159585_12_213,1274.0,1315.0,Метро «Университет»,Метро «Октябрьская»
26,3159585,0,283_3159585_12_804,1232.0,1273.0,Метро «Университет»,Метро «Октябрьская»
26,3159585,0,283_3159585_12_807,1159.0,1203.0,Метро «Университет»,Метро «Октябрьская»
26,3159585,0,283_3159585_13_802,1301.0,1342.0,Метро «Университет»,Метро «Октябрьская»
26,3159585,0,283_3159585_14_201,942.0,986.0,Метро «Университет»,Метро «Октябрьская»
26,3159585,0,283_3159585_14_203,981.0,1025.0,Метро «Университет»,Метро «Октябрьская»
26,3159585,0,283_3159585_14_205,1001.0,1045.0,Метро «Университет»,Метро «Октябрьская»
26,3159585,0,283_3159585_14_206,1009.0,1053.0,Метро «Университет»,Метро «Октябрьская»
26,3159585,0,283_3159585_14_208,1030.0,1074.0,Метро «Университет»,Метро «Октябрьская»
26,3159585,0,283_3159585_14_209,1149.0,1193.0,Метро «Университет»,Метро «Октябрьская»
26,3159585,0,283_3159585_14_210,1178.0,1223.0,Метро «Университет»,Метро «Октябрьская»
26,3159585,0,283_3159585_14_211,1189.0,1232.0,Метро «Университет»,Метро «Октябрьская»
26,3159585,0,283_3159585_14_212,1223.0,1264.0,Метро «Университет»,Метро «Октябрьская»
26,3159585,0,283_3159585_14_804,1328.0,1369.0,Метро «Университет»,Метро «Октябрьская»
26,3159585,0,283_3159585_14_807,1262.0,1303.0,Метро «Университет»,Метро «Октябрьская»
26,3159585,0,283_3159585_15_802,1398.0,1434.0,Метро «Университет»,Метро «Октябрьская»
26,3159585,0,283_3159585_16_201,1050.0,1094.0,Метро «Университет»,Метро «Октябрьская»
26,3159585,0,283_3159585_16_203,1084.0,1128.0,Метро «Университет»,Метро «Октябрьская»
26,3159585,0,283_3159585_16_205,1109.0,1153.0,Метро «Университет»,Метро «Октябрьская»
26,3159585,0,283_3159585_16_206,1117.0,1161.0,Метро «Университет»,Метро «Октябрьская»
26,3159585,0,283_3159585_16_208,1141.0,1185.0,Метро «Университет»,Метро «Октябрьская»
26,3159585,0,283_3159585_16_209,1252.0,1293.0,Метро «Университет»,Метро «Октябрьская»
26,3159585,0,283_3159585_16_211,1287.0,1328.0,Метро «Университет»,Метро «Октябрьская»
26,3159585,0,283_3159585_16_212,1316.0,1357.0,Метро «Университет»,Метро «Октябрьская»
26,3159585,0,283_3159585_16_804,1426.0,1462.0,Метро «Университет»,Метро «Октябрьская»
26,3159585,0,283_3159585_16_807,1362.0,1400.0,Метро «Университет»,Метро «Октябрьская»
26,3159585,0,283_3159585_18_205,1211.0,1252.0,Метро «Университет»,Метро «Октябрьская»
26,3159585,0,283_3159585_18_208,1242.0,1283.0,Метро «Университет»,Метро «Октябрьская»
26,3159585,0,283_3159585_18_209,1348.0,1387.0,Метро «Университет»,Метро «Октябрьская»
26,3159585,0,283_3159585_18_211,1384.0,1420.0,Метро «Университет»,Метро «Октябрьская»
26,3159585,0,283_3159585_18_212,1413.0,1449.0,Метро «Университет»,Метро «Октябрьская»
26,3159585,0,283_3159585_18_807,1452.0,1488.0,Метро «Университет»,Метро «Октябрьская»
26,3159585,0,283_3159585_1_802,321.0,360.0,Метро «Университет»,Метро «Октябрьская»
26,3159585,0,283_3159585_20_208,1337.0,1378.0,Метро «Университет»,Метро «Октябрьская»
26,3159585,0,283_3159585_20_211,1474.0,1510.0,Метро «Университет»,Метро «Октябрьская»
26,3159585,0,283_3159585_20_212,1496.0,1532.0,Метро «Университет»,Метро «Октябрьская»
26,3159585,0,283_3159585_2_114,885.0,929.0,Метро «Университет»,Метро «Октябрьская»
26,3159585,0,283_3159585_2_201,333.0,372.0,Метро «Университет»,Метро «Октябрьская»
26,3159585,0,283_3159585_2_203,357.0,396.0,Метро «Университет»,Метро «Октябрьская»
26,3159585,0,283_3159585_2_205,385.0,424.0,Метро «Университет»,Метро «Октябрьская»
26,3159585,0,283_3159585_2_206,400.0,439.0,Метро «Университет»,Метро «Октябрьская»
26,3159585,0,283_3159585_2_208,412.0,451.0,Метро «Университет»,Метро «Октябрьская»
26,3159585,0,283_3159585_2_209,513.0,555.0,Метро «Университет»,Метро «Октябрьская»
26,3159585,0,283_3159585_2_210,553.0,595.0,Метро «Университет»,Метро «Октябрьская»
26,3159585,0,283_3159585_2_211,561.0,603.0,Метро «Университет»,Метро «Октябрьская»
26,3159585,0,283_3159585_2_212,601.0,643.0,Метро «Университет»,Метро «Октябрьская»
26,3159585,0,283_3159585_2_213,742.0,786.0,Метро «Университет»,Метро «Октябрьская»
26,3159585,0,283_3159585_2_804,345.0,384.0,Метро «Университет»,Метро «Октябрьская»
26,3159585,0,283_3159585_2_807,370.0,409.0,Метро «Университет»,Метро «Октябрьская»
26,3159585,0,283_3159585_3_802,424.0,463.0,Метро «Университет»,Метро «Октябрьская»
26,3159585,0,283_3159585_4_114,990.0,1034.0,Метро «Университет»,Метро «Октябрьская»
26,3159585,0,283_3159585_4_201,436.0,475.0,Метро «Университет»,Метро «Октябрьская»
26,3159585,0,283_3159585_4_203,460.0,501.0,Метро «Университет»,Метро «Октябрьская»
26,3159585,0,283_3159585_4_205,482.0,524.0,Метро «Университет»,Метро «Октябрьская»
26,3159585,0,283_3159585_4_206,494.0,536.0,Метро «Университет»,Метро «Октябрьская»
26,3159585,0,283_3159585_4_208,506.0,548.0,Метро «Университет»,Метро «Октябрьская»
26,3159585,0,283_3159585_4_209,618.0,660.0,Метро «Университет»,Метро «Октябрьская»
26,3159585,0,283_3159585_4_210,651.0,693.0,Метро «Университет»,Метро «Октябрьская»
26,3159585,0,283_3159585_4_211,659.0,701.0,Метро «Университет»,Метро «Октябрьская»
26,3159585,0,283_3159585_4_212,703.0,744.0,Метро «Университет»,Метро «Октябрьская»
26,3159585,0,283_3159585_4_213,848.0,892.0,Метро «Университет»,Метро «Октябрьская»
26,3159585,0,283_3159585_4_804,448.0,487.0,Метро «Университет»,Метро «Октябрьская»
26,3159585,0,283_3159585_4_807,470.0,512.0,Метро «Университет»,Метро «Октябрьская»
26,3159585,0,283_3159585_5_802,522.0,564.0,Метро «Университет»,Метро «Октябрьская»
26,3159585,0,283_3159585_6_114,1101.0,1145.0,Метро «Университет»,Метро «Октябрьская»
26,3159585,0,283_3159585_6_201,533.0,575.0,Метро «Университет»,Метро «Октябрьская»
26,3159585,0,283_3159585_6_203,569.0,611.0,Метро «Университет»,Метро «Октябрьская»
26,3159585,0,283_3159585_6_205,586.0,628.0,Метро «Университет»,Метро «Октябрьская»
26,3159585,0,283_3159585_6_206,593.0,635.0,Метро «Университет»,Метро «Октябрьская»
26,3159585,0,283_3159585_6_208,610.0,652.0,Метро «Университет»,Метро «Октябрьская»
26,3159585,0,283_3159585_6_209,723.0,767.0,Метро «Университет»,Метро «Октябрьская»
26,3159585,0,283_3159585_6_210,752.0,796.0,Метро «Университет»,Метро «Октябрьская»
26,3159585,0,283_3159585_6_211,762.0,806.0,Метро «Университет»,Метро «Октябрьская»
26,3159585,0,283_3159585_6_212,807.0,851.0,Метро «Университет»,Метро «Октябрьская»
26,3159585,0,283_3159585_6_213,953.0,997.0,Метро «Университет»,Метро «Октябрьская»
26,3159585,0,283_3159585_6_804,543.0,585.0,Метро «Университет»,Метро «Октябрьская»
26,3159585,0,283_3159585_6_807,578.0,620.0,Метро «Университет»,Метро «Октябрьская»
26,3159585,0,283_3159585_7_802,625.0,667.0,Метро «Университет»,Метро «Октябрьская»
26,3159585,0,283_3159585_8_201,632.0,674.0,Метро «Университет»,Метро «Октябрьская»
26,3159585,0,283_3159585_8_203,668.0,710.0,Метро «Университет»,Метро «Октябрьская»
26,3159585,0,283_3159585_8_205,687.0,729.0,Метро «Университет»,Метро «Октябрьская»
26,3159585,0,283_3159585_8_206,695.0,736.0,Метро «Университет»,Метро «Октябрьская»
26,3159585,0,283_3159585_8_208,714.0,757.0,Метро «Университет»,Метро «Октябрьская»
26,3159585,0,283_3159585_8_209,829.0,873.0,Метро «Университет»,Метро «Октябрьская»
26,3159585,0,283_3159585_8_210,857.0,901.0,Метро «Университет»,Метро «Октябрьская»
26,3159585,0,283_3159585_8_211,867.0,911.0,Метро «Университет»,Метро «Октябрьская»
26,3159585,0,283_3159585_8_212,916.0,960.0,Метро «Университет»,Метро «Октябрьская»
26,3159585,0,283_3159585_8_213,1059.0,1103.0,Метро «Университет»,Метро «Октябрьская»
26,3159585,0,283_3159585_8_804,641.0,683.0,Метро «Университет»,Метро «Октябрьская»
26,3159585,0,283_3159585_8_807,676.0,718.0,Метро «Университет»,Метро «Октябрьская»
26,3159585,0,283_3159585_9_802,1093.0,1137.0,Метро «Университет»,Метро «Октябрьская»
26,3159585,1,283_3159585_10_802,1139.0,1186.0,Метро «Октябрьская»,Метро «Университет»
26,3159585,1,283_3159585_11_201,780.0,827.0,Метро «Октябрьская»,Метро «Университет»
26,3159585,1,283_3159585_11_203,820.0,867.0,Метро «Октябрьская»,Метро «Университет»
26,3159585,1,283_3159585_11_205,840.0,887.0,Метро «Октябрьская»,Метро «Университет»
26,3159585,1,283_3159585_11_206,850.0,897.0,Метро «Октябрьская»,Метро «Университет»
26,3159585,1,283_3159585_11_208,868.0,915.0,Метро «Октябрьская»,Метро «Университет»
26,3159585,1,283_3159585_11_209,983.0,1030.0,Метро «Октябрьская»,Метро «Университет»
26,3159585,1,283_3159585_11_210,1011.0,1058.0,Метро «Октябрьская»,Метро «Университет»
26,3159585,1,283_3159585_11_211,1020.0,1067.0,Метро «Октябрьская»,Метро «Университет»
26,3159585,1,283_3159585_11_212,1067.0,1114.0,Метро «Октябрьская»,Метро «Университет»
26,3159585,1,283_3159585_11_213,1217.0,1260.0,Метро «Октябрьская»,Метро «Университет»
26,3159585,1,283_3159585_11_804,1181.0,1227.0,Метро «Октябрьская»,Метро «Университет»
26,3159585,1,283_3159585_11_807,1101.0,1148.0,Метро «Октябрьская»,Метро «Университет»
26,3159585,1,283_3159585_12_802,1245.0,1288.0,Метро «Октябрьская»,Метро «Университет»
26,3159585,1,283_3159585_13_201,887.0,934.0,Метро «Октябрьская»,Метро «Университет»
26,3159585,1,283_3159585_13_203,926.0,973.0,Метро «Октябрьская»,Метро «Университет»
26,3159585,1,283_3159585_13_205,945.0,992.0,Метро «Октябрьская»,Метро «Университет»
26,3159585,1,283_3159585_13_206,955.0,1002.0,Метро «Октябрьская»,Метро «Университет»
26,3159585,1,283_3159585_13_208,975.0,1022.0,Метро «Октябрьская»,Метро «Университет»
26,3159585,1,283_3159585_13_209,1091.0,1138.0,Метро «Октябрьская»,Метро «Университет»
26,3159585,1,283_3159585_13_210,1120.0,1167.0,Метро «Октябрьская»,Метро «Университет»
26,3159585,1,283_3159585_13_211,1129.0,1176.0,Метро «Октябрьская»,Метро «Университет»
26,3159585,1,283_3159585_13_212,1172.0,1217.0,Метро «Октябрьская»,Метро «Университет»
26,3159585,1,283_3159585_13_213,1323.0,1366.0,Метро «Октябрьская»,Метро «Университет»
26,3159585,1,283_3159585_13_804,1277.0,1320.0,Метро «Октябрьская»,Метро «Университет»
26,3159585,1,283_3159585_13_807,1209.0,1252.0,Метро «Октябрьская»,Метро «Университет»
26,3159585,1,283_3159585_14_802,1347.0,1390.0,Метро «Октябрьская»,Метро «Университет»
26,3159585,1,283_3159585_15_201,993.0,1040.0,Метро «Октябрьская»,Метро «Университет»
26,3159585,1,283_3159585_15_203,1028.0,1075.0,Метро «Октябрьская»,Метро «Университет»
26,3159585,1,283_3159585_15_205,1052.0,1099.0,Метро «Октябрьская»,Метро «Университет»
26,3159585,1,283_3159585_15_206,1058.0,1105.0,Метро «Октябрьская»,Метро «Университет»
26,3159585,1,283_3159585_15_208,1082.0,1129.0,Метро «Октябрьская»,Метро «Университет»
26,3159585,1,283_3159585_15_209,1199.0,1243.0,Метро «Октябрьская»,Метро «Университет»
26,3159585,1,283_3159585_15_210,1226.0,1269.0,Метро «Октябрьская»,Метро «Университет»
26,3159585,1,283_3159585_15_211,1237.0,1280.0,Метро «Октябрьская»,Метро «Университет»
26,3159585,1,283_3159585_15_212,1269.0,1312.0,Метро «Октябрьская»,Метро «Университет»
26,3159585,1,283_3159585_15_804,1372.0,1414.0,Метро «Октябрьская»,Метро «Университет»
26,3159585,1,283_3159585_15_807,1310.0,1353.0,Метро «Октябрьская»,Метро «Университет»
26,3159585,1,283_3159585_16_802,1437.0,1476.0,Метро «Октябрьская»,Метро «Университет»
26,3159585,1,283_3159585_17_205,1160.0,1206.0,Метро «Октябрьская»,Метро «Университет»
26,3159585,1,283_3159585_17_208,1190.0,1234.0,Метро «Октябрьская»,Метро «Университет»
26,3159585,1,283_3159585_17_209,1297.0,1340.0,Метро «Октябрьская»,Метро «Университет»
26,3159585,1,283_3159585_17_211,1333.0,1376.0,Метро «Октябрьская»,Метро «Университет»
26,3159585,1,283_3159585_17_212,1361.0,1403.0,Метро «Октябрьская»,Метро «Университет»
26,3159585,1,283_3159585_17_804,1471.0,1510.0,Метро «Октябрьская»,Метро «Университет»
26,3159585,1,283_3159585_17_807,1403.0,1442.0,Метро «Октябрьская»,Метро «Университет»
26,3159585,1,283_3159585_19_205,1255.0,1298.0,Метро «Октябрьская»,Метро «Университет»
26,3159585,1,283_3159585_19_208,1287.0,1330.0,Метро «Октябрьская»,Метро «Университет»
26,3159585,1,283_3159585_19_209,1389.0,1428.0,Метро «Октябрьская»,Метро «Университет»
26,3159585,1,283_3159585_19_211,1423.0,1462.0,Метро «Октябрьская»,Метро «Университет»
26,3159585,1,283_3159585_19_212,1451.0,1490.0,Метро «Октябрьская»,Метро «Университет»
26,3159585,1,283_3159585_19_807,1491.0,1530.0,Метро «Октябрьская»,Метро «Университет»
26,3159585,1,283_3159585_1_114,830.0,877.0,Метро «Октябрьская»,Метро «Университет»
26,3159585,1,283_3159585_1_205,332.0,373.0,Метро «Октябрьская»,Метро «Университет»
26,3159585,1,283_3159585_1_206,351.0,392.0,Метро «Октябрьская»,Метро «Университет»
26,3159585,1,283_3159585_1_208,364.0,405.0,Метро «Октябрьская»,Метро «Университет»
26,3159585,1,283_3159585_1_210,502.0,546.0,Метро «Октябрьская»,Метро «Университет»
26,3159585,1,283_3159585_1_213,687.0,733.0,Метро «Октябрьская»,Метро «Университет»
26,3159585,1,283_3159585_1_804,294.0,335.0,Метро «Октябрьская»,Метро «Университет»
26,3159585,1,283_3159585_1_807,319.0,360.0,Метро «Октябрьская»,Метро «Университет»
26,3159585,1,283_3159585_2_802,377.0,418.0,Метро «Октябрьская»,Метро «Университет»
26,3159585,1,283_3159585_3_114,935.0,982.0,Метро «Октябрьская»,Метро «Университет»
26,3159585,1,283_3159585_3_201,387.0,428.0,Метро «Октябрьская»,Метро «Университет»
26,3159585,1,283_3159585_3_203,409.0,450.0,Метро «Октябрьская»,Метро «Университет»
26,3159585,1,283_3159585_3_205,433.0,474.0,Метро «Октябрьская»,Метро «Университет»
26,3159585,1,283_3159585_3_206,445.0,486.0,Метро «Октябрьская»,Метро «Университет»
26,3159585,1,283_3159585_3_208,458.0,501.0,Метро «Октябрьская»,Метро «Университет»
26,3159585,1,283_3159585_3_209,561.0,605.0,Метро «Октябрьская»,Метро «Университет»
26,3159585,1,283_3159585_3_210,598.0,643.0,Метро «Октябрьская»,Метро «Университет»
26,3159585,1,283_3159585_3_211,606.0,652.0,Метро «Октябрьская»,Метро «Университет»
26,3159585,1,283_3159585_3_212,649.0,695.0,Метро «Октябрьская»,Метро «Университет»
26,3159585,1,283_3159585_3_213,790.0,837.0,Метро «Октябрьская»,Метро «Университет»
26,3159585,1,283_3159585_3_804,398.0,439.0,Метро «Октябрьская»,Метро «Университет»
26,3159585,1,283_3159585_3_807,420.0,461.0,Метро «Октябрьская»,Метро «Университет»
26,3159585,1,283_3159585_4_802,469.0,512.0,Метро «Октябрьская»,Метро «Университет»
26,3159585,1,283_3159585_5_114,1044.0,1091.0,Метро «Октябрьская»,Метро «Университет»
26,3159585,1,283_3159585_5_201,478.0,522.0,Метро «Октябрьская»,Метро «Университет»
26,3159585,1,283_3159585_5_203,512.0,556.0,Метро «Октябрьская»,Метро «Университет»
26,3159585,1,283_3159585_5_205,534.0,578.0,Метро «Октябрьская»,Метро «Университет»
26,3159585,1,283_3159585_5_206,542.0,586.0,Метро «Октябрьская»,Метро «Университет»
26,3159585,1,283_3159585_5_208,553.0,597.0,Метро «Октябрьская»,Метро «Университет»
26,3159585,1,283_3159585_5_209,666.0,712.0,Метро «Октябрьская»,Метро «Университет»
26,3159585,1,283_3159585_5_210,697.0,744.0,Метро «Октябрьская»,Метро «Университет»
26,3159585,1,283_3159585_5_211,707.0,754.0,Метро «Октябрьская»,Метро «Университет»
26,3159585,1,283_3159585_5_212,750.0,797.0,Метро «Октябрьская»,Метро «Университет»
26,3159585,1,283_3159585_5_213,896.0,943.0,Метро «Октябрьская»,Метро «Университет»
26,3159585,1,283_3159585_5_804,491.0,535.0,Метро «Октябрьская»,Метро «Университет»
26,3159585,1,283_3159585_5_807,523.0,567.0,Метро «Октябрьская»,Метро «Университет»
26,3159585,1,283_3159585_6_802,570.0,614.0,Метро «Октябрьская»,Метро «Университет»
26,3159585,1,283_3159585_7_114,1150.0,1197.0,Метро «Октябрьская»,Метро «Университет»
26,3159585,1,283_3159585_7_201,579.0,623.0,Метро «Октябрьская»,Метро «Университет»
26,3159585,1,283_3159585_7_203,615.0,661.0,Метро «Октябрьская»,Метро «Университет»
26,3159585,1,283_3159585_7_205,634.0,680.0,Метро «Октябрьская»,Метро «Университет»
26,3159585,1,283_3159585_7_206,642.0,688.0,Метро «Октябрьская»,Метро «Университет»
26,3159585,1,283_3159585_7_208,658.0,704.0,Метро «Октябрьская»,Метро «Университет»
26,3159585,1,283_3159585_7_209,771.0,818.0,Метро «Октябрьская»,Метро «Университет»
26,3159585,1,283_3159585_7_210,800.0,847.0,Метро «Октябрьская»,Метро «Университет»
26,3159585,1,283_3159585_7_211,810.0,857.0,Метро «Октябрьская»,Метро «Университет»
26,3159585,1,283_3159585_7_212,859.0,906.0,Метро «Октябрьская»,Метро «Университет»
26,3159585,1,283_3159585_7_213,1002.0,1049.0,Метро «Октябрьская»,Метро «Университет»
26,3159585,1,283_3159585_7_804,588.0,633.0,Метро «Октябрьская»,Метро «Университет»
26,3159585,1,283_3159585_7_807,624.0,670.0,Метро «Октябрьская»,Метро «Университет»
26,3159585,1,283_3159585_8_802,1036.0,1083.0,Метро «Октябрьская»,Метро «Университет»
26,3159585,1,283_3159585_9_201,677.0,723.0,Метро «Октябрьская»,Метро «Университет»
26,3159585,1,283_3159585_9_203,716.0,763.0,Метро «Октябрьская»,Метро «Университет»
26,3159585,1,283_3159585_9_205,734.0,781.0,Метро «Октябрьская»,Метро «Университет»
26,3159585,1,283_3159585_9_206,741.0,788.0,Метро «Октябрьская»,Метро «Университет»
26,3159585,1,283_3159585_9_208,761.0,808.0,Метро «Октябрьская»,Метро «Университет»
26,3159585,1,283_3159585_9_209,876.0,923.0,Метро «Октябрьская»,Метро «Университет»
26,3159585,1,283_3159585_9_210,906.0,953.0,Метро «Октябрьская»,Метро «Университет»
26,3159585,1,283_3159585_9_211,916.0,963.0,Метро «Октябрьская»,Метро «Университет»
26,3159585,1,283_3159585_9_212,965.0,1012.0,Метро «Октябрьская»,Метро «Университет»
26,3159585,1,283_3159585_9_213,1111.0,1158.0,Метро «Октябрьская»,Метро «Университет»
26,3159585,1,283_3159585_9_804,1074.0,1121.0,Метро «Октябрьская»,Метро «Университет»
26,3159585,1,283_3159585_9_807,724.0,771.0,Метро «Октябрьская»,Метро «Университет»
28,3159366,0,264_3159366_10_801,791.0,815.0,Проспект Маршала Жукова,Метро «Сокол»
28,3159366,0,264_3159366_11_202,647.0,671.0,Проспект Маршала Жукова,Метро «Сокол»
28,3159366,0,264_3159366_11_206,683.0,707.0,Проспект Маршала Жукова,Метро «Сокол»
28,3159366,0,264_3159366_11_207,719.0,743.0,Проспект Маршала Жукова,Метро «Сокол»
28,3159366,0,264_3159366_11_803,611.0,635.0,Проспект Маршала Жукова,Метро «Сокол»
28,3159366,0,264_3159366_11_804,815.0,839.0,Проспект Маршала Жукова,Метро «Сокол»
28,3159366,0,264_3159366_11_805,635.0,659.0,Проспект Маршала Жукова,Метро «Сокол»
28,3159366,0,264_3159366_12_801,851.0,875.0,Проспект Маршала Жукова,Метро «Сокол»
28,3159366,0,264_3159366_13_202,707.0,731.0,Проспект Маршала Жукова,Метро «Сокол»
28,3159366,0,264_3159366_13_206,743.0,767.0,Проспект Маршала Жукова,Метро «Сокол»
28,3159366,0,264_3159366_13_207,779.0,803.0,Проспект Маршала Жукова,Метро «Сокол»
28,3159366,0,264_3159366_13_803,671.0,695.0,Проспект Маршала Жукова,Метро «Сокол»
28,3159366,0,264_3159366_13_804,875.0,899.0,Проспект Маршала Жукова,Метро «Сокол»
28,3159366,0,264_3159366_13_805,695.0,719.0,Проспект Маршала Жукова,Метро «Сокол»
28,3159366,0,264_3159366_14_801,911.0,935.0,Проспект Маршала Жукова,Метро «Сокол»
28,3159366,0,264_3159366_15_202,767.0,791.0,Проспект Маршала Жукова,Метро «Сокол»
28,3159366,0,264_3159366_15_206,803.0,827.0,Проспект Маршала Жукова,Метро «Сокол»
28,3159366,0,264_3159366_15_207,839.0,863.0,Проспект Маршала Жукова,Метро «Сокол»
28,3159366,0,264_3159366_15_803,731.0,755.0,Проспект Маршала Жукова,Метро «Сокол»
28,3159366,0,264_3159366_15_804,935.0,959.0,Проспект Маршала Жукова,Метро «Сокол»
28,3159366,0,264_3159366_15_805,755.0,779.0,Проспект Маршала Жукова,Метро «Сокол»
28,3159366,0,264_3159366_16_801,971.0,995.0,Проспект Маршала Жукова,Метро «Сокол»
28,3159366,0,264_3159366_17_202,827.0,851.0,Проспект Маршала Жукова,Метро «Сокол»
28,3159366,0,264_3159366_17_206,863.0,887.0,Проспект Маршала Жукова,Метро «Сокол»
28,3159366,0,264_3159366_17_207,899.0,923.0,Проспект Маршала Жукова,Метро «Сокол»
28,3159366,0,264_3159366_17_803,993.0,1017.0,Проспект Маршала Жукова,Метро «Сокол»
28,3159366,0,264_3159366_17_804,1002.0,1026.0,Проспект Маршала Жукова,Метро «Сокол»
28,3159366,0,264_3159366_17_805,1029.0,1053.0,Проспект Маршала Жукова,Метро «Сокол»
28,3159366,0,264_3159366_18_801,1038.0,1062.0,Проспект Маршала Жукова,Метро «Сокол»
28,3159366,0,264_3159366_19_202,887.0,911.0,Проспект Маршала Жукова,Метро «Сокол»
28,3159366,0,264_3159366_19_206,923.0,947.0,Проспект Маршала Жукова,Метро «Сокол»
28,3159366,0,264_3159366_19_207,959.0,983.0,Проспект Маршала Жукова,Метро «Сокол»
28,3159366,0,264_3159366_19_803,1056.0,1080.0,Проспект Маршала Жукова,Метро «Сокол»
28,3159366,0,264_3159366_19_804,1065.0,1089.0,Проспект Маршала Жукова,Метро «Сокол»
28,3159366,0,264_3159366_19_805,1092.0,1116.0,Проспект Маршала Жукова,Метро «Сокол»
28,3159366,0,264_3159366_1_202,339.0,362.0,Проспект Маршала Жукова,Метро «Сокол»
28,3159366,0,264_3159366_1_206,378.0,401.0,Проспект Маршала Жукова,Метро «Сокол»
28,3159366,0,264_3159366_1_207,412.0,435.0,Проспект Маршала Жукова,Метро «Сокол»
28,3159366,0,264_3159366_1_803,302.0,325.0,Проспект Маршала Жукова,Метро «Сокол»
28,3159366,0,264_3159366_1_804,314.0,337.0,Проспект Маршала Жукова,Метро «Сокол»
28,3159366,0,264_3159366_1_805,328.0,351.0,Проспект Маршала Жукова,Метро «Сокол»
28,3159366,0,264_3159366_20_801,1101.0,1125.0,Проспект Маршала Жукова,Метро «Сокол»
28,3159366,0,264_3159366_21_202,947.0,971.0,Проспект Маршала Жукова,Метро «Сокол»
28,3159366,0,264_3159366_21_206,983.0,1007.0,Проспект Маршала Жукова,Метро «Сокол»
28,3159366,0,264_3159366_21_207,1020.0,1044.0,Проспект Маршала Жукова,Метро «Сокол»
28,3159366,0,264_3159366_21_803,1119.0,1143.0,Проспект Маршала Жукова,Метро «Сокол»
28,3159366,0,264_3159366_21_804,1128.0,1152.0,Проспект Маршала Жукова,Метро «Сокол»
28,3159366,0,264_3159366_21_805,1155.0,1179.0,Проспект Маршала Жукова,Метро «Сокол»
28,3159366,0,264_3159366_22_801,1164.0,1188.0,Проспект Маршала Жукова,Метро «Сокол»
28,3159366,0,264_3159366_23_202,1011.0,1035.0,Проспект Маршала Жукова,Метро «Сокол»
28,3159366,0,264_3159366_23_206,1047.0,1071.0,Проспект Маршала Жукова,Метро «Сокол»
28,3159366,0,264_3159366_23_207,1083.0,1107.0,Проспект Маршала Жукова,Метро «Сокол»
28,3159366,0,264_3159366_23_803,1184.0,1208.0,Проспект Маршала Жукова,Метро «Сокол»
28,3159366,0,264_3159366_23_804,1193.0,1217.0,Проспект Маршала Жукова,Метро «Сокол»
28,3159366,0,264_3159366_23_805,1220.0,1244.0,Проспект Маршала Жукова,Метро «Сокол»
28,3159366,0,264_3159366_24_801,1232.0,1256.0,Проспект Маршала Жукова,Метро «Сокол»
28,3159366,0,264_3159366_25_202,1074.0,1098.0,Проспект Маршала Жукова,Метро «Сокол»
28,3159366,0,264_3159366_25_206,1110.0,1134.0,Проспект Маршала Жукова,Метро «Сокол»
28,3159366,0,264_3159366_25_207,1146.0,1170.0,Проспект Маршала Жукова,Метро «Сокол»
28,3159366,0,264_3159366_25_803,1242.0,1266.0,Проспект Маршала Жукова,Метро «Сокол»
28,3159366,0,264_3159366_25_804,1254.0,1278.0,Проспект Маршала Жукова,Метро «Сокол»
28,3159366,0,264_3159366_25_805,1278.0,1302.0,Проспект Маршала Жукова,Метро «Сокол»
28,3159366,0,264_3159366_26_801,1290.0,1314.0,Проспект Маршала Жукова,Метро «Сокол»
28,3159366,0,264_3159366_27_202,1137.0,1161.0,Проспект Маршала Жукова,Метро «Сокол»
28,3159366,0,264_3159366_27_206,1173.0,1197.0,Проспект Маршала Жукова,Метро «Сокол»
28,3159366,0,264_3159366_27_207,1211.0,1235.0,Проспект Маршала Жукова,Метро «Сокол»
28,3159366,0,264_3159366_27_803,1303.0,1327.0,Проспект Маршала Жукова,Метро «Сокол»
28,3159366,0,264_3159366_27_804,1315.0,1339.0,Проспект Маршала Жукова,Метро «Сокол»
28,3159366,0,264_3159366_27_805,1339.0,1363.0,Проспект Маршала Жукова,Метро «Сокол»
28,3159366,0,264_3159366_29_202,1202.0,1226.0,Проспект Маршала Жукова,Метро «Сокол»
28,3159366,0,264_3159366_29_207,1266.0,1290.0,Проспект Маршала Жукова,Метро «Сокол»
28,3159366,0,264_3159366_2_801,350.0,373.0,Проспект Маршала Жукова,Метро «Сокол»
28,3159366,0,264_3159366_31_207,1327.0,1351.0,Проспект Маршала Жукова,Метро «Сокол»
28,3159366,0,264_3159366_3_202,395.0,418.0,Проспект Маршала Жукова,Метро «Сокол»
28,3159366,0,264_3159366_3_206,438.0,462.0,Проспект Маршала Жукова,Метро «Сокол»
28,3159366,0,264_3159366_3_207,474.0,498.0,Проспект Маршала Жукова,Метро «Сокол»
28,3159366,0,264_3159366_3_803,360.0,383.0,Проспект Маршала Жукова,Метро «Сокол»
28,3159366,0,264_3159366_3_804,369.0,392.0,Проспект Маршала Жукова,Метро «Сокол»
28,3159366,0,264_3159366_3_805,386.0,409.0,Проспект Маршала Жукова,Метро «Сокол»
28,3159366,0,264_3159366_4_801,403.0,426.0,Проспект Маршала Жукова,Метро «Сокол»
28,3159366,0,264_3159366_5_202,456.0,480.0,Проспект Маршала Жукова,Метро «Сокол»
28,3159366,0,264_3159366_5_206,501.0,525.0,Проспект Маршала Жукова,Метро «Сокол»
28,3159366,0,264_3159366_5_207,537.0,561.0,Проспект Маршала Жукова,Метро «Сокол»
28,3159366,0,264_3159366_5_803,420.0,444.0,Проспект Маршала Жукова,Метро «Сокол»
28,3159366,0,264_3159366_5_804,429.0,453.0,Проспект Маршала Жукова,Метро «Сокол»
28,3159366,0,264_3159366_5_805,447.0,471.0,Проспект Маршала Жукова,Метро «Сокол»
28,3159366,0,264_3159366_6_801,465.0,489.0,Проспект Маршала Жукова,Метро «Сокол»
28,3159366,0,264_3159366_7_202,519.0,543.0,Проспект Маршала Жукова,Метро «Сокол»
28,3159366,0,264_3159366_7_206,564.0,588.0,Проспект Маршала Жукова,Метро «Сокол»
28,3159366,0,264_3159366_7_207,599.0,623.0,Проспект Маршала Жукова,Метро «Сокол»
28,3159366,0,264_3159366_7_803,483.0,507.0,Проспект Маршала Жукова,Метро «Сокол»
28,3159366,0,264_3159366_7_804,491.0,515.0,Проспект Маршала Жукова,Метро «Сокол»
28,3159366,0,264_3159366_7_805,510.0,534.0,Проспект Маршала Жукова,Метро «Сокол»
28,3159366,0,264_3159366_8_801,528.0,552.0,Проспект Маршала Жукова,Метро «Сокол»
28,3159366,0,264_3159366_9_202,586.0,610.0,Проспект Маршала Жукова,Метро «Сокол»
28,3159366,0,264_3159366_9_206,623.0,647.0,Проспект Маршала Жукова,Метро «Сокол»
28,3159366,0,264_3159366_9_207,659.0,683.0,Проспект Маршала Жукова,Метро «Сокол»
28,3159366,0,264_3159366_9_803,546.0,570.0,Проспект Маршала Жукова,Метро «Сокол»
28,3159366,0,264_3159366_9_804,554.0,578.0,Проспект Маршала Жукова,Метро «Сокол»
28,3159366,0,264_3159366_9_805,575.0,599.0,Проспект Маршала Жукова,Метро «Сокол»
28,3159366,1,264_3159366_10_202,613.0,639.0,Метро «Сокол»,Проспект Маршала Жукова
28,3159366,1,264_3159366_10_206,649.0,675.0,Метро «Сокол»,Проспект Маршала Жукова
28,3159366,1,264_3159366_10_207,685.0,711.0,Метро «Сокол»,Проспект Маршала Жукова
28,3159366,1,264_3159366_10_803,573.0,599.0,Метро «Сокол»,Проспект Маршала Жукова
28,3159366,1,264_3159366_10_804,581.0,607.0,Метро «Сокол»,Проспект Маршала Жукова
28,3159366,1,264_3159366_10_805,603.0,629.0,Метро «Сокол»,Проспект Маршала Жукова
28,3159366,1,264_3159366_11_801,817.0,843.0,Метро «Сокол»,Проспект Маршала Жукова
28,3159366,1,264_3159366_12_202,673.0,699.0,Метро «Сокол»,Проспект Маршала Жукова
28,3159366,1,264_3159366_12_206,710.0,736.0,Метро «Сокол»,Проспект Маршала Жукова
28,3159366,1,264_3159366_12_207,746.0,772.0,Метро «Сокол»,Проспект Маршала Жукова
28,3159366,1,264_3159366_12_803,637.0,663.0,Метро «Сокол»,Проспект Маршала Жукова
28,3159366,1,264_3159366_12_804,841.0,867.0,Метро «Сокол»,Проспект Маршала Жукова
28,3159366,1,264_3159366_12_805,661.0,687.0,Метро «Сокол»,Проспект Маршала Жукова
28,3159366,1,264_3159366_13_801,877.0,903.0,Метро «Сокол»,Проспект Маршала Жукова
28,3159366,1,264_3159366_14_202,734.0,760.0,Метро «Сокол»,Проспект Маршала Жукова
28,3159366,1,264_3159366_14_206,770.0,796.0,Метро «Сокол»,Проспект Маршала Жукова
28,3159366,1,264_3159366_14_207,806.0,832.0,Метро «Сокол»,Проспект Маршала Жукова
28,3159366,1,264_3159366_14_803,698.0,724.0,Метро «Сокол»,Проспект Маршала Жукова
28,3159366,1,264_3159366_14_804,901.0,927.0,Метро «Сокол»,Проспект Маршала Жукова
28,3159366,1,264_3159366_14_805,722.0,748.0,Метро «Сокол»,Проспект Маршала Жукова
28,3159366,1,264_3159366_15_801,938.0,964.0,Метро «Сокол»,Проспект Маршала Жукова
28,3159366,1,264_3159366_16_202,794.0,820.0,Метро «Сокол»,Проспект Маршала Жукова
28,3159366,1,264_3159366_16_206,829.0,855.0,Метро «Сокол»,Проспект Маршала Жукова
28,3159366,1,264_3159366_16_207,865.0,891.0,Метро «Сокол»,Проспект Маршала Жукова
28,3159366,1,264_3159366_16_803,758.0,784.0,Метро «Сокол»,Проспект Маршала Жукова
28,3159366,1,264_3159366_16_804,962.0,988.0,Метро «Сокол»,Проспект Маршала Жукова
28,3159366,1,264_3159366_16_805,780.0,806.0,Метро «Сокол»,Проспект Маршала Жукова
28,3159366,1,264_3159366_17_801,997.0,1023.0,Метро «Сокол»,Проспект Маршала Жукова
28,3159366,1,264_3159366_18_202,853.0,879.0,Метро «Сокол»,Проспект Маршала Жукова
28,3159366,1,264_3159366_18_206,889.0,915.0,Метро «Сокол»,Проспект Маршала Жукова
28,3159366,1,264_3159366_18_207,925.0,951.0,Метро «Сокол»,Проспект Маршала Жукова
28,3159366,1,264_3159366_18_803,1020.0,1046.0,Метро «Сокол»,Проспект Маршала Жукова
28,3159366,1,264_3159366_18_804,1029.0,1055.0,Метро «Сокол»,Проспект Маршала Жукова
28,3159366,1,264_3159366_18_805,1056.0,1082.0,Метро «Сокол»,Проспект Маршала Жукова
28,3159366,1,264_3159366_19_801,1065.0,1091.0,Метро «Сокол»,Проспект Маршала Жукова
28,3159366,1,264_3159366_1_801,320.0,343.0,Метро «Сокол»,Проспект Маршала Жукова
28,3159366,1,264_3159366_20_202,913.0,939.0,Метро «Сокол»,Проспект Маршала Жукова
28,3159366,1,264_3159366_20_206,950.0,976.0,Метро «Сокол»,Проспект Маршала Жукова
28,3159366,1,264_3159366_20_207,986.0,1012.0,Метро «Сокол»,Проспект Маршала Жукова
28,3159366,1,264_3159366_20_803,1083.0,1109.0,Метро «Сокол»,Проспект Маршала Жукова
28,3159366,1,264_3159366_20_804,1092.0,1118.0,Метро «Сокол»,Проспект Маршала Жукова
28,3159366,1,264_3159366_20_805,1119.0,1145.0,Метро «Сокол»,Проспект Маршала Жукова
28,3159366,1,264_3159366_21_801,1128.0,1154.0,Метро «Сокол»,Проспект Маршала Жукова
28,3159366,1,264_3159366_22_202,973.0,999.0,Метро «Сокол»,Проспект Маршала Жукова
28,3159366,1,264_3159366_22_206,1010.0,1036.0,Метро «Сокол»,Проспект Маршала Жукова
28,3159366,1,264_3159366_22_207,1047.0,1073.0,Метро «Сокол»,Проспект Маршала Жукова
28,3159366,1,264_3159366_22_803,1146.0,1172.0,Метро «Сокол»,Проспект Маршала Жукова
28,3159366,1,264_3159366_22_804,1155.0,1181.0,Метро «Сокол»,Проспект Маршала Жукова
28,3159366,1,264_3159366_22_805,1182.0,1208.0,Метро «Сокол»,Проспект Маршала Жукова
28,3159366,1,264_3159366_23_801,1191.0,1217.0,Метро «Сокол»,Проспект Маршала Жукова
28,3159366,1,264_3159366_24_202,1038.0,1064.0,Метро «Сокол»,Проспект Маршала Жукова
28,3159366,1,264_3159366_24_206,1074.0,1100.0,Метро «Сокол»,Проспект Маршала Жукова
28,3159366,1,264_3159366_24_207,1110.0,1136.0,Метро «Сокол»,Проспект Маршала Жукова
28,3159366,1,264_3159366_24_803,1210.0,1235.0,Метро «Сокол»,Проспект Маршала Жукова
28,3159366,1,264_3159366_24_804,1220.0,1245.0,Метро «Сокол»,Проспект Маршала Жукова
28,3159366,1,264_3159366_24_805,1246.0,1271.0,Метро «Сокол»,Проспект Маршала Жукова
28,3159366,1,264_3159366_25_801,1258.0,1283.0,Метро «Сокол»,Проспект Маршала Жукова
28,3159366,1,264_3159366_26_202,1101.0,1127.0,Метро «Сокол»,Проспект Маршала Жукова
28,3159366,1,264_3159366_26_206,1137.0,1163.0,Метро «Сокол»,Проспект Маршала Жукова
28,3159366,1,264_3159366_26_207,1173.0,1199.0,Метро «Сокол»,Проспект Маршала Жукова
28,3159366,1,264_3159366_26_803,1269.0,1294.0,Метро «Сокол»,Проспект Маршала Жукова
28,3159366,1,264_3159366_26_804,1281.0,1306.0,Метро «Сокол»,Проспект Маршала Жукова
28,3159366,1,264_3159366_26_805,1304.0,1329.0,Метро «Сокол»,Проспект Маршала Жукова
28,3159366,1,264_3159366_28_202,1164.0,1190.0,Метро «Сокол»,Проспект Маршала Жукова
28,3159366,1,264_3159366_28_206,1200.0,1226.0,Метро «Сокол»,Проспект Маршала Жукова
28,3159366,1,264_3159366_28_207,1237.0,1262.0,Метро «Сокол»,Проспект Маршала Жукова
28,3159366,1,264_3159366_28_803,1329.0,1354.0,Метро «Сокол»,Проспект Маршала Жукова
28,3159366,1,264_3159366_28_804,1341.0,1366.0,Метро «Сокол»,Проспект Маршала Жукова
28,3159366,1,264_3159366_28_805,1365.0,1389.0,Метро «Сокол»,Проспект Маршала Жукова
28,3159366,1,264_3159366_2_202,365.0,388.0,Метро «Сокол»,Проспект Маршала Жукова
28,3159366,1,264_3159366_2_206,403.0,427.0,Метро «Сокол»,Проспект Маршала Жукова
28,3159366,1,264_3159366_2_207,438.0,464.0,Метро «Сокол»,Проспект Маршала Жукова
28,3159366,1,264_3159366_2_803,328.0,351.0,Метро «Сокол»,Проспект Маршала Жукова
28,3159366,1,264_3159366_2_804,339.0,362.0,Метро «Сокол»,Проспект Маршала Жукова
28,3159366,1,264_3159366_2_805,353.0,376.0,Метро «Сокол»,Проспект Маршала Жукова
28,3159366,1,264_3159366_30_202,1229.0,1254.0,Метро «Сокол»,Проспект Маршала Жукова
28,3159366,1,264_3159366_30_207,1293.0,1318.0,Метро «Сокол»,Проспект Маршала Жукова
28,3159366,1,264_3159366_32_207,1353.0,1378.0,Метро «Сокол»,Проспект Маршала Жукова
28,3159366,1,264_3159366_3_801,375.0,398.0,Метро «Сокол»,Проспект Маршала Жукова
28,3159366,1,264_3159366_4_202,420.0,445.0,Метро «Сокол»,Проспект Маршала Жукова
28,3159366,1,264_3159366_4_206,465.0,491.0,Метро «Сокол»,Проспект Маршала Жукова
28,3159366,1,264_3159366_4_207,501.0,527.0,Метро «Сокол»,Проспект Маршала Жукова
28,3159366,1,264_3159366_4_803,385.0,408.0,Метро «Сокол»,Проспект Маршала Жукова
28,3159366,1,264_3159366_4_804,394.0,417.0,Метро «Сокол»,Проспект Маршала Жукова
28,3159366,1,264_3159366_4_805,411.0,435.0,Метро «Сокол»,Проспект Маршала Жукова
28,3159366,1,264_3159366_5_801,429.0,455.0,Метро «Сокол»,Проспект Маршала Жукова
28,3159366,1,264_3159366_6_202,483.0,509.0,Метро «Сокол»,Проспект Маршала Жукова
28,3159366,1,264_3159366_6_206,528.0,554.0,Метро «Сокол»,Проспект Маршала Жукова
28,3159366,1,264_3159366_6_207,564.0,590.0,Метро «Сокол»,Проспект Маршала Жукова
28,3159366,1,264_3159366_6_803,447.0,473.0,Метро «Сокол»,Проспект Маршала Жукова
28,3159366,1,264_3159366_6_804,456.0,482.0,Метро «Сокол»,Проспект Маршала Жукова
28,3159366,1,264_3159366_6_805,474.0,500.0,Метро «Сокол»,Проспект Маршала Жукова
28,3159366,1,264_3159366_7_801,492.0,518.0,Метро «Сокол»,Проспект Маршала Жукова
28,3159366,1,264_3159366_8_202,546.0,572.0,Метро «Сокол»,Проспект Маршала Жукова
28,3159366,1,264_3159366_8_206,591.0,617.0,Метро «Сокол»,Проспект Маршала Жукова
28,3159366,1,264_3159366_8_207,625.0,651.0,Метро «Сокол»,Проспект Маршала Жукова
28,3159366,1,264_3159366_8_803,510.0,536.0,Метро «Сокол»,Проспект Маршала Жукова
28,3159366,1,264_3159366_8_804,518.0,544.0,Метро «Сокол»,Проспект Маршала Жукова
28,3159366,1,264_3159366_8_805,536.0,562.0,Метро «Сокол»,Проспект Маршала Жукова
28,3159366,1,264_3159366_9_801,555.0,581.0,Метро «Сокол»,Проспект Маршала Жукова
28,3162538,0,264_3162538_10_107,857.0,881.0,Проспект Маршала Жукова,Метро «Сокол»
28,3162538,0,264_3162538_10_108,867.0,891.0,Проспект Маршала Жукова,Метро «Сокол»
28,3162538,0,264_3162538_10_206,767.0,791.0,Проспект Маршала Жукова,Метро «Сокол»
28,3162538,0,264_3162538_10_803,608.0,632.0,Проспект Маршала Жукова,Метро «Сокол»
28,3162538,0,264_3162538_11_201,598.0,622.0,Проспект Маршала Жукова,Метро «Сокол»
28,3162538,0,264_3162538_11_805,637.0,661.0,Проспект Маршала Жукова,Метро «Сокол»
28,3162538,0,264_3162538_12_107,917.0,941.0,Проспект Маршала Жукова,Метро «Сокол»
28,3162538,0,264_3162538_12_108,927.0,951.0,Проспект Маршала Жукова,Метро «Сокол»
28,3162538,0,264_3162538_12_206,827.0,851.0,Проспект Маршала Жукова,Метро «Сокол»
28,3162538,0,264_3162538_12_803,667.0,691.0,Проспект Маршала Жукова,Метро «Сокол»
28,3162538,0,264_3162538_13_201,657.0,681.0,Проспект Маршала Жукова,Метро «Сокол»
28,3162538,0,264_3162538_13_802,847.0,871.0,Проспект Маршала Жукова,Метро «Сокол»
28,3162538,0,264_3162538_13_804,817.0,841.0,Проспект Маршала Жукова,Метро «Сокол»
28,3162538,0,264_3162538_13_805,697.0,721.0,Проспект Маршала Жукова,Метро «Сокол»
28,3162538,0,264_3162538_14_107,977.0,1001.0,Проспект Маршала Жукова,Метро «Сокол»
28,3162538,0,264_3162538_14_108,987.0,1011.0,Проспект Маршала Жукова,Метро «Сокол»
28,3162538,0,264_3162538_14_206,887.0,911.0,Проспект Маршала Жукова,Метро «Сокол»
28,3162538,0,264_3162538_14_803,727.0,751.0,Проспект Маршала Жукова,Метро «Сокол»
28,3162538,0,264_3162538_15_201,717.0,741.0,Проспект Маршала Жукова,Метро «Сокол»
28,3162538,0,264_3162538_15_802,907.0,931.0,Проспект Маршала Жукова,Метро «Сокол»
28,3162538,0,264_3162538_15_804,877.0,901.0,Проспект Маршала Жукова,Метро «Сокол»
28,3162538,0,264_3162538_15_805,757.0,781.0,Проспект Маршала Жукова,Метро «Сокол»
28,3162538,0,264_3162538_16_206,947.0,971.0,Проспект Маршала Жукова,Метро «Сокол»
28,3162538,0,264_3162538_16_803,787.0,811.0,Проспект Маршала Жукова,Метро «Сокол»
28,3162538,0,264_3162538_17_201,777.0,801.0,Проспект Маршала Жукова,Метро «Сокол»
28,3162538,0,264_3162538_17_802,967.0,991.0,Проспект Маршала Жукова,Метро «Сокол»
28,3162538,0,264_3162538_17_804,937.0,961.0,Проспект Маршала Жукова,Метро «Сокол»
28,3162538,0,264_3162538_18_206,1007.0,1031.0,Проспект Маршала Жукова,Метро «Сокол»
28,3162538,0,264_3162538_19_201,837.0,861.0,Проспект Маршала Жукова,Метро «Сокол»
28,3162538,0,264_3162538_19_802,1037.0,1061.0,Проспект Маршала Жукова,Метро «Сокол»
28,3162538,0,264_3162538_19_804,997.0,1021.0,Проспект Маршала Жукова,Метро «Сокол»
28,3162538,0,264_3162538_19_805,1027.0,1051.0,Проспект Маршала Жукова,Метро «Сокол»
28,3162538,0,264_3162538_1_802,317.0,340.0,Проспект Маршала Жукова,Метро «Сокол»
28,3162538,0,264_3162538_1_804,331.0,354.0,Проспект Маршала Жукова,Метро «Сокол»
28,3162538,0,264_3162538_1_805,345.0,368.0,Проспект Маршала Жукова,Метро «Сокол»
28,3162538,0,264_3162538_20_206,1067.0,1091.0,Проспект Маршала Жукова,Метро «Сокол»
28,3162538,0,264_3162538_20_803,1047.0,1071.0,Проспект Маршала Жукова,Метро «Сокол»
28,3162538,0,264_3162538_21_201,897.0,921.0,Проспект Маршала Жукова,Метро «Сокол»
28,3162538,0,264_3162538_21_802,1097.0,1121.0,Проспект Маршала Жукова,Метро «Сокол»
28,3162538,0,264_3162538_21_804,1057.0,1081.0,Проспект Маршала Жукова,Метро «Сокол»
28,3162538,0,264_3162538_21_805,1087.0,1111.0,Проспект Маршала Жукова,Метро «Сокол»
28,3162538,0,264_3162538_22_206,1127.0,1151.0,Проспект Маршала Жукова,Метро «Сокол»
28,3162538,0,264_3162538_22_803,1107.0,1131.0,Проспект Маршала Жукова,Метро «Сокол»
28,3162538,0,264_3162538_23_201,957.0,981.0,Проспект Маршала Жукова,Метро «Сокол»
28,3162538,0,264_3162538_23_802,1157.0,1181.0,Проспект Маршала Жукова,Метро «Сокол»
28,3162538,0,264_3162538_23_804,1117.0,1141.0,Проспект Маршала Жукова,Метро «Сокол»
28,3162538,0,264_3162538_23_805,1147.0,1171.0,Проспект Маршала Жукова,Метро «Сокол»
28,3162538,0,264_3162538_24_206,1187.0,1211.0,Проспект Маршала Жукова,Метро «Сокол»
28,3162538,0,264_3162538_24_803,1167.0,1191.0,Проспект Маршала Жукова,Метро «Сокол»
28,3162538,0,264_3162538_25_201,1017.0,1041.0,Проспект Маршала Жукова,Метро «Сокол»
28,3162538,0,264_3162538_25_802,1216.0,1240.0,Проспект Маршала Жукова,Метро «Сокол»
28,3162538,0,264_3162538_25_804,1177.0,1201.0,Проспект Маршала Жукова,Метро «Сокол»
28,3162538,0,264_3162538_25_805,1206.0,1230.0,Проспект Маршала Жукова,Метро «Сокол»
28,3162538,0,264_3162538_26_206,1246.0,1270.0,Проспект Маршала Жукова,Метро «Сокол»
28,3162538,0,264_3162538_26_803,1226.0,1250.0,Проспект Маршала Жукова,Метро «Сокол»
28,3162538,0,264_3162538_27_201,1077.0,1101.0,Проспект Маршала Жукова,Метро «Сокол»
28,3162538,0,264_3162538_27_802,1280.0,1304.0,Проспект Маршала Жукова,Метро «Сокол»
28,3162538,0,264_3162538_27_804,1236.0,1260.0,Проспект Маршала Жукова,Метро «Сокол»
28,3162538,0,264_3162538_27_805,1268.0,1292.0,Проспект Маршала Жукова,Метро «Сокол»
28,3162538,0,264_3162538_28_206,1316.0,1340.0,Проспект Маршала Жукова,Метро «Сокол»
28,3162538,0,264_3162538_28_803,1292.0,1316.0,Проспект Маршала Жукова,Метро «Сокол»
28,3162538,0,264_3162538_29_201,1137.0,1161.0,Проспект Маршала Жукова,Метро «Сокол»
28,3162538,0,264_3162538_29_804,1304.0,1328.0,Проспект Маршала Жукова,Метро «Сокол»
28,3162538,0,264_3162538_29_805,1328.0,1352.0,Проспект Маршала Жукова,Метро «Сокол»
28,3162538,0,264_3162538_2_107,618.0,642.0,Проспект Маршала Жукова,Метро «Сокол»
28,3162538,0,264_3162538_2_108,628.0,652.0,Проспект Маршала Жукова,Метро «Сокол»
28,3162538,0,264_3162538_2_206,530.0,554.0,Проспект Маршала Жукова,Метро «Сокол»
28,3162538,0,264_3162538_2_803,367.0,390.0,Проспект Маршала Жукова,Метро «Сокол»
28,3162538,0,264_3162538_30_803,1352.0,1376.0,Проспект Маршала Жукова,Метро «Сокол»
28,3162538,0,264_3162538_31_201,1197.0,1221.0,Проспект Маршала Жукова,Метро «Сокол»
28,3162538,0,264_3162538_33_201,1256.0,1280.0,Проспект Маршала Жукова,Метро «Сокол»
28,3162538,0,264_3162538_3_201,355.0,378.0,Проспект Маршала Жукова,Метро «Сокол»
28,3162538,0,264_3162538_3_802,379.0,402.0,Проспект Маршала Жукова,Метро «Сокол»
28,3162538,0,264_3162538_3_804,391.0,414.0,Проспект Маршала Жукова,Метро «Сокол»
28,3162538,0,264_3162538_3_805,403.0,426.0,Проспект Маршала Жукова,Метро «Сокол»
28,3162538,0,264_3162538_4_107,677.0,701.0,Проспект Маршала Жукова,Метро «Сокол»
28,3162538,0,264_3162538_4_108,687.0,711.0,Проспект Маршала Жукова,Метро «Сокол»
28,3162538,0,264_3162538_4_206,587.0,611.0,Проспект Маршала Жукова,Метро «Сокол»
28,3162538,0,264_3162538_4_803,427.0,450.0,Проспект Маршала Жукова,Метро «Сокол»
28,3162538,0,264_3162538_5_201,415.0,438.0,Проспект Маршала Жукова,Метро «Сокол»
28,3162538,0,264_3162538_5_802,439.0,462.0,Проспект Маршала Жукова,Метро «Сокол»
28,3162538,0,264_3162538_5_804,451.0,474.0,Проспект Маршала Жукова,Метро «Сокол»
28,3162538,0,264_3162538_5_805,463.0,486.0,Проспект Маршала Жукова,Метро «Сокол»
28,3162538,0,264_3162538_6_107,737.0,761.0,Проспект Маршала Жукова,Метро «Сокол»
28,3162538,0,264_3162538_6_108,747.0,771.0,Проспект Маршала Жукова,Метро «Сокол»
28,3162538,0,264_3162538_6_206,647.0,671.0,Проспект Маршала Жукова,Метро «Сокол»
28,3162538,0,264_3162538_6_803,484.0,508.0,Проспект Маршала Жукова,Метро «Сокол»
28,3162538,0,264_3162538_7_201,473.0,496.0,Проспект Маршала Жукова,Метро «Сокол»
28,3162538,0,264_3162538_7_802,495.0,519.0,Проспект Маршала Жукова,Метро «Сокол»
28,3162538,0,264_3162538_7_804,507.0,531.0,Проспект Маршала Жукова,Метро «Сокол»
28,3162538,0,264_3162538_7_805,519.0,543.0,Проспект Маршала Жукова,Метро «Сокол»
28,3162538,0,264_3162538_8_107,797.0,821.0,Проспект Маршала Жукова,Метро «Сокол»
28,3162538,0,264_3162538_8_108,807.0,831.0,Проспект Маршала Жукова,Метро «Сокол»
28,3162538,0,264_3162538_8_206,707.0,731.0,Проспект Маршала Жукова,Метро «Сокол»
28,3162538,0,264_3162538_8_803,549.0,573.0,Проспект Маршала Жукова,Метро «Сокол»
28,3162538,0,264_3162538_9_201,539.0,563.0,Проспект Маршала Жукова,Метро «Сокол»
28,3162538,0,264_3162538_9_802,559.0,583.0,Проспект Маршала Жукова,Метро «Сокол»
28,3162538,0,264_3162538_9_804,569.0,593.0,Проспект Маршала Жукова,Метро «Сокол»
28,3162538,0,264_3162538_9_805,578.0,602.0,Проспект Маршала Жукова,Метро «Сокол»
28,3162538,1,264_3162538_10_201,565.0,590.0,Метро «Сокол»,Проспект Маршала Жукова
28,3162538,1,264_3162538_10_802,585.0,610.0,Метро «Сокол»,Проспект Маршала Жукова
28,3162538,1,264_3162538_10_804,594.0,619.0,Метро «Сокол»,Проспект Маршала Жукова
28,3162538,1,264_3162538_10_805,605.0,630.0,Метро «Сокол»,Проспект Маршала Жукова
28,3162538,1,264_3162538_11_107,884.0,909.0,Метро «Сокол»,Проспект Маршала Жукова
28,3162538,1,264_3162538_11_108,894.0,919.0,Метро «Сокол»,Проспект Маршала Жукова
28,3162538,1,264_3162538_11_206,794.0,819.0,Метро «Сокол»,Проспект Маршала Жукова
28,3162538,1,264_3162538_11_803,635.0,660.0,Метро «Сокол»,Проспект Маршала Жукова
28,3162538,1,264_3162538_12_201,623.0,648.0,Метро «Сокол»,Проспект Маршала Жукова
28,3162538,1,264_3162538_12_805,663.0,688.0,Метро «Сокол»,Проспект Маршала Жукова
28,3162538,1,264_3162538_13_107,944.0,969.0,Метро «Сокол»,Проспект Маршала Жукова
28,3162538,1,264_3162538_13_108,954.0,979.0,Метро «Сокол»,Проспект Маршала Жукова
28,3162538,1,264_3162538_13_206,854.0,879.0,Метро «Сокол»,Проспект Маршала Жукова
28,3162538,1,264_3162538_13_803,694.0,719.0,Метро «Сокол»,Проспект Маршала Жукова
28,3162538,1,264_3162538_14_201,684.0,709.0,Метро «Сокол»,Проспект Маршала Жукова
28,3162538,1,264_3162538_14_802,874.0,899.0,Метро «Сокол»,Проспект Маршала Жукова
28,3162538,1,264_3162538_14_804,844.0,869.0,Метро «Сокол»,Проспект Маршала Жукова
28,3162538,1,264_3162538_14_805,725.0,750.0,Метро «Сокол»,Проспект Маршала Жукова
28,3162538,1,264_3162538_15_107,1004.0,1029.0,Метро «Сокол»,Проспект Маршала Жукова
28,3162538,1,264_3162538_15_108,1014.0,1039.0,Метро «Сокол»,Проспект Маршала Жукова
28,3162538,1,264_3162538_15_206,914.0,939.0,Метро «Сокол»,Проспект Маршала Жукова
28,3162538,1,264_3162538_15_803,754.0,779.0,Метро «Сокол»,Проспект Маршала Жукова
28,3162538,1,264_3162538_16_201,744.0,769.0,Метро «Сокол»,Проспект Маршала Жукова
28,3162538,1,264_3162538_16_802,934.0,959.0,Метро «Сокол»,Проспект Маршала Жукова
28,3162538,1,264_3162538_16_804,904.0,929.0,Метро «Сокол»,Проспект Маршала Жукова
28,3162538,1,264_3162538_16_805,784.0,809.0,Метро «Сокол»,Проспект Маршала Жукова
28,3162538,1,264_3162538_17_206,974.0,999.0,Метро «Сокол»,Проспект Маршала Жукова
28,3162538,1,264_3162538_17_803,814.0,839.0,Метро «Сокол»,Проспект Маршала Жукова
28,3162538,1,264_3162538_18_201,804.0,829.0,Метро «Сокол»,Проспект Маршала Жукова
28,3162538,1,264_3162538_18_802,994.0,1019.0,Метро «Сокол»,Проспект Маршала Жукова
28,3162538,1,264_3162538_18_804,964.0,989.0,Метро «Сокол»,Проспект Маршала Жукова
28,3162538,1,264_3162538_19_206,1034.0,1059.0,Метро «Сокол»,Проспект Маршала Жукова
28,3162538,1,264_3162538_20_201,864.0,889.0,Метро «Сокол»,Проспект Маршала Жукова
28,3162538,1,264_3162538_20_802,1064.0,1089.0,Метро «Сокол»,Проспект Маршала Жукова
28,3162538,1,264_3162538_20_804,1024.0,1049.0,Метро «Сокол»,Проспект Маршала Жукова
28,3162538,1,264_3162538_20_805,1054.0,1079.0,Метро «Сокол»,Проспект Маршала Жукова
28,3162538,1,264_3162538_21_206,1094.0,1119.0,Метро «Сокол»,Проспект Маршала Жукова
28,3162538,1,264_3162538_21_803,1074.0,1099.0,Метро «Сокол»,Проспект Маршала Жукова
28,3162538,1,264_3162538_22_201,924.0,949.0,Метро «Сокол»,Проспект Маршала Жукова
28,3162538,1,264_3162538_22_802,1124.0,1149.0,Метро «Сокол»,Проспект Маршала Жукова
28,3162538,1,264_3162538_22_804,1084.0,1109.0,Метро «Сокол»,Проспект Маршала Жукова
28,3162538,1,264_3162538_22_805,1114.0,1139.0,Метро «Сокол»,Проспект Маршала Жукова
28,3162538,1,264_3162538_23_206,1154.0,1179.0,Метро «Сокол»,Проспект Маршала Жукова
28,3162538,1,264_3162538_23_803,1134.0,1159.0,Метро «Сокол»,Проспект Маршала Жукова
28,3162538,1,264_3162538_24_201,984.0,1009.0,Метро «Сокол»,Проспект Маршала Жукова
28,3162538,1,264_3162538_24_802,1184.0,1209.0,Метро «Сокол»,Проспект Маршала Жукова
28,3162538,1,264_3162538_24_804,1144.0,1169.0,Метро «Сокол»,Проспект Маршала Жукова
28,3162538,1,264_3162538_24_805,1174.0,1199.0,Метро «Сокол»,Проспект Маршала Жукова
28,3162538,1,264_3162538_25_206,1214.0,1238.0,Метро «Сокол»,Проспект Маршала Жукова
28,3162538,1,264_3162538_25_803,1194.0,1219.0,Метро «Сокол»,Проспект Маршала Жукова
28,3162538,1,264_3162538_26_201,1044.0,1069.0,Метро «Сокол»,Проспект Маршала Жукова
28,3162538,1,264_3162538_26_802,1243.0,1267.0,Метро «Сокол»,Проспект Маршала Жукова
28,3162538,1,264_3162538_26_804,1204.0,1228.0,Метро «Сокол»,Проспект Маршала Жукова
28,3162538,1,264_3162538_26_805,1234.0,1258.0,Метро «Сокол»,Проспект Маршала Жукова
28,3162538,1,264_3162538_27_206,1273.0,1297.0,Метро «Сокол»,Проспект Маршала Жукова
28,3162538,1,264_3162538_27_803,1253.0,1277.0,Метро «Сокол»,Проспект Маршала Жукова
28,3162538,1,264_3162538_28_201,1104.0,1129.0,Метро «Сокол»,Проспект Маршала Жукова
28,3162538,1,264_3162538_28_802,1307.0,1331.0,Метро «Сокол»,Проспект Маршала Жукова
28,3162538,1,264_3162538_28_804,1263.0,1287.0,Метро «Сокол»,Проспект Маршала Жукова
28,3162538,1,264_3162538_28_805,1295.0,1319.0,Метро «Сокол»,Проспект Маршала Жукова
28,3162538,1,264_3162538_29_206,1343.0,1367.0,Метро «Сокол»,Проспект Маршала Жукова
28,3162538,1,264_3162538_29_803,1319.0,1343.0,Метро «Сокол»,Проспект Маршала Жукова
28,3162538,1,264_3162538_2_201,322.0,345.0,Метро «Сокол»,Проспект Маршала Жукова
28,3162538,1,264_3162538_2_802,342.0,365.0,Метро «Сокол»,Проспект Маршала Жукова
28,3162538,1,264_3162538_2_804,356.0,379.0,Метро «Сокол»,Проспект Маршала Жукова
28,3162538,1,264_3162538_2_805,370.0,393.0,Метро «Сокол»,Проспект Маршала Жукова
28,3162538,1,264_3162538_30_201,1164.0,1189.0,Метро «Сокол»,Проспект Маршала Жукова
28,3162538,1,264_3162538_30_804,1331.0,1355.0,Метро «Сокол»,Проспект Маршала Жукова
28,3162538,1,264_3162538_30_805,1356.0,1380.0,Метро «Сокол»,Проспект Маршала Жукова
28,3162538,1,264_3162538_32_201,1224.0,1248.0,Метро «Сокол»,Проспект Маршала Жукова
28,3162538,1,264_3162538_34_201,1283.0,1307.0,Метро «Сокол»,Проспект Маршала Жукова
28,3162538,1,264_3162538_3_107,645.0,670.0,Метро «Сокол»,Проспект Маршала Жукова
28,3162538,1,264_3162538_3_108,655.0,680.0,Метро «Сокол»,Проспект Маршала Жукова
28,3162538,1,264_3162538_3_206,556.0,581.0,Метро «Сокол»,Проспект Маршала Жукова
28,3162538,1,264_3162538_3_803,392.0,415.0,Метро «Сокол»,Проспект Маршала Жукова
28,3162538,1,264_3162538_4_201,380.0,403.0,Метро «Сокол»,Проспект Маршала Жукова
28,3162538,1,264_3162538_4_802,404.0,427.0,Метро «Сокол»,Проспект Маршала Жукова
28,3162538,1,264_3162538_4_804,416.0,439.0,Метро «Сокол»,Проспект Маршала Жукова
28,3162538,1,264_3162538_4_805,428.0,451.0,Метро «Сокол»,Проспект Маршала Жукова
28,3162538,1,264_3162538_5_107,704.0,729.0,Метро «Сокол»,Проспект Маршала Жукова
28,3162538,1,264_3162538_5_108,714.0,739.0,Метро «Сокол»,Проспект Маршала Жукова
28,3162538,1,264_3162538_5_206,613.0,638.0,Метро «Сокол»,Проспект Маршала Жукова
28,3162538,1,264_3162538_5_803,452.0,475.0,Метро «Сокол»,Проспект Маршала Жукова
28,3162538,1,264_3162538_6_201,440.0,463.0,Метро «Сокол»,Проспект Маршала Жукова
28,3162538,1,264_3162538_6_802,463.0,487.0,Метро «Сокол»,Проспект Маршала Жукова
28,3162538,1,264_3162538_6_804,475.0,499.0,Метро «Сокол»,Проспект Маршала Жукова
28,3162538,1,264_3162538_6_805,487.0,512.0,Метро «Сокол»,Проспект Маршала Жукова
28,3162538,1,264_3162538_7_107,764.0,789.0,Метро «Сокол»,Проспект Маршала Жукова
28,3162538,1,264_3162538_7_108,774.0,799.0,Метро «Сокол»,Проспект Маршала Жукова
28,3162538,1,264_3162538_7_206,673.0,698.0,Метро «Сокол»,Проспект Маршала Жукова
28,3162538,1,264_3162538_7_803,510.0,535.0,Метро «Сокол»,Проспект Маршала Жукова
28,3162538,1,264_3162538_8_201,499.0,524.0,Метро «Сокол»,Проспект Маршала Жукова
28,3162538,1,264_3162538_8_802,521.0,546.0,Метро «Сокол»,Проспект Маршала Жукова
28,3162538,1,264_3162538_8_804,533.0,558.0,Метро «Сокол»,Проспект Маршала Жукова
28,3162538,1,264_3162538_8_805,545.0,570.0,Метро «Сокол»,Проспект Маршала Жукова
28,3162538,1,264_3162538_9_107,824.0,849.0,Метро «Сокол»,Проспект Маршала Жукова
28,3162538,1,264_3162538_9_108,834.0,859.0,Метро «Сокол»,Проспект Маршала Жукова
28,3162538,1,264_3162538_9_206,734.0,759.0,Метро «Сокол»,Проспект Маршала Жукова
28,3162538,1,264_3162538_9_803,575.0,600.0,Метро «Сокол»,Проспект Маршала Жукова
50,3159533,0,443_3159533_10_202,1068.0,1134.0,Проезд Энтузиастов,Метро «Новослободская»
50,3159533,0,443_3159533_10_206,1104.0,1170.0,Проезд Энтузиастов,Метро «Новослободская»
50,3159533,0,443_3159533_10_211,1144.0,1210.0,Проезд Энтузиастов,Метро «Новослободская»
50,3159533,0,443_3159533_10_213,1173.0,1239.0,Проезд Энтузиастов,Метро «Новослободская»
50,3159533,0,443_3159533_10_215,1183.0,1249.0,Проезд Энтузиастов,Метро «Новослободская»
50,3159533,0,443_3159533_10_804,1363.0,1426.0,Проезд Энтузиастов,Метро «Новослободская»
50,3159533,0,443_3159533_11_203,1134.0,1200.0,Проезд Энтузиастов,Метро «Новослободская»
50,3159533,0,443_3159533_11_205,1164.0,1230.0,Проезд Энтузиастов,Метро «Новослободская»
50,3159533,0,443_3159533_11_208,1194.0,1260.0,Проезд Энтузиастов,Метро «Новослободская»
50,3159533,0,443_3159533_11_209,1214.0,1279.0,Проезд Энтузиастов,Метро «Новослободская»
50,3159533,0,443_3159533_11_210,1234.0,1299.0,Проезд Энтузиастов,Метро «Новослободская»
50,3159533,0,443_3159533_11_212,1253.0,1318.0,Проезд Энтузиастов,Метро «Новослободская»
50,3159533,0,443_3159533_11_214,1274.0,1339.0,Проезд Энтузиастов,Метро «Новослободская»
50,3159533,0,443_3159533_11_216,1289.0,1354.0,Проезд Энтузиастов,Метро «Новослободская»
50,3159533,0,443_3159533_12_202,1224.0,1289.0,Проезд Энтузиастов,Метро «Новослободская»
50,3159533,0,443_3159533_12_206,1263.0,1328.0,Проезд Энтузиастов,Метро «Новослободская»
50,3159533,0,443_3159533_12_211,1301.0,1366.0,Проезд Энтузиастов,Метро «Новослободская»
50,3159533,0,443_3159533_12_213,1327.0,1391.0,Проезд Энтузиастов,Метро «Новослободская»
50,3159533,0,443_3159533_12_215,1343.0,1407.0,Проезд Энтузиастов,Метро «Новослободская»
50,3159533,0,443_3159533_13_210,1381.0,1443.0,Проезд Энтузиастов,Метро «Новослободская»
50,3159533,0,443_3159533_13_214,1421.0,1483.0,Проезд Энтузиастов,Метро «Новослободская»
50,3159533,0,443_3159533_13_216,1441.0,1503.0,Проезд Энтузиастов,Метро «Новослободская»
50,3159533,0,443_3159533_1_203,350.0,413.0,Проезд Энтузиастов,Метро «Новослободская»
50,3159533,0,443_3159533_1_205,370.0,433.0,Проезд Энтузиастов,Метро «Новослободская»
50,3159533,0,443_3159533_1_208,410.0,475.0,Проезд Энтузиастов,Метро «Новослободская»
50,3159533,0,443_3159533_1_209,420.0,486.0,Проезд Энтузиастов,Метро «Новослободская»
50,3159533,0,443_3159533_1_210,439.0,505.0,Проезд Энтузиастов,Метро «Новослободская»
50,3159533,0,443_3159533_1_212,459.0,525.0,Проезд Энтузиастов,Метро «Новослободская»
50,3159533,0,443_3159533_1_214,480.0,546.0,Проезд Энтузиастов,Метро «Новослободская»
50,3159533,0,443_3159533_1_216,500.0,566.0,Проезд Энтузиастов,Метро «Новослободская»
50,3159533,0,443_3159533_1_801,328.0,391.0,Проезд Энтузиастов,Метро «Новослободская»
50,3159533,0,443_3159533_1_807,390.0,454.0,Проезд Энтузиастов,Метро «Новослободская»
50,3159533,0,443_3159533_2_202,430.0,496.0,Проезд Энтузиастов,Метро «Новослободская»
50,3159533,0,443_3159533_2_206,470.0,536.0,Проезд Энтузиастов,Метро «Новослободская»
50,3159533,0,443_3159533_2_211,520.0,586.0,Проезд Энтузиастов,Метро «Новослободская»
50,3159533,0,443_3159533_2_213,539.0,605.0,Проезд Энтузиастов,Метро «Новослободская»
50,3159533,0,443_3159533_2_215,560.0,626.0,Проезд Энтузиастов,Метро «Новослободская»
50,3159533,0,443_3159533_2_804,450.0,516.0,Проезд Энтузиастов,Метро «Новослободская»
50,3159533,0,443_3159533_3_203,509.0,575.0,Проезд Энтузиастов,Метро «Новослободская»
50,3159533,0,443_3159533_3_205,530.0,596.0,Проезд Энтузиастов,Метро «Новослободская»
50,3159533,0,443_3159533_3_208,569.0,635.0,Проезд Энтузиастов,Метро «Новослободская»
50,3159533,0,443_3159533_3_209,579.0,645.0,Проезд Энтузиастов,Метро «Новослободская»
50,3159533,0,443_3159533_3_210,599.0,665.0,Проезд Энтузиастов,Метро «Новослободская»
50,3159533,0,443_3159533_3_212,620.0,686.0,Проезд Энтузиастов,Метро «Новослободская»
50,3159533,0,443_3159533_3_214,640.0,706.0,Проезд Энтузиастов,Метро «Новослободская»
50,3159533,0,443_3159533_3_216,655.0,721.0,Проезд Энтузиастов,Метро «Новослободская»
50,3159533,0,443_3159533_3_801,491.0,557.0,Проезд Энтузиастов,Метро «Новослободская»
50,3159533,0,443_3159533_3_807,548.0,614.0,Проезд Энтузиастов,Метро «Новослободская»
50,3159533,0,443_3159533_4_202,590.0,656.0,Проезд Энтузиастов,Метро «Новослободская»
50,3159533,0,443_3159533_4_206,631.0,697.0,Проезд Энтузиастов,Метро «Новослободская»
50,3159533,0,443_3159533_4_211,679.0,745.0,Проезд Энтузиастов,Метро «Новослободская»
50,3159533,0,443_3159533_4_213,704.0,770.0,Проезд Энтузиастов,Метро «Новослободская»
50,3159533,0,443_3159533_4_215,714.0,780.0,Проезд Энтузиастов,Метро «Новослободская»
50,3159533,0,443_3159533_4_804,610.0,676.0,Проезд Энтузиастов,Метро «Новослободская»
50,3159533,0,443_3159533_5_203,667.0,733.0,Проезд Энтузиастов,Метро «Новослободская»
50,3159533,0,443_3159533_5_205,691.0,757.0,Проезд Энтузиастов,Метро «Новослободская»
50,3159533,0,443_3159533_5_208,726.0,792.0,Проезд Энтузиастов,Метро «Новослободская»
50,3159533,0,443_3159533_5_209,738.0,804.0,Проезд Энтузиастов,Метро «Новослободская»
50,3159533,0,443_3159533_5_210,762.0,828.0,Проезд Энтузиастов,Метро «Новослободская»
50,3159533,0,443_3159533_5_212,776.0,842.0,Проезд Энтузиастов,Метро «Новослободская»
50,3159533,0,443_3159533_5_214,796.0,862.0,Проезд Энтузиастов,Метро «Новослободская»
50,3159533,0,443_3159533_5_216,809.0,875.0,Проезд Энтузиастов,Метро «Новослободская»
50,3159533,0,443_3159533_5_801,997.0,1063.0,Проезд Энтузиастов,Метро «Новослободская»
50,3159533,0,443_3159533_5_807,1086.0,1152.0,Проезд Энтузиастов,Метро «Новослободская»
50,3159533,0,443_3159533_6_202,750.0,816.0,Проезд Энтузиастов,Метро «Новослободская»
50,3159533,0,443_3159533_6_206,786.0,852.0,Проезд Энтузиастов,Метро «Новослободская»
50,3159533,0,443_3159533_6_211,833.0,899.0,Проезд Энтузиастов,Метро «Новослободская»
50,3159533,0,443_3159533_6_213,858.0,924.0,Проезд Энтузиастов,Метро «Новослободская»
50,3159533,0,443_3159533_6_215,870.0,936.0,Проезд Энтузиастов,Метро «Новослободская»
50,3159533,0,443_3159533_6_804,1047.0,1113.0,Проезд Энтузиастов,Метро «Новослободская»
50,3159533,0,443_3159533_7_203,822.0,888.0,Проезд Энтузиастов,Метро «Новослободская»
50,3159533,0,443_3159533_7_205,846.0,912.0,Проезд Энтузиастов,Метро «Новослободская»
50,3159533,0,443_3159533_7_208,882.0,948.0,Проезд Энтузиастов,Метро «Новослободская»
50,3159533,0,443_3159533_7_209,894.0,960.0,Проезд Энтузиастов,Метро «Новослободская»
50,3159533,0,443_3159533_7_210,918.0,984.0,Проезд Энтузиастов,Метро «Новослободская»
50,3159533,0,443_3159533_7_212,929.0,995.0,Проезд Энтузиастов,Метро «Новослободская»
50,3159533,0,443_3159533_7_214,954.0,1020.0,Проезд Энтузиастов,Метро «Новослободская»
50,3159533,0,443_3159533_7_216,966.0,1032.0,Проезд Энтузиастов,Метро «Новослободская»
50,3159533,0,443_3159533_7_801,1153.0,1219.0,Проезд Энтузиастов,Метро «Новослободская»
50,3159533,0,443_3159533_7_807,1244.0,1309.0,Проезд Энтузиастов,Метро «Новослободская»
50,3159533,0,443_3159533_8_202,905.0,971.0,Проезд Энтузиастов,Метро «Новослободская»
50,3159533,0,443_3159533_8_206,942.0,1008.0,Проезд Энтузиастов,Метро «Новослободская»
50,3159533,0,443_3159533_8_211,986.0,1052.0,Проезд Энтузиастов,Метро «Новослободская»
50,3159533,0,443_3159533_8_213,1016.0,1082.0,Проезд Энтузиастов,Метро «Новослободская»
50,3159533,0,443_3159533_8_215,1026.0,1092.0,Проезд Энтузиастов,Метро «Новослободская»
50,3159533,0,443_3159533_8_804,1204.0,1270.0,Проезд Энтузиастов,Метро «Новослободская»
50,3159533,0,443_3159533_9_203,976.0,1042.0,Проезд Энтузиастов,Метро «Новослободская»
50,3159533,0,443_3159533_9_205,1006.0,1072.0,Проезд Энтузиастов,Метро «Новослободская»
50,3159533,0,443_3159533_9_208,1037.0,1103.0,Проезд Энтузиастов,Метро «Новослободская»
50,3159533,0,443_3159533_9_209,1058.0,1124.0,Проезд Энтузиастов,Метро «Новослободская»
50,3159533,0,443_3159533_9_210,1076.0,1142.0,Проезд Энтузиастов,Метро «Новослободская»
50,3159533,0,443_3159533_9_212,1095.0,1161.0,Проезд Энтузиастов,Метро «Новослободская»
50,3159533,0,443_3159533_9_214,1114.0,1180.0,Проезд Энтузиастов,Метро «Новослободская»
50,3159533,0,443_3159533_9_216,1123.0,1189.0,Проезд Энтузиастов,Метро «Новослободская»
50,3159533,0,443_3159533_9_801,1313.0,1378.0,Проезд Энтузиастов,Метро «Новослободская»
50,3159533,0,443_3159533_9_807,1401.0,1463.0,Проезд Энтузиастов,Метро «Новослободская»
50,3159533,1,443_3159533_10_203,1049.0,1117.0,Метро «Новослободская»,Проезд Энтузиастов
50,3159533,1,443_3159533_10_205,1077.0,1145.0,Метро «Новослободская»,Проезд Энтузиастов
50,3159533,1,443_3159533_10_208,1107.0,1175.0,Метро «Новослободская»,Проезд Энтузиастов
50,3159533,1,443_3159533_10_209,1127.0,1195.0,Метро «Новослободская»,Проезд Энтузиастов
50,3159533,1,443_3159533_10_210,1147.0,1215.0,Метро «Новослободская»,Проезд Энтузиастов
50,3159533,1,443_3159533_10_212,1166.0,1234.0,Метро «Новослободская»,Проезд Энтузиастов
50,3159533,1,443_3159533_10_214,1184.0,1252.0,Метро «Новослободская»,Проезд Энтузиастов
50,3159533,1,443_3159533_10_216,1195.0,1263.0,Метро «Новослободская»,Проезд Энтузиастов
50,3159533,1,443_3159533_10_801,1381.0,1443.0,Метро «Новослободская»,Проезд Энтузиастов
50,3159533,1,443_3159533_11_202,1137.0,1205.0,Метро «Новослободская»,Проезд Энтузиастов
50,3159533,1,443_3159533_11_206,1175.0,1243.0,Метро «Новослободская»,Проезд Энтузиастов
50,3159533,1,443_3159533_11_211,1215.0,1281.0,Метро «Новослободская»,Проезд Энтузиастов
50,3159533,1,443_3159533_11_213,1245.0,1310.0,Метро «Новослободская»,Проезд Энтузиастов
50,3159533,1,443_3159533_11_215,1254.0,1319.0,Метро «Новослободская»,Проезд Энтузиастов
50,3159533,1,443_3159533_11_804,1433.0,1495.0,Метро «Новослободская»,Проезд Энтузиастов
50,3159533,1,443_3159533_12_203,1205.0,1273.0,Метро «Новослободская»,Проезд Энтузиастов
50,3159533,1,443_3159533_12_205,1235.0,1300.0,Метро «Новослободская»,Проезд Энтузиастов
50,3159533,1,443_3159533_12_208,1264.0,1329.0,Метро «Новослободская»,Проезд Энтузиастов
50,3159533,1,443_3159533_12_209,1285.0,1350.0,Метро «Новослободская»,Проезд Энтузиастов
50,3159533,1,443_3159533_12_210,1306.0,1371.0,Метро «Новослободская»,Проезд Энтузиастов
50,3159533,1,443_3159533_12_212,1327.0,1392.0,Метро «Новослободская»,Проезд Энтузиастов
50,3159533,1,443_3159533_12_214,1344.0,1408.0,Метро «Новослободская»,Проезд Энтузиастов
50,3159533,1,443_3159533_12_216,1363.0,1426.0,Метро «Новослободская»,Проезд Энтузиастов
50,3159533,1,443_3159533_13_202,1295.0,1360.0,Метро «Новослободская»,Проезд Энтузиастов
50,3159533,1,443_3159533_13_213,1397.0,1459.0,Метро «Новослободская»,Проезд Энтузиастов
50,3159533,1,443_3159533_13_215,1415.0,1477.0,Метро «Новослободская»,Проезд Энтузиастов
50,3159533,1,443_3159533_1_202,340.0,406.0,Метро «Новослободская»,Проезд Энтузиастов
50,3159533,1,443_3159533_1_206,380.0,446.0,Метро «Новослободская»,Проезд Энтузиастов
50,3159533,1,443_3159533_1_211,430.0,498.0,Метро «Новослободская»,Проезд Энтузиастов
50,3159533,1,443_3159533_1_213,451.0,519.0,Метро «Новослободская»,Проезд Энтузиастов
50,3159533,1,443_3159533_1_215,470.0,538.0,Метро «Новослободская»,Проезд Энтузиастов
50,3159533,1,443_3159533_1_804,361.0,427.0,Метро «Новослободская»,Проезд Энтузиастов
50,3159533,1,443_3159533_2_203,419.0,487.0,Метро «Новослободская»,Проезд Энтузиастов
50,3159533,1,443_3159533_2_205,440.0,508.0,Метро «Новослободская»,Проезд Энтузиастов
50,3159533,1,443_3159533_2_208,481.0,549.0,Метро «Новослободская»,Проезд Энтузиастов
50,3159533,1,443_3159533_2_209,491.0,559.0,Метро «Новослободская»,Проезд Энтузиастов
50,3159533,1,443_3159533_2_210,511.0,579.0,Метро «Новослободская»,Проезд Энтузиастов
50,3159533,1,443_3159533_2_212,531.0,599.0,Метро «Новослободская»,Проезд Энтузиастов
50,3159533,1,443_3159533_2_214,549.0,617.0,Метро «Новослободская»,Проезд Энтузиастов
50,3159533,1,443_3159533_2_216,571.0,639.0,Метро «Новослободская»,Проезд Энтузиастов
50,3159533,1,443_3159533_2_801,400.0,467.0,Метро «Новослободская»,Проезд Энтузиастов
50,3159533,1,443_3159533_2_807,461.0,529.0,Метро «Новослободская»,Проезд Энтузиастов
50,3159533,1,443_3159533_3_202,501.0,569.0,Метро «Новослободская»,Проезд Энтузиастов
50,3159533,1,443_3159533_3_206,540.0,608.0,Метро «Новослободская»,Проезд Энтузиастов
50,3159533,1,443_3159533_3_211,590.0,658.0,Метро «Новослободская»,Проезд Энтузиастов
50,3159533,1,443_3159533_3_213,610.0,678.0,Метро «Новослободская»,Проезд Энтузиастов
50,3159533,1,443_3159533_3_215,631.0,699.0,Метро «Новослободская»,Проезд Энтузиастов
50,3159533,1,443_3159533_3_804,521.0,589.0,Метро «Новослободская»,Проезд Энтузиастов
50,3159533,1,443_3159533_4_203,581.0,649.0,Метро «Новослободская»,Проезд Энтузиастов
50,3159533,1,443_3159533_4_205,601.0,669.0,Метро «Новослободская»,Проезд Энтузиастов
50,3159533,1,443_3159533_4_208,641.0,709.0,Метро «Новослободская»,Проезд Энтузиастов
50,3159533,1,443_3159533_4_209,650.0,718.0,Метро «Новослободская»,Проезд Энтузиастов
50,3159533,1,443_3159533_4_210,670.0,738.0,Метро «Новослободская»,Проезд Энтузиастов
50,3159533,1,443_3159533_4_212,691.0,759.0,Метро «Новослободская»,Проезд Энтузиастов
50,3159533,1,443_3159533_4_214,712.0,780.0,Метро «Новослободская»,Проезд Энтузиастов
50,3159533,1,443_3159533_4_216,725.0,793.0,Метро «Новослободская»,Проезд Энтузиастов
50,3159533,1,443_3159533_4_801,560.0,628.0,Метро «Новослободская»,Проезд Энтузиастов
50,3159533,1,443_3159533_4_807,620.0,688.0,Метро «Новослободская»,Проезд Энтузиастов
50,3159533,1,443_3159533_5_202,659.0,727.0,Метро «Новослободская»,Проезд Энтузиастов
50,3159533,1,443_3159533_5_206,701.0,769.0,Метро «Новослободская»,Проезд Энтузиастов
50,3159533,1,443_3159533_5_211,748.0,816.0,Метро «Новослободская»,Проезд Энтузиастов
50,3159533,1,443_3159533_5_213,773.0,841.0,Метро «Новослободская»,Проезд Энтузиастов
50,3159533,1,443_3159533_5_215,785.0,853.0,Метро «Новослободская»,Проезд Энтузиастов
50,3159533,1,443_3159533_5_804,683.0,751.0,Метро «Новослободская»,Проезд Энтузиастов
50,3159533,1,443_3159533_6_203,737.0,805.0,Метро «Новослободская»,Проезд Энтузиастов
50,3159533,1,443_3159533_6_205,760.0,828.0,Метро «Новослободская»,Проезд Энтузиастов
50,3159533,1,443_3159533_6_208,797.0,865.0,Метро «Новослободская»,Проезд Энтузиастов
50,3159533,1,443_3159533_6_209,809.0,877.0,Метро «Новослободская»,Проезд Энтузиастов
50,3159533,1,443_3159533_6_210,833.0,901.0,Метро «Новослободская»,Проезд Энтузиастов
50,3159533,1,443_3159533_6_212,845.0,913.0,Метро «Новослободская»,Проезд Энтузиастов
50,3159533,1,443_3159533_6_214,868.0,936.0,Метро «Новослободская»,Проезд Энтузиастов
50,3159533,1,443_3159533_6_216,880.0,948.0,Метро «Новослободская»,Проезд Энтузиастов
50,3159533,1,443_3159533_6_801,1067.0,1135.0,Метро «Новослободская»,Проезд Энтузиастов
50,3159533,1,443_3159533_6_807,1156.0,1224.0,Метро «Новослободская»,Проезд Энтузиастов
50,3159533,1,443_3159533_7_202,821.0,889.0,Метро «Новослободская»,Проезд Энтузиастов
50,3159533,1,443_3159533_7_206,856.0,924.0,Метро «Новослободская»,Проезд Энтузиастов
50,3159533,1,443_3159533_7_211,905.0,973.0,Метро «Новослободская»,Проезд Энтузиастов
50,3159533,1,443_3159533_7_213,927.0,995.0,Метро «Новослободская»,Проезд Энтузиастов
50,3159533,1,443_3159533_7_215,940.0,1008.0,Метро «Новослободская»,Проезд Энтузиастов
50,3159533,1,443_3159533_7_804,1117.0,1185.0,Метро «Новослободская»,Проезд Энтузиастов
50,3159533,1,443_3159533_8_203,893.0,961.0,Метро «Новослободская»,Проезд Энтузиастов
50,3159533,1,443_3159533_8_205,916.0,984.0,Метро «Новослободская»,Проезд Энтузиастов
50,3159533,1,443_3159533_8_208,953.0,1021.0,Метро «Новослободская»,Проезд Энтузиастов
50,3159533,1,443_3159533_8_209,965.0,1033.0,Метро «Новослободская»,Проезд Энтузиастов
50,3159533,1,443_3159533_8_210,991.0,1059.0,Метро «Новослободская»,Проезд Энтузиастов
50,3159533,1,443_3159533_8_212,1001.0,1069.0,Метро «Новослободская»,Проезд Энтузиастов
50,3159533,1,443_3159533_8_214,1025.0,1093.0,Метро «Новослободская»,Проезд Энтузиастов
50,3159533,1,443_3159533_8_216,1038.0,1106.0,Метро «Новослободская»,Проезд Энтузиастов
50,3159533,1,443_3159533_8_801,1225.0,1290.0,Метро «Новослободская»,Проезд Энтузиастов
50,3159533,1,443_3159533_8_807,1317.0,1382.0,Метро «Новослободская»,Проезд Энтузиастов
50,3159533,1,443_3159533_9_202,977.0,1045.0,Метро «Новослободская»,Проезд Энтузиастов
50,3159533,1,443_3159533_9_206,1013.0,1081.0,Метро «Новослободская»,Проезд Энтузиастов
50,3159533,1,443_3159533_9_211,1058.0,1126.0,Метро «Новослободская»,Проезд Энтузиастов
50,3159533,1,443_3159533_9_213,1087.0,1155.0,Метро «Новослободская»,Проезд Энтузиастов
50,3159533,1,443_3159533_9_215,1097.0,1165.0,Метро «Новослободская»,Проезд Энтузиастов
50,3159533,1,443_3159533_9_804,1276.0,1341.0,Метро «Новослободская»,Проезд Энтузиастов
50,3160671,0,443_3160671_10_202,936.0,1003.0,Проезд Энтузиастов,Метро «Новослободская»
50,3160671,0,443_3160671_10_204,957.0,1024.0,Проезд Энтузиастов,Метро «Новослободская»
50,3160671,0,443_3160671_10_206,992.0,1059.0,Проезд Энтузиастов,Метро «Новослободская»
50,3160671,0,443_3160671_10_209,1092.0,1159.0,Проезд Энтузиастов,Метро «Новослободская»
50,3160671,0,443_3160671_10_211,1114.0,1181.0,Проезд Энтузиастов,Метро «Новослободская»
50,3160671,0,443_3160671_10_213,1125.0,1192.0,Проезд Энтузиастов,Метро «Новослободская»
50,3160671,0,443_3160671_10_215,1153.0,1220.0,Проезд Энтузиастов,Метро «Новослободская»
50,3160671,0,443_3160671_11_201,1001.0,1068.0,Проезд Энтузиастов,Метро «Новослободская»
50,3160671,0,443_3160671_11_203,1022.0,1089.0,Проезд Энтузиастов,Метро «Новослободская»
50,3160671,0,443_3160671_11_205,1042.0,1109.0,Проезд Энтузиастов,Метро «Новослободская»
50,3160671,0,443_3160671_11_207,1062.0,1129.0,Проезд Энтузиастов,Метро «Новослободская»
50,3160671,0,443_3160671_11_210,1182.0,1249.0,Проезд Энтузиастов,Метро «Новослободская»
50,3160671,0,443_3160671_11_212,1202.0,1269.0,Проезд Энтузиастов,Метро «Новослободская»
50,3160671,0,443_3160671_11_214,1222.0,1289.0,Проезд Энтузиастов,Метро «Новослободская»
50,3160671,0,443_3160671_12_202,1102.0,1169.0,Проезд Энтузиастов,Метро «Новослободская»
50,3160671,0,443_3160671_12_204,1138.0,1205.0,Проезд Энтузиастов,Метро «Новослободская»
50,3160671,0,443_3160671_12_206,1162.0,1229.0,Проезд Энтузиастов,Метро «Новослободская»
50,3160671,0,443_3160671_12_209,1259.0,1326.0,Проезд Энтузиастов,Метро «Новослободская»
50,3160671,0,443_3160671_12_211,1279.0,1346.0,Проезд Энтузиастов,Метро «Новослободская»
50,3160671,0,443_3160671_12_213,1301.0,1368.0,Проезд Энтузиастов,Метро «Новослободская»
50,3160671,0,443_3160671_12_215,1323.0,1390.0,Проезд Энтузиастов,Метро «Новослободская»
50,3160671,0,443_3160671_13_201,1171.0,1238.0,Проезд Энтузиастов,Метро «Новослободская»
50,3160671,0,443_3160671_13_203,1192.0,1259.0,Проезд Энтузиастов,Метро «Новослободская»
50,3160671,0,443_3160671_13_205,1212.0,1279.0,Проезд Энтузиастов,Метро «Новослободская»
50,3160671,0,443_3160671_13_207,1234.0,1301.0,Проезд Энтузиастов,Метро «Новослободская»
50,3160671,0,443_3160671_13_210,1347.0,1412.0,Проезд Энтузиастов,Метро «Новослободская»
50,3160671,0,443_3160671_13_212,1367.0,1431.0,Проезд Энтузиастов,Метро «Новослободская»
50,3160671,0,443_3160671_13_214,1387.0,1450.0,Проезд Энтузиастов,Метро «Новослободская»
50,3160671,0,443_3160671_14_209,1407.0,1470.0,Проезд Энтузиастов,Метро «Новослободская»
50,3160671,0,443_3160671_14_211,1427.0,1490.0,Проезд Энтузиастов,Метро «Новослободская»
50,3160671,0,443_3160671_2_116,1082.0,1149.0,Проезд Энтузиастов,Метро «Новослободская»
50,3160671,0,443_3160671_2_202,335.0,401.0,Проезд Энтузиастов,Метро «Новослободская»
50,3160671,0,443_3160671_2_204,355.0,421.0,Проезд Энтузиастов,Метро «Новослободская»
50,3160671,0,443_3160671_2_206,378.0,444.0,Проезд Энтузиастов,Метро «Новослободская»
50,3160671,0,443_3160671_2_209,488.0,552.0,Проезд Энтузиастов,Метро «Новослободская»
50,3160671,0,443_3160671_2_211,510.0,574.0,Проезд Энтузиастов,Метро «Новослободская»
50,3160671,0,443_3160671_2_213,532.0,596.0,Проезд Энтузиастов,Метро «Новослободская»
50,3160671,0,443_3160671_2_215,542.0,606.0,Проезд Энтузиастов,Метро «Новослободская»
50,3160671,0,443_3160671_3_108,552.0,616.0,Проезд Энтузиастов,Метро «Новослободская»
50,3160671,0,443_3160671_3_201,398.0,464.0,Проезд Энтузиастов,Метро «Новослободская»
50,3160671,0,443_3160671_3_203,418.0,484.0,Проезд Энтузиастов,Метро «Новослободская»
50,3160671,0,443_3160671_3_205,438.0,504.0,Проезд Энтузиастов,Метро «Новослободская»
50,3160671,0,443_3160671_3_207,458.0,521.0,Проезд Энтузиастов,Метро «Новослободская»
50,3160671,0,443_3160671_3_210,573.0,637.0,Проезд Энтузиастов,Метро «Новослободская»
50,3160671,0,443_3160671_3_212,593.0,657.0,Проезд Энтузиастов,Метро «Новослободская»
50,3160671,0,443_3160671_3_214,613.0,677.0,Проезд Энтузиастов,Метро «Новослободская»
50,3160671,0,443_3160671_4_116,1248.0,1315.0,Проезд Энтузиастов,Метро «Новослободская»
50,3160671,0,443_3160671_4_202,478.0,542.0,Проезд Энтузиастов,Метро «Новослободская»
50,3160671,0,443_3160671_4_204,498.0,562.0,Проезд Энтузиастов,Метро «Новослободская»
50,3160671,0,443_3160671_4_206,522.0,586.0,Проезд Энтузиастов,Метро «Новослободская»
50,3160671,0,443_3160671_4_209,633.0,697.0,Проезд Энтузиастов,Метро «Новослободская»
50,3160671,0,443_3160671_4_211,653.0,717.0,Проезд Энтузиастов,Метро «Новослободская»
50,3160671,0,443_3160671_4_213,674.0,738.0,Проезд Энтузиастов,Метро «Новослободская»
50,3160671,0,443_3160671_4_215,685.0,751.0,Проезд Энтузиастов,Метро «Новослободская»
50,3160671,0,443_3160671_5_108,716.0,783.0,Проезд Энтузиастов,Метро «Новослободская»
50,3160671,0,443_3160671_5_201,563.0,627.0,Проезд Энтузиастов,Метро «Новослободская»
50,3160671,0,443_3160671_5_203,583.0,647.0,Проезд Энтузиастов,Метро «Новослободская»
50,3160671,0,443_3160671_5_205,603.0,667.0,Проезд Энтузиастов,Метро «Новослободская»
50,3160671,0,443_3160671_5_207,623.0,687.0,Проезд Энтузиастов,Метро «Новослободская»
50,3160671,0,443_3160671_5_210,737.0,804.0,Проезд Энтузиастов,Метро «Новослободская»
50,3160671,0,443_3160671_5_212,758.0,825.0,Проезд Энтузиастов,Метро «Новослободская»
50,3160671,0,443_3160671_5_214,778.0,845.0,Проезд Энтузиастов,Метро «Новослободская»
50,3160671,0,443_3160671_6_202,643.0,707.0,Проезд Энтузиастов,Метро «Новослободская»
50,3160671,0,443_3160671_6_204,664.0,728.0,Проезд Энтузиастов,Метро «Новослободская»
50,3160671,0,443_3160671_6_206,695.0,762.0,Проезд Энтузиастов,Метро «Новослободская»
50,3160671,0,443_3160671_6_209,799.0,866.0,Проезд Энтузиастов,Метро «Новослободская»
50,3160671,0,443_3160671_6_211,824.0,891.0,Проезд Энтузиастов,Метро «Новослободская»
50,3160671,0,443_3160671_6_213,837.0,904.0,Проезд Энтузиастов,Метро «Новослободская»
50,3160671,0,443_3160671_6_215,865.0,932.0,Проезд Энтузиастов,Метро «Новослободская»
50,3160671,0,443_3160671_7_201,705.0,772.0,Проезд Энтузиастов,Метро «Новослободская»
50,3160671,0,443_3160671_7_203,727.0,794.0,Проезд Энтузиастов,Метро «Новослободская»
50,3160671,0,443_3160671_7_205,747.0,814.0,Проезд Энтузиастов,Метро «Новослободская»
50,3160671,0,443_3160671_7_207,767.0,834.0,Проезд Энтузиастов,Метро «Новослободская»
50,3160671,0,443_3160671_7_210,886.0,953.0,Проезд Энтузиастов,Метро «Новослободская»
50,3160671,0,443_3160671_7_212,906.0,973.0,Проезд Энтузиастов,Метро «Новослободская»
50,3160671,0,443_3160671_7_214,927.0,994.0,Проезд Энтузиастов,Метро «Новослободская»
50,3160671,0,443_3160671_8_202,789.0,856.0,Проезд Энтузиастов,Метро «Новослободская»
50,3160671,0,443_3160671_8_204,812.0,879.0,Проезд Энтузиастов,Метро «Новослободская»
50,3160671,0,443_3160671_8_206,845.0,912.0,Проезд Энтузиастов,Метро «Новослободская»
50,3160671,0,443_3160671_8_209,946.0,1013.0,Проезд Энтузиастов,Метро «Новослободская»
50,3160671,0,443_3160671_8_211,968.0,1035.0,Проезд Энтузиастов,Метро «Новослободская»
50,3160671,0,443_3160671_8_213,980.0,1047.0,Проезд Энтузиастов,Метро «Новослободская»
50,3160671,0,443_3160671_8_215,1012.0,1079.0,Проезд Энтузиастов,Метро «Новослободская»
50,3160671,0,443_3160671_9_201,855.0,922.0,Проезд Энтузиастов,Метро «Новослободская»
50,3160671,0,443_3160671_9_203,875.0,942.0,Проезд Энтузиастов,Метро «Новослободская»
50,3160671,0,443_3160671_9_205,896.0,963.0,Проезд Энтузиастов,Метро «Новослободская»
50,3160671,0,443_3160671_9_207,916.0,983.0,Проезд Энтузиастов,Метро «Новослободская»
50,3160671,0,443_3160671_9_210,1032.0,1099.0,Проезд Энтузиастов,Метро «Новослободская»
50,3160671,0,443_3160671_9_212,1052.0,1119.0,Проезд Энтузиастов,Метро «Новослободская»
50,3160671,0,443_3160671_9_214,1072.0,1139.0,Проезд Энтузиастов,Метро «Новослободская»
50,3160671,1,443_3160671_10_201,928.0,992.0,Метро «Новослободская»,Проезд Энтузиастов
50,3160671,1,443_3160671_10_203,948.0,1012.0,Метро «Новослободская»,Проезд Энтузиастов
50,3160671,1,443_3160671_10_205,968.0,1032.0,Метро «Новослободская»,Проезд Энтузиастов
50,3160671,1,443_3160671_10_207,988.0,1052.0,Метро «Новослободская»,Проезд Энтузиастов
50,3160671,1,443_3160671_10_210,1104.0,1168.0,Метро «Новослободская»,Проезд Энтузиастов
50,3160671,1,443_3160671_10_212,1124.0,1188.0,Метро «Новослободская»,Проезд Энтузиастов
50,3160671,1,443_3160671_10_214,1144.0,1208.0,Метро «Новослободская»,Проезд Энтузиастов
50,3160671,1,443_3160671_11_202,1008.0,1072.0,Метро «Новослободская»,Проезд Энтузиастов
50,3160671,1,443_3160671_11_204,1029.0,1093.0,Метро «Новослободская»,Проезд Энтузиастов
50,3160671,1,443_3160671_11_206,1063.0,1127.0,Метро «Новослободская»,Проезд Энтузиастов
50,3160671,1,443_3160671_11_209,1164.0,1227.0,Метро «Новослободская»,Проезд Энтузиастов
50,3160671,1,443_3160671_11_211,1186.0,1249.0,Метро «Новослободская»,Проезд Энтузиастов
50,3160671,1,443_3160671_11_213,1198.0,1261.0,Метро «Новослободская»,Проезд Энтузиастов
50,3160671,1,443_3160671_11_215,1224.0,1287.0,Метро «Новослободская»,Проезд Энтузиастов
50,3160671,1,443_3160671_12_201,1073.0,1137.0,Метро «Новослободская»,Проезд Энтузиастов
50,3160671,1,443_3160671_12_203,1094.0,1158.0,Метро «Новослободская»,Проезд Энтузиастов
50,3160671,1,443_3160671_12_205,1114.0,1178.0,Метро «Новослободская»,Проезд Энтузиастов
50,3160671,1,443_3160671_12_207,1134.0,1198.0,Метро «Новослободская»,Проезд Энтузиастов
50,3160671,1,443_3160671_12_210,1254.0,1317.0,Метро «Новослободская»,Проезд Энтузиастов
50,3160671,1,443_3160671_12_212,1274.0,1337.0,Метро «Новослободская»,Проезд Энтузиастов
50,3160671,1,443_3160671_12_214,1294.0,1357.0,Метро «Новослободская»,Проезд Энтузиастов
50,3160671,1,443_3160671_13_202,1174.0,1237.0,Метро «Новослободская»,Проезд Энтузиастов
50,3160671,1,443_3160671_13_204,1210.0,1273.0,Метро «Новослободская»,Проезд Энтузиастов
50,3160671,1,443_3160671_13_206,1234.0,1297.0,Метро «Новослободская»,Проезд Энтузиастов
50,3160671,1,443_3160671_13_209,1331.0,1394.0,Метро «Новослободская»,Проезд Энтузиастов
50,3160671,1,443_3160671_13_211,1351.0,1414.0,Метро «Новослободская»,Проезд Энтузиастов
50,3160671,1,443_3160671_13_213,1373.0,1435.0,Метро «Новослободская»,Проезд Энтузиастов
50,3160671,1,443_3160671_13_215,1393.0,1455.0,Метро «Новослободская»,Проезд Энтузиастов
50,3160671,1,443_3160671_14_201,1244.0,1307.0,Метро «Новослободская»,Проезд Энтузиастов
50,3160671,1,443_3160671_14_203,1264.0,1327.0,Метро «Новослободская»,Проезд Энтузиастов
50,3160671,1,443_3160671_14_205,1283.0,1346.0,Метро «Новослободская»,Проезд Энтузиастов
50,3160671,1,443_3160671_14_207,1305.0,1368.0,Метро «Новослободская»,Проезд Энтузиастов
50,3160671,1,443_3160671_14_210,1415.0,1477.0,Метро «Новослободская»,Проезд Энтузиастов
50,3160671,1,443_3160671_14_212,1437.0,1499.0,Метро «Новослободская»,Проезд Энтузиастов
50,3160671,1,443_3160671_14_214,1457.0,1519.0,Метро «Новослободская»,Проезд Энтузиастов
50,3160671,1,443_3160671_2_108,479.0,543.0,Метро «Новослободская»,Проезд Энтузиастов
50,3160671,1,443_3160671_2_201,326.0,388.0,Метро «Новослободская»,Проезд Энтузиастов
50,3160671,1,443_3160671_2_203,346.0,408.0,Метро «Новослободская»,Проезд Энтузиастов
50,3160671,1,443_3160671_2_205,366.0,428.0,Метро «Новослободская»,Проезд Энтузиастов
50,3160671,1,443_3160671_2_207,386.0,448.0,Метро «Новослободская»,Проезд Энтузиастов
50,3160671,1,443_3160671_2_210,499.0,563.0,Метро «Новослободская»,Проезд Энтузиастов
50,3160671,1,443_3160671_2_212,519.0,583.0,Метро «Новослободская»,Проезд Энтузиастов
50,3160671,1,443_3160671_2_214,539.0,603.0,Метро «Новослободская»,Проезд Энтузиастов
50,3160671,1,443_3160671_3_116,1154.0,1218.0,Метро «Новослободская»,Проезд Энтузиастов
50,3160671,1,443_3160671_3_202,406.0,468.0,Метро «Новослободская»,Проезд Энтузиастов
50,3160671,1,443_3160671_3_204,426.0,488.0,Метро «Новослободская»,Проезд Энтузиастов
50,3160671,1,443_3160671_3_206,449.0,512.0,Метро «Новослободская»,Проезд Энтузиастов
50,3160671,1,443_3160671_3_209,559.0,623.0,Метро «Новослободская»,Проезд Энтузиастов
50,3160671,1,443_3160671_3_211,579.0,643.0,Метро «Новослободская»,Проезд Энтузиастов
50,3160671,1,443_3160671_3_213,601.0,665.0,Метро «Новослободская»,Проезд Энтузиастов
50,3160671,1,443_3160671_3_215,611.0,675.0,Метро «Новослободская»,Проезд Энтузиастов
50,3160671,1,443_3160671_4_108,621.0,685.0,Метро «Новослободская»,Проезд Энтузиастов
50,3160671,1,443_3160671_4_201,469.0,533.0,Метро «Новослободская»,Проезд Энтузиастов
50,3160671,1,443_3160671_4_203,489.0,553.0,Метро «Новослободская»,Проезд Энтузиастов
50,3160671,1,443_3160671_4_205,509.0,573.0,Метро «Новослободская»,Проезд Энтузиастов
50,3160671,1,443_3160671_4_207,529.0,593.0,Метро «Новослободская»,Проезд Энтузиастов
50,3160671,1,443_3160671_4_210,642.0,706.0,Метро «Новослободская»,Проезд Энтузиастов
50,3160671,1,443_3160671_4_212,664.0,728.0,Метро «Новослободская»,Проезд Энтузиастов
50,3160671,1,443_3160671_4_214,682.0,746.0,Метро «Новослободская»,Проезд Энтузиастов
50,3160671,1,443_3160671_5_116,1319.0,1382.0,Метро «Новослободская»,Проезд Энтузиастов
50,3160671,1,443_3160671_5_202,549.0,613.0,Метро «Новослободская»,Проезд Энтузиастов
50,3160671,1,443_3160671_5_204,569.0,633.0,Метро «Новослободская»,Проезд Энтузиастов
50,3160671,1,443_3160671_5_206,590.0,654.0,Метро «Новослободская»,Проезд Энтузиастов
50,3160671,1,443_3160671_5_209,702.0,766.0,Метро «Новослободская»,Проезд Энтузиастов
50,3160671,1,443_3160671_5_211,723.0,787.0,Метро «Новослободская»,Проезд Энтузиастов
50,3160671,1,443_3160671_5_213,743.0,807.0,Метро «Новослободская»,Проезд Энтузиастов
50,3160671,1,443_3160671_5_215,755.0,819.0,Метро «Новослободская»,Проезд Энтузиастов
50,3160671,1,443_3160671_6_108,788.0,852.0,Метро «Новослободская»,Проезд Энтузиастов
50,3160671,1,443_3160671_6_201,632.0,696.0,Метро «Новослободская»,Проезд Энтузиастов
50,3160671,1,443_3160671_6_203,654.0,718.0,Метро «Новослободская»,Проезд Энтузиастов
50,3160671,1,443_3160671_6_205,673.0,737.0,Метро «Новослободская»,Проезд Энтузиастов
50,3160671,1,443_3160671_6_207,692.0,756.0,Метро «Новослободская»,Проезд Энтузиастов
50,3160671,1,443_3160671_6_210,809.0,873.0,Метро «Новослободская»,Проезд Энтузиастов
50,3160671,1,443_3160671_6_212,830.0,894.0,Метро «Новослободская»,Проезд Энтузиастов
50,3160671,1,443_3160671_6_214,850.0,914.0,Метро «Новослободская»,Проезд Энтузиастов
50,3160671,1,443_3160671_7_202,712.0,776.0,Метро «Новослободская»,Проезд Энтузиастов
50,3160671,1,443_3160671_7_204,733.0,797.0,Метро «Новослободская»,Проезд Энтузиастов
50,3160671,1,443_3160671_7_206,768.0,832.0,Метро «Новослободская»,Проезд Энтузиастов
50,3160671,1,443_3160671_7_209,872.0,936.0,Метро «Новослободская»,Проезд Энтузиастов
50,3160671,1,443_3160671_7_211,895.0,959.0,Метро «Новослободская»,Проезд Энтузиастов
50,3160671,1,443_3160671_7_213,907.0,971.0,Метро «Новослободская»,Проезд Энтузиастов
50,3160671,1,443_3160671_7_215,938.0,1002.0,Метро «Новослободская»,Проезд Энтузиастов
50,3160671,1,443_3160671_8_201,778.0,842.0,Метро «Новослободская»,Проезд Энтузиастов
50,3160671,1,443_3160671_8_203,799.0,863.0,Метро «Новослободская»,Проезд Энтузиастов
50,3160671,1,443_3160671_8_205,820.0,884.0,Метро «Новослободская»,Проезд Энтузиастов
50,3160671,1,443_3160671_8_207,839.0,903.0,Метро «Новослободская»,Проезд Энтузиастов
50,3160671,1,443_3160671_8_210,958.0,1022.0,Метро «Новослободская»,Проезд Энтузиастов
50,3160671,1,443_3160671_8_212,978.0,1042.0,Метро «Новослободская»,Проезд Энтузиастов
50,3160671,1,443_3160671_8_214,998.0,1062.0,Метро «Новослободская»,Проезд Энтузиастов
50,3160671,1,443_3160671_9_202,861.0,925.0,Метро «Новослободская»,Проезд Энтузиастов
50,3160671,1,443_3160671_9_204,884.0,948.0,Метро «Новослободская»,Проезд Энтузиастов
50,3160671,1,443_3160671_9_206,918.0,982.0,Метро «Новослободская»,Проезд Энтузиастов
50,3160671,1,443_3160671_9_209,1018.0,1082.0,Метро «Новослободская»,Проезд Энтузиастов
50,3160671,1,443_3160671_9_211,1040.0,1104.0,Метро «Новослободская»,Проезд Энтузиастов
50,3160671,1,443_3160671_9_213,1052.0,1116.0,Метро «Новослободская»,Проезд Энтузиастов
50,3160671,1,443_3160671_9_215,1084.0,1148.0,Метро «Новослободская»,Проезд Энтузиастов
