route;date;hour;prediction
1;2025-11-01;0;6
1;2025-11-01;1;0
1;2025-11-01;2;0
1;2025-11-01;3;0
1;2025-11-01;4;7
1;2025-11-01;5;133
1;2025-11-01;6;532
1;2025-11-01;7;1519
1;2025-11-01;8;1815
1;2025-11-01;9;1431
1;2025-11-01;10;1286
1;2025-11-01;11;1389
1;2025-11-01;12;1381
1;2025-11-01;13;1443
1;2025-11-01;14;1368
1;2025-11-01;15;1527
1;2025-11-01;16;1596
1;2025-11-01;17;1730
1;2025-11-01;18;1545
1;2025-11-01;19;1201
1;2025-11-01;20;809
1;2025-11-01;21;489
1;2025-11-01;22;254
1;2025-11-01;23;52
1;2025-11-02;0;0
1;2025-11-02;1;0
1;2025-11-02;2;0
1;2025-11-02;3;0
1;2025-11-02;4;0
1;2025-11-02;5;25
1;2025-11-02;6;130
1;2025-11-02;7;254
1;2025-11-02;8;361
1;2025-11-02;9;611
1;2025-11-02;10;710
1;2025-11-02;11;690
1;2025-11-02;12;869
1;2025-11-02;13;879
1;2025-11-02;14;792
1;2025-11-02;15;709
1;2025-11-02;16;643
1;2025-11-02;17;596
1;2025-11-02;18;550
1;2025-11-02;19;468
1;2025-11-02;20;357
1;2025-11-02;21;252
1;2025-11-02;22;105
1;2025-11-02;23;28
1;2025-11-03;0;0
1;2025-11-03;1;0
1;2025-11-03;2;0
1;2025-11-03;3;0
1;2025-11-03;4;0
1;2025-11-03;5;25
1;2025-11-03;6;130
1;2025-11-03;7;254
1;2025-11-03;8;361
1;2025-11-03;9;611
1;2025-11-03;10;710
1;2025-11-03;11;690
1;2025-11-03;12;869
1;2025-11-03;13;879
1;2025-11-03;14;792
1;2025-11-03;15;709
1;2025-11-03;16;643
1;2025-11-03;17;596
1;2025-11-03;18;550
1;2025-11-03;19;468
1;2025-11-03;20;357
1;2025-11-03;21;252
1;2025-11-03;22;105
1;2025-11-03;23;28
1;2025-11-04;0;0
1;2025-11-04;1;0
1;2025-11-04;2;0
1;2025-11-04;3;0
1;2025-11-04;4;0
1;2025-11-04;5;25
1;2025-11-04;6;130
1;2025-11-04;7;254
1;2025-11-04;8;361
1;2025-11-04;9;611
1;2025-11-04;10;710
1;2025-11-04;11;690
1;2025-11-04;12;869
1;2025-11-04;13;879
1;2025-11-04;14;792
1;2025-11-04;15;709
1;2025-11-04;16;643
1;2025-11-04;17;596
1;2025-11-04;18;550
1;2025-11-04;19;468
1;2025-11-04;20;357
1;2025-11-04;21;252
1;2025-11-04;22;105
1;2025-11-04;23;28
1;2025-11-05;0;4
1;2025-11-05;1;0
1;2025-11-05;2;0
1;2025-11-05;3;0
1;2025-11-05;4;8
1;2025-11-05;5;136
1;2025-11-05;6;559
1;2025-11-05;7;1526
1;2025-11-05;8;1889
1;2025-11-05;9;1467
1;2025-11-05;10;1294
1;2025-11-05;11;1330
1;2025-11-05;12;1369
1;2025-11-05;13;1419
1;2025-11-05;14;1359
1;2025-11-05;15;1538
1;2025-11-05;16;1473
1;2025-11-05;17;1781
1;2025-11-05;18;1775
1;2025-11-05;19;1410
1;2025-11-05;20;880
1;2025-11-05;21;465
1;2025-11-05;22;256
1;2025-11-05;23;47
1;2025-11-06;0;5
1;2025-11-06;1;0
1;2025-11-06;2;0
1;2025-11-06;3;0
1;2025-11-06;4;7
1;2025-11-06;5;124
1;2025-11-06;6;529
1;2025-11-06;7;1508
1;2025-11-06;8;1929
1;2025-11-06;9;1487
1;2025-11-06;10;1316
1;2025-11-06;11;1377
1;2025-11-06;12;1400
1;2025-11-06;13;1427
1;2025-11-06;14;1385
1;2025-11-06;15;1538
1;2025-11-06;16;1532
1;2025-11-06;17;1780
1;2025-11-06;18;1775
1;2025-11-06;19;1374
1;2025-11-06;20;883
1;2025-11-06;21;493
1;2025-11-06;22;241
1;2025-11-06;23;54
1;2025-11-07;0;6
1;2025-11-07;1;0
1;2025-11-07;2;0
1;2025-11-07;3;0
1;2025-11-07;4;7
1;2025-11-07;5;133
1;2025-11-07;6;532
1;2025-11-07;7;1519
1;2025-11-07;8;1815
1;2025-11-07;9;1431
1;2025-11-07;10;1286
1;2025-11-07;11;1389
1;2025-11-07;12;1381
1;2025-11-07;13;1443
1;2025-11-07;14;1368
1;2025-11-07;15;1527
1;2025-11-07;16;1596
1;2025-11-07;17;1730
1;2025-11-07;18;1545
1;2025-11-07;19;1201
1;2025-11-07;20;809
1;2025-11-07;21;489
1;2025-11-07;22;254
1;2025-11-07;23;52
1;2025-11-08;0;5
1;2025-11-08;1;0
1;2025-11-08;2;0
1;2025-11-08;3;0
1;2025-11-08;4;0
1;2025-11-08;5;29
1;2025-11-08;6;170
1;2025-11-08;7;339
1;2025-11-08;8;473
1;2025-11-08;9;731
1;2025-11-08;10;845
1;2025-11-08;11;777
1;2025-11-08;12;985
1;2025-11-08;13;1013
1;2025-11-08;14;956
1;2025-11-08;15;826
1;2025-11-08;16;763
1;2025-11-08;17;702
1;2025-11-08;18;617
1;2025-11-08;19;566
1;2025-11-08;20;418
1;2025-11-08;21;295
1;2025-11-08;22;137
1;2025-11-08;23;31
1;2025-11-09;0;0
1;2025-11-09;1;0
1;2025-11-09;2;0
1;2025-11-09;3;0
1;2025-11-09;4;0
1;2025-11-09;5;25
1;2025-11-09;6;130
1;2025-11-09;7;254
1;2025-11-09;8;361
1;2025-11-09;9;611
1;2025-11-09;10;710
1;2025-11-09;11;690
1;2025-11-09;12;869
1;2025-11-09;13;879
1;2025-11-09;14;792
1;2025-11-09;15;709
1;2025-11-09;16;643
1;2025-11-09;17;596
1;2025-11-09;18;550
1;2025-11-09;19;468
1;2025-11-09;20;357
1;2025-11-09;21;252
1;2025-11-09;22;105
1;2025-11-09;23;28
1;2025-11-10;0;0
1;2025-11-10;1;0
1;2025-11-10;2;0
1;2025-11-10;3;0
1;2025-11-10;4;8
1;2025-11-10;5;130
1;2025-11-10;6;549
1;2025-11-10;7;1483
1;2025-11-10;8;1860
1;2025-11-10;9;1383
1;2025-11-10;10;1220
1;2025-11-10;11;1260
1;2025-11-10;12;1336
1;2025-11-10;13;1328
1;2025-11-10;14;1282
1;2025-11-10;15;1458
1;2025-11-10;16;1497
1;2025-11-10;17;1762
1;2025-11-10;18;1863
1;2025-11-10;19;1432
1;2025-11-10;20;866
1;2025-11-10;21;453
1;2025-11-10;22;212
1;2025-11-10;23;42
1;2025-11-11;0;3
1;2025-11-11;1;0
1;2025-11-11;2;0
1;2025-11-11;3;0
1;2025-11-11;4;7
1;2025-11-11;5;136
1;2025-11-11;6;563
1;2025-11-11;7;1574
1;2025-11-11;8;1907
1;2025-11-11;9;1486
1;2025-11-11;10;1335
1;2025-11-11;11;1342
1;2025-11-11;12;1371
1;2025-11-11;13;1411
1;2025-11-11;14;1338
1;2025-11-11;15;1446
1;2025-11-11;16;1495
1;2025-11-11;17;1752
1;2025-11-11;18;1777
1;2025-11-11;19;1410
1;2025-11-11;20;914
1;2025-11-11;21;470
1;2025-11-11;22;234
1;2025-11-11;23;44
1;2025-11-12;0;4
1;2025-11-12;1;0
1;2025-11-12;2;0
1;2025-11-12;3;0
1;2025-11-12;4;8
1;2025-11-12;5;136
1;2025-11-12;6;559
1;2025-11-12;7;1526
1;2025-11-12;8;1889
1;2025-11-12;9;1467
1;2025-11-12;10;1294
1;2025-11-12;11;1330
1;2025-11-12;12;1369
1;2025-11-12;13;1419
1;2025-11-12;14;1359
1;2025-11-12;15;1538
1;2025-11-12;16;1473
1;2025-11-12;17;1781
1;2025-11-12;18;1775
1;2025-11-12;19;1410
1;2025-11-12;20;880
1;2025-11-12;21;465
1;2025-11-12;22;256
1;2025-11-12;23;47
1;2025-11-13;0;5
1;2025-11-13;1;0
1;2025-11-13;2;0
1;2025-11-13;3;0
1;2025-11-13;4;7
1;2025-11-13;5;124
1;2025-11-13;6;529
1;2025-11-13;7;1508
1;2025-11-13;8;1929
1;2025-11-13;9;1487
1;2025-11-13;10;1316
1;2025-11-13;11;1377
1;2025-11-13;12;1400
1;2025-11-13;13;1427
1;2025-11-13;14;1385
1;2025-11-13;15;1538
1;2025-11-13;16;1532
1;2025-11-13;17;1780
1;2025-11-13;18;1775
1;2025-11-13;19;1374
1;2025-11-13;20;883
1;2025-11-13;21;493
1;2025-11-13;22;241
1;2025-11-13;23;54
1;2025-11-14;0;6
1;2025-11-14;1;0
1;2025-11-14;2;0
1;2025-11-14;3;0
1;2025-11-14;4;7
1;2025-11-14;5;133
1;2025-11-14;6;532
1;2025-11-14;7;1519
1;2025-11-14;8;1815
1;2025-11-14;9;1431
1;2025-11-14;10;1286
1;2025-11-14;11;1389
1;2025-11-14;12;1381
1;2025-11-14;13;1443
1;2025-11-14;14;1368
1;2025-11-14;15;1527
1;2025-11-14;16;1596
1;2025-11-14;17;1730
1;2025-11-14;18;1545
1;2025-11-14;19;1201
1;2025-11-14;20;809
1;2025-11-14;21;489
1;2025-11-14;22;254
1;2025-11-14;23;52
1;2025-11-15;0;5
1;2025-11-15;1;0
1;2025-11-15;2;0
1;2025-11-15;3;0
1;2025-11-15;4;0
1;2025-11-15;5;29
1;2025-11-15;6;170
1;2025-11-15;7;339
1;2025-11-15;8;473
1;2025-11-15;9;731
1;2025-11-15;10;845
1;2025-11-15;11;777
1;2025-11-15;12;985
1;2025-11-15;13;1013
1;2025-11-15;14;956
1;2025-11-15;15;826
1;2025-11-15;16;763
1;2025-11-15;17;702
1;2025-11-15;18;617
1;2025-11-15;19;566
1;2025-11-15;20;418
1;2025-11-15;21;295
1;2025-11-15;22;137
1;2025-11-15;23;31
1;2025-11-16;0;0
1;2025-11-16;1;0
1;2025-11-16;2;0
1;2025-11-16;3;0
1;2025-11-16;4;0
1;2025-11-16;5;25
1;2025-11-16;6;130
1;2025-11-16;7;254
1;2025-11-16;8;361
1;2025-11-16;9;611
1;2025-11-16;10;710
1;2025-11-16;11;690
1;2025-11-16;12;869
1;2025-11-16;13;879
1;2025-11-16;14;792
1;2025-11-16;15;709
1;2025-11-16;16;643
1;2025-11-16;17;596
1;2025-11-16;18;550
1;2025-11-16;19;468
1;2025-11-16;20;357
1;2025-11-16;21;252
1;2025-11-16;22;105
1;2025-11-16;23;28
1;2025-11-17;0;0
1;2025-11-17;1;0
1;2025-11-17;2;0
1;2025-11-17;3;0
1;2025-11-17;4;8
1;2025-11-17;5;130
1;2025-11-17;6;549
1;2025-11-17;7;1483
1;2025-11-17;8;1860
1;2025-11-17;9;1383
1;2025-11-17;10;1220
1;2025-11-17;11;1260
1;2025-11-17;12;1336
1;2025-11-17;13;1328
1;2025-11-17;14;1282
1;2025-11-17;15;1458
1;2025-11-17;16;1497
1;2025-11-17;17;1762
1;2025-11-17;18;1863
1;2025-11-17;19;1432
1;2025-11-17;20;866
1;2025-11-17;21;453
1;2025-11-17;22;212
1;2025-11-17;23;42
1;2025-11-18;0;3
1;2025-11-18;1;0
1;2025-11-18;2;0
1;2025-11-18;3;0
1;2025-11-18;4;7
1;2025-11-18;5;136
1;2025-11-18;6;563
1;2025-11-18;7;1574
1;2025-11-18;8;1907
1;2025-11-18;9;1486
1;2025-11-18;10;1335
1;2025-11-18;11;1342
1;2025-11-18;12;1371
1;2025-11-18;13;1411
1;2025-11-18;14;1338
1;2025-11-18;15;1446
1;2025-11-18;16;1495
1;2025-11-18;17;1752
1;2025-11-18;18;1777
1;2025-11-18;19;1410
1;2025-11-18;20;914
1;2025-11-18;21;470
1;2025-11-18;22;234
1;2025-11-18;23;44
1;2025-11-19;0;4
1;2025-11-19;1;0
1;2025-11-19;2;0
1;2025-11-19;3;0
1;2025-11-19;4;8
1;2025-11-19;5;136
1;2025-11-19;6;559
1;2025-11-19;7;1526
1;2025-11-19;8;1889
1;2025-11-19;9;1467
1;2025-11-19;10;1294
1;2025-11-19;11;1330
1;2025-11-19;12;1369
1;2025-11-19;13;1419
1;2025-11-19;14;1359
1;2025-11-19;15;1538
1;2025-11-19;16;1473
1;2025-11-19;17;1781
1;2025-11-19;18;1775
1;2025-11-19;19;1410
1;2025-11-19;20;880
1;2025-11-19;21;465
1;2025-11-19;22;256
1;2025-11-19;23;47
1;2025-11-20;0;5
1;2025-11-20;1;0
1;2025-11-20;2;0
1;2025-11-20;3;0
1;2025-11-20;4;7
1;2025-11-20;5;124
1;2025-11-20;6;529
1;2025-11-20;7;1508
1;2025-11-20;8;1929
1;2025-11-20;9;1487
1;2025-11-20;10;1316
1;2025-11-20;11;1377
1;2025-11-20;12;1400
1;2025-11-20;13;1427
1;2025-11-20;14;1385
1;2025-11-20;15;1538
1;2025-11-20;16;1532
1;2025-11-20;17;1780
1;2025-11-20;18;1775
1;2025-11-20;19;1374
1;2025-11-20;20;883
1;2025-11-20;21;493
1;2025-11-20;22;241
1;2025-11-20;23;54
1;2025-11-21;0;6
1;2025-11-21;1;0
1;2025-11-21;2;0
1;2025-11-21;3;0
1;2025-11-21;4;7
1;2025-11-21;5;133
1;2025-11-21;6;532
1;2025-11-21;7;1519
1;2025-11-21;8;1815
1;2025-11-21;9;1431
1;2025-11-21;10;1286
1;2025-11-21;11;1389
1;2025-11-21;12;1381
1;2025-11-21;13;1443
1;2025-11-21;14;1368
1;2025-11-21;15;1527
1;2025-11-21;16;1596
1;2025-11-21;17;1730
1;2025-11-21;18;1545
1;2025-11-21;19;1201
1;2025-11-21;20;809
1;2025-11-21;21;489
1;2025-11-21;22;254
1;2025-11-21;23;52
1;2025-11-22;0;5
1;2025-11-22;1;0
1;2025-11-22;2;0
1;2025-11-22;3;0
1;2025-11-22;4;0
1;2025-11-22;5;29
1;2025-11-22;6;170
1;2025-11-22;7;339
1;2025-11-22;8;473
1;2025-11-22;9;731
1;2025-11-22;10;845
1;2025-11-22;11;777
1;2025-11-22;12;985
1;2025-11-22;13;1013
1;2025-11-22;14;956
1;2025-11-22;15;826
1;2025-11-22;16;763
1;2025-11-22;17;702
1;2025-11-22;18;617
1;2025-11-22;19;566
1;2025-11-22;20;418
1;2025-11-22;21;295
1;2025-11-22;22;137
1;2025-11-22;23;31
1;2025-11-23;0;0
1;2025-11-23;1;0
1;2025-11-23;2;0
1;2025-11-23;3;0
1;2025-11-23;4;0
1;2025-11-23;5;25
1;2025-11-23;6;130
1;2025-11-23;7;254
1;2025-11-23;8;361
1;2025-11-23;9;611
1;2025-11-23;10;710
1;2025-11-23;11;690
1;2025-11-23;12;869
1;2025-11-23;13;879
1;2025-11-23;14;792
1;2025-11-23;15;709
1;2025-11-23;16;643
1;2025-11-23;17;596
1;2025-11-23;18;550
1;2025-11-23;19;468
1;2025-11-23;20;357
1;2025-11-23;21;252
1;2025-11-23;22;105
1;2025-11-23;23;28
1;2025-11-24;0;0
1;2025-11-24;1;0
1;2025-11-24;2;0
1;2025-11-24;3;0
1;2025-11-24;4;8
1;2025-11-24;5;130
1;2025-11-24;6;549
1;2025-11-24;7;1483
1;2025-11-24;8;1860
1;2025-11-24;9;1383
1;2025-11-24;10;1220
1;2025-11-24;11;1260
1;2025-11-24;12;1336
1;2025-11-24;13;1328
1;2025-11-24;14;1282
1;2025-11-24;15;1458
1;2025-11-24;16;1497
1;2025-11-24;17;1762
1;2025-11-24;18;1863
1;2025-11-24;19;1432
1;2025-11-24;20;866
1;2025-11-24;21;453
1;2025-11-24;22;212
1;2025-11-24;23;42
1;2025-11-25;0;3
1;2025-11-25;1;0
1;2025-11-25;2;0
1;2025-11-25;3;0
1;2025-11-25;4;7
1;2025-11-25;5;136
1;2025-11-25;6;563
1;2025-11-25;7;1574
1;2025-11-25;8;1907
1;2025-11-25;9;1486
1;2025-11-25;10;1335
1;2025-11-25;11;1342
1;2025-11-25;12;1371
1;2025-11-25;13;1411
1;2025-11-25;14;1338
1;2025-11-25;15;1446
1;2025-11-25;16;1495
1;2025-11-25;17;1752
1;2025-11-25;18;1777
1;2025-11-25;19;1410
1;2025-11-25;20;914
1;2025-11-25;21;470
1;2025-11-25;22;234
1;2025-11-25;23;44
1;2025-11-26;0;4
1;2025-11-26;1;0
1;2025-11-26;2;0
1;2025-11-26;3;0
1;2025-11-26;4;8
1;2025-11-26;5;136
1;2025-11-26;6;559
1;2025-11-26;7;1526
1;2025-11-26;8;1889
1;2025-11-26;9;1467
1;2025-11-26;10;1294
1;2025-11-26;11;1330
1;2025-11-26;12;1369
1;2025-11-26;13;1419
1;2025-11-26;14;1359
1;2025-11-26;15;1538
1;2025-11-26;16;1473
1;2025-11-26;17;1781
1;2025-11-26;18;1775
1;2025-11-26;19;1410
1;2025-11-26;20;880
1;2025-11-26;21;465
1;2025-11-26;22;256
1;2025-11-26;23;47
1;2025-11-27;0;5
1;2025-11-27;1;0
1;2025-11-27;2;0
1;2025-11-27;3;0
1;2025-11-27;4;7
1;2025-11-27;5;124
1;2025-11-27;6;529
1;2025-11-27;7;1508
1;2025-11-27;8;1929
1;2025-11-27;9;1487
1;2025-11-27;10;1316
1;2025-11-27;11;1377
1;2025-11-27;12;1400
1;2025-11-27;13;1427
1;2025-11-27;14;1385
1;2025-11-27;15;1538
1;2025-11-27;16;1532
1;2025-11-27;17;1780
1;2025-11-27;18;1775
1;2025-11-27;19;1374
1;2025-11-27;20;883
1;2025-11-27;21;493
1;2025-11-27;22;241
1;2025-11-27;23;54
1;2025-11-28;0;6
1;2025-11-28;1;0
1;2025-11-28;2;0
1;2025-11-28;3;0
1;2025-11-28;4;7
1;2025-11-28;5;133
1;2025-11-28;6;532
1;2025-11-28;7;1519
1;2025-11-28;8;1815
1;2025-11-28;9;1431
1;2025-11-28;10;1286
1;2025-11-28;11;1389
1;2025-11-28;12;1381
1;2025-11-28;13;1443
1;2025-11-28;14;1368
1;2025-11-28;15;1527
1;2025-11-28;16;1596
1;2025-11-28;17;1730
1;2025-11-28;18;1545
1;2025-11-28;19;1201
1;2025-11-28;20;809
1;2025-11-28;21;489
1;2025-11-28;22;254
1;2025-11-28;23;52
1;2025-11-29;0;5
1;2025-11-29;1;0
1;2025-11-29;2;0
1;2025-11-29;3;0
1;2025-11-29;4;0
1;2025-11-29;5;29
1;2025-11-29;6;170
1;2025-11-29;7;339
1;2025-11-29;8;473
1;2025-11-29;9;731
1;2025-11-29;10;845
1;2025-11-29;11;777
1;2025-11-29;12;985
1;2025-11-29;13;1013
1;2025-11-29;14;956
1;2025-11-29;15;826
1;2025-11-29;16;763
1;2025-11-29;17;702
1;2025-11-29;18;617
1;2025-11-29;19;566
1;2025-11-29;20;418
1;2025-11-29;21;295
1;2025-11-29;22;137
1;2025-11-29;23;31
1;2025-11-30;0;0
1;2025-11-30;1;0
1;2025-11-30;2;0
1;2025-11-30;3;0
1;2025-11-30;4;0
1;2025-11-30;5;25
1;2025-11-30;6;130
1;2025-11-30;7;254
1;2025-11-30;8;361
1;2025-11-30;9;611
1;2025-11-30;10;710
1;2025-11-30;11;690
1;2025-11-30;12;869
1;2025-11-30;13;879
1;2025-11-30;14;792
1;2025-11-30;15;709
1;2025-11-30;16;643
1;2025-11-30;17;596
1;2025-11-30;18;550
1;2025-11-30;19;468
1;2025-11-30;20;357
1;2025-11-30;21;252
1;2025-11-30;22;105
1;2025-11-30;23;28
1;2025-12-01;0;0
1;2025-12-01;1;0
1;2025-12-01;2;0
1;2025-12-01;3;0
1;2025-12-01;4;8
1;2025-12-01;5;130
1;2025-12-01;6;549
1;2025-12-01;7;1483
1;2025-12-01;8;1860
1;2025-12-01;9;1383
1;2025-12-01;10;1220
1;2025-12-01;11;1260
1;2025-12-01;12;1336
1;2025-12-01;13;1328
1;2025-12-01;14;1282
1;2025-12-01;15;1458
1;2025-12-01;16;1497
1;2025-12-01;17;1762
1;2025-12-01;18;1863
1;2025-12-01;19;1432
1;2025-12-01;20;866
1;2025-12-01;21;453
1;2025-12-01;22;212
1;2025-12-01;23;42
1;2025-12-02;0;3
1;2025-12-02;1;0
1;2025-12-02;2;0
1;2025-12-02;3;0
1;2025-12-02;4;7
1;2025-12-02;5;136
1;2025-12-02;6;563
1;2025-12-02;7;1574
1;2025-12-02;8;1907
1;2025-12-02;9;1486
1;2025-12-02;10;1335
1;2025-12-02;11;1342
1;2025-12-02;12;1371
1;2025-12-02;13;1411
1;2025-12-02;14;1338
1;2025-12-02;15;1446
1;2025-12-02;16;1495
1;2025-12-02;17;1752
1;2025-12-02;18;1777
1;2025-12-02;19;1410
1;2025-12-02;20;914
1;2025-12-02;21;470
1;2025-12-02;22;234
1;2025-12-02;23;44
1;2025-12-03;0;4
1;2025-12-03;1;0
1;2025-12-03;2;0
1;2025-12-03;3;0
1;2025-12-03;4;8
1;2025-12-03;5;136
1;2025-12-03;6;559
1;2025-12-03;7;1526
1;2025-12-03;8;1889
1;2025-12-03;9;1467
1;2025-12-03;10;1294
1;2025-12-03;11;1330
1;2025-12-03;12;1369
1;2025-12-03;13;1419
1;2025-12-03;14;1359
1;2025-12-03;15;1538
1;2025-12-03;16;1473
1;2025-12-03;17;1781
1;2025-12-03;18;1775
1;2025-12-03;19;1410
1;2025-12-03;20;880
1;2025-12-03;21;465
1;2025-12-03;22;256
1;2025-12-03;23;47
1;2025-12-04;0;5
1;2025-12-04;1;0
1;2025-12-04;2;0
1;2025-12-04;3;0
1;2025-12-04;4;7
1;2025-12-04;5;124
1;2025-12-04;6;529
1;2025-12-04;7;1508
1;2025-12-04;8;1929
1;2025-12-04;9;1487
1;2025-12-04;10;1316
1;2025-12-04;11;1377
1;2025-12-04;12;1400
1;2025-12-04;13;1427
1;2025-12-04;14;1385
1;2025-12-04;15;1538
1;2025-12-04;16;1532
1;2025-12-04;17;1780
1;2025-12-04;18;1775
1;2025-12-04;19;1374
1;2025-12-04;20;883
1;2025-12-04;21;493
1;2025-12-04;22;241
1;2025-12-04;23;54
1;2025-12-05;0;6
1;2025-12-05;1;0
1;2025-12-05;2;0
1;2025-12-05;3;0
1;2025-12-05;4;7
1;2025-12-05;5;133
1;2025-12-05;6;532
1;2025-12-05;7;1519
1;2025-12-05;8;1815
1;2025-12-05;9;1431
1;2025-12-05;10;1286
1;2025-12-05;11;1389
1;2025-12-05;12;1381
1;2025-12-05;13;1443
1;2025-12-05;14;1368
1;2025-12-05;15;1527
1;2025-12-05;16;1596
1;2025-12-05;17;1730
1;2025-12-05;18;1545
1;2025-12-05;19;1201
1;2025-12-05;20;809
1;2025-12-05;21;489
1;2025-12-05;22;254
1;2025-12-05;23;52
1;2025-12-06;0;5
1;2025-12-06;1;0
1;2025-12-06;2;0
1;2025-12-06;3;0
1;2025-12-06;4;0
1;2025-12-06;5;29
1;2025-12-06;6;170
1;2025-12-06;7;339
1;2025-12-06;8;473
1;2025-12-06;9;731
1;2025-12-06;10;845
1;2025-12-06;11;777
1;2025-12-06;12;985
1;2025-12-06;13;1013
1;2025-12-06;14;956
1;2025-12-06;15;826
1;2025-12-06;16;763
1;2025-12-06;17;702
1;2025-12-06;18;617
1;2025-12-06;19;566
1;2025-12-06;20;418
1;2025-12-06;21;295
1;2025-12-06;22;137
1;2025-12-06;23;31
1;2025-12-07;0;0
1;2025-12-07;1;0
1;2025-12-07;2;0
1;2025-12-07;3;0
1;2025-12-07;4;0
1;2025-12-07;5;25
1;2025-12-07;6;130
1;2025-12-07;7;254
1;2025-12-07;8;361
1;2025-12-07;9;611
1;2025-12-07;10;710
1;2025-12-07;11;690
1;2025-12-07;12;869
1;2025-12-07;13;879
1;2025-12-07;14;792
1;2025-12-07;15;709
1;2025-12-07;16;643
1;2025-12-07;17;596
1;2025-12-07;18;550
1;2025-12-07;19;468
1;2025-12-07;20;357
1;2025-12-07;21;252
1;2025-12-07;22;105
1;2025-12-07;23;28
1;2025-12-08;0;0
1;2025-12-08;1;0
1;2025-12-08;2;0
1;2025-12-08;3;0
1;2025-12-08;4;8
1;2025-12-08;5;130
1;2025-12-08;6;549
1;2025-12-08;7;1483
1;2025-12-08;8;1860
1;2025-12-08;9;1383
1;2025-12-08;10;1220
1;2025-12-08;11;1260
1;2025-12-08;12;1336
1;2025-12-08;13;1328
1;2025-12-08;14;1282
1;2025-12-08;15;1458
1;2025-12-08;16;1497
1;2025-12-08;17;1762
1;2025-12-08;18;1863
1;2025-12-08;19;1432
1;2025-12-08;20;866
1;2025-12-08;21;453
1;2025-12-08;22;212
1;2025-12-08;23;42
1;2025-12-09;0;3
1;2025-12-09;1;0
1;2025-12-09;2;0
1;2025-12-09;3;0
1;2025-12-09;4;7
1;2025-12-09;5;136
1;2025-12-09;6;563
1;2025-12-09;7;1574
1;2025-12-09;8;1907
1;2025-12-09;9;1486
1;2025-12-09;10;1335
1;2025-12-09;11;1342
1;2025-12-09;12;1371
1;2025-12-09;13;1411
1;2025-12-09;14;1338
1;2025-12-09;15;1446
1;2025-12-09;16;1495
1;2025-12-09;17;1752
1;2025-12-09;18;1777
1;2025-12-09;19;1410
1;2025-12-09;20;914
1;2025-12-09;21;470
1;2025-12-09;22;234
1;2025-12-09;23;44
1;2025-12-10;0;4
1;2025-12-10;1;0
1;2025-12-10;2;0
1;2025-12-10;3;0
1;2025-12-10;4;8
1;2025-12-10;5;136
1;2025-12-10;6;559
1;2025-12-10;7;1526
1;2025-12-10;8;1889
1;2025-12-10;9;1467
1;2025-12-10;10;1294
1;2025-12-10;11;1330
1;2025-12-10;12;1369
1;2025-12-10;13;1419
1;2025-12-10;14;1359
1;2025-12-10;15;1538
1;2025-12-10;16;1473
1;2025-12-10;17;1781
1;2025-12-10;18;1775
1;2025-12-10;19;1410
1;2025-12-10;20;880
1;2025-12-10;21;465
1;2025-12-10;22;256
1;2025-12-10;23;47
1;2025-12-11;0;5
1;2025-12-11;1;0
1;2025-12-11;2;0
1;2025-12-11;3;0
1;2025-12-11;4;7
1;2025-12-11;5;124
1;2025-12-11;6;529
1;2025-12-11;7;1508
1;2025-12-11;8;1929
1;2025-12-11;9;1487
1;2025-12-11;10;1316
1;2025-12-11;11;1377
1;2025-12-11;12;1400
1;2025-12-11;13;1427
1;2025-12-11;14;1385
1;2025-12-11;15;1538
1;2025-12-11;16;1532
1;2025-12-11;17;1780
1;2025-12-11;18;1775
1;2025-12-11;19;1374
1;2025-12-11;20;883
1;2025-12-11;21;493
1;2025-12-11;22;241
1;2025-12-11;23;54
1;2025-12-12;0;6
1;2025-12-12;1;0
1;2025-12-12;2;0
1;2025-12-12;3;0
1;2025-12-12;4;7
1;2025-12-12;5;133
1;2025-12-12;6;532
1;2025-12-12;7;1519
1;2025-12-12;8;1815
1;2025-12-12;9;1431
1;2025-12-12;10;1286
1;2025-12-12;11;1389
1;2025-12-12;12;1381
1;2025-12-12;13;1443
1;2025-12-12;14;1368
1;2025-12-12;15;1527
1;2025-12-12;16;1596
1;2025-12-12;17;1730
1;2025-12-12;18;1545
1;2025-12-12;19;1201
1;2025-12-12;20;809
1;2025-12-12;21;489
1;2025-12-12;22;254
1;2025-12-12;23;52
1;2025-12-13;0;5
1;2025-12-13;1;0
1;2025-12-13;2;0
1;2025-12-13;3;0
1;2025-12-13;4;0
1;2025-12-13;5;29
1;2025-12-13;6;170
1;2025-12-13;7;339
1;2025-12-13;8;473
1;2025-12-13;9;731
1;2025-12-13;10;845
1;2025-12-13;11;777
1;2025-12-13;12;985
1;2025-12-13;13;1013
1;2025-12-13;14;956
1;2025-12-13;15;826
1;2025-12-13;16;763
1;2025-12-13;17;702
1;2025-12-13;18;617
1;2025-12-13;19;566
1;2025-12-13;20;418
1;2025-12-13;21;295
1;2025-12-13;22;137
1;2025-12-13;23;31
1;2025-12-14;0;0
1;2025-12-14;1;0
1;2025-12-14;2;0
1;2025-12-14;3;0
1;2025-12-14;4;0
1;2025-12-14;5;25
1;2025-12-14;6;130
1;2025-12-14;7;254
1;2025-12-14;8;361
1;2025-12-14;9;611
1;2025-12-14;10;710
1;2025-12-14;11;690
1;2025-12-14;12;869
1;2025-12-14;13;879
1;2025-12-14;14;792
1;2025-12-14;15;709
1;2025-12-14;16;643
1;2025-12-14;17;596
1;2025-12-14;18;550
1;2025-12-14;19;468
1;2025-12-14;20;357
1;2025-12-14;21;252
1;2025-12-14;22;105
1;2025-12-14;23;28
1;2025-12-15;0;0
1;2025-12-15;1;0
1;2025-12-15;2;0
1;2025-12-15;3;0
1;2025-12-15;4;8
1;2025-12-15;5;130
1;2025-12-15;6;549
1;2025-12-15;7;1483
1;2025-12-15;8;1860
1;2025-12-15;9;1383
1;2025-12-15;10;1220
1;2025-12-15;11;1260
1;2025-12-15;12;1336
1;2025-12-15;13;1328
1;2025-12-15;14;1282
1;2025-12-15;15;1458
1;2025-12-15;16;1497
1;2025-12-15;17;1762
1;2025-12-15;18;1863
1;2025-12-15;19;1432
1;2025-12-15;20;866
1;2025-12-15;21;453
1;2025-12-15;22;212
1;2025-12-15;23;42
1;2025-12-16;0;3
1;2025-12-16;1;0
1;2025-12-16;2;0
1;2025-12-16;3;0
1;2025-12-16;4;7
1;2025-12-16;5;136
1;2025-12-16;6;563
1;2025-12-16;7;1574
1;2025-12-16;8;1907
1;2025-12-16;9;1486
1;2025-12-16;10;1335
1;2025-12-16;11;1342
1;2025-12-16;12;1371
1;2025-12-16;13;1411
1;2025-12-16;14;1338
1;2025-12-16;15;1446
1;2025-12-16;16;1495
1;2025-12-16;17;1752
1;2025-12-16;18;1777
1;2025-12-16;19;1410
1;2025-12-16;20;914
1;2025-12-16;21;470
1;2025-12-16;22;234
1;2025-12-16;23;44
1;2025-12-17;0;4
1;2025-12-17;1;0
1;2025-12-17;2;0
1;2025-12-17;3;0
1;2025-12-17;4;8
1;2025-12-17;5;136
1;2025-12-17;6;559
1;2025-12-17;7;1526
1;2025-12-17;8;1889
1;2025-12-17;9;1467
1;2025-12-17;10;1294
1;2025-12-17;11;1330
1;2025-12-17;12;1369
1;2025-12-17;13;1419
1;2025-12-17;14;1359
1;2025-12-17;15;1538
1;2025-12-17;16;1473
1;2025-12-17;17;1781
1;2025-12-17;18;1775
1;2025-12-17;19;1410
1;2025-12-17;20;880
1;2025-12-17;21;465
1;2025-12-17;22;256
1;2025-12-17;23;47
1;2025-12-18;0;5
1;2025-12-18;1;0
1;2025-12-18;2;0
1;2025-12-18;3;0
1;2025-12-18;4;7
1;2025-12-18;5;124
1;2025-12-18;6;529
1;2025-12-18;7;1508
1;2025-12-18;8;1929
1;2025-12-18;9;1487
1;2025-12-18;10;1316
1;2025-12-18;11;1377
1;2025-12-18;12;1400
1;2025-12-18;13;1427
1;2025-12-18;14;1385
1;2025-12-18;15;1538
1;2025-12-18;16;1532
1;2025-12-18;17;1780
1;2025-12-18;18;1775
1;2025-12-18;19;1374
1;2025-12-18;20;883
1;2025-12-18;21;493
1;2025-12-18;22;241
1;2025-12-18;23;54
1;2025-12-19;0;6
1;2025-12-19;1;0
1;2025-12-19;2;0
1;2025-12-19;3;0
1;2025-12-19;4;7
1;2025-12-19;5;133
1;2025-12-19;6;532
1;2025-12-19;7;1519
1;2025-12-19;8;1815
1;2025-12-19;9;1431
1;2025-12-19;10;1286
1;2025-12-19;11;1389
1;2025-12-19;12;1381
1;2025-12-19;13;1443
1;2025-12-19;14;1368
1;2025-12-19;15;1527
1;2025-12-19;16;1596
1;2025-12-19;17;1730
1;2025-12-19;18;1545
1;2025-12-19;19;1201
1;2025-12-19;20;809
1;2025-12-19;21;489
1;2025-12-19;22;254
1;2025-12-19;23;52
1;2025-12-20;0;5
1;2025-12-20;1;0
1;2025-12-20;2;0
1;2025-12-20;3;0
1;2025-12-20;4;0
1;2025-12-20;5;29
1;2025-12-20;6;170
1;2025-12-20;7;339
1;2025-12-20;8;473
1;2025-12-20;9;731
1;2025-12-20;10;845
1;2025-12-20;11;777
1;2025-12-20;12;985
1;2025-12-20;13;1013
1;2025-12-20;14;956
1;2025-12-20;15;826
1;2025-12-20;16;763
1;2025-12-20;17;702
1;2025-12-20;18;617
1;2025-12-20;19;566
1;2025-12-20;20;418
1;2025-12-20;21;295
1;2025-12-20;22;137
1;2025-12-20;23;31
1;2025-12-21;0;0
1;2025-12-21;1;0
1;2025-12-21;2;0
1;2025-12-21;3;0
1;2025-12-21;4;0
1;2025-12-21;5;25
1;2025-12-21;6;130
1;2025-12-21;7;254
1;2025-12-21;8;361
1;2025-12-21;9;611
1;2025-12-21;10;710
1;2025-12-21;11;690
1;2025-12-21;12;869
1;2025-12-21;13;879
1;2025-12-21;14;792
1;2025-12-21;15;709
1;2025-12-21;16;643
1;2025-12-21;17;596
1;2025-12-21;18;550
1;2025-12-21;19;468
1;2025-12-21;20;357
1;2025-12-21;21;252
1;2025-12-21;22;105
1;2025-12-21;23;28
1;2025-12-22;0;0
1;2025-12-22;1;0
1;2025-12-22;2;0
1;2025-12-22;3;0
1;2025-12-22;4;8
1;2025-12-22;5;130
1;2025-12-22;6;549
1;2025-12-22;7;1483
1;2025-12-22;8;1860
1;2025-12-22;9;1383
1;2025-12-22;10;1220
1;2025-12-22;11;1260
1;2025-12-22;12;1336
1;2025-12-22;13;1328
1;2025-12-22;14;1282
1;2025-12-22;15;1458
1;2025-12-22;16;1497
1;2025-12-22;17;1762
1;2025-12-22;18;1863
1;2025-12-22;19;1432
1;2025-12-22;20;866
1;2025-12-22;21;453
1;2025-12-22;22;212
1;2025-12-22;23;42
1;2025-12-23;0;3
1;2025-12-23;1;0
1;2025-12-23;2;0
1;2025-12-23;3;0
1;2025-12-23;4;7
1;2025-12-23;5;136
1;2025-12-23;6;563
1;2025-12-23;7;1574
1;2025-12-23;8;1907
1;2025-12-23;9;1486
1;2025-12-23;10;1335
1;2025-12-23;11;1342
1;2025-12-23;12;1371
1;2025-12-23;13;1411
1;2025-12-23;14;1338
1;2025-12-23;15;1446
1;2025-12-23;16;1495
1;2025-12-23;17;1752
1;2025-12-23;18;1777
1;2025-12-23;19;1410
1;2025-12-23;20;914
1;2025-12-23;21;470
1;2025-12-23;22;234
1;2025-12-23;23;44
1;2025-12-24;0;4
1;2025-12-24;1;0
1;2025-12-24;2;0
1;2025-12-24;3;0
1;2025-12-24;4;8
1;2025-12-24;5;136
1;2025-12-24;6;559
1;2025-12-24;7;1526
1;2025-12-24;8;1889
1;2025-12-24;9;1467
1;2025-12-24;10;1294
1;2025-12-24;11;1330
1;2025-12-24;12;1369
1;2025-12-24;13;1419
1;2025-12-24;14;1359
1;2025-12-24;15;1538
1;2025-12-24;16;1473
1;2025-12-24;17;1781
1;2025-12-24;18;1775
1;2025-12-24;19;1410
1;2025-12-24;20;880
1;2025-12-24;21;465
1;2025-12-24;22;256
1;2025-12-24;23;47
1;2025-12-25;0;5
1;2025-12-25;1;0
1;2025-12-25;2;0
1;2025-12-25;3;0
1;2025-12-25;4;7
1;2025-12-25;5;124
1;2025-12-25;6;529
1;2025-12-25;7;1508
1;2025-12-25;8;1929
1;2025-12-25;9;1487
1;2025-12-25;10;1316
1;2025-12-25;11;1377
1;2025-12-25;12;1400
1;2025-12-25;13;1427
1;2025-12-25;14;1385
1;2025-12-25;15;1538
1;2025-12-25;16;1532
1;2025-12-25;17;1780
1;2025-12-25;18;1775
1;2025-12-25;19;1374
1;2025-12-25;20;883
1;2025-12-25;21;493
1;2025-12-25;22;241
1;2025-12-25;23;54
1;2025-12-26;0;6
1;2025-12-26;1;0
1;2025-12-26;2;0
1;2025-12-26;3;0
1;2025-12-26;4;7
1;2025-12-26;5;133
1;2025-12-26;6;532
1;2025-12-26;7;1519
1;2025-12-26;8;1815
1;2025-12-26;9;1431
1;2025-12-26;10;1286
1;2025-12-26;11;1389
1;2025-12-26;12;1381
1;2025-12-26;13;1443
1;2025-12-26;14;1368
1;2025-12-26;15;1527
1;2025-12-26;16;1596
1;2025-12-26;17;1730
1;2025-12-26;18;1545
1;2025-12-26;19;1201
1;2025-12-26;20;809
1;2025-12-26;21;489
1;2025-12-26;22;254
1;2025-12-26;23;52
1;2025-12-27;0;5
1;2025-12-27;1;0
1;2025-12-27;2;0
1;2025-12-27;3;0
1;2025-12-27;4;0
1;2025-12-27;5;29
1;2025-12-27;6;170
1;2025-12-27;7;339
1;2025-12-27;8;473
1;2025-12-27;9;731
1;2025-12-27;10;845
1;2025-12-27;11;777
1;2025-12-27;12;985
1;2025-12-27;13;1013
1;2025-12-27;14;956
1;2025-12-27;15;826
1;2025-12-27;16;763
1;2025-12-27;17;702
1;2025-12-27;18;617
1;2025-12-27;19;566
1;2025-12-27;20;418
1;2025-12-27;21;295
1;2025-12-27;22;137
1;2025-12-27;23;31
1;2025-12-28;0;0
1;2025-12-28;1;0
1;2025-12-28;2;0
1;2025-12-28;3;0
1;2025-12-28;4;0
1;2025-12-28;5;25
1;2025-12-28;6;130
1;2025-12-28;7;254
1;2025-12-28;8;361
1;2025-12-28;9;611
1;2025-12-28;10;710
1;2025-12-28;11;690
1;2025-12-28;12;869
1;2025-12-28;13;879
1;2025-12-28;14;792
1;2025-12-28;15;709
1;2025-12-28;16;643
1;2025-12-28;17;596
1;2025-12-28;18;550
1;2025-12-28;19;468
1;2025-12-28;20;357
1;2025-12-28;21;252
1;2025-12-28;22;105
1;2025-12-28;23;28
1;2025-12-29;0;0
1;2025-12-29;1;0
1;2025-12-29;2;0
1;2025-12-29;3;0
1;2025-12-29;4;8
1;2025-12-29;5;130
1;2025-12-29;6;549
1;2025-12-29;7;1483
1;2025-12-29;8;1860
1;2025-12-29;9;1383
1;2025-12-29;10;1220
1;2025-12-29;11;1260
1;2025-12-29;12;1336
1;2025-12-29;13;1328
1;2025-12-29;14;1282
1;2025-12-29;15;1458
1;2025-12-29;16;1497
1;2025-12-29;17;1762
1;2025-12-29;18;1863
1;2025-12-29;19;1432
1;2025-12-29;20;866
1;2025-12-29;21;453
1;2025-12-29;22;212
1;2025-12-29;23;42
1;2025-12-30;0;3
1;2025-12-30;1;0
1;2025-12-30;2;0
1;2025-12-30;3;0
1;2025-12-30;4;7
1;2025-12-30;5;136
1;2025-12-30;6;563
1;2025-12-30;7;1574
1;2025-12-30;8;1907
1;2025-12-30;9;1486
1;2025-12-30;10;1335
1;2025-12-30;11;1342
1;2025-12-30;12;1371
1;2025-12-30;13;1411
1;2025-12-30;14;1338
1;2025-12-30;15;1446
1;2025-12-30;16;1495
1;2025-12-30;17;1752
1;2025-12-30;18;1777
1;2025-12-30;19;1410
1;2025-12-30;20;914
1;2025-12-30;21;470
1;2025-12-30;22;234
1;2025-12-30;23;44
1;2025-12-31;0;0
1;2025-12-31;1;0
1;2025-12-31;2;0
1;2025-12-31;3;0
1;2025-12-31;4;0
1;2025-12-31;5;25
1;2025-12-31;6;130
1;2025-12-31;7;254
1;2025-12-31;8;361
1;2025-12-31;9;611
1;2025-12-31;10;710
1;2025-12-31;11;690
1;2025-12-31;12;869
1;2025-12-31;13;879
1;2025-12-31;14;792
1;2025-12-31;15;709
1;2025-12-31;16;643
1;2025-12-31;17;596
1;2025-12-31;18;550
1;2025-12-31;19;468
1;2025-12-31;20;357
1;2025-12-31;21;252
1;2025-12-31;22;105
1;2025-12-31;23;28
5;2025-11-01;0;0
5;2025-11-01;1;0
5;2025-11-01;2;0
5;2025-11-01;3;0
5;2025-11-01;4;0
5;2025-11-01;5;0
5;2025-11-01;6;0
5;2025-11-01;7;0
5;2025-11-01;8;0
5;2025-11-01;9;0
5;2025-11-01;10;0
5;2025-11-01;11;0
5;2025-11-01;12;0
5;2025-11-01;13;0
5;2025-11-01;14;0
5;2025-11-01;15;0
5;2025-11-01;16;0
5;2025-11-01;17;0
5;2025-11-01;18;0
5;2025-11-01;19;0
5;2025-11-01;20;0
5;2025-11-01;21;0
5;2025-11-01;22;0
5;2025-11-01;23;0
5;2025-11-02;0;0
5;2025-11-02;1;0
5;2025-11-02;2;0
5;2025-11-02;3;0
5;2025-11-02;4;0
5;2025-11-02;5;0
5;2025-11-02;6;0
5;2025-11-02;7;0
5;2025-11-02;8;0
5;2025-11-02;9;0
5;2025-11-02;10;0
5;2025-11-02;11;0
5;2025-11-02;12;0
5;2025-11-02;13;0
5;2025-11-02;14;0
5;2025-11-02;15;0
5;2025-11-02;16;0
5;2025-11-02;17;0
5;2025-11-02;18;0
5;2025-11-02;19;0
5;2025-11-02;20;0
5;2025-11-02;21;0
5;2025-11-02;22;0
5;2025-11-02;23;0
5;2025-11-03;0;0
5;2025-11-03;1;0
5;2025-11-03;2;0
5;2025-11-03;3;0
5;2025-11-03;4;0
5;2025-11-03;5;0
5;2025-11-03;6;0
5;2025-11-03;7;0
5;2025-11-03;8;0
5;2025-11-03;9;0
5;2025-11-03;10;0
5;2025-11-03;11;0
5;2025-11-03;12;0
5;2025-11-03;13;0
5;2025-11-03;14;0
5;2025-11-03;15;0
5;2025-11-03;16;0
5;2025-11-03;17;0
5;2025-11-03;18;0
5;2025-11-03;19;0
5;2025-11-03;20;0
5;2025-11-03;21;0
5;2025-11-03;22;0
5;2025-11-03;23;0
5;2025-11-04;0;0
5;2025-11-04;1;0
5;2025-11-04;2;0
5;2025-11-04;3;0
5;2025-11-04;4;0
5;2025-11-04;5;0
5;2025-11-04;6;0
5;2025-11-04;7;0
5;2025-11-04;8;0
5;2025-11-04;9;0
5;2025-11-04;10;0
5;2025-11-04;11;0
5;2025-11-04;12;0
5;2025-11-04;13;0
5;2025-11-04;14;0
5;2025-11-04;15;0
5;2025-11-04;16;0
5;2025-11-04;17;0
5;2025-11-04;18;0
5;2025-11-04;19;0
5;2025-11-04;20;0
5;2025-11-04;21;0
5;2025-11-04;22;0
5;2025-11-04;23;0
5;2025-11-05;0;0
5;2025-11-05;1;0
5;2025-11-05;2;0
5;2025-11-05;3;0
5;2025-11-05;4;0
5;2025-11-05;5;0
5;2025-11-05;6;0
5;2025-11-05;7;0
5;2025-11-05;8;0
5;2025-11-05;9;0
5;2025-11-05;10;0
5;2025-11-05;11;0
5;2025-11-05;12;0
5;2025-11-05;13;0
5;2025-11-05;14;0
5;2025-11-05;15;0
5;2025-11-05;16;0
5;2025-11-05;17;0
5;2025-11-05;18;0
5;2025-11-05;19;0
5;2025-11-05;20;0
5;2025-11-05;21;0
5;2025-11-05;22;0
5;2025-11-05;23;0
5;2025-11-06;0;0
5;2025-11-06;1;0
5;2025-11-06;2;0
5;2025-11-06;3;0
5;2025-11-06;4;0
5;2025-11-06;5;0
5;2025-11-06;6;0
5;2025-11-06;7;0
5;2025-11-06;8;0
5;2025-11-06;9;0
5;2025-11-06;10;0
5;2025-11-06;11;0
5;2025-11-06;12;0
5;2025-11-06;13;0
5;2025-11-06;14;0
5;2025-11-06;15;0
5;2025-11-06;16;0
5;2025-11-06;17;0
5;2025-11-06;18;0
5;2025-11-06;19;0
5;2025-11-06;20;0
5;2025-11-06;21;0
5;2025-11-06;22;0
5;2025-11-06;23;0
5;2025-11-07;0;0
5;2025-11-07;1;0
5;2025-11-07;2;0
5;2025-11-07;3;0
5;2025-11-07;4;0
5;2025-11-07;5;0
5;2025-11-07;6;0
5;2025-11-07;7;0
5;2025-11-07;8;0
5;2025-11-07;9;0
5;2025-11-07;10;0
5;2025-11-07;11;0
5;2025-11-07;12;0
5;2025-11-07;13;0
5;2025-11-07;14;0
5;2025-11-07;15;0
5;2025-11-07;16;0
5;2025-11-07;17;0
5;2025-11-07;18;0
5;2025-11-07;19;0
5;2025-11-07;20;0
5;2025-11-07;21;0
5;2025-11-07;22;0
5;2025-11-07;23;0
5;2025-11-08;0;0
5;2025-11-08;1;0
5;2025-11-08;2;0
5;2025-11-08;3;0
5;2025-11-08;4;0
5;2025-11-08;5;0
5;2025-11-08;6;0
5;2025-11-08;7;0
5;2025-11-08;8;0
5;2025-11-08;9;0
5;2025-11-08;10;0
5;2025-11-08;11;0
5;2025-11-08;12;0
5;2025-11-08;13;0
5;2025-11-08;14;0
5;2025-11-08;15;0
5;2025-11-08;16;0
5;2025-11-08;17;0
5;2025-11-08;18;0
5;2025-11-08;19;0
5;2025-11-08;20;0
5;2025-11-08;21;0
5;2025-11-08;22;0
5;2025-11-08;23;0
5;2025-11-09;0;0
5;2025-11-09;1;0
5;2025-11-09;2;0
5;2025-11-09;3;0
5;2025-11-09;4;0
5;2025-11-09;5;0
5;2025-11-09;6;0
5;2025-11-09;7;0
5;2025-11-09;8;0
5;2025-11-09;9;0
5;2025-11-09;10;0
5;2025-11-09;11;0
5;2025-11-09;12;0
5;2025-11-09;13;0
5;2025-11-09;14;0
5;2025-11-09;15;0
5;2025-11-09;16;0
5;2025-11-09;17;0
5;2025-11-09;18;0
5;2025-11-09;19;0
5;2025-11-09;20;0
5;2025-11-09;21;0
5;2025-11-09;22;0
5;2025-11-09;23;0
5;2025-11-10;0;0
5;2025-11-10;1;0
5;2025-11-10;2;0
5;2025-11-10;3;0
5;2025-11-10;4;0
5;2025-11-10;5;0
5;2025-11-10;6;0
5;2025-11-10;7;0
5;2025-11-10;8;0
5;2025-11-10;9;0
5;2025-11-10;10;0
5;2025-11-10;11;0
5;2025-11-10;12;0
5;2025-11-10;13;0
5;2025-11-10;14;0
5;2025-11-10;15;0
5;2025-11-10;16;0
5;2025-11-10;17;0
5;2025-11-10;18;0
5;2025-11-10;19;0
5;2025-11-10;20;0
5;2025-11-10;21;0
5;2025-11-10;22;0
5;2025-11-10;23;0
5;2025-11-11;0;0
5;2025-11-11;1;0
5;2025-11-11;2;0
5;2025-11-11;3;0
5;2025-11-11;4;0
5;2025-11-11;5;0
5;2025-11-11;6;0
5;2025-11-11;7;0
5;2025-11-11;8;0
5;2025-11-11;9;0
5;2025-11-11;10;0
5;2025-11-11;11;0
5;2025-11-11;12;0
5;2025-11-11;13;0
5;2025-11-11;14;0
5;2025-11-11;15;0
5;2025-11-11;16;0
5;2025-11-11;17;0
5;2025-11-11;18;0
5;2025-11-11;19;0
5;2025-11-11;20;0
5;2025-11-11;21;0
5;2025-11-11;22;0
5;2025-11-11;23;0
5;2025-11-12;0;0
5;2025-11-12;1;0
5;2025-11-12;2;0
5;2025-11-12;3;0
5;2025-11-12;4;0
5;2025-11-12;5;0
5;2025-11-12;6;0
5;2025-11-12;7;0
5;2025-11-12;8;0
5;2025-11-12;9;0
5;2025-11-12;10;0
5;2025-11-12;11;0
5;2025-11-12;12;0
5;2025-11-12;13;0
5;2025-11-12;14;0
5;2025-11-12;15;0
5;2025-11-12;16;0
5;2025-11-12;17;0
5;2025-11-12;18;0
5;2025-11-12;19;0
5;2025-11-12;20;0
5;2025-11-12;21;0
5;2025-11-12;22;0
5;2025-11-12;23;0
5;2025-11-13;0;0
5;2025-11-13;1;0
5;2025-11-13;2;0
5;2025-11-13;3;0
5;2025-11-13;4;0
5;2025-11-13;5;0
5;2025-11-13;6;0
5;2025-11-13;7;0
5;2025-11-13;8;0
5;2025-11-13;9;0
5;2025-11-13;10;0
5;2025-11-13;11;0
5;2025-11-13;12;0
5;2025-11-13;13;0
5;2025-11-13;14;0
5;2025-11-13;15;0
5;2025-11-13;16;0
5;2025-11-13;17;0
5;2025-11-13;18;0
5;2025-11-13;19;0
5;2025-11-13;20;0
5;2025-11-13;21;0
5;2025-11-13;22;0
5;2025-11-13;23;0
5;2025-11-14;0;0
5;2025-11-14;1;0
5;2025-11-14;2;0
5;2025-11-14;3;0
5;2025-11-14;4;0
5;2025-11-14;5;0
5;2025-11-14;6;0
5;2025-11-14;7;0
5;2025-11-14;8;0
5;2025-11-14;9;0
5;2025-11-14;10;0
5;2025-11-14;11;0
5;2025-11-14;12;0
5;2025-11-14;13;0
5;2025-11-14;14;0
5;2025-11-14;15;0
5;2025-11-14;16;0
5;2025-11-14;17;0
5;2025-11-14;18;0
5;2025-11-14;19;0
5;2025-11-14;20;0
5;2025-11-14;21;0
5;2025-11-14;22;0
5;2025-11-14;23;0
5;2025-11-15;0;0
5;2025-11-15;1;0
5;2025-11-15;2;0
5;2025-11-15;3;0
5;2025-11-15;4;0
5;2025-11-15;5;0
5;2025-11-15;6;0
5;2025-11-15;7;0
5;2025-11-15;8;0
5;2025-11-15;9;0
5;2025-11-15;10;0
5;2025-11-15;11;0
5;2025-11-15;12;0
5;2025-11-15;13;0
5;2025-11-15;14;0
5;2025-11-15;15;0
5;2025-11-15;16;0
5;2025-11-15;17;0
5;2025-11-15;18;0
5;2025-11-15;19;0
5;2025-11-15;20;0
5;2025-11-15;21;0
5;2025-11-15;22;0
5;2025-11-15;23;0
5;2025-11-16;0;0
5;2025-11-16;1;0
5;2025-11-16;2;0
5;2025-11-16;3;0
5;2025-11-16;4;0
5;2025-11-16;5;0
5;2025-11-16;6;0
5;2025-11-16;7;0
5;2025-11-16;8;0
5;2025-11-16;9;0
5;2025-11-16;10;0
5;2025-11-16;11;0
5;2025-11-16;12;0
5;2025-11-16;13;0
5;2025-11-16;14;0
5;2025-11-16;15;0
5;2025-11-16;16;0
5;2025-11-16;17;0
5;2025-11-16;18;0
5;2025-11-16;19;0
5;2025-11-16;20;0
5;2025-11-16;21;0
5;2025-11-16;22;0
5;2025-11-16;23;0
5;2025-11-17;0;0
5;2025-11-17;1;0
5;2025-11-17;2;0
5;2025-11-17;3;0
5;2025-11-17;4;0
5;2025-11-17;5;0
5;2025-11-17;6;0
5;2025-11-17;7;0
5;2025-11-17;8;0
5;2025-11-17;9;0
5;2025-11-17;10;0
5;2025-11-17;11;0
5;2025-11-17;12;0
5;2025-11-17;13;0
5;2025-11-17;14;0
5;2025-11-17;15;0
5;2025-11-17;16;0
5;2025-11-17;17;0
5;2025-11-17;18;0
5;2025-11-17;19;0
5;2025-11-17;20;0
5;2025-11-17;21;0
5;2025-11-17;22;0
5;2025-11-17;23;0
5;2025-11-18;0;0
5;2025-11-18;1;0
5;2025-11-18;2;0
5;2025-11-18;3;0
5;2025-11-18;4;0
5;2025-11-18;5;0
5;2025-11-18;6;0
5;2025-11-18;7;0
5;2025-11-18;8;0
5;2025-11-18;9;0
5;2025-11-18;10;0
5;2025-11-18;11;0
5;2025-11-18;12;0
5;2025-11-18;13;0
5;2025-11-18;14;0
5;2025-11-18;15;0
5;2025-11-18;16;0
5;2025-11-18;17;0
5;2025-11-18;18;0
5;2025-11-18;19;0
5;2025-11-18;20;0
5;2025-11-18;21;0
5;2025-11-18;22;0
5;2025-11-18;23;0
5;2025-11-19;0;0
5;2025-11-19;1;0
5;2025-11-19;2;0
5;2025-11-19;3;0
5;2025-11-19;4;0
5;2025-11-19;5;0
5;2025-11-19;6;0
5;2025-11-19;7;0
5;2025-11-19;8;0
5;2025-11-19;9;0
5;2025-11-19;10;0
5;2025-11-19;11;0
5;2025-11-19;12;0
5;2025-11-19;13;0
5;2025-11-19;14;0
5;2025-11-19;15;0
5;2025-11-19;16;0
5;2025-11-19;17;0
5;2025-11-19;18;0
5;2025-11-19;19;0
5;2025-11-19;20;0
5;2025-11-19;21;0
5;2025-11-19;22;0
5;2025-11-19;23;0
5;2025-11-20;0;0
5;2025-11-20;1;0
5;2025-11-20;2;0
5;2025-11-20;3;0
5;2025-11-20;4;0
5;2025-11-20;5;0
5;2025-11-20;6;0
5;2025-11-20;7;0
5;2025-11-20;8;0
5;2025-11-20;9;0
5;2025-11-20;10;0
5;2025-11-20;11;0
5;2025-11-20;12;0
5;2025-11-20;13;0
5;2025-11-20;14;0
5;2025-11-20;15;0
5;2025-11-20;16;0
5;2025-11-20;17;0
5;2025-11-20;18;0
5;2025-11-20;19;0
5;2025-11-20;20;0
5;2025-11-20;21;0
5;2025-11-20;22;0
5;2025-11-20;23;0
5;2025-11-21;0;0
5;2025-11-21;1;0
5;2025-11-21;2;0
5;2025-11-21;3;0
5;2025-11-21;4;0
5;2025-11-21;5;0
5;2025-11-21;6;0
5;2025-11-21;7;0
5;2025-11-21;8;0
5;2025-11-21;9;0
5;2025-11-21;10;0
5;2025-11-21;11;0
5;2025-11-21;12;0
5;2025-11-21;13;0
5;2025-11-21;14;0
5;2025-11-21;15;0
5;2025-11-21;16;0
5;2025-11-21;17;0
5;2025-11-21;18;0
5;2025-11-21;19;0
5;2025-11-21;20;0
5;2025-11-21;21;0
5;2025-11-21;22;0
5;2025-11-21;23;0
5;2025-11-22;0;0
5;2025-11-22;1;0
5;2025-11-22;2;0
5;2025-11-22;3;0
5;2025-11-22;4;0
5;2025-11-22;5;0
5;2025-11-22;6;0
5;2025-11-22;7;0
5;2025-11-22;8;0
5;2025-11-22;9;0
5;2025-11-22;10;0
5;2025-11-22;11;0
5;2025-11-22;12;0
5;2025-11-22;13;0
5;2025-11-22;14;0
5;2025-11-22;15;0
5;2025-11-22;16;0
5;2025-11-22;17;0
5;2025-11-22;18;0
5;2025-11-22;19;0
5;2025-11-22;20;0
5;2025-11-22;21;0
5;2025-11-22;22;0
5;2025-11-22;23;0
5;2025-11-23;0;0
5;2025-11-23;1;0
5;2025-11-23;2;0
5;2025-11-23;3;0
5;2025-11-23;4;0
5;2025-11-23;5;0
5;2025-11-23;6;0
5;2025-11-23;7;0
5;2025-11-23;8;0
5;2025-11-23;9;0
5;2025-11-23;10;0
5;2025-11-23;11;0
5;2025-11-23;12;0
5;2025-11-23;13;0
5;2025-11-23;14;0
5;2025-11-23;15;0
5;2025-11-23;16;0
5;2025-11-23;17;0
5;2025-11-23;18;0
5;2025-11-23;19;0
5;2025-11-23;20;0
5;2025-11-23;21;0
5;2025-11-23;22;0
5;2025-11-23;23;0
5;2025-11-24;0;0
5;2025-11-24;1;0
5;2025-11-24;2;0
5;2025-11-24;3;0
5;2025-11-24;4;0
5;2025-11-24;5;0
5;2025-11-24;6;0
5;2025-11-24;7;0
5;2025-11-24;8;0
5;2025-11-24;9;0
5;2025-11-24;10;0
5;2025-11-24;11;0
5;2025-11-24;12;0
5;2025-11-24;13;0
5;2025-11-24;14;0
5;2025-11-24;15;0
5;2025-11-24;16;0
5;2025-11-24;17;0
5;2025-11-24;18;0
5;2025-11-24;19;0
5;2025-11-24;20;0
5;2025-11-24;21;0
5;2025-11-24;22;0
5;2025-11-24;23;0
5;2025-11-25;0;0
5;2025-11-25;1;0
5;2025-11-25;2;0
5;2025-11-25;3;0
5;2025-11-25;4;0
5;2025-11-25;5;0
5;2025-11-25;6;0
5;2025-11-25;7;0
5;2025-11-25;8;0
5;2025-11-25;9;0
5;2025-11-25;10;0
5;2025-11-25;11;0
5;2025-11-25;12;0
5;2025-11-25;13;0
5;2025-11-25;14;0
5;2025-11-25;15;0
5;2025-11-25;16;0
5;2025-11-25;17;0
5;2025-11-25;18;0
5;2025-11-25;19;0
5;2025-11-25;20;0
5;2025-11-25;21;0
5;2025-11-25;22;0
5;2025-11-25;23;0
5;2025-11-26;0;0
5;2025-11-26;1;0
5;2025-11-26;2;0
5;2025-11-26;3;0
5;2025-11-26;4;0
5;2025-11-26;5;0
5;2025-11-26;6;0
5;2025-11-26;7;0
5;2025-11-26;8;0
5;2025-11-26;9;0
5;2025-11-26;10;0
5;2025-11-26;11;0
5;2025-11-26;12;0
5;2025-11-26;13;0
5;2025-11-26;14;0
5;2025-11-26;15;0
5;2025-11-26;16;0
5;2025-11-26;17;0
5;2025-11-26;18;0
5;2025-11-26;19;0
5;2025-11-26;20;0
5;2025-11-26;21;0
5;2025-11-26;22;0
5;2025-11-26;23;0
5;2025-11-27;0;0
5;2025-11-27;1;0
5;2025-11-27;2;0
5;2025-11-27;3;0
5;2025-11-27;4;0
5;2025-11-27;5;0
5;2025-11-27;6;0
5;2025-11-27;7;0
5;2025-11-27;8;0
5;2025-11-27;9;0
5;2025-11-27;10;0
5;2025-11-27;11;0
5;2025-11-27;12;0
5;2025-11-27;13;0
5;2025-11-27;14;0
5;2025-11-27;15;0
5;2025-11-27;16;0
5;2025-11-27;17;0
5;2025-11-27;18;0
5;2025-11-27;19;0
5;2025-11-27;20;0
5;2025-11-27;21;0
5;2025-11-27;22;0
5;2025-11-27;23;0
5;2025-11-28;0;0
5;2025-11-28;1;0
5;2025-11-28;2;0
5;2025-11-28;3;0
5;2025-11-28;4;0
5;2025-11-28;5;0
5;2025-11-28;6;0
5;2025-11-28;7;0
5;2025-11-28;8;0
5;2025-11-28;9;0
5;2025-11-28;10;0
5;2025-11-28;11;0
5;2025-11-28;12;0
5;2025-11-28;13;0
5;2025-11-28;14;0
5;2025-11-28;15;0
5;2025-11-28;16;0
5;2025-11-28;17;0
5;2025-11-28;18;0
5;2025-11-28;19;0
5;2025-11-28;20;0
5;2025-11-28;21;0
5;2025-11-28;22;0
5;2025-11-28;23;0
5;2025-11-29;0;0
5;2025-11-29;1;0
5;2025-11-29;2;0
5;2025-11-29;3;0
5;2025-11-29;4;0
5;2025-11-29;5;0
5;2025-11-29;6;0
5;2025-11-29;7;0
5;2025-11-29;8;0
5;2025-11-29;9;0
5;2025-11-29;10;0
5;2025-11-29;11;0
5;2025-11-29;12;0
5;2025-11-29;13;0
5;2025-11-29;14;0
5;2025-11-29;15;0
5;2025-11-29;16;0
5;2025-11-29;17;0
5;2025-11-29;18;0
5;2025-11-29;19;0
5;2025-11-29;20;0
5;2025-11-29;21;0
5;2025-11-29;22;0
5;2025-11-29;23;0
5;2025-11-30;0;0
5;2025-11-30;1;0
5;2025-11-30;2;0
5;2025-11-30;3;0
5;2025-11-30;4;0
5;2025-11-30;5;0
5;2025-11-30;6;0
5;2025-11-30;7;0
5;2025-11-30;8;0
5;2025-11-30;9;0
5;2025-11-30;10;0
5;2025-11-30;11;0
5;2025-11-30;12;0
5;2025-11-30;13;0
5;2025-11-30;14;0
5;2025-11-30;15;0
5;2025-11-30;16;0
5;2025-11-30;17;0
5;2025-11-30;18;0
5;2025-11-30;19;0
5;2025-11-30;20;0
5;2025-11-30;21;0
5;2025-11-30;22;0
5;2025-11-30;23;0
5;2025-12-01;0;0
5;2025-12-01;1;0
5;2025-12-01;2;0
5;2025-12-01;3;0
5;2025-12-01;4;0
5;2025-12-01;5;0
5;2025-12-01;6;0
5;2025-12-01;7;0
5;2025-12-01;8;0
5;2025-12-01;9;0
5;2025-12-01;10;0
5;2025-12-01;11;0
5;2025-12-01;12;0
5;2025-12-01;13;0
5;2025-12-01;14;0
5;2025-12-01;15;0
5;2025-12-01;16;0
5;2025-12-01;17;0
5;2025-12-01;18;0
5;2025-12-01;19;0
5;2025-12-01;20;0
5;2025-12-01;21;0
5;2025-12-01;22;0
5;2025-12-01;23;0
5;2025-12-02;0;0
5;2025-12-02;1;0
5;2025-12-02;2;0
5;2025-12-02;3;0
5;2025-12-02;4;0
5;2025-12-02;5;0
5;2025-12-02;6;0
5;2025-12-02;7;0
5;2025-12-02;8;0
5;2025-12-02;9;0
5;2025-12-02;10;0
5;2025-12-02;11;0
5;2025-12-02;12;0
5;2025-12-02;13;0
5;2025-12-02;14;0
5;2025-12-02;15;0
5;2025-12-02;16;0
5;2025-12-02;17;0
5;2025-12-02;18;0
5;2025-12-02;19;0
5;2025-12-02;20;0
5;2025-12-02;21;0
5;2025-12-02;22;0
5;2025-12-02;23;0
5;2025-12-03;0;0
5;2025-12-03;1;0
5;2025-12-03;2;0
5;2025-12-03;3;0
5;2025-12-03;4;0
5;2025-12-03;5;0
5;2025-12-03;6;0
5;2025-12-03;7;0
5;2025-12-03;8;0
5;2025-12-03;9;0
5;2025-12-03;10;0
5;2025-12-03;11;0
5;2025-12-03;12;0
5;2025-12-03;13;0
5;2025-12-03;14;0
5;2025-12-03;15;0
5;2025-12-03;16;0
5;2025-12-03;17;0
5;2025-12-03;18;0
5;2025-12-03;19;0
5;2025-12-03;20;0
5;2025-12-03;21;0
5;2025-12-03;22;0
5;2025-12-03;23;0
5;2025-12-04;0;0
5;2025-12-04;1;0
5;2025-12-04;2;0
5;2025-12-04;3;0
5;2025-12-04;4;0
5;2025-12-04;5;0
5;2025-12-04;6;0
5;2025-12-04;7;0
5;2025-12-04;8;0
5;2025-12-04;9;0
5;2025-12-04;10;0
5;2025-12-04;11;0
5;2025-12-04;12;0
5;2025-12-04;13;0
5;2025-12-04;14;0
5;2025-12-04;15;0
5;2025-12-04;16;0
5;2025-12-04;17;0
5;2025-12-04;18;0
5;2025-12-04;19;0
5;2025-12-04;20;0
5;2025-12-04;21;0
5;2025-12-04;22;0
5;2025-12-04;23;0
5;2025-12-05;0;0
5;2025-12-05;1;0
5;2025-12-05;2;0
5;2025-12-05;3;0
5;2025-12-05;4;0
5;2025-12-05;5;0
5;2025-12-05;6;0
5;2025-12-05;7;0
5;2025-12-05;8;0
5;2025-12-05;9;0
5;2025-12-05;10;0
5;2025-12-05;11;0
5;2025-12-05;12;0
5;2025-12-05;13;0
5;2025-12-05;14;0
5;2025-12-05;15;0
5;2025-12-05;16;0
5;2025-12-05;17;0
5;2025-12-05;18;0
5;2025-12-05;19;0
5;2025-12-05;20;0
5;2025-12-05;21;0
5;2025-12-05;22;0
5;2025-12-05;23;0
5;2025-12-06;0;0
5;2025-12-06;1;0
5;2025-12-06;2;0
5;2025-12-06;3;0
5;2025-12-06;4;0
5;2025-12-06;5;0
5;2025-12-06;6;0
5;2025-12-06;7;0
5;2025-12-06;8;0
5;2025-12-06;9;0
5;2025-12-06;10;0
5;2025-12-06;11;0
5;2025-12-06;12;0
5;2025-12-06;13;0
5;2025-12-06;14;0
5;2025-12-06;15;0
5;2025-12-06;16;0
5;2025-12-06;17;0
5;2025-12-06;18;0
5;2025-12-06;19;0
5;2025-12-06;20;0
5;2025-12-06;21;0
5;2025-12-06;22;0
5;2025-12-06;23;0
5;2025-12-07;0;0
5;2025-12-07;1;0
5;2025-12-07;2;0
5;2025-12-07;3;0
5;2025-12-07;4;0
5;2025-12-07;5;0
5;2025-12-07;6;0
5;2025-12-07;7;0
5;2025-12-07;8;0
5;2025-12-07;9;0
5;2025-12-07;10;0
5;2025-12-07;11;0
5;2025-12-07;12;0
5;2025-12-07;13;0
5;2025-12-07;14;0
5;2025-12-07;15;0
5;2025-12-07;16;0
5;2025-12-07;17;0
5;2025-12-07;18;0
5;2025-12-07;19;0
5;2025-12-07;20;0
5;2025-12-07;21;0
5;2025-12-07;22;0
5;2025-12-07;23;0
5;2025-12-08;0;0
5;2025-12-08;1;0
5;2025-12-08;2;0
5;2025-12-08;3;0
5;2025-12-08;4;0
5;2025-12-08;5;0
5;2025-12-08;6;0
5;2025-12-08;7;0
5;2025-12-08;8;0
5;2025-12-08;9;0
5;2025-12-08;10;0
5;2025-12-08;11;0
5;2025-12-08;12;0
5;2025-12-08;13;0
5;2025-12-08;14;0
5;2025-12-08;15;0
5;2025-12-08;16;0
5;2025-12-08;17;0
5;2025-12-08;18;0
5;2025-12-08;19;0
5;2025-12-08;20;0
5;2025-12-08;21;0
5;2025-12-08;22;0
5;2025-12-08;23;0
5;2025-12-09;0;0
5;2025-12-09;1;0
5;2025-12-09;2;0
5;2025-12-09;3;0
5;2025-12-09;4;0
5;2025-12-09;5;0
5;2025-12-09;6;0
5;2025-12-09;7;0
5;2025-12-09;8;0
5;2025-12-09;9;0
5;2025-12-09;10;0
5;2025-12-09;11;0
5;2025-12-09;12;0
5;2025-12-09;13;0
5;2025-12-09;14;0
5;2025-12-09;15;0
5;2025-12-09;16;0
5;2025-12-09;17;0
5;2025-12-09;18;0
5;2025-12-09;19;0
5;2025-12-09;20;0
5;2025-12-09;21;0
5;2025-12-09;22;0
5;2025-12-09;23;0
5;2025-12-10;0;0
5;2025-12-10;1;0
5;2025-12-10;2;0
5;2025-12-10;3;0
5;2025-12-10;4;0
5;2025-12-10;5;0
5;2025-12-10;6;0
5;2025-12-10;7;0
5;2025-12-10;8;0
5;2025-12-10;9;0
5;2025-12-10;10;0
5;2025-12-10;11;0
5;2025-12-10;12;0
5;2025-12-10;13;0
5;2025-12-10;14;0
5;2025-12-10;15;0
5;2025-12-10;16;0
5;2025-12-10;17;0
5;2025-12-10;18;0
5;2025-12-10;19;0
5;2025-12-10;20;0
5;2025-12-10;21;0
5;2025-12-10;22;0
5;2025-12-10;23;0
5;2025-12-11;0;0
5;2025-12-11;1;0
5;2025-12-11;2;0
5;2025-12-11;3;0
5;2025-12-11;4;0
5;2025-12-11;5;0
5;2025-12-11;6;0
5;2025-12-11;7;0
5;2025-12-11;8;0
5;2025-12-11;9;0
5;2025-12-11;10;0
5;2025-12-11;11;0
5;2025-12-11;12;0
5;2025-12-11;13;0
5;2025-12-11;14;0
5;2025-12-11;15;0
5;2025-12-11;16;0
5;2025-12-11;17;0
5;2025-12-11;18;0
5;2025-12-11;19;0
5;2025-12-11;20;0
5;2025-12-11;21;0
5;2025-12-11;22;0
5;2025-12-11;23;0
5;2025-12-12;0;0
5;2025-12-12;1;0
5;2025-12-12;2;0
5;2025-12-12;3;0
5;2025-12-12;4;0
5;2025-12-12;5;0
5;2025-12-12;6;0
5;2025-12-12;7;0
5;2025-12-12;8;0
5;2025-12-12;9;0
5;2025-12-12;10;0
5;2025-12-12;11;0
5;2025-12-12;12;0
5;2025-12-12;13;0
5;2025-12-12;14;0
5;2025-12-12;15;0
5;2025-12-12;16;0
5;2025-12-12;17;0
5;2025-12-12;18;0
5;2025-12-12;19;0
5;2025-12-12;20;0
5;2025-12-12;21;0
5;2025-12-12;22;0
5;2025-12-12;23;0
5;2025-12-13;0;0
5;2025-12-13;1;0
5;2025-12-13;2;0
5;2025-12-13;3;0
5;2025-12-13;4;0
5;2025-12-13;5;0
5;2025-12-13;6;0
5;2025-12-13;7;0
5;2025-12-13;8;0
5;2025-12-13;9;0
5;2025-12-13;10;0
5;2025-12-13;11;0
5;2025-12-13;12;0
5;2025-12-13;13;0
5;2025-12-13;14;0
5;2025-12-13;15;0
5;2025-12-13;16;0
5;2025-12-13;17;0
5;2025-12-13;18;0
5;2025-12-13;19;0
5;2025-12-13;20;0
5;2025-12-13;21;0
5;2025-12-13;22;0
5;2025-12-13;23;0
5;2025-12-14;0;0
5;2025-12-14;1;0
5;2025-12-14;2;0
5;2025-12-14;3;0
5;2025-12-14;4;0
5;2025-12-14;5;0
5;2025-12-14;6;0
5;2025-12-14;7;0
5;2025-12-14;8;0
5;2025-12-14;9;0
5;2025-12-14;10;0
5;2025-12-14;11;0
5;2025-12-14;12;0
5;2025-12-14;13;0
5;2025-12-14;14;0
5;2025-12-14;15;0
5;2025-12-14;16;0
5;2025-12-14;17;0
5;2025-12-14;18;0
5;2025-12-14;19;0
5;2025-12-14;20;0
5;2025-12-14;21;0
5;2025-12-14;22;0
5;2025-12-14;23;0
5;2025-12-15;0;0
5;2025-12-15;1;0
5;2025-12-15;2;0
5;2025-12-15;3;0
5;2025-12-15;4;0
5;2025-12-15;5;0
5;2025-12-15;6;0
5;2025-12-15;7;0
5;2025-12-15;8;0
5;2025-12-15;9;0
5;2025-12-15;10;0
5;2025-12-15;11;0
5;2025-12-15;12;0
5;2025-12-15;13;0
5;2025-12-15;14;0
5;2025-12-15;15;0
5;2025-12-15;16;0
5;2025-12-15;17;0
5;2025-12-15;18;0
5;2025-12-15;19;0
5;2025-12-15;20;0
5;2025-12-15;21;0
5;2025-12-15;22;0
5;2025-12-15;23;0
5;2025-12-16;0;0
5;2025-12-16;1;0
5;2025-12-16;2;0
5;2025-12-16;3;0
5;2025-12-16;4;0
5;2025-12-16;5;0
5;2025-12-16;6;0
5;2025-12-16;7;0
5;2025-12-16;8;0
5;2025-12-16;9;0
5;2025-12-16;10;0
5;2025-12-16;11;0
5;2025-12-16;12;0
5;2025-12-16;13;0
5;2025-12-16;14;0
5;2025-12-16;15;0
5;2025-12-16;16;0
5;2025-12-16;17;0
5;2025-12-16;18;0
5;2025-12-16;19;0
5;2025-12-16;20;0
5;2025-12-16;21;0
5;2025-12-16;22;0
5;2025-12-16;23;0
5;2025-12-17;0;0
5;2025-12-17;1;0
5;2025-12-17;2;0
5;2025-12-17;3;0
5;2025-12-17;4;0
5;2025-12-17;5;0
5;2025-12-17;6;0
5;2025-12-17;7;0
5;2025-12-17;8;0
5;2025-12-17;9;0
5;2025-12-17;10;0
5;2025-12-17;11;0
5;2025-12-17;12;0
5;2025-12-17;13;0
5;2025-12-17;14;0
5;2025-12-17;15;0
5;2025-12-17;16;0
5;2025-12-17;17;0
5;2025-12-17;18;0
5;2025-12-17;19;0
5;2025-12-17;20;0
5;2025-12-17;21;0
5;2025-12-17;22;0
5;2025-12-17;23;0
5;2025-12-18;0;0
5;2025-12-18;1;0
5;2025-12-18;2;0
5;2025-12-18;3;0
5;2025-12-18;4;0
5;2025-12-18;5;0
5;2025-12-18;6;0
5;2025-12-18;7;0
5;2025-12-18;8;0
5;2025-12-18;9;0
5;2025-12-18;10;0
5;2025-12-18;11;0
5;2025-12-18;12;0
5;2025-12-18;13;0
5;2025-12-18;14;0
5;2025-12-18;15;0
5;2025-12-18;16;0
5;2025-12-18;17;0
5;2025-12-18;18;0
5;2025-12-18;19;0
5;2025-12-18;20;0
5;2025-12-18;21;0
5;2025-12-18;22;0
5;2025-12-18;23;0
5;2025-12-19;0;0
5;2025-12-19;1;0
5;2025-12-19;2;0
5;2025-12-19;3;0
5;2025-12-19;4;0
5;2025-12-19;5;0
5;2025-12-19;6;0
5;2025-12-19;7;0
5;2025-12-19;8;0
5;2025-12-19;9;0
5;2025-12-19;10;0
5;2025-12-19;11;0
5;2025-12-19;12;0
5;2025-12-19;13;0
5;2025-12-19;14;0
5;2025-12-19;15;0
5;2025-12-19;16;0
5;2025-12-19;17;0
5;2025-12-19;18;0
5;2025-12-19;19;0
5;2025-12-19;20;0
5;2025-12-19;21;0
5;2025-12-19;22;0
5;2025-12-19;23;0
5;2025-12-20;0;0
5;2025-12-20;1;0
5;2025-12-20;2;0
5;2025-12-20;3;0
5;2025-12-20;4;0
5;2025-12-20;5;0
5;2025-12-20;6;0
5;2025-12-20;7;0
5;2025-12-20;8;0
5;2025-12-20;9;0
5;2025-12-20;10;0
5;2025-12-20;11;0
5;2025-12-20;12;0
5;2025-12-20;13;0
5;2025-12-20;14;0
5;2025-12-20;15;0
5;2025-12-20;16;0
5;2025-12-20;17;0
5;2025-12-20;18;0
5;2025-12-20;19;0
5;2025-12-20;20;0
5;2025-12-20;21;0
5;2025-12-20;22;0
5;2025-12-20;23;0
5;2025-12-21;0;0
5;2025-12-21;1;0
5;2025-12-21;2;0
5;2025-12-21;3;0
5;2025-12-21;4;0
5;2025-12-21;5;0
5;2025-12-21;6;0
5;2025-12-21;7;0
5;2025-12-21;8;0
5;2025-12-21;9;0
5;2025-12-21;10;0
5;2025-12-21;11;0
5;2025-12-21;12;0
5;2025-12-21;13;0
5;2025-12-21;14;0
5;2025-12-21;15;0
5;2025-12-21;16;0
5;2025-12-21;17;0
5;2025-12-21;18;0
5;2025-12-21;19;0
5;2025-12-21;20;0
5;2025-12-21;21;0
5;2025-12-21;22;0
5;2025-12-21;23;0
5;2025-12-22;0;0
5;2025-12-22;1;0
5;2025-12-22;2;0
5;2025-12-22;3;0
5;2025-12-22;4;0
5;2025-12-22;5;0
5;2025-12-22;6;0
5;2025-12-22;7;0
5;2025-12-22;8;0
5;2025-12-22;9;0
5;2025-12-22;10;0
5;2025-12-22;11;0
5;2025-12-22;12;0
5;2025-12-22;13;0
5;2025-12-22;14;0
5;2025-12-22;15;0
5;2025-12-22;16;0
5;2025-12-22;17;0
5;2025-12-22;18;0
5;2025-12-22;19;0
5;2025-12-22;20;0
5;2025-12-22;21;0
5;2025-12-22;22;0
5;2025-12-22;23;0
5;2025-12-23;0;0
5;2025-12-23;1;0
5;2025-12-23;2;0
5;2025-12-23;3;0
5;2025-12-23;4;0
5;2025-12-23;5;0
5;2025-12-23;6;0
5;2025-12-23;7;0
5;2025-12-23;8;0
5;2025-12-23;9;0
5;2025-12-23;10;0
5;2025-12-23;11;0
5;2025-12-23;12;0
5;2025-12-23;13;0
5;2025-12-23;14;0
5;2025-12-23;15;0
5;2025-12-23;16;0
5;2025-12-23;17;0
5;2025-12-23;18;0
5;2025-12-23;19;0
5;2025-12-23;20;0
5;2025-12-23;21;0
5;2025-12-23;22;0
5;2025-12-23;23;0
5;2025-12-24;0;0
5;2025-12-24;1;0
5;2025-12-24;2;0
5;2025-12-24;3;0
5;2025-12-24;4;0
5;2025-12-24;5;0
5;2025-12-24;6;0
5;2025-12-24;7;0
5;2025-12-24;8;0
5;2025-12-24;9;0
5;2025-12-24;10;0
5;2025-12-24;11;0
5;2025-12-24;12;0
5;2025-12-24;13;0
5;2025-12-24;14;0
5;2025-12-24;15;0
5;2025-12-24;16;0
5;2025-12-24;17;0
5;2025-12-24;18;0
5;2025-12-24;19;0
5;2025-12-24;20;0
5;2025-12-24;21;0
5;2025-12-24;22;0
5;2025-12-24;23;0
5;2025-12-25;0;0
5;2025-12-25;1;0
5;2025-12-25;2;0
5;2025-12-25;3;0
5;2025-12-25;4;0
5;2025-12-25;5;0
5;2025-12-25;6;0
5;2025-12-25;7;0
5;2025-12-25;8;0
5;2025-12-25;9;0
5;2025-12-25;10;0
5;2025-12-25;11;0
5;2025-12-25;12;0
5;2025-12-25;13;0
5;2025-12-25;14;0
5;2025-12-25;15;0
5;2025-12-25;16;0
5;2025-12-25;17;0
5;2025-12-25;18;0
5;2025-12-25;19;0
5;2025-12-25;20;0
5;2025-12-25;21;0
5;2025-12-25;22;0
5;2025-12-25;23;0
5;2025-12-26;0;0
5;2025-12-26;1;0
5;2025-12-26;2;0
5;2025-12-26;3;0
5;2025-12-26;4;0
5;2025-12-26;5;0
5;2025-12-26;6;0
5;2025-12-26;7;0
5;2025-12-26;8;0
5;2025-12-26;9;0
5;2025-12-26;10;0
5;2025-12-26;11;0
5;2025-12-26;12;0
5;2025-12-26;13;0
5;2025-12-26;14;0
5;2025-12-26;15;0
5;2025-12-26;16;0
5;2025-12-26;17;0
5;2025-12-26;18;0
5;2025-12-26;19;0
5;2025-12-26;20;0
5;2025-12-26;21;0
5;2025-12-26;22;0
5;2025-12-26;23;0
5;2025-12-27;0;0
5;2025-12-27;1;0
5;2025-12-27;2;0
5;2025-12-27;3;0
5;2025-12-27;4;0
5;2025-12-27;5;0
5;2025-12-27;6;0
5;2025-12-27;7;0
5;2025-12-27;8;0
5;2025-12-27;9;0
5;2025-12-27;10;0
5;2025-12-27;11;0
5;2025-12-27;12;0
5;2025-12-27;13;0
5;2025-12-27;14;0
5;2025-12-27;15;0
5;2025-12-27;16;0
5;2025-12-27;17;0
5;2025-12-27;18;0
5;2025-12-27;19;0
5;2025-12-27;20;0
5;2025-12-27;21;0
5;2025-12-27;22;0
5;2025-12-27;23;0
5;2025-12-28;0;0
5;2025-12-28;1;0
5;2025-12-28;2;0
5;2025-12-28;3;0
5;2025-12-28;4;0
5;2025-12-28;5;0
5;2025-12-28;6;0
5;2025-12-28;7;0
5;2025-12-28;8;0
5;2025-12-28;9;0
5;2025-12-28;10;0
5;2025-12-28;11;0
5;2025-12-28;12;0
5;2025-12-28;13;0
5;2025-12-28;14;0
5;2025-12-28;15;0
5;2025-12-28;16;0
5;2025-12-28;17;0
5;2025-12-28;18;0
5;2025-12-28;19;0
5;2025-12-28;20;0
5;2025-12-28;21;0
5;2025-12-28;22;0
5;2025-12-28;23;0
5;2025-12-29;0;0
5;2025-12-29;1;0
5;2025-12-29;2;0
5;2025-12-29;3;0
5;2025-12-29;4;0
5;2025-12-29;5;0
5;2025-12-29;6;0
5;2025-12-29;7;0
5;2025-12-29;8;0
5;2025-12-29;9;0
5;2025-12-29;10;0
5;2025-12-29;11;0
5;2025-12-29;12;0
5;2025-12-29;13;0
5;2025-12-29;14;0
5;2025-12-29;15;0
5;2025-12-29;16;0
5;2025-12-29;17;0
5;2025-12-29;18;0
5;2025-12-29;19;0
5;2025-12-29;20;0
5;2025-12-29;21;0
5;2025-12-29;22;0
5;2025-12-29;23;0
5;2025-12-30;0;0
5;2025-12-30;1;0
5;2025-12-30;2;0
5;2025-12-30;3;0
5;2025-12-30;4;0
5;2025-12-30;5;0
5;2025-12-30;6;0
5;2025-12-30;7;0
5;2025-12-30;8;0
5;2025-12-30;9;0
5;2025-12-30;10;0
5;2025-12-30;11;0
5;2025-12-30;12;0
5;2025-12-30;13;0
5;2025-12-30;14;0
5;2025-12-30;15;0
5;2025-12-30;16;0
5;2025-12-30;17;0
5;2025-12-30;18;0
5;2025-12-30;19;0
5;2025-12-30;20;0
5;2025-12-30;21;0
5;2025-12-30;22;0
5;2025-12-30;23;0
5;2025-12-31;0;0
5;2025-12-31;1;0
5;2025-12-31;2;0
5;2025-12-31;3;0
5;2025-12-31;4;0
5;2025-12-31;5;0
5;2025-12-31;6;0
5;2025-12-31;7;0
5;2025-12-31;8;0
5;2025-12-31;9;0
5;2025-12-31;10;0
5;2025-12-31;11;0
5;2025-12-31;12;0
5;2025-12-31;13;0
5;2025-12-31;14;0
5;2025-12-31;15;0
5;2025-12-31;16;0
5;2025-12-31;17;0
5;2025-12-31;18;0
5;2025-12-31;19;0
5;2025-12-31;20;0
5;2025-12-31;21;0
5;2025-12-31;22;0
5;2025-12-31;23;0
7;2025-11-01;0;66
7;2025-11-01;1;13
7;2025-11-01;2;0
7;2025-11-01;3;0
7;2025-11-01;4;1
7;2025-11-01;5;195
7;2025-11-01;6;663
7;2025-11-01;7;1589
7;2025-11-01;8;2399
7;2025-11-01;9;1889
7;2025-11-01;10;1648
7;2025-11-01;11;1554
7;2025-11-01;12;1614
7;2025-11-01;13;1702
7;2025-11-01;14;1789
7;2025-11-01;15;1897
7;2025-11-01;16;2159
7;2025-11-01;17;2360
7;2025-11-01;18;2154
7;2025-11-01;19;1598
7;2025-11-01;20;1066
7;2025-11-01;21;630
7;2025-11-01;22;374
7;2025-11-01;23;226
7;2025-11-02;0;101
7;2025-11-02;1;20
7;2025-11-02;2;0
7;2025-11-02;3;0
7;2025-11-02;4;0
7;2025-11-02;5;32
7;2025-11-02;6;187
7;2025-11-02;7;296
7;2025-11-02;8;509
7;2025-11-02;9;584
7;2025-11-02;10;691
7;2025-11-02;11;850
7;2025-11-02;12;956
7;2025-11-02;13;995
7;2025-11-02;14;1081
7;2025-11-02;15;1002
7;2025-11-02;16;874
7;2025-11-02;17;969
7;2025-11-02;18;789
7;2025-11-02;19;683
7;2025-11-02;20;593
7;2025-11-02;21;453
7;2025-11-02;22;256
7;2025-11-02;23;143
7;2025-11-03;0;101
7;2025-11-03;1;20
7;2025-11-03;2;0
7;2025-11-03;3;0
7;2025-11-03;4;0
7;2025-11-03;5;32
7;2025-11-03;6;187
7;2025-11-03;7;296
7;2025-11-03;8;509
7;2025-11-03;9;584
7;2025-11-03;10;691
7;2025-11-03;11;850
7;2025-11-03;12;956
7;2025-11-03;13;995
7;2025-11-03;14;1081
7;2025-11-03;15;1002
7;2025-11-03;16;874
7;2025-11-03;17;969
7;2025-11-03;18;789
7;2025-11-03;19;683
7;2025-11-03;20;593
7;2025-11-03;21;453
7;2025-11-03;22;256
7;2025-11-03;23;143
7;2025-11-04;0;101
7;2025-11-04;1;20
7;2025-11-04;2;0
7;2025-11-04;3;0
7;2025-11-04;4;0
7;2025-11-04;5;32
7;2025-11-04;6;187
7;2025-11-04;7;296
7;2025-11-04;8;509
7;2025-11-04;9;584
7;2025-11-04;10;691
7;2025-11-04;11;850
7;2025-11-04;12;956
7;2025-11-04;13;995
7;2025-11-04;14;1081
7;2025-11-04;15;1002
7;2025-11-04;16;874
7;2025-11-04;17;969
7;2025-11-04;18;789
7;2025-11-04;19;683
7;2025-11-04;20;593
7;2025-11-04;21;453
7;2025-11-04;22;256
7;2025-11-04;23;143
7;2025-11-05;0;59
7;2025-11-05;1;9
7;2025-11-05;2;0
7;2025-11-05;3;0
7;2025-11-05;4;2
7;2025-11-05;5;199
7;2025-11-05;6;736
7;2025-11-05;7;1665
7;2025-11-05;8;2579
7;2025-11-05;9;2041
7;2025-11-05;10;1735
7;2025-11-05;11;1501
7;2025-11-05;12;1598
7;2025-11-05;13;1571
7;2025-11-05;14;1740
7;2025-11-05;15;1840
7;2025-11-05;16;1880
7;2025-11-05;17;2441
7;2025-11-05;18;2569
7;2025-11-05;19;1782
7;2025-11-05;20;1123
7;2025-11-05;21;648
7;2025-11-05;22;353
7;2025-11-05;23;207
7;2025-11-06;0;66
7;2025-11-06;1;13
7;2025-11-06;2;0
7;2025-11-06;3;0
7;2025-11-06;4;1
7;2025-11-06;5;195
7;2025-11-06;6;748
7;2025-11-06;7;1652
7;2025-11-06;8;2505
7;2025-11-06;9;1873
7;2025-11-06;10;1603
7;2025-11-06;11;1481
7;2025-11-06;12;1574
7;2025-11-06;13;1527
7;2025-11-06;14;1702
7;2025-11-06;15;1751
7;2025-11-06;16;1848
7;2025-11-06;17;2373
7;2025-11-06;18;2764
7;2025-11-06;19;1769
7;2025-11-06;20;1076
7;2025-11-06;21;686
7;2025-11-06;22;321
7;2025-11-06;23;205
7;2025-11-07;0;66
7;2025-11-07;1;13
7;2025-11-07;2;0
7;2025-11-07;3;0
7;2025-11-07;4;1
7;2025-11-07;5;195
7;2025-11-07;6;663
7;2025-11-07;7;1589
7;2025-11-07;8;2399
7;2025-11-07;9;1889
7;2025-11-07;10;1648
7;2025-11-07;11;1554
7;2025-11-07;12;1614
7;2025-11-07;13;1702
7;2025-11-07;14;1789
7;2025-11-07;15;1897
7;2025-11-07;16;2159
7;2025-11-07;17;2360
7;2025-11-07;18;2154
7;2025-11-07;19;1598
7;2025-11-07;20;1066
7;2025-11-07;21;630
7;2025-11-07;22;374
7;2025-11-07;23;226
7;2025-11-08;0;105
7;2025-11-08;1;24
7;2025-11-08;2;0
7;2025-11-08;3;0
7;2025-11-08;4;0
7;2025-11-08;5;55
7;2025-11-08;6;272
7;2025-11-08;7;457
7;2025-11-08;8;689
7;2025-11-08;9;810
7;2025-11-08;10;845
7;2025-11-08;11;1020
7;2025-11-08;12;1126
7;2025-11-08;13;1154
7;2025-11-08;14;1207
7;2025-11-08;15;1127
7;2025-11-08;16;1088
7;2025-11-08;17;1025
7;2025-11-08;18;995
7;2025-11-08;19;982
7;2025-11-08;20;726
7;2025-11-08;21;565
7;2025-11-08;22;300
7;2025-11-08;23;201
7;2025-11-09;0;101
7;2025-11-09;1;20
7;2025-11-09;2;0
7;2025-11-09;3;0
7;2025-11-09;4;0
7;2025-11-09;5;32
7;2025-11-09;6;187
7;2025-11-09;7;296
7;2025-11-09;8;509
7;2025-11-09;9;584
7;2025-11-09;10;691
7;2025-11-09;11;850
7;2025-11-09;12;956
7;2025-11-09;13;995
7;2025-11-09;14;1081
7;2025-11-09;15;1002
7;2025-11-09;16;874
7;2025-11-09;17;969
7;2025-11-09;18;789
7;2025-11-09;19;683
7;2025-11-09;20;593
7;2025-11-09;21;453
7;2025-11-09;22;256
7;2025-11-09;23;143
7;2025-11-10;0;68
7;2025-11-10;1;13
7;2025-11-10;2;0
7;2025-11-10;3;0
7;2025-11-10;4;1
7;2025-11-10;5;196
7;2025-11-10;6;730
7;2025-11-10;7;1617
7;2025-11-10;8;2474
7;2025-11-10;9;1853
7;2025-11-10;10;1517
7;2025-11-10;11;1326
7;2025-11-10;12;1499
7;2025-11-10;13;1522
7;2025-11-10;14;1562
7;2025-11-10;15;1698
7;2025-11-10;16;1808
7;2025-11-10;17;2247
7;2025-11-10;18;2521
7;2025-11-10;19;1728
7;2025-11-10;20;1051
7;2025-11-10;21;580
7;2025-11-10;22;290
7;2025-11-10;23;159
7;2025-11-11;0;53
7;2025-11-11;1;12
7;2025-11-11;2;0
7;2025-11-11;3;0
7;2025-11-11;4;2
7;2025-11-11;5;206
7;2025-11-11;6;725
7;2025-11-11;7;1679
7;2025-11-11;8;2515
7;2025-11-11;9;1890
7;2025-11-11;10;1645
7;2025-11-11;11;1538
7;2025-11-11;12;1672
7;2025-11-11;13;1604
7;2025-11-11;14;1649
7;2025-11-11;15;1760
7;2025-11-11;16;1894
7;2025-11-11;17;2342
7;2025-11-11;18;2578
7;2025-11-11;19;1795
7;2025-11-11;20;1115
7;2025-11-11;21;678
7;2025-11-11;22;330
7;2025-11-11;23;179
7;2025-11-12;0;59
7;2025-11-12;1;9
7;2025-11-12;2;0
7;2025-11-12;3;0
7;2025-11-12;4;2
7;2025-11-12;5;199
7;2025-11-12;6;736
7;2025-11-12;7;1665
7;2025-11-12;8;2579
7;2025-11-12;9;2041
7;2025-11-12;10;1735
7;2025-11-12;11;1501
7;2025-11-12;12;1598
7;2025-11-12;13;1571
7;2025-11-12;14;1740
7;2025-11-12;15;1840
7;2025-11-12;16;1880
7;2025-11-12;17;2441
7;2025-11-12;18;2569
7;2025-11-12;19;1782
7;2025-11-12;20;1123
7;2025-11-12;21;648
7;2025-11-12;22;353
7;2025-11-12;23;207
7;2025-11-13;0;66
7;2025-11-13;1;13
7;2025-11-13;2;0
7;2025-11-13;3;0
7;2025-11-13;4;1
7;2025-11-13;5;195
7;2025-11-13;6;748
7;2025-11-13;7;1652
7;2025-11-13;8;2505
7;2025-11-13;9;1873
7;2025-11-13;10;1603
7;2025-11-13;11;1481
7;2025-11-13;12;1574
7;2025-11-13;13;1527
7;2025-11-13;14;1702
7;2025-11-13;15;1751
7;2025-11-13;16;1848
7;2025-11-13;17;2373
7;2025-11-13;18;2764
7;2025-11-13;19;1769
7;2025-11-13;20;1076
7;2025-11-13;21;686
7;2025-11-13;22;321
7;2025-11-13;23;205
7;2025-11-14;0;66
7;2025-11-14;1;13
7;2025-11-14;2;0
7;2025-11-14;3;0
7;2025-11-14;4;1
7;2025-11-14;5;195
7;2025-11-14;6;663
7;2025-11-14;7;1589
7;2025-11-14;8;2399
7;2025-11-14;9;1889
7;2025-11-14;10;1648
7;2025-11-14;11;1554
7;2025-11-14;12;1614
7;2025-11-14;13;1702
7;2025-11-14;14;1789
7;2025-11-14;15;1897
7;2025-11-14;16;2159
7;2025-11-14;17;2360
7;2025-11-14;18;2154
7;2025-11-14;19;1598
7;2025-11-14;20;1066
7;2025-11-14;21;630
7;2025-11-14;22;374
7;2025-11-14;23;226
7;2025-11-15;0;105
7;2025-11-15;1;24
7;2025-11-15;2;0
7;2025-11-15;3;0
7;2025-11-15;4;0
7;2025-11-15;5;55
7;2025-11-15;6;272
7;2025-11-15;7;457
7;2025-11-15;8;689
7;2025-11-15;9;810
7;2025-11-15;10;845
7;2025-11-15;11;1020
7;2025-11-15;12;1126
7;2025-11-15;13;1154
7;2025-11-15;14;1207
7;2025-11-15;15;1127
7;2025-11-15;16;1088
7;2025-11-15;17;1025
7;2025-11-15;18;995
7;2025-11-15;19;982
7;2025-11-15;20;726
7;2025-11-15;21;565
7;2025-11-15;22;300
7;2025-11-15;23;201
7;2025-11-16;0;101
7;2025-11-16;1;20
7;2025-11-16;2;0
7;2025-11-16;3;0
7;2025-11-16;4;0
7;2025-11-16;5;32
7;2025-11-16;6;187
7;2025-11-16;7;296
7;2025-11-16;8;509
7;2025-11-16;9;584
7;2025-11-16;10;691
7;2025-11-16;11;850
7;2025-11-16;12;956
7;2025-11-16;13;995
7;2025-11-16;14;1081
7;2025-11-16;15;1002
7;2025-11-16;16;874
7;2025-11-16;17;969
7;2025-11-16;18;789
7;2025-11-16;19;683
7;2025-11-16;20;593
7;2025-11-16;21;453
7;2025-11-16;22;256
7;2025-11-16;23;143
7;2025-11-17;0;68
7;2025-11-17;1;13
7;2025-11-17;2;0
7;2025-11-17;3;0
7;2025-11-17;4;1
7;2025-11-17;5;196
7;2025-11-17;6;730
7;2025-11-17;7;1617
7;2025-11-17;8;2474
7;2025-11-17;9;1853
7;2025-11-17;10;1517
7;2025-11-17;11;1326
7;2025-11-17;12;1499
7;2025-11-17;13;1522
7;2025-11-17;14;1562
7;2025-11-17;15;1698
7;2025-11-17;16;1808
7;2025-11-17;17;2247
7;2025-11-17;18;2521
7;2025-11-17;19;1728
7;2025-11-17;20;1051
7;2025-11-17;21;580
7;2025-11-17;22;290
7;2025-11-17;23;159
7;2025-11-18;0;53
7;2025-11-18;1;12
7;2025-11-18;2;0
7;2025-11-18;3;0
7;2025-11-18;4;2
7;2025-11-18;5;206
7;2025-11-18;6;725
7;2025-11-18;7;1679
7;2025-11-18;8;2515
7;2025-11-18;9;1890
7;2025-11-18;10;1645
7;2025-11-18;11;1538
7;2025-11-18;12;1672
7;2025-11-18;13;1604
7;2025-11-18;14;1649
7;2025-11-18;15;1760
7;2025-11-18;16;1894
7;2025-11-18;17;2342
7;2025-11-18;18;2578
7;2025-11-18;19;1795
7;2025-11-18;20;1115
7;2025-11-18;21;678
7;2025-11-18;22;330
7;2025-11-18;23;179
7;2025-11-19;0;59
7;2025-11-19;1;9
7;2025-11-19;2;0
7;2025-11-19;3;0
7;2025-11-19;4;2
7;2025-11-19;5;199
7;2025-11-19;6;736
7;2025-11-19;7;1665
7;2025-11-19;8;2579
7;2025-11-19;9;2041
7;2025-11-19;10;1735
7;2025-11-19;11;1501
7;2025-11-19;12;1598
7;2025-11-19;13;1571
7;2025-11-19;14;1740
7;2025-11-19;15;1840
7;2025-11-19;16;1880
7;2025-11-19;17;2441
7;2025-11-19;18;2569
7;2025-11-19;19;1782
7;2025-11-19;20;1123
7;2025-11-19;21;648
7;2025-11-19;22;353
7;2025-11-19;23;207
7;2025-11-20;0;66
7;2025-11-20;1;13
7;2025-11-20;2;0
7;2025-11-20;3;0
7;2025-11-20;4;1
7;2025-11-20;5;195
7;2025-11-20;6;748
7;2025-11-20;7;1652
7;2025-11-20;8;2505
7;2025-11-20;9;1873
7;2025-11-20;10;1603
7;2025-11-20;11;1481
7;2025-11-20;12;1574
7;2025-11-20;13;1527
7;2025-11-20;14;1702
7;2025-11-20;15;1751
7;2025-11-20;16;1848
7;2025-11-20;17;2373
7;2025-11-20;18;2764
7;2025-11-20;19;1769
7;2025-11-20;20;1076
7;2025-11-20;21;686
7;2025-11-20;22;321
7;2025-11-20;23;205
7;2025-11-21;0;66
7;2025-11-21;1;13
7;2025-11-21;2;0
7;2025-11-21;3;0
7;2025-11-21;4;1
7;2025-11-21;5;195
7;2025-11-21;6;663
7;2025-11-21;7;1589
7;2025-11-21;8;2399
7;2025-11-21;9;1889
7;2025-11-21;10;1648
7;2025-11-21;11;1554
7;2025-11-21;12;1614
7;2025-11-21;13;1702
7;2025-11-21;14;1789
7;2025-11-21;15;1897
7;2025-11-21;16;2159
7;2025-11-21;17;2360
7;2025-11-21;18;2154
7;2025-11-21;19;1598
7;2025-11-21;20;1066
7;2025-11-21;21;630
7;2025-11-21;22;374
7;2025-11-21;23;226
7;2025-11-22;0;105
7;2025-11-22;1;24
7;2025-11-22;2;0
7;2025-11-22;3;0
7;2025-11-22;4;0
7;2025-11-22;5;55
7;2025-11-22;6;272
7;2025-11-22;7;457
7;2025-11-22;8;689
7;2025-11-22;9;810
7;2025-11-22;10;845
7;2025-11-22;11;1020
7;2025-11-22;12;1126
7;2025-11-22;13;1154
7;2025-11-22;14;1207
7;2025-11-22;15;1127
7;2025-11-22;16;1088
7;2025-11-22;17;1025
7;2025-11-22;18;995
7;2025-11-22;19;982
7;2025-11-22;20;726
7;2025-11-22;21;565
7;2025-11-22;22;300
7;2025-11-22;23;201
7;2025-11-23;0;101
7;2025-11-23;1;20
7;2025-11-23;2;0
7;2025-11-23;3;0
7;2025-11-23;4;0
7;2025-11-23;5;32
7;2025-11-23;6;187
7;2025-11-23;7;296
7;2025-11-23;8;509
7;2025-11-23;9;584
7;2025-11-23;10;691
7;2025-11-23;11;850
7;2025-11-23;12;956
7;2025-11-23;13;995
7;2025-11-23;14;1081
7;2025-11-23;15;1002
7;2025-11-23;16;874
7;2025-11-23;17;969
7;2025-11-23;18;789
7;2025-11-23;19;683
7;2025-11-23;20;593
7;2025-11-23;21;453
7;2025-11-23;22;256
7;2025-11-23;23;143
7;2025-11-24;0;68
7;2025-11-24;1;13
7;2025-11-24;2;0
7;2025-11-24;3;0
7;2025-11-24;4;1
7;2025-11-24;5;196
7;2025-11-24;6;730
7;2025-11-24;7;1617
7;2025-11-24;8;2474
7;2025-11-24;9;1853
7;2025-11-24;10;1517
7;2025-11-24;11;1326
7;2025-11-24;12;1499
7;2025-11-24;13;1522
7;2025-11-24;14;1562
7;2025-11-24;15;1698
7;2025-11-24;16;1808
7;2025-11-24;17;2247
7;2025-11-24;18;2521
7;2025-11-24;19;1728
7;2025-11-24;20;1051
7;2025-11-24;21;580
7;2025-11-24;22;290
7;2025-11-24;23;159
7;2025-11-25;0;53
7;2025-11-25;1;12
7;2025-11-25;2;0
7;2025-11-25;3;0
7;2025-11-25;4;2
7;2025-11-25;5;206
7;2025-11-25;6;725
7;2025-11-25;7;1679
7;2025-11-25;8;2515
7;2025-11-25;9;1890
7;2025-11-25;10;1645
7;2025-11-25;11;1538
7;2025-11-25;12;1672
7;2025-11-25;13;1604
7;2025-11-25;14;1649
7;2025-11-25;15;1760
7;2025-11-25;16;1894
7;2025-11-25;17;2342
7;2025-11-25;18;2578
7;2025-11-25;19;1795
7;2025-11-25;20;1115
7;2025-11-25;21;678
7;2025-11-25;22;330
7;2025-11-25;23;179
7;2025-11-26;0;59
7;2025-11-26;1;9
7;2025-11-26;2;0
7;2025-11-26;3;0
7;2025-11-26;4;2
7;2025-11-26;5;199
7;2025-11-26;6;736
7;2025-11-26;7;1665
7;2025-11-26;8;2579
7;2025-11-26;9;2041
7;2025-11-26;10;1735
7;2025-11-26;11;1501
7;2025-11-26;12;1598
7;2025-11-26;13;1571
7;2025-11-26;14;1740
7;2025-11-26;15;1840
7;2025-11-26;16;1880
7;2025-11-26;17;2441
7;2025-11-26;18;2569
7;2025-11-26;19;1782
7;2025-11-26;20;1123
7;2025-11-26;21;648
7;2025-11-26;22;353
7;2025-11-26;23;207
7;2025-11-27;0;66
7;2025-11-27;1;13
7;2025-11-27;2;0
7;2025-11-27;3;0
7;2025-11-27;4;1
7;2025-11-27;5;195
7;2025-11-27;6;748
7;2025-11-27;7;1652
7;2025-11-27;8;2505
7;2025-11-27;9;1873
7;2025-11-27;10;1603
7;2025-11-27;11;1481
7;2025-11-27;12;1574
7;2025-11-27;13;1527
7;2025-11-27;14;1702
7;2025-11-27;15;1751
7;2025-11-27;16;1848
7;2025-11-27;17;2373
7;2025-11-27;18;2764
7;2025-11-27;19;1769
7;2025-11-27;20;1076
7;2025-11-27;21;686
7;2025-11-27;22;321
7;2025-11-27;23;205
7;2025-11-28;0;66
7;2025-11-28;1;13
7;2025-11-28;2;0
7;2025-11-28;3;0
7;2025-11-28;4;1
7;2025-11-28;5;195
7;2025-11-28;6;663
7;2025-11-28;7;1589
7;2025-11-28;8;2399
7;2025-11-28;9;1889
7;2025-11-28;10;1648
7;2025-11-28;11;1554
7;2025-11-28;12;1614
7;2025-11-28;13;1702
7;2025-11-28;14;1789
7;2025-11-28;15;1897
7;2025-11-28;16;2159
7;2025-11-28;17;2360
7;2025-11-28;18;2154
7;2025-11-28;19;1598
7;2025-11-28;20;1066
7;2025-11-28;21;630
7;2025-11-28;22;374
7;2025-11-28;23;226
7;2025-11-29;0;105
7;2025-11-29;1;24
7;2025-11-29;2;0
7;2025-11-29;3;0
7;2025-11-29;4;0
7;2025-11-29;5;55
7;2025-11-29;6;272
7;2025-11-29;7;457
7;2025-11-29;8;689
7;2025-11-29;9;810
7;2025-11-29;10;845
7;2025-11-29;11;1020
7;2025-11-29;12;1126
7;2025-11-29;13;1154
7;2025-11-29;14;1207
7;2025-11-29;15;1127
7;2025-11-29;16;1088
7;2025-11-29;17;1025
7;2025-11-29;18;995
7;2025-11-29;19;982
7;2025-11-29;20;726
7;2025-11-29;21;565
7;2025-11-29;22;300
7;2025-11-29;23;201
7;2025-11-30;0;101
7;2025-11-30;1;20
7;2025-11-30;2;0
7;2025-11-30;3;0
7;2025-11-30;4;0
7;2025-11-30;5;32
7;2025-11-30;6;187
7;2025-11-30;7;296
7;2025-11-30;8;509
7;2025-11-30;9;584
7;2025-11-30;10;691
7;2025-11-30;11;850
7;2025-11-30;12;956
7;2025-11-30;13;995
7;2025-11-30;14;1081
7;2025-11-30;15;1002
7;2025-11-30;16;874
7;2025-11-30;17;969
7;2025-11-30;18;789
7;2025-11-30;19;683
7;2025-11-30;20;593
7;2025-11-30;21;453
7;2025-11-30;22;256
7;2025-11-30;23;143
7;2025-12-01;0;68
7;2025-12-01;1;13
7;2025-12-01;2;0
7;2025-12-01;3;0
7;2025-12-01;4;1
7;2025-12-01;5;196
7;2025-12-01;6;730
7;2025-12-01;7;1617
7;2025-12-01;8;2474
7;2025-12-01;9;1853
7;2025-12-01;10;1517
7;2025-12-01;11;1326
7;2025-12-01;12;1499
7;2025-12-01;13;1522
7;2025-12-01;14;1562
7;2025-12-01;15;1698
7;2025-12-01;16;1808
7;2025-12-01;17;2247
7;2025-12-01;18;2521
7;2025-12-01;19;1728
7;2025-12-01;20;1051
7;2025-12-01;21;580
7;2025-12-01;22;290
7;2025-12-01;23;159
7;2025-12-02;0;53
7;2025-12-02;1;12
7;2025-12-02;2;0
7;2025-12-02;3;0
7;2025-12-02;4;2
7;2025-12-02;5;206
7;2025-12-02;6;725
7;2025-12-02;7;1679
7;2025-12-02;8;2515
7;2025-12-02;9;1890
7;2025-12-02;10;1645
7;2025-12-02;11;1538
7;2025-12-02;12;1672
7;2025-12-02;13;1604
7;2025-12-02;14;1649
7;2025-12-02;15;1760
7;2025-12-02;16;1894
7;2025-12-02;17;2342
7;2025-12-02;18;2578
7;2025-12-02;19;1795
7;2025-12-02;20;1115
7;2025-12-02;21;678
7;2025-12-02;22;330
7;2025-12-02;23;179
7;2025-12-03;0;59
7;2025-12-03;1;9
7;2025-12-03;2;0
7;2025-12-03;3;0
7;2025-12-03;4;2
7;2025-12-03;5;199
7;2025-12-03;6;736
7;2025-12-03;7;1665
7;2025-12-03;8;2579
7;2025-12-03;9;2041
7;2025-12-03;10;1735
7;2025-12-03;11;1501
7;2025-12-03;12;1598
7;2025-12-03;13;1571
7;2025-12-03;14;1740
7;2025-12-03;15;1840
7;2025-12-03;16;1880
7;2025-12-03;17;2441
7;2025-12-03;18;2569
7;2025-12-03;19;1782
7;2025-12-03;20;1123
7;2025-12-03;21;648
7;2025-12-03;22;353
7;2025-12-03;23;207
7;2025-12-04;0;66
7;2025-12-04;1;13
7;2025-12-04;2;0
7;2025-12-04;3;0
7;2025-12-04;4;1
7;2025-12-04;5;195
7;2025-12-04;6;748
7;2025-12-04;7;1652
7;2025-12-04;8;2505
7;2025-12-04;9;1873
7;2025-12-04;10;1603
7;2025-12-04;11;1481
7;2025-12-04;12;1574
7;2025-12-04;13;1527
7;2025-12-04;14;1702
7;2025-12-04;15;1751
7;2025-12-04;16;1848
7;2025-12-04;17;2373
7;2025-12-04;18;2764
7;2025-12-04;19;1769
7;2025-12-04;20;1076
7;2025-12-04;21;686
7;2025-12-04;22;321
7;2025-12-04;23;205
7;2025-12-05;0;66
7;2025-12-05;1;13
7;2025-12-05;2;0
7;2025-12-05;3;0
7;2025-12-05;4;1
7;2025-12-05;5;195
7;2025-12-05;6;663
7;2025-12-05;7;1589
7;2025-12-05;8;2399
7;2025-12-05;9;1889
7;2025-12-05;10;1648
7;2025-12-05;11;1554
7;2025-12-05;12;1614
7;2025-12-05;13;1702
7;2025-12-05;14;1789
7;2025-12-05;15;1897
7;2025-12-05;16;2159
7;2025-12-05;17;2360
7;2025-12-05;18;2154
7;2025-12-05;19;1598
7;2025-12-05;20;1066
7;2025-12-05;21;630
7;2025-12-05;22;374
7;2025-12-05;23;226
7;2025-12-06;0;105
7;2025-12-06;1;24
7;2025-12-06;2;0
7;2025-12-06;3;0
7;2025-12-06;4;0
7;2025-12-06;5;55
7;2025-12-06;6;272
7;2025-12-06;7;457
7;2025-12-06;8;689
7;2025-12-06;9;810
7;2025-12-06;10;845
7;2025-12-06;11;1020
7;2025-12-06;12;1126
7;2025-12-06;13;1154
7;2025-12-06;14;1207
7;2025-12-06;15;1127
7;2025-12-06;16;1088
7;2025-12-06;17;1025
7;2025-12-06;18;995
7;2025-12-06;19;982
7;2025-12-06;20;726
7;2025-12-06;21;565
7;2025-12-06;22;300
7;2025-12-06;23;201
7;2025-12-07;0;101
7;2025-12-07;1;20
7;2025-12-07;2;0
7;2025-12-07;3;0
7;2025-12-07;4;0
7;2025-12-07;5;32
7;2025-12-07;6;187
7;2025-12-07;7;296
7;2025-12-07;8;509
7;2025-12-07;9;584
7;2025-12-07;10;691
7;2025-12-07;11;850
7;2025-12-07;12;956
7;2025-12-07;13;995
7;2025-12-07;14;1081
7;2025-12-07;15;1002
7;2025-12-07;16;874
7;2025-12-07;17;969
7;2025-12-07;18;789
7;2025-12-07;19;683
7;2025-12-07;20;593
7;2025-12-07;21;453
7;2025-12-07;22;256
7;2025-12-07;23;143
7;2025-12-08;0;68
7;2025-12-08;1;13
7;2025-12-08;2;0
7;2025-12-08;3;0
7;2025-12-08;4;1
7;2025-12-08;5;196
7;2025-12-08;6;730
7;2025-12-08;7;1617
7;2025-12-08;8;2474
7;2025-12-08;9;1853
7;2025-12-08;10;1517
7;2025-12-08;11;1326
7;2025-12-08;12;1499
7;2025-12-08;13;1522
7;2025-12-08;14;1562
7;2025-12-08;15;1698
7;2025-12-08;16;1808
7;2025-12-08;17;2247
7;2025-12-08;18;2521
7;2025-12-08;19;1728
7;2025-12-08;20;1051
7;2025-12-08;21;580
7;2025-12-08;22;290
7;2025-12-08;23;159
7;2025-12-09;0;53
7;2025-12-09;1;12
7;2025-12-09;2;0
7;2025-12-09;3;0
7;2025-12-09;4;2
7;2025-12-09;5;206
7;2025-12-09;6;725
7;2025-12-09;7;1679
7;2025-12-09;8;2515
7;2025-12-09;9;1890
7;2025-12-09;10;1645
7;2025-12-09;11;1538
7;2025-12-09;12;1672
7;2025-12-09;13;1604
7;2025-12-09;14;1649
7;2025-12-09;15;1760
7;2025-12-09;16;1894
7;2025-12-09;17;2342
7;2025-12-09;18;2578
7;2025-12-09;19;1795
7;2025-12-09;20;1115
7;2025-12-09;21;678
7;2025-12-09;22;330
7;2025-12-09;23;179
7;2025-12-10;0;59
7;2025-12-10;1;9
7;2025-12-10;2;0
7;2025-12-10;3;0
7;2025-12-10;4;2
7;2025-12-10;5;199
7;2025-12-10;6;736
7;2025-12-10;7;1665
7;2025-12-10;8;2579
7;2025-12-10;9;2041
7;2025-12-10;10;1735
7;2025-12-10;11;1501
7;2025-12-10;12;1598
7;2025-12-10;13;1571
7;2025-12-10;14;1740
7;2025-12-10;15;1840
7;2025-12-10;16;1880
7;2025-12-10;17;2441
7;2025-12-10;18;2569
7;2025-12-10;19;1782
7;2025-12-10;20;1123
7;2025-12-10;21;648
7;2025-12-10;22;353
7;2025-12-10;23;207
7;2025-12-11;0;66
7;2025-12-11;1;13
7;2025-12-11;2;0
7;2025-12-11;3;0
7;2025-12-11;4;1
7;2025-12-11;5;195
7;2025-12-11;6;748
7;2025-12-11;7;1652
7;2025-12-11;8;2505
7;2025-12-11;9;1873
7;2025-12-11;10;1603
7;2025-12-11;11;1481
7;2025-12-11;12;1574
7;2025-12-11;13;1527
7;2025-12-11;14;1702
7;2025-12-11;15;1751
7;2025-12-11;16;1848
7;2025-12-11;17;2373
7;2025-12-11;18;2764
7;2025-12-11;19;1769
7;2025-12-11;20;1076
7;2025-12-11;21;686
7;2025-12-11;22;321
7;2025-12-11;23;205
7;2025-12-12;0;66
7;2025-12-12;1;13
7;2025-12-12;2;0
7;2025-12-12;3;0
7;2025-12-12;4;1
7;2025-12-12;5;195
7;2025-12-12;6;663
7;2025-12-12;7;1589
7;2025-12-12;8;2399
7;2025-12-12;9;1889
7;2025-12-12;10;1648
7;2025-12-12;11;1554
7;2025-12-12;12;1614
7;2025-12-12;13;1702
7;2025-12-12;14;1789
7;2025-12-12;15;1897
7;2025-12-12;16;2159
7;2025-12-12;17;2360
7;2025-12-12;18;2154
7;2025-12-12;19;1598
7;2025-12-12;20;1066
7;2025-12-12;21;630
7;2025-12-12;22;374
7;2025-12-12;23;226
7;2025-12-13;0;105
7;2025-12-13;1;24
7;2025-12-13;2;0
7;2025-12-13;3;0
7;2025-12-13;4;0
7;2025-12-13;5;55
7;2025-12-13;6;272
7;2025-12-13;7;457
7;2025-12-13;8;689
7;2025-12-13;9;810
7;2025-12-13;10;845
7;2025-12-13;11;1020
7;2025-12-13;12;1126
7;2025-12-13;13;1154
7;2025-12-13;14;1207
7;2025-12-13;15;1127
7;2025-12-13;16;1088
7;2025-12-13;17;1025
7;2025-12-13;18;995
7;2025-12-13;19;982
7;2025-12-13;20;726
7;2025-12-13;21;565
7;2025-12-13;22;300
7;2025-12-13;23;201
7;2025-12-14;0;101
7;2025-12-14;1;20
7;2025-12-14;2;0
7;2025-12-14;3;0
7;2025-12-14;4;0
7;2025-12-14;5;32
7;2025-12-14;6;187
7;2025-12-14;7;296
7;2025-12-14;8;509
7;2025-12-14;9;584
7;2025-12-14;10;691
7;2025-12-14;11;850
7;2025-12-14;12;956
7;2025-12-14;13;995
7;2025-12-14;14;1081
7;2025-12-14;15;1002
7;2025-12-14;16;874
7;2025-12-14;17;969
7;2025-12-14;18;789
7;2025-12-14;19;683
7;2025-12-14;20;593
7;2025-12-14;21;453
7;2025-12-14;22;256
7;2025-12-14;23;143
7;2025-12-15;0;68
7;2025-12-15;1;13
7;2025-12-15;2;0
7;2025-12-15;3;0
7;2025-12-15;4;1
7;2025-12-15;5;196
7;2025-12-15;6;730
7;2025-12-15;7;1617
7;2025-12-15;8;2474
7;2025-12-15;9;1853
7;2025-12-15;10;1517
7;2025-12-15;11;1326
7;2025-12-15;12;1499
7;2025-12-15;13;1522
7;2025-12-15;14;1562
7;2025-12-15;15;1698
7;2025-12-15;16;1808
7;2025-12-15;17;2247
7;2025-12-15;18;2521
7;2025-12-15;19;1728
7;2025-12-15;20;1051
7;2025-12-15;21;580
7;2025-12-15;22;290
7;2025-12-15;23;159
7;2025-12-16;0;53
7;2025-12-16;1;12
7;2025-12-16;2;0
7;2025-12-16;3;0
7;2025-12-16;4;2
7;2025-12-16;5;206
7;2025-12-16;6;725
7;2025-12-16;7;1679
7;2025-12-16;8;2515
7;2025-12-16;9;1890
7;2025-12-16;10;1645
7;2025-12-16;11;1538
7;2025-12-16;12;1672
7;2025-12-16;13;1604
7;2025-12-16;14;1649
7;2025-12-16;15;1760
7;2025-12-16;16;1894
7;2025-12-16;17;2342
7;2025-12-16;18;2578
7;2025-12-16;19;1795
7;2025-12-16;20;1115
7;2025-12-16;21;678
7;2025-12-16;22;330
7;2025-12-16;23;179
7;2025-12-17;0;59
7;2025-12-17;1;9
7;2025-12-17;2;0
7;2025-12-17;3;0
7;2025-12-17;4;2
7;2025-12-17;5;199
7;2025-12-17;6;736
7;2025-12-17;7;1665
7;2025-12-17;8;2579
7;2025-12-17;9;2041
7;2025-12-17;10;1735
7;2025-12-17;11;1501
7;2025-12-17;12;1598
7;2025-12-17;13;1571
7;2025-12-17;14;1740
7;2025-12-17;15;1840
7;2025-12-17;16;1880
7;2025-12-17;17;2441
7;2025-12-17;18;2569
7;2025-12-17;19;1782
7;2025-12-17;20;1123
7;2025-12-17;21;648
7;2025-12-17;22;353
7;2025-12-17;23;207
7;2025-12-18;0;66
7;2025-12-18;1;13
7;2025-12-18;2;0
7;2025-12-18;3;0
7;2025-12-18;4;1
7;2025-12-18;5;195
7;2025-12-18;6;748
7;2025-12-18;7;1652
7;2025-12-18;8;2505
7;2025-12-18;9;1873
7;2025-12-18;10;1603
7;2025-12-18;11;1481
7;2025-12-18;12;1574
7;2025-12-18;13;1527
7;2025-12-18;14;1702
7;2025-12-18;15;1751
7;2025-12-18;16;1848
7;2025-12-18;17;2373
7;2025-12-18;18;2764
7;2025-12-18;19;1769
7;2025-12-18;20;1076
7;2025-12-18;21;686
7;2025-12-18;22;321
7;2025-12-18;23;205
7;2025-12-19;0;66
7;2025-12-19;1;13
7;2025-12-19;2;0
7;2025-12-19;3;0
7;2025-12-19;4;1
7;2025-12-19;5;195
7;2025-12-19;6;663
7;2025-12-19;7;1589
7;2025-12-19;8;2399
7;2025-12-19;9;1889
7;2025-12-19;10;1648
7;2025-12-19;11;1554
7;2025-12-19;12;1614
7;2025-12-19;13;1702
7;2025-12-19;14;1789
7;2025-12-19;15;1897
7;2025-12-19;16;2159
7;2025-12-19;17;2360
7;2025-12-19;18;2154
7;2025-12-19;19;1598
7;2025-12-19;20;1066
7;2025-12-19;21;630
7;2025-12-19;22;374
7;2025-12-19;23;226
7;2025-12-20;0;105
7;2025-12-20;1;24
7;2025-12-20;2;0
7;2025-12-20;3;0
7;2025-12-20;4;0
7;2025-12-20;5;55
7;2025-12-20;6;272
7;2025-12-20;7;457
7;2025-12-20;8;689
7;2025-12-20;9;810
7;2025-12-20;10;845
7;2025-12-20;11;1020
7;2025-12-20;12;1126
7;2025-12-20;13;1154
7;2025-12-20;14;1207
7;2025-12-20;15;1127
7;2025-12-20;16;1088
7;2025-12-20;17;1025
7;2025-12-20;18;995
7;2025-12-20;19;982
7;2025-12-20;20;726
7;2025-12-20;21;565
7;2025-12-20;22;300
7;2025-12-20;23;201
7;2025-12-21;0;101
7;2025-12-21;1;20
7;2025-12-21;2;0
7;2025-12-21;3;0
7;2025-12-21;4;0
7;2025-12-21;5;32
7;2025-12-21;6;187
7;2025-12-21;7;296
7;2025-12-21;8;509
7;2025-12-21;9;584
7;2025-12-21;10;691
7;2025-12-21;11;850
7;2025-12-21;12;956
7;2025-12-21;13;995
7;2025-12-21;14;1081
7;2025-12-21;15;1002
7;2025-12-21;16;874
7;2025-12-21;17;969
7;2025-12-21;18;789
7;2025-12-21;19;683
7;2025-12-21;20;593
7;2025-12-21;21;453
7;2025-12-21;22;256
7;2025-12-21;23;143
7;2025-12-22;0;68
7;2025-12-22;1;13
7;2025-12-22;2;0
7;2025-12-22;3;0
7;2025-12-22;4;1
7;2025-12-22;5;196
7;2025-12-22;6;730
7;2025-12-22;7;1617
7;2025-12-22;8;2474
7;2025-12-22;9;1853
7;2025-12-22;10;1517
7;2025-12-22;11;1326
7;2025-12-22;12;1499
7;2025-12-22;13;1522
7;2025-12-22;14;1562
7;2025-12-22;15;1698
7;2025-12-22;16;1808
7;2025-12-22;17;2247
7;2025-12-22;18;2521
7;2025-12-22;19;1728
7;2025-12-22;20;1051
7;2025-12-22;21;580
7;2025-12-22;22;290
7;2025-12-22;23;159
7;2025-12-23;0;53
7;2025-12-23;1;12
7;2025-12-23;2;0
7;2025-12-23;3;0
7;2025-12-23;4;2
7;2025-12-23;5;206
7;2025-12-23;6;725
7;2025-12-23;7;1679
7;2025-12-23;8;2515
7;2025-12-23;9;1890
7;2025-12-23;10;1645
7;2025-12-23;11;1538
7;2025-12-23;12;1672
7;2025-12-23;13;1604
7;2025-12-23;14;1649
7;2025-12-23;15;1760
7;2025-12-23;16;1894
7;2025-12-23;17;2342
7;2025-12-23;18;2578
7;2025-12-23;19;1795
7;2025-12-23;20;1115
7;2025-12-23;21;678
7;2025-12-23;22;330
7;2025-12-23;23;179
7;2025-12-24;0;59
7;2025-12-24;1;9
7;2025-12-24;2;0
7;2025-12-24;3;0
7;2025-12-24;4;2
7;2025-12-24;5;199
7;2025-12-24;6;736
7;2025-12-24;7;1665
7;2025-12-24;8;2579
7;2025-12-24;9;2041
7;2025-12-24;10;1735
7;2025-12-24;11;1501
7;2025-12-24;12;1598
7;2025-12-24;13;1571
7;2025-12-24;14;1740
7;2025-12-24;15;1840
7;2025-12-24;16;1880
7;2025-12-24;17;2441
7;2025-12-24;18;2569
7;2025-12-24;19;1782
7;2025-12-24;20;1123
7;2025-12-24;21;648
7;2025-12-24;22;353
7;2025-12-24;23;207
7;2025-12-25;0;66
7;2025-12-25;1;13
7;2025-12-25;2;0
7;2025-12-25;3;0
7;2025-12-25;4;1
7;2025-12-25;5;195
7;2025-12-25;6;748
7;2025-12-25;7;1652
7;2025-12-25;8;2505
7;2025-12-25;9;1873
7;2025-12-25;10;1603
7;2025-12-25;11;1481
7;2025-12-25;12;1574
7;2025-12-25;13;1527
7;2025-12-25;14;1702
7;2025-12-25;15;1751
7;2025-12-25;16;1848
7;2025-12-25;17;2373
7;2025-12-25;18;2764
7;2025-12-25;19;1769
7;2025-12-25;20;1076
7;2025-12-25;21;686
7;2025-12-25;22;321
7;2025-12-25;23;205
7;2025-12-26;0;66
7;2025-12-26;1;13
7;2025-12-26;2;0
7;2025-12-26;3;0
7;2025-12-26;4;1
7;2025-12-26;5;195
7;2025-12-26;6;663
7;2025-12-26;7;1589
7;2025-12-26;8;2399
7;2025-12-26;9;1889
7;2025-12-26;10;1648
7;2025-12-26;11;1554
7;2025-12-26;12;1614
7;2025-12-26;13;1702
7;2025-12-26;14;1789
7;2025-12-26;15;1897
7;2025-12-26;16;2159
7;2025-12-26;17;2360
7;2025-12-26;18;2154
7;2025-12-26;19;1598
7;2025-12-26;20;1066
7;2025-12-26;21;630
7;2025-12-26;22;374
7;2025-12-26;23;226
7;2025-12-27;0;105
7;2025-12-27;1;24
7;2025-12-27;2;0
7;2025-12-27;3;0
7;2025-12-27;4;0
7;2025-12-27;5;55
7;2025-12-27;6;272
7;2025-12-27;7;457
7;2025-12-27;8;689
7;2025-12-27;9;810
7;2025-12-27;10;845
7;2025-12-27;11;1020
7;2025-12-27;12;1126
7;2025-12-27;13;1154
7;2025-12-27;14;1207
7;2025-12-27;15;1127
7;2025-12-27;16;1088
7;2025-12-27;17;1025
7;2025-12-27;18;995
7;2025-12-27;19;982
7;2025-12-27;20;726
7;2025-12-27;21;565
7;2025-12-27;22;300
7;2025-12-27;23;201
7;2025-12-28;0;101
7;2025-12-28;1;20
7;2025-12-28;2;0
7;2025-12-28;3;0
7;2025-12-28;4;0
7;2025-12-28;5;32
7;2025-12-28;6;187
7;2025-12-28;7;296
7;2025-12-28;8;509
7;2025-12-28;9;584
7;2025-12-28;10;691
7;2025-12-28;11;850
7;2025-12-28;12;956
7;2025-12-28;13;995
7;2025-12-28;14;1081
7;2025-12-28;15;1002
7;2025-12-28;16;874
7;2025-12-28;17;969
7;2025-12-28;18;789
7;2025-12-28;19;683
7;2025-12-28;20;593
7;2025-12-28;21;453
7;2025-12-28;22;256
7;2025-12-28;23;143
7;2025-12-29;0;68
7;2025-12-29;1;13
7;2025-12-29;2;0
7;2025-12-29;3;0
7;2025-12-29;4;1
7;2025-12-29;5;196
7;2025-12-29;6;730
7;2025-12-29;7;1617
7;2025-12-29;8;2474
7;2025-12-29;9;1853
7;2025-12-29;10;1517
7;2025-12-29;11;1326
7;2025-12-29;12;1499
7;2025-12-29;13;1522
7;2025-12-29;14;1562
7;2025-12-29;15;1698
7;2025-12-29;16;1808
7;2025-12-29;17;2247
7;2025-12-29;18;2521
7;2025-12-29;19;1728
7;2025-12-29;20;1051
7;2025-12-29;21;580
7;2025-12-29;22;290
7;2025-12-29;23;159
7;2025-12-30;0;53
7;2025-12-30;1;12
7;2025-12-30;2;0
7;2025-12-30;3;0
7;2025-12-30;4;2
7;2025-12-30;5;206
7;2025-12-30;6;725
7;2025-12-30;7;1679
7;2025-12-30;8;2515
7;2025-12-30;9;1890
7;2025-12-30;10;1645
7;2025-12-30;11;1538
7;2025-12-30;12;1672
7;2025-12-30;13;1604
7;2025-12-30;14;1649
7;2025-12-30;15;1760
7;2025-12-30;16;1894
7;2025-12-30;17;2342
7;2025-12-30;18;2578
7;2025-12-30;19;1795
7;2025-12-30;20;1115
7;2025-12-30;21;678
7;2025-12-30;22;330
7;2025-12-30;23;179
7;2025-12-31;0;101
7;2025-12-31;1;20
7;2025-12-31;2;0
7;2025-12-31;3;0
7;2025-12-31;4;0
7;2025-12-31;5;32
7;2025-12-31;6;187
7;2025-12-31;7;296
7;2025-12-31;8;509
7;2025-12-31;9;584
7;2025-12-31;10;691
7;2025-12-31;11;850
7;2025-12-31;12;956
7;2025-12-31;13;995
7;2025-12-31;14;1081
7;2025-12-31;15;1002
7;2025-12-31;16;874
7;2025-12-31;17;969
7;2025-12-31;18;789
7;2025-12-31;19;683
7;2025-12-31;20;593
7;2025-12-31;21;453
7;2025-12-31;22;256
7;2025-12-31;23;143
11;2025-11-01;0;73
11;2025-11-01;1;1
11;2025-11-01;2;0
11;2025-11-01;3;0
11;2025-11-01;4;0
11;2025-11-01;5;285
11;2025-11-01;6;1354
11;2025-11-01;7;2325
11;2025-11-01;8;3124
11;2025-11-01;9;2379
11;2025-11-01;10;1943
11;2025-11-01;11;1918
11;2025-11-01;12;1939
11;2025-11-01;13;2003
11;2025-11-01;14;2105
11;2025-11-01;15;2277
11;2025-11-01;16;2516
11;2025-11-01;17;2950
11;2025-11-01;18;2555
11;2025-11-01;19;2076
11;2025-11-01;20;1427
11;2025-11-01;21;870
11;2025-11-01;22;474
11;2025-11-01;23;288
11;2025-11-02;0;111
11;2025-11-02;1;10
11;2025-11-02;2;0
11;2025-11-02;3;0
11;2025-11-02;4;2
11;2025-11-02;5;117
11;2025-11-02;6;490
11;2025-11-02;7;524
11;2025-11-02;8;656
11;2025-11-02;9;924
11;2025-11-02;10;1038
11;2025-11-02;11;1456
11;2025-11-02;12;1654
11;2025-11-02;13;1587
11;2025-11-02;14;1605
11;2025-11-02;15;1664
11;2025-11-02;16;1563
11;2025-11-02;17;1688
11;2025-11-02;18;1299
11;2025-11-02;19;1039
11;2025-11-02;20;849
11;2025-11-02;21;601
11;2025-11-02;22;353
11;2025-11-02;23;245
11;2025-11-03;0;111
11;2025-11-03;1;10
11;2025-11-03;2;0
11;2025-11-03;3;0
11;2025-11-03;4;2
11;2025-11-03;5;117
11;2025-11-03;6;490
11;2025-11-03;7;524
11;2025-11-03;8;656
11;2025-11-03;9;924
11;2025-11-03;10;1038
11;2025-11-03;11;1456
11;2025-11-03;12;1654
11;2025-11-03;13;1587
11;2025-11-03;14;1605
11;2025-11-03;15;1664
11;2025-11-03;16;1563
11;2025-11-03;17;1688
11;2025-11-03;18;1299
11;2025-11-03;19;1039
11;2025-11-03;20;849
11;2025-11-03;21;601
11;2025-11-03;22;353
11;2025-11-03;23;245
11;2025-11-04;0;111
11;2025-11-04;1;10
11;2025-11-04;2;0
11;2025-11-04;3;0
11;2025-11-04;4;2
11;2025-11-04;5;117
11;2025-11-04;6;490
11;2025-11-04;7;524
11;2025-11-04;8;656
11;2025-11-04;9;924
11;2025-11-04;10;1038
11;2025-11-04;11;1456
11;2025-11-04;12;1654
11;2025-11-04;13;1587
11;2025-11-04;14;1605
11;2025-11-04;15;1664
11;2025-11-04;16;1563
11;2025-11-04;17;1688
11;2025-11-04;18;1299
11;2025-11-04;19;1039
11;2025-11-04;20;849
11;2025-11-04;21;601
11;2025-11-04;22;353
11;2025-11-04;23;245
11;2025-11-05;0;62
11;2025-11-05;1;0
11;2025-11-05;2;0
11;2025-11-05;3;0
11;2025-11-05;4;0
11;2025-11-05;5;285
11;2025-11-05;6;1314
11;2025-11-05;7;2450
11;2025-11-05;8;3224
11;2025-11-05;9;2405
11;2025-11-05;10;1860
11;2025-11-05;11;1891
11;2025-11-05;12;1929
11;2025-11-05;13;2055
11;2025-11-05;14;2006
11;2025-11-05;15;2019
11;2025-11-05;16;2148
11;2025-11-05;17;2788
11;2025-11-05;18;3039
11;2025-11-05;19;2354
11;2025-11-05;20;1556
11;2025-11-05;21;907
11;2025-11-05;22;419
11;2025-11-05;23;241
11;2025-11-06;0;64
11;2025-11-06;1;1
11;2025-11-06;2;0
11;2025-11-06;3;0
11;2025-11-06;4;0
11;2025-11-06;5;296
11;2025-11-06;6;1347
11;2025-11-06;7;2413
11;2025-11-06;8;3183
11;2025-11-06;9;2525
11;2025-11-06;10;1997
11;2025-11-06;11;1867
11;2025-11-06;12;1957
11;2025-11-06;13;2059
11;2025-11-06;14;1971
11;2025-11-06;15;2082
11;2025-11-06;16;2368
11;2025-11-06;17;2800
11;2025-11-06;18;3125
11;2025-11-06;19;2303
11;2025-11-06;20;1500
11;2025-11-06;21;936
11;2025-11-06;22;453
11;2025-11-06;23;235
11;2025-11-07;0;73
11;2025-11-07;1;1
11;2025-11-07;2;0
11;2025-11-07;3;0
11;2025-11-07;4;0
11;2025-11-07;5;285
11;2025-11-07;6;1354
11;2025-11-07;7;2325
11;2025-11-07;8;3124
11;2025-11-07;9;2379
11;2025-11-07;10;1943
11;2025-11-07;11;1918
11;2025-11-07;12;1939
11;2025-11-07;13;2003
11;2025-11-07;14;2105
11;2025-11-07;15;2277
11;2025-11-07;16;2516
11;2025-11-07;17;2950
11;2025-11-07;18;2555
11;2025-11-07;19;2076
11;2025-11-07;20;1427
11;2025-11-07;21;870
11;2025-11-07;22;474
11;2025-11-07;23;288
11;2025-11-08;0;102
11;2025-11-08;1;2
11;2025-11-08;2;0
11;2025-11-08;3;0
11;2025-11-08;4;4
11;2025-11-08;5;195
11;2025-11-08;6;795
11;2025-11-08;7;722
11;2025-11-08;8;1028
11;2025-11-08;9;1181
11;2025-11-08;10;1288
11;2025-11-08;11;1676
11;2025-11-08;12;1903
11;2025-11-08;13;1820
11;2025-11-08;14;1855
11;2025-11-08;15;1792
11;2025-11-08;16;1820
11;2025-11-08;17;1865
11;2025-11-08;18;1572
11;2025-11-08;19;1442
11;2025-11-08;20;1115
11;2025-11-08;21;737
11;2025-11-08;22;447
11;2025-11-08;23;305
11;2025-11-09;0;111
11;2025-11-09;1;10
11;2025-11-09;2;0
11;2025-11-09;3;0
11;2025-11-09;4;2
11;2025-11-09;5;117
11;2025-11-09;6;490
11;2025-11-09;7;524
11;2025-11-09;8;656
11;2025-11-09;9;924
11;2025-11-09;10;1038
11;2025-11-09;11;1456
11;2025-11-09;12;1654
11;2025-11-09;13;1587
11;2025-11-09;14;1605
11;2025-11-09;15;1664
11;2025-11-09;16;1563
11;2025-11-09;17;1688
11;2025-11-09;18;1299
11;2025-11-09;19;1039
11;2025-11-09;20;849
11;2025-11-09;21;601
11;2025-11-09;22;353
11;2025-11-09;23;245
11;2025-11-10;0;74
11;2025-11-10;1;6
11;2025-11-10;2;0
11;2025-11-10;3;0
11;2025-11-10;4;0
11;2025-11-10;5;288
11;2025-11-10;6;1362
11;2025-11-10;7;2378
11;2025-11-10;8;3142
11;2025-11-10;9;2397
11;2025-11-10;10;1819
11;2025-11-10;11;1846
11;2025-11-10;12;1743
11;2025-11-10;13;1919
11;2025-11-10;14;1914
11;2025-11-10;15;1976
11;2025-11-10;16;2228
11;2025-11-10;17;2770
11;2025-11-10;18;3063
11;2025-11-10;19;2335
11;2025-11-10;20;1497
11;2025-11-10;21;822
11;2025-11-10;22;418
11;2025-11-10;23;201
11;2025-11-11;0;62
11;2025-11-11;1;1
11;2025-11-11;2;0
11;2025-11-11;3;0
11;2025-11-11;4;0
11;2025-11-11;5;277
11;2025-11-11;6;1388
11;2025-11-11;7;2433
11;2025-11-11;8;3225
11;2025-11-11;9;2479
11;2025-11-11;10;1877
11;2025-11-11;11;1835
11;2025-11-11;12;1825
11;2025-11-11;13;2034
11;2025-11-11;14;2030
11;2025-11-11;15;2069
11;2025-11-11;16;2259
11;2025-11-11;17;2826
11;2025-11-11;18;3065
11;2025-11-11;19;2277
11;2025-11-11;20;1472
11;2025-11-11;21;863
11;2025-11-11;22;435
11;2025-11-11;23;206
11;2025-11-12;0;62
11;2025-11-12;1;0
11;2025-11-12;2;0
11;2025-11-12;3;0
11;2025-11-12;4;0
11;2025-11-12;5;285
11;2025-11-12;6;1314
11;2025-11-12;7;2450
11;2025-11-12;8;3224
11;2025-11-12;9;2405
11;2025-11-12;10;1860
11;2025-11-12;11;1891
11;2025-11-12;12;1929
11;2025-11-12;13;2055
11;2025-11-12;14;2006
11;2025-11-12;15;2019
11;2025-11-12;16;2148
11;2025-11-12;17;2788
11;2025-11-12;18;3039
11;2025-11-12;19;2354
11;2025-11-12;20;1556
11;2025-11-12;21;907
11;2025-11-12;22;419
11;2025-11-12;23;241
11;2025-11-13;0;64
11;2025-11-13;1;1
11;2025-11-13;2;0
11;2025-11-13;3;0
11;2025-11-13;4;0
11;2025-11-13;5;296
11;2025-11-13;6;1347
11;2025-11-13;7;2413
11;2025-11-13;8;3183
11;2025-11-13;9;2525
11;2025-11-13;10;1997
11;2025-11-13;11;1867
11;2025-11-13;12;1957
11;2025-11-13;13;2059
11;2025-11-13;14;1971
11;2025-11-13;15;2082
11;2025-11-13;16;2368
11;2025-11-13;17;2800
11;2025-11-13;18;3125
11;2025-11-13;19;2303
11;2025-11-13;20;1500
11;2025-11-13;21;936
11;2025-11-13;22;453
11;2025-11-13;23;235
11;2025-11-14;0;73
11;2025-11-14;1;1
11;2025-11-14;2;0
11;2025-11-14;3;0
11;2025-11-14;4;0
11;2025-11-14;5;285
11;2025-11-14;6;1354
11;2025-11-14;7;2325
11;2025-11-14;8;3124
11;2025-11-14;9;2379
11;2025-11-14;10;1943
11;2025-11-14;11;1918
11;2025-11-14;12;1939
11;2025-11-14;13;2003
11;2025-11-14;14;2105
11;2025-11-14;15;2277
11;2025-11-14;16;2516
11;2025-11-14;17;2950
11;2025-11-14;18;2555
11;2025-11-14;19;2076
11;2025-11-14;20;1427
11;2025-11-14;21;870
11;2025-11-14;22;474
11;2025-11-14;23;288
11;2025-11-15;0;102
11;2025-11-15;1;2
11;2025-11-15;2;0
11;2025-11-15;3;0
11;2025-11-15;4;4
11;2025-11-15;5;195
11;2025-11-15;6;795
11;2025-11-15;7;722
11;2025-11-15;8;1028
11;2025-11-15;9;1181
11;2025-11-15;10;1288
11;2025-11-15;11;1676
11;2025-11-15;12;1903
11;2025-11-15;13;1820
11;2025-11-15;14;1855
11;2025-11-15;15;1792
11;2025-11-15;16;1820
11;2025-11-15;17;1865
11;2025-11-15;18;1572
11;2025-11-15;19;1442
11;2025-11-15;20;1115
11;2025-11-15;21;737
11;2025-11-15;22;447
11;2025-11-15;23;305
11;2025-11-16;0;111
11;2025-11-16;1;10
11;2025-11-16;2;0
11;2025-11-16;3;0
11;2025-11-16;4;2
11;2025-11-16;5;117
11;2025-11-16;6;490
11;2025-11-16;7;524
11;2025-11-16;8;656
11;2025-11-16;9;924
11;2025-11-16;10;1038
11;2025-11-16;11;1456
11;2025-11-16;12;1654
11;2025-11-16;13;1587
11;2025-11-16;14;1605
11;2025-11-16;15;1664
11;2025-11-16;16;1563
11;2025-11-16;17;1688
11;2025-11-16;18;1299
11;2025-11-16;19;1039
11;2025-11-16;20;849
11;2025-11-16;21;601
11;2025-11-16;22;353
11;2025-11-16;23;245
11;2025-11-17;0;74
11;2025-11-17;1;6
11;2025-11-17;2;0
11;2025-11-17;3;0
11;2025-11-17;4;0
11;2025-11-17;5;288
11;2025-11-17;6;1362
11;2025-11-17;7;2378
11;2025-11-17;8;3142
11;2025-11-17;9;2397
11;2025-11-17;10;1819
11;2025-11-17;11;1846
11;2025-11-17;12;1743
11;2025-11-17;13;1919
11;2025-11-17;14;1914
11;2025-11-17;15;1976
11;2025-11-17;16;2228
11;2025-11-17;17;2770
11;2025-11-17;18;3063
11;2025-11-17;19;2335
11;2025-11-17;20;1497
11;2025-11-17;21;822
11;2025-11-17;22;418
11;2025-11-17;23;201
11;2025-11-18;0;62
11;2025-11-18;1;1
11;2025-11-18;2;0
11;2025-11-18;3;0
11;2025-11-18;4;0
11;2025-11-18;5;277
11;2025-11-18;6;1388
11;2025-11-18;7;2433
11;2025-11-18;8;3225
11;2025-11-18;9;2479
11;2025-11-18;10;1877
11;2025-11-18;11;1835
11;2025-11-18;12;1825
11;2025-11-18;13;2034
11;2025-11-18;14;2030
11;2025-11-18;15;2069
11;2025-11-18;16;2259
11;2025-11-18;17;2826
11;2025-11-18;18;3065
11;2025-11-18;19;2277
11;2025-11-18;20;1472
11;2025-11-18;21;863
11;2025-11-18;22;435
11;2025-11-18;23;206
11;2025-11-19;0;62
11;2025-11-19;1;0
11;2025-11-19;2;0
11;2025-11-19;3;0
11;2025-11-19;4;0
11;2025-11-19;5;285
11;2025-11-19;6;1314
11;2025-11-19;7;2450
11;2025-11-19;8;3224
11;2025-11-19;9;2405
11;2025-11-19;10;1860
11;2025-11-19;11;1891
11;2025-11-19;12;1929
11;2025-11-19;13;2055
11;2025-11-19;14;2006
11;2025-11-19;15;2019
11;2025-11-19;16;2148
11;2025-11-19;17;2788
11;2025-11-19;18;3039
11;2025-11-19;19;2354
11;2025-11-19;20;1556
11;2025-11-19;21;907
11;2025-11-19;22;419
11;2025-11-19;23;241
11;2025-11-20;0;64
11;2025-11-20;1;1
11;2025-11-20;2;0
11;2025-11-20;3;0
11;2025-11-20;4;0
11;2025-11-20;5;296
11;2025-11-20;6;1347
11;2025-11-20;7;2413
11;2025-11-20;8;3183
11;2025-11-20;9;2525
11;2025-11-20;10;1997
11;2025-11-20;11;1867
11;2025-11-20;12;1957
11;2025-11-20;13;2059
11;2025-11-20;14;1971
11;2025-11-20;15;2082
11;2025-11-20;16;2368
11;2025-11-20;17;2800
11;2025-11-20;18;3125
11;2025-11-20;19;2303
11;2025-11-20;20;1500
11;2025-11-20;21;936
11;2025-11-20;22;453
11;2025-11-20;23;235
11;2025-11-21;0;73
11;2025-11-21;1;1
11;2025-11-21;2;0
11;2025-11-21;3;0
11;2025-11-21;4;0
11;2025-11-21;5;285
11;2025-11-21;6;1354
11;2025-11-21;7;2325
11;2025-11-21;8;3124
11;2025-11-21;9;2379
11;2025-11-21;10;1943
11;2025-11-21;11;1918
11;2025-11-21;12;1939
11;2025-11-21;13;2003
11;2025-11-21;14;2105
11;2025-11-21;15;2277
11;2025-11-21;16;2516
11;2025-11-21;17;2950
11;2025-11-21;18;2555
11;2025-11-21;19;2076
11;2025-11-21;20;1427
11;2025-11-21;21;870
11;2025-11-21;22;474
11;2025-11-21;23;288
11;2025-11-22;0;102
11;2025-11-22;1;2
11;2025-11-22;2;0
11;2025-11-22;3;0
11;2025-11-22;4;4
11;2025-11-22;5;195
11;2025-11-22;6;795
11;2025-11-22;7;722
11;2025-11-22;8;1028
11;2025-11-22;9;1181
11;2025-11-22;10;1288
11;2025-11-22;11;1676
11;2025-11-22;12;1903
11;2025-11-22;13;1820
11;2025-11-22;14;1855
11;2025-11-22;15;1792
11;2025-11-22;16;1820
11;2025-11-22;17;1865
11;2025-11-22;18;1572
11;2025-11-22;19;1442
11;2025-11-22;20;1115
11;2025-11-22;21;737
11;2025-11-22;22;447
11;2025-11-22;23;305
11;2025-11-23;0;111
11;2025-11-23;1;10
11;2025-11-23;2;0
11;2025-11-23;3;0
11;2025-11-23;4;2
11;2025-11-23;5;117
11;2025-11-23;6;490
11;2025-11-23;7;524
11;2025-11-23;8;656
11;2025-11-23;9;924
11;2025-11-23;10;1038
11;2025-11-23;11;1456
11;2025-11-23;12;1654
11;2025-11-23;13;1587
11;2025-11-23;14;1605
11;2025-11-23;15;1664
11;2025-11-23;16;1563
11;2025-11-23;17;1688
11;2025-11-23;18;1299
11;2025-11-23;19;1039
11;2025-11-23;20;849
11;2025-11-23;21;601
11;2025-11-23;22;353
11;2025-11-23;23;245
11;2025-11-24;0;74
11;2025-11-24;1;6
11;2025-11-24;2;0
11;2025-11-24;3;0
11;2025-11-24;4;0
11;2025-11-24;5;288
11;2025-11-24;6;1362
11;2025-11-24;7;2378
11;2025-11-24;8;3142
11;2025-11-24;9;2397
11;2025-11-24;10;1819
11;2025-11-24;11;1846
11;2025-11-24;12;1743
11;2025-11-24;13;1919
11;2025-11-24;14;1914
11;2025-11-24;15;1976
11;2025-11-24;16;2228
11;2025-11-24;17;2770
11;2025-11-24;18;3063
11;2025-11-24;19;2335
11;2025-11-24;20;1497
11;2025-11-24;21;822
11;2025-11-24;22;418
11;2025-11-24;23;201
11;2025-11-25;0;62
11;2025-11-25;1;1
11;2025-11-25;2;0
11;2025-11-25;3;0
11;2025-11-25;4;0
11;2025-11-25;5;277
11;2025-11-25;6;1388
11;2025-11-25;7;2433
11;2025-11-25;8;3225
11;2025-11-25;9;2479
11;2025-11-25;10;1877
11;2025-11-25;11;1835
11;2025-11-25;12;1825
11;2025-11-25;13;2034
11;2025-11-25;14;2030
11;2025-11-25;15;2069
11;2025-11-25;16;2259
11;2025-11-25;17;2826
11;2025-11-25;18;3065
11;2025-11-25;19;2277
11;2025-11-25;20;1472
11;2025-11-25;21;863
11;2025-11-25;22;435
11;2025-11-25;23;206
11;2025-11-26;0;62
11;2025-11-26;1;0
11;2025-11-26;2;0
11;2025-11-26;3;0
11;2025-11-26;4;0
11;2025-11-26;5;285
11;2025-11-26;6;1314
11;2025-11-26;7;2450
11;2025-11-26;8;3224
11;2025-11-26;9;2405
11;2025-11-26;10;1860
11;2025-11-26;11;1891
11;2025-11-26;12;1929
11;2025-11-26;13;2055
11;2025-11-26;14;2006
11;2025-11-26;15;2019
11;2025-11-26;16;2148
11;2025-11-26;17;2788
11;2025-11-26;18;3039
11;2025-11-26;19;2354
11;2025-11-26;20;1556
11;2025-11-26;21;907
11;2025-11-26;22;419
11;2025-11-26;23;241
11;2025-11-27;0;64
11;2025-11-27;1;1
11;2025-11-27;2;0
11;2025-11-27;3;0
11;2025-11-27;4;0
11;2025-11-27;5;296
11;2025-11-27;6;1347
11;2025-11-27;7;2413
11;2025-11-27;8;3183
11;2025-11-27;9;2525
11;2025-11-27;10;1997
11;2025-11-27;11;1867
11;2025-11-27;12;1957
11;2025-11-27;13;2059
11;2025-11-27;14;1971
11;2025-11-27;15;2082
11;2025-11-27;16;2368
11;2025-11-27;17;2800
11;2025-11-27;18;3125
11;2025-11-27;19;2303
11;2025-11-27;20;1500
11;2025-11-27;21;936
11;2025-11-27;22;453
11;2025-11-27;23;235
11;2025-11-28;0;73
11;2025-11-28;1;1
11;2025-11-28;2;0
11;2025-11-28;3;0
11;2025-11-28;4;0
11;2025-11-28;5;285
11;2025-11-28;6;1354
11;2025-11-28;7;2325
11;2025-11-28;8;3124
11;2025-11-28;9;2379
11;2025-11-28;10;1943
11;2025-11-28;11;1918
11;2025-11-28;12;1939
11;2025-11-28;13;2003
11;2025-11-28;14;2105
11;2025-11-28;15;2277
11;2025-11-28;16;2516
11;2025-11-28;17;2950
11;2025-11-28;18;2555
11;2025-11-28;19;2076
11;2025-11-28;20;1427
11;2025-11-28;21;870
11;2025-11-28;22;474
11;2025-11-28;23;288
11;2025-11-29;0;102
11;2025-11-29;1;2
11;2025-11-29;2;0
11;2025-11-29;3;0
11;2025-11-29;4;4
11;2025-11-29;5;195
11;2025-11-29;6;795
11;2025-11-29;7;722
11;2025-11-29;8;1028
11;2025-11-29;9;1181
11;2025-11-29;10;1288
11;2025-11-29;11;1676
11;2025-11-29;12;1903
11;2025-11-29;13;1820
11;2025-11-29;14;1855
11;2025-11-29;15;1792
11;2025-11-29;16;1820
11;2025-11-29;17;1865
11;2025-11-29;18;1572
11;2025-11-29;19;1442
11;2025-11-29;20;1115
11;2025-11-29;21;737
11;2025-11-29;22;447
11;2025-11-29;23;305
11;2025-11-30;0;111
11;2025-11-30;1;10
11;2025-11-30;2;0
11;2025-11-30;3;0
11;2025-11-30;4;2
11;2025-11-30;5;117
11;2025-11-30;6;490
11;2025-11-30;7;524
11;2025-11-30;8;656
11;2025-11-30;9;924
11;2025-11-30;10;1038
11;2025-11-30;11;1456
11;2025-11-30;12;1654
11;2025-11-30;13;1587
11;2025-11-30;14;1605
11;2025-11-30;15;1664
11;2025-11-30;16;1563
11;2025-11-30;17;1688
11;2025-11-30;18;1299
11;2025-11-30;19;1039
11;2025-11-30;20;849
11;2025-11-30;21;601
11;2025-11-30;22;353
11;2025-11-30;23;245
11;2025-12-01;0;74
11;2025-12-01;1;6
11;2025-12-01;2;0
11;2025-12-01;3;0
11;2025-12-01;4;0
11;2025-12-01;5;288
11;2025-12-01;6;1362
11;2025-12-01;7;2378
11;2025-12-01;8;3142
11;2025-12-01;9;2397
11;2025-12-01;10;1819
11;2025-12-01;11;1846
11;2025-12-01;12;1743
11;2025-12-01;13;1919
11;2025-12-01;14;1914
11;2025-12-01;15;1976
11;2025-12-01;16;2228
11;2025-12-01;17;2770
11;2025-12-01;18;3063
11;2025-12-01;19;2335
11;2025-12-01;20;1497
11;2025-12-01;21;822
11;2025-12-01;22;418
11;2025-12-01;23;201
11;2025-12-02;0;62
11;2025-12-02;1;1
11;2025-12-02;2;0
11;2025-12-02;3;0
11;2025-12-02;4;0
11;2025-12-02;5;277
11;2025-12-02;6;1388
11;2025-12-02;7;2433
11;2025-12-02;8;3225
11;2025-12-02;9;2479
11;2025-12-02;10;1877
11;2025-12-02;11;1835
11;2025-12-02;12;1825
11;2025-12-02;13;2034
11;2025-12-02;14;2030
11;2025-12-02;15;2069
11;2025-12-02;16;2259
11;2025-12-02;17;2826
11;2025-12-02;18;3065
11;2025-12-02;19;2277
11;2025-12-02;20;1472
11;2025-12-02;21;863
11;2025-12-02;22;435
11;2025-12-02;23;206
11;2025-12-03;0;62
11;2025-12-03;1;0
11;2025-12-03;2;0
11;2025-12-03;3;0
11;2025-12-03;4;0
11;2025-12-03;5;285
11;2025-12-03;6;1314
11;2025-12-03;7;2450
11;2025-12-03;8;3224
11;2025-12-03;9;2405
11;2025-12-03;10;1860
11;2025-12-03;11;1891
11;2025-12-03;12;1929
11;2025-12-03;13;2055
11;2025-12-03;14;2006
11;2025-12-03;15;2019
11;2025-12-03;16;2148
11;2025-12-03;17;2788
11;2025-12-03;18;3039
11;2025-12-03;19;2354
11;2025-12-03;20;1556
11;2025-12-03;21;907
11;2025-12-03;22;419
11;2025-12-03;23;241
11;2025-12-04;0;64
11;2025-12-04;1;1
11;2025-12-04;2;0
11;2025-12-04;3;0
11;2025-12-04;4;0
11;2025-12-04;5;296
11;2025-12-04;6;1347
11;2025-12-04;7;2413
11;2025-12-04;8;3183
11;2025-12-04;9;2525
11;2025-12-04;10;1997
11;2025-12-04;11;1867
11;2025-12-04;12;1957
11;2025-12-04;13;2059
11;2025-12-04;14;1971
11;2025-12-04;15;2082
11;2025-12-04;16;2368
11;2025-12-04;17;2800
11;2025-12-04;18;3125
11;2025-12-04;19;2303
11;2025-12-04;20;1500
11;2025-12-04;21;936
11;2025-12-04;22;453
11;2025-12-04;23;235
11;2025-12-05;0;73
11;2025-12-05;1;1
11;2025-12-05;2;0
11;2025-12-05;3;0
11;2025-12-05;4;0
11;2025-12-05;5;285
11;2025-12-05;6;1354
11;2025-12-05;7;2325
11;2025-12-05;8;3124
11;2025-12-05;9;2379
11;2025-12-05;10;1943
11;2025-12-05;11;1918
11;2025-12-05;12;1939
11;2025-12-05;13;2003
11;2025-12-05;14;2105
11;2025-12-05;15;2277
11;2025-12-05;16;2516
11;2025-12-05;17;2950
11;2025-12-05;18;2555
11;2025-12-05;19;2076
11;2025-12-05;20;1427
11;2025-12-05;21;870
11;2025-12-05;22;474
11;2025-12-05;23;288
11;2025-12-06;0;102
11;2025-12-06;1;2
11;2025-12-06;2;0
11;2025-12-06;3;0
11;2025-12-06;4;4
11;2025-12-06;5;195
11;2025-12-06;6;795
11;2025-12-06;7;722
11;2025-12-06;8;1028
11;2025-12-06;9;1181
11;2025-12-06;10;1288
11;2025-12-06;11;1676
11;2025-12-06;12;1903
11;2025-12-06;13;1820
11;2025-12-06;14;1855
11;2025-12-06;15;1792
11;2025-12-06;16;1820
11;2025-12-06;17;1865
11;2025-12-06;18;1572
11;2025-12-06;19;1442
11;2025-12-06;20;1115
11;2025-12-06;21;737
11;2025-12-06;22;447
11;2025-12-06;23;305
11;2025-12-07;0;111
11;2025-12-07;1;10
11;2025-12-07;2;0
11;2025-12-07;3;0
11;2025-12-07;4;2
11;2025-12-07;5;117
11;2025-12-07;6;490
11;2025-12-07;7;524
11;2025-12-07;8;656
11;2025-12-07;9;924
11;2025-12-07;10;1038
11;2025-12-07;11;1456
11;2025-12-07;12;1654
11;2025-12-07;13;1587
11;2025-12-07;14;1605
11;2025-12-07;15;1664
11;2025-12-07;16;1563
11;2025-12-07;17;1688
11;2025-12-07;18;1299
11;2025-12-07;19;1039
11;2025-12-07;20;849
11;2025-12-07;21;601
11;2025-12-07;22;353
11;2025-12-07;23;245
11;2025-12-08;0;74
11;2025-12-08;1;6
11;2025-12-08;2;0
11;2025-12-08;3;0
11;2025-12-08;4;0
11;2025-12-08;5;288
11;2025-12-08;6;1362
11;2025-12-08;7;2378
11;2025-12-08;8;3142
11;2025-12-08;9;2397
11;2025-12-08;10;1819
11;2025-12-08;11;1846
11;2025-12-08;12;1743
11;2025-12-08;13;1919
11;2025-12-08;14;1914
11;2025-12-08;15;1976
11;2025-12-08;16;2228
11;2025-12-08;17;2770
11;2025-12-08;18;3063
11;2025-12-08;19;2335
11;2025-12-08;20;1497
11;2025-12-08;21;822
11;2025-12-08;22;418
11;2025-12-08;23;201
11;2025-12-09;0;62
11;2025-12-09;1;1
11;2025-12-09;2;0
11;2025-12-09;3;0
11;2025-12-09;4;0
11;2025-12-09;5;277
11;2025-12-09;6;1388
11;2025-12-09;7;2433
11;2025-12-09;8;3225
11;2025-12-09;9;2479
11;2025-12-09;10;1877
11;2025-12-09;11;1835
11;2025-12-09;12;1825
11;2025-12-09;13;2034
11;2025-12-09;14;2030
11;2025-12-09;15;2069
11;2025-12-09;16;2259
11;2025-12-09;17;2826
11;2025-12-09;18;3065
11;2025-12-09;19;2277
11;2025-12-09;20;1472
11;2025-12-09;21;863
11;2025-12-09;22;435
11;2025-12-09;23;206
11;2025-12-10;0;62
11;2025-12-10;1;0
11;2025-12-10;2;0
11;2025-12-10;3;0
11;2025-12-10;4;0
11;2025-12-10;5;285
11;2025-12-10;6;1314
11;2025-12-10;7;2450
11;2025-12-10;8;3224
11;2025-12-10;9;2405
11;2025-12-10;10;1860
11;2025-12-10;11;1891
11;2025-12-10;12;1929
11;2025-12-10;13;2055
11;2025-12-10;14;2006
11;2025-12-10;15;2019
11;2025-12-10;16;2148
11;2025-12-10;17;2788
11;2025-12-10;18;3039
11;2025-12-10;19;2354
11;2025-12-10;20;1556
11;2025-12-10;21;907
11;2025-12-10;22;419
11;2025-12-10;23;241
11;2025-12-11;0;64
11;2025-12-11;1;1
11;2025-12-11;2;0
11;2025-12-11;3;0
11;2025-12-11;4;0
11;2025-12-11;5;296
11;2025-12-11;6;1347
11;2025-12-11;7;2413
11;2025-12-11;8;3183
11;2025-12-11;9;2525
11;2025-12-11;10;1997
11;2025-12-11;11;1867
11;2025-12-11;12;1957
11;2025-12-11;13;2059
11;2025-12-11;14;1971
11;2025-12-11;15;2082
11;2025-12-11;16;2368
11;2025-12-11;17;2800
11;2025-12-11;18;3125
11;2025-12-11;19;2303
11;2025-12-11;20;1500
11;2025-12-11;21;936
11;2025-12-11;22;453
11;2025-12-11;23;235
11;2025-12-12;0;73
11;2025-12-12;1;1
11;2025-12-12;2;0
11;2025-12-12;3;0
11;2025-12-12;4;0
11;2025-12-12;5;285
11;2025-12-12;6;1354
11;2025-12-12;7;2325
11;2025-12-12;8;3124
11;2025-12-12;9;2379
11;2025-12-12;10;1943
11;2025-12-12;11;1918
11;2025-12-12;12;1939
11;2025-12-12;13;2003
11;2025-12-12;14;2105
11;2025-12-12;15;2277
11;2025-12-12;16;2516
11;2025-12-12;17;2950
11;2025-12-12;18;2555
11;2025-12-12;19;2076
11;2025-12-12;20;1427
11;2025-12-12;21;870
11;2025-12-12;22;474
11;2025-12-12;23;288
11;2025-12-13;0;102
11;2025-12-13;1;2
11;2025-12-13;2;0
11;2025-12-13;3;0
11;2025-12-13;4;4
11;2025-12-13;5;195
11;2025-12-13;6;795
11;2025-12-13;7;722
11;2025-12-13;8;1028
11;2025-12-13;9;1181
11;2025-12-13;10;1288
11;2025-12-13;11;1676
11;2025-12-13;12;1903
11;2025-12-13;13;1820
11;2025-12-13;14;1855
11;2025-12-13;15;1792
11;2025-12-13;16;1820
11;2025-12-13;17;1865
11;2025-12-13;18;1572
11;2025-12-13;19;1442
11;2025-12-13;20;1115
11;2025-12-13;21;737
11;2025-12-13;22;447
11;2025-12-13;23;305
11;2025-12-14;0;111
11;2025-12-14;1;10
11;2025-12-14;2;0
11;2025-12-14;3;0
11;2025-12-14;4;2
11;2025-12-14;5;117
11;2025-12-14;6;490
11;2025-12-14;7;524
11;2025-12-14;8;656
11;2025-12-14;9;924
11;2025-12-14;10;1038
11;2025-12-14;11;1456
11;2025-12-14;12;1654
11;2025-12-14;13;1587
11;2025-12-14;14;1605
11;2025-12-14;15;1664
11;2025-12-14;16;1563
11;2025-12-14;17;1688
11;2025-12-14;18;1299
11;2025-12-14;19;1039
11;2025-12-14;20;849
11;2025-12-14;21;601
11;2025-12-14;22;353
11;2025-12-14;23;245
11;2025-12-15;0;74
11;2025-12-15;1;6
11;2025-12-15;2;0
11;2025-12-15;3;0
11;2025-12-15;4;0
11;2025-12-15;5;288
11;2025-12-15;6;1362
11;2025-12-15;7;2378
11;2025-12-15;8;3142
11;2025-12-15;9;2397
11;2025-12-15;10;1819
11;2025-12-15;11;1846
11;2025-12-15;12;1743
11;2025-12-15;13;1919
11;2025-12-15;14;1914
11;2025-12-15;15;1976
11;2025-12-15;16;2228
11;2025-12-15;17;2770
11;2025-12-15;18;3063
11;2025-12-15;19;2335
11;2025-12-15;20;1497
11;2025-12-15;21;822
11;2025-12-15;22;418
11;2025-12-15;23;201
11;2025-12-16;0;62
11;2025-12-16;1;1
11;2025-12-16;2;0
11;2025-12-16;3;0
11;2025-12-16;4;0
11;2025-12-16;5;277
11;2025-12-16;6;1388
11;2025-12-16;7;2433
11;2025-12-16;8;3225
11;2025-12-16;9;2479
11;2025-12-16;10;1877
11;2025-12-16;11;1835
11;2025-12-16;12;1825
11;2025-12-16;13;2034
11;2025-12-16;14;2030
11;2025-12-16;15;2069
11;2025-12-16;16;2259
11;2025-12-16;17;2826
11;2025-12-16;18;3065
11;2025-12-16;19;2277
11;2025-12-16;20;1472
11;2025-12-16;21;863
11;2025-12-16;22;435
11;2025-12-16;23;206
11;2025-12-17;0;62
11;2025-12-17;1;0
11;2025-12-17;2;0
11;2025-12-17;3;0
11;2025-12-17;4;0
11;2025-12-17;5;285
11;2025-12-17;6;1314
11;2025-12-17;7;2450
11;2025-12-17;8;3224
11;2025-12-17;9;2405
11;2025-12-17;10;1860
11;2025-12-17;11;1891
11;2025-12-17;12;1929
11;2025-12-17;13;2055
11;2025-12-17;14;2006
11;2025-12-17;15;2019
11;2025-12-17;16;2148
11;2025-12-17;17;2788
11;2025-12-17;18;3039
11;2025-12-17;19;2354
11;2025-12-17;20;1556
11;2025-12-17;21;907
11;2025-12-17;22;419
11;2025-12-17;23;241
11;2025-12-18;0;64
11;2025-12-18;1;1
11;2025-12-18;2;0
11;2025-12-18;3;0
11;2025-12-18;4;0
11;2025-12-18;5;296
11;2025-12-18;6;1347
11;2025-12-18;7;2413
11;2025-12-18;8;3183
11;2025-12-18;9;2525
11;2025-12-18;10;1997
11;2025-12-18;11;1867
11;2025-12-18;12;1957
11;2025-12-18;13;2059
11;2025-12-18;14;1971
11;2025-12-18;15;2082
11;2025-12-18;16;2368
11;2025-12-18;17;2800
11;2025-12-18;18;3125
11;2025-12-18;19;2303
11;2025-12-18;20;1500
11;2025-12-18;21;936
11;2025-12-18;22;453
11;2025-12-18;23;235
11;2025-12-19;0;73
11;2025-12-19;1;1
11;2025-12-19;2;0
11;2025-12-19;3;0
11;2025-12-19;4;0
11;2025-12-19;5;285
11;2025-12-19;6;1354
11;2025-12-19;7;2325
11;2025-12-19;8;3124
11;2025-12-19;9;2379
11;2025-12-19;10;1943
11;2025-12-19;11;1918
11;2025-12-19;12;1939
11;2025-12-19;13;2003
11;2025-12-19;14;2105
11;2025-12-19;15;2277
11;2025-12-19;16;2516
11;2025-12-19;17;2950
11;2025-12-19;18;2555
11;2025-12-19;19;2076
11;2025-12-19;20;1427
11;2025-12-19;21;870
11;2025-12-19;22;474
11;2025-12-19;23;288
11;2025-12-20;0;102
11;2025-12-20;1;2
11;2025-12-20;2;0
11;2025-12-20;3;0
11;2025-12-20;4;4
11;2025-12-20;5;195
11;2025-12-20;6;795
11;2025-12-20;7;722
11;2025-12-20;8;1028
11;2025-12-20;9;1181
11;2025-12-20;10;1288
11;2025-12-20;11;1676
11;2025-12-20;12;1903
11;2025-12-20;13;1820
11;2025-12-20;14;1855
11;2025-12-20;15;1792
11;2025-12-20;16;1820
11;2025-12-20;17;1865
11;2025-12-20;18;1572
11;2025-12-20;19;1442
11;2025-12-20;20;1115
11;2025-12-20;21;737
11;2025-12-20;22;447
11;2025-12-20;23;305
11;2025-12-21;0;111
11;2025-12-21;1;10
11;2025-12-21;2;0
11;2025-12-21;3;0
11;2025-12-21;4;2
11;2025-12-21;5;117
11;2025-12-21;6;490
11;2025-12-21;7;524
11;2025-12-21;8;656
11;2025-12-21;9;924
11;2025-12-21;10;1038
11;2025-12-21;11;1456
11;2025-12-21;12;1654
11;2025-12-21;13;1587
11;2025-12-21;14;1605
11;2025-12-21;15;1664
11;2025-12-21;16;1563
11;2025-12-21;17;1688
11;2025-12-21;18;1299
11;2025-12-21;19;1039
11;2025-12-21;20;849
11;2025-12-21;21;601
11;2025-12-21;22;353
11;2025-12-21;23;245
11;2025-12-22;0;74
11;2025-12-22;1;6
11;2025-12-22;2;0
11;2025-12-22;3;0
11;2025-12-22;4;0
11;2025-12-22;5;288
11;2025-12-22;6;1362
11;2025-12-22;7;2378
11;2025-12-22;8;3142
11;2025-12-22;9;2397
11;2025-12-22;10;1819
11;2025-12-22;11;1846
11;2025-12-22;12;1743
11;2025-12-22;13;1919
11;2025-12-22;14;1914
11;2025-12-22;15;1976
11;2025-12-22;16;2228
11;2025-12-22;17;2770
11;2025-12-22;18;3063
11;2025-12-22;19;2335
11;2025-12-22;20;1497
11;2025-12-22;21;822
11;2025-12-22;22;418
11;2025-12-22;23;201
11;2025-12-23;0;62
11;2025-12-23;1;1
11;2025-12-23;2;0
11;2025-12-23;3;0
11;2025-12-23;4;0
11;2025-12-23;5;277
11;2025-12-23;6;1388
11;2025-12-23;7;2433
11;2025-12-23;8;3225
11;2025-12-23;9;2479
11;2025-12-23;10;1877
11;2025-12-23;11;1835
11;2025-12-23;12;1825
11;2025-12-23;13;2034
11;2025-12-23;14;2030
11;2025-12-23;15;2069
11;2025-12-23;16;2259
11;2025-12-23;17;2826
11;2025-12-23;18;3065
11;2025-12-23;19;2277
11;2025-12-23;20;1472
11;2025-12-23;21;863
11;2025-12-23;22;435
11;2025-12-23;23;206
11;2025-12-24;0;62
11;2025-12-24;1;0
11;2025-12-24;2;0
11;2025-12-24;3;0
11;2025-12-24;4;0
11;2025-12-24;5;285
11;2025-12-24;6;1314
11;2025-12-24;7;2450
11;2025-12-24;8;3224
11;2025-12-24;9;2405
11;2025-12-24;10;1860
11;2025-12-24;11;1891
11;2025-12-24;12;1929
11;2025-12-24;13;2055
11;2025-12-24;14;2006
11;2025-12-24;15;2019
11;2025-12-24;16;2148
11;2025-12-24;17;2788
11;2025-12-24;18;3039
11;2025-12-24;19;2354
11;2025-12-24;20;1556
11;2025-12-24;21;907
11;2025-12-24;22;419
11;2025-12-24;23;241
11;2025-12-25;0;64
11;2025-12-25;1;1
11;2025-12-25;2;0
11;2025-12-25;3;0
11;2025-12-25;4;0
11;2025-12-25;5;296
11;2025-12-25;6;1347
11;2025-12-25;7;2413
11;2025-12-25;8;3183
11;2025-12-25;9;2525
11;2025-12-25;10;1997
11;2025-12-25;11;1867
11;2025-12-25;12;1957
11;2025-12-25;13;2059
11;2025-12-25;14;1971
11;2025-12-25;15;2082
11;2025-12-25;16;2368
11;2025-12-25;17;2800
11;2025-12-25;18;3125
11;2025-12-25;19;2303
11;2025-12-25;20;1500
11;2025-12-25;21;936
11;2025-12-25;22;453
11;2025-12-25;23;235
11;2025-12-26;0;73
11;2025-12-26;1;1
11;2025-12-26;2;0
11;2025-12-26;3;0
11;2025-12-26;4;0
11;2025-12-26;5;285
11;2025-12-26;6;1354
11;2025-12-26;7;2325
11;2025-12-26;8;3124
11;2025-12-26;9;2379
11;2025-12-26;10;1943
11;2025-12-26;11;1918
11;2025-12-26;12;1939
11;2025-12-26;13;2003
11;2025-12-26;14;2105
11;2025-12-26;15;2277
11;2025-12-26;16;2516
11;2025-12-26;17;2950
11;2025-12-26;18;2555
11;2025-12-26;19;2076
11;2025-12-26;20;1427
11;2025-12-26;21;870
11;2025-12-26;22;474
11;2025-12-26;23;288
11;2025-12-27;0;102
11;2025-12-27;1;2
11;2025-12-27;2;0
11;2025-12-27;3;0
11;2025-12-27;4;4
11;2025-12-27;5;195
11;2025-12-27;6;795
11;2025-12-27;7;722
11;2025-12-27;8;1028
11;2025-12-27;9;1181
11;2025-12-27;10;1288
11;2025-12-27;11;1676
11;2025-12-27;12;1903
11;2025-12-27;13;1820
11;2025-12-27;14;1855
11;2025-12-27;15;1792
11;2025-12-27;16;1820
11;2025-12-27;17;1865
11;2025-12-27;18;1572
11;2025-12-27;19;1442
11;2025-12-27;20;1115
11;2025-12-27;21;737
11;2025-12-27;22;447
11;2025-12-27;23;305
11;2025-12-28;0;111
11;2025-12-28;1;10
11;2025-12-28;2;0
11;2025-12-28;3;0
11;2025-12-28;4;2
11;2025-12-28;5;117
11;2025-12-28;6;490
11;2025-12-28;7;524
11;2025-12-28;8;656
11;2025-12-28;9;924
11;2025-12-28;10;1038
11;2025-12-28;11;1456
11;2025-12-28;12;1654
11;2025-12-28;13;1587
11;2025-12-28;14;1605
11;2025-12-28;15;1664
11;2025-12-28;16;1563
11;2025-12-28;17;1688
11;2025-12-28;18;1299
11;2025-12-28;19;1039
11;2025-12-28;20;849
11;2025-12-28;21;601
11;2025-12-28;22;353
11;2025-12-28;23;245
11;2025-12-29;0;74
11;2025-12-29;1;6
11;2025-12-29;2;0
11;2025-12-29;3;0
11;2025-12-29;4;0
11;2025-12-29;5;288
11;2025-12-29;6;1362
11;2025-12-29;7;2378
11;2025-12-29;8;3142
11;2025-12-29;9;2397
11;2025-12-29;10;1819
11;2025-12-29;11;1846
11;2025-12-29;12;1743
11;2025-12-29;13;1919
11;2025-12-29;14;1914
11;2025-12-29;15;1976
11;2025-12-29;16;2228
11;2025-12-29;17;2770
11;2025-12-29;18;3063
11;2025-12-29;19;2335
11;2025-12-29;20;1497
11;2025-12-29;21;822
11;2025-12-29;22;418
11;2025-12-29;23;201
11;2025-12-30;0;62
11;2025-12-30;1;1
11;2025-12-30;2;0
11;2025-12-30;3;0
11;2025-12-30;4;0
11;2025-12-30;5;277
11;2025-12-30;6;1388
11;2025-12-30;7;2433
11;2025-12-30;8;3225
11;2025-12-30;9;2479
11;2025-12-30;10;1877
11;2025-12-30;11;1835
11;2025-12-30;12;1825
11;2025-12-30;13;2034
11;2025-12-30;14;2030
11;2025-12-30;15;2069
11;2025-12-30;16;2259
11;2025-12-30;17;2826
11;2025-12-30;18;3065
11;2025-12-30;19;2277
11;2025-12-30;20;1472
11;2025-12-30;21;863
11;2025-12-30;22;435
11;2025-12-30;23;206
11;2025-12-31;0;111
11;2025-12-31;1;10
11;2025-12-31;2;0
11;2025-12-31;3;0
11;2025-12-31;4;2
11;2025-12-31;5;117
11;2025-12-31;6;490
11;2025-12-31;7;524
11;2025-12-31;8;656
11;2025-12-31;9;924
11;2025-12-31;10;1038
11;2025-12-31;11;1456
11;2025-12-31;12;1654
11;2025-12-31;13;1587
11;2025-12-31;14;1605
11;2025-12-31;15;1664
11;2025-12-31;16;1563
11;2025-12-31;17;1688
11;2025-12-31;18;1299
11;2025-12-31;19;1039
11;2025-12-31;20;849
11;2025-12-31;21;601
11;2025-12-31;22;353
11;2025-12-31;23;245
12;2025-11-01;0;56
12;2025-11-01;1;2
12;2025-11-01;2;0
12;2025-11-01;3;0
12;2025-11-01;4;5
12;2025-11-01;5;319
12;2025-11-01;6;1404
12;2025-11-01;7;2715
12;2025-11-01;8;3561
12;2025-11-01;9;2380
12;2025-11-01;10;1947
12;2025-11-01;11;2046
12;2025-11-01;12;2059
12;2025-11-01;13;2044
12;2025-11-01;14;2114
12;2025-11-01;15;2417
12;2025-11-01;16;3098
12;2025-11-01;17;3002
12;2025-11-01;18;2622
12;2025-11-01;19;2292
12;2025-11-01;20;1510
12;2025-11-01;21;1001
12;2025-11-01;22;537
12;2025-11-01;23;305
12;2025-11-02;0;86
12;2025-11-02;1;7
12;2025-11-02;2;0
12;2025-11-02;3;0
12;2025-11-02;4;2
12;2025-11-02;5;154
12;2025-11-02;6;526
12;2025-11-02;7;640
12;2025-11-02;8;735
12;2025-11-02;9;947
12;2025-11-02;10;1168
12;2025-11-02;11;1308
12;2025-11-02;12;1347
12;2025-11-02;13;1606
12;2025-11-02;14;1474
12;2025-11-02;15;1381
12;2025-11-02;16;1516
12;2025-11-02;17;1515
12;2025-11-02;18;1282
12;2025-11-02;19;1033
12;2025-11-02;20;743
12;2025-11-02;21;606
12;2025-11-02;22;384
12;2025-11-02;23;206
12;2025-11-03;0;86
12;2025-11-03;1;7
12;2025-11-03;2;0
12;2025-11-03;3;0
12;2025-11-03;4;2
12;2025-11-03;5;154
12;2025-11-03;6;526
12;2025-11-03;7;640
12;2025-11-03;8;735
12;2025-11-03;9;947
12;2025-11-03;10;1168
12;2025-11-03;11;1308
12;2025-11-03;12;1347
12;2025-11-03;13;1606
12;2025-11-03;14;1474
12;2025-11-03;15;1381
12;2025-11-03;16;1516
12;2025-11-03;17;1515
12;2025-11-03;18;1282
12;2025-11-03;19;1033
12;2025-11-03;20;743
12;2025-11-03;21;606
12;2025-11-03;22;384
12;2025-11-03;23;206
12;2025-11-04;0;86
12;2025-11-04;1;7
12;2025-11-04;2;0
12;2025-11-04;3;0
12;2025-11-04;4;2
12;2025-11-04;5;154
12;2025-11-04;6;526
12;2025-11-04;7;640
12;2025-11-04;8;735
12;2025-11-04;9;947
12;2025-11-04;10;1168
12;2025-11-04;11;1308
12;2025-11-04;12;1347
12;2025-11-04;13;1606
12;2025-11-04;14;1474
12;2025-11-04;15;1381
12;2025-11-04;16;1516
12;2025-11-04;17;1515
12;2025-11-04;18;1282
12;2025-11-04;19;1033
12;2025-11-04;20;743
12;2025-11-04;21;606
12;2025-11-04;22;384
12;2025-11-04;23;206
12;2025-11-05;0;55
12;2025-11-05;1;2
12;2025-11-05;2;0
12;2025-11-05;3;0
12;2025-11-05;4;6
12;2025-11-05;5;344
12;2025-11-05;6;1493
12;2025-11-05;7;2722
12;2025-11-05;8;3544
12;2025-11-05;9;2611
12;2025-11-05;10;2095
12;2025-11-05;11;2087
12;2025-11-05;12;2095
12;2025-11-05;13;2077
12;2025-11-05;14;2058
12;2025-11-05;15;2291
12;2025-11-05;16;2742
12;2025-11-05;17;3043
12;2025-11-05;18;3171
12;2025-11-05;19;2518
12;2025-11-05;20;1514
12;2025-11-05;21;995
12;2025-11-05;22;507
12;2025-11-05;23;265
12;2025-11-06;0;50
12;2025-11-06;1;2
12;2025-11-06;2;0
12;2025-11-06;3;0
12;2025-11-06;4;6
12;2025-11-06;5;332
12;2025-11-06;6;1392
12;2025-11-06;7;2780
12;2025-11-06;8;3646
12;2025-11-06;9;2478
12;2025-11-06;10;2068
12;2025-11-06;11;2116
12;2025-11-06;12;2135
12;2025-11-06;13;2066
12;2025-11-06;14;2068
12;2025-11-06;15;2297
12;2025-11-06;16;2750
12;2025-11-06;17;3121
12;2025-11-06;18;3250
12;2025-11-06;19;2588
12;2025-11-06;20;1614
12;2025-11-06;21;949
12;2025-11-06;22;503
12;2025-11-06;23;269
12;2025-11-07;0;56
12;2025-11-07;1;2
12;2025-11-07;2;0
12;2025-11-07;3;0
12;2025-11-07;4;5
12;2025-11-07;5;319
12;2025-11-07;6;1404
12;2025-11-07;7;2715
12;2025-11-07;8;3561
12;2025-11-07;9;2380
12;2025-11-07;10;1947
12;2025-11-07;11;2046
12;2025-11-07;12;2059
12;2025-11-07;13;2044
12;2025-11-07;14;2114
12;2025-11-07;15;2417
12;2025-11-07;16;3098
12;2025-11-07;17;3002
12;2025-11-07;18;2622
12;2025-11-07;19;2292
12;2025-11-07;20;1510
12;2025-11-07;21;1001
12;2025-11-07;22;537
12;2025-11-07;23;305
12;2025-11-08;0;84
12;2025-11-08;1;4
12;2025-11-08;2;0
12;2025-11-08;3;0
12;2025-11-08;4;2
12;2025-11-08;5;234
12;2025-11-08;6;841
12;2025-11-08;7;907
12;2025-11-08;8;1007
12;2025-11-08;9;1188
12;2025-11-08;10;1438
12;2025-11-08;11;1467
12;2025-11-08;12;1481
12;2025-11-08;13;1689
12;2025-11-08;14;1632
12;2025-11-08;15;1523
12;2025-11-08;16;1589
12;2025-11-08;17;1538
12;2025-11-08;18;1465
12;2025-11-08;19;1431
12;2025-11-08;20;1016
12;2025-11-08;21;706
12;2025-11-08;22;418
12;2025-11-08;23;288
12;2025-11-09;0;86
12;2025-11-09;1;7
12;2025-11-09;2;0
12;2025-11-09;3;0
12;2025-11-09;4;2
12;2025-11-09;5;154
12;2025-11-09;6;526
12;2025-11-09;7;640
12;2025-11-09;8;735
12;2025-11-09;9;947
12;2025-11-09;10;1168
12;2025-11-09;11;1308
12;2025-11-09;12;1347
12;2025-11-09;13;1606
12;2025-11-09;14;1474
12;2025-11-09;15;1381
12;2025-11-09;16;1516
12;2025-11-09;17;1515
12;2025-11-09;18;1282
12;2025-11-09;19;1033
12;2025-11-09;20;743
12;2025-11-09;21;606
12;2025-11-09;22;384
12;2025-11-09;23;206
12;2025-11-10;0;63
12;2025-11-10;1;3
12;2025-11-10;2;0
12;2025-11-10;3;0
12;2025-11-10;4;5
12;2025-11-10;5;333
12;2025-11-10;6;1391
12;2025-11-10;7;2704
12;2025-11-10;8;3492
12;2025-11-10;9;2444
12;2025-11-10;10;1947
12;2025-11-10;11;1844
12;2025-11-10;12;1986
12;2025-11-10;13;1969
12;2025-11-10;14;1932
12;2025-11-10;15;2180
12;2025-11-10;16;2636
12;2025-11-10;17;2946
12;2025-11-10;18;3169
12;2025-11-10;19;2415
12;2025-11-10;20;1541
12;2025-11-10;21;927
12;2025-11-10;22;451
12;2025-11-10;23;232
12;2025-11-11;0;50
12;2025-11-11;1;1
12;2025-11-11;2;0
12;2025-11-11;3;0
12;2025-11-11;4;5
12;2025-11-11;5;335
12;2025-11-11;6;1432
12;2025-11-11;7;2779
12;2025-11-11;8;3708
12;2025-11-11;9;2530
12;2025-11-11;10;2116
12;2025-11-11;11;2083
12;2025-11-11;12;2041
12;2025-11-11;13;2078
12;2025-11-11;14;2067
12;2025-11-11;15;2211
12;2025-11-11;16;2754
12;2025-11-11;17;3073
12;2025-11-11;18;3200
12;2025-11-11;19;2556
12;2025-11-11;20;1540
12;2025-11-11;21;934
12;2025-11-11;22;497
12;2025-11-11;23;241
12;2025-11-12;0;55
12;2025-11-12;1;2
12;2025-11-12;2;0
12;2025-11-12;3;0
12;2025-11-12;4;6
12;2025-11-12;5;344
12;2025-11-12;6;1493
12;2025-11-12;7;2722
12;2025-11-12;8;3544
12;2025-11-12;9;2611
12;2025-11-12;10;2095
12;2025-11-12;11;2087
12;2025-11-12;12;2095
12;2025-11-12;13;2077
12;2025-11-12;14;2058
12;2025-11-12;15;2291
12;2025-11-12;16;2742
12;2025-11-12;17;3043
12;2025-11-12;18;3171
12;2025-11-12;19;2518
12;2025-11-12;20;1514
12;2025-11-12;21;995
12;2025-11-12;22;507
12;2025-11-12;23;265
12;2025-11-13;0;50
12;2025-11-13;1;2
12;2025-11-13;2;0
12;2025-11-13;3;0
12;2025-11-13;4;6
12;2025-11-13;5;332
12;2025-11-13;6;1392
12;2025-11-13;7;2780
12;2025-11-13;8;3646
12;2025-11-13;9;2478
12;2025-11-13;10;2068
12;2025-11-13;11;2116
12;2025-11-13;12;2135
12;2025-11-13;13;2066
12;2025-11-13;14;2068
12;2025-11-13;15;2297
12;2025-11-13;16;2750
12;2025-11-13;17;3121
12;2025-11-13;18;3250
12;2025-11-13;19;2588
12;2025-11-13;20;1614
12;2025-11-13;21;949
12;2025-11-13;22;503
12;2025-11-13;23;269
12;2025-11-14;0;56
12;2025-11-14;1;2
12;2025-11-14;2;0
12;2025-11-14;3;0
12;2025-11-14;4;5
12;2025-11-14;5;319
12;2025-11-14;6;1404
12;2025-11-14;7;2715
12;2025-11-14;8;3561
12;2025-11-14;9;2380
12;2025-11-14;10;1947
12;2025-11-14;11;2046
12;2025-11-14;12;2059
12;2025-11-14;13;2044
12;2025-11-14;14;2114
12;2025-11-14;15;2417
12;2025-11-14;16;3098
12;2025-11-14;17;3002
12;2025-11-14;18;2622
12;2025-11-14;19;2292
12;2025-11-14;20;1510
12;2025-11-14;21;1001
12;2025-11-14;22;537
12;2025-11-14;23;305
12;2025-11-15;0;84
12;2025-11-15;1;4
12;2025-11-15;2;0
12;2025-11-15;3;0
12;2025-11-15;4;2
12;2025-11-15;5;234
12;2025-11-15;6;841
12;2025-11-15;7;907
12;2025-11-15;8;1007
12;2025-11-15;9;1188
12;2025-11-15;10;1438
12;2025-11-15;11;1467
12;2025-11-15;12;1481
12;2025-11-15;13;1689
12;2025-11-15;14;1632
12;2025-11-15;15;1523
12;2025-11-15;16;1589
12;2025-11-15;17;1538
12;2025-11-15;18;1465
12;2025-11-15;19;1431
12;2025-11-15;20;1016
12;2025-11-15;21;706
12;2025-11-15;22;418
12;2025-11-15;23;288
12;2025-11-16;0;86
12;2025-11-16;1;7
12;2025-11-16;2;0
12;2025-11-16;3;0
12;2025-11-16;4;2
12;2025-11-16;5;154
12;2025-11-16;6;526
12;2025-11-16;7;640
12;2025-11-16;8;735
12;2025-11-16;9;947
12;2025-11-16;10;1168
12;2025-11-16;11;1308
12;2025-11-16;12;1347
12;2025-11-16;13;1606
12;2025-11-16;14;1474
12;2025-11-16;15;1381
12;2025-11-16;16;1516
12;2025-11-16;17;1515
12;2025-11-16;18;1282
12;2025-11-16;19;1033
12;2025-11-16;20;743
12;2025-11-16;21;606
12;2025-11-16;22;384
12;2025-11-16;23;206
12;2025-11-17;0;63
12;2025-11-17;1;3
12;2025-11-17;2;0
12;2025-11-17;3;0
12;2025-11-17;4;5
12;2025-11-17;5;333
12;2025-11-17;6;1391
12;2025-11-17;7;2704
12;2025-11-17;8;3492
12;2025-11-17;9;2444
12;2025-11-17;10;1947
12;2025-11-17;11;1844
12;2025-11-17;12;1986
12;2025-11-17;13;1969
12;2025-11-17;14;1932
12;2025-11-17;15;2180
12;2025-11-17;16;2636
12;2025-11-17;17;2946
12;2025-11-17;18;3169
12;2025-11-17;19;2415
12;2025-11-17;20;1541
12;2025-11-17;21;927
12;2025-11-17;22;451
12;2025-11-17;23;232
12;2025-11-18;0;50
12;2025-11-18;1;1
12;2025-11-18;2;0
12;2025-11-18;3;0
12;2025-11-18;4;5
12;2025-11-18;5;335
12;2025-11-18;6;1432
12;2025-11-18;7;2779
12;2025-11-18;8;3708
12;2025-11-18;9;2530
12;2025-11-18;10;2116
12;2025-11-18;11;2083
12;2025-11-18;12;2041
12;2025-11-18;13;2078
12;2025-11-18;14;2067
12;2025-11-18;15;2211
12;2025-11-18;16;2754
12;2025-11-18;17;3073
12;2025-11-18;18;3200
12;2025-11-18;19;2556
12;2025-11-18;20;1540
12;2025-11-18;21;934
12;2025-11-18;22;497
12;2025-11-18;23;241
12;2025-11-19;0;55
12;2025-11-19;1;2
12;2025-11-19;2;0
12;2025-11-19;3;0
12;2025-11-19;4;6
12;2025-11-19;5;344
12;2025-11-19;6;1493
12;2025-11-19;7;2722
12;2025-11-19;8;3544
12;2025-11-19;9;2611
12;2025-11-19;10;2095
12;2025-11-19;11;2087
12;2025-11-19;12;2095
12;2025-11-19;13;2077
12;2025-11-19;14;2058
12;2025-11-19;15;2291
12;2025-11-19;16;2742
12;2025-11-19;17;3043
12;2025-11-19;18;3171
12;2025-11-19;19;2518
12;2025-11-19;20;1514
12;2025-11-19;21;995
12;2025-11-19;22;507
12;2025-11-19;23;265
12;2025-11-20;0;50
12;2025-11-20;1;2
12;2025-11-20;2;0
12;2025-11-20;3;0
12;2025-11-20;4;6
12;2025-11-20;5;332
12;2025-11-20;6;1392
12;2025-11-20;7;2780
12;2025-11-20;8;3646
12;2025-11-20;9;2478
12;2025-11-20;10;2068
12;2025-11-20;11;2116
12;2025-11-20;12;2135
12;2025-11-20;13;2066
12;2025-11-20;14;2068
12;2025-11-20;15;2297
12;2025-11-20;16;2750
12;2025-11-20;17;3121
12;2025-11-20;18;3250
12;2025-11-20;19;2588
12;2025-11-20;20;1614
12;2025-11-20;21;949
12;2025-11-20;22;503
12;2025-11-20;23;269
12;2025-11-21;0;56
12;2025-11-21;1;2
12;2025-11-21;2;0
12;2025-11-21;3;0
12;2025-11-21;4;5
12;2025-11-21;5;319
12;2025-11-21;6;1404
12;2025-11-21;7;2715
12;2025-11-21;8;3561
12;2025-11-21;9;2380
12;2025-11-21;10;1947
12;2025-11-21;11;2046
12;2025-11-21;12;2059
12;2025-11-21;13;2044
12;2025-11-21;14;2114
12;2025-11-21;15;2417
12;2025-11-21;16;3098
12;2025-11-21;17;3002
12;2025-11-21;18;2622
12;2025-11-21;19;2292
12;2025-11-21;20;1510
12;2025-11-21;21;1001
12;2025-11-21;22;537
12;2025-11-21;23;305
12;2025-11-22;0;84
12;2025-11-22;1;4
12;2025-11-22;2;0
12;2025-11-22;3;0
12;2025-11-22;4;2
12;2025-11-22;5;234
12;2025-11-22;6;841
12;2025-11-22;7;907
12;2025-11-22;8;1007
12;2025-11-22;9;1188
12;2025-11-22;10;1438
12;2025-11-22;11;1467
12;2025-11-22;12;1481
12;2025-11-22;13;1689
12;2025-11-22;14;1632
12;2025-11-22;15;1523
12;2025-11-22;16;1589
12;2025-11-22;17;1538
12;2025-11-22;18;1465
12;2025-11-22;19;1431
12;2025-11-22;20;1016
12;2025-11-22;21;706
12;2025-11-22;22;418
12;2025-11-22;23;288
12;2025-11-23;0;86
12;2025-11-23;1;7
12;2025-11-23;2;0
12;2025-11-23;3;0
12;2025-11-23;4;2
12;2025-11-23;5;154
12;2025-11-23;6;526
12;2025-11-23;7;640
12;2025-11-23;8;735
12;2025-11-23;9;947
12;2025-11-23;10;1168
12;2025-11-23;11;1308
12;2025-11-23;12;1347
12;2025-11-23;13;1606
12;2025-11-23;14;1474
12;2025-11-23;15;1381
12;2025-11-23;16;1516
12;2025-11-23;17;1515
12;2025-11-23;18;1282
12;2025-11-23;19;1033
12;2025-11-23;20;743
12;2025-11-23;21;606
12;2025-11-23;22;384
12;2025-11-23;23;206
12;2025-11-24;0;63
12;2025-11-24;1;3
12;2025-11-24;2;0
12;2025-11-24;3;0
12;2025-11-24;4;5
12;2025-11-24;5;333
12;2025-11-24;6;1391
12;2025-11-24;7;2704
12;2025-11-24;8;3492
12;2025-11-24;9;2444
12;2025-11-24;10;1947
12;2025-11-24;11;1844
12;2025-11-24;12;1986
12;2025-11-24;13;1969
12;2025-11-24;14;1932
12;2025-11-24;15;2180
12;2025-11-24;16;2636
12;2025-11-24;17;2946
12;2025-11-24;18;3169
12;2025-11-24;19;2415
12;2025-11-24;20;1541
12;2025-11-24;21;927
12;2025-11-24;22;451
12;2025-11-24;23;232
12;2025-11-25;0;50
12;2025-11-25;1;1
12;2025-11-25;2;0
12;2025-11-25;3;0
12;2025-11-25;4;5
12;2025-11-25;5;335
12;2025-11-25;6;1432
12;2025-11-25;7;2779
12;2025-11-25;8;3708
12;2025-11-25;9;2530
12;2025-11-25;10;2116
12;2025-11-25;11;2083
12;2025-11-25;12;2041
12;2025-11-25;13;2078
12;2025-11-25;14;2067
12;2025-11-25;15;2211
12;2025-11-25;16;2754
12;2025-11-25;17;3073
12;2025-11-25;18;3200
12;2025-11-25;19;2556
12;2025-11-25;20;1540
12;2025-11-25;21;934
12;2025-11-25;22;497
12;2025-11-25;23;241
12;2025-11-26;0;55
12;2025-11-26;1;2
12;2025-11-26;2;0
12;2025-11-26;3;0
12;2025-11-26;4;6
12;2025-11-26;5;344
12;2025-11-26;6;1493
12;2025-11-26;7;2722
12;2025-11-26;8;3544
12;2025-11-26;9;2611
12;2025-11-26;10;2095
12;2025-11-26;11;2087
12;2025-11-26;12;2095
12;2025-11-26;13;2077
12;2025-11-26;14;2058
12;2025-11-26;15;2291
12;2025-11-26;16;2742
12;2025-11-26;17;3043
12;2025-11-26;18;3171
12;2025-11-26;19;2518
12;2025-11-26;20;1514
12;2025-11-26;21;995
12;2025-11-26;22;507
12;2025-11-26;23;265
12;2025-11-27;0;50
12;2025-11-27;1;2
12;2025-11-27;2;0
12;2025-11-27;3;0
12;2025-11-27;4;6
12;2025-11-27;5;332
12;2025-11-27;6;1392
12;2025-11-27;7;2780
12;2025-11-27;8;3646
12;2025-11-27;9;2478
12;2025-11-27;10;2068
12;2025-11-27;11;2116
12;2025-11-27;12;2135
12;2025-11-27;13;2066
12;2025-11-27;14;2068
12;2025-11-27;15;2297
12;2025-11-27;16;2750
12;2025-11-27;17;3121
12;2025-11-27;18;3250
12;2025-11-27;19;2588
12;2025-11-27;20;1614
12;2025-11-27;21;949
12;2025-11-27;22;503
12;2025-11-27;23;269
12;2025-11-28;0;56
12;2025-11-28;1;2
12;2025-11-28;2;0
12;2025-11-28;3;0
12;2025-11-28;4;5
12;2025-11-28;5;319
12;2025-11-28;6;1404
12;2025-11-28;7;2715
12;2025-11-28;8;3561
12;2025-11-28;9;2380
12;2025-11-28;10;1947
12;2025-11-28;11;2046
12;2025-11-28;12;2059
12;2025-11-28;13;2044
12;2025-11-28;14;2114
12;2025-11-28;15;2417
12;2025-11-28;16;3098
12;2025-11-28;17;3002
12;2025-11-28;18;2622
12;2025-11-28;19;2292
12;2025-11-28;20;1510
12;2025-11-28;21;1001
12;2025-11-28;22;537
12;2025-11-28;23;305
12;2025-11-29;0;84
12;2025-11-29;1;4
12;2025-11-29;2;0
12;2025-11-29;3;0
12;2025-11-29;4;2
12;2025-11-29;5;234
12;2025-11-29;6;841
12;2025-11-29;7;907
12;2025-11-29;8;1007
12;2025-11-29;9;1188
12;2025-11-29;10;1438
12;2025-11-29;11;1467
12;2025-11-29;12;1481
12;2025-11-29;13;1689
12;2025-11-29;14;1632
12;2025-11-29;15;1523
12;2025-11-29;16;1589
12;2025-11-29;17;1538
12;2025-11-29;18;1465
12;2025-11-29;19;1431
12;2025-11-29;20;1016
12;2025-11-29;21;706
12;2025-11-29;22;418
12;2025-11-29;23;288
12;2025-11-30;0;86
12;2025-11-30;1;7
12;2025-11-30;2;0
12;2025-11-30;3;0
12;2025-11-30;4;2
12;2025-11-30;5;154
12;2025-11-30;6;526
12;2025-11-30;7;640
12;2025-11-30;8;735
12;2025-11-30;9;947
12;2025-11-30;10;1168
12;2025-11-30;11;1308
12;2025-11-30;12;1347
12;2025-11-30;13;1606
12;2025-11-30;14;1474
12;2025-11-30;15;1381
12;2025-11-30;16;1516
12;2025-11-30;17;1515
12;2025-11-30;18;1282
12;2025-11-30;19;1033
12;2025-11-30;20;743
12;2025-11-30;21;606
12;2025-11-30;22;384
12;2025-11-30;23;206
12;2025-12-01;0;63
12;2025-12-01;1;3
12;2025-12-01;2;0
12;2025-12-01;3;0
12;2025-12-01;4;5
12;2025-12-01;5;333
12;2025-12-01;6;1391
12;2025-12-01;7;2704
12;2025-12-01;8;3492
12;2025-12-01;9;2444
12;2025-12-01;10;1947
12;2025-12-01;11;1844
12;2025-12-01;12;1986
12;2025-12-01;13;1969
12;2025-12-01;14;1932
12;2025-12-01;15;2180
12;2025-12-01;16;2636
12;2025-12-01;17;2946
12;2025-12-01;18;3169
12;2025-12-01;19;2415
12;2025-12-01;20;1541
12;2025-12-01;21;927
12;2025-12-01;22;451
12;2025-12-01;23;232
12;2025-12-02;0;50
12;2025-12-02;1;1
12;2025-12-02;2;0
12;2025-12-02;3;0
12;2025-12-02;4;5
12;2025-12-02;5;335
12;2025-12-02;6;1432
12;2025-12-02;7;2779
12;2025-12-02;8;3708
12;2025-12-02;9;2530
12;2025-12-02;10;2116
12;2025-12-02;11;2083
12;2025-12-02;12;2041
12;2025-12-02;13;2078
12;2025-12-02;14;2067
12;2025-12-02;15;2211
12;2025-12-02;16;2754
12;2025-12-02;17;3073
12;2025-12-02;18;3200
12;2025-12-02;19;2556
12;2025-12-02;20;1540
12;2025-12-02;21;934
12;2025-12-02;22;497
12;2025-12-02;23;241
12;2025-12-03;0;55
12;2025-12-03;1;2
12;2025-12-03;2;0
12;2025-12-03;3;0
12;2025-12-03;4;6
12;2025-12-03;5;344
12;2025-12-03;6;1493
12;2025-12-03;7;2722
12;2025-12-03;8;3544
12;2025-12-03;9;2611
12;2025-12-03;10;2095
12;2025-12-03;11;2087
12;2025-12-03;12;2095
12;2025-12-03;13;2077
12;2025-12-03;14;2058
12;2025-12-03;15;2291
12;2025-12-03;16;2742
12;2025-12-03;17;3043
12;2025-12-03;18;3171
12;2025-12-03;19;2518
12;2025-12-03;20;1514
12;2025-12-03;21;995
12;2025-12-03;22;507
12;2025-12-03;23;265
12;2025-12-04;0;50
12;2025-12-04;1;2
12;2025-12-04;2;0
12;2025-12-04;3;0
12;2025-12-04;4;6
12;2025-12-04;5;332
12;2025-12-04;6;1392
12;2025-12-04;7;2780
12;2025-12-04;8;3646
12;2025-12-04;9;2478
12;2025-12-04;10;2068
12;2025-12-04;11;2116
12;2025-12-04;12;2135
12;2025-12-04;13;2066
12;2025-12-04;14;2068
12;2025-12-04;15;2297
12;2025-12-04;16;2750
12;2025-12-04;17;3121
12;2025-12-04;18;3250
12;2025-12-04;19;2588
12;2025-12-04;20;1614
12;2025-12-04;21;949
12;2025-12-04;22;503
12;2025-12-04;23;269
12;2025-12-05;0;56
12;2025-12-05;1;2
12;2025-12-05;2;0
12;2025-12-05;3;0
12;2025-12-05;4;5
12;2025-12-05;5;319
12;2025-12-05;6;1404
12;2025-12-05;7;2715
12;2025-12-05;8;3561
12;2025-12-05;9;2380
12;2025-12-05;10;1947
12;2025-12-05;11;2046
12;2025-12-05;12;2059
12;2025-12-05;13;2044
12;2025-12-05;14;2114
12;2025-12-05;15;2417
12;2025-12-05;16;3098
12;2025-12-05;17;3002
12;2025-12-05;18;2622
12;2025-12-05;19;2292
12;2025-12-05;20;1510
12;2025-12-05;21;1001
12;2025-12-05;22;537
12;2025-12-05;23;305
12;2025-12-06;0;84
12;2025-12-06;1;4
12;2025-12-06;2;0
12;2025-12-06;3;0
12;2025-12-06;4;2
12;2025-12-06;5;234
12;2025-12-06;6;841
12;2025-12-06;7;907
12;2025-12-06;8;1007
12;2025-12-06;9;1188
12;2025-12-06;10;1438
12;2025-12-06;11;1467
12;2025-12-06;12;1481
12;2025-12-06;13;1689
12;2025-12-06;14;1632
12;2025-12-06;15;1523
12;2025-12-06;16;1589
12;2025-12-06;17;1538
12;2025-12-06;18;1465
12;2025-12-06;19;1431
12;2025-12-06;20;1016
12;2025-12-06;21;706
12;2025-12-06;22;418
12;2025-12-06;23;288
12;2025-12-07;0;86
12;2025-12-07;1;7
12;2025-12-07;2;0
12;2025-12-07;3;0
12;2025-12-07;4;2
12;2025-12-07;5;154
12;2025-12-07;6;526
12;2025-12-07;7;640
12;2025-12-07;8;735
12;2025-12-07;9;947
12;2025-12-07;10;1168
12;2025-12-07;11;1308
12;2025-12-07;12;1347
12;2025-12-07;13;1606
12;2025-12-07;14;1474
12;2025-12-07;15;1381
12;2025-12-07;16;1516
12;2025-12-07;17;1515
12;2025-12-07;18;1282
12;2025-12-07;19;1033
12;2025-12-07;20;743
12;2025-12-07;21;606
12;2025-12-07;22;384
12;2025-12-07;23;206
12;2025-12-08;0;63
12;2025-12-08;1;3
12;2025-12-08;2;0
12;2025-12-08;3;0
12;2025-12-08;4;5
12;2025-12-08;5;333
12;2025-12-08;6;1391
12;2025-12-08;7;2704
12;2025-12-08;8;3492
12;2025-12-08;9;2444
12;2025-12-08;10;1947
12;2025-12-08;11;1844
12;2025-12-08;12;1986
12;2025-12-08;13;1969
12;2025-12-08;14;1932
12;2025-12-08;15;2180
12;2025-12-08;16;2636
12;2025-12-08;17;2946
12;2025-12-08;18;3169
12;2025-12-08;19;2415
12;2025-12-08;20;1541
12;2025-12-08;21;927
12;2025-12-08;22;451
12;2025-12-08;23;232
12;2025-12-09;0;50
12;2025-12-09;1;1
12;2025-12-09;2;0
12;2025-12-09;3;0
12;2025-12-09;4;5
12;2025-12-09;5;335
12;2025-12-09;6;1432
12;2025-12-09;7;2779
12;2025-12-09;8;3708
12;2025-12-09;9;2530
12;2025-12-09;10;2116
12;2025-12-09;11;2083
12;2025-12-09;12;2041
12;2025-12-09;13;2078
12;2025-12-09;14;2067
12;2025-12-09;15;2211
12;2025-12-09;16;2754
12;2025-12-09;17;3073
12;2025-12-09;18;3200
12;2025-12-09;19;2556
12;2025-12-09;20;1540
12;2025-12-09;21;934
12;2025-12-09;22;497
12;2025-12-09;23;241
12;2025-12-10;0;55
12;2025-12-10;1;2
12;2025-12-10;2;0
12;2025-12-10;3;0
12;2025-12-10;4;6
12;2025-12-10;5;344
12;2025-12-10;6;1493
12;2025-12-10;7;2722
12;2025-12-10;8;3544
12;2025-12-10;9;2611
12;2025-12-10;10;2095
12;2025-12-10;11;2087
12;2025-12-10;12;2095
12;2025-12-10;13;2077
12;2025-12-10;14;2058
12;2025-12-10;15;2291
12;2025-12-10;16;2742
12;2025-12-10;17;3043
12;2025-12-10;18;3171
12;2025-12-10;19;2518
12;2025-12-10;20;1514
12;2025-12-10;21;995
12;2025-12-10;22;507
12;2025-12-10;23;265
12;2025-12-11;0;50
12;2025-12-11;1;2
12;2025-12-11;2;0
12;2025-12-11;3;0
12;2025-12-11;4;6
12;2025-12-11;5;332
12;2025-12-11;6;1392
12;2025-12-11;7;2780
12;2025-12-11;8;3646
12;2025-12-11;9;2478
12;2025-12-11;10;2068
12;2025-12-11;11;2116
12;2025-12-11;12;2135
12;2025-12-11;13;2066
12;2025-12-11;14;2068
12;2025-12-11;15;2297
12;2025-12-11;16;2750
12;2025-12-11;17;3121
12;2025-12-11;18;3250
12;2025-12-11;19;2588
12;2025-12-11;20;1614
12;2025-12-11;21;949
12;2025-12-11;22;503
12;2025-12-11;23;269
12;2025-12-12;0;56
12;2025-12-12;1;2
12;2025-12-12;2;0
12;2025-12-12;3;0
12;2025-12-12;4;5
12;2025-12-12;5;319
12;2025-12-12;6;1404
12;2025-12-12;7;2715
12;2025-12-12;8;3561
12;2025-12-12;9;2380
12;2025-12-12;10;1947
12;2025-12-12;11;2046
12;2025-12-12;12;2059
12;2025-12-12;13;2044
12;2025-12-12;14;2114
12;2025-12-12;15;2417
12;2025-12-12;16;3098
12;2025-12-12;17;3002
12;2025-12-12;18;2622
12;2025-12-12;19;2292
12;2025-12-12;20;1510
12;2025-12-12;21;1001
12;2025-12-12;22;537
12;2025-12-12;23;305
12;2025-12-13;0;84
12;2025-12-13;1;4
12;2025-12-13;2;0
12;2025-12-13;3;0
12;2025-12-13;4;2
12;2025-12-13;5;234
12;2025-12-13;6;841
12;2025-12-13;7;907
12;2025-12-13;8;1007
12;2025-12-13;9;1188
12;2025-12-13;10;1438
12;2025-12-13;11;1467
12;2025-12-13;12;1481
12;2025-12-13;13;1689
12;2025-12-13;14;1632
12;2025-12-13;15;1523
12;2025-12-13;16;1589
12;2025-12-13;17;1538
12;2025-12-13;18;1465
12;2025-12-13;19;1431
12;2025-12-13;20;1016
12;2025-12-13;21;706
12;2025-12-13;22;418
12;2025-12-13;23;288
12;2025-12-14;0;86
12;2025-12-14;1;7
12;2025-12-14;2;0
12;2025-12-14;3;0
12;2025-12-14;4;2
12;2025-12-14;5;154
12;2025-12-14;6;526
12;2025-12-14;7;640
12;2025-12-14;8;735
12;2025-12-14;9;947
12;2025-12-14;10;1168
12;2025-12-14;11;1308
12;2025-12-14;12;1347
12;2025-12-14;13;1606
12;2025-12-14;14;1474
12;2025-12-14;15;1381
12;2025-12-14;16;1516
12;2025-12-14;17;1515
12;2025-12-14;18;1282
12;2025-12-14;19;1033
12;2025-12-14;20;743
12;2025-12-14;21;606
12;2025-12-14;22;384
12;2025-12-14;23;206
12;2025-12-15;0;63
12;2025-12-15;1;3
12;2025-12-15;2;0
12;2025-12-15;3;0
12;2025-12-15;4;5
12;2025-12-15;5;333
12;2025-12-15;6;1391
12;2025-12-15;7;2704
12;2025-12-15;8;3492
12;2025-12-15;9;2444
12;2025-12-15;10;1947
12;2025-12-15;11;1844
12;2025-12-15;12;1986
12;2025-12-15;13;1969
12;2025-12-15;14;1932
12;2025-12-15;15;2180
12;2025-12-15;16;2636
12;2025-12-15;17;2946
12;2025-12-15;18;3169
12;2025-12-15;19;2415
12;2025-12-15;20;1541
12;2025-12-15;21;927
12;2025-12-15;22;451
12;2025-12-15;23;232
12;2025-12-16;0;50
12;2025-12-16;1;1
12;2025-12-16;2;0
12;2025-12-16;3;0
12;2025-12-16;4;5
12;2025-12-16;5;335
12;2025-12-16;6;1432
12;2025-12-16;7;2779
12;2025-12-16;8;3708
12;2025-12-16;9;2530
12;2025-12-16;10;2116
12;2025-12-16;11;2083
12;2025-12-16;12;2041
12;2025-12-16;13;2078
12;2025-12-16;14;2067
12;2025-12-16;15;2211
12;2025-12-16;16;2754
12;2025-12-16;17;3073
12;2025-12-16;18;3200
12;2025-12-16;19;2556
12;2025-12-16;20;1540
12;2025-12-16;21;934
12;2025-12-16;22;497
12;2025-12-16;23;241
12;2025-12-17;0;55
12;2025-12-17;1;2
12;2025-12-17;2;0
12;2025-12-17;3;0
12;2025-12-17;4;6
12;2025-12-17;5;344
12;2025-12-17;6;1493
12;2025-12-17;7;2722
12;2025-12-17;8;3544
12;2025-12-17;9;2611
12;2025-12-17;10;2095
12;2025-12-17;11;2087
12;2025-12-17;12;2095
12;2025-12-17;13;2077
12;2025-12-17;14;2058
12;2025-12-17;15;2291
12;2025-12-17;16;2742
12;2025-12-17;17;3043
12;2025-12-17;18;3171
12;2025-12-17;19;2518
12;2025-12-17;20;1514
12;2025-12-17;21;995
12;2025-12-17;22;507
12;2025-12-17;23;265
12;2025-12-18;0;50
12;2025-12-18;1;2
12;2025-12-18;2;0
12;2025-12-18;3;0
12;2025-12-18;4;6
12;2025-12-18;5;332
12;2025-12-18;6;1392
12;2025-12-18;7;2780
12;2025-12-18;8;3646
12;2025-12-18;9;2478
12;2025-12-18;10;2068
12;2025-12-18;11;2116
12;2025-12-18;12;2135
12;2025-12-18;13;2066
12;2025-12-18;14;2068
12;2025-12-18;15;2297
12;2025-12-18;16;2750
12;2025-12-18;17;3121
12;2025-12-18;18;3250
12;2025-12-18;19;2588
12;2025-12-18;20;1614
12;2025-12-18;21;949
12;2025-12-18;22;503
12;2025-12-18;23;269
12;2025-12-19;0;56
12;2025-12-19;1;2
12;2025-12-19;2;0
12;2025-12-19;3;0
12;2025-12-19;4;5
12;2025-12-19;5;319
12;2025-12-19;6;1404
12;2025-12-19;7;2715
12;2025-12-19;8;3561
12;2025-12-19;9;2380
12;2025-12-19;10;1947
12;2025-12-19;11;2046
12;2025-12-19;12;2059
12;2025-12-19;13;2044
12;2025-12-19;14;2114
12;2025-12-19;15;2417
12;2025-12-19;16;3098
12;2025-12-19;17;3002
12;2025-12-19;18;2622
12;2025-12-19;19;2292
12;2025-12-19;20;1510
12;2025-12-19;21;1001
12;2025-12-19;22;537
12;2025-12-19;23;305
12;2025-12-20;0;84
12;2025-12-20;1;4
12;2025-12-20;2;0
12;2025-12-20;3;0
12;2025-12-20;4;2
12;2025-12-20;5;234
12;2025-12-20;6;841
12;2025-12-20;7;907
12;2025-12-20;8;1007
12;2025-12-20;9;1188
12;2025-12-20;10;1438
12;2025-12-20;11;1467
12;2025-12-20;12;1481
12;2025-12-20;13;1689
12;2025-12-20;14;1632
12;2025-12-20;15;1523
12;2025-12-20;16;1589
12;2025-12-20;17;1538
12;2025-12-20;18;1465
12;2025-12-20;19;1431
12;2025-12-20;20;1016
12;2025-12-20;21;706
12;2025-12-20;22;418
12;2025-12-20;23;288
12;2025-12-21;0;86
12;2025-12-21;1;7
12;2025-12-21;2;0
12;2025-12-21;3;0
12;2025-12-21;4;2
12;2025-12-21;5;154
12;2025-12-21;6;526
12;2025-12-21;7;640
12;2025-12-21;8;735
12;2025-12-21;9;947
12;2025-12-21;10;1168
12;2025-12-21;11;1308
12;2025-12-21;12;1347
12;2025-12-21;13;1606
12;2025-12-21;14;1474
12;2025-12-21;15;1381
12;2025-12-21;16;1516
12;2025-12-21;17;1515
12;2025-12-21;18;1282
12;2025-12-21;19;1033
12;2025-12-21;20;743
12;2025-12-21;21;606
12;2025-12-21;22;384
12;2025-12-21;23;206
12;2025-12-22;0;63
12;2025-12-22;1;3
12;2025-12-22;2;0
12;2025-12-22;3;0
12;2025-12-22;4;5
12;2025-12-22;5;333
12;2025-12-22;6;1391
12;2025-12-22;7;2704
12;2025-12-22;8;3492
12;2025-12-22;9;2444
12;2025-12-22;10;1947
12;2025-12-22;11;1844
12;2025-12-22;12;1986
12;2025-12-22;13;1969
12;2025-12-22;14;1932
12;2025-12-22;15;2180
12;2025-12-22;16;2636
12;2025-12-22;17;2946
12;2025-12-22;18;3169
12;2025-12-22;19;2415
12;2025-12-22;20;1541
12;2025-12-22;21;927
12;2025-12-22;22;451
12;2025-12-22;23;232
12;2025-12-23;0;50
12;2025-12-23;1;1
12;2025-12-23;2;0
12;2025-12-23;3;0
12;2025-12-23;4;5
12;2025-12-23;5;335
12;2025-12-23;6;1432
12;2025-12-23;7;2779
12;2025-12-23;8;3708
12;2025-12-23;9;2530
12;2025-12-23;10;2116
12;2025-12-23;11;2083
12;2025-12-23;12;2041
12;2025-12-23;13;2078
12;2025-12-23;14;2067
12;2025-12-23;15;2211
12;2025-12-23;16;2754
12;2025-12-23;17;3073
12;2025-12-23;18;3200
12;2025-12-23;19;2556
12;2025-12-23;20;1540
12;2025-12-23;21;934
12;2025-12-23;22;497
12;2025-12-23;23;241
12;2025-12-24;0;55
12;2025-12-24;1;2
12;2025-12-24;2;0
12;2025-12-24;3;0
12;2025-12-24;4;6
12;2025-12-24;5;344
12;2025-12-24;6;1493
12;2025-12-24;7;2722
12;2025-12-24;8;3544
12;2025-12-24;9;2611
12;2025-12-24;10;2095
12;2025-12-24;11;2087
12;2025-12-24;12;2095
12;2025-12-24;13;2077
12;2025-12-24;14;2058
12;2025-12-24;15;2291
12;2025-12-24;16;2742
12;2025-12-24;17;3043
12;2025-12-24;18;3171
12;2025-12-24;19;2518
12;2025-12-24;20;1514
12;2025-12-24;21;995
12;2025-12-24;22;507
12;2025-12-24;23;265
12;2025-12-25;0;50
12;2025-12-25;1;2
12;2025-12-25;2;0
12;2025-12-25;3;0
12;2025-12-25;4;6
12;2025-12-25;5;332
12;2025-12-25;6;1392
12;2025-12-25;7;2780
12;2025-12-25;8;3646
12;2025-12-25;9;2478
12;2025-12-25;10;2068
12;2025-12-25;11;2116
12;2025-12-25;12;2135
12;2025-12-25;13;2066
12;2025-12-25;14;2068
12;2025-12-25;15;2297
12;2025-12-25;16;2750
12;2025-12-25;17;3121
12;2025-12-25;18;3250
12;2025-12-25;19;2588
12;2025-12-25;20;1614
12;2025-12-25;21;949
12;2025-12-25;22;503
12;2025-12-25;23;269
12;2025-12-26;0;56
12;2025-12-26;1;2
12;2025-12-26;2;0
12;2025-12-26;3;0
12;2025-12-26;4;5
12;2025-12-26;5;319
12;2025-12-26;6;1404
12;2025-12-26;7;2715
12;2025-12-26;8;3561
12;2025-12-26;9;2380
12;2025-12-26;10;1947
12;2025-12-26;11;2046
12;2025-12-26;12;2059
12;2025-12-26;13;2044
12;2025-12-26;14;2114
12;2025-12-26;15;2417
12;2025-12-26;16;3098
12;2025-12-26;17;3002
12;2025-12-26;18;2622
12;2025-12-26;19;2292
12;2025-12-26;20;1510
12;2025-12-26;21;1001
12;2025-12-26;22;537
12;2025-12-26;23;305
12;2025-12-27;0;84
12;2025-12-27;1;4
12;2025-12-27;2;0
12;2025-12-27;3;0
12;2025-12-27;4;2
12;2025-12-27;5;234
12;2025-12-27;6;841
12;2025-12-27;7;907
12;2025-12-27;8;1007
12;2025-12-27;9;1188
12;2025-12-27;10;1438
12;2025-12-27;11;1467
12;2025-12-27;12;1481
12;2025-12-27;13;1689
12;2025-12-27;14;1632
12;2025-12-27;15;1523
12;2025-12-27;16;1589
12;2025-12-27;17;1538
12;2025-12-27;18;1465
12;2025-12-27;19;1431
12;2025-12-27;20;1016
12;2025-12-27;21;706
12;2025-12-27;22;418
12;2025-12-27;23;288
12;2025-12-28;0;86
12;2025-12-28;1;7
12;2025-12-28;2;0
12;2025-12-28;3;0
12;2025-12-28;4;2
12;2025-12-28;5;154
12;2025-12-28;6;526
12;2025-12-28;7;640
12;2025-12-28;8;735
12;2025-12-28;9;947
12;2025-12-28;10;1168
12;2025-12-28;11;1308
12;2025-12-28;12;1347
12;2025-12-28;13;1606
12;2025-12-28;14;1474
12;2025-12-28;15;1381
12;2025-12-28;16;1516
12;2025-12-28;17;1515
12;2025-12-28;18;1282
12;2025-12-28;19;1033
12;2025-12-28;20;743
12;2025-12-28;21;606
12;2025-12-28;22;384
12;2025-12-28;23;206
12;2025-12-29;0;63
12;2025-12-29;1;3
12;2025-12-29;2;0
12;2025-12-29;3;0
12;2025-12-29;4;5
12;2025-12-29;5;333
12;2025-12-29;6;1391
12;2025-12-29;7;2704
12;2025-12-29;8;3492
12;2025-12-29;9;2444
12;2025-12-29;10;1947
12;2025-12-29;11;1844
12;2025-12-29;12;1986
12;2025-12-29;13;1969
12;2025-12-29;14;1932
12;2025-12-29;15;2180
12;2025-12-29;16;2636
12;2025-12-29;17;2946
12;2025-12-29;18;3169
12;2025-12-29;19;2415
12;2025-12-29;20;1541
12;2025-12-29;21;927
12;2025-12-29;22;451
12;2025-12-29;23;232
12;2025-12-30;0;50
12;2025-12-30;1;1
12;2025-12-30;2;0
12;2025-12-30;3;0
12;2025-12-30;4;5
12;2025-12-30;5;335
12;2025-12-30;6;1432
12;2025-12-30;7;2779
12;2025-12-30;8;3708
12;2025-12-30;9;2530
12;2025-12-30;10;2116
12;2025-12-30;11;2083
12;2025-12-30;12;2041
12;2025-12-30;13;2078
12;2025-12-30;14;2067
12;2025-12-30;15;2211
12;2025-12-30;16;2754
12;2025-12-30;17;3073
12;2025-12-30;18;3200
12;2025-12-30;19;2556
12;2025-12-30;20;1540
12;2025-12-30;21;934
12;2025-12-30;22;497
12;2025-12-30;23;241
12;2025-12-31;0;86
12;2025-12-31;1;7
12;2025-12-31;2;0
12;2025-12-31;3;0
12;2025-12-31;4;2
12;2025-12-31;5;154
12;2025-12-31;6;526
12;2025-12-31;7;640
12;2025-12-31;8;735
12;2025-12-31;9;947
12;2025-12-31;10;1168
12;2025-12-31;11;1308
12;2025-12-31;12;1347
12;2025-12-31;13;1606
12;2025-12-31;14;1474
12;2025-12-31;15;1381
12;2025-12-31;16;1516
12;2025-12-31;17;1515
12;2025-12-31;18;1282
12;2025-12-31;19;1033
12;2025-12-31;20;743
12;2025-12-31;21;606
12;2025-12-31;22;384
12;2025-12-31;23;206
17;2025-11-01;0;145
17;2025-11-01;1;15
17;2025-11-01;2;0
17;2025-11-01;3;0
17;2025-11-01;4;26
17;2025-11-01;5;308
17;2025-11-01;6;1519
17;2025-11-01;7;3955
17;2025-11-01;8;5206
17;2025-11-01;9;3746
17;2025-11-01;10;2986
17;2025-11-01;11;2944
17;2025-11-01;12;3038
17;2025-11-01;13;3109
17;2025-11-01;14;3149
17;2025-11-01;15;3493
17;2025-11-01;16;4176
17;2025-11-01;17;4621
17;2025-11-01;18;4350
17;2025-11-01;19;3246
17;2025-11-01;20;2321
17;2025-11-01;21;1568
17;2025-11-01;22;893
17;2025-11-01;23;450
17;2025-11-02;0;176
17;2025-11-02;1;22
17;2025-11-02;2;0
17;2025-11-02;3;0
17;2025-11-02;4;3
17;2025-11-02;5;104
17;2025-11-02;6;413
17;2025-11-02;7;747
17;2025-11-02;8;1196
17;2025-11-02;9;1650
17;2025-11-02;10;1934
17;2025-11-02;11;2444
17;2025-11-02;12;2814
17;2025-11-02;13;3017
17;2025-11-02;14;3139
17;2025-11-02;15;3125
17;2025-11-02;16;3089
17;2025-11-02;17;2898
17;2025-11-02;18;2514
17;2025-11-02;19;2043
17;2025-11-02;20;1574
17;2025-11-02;21;1118
17;2025-11-02;22;706
17;2025-11-02;23;313
17;2025-11-03;0;176
17;2025-11-03;1;22
17;2025-11-03;2;0
17;2025-11-03;3;0
17;2025-11-03;4;3
17;2025-11-03;5;104
17;2025-11-03;6;413
17;2025-11-03;7;747
17;2025-11-03;8;1196
17;2025-11-03;9;1650
17;2025-11-03;10;1934
17;2025-11-03;11;2444
17;2025-11-03;12;2814
17;2025-11-03;13;3017
17;2025-11-03;14;3139
17;2025-11-03;15;3125
17;2025-11-03;16;3089
17;2025-11-03;17;2898
17;2025-11-03;18;2514
17;2025-11-03;19;2043
17;2025-11-03;20;1574
17;2025-11-03;21;1118
17;2025-11-03;22;706
17;2025-11-03;23;313
17;2025-11-04;0;176
17;2025-11-04;1;22
17;2025-11-04;2;0
17;2025-11-04;3;0
17;2025-11-04;4;3
17;2025-11-04;5;104
17;2025-11-04;6;413
17;2025-11-04;7;747
17;2025-11-04;8;1196
17;2025-11-04;9;1650
17;2025-11-04;10;1934
17;2025-11-04;11;2444
17;2025-11-04;12;2814
17;2025-11-04;13;3017
17;2025-11-04;14;3139
17;2025-11-04;15;3125
17;2025-11-04;16;3089
17;2025-11-04;17;2898
17;2025-11-04;18;2514
17;2025-11-04;19;2043
17;2025-11-04;20;1574
17;2025-11-04;21;1118
17;2025-11-04;22;706
17;2025-11-04;23;313
17;2025-11-05;0;123
17;2025-11-05;1;9
17;2025-11-05;2;0
17;2025-11-05;3;0
17;2025-11-05;4;27
17;2025-11-05;5;318
17;2025-11-05;6;1545
17;2025-11-05;7;4021
17;2025-11-05;8;5305
17;2025-11-05;9;3777
17;2025-11-05;10;2986
17;2025-11-05;11;2964
17;2025-11-05;12;2951
17;2025-11-05;13;3058
17;2025-11-05;14;3079
17;2025-11-05;15;3248
17;2025-11-05;16;3634
17;2025-11-05;17;4456
17;2025-11-05;18;4812
17;2025-11-05;19;3399
17;2025-11-05;20;2323
17;2025-11-05;21;1471
17;2025-11-05;22;805
17;2025-11-05;23;381
17;2025-11-06;0;130
17;2025-11-06;1;10
17;2025-11-06;2;0
17;2025-11-06;3;0
17;2025-11-06;4;26
17;2025-11-06;5;318
17;2025-11-06;6;1538
17;2025-11-06;7;4019
17;2025-11-06;8;5303
17;2025-11-06;9;3800
17;2025-11-06;10;3023
17;2025-11-06;11;2938
17;2025-11-06;12;3012
17;2025-11-06;13;3037
17;2025-11-06;14;3126
17;2025-11-06;15;3247
17;2025-11-06;16;3695
17;2025-11-06;17;4480
17;2025-11-06;18;4844
17;2025-11-06;19;3453
17;2025-11-06;20;2394
17;2025-11-06;21;1490
17;2025-11-06;22;835
17;2025-11-06;23;387
17;2025-11-07;0;145
17;2025-11-07;1;15
17;2025-11-07;2;0
17;2025-11-07;3;0
17;2025-11-07;4;26
17;2025-11-07;5;308
17;2025-11-07;6;1519
17;2025-11-07;7;3955
17;2025-11-07;8;5206
17;2025-11-07;9;3746
17;2025-11-07;10;2986
17;2025-11-07;11;2944
17;2025-11-07;12;3038
17;2025-11-07;13;3109
17;2025-11-07;14;3149
17;2025-11-07;15;3493
17;2025-11-07;16;4176
17;2025-11-07;17;4621
17;2025-11-07;18;4350
17;2025-11-07;19;3246
17;2025-11-07;20;2321
17;2025-11-07;21;1568
17;2025-11-07;22;893
17;2025-11-07;23;450
17;2025-11-08;0;194
17;2025-11-08;1;22
17;2025-11-08;2;0
17;2025-11-08;3;0
17;2025-11-08;4;5
17;2025-11-08;5;126
17;2025-11-08;6;535
17;2025-11-08;7;1159
17;2025-11-08;8;1722
17;2025-11-08;9;2162
17;2025-11-08;10;2368
17;2025-11-08;11;2839
17;2025-11-08;12;3153
17;2025-11-08;13;3335
17;2025-11-08;14;3361
17;2025-11-08;15;3367
17;2025-11-08;16;3364
17;2025-11-08;17;3133
17;2025-11-08;18;2926
17;2025-11-08;19;2393
17;2025-11-08;20;1831
17;2025-11-08;21;1348
17;2025-11-08;22;844
17;2025-11-08;23;420
17;2025-11-09;0;176
17;2025-11-09;1;22
17;2025-11-09;2;0
17;2025-11-09;3;0
17;2025-11-09;4;3
17;2025-11-09;5;104
17;2025-11-09;6;413
17;2025-11-09;7;747
17;2025-11-09;8;1196
17;2025-11-09;9;1650
17;2025-11-09;10;1934
17;2025-11-09;11;2444
17;2025-11-09;12;2814
17;2025-11-09;13;3017
17;2025-11-09;14;3139
17;2025-11-09;15;3125
17;2025-11-09;16;3089
17;2025-11-09;17;2898
17;2025-11-09;18;2514
17;2025-11-09;19;2043
17;2025-11-09;20;1574
17;2025-11-09;21;1118
17;2025-11-09;22;706
17;2025-11-09;23;313
17;2025-11-10;0;104
17;2025-11-10;1;12
17;2025-11-10;2;0
17;2025-11-10;3;0
17;2025-11-10;4;26
17;2025-11-10;5;305
17;2025-11-10;6;1501
17;2025-11-10;7;3963
17;2025-11-10;8;5320
17;2025-11-10;9;3684
17;2025-11-10;10;2827
17;2025-11-10;11;2814
17;2025-11-10;12;2827
17;2025-11-10;13;2882
17;2025-11-10;14;2935
17;2025-11-10;15;3122
17;2025-11-10;16;3579
17;2025-11-10;17;4391
17;2025-11-10;18;4763
17;2025-11-10;19;3433
17;2025-11-10;20;2290
17;2025-11-10;21;1353
17;2025-11-10;22;730
17;2025-11-10;23;318
17;2025-11-11;0;108
17;2025-11-11;1;9
17;2025-11-11;2;0
17;2025-11-11;3;0
17;2025-11-11;4;27
17;2025-11-11;5;319
17;2025-11-11;6;1551
17;2025-11-11;7;4082
17;2025-11-11;8;5434
17;2025-11-11;9;3846
17;2025-11-11;10;2989
17;2025-11-11;11;2858
17;2025-11-11;12;2961
17;2025-11-11;13;2998
17;2025-11-11;14;3110
17;2025-11-11;15;3192
17;2025-11-11;16;3561
17;2025-11-11;17;4476
17;2025-11-11;18;4866
17;2025-11-11;19;3442
17;2025-11-11;20;2355
17;2025-11-11;21;1395
17;2025-11-11;22;764
17;2025-11-11;23;346
17;2025-11-12;0;123
17;2025-11-12;1;9
17;2025-11-12;2;0
17;2025-11-12;3;0
17;2025-11-12;4;27
17;2025-11-12;5;318
17;2025-11-12;6;1545
17;2025-11-12;7;4021
17;2025-11-12;8;5305
17;2025-11-12;9;3777
17;2025-11-12;10;2986
17;2025-11-12;11;2964
17;2025-11-12;12;2951
17;2025-11-12;13;3058
17;2025-11-12;14;3079
17;2025-11-12;15;3248
17;2025-11-12;16;3634
17;2025-11-12;17;4456
17;2025-11-12;18;4812
17;2025-11-12;19;3399
17;2025-11-12;20;2323
17;2025-11-12;21;1471
17;2025-11-12;22;805
17;2025-11-12;23;381
17;2025-11-13;0;130
17;2025-11-13;1;10
17;2025-11-13;2;0
17;2025-11-13;3;0
17;2025-11-13;4;26
17;2025-11-13;5;318
17;2025-11-13;6;1538
17;2025-11-13;7;4019
17;2025-11-13;8;5303
17;2025-11-13;9;3800
17;2025-11-13;10;3023
17;2025-11-13;11;2938
17;2025-11-13;12;3012
17;2025-11-13;13;3037
17;2025-11-13;14;3126
17;2025-11-13;15;3247
17;2025-11-13;16;3695
17;2025-11-13;17;4480
17;2025-11-13;18;4844
17;2025-11-13;19;3453
17;2025-11-13;20;2394
17;2025-11-13;21;1490
17;2025-11-13;22;835
17;2025-11-13;23;387
17;2025-11-14;0;145
17;2025-11-14;1;15
17;2025-11-14;2;0
17;2025-11-14;3;0
17;2025-11-14;4;26
17;2025-11-14;5;308
17;2025-11-14;6;1519
17;2025-11-14;7;3955
17;2025-11-14;8;5206
17;2025-11-14;9;3746
17;2025-11-14;10;2986
17;2025-11-14;11;2944
17;2025-11-14;12;3038
17;2025-11-14;13;3109
17;2025-11-14;14;3149
17;2025-11-14;15;3493
17;2025-11-14;16;4176
17;2025-11-14;17;4621
17;2025-11-14;18;4350
17;2025-11-14;19;3246
17;2025-11-14;20;2321
17;2025-11-14;21;1568
17;2025-11-14;22;893
17;2025-11-14;23;450
17;2025-11-15;0;194
17;2025-11-15;1;22
17;2025-11-15;2;0
17;2025-11-15;3;0
17;2025-11-15;4;5
17;2025-11-15;5;126
17;2025-11-15;6;535
17;2025-11-15;7;1159
17;2025-11-15;8;1722
17;2025-11-15;9;2162
17;2025-11-15;10;2368
17;2025-11-15;11;2839
17;2025-11-15;12;3153
17;2025-11-15;13;3335
17;2025-11-15;14;3361
17;2025-11-15;15;3367
17;2025-11-15;16;3364
17;2025-11-15;17;3133
17;2025-11-15;18;2926
17;2025-11-15;19;2393
17;2025-11-15;20;1831
17;2025-11-15;21;1348
17;2025-11-15;22;844
17;2025-11-15;23;420
17;2025-11-16;0;176
17;2025-11-16;1;22
17;2025-11-16;2;0
17;2025-11-16;3;0
17;2025-11-16;4;3
17;2025-11-16;5;104
17;2025-11-16;6;413
17;2025-11-16;7;747
17;2025-11-16;8;1196
17;2025-11-16;9;1650
17;2025-11-16;10;1934
17;2025-11-16;11;2444
17;2025-11-16;12;2814
17;2025-11-16;13;3017
17;2025-11-16;14;3139
17;2025-11-16;15;3125
17;2025-11-16;16;3089
17;2025-11-16;17;2898
17;2025-11-16;18;2514
17;2025-11-16;19;2043
17;2025-11-16;20;1574
17;2025-11-16;21;1118
17;2025-11-16;22;706
17;2025-11-16;23;313
17;2025-11-17;0;104
17;2025-11-17;1;12
17;2025-11-17;2;0
17;2025-11-17;3;0
17;2025-11-17;4;26
17;2025-11-17;5;305
17;2025-11-17;6;1501
17;2025-11-17;7;3963
17;2025-11-17;8;5320
17;2025-11-17;9;3684
17;2025-11-17;10;2827
17;2025-11-17;11;2814
17;2025-11-17;12;2827
17;2025-11-17;13;2882
17;2025-11-17;14;2935
17;2025-11-17;15;3122
17;2025-11-17;16;3579
17;2025-11-17;17;4391
17;2025-11-17;18;4763
17;2025-11-17;19;3433
17;2025-11-17;20;2290
17;2025-11-17;21;1353
17;2025-11-17;22;730
17;2025-11-17;23;318
17;2025-11-18;0;108
17;2025-11-18;1;9
17;2025-11-18;2;0
17;2025-11-18;3;0
17;2025-11-18;4;27
17;2025-11-18;5;319
17;2025-11-18;6;1551
17;2025-11-18;7;4082
17;2025-11-18;8;5434
17;2025-11-18;9;3846
17;2025-11-18;10;2989
17;2025-11-18;11;2858
17;2025-11-18;12;2961
17;2025-11-18;13;2998
17;2025-11-18;14;3110
17;2025-11-18;15;3192
17;2025-11-18;16;3561
17;2025-11-18;17;4476
17;2025-11-18;18;4866
17;2025-11-18;19;3442
17;2025-11-18;20;2355
17;2025-11-18;21;1395
17;2025-11-18;22;764
17;2025-11-18;23;346
17;2025-11-19;0;123
17;2025-11-19;1;9
17;2025-11-19;2;0
17;2025-11-19;3;0
17;2025-11-19;4;27
17;2025-11-19;5;318
17;2025-11-19;6;1545
17;2025-11-19;7;4021
17;2025-11-19;8;5305
17;2025-11-19;9;3777
17;2025-11-19;10;2986
17;2025-11-19;11;2964
17;2025-11-19;12;2951
17;2025-11-19;13;3058
17;2025-11-19;14;3079
17;2025-11-19;15;3248
17;2025-11-19;16;3634
17;2025-11-19;17;4456
17;2025-11-19;18;4812
17;2025-11-19;19;3399
17;2025-11-19;20;2323
17;2025-11-19;21;1471
17;2025-11-19;22;805
17;2025-11-19;23;381
17;2025-11-20;0;130
17;2025-11-20;1;10
17;2025-11-20;2;0
17;2025-11-20;3;0
17;2025-11-20;4;26
17;2025-11-20;5;318
17;2025-11-20;6;1538
17;2025-11-20;7;4019
17;2025-11-20;8;5303
17;2025-11-20;9;3800
17;2025-11-20;10;3023
17;2025-11-20;11;2938
17;2025-11-20;12;3012
17;2025-11-20;13;3037
17;2025-11-20;14;3126
17;2025-11-20;15;3247
17;2025-11-20;16;3695
17;2025-11-20;17;4480
17;2025-11-20;18;4844
17;2025-11-20;19;3453
17;2025-11-20;20;2394
17;2025-11-20;21;1490
17;2025-11-20;22;835
17;2025-11-20;23;387
17;2025-11-21;0;145
17;2025-11-21;1;15
17;2025-11-21;2;0
17;2025-11-21;3;0
17;2025-11-21;4;26
17;2025-11-21;5;308
17;2025-11-21;6;1519
17;2025-11-21;7;3955
17;2025-11-21;8;5206
17;2025-11-21;9;3746
17;2025-11-21;10;2986
17;2025-11-21;11;2944
17;2025-11-21;12;3038
17;2025-11-21;13;3109
17;2025-11-21;14;3149
17;2025-11-21;15;3493
17;2025-11-21;16;4176
17;2025-11-21;17;4621
17;2025-11-21;18;4350
17;2025-11-21;19;3246
17;2025-11-21;20;2321
17;2025-11-21;21;1568
17;2025-11-21;22;893
17;2025-11-21;23;450
17;2025-11-22;0;194
17;2025-11-22;1;22
17;2025-11-22;2;0
17;2025-11-22;3;0
17;2025-11-22;4;5
17;2025-11-22;5;126
17;2025-11-22;6;535
17;2025-11-22;7;1159
17;2025-11-22;8;1722
17;2025-11-22;9;2162
17;2025-11-22;10;2368
17;2025-11-22;11;2839
17;2025-11-22;12;3153
17;2025-11-22;13;3335
17;2025-11-22;14;3361
17;2025-11-22;15;3367
17;2025-11-22;16;3364
17;2025-11-22;17;3133
17;2025-11-22;18;2926
17;2025-11-22;19;2393
17;2025-11-22;20;1831
17;2025-11-22;21;1348
17;2025-11-22;22;844
17;2025-11-22;23;420
17;2025-11-23;0;176
17;2025-11-23;1;22
17;2025-11-23;2;0
17;2025-11-23;3;0
17;2025-11-23;4;3
17;2025-11-23;5;104
17;2025-11-23;6;413
17;2025-11-23;7;747
17;2025-11-23;8;1196
17;2025-11-23;9;1650
17;2025-11-23;10;1934
17;2025-11-23;11;2444
17;2025-11-23;12;2814
17;2025-11-23;13;3017
17;2025-11-23;14;3139
17;2025-11-23;15;3125
17;2025-11-23;16;3089
17;2025-11-23;17;2898
17;2025-11-23;18;2514
17;2025-11-23;19;2043
17;2025-11-23;20;1574
17;2025-11-23;21;1118
17;2025-11-23;22;706
17;2025-11-23;23;313
17;2025-11-24;0;104
17;2025-11-24;1;12
17;2025-11-24;2;0
17;2025-11-24;3;0
17;2025-11-24;4;26
17;2025-11-24;5;305
17;2025-11-24;6;1501
17;2025-11-24;7;3963
17;2025-11-24;8;5320
17;2025-11-24;9;3684
17;2025-11-24;10;2827
17;2025-11-24;11;2814
17;2025-11-24;12;2827
17;2025-11-24;13;2882
17;2025-11-24;14;2935
17;2025-11-24;15;3122
17;2025-11-24;16;3579
17;2025-11-24;17;4391
17;2025-11-24;18;4763
17;2025-11-24;19;3433
17;2025-11-24;20;2290
17;2025-11-24;21;1353
17;2025-11-24;22;730
17;2025-11-24;23;318
17;2025-11-25;0;108
17;2025-11-25;1;9
17;2025-11-25;2;0
17;2025-11-25;3;0
17;2025-11-25;4;27
17;2025-11-25;5;319
17;2025-11-25;6;1551
17;2025-11-25;7;4082
17;2025-11-25;8;5434
17;2025-11-25;9;3846
17;2025-11-25;10;2989
17;2025-11-25;11;2858
17;2025-11-25;12;2961
17;2025-11-25;13;2998
17;2025-11-25;14;3110
17;2025-11-25;15;3192
17;2025-11-25;16;3561
17;2025-11-25;17;4476
17;2025-11-25;18;4866
17;2025-11-25;19;3442
17;2025-11-25;20;2355
17;2025-11-25;21;1395
17;2025-11-25;22;764
17;2025-11-25;23;346
17;2025-11-26;0;123
17;2025-11-26;1;9
17;2025-11-26;2;0
17;2025-11-26;3;0
17;2025-11-26;4;27
17;2025-11-26;5;318
17;2025-11-26;6;1545
17;2025-11-26;7;4021
17;2025-11-26;8;5305
17;2025-11-26;9;3777
17;2025-11-26;10;2986
17;2025-11-26;11;2964
17;2025-11-26;12;2951
17;2025-11-26;13;3058
17;2025-11-26;14;3079
17;2025-11-26;15;3248
17;2025-11-26;16;3634
17;2025-11-26;17;4456
17;2025-11-26;18;4812
17;2025-11-26;19;3399
17;2025-11-26;20;2323
17;2025-11-26;21;1471
17;2025-11-26;22;805
17;2025-11-26;23;381
17;2025-11-27;0;130
17;2025-11-27;1;10
17;2025-11-27;2;0
17;2025-11-27;3;0
17;2025-11-27;4;26
17;2025-11-27;5;318
17;2025-11-27;6;1538
17;2025-11-27;7;4019
17;2025-11-27;8;5303
17;2025-11-27;9;3800
17;2025-11-27;10;3023
17;2025-11-27;11;2938
17;2025-11-27;12;3012
17;2025-11-27;13;3037
17;2025-11-27;14;3126
17;2025-11-27;15;3247
17;2025-11-27;16;3695
17;2025-11-27;17;4480
17;2025-11-27;18;4844
17;2025-11-27;19;3453
17;2025-11-27;20;2394
17;2025-11-27;21;1490
17;2025-11-27;22;835
17;2025-11-27;23;387
17;2025-11-28;0;145
17;2025-11-28;1;15
17;2025-11-28;2;0
17;2025-11-28;3;0
17;2025-11-28;4;26
17;2025-11-28;5;308
17;2025-11-28;6;1519
17;2025-11-28;7;3955
17;2025-11-28;8;5206
17;2025-11-28;9;3746
17;2025-11-28;10;2986
17;2025-11-28;11;2944
17;2025-11-28;12;3038
17;2025-11-28;13;3109
17;2025-11-28;14;3149
17;2025-11-28;15;3493
17;2025-11-28;16;4176
17;2025-11-28;17;4621
17;2025-11-28;18;4350
17;2025-11-28;19;3246
17;2025-11-28;20;2321
17;2025-11-28;21;1568
17;2025-11-28;22;893
17;2025-11-28;23;450
17;2025-11-29;0;194
17;2025-11-29;1;22
17;2025-11-29;2;0
17;2025-11-29;3;0
17;2025-11-29;4;5
17;2025-11-29;5;126
17;2025-11-29;6;535
17;2025-11-29;7;1159
17;2025-11-29;8;1722
17;2025-11-29;9;2162
17;2025-11-29;10;2368
17;2025-11-29;11;2839
17;2025-11-29;12;3153
17;2025-11-29;13;3335
17;2025-11-29;14;3361
17;2025-11-29;15;3367
17;2025-11-29;16;3364
17;2025-11-29;17;3133
17;2025-11-29;18;2926
17;2025-11-29;19;2393
17;2025-11-29;20;1831
17;2025-11-29;21;1348
17;2025-11-29;22;844
17;2025-11-29;23;420
17;2025-11-30;0;176
17;2025-11-30;1;22
17;2025-11-30;2;0
17;2025-11-30;3;0
17;2025-11-30;4;3
17;2025-11-30;5;104
17;2025-11-30;6;413
17;2025-11-30;7;747
17;2025-11-30;8;1196
17;2025-11-30;9;1650
17;2025-11-30;10;1934
17;2025-11-30;11;2444
17;2025-11-30;12;2814
17;2025-11-30;13;3017
17;2025-11-30;14;3139
17;2025-11-30;15;3125
17;2025-11-30;16;3089
17;2025-11-30;17;2898
17;2025-11-30;18;2514
17;2025-11-30;19;2043
17;2025-11-30;20;1574
17;2025-11-30;21;1118
17;2025-11-30;22;706
17;2025-11-30;23;313
17;2025-12-01;0;104
17;2025-12-01;1;12
17;2025-12-01;2;0
17;2025-12-01;3;0
17;2025-12-01;4;26
17;2025-12-01;5;305
17;2025-12-01;6;1501
17;2025-12-01;7;3963
17;2025-12-01;8;5320
17;2025-12-01;9;3684
17;2025-12-01;10;2827
17;2025-12-01;11;2814
17;2025-12-01;12;2827
17;2025-12-01;13;2882
17;2025-12-01;14;2935
17;2025-12-01;15;3122
17;2025-12-01;16;3579
17;2025-12-01;17;4391
17;2025-12-01;18;4763
17;2025-12-01;19;3433
17;2025-12-01;20;2290
17;2025-12-01;21;1353
17;2025-12-01;22;730
17;2025-12-01;23;318
17;2025-12-02;0;108
17;2025-12-02;1;9
17;2025-12-02;2;0
17;2025-12-02;3;0
17;2025-12-02;4;27
17;2025-12-02;5;319
17;2025-12-02;6;1551
17;2025-12-02;7;4082
17;2025-12-02;8;5434
17;2025-12-02;9;3846
17;2025-12-02;10;2989
17;2025-12-02;11;2858
17;2025-12-02;12;2961
17;2025-12-02;13;2998
17;2025-12-02;14;3110
17;2025-12-02;15;3192
17;2025-12-02;16;3561
17;2025-12-02;17;4476
17;2025-12-02;18;4866
17;2025-12-02;19;3442
17;2025-12-02;20;2355
17;2025-12-02;21;1395
17;2025-12-02;22;764
17;2025-12-02;23;346
17;2025-12-03;0;123
17;2025-12-03;1;9
17;2025-12-03;2;0
17;2025-12-03;3;0
17;2025-12-03;4;27
17;2025-12-03;5;318
17;2025-12-03;6;1545
17;2025-12-03;7;4021
17;2025-12-03;8;5305
17;2025-12-03;9;3777
17;2025-12-03;10;2986
17;2025-12-03;11;2964
17;2025-12-03;12;2951
17;2025-12-03;13;3058
17;2025-12-03;14;3079
17;2025-12-03;15;3248
17;2025-12-03;16;3634
17;2025-12-03;17;4456
17;2025-12-03;18;4812
17;2025-12-03;19;3399
17;2025-12-03;20;2323
17;2025-12-03;21;1471
17;2025-12-03;22;805
17;2025-12-03;23;381
17;2025-12-04;0;130
17;2025-12-04;1;10
17;2025-12-04;2;0
17;2025-12-04;3;0
17;2025-12-04;4;26
17;2025-12-04;5;318
17;2025-12-04;6;1538
17;2025-12-04;7;4019
17;2025-12-04;8;5303
17;2025-12-04;9;3800
17;2025-12-04;10;3023
17;2025-12-04;11;2938
17;2025-12-04;12;3012
17;2025-12-04;13;3037
17;2025-12-04;14;3126
17;2025-12-04;15;3247
17;2025-12-04;16;3695
17;2025-12-04;17;4480
17;2025-12-04;18;4844
17;2025-12-04;19;3453
17;2025-12-04;20;2394
17;2025-12-04;21;1490
17;2025-12-04;22;835
17;2025-12-04;23;387
17;2025-12-05;0;145
17;2025-12-05;1;15
17;2025-12-05;2;0
17;2025-12-05;3;0
17;2025-12-05;4;26
17;2025-12-05;5;308
17;2025-12-05;6;1519
17;2025-12-05;7;3955
17;2025-12-05;8;5206
17;2025-12-05;9;3746
17;2025-12-05;10;2986
17;2025-12-05;11;2944
17;2025-12-05;12;3038
17;2025-12-05;13;3109
17;2025-12-05;14;3149
17;2025-12-05;15;3493
17;2025-12-05;16;4176
17;2025-12-05;17;4621
17;2025-12-05;18;4350
17;2025-12-05;19;3246
17;2025-12-05;20;2321
17;2025-12-05;21;1568
17;2025-12-05;22;893
17;2025-12-05;23;450
17;2025-12-06;0;194
17;2025-12-06;1;22
17;2025-12-06;2;0
17;2025-12-06;3;0
17;2025-12-06;4;5
17;2025-12-06;5;126
17;2025-12-06;6;535
17;2025-12-06;7;1159
17;2025-12-06;8;1722
17;2025-12-06;9;2162
17;2025-12-06;10;2368
17;2025-12-06;11;2839
17;2025-12-06;12;3153
17;2025-12-06;13;3335
17;2025-12-06;14;3361
17;2025-12-06;15;3367
17;2025-12-06;16;3364
17;2025-12-06;17;3133
17;2025-12-06;18;2926
17;2025-12-06;19;2393
17;2025-12-06;20;1831
17;2025-12-06;21;1348
17;2025-12-06;22;844
17;2025-12-06;23;420
17;2025-12-07;0;176
17;2025-12-07;1;22
17;2025-12-07;2;0
17;2025-12-07;3;0
17;2025-12-07;4;3
17;2025-12-07;5;104
17;2025-12-07;6;413
17;2025-12-07;7;747
17;2025-12-07;8;1196
17;2025-12-07;9;1650
17;2025-12-07;10;1934
17;2025-12-07;11;2444
17;2025-12-07;12;2814
17;2025-12-07;13;3017
17;2025-12-07;14;3139
17;2025-12-07;15;3125
17;2025-12-07;16;3089
17;2025-12-07;17;2898
17;2025-12-07;18;2514
17;2025-12-07;19;2043
17;2025-12-07;20;1574
17;2025-12-07;21;1118
17;2025-12-07;22;706
17;2025-12-07;23;313
17;2025-12-08;0;104
17;2025-12-08;1;12
17;2025-12-08;2;0
17;2025-12-08;3;0
17;2025-12-08;4;26
17;2025-12-08;5;305
17;2025-12-08;6;1501
17;2025-12-08;7;3963
17;2025-12-08;8;5320
17;2025-12-08;9;3684
17;2025-12-08;10;2827
17;2025-12-08;11;2814
17;2025-12-08;12;2827
17;2025-12-08;13;2882
17;2025-12-08;14;2935
17;2025-12-08;15;3122
17;2025-12-08;16;3579
17;2025-12-08;17;4391
17;2025-12-08;18;4763
17;2025-12-08;19;3433
17;2025-12-08;20;2290
17;2025-12-08;21;1353
17;2025-12-08;22;730
17;2025-12-08;23;318
17;2025-12-09;0;108
17;2025-12-09;1;9
17;2025-12-09;2;0
17;2025-12-09;3;0
17;2025-12-09;4;27
17;2025-12-09;5;319
17;2025-12-09;6;1551
17;2025-12-09;7;4082
17;2025-12-09;8;5434
17;2025-12-09;9;3846
17;2025-12-09;10;2989
17;2025-12-09;11;2858
17;2025-12-09;12;2961
17;2025-12-09;13;2998
17;2025-12-09;14;3110
17;2025-12-09;15;3192
17;2025-12-09;16;3561
17;2025-12-09;17;4476
17;2025-12-09;18;4866
17;2025-12-09;19;3442
17;2025-12-09;20;2355
17;2025-12-09;21;1395
17;2025-12-09;22;764
17;2025-12-09;23;346
17;2025-12-10;0;123
17;2025-12-10;1;9
17;2025-12-10;2;0
17;2025-12-10;3;0
17;2025-12-10;4;27
17;2025-12-10;5;318
17;2025-12-10;6;1545
17;2025-12-10;7;4021
17;2025-12-10;8;5305
17;2025-12-10;9;3777
17;2025-12-10;10;2986
17;2025-12-10;11;2964
17;2025-12-10;12;2951
17;2025-12-10;13;3058
17;2025-12-10;14;3079
17;2025-12-10;15;3248
17;2025-12-10;16;3634
17;2025-12-10;17;4456
17;2025-12-10;18;4812
17;2025-12-10;19;3399
17;2025-12-10;20;2323
17;2025-12-10;21;1471
17;2025-12-10;22;805
17;2025-12-10;23;381
17;2025-12-11;0;130
17;2025-12-11;1;10
17;2025-12-11;2;0
17;2025-12-11;3;0
17;2025-12-11;4;26
17;2025-12-11;5;318
17;2025-12-11;6;1538
17;2025-12-11;7;4019
17;2025-12-11;8;5303
17;2025-12-11;9;3800
17;2025-12-11;10;3023
17;2025-12-11;11;2938
17;2025-12-11;12;3012
17;2025-12-11;13;3037
17;2025-12-11;14;3126
17;2025-12-11;15;3247
17;2025-12-11;16;3695
17;2025-12-11;17;4480
17;2025-12-11;18;4844
17;2025-12-11;19;3453
17;2025-12-11;20;2394
17;2025-12-11;21;1490
17;2025-12-11;22;835
17;2025-12-11;23;387
17;2025-12-12;0;145
17;2025-12-12;1;15
17;2025-12-12;2;0
17;2025-12-12;3;0
17;2025-12-12;4;26
17;2025-12-12;5;308
17;2025-12-12;6;1519
17;2025-12-12;7;3955
17;2025-12-12;8;5206
17;2025-12-12;9;3746
17;2025-12-12;10;2986
17;2025-12-12;11;2944
17;2025-12-12;12;3038
17;2025-12-12;13;3109
17;2025-12-12;14;3149
17;2025-12-12;15;3493
17;2025-12-12;16;4176
17;2025-12-12;17;4621
17;2025-12-12;18;4350
17;2025-12-12;19;3246
17;2025-12-12;20;2321
17;2025-12-12;21;1568
17;2025-12-12;22;893
17;2025-12-12;23;450
17;2025-12-13;0;194
17;2025-12-13;1;22
17;2025-12-13;2;0
17;2025-12-13;3;0
17;2025-12-13;4;5
17;2025-12-13;5;126
17;2025-12-13;6;535
17;2025-12-13;7;1159
17;2025-12-13;8;1722
17;2025-12-13;9;2162
17;2025-12-13;10;2368
17;2025-12-13;11;2839
17;2025-12-13;12;3153
17;2025-12-13;13;3335
17;2025-12-13;14;3361
17;2025-12-13;15;3367
17;2025-12-13;16;3364
17;2025-12-13;17;3133
17;2025-12-13;18;2926
17;2025-12-13;19;2393
17;2025-12-13;20;1831
17;2025-12-13;21;1348
17;2025-12-13;22;844
17;2025-12-13;23;420
17;2025-12-14;0;176
17;2025-12-14;1;22
17;2025-12-14;2;0
17;2025-12-14;3;0
17;2025-12-14;4;3
17;2025-12-14;5;104
17;2025-12-14;6;413
17;2025-12-14;7;747
17;2025-12-14;8;1196
17;2025-12-14;9;1650
17;2025-12-14;10;1934
17;2025-12-14;11;2444
17;2025-12-14;12;2814
17;2025-12-14;13;3017
17;2025-12-14;14;3139
17;2025-12-14;15;3125
17;2025-12-14;16;3089
17;2025-12-14;17;2898
17;2025-12-14;18;2514
17;2025-12-14;19;2043
17;2025-12-14;20;1574
17;2025-12-14;21;1118
17;2025-12-14;22;706
17;2025-12-14;23;313
17;2025-12-15;0;104
17;2025-12-15;1;12
17;2025-12-15;2;0
17;2025-12-15;3;0
17;2025-12-15;4;26
17;2025-12-15;5;305
17;2025-12-15;6;1501
17;2025-12-15;7;3963
17;2025-12-15;8;5320
17;2025-12-15;9;3684
17;2025-12-15;10;2827
17;2025-12-15;11;2814
17;2025-12-15;12;2827
17;2025-12-15;13;2882
17;2025-12-15;14;2935
17;2025-12-15;15;3122
17;2025-12-15;16;3579
17;2025-12-15;17;4391
17;2025-12-15;18;4763
17;2025-12-15;19;3433
17;2025-12-15;20;2290
17;2025-12-15;21;1353
17;2025-12-15;22;730
17;2025-12-15;23;318
17;2025-12-16;0;108
17;2025-12-16;1;9
17;2025-12-16;2;0
17;2025-12-16;3;0
17;2025-12-16;4;27
17;2025-12-16;5;319
17;2025-12-16;6;1551
17;2025-12-16;7;4082
17;2025-12-16;8;5434
17;2025-12-16;9;3846
17;2025-12-16;10;2989
17;2025-12-16;11;2858
17;2025-12-16;12;2961
17;2025-12-16;13;2998
17;2025-12-16;14;3110
17;2025-12-16;15;3192
17;2025-12-16;16;3561
17;2025-12-16;17;4476
17;2025-12-16;18;4866
17;2025-12-16;19;3442
17;2025-12-16;20;2355
17;2025-12-16;21;1395
17;2025-12-16;22;764
17;2025-12-16;23;346
17;2025-12-17;0;123
17;2025-12-17;1;9
17;2025-12-17;2;0
17;2025-12-17;3;0
17;2025-12-17;4;27
17;2025-12-17;5;318
17;2025-12-17;6;1545
17;2025-12-17;7;4021
17;2025-12-17;8;5305
17;2025-12-17;9;3777
17;2025-12-17;10;2986
17;2025-12-17;11;2964
17;2025-12-17;12;2951
17;2025-12-17;13;3058
17;2025-12-17;14;3079
17;2025-12-17;15;3248
17;2025-12-17;16;3634
17;2025-12-17;17;4456
17;2025-12-17;18;4812
17;2025-12-17;19;3399
17;2025-12-17;20;2323
17;2025-12-17;21;1471
17;2025-12-17;22;805
17;2025-12-17;23;381
17;2025-12-18;0;130
17;2025-12-18;1;10
17;2025-12-18;2;0
17;2025-12-18;3;0
17;2025-12-18;4;26
17;2025-12-18;5;318
17;2025-12-18;6;1538
17;2025-12-18;7;4019
17;2025-12-18;8;5303
17;2025-12-18;9;3800
17;2025-12-18;10;3023
17;2025-12-18;11;2938
17;2025-12-18;12;3012
17;2025-12-18;13;3037
17;2025-12-18;14;3126
17;2025-12-18;15;3247
17;2025-12-18;16;3695
17;2025-12-18;17;4480
17;2025-12-18;18;4844
17;2025-12-18;19;3453
17;2025-12-18;20;2394
17;2025-12-18;21;1490
17;2025-12-18;22;835
17;2025-12-18;23;387
17;2025-12-19;0;145
17;2025-12-19;1;15
17;2025-12-19;2;0
17;2025-12-19;3;0
17;2025-12-19;4;26
17;2025-12-19;5;308
17;2025-12-19;6;1519
17;2025-12-19;7;3955
17;2025-12-19;8;5206
17;2025-12-19;9;3746
17;2025-12-19;10;2986
17;2025-12-19;11;2944
17;2025-12-19;12;3038
17;2025-12-19;13;3109
17;2025-12-19;14;3149
17;2025-12-19;15;3493
17;2025-12-19;16;4176
17;2025-12-19;17;4621
17;2025-12-19;18;4350
17;2025-12-19;19;3246
17;2025-12-19;20;2321
17;2025-12-19;21;1568
17;2025-12-19;22;893
17;2025-12-19;23;450
17;2025-12-20;0;194
17;2025-12-20;1;22
17;2025-12-20;2;0
17;2025-12-20;3;0
17;2025-12-20;4;5
17;2025-12-20;5;126
17;2025-12-20;6;535
17;2025-12-20;7;1159
17;2025-12-20;8;1722
17;2025-12-20;9;2162
17;2025-12-20;10;2368
17;2025-12-20;11;2839
17;2025-12-20;12;3153
17;2025-12-20;13;3335
17;2025-12-20;14;3361
17;2025-12-20;15;3367
17;2025-12-20;16;3364
17;2025-12-20;17;3133
17;2025-12-20;18;2926
17;2025-12-20;19;2393
17;2025-12-20;20;1831
17;2025-12-20;21;1348
17;2025-12-20;22;844
17;2025-12-20;23;420
17;2025-12-21;0;176
17;2025-12-21;1;22
17;2025-12-21;2;0
17;2025-12-21;3;0
17;2025-12-21;4;3
17;2025-12-21;5;104
17;2025-12-21;6;413
17;2025-12-21;7;747
17;2025-12-21;8;1196
17;2025-12-21;9;1650
17;2025-12-21;10;1934
17;2025-12-21;11;2444
17;2025-12-21;12;2814
17;2025-12-21;13;3017
17;2025-12-21;14;3139
17;2025-12-21;15;3125
17;2025-12-21;16;3089
17;2025-12-21;17;2898
17;2025-12-21;18;2514
17;2025-12-21;19;2043
17;2025-12-21;20;1574
17;2025-12-21;21;1118
17;2025-12-21;22;706
17;2025-12-21;23;313
17;2025-12-22;0;104
17;2025-12-22;1;12
17;2025-12-22;2;0
17;2025-12-22;3;0
17;2025-12-22;4;26
17;2025-12-22;5;305
17;2025-12-22;6;1501
17;2025-12-22;7;3963
17;2025-12-22;8;5320
17;2025-12-22;9;3684
17;2025-12-22;10;2827
17;2025-12-22;11;2814
17;2025-12-22;12;2827
17;2025-12-22;13;2882
17;2025-12-22;14;2935
17;2025-12-22;15;3122
17;2025-12-22;16;3579
17;2025-12-22;17;4391
17;2025-12-22;18;4763
17;2025-12-22;19;3433
17;2025-12-22;20;2290
17;2025-12-22;21;1353
17;2025-12-22;22;730
17;2025-12-22;23;318
17;2025-12-23;0;108
17;2025-12-23;1;9
17;2025-12-23;2;0
17;2025-12-23;3;0
17;2025-12-23;4;27
17;2025-12-23;5;319
17;2025-12-23;6;1551
17;2025-12-23;7;4082
17;2025-12-23;8;5434
17;2025-12-23;9;3846
17;2025-12-23;10;2989
17;2025-12-23;11;2858
17;2025-12-23;12;2961
17;2025-12-23;13;2998
17;2025-12-23;14;3110
17;2025-12-23;15;3192
17;2025-12-23;16;3561
17;2025-12-23;17;4476
17;2025-12-23;18;4866
17;2025-12-23;19;3442
17;2025-12-23;20;2355
17;2025-12-23;21;1395
17;2025-12-23;22;764
17;2025-12-23;23;346
17;2025-12-24;0;123
17;2025-12-24;1;9
17;2025-12-24;2;0
17;2025-12-24;3;0
17;2025-12-24;4;27
17;2025-12-24;5;318
17;2025-12-24;6;1545
17;2025-12-24;7;4021
17;2025-12-24;8;5305
17;2025-12-24;9;3777
17;2025-12-24;10;2986
17;2025-12-24;11;2964
17;2025-12-24;12;2951
17;2025-12-24;13;3058
17;2025-12-24;14;3079
17;2025-12-24;15;3248
17;2025-12-24;16;3634
17;2025-12-24;17;4456
17;2025-12-24;18;4812
17;2025-12-24;19;3399
17;2025-12-24;20;2323
17;2025-12-24;21;1471
17;2025-12-24;22;805
17;2025-12-24;23;381
17;2025-12-25;0;130
17;2025-12-25;1;10
17;2025-12-25;2;0
17;2025-12-25;3;0
17;2025-12-25;4;26
17;2025-12-25;5;318
17;2025-12-25;6;1538
17;2025-12-25;7;4019
17;2025-12-25;8;5303
17;2025-12-25;9;3800
17;2025-12-25;10;3023
17;2025-12-25;11;2938
17;2025-12-25;12;3012
17;2025-12-25;13;3037
17;2025-12-25;14;3126
17;2025-12-25;15;3247
17;2025-12-25;16;3695
17;2025-12-25;17;4480
17;2025-12-25;18;4844
17;2025-12-25;19;3453
17;2025-12-25;20;2394
17;2025-12-25;21;1490
17;2025-12-25;22;835
17;2025-12-25;23;387
17;2025-12-26;0;145
17;2025-12-26;1;15
17;2025-12-26;2;0
17;2025-12-26;3;0
17;2025-12-26;4;26
17;2025-12-26;5;308
17;2025-12-26;6;1519
17;2025-12-26;7;3955
17;2025-12-26;8;5206
17;2025-12-26;9;3746
17;2025-12-26;10;2986
17;2025-12-26;11;2944
17;2025-12-26;12;3038
17;2025-12-26;13;3109
17;2025-12-26;14;3149
17;2025-12-26;15;3493
17;2025-12-26;16;4176
17;2025-12-26;17;4621
17;2025-12-26;18;4350
17;2025-12-26;19;3246
17;2025-12-26;20;2321
17;2025-12-26;21;1568
17;2025-12-26;22;893
17;2025-12-26;23;450
17;2025-12-27;0;194
17;2025-12-27;1;22
17;2025-12-27;2;0
17;2025-12-27;3;0
17;2025-12-27;4;5
17;2025-12-27;5;126
17;2025-12-27;6;535
17;2025-12-27;7;1159
17;2025-12-27;8;1722
17;2025-12-27;9;2162
17;2025-12-27;10;2368
17;2025-12-27;11;2839
17;2025-12-27;12;3153
17;2025-12-27;13;3335
17;2025-12-27;14;3361
17;2025-12-27;15;3367
17;2025-12-27;16;3364
17;2025-12-27;17;3133
17;2025-12-27;18;2926
17;2025-12-27;19;2393
17;2025-12-27;20;1831
17;2025-12-27;21;1348
17;2025-12-27;22;844
17;2025-12-27;23;420
17;2025-12-28;0;176
17;2025-12-28;1;22
17;2025-12-28;2;0
17;2025-12-28;3;0
17;2025-12-28;4;3
17;2025-12-28;5;104
17;2025-12-28;6;413
17;2025-12-28;7;747
17;2025-12-28;8;1196
17;2025-12-28;9;1650
17;2025-12-28;10;1934
17;2025-12-28;11;2444
17;2025-12-28;12;2814
17;2025-12-28;13;3017
17;2025-12-28;14;3139
17;2025-12-28;15;3125
17;2025-12-28;16;3089
17;2025-12-28;17;2898
17;2025-12-28;18;2514
17;2025-12-28;19;2043
17;2025-12-28;20;1574
17;2025-12-28;21;1118
17;2025-12-28;22;706
17;2025-12-28;23;313
17;2025-12-29;0;104
17;2025-12-29;1;12
17;2025-12-29;2;0
17;2025-12-29;3;0
17;2025-12-29;4;26
17;2025-12-29;5;305
17;2025-12-29;6;1501
17;2025-12-29;7;3963
17;2025-12-29;8;5320
17;2025-12-29;9;3684
17;2025-12-29;10;2827
17;2025-12-29;11;2814
17;2025-12-29;12;2827
17;2025-12-29;13;2882
17;2025-12-29;14;2935
17;2025-12-29;15;3122
17;2025-12-29;16;3579
17;2025-12-29;17;4391
17;2025-12-29;18;4763
17;2025-12-29;19;3433
17;2025-12-29;20;2290
17;2025-12-29;21;1353
17;2025-12-29;22;730
17;2025-12-29;23;318
17;2025-12-30;0;108
17;2025-12-30;1;9
17;2025-12-30;2;0
17;2025-12-30;3;0
17;2025-12-30;4;27
17;2025-12-30;5;319
17;2025-12-30;6;1551
17;2025-12-30;7;4082
17;2025-12-30;8;5434
17;2025-12-30;9;3846
17;2025-12-30;10;2989
17;2025-12-30;11;2858
17;2025-12-30;12;2961
17;2025-12-30;13;2998
17;2025-12-30;14;3110
17;2025-12-30;15;3192
17;2025-12-30;16;3561
17;2025-12-30;17;4476
17;2025-12-30;18;4866
17;2025-12-30;19;3442
17;2025-12-30;20;2355
17;2025-12-30;21;1395
17;2025-12-30;22;764
17;2025-12-30;23;346
17;2025-12-31;0;176
17;2025-12-31;1;22
17;2025-12-31;2;0
17;2025-12-31;3;0
17;2025-12-31;4;3
17;2025-12-31;5;104
17;2025-12-31;6;413
17;2025-12-31;7;747
17;2025-12-31;8;1196
17;2025-12-31;9;1650
17;2025-12-31;10;1934
17;2025-12-31;11;2444
17;2025-12-31;12;2814
17;2025-12-31;13;3017
17;2025-12-31;14;3139
17;2025-12-31;15;3125
17;2025-12-31;16;3089
17;2025-12-31;17;2898
17;2025-12-31;18;2514
17;2025-12-31;19;2043
17;2025-12-31;20;1574
17;2025-12-31;21;1118
17;2025-12-31;22;706
17;2025-12-31;23;313
25;2025-11-01;0;0
25;2025-11-01;1;0
25;2025-11-01;2;0
25;2025-11-01;3;0
25;2025-11-01;4;0
25;2025-11-01;5;2
25;2025-11-01;6;151
25;2025-11-01;7;524
25;2025-11-01;8;827
25;2025-11-01;9;432
25;2025-11-01;10;341
25;2025-11-01;11;420
25;2025-11-01;12;420
25;2025-11-01;13;526
25;2025-11-01;14;500
25;2025-11-01;15;592
25;2025-11-01;16;730
25;2025-11-01;17;748
25;2025-11-01;18;655
25;2025-11-01;19;456
25;2025-11-01;20;304
25;2025-11-01;21;206
25;2025-11-01;22;133
25;2025-11-01;23;7
25;2025-11-02;0;14
25;2025-11-02;1;0
25;2025-11-02;2;0
25;2025-11-02;3;0
25;2025-11-02;4;0
25;2025-11-02;5;2
25;2025-11-02;6;47
25;2025-11-02;7;94
25;2025-11-02;8;188
25;2025-11-02;9;209
25;2025-11-02;10;216
25;2025-11-02;11;290
25;2025-11-02;12;346
25;2025-11-02;13;470
25;2025-11-02;14;491
25;2025-11-02;15;596
25;2025-11-02;16;524
25;2025-11-02;17;458
25;2025-11-02;18;402
25;2025-11-02;19;330
25;2025-11-02;20;224
25;2025-11-02;21;163
25;2025-11-02;22;98
25;2025-11-02;23;37
25;2025-11-03;0;14
25;2025-11-03;1;0
25;2025-11-03;2;0
25;2025-11-03;3;0
25;2025-11-03;4;0
25;2025-11-03;5;2
25;2025-11-03;6;47
25;2025-11-03;7;94
25;2025-11-03;8;188
25;2025-11-03;9;209
25;2025-11-03;10;216
25;2025-11-03;11;290
25;2025-11-03;12;346
25;2025-11-03;13;470
25;2025-11-03;14;491
25;2025-11-03;15;596
25;2025-11-03;16;524
25;2025-11-03;17;458
25;2025-11-03;18;402
25;2025-11-03;19;330
25;2025-11-03;20;224
25;2025-11-03;21;163
25;2025-11-03;22;98
25;2025-11-03;23;37
25;2025-11-04;0;14
25;2025-11-04;1;0
25;2025-11-04;2;0
25;2025-11-04;3;0
25;2025-11-04;4;0
25;2025-11-04;5;2
25;2025-11-04;6;47
25;2025-11-04;7;94
25;2025-11-04;8;188
25;2025-11-04;9;209
25;2025-11-04;10;216
25;2025-11-04;11;290
25;2025-11-04;12;346
25;2025-11-04;13;470
25;2025-11-04;14;491
25;2025-11-04;15;596
25;2025-11-04;16;524
25;2025-11-04;17;458
25;2025-11-04;18;402
25;2025-11-04;19;330
25;2025-11-04;20;224
25;2025-11-04;21;163
25;2025-11-04;22;98
25;2025-11-04;23;37
25;2025-11-05;0;0
25;2025-11-05;1;0
25;2025-11-05;2;0
25;2025-11-05;3;0
25;2025-11-05;4;0
25;2025-11-05;5;4
25;2025-11-05;6;162
25;2025-11-05;7;525
25;2025-11-05;8;896
25;2025-11-05;9;464
25;2025-11-05;10;339
25;2025-11-05;11;404
25;2025-11-05;12;418
25;2025-11-05;13;534
25;2025-11-05;14;429
25;2025-11-05;15;516
25;2025-11-05;16;657
25;2025-11-05;17;712
25;2025-11-05;18;799
25;2025-11-05;19;488
25;2025-11-05;20;337
25;2025-11-05;21;205
25;2025-11-05;22;114
25;2025-11-05;23;6
25;2025-11-06;0;0
25;2025-11-06;1;0
25;2025-11-06;2;0
25;2025-11-06;3;0
25;2025-11-06;4;0
25;2025-11-06;5;6
25;2025-11-06;6;151
25;2025-11-06;7;530
25;2025-11-06;8;921
25;2025-11-06;9;457
25;2025-11-06;10;370
25;2025-11-06;11;401
25;2025-11-06;12;389
25;2025-11-06;13;508
25;2025-11-06;14;456
25;2025-11-06;15;551
25;2025-11-06;16;647
25;2025-11-06;17;744
25;2025-11-06;18;780
25;2025-11-06;19;505
25;2025-11-06;20;304
25;2025-11-06;21;202
25;2025-11-06;22;115
25;2025-11-06;23;7
25;2025-11-07;0;0
25;2025-11-07;1;0
25;2025-11-07;2;0
25;2025-11-07;3;0
25;2025-11-07;4;0
25;2025-11-07;5;2
25;2025-11-07;6;151
25;2025-11-07;7;524
25;2025-11-07;8;827
25;2025-11-07;9;432
25;2025-11-07;10;341
25;2025-11-07;11;420
25;2025-11-07;12;420
25;2025-11-07;13;526
25;2025-11-07;14;500
25;2025-11-07;15;592
25;2025-11-07;16;730
25;2025-11-07;17;748
25;2025-11-07;18;655
25;2025-11-07;19;456
25;2025-11-07;20;304
25;2025-11-07;21;206
25;2025-11-07;22;133
25;2025-11-07;23;7
25;2025-11-08;0;0
25;2025-11-08;1;0
25;2025-11-08;2;0
25;2025-11-08;3;0
25;2025-11-08;4;0
25;2025-11-08;5;1
25;2025-11-08;6;49
25;2025-11-08;7;135
25;2025-11-08;8;312
25;2025-11-08;9;259
25;2025-11-08;10;263
25;2025-11-08;11;367
25;2025-11-08;12;386
25;2025-11-08;13;501
25;2025-11-08;14;523
25;2025-11-08;15;628
25;2025-11-08;16;558
25;2025-11-08;17;477
25;2025-11-08;18;447
25;2025-11-08;19;391
25;2025-11-08;20;248
25;2025-11-08;21;188
25;2025-11-08;22;127
25;2025-11-08;23;49
25;2025-11-09;0;14
25;2025-11-09;1;0
25;2025-11-09;2;0
25;2025-11-09;3;0
25;2025-11-09;4;0
25;2025-11-09;5;2
25;2025-11-09;6;47
25;2025-11-09;7;94
25;2025-11-09;8;188
25;2025-11-09;9;209
25;2025-11-09;10;216
25;2025-11-09;11;290
25;2025-11-09;12;346
25;2025-11-09;13;470
25;2025-11-09;14;491
25;2025-11-09;15;596
25;2025-11-09;16;524
25;2025-11-09;17;458
25;2025-11-09;18;402
25;2025-11-09;19;330
25;2025-11-09;20;224
25;2025-11-09;21;163
25;2025-11-09;22;98
25;2025-11-09;23;37
25;2025-11-10;0;8
25;2025-11-10;1;0
25;2025-11-10;2;0
25;2025-11-10;3;0
25;2025-11-10;4;0
25;2025-11-10;5;3
25;2025-11-10;6;154
25;2025-11-10;7;546
25;2025-11-10;8;874
25;2025-11-10;9;468
25;2025-11-10;10;323
25;2025-11-10;11;385
25;2025-11-10;12;377
25;2025-11-10;13;492
25;2025-11-10;14;385
25;2025-11-10;15;489
25;2025-11-10;16;646
25;2025-11-10;17;707
25;2025-11-10;18;780
25;2025-11-10;19;476
25;2025-11-10;20;299
25;2025-11-10;21;196
25;2025-11-10;22;105
25;2025-11-10;23;6
25;2025-11-11;0;0
25;2025-11-11;1;0
25;2025-11-11;2;0
25;2025-11-11;3;0
25;2025-11-11;4;0
25;2025-11-11;5;3
25;2025-11-11;6;158
25;2025-11-11;7;529
25;2025-11-11;8;878
25;2025-11-11;9;484
25;2025-11-11;10;368
25;2025-11-11;11;413
25;2025-11-11;12;361
25;2025-11-11;13;455
25;2025-11-11;14;445
25;2025-11-11;15;503
25;2025-11-11;16;640
25;2025-11-11;17;694
25;2025-11-11;18;766
25;2025-11-11;19;479
25;2025-11-11;20;304
25;2025-11-11;21;196
25;2025-11-11;22;107
25;2025-11-11;23;7
25;2025-11-12;0;0
25;2025-11-12;1;0
25;2025-11-12;2;0
25;2025-11-12;3;0
25;2025-11-12;4;0
25;2025-11-12;5;4
25;2025-11-12;6;162
25;2025-11-12;7;525
25;2025-11-12;8;896
25;2025-11-12;9;464
25;2025-11-12;10;339
25;2025-11-12;11;404
25;2025-11-12;12;418
25;2025-11-12;13;534
25;2025-11-12;14;429
25;2025-11-12;15;516
25;2025-11-12;16;657
25;2025-11-12;17;712
25;2025-11-12;18;799
25;2025-11-12;19;488
25;2025-11-12;20;337
25;2025-11-12;21;205
25;2025-11-12;22;114
25;2025-11-12;23;6
25;2025-11-13;0;0
25;2025-11-13;1;0
25;2025-11-13;2;0
25;2025-11-13;3;0
25;2025-11-13;4;0
25;2025-11-13;5;6
25;2025-11-13;6;151
25;2025-11-13;7;530
25;2025-11-13;8;921
25;2025-11-13;9;457
25;2025-11-13;10;370
25;2025-11-13;11;401
25;2025-11-13;12;389
25;2025-11-13;13;508
25;2025-11-13;14;456
25;2025-11-13;15;551
25;2025-11-13;16;647
25;2025-11-13;17;744
25;2025-11-13;18;780
25;2025-11-13;19;505
25;2025-11-13;20;304
25;2025-11-13;21;202
25;2025-11-13;22;115
25;2025-11-13;23;7
25;2025-11-14;0;0
25;2025-11-14;1;0
25;2025-11-14;2;0
25;2025-11-14;3;0
25;2025-11-14;4;0
25;2025-11-14;5;2
25;2025-11-14;6;151
25;2025-11-14;7;524
25;2025-11-14;8;827
25;2025-11-14;9;432
25;2025-11-14;10;341
25;2025-11-14;11;420
25;2025-11-14;12;420
25;2025-11-14;13;526
25;2025-11-14;14;500
25;2025-11-14;15;592
25;2025-11-14;16;730
25;2025-11-14;17;748
25;2025-11-14;18;655
25;2025-11-14;19;456
25;2025-11-14;20;304
25;2025-11-14;21;206
25;2025-11-14;22;133
25;2025-11-14;23;7
25;2025-11-15;0;0
25;2025-11-15;1;0
25;2025-11-15;2;0
25;2025-11-15;3;0
25;2025-11-15;4;0
25;2025-11-15;5;1
25;2025-11-15;6;49
25;2025-11-15;7;135
25;2025-11-15;8;312
25;2025-11-15;9;259
25;2025-11-15;10;263
25;2025-11-15;11;367
25;2025-11-15;12;386
25;2025-11-15;13;501
25;2025-11-15;14;523
25;2025-11-15;15;628
25;2025-11-15;16;558
25;2025-11-15;17;477
25;2025-11-15;18;447
25;2025-11-15;19;391
25;2025-11-15;20;248
25;2025-11-15;21;188
25;2025-11-15;22;127
25;2025-11-15;23;49
25;2025-11-16;0;14
25;2025-11-16;1;0
25;2025-11-16;2;0
25;2025-11-16;3;0
25;2025-11-16;4;0
25;2025-11-16;5;2
25;2025-11-16;6;47
25;2025-11-16;7;94
25;2025-11-16;8;188
25;2025-11-16;9;209
25;2025-11-16;10;216
25;2025-11-16;11;290
25;2025-11-16;12;346
25;2025-11-16;13;470
25;2025-11-16;14;491
25;2025-11-16;15;596
25;2025-11-16;16;524
25;2025-11-16;17;458
25;2025-11-16;18;402
25;2025-11-16;19;330
25;2025-11-16;20;224
25;2025-11-16;21;163
25;2025-11-16;22;98
25;2025-11-16;23;37
25;2025-11-17;0;8
25;2025-11-17;1;0
25;2025-11-17;2;0
25;2025-11-17;3;0
25;2025-11-17;4;0
25;2025-11-17;5;3
25;2025-11-17;6;154
25;2025-11-17;7;546
25;2025-11-17;8;874
25;2025-11-17;9;468
25;2025-11-17;10;323
25;2025-11-17;11;385
25;2025-11-17;12;377
25;2025-11-17;13;492
25;2025-11-17;14;385
25;2025-11-17;15;489
25;2025-11-17;16;646
25;2025-11-17;17;707
25;2025-11-17;18;780
25;2025-11-17;19;476
25;2025-11-17;20;299
25;2025-11-17;21;196
25;2025-11-17;22;105
25;2025-11-17;23;6
25;2025-11-18;0;0
25;2025-11-18;1;0
25;2025-11-18;2;0
25;2025-11-18;3;0
25;2025-11-18;4;0
25;2025-11-18;5;3
25;2025-11-18;6;158
25;2025-11-18;7;529
25;2025-11-18;8;878
25;2025-11-18;9;484
25;2025-11-18;10;368
25;2025-11-18;11;413
25;2025-11-18;12;361
25;2025-11-18;13;455
25;2025-11-18;14;445
25;2025-11-18;15;503
25;2025-11-18;16;640
25;2025-11-18;17;694
25;2025-11-18;18;766
25;2025-11-18;19;479
25;2025-11-18;20;304
25;2025-11-18;21;196
25;2025-11-18;22;107
25;2025-11-18;23;7
25;2025-11-19;0;0
25;2025-11-19;1;0
25;2025-11-19;2;0
25;2025-11-19;3;0
25;2025-11-19;4;0
25;2025-11-19;5;4
25;2025-11-19;6;162
25;2025-11-19;7;525
25;2025-11-19;8;896
25;2025-11-19;9;464
25;2025-11-19;10;339
25;2025-11-19;11;404
25;2025-11-19;12;418
25;2025-11-19;13;534
25;2025-11-19;14;429
25;2025-11-19;15;516
25;2025-11-19;16;657
25;2025-11-19;17;712
25;2025-11-19;18;799
25;2025-11-19;19;488
25;2025-11-19;20;337
25;2025-11-19;21;205
25;2025-11-19;22;114
25;2025-11-19;23;6
25;2025-11-20;0;0
25;2025-11-20;1;0
25;2025-11-20;2;0
25;2025-11-20;3;0
25;2025-11-20;4;0
25;2025-11-20;5;6
25;2025-11-20;6;151
25;2025-11-20;7;530
25;2025-11-20;8;921
25;2025-11-20;9;457
25;2025-11-20;10;370
25;2025-11-20;11;401
25;2025-11-20;12;389
25;2025-11-20;13;508
25;2025-11-20;14;456
25;2025-11-20;15;551
25;2025-11-20;16;647
25;2025-11-20;17;744
25;2025-11-20;18;780
25;2025-11-20;19;505
25;2025-11-20;20;304
25;2025-11-20;21;202
25;2025-11-20;22;115
25;2025-11-20;23;7
25;2025-11-21;0;0
25;2025-11-21;1;0
25;2025-11-21;2;0
25;2025-11-21;3;0
25;2025-11-21;4;0
25;2025-11-21;5;2
25;2025-11-21;6;151
25;2025-11-21;7;524
25;2025-11-21;8;827
25;2025-11-21;9;432
25;2025-11-21;10;341
25;2025-11-21;11;420
25;2025-11-21;12;420
25;2025-11-21;13;526
25;2025-11-21;14;500
25;2025-11-21;15;592
25;2025-11-21;16;730
25;2025-11-21;17;748
25;2025-11-21;18;655
25;2025-11-21;19;456
25;2025-11-21;20;304
25;2025-11-21;21;206
25;2025-11-21;22;133
25;2025-11-21;23;7
25;2025-11-22;0;0
25;2025-11-22;1;0
25;2025-11-22;2;0
25;2025-11-22;3;0
25;2025-11-22;4;0
25;2025-11-22;5;1
25;2025-11-22;6;49
25;2025-11-22;7;135
25;2025-11-22;8;312
25;2025-11-22;9;259
25;2025-11-22;10;263
25;2025-11-22;11;367
25;2025-11-22;12;386
25;2025-11-22;13;501
25;2025-11-22;14;523
25;2025-11-22;15;628
25;2025-11-22;16;558
25;2025-11-22;17;477
25;2025-11-22;18;447
25;2025-11-22;19;391
25;2025-11-22;20;248
25;2025-11-22;21;188
25;2025-11-22;22;127
25;2025-11-22;23;49
25;2025-11-23;0;14
25;2025-11-23;1;0
25;2025-11-23;2;0
25;2025-11-23;3;0
25;2025-11-23;4;0
25;2025-11-23;5;2
25;2025-11-23;6;47
25;2025-11-23;7;94
25;2025-11-23;8;188
25;2025-11-23;9;209
25;2025-11-23;10;216
25;2025-11-23;11;290
25;2025-11-23;12;346
25;2025-11-23;13;470
25;2025-11-23;14;491
25;2025-11-23;15;596
25;2025-11-23;16;524
25;2025-11-23;17;458
25;2025-11-23;18;402
25;2025-11-23;19;330
25;2025-11-23;20;224
25;2025-11-23;21;163
25;2025-11-23;22;98
25;2025-11-23;23;37
25;2025-11-24;0;8
25;2025-11-24;1;0
25;2025-11-24;2;0
25;2025-11-24;3;0
25;2025-11-24;4;0
25;2025-11-24;5;3
25;2025-11-24;6;154
25;2025-11-24;7;546
25;2025-11-24;8;874
25;2025-11-24;9;468
25;2025-11-24;10;323
25;2025-11-24;11;385
25;2025-11-24;12;377
25;2025-11-24;13;492
25;2025-11-24;14;385
25;2025-11-24;15;489
25;2025-11-24;16;646
25;2025-11-24;17;707
25;2025-11-24;18;780
25;2025-11-24;19;476
25;2025-11-24;20;299
25;2025-11-24;21;196
25;2025-11-24;22;105
25;2025-11-24;23;6
25;2025-11-25;0;0
25;2025-11-25;1;0
25;2025-11-25;2;0
25;2025-11-25;3;0
25;2025-11-25;4;0
25;2025-11-25;5;3
25;2025-11-25;6;158
25;2025-11-25;7;529
25;2025-11-25;8;878
25;2025-11-25;9;484
25;2025-11-25;10;368
25;2025-11-25;11;413
25;2025-11-25;12;361
25;2025-11-25;13;455
25;2025-11-25;14;445
25;2025-11-25;15;503
25;2025-11-25;16;640
25;2025-11-25;17;694
25;2025-11-25;18;766
25;2025-11-25;19;479
25;2025-11-25;20;304
25;2025-11-25;21;196
25;2025-11-25;22;107
25;2025-11-25;23;7
25;2025-11-26;0;0
25;2025-11-26;1;0
25;2025-11-26;2;0
25;2025-11-26;3;0
25;2025-11-26;4;0
25;2025-11-26;5;4
25;2025-11-26;6;162
25;2025-11-26;7;525
25;2025-11-26;8;896
25;2025-11-26;9;464
25;2025-11-26;10;339
25;2025-11-26;11;404
25;2025-11-26;12;418
25;2025-11-26;13;534
25;2025-11-26;14;429
25;2025-11-26;15;516
25;2025-11-26;16;657
25;2025-11-26;17;712
25;2025-11-26;18;799
25;2025-11-26;19;488
25;2025-11-26;20;337
25;2025-11-26;21;205
25;2025-11-26;22;114
25;2025-11-26;23;6
25;2025-11-27;0;0
25;2025-11-27;1;0
25;2025-11-27;2;0
25;2025-11-27;3;0
25;2025-11-27;4;0
25;2025-11-27;5;6
25;2025-11-27;6;151
25;2025-11-27;7;530
25;2025-11-27;8;921
25;2025-11-27;9;457
25;2025-11-27;10;370
25;2025-11-27;11;401
25;2025-11-27;12;389
25;2025-11-27;13;508
25;2025-11-27;14;456
25;2025-11-27;15;551
25;2025-11-27;16;647
25;2025-11-27;17;744
25;2025-11-27;18;780
25;2025-11-27;19;505
25;2025-11-27;20;304
25;2025-11-27;21;202
25;2025-11-27;22;115
25;2025-11-27;23;7
25;2025-11-28;0;0
25;2025-11-28;1;0
25;2025-11-28;2;0
25;2025-11-28;3;0
25;2025-11-28;4;0
25;2025-11-28;5;2
25;2025-11-28;6;151
25;2025-11-28;7;524
25;2025-11-28;8;827
25;2025-11-28;9;432
25;2025-11-28;10;341
25;2025-11-28;11;420
25;2025-11-28;12;420
25;2025-11-28;13;526
25;2025-11-28;14;500
25;2025-11-28;15;592
25;2025-11-28;16;730
25;2025-11-28;17;748
25;2025-11-28;18;655
25;2025-11-28;19;456
25;2025-11-28;20;304
25;2025-11-28;21;206
25;2025-11-28;22;133
25;2025-11-28;23;7
25;2025-11-29;0;0
25;2025-11-29;1;0
25;2025-11-29;2;0
25;2025-11-29;3;0
25;2025-11-29;4;0
25;2025-11-29;5;1
25;2025-11-29;6;49
25;2025-11-29;7;135
25;2025-11-29;8;312
25;2025-11-29;9;259
25;2025-11-29;10;263
25;2025-11-29;11;367
25;2025-11-29;12;386
25;2025-11-29;13;501
25;2025-11-29;14;523
25;2025-11-29;15;628
25;2025-11-29;16;558
25;2025-11-29;17;477
25;2025-11-29;18;447
25;2025-11-29;19;391
25;2025-11-29;20;248
25;2025-11-29;21;188
25;2025-11-29;22;127
25;2025-11-29;23;49
25;2025-11-30;0;14
25;2025-11-30;1;0
25;2025-11-30;2;0
25;2025-11-30;3;0
25;2025-11-30;4;0
25;2025-11-30;5;2
25;2025-11-30;6;47
25;2025-11-30;7;94
25;2025-11-30;8;188
25;2025-11-30;9;209
25;2025-11-30;10;216
25;2025-11-30;11;290
25;2025-11-30;12;346
25;2025-11-30;13;470
25;2025-11-30;14;491
25;2025-11-30;15;596
25;2025-11-30;16;524
25;2025-11-30;17;458
25;2025-11-30;18;402
25;2025-11-30;19;330
25;2025-11-30;20;224
25;2025-11-30;21;163
25;2025-11-30;22;98
25;2025-11-30;23;37
25;2025-12-01;0;8
25;2025-12-01;1;0
25;2025-12-01;2;0
25;2025-12-01;3;0
25;2025-12-01;4;0
25;2025-12-01;5;3
25;2025-12-01;6;154
25;2025-12-01;7;546
25;2025-12-01;8;874
25;2025-12-01;9;468
25;2025-12-01;10;323
25;2025-12-01;11;385
25;2025-12-01;12;377
25;2025-12-01;13;492
25;2025-12-01;14;385
25;2025-12-01;15;489
25;2025-12-01;16;646
25;2025-12-01;17;707
25;2025-12-01;18;780
25;2025-12-01;19;476
25;2025-12-01;20;299
25;2025-12-01;21;196
25;2025-12-01;22;105
25;2025-12-01;23;6
25;2025-12-02;0;0
25;2025-12-02;1;0
25;2025-12-02;2;0
25;2025-12-02;3;0
25;2025-12-02;4;0
25;2025-12-02;5;3
25;2025-12-02;6;158
25;2025-12-02;7;529
25;2025-12-02;8;878
25;2025-12-02;9;484
25;2025-12-02;10;368
25;2025-12-02;11;413
25;2025-12-02;12;361
25;2025-12-02;13;455
25;2025-12-02;14;445
25;2025-12-02;15;503
25;2025-12-02;16;640
25;2025-12-02;17;694
25;2025-12-02;18;766
25;2025-12-02;19;479
25;2025-12-02;20;304
25;2025-12-02;21;196
25;2025-12-02;22;107
25;2025-12-02;23;7
25;2025-12-03;0;0
25;2025-12-03;1;0
25;2025-12-03;2;0
25;2025-12-03;3;0
25;2025-12-03;4;0
25;2025-12-03;5;4
25;2025-12-03;6;162
25;2025-12-03;7;525
25;2025-12-03;8;896
25;2025-12-03;9;464
25;2025-12-03;10;339
25;2025-12-03;11;404
25;2025-12-03;12;418
25;2025-12-03;13;534
25;2025-12-03;14;429
25;2025-12-03;15;516
25;2025-12-03;16;657
25;2025-12-03;17;712
25;2025-12-03;18;799
25;2025-12-03;19;488
25;2025-12-03;20;337
25;2025-12-03;21;205
25;2025-12-03;22;114
25;2025-12-03;23;6
25;2025-12-04;0;0
25;2025-12-04;1;0
25;2025-12-04;2;0
25;2025-12-04;3;0
25;2025-12-04;4;0
25;2025-12-04;5;6
25;2025-12-04;6;151
25;2025-12-04;7;530
25;2025-12-04;8;921
25;2025-12-04;9;457
25;2025-12-04;10;370
25;2025-12-04;11;401
25;2025-12-04;12;389
25;2025-12-04;13;508
25;2025-12-04;14;456
25;2025-12-04;15;551
25;2025-12-04;16;647
25;2025-12-04;17;744
25;2025-12-04;18;780
25;2025-12-04;19;505
25;2025-12-04;20;304
25;2025-12-04;21;202
25;2025-12-04;22;115
25;2025-12-04;23;7
25;2025-12-05;0;0
25;2025-12-05;1;0
25;2025-12-05;2;0
25;2025-12-05;3;0
25;2025-12-05;4;0
25;2025-12-05;5;2
25;2025-12-05;6;151
25;2025-12-05;7;524
25;2025-12-05;8;827
25;2025-12-05;9;432
25;2025-12-05;10;341
25;2025-12-05;11;420
25;2025-12-05;12;420
25;2025-12-05;13;526
25;2025-12-05;14;500
25;2025-12-05;15;592
25;2025-12-05;16;730
25;2025-12-05;17;748
25;2025-12-05;18;655
25;2025-12-05;19;456
25;2025-12-05;20;304
25;2025-12-05;21;206
25;2025-12-05;22;133
25;2025-12-05;23;7
25;2025-12-06;0;0
25;2025-12-06;1;0
25;2025-12-06;2;0
25;2025-12-06;3;0
25;2025-12-06;4;0
25;2025-12-06;5;1
25;2025-12-06;6;49
25;2025-12-06;7;135
25;2025-12-06;8;312
25;2025-12-06;9;259
25;2025-12-06;10;263
25;2025-12-06;11;367
25;2025-12-06;12;386
25;2025-12-06;13;501
25;2025-12-06;14;523
25;2025-12-06;15;628
25;2025-12-06;16;558
25;2025-12-06;17;477
25;2025-12-06;18;447
25;2025-12-06;19;391
25;2025-12-06;20;248
25;2025-12-06;21;188
25;2025-12-06;22;127
25;2025-12-06;23;49
25;2025-12-07;0;14
25;2025-12-07;1;0
25;2025-12-07;2;0
25;2025-12-07;3;0
25;2025-12-07;4;0
25;2025-12-07;5;2
25;2025-12-07;6;47
25;2025-12-07;7;94
25;2025-12-07;8;188
25;2025-12-07;9;209
25;2025-12-07;10;216
25;2025-12-07;11;290
25;2025-12-07;12;346
25;2025-12-07;13;470
25;2025-12-07;14;491
25;2025-12-07;15;596
25;2025-12-07;16;524
25;2025-12-07;17;458
25;2025-12-07;18;402
25;2025-12-07;19;330
25;2025-12-07;20;224
25;2025-12-07;21;163
25;2025-12-07;22;98
25;2025-12-07;23;37
25;2025-12-08;0;8
25;2025-12-08;1;0
25;2025-12-08;2;0
25;2025-12-08;3;0
25;2025-12-08;4;0
25;2025-12-08;5;3
25;2025-12-08;6;154
25;2025-12-08;7;546
25;2025-12-08;8;874
25;2025-12-08;9;468
25;2025-12-08;10;323
25;2025-12-08;11;385
25;2025-12-08;12;377
25;2025-12-08;13;492
25;2025-12-08;14;385
25;2025-12-08;15;489
25;2025-12-08;16;646
25;2025-12-08;17;707
25;2025-12-08;18;780
25;2025-12-08;19;476
25;2025-12-08;20;299
25;2025-12-08;21;196
25;2025-12-08;22;105
25;2025-12-08;23;6
25;2025-12-09;0;0
25;2025-12-09;1;0
25;2025-12-09;2;0
25;2025-12-09;3;0
25;2025-12-09;4;0
25;2025-12-09;5;3
25;2025-12-09;6;158
25;2025-12-09;7;529
25;2025-12-09;8;878
25;2025-12-09;9;484
25;2025-12-09;10;368
25;2025-12-09;11;413
25;2025-12-09;12;361
25;2025-12-09;13;455
25;2025-12-09;14;445
25;2025-12-09;15;503
25;2025-12-09;16;640
25;2025-12-09;17;694
25;2025-12-09;18;766
25;2025-12-09;19;479
25;2025-12-09;20;304
25;2025-12-09;21;196
25;2025-12-09;22;107
25;2025-12-09;23;7
25;2025-12-10;0;0
25;2025-12-10;1;0
25;2025-12-10;2;0
25;2025-12-10;3;0
25;2025-12-10;4;0
25;2025-12-10;5;4
25;2025-12-10;6;162
25;2025-12-10;7;525
25;2025-12-10;8;896
25;2025-12-10;9;464
25;2025-12-10;10;339
25;2025-12-10;11;404
25;2025-12-10;12;418
25;2025-12-10;13;534
25;2025-12-10;14;429
25;2025-12-10;15;516
25;2025-12-10;16;657
25;2025-12-10;17;712
25;2025-12-10;18;799
25;2025-12-10;19;488
25;2025-12-10;20;337
25;2025-12-10;21;205
25;2025-12-10;22;114
25;2025-12-10;23;6
25;2025-12-11;0;0
25;2025-12-11;1;0
25;2025-12-11;2;0
25;2025-12-11;3;0
25;2025-12-11;4;0
25;2025-12-11;5;6
25;2025-12-11;6;151
25;2025-12-11;7;530
25;2025-12-11;8;921
25;2025-12-11;9;457
25;2025-12-11;10;370
25;2025-12-11;11;401
25;2025-12-11;12;389
25;2025-12-11;13;508
25;2025-12-11;14;456
25;2025-12-11;15;551
25;2025-12-11;16;647
25;2025-12-11;17;744
25;2025-12-11;18;780
25;2025-12-11;19;505
25;2025-12-11;20;304
25;2025-12-11;21;202
25;2025-12-11;22;115
25;2025-12-11;23;7
25;2025-12-12;0;0
25;2025-12-12;1;0
25;2025-12-12;2;0
25;2025-12-12;3;0
25;2025-12-12;4;0
25;2025-12-12;5;2
25;2025-12-12;6;151
25;2025-12-12;7;524
25;2025-12-12;8;827
25;2025-12-12;9;432
25;2025-12-12;10;341
25;2025-12-12;11;420
25;2025-12-12;12;420
25;2025-12-12;13;526
25;2025-12-12;14;500
25;2025-12-12;15;592
25;2025-12-12;16;730
25;2025-12-12;17;748
25;2025-12-12;18;655
25;2025-12-12;19;456
25;2025-12-12;20;304
25;2025-12-12;21;206
25;2025-12-12;22;133
25;2025-12-12;23;7
25;2025-12-13;0;0
25;2025-12-13;1;0
25;2025-12-13;2;0
25;2025-12-13;3;0
25;2025-12-13;4;0
25;2025-12-13;5;1
25;2025-12-13;6;49
25;2025-12-13;7;135
25;2025-12-13;8;312
25;2025-12-13;9;259
25;2025-12-13;10;263
25;2025-12-13;11;367
25;2025-12-13;12;386
25;2025-12-13;13;501
25;2025-12-13;14;523
25;2025-12-13;15;628
25;2025-12-13;16;558
25;2025-12-13;17;477
25;2025-12-13;18;447
25;2025-12-13;19;391
25;2025-12-13;20;248
25;2025-12-13;21;188
25;2025-12-13;22;127
25;2025-12-13;23;49
25;2025-12-14;0;14
25;2025-12-14;1;0
25;2025-12-14;2;0
25;2025-12-14;3;0
25;2025-12-14;4;0
25;2025-12-14;5;2
25;2025-12-14;6;47
25;2025-12-14;7;94
25;2025-12-14;8;188
25;2025-12-14;9;209
25;2025-12-14;10;216
25;2025-12-14;11;290
25;2025-12-14;12;346
25;2025-12-14;13;470
25;2025-12-14;14;491
25;2025-12-14;15;596
25;2025-12-14;16;524
25;2025-12-14;17;458
25;2025-12-14;18;402
25;2025-12-14;19;330
25;2025-12-14;20;224
25;2025-12-14;21;163
25;2025-12-14;22;98
25;2025-12-14;23;37
25;2025-12-15;0;8
25;2025-12-15;1;0
25;2025-12-15;2;0
25;2025-12-15;3;0
25;2025-12-15;4;0
25;2025-12-15;5;3
25;2025-12-15;6;154
25;2025-12-15;7;546
25;2025-12-15;8;874
25;2025-12-15;9;468
25;2025-12-15;10;323
25;2025-12-15;11;385
25;2025-12-15;12;377
25;2025-12-15;13;492
25;2025-12-15;14;385
25;2025-12-15;15;489
25;2025-12-15;16;646
25;2025-12-15;17;707
25;2025-12-15;18;780
25;2025-12-15;19;476
25;2025-12-15;20;299
25;2025-12-15;21;196
25;2025-12-15;22;105
25;2025-12-15;23;6
25;2025-12-16;0;0
25;2025-12-16;1;0
25;2025-12-16;2;0
25;2025-12-16;3;0
25;2025-12-16;4;0
25;2025-12-16;5;3
25;2025-12-16;6;158
25;2025-12-16;7;529
25;2025-12-16;8;878
25;2025-12-16;9;484
25;2025-12-16;10;368
25;2025-12-16;11;413
25;2025-12-16;12;361
25;2025-12-16;13;455
25;2025-12-16;14;445
25;2025-12-16;15;503
25;2025-12-16;16;640
25;2025-12-16;17;694
25;2025-12-16;18;766
25;2025-12-16;19;479
25;2025-12-16;20;304
25;2025-12-16;21;196
25;2025-12-16;22;107
25;2025-12-16;23;7
25;2025-12-17;0;0
25;2025-12-17;1;0
25;2025-12-17;2;0
25;2025-12-17;3;0
25;2025-12-17;4;0
25;2025-12-17;5;4
25;2025-12-17;6;162
25;2025-12-17;7;525
25;2025-12-17;8;896
25;2025-12-17;9;464
25;2025-12-17;10;339
25;2025-12-17;11;404
25;2025-12-17;12;418
25;2025-12-17;13;534
25;2025-12-17;14;429
25;2025-12-17;15;516
25;2025-12-17;16;657
25;2025-12-17;17;712
25;2025-12-17;18;799
25;2025-12-17;19;488
25;2025-12-17;20;337
25;2025-12-17;21;205
25;2025-12-17;22;114
25;2025-12-17;23;6
25;2025-12-18;0;0
25;2025-12-18;1;0
25;2025-12-18;2;0
25;2025-12-18;3;0
25;2025-12-18;4;0
25;2025-12-18;5;6
25;2025-12-18;6;151
25;2025-12-18;7;530
25;2025-12-18;8;921
25;2025-12-18;9;457
25;2025-12-18;10;370
25;2025-12-18;11;401
25;2025-12-18;12;389
25;2025-12-18;13;508
25;2025-12-18;14;456
25;2025-12-18;15;551
25;2025-12-18;16;647
25;2025-12-18;17;744
25;2025-12-18;18;780
25;2025-12-18;19;505
25;2025-12-18;20;304
25;2025-12-18;21;202
25;2025-12-18;22;115
25;2025-12-18;23;7
25;2025-12-19;0;0
25;2025-12-19;1;0
25;2025-12-19;2;0
25;2025-12-19;3;0
25;2025-12-19;4;0
25;2025-12-19;5;2
25;2025-12-19;6;151
25;2025-12-19;7;524
25;2025-12-19;8;827
25;2025-12-19;9;432
25;2025-12-19;10;341
25;2025-12-19;11;420
25;2025-12-19;12;420
25;2025-12-19;13;526
25;2025-12-19;14;500
25;2025-12-19;15;592
25;2025-12-19;16;730
25;2025-12-19;17;748
25;2025-12-19;18;655
25;2025-12-19;19;456
25;2025-12-19;20;304
25;2025-12-19;21;206
25;2025-12-19;22;133
25;2025-12-19;23;7
25;2025-12-20;0;0
25;2025-12-20;1;0
25;2025-12-20;2;0
25;2025-12-20;3;0
25;2025-12-20;4;0
25;2025-12-20;5;1
25;2025-12-20;6;49
25;2025-12-20;7;135
25;2025-12-20;8;312
25;2025-12-20;9;259
25;2025-12-20;10;263
25;2025-12-20;11;367
25;2025-12-20;12;386
25;2025-12-20;13;501
25;2025-12-20;14;523
25;2025-12-20;15;628
25;2025-12-20;16;558
25;2025-12-20;17;477
25;2025-12-20;18;447
25;2025-12-20;19;391
25;2025-12-20;20;248
25;2025-12-20;21;188
25;2025-12-20;22;127
25;2025-12-20;23;49
25;2025-12-21;0;14
25;2025-12-21;1;0
25;2025-12-21;2;0
25;2025-12-21;3;0
25;2025-12-21;4;0
25;2025-12-21;5;2
25;2025-12-21;6;47
25;2025-12-21;7;94
25;2025-12-21;8;188
25;2025-12-21;9;209
25;2025-12-21;10;216
25;2025-12-21;11;290
25;2025-12-21;12;346
25;2025-12-21;13;470
25;2025-12-21;14;491
25;2025-12-21;15;596
25;2025-12-21;16;524
25;2025-12-21;17;458
25;2025-12-21;18;402
25;2025-12-21;19;330
25;2025-12-21;20;224
25;2025-12-21;21;163
25;2025-12-21;22;98
25;2025-12-21;23;37
25;2025-12-22;0;8
25;2025-12-22;1;0
25;2025-12-22;2;0
25;2025-12-22;3;0
25;2025-12-22;4;0
25;2025-12-22;5;3
25;2025-12-22;6;154
25;2025-12-22;7;546
25;2025-12-22;8;874
25;2025-12-22;9;468
25;2025-12-22;10;323
25;2025-12-22;11;385
25;2025-12-22;12;377
25;2025-12-22;13;492
25;2025-12-22;14;385
25;2025-12-22;15;489
25;2025-12-22;16;646
25;2025-12-22;17;707
25;2025-12-22;18;780
25;2025-12-22;19;476
25;2025-12-22;20;299
25;2025-12-22;21;196
25;2025-12-22;22;105
25;2025-12-22;23;6
25;2025-12-23;0;0
25;2025-12-23;1;0
25;2025-12-23;2;0
25;2025-12-23;3;0
25;2025-12-23;4;0
25;2025-12-23;5;3
25;2025-12-23;6;158
25;2025-12-23;7;529
25;2025-12-23;8;878
25;2025-12-23;9;484
25;2025-12-23;10;368
25;2025-12-23;11;413
25;2025-12-23;12;361
25;2025-12-23;13;455
25;2025-12-23;14;445
25;2025-12-23;15;503
25;2025-12-23;16;640
25;2025-12-23;17;694
25;2025-12-23;18;766
25;2025-12-23;19;479
25;2025-12-23;20;304
25;2025-12-23;21;196
25;2025-12-23;22;107
25;2025-12-23;23;7
25;2025-12-24;0;0
25;2025-12-24;1;0
25;2025-12-24;2;0
25;2025-12-24;3;0
25;2025-12-24;4;0
25;2025-12-24;5;4
25;2025-12-24;6;162
25;2025-12-24;7;525
25;2025-12-24;8;896
25;2025-12-24;9;464
25;2025-12-24;10;339
25;2025-12-24;11;404
25;2025-12-24;12;418
25;2025-12-24;13;534
25;2025-12-24;14;429
25;2025-12-24;15;516
25;2025-12-24;16;657
25;2025-12-24;17;712
25;2025-12-24;18;799
25;2025-12-24;19;488
25;2025-12-24;20;337
25;2025-12-24;21;205
25;2025-12-24;22;114
25;2025-12-24;23;6
25;2025-12-25;0;0
25;2025-12-25;1;0
25;2025-12-25;2;0
25;2025-12-25;3;0
25;2025-12-25;4;0
25;2025-12-25;5;6
25;2025-12-25;6;151
25;2025-12-25;7;530
25;2025-12-25;8;921
25;2025-12-25;9;457
25;2025-12-25;10;370
25;2025-12-25;11;401
25;2025-12-25;12;389
25;2025-12-25;13;508
25;2025-12-25;14;456
25;2025-12-25;15;551
25;2025-12-25;16;647
25;2025-12-25;17;744
25;2025-12-25;18;780
25;2025-12-25;19;505
25;2025-12-25;20;304
25;2025-12-25;21;202
25;2025-12-25;22;115
25;2025-12-25;23;7
25;2025-12-26;0;0
25;2025-12-26;1;0
25;2025-12-26;2;0
25;2025-12-26;3;0
25;2025-12-26;4;0
25;2025-12-26;5;2
25;2025-12-26;6;151
25;2025-12-26;7;524
25;2025-12-26;8;827
25;2025-12-26;9;432
25;2025-12-26;10;341
25;2025-12-26;11;420
25;2025-12-26;12;420
25;2025-12-26;13;526
25;2025-12-26;14;500
25;2025-12-26;15;592
25;2025-12-26;16;730
25;2025-12-26;17;748
25;2025-12-26;18;655
25;2025-12-26;19;456
25;2025-12-26;20;304
25;2025-12-26;21;206
25;2025-12-26;22;133
25;2025-12-26;23;7
25;2025-12-27;0;0
25;2025-12-27;1;0
25;2025-12-27;2;0
25;2025-12-27;3;0
25;2025-12-27;4;0
25;2025-12-27;5;1
25;2025-12-27;6;49
25;2025-12-27;7;135
25;2025-12-27;8;312
25;2025-12-27;9;259
25;2025-12-27;10;263
25;2025-12-27;11;367
25;2025-12-27;12;386
25;2025-12-27;13;501
25;2025-12-27;14;523
25;2025-12-27;15;628
25;2025-12-27;16;558
25;2025-12-27;17;477
25;2025-12-27;18;447
25;2025-12-27;19;391
25;2025-12-27;20;248
25;2025-12-27;21;188
25;2025-12-27;22;127
25;2025-12-27;23;49
25;2025-12-28;0;14
25;2025-12-28;1;0
25;2025-12-28;2;0
25;2025-12-28;3;0
25;2025-12-28;4;0
25;2025-12-28;5;2
25;2025-12-28;6;47
25;2025-12-28;7;94
25;2025-12-28;8;188
25;2025-12-28;9;209
25;2025-12-28;10;216
25;2025-12-28;11;290
25;2025-12-28;12;346
25;2025-12-28;13;470
25;2025-12-28;14;491
25;2025-12-28;15;596
25;2025-12-28;16;524
25;2025-12-28;17;458
25;2025-12-28;18;402
25;2025-12-28;19;330
25;2025-12-28;20;224
25;2025-12-28;21;163
25;2025-12-28;22;98
25;2025-12-28;23;37
25;2025-12-29;0;8
25;2025-12-29;1;0
25;2025-12-29;2;0
25;2025-12-29;3;0
25;2025-12-29;4;0
25;2025-12-29;5;3
25;2025-12-29;6;154
25;2025-12-29;7;546
25;2025-12-29;8;874
25;2025-12-29;9;468
25;2025-12-29;10;323
25;2025-12-29;11;385
25;2025-12-29;12;377
25;2025-12-29;13;492
25;2025-12-29;14;385
25;2025-12-29;15;489
25;2025-12-29;16;646
25;2025-12-29;17;707
25;2025-12-29;18;780
25;2025-12-29;19;476
25;2025-12-29;20;299
25;2025-12-29;21;196
25;2025-12-29;22;105
25;2025-12-29;23;6
25;2025-12-30;0;0
25;2025-12-30;1;0
25;2025-12-30;2;0
25;2025-12-30;3;0
25;2025-12-30;4;0
25;2025-12-30;5;3
25;2025-12-30;6;158
25;2025-12-30;7;529
25;2025-12-30;8;878
25;2025-12-30;9;484
25;2025-12-30;10;368
25;2025-12-30;11;413
25;2025-12-30;12;361
25;2025-12-30;13;455
25;2025-12-30;14;445
25;2025-12-30;15;503
25;2025-12-30;16;640
25;2025-12-30;17;694
25;2025-12-30;18;766
25;2025-12-30;19;479
25;2025-12-30;20;304
25;2025-12-30;21;196
25;2025-12-30;22;107
25;2025-12-30;23;7
25;2025-12-31;0;14
25;2025-12-31;1;0
25;2025-12-31;2;0
25;2025-12-31;3;0
25;2025-12-31;4;0
25;2025-12-31;5;2
25;2025-12-31;6;47
25;2025-12-31;7;94
25;2025-12-31;8;188
25;2025-12-31;9;209
25;2025-12-31;10;216
25;2025-12-31;11;290
25;2025-12-31;12;346
25;2025-12-31;13;470
25;2025-12-31;14;491
25;2025-12-31;15;596
25;2025-12-31;16;524
25;2025-12-31;17;458
25;2025-12-31;18;402
25;2025-12-31;19;330
25;2025-12-31;20;224
25;2025-12-31;21;163
25;2025-12-31;22;98
25;2025-12-31;23;37
26;2025-11-01;0;34
26;2025-11-01;1;2
26;2025-11-01;2;0
26;2025-11-01;3;0
26;2025-11-01;4;1
26;2025-11-01;5;88
26;2025-11-01;6;505
26;2025-11-01;7;1060
26;2025-11-01;8;2062
26;2025-11-01;9;1379
26;2025-11-01;10;1203
26;2025-11-01;11;1074
26;2025-11-01;12;1128
26;2025-11-01;13;1191
26;2025-11-01;14;1239
26;2025-11-01;15;1383
26;2025-11-01;16;1618
26;2025-11-01;17;1675
26;2025-11-01;18;1418
26;2025-11-01;19;1096
26;2025-11-01;20;748
26;2025-11-01;21;452
26;2025-11-01;22;228
26;2025-11-01;23;160
26;2025-11-02;0;49
26;2025-11-02;1;4
26;2025-11-02;2;0
26;2025-11-02;3;0
26;2025-11-02;4;1
26;2025-11-02;5;27
26;2025-11-02;6;155
26;2025-11-02;7;253
26;2025-11-02;8;378
26;2025-11-02;9;520
26;2025-11-02;10;589
26;2025-11-02;11;813
26;2025-11-02;12;820
26;2025-11-02;13;881
26;2025-11-02;14;876
26;2025-11-02;15;794
26;2025-11-02;16;817
26;2025-11-02;17;770
26;2025-11-02;18;693
26;2025-11-02;19;536
26;2025-11-02;20;408
26;2025-11-02;21;278
26;2025-11-02;22;195
26;2025-11-02;23;100
26;2025-11-03;0;49
26;2025-11-03;1;4
26;2025-11-03;2;0
26;2025-11-03;3;0
26;2025-11-03;4;1
26;2025-11-03;5;27
26;2025-11-03;6;155
26;2025-11-03;7;253
26;2025-11-03;8;378
26;2025-11-03;9;520
26;2025-11-03;10;589
26;2025-11-03;11;813
26;2025-11-03;12;820
26;2025-11-03;13;881
26;2025-11-03;14;876
26;2025-11-03;15;794
26;2025-11-03;16;817
26;2025-11-03;17;770
26;2025-11-03;18;693
26;2025-11-03;19;536
26;2025-11-03;20;408
26;2025-11-03;21;278
26;2025-11-03;22;195
26;2025-11-03;23;100
26;2025-11-04;0;49
26;2025-11-04;1;4
26;2025-11-04;2;0
26;2025-11-04;3;0
26;2025-11-04;4;1
26;2025-11-04;5;27
26;2025-11-04;6;155
26;2025-11-04;7;253
26;2025-11-04;8;378
26;2025-11-04;9;520
26;2025-11-04;10;589
26;2025-11-04;11;813
26;2025-11-04;12;820
26;2025-11-04;13;881
26;2025-11-04;14;876
26;2025-11-04;15;794
26;2025-11-04;16;817
26;2025-11-04;17;770
26;2025-11-04;18;693
26;2025-11-04;19;536
26;2025-11-04;20;408
26;2025-11-04;21;278
26;2025-11-04;22;195
26;2025-11-04;23;100
26;2025-11-05;0;30
26;2025-11-05;1;1
26;2025-11-05;2;0
26;2025-11-05;3;0
26;2025-11-05;4;2
26;2025-11-05;5;92
26;2025-11-05;6;522
26;2025-11-05;7;1098
26;2025-11-05;8;2212
26;2025-11-05;9;1483
26;2025-11-05;10;1221
26;2025-11-05;11;1102
26;2025-11-05;12;1149
26;2025-11-05;13;1171
26;2025-11-05;14;1285
26;2025-11-05;15;1334
26;2025-11-05;16;1480
26;2025-11-05;17;1625
26;2025-11-05;18;1789
26;2025-11-05;19;1199
26;2025-11-05;20;777
26;2025-11-05;21;497
26;2025-11-05;22;240
26;2025-11-05;23;126
26;2025-11-06;0;36
26;2025-11-06;1;1
26;2025-11-06;2;0
26;2025-11-06;3;0
26;2025-11-06;4;1
26;2025-11-06;5;89
26;2025-11-06;6;491
26;2025-11-06;7;1084
26;2025-11-06;8;2167
26;2025-11-06;9;1490
26;2025-11-06;10;1188
26;2025-11-06;11;1147
26;2025-11-06;12;1122
26;2025-11-06;13;1161
26;2025-11-06;14;1216
26;2025-11-06;15;1326
26;2025-11-06;16;1486
26;2025-11-06;17;1696
26;2025-11-06;18;1879
26;2025-11-06;19;1256
26;2025-11-06;20;778
26;2025-11-06;21;470
26;2025-11-06;22;241
26;2025-11-06;23;132
26;2025-11-07;0;34
26;2025-11-07;1;2
26;2025-11-07;2;0
26;2025-11-07;3;0
26;2025-11-07;4;1
26;2025-11-07;5;88
26;2025-11-07;6;505
26;2025-11-07;7;1060
26;2025-11-07;8;2062
26;2025-11-07;9;1379
26;2025-11-07;10;1203
26;2025-11-07;11;1074
26;2025-11-07;12;1128
26;2025-11-07;13;1191
26;2025-11-07;14;1239
26;2025-11-07;15;1383
26;2025-11-07;16;1618
26;2025-11-07;17;1675
26;2025-11-07;18;1418
26;2025-11-07;19;1096
26;2025-11-07;20;748
26;2025-11-07;21;452
26;2025-11-07;22;228
26;2025-11-07;23;160
26;2025-11-08;0;45
26;2025-11-08;1;2
26;2025-11-08;2;0
26;2025-11-08;3;0
26;2025-11-08;4;2
26;2025-11-08;5;47
26;2025-11-08;6;266
26;2025-11-08;7;366
26;2025-11-08;8;600
26;2025-11-08;9;692
26;2025-11-08;10;808
26;2025-11-08;11;987
26;2025-11-08;12;1036
26;2025-11-08;13;1014
26;2025-11-08;14;1061
26;2025-11-08;15;940
26;2025-11-08;16;993
26;2025-11-08;17;910
26;2025-11-08;18;860
26;2025-11-08;19;802
26;2025-11-08;20;534
26;2025-11-08;21;358
26;2025-11-08;22;217
26;2025-11-08;23;146
26;2025-11-09;0;49
26;2025-11-09;1;4
26;2025-11-09;2;0
26;2025-11-09;3;0
26;2025-11-09;4;1
26;2025-11-09;5;27
26;2025-11-09;6;155
26;2025-11-09;7;253
26;2025-11-09;8;378
26;2025-11-09;9;520
26;2025-11-09;10;589
26;2025-11-09;11;813
26;2025-11-09;12;820
26;2025-11-09;13;881
26;2025-11-09;14;876
26;2025-11-09;15;794
26;2025-11-09;16;817
26;2025-11-09;17;770
26;2025-11-09;18;693
26;2025-11-09;19;536
26;2025-11-09;20;408
26;2025-11-09;21;278
26;2025-11-09;22;195
26;2025-11-09;23;100
26;2025-11-10;0;27
26;2025-11-10;1;2
26;2025-11-10;2;0
26;2025-11-10;3;0
26;2025-11-10;4;2
26;2025-11-10;5;91
26;2025-11-10;6;504
26;2025-11-10;7;1097
26;2025-11-10;8;2076
26;2025-11-10;9;1445
26;2025-11-10;10;1183
26;2025-11-10;11;1053
26;2025-11-10;12;1082
26;2025-11-10;13;1150
26;2025-11-10;14;1198
26;2025-11-10;15;1290
26;2025-11-10;16;1464
26;2025-11-10;17;1656
26;2025-11-10;18;1872
26;2025-11-10;19;1237
26;2025-11-10;20;757
26;2025-11-10;21;451
26;2025-11-10;22;211
26;2025-11-10;23;98
26;2025-11-11;0;28
26;2025-11-11;1;1
26;2025-11-11;2;0
26;2025-11-11;3;0
26;2025-11-11;4;2
26;2025-11-11;5;86
26;2025-11-11;6;514
26;2025-11-11;7;1105
26;2025-11-11;8;2241
26;2025-11-11;9;1465
26;2025-11-11;10;1198
26;2025-11-11;11;1072
26;2025-11-11;12;1152
26;2025-11-11;13;1167
26;2025-11-11;14;1197
26;2025-11-11;15;1290
26;2025-11-11;16;1501
26;2025-11-11;17;1730
26;2025-11-11;18;1848
26;2025-11-11;19;1316
26;2025-11-11;20;786
26;2025-11-11;21;459
26;2025-11-11;22;236
26;2025-11-11;23;113
26;2025-11-12;0;30
26;2025-11-12;1;1
26;2025-11-12;2;0
26;2025-11-12;3;0
26;2025-11-12;4;2
26;2025-11-12;5;92
26;2025-11-12;6;522
26;2025-11-12;7;1098
26;2025-11-12;8;2212
26;2025-11-12;9;1483
26;2025-11-12;10;1221
26;2025-11-12;11;1102
26;2025-11-12;12;1149
26;2025-11-12;13;1171
26;2025-11-12;14;1285
26;2025-11-12;15;1334
26;2025-11-12;16;1480
26;2025-11-12;17;1625
26;2025-11-12;18;1789
26;2025-11-12;19;1199
26;2025-11-12;20;777
26;2025-11-12;21;497
26;2025-11-12;22;240
26;2025-11-12;23;126
26;2025-11-13;0;36
26;2025-11-13;1;1
26;2025-11-13;2;0
26;2025-11-13;3;0
26;2025-11-13;4;1
26;2025-11-13;5;89
26;2025-11-13;6;491
26;2025-11-13;7;1084
26;2025-11-13;8;2167
26;2025-11-13;9;1490
26;2025-11-13;10;1188
26;2025-11-13;11;1147
26;2025-11-13;12;1122
26;2025-11-13;13;1161
26;2025-11-13;14;1216
26;2025-11-13;15;1326
26;2025-11-13;16;1486
26;2025-11-13;17;1696
26;2025-11-13;18;1879
26;2025-11-13;19;1256
26;2025-11-13;20;778
26;2025-11-13;21;470
26;2025-11-13;22;241
26;2025-11-13;23;132
26;2025-11-14;0;34
26;2025-11-14;1;2
26;2025-11-14;2;0
26;2025-11-14;3;0
26;2025-11-14;4;1
26;2025-11-14;5;88
26;2025-11-14;6;505
26;2025-11-14;7;1060
26;2025-11-14;8;2062
26;2025-11-14;9;1379
26;2025-11-14;10;1203
26;2025-11-14;11;1074
26;2025-11-14;12;1128
26;2025-11-14;13;1191
26;2025-11-14;14;1239
26;2025-11-14;15;1383
26;2025-11-14;16;1618
26;2025-11-14;17;1675
26;2025-11-14;18;1418
26;2025-11-14;19;1096
26;2025-11-14;20;748
26;2025-11-14;21;452
26;2025-11-14;22;228
26;2025-11-14;23;160
26;2025-11-15;0;45
26;2025-11-15;1;2
26;2025-11-15;2;0
26;2025-11-15;3;0
26;2025-11-15;4;2
26;2025-11-15;5;47
26;2025-11-15;6;266
26;2025-11-15;7;366
26;2025-11-15;8;600
26;2025-11-15;9;692
26;2025-11-15;10;808
26;2025-11-15;11;987
26;2025-11-15;12;1036
26;2025-11-15;13;1014
26;2025-11-15;14;1061
26;2025-11-15;15;940
26;2025-11-15;16;993
26;2025-11-15;17;910
26;2025-11-15;18;860
26;2025-11-15;19;802
26;2025-11-15;20;534
26;2025-11-15;21;358
26;2025-11-15;22;217
26;2025-11-15;23;146
26;2025-11-16;0;49
26;2025-11-16;1;4
26;2025-11-16;2;0
26;2025-11-16;3;0
26;2025-11-16;4;1
26;2025-11-16;5;27
26;2025-11-16;6;155
26;2025-11-16;7;253
26;2025-11-16;8;378
26;2025-11-16;9;520
26;2025-11-16;10;589
26;2025-11-16;11;813
26;2025-11-16;12;820
26;2025-11-16;13;881
26;2025-11-16;14;876
26;2025-11-16;15;794
26;2025-11-16;16;817
26;2025-11-16;17;770
26;2025-11-16;18;693
26;2025-11-16;19;536
26;2025-11-16;20;408
26;2025-11-16;21;278
26;2025-11-16;22;195
26;2025-11-16;23;100
26;2025-11-17;0;27
26;2025-11-17;1;2
26;2025-11-17;2;0
26;2025-11-17;3;0
26;2025-11-17;4;2
26;2025-11-17;5;91
26;2025-11-17;6;504
26;2025-11-17;7;1097
26;2025-11-17;8;2076
26;2025-11-17;9;1445
26;2025-11-17;10;1183
26;2025-11-17;11;1053
26;2025-11-17;12;1082
26;2025-11-17;13;1150
26;2025-11-17;14;1198
26;2025-11-17;15;1290
26;2025-11-17;16;1464
26;2025-11-17;17;1656
26;2025-11-17;18;1872
26;2025-11-17;19;1237
26;2025-11-17;20;757
26;2025-11-17;21;451
26;2025-11-17;22;211
26;2025-11-17;23;98
26;2025-11-18;0;28
26;2025-11-18;1;1
26;2025-11-18;2;0
26;2025-11-18;3;0
26;2025-11-18;4;2
26;2025-11-18;5;86
26;2025-11-18;6;514
26;2025-11-18;7;1105
26;2025-11-18;8;2241
26;2025-11-18;9;1465
26;2025-11-18;10;1198
26;2025-11-18;11;1072
26;2025-11-18;12;1152
26;2025-11-18;13;1167
26;2025-11-18;14;1197
26;2025-11-18;15;1290
26;2025-11-18;16;1501
26;2025-11-18;17;1730
26;2025-11-18;18;1848
26;2025-11-18;19;1316
26;2025-11-18;20;786
26;2025-11-18;21;459
26;2025-11-18;22;236
26;2025-11-18;23;113
26;2025-11-19;0;30
26;2025-11-19;1;1
26;2025-11-19;2;0
26;2025-11-19;3;0
26;2025-11-19;4;2
26;2025-11-19;5;92
26;2025-11-19;6;522
26;2025-11-19;7;1098
26;2025-11-19;8;2212
26;2025-11-19;9;1483
26;2025-11-19;10;1221
26;2025-11-19;11;1102
26;2025-11-19;12;1149
26;2025-11-19;13;1171
26;2025-11-19;14;1285
26;2025-11-19;15;1334
26;2025-11-19;16;1480
26;2025-11-19;17;1625
26;2025-11-19;18;1789
26;2025-11-19;19;1199
26;2025-11-19;20;777
26;2025-11-19;21;497
26;2025-11-19;22;240
26;2025-11-19;23;126
26;2025-11-20;0;36
26;2025-11-20;1;1
26;2025-11-20;2;0
26;2025-11-20;3;0
26;2025-11-20;4;1
26;2025-11-20;5;89
26;2025-11-20;6;491
26;2025-11-20;7;1084
26;2025-11-20;8;2167
26;2025-11-20;9;1490
26;2025-11-20;10;1188
26;2025-11-20;11;1147
26;2025-11-20;12;1122
26;2025-11-20;13;1161
26;2025-11-20;14;1216
26;2025-11-20;15;1326
26;2025-11-20;16;1486
26;2025-11-20;17;1696
26;2025-11-20;18;1879
26;2025-11-20;19;1256
26;2025-11-20;20;778
26;2025-11-20;21;470
26;2025-11-20;22;241
26;2025-11-20;23;132
26;2025-11-21;0;34
26;2025-11-21;1;2
26;2025-11-21;2;0
26;2025-11-21;3;0
26;2025-11-21;4;1
26;2025-11-21;5;88
26;2025-11-21;6;505
26;2025-11-21;7;1060
26;2025-11-21;8;2062
26;2025-11-21;9;1379
26;2025-11-21;10;1203
26;2025-11-21;11;1074
26;2025-11-21;12;1128
26;2025-11-21;13;1191
26;2025-11-21;14;1239
26;2025-11-21;15;1383
26;2025-11-21;16;1618
26;2025-11-21;17;1675
26;2025-11-21;18;1418
26;2025-11-21;19;1096
26;2025-11-21;20;748
26;2025-11-21;21;452
26;2025-11-21;22;228
26;2025-11-21;23;160
26;2025-11-22;0;45
26;2025-11-22;1;2
26;2025-11-22;2;0
26;2025-11-22;3;0
26;2025-11-22;4;2
26;2025-11-22;5;47
26;2025-11-22;6;266
26;2025-11-22;7;366
26;2025-11-22;8;600
26;2025-11-22;9;692
26;2025-11-22;10;808
26;2025-11-22;11;987
26;2025-11-22;12;1036
26;2025-11-22;13;1014
26;2025-11-22;14;1061
26;2025-11-22;15;940
26;2025-11-22;16;993
26;2025-11-22;17;910
26;2025-11-22;18;860
26;2025-11-22;19;802
26;2025-11-22;20;534
26;2025-11-22;21;358
26;2025-11-22;22;217
26;2025-11-22;23;146
26;2025-11-23;0;49
26;2025-11-23;1;4
26;2025-11-23;2;0
26;2025-11-23;3;0
26;2025-11-23;4;1
26;2025-11-23;5;27
26;2025-11-23;6;155
26;2025-11-23;7;253
26;2025-11-23;8;378
26;2025-11-23;9;520
26;2025-11-23;10;589
26;2025-11-23;11;813
26;2025-11-23;12;820
26;2025-11-23;13;881
26;2025-11-23;14;876
26;2025-11-23;15;794
26;2025-11-23;16;817
26;2025-11-23;17;770
26;2025-11-23;18;693
26;2025-11-23;19;536
26;2025-11-23;20;408
26;2025-11-23;21;278
26;2025-11-23;22;195
26;2025-11-23;23;100
26;2025-11-24;0;27
26;2025-11-24;1;2
26;2025-11-24;2;0
26;2025-11-24;3;0
26;2025-11-24;4;2
26;2025-11-24;5;91
26;2025-11-24;6;504
26;2025-11-24;7;1097
26;2025-11-24;8;2076
26;2025-11-24;9;1445
26;2025-11-24;10;1183
26;2025-11-24;11;1053
26;2025-11-24;12;1082
26;2025-11-24;13;1150
26;2025-11-24;14;1198
26;2025-11-24;15;1290
26;2025-11-24;16;1464
26;2025-11-24;17;1656
26;2025-11-24;18;1872
26;2025-11-24;19;1237
26;2025-11-24;20;757
26;2025-11-24;21;451
26;2025-11-24;22;211
26;2025-11-24;23;98
26;2025-11-25;0;28
26;2025-11-25;1;1
26;2025-11-25;2;0
26;2025-11-25;3;0
26;2025-11-25;4;2
26;2025-11-25;5;86
26;2025-11-25;6;514
26;2025-11-25;7;1105
26;2025-11-25;8;2241
26;2025-11-25;9;1465
26;2025-11-25;10;1198
26;2025-11-25;11;1072
26;2025-11-25;12;1152
26;2025-11-25;13;1167
26;2025-11-25;14;1197
26;2025-11-25;15;1290
26;2025-11-25;16;1501
26;2025-11-25;17;1730
26;2025-11-25;18;1848
26;2025-11-25;19;1316
26;2025-11-25;20;786
26;2025-11-25;21;459
26;2025-11-25;22;236
26;2025-11-25;23;113
26;2025-11-26;0;30
26;2025-11-26;1;1
26;2025-11-26;2;0
26;2025-11-26;3;0
26;2025-11-26;4;2
26;2025-11-26;5;92
26;2025-11-26;6;522
26;2025-11-26;7;1098
26;2025-11-26;8;2212
26;2025-11-26;9;1483
26;2025-11-26;10;1221
26;2025-11-26;11;1102
26;2025-11-26;12;1149
26;2025-11-26;13;1171
26;2025-11-26;14;1285
26;2025-11-26;15;1334
26;2025-11-26;16;1480
26;2025-11-26;17;1625
26;2025-11-26;18;1789
26;2025-11-26;19;1199
26;2025-11-26;20;777
26;2025-11-26;21;497
26;2025-11-26;22;240
26;2025-11-26;23;126
26;2025-11-27;0;36
26;2025-11-27;1;1
26;2025-11-27;2;0
26;2025-11-27;3;0
26;2025-11-27;4;1
26;2025-11-27;5;89
26;2025-11-27;6;491
26;2025-11-27;7;1084
26;2025-11-27;8;2167
26;2025-11-27;9;1490
26;2025-11-27;10;1188
26;2025-11-27;11;1147
26;2025-11-27;12;1122
26;2025-11-27;13;1161
26;2025-11-27;14;1216
26;2025-11-27;15;1326
26;2025-11-27;16;1486
26;2025-11-27;17;1696
26;2025-11-27;18;1879
26;2025-11-27;19;1256
26;2025-11-27;20;778
26;2025-11-27;21;470
26;2025-11-27;22;241
26;2025-11-27;23;132
26;2025-11-28;0;34
26;2025-11-28;1;2
26;2025-11-28;2;0
26;2025-11-28;3;0
26;2025-11-28;4;1
26;2025-11-28;5;88
26;2025-11-28;6;505
26;2025-11-28;7;1060
26;2025-11-28;8;2062
26;2025-11-28;9;1379
26;2025-11-28;10;1203
26;2025-11-28;11;1074
26;2025-11-28;12;1128
26;2025-11-28;13;1191
26;2025-11-28;14;1239
26;2025-11-28;15;1383
26;2025-11-28;16;1618
26;2025-11-28;17;1675
26;2025-11-28;18;1418
26;2025-11-28;19;1096
26;2025-11-28;20;748
26;2025-11-28;21;452
26;2025-11-28;22;228
26;2025-11-28;23;160
26;2025-11-29;0;45
26;2025-11-29;1;2
26;2025-11-29;2;0
26;2025-11-29;3;0
26;2025-11-29;4;2
26;2025-11-29;5;47
26;2025-11-29;6;266
26;2025-11-29;7;366
26;2025-11-29;8;600
26;2025-11-29;9;692
26;2025-11-29;10;808
26;2025-11-29;11;987
26;2025-11-29;12;1036
26;2025-11-29;13;1014
26;2025-11-29;14;1061
26;2025-11-29;15;940
26;2025-11-29;16;993
26;2025-11-29;17;910
26;2025-11-29;18;860
26;2025-11-29;19;802
26;2025-11-29;20;534
26;2025-11-29;21;358
26;2025-11-29;22;217
26;2025-11-29;23;146
26;2025-11-30;0;49
26;2025-11-30;1;4
26;2025-11-30;2;0
26;2025-11-30;3;0
26;2025-11-30;4;1
26;2025-11-30;5;27
26;2025-11-30;6;155
26;2025-11-30;7;253
26;2025-11-30;8;378
26;2025-11-30;9;520
26;2025-11-30;10;589
26;2025-11-30;11;813
26;2025-11-30;12;820
26;2025-11-30;13;881
26;2025-11-30;14;876
26;2025-11-30;15;794
26;2025-11-30;16;817
26;2025-11-30;17;770
26;2025-11-30;18;693
26;2025-11-30;19;536
26;2025-11-30;20;408
26;2025-11-30;21;278
26;2025-11-30;22;195
26;2025-11-30;23;100
26;2025-12-01;0;27
26;2025-12-01;1;2
26;2025-12-01;2;0
26;2025-12-01;3;0
26;2025-12-01;4;2
26;2025-12-01;5;91
26;2025-12-01;6;504
26;2025-12-01;7;1097
26;2025-12-01;8;2076
26;2025-12-01;9;1445
26;2025-12-01;10;1183
26;2025-12-01;11;1053
26;2025-12-01;12;1082
26;2025-12-01;13;1150
26;2025-12-01;14;1198
26;2025-12-01;15;1290
26;2025-12-01;16;1464
26;2025-12-01;17;1656
26;2025-12-01;18;1872
26;2025-12-01;19;1237
26;2025-12-01;20;757
26;2025-12-01;21;451
26;2025-12-01;22;211
26;2025-12-01;23;98
26;2025-12-02;0;28
26;2025-12-02;1;1
26;2025-12-02;2;0
26;2025-12-02;3;0
26;2025-12-02;4;2
26;2025-12-02;5;86
26;2025-12-02;6;514
26;2025-12-02;7;1105
26;2025-12-02;8;2241
26;2025-12-02;9;1465
26;2025-12-02;10;1198
26;2025-12-02;11;1072
26;2025-12-02;12;1152
26;2025-12-02;13;1167
26;2025-12-02;14;1197
26;2025-12-02;15;1290
26;2025-12-02;16;1501
26;2025-12-02;17;1730
26;2025-12-02;18;1848
26;2025-12-02;19;1316
26;2025-12-02;20;786
26;2025-12-02;21;459
26;2025-12-02;22;236
26;2025-12-02;23;113
26;2025-12-03;0;30
26;2025-12-03;1;1
26;2025-12-03;2;0
26;2025-12-03;3;0
26;2025-12-03;4;2
26;2025-12-03;5;92
26;2025-12-03;6;522
26;2025-12-03;7;1098
26;2025-12-03;8;2212
26;2025-12-03;9;1483
26;2025-12-03;10;1221
26;2025-12-03;11;1102
26;2025-12-03;12;1149
26;2025-12-03;13;1171
26;2025-12-03;14;1285
26;2025-12-03;15;1334
26;2025-12-03;16;1480
26;2025-12-03;17;1625
26;2025-12-03;18;1789
26;2025-12-03;19;1199
26;2025-12-03;20;777
26;2025-12-03;21;497
26;2025-12-03;22;240
26;2025-12-03;23;126
26;2025-12-04;0;36
26;2025-12-04;1;1
26;2025-12-04;2;0
26;2025-12-04;3;0
26;2025-12-04;4;1
26;2025-12-04;5;89
26;2025-12-04;6;491
26;2025-12-04;7;1084
26;2025-12-04;8;2167
26;2025-12-04;9;1490
26;2025-12-04;10;1188
26;2025-12-04;11;1147
26;2025-12-04;12;1122
26;2025-12-04;13;1161
26;2025-12-04;14;1216
26;2025-12-04;15;1326
26;2025-12-04;16;1486
26;2025-12-04;17;1696
26;2025-12-04;18;1879
26;2025-12-04;19;1256
26;2025-12-04;20;778
26;2025-12-04;21;470
26;2025-12-04;22;241
26;2025-12-04;23;132
26;2025-12-05;0;34
26;2025-12-05;1;2
26;2025-12-05;2;0
26;2025-12-05;3;0
26;2025-12-05;4;1
26;2025-12-05;5;88
26;2025-12-05;6;505
26;2025-12-05;7;1060
26;2025-12-05;8;2062
26;2025-12-05;9;1379
26;2025-12-05;10;1203
26;2025-12-05;11;1074
26;2025-12-05;12;1128
26;2025-12-05;13;1191
26;2025-12-05;14;1239
26;2025-12-05;15;1383
26;2025-12-05;16;1618
26;2025-12-05;17;1675
26;2025-12-05;18;1418
26;2025-12-05;19;1096
26;2025-12-05;20;748
26;2025-12-05;21;452
26;2025-12-05;22;228
26;2025-12-05;23;160
26;2025-12-06;0;45
26;2025-12-06;1;2
26;2025-12-06;2;0
26;2025-12-06;3;0
26;2025-12-06;4;2
26;2025-12-06;5;47
26;2025-12-06;6;266
26;2025-12-06;7;366
26;2025-12-06;8;600
26;2025-12-06;9;692
26;2025-12-06;10;808
26;2025-12-06;11;987
26;2025-12-06;12;1036
26;2025-12-06;13;1014
26;2025-12-06;14;1061
26;2025-12-06;15;940
26;2025-12-06;16;993
26;2025-12-06;17;910
26;2025-12-06;18;860
26;2025-12-06;19;802
26;2025-12-06;20;534
26;2025-12-06;21;358
26;2025-12-06;22;217
26;2025-12-06;23;146
26;2025-12-07;0;49
26;2025-12-07;1;4
26;2025-12-07;2;0
26;2025-12-07;3;0
26;2025-12-07;4;1
26;2025-12-07;5;27
26;2025-12-07;6;155
26;2025-12-07;7;253
26;2025-12-07;8;378
26;2025-12-07;9;520
26;2025-12-07;10;589
26;2025-12-07;11;813
26;2025-12-07;12;820
26;2025-12-07;13;881
26;2025-12-07;14;876
26;2025-12-07;15;794
26;2025-12-07;16;817
26;2025-12-07;17;770
26;2025-12-07;18;693
26;2025-12-07;19;536
26;2025-12-07;20;408
26;2025-12-07;21;278
26;2025-12-07;22;195
26;2025-12-07;23;100
26;2025-12-08;0;27
26;2025-12-08;1;2
26;2025-12-08;2;0
26;2025-12-08;3;0
26;2025-12-08;4;2
26;2025-12-08;5;91
26;2025-12-08;6;504
26;2025-12-08;7;1097
26;2025-12-08;8;2076
26;2025-12-08;9;1445
26;2025-12-08;10;1183
26;2025-12-08;11;1053
26;2025-12-08;12;1082
26;2025-12-08;13;1150
26;2025-12-08;14;1198
26;2025-12-08;15;1290
26;2025-12-08;16;1464
26;2025-12-08;17;1656
26;2025-12-08;18;1872
26;2025-12-08;19;1237
26;2025-12-08;20;757
26;2025-12-08;21;451
26;2025-12-08;22;211
26;2025-12-08;23;98
26;2025-12-09;0;28
26;2025-12-09;1;1
26;2025-12-09;2;0
26;2025-12-09;3;0
26;2025-12-09;4;2
26;2025-12-09;5;86
26;2025-12-09;6;514
26;2025-12-09;7;1105
26;2025-12-09;8;2241
26;2025-12-09;9;1465
26;2025-12-09;10;1198
26;2025-12-09;11;1072
26;2025-12-09;12;1152
26;2025-12-09;13;1167
26;2025-12-09;14;1197
26;2025-12-09;15;1290
26;2025-12-09;16;1501
26;2025-12-09;17;1730
26;2025-12-09;18;1848
26;2025-12-09;19;1316
26;2025-12-09;20;786
26;2025-12-09;21;459
26;2025-12-09;22;236
26;2025-12-09;23;113
26;2025-12-10;0;30
26;2025-12-10;1;1
26;2025-12-10;2;0
26;2025-12-10;3;0
26;2025-12-10;4;2
26;2025-12-10;5;92
26;2025-12-10;6;522
26;2025-12-10;7;1098
26;2025-12-10;8;2212
26;2025-12-10;9;1483
26;2025-12-10;10;1221
26;2025-12-10;11;1102
26;2025-12-10;12;1149
26;2025-12-10;13;1171
26;2025-12-10;14;1285
26;2025-12-10;15;1334
26;2025-12-10;16;1480
26;2025-12-10;17;1625
26;2025-12-10;18;1789
26;2025-12-10;19;1199
26;2025-12-10;20;777
26;2025-12-10;21;497
26;2025-12-10;22;240
26;2025-12-10;23;126
26;2025-12-11;0;36
26;2025-12-11;1;1
26;2025-12-11;2;0
26;2025-12-11;3;0
26;2025-12-11;4;1
26;2025-12-11;5;89
26;2025-12-11;6;491
26;2025-12-11;7;1084
26;2025-12-11;8;2167
26;2025-12-11;9;1490
26;2025-12-11;10;1188
26;2025-12-11;11;1147
26;2025-12-11;12;1122
26;2025-12-11;13;1161
26;2025-12-11;14;1216
26;2025-12-11;15;1326
26;2025-12-11;16;1486
26;2025-12-11;17;1696
26;2025-12-11;18;1879
26;2025-12-11;19;1256
26;2025-12-11;20;778
26;2025-12-11;21;470
26;2025-12-11;22;241
26;2025-12-11;23;132
26;2025-12-12;0;34
26;2025-12-12;1;2
26;2025-12-12;2;0
26;2025-12-12;3;0
26;2025-12-12;4;1
26;2025-12-12;5;88
26;2025-12-12;6;505
26;2025-12-12;7;1060
26;2025-12-12;8;2062
26;2025-12-12;9;1379
26;2025-12-12;10;1203
26;2025-12-12;11;1074
26;2025-12-12;12;1128
26;2025-12-12;13;1191
26;2025-12-12;14;1239
26;2025-12-12;15;1383
26;2025-12-12;16;1618
26;2025-12-12;17;1675
26;2025-12-12;18;1418
26;2025-12-12;19;1096
26;2025-12-12;20;748
26;2025-12-12;21;452
26;2025-12-12;22;228
26;2025-12-12;23;160
26;2025-12-13;0;45
26;2025-12-13;1;2
26;2025-12-13;2;0
26;2025-12-13;3;0
26;2025-12-13;4;2
26;2025-12-13;5;47
26;2025-12-13;6;266
26;2025-12-13;7;366
26;2025-12-13;8;600
26;2025-12-13;9;692
26;2025-12-13;10;808
26;2025-12-13;11;987
26;2025-12-13;12;1036
26;2025-12-13;13;1014
26;2025-12-13;14;1061
26;2025-12-13;15;940
26;2025-12-13;16;993
26;2025-12-13;17;910
26;2025-12-13;18;860
26;2025-12-13;19;802
26;2025-12-13;20;534
26;2025-12-13;21;358
26;2025-12-13;22;217
26;2025-12-13;23;146
26;2025-12-14;0;49
26;2025-12-14;1;4
26;2025-12-14;2;0
26;2025-12-14;3;0
26;2025-12-14;4;1
26;2025-12-14;5;27
26;2025-12-14;6;155
26;2025-12-14;7;253
26;2025-12-14;8;378
26;2025-12-14;9;520
26;2025-12-14;10;589
26;2025-12-14;11;813
26;2025-12-14;12;820
26;2025-12-14;13;881
26;2025-12-14;14;876
26;2025-12-14;15;794
26;2025-12-14;16;817
26;2025-12-14;17;770
26;2025-12-14;18;693
26;2025-12-14;19;536
26;2025-12-14;20;408
26;2025-12-14;21;278
26;2025-12-14;22;195
26;2025-12-14;23;100
26;2025-12-15;0;27
26;2025-12-15;1;2
26;2025-12-15;2;0
26;2025-12-15;3;0
26;2025-12-15;4;2
26;2025-12-15;5;91
26;2025-12-15;6;504
26;2025-12-15;7;1097
26;2025-12-15;8;2076
26;2025-12-15;9;1445
26;2025-12-15;10;1183
26;2025-12-15;11;1053
26;2025-12-15;12;1082
26;2025-12-15;13;1150
26;2025-12-15;14;1198
26;2025-12-15;15;1290
26;2025-12-15;16;1464
26;2025-12-15;17;1656
26;2025-12-15;18;1872
26;2025-12-15;19;1237
26;2025-12-15;20;757
26;2025-12-15;21;451
26;2025-12-15;22;211
26;2025-12-15;23;98
26;2025-12-16;0;28
26;2025-12-16;1;1
26;2025-12-16;2;0
26;2025-12-16;3;0
26;2025-12-16;4;2
26;2025-12-16;5;86
26;2025-12-16;6;514
26;2025-12-16;7;1105
26;2025-12-16;8;2241
26;2025-12-16;9;1465
26;2025-12-16;10;1198
26;2025-12-16;11;1072
26;2025-12-16;12;1152
26;2025-12-16;13;1167
26;2025-12-16;14;1197
26;2025-12-16;15;1290
26;2025-12-16;16;1501
26;2025-12-16;17;1730
26;2025-12-16;18;1848
26;2025-12-16;19;1316
26;2025-12-16;20;786
26;2025-12-16;21;459
26;2025-12-16;22;236
26;2025-12-16;23;113
26;2025-12-17;0;30
26;2025-12-17;1;1
26;2025-12-17;2;0
26;2025-12-17;3;0
26;2025-12-17;4;2
26;2025-12-17;5;92
26;2025-12-17;6;522
26;2025-12-17;7;1098
26;2025-12-17;8;2212
26;2025-12-17;9;1483
26;2025-12-17;10;1221
26;2025-12-17;11;1102
26;2025-12-17;12;1149
26;2025-12-17;13;1171
26;2025-12-17;14;1285
26;2025-12-17;15;1334
26;2025-12-17;16;1480
26;2025-12-17;17;1625
26;2025-12-17;18;1789
26;2025-12-17;19;1199
26;2025-12-17;20;777
26;2025-12-17;21;497
26;2025-12-17;22;240
26;2025-12-17;23;126
26;2025-12-18;0;36
26;2025-12-18;1;1
26;2025-12-18;2;0
26;2025-12-18;3;0
26;2025-12-18;4;1
26;2025-12-18;5;89
26;2025-12-18;6;491
26;2025-12-18;7;1084
26;2025-12-18;8;2167
26;2025-12-18;9;1490
26;2025-12-18;10;1188
26;2025-12-18;11;1147
26;2025-12-18;12;1122
26;2025-12-18;13;1161
26;2025-12-18;14;1216
26;2025-12-18;15;1326
26;2025-12-18;16;1486
26;2025-12-18;17;1696
26;2025-12-18;18;1879
26;2025-12-18;19;1256
26;2025-12-18;20;778
26;2025-12-18;21;470
26;2025-12-18;22;241
26;2025-12-18;23;132
26;2025-12-19;0;34
26;2025-12-19;1;2
26;2025-12-19;2;0
26;2025-12-19;3;0
26;2025-12-19;4;1
26;2025-12-19;5;88
26;2025-12-19;6;505
26;2025-12-19;7;1060
26;2025-12-19;8;2062
26;2025-12-19;9;1379
26;2025-12-19;10;1203
26;2025-12-19;11;1074
26;2025-12-19;12;1128
26;2025-12-19;13;1191
26;2025-12-19;14;1239
26;2025-12-19;15;1383
26;2025-12-19;16;1618
26;2025-12-19;17;1675
26;2025-12-19;18;1418
26;2025-12-19;19;1096
26;2025-12-19;20;748
26;2025-12-19;21;452
26;2025-12-19;22;228
26;2025-12-19;23;160
26;2025-12-20;0;45
26;2025-12-20;1;2
26;2025-12-20;2;0
26;2025-12-20;3;0
26;2025-12-20;4;2
26;2025-12-20;5;47
26;2025-12-20;6;266
26;2025-12-20;7;366
26;2025-12-20;8;600
26;2025-12-20;9;692
26;2025-12-20;10;808
26;2025-12-20;11;987
26;2025-12-20;12;1036
26;2025-12-20;13;1014
26;2025-12-20;14;1061
26;2025-12-20;15;940
26;2025-12-20;16;993
26;2025-12-20;17;910
26;2025-12-20;18;860
26;2025-12-20;19;802
26;2025-12-20;20;534
26;2025-12-20;21;358
26;2025-12-20;22;217
26;2025-12-20;23;146
26;2025-12-21;0;49
26;2025-12-21;1;4
26;2025-12-21;2;0
26;2025-12-21;3;0
26;2025-12-21;4;1
26;2025-12-21;5;27
26;2025-12-21;6;155
26;2025-12-21;7;253
26;2025-12-21;8;378
26;2025-12-21;9;520
26;2025-12-21;10;589
26;2025-12-21;11;813
26;2025-12-21;12;820
26;2025-12-21;13;881
26;2025-12-21;14;876
26;2025-12-21;15;794
26;2025-12-21;16;817
26;2025-12-21;17;770
26;2025-12-21;18;693
26;2025-12-21;19;536
26;2025-12-21;20;408
26;2025-12-21;21;278
26;2025-12-21;22;195
26;2025-12-21;23;100
26;2025-12-22;0;27
26;2025-12-22;1;2
26;2025-12-22;2;0
26;2025-12-22;3;0
26;2025-12-22;4;2
26;2025-12-22;5;91
26;2025-12-22;6;504
26;2025-12-22;7;1097
26;2025-12-22;8;2076
26;2025-12-22;9;1445
26;2025-12-22;10;1183
26;2025-12-22;11;1053
26;2025-12-22;12;1082
26;2025-12-22;13;1150
26;2025-12-22;14;1198
26;2025-12-22;15;1290
26;2025-12-22;16;1464
26;2025-12-22;17;1656
26;2025-12-22;18;1872
26;2025-12-22;19;1237
26;2025-12-22;20;757
26;2025-12-22;21;451
26;2025-12-22;22;211
26;2025-12-22;23;98
26;2025-12-23;0;28
26;2025-12-23;1;1
26;2025-12-23;2;0
26;2025-12-23;3;0
26;2025-12-23;4;2
26;2025-12-23;5;86
26;2025-12-23;6;514
26;2025-12-23;7;1105
26;2025-12-23;8;2241
26;2025-12-23;9;1465
26;2025-12-23;10;1198
26;2025-12-23;11;1072
26;2025-12-23;12;1152
26;2025-12-23;13;1167
26;2025-12-23;14;1197
26;2025-12-23;15;1290
26;2025-12-23;16;1501
26;2025-12-23;17;1730
26;2025-12-23;18;1848
26;2025-12-23;19;1316
26;2025-12-23;20;786
26;2025-12-23;21;459
26;2025-12-23;22;236
26;2025-12-23;23;113
26;2025-12-24;0;30
26;2025-12-24;1;1
26;2025-12-24;2;0
26;2025-12-24;3;0
26;2025-12-24;4;2
26;2025-12-24;5;92
26;2025-12-24;6;522
26;2025-12-24;7;1098
26;2025-12-24;8;2212
26;2025-12-24;9;1483
26;2025-12-24;10;1221
26;2025-12-24;11;1102
26;2025-12-24;12;1149
26;2025-12-24;13;1171
26;2025-12-24;14;1285
26;2025-12-24;15;1334
26;2025-12-24;16;1480
26;2025-12-24;17;1625
26;2025-12-24;18;1789
26;2025-12-24;19;1199
26;2025-12-24;20;777
26;2025-12-24;21;497
26;2025-12-24;22;240
26;2025-12-24;23;126
26;2025-12-25;0;36
26;2025-12-25;1;1
26;2025-12-25;2;0
26;2025-12-25;3;0
26;2025-12-25;4;1
26;2025-12-25;5;89
26;2025-12-25;6;491
26;2025-12-25;7;1084
26;2025-12-25;8;2167
26;2025-12-25;9;1490
26;2025-12-25;10;1188
26;2025-12-25;11;1147
26;2025-12-25;12;1122
26;2025-12-25;13;1161
26;2025-12-25;14;1216
26;2025-12-25;15;1326
26;2025-12-25;16;1486
26;2025-12-25;17;1696
26;2025-12-25;18;1879
26;2025-12-25;19;1256
26;2025-12-25;20;778
26;2025-12-25;21;470
26;2025-12-25;22;241
26;2025-12-25;23;132
26;2025-12-26;0;34
26;2025-12-26;1;2
26;2025-12-26;2;0
26;2025-12-26;3;0
26;2025-12-26;4;1
26;2025-12-26;5;88
26;2025-12-26;6;505
26;2025-12-26;7;1060
26;2025-12-26;8;2062
26;2025-12-26;9;1379
26;2025-12-26;10;1203
26;2025-12-26;11;1074
26;2025-12-26;12;1128
26;2025-12-26;13;1191
26;2025-12-26;14;1239
26;2025-12-26;15;1383
26;2025-12-26;16;1618
26;2025-12-26;17;1675
26;2025-12-26;18;1418
26;2025-12-26;19;1096
26;2025-12-26;20;748
26;2025-12-26;21;452
26;2025-12-26;22;228
26;2025-12-26;23;160
26;2025-12-27;0;45
26;2025-12-27;1;2
26;2025-12-27;2;0
26;2025-12-27;3;0
26;2025-12-27;4;2
26;2025-12-27;5;47
26;2025-12-27;6;266
26;2025-12-27;7;366
26;2025-12-27;8;600
26;2025-12-27;9;692
26;2025-12-27;10;808
26;2025-12-27;11;987
26;2025-12-27;12;1036
26;2025-12-27;13;1014
26;2025-12-27;14;1061
26;2025-12-27;15;940
26;2025-12-27;16;993
26;2025-12-27;17;910
26;2025-12-27;18;860
26;2025-12-27;19;802
26;2025-12-27;20;534
26;2025-12-27;21;358
26;2025-12-27;22;217
26;2025-12-27;23;146
26;2025-12-28;0;49
26;2025-12-28;1;4
26;2025-12-28;2;0
26;2025-12-28;3;0
26;2025-12-28;4;1
26;2025-12-28;5;27
26;2025-12-28;6;155
26;2025-12-28;7;253
26;2025-12-28;8;378
26;2025-12-28;9;520
26;2025-12-28;10;589
26;2025-12-28;11;813
26;2025-12-28;12;820
26;2025-12-28;13;881
26;2025-12-28;14;876
26;2025-12-28;15;794
26;2025-12-28;16;817
26;2025-12-28;17;770
26;2025-12-28;18;693
26;2025-12-28;19;536
26;2025-12-28;20;408
26;2025-12-28;21;278
26;2025-12-28;22;195
26;2025-12-28;23;100
26;2025-12-29;0;27
26;2025-12-29;1;2
26;2025-12-29;2;0
26;2025-12-29;3;0
26;2025-12-29;4;2
26;2025-12-29;5;91
26;2025-12-29;6;504
26;2025-12-29;7;1097
26;2025-12-29;8;2076
26;2025-12-29;9;1445
26;2025-12-29;10;1183
26;2025-12-29;11;1053
26;2025-12-29;12;1082
26;2025-12-29;13;1150
26;2025-12-29;14;1198
26;2025-12-29;15;1290
26;2025-12-29;16;1464
26;2025-12-29;17;1656
26;2025-12-29;18;1872
26;2025-12-29;19;1237
26;2025-12-29;20;757
26;2025-12-29;21;451
26;2025-12-29;22;211
26;2025-12-29;23;98
26;2025-12-30;0;28
26;2025-12-30;1;1
26;2025-12-30;2;0
26;2025-12-30;3;0
26;2025-12-30;4;2
26;2025-12-30;5;86
26;2025-12-30;6;514
26;2025-12-30;7;1105
26;2025-12-30;8;2241
26;2025-12-30;9;1465
26;2025-12-30;10;1198
26;2025-12-30;11;1072
26;2025-12-30;12;1152
26;2025-12-30;13;1167
26;2025-12-30;14;1197
26;2025-12-30;15;1290
26;2025-12-30;16;1501
26;2025-12-30;17;1730
26;2025-12-30;18;1848
26;2025-12-30;19;1316
26;2025-12-30;20;786
26;2025-12-30;21;459
26;2025-12-30;22;236
26;2025-12-30;23;113
26;2025-12-31;0;49
26;2025-12-31;1;4
26;2025-12-31;2;0
26;2025-12-31;3;0
26;2025-12-31;4;1
26;2025-12-31;5;27
26;2025-12-31;6;155
26;2025-12-31;7;253
26;2025-12-31;8;378
26;2025-12-31;9;520
26;2025-12-31;10;589
26;2025-12-31;11;813
26;2025-12-31;12;820
26;2025-12-31;13;881
26;2025-12-31;14;876
26;2025-12-31;15;794
26;2025-12-31;16;817
26;2025-12-31;17;770
26;2025-12-31;18;693
26;2025-12-31;19;536
26;2025-12-31;20;408
26;2025-12-31;21;278
26;2025-12-31;22;195
26;2025-12-31;23;100
28;2025-11-01;0;0
28;2025-11-01;1;0
28;2025-11-01;2;0
28;2025-11-01;3;0
28;2025-11-01;4;2
28;2025-11-01;5;76
28;2025-11-01;6;258
28;2025-11-01;7;774
28;2025-11-01;8;1126
28;2025-11-01;9;807
28;2025-11-01;10;610
28;2025-11-01;11;534
28;2025-11-01;12;679
28;2025-11-01;13;697
28;2025-11-01;14;687
28;2025-11-01;15;721
28;2025-11-01;16;962
28;2025-11-01;17;973
28;2025-11-01;18;817
28;2025-11-01;19;619
28;2025-11-01;20;458
28;2025-11-01;21;307
28;2025-11-01;22;143
28;2025-11-01;23;19
28;2025-11-02;0;0
28;2025-11-02;1;0
28;2025-11-02;2;0
28;2025-11-02;3;0
28;2025-11-02;4;1
28;2025-11-02;5;31
28;2025-11-02;6;80
28;2025-11-02;7;149
28;2025-11-02;8;250
28;2025-11-02;9;323
28;2025-11-02;10;364
28;2025-11-02;11;396
28;2025-11-02;12;455
28;2025-11-02;13;505
28;2025-11-02;14;491
28;2025-11-02;15;500
28;2025-11-02;16;460
28;2025-11-02;17;472
28;2025-11-02;18;403
28;2025-11-02;19;353
28;2025-11-02;20;269
28;2025-11-02;21;222
28;2025-11-02;22;107
28;2025-11-02;23;11
28;2025-11-03;0;0
28;2025-11-03;1;0
28;2025-11-03;2;0
28;2025-11-03;3;0
28;2025-11-03;4;1
28;2025-11-03;5;31
28;2025-11-03;6;80
28;2025-11-03;7;149
28;2025-11-03;8;250
28;2025-11-03;9;323
28;2025-11-03;10;364
28;2025-11-03;11;396
28;2025-11-03;12;455
28;2025-11-03;13;505
28;2025-11-03;14;491
28;2025-11-03;15;500
28;2025-11-03;16;460
28;2025-11-03;17;472
28;2025-11-03;18;403
28;2025-11-03;19;353
28;2025-11-03;20;269
28;2025-11-03;21;222
28;2025-11-03;22;107
28;2025-11-03;23;11
28;2025-11-04;0;0
28;2025-11-04;1;0
28;2025-11-04;2;0
28;2025-11-04;3;0
28;2025-11-04;4;1
28;2025-11-04;5;31
28;2025-11-04;6;80
28;2025-11-04;7;149
28;2025-11-04;8;250
28;2025-11-04;9;323
28;2025-11-04;10;364
28;2025-11-04;11;396
28;2025-11-04;12;455
28;2025-11-04;13;505
28;2025-11-04;14;491
28;2025-11-04;15;500
28;2025-11-04;16;460
28;2025-11-04;17;472
28;2025-11-04;18;403
28;2025-11-04;19;353
28;2025-11-04;20;269
28;2025-11-04;21;222
28;2025-11-04;22;107
28;2025-11-04;23;11
28;2025-11-05;0;0
28;2025-11-05;1;0
28;2025-11-05;2;0
28;2025-11-05;3;0
28;2025-11-05;4;2
28;2025-11-05;5;82
28;2025-11-05;6;282
28;2025-11-05;7;776
28;2025-11-05;8;1214
28;2025-11-05;9;814
28;2025-11-05;10;627
28;2025-11-05;11;580
28;2025-11-05;12;679
28;2025-11-05;13;718
28;2025-11-05;14;672
28;2025-11-05;15;701
28;2025-11-05;16;855
28;2025-11-05;17;1002
28;2025-11-05;18;946
28;2025-11-05;19;727
28;2025-11-05;20;497
28;2025-11-05;21;311
28;2025-11-05;22;143
28;2025-11-05;23;17
28;2025-11-06;0;0
28;2025-11-06;1;0
28;2025-11-06;2;0
28;2025-11-06;3;0
28;2025-11-06;4;1
28;2025-11-06;5;75
28;2025-11-06;6;276
28;2025-11-06;7;838
28;2025-11-06;8;1262
28;2025-11-06;9;879
28;2025-11-06;10;635
28;2025-11-06;11;544
28;2025-11-06;12;703
28;2025-11-06;13;721
28;2025-11-06;14;667
28;2025-11-06;15;709
28;2025-11-06;16;840
28;2025-11-06;17;981
28;2025-11-06;18;1017
28;2025-11-06;19;739
28;2025-11-06;20;539
28;2025-11-06;21;321
28;2025-11-06;22;142
28;2025-11-06;23;16
28;2025-11-07;0;0
28;2025-11-07;1;0
28;2025-11-07;2;0
28;2025-11-07;3;0
28;2025-11-07;4;2
28;2025-11-07;5;76
28;2025-11-07;6;258
28;2025-11-07;7;774
28;2025-11-07;8;1126
28;2025-11-07;9;807
28;2025-11-07;10;610
28;2025-11-07;11;534
28;2025-11-07;12;679
28;2025-11-07;13;697
28;2025-11-07;14;687
28;2025-11-07;15;721
28;2025-11-07;16;962
28;2025-11-07;17;973
28;2025-11-07;18;817
28;2025-11-07;19;619
28;2025-11-07;20;458
28;2025-11-07;21;307
28;2025-11-07;22;143
28;2025-11-07;23;19
28;2025-11-08;0;0
28;2025-11-08;1;0
28;2025-11-08;2;0
28;2025-11-08;3;0
28;2025-11-08;4;0
28;2025-11-08;5;37
28;2025-11-08;6;99
28;2025-11-08;7;216
28;2025-11-08;8;377
28;2025-11-08;9;457
28;2025-11-08;10;475
28;2025-11-08;11;482
28;2025-11-08;12;566
28;2025-11-08;13;575
28;2025-11-08;14;587
28;2025-11-08;15;579
28;2025-11-08;16;533
28;2025-11-08;17;548
28;2025-11-08;18;487
28;2025-11-08;19;406
28;2025-11-08;20;308
28;2025-11-08;21;260
28;2025-11-08;22;129
28;2025-11-08;23;17
28;2025-11-09;0;0
28;2025-11-09;1;0
28;2025-11-09;2;0
28;2025-11-09;3;0
28;2025-11-09;4;1
28;2025-11-09;5;31
28;2025-11-09;6;80
28;2025-11-09;7;149
28;2025-11-09;8;250
28;2025-11-09;9;323
28;2025-11-09;10;364
28;2025-11-09;11;396
28;2025-11-09;12;455
28;2025-11-09;13;505
28;2025-11-09;14;491
28;2025-11-09;15;500
28;2025-11-09;16;460
28;2025-11-09;17;472
28;2025-11-09;18;403
28;2025-11-09;19;353
28;2025-11-09;20;269
28;2025-11-09;21;222
28;2025-11-09;22;107
28;2025-11-09;23;11
28;2025-11-10;0;0
28;2025-11-10;1;0
28;2025-11-10;2;0
28;2025-11-10;3;0
28;2025-11-10;4;2
28;2025-11-10;5;78
28;2025-11-10;6;274
28;2025-11-10;7;779
28;2025-11-10;8;1191
28;2025-11-10;9;838
28;2025-11-10;10;599
28;2025-11-10;11;522
28;2025-11-10;12;643
28;2025-11-10;13;659
28;2025-11-10;14;611
28;2025-11-10;15;651
28;2025-11-10;16;873
28;2025-11-10;17;932
28;2025-11-10;18;944
28;2025-11-10;19;714
28;2025-11-10;20;477
28;2025-11-10;21;297
28;2025-11-10;22;120
28;2025-11-10;23;11
28;2025-11-11;0;0
28;2025-11-11;1;0
28;2025-11-11;2;0
28;2025-11-11;3;0
28;2025-11-11;4;2
28;2025-11-11;5;73
28;2025-11-11;6;261
28;2025-11-11;7;790
28;2025-11-11;8;1221
28;2025-11-11;9;856
28;2025-11-11;10;662
28;2025-11-11;11;553
28;2025-11-11;12;661
28;2025-11-11;13;728
28;2025-11-11;14;653
28;2025-11-11;15;679
28;2025-11-11;16;828
28;2025-11-11;17;954
28;2025-11-11;18;930
28;2025-11-11;19;731
28;2025-11-11;20;527
28;2025-11-11;21;307
28;2025-11-11;22;122
28;2025-11-11;23;18
28;2025-11-12;0;0
28;2025-11-12;1;0
28;2025-11-12;2;0
28;2025-11-12;3;0
28;2025-11-12;4;2
28;2025-11-12;5;82
28;2025-11-12;6;282
28;2025-11-12;7;776
28;2025-11-12;8;1214
28;2025-11-12;9;814
28;2025-11-12;10;627
28;2025-11-12;11;580
28;2025-11-12;12;679
28;2025-11-12;13;718
28;2025-11-12;14;672
28;2025-11-12;15;701
28;2025-11-12;16;855
28;2025-11-12;17;1002
28;2025-11-12;18;946
28;2025-11-12;19;727
28;2025-11-12;20;497
28;2025-11-12;21;311
28;2025-11-12;22;143
28;2025-11-12;23;17
28;2025-11-13;0;0
28;2025-11-13;1;0
28;2025-11-13;2;0
28;2025-11-13;3;0
28;2025-11-13;4;1
28;2025-11-13;5;75
28;2025-11-13;6;276
28;2025-11-13;7;838
28;2025-11-13;8;1262
28;2025-11-13;9;879
28;2025-11-13;10;635
28;2025-11-13;11;544
28;2025-11-13;12;703
28;2025-11-13;13;721
28;2025-11-13;14;667
28;2025-11-13;15;709
28;2025-11-13;16;840
28;2025-11-13;17;981
28;2025-11-13;18;1017
28;2025-11-13;19;739
28;2025-11-13;20;539
28;2025-11-13;21;321
28;2025-11-13;22;142
28;2025-11-13;23;16
28;2025-11-14;0;0
28;2025-11-14;1;0
28;2025-11-14;2;0
28;2025-11-14;3;0
28;2025-11-14;4;2
28;2025-11-14;5;76
28;2025-11-14;6;258
28;2025-11-14;7;774
28;2025-11-14;8;1126
28;2025-11-14;9;807
28;2025-11-14;10;610
28;2025-11-14;11;534
28;2025-11-14;12;679
28;2025-11-14;13;697
28;2025-11-14;14;687
28;2025-11-14;15;721
28;2025-11-14;16;962
28;2025-11-14;17;973
28;2025-11-14;18;817
28;2025-11-14;19;619
28;2025-11-14;20;458
28;2025-11-14;21;307
28;2025-11-14;22;143
28;2025-11-14;23;19
28;2025-11-15;0;0
28;2025-11-15;1;0
28;2025-11-15;2;0
28;2025-11-15;3;0
28;2025-11-15;4;0
28;2025-11-15;5;37
28;2025-11-15;6;99
28;2025-11-15;7;216
28;2025-11-15;8;377
28;2025-11-15;9;457
28;2025-11-15;10;475
28;2025-11-15;11;482
28;2025-11-15;12;566
28;2025-11-15;13;575
28;2025-11-15;14;587
28;2025-11-15;15;579
28;2025-11-15;16;533
28;2025-11-15;17;548
28;2025-11-15;18;487
28;2025-11-15;19;406
28;2025-11-15;20;308
28;2025-11-15;21;260
28;2025-11-15;22;129
28;2025-11-15;23;17
28;2025-11-16;0;0
28;2025-11-16;1;0
28;2025-11-16;2;0
28;2025-11-16;3;0
28;2025-11-16;4;1
28;2025-11-16;5;31
28;2025-11-16;6;80
28;2025-11-16;7;149
28;2025-11-16;8;250
28;2025-11-16;9;323
28;2025-11-16;10;364
28;2025-11-16;11;396
28;2025-11-16;12;455
28;2025-11-16;13;505
28;2025-11-16;14;491
28;2025-11-16;15;500
28;2025-11-16;16;460
28;2025-11-16;17;472
28;2025-11-16;18;403
28;2025-11-16;19;353
28;2025-11-16;20;269
28;2025-11-16;21;222
28;2025-11-16;22;107
28;2025-11-16;23;11
28;2025-11-17;0;0
28;2025-11-17;1;0
28;2025-11-17;2;0
28;2025-11-17;3;0
28;2025-11-17;4;2
28;2025-11-17;5;78
28;2025-11-17;6;274
28;2025-11-17;7;779
28;2025-11-17;8;1191
28;2025-11-17;9;838
28;2025-11-17;10;599
28;2025-11-17;11;522
28;2025-11-17;12;643
28;2025-11-17;13;659
28;2025-11-17;14;611
28;2025-11-17;15;651
28;2025-11-17;16;873
28;2025-11-17;17;932
28;2025-11-17;18;944
28;2025-11-17;19;714
28;2025-11-17;20;477
28;2025-11-17;21;297
28;2025-11-17;22;120
28;2025-11-17;23;11
28;2025-11-18;0;0
28;2025-11-18;1;0
28;2025-11-18;2;0
28;2025-11-18;3;0
28;2025-11-18;4;2
28;2025-11-18;5;73
28;2025-11-18;6;261
28;2025-11-18;7;790
28;2025-11-18;8;1221
28;2025-11-18;9;856
28;2025-11-18;10;662
28;2025-11-18;11;553
28;2025-11-18;12;661
28;2025-11-18;13;728
28;2025-11-18;14;653
28;2025-11-18;15;679
28;2025-11-18;16;828
28;2025-11-18;17;954
28;2025-11-18;18;930
28;2025-11-18;19;731
28;2025-11-18;20;527
28;2025-11-18;21;307
28;2025-11-18;22;122
28;2025-11-18;23;18
28;2025-11-19;0;0
28;2025-11-19;1;0
28;2025-11-19;2;0
28;2025-11-19;3;0
28;2025-11-19;4;2
28;2025-11-19;5;82
28;2025-11-19;6;282
28;2025-11-19;7;776
28;2025-11-19;8;1214
28;2025-11-19;9;814
28;2025-11-19;10;627
28;2025-11-19;11;580
28;2025-11-19;12;679
28;2025-11-19;13;718
28;2025-11-19;14;672
28;2025-11-19;15;701
28;2025-11-19;16;855
28;2025-11-19;17;1002
28;2025-11-19;18;946
28;2025-11-19;19;727
28;2025-11-19;20;497
28;2025-11-19;21;311
28;2025-11-19;22;143
28;2025-11-19;23;17
28;2025-11-20;0;0
28;2025-11-20;1;0
28;2025-11-20;2;0
28;2025-11-20;3;0
28;2025-11-20;4;1
28;2025-11-20;5;75
28;2025-11-20;6;276
28;2025-11-20;7;838
28;2025-11-20;8;1262
28;2025-11-20;9;879
28;2025-11-20;10;635
28;2025-11-20;11;544
28;2025-11-20;12;703
28;2025-11-20;13;721
28;2025-11-20;14;667
28;2025-11-20;15;709
28;2025-11-20;16;840
28;2025-11-20;17;981
28;2025-11-20;18;1017
28;2025-11-20;19;739
28;2025-11-20;20;539
28;2025-11-20;21;321
28;2025-11-20;22;142
28;2025-11-20;23;16
28;2025-11-21;0;0
28;2025-11-21;1;0
28;2025-11-21;2;0
28;2025-11-21;3;0
28;2025-11-21;4;2
28;2025-11-21;5;76
28;2025-11-21;6;258
28;2025-11-21;7;774
28;2025-11-21;8;1126
28;2025-11-21;9;807
28;2025-11-21;10;610
28;2025-11-21;11;534
28;2025-11-21;12;679
28;2025-11-21;13;697
28;2025-11-21;14;687
28;2025-11-21;15;721
28;2025-11-21;16;962
28;2025-11-21;17;973
28;2025-11-21;18;817
28;2025-11-21;19;619
28;2025-11-21;20;458
28;2025-11-21;21;307
28;2025-11-21;22;143
28;2025-11-21;23;19
28;2025-11-22;0;0
28;2025-11-22;1;0
28;2025-11-22;2;0
28;2025-11-22;3;0
28;2025-11-22;4;0
28;2025-11-22;5;37
28;2025-11-22;6;99
28;2025-11-22;7;216
28;2025-11-22;8;377
28;2025-11-22;9;457
28;2025-11-22;10;475
28;2025-11-22;11;482
28;2025-11-22;12;566
28;2025-11-22;13;575
28;2025-11-22;14;587
28;2025-11-22;15;579
28;2025-11-22;16;533
28;2025-11-22;17;548
28;2025-11-22;18;487
28;2025-11-22;19;406
28;2025-11-22;20;308
28;2025-11-22;21;260
28;2025-11-22;22;129
28;2025-11-22;23;17
28;2025-11-23;0;0
28;2025-11-23;1;0
28;2025-11-23;2;0
28;2025-11-23;3;0
28;2025-11-23;4;1
28;2025-11-23;5;31
28;2025-11-23;6;80
28;2025-11-23;7;149
28;2025-11-23;8;250
28;2025-11-23;9;323
28;2025-11-23;10;364
28;2025-11-23;11;396
28;2025-11-23;12;455
28;2025-11-23;13;505
28;2025-11-23;14;491
28;2025-11-23;15;500
28;2025-11-23;16;460
28;2025-11-23;17;472
28;2025-11-23;18;403
28;2025-11-23;19;353
28;2025-11-23;20;269
28;2025-11-23;21;222
28;2025-11-23;22;107
28;2025-11-23;23;11
28;2025-11-24;0;0
28;2025-11-24;1;0
28;2025-11-24;2;0
28;2025-11-24;3;0
28;2025-11-24;4;2
28;2025-11-24;5;78
28;2025-11-24;6;274
28;2025-11-24;7;779
28;2025-11-24;8;1191
28;2025-11-24;9;838
28;2025-11-24;10;599
28;2025-11-24;11;522
28;2025-11-24;12;643
28;2025-11-24;13;659
28;2025-11-24;14;611
28;2025-11-24;15;651
28;2025-11-24;16;873
28;2025-11-24;17;932
28;2025-11-24;18;944
28;2025-11-24;19;714
28;2025-11-24;20;477
28;2025-11-24;21;297
28;2025-11-24;22;120
28;2025-11-24;23;11
28;2025-11-25;0;0
28;2025-11-25;1;0
28;2025-11-25;2;0
28;2025-11-25;3;0
28;2025-11-25;4;2
28;2025-11-25;5;73
28;2025-11-25;6;261
28;2025-11-25;7;790
28;2025-11-25;8;1221
28;2025-11-25;9;856
28;2025-11-25;10;662
28;2025-11-25;11;553
28;2025-11-25;12;661
28;2025-11-25;13;728
28;2025-11-25;14;653
28;2025-11-25;15;679
28;2025-11-25;16;828
28;2025-11-25;17;954
28;2025-11-25;18;930
28;2025-11-25;19;731
28;2025-11-25;20;527
28;2025-11-25;21;307
28;2025-11-25;22;122
28;2025-11-25;23;18
28;2025-11-26;0;0
28;2025-11-26;1;0
28;2025-11-26;2;0
28;2025-11-26;3;0
28;2025-11-26;4;2
28;2025-11-26;5;82
28;2025-11-26;6;282
28;2025-11-26;7;776
28;2025-11-26;8;1214
28;2025-11-26;9;814
28;2025-11-26;10;627
28;2025-11-26;11;580
28;2025-11-26;12;679
28;2025-11-26;13;718
28;2025-11-26;14;672
28;2025-11-26;15;701
28;2025-11-26;16;855
28;2025-11-26;17;1002
28;2025-11-26;18;946
28;2025-11-26;19;727
28;2025-11-26;20;497
28;2025-11-26;21;311
28;2025-11-26;22;143
28;2025-11-26;23;17
28;2025-11-27;0;0
28;2025-11-27;1;0
28;2025-11-27;2;0
28;2025-11-27;3;0
28;2025-11-27;4;1
28;2025-11-27;5;75
28;2025-11-27;6;276
28;2025-11-27;7;838
28;2025-11-27;8;1262
28;2025-11-27;9;879
28;2025-11-27;10;635
28;2025-11-27;11;544
28;2025-11-27;12;703
28;2025-11-27;13;721
28;2025-11-27;14;667
28;2025-11-27;15;709
28;2025-11-27;16;840
28;2025-11-27;17;981
28;2025-11-27;18;1017
28;2025-11-27;19;739
28;2025-11-27;20;539
28;2025-11-27;21;321
28;2025-11-27;22;142
28;2025-11-27;23;16
28;2025-11-28;0;0
28;2025-11-28;1;0
28;2025-11-28;2;0
28;2025-11-28;3;0
28;2025-11-28;4;2
28;2025-11-28;5;76
28;2025-11-28;6;258
28;2025-11-28;7;774
28;2025-11-28;8;1126
28;2025-11-28;9;807
28;2025-11-28;10;610
28;2025-11-28;11;534
28;2025-11-28;12;679
28;2025-11-28;13;697
28;2025-11-28;14;687
28;2025-11-28;15;721
28;2025-11-28;16;962
28;2025-11-28;17;973
28;2025-11-28;18;817
28;2025-11-28;19;619
28;2025-11-28;20;458
28;2025-11-28;21;307
28;2025-11-28;22;143
28;2025-11-28;23;19
28;2025-11-29;0;0
28;2025-11-29;1;0
28;2025-11-29;2;0
28;2025-11-29;3;0
28;2025-11-29;4;0
28;2025-11-29;5;37
28;2025-11-29;6;99
28;2025-11-29;7;216
28;2025-11-29;8;377
28;2025-11-29;9;457
28;2025-11-29;10;475
28;2025-11-29;11;482
28;2025-11-29;12;566
28;2025-11-29;13;575
28;2025-11-29;14;587
28;2025-11-29;15;579
28;2025-11-29;16;533
28;2025-11-29;17;548
28;2025-11-29;18;487
28;2025-11-29;19;406
28;2025-11-29;20;308
28;2025-11-29;21;260
28;2025-11-29;22;129
28;2025-11-29;23;17
28;2025-11-30;0;0
28;2025-11-30;1;0
28;2025-11-30;2;0
28;2025-11-30;3;0
28;2025-11-30;4;1
28;2025-11-30;5;31
28;2025-11-30;6;80
28;2025-11-30;7;149
28;2025-11-30;8;250
28;2025-11-30;9;323
28;2025-11-30;10;364
28;2025-11-30;11;396
28;2025-11-30;12;455
28;2025-11-30;13;505
28;2025-11-30;14;491
28;2025-11-30;15;500
28;2025-11-30;16;460
28;2025-11-30;17;472
28;2025-11-30;18;403
28;2025-11-30;19;353
28;2025-11-30;20;269
28;2025-11-30;21;222
28;2025-11-30;22;107
28;2025-11-30;23;11
28;2025-12-01;0;0
28;2025-12-01;1;0
28;2025-12-01;2;0
28;2025-12-01;3;0
28;2025-12-01;4;2
28;2025-12-01;5;78
28;2025-12-01;6;274
28;2025-12-01;7;779
28;2025-12-01;8;1191
28;2025-12-01;9;838
28;2025-12-01;10;599
28;2025-12-01;11;522
28;2025-12-01;12;643
28;2025-12-01;13;659
28;2025-12-01;14;611
28;2025-12-01;15;651
28;2025-12-01;16;873
28;2025-12-01;17;932
28;2025-12-01;18;944
28;2025-12-01;19;714
28;2025-12-01;20;477
28;2025-12-01;21;297
28;2025-12-01;22;120
28;2025-12-01;23;11
28;2025-12-02;0;0
28;2025-12-02;1;0
28;2025-12-02;2;0
28;2025-12-02;3;0
28;2025-12-02;4;2
28;2025-12-02;5;73
28;2025-12-02;6;261
28;2025-12-02;7;790
28;2025-12-02;8;1221
28;2025-12-02;9;856
28;2025-12-02;10;662
28;2025-12-02;11;553
28;2025-12-02;12;661
28;2025-12-02;13;728
28;2025-12-02;14;653
28;2025-12-02;15;679
28;2025-12-02;16;828
28;2025-12-02;17;954
28;2025-12-02;18;930
28;2025-12-02;19;731
28;2025-12-02;20;527
28;2025-12-02;21;307
28;2025-12-02;22;122
28;2025-12-02;23;18
28;2025-12-03;0;0
28;2025-12-03;1;0
28;2025-12-03;2;0
28;2025-12-03;3;0
28;2025-12-03;4;2
28;2025-12-03;5;82
28;2025-12-03;6;282
28;2025-12-03;7;776
28;2025-12-03;8;1214
28;2025-12-03;9;814
28;2025-12-03;10;627
28;2025-12-03;11;580
28;2025-12-03;12;679
28;2025-12-03;13;718
28;2025-12-03;14;672
28;2025-12-03;15;701
28;2025-12-03;16;855
28;2025-12-03;17;1002
28;2025-12-03;18;946
28;2025-12-03;19;727
28;2025-12-03;20;497
28;2025-12-03;21;311
28;2025-12-03;22;143
28;2025-12-03;23;17
28;2025-12-04;0;0
28;2025-12-04;1;0
28;2025-12-04;2;0
28;2025-12-04;3;0
28;2025-12-04;4;1
28;2025-12-04;5;75
28;2025-12-04;6;276
28;2025-12-04;7;838
28;2025-12-04;8;1262
28;2025-12-04;9;879
28;2025-12-04;10;635
28;2025-12-04;11;544
28;2025-12-04;12;703
28;2025-12-04;13;721
28;2025-12-04;14;667
28;2025-12-04;15;709
28;2025-12-04;16;840
28;2025-12-04;17;981
28;2025-12-04;18;1017
28;2025-12-04;19;739
28;2025-12-04;20;539
28;2025-12-04;21;321
28;2025-12-04;22;142
28;2025-12-04;23;16
28;2025-12-05;0;0
28;2025-12-05;1;0
28;2025-12-05;2;0
28;2025-12-05;3;0
28;2025-12-05;4;2
28;2025-12-05;5;76
28;2025-12-05;6;258
28;2025-12-05;7;774
28;2025-12-05;8;1126
28;2025-12-05;9;807
28;2025-12-05;10;610
28;2025-12-05;11;534
28;2025-12-05;12;679
28;2025-12-05;13;697
28;2025-12-05;14;687
28;2025-12-05;15;721
28;2025-12-05;16;962
28;2025-12-05;17;973
28;2025-12-05;18;817
28;2025-12-05;19;619
28;2025-12-05;20;458
28;2025-12-05;21;307
28;2025-12-05;22;143
28;2025-12-05;23;19
28;2025-12-06;0;0
28;2025-12-06;1;0
28;2025-12-06;2;0
28;2025-12-06;3;0
28;2025-12-06;4;0
28;2025-12-06;5;37
28;2025-12-06;6;99
28;2025-12-06;7;216
28;2025-12-06;8;377
28;2025-12-06;9;457
28;2025-12-06;10;475
28;2025-12-06;11;482
28;2025-12-06;12;566
28;2025-12-06;13;575
28;2025-12-06;14;587
28;2025-12-06;15;579
28;2025-12-06;16;533
28;2025-12-06;17;548
28;2025-12-06;18;487
28;2025-12-06;19;406
28;2025-12-06;20;308
28;2025-12-06;21;260
28;2025-12-06;22;129
28;2025-12-06;23;17
28;2025-12-07;0;0
28;2025-12-07;1;0
28;2025-12-07;2;0
28;2025-12-07;3;0
28;2025-12-07;4;1
28;2025-12-07;5;31
28;2025-12-07;6;80
28;2025-12-07;7;149
28;2025-12-07;8;250
28;2025-12-07;9;323
28;2025-12-07;10;364
28;2025-12-07;11;396
28;2025-12-07;12;455
28;2025-12-07;13;505
28;2025-12-07;14;491
28;2025-12-07;15;500
28;2025-12-07;16;460
28;2025-12-07;17;472
28;2025-12-07;18;403
28;2025-12-07;19;353
28;2025-12-07;20;269
28;2025-12-07;21;222
28;2025-12-07;22;107
28;2025-12-07;23;11
28;2025-12-08;0;0
28;2025-12-08;1;0
28;2025-12-08;2;0
28;2025-12-08;3;0
28;2025-12-08;4;2
28;2025-12-08;5;78
28;2025-12-08;6;274
28;2025-12-08;7;779
28;2025-12-08;8;1191
28;2025-12-08;9;838
28;2025-12-08;10;599
28;2025-12-08;11;522
28;2025-12-08;12;643
28;2025-12-08;13;659
28;2025-12-08;14;611
28;2025-12-08;15;651
28;2025-12-08;16;873
28;2025-12-08;17;932
28;2025-12-08;18;944
28;2025-12-08;19;714
28;2025-12-08;20;477
28;2025-12-08;21;297
28;2025-12-08;22;120
28;2025-12-08;23;11
28;2025-12-09;0;0
28;2025-12-09;1;0
28;2025-12-09;2;0
28;2025-12-09;3;0
28;2025-12-09;4;2
28;2025-12-09;5;73
28;2025-12-09;6;261
28;2025-12-09;7;790
28;2025-12-09;8;1221
28;2025-12-09;9;856
28;2025-12-09;10;662
28;2025-12-09;11;553
28;2025-12-09;12;661
28;2025-12-09;13;728
28;2025-12-09;14;653
28;2025-12-09;15;679
28;2025-12-09;16;828
28;2025-12-09;17;954
28;2025-12-09;18;930
28;2025-12-09;19;731
28;2025-12-09;20;527
28;2025-12-09;21;307
28;2025-12-09;22;122
28;2025-12-09;23;18
28;2025-12-10;0;0
28;2025-12-10;1;0
28;2025-12-10;2;0
28;2025-12-10;3;0
28;2025-12-10;4;2
28;2025-12-10;5;82
28;2025-12-10;6;282
28;2025-12-10;7;776
28;2025-12-10;8;1214
28;2025-12-10;9;814
28;2025-12-10;10;627
28;2025-12-10;11;580
28;2025-12-10;12;679
28;2025-12-10;13;718
28;2025-12-10;14;672
28;2025-12-10;15;701
28;2025-12-10;16;855
28;2025-12-10;17;1002
28;2025-12-10;18;946
28;2025-12-10;19;727
28;2025-12-10;20;497
28;2025-12-10;21;311
28;2025-12-10;22;143
28;2025-12-10;23;17
28;2025-12-11;0;0
28;2025-12-11;1;0
28;2025-12-11;2;0
28;2025-12-11;3;0
28;2025-12-11;4;1
28;2025-12-11;5;75
28;2025-12-11;6;276
28;2025-12-11;7;838
28;2025-12-11;8;1262
28;2025-12-11;9;879
28;2025-12-11;10;635
28;2025-12-11;11;544
28;2025-12-11;12;703
28;2025-12-11;13;721
28;2025-12-11;14;667
28;2025-12-11;15;709
28;2025-12-11;16;840
28;2025-12-11;17;981
28;2025-12-11;18;1017
28;2025-12-11;19;739
28;2025-12-11;20;539
28;2025-12-11;21;321
28;2025-12-11;22;142
28;2025-12-11;23;16
28;2025-12-12;0;0
28;2025-12-12;1;0
28;2025-12-12;2;0
28;2025-12-12;3;0
28;2025-12-12;4;2
28;2025-12-12;5;76
28;2025-12-12;6;258
28;2025-12-12;7;774
28;2025-12-12;8;1126
28;2025-12-12;9;807
28;2025-12-12;10;610
28;2025-12-12;11;534
28;2025-12-12;12;679
28;2025-12-12;13;697
28;2025-12-12;14;687
28;2025-12-12;15;721
28;2025-12-12;16;962
28;2025-12-12;17;973
28;2025-12-12;18;817
28;2025-12-12;19;619
28;2025-12-12;20;458
28;2025-12-12;21;307
28;2025-12-12;22;143
28;2025-12-12;23;19
28;2025-12-13;0;0
28;2025-12-13;1;0
28;2025-12-13;2;0
28;2025-12-13;3;0
28;2025-12-13;4;0
28;2025-12-13;5;37
28;2025-12-13;6;99
28;2025-12-13;7;216
28;2025-12-13;8;377
28;2025-12-13;9;457
28;2025-12-13;10;475
28;2025-12-13;11;482
28;2025-12-13;12;566
28;2025-12-13;13;575
28;2025-12-13;14;587
28;2025-12-13;15;579
28;2025-12-13;16;533
28;2025-12-13;17;548
28;2025-12-13;18;487
28;2025-12-13;19;406
28;2025-12-13;20;308
28;2025-12-13;21;260
28;2025-12-13;22;129
28;2025-12-13;23;17
28;2025-12-14;0;0
28;2025-12-14;1;0
28;2025-12-14;2;0
28;2025-12-14;3;0
28;2025-12-14;4;1
28;2025-12-14;5;31
28;2025-12-14;6;80
28;2025-12-14;7;149
28;2025-12-14;8;250
28;2025-12-14;9;323
28;2025-12-14;10;364
28;2025-12-14;11;396
28;2025-12-14;12;455
28;2025-12-14;13;505
28;2025-12-14;14;491
28;2025-12-14;15;500
28;2025-12-14;16;460
28;2025-12-14;17;472
28;2025-12-14;18;403
28;2025-12-14;19;353
28;2025-12-14;20;269
28;2025-12-14;21;222
28;2025-12-14;22;107
28;2025-12-14;23;11
28;2025-12-15;0;0
28;2025-12-15;1;0
28;2025-12-15;2;0
28;2025-12-15;3;0
28;2025-12-15;4;2
28;2025-12-15;5;78
28;2025-12-15;6;274
28;2025-12-15;7;779
28;2025-12-15;8;1191
28;2025-12-15;9;838
28;2025-12-15;10;599
28;2025-12-15;11;522
28;2025-12-15;12;643
28;2025-12-15;13;659
28;2025-12-15;14;611
28;2025-12-15;15;651
28;2025-12-15;16;873
28;2025-12-15;17;932
28;2025-12-15;18;944
28;2025-12-15;19;714
28;2025-12-15;20;477
28;2025-12-15;21;297
28;2025-12-15;22;120
28;2025-12-15;23;11
28;2025-12-16;0;0
28;2025-12-16;1;0
28;2025-12-16;2;0
28;2025-12-16;3;0
28;2025-12-16;4;2
28;2025-12-16;5;73
28;2025-12-16;6;261
28;2025-12-16;7;790
28;2025-12-16;8;1221
28;2025-12-16;9;856
28;2025-12-16;10;662
28;2025-12-16;11;553
28;2025-12-16;12;661
28;2025-12-16;13;728
28;2025-12-16;14;653
28;2025-12-16;15;679
28;2025-12-16;16;828
28;2025-12-16;17;954
28;2025-12-16;18;930
28;2025-12-16;19;731
28;2025-12-16;20;527
28;2025-12-16;21;307
28;2025-12-16;22;122
28;2025-12-16;23;18
28;2025-12-17;0;0
28;2025-12-17;1;0
28;2025-12-17;2;0
28;2025-12-17;3;0
28;2025-12-17;4;2
28;2025-12-17;5;82
28;2025-12-17;6;282
28;2025-12-17;7;776
28;2025-12-17;8;1214
28;2025-12-17;9;814
28;2025-12-17;10;627
28;2025-12-17;11;580
28;2025-12-17;12;679
28;2025-12-17;13;718
28;2025-12-17;14;672
28;2025-12-17;15;701
28;2025-12-17;16;855
28;2025-12-17;17;1002
28;2025-12-17;18;946
28;2025-12-17;19;727
28;2025-12-17;20;497
28;2025-12-17;21;311
28;2025-12-17;22;143
28;2025-12-17;23;17
28;2025-12-18;0;0
28;2025-12-18;1;0
28;2025-12-18;2;0
28;2025-12-18;3;0
28;2025-12-18;4;1
28;2025-12-18;5;75
28;2025-12-18;6;276
28;2025-12-18;7;838
28;2025-12-18;8;1262
28;2025-12-18;9;879
28;2025-12-18;10;635
28;2025-12-18;11;544
28;2025-12-18;12;703
28;2025-12-18;13;721
28;2025-12-18;14;667
28;2025-12-18;15;709
28;2025-12-18;16;840
28;2025-12-18;17;981
28;2025-12-18;18;1017
28;2025-12-18;19;739
28;2025-12-18;20;539
28;2025-12-18;21;321
28;2025-12-18;22;142
28;2025-12-18;23;16
28;2025-12-19;0;0
28;2025-12-19;1;0
28;2025-12-19;2;0
28;2025-12-19;3;0
28;2025-12-19;4;2
28;2025-12-19;5;76
28;2025-12-19;6;258
28;2025-12-19;7;774
28;2025-12-19;8;1126
28;2025-12-19;9;807
28;2025-12-19;10;610
28;2025-12-19;11;534
28;2025-12-19;12;679
28;2025-12-19;13;697
28;2025-12-19;14;687
28;2025-12-19;15;721
28;2025-12-19;16;962
28;2025-12-19;17;973
28;2025-12-19;18;817
28;2025-12-19;19;619
28;2025-12-19;20;458
28;2025-12-19;21;307
28;2025-12-19;22;143
28;2025-12-19;23;19
28;2025-12-20;0;0
28;2025-12-20;1;0
28;2025-12-20;2;0
28;2025-12-20;3;0
28;2025-12-20;4;0
28;2025-12-20;5;37
28;2025-12-20;6;99
28;2025-12-20;7;216
28;2025-12-20;8;377
28;2025-12-20;9;457
28;2025-12-20;10;475
28;2025-12-20;11;482
28;2025-12-20;12;566
28;2025-12-20;13;575
28;2025-12-20;14;587
28;2025-12-20;15;579
28;2025-12-20;16;533
28;2025-12-20;17;548
28;2025-12-20;18;487
28;2025-12-20;19;406
28;2025-12-20;20;308
28;2025-12-20;21;260
28;2025-12-20;22;129
28;2025-12-20;23;17
28;2025-12-21;0;0
28;2025-12-21;1;0
28;2025-12-21;2;0
28;2025-12-21;3;0
28;2025-12-21;4;1
28;2025-12-21;5;31
28;2025-12-21;6;80
28;2025-12-21;7;149
28;2025-12-21;8;250
28;2025-12-21;9;323
28;2025-12-21;10;364
28;2025-12-21;11;396
28;2025-12-21;12;455
28;2025-12-21;13;505
28;2025-12-21;14;491
28;2025-12-21;15;500
28;2025-12-21;16;460
28;2025-12-21;17;472
28;2025-12-21;18;403
28;2025-12-21;19;353
28;2025-12-21;20;269
28;2025-12-21;21;222
28;2025-12-21;22;107
28;2025-12-21;23;11
28;2025-12-22;0;0
28;2025-12-22;1;0
28;2025-12-22;2;0
28;2025-12-22;3;0
28;2025-12-22;4;2
28;2025-12-22;5;78
28;2025-12-22;6;274
28;2025-12-22;7;779
28;2025-12-22;8;1191
28;2025-12-22;9;838
28;2025-12-22;10;599
28;2025-12-22;11;522
28;2025-12-22;12;643
28;2025-12-22;13;659
28;2025-12-22;14;611
28;2025-12-22;15;651
28;2025-12-22;16;873
28;2025-12-22;17;932
28;2025-12-22;18;944
28;2025-12-22;19;714
28;2025-12-22;20;477
28;2025-12-22;21;297
28;2025-12-22;22;120
28;2025-12-22;23;11
28;2025-12-23;0;0
28;2025-12-23;1;0
28;2025-12-23;2;0
28;2025-12-23;3;0
28;2025-12-23;4;2
28;2025-12-23;5;73
28;2025-12-23;6;261
28;2025-12-23;7;790
28;2025-12-23;8;1221
28;2025-12-23;9;856
28;2025-12-23;10;662
28;2025-12-23;11;553
28;2025-12-23;12;661
28;2025-12-23;13;728
28;2025-12-23;14;653
28;2025-12-23;15;679
28;2025-12-23;16;828
28;2025-12-23;17;954
28;2025-12-23;18;930
28;2025-12-23;19;731
28;2025-12-23;20;527
28;2025-12-23;21;307
28;2025-12-23;22;122
28;2025-12-23;23;18
28;2025-12-24;0;0
28;2025-12-24;1;0
28;2025-12-24;2;0
28;2025-12-24;3;0
28;2025-12-24;4;2
28;2025-12-24;5;82
28;2025-12-24;6;282
28;2025-12-24;7;776
28;2025-12-24;8;1214
28;2025-12-24;9;814
28;2025-12-24;10;627
28;2025-12-24;11;580
28;2025-12-24;12;679
28;2025-12-24;13;718
28;2025-12-24;14;672
28;2025-12-24;15;701
28;2025-12-24;16;855
28;2025-12-24;17;1002
28;2025-12-24;18;946
28;2025-12-24;19;727
28;2025-12-24;20;497
28;2025-12-24;21;311
28;2025-12-24;22;143
28;2025-12-24;23;17
28;2025-12-25;0;0
28;2025-12-25;1;0
28;2025-12-25;2;0
28;2025-12-25;3;0
28;2025-12-25;4;1
28;2025-12-25;5;75
28;2025-12-25;6;276
28;2025-12-25;7;838
28;2025-12-25;8;1262
28;2025-12-25;9;879
28;2025-12-25;10;635
28;2025-12-25;11;544
28;2025-12-25;12;703
28;2025-12-25;13;721
28;2025-12-25;14;667
28;2025-12-25;15;709
28;2025-12-25;16;840
28;2025-12-25;17;981
28;2025-12-25;18;1017
28;2025-12-25;19;739
28;2025-12-25;20;539
28;2025-12-25;21;321
28;2025-12-25;22;142
28;2025-12-25;23;16
28;2025-12-26;0;0
28;2025-12-26;1;0
28;2025-12-26;2;0
28;2025-12-26;3;0
28;2025-12-26;4;2
28;2025-12-26;5;76
28;2025-12-26;6;258
28;2025-12-26;7;774
28;2025-12-26;8;1126
28;2025-12-26;9;807
28;2025-12-26;10;610
28;2025-12-26;11;534
28;2025-12-26;12;679
28;2025-12-26;13;697
28;2025-12-26;14;687
28;2025-12-26;15;721
28;2025-12-26;16;962
28;2025-12-26;17;973
28;2025-12-26;18;817
28;2025-12-26;19;619
28;2025-12-26;20;458
28;2025-12-26;21;307
28;2025-12-26;22;143
28;2025-12-26;23;19
28;2025-12-27;0;0
28;2025-12-27;1;0
28;2025-12-27;2;0
28;2025-12-27;3;0
28;2025-12-27;4;0
28;2025-12-27;5;37
28;2025-12-27;6;99
28;2025-12-27;7;216
28;2025-12-27;8;377
28;2025-12-27;9;457
28;2025-12-27;10;475
28;2025-12-27;11;482
28;2025-12-27;12;566
28;2025-12-27;13;575
28;2025-12-27;14;587
28;2025-12-27;15;579
28;2025-12-27;16;533
28;2025-12-27;17;548
28;2025-12-27;18;487
28;2025-12-27;19;406
28;2025-12-27;20;308
28;2025-12-27;21;260
28;2025-12-27;22;129
28;2025-12-27;23;17
28;2025-12-28;0;0
28;2025-12-28;1;0
28;2025-12-28;2;0
28;2025-12-28;3;0
28;2025-12-28;4;1
28;2025-12-28;5;31
28;2025-12-28;6;80
28;2025-12-28;7;149
28;2025-12-28;8;250
28;2025-12-28;9;323
28;2025-12-28;10;364
28;2025-12-28;11;396
28;2025-12-28;12;455
28;2025-12-28;13;505
28;2025-12-28;14;491
28;2025-12-28;15;500
28;2025-12-28;16;460
28;2025-12-28;17;472
28;2025-12-28;18;403
28;2025-12-28;19;353
28;2025-12-28;20;269
28;2025-12-28;21;222
28;2025-12-28;22;107
28;2025-12-28;23;11
28;2025-12-29;0;0
28;2025-12-29;1;0
28;2025-12-29;2;0
28;2025-12-29;3;0
28;2025-12-29;4;2
28;2025-12-29;5;78
28;2025-12-29;6;274
28;2025-12-29;7;779
28;2025-12-29;8;1191
28;2025-12-29;9;838
28;2025-12-29;10;599
28;2025-12-29;11;522
28;2025-12-29;12;643
28;2025-12-29;13;659
28;2025-12-29;14;611
28;2025-12-29;15;651
28;2025-12-29;16;873
28;2025-12-29;17;932
28;2025-12-29;18;944
28;2025-12-29;19;714
28;2025-12-29;20;477
28;2025-12-29;21;297
28;2025-12-29;22;120
28;2025-12-29;23;11
28;2025-12-30;0;0
28;2025-12-30;1;0
28;2025-12-30;2;0
28;2025-12-30;3;0
28;2025-12-30;4;2
28;2025-12-30;5;73
28;2025-12-30;6;261
28;2025-12-30;7;790
28;2025-12-30;8;1221
28;2025-12-30;9;856
28;2025-12-30;10;662
28;2025-12-30;11;553
28;2025-12-30;12;661
28;2025-12-30;13;728
28;2025-12-30;14;653
28;2025-12-30;15;679
28;2025-12-30;16;828
28;2025-12-30;17;954
28;2025-12-30;18;930
28;2025-12-30;19;731
28;2025-12-30;20;527
28;2025-12-30;21;307
28;2025-12-30;22;122
28;2025-12-30;23;18
28;2025-12-31;0;0
28;2025-12-31;1;0
28;2025-12-31;2;0
28;2025-12-31;3;0
28;2025-12-31;4;1
28;2025-12-31;5;31
28;2025-12-31;6;80
28;2025-12-31;7;149
28;2025-12-31;8;250
28;2025-12-31;9;323
28;2025-12-31;10;364
28;2025-12-31;11;396
28;2025-12-31;12;455
28;2025-12-31;13;505
28;2025-12-31;14;491
28;2025-12-31;15;500
28;2025-12-31;16;460
28;2025-12-31;17;472
28;2025-12-31;18;403
28;2025-12-31;19;353
28;2025-12-31;20;269
28;2025-12-31;21;222
28;2025-12-31;22;107
28;2025-12-31;23;11
50;2025-11-01;0;39
50;2025-11-01;1;3
50;2025-11-01;2;0
50;2025-11-01;3;0
50;2025-11-01;4;2
50;2025-11-01;5;68
50;2025-11-01;6;553
50;2025-11-01;7;1713
50;2025-11-01;8;2634
50;2025-11-01;9;2043
50;2025-11-01;10;1544
50;2025-11-01;11;1620
50;2025-11-01;12;1515
50;2025-11-01;13;1463
50;2025-11-01;14;1405
50;2025-11-01;15;1734
50;2025-11-01;16;2026
50;2025-11-01;17;2157
50;2025-11-01;18;1781
50;2025-11-01;19;1219
50;2025-11-01;20;805
50;2025-11-01;21;544
50;2025-11-01;22;303
50;2025-11-01;23;172
50;2025-11-02;0;43
50;2025-11-02;1;5
50;2025-11-02;2;0
50;2025-11-02;3;0
50;2025-11-02;4;0
50;2025-11-02;5;19
50;2025-11-02;6;87
50;2025-11-02;7;169
50;2025-11-02;8;293
50;2025-11-02;9;372
50;2025-11-02;10;421
50;2025-11-02;11;515
50;2025-11-02;12;567
50;2025-11-02;13;613
50;2025-11-02;14;645
50;2025-11-02;15;568
50;2025-11-02;16;591
50;2025-11-02;17;581
50;2025-11-02;18;525
50;2025-11-02;19;437
50;2025-11-02;20;361
50;2025-11-02;21;276
50;2025-11-02;22;161
50;2025-11-02;23;90
50;2025-11-03;0;43
50;2025-11-03;1;5
50;2025-11-03;2;0
50;2025-11-03;3;0
50;2025-11-03;4;0
50;2025-11-03;5;19
50;2025-11-03;6;87
50;2025-11-03;7;169
50;2025-11-03;8;293
50;2025-11-03;9;372
50;2025-11-03;10;421
50;2025-11-03;11;515
50;2025-11-03;12;567
50;2025-11-03;13;613
50;2025-11-03;14;645
50;2025-11-03;15;568
50;2025-11-03;16;591
50;2025-11-03;17;581
50;2025-11-03;18;525
50;2025-11-03;19;437
50;2025-11-03;20;361
50;2025-11-03;21;276
50;2025-11-03;22;161
50;2025-11-03;23;90
50;2025-11-04;0;43
50;2025-11-04;1;5
50;2025-11-04;2;0
50;2025-11-04;3;0
50;2025-11-04;4;0
50;2025-11-04;5;19
50;2025-11-04;6;87
50;2025-11-04;7;169
50;2025-11-04;8;293
50;2025-11-04;9;372
50;2025-11-04;10;421
50;2025-11-04;11;515
50;2025-11-04;12;567
50;2025-11-04;13;613
50;2025-11-04;14;645
50;2025-11-04;15;568
50;2025-11-04;16;591
50;2025-11-04;17;581
50;2025-11-04;18;525
50;2025-11-04;19;437
50;2025-11-04;20;361
50;2025-11-04;21;276
50;2025-11-04;22;161
50;2025-11-04;23;90
50;2025-11-05;0;32
50;2025-11-05;1;4
50;2025-11-05;2;0
50;2025-11-05;3;0
50;2025-11-05;4;3
50;2025-11-05;5;71
50;2025-11-05;6;552
50;2025-11-05;7;1737
50;2025-11-05;8;2698
50;2025-11-05;9;2091
50;2025-11-05;10;1650
50;2025-11-05;11;1547
50;2025-11-05;12;1463
50;2025-11-05;13;1493
50;2025-11-05;14;1413
50;2025-11-05;15;1682
50;2025-11-05;16;1701
50;2025-11-05;17;2407
50;2025-11-05;18;2449
50;2025-11-05;19;1491
50;2025-11-05;20;857
50;2025-11-05;21;609
50;2025-11-05;22;285
50;2025-11-05;23;139
50;2025-11-06;0;37
50;2025-11-06;1;2
50;2025-11-06;2;0
50;2025-11-06;3;0
50;2025-11-06;4;2
50;2025-11-06;5;71
50;2025-11-06;6;553
50;2025-11-06;7;1754
50;2025-11-06;8;2650
50;2025-11-06;9;2124
50;2025-11-06;10;1669
50;2025-11-06;11;1517
50;2025-11-06;12;1479
50;2025-11-06;13;1460
50;2025-11-06;14;1388
50;2025-11-06;15;1581
50;2025-11-06;16;1815
50;2025-11-06;17;2323
50;2025-11-06;18;2456
50;2025-11-06;19;1479
50;2025-11-06;20;934
50;2025-11-06;21;661
50;2025-11-06;22;290
50;2025-11-06;23;153
50;2025-11-07;0;39
50;2025-11-07;1;3
50;2025-11-07;2;0
50;2025-11-07;3;0
50;2025-11-07;4;2
50;2025-11-07;5;68
50;2025-11-07;6;553
50;2025-11-07;7;1713
50;2025-11-07;8;2634
50;2025-11-07;9;2043
50;2025-11-07;10;1544
50;2025-11-07;11;1620
50;2025-11-07;12;1515
50;2025-11-07;13;1463
50;2025-11-07;14;1405
50;2025-11-07;15;1734
50;2025-11-07;16;2026
50;2025-11-07;17;2157
50;2025-11-07;18;1781
50;2025-11-07;19;1219
50;2025-11-07;20;805
50;2025-11-07;21;544
50;2025-11-07;22;303
50;2025-11-07;23;172
50;2025-11-08;0;51
50;2025-11-08;1;3
50;2025-11-08;2;0
50;2025-11-08;3;0
50;2025-11-08;4;1
50;2025-11-08;5;26
50;2025-11-08;6;140
50;2025-11-08;7;323
50;2025-11-08;8;481
50;2025-11-08;9;507
50;2025-11-08;10;499
50;2025-11-08;11;632
50;2025-11-08;12;662
50;2025-11-08;13;686
50;2025-11-08;14;697
50;2025-11-08;15;655
50;2025-11-08;16;662
50;2025-11-08;17;655
50;2025-11-08;18;582
50;2025-11-08;19;503
50;2025-11-08;20;383
50;2025-11-08;21;296
50;2025-11-08;22;190
50;2025-11-08;23;112
50;2025-11-09;0;43
50;2025-11-09;1;5
50;2025-11-09;2;0
50;2025-11-09;3;0
50;2025-11-09;4;0
50;2025-11-09;5;19
50;2025-11-09;6;87
50;2025-11-09;7;169
50;2025-11-09;8;293
50;2025-11-09;9;372
50;2025-11-09;10;421
50;2025-11-09;11;515
50;2025-11-09;12;567
50;2025-11-09;13;613
50;2025-11-09;14;645
50;2025-11-09;15;568
50;2025-11-09;16;591
50;2025-11-09;17;581
50;2025-11-09;18;525
50;2025-11-09;19;437
50;2025-11-09;20;361
50;2025-11-09;21;276
50;2025-11-09;22;161
50;2025-11-09;23;90
50;2025-11-10;0;28
50;2025-11-10;1;3
50;2025-11-10;2;0
50;2025-11-10;3;0
50;2025-11-10;4;3
50;2025-11-10;5;69
50;2025-11-10;6;527
50;2025-11-10;7;1764
50;2025-11-10;8;2725
50;2025-11-10;9;2116
50;2025-11-10;10;1627
50;2025-11-10;11;1528
50;2025-11-10;12;1369
50;2025-11-10;13;1401
50;2025-11-10;14;1343
50;2025-11-10;15;1576
50;2025-11-10;16;1637
50;2025-11-10;17;2344
50;2025-11-10;18;2455
50;2025-11-10;19;1458
50;2025-11-10;20;880
50;2025-11-10;21;592
50;2025-11-10;22;259
50;2025-11-10;23;120
50;2025-11-11;0;32
50;2025-11-11;1;2
50;2025-11-11;2;0
50;2025-11-11;3;0
50;2025-11-11;4;2
50;2025-11-11;5;68
50;2025-11-11;6;570
50;2025-11-11;7;1780
50;2025-11-11;8;2793
50;2025-11-11;9;2194
50;2025-11-11;10;1663
50;2025-11-11;11;1567
50;2025-11-11;12;1504
50;2025-11-11;13;1481
50;2025-11-11;14;1405
50;2025-11-11;15;1629
50;2025-11-11;16;1677
50;2025-11-11;17;2348
50;2025-11-11;18;2563
50;2025-11-11;19;1499
50;2025-11-11;20;944
50;2025-11-11;21;616
50;2025-11-11;22;280
50;2025-11-11;23;128
50;2025-11-12;0;32
50;2025-11-12;1;4
50;2025-11-12;2;0
50;2025-11-12;3;0
50;2025-11-12;4;3
50;2025-11-12;5;71
50;2025-11-12;6;552
50;2025-11-12;7;1737
50;2025-11-12;8;2698
50;2025-11-12;9;2091
50;2025-11-12;10;1650
50;2025-11-12;11;1547
50;2025-11-12;12;1463
50;2025-11-12;13;1493
50;2025-11-12;14;1413
50;2025-11-12;15;1682
50;2025-11-12;16;1701
50;2025-11-12;17;2407
50;2025-11-12;18;2449
50;2025-11-12;19;1491
50;2025-11-12;20;857
50;2025-11-12;21;609
50;2025-11-12;22;285
50;2025-11-12;23;139
50;2025-11-13;0;37
50;2025-11-13;1;2
50;2025-11-13;2;0
50;2025-11-13;3;0
50;2025-11-13;4;2
50;2025-11-13;5;71
50;2025-11-13;6;553
50;2025-11-13;7;1754
50;2025-11-13;8;2650
50;2025-11-13;9;2124
50;2025-11-13;10;1669
50;2025-11-13;11;1517
50;2025-11-13;12;1479
50;2025-11-13;13;1460
50;2025-11-13;14;1388
50;2025-11-13;15;1581
50;2025-11-13;16;1815
50;2025-11-13;17;2323
50;2025-11-13;18;2456
50;2025-11-13;19;1479
50;2025-11-13;20;934
50;2025-11-13;21;661
50;2025-11-13;22;290
50;2025-11-13;23;153
50;2025-11-14;0;39
50;2025-11-14;1;3
50;2025-11-14;2;0
50;2025-11-14;3;0
50;2025-11-14;4;2
50;2025-11-14;5;68
50;2025-11-14;6;553
50;2025-11-14;7;1713
50;2025-11-14;8;2634
50;2025-11-14;9;2043
50;2025-11-14;10;1544
50;2025-11-14;11;1620
50;2025-11-14;12;1515
50;2025-11-14;13;1463
50;2025-11-14;14;1405
50;2025-11-14;15;1734
50;2025-11-14;16;2026
50;2025-11-14;17;2157
50;2025-11-14;18;1781
50;2025-11-14;19;1219
50;2025-11-14;20;805
50;2025-11-14;21;544
50;2025-11-14;22;303
50;2025-11-14;23;172
50;2025-11-15;0;51
50;2025-11-15;1;3
50;2025-11-15;2;0
50;2025-11-15;3;0
50;2025-11-15;4;1
50;2025-11-15;5;26
50;2025-11-15;6;140
50;2025-11-15;7;323
50;2025-11-15;8;481
50;2025-11-15;9;507
50;2025-11-15;10;499
50;2025-11-15;11;632
50;2025-11-15;12;662
50;2025-11-15;13;686
50;2025-11-15;14;697
50;2025-11-15;15;655
50;2025-11-15;16;662
50;2025-11-15;17;655
50;2025-11-15;18;582
50;2025-11-15;19;503
50;2025-11-15;20;383
50;2025-11-15;21;296
50;2025-11-15;22;190
50;2025-11-15;23;112
50;2025-11-16;0;43
50;2025-11-16;1;5
50;2025-11-16;2;0
50;2025-11-16;3;0
50;2025-11-16;4;0
50;2025-11-16;5;19
50;2025-11-16;6;87
50;2025-11-16;7;169
50;2025-11-16;8;293
50;2025-11-16;9;372
50;2025-11-16;10;421
50;2025-11-16;11;515
50;2025-11-16;12;567
50;2025-11-16;13;613
50;2025-11-16;14;645
50;2025-11-16;15;568
50;2025-11-16;16;591
50;2025-11-16;17;581
50;2025-11-16;18;525
50;2025-11-16;19;437
50;2025-11-16;20;361
50;2025-11-16;21;276
50;2025-11-16;22;161
50;2025-11-16;23;90
50;2025-11-17;0;28
50;2025-11-17;1;3
50;2025-11-17;2;0
50;2025-11-17;3;0
50;2025-11-17;4;3
50;2025-11-17;5;69
50;2025-11-17;6;527
50;2025-11-17;7;1764
50;2025-11-17;8;2725
50;2025-11-17;9;2116
50;2025-11-17;10;1627
50;2025-11-17;11;1528
50;2025-11-17;12;1369
50;2025-11-17;13;1401
50;2025-11-17;14;1343
50;2025-11-17;15;1576
50;2025-11-17;16;1637
50;2025-11-17;17;2344
50;2025-11-17;18;2455
50;2025-11-17;19;1458
50;2025-11-17;20;880
50;2025-11-17;21;592
50;2025-11-17;22;259
50;2025-11-17;23;120
50;2025-11-18;0;32
50;2025-11-18;1;2
50;2025-11-18;2;0
50;2025-11-18;3;0
50;2025-11-18;4;2
50;2025-11-18;5;68
50;2025-11-18;6;570
50;2025-11-18;7;1780
50;2025-11-18;8;2793
50;2025-11-18;9;2194
50;2025-11-18;10;1663
50;2025-11-18;11;1567
50;2025-11-18;12;1504
50;2025-11-18;13;1481
50;2025-11-18;14;1405
50;2025-11-18;15;1629
50;2025-11-18;16;1677
50;2025-11-18;17;2348
50;2025-11-18;18;2563
50;2025-11-18;19;1499
50;2025-11-18;20;944
50;2025-11-18;21;616
50;2025-11-18;22;280
50;2025-11-18;23;128
50;2025-11-19;0;32
50;2025-11-19;1;4
50;2025-11-19;2;0
50;2025-11-19;3;0
50;2025-11-19;4;3
50;2025-11-19;5;71
50;2025-11-19;6;552
50;2025-11-19;7;1737
50;2025-11-19;8;2698
50;2025-11-19;9;2091
50;2025-11-19;10;1650
50;2025-11-19;11;1547
50;2025-11-19;12;1463
50;2025-11-19;13;1493
50;2025-11-19;14;1413
50;2025-11-19;15;1682
50;2025-11-19;16;1701
50;2025-11-19;17;2407
50;2025-11-19;18;2449
50;2025-11-19;19;1491
50;2025-11-19;20;857
50;2025-11-19;21;609
50;2025-11-19;22;285
50;2025-11-19;23;139
50;2025-11-20;0;37
50;2025-11-20;1;2
50;2025-11-20;2;0
50;2025-11-20;3;0
50;2025-11-20;4;2
50;2025-11-20;5;71
50;2025-11-20;6;553
50;2025-11-20;7;1754
50;2025-11-20;8;2650
50;2025-11-20;9;2124
50;2025-11-20;10;1669
50;2025-11-20;11;1517
50;2025-11-20;12;1479
50;2025-11-20;13;1460
50;2025-11-20;14;1388
50;2025-11-20;15;1581
50;2025-11-20;16;1815
50;2025-11-20;17;2323
50;2025-11-20;18;2456
50;2025-11-20;19;1479
50;2025-11-20;20;934
50;2025-11-20;21;661
50;2025-11-20;22;290
50;2025-11-20;23;153
50;2025-11-21;0;39
50;2025-11-21;1;3
50;2025-11-21;2;0
50;2025-11-21;3;0
50;2025-11-21;4;2
50;2025-11-21;5;68
50;2025-11-21;6;553
50;2025-11-21;7;1713
50;2025-11-21;8;2634
50;2025-11-21;9;2043
50;2025-11-21;10;1544
50;2025-11-21;11;1620
50;2025-11-21;12;1515
50;2025-11-21;13;1463
50;2025-11-21;14;1405
50;2025-11-21;15;1734
50;2025-11-21;16;2026
50;2025-11-21;17;2157
50;2025-11-21;18;1781
50;2025-11-21;19;1219
50;2025-11-21;20;805
50;2025-11-21;21;544
50;2025-11-21;22;303
50;2025-11-21;23;172
50;2025-11-22;0;51
50;2025-11-22;1;3
50;2025-11-22;2;0
50;2025-11-22;3;0
50;2025-11-22;4;1
50;2025-11-22;5;26
50;2025-11-22;6;140
50;2025-11-22;7;323
50;2025-11-22;8;481
50;2025-11-22;9;507
50;2025-11-22;10;499
50;2025-11-22;11;632
50;2025-11-22;12;662
50;2025-11-22;13;686
50;2025-11-22;14;697
50;2025-11-22;15;655
50;2025-11-22;16;662
50;2025-11-22;17;655
50;2025-11-22;18;582
50;2025-11-22;19;503
50;2025-11-22;20;383
50;2025-11-22;21;296
50;2025-11-22;22;190
50;2025-11-22;23;112
50;2025-11-23;0;43
50;2025-11-23;1;5
50;2025-11-23;2;0
50;2025-11-23;3;0
50;2025-11-23;4;0
50;2025-11-23;5;19
50;2025-11-23;6;87
50;2025-11-23;7;169
50;2025-11-23;8;293
50;2025-11-23;9;372
50;2025-11-23;10;421
50;2025-11-23;11;515
50;2025-11-23;12;567
50;2025-11-23;13;613
50;2025-11-23;14;645
50;2025-11-23;15;568
50;2025-11-23;16;591
50;2025-11-23;17;581
50;2025-11-23;18;525
50;2025-11-23;19;437
50;2025-11-23;20;361
50;2025-11-23;21;276
50;2025-11-23;22;161
50;2025-11-23;23;90
50;2025-11-24;0;28
50;2025-11-24;1;3
50;2025-11-24;2;0
50;2025-11-24;3;0
50;2025-11-24;4;3
50;2025-11-24;5;69
50;2025-11-24;6;527
50;2025-11-24;7;1764
50;2025-11-24;8;2725
50;2025-11-24;9;2116
50;2025-11-24;10;1627
50;2025-11-24;11;1528
50;2025-11-24;12;1369
50;2025-11-24;13;1401
50;2025-11-24;14;1343
50;2025-11-24;15;1576
50;2025-11-24;16;1637
50;2025-11-24;17;2344
50;2025-11-24;18;2455
50;2025-11-24;19;1458
50;2025-11-24;20;880
50;2025-11-24;21;592
50;2025-11-24;22;259
50;2025-11-24;23;120
50;2025-11-25;0;32
50;2025-11-25;1;2
50;2025-11-25;2;0
50;2025-11-25;3;0
50;2025-11-25;4;2
50;2025-11-25;5;68
50;2025-11-25;6;570
50;2025-11-25;7;1780
50;2025-11-25;8;2793
50;2025-11-25;9;2194
50;2025-11-25;10;1663
50;2025-11-25;11;1567
50;2025-11-25;12;1504
50;2025-11-25;13;1481
50;2025-11-25;14;1405
50;2025-11-25;15;1629
50;2025-11-25;16;1677
50;2025-11-25;17;2348
50;2025-11-25;18;2563
50;2025-11-25;19;1499
50;2025-11-25;20;944
50;2025-11-25;21;616
50;2025-11-25;22;280
50;2025-11-25;23;128
50;2025-11-26;0;32
50;2025-11-26;1;4
50;2025-11-26;2;0
50;2025-11-26;3;0
50;2025-11-26;4;3
50;2025-11-26;5;71
50;2025-11-26;6;552
50;2025-11-26;7;1737
50;2025-11-26;8;2698
50;2025-11-26;9;2091
50;2025-11-26;10;1650
50;2025-11-26;11;1547
50;2025-11-26;12;1463
50;2025-11-26;13;1493
50;2025-11-26;14;1413
50;2025-11-26;15;1682
50;2025-11-26;16;1701
50;2025-11-26;17;2407
50;2025-11-26;18;2449
50;2025-11-26;19;1491
50;2025-11-26;20;857
50;2025-11-26;21;609
50;2025-11-26;22;285
50;2025-11-26;23;139
50;2025-11-27;0;37
50;2025-11-27;1;2
50;2025-11-27;2;0
50;2025-11-27;3;0
50;2025-11-27;4;2
50;2025-11-27;5;71
50;2025-11-27;6;553
50;2025-11-27;7;1754
50;2025-11-27;8;2650
50;2025-11-27;9;2124
50;2025-11-27;10;1669
50;2025-11-27;11;1517
50;2025-11-27;12;1479
50;2025-11-27;13;1460
50;2025-11-27;14;1388
50;2025-11-27;15;1581
50;2025-11-27;16;1815
50;2025-11-27;17;2323
50;2025-11-27;18;2456
50;2025-11-27;19;1479
50;2025-11-27;20;934
50;2025-11-27;21;661
50;2025-11-27;22;290
50;2025-11-27;23;153
50;2025-11-28;0;39
50;2025-11-28;1;3
50;2025-11-28;2;0
50;2025-11-28;3;0
50;2025-11-28;4;2
50;2025-11-28;5;68
50;2025-11-28;6;553
50;2025-11-28;7;1713
50;2025-11-28;8;2634
50;2025-11-28;9;2043
50;2025-11-28;10;1544
50;2025-11-28;11;1620
50;2025-11-28;12;1515
50;2025-11-28;13;1463
50;2025-11-28;14;1405
50;2025-11-28;15;1734
50;2025-11-28;16;2026
50;2025-11-28;17;2157
50;2025-11-28;18;1781
50;2025-11-28;19;1219
50;2025-11-28;20;805
50;2025-11-28;21;544
50;2025-11-28;22;303
50;2025-11-28;23;172
50;2025-11-29;0;51
50;2025-11-29;1;3
50;2025-11-29;2;0
50;2025-11-29;3;0
50;2025-11-29;4;1
50;2025-11-29;5;26
50;2025-11-29;6;140
50;2025-11-29;7;323
50;2025-11-29;8;481
50;2025-11-29;9;507
50;2025-11-29;10;499
50;2025-11-29;11;632
50;2025-11-29;12;662
50;2025-11-29;13;686
50;2025-11-29;14;697
50;2025-11-29;15;655
50;2025-11-29;16;662
50;2025-11-29;17;655
50;2025-11-29;18;582
50;2025-11-29;19;503
50;2025-11-29;20;383
50;2025-11-29;21;296
50;2025-11-29;22;190
50;2025-11-29;23;112
50;2025-11-30;0;43
50;2025-11-30;1;5
50;2025-11-30;2;0
50;2025-11-30;3;0
50;2025-11-30;4;0
50;2025-11-30;5;19
50;2025-11-30;6;87
50;2025-11-30;7;169
50;2025-11-30;8;293
50;2025-11-30;9;372
50;2025-11-30;10;421
50;2025-11-30;11;515
50;2025-11-30;12;567
50;2025-11-30;13;613
50;2025-11-30;14;645
50;2025-11-30;15;568
50;2025-11-30;16;591
50;2025-11-30;17;581
50;2025-11-30;18;525
50;2025-11-30;19;437
50;2025-11-30;20;361
50;2025-11-30;21;276
50;2025-11-30;22;161
50;2025-11-30;23;90
50;2025-12-01;0;28
50;2025-12-01;1;3
50;2025-12-01;2;0
50;2025-12-01;3;0
50;2025-12-01;4;3
50;2025-12-01;5;69
50;2025-12-01;6;527
50;2025-12-01;7;1764
50;2025-12-01;8;2725
50;2025-12-01;9;2116
50;2025-12-01;10;1627
50;2025-12-01;11;1528
50;2025-12-01;12;1369
50;2025-12-01;13;1401
50;2025-12-01;14;1343
50;2025-12-01;15;1576
50;2025-12-01;16;1637
50;2025-12-01;17;2344
50;2025-12-01;18;2455
50;2025-12-01;19;1458
50;2025-12-01;20;880
50;2025-12-01;21;592
50;2025-12-01;22;259
50;2025-12-01;23;120
50;2025-12-02;0;32
50;2025-12-02;1;2
50;2025-12-02;2;0
50;2025-12-02;3;0
50;2025-12-02;4;2
50;2025-12-02;5;68
50;2025-12-02;6;570
50;2025-12-02;7;1780
50;2025-12-02;8;2793
50;2025-12-02;9;2194
50;2025-12-02;10;1663
50;2025-12-02;11;1567
50;2025-12-02;12;1504
50;2025-12-02;13;1481
50;2025-12-02;14;1405
50;2025-12-02;15;1629
50;2025-12-02;16;1677
50;2025-12-02;17;2348
50;2025-12-02;18;2563
50;2025-12-02;19;1499
50;2025-12-02;20;944
50;2025-12-02;21;616
50;2025-12-02;22;280
50;2025-12-02;23;128
50;2025-12-03;0;32
50;2025-12-03;1;4
50;2025-12-03;2;0
50;2025-12-03;3;0
50;2025-12-03;4;3
50;2025-12-03;5;71
50;2025-12-03;6;552
50;2025-12-03;7;1737
50;2025-12-03;8;2698
50;2025-12-03;9;2091
50;2025-12-03;10;1650
50;2025-12-03;11;1547
50;2025-12-03;12;1463
50;2025-12-03;13;1493
50;2025-12-03;14;1413
50;2025-12-03;15;1682
50;2025-12-03;16;1701
50;2025-12-03;17;2407
50;2025-12-03;18;2449
50;2025-12-03;19;1491
50;2025-12-03;20;857
50;2025-12-03;21;609
50;2025-12-03;22;285
50;2025-12-03;23;139
50;2025-12-04;0;37
50;2025-12-04;1;2
50;2025-12-04;2;0
50;2025-12-04;3;0
50;2025-12-04;4;2
50;2025-12-04;5;71
50;2025-12-04;6;553
50;2025-12-04;7;1754
50;2025-12-04;8;2650
50;2025-12-04;9;2124
50;2025-12-04;10;1669
50;2025-12-04;11;1517
50;2025-12-04;12;1479
50;2025-12-04;13;1460
50;2025-12-04;14;1388
50;2025-12-04;15;1581
50;2025-12-04;16;1815
50;2025-12-04;17;2323
50;2025-12-04;18;2456
50;2025-12-04;19;1479
50;2025-12-04;20;934
50;2025-12-04;21;661
50;2025-12-04;22;290
50;2025-12-04;23;153
50;2025-12-05;0;39
50;2025-12-05;1;3
50;2025-12-05;2;0
50;2025-12-05;3;0
50;2025-12-05;4;2
50;2025-12-05;5;68
50;2025-12-05;6;553
50;2025-12-05;7;1713
50;2025-12-05;8;2634
50;2025-12-05;9;2043
50;2025-12-05;10;1544
50;2025-12-05;11;1620
50;2025-12-05;12;1515
50;2025-12-05;13;1463
50;2025-12-05;14;1405
50;2025-12-05;15;1734
50;2025-12-05;16;2026
50;2025-12-05;17;2157
50;2025-12-05;18;1781
50;2025-12-05;19;1219
50;2025-12-05;20;805
50;2025-12-05;21;544
50;2025-12-05;22;303
50;2025-12-05;23;172
50;2025-12-06;0;51
50;2025-12-06;1;3
50;2025-12-06;2;0
50;2025-12-06;3;0
50;2025-12-06;4;1
50;2025-12-06;5;26
50;2025-12-06;6;140
50;2025-12-06;7;323
50;2025-12-06;8;481
50;2025-12-06;9;507
50;2025-12-06;10;499
50;2025-12-06;11;632
50;2025-12-06;12;662
50;2025-12-06;13;686
50;2025-12-06;14;697
50;2025-12-06;15;655
50;2025-12-06;16;662
50;2025-12-06;17;655
50;2025-12-06;18;582
50;2025-12-06;19;503
50;2025-12-06;20;383
50;2025-12-06;21;296
50;2025-12-06;22;190
50;2025-12-06;23;112
50;2025-12-07;0;43
50;2025-12-07;1;5
50;2025-12-07;2;0
50;2025-12-07;3;0
50;2025-12-07;4;0
50;2025-12-07;5;19
50;2025-12-07;6;87
50;2025-12-07;7;169
50;2025-12-07;8;293
50;2025-12-07;9;372
50;2025-12-07;10;421
50;2025-12-07;11;515
50;2025-12-07;12;567
50;2025-12-07;13;613
50;2025-12-07;14;645
50;2025-12-07;15;568
50;2025-12-07;16;591
50;2025-12-07;17;581
50;2025-12-07;18;525
50;2025-12-07;19;437
50;2025-12-07;20;361
50;2025-12-07;21;276
50;2025-12-07;22;161
50;2025-12-07;23;90
50;2025-12-08;0;28
50;2025-12-08;1;3
50;2025-12-08;2;0
50;2025-12-08;3;0
50;2025-12-08;4;3
50;2025-12-08;5;69
50;2025-12-08;6;527
50;2025-12-08;7;1764
50;2025-12-08;8;2725
50;2025-12-08;9;2116
50;2025-12-08;10;1627
50;2025-12-08;11;1528
50;2025-12-08;12;1369
50;2025-12-08;13;1401
50;2025-12-08;14;1343
50;2025-12-08;15;1576
50;2025-12-08;16;1637
50;2025-12-08;17;2344
50;2025-12-08;18;2455
50;2025-12-08;19;1458
50;2025-12-08;20;880
50;2025-12-08;21;592
50;2025-12-08;22;259
50;2025-12-08;23;120
50;2025-12-09;0;32
50;2025-12-09;1;2
50;2025-12-09;2;0
50;2025-12-09;3;0
50;2025-12-09;4;2
50;2025-12-09;5;68
50;2025-12-09;6;570
50;2025-12-09;7;1780
50;2025-12-09;8;2793
50;2025-12-09;9;2194
50;2025-12-09;10;1663
50;2025-12-09;11;1567
50;2025-12-09;12;1504
50;2025-12-09;13;1481
50;2025-12-09;14;1405
50;2025-12-09;15;1629
50;2025-12-09;16;1677
50;2025-12-09;17;2348
50;2025-12-09;18;2563
50;2025-12-09;19;1499
50;2025-12-09;20;944
50;2025-12-09;21;616
50;2025-12-09;22;280
50;2025-12-09;23;128
50;2025-12-10;0;32
50;2025-12-10;1;4
50;2025-12-10;2;0
50;2025-12-10;3;0
50;2025-12-10;4;3
50;2025-12-10;5;71
50;2025-12-10;6;552
50;2025-12-10;7;1737
50;2025-12-10;8;2698
50;2025-12-10;9;2091
50;2025-12-10;10;1650
50;2025-12-10;11;1547
50;2025-12-10;12;1463
50;2025-12-10;13;1493
50;2025-12-10;14;1413
50;2025-12-10;15;1682
50;2025-12-10;16;1701
50;2025-12-10;17;2407
50;2025-12-10;18;2449
50;2025-12-10;19;1491
50;2025-12-10;20;857
50;2025-12-10;21;609
50;2025-12-10;22;285
50;2025-12-10;23;139
50;2025-12-11;0;37
50;2025-12-11;1;2
50;2025-12-11;2;0
50;2025-12-11;3;0
50;2025-12-11;4;2
50;2025-12-11;5;71
50;2025-12-11;6;553
50;2025-12-11;7;1754
50;2025-12-11;8;2650
50;2025-12-11;9;2124
50;2025-12-11;10;1669
50;2025-12-11;11;1517
50;2025-12-11;12;1479
50;2025-12-11;13;1460
50;2025-12-11;14;1388
50;2025-12-11;15;1581
50;2025-12-11;16;1815
50;2025-12-11;17;2323
50;2025-12-11;18;2456
50;2025-12-11;19;1479
50;2025-12-11;20;934
50;2025-12-11;21;661
50;2025-12-11;22;290
50;2025-12-11;23;153
50;2025-12-12;0;39
50;2025-12-12;1;3
50;2025-12-12;2;0
50;2025-12-12;3;0
50;2025-12-12;4;2
50;2025-12-12;5;68
50;2025-12-12;6;553
50;2025-12-12;7;1713
50;2025-12-12;8;2634
50;2025-12-12;9;2043
50;2025-12-12;10;1544
50;2025-12-12;11;1620
50;2025-12-12;12;1515
50;2025-12-12;13;1463
50;2025-12-12;14;1405
50;2025-12-12;15;1734
50;2025-12-12;16;2026
50;2025-12-12;17;2157
50;2025-12-12;18;1781
50;2025-12-12;19;1219
50;2025-12-12;20;805
50;2025-12-12;21;544
50;2025-12-12;22;303
50;2025-12-12;23;172
50;2025-12-13;0;51
50;2025-12-13;1;3
50;2025-12-13;2;0
50;2025-12-13;3;0
50;2025-12-13;4;1
50;2025-12-13;5;26
50;2025-12-13;6;140
50;2025-12-13;7;323
50;2025-12-13;8;481
50;2025-12-13;9;507
50;2025-12-13;10;499
50;2025-12-13;11;632
50;2025-12-13;12;662
50;2025-12-13;13;686
50;2025-12-13;14;697
50;2025-12-13;15;655
50;2025-12-13;16;662
50;2025-12-13;17;655
50;2025-12-13;18;582
50;2025-12-13;19;503
50;2025-12-13;20;383
50;2025-12-13;21;296
50;2025-12-13;22;190
50;2025-12-13;23;112
50;2025-12-14;0;43
50;2025-12-14;1;5
50;2025-12-14;2;0
50;2025-12-14;3;0
50;2025-12-14;4;0
50;2025-12-14;5;19
50;2025-12-14;6;87
50;2025-12-14;7;169
50;2025-12-14;8;293
50;2025-12-14;9;372
50;2025-12-14;10;421
50;2025-12-14;11;515
50;2025-12-14;12;567
50;2025-12-14;13;613
50;2025-12-14;14;645
50;2025-12-14;15;568
50;2025-12-14;16;591
50;2025-12-14;17;581
50;2025-12-14;18;525
50;2025-12-14;19;437
50;2025-12-14;20;361
50;2025-12-14;21;276
50;2025-12-14;22;161
50;2025-12-14;23;90
50;2025-12-15;0;28
50;2025-12-15;1;3
50;2025-12-15;2;0
50;2025-12-15;3;0
50;2025-12-15;4;3
50;2025-12-15;5;69
50;2025-12-15;6;527
50;2025-12-15;7;1764
50;2025-12-15;8;2725
50;2025-12-15;9;2116
50;2025-12-15;10;1627
50;2025-12-15;11;1528
50;2025-12-15;12;1369
50;2025-12-15;13;1401
50;2025-12-15;14;1343
50;2025-12-15;15;1576
50;2025-12-15;16;1637
50;2025-12-15;17;2344
50;2025-12-15;18;2455
50;2025-12-15;19;1458
50;2025-12-15;20;880
50;2025-12-15;21;592
50;2025-12-15;22;259
50;2025-12-15;23;120
50;2025-12-16;0;32
50;2025-12-16;1;2
50;2025-12-16;2;0
50;2025-12-16;3;0
50;2025-12-16;4;2
50;2025-12-16;5;68
50;2025-12-16;6;570
50;2025-12-16;7;1780
50;2025-12-16;8;2793
50;2025-12-16;9;2194
50;2025-12-16;10;1663
50;2025-12-16;11;1567
50;2025-12-16;12;1504
50;2025-12-16;13;1481
50;2025-12-16;14;1405
50;2025-12-16;15;1629
50;2025-12-16;16;1677
50;2025-12-16;17;2348
50;2025-12-16;18;2563
50;2025-12-16;19;1499
50;2025-12-16;20;944
50;2025-12-16;21;616
50;2025-12-16;22;280
50;2025-12-16;23;128
50;2025-12-17;0;32
50;2025-12-17;1;4
50;2025-12-17;2;0
50;2025-12-17;3;0
50;2025-12-17;4;3
50;2025-12-17;5;71
50;2025-12-17;6;552
50;2025-12-17;7;1737
50;2025-12-17;8;2698
50;2025-12-17;9;2091
50;2025-12-17;10;1650
50;2025-12-17;11;1547
50;2025-12-17;12;1463
50;2025-12-17;13;1493
50;2025-12-17;14;1413
50;2025-12-17;15;1682
50;2025-12-17;16;1701
50;2025-12-17;17;2407
50;2025-12-17;18;2449
50;2025-12-17;19;1491
50;2025-12-17;20;857
50;2025-12-17;21;609
50;2025-12-17;22;285
50;2025-12-17;23;139
50;2025-12-18;0;37
50;2025-12-18;1;2
50;2025-12-18;2;0
50;2025-12-18;3;0
50;2025-12-18;4;2
50;2025-12-18;5;71
50;2025-12-18;6;553
50;2025-12-18;7;1754
50;2025-12-18;8;2650
50;2025-12-18;9;2124
50;2025-12-18;10;1669
50;2025-12-18;11;1517
50;2025-12-18;12;1479
50;2025-12-18;13;1460
50;2025-12-18;14;1388
50;2025-12-18;15;1581
50;2025-12-18;16;1815
50;2025-12-18;17;2323
50;2025-12-18;18;2456
50;2025-12-18;19;1479
50;2025-12-18;20;934
50;2025-12-18;21;661
50;2025-12-18;22;290
50;2025-12-18;23;153
50;2025-12-19;0;39
50;2025-12-19;1;3
50;2025-12-19;2;0
50;2025-12-19;3;0
50;2025-12-19;4;2
50;2025-12-19;5;68
50;2025-12-19;6;553
50;2025-12-19;7;1713
50;2025-12-19;8;2634
50;2025-12-19;9;2043
50;2025-12-19;10;1544
50;2025-12-19;11;1620
50;2025-12-19;12;1515
50;2025-12-19;13;1463
50;2025-12-19;14;1405
50;2025-12-19;15;1734
50;2025-12-19;16;2026
50;2025-12-19;17;2157
50;2025-12-19;18;1781
50;2025-12-19;19;1219
50;2025-12-19;20;805
50;2025-12-19;21;544
50;2025-12-19;22;303
50;2025-12-19;23;172
50;2025-12-20;0;51
50;2025-12-20;1;3
50;2025-12-20;2;0
50;2025-12-20;3;0
50;2025-12-20;4;1
50;2025-12-20;5;26
50;2025-12-20;6;140
50;2025-12-20;7;323
50;2025-12-20;8;481
50;2025-12-20;9;507
50;2025-12-20;10;499
50;2025-12-20;11;632
50;2025-12-20;12;662
50;2025-12-20;13;686
50;2025-12-20;14;697
50;2025-12-20;15;655
50;2025-12-20;16;662
50;2025-12-20;17;655
50;2025-12-20;18;582
50;2025-12-20;19;503
50;2025-12-20;20;383
50;2025-12-20;21;296
50;2025-12-20;22;190
50;2025-12-20;23;112
50;2025-12-21;0;43
50;2025-12-21;1;5
50;2025-12-21;2;0
50;2025-12-21;3;0
50;2025-12-21;4;0
50;2025-12-21;5;19
50;2025-12-21;6;87
50;2025-12-21;7;169
50;2025-12-21;8;293
50;2025-12-21;9;372
50;2025-12-21;10;421
50;2025-12-21;11;515
50;2025-12-21;12;567
50;2025-12-21;13;613
50;2025-12-21;14;645
50;2025-12-21;15;568
50;2025-12-21;16;591
50;2025-12-21;17;581
50;2025-12-21;18;525
50;2025-12-21;19;437
50;2025-12-21;20;361
50;2025-12-21;21;276
50;2025-12-21;22;161
50;2025-12-21;23;90
50;2025-12-22;0;28
50;2025-12-22;1;3
50;2025-12-22;2;0
50;2025-12-22;3;0
50;2025-12-22;4;3
50;2025-12-22;5;69
50;2025-12-22;6;527
50;2025-12-22;7;1764
50;2025-12-22;8;2725
50;2025-12-22;9;2116
50;2025-12-22;10;1627
50;2025-12-22;11;1528
50;2025-12-22;12;1369
50;2025-12-22;13;1401
50;2025-12-22;14;1343
50;2025-12-22;15;1576
50;2025-12-22;16;1637
50;2025-12-22;17;2344
50;2025-12-22;18;2455
50;2025-12-22;19;1458
50;2025-12-22;20;880
50;2025-12-22;21;592
50;2025-12-22;22;259
50;2025-12-22;23;120
50;2025-12-23;0;32
50;2025-12-23;1;2
50;2025-12-23;2;0
50;2025-12-23;3;0
50;2025-12-23;4;2
50;2025-12-23;5;68
50;2025-12-23;6;570
50;2025-12-23;7;1780
50;2025-12-23;8;2793
50;2025-12-23;9;2194
50;2025-12-23;10;1663
50;2025-12-23;11;1567
50;2025-12-23;12;1504
50;2025-12-23;13;1481
50;2025-12-23;14;1405
50;2025-12-23;15;1629
50;2025-12-23;16;1677
50;2025-12-23;17;2348
50;2025-12-23;18;2563
50;2025-12-23;19;1499
50;2025-12-23;20;944
50;2025-12-23;21;616
50;2025-12-23;22;280
50;2025-12-23;23;128
50;2025-12-24;0;32
50;2025-12-24;1;4
50;2025-12-24;2;0
50;2025-12-24;3;0
50;2025-12-24;4;3
50;2025-12-24;5;71
50;2025-12-24;6;552
50;2025-12-24;7;1737
50;2025-12-24;8;2698
50;2025-12-24;9;2091
50;2025-12-24;10;1650
50;2025-12-24;11;1547
50;2025-12-24;12;1463
50;2025-12-24;13;1493
50;2025-12-24;14;1413
50;2025-12-24;15;1682
50;2025-12-24;16;1701
50;2025-12-24;17;2407
50;2025-12-24;18;2449
50;2025-12-24;19;1491
50;2025-12-24;20;857
50;2025-12-24;21;609
50;2025-12-24;22;285
50;2025-12-24;23;139
50;2025-12-25;0;37
50;2025-12-25;1;2
50;2025-12-25;2;0
50;2025-12-25;3;0
50;2025-12-25;4;2
50;2025-12-25;5;71
50;2025-12-25;6;553
50;2025-12-25;7;1754
50;2025-12-25;8;2650
50;2025-12-25;9;2124
50;2025-12-25;10;1669
50;2025-12-25;11;1517
50;2025-12-25;12;1479
50;2025-12-25;13;1460
50;2025-12-25;14;1388
50;2025-12-25;15;1581
50;2025-12-25;16;1815
50;2025-12-25;17;2323
50;2025-12-25;18;2456
50;2025-12-25;19;1479
50;2025-12-25;20;934
50;2025-12-25;21;661
50;2025-12-25;22;290
50;2025-12-25;23;153
50;2025-12-26;0;39
50;2025-12-26;1;3
50;2025-12-26;2;0
50;2025-12-26;3;0
50;2025-12-26;4;2
50;2025-12-26;5;68
50;2025-12-26;6;553
50;2025-12-26;7;1713
50;2025-12-26;8;2634
50;2025-12-26;9;2043
50;2025-12-26;10;1544
50;2025-12-26;11;1620
50;2025-12-26;12;1515
50;2025-12-26;13;1463
50;2025-12-26;14;1405
50;2025-12-26;15;1734
50;2025-12-26;16;2026
50;2025-12-26;17;2157
50;2025-12-26;18;1781
50;2025-12-26;19;1219
50;2025-12-26;20;805
50;2025-12-26;21;544
50;2025-12-26;22;303
50;2025-12-26;23;172
50;2025-12-27;0;51
50;2025-12-27;1;3
50;2025-12-27;2;0
50;2025-12-27;3;0
50;2025-12-27;4;1
50;2025-12-27;5;26
50;2025-12-27;6;140
50;2025-12-27;7;323
50;2025-12-27;8;481
50;2025-12-27;9;507
50;2025-12-27;10;499
50;2025-12-27;11;632
50;2025-12-27;12;662
50;2025-12-27;13;686
50;2025-12-27;14;697
50;2025-12-27;15;655
50;2025-12-27;16;662
50;2025-12-27;17;655
50;2025-12-27;18;582
50;2025-12-27;19;503
50;2025-12-27;20;383
50;2025-12-27;21;296
50;2025-12-27;22;190
50;2025-12-27;23;112
50;2025-12-28;0;43
50;2025-12-28;1;5
50;2025-12-28;2;0
50;2025-12-28;3;0
50;2025-12-28;4;0
50;2025-12-28;5;19
50;2025-12-28;6;87
50;2025-12-28;7;169
50;2025-12-28;8;293
50;2025-12-28;9;372
50;2025-12-28;10;421
50;2025-12-28;11;515
50;2025-12-28;12;567
50;2025-12-28;13;613
50;2025-12-28;14;645
50;2025-12-28;15;568
50;2025-12-28;16;591
50;2025-12-28;17;581
50;2025-12-28;18;525
50;2025-12-28;19;437
50;2025-12-28;20;361
50;2025-12-28;21;276
50;2025-12-28;22;161
50;2025-12-28;23;90
50;2025-12-29;0;28
50;2025-12-29;1;3
50;2025-12-29;2;0
50;2025-12-29;3;0
50;2025-12-29;4;3
50;2025-12-29;5;69
50;2025-12-29;6;527
50;2025-12-29;7;1764
50;2025-12-29;8;2725
50;2025-12-29;9;2116
50;2025-12-29;10;1627
50;2025-12-29;11;1528
50;2025-12-29;12;1369
50;2025-12-29;13;1401
50;2025-12-29;14;1343
50;2025-12-29;15;1576
50;2025-12-29;16;1637
50;2025-12-29;17;2344
50;2025-12-29;18;2455
50;2025-12-29;19;1458
50;2025-12-29;20;880
50;2025-12-29;21;592
50;2025-12-29;22;259
50;2025-12-29;23;120
50;2025-12-30;0;32
50;2025-12-30;1;2
50;2025-12-30;2;0
50;2025-12-30;3;0
50;2025-12-30;4;2
50;2025-12-30;5;68
50;2025-12-30;6;570
50;2025-12-30;7;1780
50;2025-12-30;8;2793
50;2025-12-30;9;2194
50;2025-12-30;10;1663
50;2025-12-30;11;1567
50;2025-12-30;12;1504
50;2025-12-30;13;1481
50;2025-12-30;14;1405
50;2025-12-30;15;1629
50;2025-12-30;16;1677
50;2025-12-30;17;2348
50;2025-12-30;18;2563
50;2025-12-30;19;1499
50;2025-12-30;20;944
50;2025-12-30;21;616
50;2025-12-30;22;280
50;2025-12-30;23;128
50;2025-12-31;0;43
50;2025-12-31;1;5
50;2025-12-31;2;0
50;2025-12-31;3;0
50;2025-12-31;4;0
50;2025-12-31;5;19
50;2025-12-31;6;87
50;2025-12-31;7;169
50;2025-12-31;8;293
50;2025-12-31;9;372
50;2025-12-31;10;421
50;2025-12-31;11;515
50;2025-12-31;12;567
50;2025-12-31;13;613
50;2025-12-31;14;645
50;2025-12-31;15;568
50;2025-12-31;16;591
50;2025-12-31;17;581
50;2025-12-31;18;525
50;2025-12-31;19;437
50;2025-12-31;20;361
50;2025-12-31;21;276
50;2025-12-31;22;161
50;2025-12-31;23;90
