route;date;hour;prediction
1;2025-11-01;0;5
1;2025-11-01;1;0
1;2025-11-01;2;0
1;2025-11-01;3;0
1;2025-11-01;4;11
1;2025-11-01;5;134
1;2025-11-01;6;481
1;2025-11-01;7;1561
1;2025-11-01;8;2040
1;2025-11-01;9;1525
1;2025-11-01;10;1391
1;2025-11-01;11;1414
1;2025-11-01;12;1427
1;2025-11-01;13;1490
1;2025-11-01;14;1392
1;2025-11-01;15;1594
1;2025-11-01;16;1659
1;2025-11-01;17;1851
1;2025-11-01;18;1627
1;2025-11-01;19;1244
1;2025-11-01;20;839
1;2025-11-01;21;481
1;2025-11-01;22;196
1;2025-11-01;23;41
5;2025-11-01;0;0
5;2025-11-01;1;0
5;2025-11-01;2;0
5;2025-11-01;3;0
5;2025-11-01;4;0
5;2025-11-01;5;0
5;2025-11-01;6;0
5;2025-11-01;7;0
5;2025-11-01;8;0
5;2025-11-01;9;0
5;2025-11-01;10;0
5;2025-11-01;11;0
5;2025-11-01;12;0
5;2025-11-01;13;0
5;2025-11-01;14;0
5;2025-11-01;15;0
5;2025-11-01;16;0
5;2025-11-01;17;0
5;2025-11-01;18;0
5;2025-11-01;19;0
5;2025-11-01;20;0
5;2025-11-01;21;0
5;2025-11-01;22;0
5;2025-11-01;23;0
7;2025-11-01;0;66
7;2025-11-01;1;14
7;2025-11-01;2;0
7;2025-11-01;3;0
7;2025-11-01;4;3
7;2025-11-01;5;153
7;2025-11-01;6;465
7;2025-11-01;7;1264
7;2025-11-01;8;1806
7;2025-11-01;9;1333
7;2025-11-01;10;1263
7;2025-11-01;11;1221
7;2025-11-01;12;1324
7;2025-11-01;13;1227
7;2025-11-01;14;1326
7;2025-11-01;15;1461
7;2025-11-01;16;1581
7;2025-11-01;17;1827
7;2025-11-01;18;1618
7;2025-11-01;19;1080
7;2025-11-01;20;735
7;2025-11-01;21;456
7;2025-11-01;22;251
7;2025-11-01;23;174
11;2025-11-01;0;64
11;2025-11-01;1;2
11;2025-11-01;2;0
11;2025-11-01;3;0
11;2025-11-01;4;0
11;2025-11-01;5;240
11;2025-11-01;6;1335
11;2025-11-01;7;2448
11;2025-11-01;8;3126
11;2025-11-01;9;2412
11;2025-11-01;10;2025
11;2025-11-01;11;1947
11;2025-11-01;12;1964
11;2025-11-01;13;1985
11;2025-11-01;14;2087
11;2025-11-01;15;2114
11;2025-11-01;16;2415
11;2025-11-01;17;2864
11;2025-11-01;18;2488
11;2025-11-01;19;2119
11;2025-11-01;20;1284
11;2025-11-01;21;791
11;2025-11-01;22;380
11;2025-11-01;23;276
12;2025-11-01;0;51
12;2025-11-01;1;4
12;2025-11-01;2;0
12;2025-11-01;3;0
12;2025-11-01;4;10
12;2025-11-01;5;314
12;2025-11-01;6;1419
12;2025-11-01;7;2715
12;2025-11-01;8;3621
12;2025-11-01;9;2612
12;2025-11-01;10;2021
12;2025-11-01;11;2010
12;2025-11-01;12;2025
12;2025-11-01;13;2166
12;2025-11-01;14;2093
12;2025-11-01;15;2411
12;2025-11-01;16;2955
12;2025-11-01;17;3111
12;2025-11-01;18;2607
12;2025-11-01;19;2121
12;2025-11-01;20;1438
12;2025-11-01;21;999
12;2025-11-01;22;499
12;2025-11-01;23;285
17;2025-11-01;0;140
17;2025-11-01;1;18
17;2025-11-01;2;0
17;2025-11-01;3;0
17;2025-11-01;4;23
17;2025-11-01;5;316
17;2025-11-01;6;1544
17;2025-11-01;7;4258
17;2025-11-01;8;5589
17;2025-11-01;9;3993
17;2025-11-01;10;3236
17;2025-11-01;11;3579
17;2025-11-01;12;3525
17;2025-11-01;13;3615
17;2025-11-01;14;3761
17;2025-11-01;15;3766
17;2025-11-01;16;4398
17;2025-11-01;17;4904
17;2025-11-01;18;4348
17;2025-11-01;19;3165
17;2025-11-01;20;2307
17;2025-11-01;21;1498
17;2025-11-01;22;740
17;2025-11-01;23;432
25;2025-11-01;0;1
25;2025-11-01;1;0
25;2025-11-01;2;0
25;2025-11-01;3;0
25;2025-11-01;4;0
25;2025-11-01;5;13
25;2025-11-01;6;202
25;2025-11-01;7;568
25;2025-11-01;8;930
25;2025-11-01;9;493
25;2025-11-01;10;410
25;2025-11-01;11;476
25;2025-11-01;12;459
25;2025-11-01;13;627
25;2025-11-01;14;555
25;2025-11-01;15;713
25;2025-11-01;16;831
25;2025-11-01;17;812
25;2025-11-01;18;729
25;2025-11-01;19;624
25;2025-11-01;20;340
25;2025-11-01;21;221
25;2025-11-01;22;106
25;2025-11-01;23;15
26;2025-11-01;0;38
26;2025-11-01;1;3
26;2025-11-01;2;0
26;2025-11-01;3;0
26;2025-11-01;4;4
26;2025-11-01;5;84
26;2025-11-01;6;464
26;2025-11-01;7;1127
26;2025-11-01;8;2229
26;2025-11-01;9;1458
26;2025-11-01;10;1307
26;2025-11-01;11;1171
26;2025-11-01;12;1217
26;2025-11-01;13;1261
26;2025-11-01;14;1430
26;2025-11-01;15;1433
26;2025-11-01;16;1736
26;2025-11-01;17;1797
26;2025-11-01;18;1519
26;2025-11-01;19;1092
26;2025-11-01;20;682
26;2025-11-01;21;490
26;2025-11-01;22;207
26;2025-11-01;23;149
28;2025-11-01;0;1
28;2025-11-01;1;0
28;2025-11-01;2;0
28;2025-11-01;3;0
28;2025-11-01;4;4
28;2025-11-01;5;81
28;2025-11-01;6;265
28;2025-11-01;7;785
28;2025-11-01;8;1256
28;2025-11-01;9;821
28;2025-11-01;10;623
28;2025-11-01;11;594
28;2025-11-01;12;765
28;2025-11-01;13;755
28;2025-11-01;14;718
28;2025-11-01;15;777
28;2025-11-01;16;979
28;2025-11-01;17;1023
28;2025-11-01;18;843
28;2025-11-01;19;676
28;2025-11-01;20;456
28;2025-11-01;21;316
28;2025-11-01;22;126
28;2025-11-01;23;17
50;2025-11-01;0;1
50;2025-11-01;1;0
50;2025-11-01;2;0
50;2025-11-01;3;0
50;2025-11-01;4;0
50;2025-11-01;5;2
50;2025-11-01;6;12
50;2025-11-01;7;42
50;2025-11-01;8;70
50;2025-11-01;9;53
50;2025-11-01;10;40
50;2025-11-01;11;39
50;2025-11-01;12;38
50;2025-11-01;13;40
50;2025-11-01;14;38
50;2025-11-01;15;46
50;2025-11-01;16;55
50;2025-11-01;17;56
50;2025-11-01;18;45
50;2025-11-01;19;31
50;2025-11-01;20;22
50;2025-11-01;21;14
50;2025-11-01;22;7
50;2025-11-01;23;4
1;2025-11-02;0;1
1;2025-11-02;1;0
1;2025-11-02;2;0
1;2025-11-02;3;0
1;2025-11-02;4;0
1;2025-11-02;5;25
1;2025-11-02;6;126
1;2025-11-02;7;315
1;2025-11-02;8;409
1;2025-11-02;9;655
1;2025-11-02;10;744
1;2025-11-02;11;714
1;2025-11-02;12;850
1;2025-11-02;13;925
1;2025-11-02;14;833
1;2025-11-02;15;777
1;2025-11-02;16;718
1;2025-11-02;17;675
1;2025-11-02;18;596
1;2025-11-02;19;484
1;2025-11-02;20;374
1;2025-11-02;21;276
1;2025-11-02;22;99
1;2025-11-02;23;26
5;2025-11-02;0;0
5;2025-11-02;1;0
5;2025-11-02;2;0
5;2025-11-02;3;0
5;2025-11-02;4;0
5;2025-11-02;5;0
5;2025-11-02;6;0
5;2025-11-02;7;0
5;2025-11-02;8;0
5;2025-11-02;9;0
5;2025-11-02;10;0
5;2025-11-02;11;0
5;2025-11-02;12;0
5;2025-11-02;13;0
5;2025-11-02;14;0
5;2025-11-02;15;0
5;2025-11-02;16;0
5;2025-11-02;17;0
5;2025-11-02;18;0
5;2025-11-02;19;0
5;2025-11-02;20;0
5;2025-11-02;21;0
5;2025-11-02;22;0
5;2025-11-02;23;0
7;2025-11-02;0;71
7;2025-11-02;1;14
7;2025-11-02;2;0
7;2025-11-02;3;0
7;2025-11-02;4;2
7;2025-11-02;5;28
7;2025-11-02;6;117
7;2025-11-02;7;227
7;2025-11-02;8;381
7;2025-11-02;9;405
7;2025-11-02;10;410
7;2025-11-02;11;534
7;2025-11-02;12;598
7;2025-11-02;13;561
7;2025-11-02;14;637
7;2025-11-02;15;634
7;2025-11-02;16;574
7;2025-11-02;17;641
7;2025-11-02;18;603
7;2025-11-02;19;488
7;2025-11-02;20;379
7;2025-11-02;21;285
7;2025-11-02;22;140
7;2025-11-02;23;99
11;2025-11-02;0;99
11;2025-11-02;1;19
11;2025-11-02;2;0
11;2025-11-02;3;0
11;2025-11-02;4;0
11;2025-11-02;5;111
11;2025-11-02;6;591
11;2025-11-02;7;600
11;2025-11-02;8;825
11;2025-11-02;9;1050
11;2025-11-02;10;1195
11;2025-11-02;11;1592
11;2025-11-02;12;1786
11;2025-11-02;13;1686
11;2025-11-02;14;1728
11;2025-11-02;15;1761
11;2025-11-02;16;1699
11;2025-11-02;17;1831
11;2025-11-02;18;1506
11;2025-11-02;19;1317
11;2025-11-02;20;910
11;2025-11-02;21;635
11;2025-11-02;22;365
11;2025-11-02;23;240
12;2025-11-02;0;76
12;2025-11-02;1;9
12;2025-11-02;2;0
12;2025-11-02;3;0
12;2025-11-02;4;7
12;2025-11-02;5;162
12;2025-11-02;6;588
12;2025-11-02;7;756
12;2025-11-02;8;821
12;2025-11-02;9;1035
12;2025-11-02;10;1192
12;2025-11-02;11;1341
12;2025-11-02;12;1398
12;2025-11-02;13;1615
12;2025-11-02;14;1554
12;2025-11-02;15;1493
12;2025-11-02;16;1614
12;2025-11-02;17;1711
12;2025-11-02;18;1419
12;2025-11-02;19;1032
12;2025-11-02;20;823
12;2025-11-02;21;619
12;2025-11-02;22;377
12;2025-11-02;23;219
17;2025-11-02;0;193
17;2025-11-02;1;29
17;2025-11-02;2;0
17;2025-11-02;3;0
17;2025-11-02;4;10
17;2025-11-02;5;112
17;2025-11-02;6;459
17;2025-11-02;7;946
17;2025-11-02;8;1407
17;2025-11-02;9;1856
17;2025-11-02;10;2205
17;2025-11-02;11;2785
17;2025-11-02;12;3101
17;2025-11-02;13;3345
17;2025-11-02;14;3527
17;2025-11-02;15;3192
17;2025-11-02;16;3269
17;2025-11-02;17;3216
17;2025-11-02;18;2714
17;2025-11-02;19;2172
17;2025-11-02;20;1697
17;2025-11-02;21;1200
17;2025-11-02;22;693
17;2025-11-02;23;336
25;2025-11-02;0;17
25;2025-11-02;1;1
25;2025-11-02;2;0
25;2025-11-02;3;0
25;2025-11-02;4;0
25;2025-11-02;5;10
25;2025-11-02;6;57
25;2025-11-02;7;115
25;2025-11-02;8;228
25;2025-11-02;9;232
25;2025-11-02;10;252
25;2025-11-02;11;333
25;2025-11-02;12;391
25;2025-11-02;13;523
25;2025-11-02;14;555
25;2025-11-02;15;704
25;2025-11-02;16;592
25;2025-11-02;17;555
25;2025-11-02;18;511
25;2025-11-02;19;409
25;2025-11-02;20;257
25;2025-11-02;21;200
25;2025-11-02;22;101
25;2025-11-02;23;38
26;2025-11-02;0;56
26;2025-11-02;1;9
26;2025-11-02;2;0
26;2025-11-02;3;0
26;2025-11-02;4;4
26;2025-11-02;5;33
26;2025-11-02;6;155
26;2025-11-02;7;314
26;2025-11-02;8;467
26;2025-11-02;9;560
26;2025-11-02;10;663
26;2025-11-02;11;869
26;2025-11-02;12;893
26;2025-11-02;13;948
26;2025-11-02;14;980
26;2025-11-02;15;918
26;2025-11-02;16;925
26;2025-11-02;17;873
26;2025-11-02;18;785
26;2025-11-02;19;617
26;2025-11-02;20;468
26;2025-11-02;21;345
26;2025-11-02;22;185
26;2025-11-02;23;118
28;2025-11-02;0;2
28;2025-11-02;1;1
28;2025-11-02;2;0
28;2025-11-02;3;0
28;2025-11-02;4;2
28;2025-11-02;5;32
28;2025-11-02;6;88
28;2025-11-02;7;179
28;2025-11-02;8;308
28;2025-11-02;9;344
28;2025-11-02;10;391
28;2025-11-02;11;412
28;2025-11-02;12;498
28;2025-11-02;13;534
28;2025-11-02;14;553
28;2025-11-02;15;569
28;2025-11-02;16;518
28;2025-11-02;17;524
28;2025-11-02;18;464
28;2025-11-02;19;399
28;2025-11-02;20;302
28;2025-11-02;21;241
28;2025-11-02;22;100
28;2025-11-02;23;13
50;2025-11-02;0;1
50;2025-11-02;1;0
50;2025-11-02;2;0
50;2025-11-02;3;0
50;2025-11-02;4;0
50;2025-11-02;5;1
50;2025-11-02;6;4
50;2025-11-02;7;8
50;2025-11-02;8;13
50;2025-11-02;9;15
50;2025-11-02;10;15
50;2025-11-02;11;18
50;2025-11-02;12;20
50;2025-11-02;13;22
50;2025-11-02;14;22
50;2025-11-02;15;22
50;2025-11-02;16;20
50;2025-11-02;17;21
50;2025-11-02;18;20
50;2025-11-02;19;17
50;2025-11-02;20;14
50;2025-11-02;21;11
50;2025-11-02;22;6
50;2025-11-02;23;3
1;2025-11-03;0;1
1;2025-11-03;1;0
1;2025-11-03;2;0
1;2025-11-03;3;0
1;2025-11-03;4;0
1;2025-11-03;5;26
1;2025-11-03;6;129
1;2025-11-03;7;336
1;2025-11-03;8;431
1;2025-11-03;9;652
1;2025-11-03;10;741
1;2025-11-03;11;706
1;2025-11-03;12;881
1;2025-11-03;13;935
1;2025-11-03;14;893
1;2025-11-03;15;788
1;2025-11-03;16;695
1;2025-11-03;17;638
1;2025-11-03;18;609
1;2025-11-03;19;508
1;2025-11-03;20;386
1;2025-11-03;21;287
1;2025-11-03;22;105
1;2025-11-03;23;27
5;2025-11-03;0;0
5;2025-11-03;1;0
5;2025-11-03;2;0
5;2025-11-03;3;0
5;2025-11-03;4;0
5;2025-11-03;5;0
5;2025-11-03;6;0
5;2025-11-03;7;0
5;2025-11-03;8;0
5;2025-11-03;9;0
5;2025-11-03;10;0
5;2025-11-03;11;0
5;2025-11-03;12;0
5;2025-11-03;13;0
5;2025-11-03;14;0
5;2025-11-03;15;0
5;2025-11-03;16;0
5;2025-11-03;17;0
5;2025-11-03;18;0
5;2025-11-03;19;0
5;2025-11-03;20;0
5;2025-11-03;21;0
5;2025-11-03;22;0
5;2025-11-03;23;0
7;2025-11-03;0;74
7;2025-11-03;1;14
7;2025-11-03;2;1
7;2025-11-03;3;0
7;2025-11-03;4;4
7;2025-11-03;5;33
7;2025-11-03;6;153
7;2025-11-03;7;326
7;2025-11-03;8;533
7;2025-11-03;9;600
7;2025-11-03;10;593
7;2025-11-03;11;795
7;2025-11-03;12;843
7;2025-11-03;13;824
7;2025-11-03;14;909
7;2025-11-03;15;850
7;2025-11-03;16;792
7;2025-11-03;17;861
7;2025-11-03;18;868
7;2025-11-03;19;749
7;2025-11-03;20;609
7;2025-11-03;21;429
7;2025-11-03;22;155
7;2025-11-03;23;132
11;2025-11-03;0;102
11;2025-11-03;1;19
11;2025-11-03;2;0
11;2025-11-03;3;0
11;2025-11-03;4;1
11;2025-11-03;5;119
11;2025-11-03;6;620
11;2025-11-03;7;634
11;2025-11-03;8;859
11;2025-11-03;9;1016
11;2025-11-03;10;1172
11;2025-11-03;11;1565
11;2025-11-03;12;1735
11;2025-11-03;13;1642
11;2025-11-03;14;1749
11;2025-11-03;15;1765
11;2025-11-03;16;1590
11;2025-11-03;17;1794
11;2025-11-03;18;1476
11;2025-11-03;19;1290
11;2025-11-03;20;937
11;2025-11-03;21;666
11;2025-11-03;22;368
11;2025-11-03;23;246
12;2025-11-03;0;80
12;2025-11-03;1;9
12;2025-11-03;2;0
12;2025-11-03;3;0
12;2025-11-03;4;7
12;2025-11-03;5;159
12;2025-11-03;6;623
12;2025-11-03;7;772
12;2025-11-03;8;819
12;2025-11-03;9;1003
12;2025-11-03;10;1127
12;2025-11-03;11;1244
12;2025-11-03;12;1310
12;2025-11-03;13;1531
12;2025-11-03;14;1441
12;2025-11-03;15;1499
12;2025-11-03;16;1522
12;2025-11-03;17;1564
12;2025-11-03;18;1429
12;2025-11-03;19;1103
12;2025-11-03;20;868
12;2025-11-03;21;657
12;2025-11-03;22;379
12;2025-11-03;23;222
17;2025-11-03;0;189
17;2025-11-03;1;28
17;2025-11-03;2;0
17;2025-11-03;3;0
17;2025-11-03;4;10
17;2025-11-03;5;112
17;2025-11-03;6;503
17;2025-11-03;7;1043
17;2025-11-03;8;1477
17;2025-11-03;9;1854
17;2025-11-03;10;2140
17;2025-11-03;11;2622
17;2025-11-03;12;2875
17;2025-11-03;13;3184
17;2025-11-03;14;3328
17;2025-11-03;15;3167
17;2025-11-03;16;3251
17;2025-11-03;17;3123
17;2025-11-03;18;2731
17;2025-11-03;19;2381
17;2025-11-03;20;1852
17;2025-11-03;21;1346
17;2025-11-03;22;746
17;2025-11-03;23;354
25;2025-11-03;0;18
25;2025-11-03;1;1
25;2025-11-03;2;0
25;2025-11-03;3;0
25;2025-11-03;4;0
25;2025-11-03;5;10
25;2025-11-03;6;56
25;2025-11-03;7;119
25;2025-11-03;8;227
25;2025-11-03;9;231
25;2025-11-03;10;256
25;2025-11-03;11;347
25;2025-11-03;12;403
25;2025-11-03;13;525
25;2025-11-03;14;559
25;2025-11-03;15;693
25;2025-11-03;16;595
25;2025-11-03;17;556
25;2025-11-03;18;510
25;2025-11-03;19;402
25;2025-11-03;20;262
25;2025-11-03;21;201
25;2025-11-03;22;105
25;2025-11-03;23;38
26;2025-11-03;0;56
26;2025-11-03;1;9
26;2025-11-03;2;0
26;2025-11-03;3;0
26;2025-11-03;4;4
26;2025-11-03;5;33
26;2025-11-03;6;164
26;2025-11-03;7;312
26;2025-11-03;8;466
26;2025-11-03;9;553
26;2025-11-03;10;642
26;2025-11-03;11;835
26;2025-11-03;12;877
26;2025-11-03;13;916
26;2025-11-03;14;954
26;2025-11-03;15;862
26;2025-11-03;16;855
26;2025-11-03;17;819
26;2025-11-03;18;757
26;2025-11-03;19;646
26;2025-11-03;20;484
26;2025-11-03;21;352
26;2025-11-03;22;196
26;2025-11-03;23;121
28;2025-11-03;0;3
28;2025-11-03;1;1
28;2025-11-03;2;0
28;2025-11-03;3;0
28;2025-11-03;4;2
28;2025-11-03;5;33
28;2025-11-03;6;95
28;2025-11-03;7;180
28;2025-11-03;8;309
28;2025-11-03;9;346
28;2025-11-03;10;397
28;2025-11-03;11;416
28;2025-11-03;12;495
28;2025-11-03;13;538
28;2025-11-03;14;549
28;2025-11-03;15;539
28;2025-11-03;16;503
28;2025-11-03;17;512
28;2025-11-03;18;462
28;2025-11-03;19;401
28;2025-11-03;20;313
28;2025-11-03;21;259
28;2025-11-03;22;103
28;2025-11-03;23;13
50;2025-11-03;0;38
50;2025-11-03;1;4
50;2025-11-03;2;0
50;2025-11-03;3;0
50;2025-11-03;4;4
50;2025-11-03;5;37
50;2025-11-03;6;164
50;2025-11-03;7;322
50;2025-11-03;8;515
50;2025-11-03;9;574
50;2025-11-03;10;600
50;2025-11-03;11;681
50;2025-11-03;12;698
50;2025-11-03;13;873
50;2025-11-03;14;820
50;2025-11-03;15;803
50;2025-11-03;16;766
50;2025-11-03;17;756
50;2025-11-03;18;734
50;2025-11-03;19;650
50;2025-11-03;20;532
50;2025-11-03;21;425
50;2025-11-03;22;231
50;2025-11-03;23;129
1;2025-11-04;0;1
1;2025-11-04;1;0
1;2025-11-04;2;0
1;2025-11-04;3;0
1;2025-11-04;4;0
1;2025-11-04;5;26
1;2025-11-04;6;131
1;2025-11-04;7;348
1;2025-11-04;8;451
1;2025-11-04;9;685
1;2025-11-04;10;770
1;2025-11-04;11;744
1;2025-11-04;12;902
1;2025-11-04;13;955
1;2025-11-04;14;930
1;2025-11-04;15;825
1;2025-11-04;16;749
1;2025-11-04;17;667
1;2025-11-04;18;639
1;2025-11-04;19;534
1;2025-11-04;20;392
1;2025-11-04;21;294
1;2025-11-04;22;108
1;2025-11-04;23;27
5;2025-11-04;0;0
5;2025-11-04;1;0
5;2025-11-04;2;0
5;2025-11-04;3;0
5;2025-11-04;4;0
5;2025-11-04;5;0
5;2025-11-04;6;0
5;2025-11-04;7;0
5;2025-11-04;8;0
5;2025-11-04;9;0
5;2025-11-04;10;0
5;2025-11-04;11;0
5;2025-11-04;12;0
5;2025-11-04;13;0
5;2025-11-04;14;0
5;2025-11-04;15;0
5;2025-11-04;16;0
5;2025-11-04;17;0
5;2025-11-04;18;0
5;2025-11-04;19;0
5;2025-11-04;20;0
5;2025-11-04;21;0
5;2025-11-04;22;0
5;2025-11-04;23;0
7;2025-11-04;0;95
7;2025-11-04;1;15
7;2025-11-04;2;1
7;2025-11-04;3;0
7;2025-11-04;4;5
7;2025-11-04;5;33
7;2025-11-04;6;159
7;2025-11-04;7;329
7;2025-11-04;8;553
7;2025-11-04;9;618
7;2025-11-04;10;630
7;2025-11-04;11;847
7;2025-11-04;12;878
7;2025-11-04;13;859
7;2025-11-04;14;947
7;2025-11-04;15;886
7;2025-11-04;16;819
7;2025-11-04;17;919
7;2025-11-04;18;900
7;2025-11-04;19;773
7;2025-11-04;20;624
7;2025-11-04;21;441
7;2025-11-04;22;155
7;2025-11-04;23;135
11;2025-11-04;0;105
11;2025-11-04;1;19
11;2025-11-04;2;0
11;2025-11-04;3;0
11;2025-11-04;4;1
11;2025-11-04;5;118
11;2025-11-04;6;614
11;2025-11-04;7;646
11;2025-11-04;8;875
11;2025-11-04;9;1035
11;2025-11-04;10;1204
11;2025-11-04;11;1606
11;2025-11-04;12;1759
11;2025-11-04;13;1686
11;2025-11-04;14;1787
11;2025-11-04;15;1770
11;2025-11-04;16;1614
11;2025-11-04;17;1794
11;2025-11-04;18;1471
11;2025-11-04;19;1283
11;2025-11-04;20;933
11;2025-11-04;21;668
11;2025-11-04;22;374
11;2025-11-04;23;254
12;2025-11-04;0;80
12;2025-11-04;1;9
12;2025-11-04;2;0
12;2025-11-04;3;0
12;2025-11-04;4;8
12;2025-11-04;5;167
12;2025-11-04;6;618
12;2025-11-04;7;794
12;2025-11-04;8;841
12;2025-11-04;9;1040
12;2025-11-04;10;1157
12;2025-11-04;11;1292
12;2025-11-04;12;1376
12;2025-11-04;13;1612
12;2025-11-04;14;1510
12;2025-11-04;15;1530
12;2025-11-04;16;1601
12;2025-11-04;17;1649
12;2025-11-04;18;1472
12;2025-11-04;19;1087
12;2025-11-04;20;867
12;2025-11-04;21;666
12;2025-11-04;22;389
12;2025-11-04;23;228
17;2025-11-04;0;203
17;2025-11-04;1;30
17;2025-11-04;2;0
17;2025-11-04;3;0
17;2025-11-04;4;10
17;2025-11-04;5;119
17;2025-11-04;6;531
17;2025-11-04;7;1077
17;2025-11-04;8;1550
17;2025-11-04;9;1933
17;2025-11-04;10;2232
17;2025-11-04;11;2781
17;2025-11-04;12;3088
17;2025-11-04;13;3356
17;2025-11-04;14;3538
17;2025-11-04;15;3199
17;2025-11-04;16;3337
17;2025-11-04;17;3343
17;2025-11-04;18;2840
17;2025-11-04;19;2405
17;2025-11-04;20;1859
17;2025-11-04;21;1417
17;2025-11-04;22;779
17;2025-11-04;23;366
25;2025-11-04;0;18
25;2025-11-04;1;1
25;2025-11-04;2;0
25;2025-11-04;3;0
25;2025-11-04;4;0
25;2025-11-04;5;10
25;2025-11-04;6;58
25;2025-11-04;7;123
25;2025-11-04;8;232
25;2025-11-04;9;236
25;2025-11-04;10;258
25;2025-11-04;11;355
25;2025-11-04;12;413
25;2025-11-04;13;535
25;2025-11-04;14;569
25;2025-11-04;15;705
25;2025-11-04;16;614
25;2025-11-04;17;581
25;2025-11-04;18;521
25;2025-11-04;19;416
25;2025-11-04;20;269
25;2025-11-04;21;206
25;2025-11-04;22;107
25;2025-11-04;23;39
26;2025-11-04;0;59
26;2025-11-04;1;8
26;2025-11-04;2;0
26;2025-11-04;3;0
26;2025-11-04;4;4
26;2025-11-04;5;33
26;2025-11-04;6;166
26;2025-11-04;7;324
26;2025-11-04;8;477
26;2025-11-04;9;576
26;2025-11-04;10;673
26;2025-11-04;11;863
26;2025-11-04;12;885
26;2025-11-04;13;943
26;2025-11-04;14;978
26;2025-11-04;15;900
26;2025-11-04;16;891
26;2025-11-04;17;865
26;2025-11-04;18;790
26;2025-11-04;19;652
26;2025-11-04;20;499
26;2025-11-04;21;359
26;2025-11-04;22;195
26;2025-11-04;23;123
28;2025-11-04;0;4
28;2025-11-04;1;1
28;2025-11-04;2;0
28;2025-11-04;3;0
28;2025-11-04;4;2
28;2025-11-04;5;33
28;2025-11-04;6;95
28;2025-11-04;7;183
28;2025-11-04;8;316
28;2025-11-04;9;358
28;2025-11-04;10;414
28;2025-11-04;11;421
28;2025-11-04;12;511
28;2025-11-04;13;554
28;2025-11-04;14;573
28;2025-11-04;15;570
28;2025-11-04;16;520
28;2025-11-04;17;534
28;2025-11-04;18;476
28;2025-11-04;19;407
28;2025-11-04;20;315
28;2025-11-04;21;259
28;2025-11-04;22;104
28;2025-11-04;23;13
50;2025-11-04;0;40
50;2025-11-04;1;4
50;2025-11-04;2;0
50;2025-11-04;3;0
50;2025-11-04;4;4
50;2025-11-04;5;37
50;2025-11-04;6;167
50;2025-11-04;7;325
50;2025-11-04;8;538
50;2025-11-04;9;595
50;2025-11-04;10;624
50;2025-11-04;11;719
50;2025-11-04;12;749
50;2025-11-04;13;911
50;2025-11-04;14;868
50;2025-11-04;15;853
50;2025-11-04;16;782
50;2025-11-04;17;800
50;2025-11-04;18;743
50;2025-11-04;19;663
50;2025-11-04;20;545
50;2025-11-04;21;435
50;2025-11-04;22;230
50;2025-11-04;23;129
1;2025-11-05;0;5
1;2025-11-05;1;0
1;2025-11-05;2;0
1;2025-11-05;3;0
1;2025-11-05;4;10
1;2025-11-05;5;123
1;2025-11-05;6;511
1;2025-11-05;7;1491
1;2025-11-05;8;2013
1;2025-11-05;9;1442
1;2025-11-05;10;1361
1;2025-11-05;11;1303
1;2025-11-05;12;1364
1;2025-11-05;13;1428
1;2025-11-05;14;1336
1;2025-11-05;15;1460
1;2025-11-05;16;1506
1;2025-11-05;17;1793
1;2025-11-05;18;1862
1;2025-11-05;19;1403
1;2025-11-05;20;880
1;2025-11-05;21;464
1;2025-11-05;22;203
1;2025-11-05;23;34
5;2025-11-05;0;0
5;2025-11-05;1;0
5;2025-11-05;2;0
5;2025-11-05;3;0
5;2025-11-05;4;0
5;2025-11-05;5;0
5;2025-11-05;6;0
5;2025-11-05;7;0
5;2025-11-05;8;0
5;2025-11-05;9;0
5;2025-11-05;10;0
5;2025-11-05;11;0
5;2025-11-05;12;0
5;2025-11-05;13;0
5;2025-11-05;14;0
5;2025-11-05;15;0
5;2025-11-05;16;0
5;2025-11-05;17;0
5;2025-11-05;18;0
5;2025-11-05;19;0
5;2025-11-05;20;0
5;2025-11-05;21;0
5;2025-11-05;22;0
5;2025-11-05;23;0
7;2025-11-05;0;58
7;2025-11-05;1;10
7;2025-11-05;2;0
7;2025-11-05;3;0
7;2025-11-05;4;6
7;2025-11-05;5;179
7;2025-11-05;6;615
7;2025-11-05;7;1652
7;2025-11-05;8;2595
7;2025-11-05;9;1882
7;2025-11-05;10;1796
7;2025-11-05;11;1620
7;2025-11-05;12;1743
7;2025-11-05;13;1647
7;2025-11-05;14;1734
7;2025-11-05;15;1919
7;2025-11-05;16;1923
7;2025-11-05;17;2513
7;2025-11-05;18;2691
7;2025-11-05;19;1720
7;2025-11-05;20;1079
7;2025-11-05;21;639
7;2025-11-05;22;259
7;2025-11-05;23;190
11;2025-11-05;0;59
11;2025-11-05;1;1
11;2025-11-05;2;0
11;2025-11-05;3;0
11;2025-11-05;4;0
11;2025-11-05;5;237
11;2025-11-05;6;1282
11;2025-11-05;7;2485
11;2025-11-05;8;3247
11;2025-11-05;9;2352
11;2025-11-05;10;1934
11;2025-11-05;11;1924
11;2025-11-05;12;1899
11;2025-11-05;13;1971
11;2025-11-05;14;2026
11;2025-11-05;15;1923
11;2025-11-05;16;2076
11;2025-11-05;17;2734
11;2025-11-05;18;3001
11;2025-11-05;19;2298
11;2025-11-05;20;1344
11;2025-11-05;21;772
11;2025-11-05;22;361
11;2025-11-05;23;227
12;2025-11-05;0;53
12;2025-11-05;1;3
12;2025-11-05;2;0
12;2025-11-05;3;0
12;2025-11-05;4;10
12;2025-11-05;5;314
12;2025-11-05;6;1486
12;2025-11-05;7;2746
12;2025-11-05;8;3541
12;2025-11-05;9;2601
12;2025-11-05;10;2009
12;2025-11-05;11;1920
12;2025-11-05;12;1984
12;2025-11-05;13;2003
12;2025-11-05;14;1881
12;2025-11-05;15;2203
12;2025-11-05;16;2677
12;2025-11-05;17;3054
12;2025-11-05;18;3223
12;2025-11-05;19;2442
12;2025-11-05;20;1524
12;2025-11-05;21;1023
12;2025-11-05;22;476
12;2025-11-05;23;251
17;2025-11-05;0;115
17;2025-11-05;1;15
17;2025-11-05;2;0
17;2025-11-05;3;0
17;2025-11-05;4;23
17;2025-11-05;5;309
17;2025-11-05;6;1577
17;2025-11-05;7;4150
17;2025-11-05;8;5466
17;2025-11-05;9;3826
17;2025-11-05;10;3061
17;2025-11-05;11;2915
17;2025-11-05;12;2979
17;2025-11-05;13;3102
17;2025-11-05;14;3178
17;2025-11-05;15;3399
17;2025-11-05;16;3846
17;2025-11-05;17;4504
17;2025-11-05;18;4754
17;2025-11-05;19;3338
17;2025-11-05;20;2300
17;2025-11-05;21;1431
17;2025-11-05;22;707
17;2025-11-05;23;362
25;2025-11-05;0;2
25;2025-11-05;1;0
25;2025-11-05;2;0
25;2025-11-05;3;0
25;2025-11-05;4;0
25;2025-11-05;5;11
25;2025-11-05;6;180
25;2025-11-05;7;549
25;2025-11-05;8;917
25;2025-11-05;9;469
25;2025-11-05;10;393
25;2025-11-05;11;459
25;2025-11-05;12;440
25;2025-11-05;13;594
25;2025-11-05;14;468
25;2025-11-05;15;608
25;2025-11-05;16;687
25;2025-11-05;17;782
25;2025-11-05;18;823
25;2025-11-05;19;614
25;2025-11-05;20;333
25;2025-11-05;21;225
25;2025-11-05;22;97
25;2025-11-05;23;10
26;2025-11-05;0;33
26;2025-11-05;1;4
26;2025-11-05;2;0
26;2025-11-05;3;0
26;2025-11-05;4;4
26;2025-11-05;5;85
26;2025-11-05;6;448
26;2025-11-05;7;1118
26;2025-11-05;8;2156
26;2025-11-05;9;1486
26;2025-11-05;10;1255
26;2025-11-05;11;1109
26;2025-11-05;12;1140
26;2025-11-05;13;1179
26;2025-11-05;14;1340
26;2025-11-05;15;1318
26;2025-11-05;16;1445
26;2025-11-05;17;1669
26;2025-11-05;18;1830
26;2025-11-05;19;1208
26;2025-11-05;20;764
26;2025-11-05;21;514
26;2025-11-05;22;216
26;2025-11-05;23;132
28;2025-11-05;0;1
28;2025-11-05;1;0
28;2025-11-05;2;0
28;2025-11-05;3;0
28;2025-11-05;4;4
28;2025-11-05;5;79
28;2025-11-05;6;261
28;2025-11-05;7;750
28;2025-11-05;8;1188
28;2025-11-05;9;799
28;2025-11-05;10;600
28;2025-11-05;11;575
28;2025-11-05;12;715
28;2025-11-05;13;728
28;2025-11-05;14;644
28;2025-11-05;15;694
28;2025-11-05;16;851
28;2025-11-05;17;988
28;2025-11-05;18;951
28;2025-11-05;19;742
28;2025-11-05;20;498
28;2025-11-05;21;308
28;2025-11-05;22;123
28;2025-11-05;23;12
50;2025-11-05;0;20
50;2025-11-05;1;2
50;2025-11-05;2;0
50;2025-11-05;3;0
50;2025-11-05;4;7
50;2025-11-05;5;69
50;2025-11-05;6;510
50;2025-11-05;7;1757
50;2025-11-05;8;2803
50;2025-11-05;9;2163
50;2025-11-05;10;1672
50;2025-11-05;11;1532
50;2025-11-05;12;1457
50;2025-11-05;13;1505
50;2025-11-05;14;1484
50;2025-11-05;15;1637
50;2025-11-05;16;1723
50;2025-11-05;17;2291
50;2025-11-05;18;2423
50;2025-11-05;19;1426
50;2025-11-05;20;883
50;2025-11-05;21;620
50;2025-11-05;22;265
50;2025-11-05;23;132
1;2025-11-06;0;5
1;2025-11-06;1;0
1;2025-11-06;2;0
1;2025-11-06;3;0
1;2025-11-06;4;11
1;2025-11-06;5;118
1;2025-11-06;6;485
1;2025-11-06;7;1540
1;2025-11-06;8;2049
1;2025-11-06;9;1509
1;2025-11-06;10;1419
1;2025-11-06;11;1387
1;2025-11-06;12;1473
1;2025-11-06;13;1477
1;2025-11-06;14;1408
1;2025-11-06;15;1528
1;2025-11-06;16;1619
1;2025-11-06;17;1896
1;2025-11-06;18;1899
1;2025-11-06;19;1473
1;2025-11-06;20;906
1;2025-11-06;21;475
1;2025-11-06;22;197
1;2025-11-06;23;36
5;2025-11-06;0;0
5;2025-11-06;1;0
5;2025-11-06;2;0
5;2025-11-06;3;0
5;2025-11-06;4;0
5;2025-11-06;5;0
5;2025-11-06;6;0
5;2025-11-06;7;0
5;2025-11-06;8;0
5;2025-11-06;9;0
5;2025-11-06;10;0
5;2025-11-06;11;0
5;2025-11-06;12;0
5;2025-11-06;13;0
5;2025-11-06;14;0
5;2025-11-06;15;0
5;2025-11-06;16;0
5;2025-11-06;17;0
5;2025-11-06;18;0
5;2025-11-06;19;0
5;2025-11-06;20;0
5;2025-11-06;21;0
5;2025-11-06;22;0
5;2025-11-06;23;0
7;2025-11-06;0;65
7;2025-11-06;1;13
7;2025-11-06;2;0
7;2025-11-06;3;0
7;2025-11-06;4;4
7;2025-11-06;5;181
7;2025-11-06;6;650
7;2025-11-06;7;1682
7;2025-11-06;8;2686
7;2025-11-06;9;1936
7;2025-11-06;10;1780
7;2025-11-06;11;1688
7;2025-11-06;12;1791
7;2025-11-06;13;1691
7;2025-11-06;14;1810
7;2025-11-06;15;1889
7;2025-11-06;16;2022
7;2025-11-06;17;2530
7;2025-11-06;18;2840
7;2025-11-06;19;1733
7;2025-11-06;20;1087
7;2025-11-06;21;625
7;2025-11-06;22;258
7;2025-11-06;23;204
11;2025-11-06;0;61
11;2025-11-06;1;2
11;2025-11-06;2;0
11;2025-11-06;3;0
11;2025-11-06;4;0
11;2025-11-06;5;243
11;2025-11-06;6;1325
11;2025-11-06;7;2607
11;2025-11-06;8;3232
11;2025-11-06;9;2463
11;2025-11-06;10;2091
11;2025-11-06;11;1943
11;2025-11-06;12;2045
11;2025-11-06;13;2099
11;2025-11-06;14;2149
11;2025-11-06;15;2019
11;2025-11-06;16;2198
11;2025-11-06;17;2755
11;2025-11-06;18;3025
11;2025-11-06;19;2288
11;2025-11-06;20;1354
11;2025-11-06;21;806
11;2025-11-06;22;381
11;2025-11-06;23;248
12;2025-11-06;0;46
12;2025-11-06;1;4
12;2025-11-06;2;0
12;2025-11-06;3;0
12;2025-11-06;4;10
12;2025-11-06;5;301
12;2025-11-06;6;1450
12;2025-11-06;7;2802
12;2025-11-06;8;3641
12;2025-11-06;9;2645
12;2025-11-06;10;2036
12;2025-11-06;11;1979
12;2025-11-06;12;2093
12;2025-11-06;13;2115
12;2025-11-06;14;1942
12;2025-11-06;15;2278
12;2025-11-06;16;2798
12;2025-11-06;17;3094
12;2025-11-06;18;3298
12;2025-11-06;19;2397
12;2025-11-06;20;1580
12;2025-11-06;21;992
12;2025-11-06;22;491
12;2025-11-06;23;254
17;2025-11-06;0;127
17;2025-11-06;1;16
17;2025-11-06;2;0
17;2025-11-06;3;0
17;2025-11-06;4;24
17;2025-11-06;5;327
17;2025-11-06;6;1645
17;2025-11-06;7;4361
17;2025-11-06;8;5749
17;2025-11-06;9;4122
17;2025-11-06;10;3332
17;2025-11-06;11;3265
17;2025-11-06;12;3234
17;2025-11-06;13;3315
17;2025-11-06;14;3423
17;2025-11-06;15;3532
17;2025-11-06;16;4116
17;2025-11-06;17;4852
17;2025-11-06;18;4970
17;2025-11-06;19;3518
17;2025-11-06;20;2441
17;2025-11-06;21;1528
17;2025-11-06;22;748
17;2025-11-06;23;394
25;2025-11-06;0;2
25;2025-11-06;1;0
25;2025-11-06;2;0
25;2025-11-06;3;0
25;2025-11-06;4;0
25;2025-11-06;5;12
25;2025-11-06;6;197
25;2025-11-06;7;578
25;2025-11-06;8;954
25;2025-11-06;9;485
25;2025-11-06;10;411
25;2025-11-06;11;469
25;2025-11-06;12;456
25;2025-11-06;13;589
25;2025-11-06;14;541
25;2025-11-06;15;649
25;2025-11-06;16;724
25;2025-11-06;17;792
25;2025-11-06;18;803
25;2025-11-06;19;621
25;2025-11-06;20;339
25;2025-11-06;21;228
25;2025-11-06;22;94
25;2025-11-06;23;8
26;2025-11-06;0;40
26;2025-11-06;1;4
26;2025-11-06;2;0
26;2025-11-06;3;0
26;2025-11-06;4;4
26;2025-11-06;5;87
26;2025-11-06;6;472
26;2025-11-06;7;1142
26;2025-11-06;8;2300
26;2025-11-06;9;1535
26;2025-11-06;10;1300
26;2025-11-06;11;1172
26;2025-11-06;12;1187
26;2025-11-06;13;1207
26;2025-11-06;14;1397
26;2025-11-06;15;1365
26;2025-11-06;16;1519
26;2025-11-06;17;1754
26;2025-11-06;18;1935
26;2025-11-06;19;1220
26;2025-11-06;20;764
26;2025-11-06;21;506
26;2025-11-06;22;214
26;2025-11-06;23;131
28;2025-11-06;0;4
28;2025-11-06;1;0
28;2025-11-06;2;0
28;2025-11-06;3;0
28;2025-11-06;4;4
28;2025-11-06;5;81
28;2025-11-06;6;274
28;2025-11-06;7;787
28;2025-11-06;8;1309
28;2025-11-06;9;855
28;2025-11-06;10;624
28;2025-11-06;11;578
28;2025-11-06;12;721
28;2025-11-06;13;735
28;2025-11-06;14;700
28;2025-11-06;15;744
28;2025-11-06;16;911
28;2025-11-06;17;1068
28;2025-11-06;18;1000
28;2025-11-06;19;757
28;2025-11-06;20;508
28;2025-11-06;21;327
28;2025-11-06;22;125
28;2025-11-06;23;13
50;2025-11-06;0;30
50;2025-11-06;1;2
50;2025-11-06;2;0
50;2025-11-06;3;0
50;2025-11-06;4;7
50;2025-11-06;5;68
50;2025-11-06;6;487
50;2025-11-06;7;1742
50;2025-11-06;8;2841
50;2025-11-06;9;2207
50;2025-11-06;10;1709
50;2025-11-06;11;1493
50;2025-11-06;12;1465
50;2025-11-06;13;1518
50;2025-11-06;14;1455
50;2025-11-06;15;1587
50;2025-11-06;16;1732
50;2025-11-06;17;2321
50;2025-11-06;18;2417
50;2025-11-06;19;1391
50;2025-11-06;20;926
50;2025-11-06;21;657
50;2025-11-06;22;264
50;2025-11-06;23;148
1;2025-11-07;0;5
1;2025-11-07;1;0
1;2025-11-07;2;0
1;2025-11-07;3;0
1;2025-11-07;4;11
1;2025-11-07;5;133
1;2025-11-07;6;476
1;2025-11-07;7;1558
1;2025-11-07;8;1999
1;2025-11-07;9;1499
1;2025-11-07;10;1374
1;2025-11-07;11;1405
1;2025-11-07;12;1441
1;2025-11-07;13;1494
1;2025-11-07;14;1425
1;2025-11-07;15;1576
1;2025-11-07;16;1700
1;2025-11-07;17;1846
1;2025-11-07;18;1664
1;2025-11-07;19;1320
1;2025-11-07;20;834
1;2025-11-07;21;487
1;2025-11-07;22;203
1;2025-11-07;23;41
5;2025-11-07;0;0
5;2025-11-07;1;0
5;2025-11-07;2;0
5;2025-11-07;3;0
5;2025-11-07;4;0
5;2025-11-07;5;0
5;2025-11-07;6;0
5;2025-11-07;7;0
5;2025-11-07;8;0
5;2025-11-07;9;0
5;2025-11-07;10;0
5;2025-11-07;11;0
5;2025-11-07;12;0
5;2025-11-07;13;0
5;2025-11-07;14;0
5;2025-11-07;15;0
5;2025-11-07;16;0
5;2025-11-07;17;0
5;2025-11-07;18;0
5;2025-11-07;19;0
5;2025-11-07;20;0
5;2025-11-07;21;0
5;2025-11-07;22;0
5;2025-11-07;23;0
7;2025-11-07;0;69
7;2025-11-07;1;14
7;2025-11-07;2;0
7;2025-11-07;3;0
7;2025-11-07;4;4
7;2025-11-07;5;180
7;2025-11-07;6;595
7;2025-11-07;7;1634
7;2025-11-07;8;2514
7;2025-11-07;9;1831
7;2025-11-07;10;1770
7;2025-11-07;11;1691
7;2025-11-07;12;1812
7;2025-11-07;13;1766
7;2025-11-07;14;1837
7;2025-11-07;15;2029
7;2025-11-07;16;2203
7;2025-11-07;17;2490
7;2025-11-07;18;2259
7;2025-11-07;19;1513
7;2025-11-07;20;1056
7;2025-11-07;21;609
7;2025-11-07;22;272
7;2025-11-07;23;226
11;2025-11-07;0;64
11;2025-11-07;1;3
11;2025-11-07;2;0
11;2025-11-07;3;0
11;2025-11-07;4;0
11;2025-11-07;5;241
11;2025-11-07;6;1313
11;2025-11-07;7;2507
11;2025-11-07;8;3231
11;2025-11-07;9;2367
11;2025-11-07;10;1966
11;2025-11-07;11;1913
11;2025-11-07;12;1973
11;2025-11-07;13;1974
11;2025-11-07;14;2152
11;2025-11-07;15;2143
11;2025-11-07;16;2318
11;2025-11-07;17;2829
11;2025-11-07;18;2468
11;2025-11-07;19;2104
11;2025-11-07;20;1312
11;2025-11-07;21;807
11;2025-11-07;22;379
11;2025-11-07;23;282
12;2025-11-07;0;51
12;2025-11-07;1;4
12;2025-11-07;2;0
12;2025-11-07;3;0
12;2025-11-07;4;10
12;2025-11-07;5;312
12;2025-11-07;6;1439
12;2025-11-07;7;2727
12;2025-11-07;8;3499
12;2025-11-07;9;2575
12;2025-11-07;10;1954
12;2025-11-07;11;1972
12;2025-11-07;12;2018
12;2025-11-07;13;2131
12;2025-11-07;14;2038
12;2025-11-07;15;2406
12;2025-11-07;16;2983
12;2025-11-07;17;2993
12;2025-11-07;18;2657
12;2025-11-07;19;2169
12;2025-11-07;20;1446
12;2025-11-07;21;1025
12;2025-11-07;22;495
12;2025-11-07;23;286
17;2025-11-07;0;139
17;2025-11-07;1;17
17;2025-11-07;2;0
17;2025-11-07;3;0
17;2025-11-07;4;23
17;2025-11-07;5;316
17;2025-11-07;6;1602
17;2025-11-07;7;4234
17;2025-11-07;8;5438
17;2025-11-07;9;3935
17;2025-11-07;10;3160
17;2025-11-07;11;3192
17;2025-11-07;12;3190
17;2025-11-07;13;3317
17;2025-11-07;14;3418
17;2025-11-07;15;3565
17;2025-11-07;16;4430
17;2025-11-07;17;4918
17;2025-11-07;18;4402
17;2025-11-07;19;3210
17;2025-11-07;20;2337
17;2025-11-07;21;1553
17;2025-11-07;22;774
17;2025-11-07;23;442
25;2025-11-07;0;1
25;2025-11-07;1;0
25;2025-11-07;2;0
25;2025-11-07;3;0
25;2025-11-07;4;0
25;2025-11-07;5;13
25;2025-11-07;6;201
25;2025-11-07;7;579
25;2025-11-07;8;917
25;2025-11-07;9;478
25;2025-11-07;10;399
25;2025-11-07;11;486
25;2025-11-07;12;465
25;2025-11-07;13;622
25;2025-11-07;14;553
25;2025-11-07;15;709
25;2025-11-07;16;833
25;2025-11-07;17;829
25;2025-11-07;18;741
25;2025-11-07;19;623
25;2025-11-07;20;347
25;2025-11-07;21;225
25;2025-11-07;22;107
25;2025-11-07;23;14
26;2025-11-07;0;38
26;2025-11-07;1;3
26;2025-11-07;2;0
26;2025-11-07;3;0
26;2025-11-07;4;4
26;2025-11-07;5;83
26;2025-11-07;6;472
26;2025-11-07;7;1109
26;2025-11-07;8;2200
26;2025-11-07;9;1443
26;2025-11-07;10;1295
26;2025-11-07;11;1143
26;2025-11-07;12;1183
26;2025-11-07;13;1227
26;2025-11-07;14;1399
26;2025-11-07;15;1381
26;2025-11-07;16;1654
26;2025-11-07;17;1767
26;2025-11-07;18;1499
26;2025-11-07;19;1085
26;2025-11-07;20;701
26;2025-11-07;21;487
26;2025-11-07;22;209
26;2025-11-07;23;150
28;2025-11-07;0;2
28;2025-11-07;1;0
28;2025-11-07;2;0
28;2025-11-07;3;0
28;2025-11-07;4;4
28;2025-11-07;5;79
28;2025-11-07;6;275
28;2025-11-07;7;794
28;2025-11-07;8;1270
28;2025-11-07;9;820
28;2025-11-07;10;624
28;2025-11-07;11;587
28;2025-11-07;12;763
28;2025-11-07;13;750
28;2025-11-07;14;699
28;2025-11-07;15;755
28;2025-11-07;16;951
28;2025-11-07;17;1009
28;2025-11-07;18;861
28;2025-11-07;19;672
28;2025-11-07;20;465
28;2025-11-07;21;329
28;2025-11-07;22;129
28;2025-11-07;23;16
50;2025-11-07;0;31
50;2025-11-07;1;2
50;2025-11-07;2;0
50;2025-11-07;3;0
50;2025-11-07;4;9
50;2025-11-07;5;68
50;2025-11-07;6;488
50;2025-11-07;7;1680
50;2025-11-07;8;2786
50;2025-11-07;9;2085
50;2025-11-07;10;1591
50;2025-11-07;11;1493
50;2025-11-07;12;1476
50;2025-11-07;13;1531
50;2025-11-07;14;1481
50;2025-11-07;15;1698
50;2025-11-07;16;2137
50;2025-11-07;17;2176
50;2025-11-07;18;1718
50;2025-11-07;19;1208
50;2025-11-07;20;851
50;2025-11-07;21;565
50;2025-11-07;22;268
50;2025-11-07;23;148
1;2025-11-08;0;5
1;2025-11-08;1;0
1;2025-11-08;2;0
1;2025-11-08;3;0
1;2025-11-08;4;0
1;2025-11-08;5;32
1;2025-11-08;6;167
1;2025-11-08;7;402
1;2025-11-08;8;514
1;2025-11-08;9;786
1;2025-11-08;10;899
1;2025-11-08;11;812
1;2025-11-08;12;992
1;2025-11-08;13;1030
1;2025-11-08;14;953
1;2025-11-08;15;855
1;2025-11-08;16;847
1;2025-11-08;17;771
1;2025-11-08;18;665
1;2025-11-08;19;600
1;2025-11-08;20;415
1;2025-11-08;21;296
1;2025-11-08;22;119
1;2025-11-08;23;25
5;2025-11-08;0;0
5;2025-11-08;1;0
5;2025-11-08;2;0
5;2025-11-08;3;0
5;2025-11-08;4;0
5;2025-11-08;5;0
5;2025-11-08;6;0
5;2025-11-08;7;0
5;2025-11-08;8;0
5;2025-11-08;9;0
5;2025-11-08;10;0
5;2025-11-08;11;0
5;2025-11-08;12;0
5;2025-11-08;13;0
5;2025-11-08;14;0
5;2025-11-08;15;0
5;2025-11-08;16;0
5;2025-11-08;17;0
5;2025-11-08;18;0
5;2025-11-08;19;0
5;2025-11-08;20;0
5;2025-11-08;21;0
5;2025-11-08;22;0
5;2025-11-08;23;0
7;2025-11-08;0;99
7;2025-11-08;1;19
7;2025-11-08;2;0
7;2025-11-08;3;0
7;2025-11-08;4;3
7;2025-11-08;5;43
7;2025-11-08;6;179
7;2025-11-08;7;329
7;2025-11-08;8;568
7;2025-11-08;9;496
7;2025-11-08;10;536
7;2025-11-08;11;607
7;2025-11-08;12;731
7;2025-11-08;13;675
7;2025-11-08;14;746
7;2025-11-08;15;732
7;2025-11-08;16;683
7;2025-11-08;17;686
7;2025-11-08;18;699
7;2025-11-08;19;593
7;2025-11-08;20;437
7;2025-11-08;21;332
7;2025-11-08;22;164
7;2025-11-08;23;121
11;2025-11-08;0;94
11;2025-11-08;1;3
11;2025-11-08;2;0
11;2025-11-08;3;0
11;2025-11-08;4;0
11;2025-11-08;5;159
11;2025-11-08;6;874
11;2025-11-08;7;821
11;2025-11-08;8;1168
11;2025-11-08;9;1257
11;2025-11-08;10;1389
11;2025-11-08;11;1741
11;2025-11-08;12;1989
11;2025-11-08;13;1858
11;2025-11-08;14;1976
11;2025-11-08;15;1872
11;2025-11-08;16;1767
11;2025-11-08;17;1882
11;2025-11-08;18;1561
11;2025-11-08;19;1560
11;2025-11-08;20;1019
11;2025-11-08;21;707
11;2025-11-08;22;407
11;2025-11-08;23;288
12;2025-11-08;0;68
12;2025-11-08;1;4
12;2025-11-08;2;0
12;2025-11-08;3;0
12;2025-11-08;4;7
12;2025-11-08;5;248
12;2025-11-08;6;901
12;2025-11-08;7;1025
12;2025-11-08;8;1093
12;2025-11-08;9;1305
12;2025-11-08;10;1458
12;2025-11-08;11;1510
12;2025-11-08;12;1553
12;2025-11-08;13;1775
12;2025-11-08;14;1654
12;2025-11-08;15;1550
12;2025-11-08;16;1673
12;2025-11-08;17;1636
12;2025-11-08;18;1525
12;2025-11-08;19;1407
12;2025-11-08;20;1002
12;2025-11-08;21;739
12;2025-11-08;22;385
12;2025-11-08;23;267
17;2025-11-08;0;189
17;2025-11-08;1;25
17;2025-11-08;2;0
17;2025-11-08;3;0
17;2025-11-08;4;10
17;2025-11-08;5;138
17;2025-11-08;6;628
17;2025-11-08;7;1397
17;2025-11-08;8;1936
17;2025-11-08;9;2350
17;2025-11-08;10;2690
17;2025-11-08;11;3202
17;2025-11-08;12;3436
17;2025-11-08;13;3695
17;2025-11-08;14;3749
17;2025-11-08;15;3498
17;2025-11-08;16;3645
17;2025-11-08;17;3486
17;2025-11-08;18;2990
17;2025-11-08;19;2388
17;2025-11-08;20;1880
17;2025-11-08;21;1333
17;2025-11-08;22;791
17;2025-11-08;23;435
25;2025-11-08;0;2
25;2025-11-08;1;0
25;2025-11-08;2;0
25;2025-11-08;3;0
25;2025-11-08;4;0
25;2025-11-08;5;11
25;2025-11-08;6;71
25;2025-11-08;7;147
25;2025-11-08;8;343
25;2025-11-08;9;309
25;2025-11-08;10;308
25;2025-11-08;11;430
25;2025-11-08;12;433
25;2025-11-08;13;624
25;2025-11-08;14;626
25;2025-11-08;15;759
25;2025-11-08;16;688
25;2025-11-08;17;585
25;2025-11-08;18;579
25;2025-11-08;19;506
25;2025-11-08;20;291
25;2025-11-08;21;229
25;2025-11-08;22;109
25;2025-11-08;23;50
26;2025-11-08;0;50
26;2025-11-08;1;4
26;2025-11-08;2;0
26;2025-11-08;3;0
26;2025-11-08;4;5
26;2025-11-08;5;54
26;2025-11-08;6;246
26;2025-11-08;7;419
26;2025-11-08;8;673
26;2025-11-08;9;710
26;2025-11-08;10;884
26;2025-11-08;11;1063
26;2025-11-08;12;1058
26;2025-11-08;13;1096
26;2025-11-08;14;1183
26;2025-11-08;15;1068
26;2025-11-08;16;1076
26;2025-11-08;17;984
26;2025-11-08;18;893
26;2025-11-08;19;831
26;2025-11-08;20;554
26;2025-11-08;21;393
26;2025-11-08;22;208
26;2025-11-08;23;154
28;2025-11-08;0;5
28;2025-11-08;1;1
28;2025-11-08;2;0
28;2025-11-08;3;0
28;2025-11-08;4;2
28;2025-11-08;5;39
28;2025-11-08;6;115
28;2025-11-08;7;264
28;2025-11-08;8;455
28;2025-11-08;9;476
28;2025-11-08;10;500
28;2025-11-08;11;485
28;2025-11-08;12;607
28;2025-11-08;13;611
28;2025-11-08;14;616
28;2025-11-08;15;670
28;2025-11-08;16;609
28;2025-11-08;17;597
28;2025-11-08;18;498
28;2025-11-08;19;429
28;2025-11-08;20;315
28;2025-11-08;21;281
28;2025-11-08;22;123
28;2025-11-08;23;21
50;2025-11-08;0;1
50;2025-11-08;1;0
50;2025-11-08;2;0
50;2025-11-08;3;0
50;2025-11-08;4;0
50;2025-11-08;5;1
50;2025-11-08;6;6
50;2025-11-08;7;12
50;2025-11-08;8;19
50;2025-11-08;9;19
50;2025-11-08;10;20
50;2025-11-08;11;22
50;2025-11-08;12;23
50;2025-11-08;13;24
50;2025-11-08;14;25
50;2025-11-08;15;23
50;2025-11-08;16;22
50;2025-11-08;17;22
50;2025-11-08;18;21
50;2025-11-08;19;18
50;2025-11-08;20;15
50;2025-11-08;21;11
50;2025-11-08;22;6
50;2025-11-08;23;4
1;2025-11-09;0;1
1;2025-11-09;1;0
1;2025-11-09;2;0
1;2025-11-09;3;0
1;2025-11-09;4;0
1;2025-11-09;5;25
1;2025-11-09;6;125
1;2025-11-09;7;311
1;2025-11-09;8;397
1;2025-11-09;9;654
1;2025-11-09;10;734
1;2025-11-09;11;705
1;2025-11-09;12;838
1;2025-11-09;13;912
1;2025-11-09;14;819
1;2025-11-09;15;765
1;2025-11-09;16;714
1;2025-11-09;17;667
1;2025-11-09;18;602
1;2025-11-09;19;478
1;2025-11-09;20;365
1;2025-11-09;21;270
1;2025-11-09;22;97
1;2025-11-09;23;25
5;2025-11-09;0;0
5;2025-11-09;1;0
5;2025-11-09;2;0
5;2025-11-09;3;0
5;2025-11-09;4;0
5;2025-11-09;5;0
5;2025-11-09;6;0
5;2025-11-09;7;0
5;2025-11-09;8;0
5;2025-11-09;9;0
5;2025-11-09;10;0
5;2025-11-09;11;0
5;2025-11-09;12;0
5;2025-11-09;13;0
5;2025-11-09;14;0
5;2025-11-09;15;0
5;2025-11-09;16;0
5;2025-11-09;17;0
5;2025-11-09;18;0
5;2025-11-09;19;0
5;2025-11-09;20;0
5;2025-11-09;21;0
5;2025-11-09;22;0
5;2025-11-09;23;0
7;2025-11-09;0;71
7;2025-11-09;1;14
7;2025-11-09;2;0
7;2025-11-09;3;0
7;2025-11-09;4;2
7;2025-11-09;5;29
7;2025-11-09;6;117
7;2025-11-09;7;225
7;2025-11-09;8;387
7;2025-11-09;9;395
7;2025-11-09;10;403
7;2025-11-09;11;522
7;2025-11-09;12;575
7;2025-11-09;13;552
7;2025-11-09;14;628
7;2025-11-09;15;618
7;2025-11-09;16;566
7;2025-11-09;17;636
7;2025-11-09;18;614
7;2025-11-09;19;496
7;2025-11-09;20;377
7;2025-11-09;21;288
7;2025-11-09;22;137
7;2025-11-09;23;99
11;2025-11-09;0;99
11;2025-11-09;1;19
11;2025-11-09;2;0
11;2025-11-09;3;0
11;2025-11-09;4;1
11;2025-11-09;5;113
11;2025-11-09;6;601
11;2025-11-09;7;598
11;2025-11-09;8;831
11;2025-11-09;9;1044
11;2025-11-09;10;1136
11;2025-11-09;11;1582
11;2025-11-09;12;1749
11;2025-11-09;13;1676
11;2025-11-09;14;1738
11;2025-11-09;15;1778
11;2025-11-09;16;1718
11;2025-11-09;17;1854
11;2025-11-09;18;1496
11;2025-11-09;19;1323
11;2025-11-09;20;908
11;2025-11-09;21;630
11;2025-11-09;22;358
11;2025-11-09;23;241
12;2025-11-09;0;75
12;2025-11-09;1;9
12;2025-11-09;2;0
12;2025-11-09;3;0
12;2025-11-09;4;7
12;2025-11-09;5;161
12;2025-11-09;6;589
12;2025-11-09;7;765
12;2025-11-09;8;807
12;2025-11-09;9;1010
12;2025-11-09;10;1177
12;2025-11-09;11;1331
12;2025-11-09;12;1387
12;2025-11-09;13;1584
12;2025-11-09;14;1544
12;2025-11-09;15;1503
12;2025-11-09;16;1607
12;2025-11-09;17;1683
12;2025-11-09;18;1437
12;2025-11-09;19;1058
12;2025-11-09;20;830
12;2025-11-09;21;615
12;2025-11-09;22;369
12;2025-11-09;23;218
17;2025-11-09;0;193
17;2025-11-09;1;29
17;2025-11-09;2;0
17;2025-11-09;3;0
17;2025-11-09;4;10
17;2025-11-09;5;113
17;2025-11-09;6;466
17;2025-11-09;7;955
17;2025-11-09;8;1412
17;2025-11-09;9;1845
17;2025-11-09;10;2218
17;2025-11-09;11;2743
17;2025-11-09;12;3078
17;2025-11-09;13;3420
17;2025-11-09;14;3604
17;2025-11-09;15;3343
17;2025-11-09;16;3349
17;2025-11-09;17;3266
17;2025-11-09;18;2789
17;2025-11-09;19;2209
17;2025-11-09;20;1695
17;2025-11-09;21;1190
17;2025-11-09;22;688
17;2025-11-09;23;331
25;2025-11-09;0;18
25;2025-11-09;1;1
25;2025-11-09;2;0
25;2025-11-09;3;0
25;2025-11-09;4;0
25;2025-11-09;5;10
25;2025-11-09;6;57
25;2025-11-09;7;112
25;2025-11-09;8;223
25;2025-11-09;9;225
25;2025-11-09;10;245
25;2025-11-09;11;328
25;2025-11-09;12;389
25;2025-11-09;13;516
25;2025-11-09;14;550
25;2025-11-09;15;699
25;2025-11-09;16;590
25;2025-11-09;17;552
25;2025-11-09;18;515
25;2025-11-09;19;401
25;2025-11-09;20;257
25;2025-11-09;21;198
25;2025-11-09;22;100
25;2025-11-09;23;38
26;2025-11-09;0;57
26;2025-11-09;1;8
26;2025-11-09;2;0
26;2025-11-09;3;0
26;2025-11-09;4;4
26;2025-11-09;5;33
26;2025-11-09;6;155
26;2025-11-09;7;315
26;2025-11-09;8;455
26;2025-11-09;9;565
26;2025-11-09;10;659
26;2025-11-09;11;859
26;2025-11-09;12;884
26;2025-11-09;13;954
26;2025-11-09;14;968
26;2025-11-09;15;903
26;2025-11-09;16;901
26;2025-11-09;17;860
26;2025-11-09;18;785
26;2025-11-09;19;624
26;2025-11-09;20;462
26;2025-11-09;21;346
26;2025-11-09;22;186
26;2025-11-09;23;118
28;2025-11-09;0;3
28;2025-11-09;1;1
28;2025-11-09;2;0
28;2025-11-09;3;0
28;2025-11-09;4;2
28;2025-11-09;5;32
28;2025-11-09;6;89
28;2025-11-09;7;179
28;2025-11-09;8;305
28;2025-11-09;9;345
28;2025-11-09;10;391
28;2025-11-09;11;414
28;2025-11-09;12;493
28;2025-11-09;13;541
28;2025-11-09;14;548
28;2025-11-09;15;566
28;2025-11-09;16;520
28;2025-11-09;17;536
28;2025-11-09;18;471
28;2025-11-09;19;400
28;2025-11-09;20;307
28;2025-11-09;21;245
28;2025-11-09;22;99
28;2025-11-09;23;13
50;2025-11-09;0;1
50;2025-11-09;1;0
50;2025-11-09;2;0
50;2025-11-09;3;0
50;2025-11-09;4;0
50;2025-11-09;5;1
50;2025-11-09;6;4
50;2025-11-09;7;8
50;2025-11-09;8;13
50;2025-11-09;9;14
50;2025-11-09;10;15
50;2025-11-09;11;18
50;2025-11-09;12;20
50;2025-11-09;13;22
50;2025-11-09;14;22
50;2025-11-09;15;22
50;2025-11-09;16;20
50;2025-11-09;17;20
50;2025-11-09;18;19
50;2025-11-09;19;16
50;2025-11-09;20;14
50;2025-11-09;21;11
50;2025-11-09;22;5
50;2025-11-09;23;3
1;2025-11-10;0;0
1;2025-11-10;1;0
1;2025-11-10;2;0
1;2025-11-10;3;0
1;2025-11-10;4;11
1;2025-11-10;5;128
1;2025-11-10;6;505
1;2025-11-10;7;1532
1;2025-11-10;8;2041
1;2025-11-10;9;1454
1;2025-11-10;10;1301
1;2025-11-10;11;1287
1;2025-11-10;12;1342
1;2025-11-10;13;1402
1;2025-11-10;14;1361
1;2025-11-10;15;1491
1;2025-11-10;16;1521
1;2025-11-10;17;1851
1;2025-11-10;18;1933
1;2025-11-10;19;1472
1;2025-11-10;20;942
1;2025-11-10;21;466
1;2025-11-10;22;193
1;2025-11-10;23;35
5;2025-11-10;0;0
5;2025-11-10;1;0
5;2025-11-10;2;0
5;2025-11-10;3;0
5;2025-11-10;4;0
5;2025-11-10;5;0
5;2025-11-10;6;0
5;2025-11-10;7;0
5;2025-11-10;8;0
5;2025-11-10;9;0
5;2025-11-10;10;0
5;2025-11-10;11;0
5;2025-11-10;12;0
5;2025-11-10;13;0
5;2025-11-10;14;0
5;2025-11-10;15;0
5;2025-11-10;16;0
5;2025-11-10;17;0
5;2025-11-10;18;0
5;2025-11-10;19;0
5;2025-11-10;20;0
5;2025-11-10;21;0
5;2025-11-10;22;0
5;2025-11-10;23;0
7;2025-11-10;0;57
7;2025-11-10;1;9
7;2025-11-10;2;0
7;2025-11-10;3;0
7;2025-11-10;4;4
7;2025-11-10;5;181
7;2025-11-10;6;637
7;2025-11-10;7;1709
7;2025-11-10;8;2633
7;2025-11-10;9;1886
7;2025-11-10;10;1741
7;2025-11-10;11;1569
7;2025-11-10;12;1712
7;2025-11-10;13;1636
7;2025-11-10;14;1697
7;2025-11-10;15;1911
7;2025-11-10;16;1946
7;2025-11-10;17;2562
7;2025-11-10;18;2768
7;2025-11-10;19;1809
7;2025-11-10;20;1123
7;2025-11-10;21;600
7;2025-11-10;22;233
7;2025-11-10;23;177
11;2025-11-10;0;71
11;2025-11-10;1;9
11;2025-11-10;2;0
11;2025-11-10;3;0
11;2025-11-10;4;0
11;2025-11-10;5;255
11;2025-11-10;6;1363
11;2025-11-10;7;2498
11;2025-11-10;8;3137
11;2025-11-10;9;2457
11;2025-11-10;10;1908
11;2025-11-10;11;1933
11;2025-11-10;12;1867
11;2025-11-10;13;1915
11;2025-11-10;14;1925
11;2025-11-10;15;1982
11;2025-11-10;16;2247
11;2025-11-10;17;2801
11;2025-11-10;18;3079
11;2025-11-10;19;2295
11;2025-11-10;20;1344
11;2025-11-10;21;781
11;2025-11-10;22;354
11;2025-11-10;23;211
12;2025-11-10;0;59
12;2025-11-10;1;6
12;2025-11-10;2;0
12;2025-11-10;3;0
12;2025-11-10;4;11
12;2025-11-10;5;318
12;2025-11-10;6;1424
12;2025-11-10;7;2738
12;2025-11-10;8;3690
12;2025-11-10;9;2540
12;2025-11-10;10;2043
12;2025-11-10;11;1943
12;2025-11-10;12;2039
12;2025-11-10;13;2040
12;2025-11-10;14;1902
12;2025-11-10;15;2182
12;2025-11-10;16;2647
12;2025-11-10;17;3091
12;2025-11-10;18;3197
12;2025-11-10;19;2412
12;2025-11-10;20;1594
12;2025-11-10;21;970
12;2025-11-10;22;472
12;2025-11-10;23;237
17;2025-11-10;0;122
17;2025-11-10;1;16
17;2025-11-10;2;0
17;2025-11-10;3;0
17;2025-11-10;4;23
17;2025-11-10;5;312
17;2025-11-10;6;1541
17;2025-11-10;7;4259
17;2025-11-10;8;5402
17;2025-11-10;9;3948
17;2025-11-10;10;3009
17;2025-11-10;11;3013
17;2025-11-10;12;2999
17;2025-11-10;13;3036
17;2025-11-10;14;3155
17;2025-11-10;15;3232
17;2025-11-10;16;3623
17;2025-11-10;17;4435
17;2025-11-10;18;4778
17;2025-11-10;19;3185
17;2025-11-10;20;2250
17;2025-11-10;21;1349
17;2025-11-10;22;656
17;2025-11-10;23;319
25;2025-11-10;0;10
25;2025-11-10;1;1
25;2025-11-10;2;0
25;2025-11-10;3;0
25;2025-11-10;4;0
25;2025-11-10;5;10
25;2025-11-10;6;185
25;2025-11-10;7;563
25;2025-11-10;8;940
25;2025-11-10;9;504
25;2025-11-10;10;373
25;2025-11-10;11;426
25;2025-11-10;12;406
25;2025-11-10;13;571
25;2025-11-10;14;458
25;2025-11-10;15;550
25;2025-11-10;16;692
25;2025-11-10;17;776
25;2025-11-10;18;805
25;2025-11-10;19;580
25;2025-11-10;20;326
25;2025-11-10;21;212
25;2025-11-10;22;89
25;2025-11-10;23;13
26;2025-11-10;0;34
26;2025-11-10;1;5
26;2025-11-10;2;0
26;2025-11-10;3;0
26;2025-11-10;4;4
26;2025-11-10;5;84
26;2025-11-10;6;469
26;2025-11-10;7;1167
26;2025-11-10;8;2185
26;2025-11-10;9;1471
26;2025-11-10;10;1260
26;2025-11-10;11;1082
26;2025-11-10;12;1092
26;2025-11-10;13;1191
26;2025-11-10;14;1261
26;2025-11-10;15;1287
26;2025-11-10;16;1473
26;2025-11-10;17;1723
26;2025-11-10;18;1918
26;2025-11-10;19;1238
26;2025-11-10;20;753
26;2025-11-10;21;481
26;2025-11-10;22;201
26;2025-11-10;23;116
28;2025-11-10;0;1
28;2025-11-10;1;0
28;2025-11-10;2;0
28;2025-11-10;3;0
28;2025-11-10;4;5
28;2025-11-10;5;78
28;2025-11-10;6;259
28;2025-11-10;7;739
28;2025-11-10;8;1197
28;2025-11-10;9;833
28;2025-11-10;10;604
28;2025-11-10;11;543
28;2025-11-10;12;694
28;2025-11-10;13;679
28;2025-11-10;14;622
28;2025-11-10;15;661
28;2025-11-10;16;856
28;2025-11-10;17;989
28;2025-11-10;18;950
28;2025-11-10;19;735
28;2025-11-10;20;478
28;2025-11-10;21;292
28;2025-11-10;22;110
28;2025-11-10;23;10
50;2025-11-10;0;13
50;2025-11-10;1;2
50;2025-11-10;2;0
50;2025-11-10;3;0
50;2025-11-10;4;7
50;2025-11-10;5;65
50;2025-11-10;6;499
50;2025-11-10;7;1686
50;2025-11-10;8;2828
50;2025-11-10;9;2166
50;2025-11-10;10;1685
50;2025-11-10;11;1515
50;2025-11-10;12;1426
50;2025-11-10;13;1491
50;2025-11-10;14;1424
50;2025-11-10;15;1642
50;2025-11-10;16;1723
50;2025-11-10;17;2316
50;2025-11-10;18;2496
50;2025-11-10;19;1430
50;2025-11-10;20;919
50;2025-11-10;21;591
50;2025-11-10;22;242
50;2025-11-10;23;117
1;2025-11-11;0;5
1;2025-11-11;1;0
1;2025-11-11;2;0
1;2025-11-11;3;0
1;2025-11-11;4;12
1;2025-11-11;5;126
1;2025-11-11;6;512
1;2025-11-11;7;1635
1;2025-11-11;8;2134
1;2025-11-11;9;1573
1;2025-11-11;10;1420
1;2025-11-11;11;1368
1;2025-11-11;12;1423
1;2025-11-11;13;1469
1;2025-11-11;14;1352
1;2025-11-11;15;1492
1;2025-11-11;16;1538
1;2025-11-11;17;1877
1;2025-11-11;18;1901
1;2025-11-11;19;1453
1;2025-11-11;20;937
1;2025-11-11;21;491
1;2025-11-11;22;197
1;2025-11-11;23;38
5;2025-11-11;0;0
5;2025-11-11;1;0
5;2025-11-11;2;0
5;2025-11-11;3;0
5;2025-11-11;4;0
5;2025-11-11;5;0
5;2025-11-11;6;0
5;2025-11-11;7;0
5;2025-11-11;8;0
5;2025-11-11;9;0
5;2025-11-11;10;0
5;2025-11-11;11;0
5;2025-11-11;12;0
5;2025-11-11;13;0
5;2025-11-11;14;0
5;2025-11-11;15;0
5;2025-11-11;16;0
5;2025-11-11;17;0
5;2025-11-11;18;0
5;2025-11-11;19;0
5;2025-11-11;20;0
5;2025-11-11;21;0
5;2025-11-11;22;0
5;2025-11-11;23;0
7;2025-11-11;0;60
7;2025-11-11;1;11
7;2025-11-11;2;0
7;2025-11-11;3;0
7;2025-11-11;4;5
7;2025-11-11;5;183
7;2025-11-11;6;649
7;2025-11-11;7;1758
7;2025-11-11;8;2674
7;2025-11-11;9;1947
7;2025-11-11;10;1808
7;2025-11-11;11;1708
7;2025-11-11;12;1872
7;2025-11-11;13;1679
7;2025-11-11;14;1744
7;2025-11-11;15;2012
7;2025-11-11;16;1999
7;2025-11-11;17;2587
7;2025-11-11;18;2831
7;2025-11-11;19;1885
7;2025-11-11;20;1168
7;2025-11-11;21;648
7;2025-11-11;22;262
7;2025-11-11;23;203
11;2025-11-11;0;57
11;2025-11-11;1;1
11;2025-11-11;2;0
11;2025-11-11;3;0
11;2025-11-11;4;0
11;2025-11-11;5;245
11;2025-11-11;6;1373
11;2025-11-11;7;2609
11;2025-11-11;8;3321
11;2025-11-11;9;2548
11;2025-11-11;10;2064
11;2025-11-11;11;1937
11;2025-11-11;12;1972
11;2025-11-11;13;2030
11;2025-11-11;14;2070
11;2025-11-11;15;2017
11;2025-11-11;16;2291
11;2025-11-11;17;2890
11;2025-11-11;18;3076
11;2025-11-11;19;2364
11;2025-11-11;20;1406
11;2025-11-11;21;801
11;2025-11-11;22;379
11;2025-11-11;23;218
12;2025-11-11;0;44
12;2025-11-11;1;2
12;2025-11-11;2;0
12;2025-11-11;3;0
12;2025-11-11;4;11
12;2025-11-11;5;326
12;2025-11-11;6;1464
12;2025-11-11;7;2844
12;2025-11-11;8;3926
12;2025-11-11;9;2667
12;2025-11-11;10;2119
12;2025-11-11;11;2033
12;2025-11-11;12;2055
12;2025-11-11;13;2103
12;2025-11-11;14;2025
12;2025-11-11;15;2203
12;2025-11-11;16;2724
12;2025-11-11;17;3177
12;2025-11-11;18;3245
12;2025-11-11;19;2403
12;2025-11-11;20;1552
12;2025-11-11;21;981
12;2025-11-11;22;488
12;2025-11-11;23;244
17;2025-11-11;0;109
17;2025-11-11;1;15
17;2025-11-11;2;0
17;2025-11-11;3;0
17;2025-11-11;4;24
17;2025-11-11;5;317
17;2025-11-11;6;1578
17;2025-11-11;7;4388
17;2025-11-11;8;5631
17;2025-11-11;9;4001
17;2025-11-11;10;3101
17;2025-11-11;11;3101
17;2025-11-11;12;3043
17;2025-11-11;13;3102
17;2025-11-11;14;3298
17;2025-11-11;15;3251
17;2025-11-11;16;3683
17;2025-11-11;17;4657
17;2025-11-11;18;4879
17;2025-11-11;19;3279
17;2025-11-11;20;2313
17;2025-11-11;21;1394
17;2025-11-11;22;672
17;2025-11-11;23;336
25;2025-11-11;0;2
25;2025-11-11;1;0
25;2025-11-11;2;0
25;2025-11-11;3;0
25;2025-11-11;4;0
25;2025-11-11;5;11
25;2025-11-11;6;189
25;2025-11-11;7;581
25;2025-11-11;8;979
25;2025-11-11;9;507
25;2025-11-11;10;404
25;2025-11-11;11;470
25;2025-11-11;12;439
25;2025-11-11;13;563
25;2025-11-11;14;498
25;2025-11-11;15;612
25;2025-11-11;16;715
25;2025-11-11;17;760
25;2025-11-11;18;807
25;2025-11-11;19;613
25;2025-11-11;20;342
25;2025-11-11;21;216
25;2025-11-11;22;91
25;2025-11-11;23;11
26;2025-11-11;0;34
26;2025-11-11;1;4
26;2025-11-11;2;0
26;2025-11-11;3;0
26;2025-11-11;4;4
26;2025-11-11;5;88
26;2025-11-11;6;476
26;2025-11-11;7;1222
26;2025-11-11;8;2326
26;2025-11-11;9;1547
26;2025-11-11;10;1341
26;2025-11-11;11;1204
26;2025-11-11;12;1194
26;2025-11-11;13;1203
26;2025-11-11;14;1339
26;2025-11-11;15;1375
26;2025-11-11;16;1562
26;2025-11-11;17;1845
26;2025-11-11;18;2000
26;2025-11-11;19;1313
26;2025-11-11;20;772
26;2025-11-11;21;499
26;2025-11-11;22;207
26;2025-11-11;23;123
28;2025-11-11;0;1
28;2025-11-11;1;0
28;2025-11-11;2;0
28;2025-11-11;3;0
28;2025-11-11;4;4
28;2025-11-11;5;78
28;2025-11-11;6;261
28;2025-11-11;7;796
28;2025-11-11;8;1280
28;2025-11-11;9;839
28;2025-11-11;10;644
28;2025-11-11;11;585
28;2025-11-11;12;713
28;2025-11-11;13;722
28;2025-11-11;14;665
28;2025-11-11;15;701
28;2025-11-11;16;845
28;2025-11-11;17;992
28;2025-11-11;18;951
28;2025-11-11;19;736
28;2025-11-11;20;504
28;2025-11-11;21;313
28;2025-11-11;22;126
28;2025-11-11;23;13
50;2025-11-11;0;23
50;2025-11-11;1;2
50;2025-11-11;2;0
50;2025-11-11;3;0
50;2025-11-11;4;7
50;2025-11-11;5;69
50;2025-11-11;6;514
50;2025-11-11;7;1747
50;2025-11-11;8;2918
50;2025-11-11;9;2243
50;2025-11-11;10;1758
50;2025-11-11;11;1543
50;2025-11-11;12;1470
50;2025-11-11;13;1499
50;2025-11-11;14;1396
50;2025-11-11;15;1664
50;2025-11-11;16;1719
50;2025-11-11;17;2464
50;2025-11-11;18;2546
50;2025-11-11;19;1486
50;2025-11-11;20;968
50;2025-11-11;21;627
50;2025-11-11;22;245
50;2025-11-11;23;124
1;2025-11-12;0;4
1;2025-11-12;1;0
1;2025-11-12;2;0
1;2025-11-12;3;0
1;2025-11-12;4;10
1;2025-11-12;5;126
1;2025-11-12;6;506
1;2025-11-12;7;1481
1;2025-11-12;8;2012
1;2025-11-12;9;1470
1;2025-11-12;10;1361
1;2025-11-12;11;1352
1;2025-11-12;12;1371
1;2025-11-12;13;1413
1;2025-11-12;14;1322
1;2025-11-12;15;1471
1;2025-11-12;16;1494
1;2025-11-12;17;1827
1;2025-11-12;18;1840
1;2025-11-12;19;1469
1;2025-11-12;20;926
1;2025-11-12;21;473
1;2025-11-12;22;213
1;2025-11-12;23;36
5;2025-11-12;0;0
5;2025-11-12;1;0
5;2025-11-12;2;0
5;2025-11-12;3;0
5;2025-11-12;4;0
5;2025-11-12;5;0
5;2025-11-12;6;0
5;2025-11-12;7;0
5;2025-11-12;8;0
5;2025-11-12;9;0
5;2025-11-12;10;0
5;2025-11-12;11;0
5;2025-11-12;12;0
5;2025-11-12;13;0
5;2025-11-12;14;0
5;2025-11-12;15;0
5;2025-11-12;16;0
5;2025-11-12;17;0
5;2025-11-12;18;0
5;2025-11-12;19;0
5;2025-11-12;20;0
5;2025-11-12;21;0
5;2025-11-12;22;0
5;2025-11-12;23;0
7;2025-11-12;0;61
7;2025-11-12;1;11
7;2025-11-12;2;0
7;2025-11-12;3;0
7;2025-11-12;4;6
7;2025-11-12;5;187
7;2025-11-12;6;637
7;2025-11-12;7;1674
7;2025-11-12;8;2576
7;2025-11-12;9;1937
7;2025-11-12;10;1867
7;2025-11-12;11;1657
7;2025-11-12;12;1802
7;2025-11-12;13;1670
7;2025-11-12;14;1735
7;2025-11-12;15;1938
7;2025-11-12;16;1921
7;2025-11-12;17;2584
7;2025-11-12;18;2751
7;2025-11-12;19;1757
7;2025-11-12;20;1132
7;2025-11-12;21;645
7;2025-11-12;22;273
7;2025-11-12;23;198
11;2025-11-12;0;61
11;2025-11-12;1;1
11;2025-11-12;2;0
11;2025-11-12;3;0
11;2025-11-12;4;0
11;2025-11-12;5;250
11;2025-11-12;6;1291
11;2025-11-12;7;2500
11;2025-11-12;8;3253
11;2025-11-12;9;2443
11;2025-11-12;10;2028
11;2025-11-12;11;2010
11;2025-11-12;12;1991
11;2025-11-12;13;2063
11;2025-11-12;14;2034
11;2025-11-12;15;1937
11;2025-11-12;16;2159
11;2025-11-12;17;2724
11;2025-11-12;18;3027
11;2025-11-12;19;2283
11;2025-11-12;20;1400
11;2025-11-12;21;820
11;2025-11-12;22;387
11;2025-11-12;23;236
12;2025-11-12;0;55
12;2025-11-12;1;3
12;2025-11-12;2;0
12;2025-11-12;3;0
12;2025-11-12;4;11
12;2025-11-12;5;331
12;2025-11-12;6;1466
12;2025-11-12;7;2722
12;2025-11-12;8;3655
12;2025-11-12;9;2614
12;2025-11-12;10;2111
12;2025-11-12;11;1980
12;2025-11-12;12;2073
12;2025-11-12;13;2081
12;2025-11-12;14;1953
12;2025-11-12;15;2223
12;2025-11-12;16;2723
12;2025-11-12;17;3075
12;2025-11-12;18;3217
12;2025-11-12;19;2426
12;2025-11-12;20;1566
12;2025-11-12;21;1010
12;2025-11-12;22;503
12;2025-11-12;23;252
17;2025-11-12;0;122
17;2025-11-12;1;15
17;2025-11-12;2;0
17;2025-11-12;3;0
17;2025-11-12;4;23
17;2025-11-12;5;311
17;2025-11-12;6;1569
17;2025-11-12;7;4173
17;2025-11-12;8;5299
17;2025-11-12;9;3863
17;2025-11-12;10;3100
17;2025-11-12;11;3050
17;2025-11-12;12;3048
17;2025-11-12;13;3146
17;2025-11-12;14;3267
17;2025-11-12;15;3180
17;2025-11-12;16;3632
17;2025-11-12;17;4488
17;2025-11-12;18;4700
17;2025-11-12;19;3240
17;2025-11-12;20;2282
17;2025-11-12;21;1450
17;2025-11-12;22;705
17;2025-11-12;23;367
25;2025-11-12;0;1
25;2025-11-12;1;0
25;2025-11-12;2;0
25;2025-11-12;3;0
25;2025-11-12;4;0
25;2025-11-12;5;11
25;2025-11-12;6;186
25;2025-11-12;7;554
25;2025-11-12;8;944
25;2025-11-12;9;495
25;2025-11-12;10;412
25;2025-11-12;11;473
25;2025-11-12;12;444
25;2025-11-12;13;593
25;2025-11-12;14;467
25;2025-11-12;15;608
25;2025-11-12;16;699
25;2025-11-12;17;793
25;2025-11-12;18;833
25;2025-11-12;19;624
25;2025-11-12;20;345
25;2025-11-12;21;240
25;2025-11-12;22;102
25;2025-11-12;23;10
26;2025-11-12;0;35
26;2025-11-12;1;4
26;2025-11-12;2;0
26;2025-11-12;3;0
26;2025-11-12;4;4
26;2025-11-12;5;88
26;2025-11-12;6;464
26;2025-11-12;7;1142
26;2025-11-12;8;2220
26;2025-11-12;9;1507
26;2025-11-12;10;1274
26;2025-11-12;11;1121
26;2025-11-12;12;1150
26;2025-11-12;13;1187
26;2025-11-12;14;1350
26;2025-11-12;15;1336
26;2025-11-12;16;1476
26;2025-11-12;17;1671
26;2025-11-12;18;1841
26;2025-11-12;19;1221
26;2025-11-12;20;773
26;2025-11-12;21;530
26;2025-11-12;22;223
26;2025-11-12;23;137
28;2025-11-12;0;1
28;2025-11-12;1;0
28;2025-11-12;2;0
28;2025-11-12;3;0
28;2025-11-12;4;4
28;2025-11-12;5;81
28;2025-11-12;6;264
28;2025-11-12;7;732
28;2025-11-12;8;1225
28;2025-11-12;9;822
28;2025-11-12;10;609
28;2025-11-12;11;571
28;2025-11-12;12;710
28;2025-11-12;13;714
28;2025-11-12;14;621
28;2025-11-12;15;684
28;2025-11-12;16;858
28;2025-11-12;17;976
28;2025-11-12;18;939
28;2025-11-12;19;727
28;2025-11-12;20;495
28;2025-11-12;21;303
28;2025-11-12;22;127
28;2025-11-12;23;12
50;2025-11-12;0;22
50;2025-11-12;1;2
50;2025-11-12;2;0
50;2025-11-12;3;0
50;2025-11-12;4;7
50;2025-11-12;5;71
50;2025-11-12;6;518
50;2025-11-12;7;1735
50;2025-11-12;8;2895
50;2025-11-12;9;2288
50;2025-11-12;10;1761
50;2025-11-12;11;1575
50;2025-11-12;12;1501
50;2025-11-12;13;1575
50;2025-11-12;14;1513
50;2025-11-12;15;1715
50;2025-11-12;16;1793
50;2025-11-12;17;2410
50;2025-11-12;18;2487
50;2025-11-12;19;1522
50;2025-11-12;20;954
50;2025-11-12;21;623
50;2025-11-12;22;271
50;2025-11-12;23;135
1;2025-11-13;0;5
1;2025-11-13;1;0
1;2025-11-13;2;0
1;2025-11-13;3;0
1;2025-11-13;4;11
1;2025-11-13;5;117
1;2025-11-13;6;473
1;2025-11-13;7;1535
1;2025-11-13;8;2040
1;2025-11-13;9;1450
1;2025-11-13;10;1357
1;2025-11-13;11;1335
1;2025-11-13;12;1412
1;2025-11-13;13;1413
1;2025-11-13;14;1360
1;2025-11-13;15;1512
1;2025-11-13;16;1538
1;2025-11-13;17;1839
1;2025-11-13;18;1822
1;2025-11-13;19;1372
1;2025-11-13;20;900
1;2025-11-13;21;470
1;2025-11-13;22;191
1;2025-11-13;23;36
5;2025-11-13;0;0
5;2025-11-13;1;0
5;2025-11-13;2;0
5;2025-11-13;3;0
5;2025-11-13;4;0
5;2025-11-13;5;0
5;2025-11-13;6;0
5;2025-11-13;7;0
5;2025-11-13;8;0
5;2025-11-13;9;0
5;2025-11-13;10;0
5;2025-11-13;11;0
5;2025-11-13;12;0
5;2025-11-13;13;0
5;2025-11-13;14;0
5;2025-11-13;15;0
5;2025-11-13;16;0
5;2025-11-13;17;0
5;2025-11-13;18;0
5;2025-11-13;19;0
5;2025-11-13;20;0
5;2025-11-13;21;0
5;2025-11-13;22;0
5;2025-11-13;23;0
7;2025-11-13;0;65
7;2025-11-13;1;12
7;2025-11-13;2;0
7;2025-11-13;3;0
7;2025-11-13;4;4
7;2025-11-13;5;179
7;2025-11-13;6;639
7;2025-11-13;7;1675
7;2025-11-13;8;2605
7;2025-11-13;9;1875
7;2025-11-13;10;1731
7;2025-11-13;11;1649
7;2025-11-13;12;1804
7;2025-11-13;13;1612
7;2025-11-13;14;1796
7;2025-11-13;15;1899
7;2025-11-13;16;1992
7;2025-11-13;17;2487
7;2025-11-13;18;2735
7;2025-11-13;19;1714
7;2025-11-13;20;1072
7;2025-11-13;21;608
7;2025-11-13;22;253
7;2025-11-13;23;208
11;2025-11-13;0;63
11;2025-11-13;1;1
11;2025-11-13;2;0
11;2025-11-13;3;0
11;2025-11-13;4;0
11;2025-11-13;5;242
11;2025-11-13;6;1327
11;2025-11-13;7;2600
11;2025-11-13;8;3242
11;2025-11-13;9;2564
11;2025-11-13;10;2217
11;2025-11-13;11;1985
11;2025-11-13;12;2075
11;2025-11-13;13;2131
11;2025-11-13;14;2117
11;2025-11-13;15;1987
11;2025-11-13;16;2261
11;2025-11-13;17;2798
11;2025-11-13;18;3086
11;2025-11-13;19;2343
11;2025-11-13;20;1426
11;2025-11-13;21;863
11;2025-11-13;22;410
11;2025-11-13;23;244
12;2025-11-13;0;47
12;2025-11-13;1;4
12;2025-11-13;2;0
12;2025-11-13;3;0
12;2025-11-13;4;10
12;2025-11-13;5;316
12;2025-11-13;6;1441
12;2025-11-13;7;2872
12;2025-11-13;8;3785
12;2025-11-13;9;2634
12;2025-11-13;10;2060
12;2025-11-13;11;1999
12;2025-11-13;12;2041
12;2025-11-13;13;2113
12;2025-11-13;14;1985
12;2025-11-13;15;2242
12;2025-11-13;16;2740
12;2025-11-13;17;3120
12;2025-11-13;18;3227
12;2025-11-13;19;2410
12;2025-11-13;20;1635
12;2025-11-13;21;980
12;2025-11-13;22;517
12;2025-11-13;23;261
17;2025-11-13;0;126
17;2025-11-13;1;15
17;2025-11-13;2;0
17;2025-11-13;3;0
17;2025-11-13;4;22
17;2025-11-13;5;314
17;2025-11-13;6;1541
17;2025-11-13;7;4287
17;2025-11-13;8;5535
17;2025-11-13;9;3907
17;2025-11-13;10;3140
17;2025-11-13;11;3161
17;2025-11-13;12;3114
17;2025-11-13;13;3157
17;2025-11-13;14;3247
17;2025-11-13;15;3210
17;2025-11-13;16;3784
17;2025-11-13;17;4461
17;2025-11-13;18;4523
17;2025-11-13;19;3227
17;2025-11-13;20;2353
17;2025-11-13;21;1461
17;2025-11-13;22;730
17;2025-11-13;23;378
25;2025-11-13;0;1
25;2025-11-13;1;0
25;2025-11-13;2;0
25;2025-11-13;3;0
25;2025-11-13;4;0
25;2025-11-13;5;11
25;2025-11-13;6;188
25;2025-11-13;7;568
25;2025-11-13;8;976
25;2025-11-13;9;492
25;2025-11-13;10;421
25;2025-11-13;11;467
25;2025-11-13;12;449
25;2025-11-13;13;587
25;2025-11-13;14;545
25;2025-11-13;15;653
25;2025-11-13;16;730
25;2025-11-13;17;799
25;2025-11-13;18;805
25;2025-11-13;19;636
25;2025-11-13;20;324
25;2025-11-13;21;223
25;2025-11-13;22;96
25;2025-11-13;23;8
26;2025-11-13;0;38
26;2025-11-13;1;3
26;2025-11-13;2;0
26;2025-11-13;3;0
26;2025-11-13;4;4
26;2025-11-13;5;89
26;2025-11-13;6;461
26;2025-11-13;7;1147
26;2025-11-13;8;2280
26;2025-11-13;9;1496
26;2025-11-13;10;1263
26;2025-11-13;11;1187
26;2025-11-13;12;1183
26;2025-11-13;13;1192
26;2025-11-13;14;1366
26;2025-11-13;15;1386
26;2025-11-13;16;1561
26;2025-11-13;17;1746
26;2025-11-13;18;1889
26;2025-11-13;19;1186
26;2025-11-13;20;730
26;2025-11-13;21;499
26;2025-11-13;22;213
26;2025-11-13;23;130
28;2025-11-13;0;2
28;2025-11-13;1;0
28;2025-11-13;2;0
28;2025-11-13;3;0
28;2025-11-13;4;4
28;2025-11-13;5;82
28;2025-11-13;6;256
28;2025-11-13;7;771
28;2025-11-13;8;1278
28;2025-11-13;9;812
28;2025-11-13;10;596
28;2025-11-13;11;553
28;2025-11-13;12;698
28;2025-11-13;13;710
28;2025-11-13;14;696
28;2025-11-13;15;739
28;2025-11-13;16;882
28;2025-11-13;17;1005
28;2025-11-13;18;939
28;2025-11-13;19;739
28;2025-11-13;20;497
28;2025-11-13;21;314
28;2025-11-13;22;127
28;2025-11-13;23;13
50;2025-11-13;0;29
50;2025-11-13;1;2
50;2025-11-13;2;0
50;2025-11-13;3;0
50;2025-11-13;4;7
50;2025-11-13;5;68
50;2025-11-13;6;480
50;2025-11-13;7;1673
50;2025-11-13;8;2731
50;2025-11-13;9;2125
50;2025-11-13;10;1689
50;2025-11-13;11;1488
50;2025-11-13;12;1459
50;2025-11-13;13;1504
50;2025-11-13;14;1435
50;2025-11-13;15;1649
50;2025-11-13;16;1688
50;2025-11-13;17;2280
50;2025-11-13;18;2428
50;2025-11-13;19;1434
50;2025-11-13;20;943
50;2025-11-13;21;666
50;2025-11-13;22;260
50;2025-11-13;23;149
1;2025-11-14;0;5
1;2025-11-14;1;0
1;2025-11-14;2;0
1;2025-11-14;3;0
1;2025-11-14;4;11
1;2025-11-14;5;131
1;2025-11-14;6;464
1;2025-11-14;7;1520
1;2025-11-14;8;1990
1;2025-11-14;9;1452
1;2025-11-14;10;1306
1;2025-11-14;11;1380
1;2025-11-14;12;1379
1;2025-11-14;13;1441
1;2025-11-14;14;1361
1;2025-11-14;15;1540
1;2025-11-14;16;1614
1;2025-11-14;17;1839
1;2025-11-14;18;1639
1;2025-11-14;19;1264
1;2025-11-14;20;855
1;2025-11-14;21;485
1;2025-11-14;22;207
1;2025-11-14;23;42
5;2025-11-14;0;0
5;2025-11-14;1;0
5;2025-11-14;2;0
5;2025-11-14;3;0
5;2025-11-14;4;0
5;2025-11-14;5;0
5;2025-11-14;6;0
5;2025-11-14;7;0
5;2025-11-14;8;0
5;2025-11-14;9;0
5;2025-11-14;10;0
5;2025-11-14;11;0
5;2025-11-14;12;0
5;2025-11-14;13;0
5;2025-11-14;14;0
5;2025-11-14;15;0
5;2025-11-14;16;0
5;2025-11-14;17;0
5;2025-11-14;18;0
5;2025-11-14;19;0
5;2025-11-14;20;0
5;2025-11-14;21;0
5;2025-11-14;22;0
5;2025-11-14;23;0
7;2025-11-14;0;69
7;2025-11-14;1;13
7;2025-11-14;2;0
7;2025-11-14;3;0
7;2025-11-14;4;4
7;2025-11-14;5;177
7;2025-11-14;6;601
7;2025-11-14;7;1667
7;2025-11-14;8;2500
7;2025-11-14;9;1807
7;2025-11-14;10;1703
7;2025-11-14;11;1594
7;2025-11-14;12;1771
7;2025-11-14;13;1732
7;2025-11-14;14;1837
7;2025-11-14;15;2009
7;2025-11-14;16;2128
7;2025-11-14;17;2434
7;2025-11-14;18;2201
7;2025-11-14;19;1505
7;2025-11-14;20;1038
7;2025-11-14;21;619
7;2025-11-14;22;278
7;2025-11-14;23;229
11;2025-11-14;0;65
11;2025-11-14;1;2
11;2025-11-14;2;0
11;2025-11-14;3;0
11;2025-11-14;4;0
11;2025-11-14;5;247
11;2025-11-14;6;1351
11;2025-11-14;7;2462
11;2025-11-14;8;3098
11;2025-11-14;9;2346
11;2025-11-14;10;1938
11;2025-11-14;11;1869
11;2025-11-14;12;1909
11;2025-11-14;13;1903
11;2025-11-14;14;2046
11;2025-11-14;15;2052
11;2025-11-14;16;2319
11;2025-11-14;17;2848
11;2025-11-14;18;2524
11;2025-11-14;19;2113
11;2025-11-14;20;1326
11;2025-11-14;21;814
11;2025-11-14;22;397
11;2025-11-14;23;282
12;2025-11-14;0;52
12;2025-11-14;1;4
12;2025-11-14;2;0
12;2025-11-14;3;0
12;2025-11-14;4;10
12;2025-11-14;5;321
12;2025-11-14;6;1457
12;2025-11-14;7;2710
12;2025-11-14;8;3569
12;2025-11-14;9;2514
12;2025-11-14;10;1959
12;2025-11-14;11;1932
12;2025-11-14;12;1948
12;2025-11-14;13;2069
12;2025-11-14;14;1981
12;2025-11-14;15;2360
12;2025-11-14;16;2923
12;2025-11-14;17;3029
12;2025-11-14;18;2684
12;2025-11-14;19;2228
12;2025-11-14;20;1469
12;2025-11-14;21;1034
12;2025-11-14;22;514
12;2025-11-14;23;292
17;2025-11-14;0;138
17;2025-11-14;1;17
17;2025-11-14;2;0
17;2025-11-14;3;0
17;2025-11-14;4;23
17;2025-11-14;5;313
17;2025-11-14;6;1557
17;2025-11-14;7;4201
17;2025-11-14;8;5449
17;2025-11-14;9;3885
17;2025-11-14;10;3077
17;2025-11-14;11;3199
17;2025-11-14;12;3110
17;2025-11-14;13;3262
17;2025-11-14;14;3416
17;2025-11-14;15;3662
17;2025-11-14;16;4299
17;2025-11-14;17;4786
17;2025-11-14;18;4454
17;2025-11-14;19;3286
17;2025-11-14;20;2380
17;2025-11-14;21;1526
17;2025-11-14;22;768
17;2025-11-14;23;438
25;2025-11-14;0;1
25;2025-11-14;1;0
25;2025-11-14;2;0
25;2025-11-14;3;0
25;2025-11-14;4;0
25;2025-11-14;5;12
25;2025-11-14;6;195
25;2025-11-14;7;564
25;2025-11-14;8;902
25;2025-11-14;9;476
25;2025-11-14;10;397
25;2025-11-14;11;463
25;2025-11-14;12;437
25;2025-11-14;13;600
25;2025-11-14;14;534
25;2025-11-14;15;674
25;2025-11-14;16;786
25;2025-11-14;17;778
25;2025-11-14;18;693
25;2025-11-14;19;580
25;2025-11-14;20;338
25;2025-11-14;21;223
25;2025-11-14;22;108
25;2025-11-14;23;14
26;2025-11-14;0;37
26;2025-11-14;1;3
26;2025-11-14;2;0
26;2025-11-14;3;0
26;2025-11-14;4;4
26;2025-11-14;5;80
26;2025-11-14;6;463
26;2025-11-14;7;1077
26;2025-11-14;8;2100
26;2025-11-14;9;1382
26;2025-11-14;10;1239
26;2025-11-14;11;1101
26;2025-11-14;12;1125
26;2025-11-14;13;1159
26;2025-11-14;14;1322
26;2025-11-14;15;1309
26;2025-11-14;16;1609
26;2025-11-14;17;1657
26;2025-11-14;18;1449
26;2025-11-14;19;1045
26;2025-11-14;20;688
26;2025-11-14;21;468
26;2025-11-14;22;210
26;2025-11-14;23;147
28;2025-11-14;0;1
28;2025-11-14;1;0
28;2025-11-14;2;0
28;2025-11-14;3;0
28;2025-11-14;4;4
28;2025-11-14;5;81
28;2025-11-14;6;262
28;2025-11-14;7;757
28;2025-11-14;8;1212
28;2025-11-14;9;804
28;2025-11-14;10;604
28;2025-11-14;11;581
28;2025-11-14;12;732
28;2025-11-14;13;721
28;2025-11-14;14;677
28;2025-11-14;15;725
28;2025-11-14;16;911
28;2025-11-14;17;959
28;2025-11-14;18;830
28;2025-11-14;19;662
28;2025-11-14;20;455
28;2025-11-14;21;315
28;2025-11-14;22;126
28;2025-11-14;23;16
50;2025-11-14;0;31
50;2025-11-14;1;2
50;2025-11-14;2;0
50;2025-11-14;3;0
50;2025-11-14;4;8
50;2025-11-14;5;70
50;2025-11-14;6;499
50;2025-11-14;7;1706
50;2025-11-14;8;2774
50;2025-11-14;9;2081
50;2025-11-14;10;1577
50;2025-11-14;11;1482
50;2025-11-14;12;1439
50;2025-11-14;13;1511
50;2025-11-14;14;1439
50;2025-11-14;15;1700
50;2025-11-14;16;2116
50;2025-11-14;17;2195
50;2025-11-14;18;1741
50;2025-11-14;19;1256
50;2025-11-14;20;876
50;2025-11-14;21;581
50;2025-11-14;22;281
50;2025-11-14;23;153
1;2025-11-15;0;4
1;2025-11-15;1;1
1;2025-11-15;2;0
1;2025-11-15;3;0
1;2025-11-15;4;1
1;2025-11-15;5;34
1;2025-11-15;6;180
1;2025-11-15;7;408
1;2025-11-15;8;536
1;2025-11-15;9;834
1;2025-11-15;10;906
1;2025-11-15;11;820
1;2025-11-15;12;1049
1;2025-11-15;13;1079
1;2025-11-15;14;955
1;2025-11-15;15;835
1;2025-11-15;16;836
1;2025-11-15;17;798
1;2025-11-15;18;696
1;2025-11-15;19;653
1;2025-11-15;20;461
1;2025-11-15;21;317
1;2025-11-15;22;126
1;2025-11-15;23;28
5;2025-11-15;0;0
5;2025-11-15;1;0
5;2025-11-15;2;0
5;2025-11-15;3;0
5;2025-11-15;4;0
5;2025-11-15;5;0
5;2025-11-15;6;0
5;2025-11-15;7;0
5;2025-11-15;8;0
5;2025-11-15;9;0
5;2025-11-15;10;0
5;2025-11-15;11;0
5;2025-11-15;12;0
5;2025-11-15;13;0
5;2025-11-15;14;0
5;2025-11-15;15;0
5;2025-11-15;16;0
5;2025-11-15;17;0
5;2025-11-15;18;0
5;2025-11-15;19;0
5;2025-11-15;20;0
5;2025-11-15;21;0
5;2025-11-15;22;0
5;2025-11-15;23;0
7;2025-11-15;0;101
7;2025-11-15;1;14
7;2025-11-15;2;0
7;2025-11-15;3;0
7;2025-11-15;4;4
7;2025-11-15;5;46
7;2025-11-15;6;232
7;2025-11-15;7;450
7;2025-11-15;8;816
7;2025-11-15;9;769
7;2025-11-15;10;839
7;2025-11-15;11;896
7;2025-11-15;12;986
7;2025-11-15;13;977
7;2025-11-15;14;1061
7;2025-11-15;15;1032
7;2025-11-15;16;926
7;2025-11-15;17;965
7;2025-11-15;18;989
7;2025-11-15;19;930
7;2025-11-15;20;688
7;2025-11-15;21;491
7;2025-11-15;22;153
7;2025-11-15;23;117
11;2025-11-15;0;97
11;2025-11-15;1;2
11;2025-11-15;2;0
11;2025-11-15;3;0
11;2025-11-15;4;1
11;2025-11-15;5;156
11;2025-11-15;6;903
11;2025-11-15;7;794
11;2025-11-15;8;1149
11;2025-11-15;9;1242
11;2025-11-15;10;1317
11;2025-11-15;11;1651
11;2025-11-15;12;1773
11;2025-11-15;13;1649
11;2025-11-15;14;1684
11;2025-11-15;15;1642
11;2025-11-15;16;1709
11;2025-11-15;17;1862
11;2025-11-15;18;1623
11;2025-11-15;19;1578
11;2025-11-15;20;1096
11;2025-11-15;21;741
11;2025-11-15;22;410
11;2025-11-15;23;271
12;2025-11-15;0;68
12;2025-11-15;1;4
12;2025-11-15;2;0
12;2025-11-15;3;0
12;2025-11-15;4;7
12;2025-11-15;5;246
12;2025-11-15;6;899
12;2025-11-15;7;940
12;2025-11-15;8;1055
12;2025-11-15;9;1189
12;2025-11-15;10;1427
12;2025-11-15;11;1367
12;2025-11-15;12;1394
12;2025-11-15;13;1599
12;2025-11-15;14;1452
12;2025-11-15;15;1373
12;2025-11-15;16;1513
12;2025-11-15;17;1544
12;2025-11-15;18;1485
12;2025-11-15;19;1353
12;2025-11-15;20;1004
12;2025-11-15;21;697
12;2025-11-15;22;398
12;2025-11-15;23;263
17;2025-11-15;0;185
17;2025-11-15;1;22
17;2025-11-15;2;0
17;2025-11-15;3;0
17;2025-11-15;4;9
17;2025-11-15;5;130
17;2025-11-15;6;584
17;2025-11-15;7;1367
17;2025-11-15;8;1852
17;2025-11-15;9;2297
17;2025-11-15;10;2427
17;2025-11-15;11;2831
17;2025-11-15;12;2957
17;2025-11-15;13;3185
17;2025-11-15;14;3230
17;2025-11-15;15;3106
17;2025-11-15;16;3247
17;2025-11-15;17;3106
17;2025-11-15;18;2857
17;2025-11-15;19;2459
17;2025-11-15;20;1813
17;2025-11-15;21;1266
17;2025-11-15;22;788
17;2025-11-15;23;424
25;2025-11-15;0;3
25;2025-11-15;1;0
25;2025-11-15;2;0
25;2025-11-15;3;0
25;2025-11-15;4;0
25;2025-11-15;5;9
25;2025-11-15;6;68
25;2025-11-15;7;147
25;2025-11-15;8;337
25;2025-11-15;9;302
25;2025-11-15;10;307
25;2025-11-15;11;410
25;2025-11-15;12;388
25;2025-11-15;13;569
25;2025-11-15;14;572
25;2025-11-15;15;677
25;2025-11-15;16;614
25;2025-11-15;17;522
25;2025-11-15;18;541
25;2025-11-15;19;479
25;2025-11-15;20;276
25;2025-11-15;21;228
25;2025-11-15;22;110
25;2025-11-15;23;46
26;2025-11-15;0;50
26;2025-11-15;1;4
26;2025-11-15;2;1
26;2025-11-15;3;1
26;2025-11-15;4;5
26;2025-11-15;5;56
26;2025-11-15;6;272
26;2025-11-15;7;438
26;2025-11-15;8;744
26;2025-11-15;9;741
26;2025-11-15;10;884
26;2025-11-15;11;1054
26;2025-11-15;12;1070
26;2025-11-15;13;1047
26;2025-11-15;14;1139
26;2025-11-15;15;985
26;2025-11-15;16;1049
26;2025-11-15;17;970
26;2025-11-15;18;902
26;2025-11-15;19;882
26;2025-11-15;20;577
26;2025-11-15;21;419
26;2025-11-15;22;229
26;2025-11-15;23;157
28;2025-11-15;0;3
28;2025-11-15;1;0
28;2025-11-15;2;0
28;2025-11-15;3;0
28;2025-11-15;4;2
28;2025-11-15;5;34
28;2025-11-15;6;97
28;2025-11-15;7;219
28;2025-11-15;8;373
28;2025-11-15;9;437
28;2025-11-15;10;438
28;2025-11-15;11;429
28;2025-11-15;12;561
28;2025-11-15;13;549
28;2025-11-15;14;543
28;2025-11-15;15;517
28;2025-11-15;16;517
28;2025-11-15;17;508
28;2025-11-15;18;419
28;2025-11-15;19;367
28;2025-11-15;20;272
28;2025-11-15;21;243
28;2025-11-15;22;113
28;2025-11-15;23;18
50;2025-11-15;0;38
50;2025-11-15;1;3
50;2025-11-15;2;0
50;2025-11-15;3;0
50;2025-11-15;4;3
50;2025-11-15;5;54
50;2025-11-15;6;229
50;2025-11-15;7;511
50;2025-11-15;8;758
50;2025-11-15;9;764
50;2025-11-15;10;808
50;2025-11-15;11;838
50;2025-11-15;12;853
50;2025-11-15;13;908
50;2025-11-15;14;968
50;2025-11-15;15;930
50;2025-11-15;16;872
50;2025-11-15;17;940
50;2025-11-15;18;911
50;2025-11-15;19;791
50;2025-11-15;20;614
50;2025-11-15;21;473
50;2025-11-15;22;225
50;2025-11-15;23;161
1;2025-11-16;0;1
1;2025-11-16;1;0
1;2025-11-16;2;0
1;2025-11-16;3;0
1;2025-11-16;4;0
1;2025-11-16;5;26
1;2025-11-16;6;130
1;2025-11-16;7;307
1;2025-11-16;8;409
1;2025-11-16;9;662
1;2025-11-16;10;737
1;2025-11-16;11;707
1;2025-11-16;12;821
1;2025-11-16;13;904
1;2025-11-16;14;826
1;2025-11-16;15;742
1;2025-11-16;16;691
1;2025-11-16;17;655
1;2025-11-16;18;606
1;2025-11-16;19;502
1;2025-11-16;20;381
1;2025-11-16;21;273
1;2025-11-16;22;104
1;2025-11-16;23;26
5;2025-11-16;0;0
5;2025-11-16;1;0
5;2025-11-16;2;0
5;2025-11-16;3;0
5;2025-11-16;4;0
5;2025-11-16;5;0
5;2025-11-16;6;0
5;2025-11-16;7;0
5;2025-11-16;8;0
5;2025-11-16;9;0
5;2025-11-16;10;0
5;2025-11-16;11;0
5;2025-11-16;12;0
5;2025-11-16;13;0
5;2025-11-16;14;0
5;2025-11-16;15;0
5;2025-11-16;16;0
5;2025-11-16;17;0
5;2025-11-16;18;0
5;2025-11-16;19;0
5;2025-11-16;20;0
5;2025-11-16;21;0
5;2025-11-16;22;0
5;2025-11-16;23;0
7;2025-11-16;0;73
7;2025-11-16;1;11
7;2025-11-16;2;0
7;2025-11-16;3;0
7;2025-11-16;4;4
7;2025-11-16;5;32
7;2025-11-16;6;157
7;2025-11-16;7;304
7;2025-11-16;8;548
7;2025-11-16;9;612
7;2025-11-16;10;624
7;2025-11-16;11;773
7;2025-11-16;12;814
7;2025-11-16;13;803
7;2025-11-16;14;919
7;2025-11-16;15;896
7;2025-11-16;16;797
7;2025-11-16;17;917
7;2025-11-16;18;853
7;2025-11-16;19;738
7;2025-11-16;20;593
7;2025-11-16;21;436
7;2025-11-16;22;138
7;2025-11-16;23;105
11;2025-11-16;0;103
11;2025-11-16;1;18
11;2025-11-16;2;1
11;2025-11-16;3;0
11;2025-11-16;4;1
11;2025-11-16;5;110
11;2025-11-16;6;616
11;2025-11-16;7;601
11;2025-11-16;8;820
11;2025-11-16;9;1047
11;2025-11-16;10;1164
11;2025-11-16;11;1586
11;2025-11-16;12;1680
11;2025-11-16;13;1630
11;2025-11-16;14;1633
11;2025-11-16;15;1692
11;2025-11-16;16;1644
11;2025-11-16;17;1822
11;2025-11-16;18;1485
11;2025-11-16;19;1311
11;2025-11-16;20;947
11;2025-11-16;21;666
11;2025-11-16;22;365
11;2025-11-16;23;238
12;2025-11-16;0;80
12;2025-11-16;1;9
12;2025-11-16;2;0
12;2025-11-16;3;0
12;2025-11-16;4;7
12;2025-11-16;5;174
12;2025-11-16;6;604
12;2025-11-16;7;744
12;2025-11-16;8;790
12;2025-11-16;9;968
12;2025-11-16;10;1180
12;2025-11-16;11;1292
12;2025-11-16;12;1354
12;2025-11-16;13;1583
12;2025-11-16;14;1501
12;2025-11-16;15;1431
12;2025-11-16;16;1569
12;2025-11-16;17;1637
12;2025-11-16;18;1370
12;2025-11-16;19;1027
12;2025-11-16;20;839
12;2025-11-16;21;620
12;2025-11-16;22;399
12;2025-11-16;23;228
17;2025-11-16;0;203
17;2025-11-16;1;29
17;2025-11-16;2;0
17;2025-11-16;3;0
17;2025-11-16;4;10
17;2025-11-16;5;115
17;2025-11-16;6;466
17;2025-11-16;7;938
17;2025-11-16;8;1351
17;2025-11-16;9;1851
17;2025-11-16;10;2183
17;2025-11-16;11;2789
17;2025-11-16;12;3105
17;2025-11-16;13;3315
17;2025-11-16;14;3421
17;2025-11-16;15;3126
17;2025-11-16;16;3282
17;2025-11-16;17;3134
17;2025-11-16;18;2762
17;2025-11-16;19;2235
17;2025-11-16;20;1689
17;2025-11-16;21;1247
17;2025-11-16;22;738
17;2025-11-16;23;347
25;2025-11-16;0;17
25;2025-11-16;1;1
25;2025-11-16;2;0
25;2025-11-16;3;0
25;2025-11-16;4;0
25;2025-11-16;5;9
25;2025-11-16;6;54
25;2025-11-16;7;111
25;2025-11-16;8;222
25;2025-11-16;9;229
25;2025-11-16;10;251
25;2025-11-16;11;326
25;2025-11-16;12;371
25;2025-11-16;13;488
25;2025-11-16;14;520
25;2025-11-16;15;653
25;2025-11-16;16;553
25;2025-11-16;17;523
25;2025-11-16;18;487
25;2025-11-16;19;385
25;2025-11-16;20;253
25;2025-11-16;21;199
25;2025-11-16;22;101
25;2025-11-16;23;38
26;2025-11-16;0;56
26;2025-11-16;1;9
26;2025-11-16;2;0
26;2025-11-16;3;0
26;2025-11-16;4;4
26;2025-11-16;5;32
26;2025-11-16;6;162
26;2025-11-16;7;323
26;2025-11-16;8;468
26;2025-11-16;9;588
26;2025-11-16;10;674
26;2025-11-16;11;876
26;2025-11-16;12;882
26;2025-11-16;13;932
26;2025-11-16;14;939
26;2025-11-16;15;868
26;2025-11-16;16;886
26;2025-11-16;17;865
26;2025-11-16;18;808
26;2025-11-16;19;648
26;2025-11-16;20;475
26;2025-11-16;21;351
26;2025-11-16;22;192
26;2025-11-16;23;118
28;2025-11-16;0;3
28;2025-11-16;1;1
28;2025-11-16;2;0
28;2025-11-16;3;0
28;2025-11-16;4;2
28;2025-11-16;5;32
28;2025-11-16;6;88
28;2025-11-16;7;167
28;2025-11-16;8;290
28;2025-11-16;9;342
28;2025-11-16;10;382
28;2025-11-16;11;413
28;2025-11-16;12;495
28;2025-11-16;13;531
28;2025-11-16;14;540
28;2025-11-16;15;531
28;2025-11-16;16;484
28;2025-11-16;17;502
28;2025-11-16;18;443
28;2025-11-16;19;378
28;2025-11-16;20;293
28;2025-11-16;21;235
28;2025-11-16;22;97
28;2025-11-16;23;13
50;2025-11-16;0;32
50;2025-11-16;1;3
50;2025-11-16;2;0
50;2025-11-16;3;0
50;2025-11-16;4;4
50;2025-11-16;5;37
50;2025-11-16;6;166
50;2025-11-16;7;340
50;2025-11-16;8;533
50;2025-11-16;9;598
50;2025-11-16;10;655
50;2025-11-16;11;735
50;2025-11-16;12;773
50;2025-11-16;13;895
50;2025-11-16;14;895
50;2025-11-16;15;899
50;2025-11-16;16;807
50;2025-11-16;17;854
50;2025-11-16;18;810
50;2025-11-16;19;705
50;2025-11-16;20;566
50;2025-11-16;21;433
50;2025-11-16;22;216
50;2025-11-16;23;121
1;2025-11-17;0;0
1;2025-11-17;1;0
1;2025-11-17;2;0
1;2025-11-17;3;0
1;2025-11-17;4;10
1;2025-11-17;5;130
1;2025-11-17;6;514
1;2025-11-17;7;1491
1;2025-11-17;8;2012
1;2025-11-17;9;1472
1;2025-11-17;10;1374
1;2025-11-17;11;1356
1;2025-11-17;12;1366
1;2025-11-17;13;1432
1;2025-11-17;14;1393
1;2025-11-17;15;1456
1;2025-11-17;16;1563
1;2025-11-17;17;1843
1;2025-11-17;18;1956
1;2025-11-17;19;1552
1;2025-11-17;20;964
1;2025-11-17;21;480
1;2025-11-17;22;197
1;2025-11-17;23;34
5;2025-11-17;0;0
5;2025-11-17;1;0
5;2025-11-17;2;0
5;2025-11-17;3;0
5;2025-11-17;4;0
5;2025-11-17;5;0
5;2025-11-17;6;0
5;2025-11-17;7;0
5;2025-11-17;8;0
5;2025-11-17;9;0
5;2025-11-17;10;0
5;2025-11-17;11;0
5;2025-11-17;12;0
5;2025-11-17;13;0
5;2025-11-17;14;0
5;2025-11-17;15;0
5;2025-11-17;16;0
5;2025-11-17;17;0
5;2025-11-17;18;0
5;2025-11-17;19;0
5;2025-11-17;20;0
5;2025-11-17;21;0
5;2025-11-17;22;0
5;2025-11-17;23;0
7;2025-11-17;0;54
7;2025-11-17;1;7
7;2025-11-17;2;0
7;2025-11-17;3;0
7;2025-11-17;4;4
7;2025-11-17;5;176
7;2025-11-17;6;647
7;2025-11-17;7;1694
7;2025-11-17;8;2616
7;2025-11-17;9;1884
7;2025-11-17;10;1736
7;2025-11-17;11;1542
7;2025-11-17;12;1611
7;2025-11-17;13;1549
7;2025-11-17;14;1657
7;2025-11-17;15;1855
7;2025-11-17;16;1900
7;2025-11-17;17;2450
7;2025-11-17;18;2625
7;2025-11-17;19;1752
7;2025-11-17;20;1130
7;2025-11-17;21;598
7;2025-11-17;22;231
7;2025-11-17;23;173
11;2025-11-17;0;69
11;2025-11-17;1;9
11;2025-11-17;2;0
11;2025-11-17;3;0
11;2025-11-17;4;0
11;2025-11-17;5;247
11;2025-11-17;6;1341
11;2025-11-17;7;2466
11;2025-11-17;8;3155
11;2025-11-17;9;2453
11;2025-11-17;10;1939
11;2025-11-17;11;1908
11;2025-11-17;12;1832
11;2025-11-17;13;1892
11;2025-11-17;14;1865
11;2025-11-17;15;1898
11;2025-11-17;16;2153
11;2025-11-17;17;2761
11;2025-11-17;18;3012
11;2025-11-17;19;2322
11;2025-11-17;20;1355
11;2025-11-17;21;784
11;2025-11-17;22;344
11;2025-11-17;23;211
12;2025-11-17;0;59
12;2025-11-17;1;6
12;2025-11-17;2;0
12;2025-11-17;3;0
12;2025-11-17;4;11
12;2025-11-17;5;317
12;2025-11-17;6;1471
12;2025-11-17;7;2633
12;2025-11-17;8;3551
12;2025-11-17;9;2538
12;2025-11-17;10;2016
12;2025-11-17;11;1938
12;2025-11-17;12;2014
12;2025-11-17;13;2006
12;2025-11-17;14;1825
12;2025-11-17;15;2143
12;2025-11-17;16;2639
12;2025-11-17;17;2968
12;2025-11-17;18;3181
12;2025-11-17;19;2361
12;2025-11-17;20;1608
12;2025-11-17;21;969
12;2025-11-17;22;475
12;2025-11-17;23;238
17;2025-11-17;0;121
17;2025-11-17;1;15
17;2025-11-17;2;0
17;2025-11-17;3;0
17;2025-11-17;4;23
17;2025-11-17;5;313
17;2025-11-17;6;1513
17;2025-11-17;7;4066
17;2025-11-17;8;5259
17;2025-11-17;9;4026
17;2025-11-17;10;3135
17;2025-11-17;11;3227
17;2025-11-17;12;3161
17;2025-11-17;13;3212
17;2025-11-17;14;3215
17;2025-11-17;15;3257
17;2025-11-17;16;3780
17;2025-11-17;17;4500
17;2025-11-17;18;4810
17;2025-11-17;19;3288
17;2025-11-17;20;2285
17;2025-11-17;21;1418
17;2025-11-17;22;680
17;2025-11-17;23;333
25;2025-11-17;0;9
25;2025-11-17;1;1
25;2025-11-17;2;0
25;2025-11-17;3;0
25;2025-11-17;4;0
25;2025-11-17;5;9
25;2025-11-17;6;174
25;2025-11-17;7;541
25;2025-11-17;8;908
25;2025-11-17;9;491
25;2025-11-17;10;364
25;2025-11-17;11;418
25;2025-11-17;12;403
25;2025-11-17;13;550
25;2025-11-17;14;441
25;2025-11-17;15;528
25;2025-11-17;16;664
25;2025-11-17;17;730
25;2025-11-17;18;765
25;2025-11-17;19;549
25;2025-11-17;20;314
25;2025-11-17;21;206
25;2025-11-17;22;86
25;2025-11-17;23;12
26;2025-11-17;0;32
26;2025-11-17;1;5
26;2025-11-17;2;0
26;2025-11-17;3;1
26;2025-11-17;4;4
26;2025-11-17;5;78
26;2025-11-17;6;480
26;2025-11-17;7;1165
26;2025-11-17;8;2199
26;2025-11-17;9;1497
26;2025-11-17;10;1289
26;2025-11-17;11;1092
26;2025-11-17;12;1101
26;2025-11-17;13;1170
26;2025-11-17;14;1243
26;2025-11-17;15;1267
26;2025-11-17;16;1466
26;2025-11-17;17;1716
26;2025-11-17;18;1936
26;2025-11-17;19;1227
26;2025-11-17;20;775
26;2025-11-17;21;491
26;2025-11-17;22;202
26;2025-11-17;23;115
28;2025-11-17;0;1
28;2025-11-17;1;0
28;2025-11-17;2;0
28;2025-11-17;3;0
28;2025-11-17;4;5
28;2025-11-17;5;73
28;2025-11-17;6;249
28;2025-11-17;7;675
28;2025-11-17;8;1130
28;2025-11-17;9;817
28;2025-11-17;10;595
28;2025-11-17;11;520
28;2025-11-17;12;686
28;2025-11-17;13;669
28;2025-11-17;14;587
28;2025-11-17;15;608
28;2025-11-17;16;790
28;2025-11-17;17;930
28;2025-11-17;18;896
28;2025-11-17;19;696
28;2025-11-17;20;453
28;2025-11-17;21;282
28;2025-11-17;22;105
28;2025-11-17;23;9
50;2025-11-17;0;11
50;2025-11-17;1;2
50;2025-11-17;2;0
50;2025-11-17;3;0
50;2025-11-17;4;7
50;2025-11-17;5;64
50;2025-11-17;6;489
50;2025-11-17;7;1751
50;2025-11-17;8;2779
50;2025-11-17;9;2276
50;2025-11-17;10;1694
50;2025-11-17;11;1488
50;2025-11-17;12;1369
50;2025-11-17;13;1471
50;2025-11-17;14;1420
50;2025-11-17;15;1593
50;2025-11-17;16;1708
50;2025-11-17;17;2313
50;2025-11-17;18;2454
50;2025-11-17;19;1423
50;2025-11-17;20;931
50;2025-11-17;21;580
50;2025-11-17;22;234
50;2025-11-17;23;113
1;2025-11-18;0;4
1;2025-11-18;1;0
1;2025-11-18;2;0
1;2025-11-18;3;0
1;2025-11-18;4;10
1;2025-11-18;5;113
1;2025-11-18;6;503
1;2025-11-18;7;1450
1;2025-11-18;8;1920
1;2025-11-18;9;1484
1;2025-11-18;10;1340
1;2025-11-18;11;1266
1;2025-11-18;12;1336
1;2025-11-18;13;1333
1;2025-11-18;14;1192
1;2025-11-18;15;1296
1;2025-11-18;16;1499
1;2025-11-18;17;1711
1;2025-11-18;18;1722
1;2025-11-18;19;1449
1;2025-11-18;20;887
1;2025-11-18;21;466
1;2025-11-18;22;194
1;2025-11-18;23;36
5;2025-11-18;0;0
5;2025-11-18;1;0
5;2025-11-18;2;0
5;2025-11-18;3;0
5;2025-11-18;4;0
5;2025-11-18;5;0
5;2025-11-18;6;0
5;2025-11-18;7;0
5;2025-11-18;8;0
5;2025-11-18;9;0
5;2025-11-18;10;0
5;2025-11-18;11;0
5;2025-11-18;12;0
5;2025-11-18;13;0
5;2025-11-18;14;0
5;2025-11-18;15;0
5;2025-11-18;16;0
5;2025-11-18;17;0
5;2025-11-18;18;0
5;2025-11-18;19;0
5;2025-11-18;20;0
5;2025-11-18;21;0
5;2025-11-18;22;0
5;2025-11-18;23;0
7;2025-11-18;0;53
7;2025-11-18;1;9
7;2025-11-18;2;0
7;2025-11-18;3;0
7;2025-11-18;4;4
7;2025-11-18;5;177
7;2025-11-18;6;628
7;2025-11-18;7;1678
7;2025-11-18;8;2437
7;2025-11-18;9;1824
7;2025-11-18;10;1705
7;2025-11-18;11;1593
7;2025-11-18;12;1552
7;2025-11-18;13;1541
7;2025-11-18;14;1572
7;2025-11-18;15;1772
7;2025-11-18;16;1710
7;2025-11-18;17;2311
7;2025-11-18;18;2560
7;2025-11-18;19;1783
7;2025-11-18;20;1104
7;2025-11-18;21;612
7;2025-11-18;22;242
7;2025-11-18;23;177
11;2025-11-18;0;53
11;2025-11-18;1;1
11;2025-11-18;2;0
11;2025-11-18;3;0
11;2025-11-18;4;0
11;2025-11-18;5;228
11;2025-11-18;6;1335
11;2025-11-18;7;2410
11;2025-11-18;8;3196
11;2025-11-18;9;2394
11;2025-11-18;10;1892
11;2025-11-18;11;1637
11;2025-11-18;12;1738
11;2025-11-18;13;1695
11;2025-11-18;14;1837
11;2025-11-18;15;1711
11;2025-11-18;16;2137
11;2025-11-18;17;2650
11;2025-11-18;18;2783
11;2025-11-18;19;2302
11;2025-11-18;20;1408
11;2025-11-18;21;769
11;2025-11-18;22;351
11;2025-11-18;23;216
12;2025-11-18;0;42
12;2025-11-18;1;1
12;2025-11-18;2;0
12;2025-11-18;3;0
12;2025-11-18;4;10
12;2025-11-18;5;318
12;2025-11-18;6;1475
12;2025-11-18;7;2695
12;2025-11-18;8;3390
12;2025-11-18;9;2398
12;2025-11-18;10;1986
12;2025-11-18;11;1810
12;2025-11-18;12;1803
12;2025-11-18;13;1886
12;2025-11-18;14;1774
12;2025-11-18;15;2028
12;2025-11-18;16;2541
12;2025-11-18;17;2857
12;2025-11-18;18;3255
12;2025-11-18;19;2366
12;2025-11-18;20;1530
12;2025-11-18;21;939
12;2025-11-18;22;474
12;2025-11-18;23;237
17;2025-11-18;0;101
17;2025-11-18;1;14
17;2025-11-18;2;0
17;2025-11-18;3;0
17;2025-11-18;4;21
17;2025-11-18;5;311
17;2025-11-18;6;1567
17;2025-11-18;7;3951
17;2025-11-18;8;5361
17;2025-11-18;9;3854
17;2025-11-18;10;2902
17;2025-11-18;11;2869
17;2025-11-18;12;2737
17;2025-11-18;13;2925
17;2025-11-18;14;2976
17;2025-11-18;15;3036
17;2025-11-18;16;3363
17;2025-11-18;17;4111
17;2025-11-18;18;4662
17;2025-11-18;19;3195
17;2025-11-18;20;2160
17;2025-11-18;21;1349
17;2025-11-18;22;670
17;2025-11-18;23;331
25;2025-11-18;0;2
25;2025-11-18;1;0
25;2025-11-18;2;0
25;2025-11-18;3;0
25;2025-11-18;4;0
25;2025-11-18;5;10
25;2025-11-18;6;173
25;2025-11-18;7;527
25;2025-11-18;8;895
25;2025-11-18;9;461
25;2025-11-18;10;363
25;2025-11-18;11;426
25;2025-11-18;12;402
25;2025-11-18;13;495
25;2025-11-18;14;454
25;2025-11-18;15;551
25;2025-11-18;16;641
25;2025-11-18;17;657
25;2025-11-18;18;750
25;2025-11-18;19;569
25;2025-11-18;20;318
25;2025-11-18;21;200
25;2025-11-18;22;86
25;2025-11-18;23;9
26;2025-11-18;0;32
26;2025-11-18;1;3
26;2025-11-18;2;0
26;2025-11-18;3;0
26;2025-11-18;4;3
26;2025-11-18;5;79
26;2025-11-18;6;482
26;2025-11-18;7;1087
26;2025-11-18;8;2196
26;2025-11-18;9;1446
26;2025-11-18;10;1220
26;2025-11-18;11;1045
26;2025-11-18;12;1044
26;2025-11-18;13;1044
26;2025-11-18;14;1272
26;2025-11-18;15;1223
26;2025-11-18;16;1375
26;2025-11-18;17;1702
26;2025-11-18;18;1802
26;2025-11-18;19;1203
26;2025-11-18;20;729
26;2025-11-18;21;469
26;2025-11-18;22;201
26;2025-11-18;23;116
28;2025-11-18;0;1
28;2025-11-18;1;0
28;2025-11-18;2;0
28;2025-11-18;3;0
28;2025-11-18;4;3
28;2025-11-18;5;71
28;2025-11-18;6;254
28;2025-11-18;7;770
28;2025-11-18;8;1204
28;2025-11-18;9;805
28;2025-11-18;10;596
28;2025-11-18;11;536
28;2025-11-18;12;667
28;2025-11-18;13;694
28;2025-11-18;14;602
28;2025-11-18;15;583
28;2025-11-18;16;724
28;2025-11-18;17;888
28;2025-11-18;18;891
28;2025-11-18;19;672
28;2025-11-18;20;470
28;2025-11-18;21;302
28;2025-11-18;22;120
28;2025-11-18;23;11
50;2025-11-18;0;19
50;2025-11-18;1;2
50;2025-11-18;2;0
50;2025-11-18;3;0
50;2025-11-18;4;6
50;2025-11-18;5;62
50;2025-11-18;6;484
50;2025-11-18;7;1692
50;2025-11-18;8;2705
50;2025-11-18;9;2173
50;2025-11-18;10;1656
50;2025-11-18;11;1389
50;2025-11-18;12;1339
50;2025-11-18;13;1340
50;2025-11-18;14;1284
50;2025-11-18;15;1362
50;2025-11-18;16;1579
50;2025-11-18;17;2158
50;2025-11-18;18;2269
50;2025-11-18;19;1344
50;2025-11-18;20;896
50;2025-11-18;21;568
50;2025-11-18;22;234
50;2025-11-18;23;113
1;2025-11-19;0;4
1;2025-11-19;1;0
1;2025-11-19;2;0
1;2025-11-19;3;0
1;2025-11-19;4;10
1;2025-11-19;5;125
1;2025-11-19;6;514
1;2025-11-19;7;1483
1;2025-11-19;8;2014
1;2025-11-19;9;1488
1;2025-11-19;10;1365
1;2025-11-19;11;1312
1;2025-11-19;12;1393
1;2025-11-19;13;1401
1;2025-11-19;14;1339
1;2025-11-19;15;1407
1;2025-11-19;16;1464
1;2025-11-19;17;1867
1;2025-11-19;18;1927
1;2025-11-19;19;1480
1;2025-11-19;20;946
1;2025-11-19;21;469
1;2025-11-19;22;209
1;2025-11-19;23;36
5;2025-11-19;0;0
5;2025-11-19;1;0
5;2025-11-19;2;0
5;2025-11-19;3;0
5;2025-11-19;4;0
5;2025-11-19;5;0
5;2025-11-19;6;0
5;2025-11-19;7;0
5;2025-11-19;8;0
5;2025-11-19;9;0
5;2025-11-19;10;0
5;2025-11-19;11;0
5;2025-11-19;12;0
5;2025-11-19;13;0
5;2025-11-19;14;0
5;2025-11-19;15;0
5;2025-11-19;16;0
5;2025-11-19;17;0
5;2025-11-19;18;0
5;2025-11-19;19;0
5;2025-11-19;20;0
5;2025-11-19;21;0
5;2025-11-19;22;0
5;2025-11-19;23;0
7;2025-11-19;0;61
7;2025-11-19;1;9
7;2025-11-19;2;0
7;2025-11-19;3;0
7;2025-11-19;4;6
7;2025-11-19;5;189
7;2025-11-19;6;670
7;2025-11-19;7;1712
7;2025-11-19;8;2700
7;2025-11-19;9;1935
7;2025-11-19;10;1831
7;2025-11-19;11;1606
7;2025-11-19;12;1685
7;2025-11-19;13;1604
7;2025-11-19;14;1754
7;2025-11-19;15;1902
7;2025-11-19;16;1887
7;2025-11-19;17;2427
7;2025-11-19;18;2719
7;2025-11-19;19;1753
7;2025-11-19;20;1122
7;2025-11-19;21;646
7;2025-11-19;22;263
7;2025-11-19;23;194
11;2025-11-19;0;61
11;2025-11-19;1;2
11;2025-11-19;2;0
11;2025-11-19;3;0
11;2025-11-19;4;0
11;2025-11-19;5;245
11;2025-11-19;6;1331
11;2025-11-19;7;2498
11;2025-11-19;8;3242
11;2025-11-19;9;2375
11;2025-11-19;10;1947
11;2025-11-19;11;1971
11;2025-11-19;12;1862
11;2025-11-19;13;1975
11;2025-11-19;14;1968
11;2025-11-19;15;1847
11;2025-11-19;16;2099
11;2025-11-19;17;2806
11;2025-11-19;18;3211
11;2025-11-19;19;2362
11;2025-11-19;20;1411
11;2025-11-19;21;829
11;2025-11-19;22;380
11;2025-11-19;23;230
12;2025-11-19;0;49
12;2025-11-19;1;3
12;2025-11-19;2;0
12;2025-11-19;3;0
12;2025-11-19;4;10
12;2025-11-19;5;331
12;2025-11-19;6;1508
12;2025-11-19;7;2630
12;2025-11-19;8;3613
12;2025-11-19;9;2579
12;2025-11-19;10;2072
12;2025-11-19;11;1856
12;2025-11-19;12;1909
12;2025-11-19;13;1956
12;2025-11-19;14;1813
12;2025-11-19;15;2081
12;2025-11-19;16;2533
12;2025-11-19;17;2991
12;2025-11-19;18;3164
12;2025-11-19;19;2349
12;2025-11-19;20;1528
12;2025-11-19;21;995
12;2025-11-19;22;500
12;2025-11-19;23;252
17;2025-11-19;0;120
17;2025-11-19;1;14
17;2025-11-19;2;0
17;2025-11-19;3;0
17;2025-11-19;4;22
17;2025-11-19;5;308
17;2025-11-19;6;1574
17;2025-11-19;7;4172
17;2025-11-19;8;5382
17;2025-11-19;9;3919
17;2025-11-19;10;3083
17;2025-11-19;11;2971
17;2025-11-19;12;2944
17;2025-11-19;13;3022
17;2025-11-19;14;3081
17;2025-11-19;15;3348
17;2025-11-19;16;3814
17;2025-11-19;17;4445
17;2025-11-19;18;4899
17;2025-11-19;19;3442
17;2025-11-19;20;2266
17;2025-11-19;21;1395
17;2025-11-19;22;719
17;2025-11-19;23;362
25;2025-11-19;0;2
25;2025-11-19;1;0
25;2025-11-19;2;0
25;2025-11-19;3;0
25;2025-11-19;4;0
25;2025-11-19;5;11
25;2025-11-19;6;179
25;2025-11-19;7;543
25;2025-11-19;8;898
25;2025-11-19;9;470
25;2025-11-19;10;398
25;2025-11-19;11;450
25;2025-11-19;12;422
25;2025-11-19;13;560
25;2025-11-19;14;449
25;2025-11-19;15;582
25;2025-11-19;16;676
25;2025-11-19;17;756
25;2025-11-19;18;835
25;2025-11-19;19;610
25;2025-11-19;20;342
25;2025-11-19;21;241
25;2025-11-19;22;97
25;2025-11-19;23;9
26;2025-11-19;0;34
26;2025-11-19;1;4
26;2025-11-19;2;0
26;2025-11-19;3;0
26;2025-11-19;4;4
26;2025-11-19;5;88
26;2025-11-19;6;478
26;2025-11-19;7;1171
26;2025-11-19;8;2260
26;2025-11-19;9;1497
26;2025-11-19;10;1244
26;2025-11-19;11;1152
26;2025-11-19;12;1172
26;2025-11-19;13;1181
26;2025-11-19;14;1326
26;2025-11-19;15;1275
26;2025-11-19;16;1431
26;2025-11-19;17;1672
26;2025-11-19;18;1915
26;2025-11-19;19;1268
26;2025-11-19;20;799
26;2025-11-19;21;527
26;2025-11-19;22;229
26;2025-11-19;23;135
28;2025-11-19;0;1
28;2025-11-19;1;0
28;2025-11-19;2;0
28;2025-11-19;3;0
28;2025-11-19;4;4
28;2025-11-19;5;65
28;2025-11-19;6;210
28;2025-11-19;7;572
28;2025-11-19;8;917
28;2025-11-19;9;647
28;2025-11-19;10;473
28;2025-11-19;11;467
28;2025-11-19;12;561
28;2025-11-19;13;560
28;2025-11-19;14;484
28;2025-11-19;15;521
28;2025-11-19;16;654
28;2025-11-19;17;752
28;2025-11-19;18;736
28;2025-11-19;19;569
28;2025-11-19;20;386
28;2025-11-19;21;237
28;2025-11-19;22;101
28;2025-11-19;23;11
50;2025-11-19;0;17
50;2025-11-19;1;2
50;2025-11-19;2;0
50;2025-11-19;3;0
50;2025-11-19;4;7
50;2025-11-19;5;70
50;2025-11-19;6;534
50;2025-11-19;7;1731
50;2025-11-19;8;2865
50;2025-11-19;9;2235
50;2025-11-19;10;1768
50;2025-11-19;11;1519
50;2025-11-19;12;1505
50;2025-11-19;13;1511
50;2025-11-19;14;1487
50;2025-11-19;15;1726
50;2025-11-19;16;1728
50;2025-11-19;17;2409
50;2025-11-19;18;2549
50;2025-11-19;19;1535
50;2025-11-19;20;935
50;2025-11-19;21;621
50;2025-11-19;22;261
50;2025-11-19;23;131
1;2025-11-20;0;5
1;2025-11-20;1;0
1;2025-11-20;2;0
1;2025-11-20;3;0
1;2025-11-20;4;11
1;2025-11-20;5;118
1;2025-11-20;6;492
1;2025-11-20;7;1465
1;2025-11-20;8;1997
1;2025-11-20;9;1443
1;2025-11-20;10;1370
1;2025-11-20;11;1306
1;2025-11-20;12;1402
1;2025-11-20;13;1397
1;2025-11-20;14;1313
1;2025-11-20;15;1393
1;2025-11-20;16;1470
1;2025-11-20;17;1803
1;2025-11-20;18;1890
1;2025-11-20;19;1434
1;2025-11-20;20;937
1;2025-11-20;21;470
1;2025-11-20;22;204
1;2025-11-20;23;37
5;2025-11-20;0;0
5;2025-11-20;1;0
5;2025-11-20;2;0
5;2025-11-20;3;0
5;2025-11-20;4;0
5;2025-11-20;5;0
5;2025-11-20;6;0
5;2025-11-20;7;0
5;2025-11-20;8;0
5;2025-11-20;9;0
5;2025-11-20;10;0
5;2025-11-20;11;0
5;2025-11-20;12;0
5;2025-11-20;13;0
5;2025-11-20;14;0
5;2025-11-20;15;0
5;2025-11-20;16;0
5;2025-11-20;17;0
5;2025-11-20;18;0
5;2025-11-20;19;0
5;2025-11-20;20;0
5;2025-11-20;21;0
5;2025-11-20;22;0
5;2025-11-20;23;0
7;2025-11-20;0;63
7;2025-11-20;1;10
7;2025-11-20;2;0
7;2025-11-20;3;0
7;2025-11-20;4;4
7;2025-11-20;5;184
7;2025-11-20;6;673
7;2025-11-20;7;1730
7;2025-11-20;8;2723
7;2025-11-20;9;1894
7;2025-11-20;10;1719
7;2025-11-20;11;1595
7;2025-11-20;12;1668
7;2025-11-20;13;1631
7;2025-11-20;14;1778
7;2025-11-20;15;1881
7;2025-11-20;16;1904
7;2025-11-20;17;2374
7;2025-11-20;18;2759
7;2025-11-20;19;1754
7;2025-11-20;20;1119
7;2025-11-20;21;638
7;2025-11-20;22;254
7;2025-11-20;23;199
11;2025-11-20;0;62
11;2025-11-20;1;1
11;2025-11-20;2;0
11;2025-11-20;3;0
11;2025-11-20;4;0
11;2025-11-20;5;244
11;2025-11-20;6;1379
11;2025-11-20;7;2524
11;2025-11-20;8;3109
11;2025-11-20;9;2508
11;2025-11-20;10;2121
11;2025-11-20;11;1933
11;2025-11-20;12;1998
11;2025-11-20;13;2030
11;2025-11-20;14;1996
11;2025-11-20;15;1928
11;2025-11-20;16;2223
11;2025-11-20;17;2896
11;2025-11-20;18;3212
11;2025-11-20;19;2402
11;2025-11-20;20;1456
11;2025-11-20;21;844
11;2025-11-20;22;405
11;2025-11-20;23;244
12;2025-11-20;0;46
12;2025-11-20;1;4
12;2025-11-20;2;0
12;2025-11-20;3;0
12;2025-11-20;4;10
12;2025-11-20;5;321
12;2025-11-20;6;1493
12;2025-11-20;7;2714
12;2025-11-20;8;3623
12;2025-11-20;9;2529
12;2025-11-20;10;2011
12;2025-11-20;11;1897
12;2025-11-20;12;1958
12;2025-11-20;13;2009
12;2025-11-20;14;1846
12;2025-11-20;15;2112
12;2025-11-20;16;2593
12;2025-11-20;17;2985
12;2025-11-20;18;3147
12;2025-11-20;19;2398
12;2025-11-20;20;1624
12;2025-11-20;21;978
12;2025-11-20;22;519
12;2025-11-20;23;255
17;2025-11-20;0;126
17;2025-11-20;1;15
17;2025-11-20;2;0
17;2025-11-20;3;0
17;2025-11-20;4;22
17;2025-11-20;5;321
17;2025-11-20;6;1564
17;2025-11-20;7;4206
17;2025-11-20;8;5466
17;2025-11-20;9;4076
17;2025-11-20;10;3221
17;2025-11-20;11;3143
17;2025-11-20;12;3088
17;2025-11-20;13;3176
17;2025-11-20;14;3174
17;2025-11-20;15;3400
17;2025-11-20;16;3924
17;2025-11-20;17;4565
17;2025-11-20;18;4878
17;2025-11-20;19;3560
17;2025-11-20;20;2450
17;2025-11-20;21;1473
17;2025-11-20;22;748
17;2025-11-20;23;388
25;2025-11-20;0;2
25;2025-11-20;1;0
25;2025-11-20;2;0
25;2025-11-20;3;0
25;2025-11-20;4;0
25;2025-11-20;5;11
25;2025-11-20;6;186
25;2025-11-20;7;553
25;2025-11-20;8;926
25;2025-11-20;9;476
25;2025-11-20;10;411
25;2025-11-20;11;451
25;2025-11-20;12;427
25;2025-11-20;13;551
25;2025-11-20;14;514
25;2025-11-20;15;603
25;2025-11-20;16;681
25;2025-11-20;17;726
25;2025-11-20;18;768
25;2025-11-20;19;593
25;2025-11-20;20;332
25;2025-11-20;21;225
25;2025-11-20;22;95
25;2025-11-20;23;8
26;2025-11-20;0;38
26;2025-11-20;1;3
26;2025-11-20;2;0
26;2025-11-20;3;0
26;2025-11-20;4;3
26;2025-11-20;5;84
26;2025-11-20;6;481
26;2025-11-20;7;1150
26;2025-11-20;8;2197
26;2025-11-20;9;1503
26;2025-11-20;10;1224
26;2025-11-20;11;1135
26;2025-11-20;12;1136
26;2025-11-20;13;1137
26;2025-11-20;14;1287
26;2025-11-20;15;1270
26;2025-11-20;16;1426
26;2025-11-20;17;1682
26;2025-11-20;18;1919
26;2025-11-20;19;1235
26;2025-11-20;20;764
26;2025-11-20;21;495
26;2025-11-20;22;220
26;2025-11-20;23;129
28;2025-11-20;0;2
28;2025-11-20;1;0
28;2025-11-20;2;0
28;2025-11-20;3;0
28;2025-11-20;4;4
28;2025-11-20;5;82
28;2025-11-20;6;271
28;2025-11-20;7;760
28;2025-11-20;8;1196
28;2025-11-20;9;837
28;2025-11-20;10;603
28;2025-11-20;11;580
28;2025-11-20;12;707
28;2025-11-20;13;731
28;2025-11-20;14;665
28;2025-11-20;15;700
28;2025-11-20;16;844
28;2025-11-20;17;991
28;2025-11-20;18;979
28;2025-11-20;19;744
28;2025-11-20;20;508
28;2025-11-20;21;323
28;2025-11-20;22;126
28;2025-11-20;23;13
50;2025-11-20;0;24
50;2025-11-20;1;2
50;2025-11-20;2;0
50;2025-11-20;3;0
50;2025-11-20;4;6
50;2025-11-20;5;71
50;2025-11-20;6;502
50;2025-11-20;7;1771
50;2025-11-20;8;2733
50;2025-11-20;9;2182
50;2025-11-20;10;1698
50;2025-11-20;11;1471
50;2025-11-20;12;1435
50;2025-11-20;13;1528
50;2025-11-20;14;1453
50;2025-11-20;15;1633
50;2025-11-20;16;1686
50;2025-11-20;17;2323
50;2025-11-20;18;2511
50;2025-11-20;19;1491
50;2025-11-20;20;967
50;2025-11-20;21;678
50;2025-11-20;22;261
50;2025-11-20;23;143
1;2025-11-21;0;4
1;2025-11-21;1;0
1;2025-11-21;2;0
1;2025-11-21;3;0
1;2025-11-21;4;11
1;2025-11-21;5;133
1;2025-11-21;6;482
1;2025-11-21;7;1464
1;2025-11-21;8;1969
1;2025-11-21;9;1472
1;2025-11-21;10;1363
1;2025-11-21;11;1366
1;2025-11-21;12;1395
1;2025-11-21;13;1431
1;2025-11-21;14;1341
1;2025-11-21;15;1480
1;2025-11-21;16;1562
1;2025-11-21;17;1792
1;2025-11-21;18;1670
1;2025-11-21;19;1306
1;2025-11-21;20;857
1;2025-11-21;21;484
1;2025-11-21;22;207
1;2025-11-21;23;42
5;2025-11-21;0;0
5;2025-11-21;1;0
5;2025-11-21;2;0
5;2025-11-21;3;0
5;2025-11-21;4;0
5;2025-11-21;5;0
5;2025-11-21;6;0
5;2025-11-21;7;0
5;2025-11-21;8;0
5;2025-11-21;9;0
5;2025-11-21;10;0
5;2025-11-21;11;0
5;2025-11-21;12;0
5;2025-11-21;13;0
5;2025-11-21;14;0
5;2025-11-21;15;0
5;2025-11-21;16;0
5;2025-11-21;17;0
5;2025-11-21;18;0
5;2025-11-21;19;0
5;2025-11-21;20;0
5;2025-11-21;21;0
5;2025-11-21;22;0
5;2025-11-21;23;0
7;2025-11-21;0;68
7;2025-11-21;1;11
7;2025-11-21;2;0
7;2025-11-21;3;0
7;2025-11-21;4;4
7;2025-11-21;5;180
7;2025-11-21;6;601
7;2025-11-21;7;1658
7;2025-11-21;8;2552
7;2025-11-21;9;1815
7;2025-11-21;10;1731
7;2025-11-21;11;1583
7;2025-11-21;12;1682
7;2025-11-21;13;1665
7;2025-11-21;14;1714
7;2025-11-21;15;1969
7;2025-11-21;16;2045
7;2025-11-21;17;2338
7;2025-11-21;18;2161
7;2025-11-21;19;1481
7;2025-11-21;20;1039
7;2025-11-21;21;609
7;2025-11-21;22;261
7;2025-11-21;23;221
11;2025-11-21;0;65
11;2025-11-21;1;2
11;2025-11-21;2;0
11;2025-11-21;3;0
11;2025-11-21;4;0
11;2025-11-21;5;239
11;2025-11-21;6;1332
11;2025-11-21;7;2474
11;2025-11-21;8;3095
11;2025-11-21;9;2415
11;2025-11-21;10;1977
11;2025-11-21;11;1902
11;2025-11-21;12;1903
11;2025-11-21;13;1951
11;2025-11-21;14;1983
11;2025-11-21;15;2004
11;2025-11-21;16;2278
11;2025-11-21;17;2886
11;2025-11-21;18;2580
11;2025-11-21;19;2157
11;2025-11-21;20;1372
11;2025-11-21;21;832
11;2025-11-21;22;396
11;2025-11-21;23;278
12;2025-11-21;0;52
12;2025-11-21;1;3
12;2025-11-21;2;0
12;2025-11-21;3;0
12;2025-11-21;4;10
12;2025-11-21;5;322
12;2025-11-21;6;1445
12;2025-11-21;7;2570
12;2025-11-21;8;3497
12;2025-11-21;9;2523
12;2025-11-21;10;1989
12;2025-11-21;11;1937
12;2025-11-21;12;1947
12;2025-11-21;13;2012
12;2025-11-21;14;1932
12;2025-11-21;15;2254
12;2025-11-21;16;2860
12;2025-11-21;17;2961
12;2025-11-21;18;2552
12;2025-11-21;19;2116
12;2025-11-21;20;1459
12;2025-11-21;21;1003
12;2025-11-21;22;516
12;2025-11-21;23;285
17;2025-11-21;0;137
17;2025-11-21;1;17
17;2025-11-21;2;0
17;2025-11-21;3;0
17;2025-11-21;4;23
17;2025-11-21;5;308
17;2025-11-21;6;1536
17;2025-11-21;7;4170
17;2025-11-21;8;5464
17;2025-11-21;9;4016
17;2025-11-21;10;3163
17;2025-11-21;11;3193
17;2025-11-21;12;3112
17;2025-11-21;13;3227
17;2025-11-21;14;3332
17;2025-11-21;15;3492
17;2025-11-21;16;4246
17;2025-11-21;17;4743
17;2025-11-21;18;4400
17;2025-11-21;19;3295
17;2025-11-21;20;2357
17;2025-11-21;21;1522
17;2025-11-21;22;752
17;2025-11-21;23;439
25;2025-11-21;0;1
25;2025-11-21;1;0
25;2025-11-21;2;0
25;2025-11-21;3;0
25;2025-11-21;4;0
25;2025-11-21;5;12
25;2025-11-21;6;195
25;2025-11-21;7;560
25;2025-11-21;8;902
25;2025-11-21;9;483
25;2025-11-21;10;403
25;2025-11-21;11;465
25;2025-11-21;12;436
25;2025-11-21;13;591
25;2025-11-21;14;519
25;2025-11-21;15;661
25;2025-11-21;16;764
25;2025-11-21;17;764
25;2025-11-21;18;689
25;2025-11-21;19;586
25;2025-11-21;20;339
25;2025-11-21;21;222
25;2025-11-21;22;108
25;2025-11-21;23;14
26;2025-11-21;0;37
26;2025-11-21;1;3
26;2025-11-21;2;0
26;2025-11-21;3;0
26;2025-11-21;4;3
26;2025-11-21;5;80
26;2025-11-21;6;470
26;2025-11-21;7;1101
26;2025-11-21;8;2159
26;2025-11-21;9;1426
26;2025-11-21;10;1256
26;2025-11-21;11;1101
26;2025-11-21;12;1134
26;2025-11-21;13;1154
26;2025-11-21;14;1307
26;2025-11-21;15;1291
26;2025-11-21;16;1571
26;2025-11-21;17;1696
26;2025-11-21;18;1482
26;2025-11-21;19;1093
26;2025-11-21;20;688
26;2025-11-21;21;484
26;2025-11-21;22;214
26;2025-11-21;23;148
28;2025-11-21;0;1
28;2025-11-21;1;0
28;2025-11-21;2;0
28;2025-11-21;3;0
28;2025-11-21;4;4
28;2025-11-21;5;80
28;2025-11-21;6;262
28;2025-11-21;7;737
28;2025-11-21;8;1187
28;2025-11-21;9;812
28;2025-11-21;10;612
28;2025-11-21;11;584
28;2025-11-21;12;746
28;2025-11-21;13;733
28;2025-11-21;14;656
28;2025-11-21;15;706
28;2025-11-21;16;884
28;2025-11-21;17;961
28;2025-11-21;18;831
28;2025-11-21;19;660
28;2025-11-21;20;450
28;2025-11-21;21;313
28;2025-11-21;22;128
28;2025-11-21;23;16
50;2025-11-21;0;25
50;2025-11-21;1;2
50;2025-11-21;2;0
50;2025-11-21;3;0
50;2025-11-21;4;8
50;2025-11-21;5;71
50;2025-11-21;6;503
50;2025-11-21;7;1738
50;2025-11-21;8;2731
50;2025-11-21;9;2111
50;2025-11-21;10;1622
50;2025-11-21;11;1540
50;2025-11-21;12;1471
50;2025-11-21;13;1554
50;2025-11-21;14;1499
50;2025-11-21;15;1786
50;2025-11-21;16;2134
50;2025-11-21;17;2222
50;2025-11-21;18;1790
50;2025-11-21;19;1320
50;2025-11-21;20;908
50;2025-11-21;21;599
50;2025-11-21;22;265
50;2025-11-21;23;145
1;2025-11-22;0;4
1;2025-11-22;1;0
1;2025-11-22;2;0
1;2025-11-22;3;0
1;2025-11-22;4;0
1;2025-11-22;5;33
1;2025-11-22;6;177
1;2025-11-22;7;407
1;2025-11-22;8;535
1;2025-11-22;9;802
1;2025-11-22;10;941
1;2025-11-22;11;839
1;2025-11-22;12;1017
1;2025-11-22;13;1063
1;2025-11-22;14;957
1;2025-11-22;15;867
1;2025-11-22;16;845
1;2025-11-22;17;791
1;2025-11-22;18;708
1;2025-11-22;19;632
1;2025-11-22;20;451
1;2025-11-22;21;320
1;2025-11-22;22;126
1;2025-11-22;23;28
5;2025-11-22;0;0
5;2025-11-22;1;0
5;2025-11-22;2;0
5;2025-11-22;3;0
5;2025-11-22;4;0
5;2025-11-22;5;0
5;2025-11-22;6;0
5;2025-11-22;7;0
5;2025-11-22;8;0
5;2025-11-22;9;0
5;2025-11-22;10;0
5;2025-11-22;11;0
5;2025-11-22;12;0
5;2025-11-22;13;0
5;2025-11-22;14;0
5;2025-11-22;15;0
5;2025-11-22;16;0
5;2025-11-22;17;0
5;2025-11-22;18;0
5;2025-11-22;19;0
5;2025-11-22;20;0
5;2025-11-22;21;0
5;2025-11-22;22;0
5;2025-11-22;23;0
7;2025-11-22;0;94
7;2025-11-22;1;14
7;2025-11-22;2;0
7;2025-11-22;3;0
7;2025-11-22;4;3
7;2025-11-22;5;48
7;2025-11-22;6;238
7;2025-11-22;7;439
7;2025-11-22;8;799
7;2025-11-22;9;737
7;2025-11-22;10;808
7;2025-11-22;11;867
7;2025-11-22;12;991
7;2025-11-22;13;930
7;2025-11-22;14;1031
7;2025-11-22;15;1038
7;2025-11-22;16;929
7;2025-11-22;17;944
7;2025-11-22;18;964
7;2025-11-22;19;880
7;2025-11-22;20;668
7;2025-11-22;21;489
7;2025-11-22;22;157
7;2025-11-22;23;116
11;2025-11-22;0;104
11;2025-11-22;1;3
11;2025-11-22;2;0
11;2025-11-22;3;0
11;2025-11-22;4;0
11;2025-11-22;5;166
11;2025-11-22;6;897
11;2025-11-22;7;824
11;2025-11-22;8;1167
11;2025-11-22;9;1304
11;2025-11-22;10;1457
11;2025-11-22;11;1794
11;2025-11-22;12;1958
11;2025-11-22;13;1873
11;2025-11-22;14;1870
11;2025-11-22;15;1798
11;2025-11-22;16;1776
11;2025-11-22;17;1915
11;2025-11-22;18;1652
11;2025-11-22;19;1625
11;2025-11-22;20;1120
11;2025-11-22;21;777
11;2025-11-22;22;438
11;2025-11-22;23;305
12;2025-11-22;0;74
12;2025-11-22;1;4
12;2025-11-22;2;0
12;2025-11-22;3;0
12;2025-11-22;4;7
12;2025-11-22;5;265
12;2025-11-22;6;942
12;2025-11-22;7;1007
12;2025-11-22;8;1106
12;2025-11-22;9;1324
12;2025-11-22;10;1535
12;2025-11-22;11;1554
12;2025-11-22;12;1539
12;2025-11-22;13;1712
12;2025-11-22;14;1600
12;2025-11-22;15;1483
12;2025-11-22;16;1624
12;2025-11-22;17;1655
12;2025-11-22;18;1539
12;2025-11-22;19;1419
12;2025-11-22;20;1057
12;2025-11-22;21;746
12;2025-11-22;22;421
12;2025-11-22;23;280
17;2025-11-22;0;194
17;2025-11-22;1;24
17;2025-11-22;2;0
17;2025-11-22;3;0
17;2025-11-22;4;10
17;2025-11-22;5;137
17;2025-11-22;6;611
17;2025-11-22;7;1417
17;2025-11-22;8;1919
17;2025-11-22;9;2314
17;2025-11-22;10;2672
17;2025-11-22;11;3154
17;2025-11-22;12;3303
17;2025-11-22;13;3522
17;2025-11-22;14;3595
17;2025-11-22;15;3186
17;2025-11-22;16;3393
17;2025-11-22;17;3351
17;2025-11-22;18;2939
17;2025-11-22;19;2489
17;2025-11-22;20;1904
17;2025-11-22;21;1352
17;2025-11-22;22;800
17;2025-11-22;23;443
25;2025-11-22;0;2
25;2025-11-22;1;0
25;2025-11-22;2;0
25;2025-11-22;3;0
25;2025-11-22;4;0
25;2025-11-22;5;9
25;2025-11-22;6;70
25;2025-11-22;7;145
25;2025-11-22;8;352
25;2025-11-22;9;314
25;2025-11-22;10;322
25;2025-11-22;11;428
25;2025-11-22;12;417
25;2025-11-22;13;614
25;2025-11-22;14;614
25;2025-11-22;15;739
25;2025-11-22;16;659
25;2025-11-22;17;564
25;2025-11-22;18;560
25;2025-11-22;19;503
25;2025-11-22;20;285
25;2025-11-22;21;235
25;2025-11-22;22;114
25;2025-11-22;23;48
26;2025-11-22;0;51
26;2025-11-22;1;4
26;2025-11-22;2;0
26;2025-11-22;3;0
26;2025-11-22;4;5
26;2025-11-22;5;56
26;2025-11-22;6;262
26;2025-11-22;7;439
26;2025-11-22;8;730
26;2025-11-22;9;755
26;2025-11-22;10;913
26;2025-11-22;11;1086
26;2025-11-22;12;1078
26;2025-11-22;13;1076
26;2025-11-22;14;1179
26;2025-11-22;15;1083
26;2025-11-22;16;1096
26;2025-11-22;17;993
26;2025-11-22;18;936
26;2025-11-22;19;870
26;2025-11-22;20;576
26;2025-11-22;21;411
26;2025-11-22;22;222
26;2025-11-22;23;156
28;2025-11-22;0;1
28;2025-11-22;1;0
28;2025-11-22;2;0
28;2025-11-22;3;0
28;2025-11-22;4;2
28;2025-11-22;5;41
28;2025-11-22;6;118
28;2025-11-22;7;269
28;2025-11-22;8;472
28;2025-11-22;9;503
28;2025-11-22;10;522
28;2025-11-22;11;511
28;2025-11-22;12;638
28;2025-11-22;13;628
28;2025-11-22;14;634
28;2025-11-22;15;663
28;2025-11-22;16;611
28;2025-11-22;17;594
28;2025-11-22;18;515
28;2025-11-22;19;450
28;2025-11-22;20;334
28;2025-11-22;21;295
28;2025-11-22;22;135
28;2025-11-22;23;21
50;2025-11-22;0;41
50;2025-11-22;1;3
50;2025-11-22;2;0
50;2025-11-22;3;0
50;2025-11-22;4;2
50;2025-11-22;5;58
50;2025-11-22;6;238
50;2025-11-22;7;520
50;2025-11-22;8;754
50;2025-11-22;9;793
50;2025-11-22;10;825
50;2025-11-22;11;899
50;2025-11-22;12;900
50;2025-11-22;13;986
50;2025-11-22;14;999
50;2025-11-22;15;972
50;2025-11-22;16;910
50;2025-11-22;17;958
50;2025-11-22;18;915
50;2025-11-22;19;801
50;2025-11-22;20;660
50;2025-11-22;21;501
50;2025-11-22;22;229
50;2025-11-22;23;164
1;2025-11-23;0;1
1;2025-11-23;1;0
1;2025-11-23;2;0
1;2025-11-23;3;0
1;2025-11-23;4;0
1;2025-11-23;5;25
1;2025-11-23;6;128
1;2025-11-23;7;299
1;2025-11-23;8;402
1;2025-11-23;9;648
1;2025-11-23;10;731
1;2025-11-23;11;699
1;2025-11-23;12;828
1;2025-11-23;13;887
1;2025-11-23;14;801
1;2025-11-23;15;726
1;2025-11-23;16;688
1;2025-11-23;17;653
1;2025-11-23;18;612
1;2025-11-23;19;495
1;2025-11-23;20;386
1;2025-11-23;21;277
1;2025-11-23;22;103
1;2025-11-23;23;26
5;2025-11-23;0;0
5;2025-11-23;1;0
5;2025-11-23;2;0
5;2025-11-23;3;0
5;2025-11-23;4;0
5;2025-11-23;5;0
5;2025-11-23;6;0
5;2025-11-23;7;0
5;2025-11-23;8;0
5;2025-11-23;9;0
5;2025-11-23;10;0
5;2025-11-23;11;0
5;2025-11-23;12;0
5;2025-11-23;13;0
5;2025-11-23;14;0
5;2025-11-23;15;0
5;2025-11-23;16;0
5;2025-11-23;17;0
5;2025-11-23;18;0
5;2025-11-23;19;0
5;2025-11-23;20;0
5;2025-11-23;21;0
5;2025-11-23;22;0
5;2025-11-23;23;0
7;2025-11-23;0;69
7;2025-11-23;1;11
7;2025-11-23;2;0
7;2025-11-23;3;0
7;2025-11-23;4;3
7;2025-11-23;5;33
7;2025-11-23;6;158
7;2025-11-23;7;304
7;2025-11-23;8;548
7;2025-11-23;9;612
7;2025-11-23;10;617
7;2025-11-23;11;773
7;2025-11-23;12;799
7;2025-11-23;13;794
7;2025-11-23;14;918
7;2025-11-23;15;891
7;2025-11-23;16;794
7;2025-11-23;17;884
7;2025-11-23;18;849
7;2025-11-23;19;741
7;2025-11-23;20;592
7;2025-11-23;21;432
7;2025-11-23;22;139
7;2025-11-23;23;101
11;2025-11-23;0;102
11;2025-11-23;1;18
11;2025-11-23;2;0
11;2025-11-23;3;0
11;2025-11-23;4;1
11;2025-11-23;5;113
11;2025-11-23;6;617
11;2025-11-23;7;595
11;2025-11-23;8;816
11;2025-11-23;9;1057
11;2025-11-23;10;1185
11;2025-11-23;11;1580
11;2025-11-23;12;1750
11;2025-11-23;13;1636
11;2025-11-23;14;1669
11;2025-11-23;15;1714
11;2025-11-23;16;1690
11;2025-11-23;17;1881
11;2025-11-23;18;1551
11;2025-11-23;19;1356
11;2025-11-23;20;968
11;2025-11-23;21;673
11;2025-11-23;22;380
11;2025-11-23;23;245
12;2025-11-23;0;78
12;2025-11-23;1;9
12;2025-11-23;2;0
12;2025-11-23;3;0
12;2025-11-23;4;7
12;2025-11-23;5;172
12;2025-11-23;6;618
12;2025-11-23;7;748
12;2025-11-23;8;798
12;2025-11-23;9;1007
12;2025-11-23;10;1192
12;2025-11-23;11;1303
12;2025-11-23;12;1353
12;2025-11-23;13;1561
12;2025-11-23;14;1493
12;2025-11-23;15;1437
12;2025-11-23;16;1562
12;2025-11-23;17;1674
12;2025-11-23;18;1404
12;2025-11-23;19;1046
12;2025-11-23;20;860
12;2025-11-23;21;630
12;2025-11-23;22;395
12;2025-11-23;23;220
17;2025-11-23;0;191
17;2025-11-23;1;29
17;2025-11-23;2;0
17;2025-11-23;3;0
17;2025-11-23;4;10
17;2025-11-23;5;114
17;2025-11-23;6;465
17;2025-11-23;7;931
17;2025-11-23;8;1374
17;2025-11-23;9;1872
17;2025-11-23;10;2199
17;2025-11-23;11;2678
17;2025-11-23;12;3018
17;2025-11-23;13;3309
17;2025-11-23;14;3375
17;2025-11-23;15;3194
17;2025-11-23;16;3320
17;2025-11-23;17;3146
17;2025-11-23;18;2814
17;2025-11-23;19;2271
17;2025-11-23;20;1736
17;2025-11-23;21;1214
17;2025-11-23;22;715
17;2025-11-23;23;337
25;2025-11-23;0;17
25;2025-11-23;1;1
25;2025-11-23;2;0
25;2025-11-23;3;0
25;2025-11-23;4;0
25;2025-11-23;5;9
25;2025-11-23;6;54
25;2025-11-23;7;111
25;2025-11-23;8;219
25;2025-11-23;9;226
25;2025-11-23;10;250
25;2025-11-23;11;327
25;2025-11-23;12;375
25;2025-11-23;13;488
25;2025-11-23;14;530
25;2025-11-23;15;659
25;2025-11-23;16;556
25;2025-11-23;17;514
25;2025-11-23;18;491
25;2025-11-23;19;384
25;2025-11-23;20;260
25;2025-11-23;21;204
25;2025-11-23;22;104
25;2025-11-23;23;38
26;2025-11-23;0;54
26;2025-11-23;1;9
26;2025-11-23;2;0
26;2025-11-23;3;0
26;2025-11-23;4;4
26;2025-11-23;5;31
26;2025-11-23;6;161
26;2025-11-23;7;316
26;2025-11-23;8;454
26;2025-11-23;9;564
26;2025-11-23;10;640
26;2025-11-23;11;843
26;2025-11-23;12;851
26;2025-11-23;13;910
26;2025-11-23;14;913
26;2025-11-23;15;859
26;2025-11-23;16;859
26;2025-11-23;17;839
26;2025-11-23;18;790
26;2025-11-23;19;631
26;2025-11-23;20;481
26;2025-11-23;21;343
26;2025-11-23;22;193
26;2025-11-23;23;118
28;2025-11-23;0;2
28;2025-11-23;1;1
28;2025-11-23;2;0
28;2025-11-23;3;0
28;2025-11-23;4;2
28;2025-11-23;5;33
28;2025-11-23;6;91
28;2025-11-23;7;174
28;2025-11-23;8;295
28;2025-11-23;9;349
28;2025-11-23;10;391
28;2025-11-23;11;421
28;2025-11-23;12;494
28;2025-11-23;13;537
28;2025-11-23;14;531
28;2025-11-23;15;537
28;2025-11-23;16;493
28;2025-11-23;17;506
28;2025-11-23;18;455
28;2025-11-23;19;391
28;2025-11-23;20;306
28;2025-11-23;21;246
28;2025-11-23;22;101
28;2025-11-23;23;13
50;2025-11-23;0;32
50;2025-11-23;1;3
50;2025-11-23;2;0
50;2025-11-23;3;0
50;2025-11-23;4;3
50;2025-11-23;5;37
50;2025-11-23;6;166
50;2025-11-23;7;342
50;2025-11-23;8;541
50;2025-11-23;9;605
50;2025-11-23;10;641
50;2025-11-23;11;745
50;2025-11-23;12;770
50;2025-11-23;13;911
50;2025-11-23;14;898
50;2025-11-23;15;898
50;2025-11-23;16;825
50;2025-11-23;17;859
50;2025-11-23;18;839
50;2025-11-23;19;718
50;2025-11-23;20;593
50;2025-11-23;21;455
50;2025-11-23;22;227
50;2025-11-23;23;122
1;2025-11-24;0;0
1;2025-11-24;1;0
1;2025-11-24;2;0
1;2025-11-24;3;0
1;2025-11-24;4;9
1;2025-11-24;5;118
1;2025-11-24;6;494
1;2025-11-24;7;1437
1;2025-11-24;8;1964
1;2025-11-24;9;1407
1;2025-11-24;10;1250
1;2025-11-24;11;1216
1;2025-11-24;12;1304
1;2025-11-24;13;1301
1;2025-11-24;14;1250
1;2025-11-24;15;1341
1;2025-11-24;16;1487
1;2025-11-24;17;1765
1;2025-11-24;18;1788
1;2025-11-24;19;1477
1;2025-11-24;20;895
1;2025-11-24;21;453
1;2025-11-24;22;189
1;2025-11-24;23;34
5;2025-11-24;0;0
5;2025-11-24;1;0
5;2025-11-24;2;0
5;2025-11-24;3;0
5;2025-11-24;4;0
5;2025-11-24;5;0
5;2025-11-24;6;0
5;2025-11-24;7;0
5;2025-11-24;8;0
5;2025-11-24;9;0
5;2025-11-24;10;0
5;2025-11-24;11;0
5;2025-11-24;12;0
5;2025-11-24;13;0
5;2025-11-24;14;0
5;2025-11-24;15;0
5;2025-11-24;16;0
5;2025-11-24;17;0
5;2025-11-24;18;0
5;2025-11-24;19;0
5;2025-11-24;20;0
5;2025-11-24;21;0
5;2025-11-24;22;0
5;2025-11-24;23;0
7;2025-11-24;0;54
7;2025-11-24;1;7
7;2025-11-24;2;0
7;2025-11-24;3;0
7;2025-11-24;4;3
7;2025-11-24;5;168
7;2025-11-24;6;600
7;2025-11-24;7;1656
7;2025-11-24;8;2483
7;2025-11-24;9;1756
7;2025-11-24;10;1666
7;2025-11-24;11;1457
7;2025-11-24;12;1466
7;2025-11-24;13;1485
7;2025-11-24;14;1567
7;2025-11-24;15;1741
7;2025-11-24;16;1718
7;2025-11-24;17;2352
7;2025-11-24;18;2578
7;2025-11-24;19;1732
7;2025-11-24;20;1074
7;2025-11-24;21;557
7;2025-11-24;22;209
7;2025-11-24;23;165
11;2025-11-24;0;69
11;2025-11-24;1;8
11;2025-11-24;2;0
11;2025-11-24;3;0
11;2025-11-24;4;0
11;2025-11-24;5;239
11;2025-11-24;6;1351
11;2025-11-24;7;2414
11;2025-11-24;8;3176
11;2025-11-24;9;2347
11;2025-11-24;10;1853
11;2025-11-24;11;1700
11;2025-11-24;12;1688
11;2025-11-24;13;1700
11;2025-11-24;14;1710
11;2025-11-24;15;1736
11;2025-11-24;16;2081
11;2025-11-24;17;2682
11;2025-11-24;18;2878
11;2025-11-24;19;2215
11;2025-11-24;20;1340
11;2025-11-24;21;764
11;2025-11-24;22;336
11;2025-11-24;23;205
12;2025-11-24;0;58
12;2025-11-24;1;5
12;2025-11-24;2;0
12;2025-11-24;3;0
12;2025-11-24;4;10
12;2025-11-24;5;305
12;2025-11-24;6;1386
12;2025-11-24;7;2626
12;2025-11-24;8;3442
12;2025-11-24;9;2341
12;2025-11-24;10;1906
12;2025-11-24;11;1713
12;2025-11-24;12;1798
12;2025-11-24;13;1812
12;2025-11-24;14;1726
12;2025-11-24;15;2027
12;2025-11-24;16;2480
12;2025-11-24;17;2812
12;2025-11-24;18;3230
12;2025-11-24;19;2378
12;2025-11-24;20;1562
12;2025-11-24;21;923
12;2025-11-24;22;457
12;2025-11-24;23;226
17;2025-11-24;0;109
17;2025-11-24;1;14
17;2025-11-24;2;0
17;2025-11-24;3;0
17;2025-11-24;4;21
17;2025-11-24;5;290
17;2025-11-24;6;1535
17;2025-11-24;7;3916
17;2025-11-24;8;5307
17;2025-11-24;9;3838
17;2025-11-24;10;2839
17;2025-11-24;11;2792
17;2025-11-24;12;2647
17;2025-11-24;13;2729
17;2025-11-24;14;2767
17;2025-11-24;15;2900
17;2025-11-24;16;3337
17;2025-11-24;17;3909
17;2025-11-24;18;4455
17;2025-11-24;19;3030
17;2025-11-24;20;2061
17;2025-11-24;21;1284
17;2025-11-24;22;629
17;2025-11-24;23;303
25;2025-11-24;0;8
25;2025-11-24;1;1
25;2025-11-24;2;0
25;2025-11-24;3;0
25;2025-11-24;4;0
25;2025-11-24;5;8
25;2025-11-24;6;159
25;2025-11-24;7;516
25;2025-11-24;8;873
25;2025-11-24;9;465
25;2025-11-24;10;337
25;2025-11-24;11;396
25;2025-11-24;12;366
25;2025-11-24;13;498
25;2025-11-24;14;406
25;2025-11-24;15;472
25;2025-11-24;16;598
25;2025-11-24;17;653
25;2025-11-24;18;720
25;2025-11-24;19;517
25;2025-11-24;20;292
25;2025-11-24;21;192
25;2025-11-24;22;84
25;2025-11-24;23;11
26;2025-11-24;0;30
26;2025-11-24;1;5
26;2025-11-24;2;0
26;2025-11-24;3;0
26;2025-11-24;4;4
26;2025-11-24;5;76
26;2025-11-24;6;478
26;2025-11-24;7;1108
26;2025-11-24;8;2178
26;2025-11-24;9;1416
26;2025-11-24;10;1176
26;2025-11-24;11;976
26;2025-11-24;12;1006
26;2025-11-24;13;1056
26;2025-11-24;14;1184
26;2025-11-24;15;1173
26;2025-11-24;16;1336
26;2025-11-24;17;1632
26;2025-11-24;18;1758
26;2025-11-24;19;1159
26;2025-11-24;20;697
26;2025-11-24;21;462
26;2025-11-24;22;199
26;2025-11-24;23;112
28;2025-11-24;0;1
28;2025-11-24;1;0
28;2025-11-24;2;0
28;2025-11-24;3;0
28;2025-11-24;4;4
28;2025-11-24;5;73
28;2025-11-24;6;246
28;2025-11-24;7;722
28;2025-11-24;8;1163
28;2025-11-24;9;814
28;2025-11-24;10;565
28;2025-11-24;11;513
28;2025-11-24;12;685
28;2025-11-24;13;666
28;2025-11-24;14;586
28;2025-11-24;15;570
28;2025-11-24;16;767
28;2025-11-24;17;905
28;2025-11-24;18;900
28;2025-11-24;19;668
28;2025-11-24;20;442
28;2025-11-24;21;287
28;2025-11-24;22;110
28;2025-11-24;23;9
50;2025-11-24;0;10
50;2025-11-24;1;1
50;2025-11-24;2;0
50;2025-11-24;3;0
50;2025-11-24;4;6
50;2025-11-24;5;61
50;2025-11-24;6;466
50;2025-11-24;7;1626
50;2025-11-24;8;2675
50;2025-11-24;9;2135
50;2025-11-24;10;1564
50;2025-11-24;11;1369
50;2025-11-24;12;1249
50;2025-11-24;13;1334
50;2025-11-24;14;1334
50;2025-11-24;15;1422
50;2025-11-24;16;1586
50;2025-11-24;17;2059
50;2025-11-24;18;2311
50;2025-11-24;19;1336
50;2025-11-24;20;880
50;2025-11-24;21;544
50;2025-11-24;22;229
50;2025-11-24;23;110
1;2025-11-25;0;4
1;2025-11-25;1;0
1;2025-11-25;2;0
1;2025-11-25;3;0
1;2025-11-25;4;11
1;2025-11-25;5;125
1;2025-11-25;6;516
1;2025-11-25;7;1562
1;2025-11-25;8;2048
1;2025-11-25;9;1522
1;2025-11-25;10;1383
1;2025-11-25;11;1334
1;2025-11-25;12;1369
1;2025-11-25;13;1418
1;2025-11-25;14;1302
1;2025-11-25;15;1417
1;2025-11-25;16;1474
1;2025-11-25;17;1845
1;2025-11-25;18;1939
1;2025-11-25;19;1489
1;2025-11-25;20;954
1;2025-11-25;21;491
1;2025-11-25;22;205
1;2025-11-25;23;38
5;2025-11-25;0;0
5;2025-11-25;1;0
5;2025-11-25;2;0
5;2025-11-25;3;0
5;2025-11-25;4;0
5;2025-11-25;5;0
5;2025-11-25;6;0
5;2025-11-25;7;0
5;2025-11-25;8;0
5;2025-11-25;9;0
5;2025-11-25;10;0
5;2025-11-25;11;0
5;2025-11-25;12;0
5;2025-11-25;13;0
5;2025-11-25;14;0
5;2025-11-25;15;0
5;2025-11-25;16;0
5;2025-11-25;17;0
5;2025-11-25;18;0
5;2025-11-25;19;0
5;2025-11-25;20;0
5;2025-11-25;21;0
5;2025-11-25;22;0
5;2025-11-25;23;0
7;2025-11-25;0;61
7;2025-11-25;1;9
7;2025-11-25;2;0
7;2025-11-25;3;0
7;2025-11-25;4;5
7;2025-11-25;5;186
7;2025-11-25;6;674
7;2025-11-25;7;1779
7;2025-11-25;8;2705
7;2025-11-25;9;1914
7;2025-11-25;10;1773
7;2025-11-25;11;1629
7;2025-11-25;12;1727
7;2025-11-25;13;1664
7;2025-11-25;14;1720
7;2025-11-25;15;1951
7;2025-11-25;16;1923
7;2025-11-25;17;2449
7;2025-11-25;18;2827
7;2025-11-25;19;1906
7;2025-11-25;20;1185
7;2025-11-25;21;647
7;2025-11-25;22;346
7;2025-11-25;23;214
11;2025-11-25;0;58
11;2025-11-25;1;1
11;2025-11-25;2;0
11;2025-11-25;3;0
11;2025-11-25;4;0
11;2025-11-25;5;240
11;2025-11-25;6;1394
11;2025-11-25;7;2603
11;2025-11-25;8;3306
11;2025-11-25;9;2511
11;2025-11-25;10;1997
11;2025-11-25;11;1919
11;2025-11-25;12;1912
11;2025-11-25;13;1941
11;2025-11-25;14;1981
11;2025-11-25;15;1935
11;2025-11-25;16;2249
11;2025-11-25;17;2886
11;2025-11-25;18;3206
11;2025-11-25;19;2366
11;2025-11-25;20;1421
11;2025-11-25;21;813
11;2025-11-25;22;380
11;2025-11-25;23;219
12;2025-11-25;0;45
12;2025-11-25;1;2
12;2025-11-25;2;0
12;2025-11-25;3;0
12;2025-11-25;4;11
12;2025-11-25;5;334
12;2025-11-25;6;1465
12;2025-11-25;7;2781
12;2025-11-25;8;3787
12;2025-11-25;9;2559
12;2025-11-25;10;2050
12;2025-11-25;11;1932
12;2025-11-25;12;1957
12;2025-11-25;13;2041
12;2025-11-25;14;1888
12;2025-11-25;15;2140
12;2025-11-25;16;2626
12;2025-11-25;17;3145
12;2025-11-25;18;3323
12;2025-11-25;19;2498
12;2025-11-25;20;1574
12;2025-11-25;21;1001
12;2025-11-25;22;495
12;2025-11-25;23;247
17;2025-11-25;0;108
17;2025-11-25;1;15
17;2025-11-25;2;0
17;2025-11-25;3;0
17;2025-11-25;4;23
17;2025-11-25;5;323
17;2025-11-25;6;1625
17;2025-11-25;7;4370
17;2025-11-25;8;5631
17;2025-11-25;9;4045
17;2025-11-25;10;3197
17;2025-11-25;11;3075
17;2025-11-25;12;3014
17;2025-11-25;13;3105
17;2025-11-25;14;3245
17;2025-11-25;15;3370
17;2025-11-25;16;3817
17;2025-11-25;17;4653
17;2025-11-25;18;5098
17;2025-11-25;19;3571
17;2025-11-25;20;2393
17;2025-11-25;21;1428
17;2025-11-25;22;698
17;2025-11-25;23;340
25;2025-11-25;0;2
25;2025-11-25;1;0
25;2025-11-25;2;0
25;2025-11-25;3;0
25;2025-11-25;4;0
25;2025-11-25;5;11
25;2025-11-25;6;181
25;2025-11-25;7;555
25;2025-11-25;8;929
25;2025-11-25;9;487
25;2025-11-25;10;393
25;2025-11-25;11;450
25;2025-11-25;12;417
25;2025-11-25;13;532
25;2025-11-25;14;481
25;2025-11-25;15;579
25;2025-11-25;16;692
25;2025-11-25;17;718
25;2025-11-25;18;790
25;2025-11-25;19;584
25;2025-11-25;20;341
25;2025-11-25;21;214
25;2025-11-25;22;91
25;2025-11-25;23;10
26;2025-11-25;0;33
26;2025-11-25;1;3
26;2025-11-25;2;0
26;2025-11-25;3;0
26;2025-11-25;4;3
26;2025-11-25;5;84
26;2025-11-25;6;494
26;2025-11-25;7;1194
26;2025-11-25;8;2236
26;2025-11-25;9;1533
26;2025-11-25;10;1299
26;2025-11-25;11;1156
26;2025-11-25;12;1154
26;2025-11-25;13;1157
26;2025-11-25;14;1301
26;2025-11-25;15;1302
26;2025-11-25;16;1469
26;2025-11-25;17;1789
26;2025-11-25;18;1957
26;2025-11-25;19;1290
26;2025-11-25;20;782
26;2025-11-25;21;489
26;2025-11-25;22;213
26;2025-11-25;23;122
28;2025-11-25;0;1
28;2025-11-25;1;0
28;2025-11-25;2;0
28;2025-11-25;3;0
28;2025-11-25;4;4
28;2025-11-25;5;77
28;2025-11-25;6;268
28;2025-11-25;7;760
28;2025-11-25;8;1226
28;2025-11-25;9;834
28;2025-11-25;10;633
28;2025-11-25;11;586
28;2025-11-25;12;701
28;2025-11-25;13;712
28;2025-11-25;14;638
28;2025-11-25;15;670
28;2025-11-25;16;802
28;2025-11-25;17;951
28;2025-11-25;18;946
28;2025-11-25;19;718
28;2025-11-25;20;503
28;2025-11-25;21;316
28;2025-11-25;22;125
28;2025-11-25;23;12
50;2025-11-25;0;19
50;2025-11-25;1;2
50;2025-11-25;2;0
50;2025-11-25;3;0
50;2025-11-25;4;6
50;2025-11-25;5;73
50;2025-11-25;6;538
50;2025-11-25;7;1796
50;2025-11-25;8;2993
50;2025-11-25;9;2306
50;2025-11-25;10;1735
50;2025-11-25;11;1518
50;2025-11-25;12;1444
50;2025-11-25;13;1484
50;2025-11-25;14;1403
50;2025-11-25;15;1604
50;2025-11-25;16;1736
50;2025-11-25;17;2420
50;2025-11-25;18;2650
50;2025-11-25;19;1543
50;2025-11-25;20;975
50;2025-11-25;21;639
50;2025-11-25;22;249
50;2025-11-25;23;136
1;2025-11-26;0;4
1;2025-11-26;1;0
1;2025-11-26;2;0
1;2025-11-26;3;0
1;2025-11-26;4;10
1;2025-11-26;5;127
1;2025-11-26;6;528
1;2025-11-26;7;1497
1;2025-11-26;8;2054
1;2025-11-26;9;1509
1;2025-11-26;10;1402
1;2025-11-26;11;1388
1;2025-11-26;12;1396
1;2025-11-26;13;1444
1;2025-11-26;14;1346
1;2025-11-26;15;1480
1;2025-11-26;16;1506
1;2025-11-26;17;1835
1;2025-11-26;18;1901
1;2025-11-26;19;1509
1;2025-11-26;20;961
1;2025-11-26;21;495
1;2025-11-26;22;220
1;2025-11-26;23;38
5;2025-11-26;0;0
5;2025-11-26;1;0
5;2025-11-26;2;0
5;2025-11-26;3;0
5;2025-11-26;4;0
5;2025-11-26;5;0
5;2025-11-26;6;0
5;2025-11-26;7;0
5;2025-11-26;8;0
5;2025-11-26;9;0
5;2025-11-26;10;0
5;2025-11-26;11;0
5;2025-11-26;12;0
5;2025-11-26;13;0
5;2025-11-26;14;0
5;2025-11-26;15;0
5;2025-11-26;16;0
5;2025-11-26;17;0
5;2025-11-26;18;0
5;2025-11-26;19;0
5;2025-11-26;20;0
5;2025-11-26;21;0
5;2025-11-26;22;0
5;2025-11-26;23;0
7;2025-11-26;0;66
7;2025-11-26;1;17
7;2025-11-26;2;0
7;2025-11-26;3;0
7;2025-11-26;4;6
7;2025-11-26;5;193
7;2025-11-26;6;667
7;2025-11-26;7;1723
7;2025-11-26;8;2748
7;2025-11-26;9;1959
7;2025-11-26;10;1880
7;2025-11-26;11;1665
7;2025-11-26;12;1729
7;2025-11-26;13;1650
7;2025-11-26;14;1708
7;2025-11-26;15;1955
7;2025-11-26;16;1875
7;2025-11-26;17;2529
7;2025-11-26;18;2765
7;2025-11-26;19;1821
7;2025-11-26;20;1148
7;2025-11-26;21;650
7;2025-11-26;22;355
7;2025-11-26;23;211
11;2025-11-26;0;66
11;2025-11-26;1;1
11;2025-11-26;2;0
11;2025-11-26;3;0
11;2025-11-26;4;0
11;2025-11-26;5;256
11;2025-11-26;6;1362
11;2025-11-26;7;2557
11;2025-11-26;8;3372
11;2025-11-26;9;2497
11;2025-11-26;10;2082
11;2025-11-26;11;2010
11;2025-11-26;12;1970
11;2025-11-26;13;2025
11;2025-11-26;14;1988
11;2025-11-26;15;1903
11;2025-11-26;16;2191
11;2025-11-26;17;2890
11;2025-11-26;18;3283
11;2025-11-26;19;2413
11;2025-11-26;20;1479
11;2025-11-26;21;869
11;2025-11-26;22;413
11;2025-11-26;23;246
12;2025-11-26;0;59
12;2025-11-26;1;3
12;2025-11-26;2;0
12;2025-11-26;3;0
12;2025-11-26;4;11
12;2025-11-26;5;347
12;2025-11-26;6;1543
12;2025-11-26;7;2766
12;2025-11-26;8;3820
12;2025-11-26;9;2762
12;2025-11-26;10;2201
12;2025-11-26;11;1997
12;2025-11-26;12;2075
12;2025-11-26;13;2089
12;2025-11-26;14;1980
12;2025-11-26;15;2240
12;2025-11-26;16;2764
12;2025-11-26;17;3201
12;2025-11-26;18;3394
12;2025-11-26;19;2506
12;2025-11-26;20;1650
12;2025-11-26;21;1051
12;2025-11-26;22;538
12;2025-11-26;23;267
17;2025-11-26;0;123
17;2025-11-26;1;15
17;2025-11-26;2;0
17;2025-11-26;3;0
17;2025-11-26;4;23
17;2025-11-26;5;316
17;2025-11-26;6;1641
17;2025-11-26;7;4270
17;2025-11-26;8;5661
17;2025-11-26;9;4042
17;2025-11-26;10;3178
17;2025-11-26;11;3051
17;2025-11-26;12;3014
17;2025-11-26;13;3045
17;2025-11-26;14;3156
17;2025-11-26;15;3275
17;2025-11-26;16;3640
17;2025-11-26;17;4416
17;2025-11-26;18;4883
17;2025-11-26;19;3364
17;2025-11-26;20;2291
17;2025-11-26;21;1463
17;2025-11-26;22;725
17;2025-11-26;23;375
25;2025-11-26;0;1
25;2025-11-26;1;0
25;2025-11-26;2;0
25;2025-11-26;3;0
25;2025-11-26;4;0
25;2025-11-26;5;11
25;2025-11-26;6;184
25;2025-11-26;7;555
25;2025-11-26;8;940
25;2025-11-26;9;502
25;2025-11-26;10;419
25;2025-11-26;11;475
25;2025-11-26;12;435
25;2025-11-26;13;589
25;2025-11-26;14;466
25;2025-11-26;15;596
25;2025-11-26;16;683
25;2025-11-26;17;769
25;2025-11-26;18;823
25;2025-11-26;19;628
25;2025-11-26;20;337
25;2025-11-26;21;240
25;2025-11-26;22;105
25;2025-11-26;23;9
26;2025-11-26;0;35
26;2025-11-26;1;4
26;2025-11-26;2;0
26;2025-11-26;3;1
26;2025-11-26;4;4
26;2025-11-26;5;92
26;2025-11-26;6;479
26;2025-11-26;7;1169
26;2025-11-26;8;2333
26;2025-11-26;9;1552
26;2025-11-26;10;1276
26;2025-11-26;11;1132
26;2025-11-26;12;1174
26;2025-11-26;13;1133
26;2025-11-26;14;1343
26;2025-11-26;15;1326
26;2025-11-26;16;1447
26;2025-11-26;17;1697
26;2025-11-26;18;1861
26;2025-11-26;19;1228
26;2025-11-26;20;765
26;2025-11-26;21;537
26;2025-11-26;22;226
26;2025-11-26;23;137
28;2025-11-26;0;1
28;2025-11-26;1;0
28;2025-11-26;2;0
28;2025-11-26;3;0
28;2025-11-26;4;4
28;2025-11-26;5;86
28;2025-11-26;6;274
28;2025-11-26;7;774
28;2025-11-26;8;1269
28;2025-11-26;9;869
28;2025-11-26;10;634
28;2025-11-26;11;593
28;2025-11-26;12;754
28;2025-11-26;13;747
28;2025-11-26;14;654
28;2025-11-26;15;689
28;2025-11-26;16;877
28;2025-11-26;17;1003
28;2025-11-26;18;990
28;2025-11-26;19;763
28;2025-11-26;20;515
28;2025-11-26;21;322
28;2025-11-26;22;137
28;2025-11-26;23;12
50;2025-11-26;0;32
50;2025-11-26;1;5
50;2025-11-26;2;0
50;2025-11-26;3;0
50;2025-11-26;4;7
50;2025-11-26;5;75
50;2025-11-26;6;544
50;2025-11-26;7;1802
50;2025-11-26;8;3030
50;2025-11-26;9;2346
50;2025-11-26;10;1801
50;2025-11-26;11;1627
50;2025-11-26;12;1539
50;2025-11-26;13;1630
50;2025-11-26;14;1565
50;2025-11-26;15;1759
50;2025-11-26;16;1824
50;2025-11-26;17;2472
50;2025-11-26;18;2633
50;2025-11-26;19;1604
50;2025-11-26;20;993
50;2025-11-26;21;658
50;2025-11-26;22;274
50;2025-11-26;23;146
1;2025-11-27;0;4
1;2025-11-27;1;0
1;2025-11-27;2;0
1;2025-11-27;3;0
1;2025-11-27;4;11
1;2025-11-27;5;117
1;2025-11-27;6;492
1;2025-11-27;7;1590
1;2025-11-27;8;2089
1;2025-11-27;9;1505
1;2025-11-27;10;1400
1;2025-11-27;11;1389
1;2025-11-27;12;1460
1;2025-11-27;13;1471
1;2025-11-27;14;1374
1;2025-11-27;15;1557
1;2025-11-27;16;1592
1;2025-11-27;17;1911
1;2025-11-27;18;1897
1;2025-11-27;19;1490
1;2025-11-27;20;945
1;2025-11-27;21;489
1;2025-11-27;22;202
1;2025-11-27;23;37
5;2025-11-27;0;0
5;2025-11-27;1;0
5;2025-11-27;2;0
5;2025-11-27;3;0
5;2025-11-27;4;0
5;2025-11-27;5;0
5;2025-11-27;6;0
5;2025-11-27;7;0
5;2025-11-27;8;0
5;2025-11-27;9;0
5;2025-11-27;10;0
5;2025-11-27;11;0
5;2025-11-27;12;0
5;2025-11-27;13;0
5;2025-11-27;14;0
5;2025-11-27;15;0
5;2025-11-27;16;0
5;2025-11-27;17;0
5;2025-11-27;18;0
5;2025-11-27;19;0
5;2025-11-27;20;0
5;2025-11-27;21;0
5;2025-11-27;22;0
5;2025-11-27;23;0
7;2025-11-27;0;66
7;2025-11-27;1;18
7;2025-11-27;2;0
7;2025-11-27;3;0
7;2025-11-27;4;4
7;2025-11-27;5;185
7;2025-11-27;6;657
7;2025-11-27;7;1683
7;2025-11-27;8;2653
7;2025-11-27;9;1905
7;2025-11-27;10;1780
7;2025-11-27;11;1638
7;2025-11-27;12;1782
7;2025-11-27;13;1651
7;2025-11-27;14;1820
7;2025-11-27;15;1935
7;2025-11-27;16;1999
7;2025-11-27;17;2449
7;2025-11-27;18;2765
7;2025-11-27;19;1754
7;2025-11-27;20;1096
7;2025-11-27;21;608
7;2025-11-27;22;331
7;2025-11-27;23;218
11;2025-11-27;0;65
11;2025-11-27;1;1
11;2025-11-27;2;0
11;2025-11-27;3;0
11;2025-11-27;4;0
11;2025-11-27;5;247
11;2025-11-27;6;1373
11;2025-11-27;7;2721
11;2025-11-27;8;3365
11;2025-11-27;9;2594
11;2025-11-27;10;2247
11;2025-11-27;11;2059
11;2025-11-27;12;2140
11;2025-11-27;13;2180
11;2025-11-27;14;2149
11;2025-11-27;15;2025
11;2025-11-27;16;2300
11;2025-11-27;17;2886
11;2025-11-27;18;3176
11;2025-11-27;19;2355
11;2025-11-27;20;1445
11;2025-11-27;21;875
11;2025-11-27;22;406
11;2025-11-27;23;255
12;2025-11-27;0;47
12;2025-11-27;1;4
12;2025-11-27;2;0
12;2025-11-27;3;0
12;2025-11-27;4;10
12;2025-11-27;5;325
12;2025-11-27;6;1471
12;2025-11-27;7;2934
12;2025-11-27;8;3956
12;2025-11-27;9;2723
12;2025-11-27;10;2114
12;2025-11-27;11;1995
12;2025-11-27;12;2086
12;2025-11-27;13;2160
12;2025-11-27;14;2006
12;2025-11-27;15;2288
12;2025-11-27;16;2787
12;2025-11-27;17;3164
12;2025-11-27;18;3389
12;2025-11-27;19;2484
12;2025-11-27;20;1665
12;2025-11-27;21;1016
12;2025-11-27;22;534
12;2025-11-27;23;265
17;2025-11-27;0;126
17;2025-11-27;1;16
17;2025-11-27;2;0
17;2025-11-27;3;0
17;2025-11-27;4;23
17;2025-11-27;5;327
17;2025-11-27;6;1639
17;2025-11-27;7;4513
17;2025-11-27;8;5734
17;2025-11-27;9;4136
17;2025-11-27;10;3348
17;2025-11-27;11;3354
17;2025-11-27;12;3290
17;2025-11-27;13;3404
17;2025-11-27;14;3506
17;2025-11-27;15;3302
17;2025-11-27;16;3993
17;2025-11-27;17;4753
17;2025-11-27;18;4804
17;2025-11-27;19;3419
17;2025-11-27;20;2420
17;2025-11-27;21;1552
17;2025-11-27;22;762
17;2025-11-27;23;391
25;2025-11-27;0;2
25;2025-11-27;1;0
25;2025-11-27;2;0
25;2025-11-27;3;0
25;2025-11-27;4;0
25;2025-11-27;5;10
25;2025-11-27;6;193
25;2025-11-27;7;575
25;2025-11-27;8;979
25;2025-11-27;9;494
25;2025-11-27;10;425
25;2025-11-27;11;483
25;2025-11-27;12;450
25;2025-11-27;13;587
25;2025-11-27;14;546
25;2025-11-27;15;654
25;2025-11-27;16;732
25;2025-11-27;17;805
25;2025-11-27;18;811
25;2025-11-27;19;634
25;2025-11-27;20;333
25;2025-11-27;21;229
25;2025-11-27;22;96
25;2025-11-27;23;7
26;2025-11-27;0;39
26;2025-11-27;1;3
26;2025-11-27;2;0
26;2025-11-27;3;0
26;2025-11-27;4;3
26;2025-11-27;5;90
26;2025-11-27;6;482
26;2025-11-27;7;1186
26;2025-11-27;8;2367
26;2025-11-27;9;1568
26;2025-11-27;10;1327
26;2025-11-27;11;1201
26;2025-11-27;12;1205
26;2025-11-27;13;1214
26;2025-11-27;14;1402
26;2025-11-27;15;1388
26;2025-11-27;16;1569
26;2025-11-27;17;1770
26;2025-11-27;18;1944
26;2025-11-27;19;1214
26;2025-11-27;20;752
26;2025-11-27;21;516
26;2025-11-27;22;219
26;2025-11-27;23;131
28;2025-11-27;0;2
28;2025-11-27;1;0
28;2025-11-27;2;0
28;2025-11-27;3;0
28;2025-11-27;4;3
28;2025-11-27;5;84
28;2025-11-27;6;276
28;2025-11-27;7;806
28;2025-11-27;8;1379
28;2025-11-27;9;861
28;2025-11-27;10;626
28;2025-11-27;11;573
28;2025-11-27;12;738
28;2025-11-27;13;744
28;2025-11-27;14;714
28;2025-11-27;15;751
28;2025-11-27;16;910
28;2025-11-27;17;1051
28;2025-11-27;18;988
28;2025-11-27;19;749
28;2025-11-27;20;514
28;2025-11-27;21;328
28;2025-11-27;22;132
28;2025-11-27;23;12
50;2025-11-27;0;39
50;2025-11-27;1;5
50;2025-11-27;2;0
50;2025-11-27;3;0
50;2025-11-27;4;6
50;2025-11-27;5;69
50;2025-11-27;6;488
50;2025-11-27;7;1684
50;2025-11-27;8;2801
50;2025-11-27;9;2180
50;2025-11-27;10;1723
50;2025-11-27;11;1490
50;2025-11-27;12;1454
50;2025-11-27;13;1516
50;2025-11-27;14;1431
50;2025-11-27;15;1606
50;2025-11-27;16;1706
50;2025-11-27;17;2321
50;2025-11-27;18;2462
50;2025-11-27;19;1447
50;2025-11-27;20;957
50;2025-11-27;21;661
50;2025-11-27;22;254
50;2025-11-27;23;153
1;2025-11-28;0;4
1;2025-11-28;1;0
1;2025-11-28;2;0
1;2025-11-28;3;0
1;2025-11-28;4;11
1;2025-11-28;5;133
1;2025-11-28;6;484
1;2025-11-28;7;1572
1;2025-11-28;8;2036
1;2025-11-28;9;1501
1;2025-11-28;10;1356
1;2025-11-28;11;1376
1;2025-11-28;12;1427
1;2025-11-28;13;1503
1;2025-11-28;14;1366
1;2025-11-28;15;1556
1;2025-11-28;16;1615
1;2025-11-28;17;1843
1;2025-11-28;18;1659
1;2025-11-28;19;1303
1;2025-11-28;20;858
1;2025-11-28;21;492
1;2025-11-28;22;203
1;2025-11-28;23;42
5;2025-11-28;0;0
5;2025-11-28;1;0
5;2025-11-28;2;0
5;2025-11-28;3;0
5;2025-11-28;4;0
5;2025-11-28;5;0
5;2025-11-28;6;0
5;2025-11-28;7;0
5;2025-11-28;8;0
5;2025-11-28;9;0
5;2025-11-28;10;0
5;2025-11-28;11;0
5;2025-11-28;12;0
5;2025-11-28;13;0
5;2025-11-28;14;0
5;2025-11-28;15;0
5;2025-11-28;16;0
5;2025-11-28;17;0
5;2025-11-28;18;0
5;2025-11-28;19;0
5;2025-11-28;20;0
5;2025-11-28;21;0
5;2025-11-28;22;0
5;2025-11-28;23;0
7;2025-11-28;0;72
7;2025-11-28;1;20
7;2025-11-28;2;0
7;2025-11-28;3;0
7;2025-11-28;4;4
7;2025-11-28;5;183
7;2025-11-28;6;604
7;2025-11-28;7;1681
7;2025-11-28;8;2546
7;2025-11-28;9;1846
7;2025-11-28;10;1790
7;2025-11-28;11;1669
7;2025-11-28;12;1831
7;2025-11-28;13;1784
7;2025-11-28;14;1829
7;2025-11-28;15;2053
7;2025-11-28;16;2158
7;2025-11-28;17;2448
7;2025-11-28;18;2276
7;2025-11-28;19;1548
7;2025-11-28;20;1052
7;2025-11-28;21;608
7;2025-11-28;22;350
7;2025-11-28;23;239
11;2025-11-28;0;66
11;2025-11-28;1;2
11;2025-11-28;2;0
11;2025-11-28;3;0
11;2025-11-28;4;0
11;2025-11-28;5;240
11;2025-11-28;6;1331
11;2025-11-28;7;2506
11;2025-11-28;8;3150
11;2025-11-28;9;2406
11;2025-11-28;10;1988
11;2025-11-28;11;1934
11;2025-11-28;12;1996
11;2025-11-28;13;1973
11;2025-11-28;14;2065
11;2025-11-28;15;2077
11;2025-11-28;16;2373
11;2025-11-28;17;2885
11;2025-11-28;18;2544
11;2025-11-28;19;2107
11;2025-11-28;20;1341
11;2025-11-28;21;819
11;2025-11-28;22;395
11;2025-11-28;23;277
12;2025-11-28;0;52
12;2025-11-28;1;4
12;2025-11-28;2;0
12;2025-11-28;3;0
12;2025-11-28;4;11
12;2025-11-28;5;321
12;2025-11-28;6;1414
12;2025-11-28;7;2687
12;2025-11-28;8;3569
12;2025-11-28;9;2574
12;2025-11-28;10;1999
12;2025-11-28;11;1922
12;2025-11-28;12;1959
12;2025-11-28;13;2075
12;2025-11-28;14;2010
12;2025-11-28;15;2318
12;2025-11-28;16;2874
12;2025-11-28;17;3009
12;2025-11-28;18;2604
12;2025-11-28;19;2138
12;2025-11-28;20;1461
12;2025-11-28;21;1016
12;2025-11-28;22;510
12;2025-11-28;23;286
17;2025-11-28;0;137
17;2025-11-28;1;17
17;2025-11-28;2;0
17;2025-11-28;3;0
17;2025-11-28;4;23
17;2025-11-28;5;316
17;2025-11-28;6;1597
17;2025-11-28;7;4271
17;2025-11-28;8;5392
17;2025-11-28;9;3960
17;2025-11-28;10;3135
17;2025-11-28;11;3171
17;2025-11-28;12;3138
17;2025-11-28;13;3263
17;2025-11-28;14;3412
17;2025-11-28;15;3414
17;2025-11-28;16;4218
17;2025-11-28;17;4762
17;2025-11-28;18;4293
17;2025-11-28;19;3121
17;2025-11-28;20;2316
17;2025-11-28;21;1524
17;2025-11-28;22;753
17;2025-11-28;23;442
25;2025-11-28;0;1
25;2025-11-28;1;0
25;2025-11-28;2;0
25;2025-11-28;3;0
25;2025-11-28;4;0
25;2025-11-28;5;13
25;2025-11-28;6;201
25;2025-11-28;7;578
25;2025-11-28;8;931
25;2025-11-28;9;493
25;2025-11-28;10;414
25;2025-11-28;11;486
25;2025-11-28;12;451
25;2025-11-28;13;618
25;2025-11-28;14;544
25;2025-11-28;15;691
25;2025-11-28;16;810
25;2025-11-28;17;824
25;2025-11-28;18;734
25;2025-11-28;19;614
25;2025-11-28;20;345
25;2025-11-28;21;227
25;2025-11-28;22;109
25;2025-11-28;23;13
26;2025-11-28;0;37
26;2025-11-28;1;3
26;2025-11-28;2;0
26;2025-11-28;3;0
26;2025-11-28;4;4
26;2025-11-28;5;83
26;2025-11-28;6;466
26;2025-11-28;7;1124
26;2025-11-28;8;2210
26;2025-11-28;9;1443
26;2025-11-28;10;1296
26;2025-11-28;11;1129
26;2025-11-28;12;1156
26;2025-11-28;13;1203
26;2025-11-28;14;1366
26;2025-11-28;15;1358
26;2025-11-28;16;1654
26;2025-11-28;17;1743
26;2025-11-28;18;1487
26;2025-11-28;19;1096
26;2025-11-28;20;689
26;2025-11-28;21;493
26;2025-11-28;22;214
26;2025-11-28;23;147
28;2025-11-28;0;1
28;2025-11-28;1;0
28;2025-11-28;2;0
28;2025-11-28;3;0
28;2025-11-28;4;4
28;2025-11-28;5;82
28;2025-11-28;6;269
28;2025-11-28;7;791
28;2025-11-28;8;1292
28;2025-11-28;9;839
28;2025-11-28;10;630
28;2025-11-28;11;596
28;2025-11-28;12;763
28;2025-11-28;13;751
28;2025-11-28;14;694
28;2025-11-28;15;755
28;2025-11-28;16;959
28;2025-11-28;17;1043
28;2025-11-28;18;876
28;2025-11-28;19;683
28;2025-11-28;20;472
28;2025-11-28;21;325
28;2025-11-28;22;132
28;2025-11-28;23;15
50;2025-11-28;0;43
50;2025-11-28;1;4
50;2025-11-28;2;0
50;2025-11-28;3;0
50;2025-11-28;4;8
50;2025-11-28;5;69
50;2025-11-28;6;490
50;2025-11-28;7;1661
50;2025-11-28;8;2780
50;2025-11-28;9;2067
50;2025-11-28;10;1607
50;2025-11-28;11;1538
50;2025-11-28;12;1482
50;2025-11-28;13;1566
50;2025-11-28;14;1468
50;2025-11-28;15;1800
50;2025-11-28;16;2157
50;2025-11-28;17;2242
50;2025-11-28;18;1809
50;2025-11-28;19;1306
50;2025-11-28;20;897
50;2025-11-28;21;592
50;2025-11-28;22;266
50;2025-11-28;23;155
1;2025-11-29;0;5
1;2025-11-29;1;0
1;2025-11-29;2;0
1;2025-11-29;3;0
1;2025-11-29;4;0
1;2025-11-29;5;34
1;2025-11-29;6;175
1;2025-11-29;7;409
1;2025-11-29;8;540
1;2025-11-29;9;814
1;2025-11-29;10;920
1;2025-11-29;11;820
1;2025-11-29;12;993
1;2025-11-29;13;1050
1;2025-11-29;14;949
1;2025-11-29;15;852
1;2025-11-29;16;813
1;2025-11-29;17;792
1;2025-11-29;18;700
1;2025-11-29;19;616
1;2025-11-29;20;437
1;2025-11-29;21;308
1;2025-11-29;22;123
1;2025-11-29;23;27
5;2025-11-29;0;0
5;2025-11-29;1;0
5;2025-11-29;2;0
5;2025-11-29;3;0
5;2025-11-29;4;0
5;2025-11-29;5;0
5;2025-11-29;6;0
5;2025-11-29;7;0
5;2025-11-29;8;0
5;2025-11-29;9;0
5;2025-11-29;10;0
5;2025-11-29;11;0
5;2025-11-29;12;0
5;2025-11-29;13;0
5;2025-11-29;14;0
5;2025-11-29;15;0
5;2025-11-29;16;0
5;2025-11-29;17;0
5;2025-11-29;18;0
5;2025-11-29;19;0
5;2025-11-29;20;0
5;2025-11-29;21;0
5;2025-11-29;22;0
5;2025-11-29;23;0
7;2025-11-29;0;109
7;2025-11-29;1;27
7;2025-11-29;2;0
7;2025-11-29;3;0
7;2025-11-29;4;4
7;2025-11-29;5;48
7;2025-11-29;6;243
7;2025-11-29;7;458
7;2025-11-29;8;831
7;2025-11-29;9;763
7;2025-11-29;10;844
7;2025-11-29;11;928
7;2025-11-29;12;1050
7;2025-11-29;13;1022
7;2025-11-29;14;1093
7;2025-11-29;15;1062
7;2025-11-29;16;974
7;2025-11-29;17;1034
7;2025-11-29;18;1052
7;2025-11-29;19;956
7;2025-11-29;20;696
7;2025-11-29;21;516
7;2025-11-29;22;239
7;2025-11-29;23;157
11;2025-11-29;0;101
11;2025-11-29;1;3
11;2025-11-29;2;0
11;2025-11-29;3;0
11;2025-11-29;4;0
11;2025-11-29;5;164
11;2025-11-29;6;911
11;2025-11-29;7;858
11;2025-11-29;8;1186
11;2025-11-29;9;1309
11;2025-11-29;10;1410
11;2025-11-29;11;1781
11;2025-11-29;12;1983
11;2025-11-29;13;1869
11;2025-11-29;14;1899
11;2025-11-29;15;1835
11;2025-11-29;16;1864
11;2025-11-29;17;1999
11;2025-11-29;18;1650
11;2025-11-29;19;1618
11;2025-11-29;20;1104
11;2025-11-29;21;763
11;2025-11-29;22;426
11;2025-11-29;23;291
12;2025-11-29;0;72
12;2025-11-29;1;4
12;2025-11-29;2;0
12;2025-11-29;3;0
12;2025-11-29;4;8
12;2025-11-29;5;270
12;2025-11-29;6;915
12;2025-11-29;7;1055
12;2025-11-29;8;1132
12;2025-11-29;9;1307
12;2025-11-29;10;1518
12;2025-11-29;11;1517
12;2025-11-29;12;1539
12;2025-11-29;13;1767
12;2025-11-29;14;1645
12;2025-11-29;15;1526
12;2025-11-29;16;1651
12;2025-11-29;17;1679
12;2025-11-29;18;1556
12;2025-11-29;19;1453
12;2025-11-29;20;1049
12;2025-11-29;21;759
12;2025-11-29;22;418
12;2025-11-29;23;280
17;2025-11-29;0;195
17;2025-11-29;1;26
17;2025-11-29;2;0
17;2025-11-29;3;0
17;2025-11-29;4;10
17;2025-11-29;5;142
17;2025-11-29;6;642
17;2025-11-29;7;1407
17;2025-11-29;8;1936
17;2025-11-29;9;2381
17;2025-11-29;10;2701
17;2025-11-29;11;3214
17;2025-11-29;12;3455
17;2025-11-29;13;3700
17;2025-11-29;14;3744
17;2025-11-29;15;3416
17;2025-11-29;16;3589
17;2025-11-29;17;3518
17;2025-11-29;18;3126
17;2025-11-29;19;2544
17;2025-11-29;20;1908
17;2025-11-29;21;1363
17;2025-11-29;22;804
17;2025-11-29;23;444
25;2025-11-29;0;2
25;2025-11-29;1;0
25;2025-11-29;2;0
25;2025-11-29;3;0
25;2025-11-29;4;0
25;2025-11-29;5;10
25;2025-11-29;6;71
25;2025-11-29;7;149
25;2025-11-29;8;349
25;2025-11-29;9;318
25;2025-11-29;10;316
25;2025-11-29;11;422
25;2025-11-29;12;419
25;2025-11-29;13;612
25;2025-11-29;14;607
25;2025-11-29;15;743
25;2025-11-29;16;662
25;2025-11-29;17;569
25;2025-11-29;18;575
25;2025-11-29;19;499
25;2025-11-29;20;298
25;2025-11-29;21;242
25;2025-11-29;22;115
25;2025-11-29;23;51
26;2025-11-29;0;51
26;2025-11-29;1;4
26;2025-11-29;2;0
26;2025-11-29;3;0
26;2025-11-29;4;5
26;2025-11-29;5;54
26;2025-11-29;6;258
26;2025-11-29;7;443
26;2025-11-29;8;691
26;2025-11-29;9;743
26;2025-11-29;10;900
26;2025-11-29;11;1070
26;2025-11-29;12;1049
26;2025-11-29;13;1117
26;2025-11-29;14;1160
26;2025-11-29;15;1058
26;2025-11-29;16;1076
26;2025-11-29;17;999
26;2025-11-29;18;941
26;2025-11-29;19;882
26;2025-11-29;20;577
26;2025-11-29;21;417
26;2025-11-29;22;220
26;2025-11-29;23;158
28;2025-11-29;0;2
28;2025-11-29;1;0
28;2025-11-29;2;0
28;2025-11-29;3;0
28;2025-11-29;4;2
28;2025-11-29;5;41
28;2025-11-29;6;116
28;2025-11-29;7;265
28;2025-11-29;8;458
28;2025-11-29;9;493
28;2025-11-29;10;506
28;2025-11-29;11;508
28;2025-11-29;12;619
28;2025-11-29;13;617
28;2025-11-29;14;609
28;2025-11-29;15;660
28;2025-11-29;16;601
28;2025-11-29;17;603
28;2025-11-29;18;508
28;2025-11-29;19;442
28;2025-11-29;20;329
28;2025-11-29;21;281
28;2025-11-29;22;128
28;2025-11-29;23;22
50;2025-11-29;0;70
50;2025-11-29;1;7
50;2025-11-29;2;0
50;2025-11-29;3;0
50;2025-11-29;4;2
50;2025-11-29;5;57
50;2025-11-29;6;241
50;2025-11-29;7;524
50;2025-11-29;8;800
50;2025-11-29;9;795
50;2025-11-29;10;841
50;2025-11-29;11;930
50;2025-11-29;12;949
50;2025-11-29;13;1016
50;2025-11-29;14;1012
50;2025-11-29;15;997
50;2025-11-29;16;945
50;2025-11-29;17;981
50;2025-11-29;18;910
50;2025-11-29;19;823
50;2025-11-29;20;662
50;2025-11-29;21;505
50;2025-11-29;22;239
50;2025-11-29;23;184
1;2025-11-30;0;0
1;2025-11-30;1;0
1;2025-11-30;2;0
1;2025-11-30;3;0
1;2025-11-30;4;0
1;2025-11-30;5;26
1;2025-11-30;6;132
1;2025-11-30;7;318
1;2025-11-30;8;426
1;2025-11-30;9;680
1;2025-11-30;10;769
1;2025-11-30;11;744
1;2025-11-30;12;867
1;2025-11-30;13;921
1;2025-11-30;14;835
1;2025-11-30;15;786
1;2025-11-30;16;723
1;2025-11-30;17;680
1;2025-11-30;18;629
1;2025-11-30;19;516
1;2025-11-30;20;395
1;2025-11-30;21;292
1;2025-11-30;22;107
1;2025-11-30;23;27
5;2025-11-30;0;0
5;2025-11-30;1;0
5;2025-11-30;2;0
5;2025-11-30;3;0
5;2025-11-30;4;0
5;2025-11-30;5;0
5;2025-11-30;6;0
5;2025-11-30;7;0
5;2025-11-30;8;0
5;2025-11-30;9;0
5;2025-11-30;10;0
5;2025-11-30;11;0
5;2025-11-30;12;0
5;2025-11-30;13;0
5;2025-11-30;14;0
5;2025-11-30;15;0
5;2025-11-30;16;0
5;2025-11-30;17;0
5;2025-11-30;18;0
5;2025-11-30;19;0
5;2025-11-30;20;0
5;2025-11-30;21;0
5;2025-11-30;22;0
5;2025-11-30;23;0
7;2025-11-30;0;87
7;2025-11-30;1;20
7;2025-11-30;2;1
7;2025-11-30;3;0
7;2025-11-30;4;3
7;2025-11-30;5;34
7;2025-11-30;6;159
7;2025-11-30;7;307
7;2025-11-30;8;551
7;2025-11-30;9;630
7;2025-11-30;10;649
7;2025-11-30;11;802
7;2025-11-30;12;853
7;2025-11-30;13;836
7;2025-11-30;14;936
7;2025-11-30;15;909
7;2025-11-30;16;829
7;2025-11-30;17;935
7;2025-11-30;18;902
7;2025-11-30;19;768
7;2025-11-30;20;608
7;2025-11-30;21;438
7;2025-11-30;22;213
7;2025-11-30;23;129
11;2025-11-30;0;106
11;2025-11-30;1;19
11;2025-11-30;2;0
11;2025-11-30;3;0
11;2025-11-30;4;0
11;2025-11-30;5;115
11;2025-11-30;6;615
11;2025-11-30;7;618
11;2025-11-30;8;842
11;2025-11-30;9;1067
11;2025-11-30;10;1212
11;2025-11-30;11;1627
11;2025-11-30;12;1807
11;2025-11-30;13;1698
11;2025-11-30;14;1705
11;2025-11-30;15;1750
11;2025-11-30;16;1721
11;2025-11-30;17;1869
11;2025-11-30;18;1544
11;2025-11-30;19;1336
11;2025-11-30;20;967
11;2025-11-30;21;687
11;2025-11-30;22;387
11;2025-11-30;23;251
12;2025-11-30;0;81
12;2025-11-30;1;9
12;2025-11-30;2;0
12;2025-11-30;3;0
12;2025-11-30;4;8
12;2025-11-30;5;173
12;2025-11-30;6;606
12;2025-11-30;7;778
12;2025-11-30;8;833
12;2025-11-30;9;1049
12;2025-11-30;10;1227
12;2025-11-30;11;1339
12;2025-11-30;12;1409
12;2025-11-30;13;1623
12;2025-11-30;14;1565
12;2025-11-30;15;1490
12;2025-11-30;16;1624
12;2025-11-30;17;1754
12;2025-11-30;18;1465
12;2025-11-30;19;1067
12;2025-11-30;20;860
12;2025-11-30;21;636
12;2025-11-30;22;399
12;2025-11-30;23;232
17;2025-11-30;0;194
17;2025-11-30;1;30
17;2025-11-30;2;0
17;2025-11-30;3;0
17;2025-11-30;4;10
17;2025-11-30;5;117
17;2025-11-30;6;487
17;2025-11-30;7;976
17;2025-11-30;8;1404
17;2025-11-30;9;1913
17;2025-11-30;10;2276
17;2025-11-30;11;2829
17;2025-11-30;12;3131
17;2025-11-30;13;3410
17;2025-11-30;14;3529
17;2025-11-30;15;3170
17;2025-11-30;16;3384
17;2025-11-30;17;3222
17;2025-11-30;18;2787
17;2025-11-30;19;2234
17;2025-11-30;20;1715
17;2025-11-30;21;1281
17;2025-11-30;22;738
17;2025-11-30;23;351
25;2025-11-30;0;18
25;2025-11-30;1;1
25;2025-11-30;2;0
25;2025-11-30;3;0
25;2025-11-30;4;0
25;2025-11-30;5;10
25;2025-11-30;6;57
25;2025-11-30;7;113
25;2025-11-30;8;227
25;2025-11-30;9;233
25;2025-11-30;10;254
25;2025-11-30;11;339
25;2025-11-30;12;391
25;2025-11-30;13;509
25;2025-11-30;14;547
25;2025-11-30;15;681
25;2025-11-30;16;575
25;2025-11-30;17;541
25;2025-11-30;18;509
25;2025-11-30;19;396
25;2025-11-30;20;263
25;2025-11-30;21;208
25;2025-11-30;22;106
25;2025-11-30;23;40
26;2025-11-30;0;58
26;2025-11-30;1;9
26;2025-11-30;2;0
26;2025-11-30;3;0
26;2025-11-30;4;4
26;2025-11-30;5;32
26;2025-11-30;6;164
26;2025-11-30;7;328
26;2025-11-30;8;470
26;2025-11-30;9;592
26;2025-11-30;10;678
26;2025-11-30;11;879
26;2025-11-30;12;886
26;2025-11-30;13;964
26;2025-11-30;14;966
26;2025-11-30;15;910
26;2025-11-30;16;913
26;2025-11-30;17;880
26;2025-11-30;18;812
26;2025-11-30;19;646
26;2025-11-30;20;494
26;2025-11-30;21;364
26;2025-11-30;22;202
26;2025-11-30;23;126
28;2025-11-30;0;2
28;2025-11-30;1;1
28;2025-11-30;2;0
28;2025-11-30;3;0
28;2025-11-30;4;2
28;2025-11-30;5;34
28;2025-11-30;6;93
28;2025-11-30;7;187
28;2025-11-30;8;324
28;2025-11-30;9;360
28;2025-11-30;10;406
28;2025-11-30;11;432
28;2025-11-30;12;519
28;2025-11-30;13;556
28;2025-11-30;14;564
28;2025-11-30;15;572
28;2025-11-30;16;540
28;2025-11-30;17;550
28;2025-11-30;18;486
28;2025-11-30;19;417
28;2025-11-30;20;321
28;2025-11-30;21;260
28;2025-11-30;22;109
28;2025-11-30;23;13
50;2025-11-30;0;55
50;2025-11-30;1;8
50;2025-11-30;2;0
50;2025-11-30;3;0
50;2025-11-30;4;3
50;2025-11-30;5;38
50;2025-11-30;6;168
50;2025-11-30;7;349
50;2025-11-30;8;569
50;2025-11-30;9;618
50;2025-11-30;10;659
50;2025-11-30;11;803
50;2025-11-30;12;835
50;2025-11-30;13;974
50;2025-11-30;14;944
50;2025-11-30;15;959
50;2025-11-30;16;882
50;2025-11-30;17;902
50;2025-11-30;18;859
50;2025-11-30;19;745
50;2025-11-30;20;627
50;2025-11-30;21;472
50;2025-11-30;22;238
50;2025-11-30;23;139
1;2025-12-01;0;0
1;2025-12-01;1;0
1;2025-12-01;2;0
1;2025-12-01;3;0
1;2025-12-01;4;11
1;2025-12-01;5;128
1;2025-12-01;6;500
1;2025-12-01;7;1488
1;2025-12-01;8;1994
1;2025-12-01;9;1440
1;2025-12-01;10;1289
1;2025-12-01;11;1279
1;2025-12-01;12;1333
1;2025-12-01;13;1395
1;2025-12-01;14;1325
1;2025-12-01;15;1444
1;2025-12-01;16;1494
1;2025-12-01;17;1821
1;2025-12-01;18;1917
1;2025-12-01;19;1475
1;2025-12-01;20;931
1;2025-12-01;21;462
1;2025-12-01;22;190
1;2025-12-01;23;34
5;2025-12-01;0;0
5;2025-12-01;1;0
5;2025-12-01;2;0
5;2025-12-01;3;0
5;2025-12-01;4;0
5;2025-12-01;5;0
5;2025-12-01;6;0
5;2025-12-01;7;0
5;2025-12-01;8;0
5;2025-12-01;9;0
5;2025-12-01;10;0
5;2025-12-01;11;0
5;2025-12-01;12;0
5;2025-12-01;13;0
5;2025-12-01;14;0
5;2025-12-01;15;0
5;2025-12-01;16;0
5;2025-12-01;17;0
5;2025-12-01;18;0
5;2025-12-01;19;0
5;2025-12-01;20;0
5;2025-12-01;21;0
5;2025-12-01;22;0
5;2025-12-01;23;0
7;2025-12-01;0;67
7;2025-12-01;1;15
7;2025-12-01;2;0
7;2025-12-01;3;0
7;2025-12-01;4;4
7;2025-12-01;5;181
7;2025-12-01;6;643
7;2025-12-01;7;1723
7;2025-12-01;8;2664
7;2025-12-01;9;1885
7;2025-12-01;10;1749
7;2025-12-01;11;1576
7;2025-12-01;12;1689
7;2025-12-01;13;1644
7;2025-12-01;14;1683
7;2025-12-01;15;1905
7;2025-12-01;16;1938
7;2025-12-01;17;2534
7;2025-12-01;18;2802
7;2025-12-01;19;1818
7;2025-12-01;20;1134
7;2025-12-01;21;607
7;2025-12-01;22;314
7;2025-12-01;23;191
11;2025-12-01;0;72
11;2025-12-01;1;9
11;2025-12-01;2;0
11;2025-12-01;3;0
11;2025-12-01;4;0
11;2025-12-01;5;244
11;2025-12-01;6;1321
11;2025-12-01;7;2463
11;2025-12-01;8;3133
11;2025-12-01;9;2417
11;2025-12-01;10;1891
11;2025-12-01;11;1891
11;2025-12-01;12;1860
11;2025-12-01;13;1888
11;2025-12-01;14;1849
11;2025-12-01;15;1890
11;2025-12-01;16;2187
11;2025-12-01;17;2793
11;2025-12-01;18;3062
11;2025-12-01;19;2265
11;2025-12-01;20;1343
11;2025-12-01;21;774
11;2025-12-01;22;354
11;2025-12-01;23;206
12;2025-12-01;0;59
12;2025-12-01;1;6
12;2025-12-01;2;0
12;2025-12-01;3;0
12;2025-12-01;4;11
12;2025-12-01;5;315
12;2025-12-01;6;1402
12;2025-12-01;7;2684
12;2025-12-01;8;3654
12;2025-12-01;9;2510
12;2025-12-01;10;2019
12;2025-12-01;11;1896
12;2025-12-01;12;2000
12;2025-12-01;13;1973
12;2025-12-01;14;1848
12;2025-12-01;15;2115
12;2025-12-01;16;2582
12;2025-12-01;17;3053
12;2025-12-01;18;3184
12;2025-12-01;19;2362
12;2025-12-01;20;1578
12;2025-12-01;21;952
12;2025-12-01;22;468
12;2025-12-01;23;239
17;2025-12-01;0;119
17;2025-12-01;1;16
17;2025-12-01;2;0
17;2025-12-01;3;0
17;2025-12-01;4;23
17;2025-12-01;5;309
17;2025-12-01;6;1544
17;2025-12-01;7;4175
17;2025-12-01;8;5464
17;2025-12-01;9;3996
17;2025-12-01;10;3066
17;2025-12-01;11;3036
17;2025-12-01;12;3018
17;2025-12-01;13;3060
17;2025-12-01;14;3136
17;2025-12-01;15;3185
17;2025-12-01;16;3686
17;2025-12-01;17;4481
17;2025-12-01;18;4816
17;2025-12-01;19;3279
17;2025-12-01;20;2222
17;2025-12-01;21;1344
17;2025-12-01;22;642
17;2025-12-01;23;318
25;2025-12-01;0;10
25;2025-12-01;1;1
25;2025-12-01;2;0
25;2025-12-01;3;0
25;2025-12-01;4;0
25;2025-12-01;5;9
25;2025-12-01;6;179
25;2025-12-01;7;550
25;2025-12-01;8;922
25;2025-12-01;9;497
25;2025-12-01;10;369
25;2025-12-01;11;424
25;2025-12-01;12;404
25;2025-12-01;13;562
25;2025-12-01;14;453
25;2025-12-01;15;538
25;2025-12-01;16;676
25;2025-12-01;17;758
25;2025-12-01;18;788
25;2025-12-01;19;567
25;2025-12-01;20;324
25;2025-12-01;21;209
25;2025-12-01;22;88
25;2025-12-01;23;13
26;2025-12-01;0;33
26;2025-12-01;1;5
26;2025-12-01;2;0
26;2025-12-01;3;0
26;2025-12-01;4;4
26;2025-12-01;5;81
26;2025-12-01;6;471
26;2025-12-01;7;1154
26;2025-12-01;8;2162
26;2025-12-01;9;1448
26;2025-12-01;10;1242
26;2025-12-01;11;1072
26;2025-12-01;12;1079
26;2025-12-01;13;1164
26;2025-12-01;14;1244
26;2025-12-01;15;1280
26;2025-12-01;16;1460
26;2025-12-01;17;1699
26;2025-12-01;18;1897
26;2025-12-01;19;1228
26;2025-12-01;20;749
26;2025-12-01;21;481
26;2025-12-01;22;199
26;2025-12-01;23;115
28;2025-12-01;0;1
28;2025-12-01;1;0
28;2025-12-01;2;0
28;2025-12-01;3;0
28;2025-12-01;4;5
28;2025-12-01;5;77
28;2025-12-01;6;253
28;2025-12-01;7;701
28;2025-12-01;8;1162
28;2025-12-01;9;821
28;2025-12-01;10;598
28;2025-12-01;11;526
28;2025-12-01;12;682
28;2025-12-01;13;663
28;2025-12-01;14;601
28;2025-12-01;15;640
28;2025-12-01;16;825
28;2025-12-01;17;947
28;2025-12-01;18;917
28;2025-12-01;19;716
28;2025-12-01;20;464
28;2025-12-01;21;285
28;2025-12-01;22;108
28;2025-12-01;23;10
50;2025-12-01;0;20
50;2025-12-01;1;4
50;2025-12-01;2;0
50;2025-12-01;3;0
50;2025-12-01;4;8
50;2025-12-01;5;66
50;2025-12-01;6;502
50;2025-12-01;7;1681
50;2025-12-01;8;2867
50;2025-12-01;9;2287
50;2025-12-01;10;1687
50;2025-12-01;11;1573
50;2025-12-01;12;1460
50;2025-12-01;13;1557
50;2025-12-01;14;1488
50;2025-12-01;15;1698
50;2025-12-01;16;1815
50;2025-12-01;17;2347
50;2025-12-01;18;2493
50;2025-12-01;19;1453
50;2025-12-01;20;954
50;2025-12-01;21;611
50;2025-12-01;22;242
50;2025-12-01;23;126
1;2025-12-02;0;4
1;2025-12-02;1;0
1;2025-12-02;2;0
1;2025-12-02;3;0
1;2025-12-02;4;11
1;2025-12-02;5;125
1;2025-12-02;6;505
1;2025-12-02;7;1551
1;2025-12-02;8;2031
1;2025-12-02;9;1524
1;2025-12-02;10;1390
1;2025-12-02;11;1337
1;2025-12-02;12;1360
1;2025-12-02;13;1412
1;2025-12-02;14;1292
1;2025-12-02;15;1415
1;2025-12-02;16;1468
1;2025-12-02;17;1802
1;2025-12-02;18;1889
1;2025-12-02;19;1443
1;2025-12-02;20;928
1;2025-12-02;21;481
1;2025-12-02;22;198
1;2025-12-02;23;37
5;2025-12-02;0;0
5;2025-12-02;1;0
5;2025-12-02;2;0
5;2025-12-02;3;0
5;2025-12-02;4;0
5;2025-12-02;5;0
5;2025-12-02;6;0
5;2025-12-02;7;0
5;2025-12-02;8;0
5;2025-12-02;9;0
5;2025-12-02;10;0
5;2025-12-02;11;0
5;2025-12-02;12;0
5;2025-12-02;13;0
5;2025-12-02;14;0
5;2025-12-02;15;0
5;2025-12-02;16;0
5;2025-12-02;17;0
5;2025-12-02;18;0
5;2025-12-02;19;0
5;2025-12-02;20;0
5;2025-12-02;21;0
5;2025-12-02;22;0
5;2025-12-02;23;0
7;2025-12-02;0;64
7;2025-12-02;1;17
7;2025-12-02;2;0
7;2025-12-02;3;0
7;2025-12-02;4;5
7;2025-12-02;5;188
7;2025-12-02;6;671
7;2025-12-02;7;1794
7;2025-12-02;8;2708
7;2025-12-02;9;1918
7;2025-12-02;10;1803
7;2025-12-02;11;1687
7;2025-12-02;12;1785
7;2025-12-02;13;1669
7;2025-12-02;14;1698
7;2025-12-02;15;1965
7;2025-12-02;16;1957
7;2025-12-02;17;2519
7;2025-12-02;18;2864
7;2025-12-02;19;1916
7;2025-12-02;20;1177
7;2025-12-02;21;655
7;2025-12-02;22;345
7;2025-12-02;23;221
11;2025-12-02;0;59
11;2025-12-02;1;1
11;2025-12-02;2;0
11;2025-12-02;3;0
11;2025-12-02;4;0
11;2025-12-02;5;241
11;2025-12-02;6;1377
11;2025-12-02;7;2621
11;2025-12-02;8;3402
11;2025-12-02;9;2569
11;2025-12-02;10;2059
11;2025-12-02;11;1918
11;2025-12-02;12;1960
11;2025-12-02;13;2007
11;2025-12-02;14;2005
11;2025-12-02;15;1948
11;2025-12-02;16;2284
11;2025-12-02;17;2960
11;2025-12-02;18;3228
11;2025-12-02;19;2402
11;2025-12-02;20;1468
11;2025-12-02;21;840
11;2025-12-02;22;387
11;2025-12-02;23;220
12;2025-12-02;0;45
12;2025-12-02;1;2
12;2025-12-02;2;0
12;2025-12-02;3;0
12;2025-12-02;4;11
12;2025-12-02;5;336
12;2025-12-02;6;1495
12;2025-12-02;7;2828
12;2025-12-02;8;3930
12;2025-12-02;9;2654
12;2025-12-02;10;2154
12;2025-12-02;11;2032
12;2025-12-02;12;2036
12;2025-12-02;13;2081
12;2025-12-02;14;1964
12;2025-12-02;15;2163
12;2025-12-02;16;2702
12;2025-12-02;17;3224
12;2025-12-02;18;3325
12;2025-12-02;19;2438
12;2025-12-02;20;1598
12;2025-12-02;21;997
12;2025-12-02;22;502
12;2025-12-02;23;251
17;2025-12-02;0;108
17;2025-12-02;1;15
17;2025-12-02;2;0
17;2025-12-02;3;0
17;2025-12-02;4;23
17;2025-12-02;5;317
17;2025-12-02;6;1575
17;2025-12-02;7;4334
17;2025-12-02;8;5681
17;2025-12-02;9;4036
17;2025-12-02;10;3194
17;2025-12-02;11;3112
17;2025-12-02;12;3044
17;2025-12-02;13;3077
17;2025-12-02;14;3253
17;2025-12-02;15;3222
17;2025-12-02;16;3693
17;2025-12-02;17;4646
17;2025-12-02;18;4947
17;2025-12-02;19;3391
17;2025-12-02;20;2325
17;2025-12-02;21;1404
17;2025-12-02;22;686
17;2025-12-02;23;336
25;2025-12-02;0;2
25;2025-12-02;1;0
25;2025-12-02;2;0
25;2025-12-02;3;0
25;2025-12-02;4;0
25;2025-12-02;5;11
25;2025-12-02;6;181
25;2025-12-02;7;554
25;2025-12-02;8;940
25;2025-12-02;9;494
25;2025-12-02;10;399
25;2025-12-02;11;453
25;2025-12-02;12;419
25;2025-12-02;13;539
25;2025-12-02;14;483
25;2025-12-02;15;589
25;2025-12-02;16;693
25;2025-12-02;17;730
25;2025-12-02;18;787
25;2025-12-02;19;597
25;2025-12-02;20;337
25;2025-12-02;21;212
25;2025-12-02;22;91
25;2025-12-02;23;10
26;2025-12-02;0;34
26;2025-12-02;1;3
26;2025-12-02;2;0
26;2025-12-02;3;0
26;2025-12-02;4;3
26;2025-12-02;5;84
26;2025-12-02;6;481
26;2025-12-02;7;1172
26;2025-12-02;8;2287
26;2025-12-02;9;1502
26;2025-12-02;10;1299
26;2025-12-02;11;1165
26;2025-12-02;12;1157
26;2025-12-02;13;1152
26;2025-12-02;14;1299
26;2025-12-02;15;1332
26;2025-12-02;16;1502
26;2025-12-02;17;1791
26;2025-12-02;18;1944
26;2025-12-02;19;1289
26;2025-12-02;20;760
26;2025-12-02;21;490
26;2025-12-02;22;207
26;2025-12-02;23;121
28;2025-12-02;0;1
28;2025-12-02;1;0
28;2025-12-02;2;0
28;2025-12-02;3;0
28;2025-12-02;4;4
28;2025-12-02;5;77
28;2025-12-02;6;260
28;2025-12-02;7;759
28;2025-12-02;8;1242
28;2025-12-02;9;830
28;2025-12-02;10;635
28;2025-12-02;11;572
28;2025-12-02;12;698
28;2025-12-02;13;699
28;2025-12-02;14;639
28;2025-12-02;15;669
28;2025-12-02;16;806
28;2025-12-02;17;948
28;2025-12-02;18;918
28;2025-12-02;19;713
28;2025-12-02;20;493
28;2025-12-02;21;307
28;2025-12-02;22;125
28;2025-12-02;23;12
50;2025-12-02;0;33
50;2025-12-02;1;5
50;2025-12-02;2;0
50;2025-12-02;3;0
50;2025-12-02;4;7
50;2025-12-02;5;71
50;2025-12-02;6;526
50;2025-12-02;7;1784
50;2025-12-02;8;3031
50;2025-12-02;9;2322
50;2025-12-02;10;1790
50;2025-12-02;11;1569
50;2025-12-02;12;1494
50;2025-12-02;13;1534
50;2025-12-02;14;1447
50;2025-12-02;15;1688
50;2025-12-02;16;1795
50;2025-12-02;17;2453
50;2025-12-02;18;2634
50;2025-12-02;19;1547
50;2025-12-02;20;1005
50;2025-12-02;21;653
50;2025-12-02;22;250
50;2025-12-02;23;135
1;2025-12-03;0;5
1;2025-12-03;1;0
1;2025-12-03;2;0
1;2025-12-03;3;0
1;2025-12-03;4;11
1;2025-12-03;5;130
1;2025-12-03;6;520
1;2025-12-03;7;1492
1;2025-12-03;8;2055
1;2025-12-03;9;1504
1;2025-12-03;10;1379
1;2025-12-03;11;1377
1;2025-12-03;12;1385
1;2025-12-03;13;1441
1;2025-12-03;14;1342
1;2025-12-03;15;1462
1;2025-12-03;16;1481
1;2025-12-03;17;1835
1;2025-12-03;18;1901
1;2025-12-03;19;1449
1;2025-12-03;20;936
1;2025-12-03;21;483
1;2025-12-03;22;214
1;2025-12-03;23;36
5;2025-12-03;0;0
5;2025-12-03;1;0
5;2025-12-03;2;0
5;2025-12-03;3;0
5;2025-12-03;4;0
5;2025-12-03;5;0
5;2025-12-03;6;0
5;2025-12-03;7;0
5;2025-12-03;8;0
5;2025-12-03;9;0
5;2025-12-03;10;0
5;2025-12-03;11;0
5;2025-12-03;12;0
5;2025-12-03;13;0
5;2025-12-03;14;0
5;2025-12-03;15;0
5;2025-12-03;16;0
5;2025-12-03;17;0
5;2025-12-03;18;0
5;2025-12-03;19;0
5;2025-12-03;20;0
5;2025-12-03;21;0
5;2025-12-03;22;0
5;2025-12-03;23;0
7;2025-12-03;0;66
7;2025-12-03;1;19
7;2025-12-03;2;0
7;2025-12-03;3;0
7;2025-12-03;4;6
7;2025-12-03;5;193
7;2025-12-03;6;676
7;2025-12-03;7;1745
7;2025-12-03;8;2754
7;2025-12-03;9;1966
7;2025-12-03;10;1858
7;2025-12-03;11;1683
7;2025-12-03;12;1787
7;2025-12-03;13;1684
7;2025-12-03;14;1753
7;2025-12-03;15;1978
7;2025-12-03;16;1967
7;2025-12-03;17;2602
7;2025-12-03;18;2882
7;2025-12-03;19;1834
7;2025-12-03;20;1168
7;2025-12-03;21;674
7;2025-12-03;22;367
7;2025-12-03;23;225
11;2025-12-03;0;62
11;2025-12-03;1;1
11;2025-12-03;2;0
11;2025-12-03;3;0
11;2025-12-03;4;0
11;2025-12-03;5;248
11;2025-12-03;6;1292
11;2025-12-03;7;2528
11;2025-12-03;8;3246
11;2025-12-03;9;2462
11;2025-12-03;10;2016
11;2025-12-03;11;2015
11;2025-12-03;12;2001
11;2025-12-03;13;2087
11;2025-12-03;14;2050
11;2025-12-03;15;1957
11;2025-12-03;16;2185
11;2025-12-03;17;2847
11;2025-12-03;18;3156
11;2025-12-03;19;2335
11;2025-12-03;20;1404
11;2025-12-03;21;832
11;2025-12-03;22;392
11;2025-12-03;23;234
12;2025-12-03;0;55
12;2025-12-03;1;3
12;2025-12-03;2;0
12;2025-12-03;3;0
12;2025-12-03;4;11
12;2025-12-03;5;335
12;2025-12-03;6;1479
12;2025-12-03;7;2734
12;2025-12-03;8;3770
12;2025-12-03;9;2688
12;2025-12-03;10;2143
12;2025-12-03;11;1993
12;2025-12-03;12;2069
12;2025-12-03;13;2068
12;2025-12-03;14;1969
12;2025-12-03;15;2187
12;2025-12-03;16;2718
12;2025-12-03;17;3172
12;2025-12-03;18;3239
12;2025-12-03;19;2417
12;2025-12-03;20;1580
12;2025-12-03;21;1012
12;2025-12-03;22;512
12;2025-12-03;23;263
17;2025-12-03;0;122
17;2025-12-03;1;15
17;2025-12-03;2;0
17;2025-12-03;3;0
17;2025-12-03;4;24
17;2025-12-03;5;313
17;2025-12-03;6;1570
17;2025-12-03;7;4231
17;2025-12-03;8;5566
17;2025-12-03;9;3991
17;2025-12-03;10;3197
17;2025-12-03;11;3149
17;2025-12-03;12;3154
17;2025-12-03;13;3178
17;2025-12-03;14;3316
17;2025-12-03;15;3316
17;2025-12-03;16;3741
17;2025-12-03;17;4587
17;2025-12-03;18;4859
17;2025-12-03;19;3302
17;2025-12-03;20;2272
17;2025-12-03;21;1446
17;2025-12-03;22;715
17;2025-12-03;23;371
25;2025-12-03;0;1
25;2025-12-03;1;0
25;2025-12-03;2;0
25;2025-12-03;3;0
25;2025-12-03;4;0
25;2025-12-03;5;12
25;2025-12-03;6;187
25;2025-12-03;7;553
25;2025-12-03;8;933
25;2025-12-03;9;494
25;2025-12-03;10;411
25;2025-12-03;11;467
25;2025-12-03;12;445
25;2025-12-03;13;590
25;2025-12-03;14;469
25;2025-12-03;15;603
25;2025-12-03;16;692
25;2025-12-03;17;786
25;2025-12-03;18;823
25;2025-12-03;19;617
25;2025-12-03;20;347
25;2025-12-03;21;243
25;2025-12-03;22;103
25;2025-12-03;23;10
26;2025-12-03;0;35
26;2025-12-03;1;4
26;2025-12-03;2;0
26;2025-12-03;3;0
26;2025-12-03;4;4
26;2025-12-03;5;87
26;2025-12-03;6;465
26;2025-12-03;7;1168
26;2025-12-03;8;2237
26;2025-12-03;9;1510
26;2025-12-03;10;1274
26;2025-12-03;11;1128
26;2025-12-03;12;1163
26;2025-12-03;13;1197
26;2025-12-03;14;1341
26;2025-12-03;15;1355
26;2025-12-03;16;1470
26;2025-12-03;17;1705
26;2025-12-03;18;1906
26;2025-12-03;19;1268
26;2025-12-03;20;780
26;2025-12-03;21;544
26;2025-12-03;22;228
26;2025-12-03;23;141
28;2025-12-03;0;1
28;2025-12-03;1;0
28;2025-12-03;2;0
28;2025-12-03;3;0
28;2025-12-03;4;4
28;2025-12-03;5;83
28;2025-12-03;6;262
28;2025-12-03;7;736
28;2025-12-03;8;1206
28;2025-12-03;9;829
28;2025-12-03;10;611
28;2025-12-03;11;581
28;2025-12-03;12;717
28;2025-12-03;13;711
28;2025-12-03;14;625
28;2025-12-03;15;678
28;2025-12-03;16;860
28;2025-12-03;17;977
28;2025-12-03;18;939
28;2025-12-03;19;737
28;2025-12-03;20;497
28;2025-12-03;21;301
28;2025-12-03;22;127
28;2025-12-03;23;12
50;2025-12-03;0;34
50;2025-12-03;1;6
50;2025-12-03;2;0
50;2025-12-03;3;0
50;2025-12-03;4;8
50;2025-12-03;5;76
50;2025-12-03;6;537
50;2025-12-03;7;1759
50;2025-12-03;8;2990
50;2025-12-03;9;2327
50;2025-12-03;10;1820
50;2025-12-03;11;1639
50;2025-12-03;12;1599
50;2025-12-03;13;1688
50;2025-12-03;14;1608
50;2025-12-03;15;1877
50;2025-12-03;16;1873
50;2025-12-03;17;2476
50;2025-12-03;18;2587
50;2025-12-03;19;1576
50;2025-12-03;20;1000
50;2025-12-03;21;659
50;2025-12-03;22;282
50;2025-12-03;23;150
1;2025-12-04;0;5
1;2025-12-04;1;0
1;2025-12-04;2;0
1;2025-12-04;3;0
1;2025-12-04;4;11
1;2025-12-04;5;121
1;2025-12-04;6;488
1;2025-12-04;7;1494
1;2025-12-04;8;2005
1;2025-12-04;9;1473
1;2025-12-04;10;1385
1;2025-12-04;11;1354
1;2025-12-04;12;1413
1;2025-12-04;13;1412
1;2025-12-04;14;1339
1;2025-12-04;15;1467
1;2025-12-04;16;1500
1;2025-12-04;17;1817
1;2025-12-04;18;1872
1;2025-12-04;19;1416
1;2025-12-04;20;930
1;2025-12-04;21;480
1;2025-12-04;22;207
1;2025-12-04;23;37
5;2025-12-04;0;0
5;2025-12-04;1;0
5;2025-12-04;2;0
5;2025-12-04;3;0
5;2025-12-04;4;0
5;2025-12-04;5;0
5;2025-12-04;6;0
5;2025-12-04;7;0
5;2025-12-04;8;0
5;2025-12-04;9;0
5;2025-12-04;10;0
5;2025-12-04;11;0
5;2025-12-04;12;0
5;2025-12-04;13;0
5;2025-12-04;14;0
5;2025-12-04;15;0
5;2025-12-04;16;0
5;2025-12-04;17;0
5;2025-12-04;18;0
5;2025-12-04;19;0
5;2025-12-04;20;0
5;2025-12-04;21;0
5;2025-12-04;22;0
5;2025-12-04;23;0
7;2025-12-04;0;71
7;2025-12-04;1;20
7;2025-12-04;2;0
7;2025-12-04;3;0
7;2025-12-04;4;4
7;2025-12-04;5;191
7;2025-12-04;6;690
7;2025-12-04;7;1768
7;2025-12-04;8;2737
7;2025-12-04;9;1945
7;2025-12-04;10;1785
7;2025-12-04;11;1660
7;2025-12-04;12;1784
7;2025-12-04;13;1701
7;2025-12-04;14;1804
7;2025-12-04;15;1918
7;2025-12-04;16;1987
7;2025-12-04;17;2490
7;2025-12-04;18;2873
7;2025-12-04;19;1833
7;2025-12-04;20;1145
7;2025-12-04;21;652
7;2025-12-04;22;355
7;2025-12-04;23;232
11;2025-12-04;0;65
11;2025-12-04;1;1
11;2025-12-04;2;0
11;2025-12-04;3;0
11;2025-12-04;4;0
11;2025-12-04;5;246
11;2025-12-04;6;1352
11;2025-12-04;7;2553
11;2025-12-04;8;3121
11;2025-12-04;9;2526
11;2025-12-04;10;2131
11;2025-12-04;11;1979
11;2025-12-04;12;2057
11;2025-12-04;13;2115
11;2025-12-04;14;2073
11;2025-12-04;15;1986
11;2025-12-04;16;2267
11;2025-12-04;17;2844
11;2025-12-04;18;3149
11;2025-12-04;19;2351
11;2025-12-04;20;1439
11;2025-12-04;21;864
11;2025-12-04;22;412
11;2025-12-04;23;250
12;2025-12-04;0;47
12;2025-12-04;1;4
12;2025-12-04;2;0
12;2025-12-04;3;0
12;2025-12-04;4;10
12;2025-12-04;5;324
12;2025-12-04;6;1473
12;2025-12-04;7;2812
12;2025-12-04;8;3744
12;2025-12-04;9;2590
12;2025-12-04;10;2087
12;2025-12-04;11;1978
12;2025-12-04;12;2064
12;2025-12-04;13;2088
12;2025-12-04;14;1938
12;2025-12-04;15;2196
12;2025-12-04;16;2717
12;2025-12-04;17;3157
12;2025-12-04;18;3246
12;2025-12-04;19;2466
12;2025-12-04;20;1635
12;2025-12-04;21;990
12;2025-12-04;22;523
12;2025-12-04;23;266
17;2025-12-04;0;129
17;2025-12-04;1;16
17;2025-12-04;2;0
17;2025-12-04;3;0
17;2025-12-04;4;23
17;2025-12-04;5;325
17;2025-12-04;6;1593
17;2025-12-04;7;4301
17;2025-12-04;8;5495
17;2025-12-04;9;4033
17;2025-12-04;10;3181
17;2025-12-04;11;3132
17;2025-12-04;12;3171
17;2025-12-04;13;3183
17;2025-12-04;14;3289
17;2025-12-04;15;3324
17;2025-12-04;16;3872
17;2025-12-04;17;4613
17;2025-12-04;18;4800
17;2025-12-04;19;3399
17;2025-12-04;20;2399
17;2025-12-04;21;1498
17;2025-12-04;22;751
17;2025-12-04;23;391
25;2025-12-04;0;1
25;2025-12-04;1;0
25;2025-12-04;2;0
25;2025-12-04;3;0
25;2025-12-04;4;0
25;2025-12-04;5;11
25;2025-12-04;6;191
25;2025-12-04;7;563
25;2025-12-04;8;937
25;2025-12-04;9;488
25;2025-12-04;10;414
25;2025-12-04;11;456
25;2025-12-04;12;442
25;2025-12-04;13;566
25;2025-12-04;14;532
25;2025-12-04;15;623
25;2025-12-04;16;706
25;2025-12-04;17;771
25;2025-12-04;18;790
25;2025-12-04;19;611
25;2025-12-04;20;336
25;2025-12-04;21;232
25;2025-12-04;22;98
25;2025-12-04;23;8
26;2025-12-04;0;39
26;2025-12-04;1;3
26;2025-12-04;2;0
26;2025-12-04;3;0
26;2025-12-04;4;3
26;2025-12-04;5;84
26;2025-12-04;6;475
26;2025-12-04;7;1168
26;2025-12-04;8;2260
26;2025-12-04;9;1520
26;2025-12-04;10;1259
26;2025-12-04;11;1149
26;2025-12-04;12;1165
26;2025-12-04;13;1186
26;2025-12-04;14;1335
26;2025-12-04;15;1348
26;2025-12-04;16;1492
26;2025-12-04;17;1747
26;2025-12-04;18;1946
26;2025-12-04;19;1244
26;2025-12-04;20;769
26;2025-12-04;21;518
26;2025-12-04;22;225
26;2025-12-04;23;135
28;2025-12-04;0;2
28;2025-12-04;1;0
28;2025-12-04;2;0
28;2025-12-04;3;0
28;2025-12-04;4;4
28;2025-12-04;5;85
28;2025-12-04;6;268
28;2025-12-04;7;782
28;2025-12-04;8;1267
28;2025-12-04;9;845
28;2025-12-04;10;616
28;2025-12-04;11;580
28;2025-12-04;12;702
28;2025-12-04;13;724
28;2025-12-04;14;680
28;2025-12-04;15;717
28;2025-12-04;16;897
28;2025-12-04;17;1040
28;2025-12-04;18;986
28;2025-12-04;19;768
28;2025-12-04;20;518
28;2025-12-04;21;325
28;2025-12-04;22;130
28;2025-12-04;23;13
50;2025-12-04;0;41
50;2025-12-04;1;6
50;2025-12-04;2;0
50;2025-12-04;3;0
50;2025-12-04;4;6
50;2025-12-04;5;71
50;2025-12-04;6;498
50;2025-12-04;7;1774
50;2025-12-04;8;2853
50;2025-12-04;9;2201
50;2025-12-04;10;1762
50;2025-12-04;11;1572
50;2025-12-04;12;1536
50;2025-12-04;13;1596
50;2025-12-04;14;1506
50;2025-12-04;15;1737
50;2025-12-04;16;1819
50;2025-12-04;17;2414
50;2025-12-04;18;2604
50;2025-12-04;19;1529
50;2025-12-04;20;1022
50;2025-12-04;21;708
50;2025-12-04;22;280
50;2025-12-04;23;160
1;2025-12-05;0;4
1;2025-12-05;1;0
1;2025-12-05;2;0
1;2025-12-05;3;0
1;2025-12-05;4;11
1;2025-12-05;5;136
1;2025-12-05;6;483
1;2025-12-05;7;1518
1;2025-12-05;8;1993
1;2025-12-05;9;1473
1;2025-12-05;10;1351
1;2025-12-05;11;1384
1;2025-12-05;12;1398
1;2025-12-05;13;1454
1;2025-12-05;14;1352
1;2025-12-05;15;1520
1;2025-12-05;16;1587
1;2025-12-05;17;1822
1;2025-12-05;18;1666
1;2025-12-05;19;1286
1;2025-12-05;20;866
1;2025-12-05;21;492
1;2025-12-05;22;211
1;2025-12-05;23;42
5;2025-12-05;0;0
5;2025-12-05;1;0
5;2025-12-05;2;0
5;2025-12-05;3;0
5;2025-12-05;4;0
5;2025-12-05;5;0
5;2025-12-05;6;0
5;2025-12-05;7;0
5;2025-12-05;8;0
5;2025-12-05;9;0
5;2025-12-05;10;0
5;2025-12-05;11;0
5;2025-12-05;12;0
5;2025-12-05;13;0
5;2025-12-05;14;0
5;2025-12-05;15;0
5;2025-12-05;16;0
5;2025-12-05;17;0
5;2025-12-05;18;0
5;2025-12-05;19;0
5;2025-12-05;20;0
5;2025-12-05;21;0
5;2025-12-05;22;0
5;2025-12-05;23;0
7;2025-12-05;0;75
7;2025-12-05;1;20
7;2025-12-05;2;0
7;2025-12-05;3;0
7;2025-12-05;4;4
7;2025-12-05;5;187
7;2025-12-05;6;624
7;2025-12-05;7;1725
7;2025-12-05;8;2575
7;2025-12-05;9;1853
7;2025-12-05;10;1765
7;2025-12-05;11;1662
7;2025-12-05;12;1809
7;2025-12-05;13;1771
7;2025-12-05;14;1818
7;2025-12-05;15;2053
7;2025-12-05;16;2162
7;2025-12-05;17;2482
7;2025-12-05;18;2305
7;2025-12-05;19;1579
7;2025-12-05;20;1085
7;2025-12-05;21;632
7;2025-12-05;22;366
7;2025-12-05;23;253
11;2025-12-05;0;67
11;2025-12-05;1;2
11;2025-12-05;2;0
11;2025-12-05;3;0
11;2025-12-05;4;0
11;2025-12-05;5;244
11;2025-12-05;6;1346
11;2025-12-05;7;2487
11;2025-12-05;8;3123
11;2025-12-05;9;2443
11;2025-12-05;10;2004
11;2025-12-05;11;1952
11;2025-12-05;12;1984
11;2025-12-05;13;1979
11;2025-12-05;14;2085
11;2025-12-05;15;2105
11;2025-12-05;16;2402
11;2025-12-05;17;2922
11;2025-12-05;18;2597
11;2025-12-05;19;2165
11;2025-12-05;20;1372
11;2025-12-05;21;849
11;2025-12-05;22;406
11;2025-12-05;23;284
12;2025-12-05;0;53
12;2025-12-05;1;4
12;2025-12-05;2;0
12;2025-12-05;3;0
12;2025-12-05;4;11
12;2025-12-05;5;333
12;2025-12-05;6;1447
12;2025-12-05;7;2726
12;2025-12-05;8;3587
12;2025-12-05;9;2558
12;2025-12-05;10;2018
12;2025-12-05;11;1975
12;2025-12-05;12;1987
12;2025-12-05;13;2103
12;2025-12-05;14;2027
12;2025-12-05;15;2342
12;2025-12-05;16;2907
12;2025-12-05;17;3101
12;2025-12-05;18;2648
12;2025-12-05;19;2212
12;2025-12-05;20;1497
12;2025-12-05;21;1037
12;2025-12-05;22;524
12;2025-12-05;23;295
17;2025-12-05;0;140
17;2025-12-05;1;18
17;2025-12-05;2;0
17;2025-12-05;3;0
17;2025-12-05;4;23
17;2025-12-05;5;315
17;2025-12-05;6;1554
17;2025-12-05;7;4201
17;2025-12-05;8;5324
17;2025-12-05;9;3917
17;2025-12-05;10;3100
17;2025-12-05;11;3153
17;2025-12-05;12;3134
17;2025-12-05;13;3199
17;2025-12-05;14;3342
17;2025-12-05;15;3430
17;2025-12-05;16;4153
17;2025-12-05;17;4681
17;2025-12-05;18;4333
17;2025-12-05;19;3166
17;2025-12-05;20;2330
17;2025-12-05;21;1529
17;2025-12-05;22;773
17;2025-12-05;23;443
25;2025-12-05;0;1
25;2025-12-05;1;0
25;2025-12-05;2;0
25;2025-12-05;3;0
25;2025-12-05;4;0
25;2025-12-05;5;13
25;2025-12-05;6;199
25;2025-12-05;7;571
25;2025-12-05;8;908
25;2025-12-05;9;488
25;2025-12-05;10;407
25;2025-12-05;11;469
25;2025-12-05;12;446
25;2025-12-05;13;603
25;2025-12-05;14;539
25;2025-12-05;15;683
25;2025-12-05;16;792
25;2025-12-05;17;799
25;2025-12-05;18;722
25;2025-12-05;19;600
25;2025-12-05;20;345
25;2025-12-05;21;229
25;2025-12-05;22;111
25;2025-12-05;23;14
26;2025-12-05;0;38
26;2025-12-05;1;3
26;2025-12-05;2;0
26;2025-12-05;3;0
26;2025-12-05;4;3
26;2025-12-05;5;79
26;2025-12-05;6;472
26;2025-12-05;7;1127
26;2025-12-05;8;2178
26;2025-12-05;9;1440
26;2025-12-05;10;1268
26;2025-12-05;11;1117
26;2025-12-05;12;1155
26;2025-12-05;13;1210
26;2025-12-05;14;1364
26;2025-12-05;15;1366
26;2025-12-05;16;1638
26;2025-12-05;17;1751
26;2025-12-05;18;1521
26;2025-12-05;19;1107
26;2025-12-05;20;706
26;2025-12-05;21;500
26;2025-12-05;22;220
26;2025-12-05;23;153
28;2025-12-05;0;1
28;2025-12-05;1;0
28;2025-12-05;2;0
28;2025-12-05;3;0
28;2025-12-05;4;4
28;2025-12-05;5;83
28;2025-12-05;6;265
28;2025-12-05;7;769
28;2025-12-05;8;1234
28;2025-12-05;9;822
28;2025-12-05;10;619
28;2025-12-05;11;590
28;2025-12-05;12;741
28;2025-12-05;13;730
28;2025-12-05;14;671
28;2025-12-05;15;736
28;2025-12-05;16;939
28;2025-12-05;17;1005
28;2025-12-05;18;848
28;2025-12-05;19;677
28;2025-12-05;20;469
28;2025-12-05;21;320
28;2025-12-05;22;131
28;2025-12-05;23;16
50;2025-12-05;0;42
50;2025-12-05;1;5
50;2025-12-05;2;0
50;2025-12-05;3;0
50;2025-12-05;4;8
50;2025-12-05;5;71
50;2025-12-05;6;496
50;2025-12-05;7;1693
50;2025-12-05;8;2826
50;2025-12-05;9;2092
50;2025-12-05;10;1625
50;2025-12-05;11;1554
50;2025-12-05;12;1513
50;2025-12-05;13;1582
50;2025-12-05;14;1503
50;2025-12-05;15;1830
50;2025-12-05;16;2205
50;2025-12-05;17;2241
50;2025-12-05;18;1842
50;2025-12-05;19;1314
50;2025-12-05;20;920
50;2025-12-05;21;602
50;2025-12-05;22;276
50;2025-12-05;23;162
1;2025-12-06;0;4
1;2025-12-06;1;0
1;2025-12-06;2;0
1;2025-12-06;3;0
1;2025-12-06;4;0
1;2025-12-06;5;33
1;2025-12-06;6;171
1;2025-12-06;7;401
1;2025-12-06;8;528
1;2025-12-06;9;793
1;2025-12-06;10;905
1;2025-12-06;11;819
1;2025-12-06;12;982
1;2025-12-06;13;1033
1;2025-12-06;14;932
1;2025-12-06;15;844
1;2025-12-06;16;808
1;2025-12-06;17;772
1;2025-12-06;18;684
1;2025-12-06;19;600
1;2025-12-06;20;431
1;2025-12-06;21;306
1;2025-12-06;22;125
1;2025-12-06;23;27
5;2025-12-06;0;0
5;2025-12-06;1;0
5;2025-12-06;2;0
5;2025-12-06;3;0
5;2025-12-06;4;0
5;2025-12-06;5;0
5;2025-12-06;6;0
5;2025-12-06;7;0
5;2025-12-06;8;0
5;2025-12-06;9;0
5;2025-12-06;10;0
5;2025-12-06;11;0
5;2025-12-06;12;0
5;2025-12-06;13;0
5;2025-12-06;14;0
5;2025-12-06;15;0
5;2025-12-06;16;0
5;2025-12-06;17;0
5;2025-12-06;18;0
5;2025-12-06;19;0
5;2025-12-06;20;0
5;2025-12-06;21;0
5;2025-12-06;22;0
5;2025-12-06;23;0
7;2025-12-06;0;107
7;2025-12-06;1;27
7;2025-12-06;2;0
7;2025-12-06;3;0
7;2025-12-06;4;3
7;2025-12-06;5;48
7;2025-12-06;6;242
7;2025-12-06;7;452
7;2025-12-06;8;816
7;2025-12-06;9;759
7;2025-12-06;10;829
7;2025-12-06;11;907
7;2025-12-06;12;1047
7;2025-12-06;13;996
7;2025-12-06;14;1081
7;2025-12-06;15;1045
7;2025-12-06;16;974
7;2025-12-06;17;1009
7;2025-12-06;18;1033
7;2025-12-06;19;932
7;2025-12-06;20;692
7;2025-12-06;21;508
7;2025-12-06;22;246
7;2025-12-06;23;157
11;2025-12-06;0;100
11;2025-12-06;1;3
11;2025-12-06;2;0
11;2025-12-06;3;0
11;2025-12-06;4;0
11;2025-12-06;5;161
11;2025-12-06;6;883
11;2025-12-06;7;841
11;2025-12-06;8;1161
11;2025-12-06;9;1291
11;2025-12-06;10;1415
11;2025-12-06;11;1766
11;2025-12-06;12;1974
11;2025-12-06;13;1867
11;2025-12-06;14;1888
11;2025-12-06;15;1810
11;2025-12-06;16;1820
11;2025-12-06;17;1933
11;2025-12-06;18;1628
11;2025-12-06;19;1591
11;2025-12-06;20;1084
11;2025-12-06;21;759
11;2025-12-06;22;430
11;2025-12-06;23;291
12;2025-12-06;0;71
12;2025-12-06;1;4
12;2025-12-06;2;0
12;2025-12-06;3;0
12;2025-12-06;4;7
12;2025-12-06;5;263
12;2025-12-06;6;916
12;2025-12-06;7;1045
12;2025-12-06;8;1122
12;2025-12-06;9;1296
12;2025-12-06;10;1493
12;2025-12-06;11;1522
12;2025-12-06;12;1532
12;2025-12-06;13;1748
12;2025-12-06;14;1635
12;2025-12-06;15;1515
12;2025-12-06;16;1647
12;2025-12-06;17;1670
12;2025-12-06;18;1525
12;2025-12-06;19;1456
12;2025-12-06;20;1037
12;2025-12-06;21;754
12;2025-12-06;22;411
12;2025-12-06;23;275
17;2025-12-06;0;189
17;2025-12-06;1;25
17;2025-12-06;2;0
17;2025-12-06;3;0
17;2025-12-06;4;10
17;2025-12-06;5;139
17;2025-12-06;6;623
17;2025-12-06;7;1379
17;2025-12-06;8;1887
17;2025-12-06;9;2320
17;2025-12-06;10;2609
17;2025-12-06;11;3042
17;2025-12-06;12;3317
17;2025-12-06;13;3515
17;2025-12-06;14;3571
17;2025-12-06;15;3197
17;2025-12-06;16;3357
17;2025-12-06;17;3345
17;2025-12-06;18;2926
17;2025-12-06;19;2360
17;2025-12-06;20;1845
17;2025-12-06;21;1345
17;2025-12-06;22;797
17;2025-12-06;23;442
25;2025-12-06;0;2
25;2025-12-06;1;0
25;2025-12-06;2;0
25;2025-12-06;3;0
25;2025-12-06;4;0
25;2025-12-06;5;9
25;2025-12-06;6;70
25;2025-12-06;7;146
25;2025-12-06;8;342
25;2025-12-06;9;314
25;2025-12-06;10;312
25;2025-12-06;11;420
25;2025-12-06;12;420
25;2025-12-06;13;606
25;2025-12-06;14;613
25;2025-12-06;15;732
25;2025-12-06;16;657
25;2025-12-06;17;565
25;2025-12-06;18;563
25;2025-12-06;19;489
25;2025-12-06;20;291
25;2025-12-06;21;237
25;2025-12-06;22;115
25;2025-12-06;23;52
26;2025-12-06;0;50
26;2025-12-06;1;3
26;2025-12-06;2;0
26;2025-12-06;3;0
26;2025-12-06;4;5
26;2025-12-06;5;52
26;2025-12-06;6;249
26;2025-12-06;7;431
26;2025-12-06;8;679
26;2025-12-06;9;724
26;2025-12-06;10;877
26;2025-12-06;11;1052
26;2025-12-06;12;1036
26;2025-12-06;13;1093
26;2025-12-06;14;1142
26;2025-12-06;15;1057
26;2025-12-06;16;1059
26;2025-12-06;17;984
26;2025-12-06;18;924
26;2025-12-06;19;842
26;2025-12-06;20;570
26;2025-12-06;21;408
26;2025-12-06;22;220
26;2025-12-06;23;157
28;2025-12-06;0;2
28;2025-12-06;1;0
28;2025-12-06;2;0
28;2025-12-06;3;0
28;2025-12-06;4;2
28;2025-12-06;5;40
28;2025-12-06;6;113
28;2025-12-06;7;262
28;2025-12-06;8;455
28;2025-12-06;9;479
28;2025-12-06;10;503
28;2025-12-06;11;496
28;2025-12-06;12;606
28;2025-12-06;13;600
28;2025-12-06;14;600
28;2025-12-06;15;653
28;2025-12-06;16;600
28;2025-12-06;17;596
28;2025-12-06;18;497
28;2025-12-06;19;434
28;2025-12-06;20;325
28;2025-12-06;21;279
28;2025-12-06;22;128
28;2025-12-06;23;21
50;2025-12-06;0;66
50;2025-12-06;1;7
50;2025-12-06;2;0
50;2025-12-06;3;0
50;2025-12-06;4;2
50;2025-12-06;5;56
50;2025-12-06;6;231
50;2025-12-06;7;506
50;2025-12-06;8;769
50;2025-12-06;9;779
50;2025-12-06;10;811
50;2025-12-06;11;914
50;2025-12-06;12;937
50;2025-12-06;13;1005
50;2025-12-06;14;1007
50;2025-12-06;15;993
50;2025-12-06;16;929
50;2025-12-06;17;945
50;2025-12-06;18;900
50;2025-12-06;19;789
50;2025-12-06;20;652
50;2025-12-06;21;496
50;2025-12-06;22;239
50;2025-12-06;23;182
1;2025-12-07;0;1
1;2025-12-07;1;0
1;2025-12-07;2;0
1;2025-12-07;3;0
1;2025-12-07;4;0
1;2025-12-07;5;26
1;2025-12-07;6;129
1;2025-12-07;7;307
1;2025-12-07;8;415
1;2025-12-07;9;667
1;2025-12-07;10;744
1;2025-12-07;11;719
1;2025-12-07;12;846
1;2025-12-07;13;912
1;2025-12-07;14;815
1;2025-12-07;15;757
1;2025-12-07;16;696
1;2025-12-07;17;668
1;2025-12-07;18;613
1;2025-12-07;19;501
1;2025-12-07;20;386
1;2025-12-07;21;281
1;2025-12-07;22;106
1;2025-12-07;23;27
5;2025-12-07;0;0
5;2025-12-07;1;0
5;2025-12-07;2;0
5;2025-12-07;3;0
5;2025-12-07;4;0
5;2025-12-07;5;0
5;2025-12-07;6;0
5;2025-12-07;7;0
5;2025-12-07;8;0
5;2025-12-07;9;0
5;2025-12-07;10;0
5;2025-12-07;11;0
5;2025-12-07;12;0
5;2025-12-07;13;0
5;2025-12-07;14;0
5;2025-12-07;15;0
5;2025-12-07;16;0
5;2025-12-07;17;0
5;2025-12-07;18;0
5;2025-12-07;19;0
5;2025-12-07;20;0
5;2025-12-07;21;0
5;2025-12-07;22;0
5;2025-12-07;23;0
7;2025-12-07;0;88
7;2025-12-07;1;20
7;2025-12-07;2;0
7;2025-12-07;3;0
7;2025-12-07;4;3
7;2025-12-07;5;34
7;2025-12-07;6;161
7;2025-12-07;7;316
7;2025-12-07;8;561
7;2025-12-07;9;636
7;2025-12-07;10;646
7;2025-12-07;11;815
7;2025-12-07;12;853
7;2025-12-07;13;858
7;2025-12-07;14;946
7;2025-12-07;15;913
7;2025-12-07;16;832
7;2025-12-07;17;946
7;2025-12-07;18;906
7;2025-12-07;19;781
7;2025-12-07;20;615
7;2025-12-07;21;448
7;2025-12-07;22;214
7;2025-12-07;23;131
11;2025-12-07;0;107
11;2025-12-07;1;19
11;2025-12-07;2;0
11;2025-12-07;3;0
11;2025-12-07;4;1
11;2025-12-07;5;114
11;2025-12-07;6;612
11;2025-12-07;7;620
11;2025-12-07;8;836
11;2025-12-07;9;1072
11;2025-12-07;10;1194
11;2025-12-07;11;1618
11;2025-12-07;12;1789
11;2025-12-07;13;1696
11;2025-12-07;14;1692
11;2025-12-07;15;1744
11;2025-12-07;16;1734
11;2025-12-07;17;1887
11;2025-12-07;18;1542
11;2025-12-07;19;1342
11;2025-12-07;20;967
11;2025-12-07;21;683
11;2025-12-07;22;387
11;2025-12-07;23;251
12;2025-12-07;0;80
12;2025-12-07;1;9
12;2025-12-07;2;0
12;2025-12-07;3;0
12;2025-12-07;4;8
12;2025-12-07;5;175
12;2025-12-07;6;609
12;2025-12-07;7;783
12;2025-12-07;8;842
12;2025-12-07;9;1035
12;2025-12-07;10;1214
12;2025-12-07;11;1330
12;2025-12-07;12;1413
12;2025-12-07;13;1637
12;2025-12-07;14;1552
12;2025-12-07;15;1473
12;2025-12-07;16;1609
12;2025-12-07;17;1748
12;2025-12-07;18;1448
12;2025-12-07;19;1078
12;2025-12-07;20;859
12;2025-12-07;21;647
12;2025-12-07;22;401
12;2025-12-07;23;227
17;2025-12-07;0;197
17;2025-12-07;1;30
17;2025-12-07;2;0
17;2025-12-07;3;0
17;2025-12-07;4;10
17;2025-12-07;5;116
17;2025-12-07;6;479
17;2025-12-07;7;965
17;2025-12-07;8;1403
17;2025-12-07;9;1896
17;2025-12-07;10;2253
17;2025-12-07;11;2791
17;2025-12-07;12;3107
17;2025-12-07;13;3380
17;2025-12-07;14;3539
17;2025-12-07;15;3177
17;2025-12-07;16;3336
17;2025-12-07;17;3260
17;2025-12-07;18;2870
17;2025-12-07;19;2284
17;2025-12-07;20;1727
17;2025-12-07;21;1238
17;2025-12-07;22;723
17;2025-12-07;23;347
25;2025-12-07;0;18
25;2025-12-07;1;1
25;2025-12-07;2;0
25;2025-12-07;3;0
25;2025-12-07;4;0
25;2025-12-07;5;9
25;2025-12-07;6;56
25;2025-12-07;7;113
25;2025-12-07;8;224
25;2025-12-07;9;231
25;2025-12-07;10;253
25;2025-12-07;11;333
25;2025-12-07;12;384
25;2025-12-07;13;501
25;2025-12-07;14;541
25;2025-12-07;15;675
25;2025-12-07;16;569
25;2025-12-07;17;536
25;2025-12-07;18;502
25;2025-12-07;19;393
25;2025-12-07;20;265
25;2025-12-07;21;207
25;2025-12-07;22;107
25;2025-12-07;23;40
26;2025-12-07;0;57
26;2025-12-07;1;9
26;2025-12-07;2;0
26;2025-12-07;3;0
26;2025-12-07;4;4
26;2025-12-07;5;31
26;2025-12-07;6;163
26;2025-12-07;7;323
26;2025-12-07;8;467
26;2025-12-07;9;577
26;2025-12-07;10;659
26;2025-12-07;11;863
26;2025-12-07;12;871
26;2025-12-07;13;947
26;2025-12-07;14;949
26;2025-12-07;15;893
26;2025-12-07;16;893
26;2025-12-07;17;871
26;2025-12-07;18;805
26;2025-12-07;19;641
26;2025-12-07;20;488
26;2025-12-07;21;356
26;2025-12-07;22;200
26;2025-12-07;23;123
28;2025-12-07;0;2
28;2025-12-07;1;1
28;2025-12-07;2;0
28;2025-12-07;3;0
28;2025-12-07;4;2
28;2025-12-07;5;34
28;2025-12-07;6;90
28;2025-12-07;7;176
28;2025-12-07;8;306
28;2025-12-07;9;354
28;2025-12-07;10;398
28;2025-12-07;11;424
28;2025-12-07;12;499
28;2025-12-07;13;536
28;2025-12-07;14;545
28;2025-12-07;15;553
28;2025-12-07;16;513
28;2025-12-07;17;523
28;2025-12-07;18;460
28;2025-12-07;19;399
28;2025-12-07;20;311
28;2025-12-07;21;246
28;2025-12-07;22;104
28;2025-12-07;23;13
50;2025-12-07;0;53
50;2025-12-07;1;8
50;2025-12-07;2;0
50;2025-12-07;3;0
50;2025-12-07;4;3
50;2025-12-07;5;38
50;2025-12-07;6;167
50;2025-12-07;7;344
50;2025-12-07;8;570
50;2025-12-07;9;617
50;2025-12-07;10;660
50;2025-12-07;11;784
50;2025-12-07;12;816
50;2025-12-07;13;953
50;2025-12-07;14;938
50;2025-12-07;15;941
50;2025-12-07;16;858
50;2025-12-07;17;883
50;2025-12-07;18;846
50;2025-12-07;19;728
50;2025-12-07;20;605
50;2025-12-07;21;460
50;2025-12-07;22;238
50;2025-12-07;23;138
1;2025-12-08;0;0
1;2025-12-08;1;0
1;2025-12-08;2;0
1;2025-12-08;3;0
1;2025-12-08;4;11
1;2025-12-08;5;127
1;2025-12-08;6;501
1;2025-12-08;7;1490
1;2025-12-08;8;2000
1;2025-12-08;9;1436
1;2025-12-08;10;1286
1;2025-12-08;11;1284
1;2025-12-08;12;1341
1;2025-12-08;13;1403
1;2025-12-08;14;1326
1;2025-12-08;15;1444
1;2025-12-08;16;1490
1;2025-12-08;17;1825
1;2025-12-08;18;1926
1;2025-12-08;19;1472
1;2025-12-08;20;933
1;2025-12-08;21;459
1;2025-12-08;22;197
1;2025-12-08;23;34
5;2025-12-08;0;0
5;2025-12-08;1;0
5;2025-12-08;2;0
5;2025-12-08;3;0
5;2025-12-08;4;0
5;2025-12-08;5;0
5;2025-12-08;6;0
5;2025-12-08;7;0
5;2025-12-08;8;0
5;2025-12-08;9;0
5;2025-12-08;10;0
5;2025-12-08;11;0
5;2025-12-08;12;0
5;2025-12-08;13;0
5;2025-12-08;14;0
5;2025-12-08;15;0
5;2025-12-08;16;0
5;2025-12-08;17;0
5;2025-12-08;18;0
5;2025-12-08;19;0
5;2025-12-08;20;0
5;2025-12-08;21;0
5;2025-12-08;22;0
5;2025-12-08;23;0
7;2025-12-08;0;68
7;2025-12-08;1;15
7;2025-12-08;2;0
7;2025-12-08;3;0
7;2025-12-08;4;4
7;2025-12-08;5;180
7;2025-12-08;6;639
7;2025-12-08;7;1744
7;2025-12-08;8;2710
7;2025-12-08;9;1919
7;2025-12-08;10;1762
7;2025-12-08;11;1590
7;2025-12-08;12;1707
7;2025-12-08;13;1669
7;2025-12-08;14;1702
7;2025-12-08;15;1908
7;2025-12-08;16;1949
7;2025-12-08;17;2563
7;2025-12-08;18;2813
7;2025-12-08;19;1820
7;2025-12-08;20;1133
7;2025-12-08;21;610
7;2025-12-08;22;314
7;2025-12-08;23;193
11;2025-12-08;0;73
11;2025-12-08;1;9
11;2025-12-08;2;0
11;2025-12-08;3;0
11;2025-12-08;4;0
11;2025-12-08;5;246
11;2025-12-08;6;1326
11;2025-12-08;7;2500
11;2025-12-08;8;3146
11;2025-12-08;9;2419
11;2025-12-08;10;1888
11;2025-12-08;11;1902
11;2025-12-08;12;1859
11;2025-12-08;13;1901
11;2025-12-08;14;1872
11;2025-12-08;15;1916
11;2025-12-08;16;2197
11;2025-12-08;17;2805
11;2025-12-08;18;3081
11;2025-12-08;19;2299
11;2025-12-08;20;1356
11;2025-12-08;21;779
11;2025-12-08;22;359
11;2025-12-08;23;209
12;2025-12-08;0;59
12;2025-12-08;1;6
12;2025-12-08;2;0
12;2025-12-08;3;0
12;2025-12-08;4;11
12;2025-12-08;5;321
12;2025-12-08;6;1421
12;2025-12-08;7;2721
12;2025-12-08;8;3716
12;2025-12-08;9;2536
12;2025-12-08;10;2021
12;2025-12-08;11;1909
12;2025-12-08;12;2022
12;2025-12-08;13;1982
12;2025-12-08;14;1856
12;2025-12-08;15;2123
12;2025-12-08;16;2603
12;2025-12-08;17;3081
12;2025-12-08;18;3173
12;2025-12-08;19;2389
12;2025-12-08;20;1573
12;2025-12-08;21;965
12;2025-12-08;22;471
12;2025-12-08;23;238
17;2025-12-08;0;121
17;2025-12-08;1;16
17;2025-12-08;2;0
17;2025-12-08;3;0
17;2025-12-08;4;23
17;2025-12-08;5;307
17;2025-12-08;6;1542
17;2025-12-08;7;4233
17;2025-12-08;8;5593
17;2025-12-08;9;4040
17;2025-12-08;10;3108
17;2025-12-08;11;3094
17;2025-12-08;12;3042
17;2025-12-08;13;3064
17;2025-12-08;14;3169
17;2025-12-08;15;3253
17;2025-12-08;16;3702
17;2025-12-08;17;4514
17;2025-12-08;18;4881
17;2025-12-08;19;3330
17;2025-12-08;20;2259
17;2025-12-08;21;1359
17;2025-12-08;22;660
17;2025-12-08;23;327
25;2025-12-08;0;10
25;2025-12-08;1;1
25;2025-12-08;2;0
25;2025-12-08;3;0
25;2025-12-08;4;0
25;2025-12-08;5;9
25;2025-12-08;6;178
25;2025-12-08;7;550
25;2025-12-08;8;921
25;2025-12-08;9;495
25;2025-12-08;10;368
25;2025-12-08;11;424
25;2025-12-08;12;404
25;2025-12-08;13;563
25;2025-12-08;14;450
25;2025-12-08;15;531
25;2025-12-08;16;669
25;2025-12-08;17;748
25;2025-12-08;18;778
25;2025-12-08;19;562
25;2025-12-08;20;321
25;2025-12-08;21;209
25;2025-12-08;22;89
25;2025-12-08;23;13
26;2025-12-08;0;33
26;2025-12-08;1;5
26;2025-12-08;2;0
26;2025-12-08;3;0
26;2025-12-08;4;4
26;2025-12-08;5;77
26;2025-12-08;6;469
26;2025-12-08;7;1150
26;2025-12-08;8;2160
26;2025-12-08;9;1450
26;2025-12-08;10;1249
26;2025-12-08;11;1064
26;2025-12-08;12;1077
26;2025-12-08;13;1163
26;2025-12-08;14;1243
26;2025-12-08;15;1275
26;2025-12-08;16;1451
26;2025-12-08;17;1702
26;2025-12-08;18;1908
26;2025-12-08;19;1227
26;2025-12-08;20;753
26;2025-12-08;21;480
26;2025-12-08;22;204
26;2025-12-08;23;116
28;2025-12-08;0;1
28;2025-12-08;1;0
28;2025-12-08;2;0
28;2025-12-08;3;0
28;2025-12-08;4;5
28;2025-12-08;5;77
28;2025-12-08;6;248
28;2025-12-08;7;692
28;2025-12-08;8;1148
28;2025-12-08;9;815
28;2025-12-08;10;598
28;2025-12-08;11;529
28;2025-12-08;12;676
28;2025-12-08;13;655
28;2025-12-08;14;593
28;2025-12-08;15;634
28;2025-12-08;16;812
28;2025-12-08;17;938
28;2025-12-08;18;911
28;2025-12-08;19;717
28;2025-12-08;20;462
28;2025-12-08;21;282
28;2025-12-08;22;109
28;2025-12-08;23;10
50;2025-12-08;0;19
50;2025-12-08;1;4
50;2025-12-08;2;0
50;2025-12-08;3;0
50;2025-12-08;4;8
50;2025-12-08;5;66
50;2025-12-08;6;501
50;2025-12-08;7;1677
50;2025-12-08;8;2882
50;2025-12-08;9;2270
50;2025-12-08;10;1696
50;2025-12-08;11;1568
50;2025-12-08;12;1461
50;2025-12-08;13;1543
50;2025-12-08;14;1491
50;2025-12-08;15;1691
50;2025-12-08;16;1800
50;2025-12-08;17;2332
50;2025-12-08;18;2467
50;2025-12-08;19;1450
50;2025-12-08;20;938
50;2025-12-08;21;602
50;2025-12-08;22;246
50;2025-12-08;23;127
1;2025-12-09;0;4
1;2025-12-09;1;0
1;2025-12-09;2;0
1;2025-12-09;3;0
1;2025-12-09;4;11
1;2025-12-09;5;122
1;2025-12-09;6;491
1;2025-12-09;7;1492
1;2025-12-09;8;1998
1;2025-12-09;9;1513
1;2025-12-09;10;1351
1;2025-12-09;11;1302
1;2025-12-09;12;1316
1;2025-12-09;13;1356
1;2025-12-09;14;1254
1;2025-12-09;15;1363
1;2025-12-09;16;1430
1;2025-12-09;17;1784
1;2025-12-09;18;1898
1;2025-12-09;19;1472
1;2025-12-09;20;939
1;2025-12-09;21;481
1;2025-12-09;22;207
1;2025-12-09;23;37
5;2025-12-09;0;0
5;2025-12-09;1;0
5;2025-12-09;2;0
5;2025-12-09;3;0
5;2025-12-09;4;0
5;2025-12-09;5;0
5;2025-12-09;6;0
5;2025-12-09;7;0
5;2025-12-09;8;0
5;2025-12-09;9;0
5;2025-12-09;10;0
5;2025-12-09;11;0
5;2025-12-09;12;0
5;2025-12-09;13;0
5;2025-12-09;14;0
5;2025-12-09;15;0
5;2025-12-09;16;0
5;2025-12-09;17;0
5;2025-12-09;18;0
5;2025-12-09;19;0
5;2025-12-09;20;0
5;2025-12-09;21;0
5;2025-12-09;22;0
5;2025-12-09;23;0
7;2025-12-09;0;63
7;2025-12-09;1;16
7;2025-12-09;2;0
7;2025-12-09;3;0
7;2025-12-09;4;4
7;2025-12-09;5;186
7;2025-12-09;6;677
7;2025-12-09;7;1815
7;2025-12-09;8;2764
7;2025-12-09;9;1913
7;2025-12-09;10;1762
7;2025-12-09;11;1588
7;2025-12-09;12;1715
7;2025-12-09;13;1614
7;2025-12-09;14;1707
7;2025-12-09;15;1906
7;2025-12-09;16;1887
7;2025-12-09;17;2429
7;2025-12-09;18;2845
7;2025-12-09;19;1872
7;2025-12-09;20;1193
7;2025-12-09;21;663
7;2025-12-09;22;350
7;2025-12-09;23;217
11;2025-12-09;0;59
11;2025-12-09;1;1
11;2025-12-09;2;0
11;2025-12-09;3;0
11;2025-12-09;4;0
11;2025-12-09;5;243
11;2025-12-09;6;1400
11;2025-12-09;7;2577
11;2025-12-09;8;3359
11;2025-12-09;9;2522
11;2025-12-09;10;1974
11;2025-12-09;11;1877
11;2025-12-09;12;1853
11;2025-12-09;13;1944
11;2025-12-09;14;1941
11;2025-12-09;15;1904
11;2025-12-09;16;2219
11;2025-12-09;17;2952
11;2025-12-09;18;3163
11;2025-12-09;19;2395
11;2025-12-09;20;1482
11;2025-12-09;21;834
11;2025-12-09;22;386
11;2025-12-09;23;226
12;2025-12-09;0;45
12;2025-12-09;1;1
12;2025-12-09;2;0
12;2025-12-09;3;0
12;2025-12-09;4;11
12;2025-12-09;5;338
12;2025-12-09;6;1527
12;2025-12-09;7;2815
12;2025-12-09;8;3809
12;2025-12-09;9;2585
12;2025-12-09;10;2102
12;2025-12-09;11;1932
12;2025-12-09;12;1968
12;2025-12-09;13;1978
12;2025-12-09;14;1856
12;2025-12-09;15;2137
12;2025-12-09;16;2648
12;2025-12-09;17;3094
12;2025-12-09;18;3321
12;2025-12-09;19;2530
12;2025-12-09;20;1590
12;2025-12-09;21;1010
12;2025-12-09;22;504
12;2025-12-09;23;248
17;2025-12-09;0;106
17;2025-12-09;1;15
17;2025-12-09;2;0
17;2025-12-09;3;0
17;2025-12-09;4;22
17;2025-12-09;5;312
17;2025-12-09;6;1577
17;2025-12-09;7;4246
17;2025-12-09;8;5513
17;2025-12-09;9;4001
17;2025-12-09;10;3089
17;2025-12-09;11;2940
17;2025-12-09;12;2906
17;2025-12-09;13;2985
17;2025-12-09;14;3141
17;2025-12-09;15;3256
17;2025-12-09;16;3667
17;2025-12-09;17;4526
17;2025-12-09;18;4982
17;2025-12-09;19;3432
17;2025-12-09;20;2320
17;2025-12-09;21;1395
17;2025-12-09;22;694
17;2025-12-09;23;336
25;2025-12-09;0;2
25;2025-12-09;1;0
25;2025-12-09;2;0
25;2025-12-09;3;0
25;2025-12-09;4;0
25;2025-12-09;5;10
25;2025-12-09;6;178
25;2025-12-09;7;554
25;2025-12-09;8;931
25;2025-12-09;9;492
25;2025-12-09;10;391
25;2025-12-09;11;441
25;2025-12-09;12;411
25;2025-12-09;13;521
25;2025-12-09;14;477
25;2025-12-09;15;563
25;2025-12-09;16;664
25;2025-12-09;17;695
25;2025-12-09;18;765
25;2025-12-09;19;567
25;2025-12-09;20;339
25;2025-12-09;21;215
25;2025-12-09;22;93
25;2025-12-09;23;10
26;2025-12-09;0;33
26;2025-12-09;1;3
26;2025-12-09;2;0
26;2025-12-09;3;1
26;2025-12-09;4;3
26;2025-12-09;5;77
26;2025-12-09;6;484
26;2025-12-09;7;1145
26;2025-12-09;8;2180
26;2025-12-09;9;1475
26;2025-12-09;10;1240
26;2025-12-09;11;1117
26;2025-12-09;12;1113
26;2025-12-09;13;1094
26;2025-12-09;14;1210
26;2025-12-09;15;1233
26;2025-12-09;16;1412
26;2025-12-09;17;1679
26;2025-12-09;18;1912
26;2025-12-09;19;1240
26;2025-12-09;20;766
26;2025-12-09;21;470
26;2025-12-09;22;210
26;2025-12-09;23;120
28;2025-12-09;0;1
28;2025-12-09;1;0
28;2025-12-09;2;0
28;2025-12-09;3;0
28;2025-12-09;4;4
28;2025-12-09;5;73
28;2025-12-09;6;251
28;2025-12-09;7;722
28;2025-12-09;8;1141
28;2025-12-09;9;804
28;2025-12-09;10;610
28;2025-12-09;11;555
28;2025-12-09;12;673
28;2025-12-09;13;676
28;2025-12-09;14;600
28;2025-12-09;15;620
28;2025-12-09;16;751
28;2025-12-09;17;895
28;2025-12-09;18;894
28;2025-12-09;19;683
28;2025-12-09;20;480
28;2025-12-09;21;299
28;2025-12-09;22;121
28;2025-12-09;23;11
50;2025-12-09;0;32
50;2025-12-09;1;5
50;2025-12-09;2;0
50;2025-12-09;3;0
50;2025-12-09;4;6
50;2025-12-09;5;73
50;2025-12-09;6;542
50;2025-12-09;7;1852
50;2025-12-09;8;3008
50;2025-12-09;9;2361
50;2025-12-09;10;1829
50;2025-12-09;11;1582
50;2025-12-09;12;1432
50;2025-12-09;13;1515
50;2025-12-09;14;1442
50;2025-12-09;15;1603
50;2025-12-09;16;1768
50;2025-12-09;17;2470
50;2025-12-09;18;2630
50;2025-12-09;19;1557
50;2025-12-09;20;1012
50;2025-12-09;21;646
50;2025-12-09;22;261
50;2025-12-09;23;139
1;2025-12-10;0;4
1;2025-12-10;1;0
1;2025-12-10;2;0
1;2025-12-10;3;0
1;2025-12-10;4;11
1;2025-12-10;5;130
1;2025-12-10;6;534
1;2025-12-10;7;1522
1;2025-12-10;8;2119
1;2025-12-10;9;1545
1;2025-12-10;10;1412
1;2025-12-10;11;1381
1;2025-12-10;12;1440
1;2025-12-10;13;1486
1;2025-12-10;14;1359
1;2025-12-10;15;1519
1;2025-12-10;16;1513
1;2025-12-10;17;1892
1;2025-12-10;18;1965
1;2025-12-10;19;1519
1;2025-12-10;20;973
1;2025-12-10;21;499
1;2025-12-10;22;229
1;2025-12-10;23;38
5;2025-12-10;0;0
5;2025-12-10;1;0
5;2025-12-10;2;0
5;2025-12-10;3;0
5;2025-12-10;4;0
5;2025-12-10;5;0
5;2025-12-10;6;0
5;2025-12-10;7;0
5;2025-12-10;8;0
5;2025-12-10;9;0
5;2025-12-10;10;0
5;2025-12-10;11;0
5;2025-12-10;12;0
5;2025-12-10;13;0
5;2025-12-10;14;0
5;2025-12-10;15;0
5;2025-12-10;16;0
5;2025-12-10;17;0
5;2025-12-10;18;0
5;2025-12-10;19;0
5;2025-12-10;20;0
5;2025-12-10;21;0
5;2025-12-10;22;0
5;2025-12-10;23;0
7;2025-12-10;0;70
7;2025-12-10;1;17
7;2025-12-10;2;0
7;2025-12-10;3;0
7;2025-12-10;4;6
7;2025-12-10;5;195
7;2025-12-10;6;687
7;2025-12-10;7;1795
7;2025-12-10;8;2791
7;2025-12-10;9;2008
7;2025-12-10;10;1900
7;2025-12-10;11;1678
7;2025-12-10;12;1819
7;2025-12-10;13;1689
7;2025-12-10;14;1779
7;2025-12-10;15;2008
7;2025-12-10;16;1977
7;2025-12-10;17;2609
7;2025-12-10;18;2918
7;2025-12-10;19;1841
7;2025-12-10;20;1178
7;2025-12-10;21;685
7;2025-12-10;22;370
7;2025-12-10;23;226
11;2025-12-10;0;68
11;2025-12-10;1;1
11;2025-12-10;2;0
11;2025-12-10;3;0
11;2025-12-10;4;0
11;2025-12-10;5;256
11;2025-12-10;6;1365
11;2025-12-10;7;2691
11;2025-12-10;8;3488
11;2025-12-10;9;2583
11;2025-12-10;10;2078
11;2025-12-10;11;2072
11;2025-12-10;12;2038
11;2025-12-10;13;2154
11;2025-12-10;14;2083
11;2025-12-10;15;2005
11;2025-12-10;16;2279
11;2025-12-10;17;3042
11;2025-12-10;18;3298
11;2025-12-10;19;2482
11;2025-12-10;20;1521
11;2025-12-10;21;883
11;2025-12-10;22;413
11;2025-12-10;23;254
12;2025-12-10;0;60
12;2025-12-10;1;3
12;2025-12-10;2;0
12;2025-12-10;3;0
12;2025-12-10;4;11
12;2025-12-10;5;359
12;2025-12-10;6;1598
12;2025-12-10;7;2906
12;2025-12-10;8;3952
12;2025-12-10;9;2804
12;2025-12-10;10;2248
12;2025-12-10;11;2029
12;2025-12-10;12;2161
12;2025-12-10;13;2087
12;2025-12-10;14;1973
12;2025-12-10;15;2299
12;2025-12-10;16;2832
12;2025-12-10;17;3272
12;2025-12-10;18;3431
12;2025-12-10;19;2599
12;2025-12-10;20;1657
12;2025-12-10;21;1095
12;2025-12-10;22;545
12;2025-12-10;23;271
17;2025-12-10;0;125
17;2025-12-10;1;15
17;2025-12-10;2;0
17;2025-12-10;3;0
17;2025-12-10;4;23
17;2025-12-10;5;316
17;2025-12-10;6;1640
17;2025-12-10;7;4368
17;2025-12-10;8;5703
17;2025-12-10;9;4066
17;2025-12-10;10;3249
17;2025-12-10;11;3158
17;2025-12-10;12;3140
17;2025-12-10;13;3206
17;2025-12-10;14;3370
17;2025-12-10;15;3404
17;2025-12-10;16;3808
17;2025-12-10;17;4657
17;2025-12-10;18;5083
17;2025-12-10;19;3537
17;2025-12-10;20;2387
17;2025-12-10;21;1510
17;2025-12-10;22;747
17;2025-12-10;23;386
25;2025-12-10;0;1
25;2025-12-10;1;0
25;2025-12-10;2;0
25;2025-12-10;3;0
25;2025-12-10;4;0
25;2025-12-10;5;11
25;2025-12-10;6;189
25;2025-12-10;7;576
25;2025-12-10;8;992
25;2025-12-10;9;509
25;2025-12-10;10;430
25;2025-12-10;11;484
25;2025-12-10;12;459
25;2025-12-10;13;613
25;2025-12-10;14;484
25;2025-12-10;15;620
25;2025-12-10;16;702
25;2025-12-10;17;817
25;2025-12-10;18;859
25;2025-12-10;19;643
25;2025-12-10;20;363
25;2025-12-10;21;252
25;2025-12-10;22;109
25;2025-12-10;23;10
26;2025-12-10;0;36
26;2025-12-10;1;4
26;2025-12-10;2;0
26;2025-12-10;3;1
26;2025-12-10;4;4
26;2025-12-10;5;86
26;2025-12-10;6;481
26;2025-12-10;7;1192
26;2025-12-10;8;2320
26;2025-12-10;9;1542
26;2025-12-10;10;1298
26;2025-12-10;11;1138
26;2025-12-10;12;1165
26;2025-12-10;13;1201
26;2025-12-10;14;1341
26;2025-12-10;15;1348
26;2025-12-10;16;1486
26;2025-12-10;17;1721
26;2025-12-10;18;1898
26;2025-12-10;19;1279
26;2025-12-10;20;798
26;2025-12-10;21;545
26;2025-12-10;22;235
26;2025-12-10;23;142
28;2025-12-10;0;1
28;2025-12-10;1;0
28;2025-12-10;2;0
28;2025-12-10;3;0
28;2025-12-10;4;4
28;2025-12-10;5;82
28;2025-12-10;6;259
28;2025-12-10;7;721
28;2025-12-10;8;1185
28;2025-12-10;9;821
28;2025-12-10;10;605
28;2025-12-10;11;584
28;2025-12-10;12;708
28;2025-12-10;13;710
28;2025-12-10;14;618
28;2025-12-10;15;668
28;2025-12-10;16;827
28;2025-12-10;17;952
28;2025-12-10;18;952
28;2025-12-10;19;739
28;2025-12-10;20;500
28;2025-12-10;21;305
28;2025-12-10;22;132
28;2025-12-10;23;12
50;2025-12-10;0;32
50;2025-12-10;1;5
50;2025-12-10;2;0
50;2025-12-10;3;0
50;2025-12-10;4;7
50;2025-12-10;5;77
50;2025-12-10;6;555
50;2025-12-10;7;1857
50;2025-12-10;8;3075
50;2025-12-10;9;2395
50;2025-12-10;10;1890
50;2025-12-10;11;1681
50;2025-12-10;12;1552
50;2025-12-10;13;1649
50;2025-12-10;14;1571
50;2025-12-10;15;1770
50;2025-12-10;16;1859
50;2025-12-10;17;2537
50;2025-12-10;18;2641
50;2025-12-10;19;1621
50;2025-12-10;20;1009
50;2025-12-10;21;661
50;2025-12-10;22;288
50;2025-12-10;23;152
1;2025-12-11;0;4
1;2025-12-11;1;0
1;2025-12-11;2;0
1;2025-12-11;3;0
1;2025-12-11;4;10
1;2025-12-11;5;114
1;2025-12-11;6;463
1;2025-12-11;7;1456
1;2025-12-11;8;1936
1;2025-12-11;9;1400
1;2025-12-11;10;1304
1;2025-12-11;11;1296
1;2025-12-11;12;1332
1;2025-12-11;13;1339
1;2025-12-11;14;1264
1;2025-12-11;15;1427
1;2025-12-11;16;1441
1;2025-12-11;17;1776
1;2025-12-11;18;1794
1;2025-12-11;19;1404
1;2025-12-11;20;909
1;2025-12-11;21;475
1;2025-12-11;22;206
1;2025-12-11;23;37
5;2025-12-11;0;0
5;2025-12-11;1;0
5;2025-12-11;2;0
5;2025-12-11;3;0
5;2025-12-11;4;0
5;2025-12-11;5;0
5;2025-12-11;6;0
5;2025-12-11;7;0
5;2025-12-11;8;0
5;2025-12-11;9;0
5;2025-12-11;10;0
5;2025-12-11;11;0
5;2025-12-11;12;0
5;2025-12-11;13;0
5;2025-12-11;14;0
5;2025-12-11;15;0
5;2025-12-11;16;0
5;2025-12-11;17;0
5;2025-12-11;18;0
5;2025-12-11;19;0
5;2025-12-11;20;0
5;2025-12-11;21;0
5;2025-12-11;22;0
5;2025-12-11;23;0
7;2025-12-11;0;68
7;2025-12-11;1;17
7;2025-12-11;2;0
7;2025-12-11;3;0
7;2025-12-11;4;4
7;2025-12-11;5;183
7;2025-12-11;6;674
7;2025-12-11;7;1698
7;2025-12-11;8;2681
7;2025-12-11;9;1869
7;2025-12-11;10;1724
7;2025-12-11;11;1579
7;2025-12-11;12;1717
7;2025-12-11;13;1620
7;2025-12-11;14;1782
7;2025-12-11;15;1856
7;2025-12-11;16;1921
7;2025-12-11;17;2378
7;2025-12-11;18;2779
7;2025-12-11;19;1779
7;2025-12-11;20;1120
7;2025-12-11;21;637
7;2025-12-11;22;345
7;2025-12-11;23;222
11;2025-12-11;0;67
11;2025-12-11;1;1
11;2025-12-11;2;0
11;2025-12-11;3;0
11;2025-12-11;4;0
11;2025-12-11;5;249
11;2025-12-11;6;1369
11;2025-12-11;7;2679
11;2025-12-11;8;3336
11;2025-12-11;9;2567
11;2025-12-11;10;2165
11;2025-12-11;11;2007
11;2025-12-11;12;2056
11;2025-12-11;13;2100
11;2025-12-11;14;2035
11;2025-12-11;15;1960
11;2025-12-11;16;2311
11;2025-12-11;17;2938
11;2025-12-11;18;3270
11;2025-12-11;19;2367
11;2025-12-11;20;1507
11;2025-12-11;21;913
11;2025-12-11;22;416
11;2025-12-11;23;264
12;2025-12-11;0;49
12;2025-12-11;1;4
12;2025-12-11;2;0
12;2025-12-11;3;0
12;2025-12-11;4;10
12;2025-12-11;5;335
12;2025-12-11;6;1514
12;2025-12-11;7;2904
12;2025-12-11;8;3959
12;2025-12-11;9;2651
12;2025-12-11;10;2134
12;2025-12-11;11;1963
12;2025-12-11;12;2042
12;2025-12-11;13;2093
12;2025-12-11;14;1911
12;2025-12-11;15;2230
12;2025-12-11;16;2748
12;2025-12-11;17;3183
12;2025-12-11;18;3456
12;2025-12-11;19;2564
12;2025-12-11;20;1710
12;2025-12-11;21;1035
12;2025-12-11;22;544
12;2025-12-11;23;272
17;2025-12-11;0;123
17;2025-12-11;1;15
17;2025-12-11;2;0
17;2025-12-11;3;0
17;2025-12-11;4;22
17;2025-12-11;5;314
17;2025-12-11;6;1555
17;2025-12-11;7;4256
17;2025-12-11;8;5426
17;2025-12-11;9;3972
17;2025-12-11;10;3168
17;2025-12-11;11;3133
17;2025-12-11;12;3073
17;2025-12-11;13;3145
17;2025-12-11;14;3221
17;2025-12-11;15;3190
17;2025-12-11;16;3794
17;2025-12-11;17;4502
17;2025-12-11;18;4741
17;2025-12-11;19;3383
17;2025-12-11;20;2359
17;2025-12-11;21;1472
17;2025-12-11;22;749
17;2025-12-11;23;383
25;2025-12-11;0;2
25;2025-12-11;1;0
25;2025-12-11;2;0
25;2025-12-11;3;0
25;2025-12-11;4;0
25;2025-12-11;5;10
25;2025-12-11;6;183
25;2025-12-11;7;550
25;2025-12-11;8;945
25;2025-12-11;9;488
25;2025-12-11;10;413
25;2025-12-11;11;460
25;2025-12-11;12;433
25;2025-12-11;13;563
25;2025-12-11;14;531
25;2025-12-11;15;606
25;2025-12-11;16;687
25;2025-12-11;17;763
25;2025-12-11;18;775
25;2025-12-11;19;591
25;2025-12-11;20;332
25;2025-12-11;21;230
25;2025-12-11;22;100
25;2025-12-11;23;7
26;2025-12-11;0;37
26;2025-12-11;1;3
26;2025-12-11;2;0
26;2025-12-11;3;0
26;2025-12-11;4;3
26;2025-12-11;5;81
26;2025-12-11;6;472
26;2025-12-11;7;1125
26;2025-12-11;8;2214
26;2025-12-11;9;1461
26;2025-12-11;10;1225
26;2025-12-11;11;1115
26;2025-12-11;12;1132
26;2025-12-11;13;1129
26;2025-12-11;14;1267
26;2025-12-11;15;1277
26;2025-12-11;16;1440
26;2025-12-11;17;1654
26;2025-12-11;18;1845
26;2025-12-11;19;1173
26;2025-12-11;20;739
26;2025-12-11;21;490
26;2025-12-11;22;220
26;2025-12-11;23;130
28;2025-12-11;0;2
28;2025-12-11;1;0
28;2025-12-11;2;0
28;2025-12-11;3;0
28;2025-12-11;4;3
28;2025-12-11;5;81
28;2025-12-11;6;256
28;2025-12-11;7;736
28;2025-12-11;8;1237
28;2025-12-11;9;815
28;2025-12-11;10;588
28;2025-12-11;11;551
28;2025-12-11;12;681
28;2025-12-11;13;695
28;2025-12-11;14;653
28;2025-12-11;15;681
28;2025-12-11;16;827
28;2025-12-11;17;961
28;2025-12-11;18;925
28;2025-12-11;19;715
28;2025-12-11;20;492
28;2025-12-11;21;310
28;2025-12-11;22;128
28;2025-12-11;23;12
50;2025-12-11;0;37
50;2025-12-11;1;5
50;2025-12-11;2;0
50;2025-12-11;3;0
50;2025-12-11;4;6
50;2025-12-11;5;71
50;2025-12-11;6;501
50;2025-12-11;7;1729
50;2025-12-11;8;2822
50;2025-12-11;9;2183
50;2025-12-11;10;1728
50;2025-12-11;11;1513
50;2025-12-11;12;1409
50;2025-12-11;13;1469
50;2025-12-11;14;1403
50;2025-12-11;15;1572
50;2025-12-11;16;1706
50;2025-12-11;17;2306
50;2025-12-11;18;2479
50;2025-12-11;19;1475
50;2025-12-11;20;992
50;2025-12-11;21;675
50;2025-12-11;22;273
50;2025-12-11;23;159
1;2025-12-12;0;4
1;2025-12-12;1;0
1;2025-12-12;2;0
1;2025-12-12;3;0
1;2025-12-12;4;10
1;2025-12-12;5;130
1;2025-12-12;6;471
1;2025-12-12;7;1481
1;2025-12-12;8;1969
1;2025-12-12;9;1469
1;2025-12-12;10;1322
1;2025-12-12;11;1358
1;2025-12-12;12;1363
1;2025-12-12;13;1433
1;2025-12-12;14;1321
1;2025-12-12;15;1529
1;2025-12-12;16;1571
1;2025-12-12;17;1832
1;2025-12-12;18;1670
1;2025-12-12;19;1311
1;2025-12-12;20;867
1;2025-12-12;21;504
1;2025-12-12;22;219
1;2025-12-12;23;43
5;2025-12-12;0;0
5;2025-12-12;1;0
5;2025-12-12;2;0
5;2025-12-12;3;0
5;2025-12-12;4;0
5;2025-12-12;5;0
5;2025-12-12;6;0
5;2025-12-12;7;0
5;2025-12-12;8;0
5;2025-12-12;9;0
5;2025-12-12;10;0
5;2025-12-12;11;0
5;2025-12-12;12;0
5;2025-12-12;13;0
5;2025-12-12;14;0
5;2025-12-12;15;0
5;2025-12-12;16;0
5;2025-12-12;17;0
5;2025-12-12;18;0
5;2025-12-12;19;0
5;2025-12-12;20;0
5;2025-12-12;21;0
5;2025-12-12;22;0
5;2025-12-12;23;0
7;2025-12-12;0;76
7;2025-12-12;1;18
7;2025-12-12;2;0
7;2025-12-12;3;0
7;2025-12-12;4;4
7;2025-12-12;5;180
7;2025-12-12;6;617
7;2025-12-12;7;1703
7;2025-12-12;8;2565
7;2025-12-12;9;1811
7;2025-12-12;10;1726
7;2025-12-12;11;1570
7;2025-12-12;12;1739
7;2025-12-12;13;1698
7;2025-12-12;14;1773
7;2025-12-12;15;1972
7;2025-12-12;16;2067
7;2025-12-12;17;2353
7;2025-12-12;18;2244
7;2025-12-12;19;1535
7;2025-12-12;20;1067
7;2025-12-12;21;626
7;2025-12-12;22;361
7;2025-12-12;23;245
11;2025-12-12;0;70
11;2025-12-12;1;1
11;2025-12-12;2;0
11;2025-12-12;3;0
11;2025-12-12;4;0
11;2025-12-12;5;236
11;2025-12-12;6;1341
11;2025-12-12;7;2501
11;2025-12-12;8;3206
11;2025-12-12;9;2395
11;2025-12-12;10;1941
11;2025-12-12;11;1901
11;2025-12-12;12;1892
11;2025-12-12;13;1931
11;2025-12-12;14;1969
11;2025-12-12;15;2010
11;2025-12-12;16;2338
11;2025-12-12;17;2959
11;2025-12-12;18;2605
11;2025-12-12;19;2147
11;2025-12-12;20;1399
11;2025-12-12;21;861
11;2025-12-12;22;405
11;2025-12-12;23;295
12;2025-12-12;0;55
12;2025-12-12;1;3
12;2025-12-12;2;0
12;2025-12-12;3;0
12;2025-12-12;4;10
12;2025-12-12;5;331
12;2025-12-12;6;1467
12;2025-12-12;7;2701
12;2025-12-12;8;3597
12;2025-12-12;9;2523
12;2025-12-12;10;2002
12;2025-12-12;11;1910
12;2025-12-12;12;1980
12;2025-12-12;13;1993
12;2025-12-12;14;1932
12;2025-12-12;15;2322
12;2025-12-12;16;2914
12;2025-12-12;17;3028
12;2025-12-12;18;2716
12;2025-12-12;19;2244
12;2025-12-12;20;1490
12;2025-12-12;21;1046
12;2025-12-12;22;527
12;2025-12-12;23;290
17;2025-12-12;0;140
17;2025-12-12;1;17
17;2025-12-12;2;0
17;2025-12-12;3;0
17;2025-12-12;4;22
17;2025-12-12;5;307
17;2025-12-12;6;1564
17;2025-12-12;7;4093
17;2025-12-12;8;5275
17;2025-12-12;9;3902
17;2025-12-12;10;3071
17;2025-12-12;11;3112
17;2025-12-12;12;3027
17;2025-12-12;13;3147
17;2025-12-12;14;3275
17;2025-12-12;15;3376
17;2025-12-12;16;4168
17;2025-12-12;17;4659
17;2025-12-12;18;4405
17;2025-12-12;19;3259
17;2025-12-12;20;2337
17;2025-12-12;21;1513
17;2025-12-12;22;766
17;2025-12-12;23;431
25;2025-12-12;0;1
25;2025-12-12;1;0
25;2025-12-12;2;0
25;2025-12-12;3;0
25;2025-12-12;4;0
25;2025-12-12;5;12
25;2025-12-12;6;191
25;2025-12-12;7;557
25;2025-12-12;8;902
25;2025-12-12;9;481
25;2025-12-12;10;403
25;2025-12-12;11;457
25;2025-12-12;12;432
25;2025-12-12;13;588
25;2025-12-12;14;528
25;2025-12-12;15;650
25;2025-12-12;16;764
25;2025-12-12;17;776
25;2025-12-12;18;698
25;2025-12-12;19;578
25;2025-12-12;20;344
25;2025-12-12;21;230
25;2025-12-12;22;114
25;2025-12-12;23;13
26;2025-12-12;0;36
26;2025-12-12;1;3
26;2025-12-12;2;0
26;2025-12-12;3;0
26;2025-12-12;4;3
26;2025-12-12;5;77
26;2025-12-12;6;479
26;2025-12-12;7;1109
26;2025-12-12;8;2169
26;2025-12-12;9;1420
26;2025-12-12;10;1251
26;2025-12-12;11;1098
26;2025-12-12;12;1132
26;2025-12-12;13;1165
26;2025-12-12;14;1285
26;2025-12-12;15;1295
26;2025-12-12;16;1585
26;2025-12-12;17;1698
26;2025-12-12;18;1471
26;2025-12-12;19;1076
26;2025-12-12;20;703
26;2025-12-12;21;480
26;2025-12-12;22;218
26;2025-12-12;23;149
28;2025-12-12;0;1
28;2025-12-12;1;0
28;2025-12-12;2;0
28;2025-12-12;3;0
28;2025-12-12;4;3
28;2025-12-12;5;78
28;2025-12-12;6;255
28;2025-12-12;7;719
28;2025-12-12;8;1174
28;2025-12-12;9;792
28;2025-12-12;10;593
28;2025-12-12;11;573
28;2025-12-12;12;711
28;2025-12-12;13;702
28;2025-12-12;14;640
28;2025-12-12;15;682
28;2025-12-12;16;864
28;2025-12-12;17;939
28;2025-12-12;18;831
28;2025-12-12;19;643
28;2025-12-12;20;454
28;2025-12-12;21;315
28;2025-12-12;22;129
28;2025-12-12;23;15
50;2025-12-12;0;40
50;2025-12-12;1;4
50;2025-12-12;2;0
50;2025-12-12;3;0
50;2025-12-12;4;8
50;2025-12-12;5;73
50;2025-12-12;6;511
50;2025-12-12;7;1736
50;2025-12-12;8;2849
50;2025-12-12;9;2143
50;2025-12-12;10;1643
50;2025-12-12;11;1550
50;2025-12-12;12;1440
50;2025-12-12;13;1536
50;2025-12-12;14;1468
50;2025-12-12;15;1720
50;2025-12-12;16;2149
50;2025-12-12;17;2239
50;2025-12-12;18;1816
50;2025-12-12;19;1301
50;2025-12-12;20;921
50;2025-12-12;21;590
50;2025-12-12;22;279
50;2025-12-12;23;163
1;2025-12-13;0;5
1;2025-12-13;1;0
1;2025-12-13;2;0
1;2025-12-13;3;0
1;2025-12-13;4;1
1;2025-12-13;5;32
1;2025-12-13;6;161
1;2025-12-13;7;387
1;2025-12-13;8;501
1;2025-12-13;9;781
1;2025-12-13;10;860
1;2025-12-13;11;781
1;2025-12-13;12;951
1;2025-12-13;13;964
1;2025-12-13;14;874
1;2025-12-13;15;801
1;2025-12-13;16;791
1;2025-12-13;17;764
1;2025-12-13;18;679
1;2025-12-13;19;609
1;2025-12-13;20;442
1;2025-12-13;21;303
1;2025-12-13;22;129
1;2025-12-13;23;27
5;2025-12-13;0;0
5;2025-12-13;1;0
5;2025-12-13;2;0
5;2025-12-13;3;0
5;2025-12-13;4;0
5;2025-12-13;5;0
5;2025-12-13;6;0
5;2025-12-13;7;0
5;2025-12-13;8;0
5;2025-12-13;9;0
5;2025-12-13;10;0
5;2025-12-13;11;0
5;2025-12-13;12;0
5;2025-12-13;13;0
5;2025-12-13;14;0
5;2025-12-13;15;0
5;2025-12-13;16;0
5;2025-12-13;17;0
5;2025-12-13;18;0
5;2025-12-13;19;0
5;2025-12-13;20;0
5;2025-12-13;21;0
5;2025-12-13;22;0
5;2025-12-13;23;0
7;2025-12-13;0;114
7;2025-12-13;1;24
7;2025-12-13;2;0
7;2025-12-13;3;0
7;2025-12-13;4;4
7;2025-12-13;5;44
7;2025-12-13;6;239
7;2025-12-13;7;451
7;2025-12-13;8;814
7;2025-12-13;9;748
7;2025-12-13;10;793
7;2025-12-13;11;861
7;2025-12-13;12;1010
7;2025-12-13;13;957
7;2025-12-13;14;1092
7;2025-12-13;15;994
7;2025-12-13;16;920
7;2025-12-13;17;935
7;2025-12-13;18;980
7;2025-12-13;19;915
7;2025-12-13;20;685
7;2025-12-13;21;528
7;2025-12-13;22;252
7;2025-12-13;23;127
11;2025-12-13;0;104
11;2025-12-13;1;2
11;2025-12-13;2;0
11;2025-12-13;3;0
11;2025-12-13;4;0
11;2025-12-13;5;155
11;2025-12-13;6;869
11;2025-12-13;7;811
11;2025-12-13;8;1149
11;2025-12-13;9;1224
11;2025-12-13;10;1318
11;2025-12-13;11;1685
11;2025-12-13;12;1795
11;2025-12-13;13;1725
11;2025-12-13;14;1758
11;2025-12-13;15;1686
11;2025-12-13;16;1750
11;2025-12-13;17;1927
11;2025-12-13;18;1639
11;2025-12-13;19;1575
11;2025-12-13;20;1113
11;2025-12-13;21;773
11;2025-12-13;22;437
11;2025-12-13;23;298
12;2025-12-13;0;69
12;2025-12-13;1;4
12;2025-12-13;2;0
12;2025-12-13;3;0
12;2025-12-13;4;7
12;2025-12-13;5;260
12;2025-12-13;6;924
12;2025-12-13;7;1017
12;2025-12-13;8;1116
12;2025-12-13;9;1234
12;2025-12-13;10;1451
12;2025-12-13;11;1395
12;2025-12-13;12;1411
12;2025-12-13;13;1601
12;2025-12-13;14;1473
12;2025-12-13;15;1413
12;2025-12-13;16;1540
12;2025-12-13;17;1585
12;2025-12-13;18;1502
12;2025-12-13;19;1443
12;2025-12-13;20;1028
12;2025-12-13;21;739
12;2025-12-13;22;418
12;2025-12-13;23;287
17;2025-12-13;0;196
17;2025-12-13;1;24
17;2025-12-13;2;0
17;2025-12-13;3;0
17;2025-12-13;4;9
17;2025-12-13;5;135
17;2025-12-13;6;602
17;2025-12-13;7;1356
17;2025-12-13;8;1804
17;2025-12-13;9;2247
17;2025-12-13;10;2443
17;2025-12-13;11;2861
17;2025-12-13;12;3080
17;2025-12-13;13;3291
17;2025-12-13;14;3355
17;2025-12-13;15;3148
17;2025-12-13;16;3301
17;2025-12-13;17;3204
17;2025-12-13;18;2971
17;2025-12-13;19;2475
17;2025-12-13;20;1819
17;2025-12-13;21;1306
17;2025-12-13;22;825
17;2025-12-13;23;440
25;2025-12-13;0;3
25;2025-12-13;1;0
25;2025-12-13;2;0
25;2025-12-13;3;0
25;2025-12-13;4;0
25;2025-12-13;5;9
25;2025-12-13;6;65
25;2025-12-13;7;141
25;2025-12-13;8;325
25;2025-12-13;9;298
25;2025-12-13;10;300
25;2025-12-13;11;385
25;2025-12-13;12;382
25;2025-12-13;13;551
25;2025-12-13;14;570
25;2025-12-13;15;658
25;2025-12-13;16;603
25;2025-12-13;17;518
25;2025-12-13;18;536
25;2025-12-13;19;454
25;2025-12-13;20;280
25;2025-12-13;21;228
25;2025-12-13;22;111
25;2025-12-13;23;48
26;2025-12-13;0;48
26;2025-12-13;1;4
26;2025-12-13;2;0
26;2025-12-13;3;0
26;2025-12-13;4;5
26;2025-12-13;5;51
26;2025-12-13;6;257
26;2025-12-13;7;428
26;2025-12-13;8;684
26;2025-12-13;9;707
26;2025-12-13;10;847
26;2025-12-13;11;1028
26;2025-12-13;12;1016
26;2025-12-13;13;1029
26;2025-12-13;14;1056
26;2025-12-13;15;966
26;2025-12-13;16;1019
26;2025-12-13;17;935
26;2025-12-13;18;914
26;2025-12-13;19;838
26;2025-12-13;20;580
26;2025-12-13;21;397
26;2025-12-13;22;227
26;2025-12-13;23;157
28;2025-12-13;0;2
28;2025-12-13;1;1
28;2025-12-13;2;0
28;2025-12-13;3;0
28;2025-12-13;4;2
28;2025-12-13;5;32
28;2025-12-13;6;86
28;2025-12-13;7;196
28;2025-12-13;8;329
28;2025-12-13;9;399
28;2025-12-13;10;411
28;2025-12-13;11;386
28;2025-12-13;12;505
28;2025-12-13;13;494
28;2025-12-13;14;501
28;2025-12-13;15;478
28;2025-12-13;16;479
28;2025-12-13;17;478
28;2025-12-13;18;385
28;2025-12-13;19;330
28;2025-12-13;20;254
28;2025-12-13;21;220
28;2025-12-13;22;105
28;2025-12-13;23;18
50;2025-12-13;0;60
50;2025-12-13;1;7
50;2025-12-13;2;0
50;2025-12-13;3;0
50;2025-12-13;4;3
50;2025-12-13;5;53
50;2025-12-13;6;228
50;2025-12-13;7;499
50;2025-12-13;8;740
50;2025-12-13;9;744
50;2025-12-13;10;806
50;2025-12-13;11;889
50;2025-12-13;12;886
50;2025-12-13;13;920
50;2025-12-13;14;957
50;2025-12-13;15;920
50;2025-12-13;16;875
50;2025-12-13;17;937
50;2025-12-13;18;881
50;2025-12-13;19;775
50;2025-12-13;20;631
50;2025-12-13;21;479
50;2025-12-13;22;242
50;2025-12-13;23;172
1;2025-12-14;0;1
1;2025-12-14;1;0
1;2025-12-14;2;0
1;2025-12-14;3;0
1;2025-12-14;4;0
1;2025-12-14;5;24
1;2025-12-14;6;122
1;2025-12-14;7;292
1;2025-12-14;8;397
1;2025-12-14;9;628
1;2025-12-14;10;706
1;2025-12-14;11;675
1;2025-12-14;12;787
1;2025-12-14;13;834
1;2025-12-14;14;766
1;2025-12-14;15;707
1;2025-12-14;16;664
1;2025-12-14;17;627
1;2025-12-14;18;583
1;2025-12-14;19;493
1;2025-12-14;20;380
1;2025-12-14;21;268
1;2025-12-14;22;106
1;2025-12-14;23;26
5;2025-12-14;0;0
5;2025-12-14;1;0
5;2025-12-14;2;0
5;2025-12-14;3;0
5;2025-12-14;4;0
5;2025-12-14;5;0
5;2025-12-14;6;0
5;2025-12-14;7;0
5;2025-12-14;8;0
5;2025-12-14;9;0
5;2025-12-14;10;0
5;2025-12-14;11;0
5;2025-12-14;12;0
5;2025-12-14;13;0
5;2025-12-14;14;0
5;2025-12-14;15;0
5;2025-12-14;16;0
5;2025-12-14;17;0
5;2025-12-14;18;0
5;2025-12-14;19;0
5;2025-12-14;20;0
5;2025-12-14;21;0
5;2025-12-14;22;0
5;2025-12-14;23;0
7;2025-12-14;0;69
7;2025-12-14;1;9
7;2025-12-14;2;0
7;2025-12-14;3;0
7;2025-12-14;4;3
7;2025-12-14;5;31
7;2025-12-14;6;155
7;2025-12-14;7;303
7;2025-12-14;8;546
7;2025-12-14;9;600
7;2025-12-14;10;605
7;2025-12-14;11;747
7;2025-12-14;12;809
7;2025-12-14;13;796
7;2025-12-14;14;928
7;2025-12-14;15;867
7;2025-12-14;16;772
7;2025-12-14;17;863
7;2025-12-14;18;846
7;2025-12-14;19;724
7;2025-12-14;20;591
7;2025-12-14;21;443
7;2025-12-14;22;216
7;2025-12-14;23;101
11;2025-12-14;0;105
11;2025-12-14;1;17
11;2025-12-14;2;0
11;2025-12-14;3;0
11;2025-12-14;4;0
11;2025-12-14;5;110
11;2025-12-14;6;609
11;2025-12-14;7;598
11;2025-12-14;8;823
11;2025-12-14;9;1047
11;2025-12-14;10;1168
11;2025-12-14;11;1553
11;2025-12-14;12;1691
11;2025-12-14;13;1619
11;2025-12-14;14;1645
11;2025-12-14;15;1693
11;2025-12-14;16;1671
11;2025-12-14;17;1857
11;2025-12-14;18;1516
11;2025-12-14;19;1338
11;2025-12-14;20;969
11;2025-12-14;21;681
11;2025-12-14;22;387
11;2025-12-14;23;251
12;2025-12-14;0;80
12;2025-12-14;1;9
12;2025-12-14;2;0
12;2025-12-14;3;0
12;2025-12-14;4;7
12;2025-12-14;5;171
12;2025-12-14;6;613
12;2025-12-14;7;766
12;2025-12-14;8;817
12;2025-12-14;9;986
12;2025-12-14;10;1168
12;2025-12-14;11;1238
12;2025-12-14;12;1337
12;2025-12-14;13;1514
12;2025-12-14;14;1449
12;2025-12-14;15;1439
12;2025-12-14;16;1539
12;2025-12-14;17;1635
12;2025-12-14;18;1394
12;2025-12-14;19;1093
12;2025-12-14;20;853
12;2025-12-14;21;651
12;2025-12-14;22;401
12;2025-12-14;23;229
17;2025-12-14;0;194
17;2025-12-14;1;28
17;2025-12-14;2;0
17;2025-12-14;3;0
17;2025-12-14;4;9
17;2025-12-14;5;111
17;2025-12-14;6;460
17;2025-12-14;7;922
17;2025-12-14;8;1314
17;2025-12-14;9;1784
17;2025-12-14;10;2062
17;2025-12-14;11;2544
17;2025-12-14;12;2832
17;2025-12-14;13;3095
17;2025-12-14;14;3201
17;2025-12-14;15;2989
17;2025-12-14;16;3073
17;2025-12-14;17;2960
17;2025-12-14;18;2713
17;2025-12-14;19;2214
17;2025-12-14;20;1645
17;2025-12-14;21;1216
17;2025-12-14;22;726
17;2025-12-14;23;341
25;2025-12-14;0;17
25;2025-12-14;1;1
25;2025-12-14;2;0
25;2025-12-14;3;0
25;2025-12-14;4;0
25;2025-12-14;5;9
25;2025-12-14;6;52
25;2025-12-14;7;109
25;2025-12-14;8;217
25;2025-12-14;9;223
25;2025-12-14;10;244
25;2025-12-14;11;318
25;2025-12-14;12;368
25;2025-12-14;13;485
25;2025-12-14;14;528
25;2025-12-14;15;640
25;2025-12-14;16;543
25;2025-12-14;17;505
25;2025-12-14;18;483
25;2025-12-14;19;377
25;2025-12-14;20;256
25;2025-12-14;21;201
25;2025-12-14;22;105
25;2025-12-14;23;37
26;2025-12-14;0;53
26;2025-12-14;1;8
26;2025-12-14;2;0
26;2025-12-14;3;0
26;2025-12-14;4;4
26;2025-12-14;5;29
26;2025-12-14;6;159
26;2025-12-14;7;304
26;2025-12-14;8;443
26;2025-12-14;9;547
26;2025-12-14;10;612
26;2025-12-14;11;824
26;2025-12-14;12;826
26;2025-12-14;13;872
26;2025-12-14;14;870
26;2025-12-14;15;831
26;2025-12-14;16;836
26;2025-12-14;17;806
26;2025-12-14;18;767
26;2025-12-14;19;604
26;2025-12-14;20;471
26;2025-12-14;21;329
26;2025-12-14;22;195
26;2025-12-14;23;117
28;2025-12-14;0;2
28;2025-12-14;1;1
28;2025-12-14;2;0
28;2025-12-14;3;0
28;2025-12-14;4;2
28;2025-12-14;5;31
28;2025-12-14;6;84
28;2025-12-14;7;163
28;2025-12-14;8;273
28;2025-12-14;9;328
28;2025-12-14;10;363
28;2025-12-14;11;388
28;2025-12-14;12;460
28;2025-12-14;13;495
28;2025-12-14;14;511
28;2025-12-14;15;504
28;2025-12-14;16;462
28;2025-12-14;17;470
28;2025-12-14;18;423
28;2025-12-14;19;367
28;2025-12-14;20;290
28;2025-12-14;21;231
28;2025-12-14;22;96
28;2025-12-14;23;12
50;2025-12-14;0;29
50;2025-12-14;1;3
50;2025-12-14;2;0
50;2025-12-14;3;0
50;2025-12-14;4;3
50;2025-12-14;5;36
50;2025-12-14;6;163
50;2025-12-14;7;325
50;2025-12-14;8;512
50;2025-12-14;9;573
50;2025-12-14;10;615
50;2025-12-14;11;729
50;2025-12-14;12;741
50;2025-12-14;13;879
50;2025-12-14;14;868
50;2025-12-14;15;843
50;2025-12-14;16;791
50;2025-12-14;17;815
50;2025-12-14;18;783
50;2025-12-14;19;677
50;2025-12-14;20;564
50;2025-12-14;21;432
50;2025-12-14;22;228
50;2025-12-14;23;124
1;2025-12-15;0;0
1;2025-12-15;1;0
1;2025-12-15;2;0
1;2025-12-15;3;0
1;2025-12-15;4;10
1;2025-12-15;5;125
1;2025-12-15;6;498
1;2025-12-15;7;1481
1;2025-12-15;8;1989
1;2025-12-15;9;1402
1;2025-12-15;10;1268
1;2025-12-15;11;1251
1;2025-12-15;12;1286
1;2025-12-15;13;1344
1;2025-12-15;14;1291
1;2025-12-15;15;1407
1;2025-12-15;16;1461
1;2025-12-15;17;1788
1;2025-12-15;18;1924
1;2025-12-15;19;1456
1;2025-12-15;20;935
1;2025-12-15;21;458
1;2025-12-15;22;203
1;2025-12-15;23;34
5;2025-12-15;0;0
5;2025-12-15;1;0
5;2025-12-15;2;0
5;2025-12-15;3;0
5;2025-12-15;4;0
5;2025-12-15;5;0
5;2025-12-15;6;0
5;2025-12-15;7;0
5;2025-12-15;8;0
5;2025-12-15;9;0
5;2025-12-15;10;0
5;2025-12-15;11;0
5;2025-12-15;12;0
5;2025-12-15;13;0
5;2025-12-15;14;0
5;2025-12-15;15;0
5;2025-12-15;16;0
5;2025-12-15;17;0
5;2025-12-15;18;0
5;2025-12-15;19;0
5;2025-12-15;20;0
5;2025-12-15;21;0
5;2025-12-15;22;0
5;2025-12-15;23;0
7;2025-12-15;0;56
7;2025-12-15;1;7
7;2025-12-15;2;0
7;2025-12-15;3;0
7;2025-12-15;4;4
7;2025-12-15;5;181
7;2025-12-15;6;648
7;2025-12-15;7;1752
7;2025-12-15;8;2749
7;2025-12-15;9;1876
7;2025-12-15;10;1699
7;2025-12-15;11;1525
7;2025-12-15;12;1660
7;2025-12-15;13;1625
7;2025-12-15;14;1702
7;2025-12-15;15;1902
7;2025-12-15;16;1882
7;2025-12-15;17;2456
7;2025-12-15;18;2770
7;2025-12-15;19;1816
7;2025-12-15;20;1136
7;2025-12-15;21;619
7;2025-12-15;22;327
7;2025-12-15;23;196
11;2025-12-15;0;74
11;2025-12-15;1;9
11;2025-12-15;2;0
11;2025-12-15;3;0
11;2025-12-15;4;0
11;2025-12-15;5;248
11;2025-12-15;6;1365
11;2025-12-15;7;2471
11;2025-12-15;8;3177
11;2025-12-15;9;2473
11;2025-12-15;10;1906
11;2025-12-15;11;1913
11;2025-12-15;12;1854
11;2025-12-15;13;1899
11;2025-12-15;14;1911
11;2025-12-15;15;1983
11;2025-12-15;16;2248
11;2025-12-15;17;2912
11;2025-12-15;18;3209
11;2025-12-15;19;2400
11;2025-12-15;20;1397
11;2025-12-15;21;814
11;2025-12-15;22;370
11;2025-12-15;23;216
12;2025-12-15;0;62
12;2025-12-15;1;6
12;2025-12-15;2;0
12;2025-12-15;3;0
12;2025-12-15;4;11
12;2025-12-15;5;329
12;2025-12-15;6;1491
12;2025-12-15;7;2806
12;2025-12-15;8;3731
12;2025-12-15;9;2520
12;2025-12-15;10;2026
12;2025-12-15;11;1901
12;2025-12-15;12;1981
12;2025-12-15;13;1963
12;2025-12-15;14;1833
12;2025-12-15;15;2158
12;2025-12-15;16;2584
12;2025-12-15;17;3074
12;2025-12-15;18;3213
12;2025-12-15;19;2476
12;2025-12-15;20;1623
12;2025-12-15;21;992
12;2025-12-15;22;487
12;2025-12-15;23;247
17;2025-12-15;0;122
17;2025-12-15;1;15
17;2025-12-15;2;0
17;2025-12-15;3;0
17;2025-12-15;4;22
17;2025-12-15;5;307
17;2025-12-15;6;1530
17;2025-12-15;7;4190
17;2025-12-15;8;5448
17;2025-12-15;9;3975
17;2025-12-15;10;3000
17;2025-12-15;11;2946
17;2025-12-15;12;2949
17;2025-12-15;13;3003
17;2025-12-15;14;3046
17;2025-12-15;15;3276
17;2025-12-15;16;3665
17;2025-12-15;17;4414
17;2025-12-15;18;4850
17;2025-12-15;19;3296
17;2025-12-15;20;2231
17;2025-12-15;21;1356
17;2025-12-15;22;689
17;2025-12-15;23;331
25;2025-12-15;0;10
25;2025-12-15;1;1
25;2025-12-15;2;0
25;2025-12-15;3;0
25;2025-12-15;4;0
25;2025-12-15;5;9
25;2025-12-15;6;176
25;2025-12-15;7;553
25;2025-12-15;8;929
25;2025-12-15;9;494
25;2025-12-15;10;373
25;2025-12-15;11;414
25;2025-12-15;12;403
25;2025-12-15;13;563
25;2025-12-15;14;462
25;2025-12-15;15;538
25;2025-12-15;16;676
25;2025-12-15;17;750
25;2025-12-15;18;802
25;2025-12-15;19;565
25;2025-12-15;20;323
25;2025-12-15;21;213
25;2025-12-15;22;92
25;2025-12-15;23;13
26;2025-12-15;0;32
26;2025-12-15;1;5
26;2025-12-15;2;0
26;2025-12-15;3;1
26;2025-12-15;4;4
26;2025-12-15;5;76
26;2025-12-15;6;467
26;2025-12-15;7;1129
26;2025-12-15;8;2112
26;2025-12-15;9;1428
26;2025-12-15;10;1204
26;2025-12-15;11;1041
26;2025-12-15;12;1058
26;2025-12-15;13;1128
26;2025-12-15;14;1202
26;2025-12-15;15;1239
26;2025-12-15;16;1416
26;2025-12-15;17;1668
26;2025-12-15;18;1894
26;2025-12-15;19;1205
26;2025-12-15;20;754
26;2025-12-15;21;467
26;2025-12-15;22;206
26;2025-12-15;23;116
28;2025-12-15;0;1
28;2025-12-15;1;0
28;2025-12-15;2;0
28;2025-12-15;3;0
28;2025-12-15;4;5
28;2025-12-15;5;74
28;2025-12-15;6;241
28;2025-12-15;7;671
28;2025-12-15;8;1079
28;2025-12-15;9;777
28;2025-12-15;10;567
28;2025-12-15;11;509
28;2025-12-15;12;642
28;2025-12-15;13;628
28;2025-12-15;14;576
28;2025-12-15;15;600
28;2025-12-15;16;771
28;2025-12-15;17;894
28;2025-12-15;18;877
28;2025-12-15;19;680
28;2025-12-15;20;450
28;2025-12-15;21;272
28;2025-12-15;22;104
28;2025-12-15;23;10
50;2025-12-15;0;10
50;2025-12-15;1;2
50;2025-12-15;2;0
50;2025-12-15;3;0
50;2025-12-15;4;7
50;2025-12-15;5;67
50;2025-12-15;6;512
50;2025-12-15;7;1716
50;2025-12-15;8;2881
50;2025-12-15;9;2254
50;2025-12-15;10;1692
50;2025-12-15;11;1558
50;2025-12-15;12;1424
50;2025-12-15;13;1516
50;2025-12-15;14;1440
50;2025-12-15;15;1631
50;2025-12-15;16;1759
50;2025-12-15;17;2307
50;2025-12-15;18;2507
50;2025-12-15;19;1452
50;2025-12-15;20;943
50;2025-12-15;21;606
50;2025-12-15;22;253
50;2025-12-15;23;127
1;2025-12-16;0;4
1;2025-12-16;1;0
1;2025-12-16;2;0
1;2025-12-16;3;0
1;2025-12-16;4;11
1;2025-12-16;5;121
1;2025-12-16;6;498
1;2025-12-16;7;1503
1;2025-12-16;8;1975
1;2025-12-16;9;1499
1;2025-12-16;10;1387
1;2025-12-16;11;1340
1;2025-12-16;12;1374
1;2025-12-16;13;1419
1;2025-12-16;14;1259
1;2025-12-16;15;1425
1;2025-12-16;16;1470
1;2025-12-16;17;1791
1;2025-12-16;18;1897
1;2025-12-16;19;1462
1;2025-12-16;20;951
1;2025-12-16;21;488
1;2025-12-16;22;216
1;2025-12-16;23;37
5;2025-12-16;0;0
5;2025-12-16;1;0
5;2025-12-16;2;0
5;2025-12-16;3;0
5;2025-12-16;4;0
5;2025-12-16;5;0
5;2025-12-16;6;0
5;2025-12-16;7;0
5;2025-12-16;8;0
5;2025-12-16;9;0
5;2025-12-16;10;0
5;2025-12-16;11;0
5;2025-12-16;12;0
5;2025-12-16;13;0
5;2025-12-16;14;0
5;2025-12-16;15;0
5;2025-12-16;16;0
5;2025-12-16;17;0
5;2025-12-16;18;0
5;2025-12-16;19;0
5;2025-12-16;20;0
5;2025-12-16;21;0
5;2025-12-16;22;0
5;2025-12-16;23;0
7;2025-12-16;0;66
7;2025-12-16;1;15
7;2025-12-16;2;0
7;2025-12-16;3;0
7;2025-12-16;4;5
7;2025-12-16;5;189
7;2025-12-16;6;660
7;2025-12-16;7;1792
7;2025-12-16;8;2720
7;2025-12-16;9;1952
7;2025-12-16;10;1812
7;2025-12-16;11;1640
7;2025-12-16;12;1784
7;2025-12-16;13;1682
7;2025-12-16;14;1707
7;2025-12-16;15;1959
7;2025-12-16;16;1906
7;2025-12-16;17;2458
7;2025-12-16;18;2870
7;2025-12-16;19;1875
7;2025-12-16;20;1188
7;2025-12-16;21;670
7;2025-12-16;22;357
7;2025-12-16;23;221
11;2025-12-16;0;61
11;2025-12-16;1;1
11;2025-12-16;2;0
11;2025-12-16;3;0
11;2025-12-16;4;0
11;2025-12-16;5;236
11;2025-12-16;6;1393
11;2025-12-16;7;2612
11;2025-12-16;8;3420
11;2025-12-16;9;2604
11;2025-12-16;10;2046
11;2025-12-16;11;1914
11;2025-12-16;12;1920
11;2025-12-16;13;1980
11;2025-12-16;14;1992
11;2025-12-16;15;1966
11;2025-12-16;16;2284
11;2025-12-16;17;2993
11;2025-12-16;18;3173
11;2025-12-16;19;2475
11;2025-12-16;20;1528
11;2025-12-16;21;844
11;2025-12-16;22;388
11;2025-12-16;23;236
12;2025-12-16;0;47
12;2025-12-16;1;1
12;2025-12-16;2;0
12;2025-12-16;3;0
12;2025-12-16;4;11
12;2025-12-16;5;347
12;2025-12-16;6;1556
12;2025-12-16;7;2882
12;2025-12-16;8;3844
12;2025-12-16;9;2575
12;2025-12-16;10;2083
12;2025-12-16;11;1999
12;2025-12-16;12;2039
12;2025-12-16;13;2027
12;2025-12-16;14;1902
12;2025-12-16;15;2153
12;2025-12-16;16;2706
12;2025-12-16;17;3098
12;2025-12-16;18;3318
12;2025-12-16;19;2520
12;2025-12-16;20;1612
12;2025-12-16;21;1018
12;2025-12-16;22;506
12;2025-12-16;23;252
17;2025-12-16;0;111
17;2025-12-16;1;15
17;2025-12-16;2;0
17;2025-12-16;3;0
17;2025-12-16;4;22
17;2025-12-16;5;312
17;2025-12-16;6;1550
17;2025-12-16;7;4286
17;2025-12-16;8;5427
17;2025-12-16;9;4005
17;2025-12-16;10;3125
17;2025-12-16;11;3067
17;2025-12-16;12;3064
17;2025-12-16;13;3126
17;2025-12-16;14;3312
17;2025-12-16;15;3257
17;2025-12-16;16;3646
17;2025-12-16;17;4575
17;2025-12-16;18;4953
17;2025-12-16;19;3470
17;2025-12-16;20;2353
17;2025-12-16;21;1460
17;2025-12-16;22;718
17;2025-12-16;23;352
25;2025-12-16;0;2
25;2025-12-16;1;0
25;2025-12-16;2;0
25;2025-12-16;3;0
25;2025-12-16;4;0
25;2025-12-16;5;11
25;2025-12-16;6;181
25;2025-12-16;7;556
25;2025-12-16;8;941
25;2025-12-16;9;488
25;2025-12-16;10;399
25;2025-12-16;11;458
25;2025-12-16;12;431
25;2025-12-16;13;550
25;2025-12-16;14;493
25;2025-12-16;15;593
25;2025-12-16;16;663
25;2025-12-16;17;713
25;2025-12-16;18;779
25;2025-12-16;19;593
25;2025-12-16;20;335
25;2025-12-16;21;214
25;2025-12-16;22;93
25;2025-12-16;23;9
26;2025-12-16;0;34
26;2025-12-16;1;3
26;2025-12-16;2;0
26;2025-12-16;3;0
26;2025-12-16;4;3
26;2025-12-16;5;80
26;2025-12-16;6;494
26;2025-12-16;7;1197
26;2025-12-16;8;2284
26;2025-12-16;9;1507
26;2025-12-16;10;1296
26;2025-12-16;11;1141
26;2025-12-16;12;1126
26;2025-12-16;13;1137
26;2025-12-16;14;1274
26;2025-12-16;15;1297
26;2025-12-16;16;1488
26;2025-12-16;17;1774
26;2025-12-16;18;1942
26;2025-12-16;19;1285
26;2025-12-16;20;788
26;2025-12-16;21;483
26;2025-12-16;22;212
26;2025-12-16;23;122
28;2025-12-16;0;1
28;2025-12-16;1;0
28;2025-12-16;2;0
28;2025-12-16;3;0
28;2025-12-16;4;4
28;2025-12-16;5;70
28;2025-12-16;6;237
28;2025-12-16;7;678
28;2025-12-16;8;1101
28;2025-12-16;9;746
28;2025-12-16;10;576
28;2025-12-16;11;524
28;2025-12-16;12;625
28;2025-12-16;13;639
28;2025-12-16;14;575
28;2025-12-16;15;585
28;2025-12-16;16;699
28;2025-12-16;17;843
28;2025-12-16;18;846
28;2025-12-16;19;651
28;2025-12-16;20;452
28;2025-12-16;21;281
28;2025-12-16;22;117
28;2025-12-16;23;10
50;2025-12-16;0;30
50;2025-12-16;1;5
50;2025-12-16;2;0
50;2025-12-16;3;0
50;2025-12-16;4;6
50;2025-12-16;5;70
50;2025-12-16;6;529
50;2025-12-16;7;1778
50;2025-12-16;8;2919
50;2025-12-16;9;2298
50;2025-12-16;10;1794
50;2025-12-16;11;1556
50;2025-12-16;12;1435
50;2025-12-16;13;1467
50;2025-12-16;14;1376
50;2025-12-16;15;1550
50;2025-12-16;16;1704
50;2025-12-16;17;2457
50;2025-12-16;18;2526
50;2025-12-16;19;1493
50;2025-12-16;20;977
50;2025-12-16;21;622
50;2025-12-16;22;254
50;2025-12-16;23;134
1;2025-12-17;0;4
1;2025-12-17;1;0
1;2025-12-17;2;0
1;2025-12-17;3;0
1;2025-12-17;4;10
1;2025-12-17;5;123
1;2025-12-17;6;503
1;2025-12-17;7;1461
1;2025-12-17;8;1987
1;2025-12-17;9;1423
1;2025-12-17;10;1338
1;2025-12-17;11;1318
1;2025-12-17;12;1338
1;2025-12-17;13;1400
1;2025-12-17;14;1283
1;2025-12-17;15;1439
1;2025-12-17;16;1445
1;2025-12-17;17;1765
1;2025-12-17;18;1824
1;2025-12-17;19;1408
1;2025-12-17;20;920
1;2025-12-17;21;469
1;2025-12-17;22;213
1;2025-12-17;23;34
5;2025-12-17;0;0
5;2025-12-17;1;0
5;2025-12-17;2;0
5;2025-12-17;3;0
5;2025-12-17;4;0
5;2025-12-17;5;0
5;2025-12-17;6;0
5;2025-12-17;7;0
5;2025-12-17;8;0
5;2025-12-17;9;0
5;2025-12-17;10;0
5;2025-12-17;11;0
5;2025-12-17;12;0
5;2025-12-17;13;0
5;2025-12-17;14;0
5;2025-12-17;15;0
5;2025-12-17;16;0
5;2025-12-17;17;0
5;2025-12-17;18;0
5;2025-12-17;19;0
5;2025-12-17;20;0
5;2025-12-17;21;0
5;2025-12-17;22;0
5;2025-12-17;23;0
7;2025-12-17;0;65
7;2025-12-17;1;16
7;2025-12-17;2;0
7;2025-12-17;3;0
7;2025-12-17;4;6
7;2025-12-17;5;189
7;2025-12-17;6;655
7;2025-12-17;7;1647
7;2025-12-17;8;2642
7;2025-12-17;9;1887
7;2025-12-17;10;1806
7;2025-12-17;11;1620
7;2025-12-17;12;1742
7;2025-12-17;13;1650
7;2025-12-17;14;1740
7;2025-12-17;15;1930
7;2025-12-17;16;1926
7;2025-12-17;17;2488
7;2025-12-17;18;2754
7;2025-12-17;19;1758
7;2025-12-17;20;1126
7;2025-12-17;21;644
7;2025-12-17;22;354
7;2025-12-17;23;218
11;2025-12-17;0;65
11;2025-12-17;1;1
11;2025-12-17;2;0
11;2025-12-17;3;0
11;2025-12-17;4;0
11;2025-12-17;5;246
11;2025-12-17;6;1314
11;2025-12-17;7;2646
11;2025-12-17;8;3469
11;2025-12-17;9;2543
11;2025-12-17;10;2092
11;2025-12-17;11;2054
11;2025-12-17;12;2036
11;2025-12-17;13;2118
11;2025-12-17;14;2077
11;2025-12-17;15;1990
11;2025-12-17;16;2277
11;2025-12-17;17;2960
11;2025-12-17;18;3189
11;2025-12-17;19;2415
11;2025-12-17;20;1521
11;2025-12-17;21;878
11;2025-12-17;22;403
11;2025-12-17;23;249
12;2025-12-17;0;58
12;2025-12-17;1;3
12;2025-12-17;2;0
12;2025-12-17;3;0
12;2025-12-17;4;11
12;2025-12-17;5;360
12;2025-12-17;6;1575
12;2025-12-17;7;2924
12;2025-12-17;8;3927
12;2025-12-17;9;2772
12;2025-12-17;10;2172
12;2025-12-17;11;2005
12;2025-12-17;12;2079
12;2025-12-17;13;2097
12;2025-12-17;14;1951
12;2025-12-17;15;2259
12;2025-12-17;16;2769
12;2025-12-17;17;3222
12;2025-12-17;18;3389
12;2025-12-17;19;2566
12;2025-12-17;20;1673
12;2025-12-17;21;1074
12;2025-12-17;22;540
12;2025-12-17;23;268
17;2025-12-17;0;116
17;2025-12-17;1;14
17;2025-12-17;2;0
17;2025-12-17;3;0
17;2025-12-17;4;22
17;2025-12-17;5;301
17;2025-12-17;6;1542
17;2025-12-17;7;4208
17;2025-12-17;8;5359
17;2025-12-17;9;3833
17;2025-12-17;10;3120
17;2025-12-17;11;3084
17;2025-12-17;12;3066
17;2025-12-17;13;3122
17;2025-12-17;14;3212
17;2025-12-17;15;3190
17;2025-12-17;16;3629
17;2025-12-17;17;4431
17;2025-12-17;18;4711
17;2025-12-17;19;3275
17;2025-12-17;20;2277
17;2025-12-17;21;1444
17;2025-12-17;22;730
17;2025-12-17;23;369
25;2025-12-17;0;1
25;2025-12-17;1;0
25;2025-12-17;2;0
25;2025-12-17;3;0
25;2025-12-17;4;0
25;2025-12-17;5;11
25;2025-12-17;6;181
25;2025-12-17;7;553
25;2025-12-17;8;955
25;2025-12-17;9;494
25;2025-12-17;10;415
25;2025-12-17;11;481
25;2025-12-17;12;449
25;2025-12-17;13;607
25;2025-12-17;14;481
25;2025-12-17;15;610
25;2025-12-17;16;680
25;2025-12-17;17;798
25;2025-12-17;18;833
25;2025-12-17;19;627
25;2025-12-17;20;343
25;2025-12-17;21;240
25;2025-12-17;22;105
25;2025-12-17;23;9
26;2025-12-17;0;33
26;2025-12-17;1;4
26;2025-12-17;2;0
26;2025-12-17;3;0
26;2025-12-17;4;4
26;2025-12-17;5;81
26;2025-12-17;6;460
26;2025-12-17;7;1132
26;2025-12-17;8;2169
26;2025-12-17;9;1430
26;2025-12-17;10;1233
26;2025-12-17;11;1106
26;2025-12-17;12;1125
26;2025-12-17;13;1167
26;2025-12-17;14;1296
26;2025-12-17;15;1315
26;2025-12-17;16;1446
26;2025-12-17;17;1651
26;2025-12-17;18;1799
26;2025-12-17;19;1213
26;2025-12-17;20;754
26;2025-12-17;21;521
26;2025-12-17;22;224
26;2025-12-17;23;136
28;2025-12-17;0;1
28;2025-12-17;1;0
28;2025-12-17;2;0
28;2025-12-17;3;0
28;2025-12-17;4;4
28;2025-12-17;5;77
28;2025-12-17;6;238
28;2025-12-17;7;676
28;2025-12-17;8;1132
28;2025-12-17;9;753
28;2025-12-17;10;557
28;2025-12-17;11;542
28;2025-12-17;12;658
28;2025-12-17;13;651
28;2025-12-17;14;586
28;2025-12-17;15;626
28;2025-12-17;16;775
28;2025-12-17;17;883
28;2025-12-17;18;844
28;2025-12-17;19;674
28;2025-12-17;20;457
28;2025-12-17;21;277
28;2025-12-17;22;120
28;2025-12-17;23;11
50;2025-12-17;0;31
50;2025-12-17;1;5
50;2025-12-17;2;0
50;2025-12-17;3;0
50;2025-12-17;4;7
50;2025-12-17;5;74
50;2025-12-17;6;539
50;2025-12-17;7;1757
50;2025-12-17;8;2924
50;2025-12-17;9;2266
50;2025-12-17;10;1799
50;2025-12-17;11;1611
50;2025-12-17;12;1531
50;2025-12-17;13;1600
50;2025-12-17;14;1524
50;2025-12-17;15;1729
50;2025-12-17;16;1793
50;2025-12-17;17;2402
50;2025-12-17;18;2499
50;2025-12-17;19;1557
50;2025-12-17;20;982
50;2025-12-17;21;645
50;2025-12-17;22;280
50;2025-12-17;23;148
1;2025-12-18;0;4
1;2025-12-18;1;0
1;2025-12-18;2;0
1;2025-12-18;3;0
1;2025-12-18;4;10
1;2025-12-18;5;115
1;2025-12-18;6;479
1;2025-12-18;7;1451
1;2025-12-18;8;1956
1;2025-12-18;9;1414
1;2025-12-18;10;1317
1;2025-12-18;11;1273
1;2025-12-18;12;1343
1;2025-12-18;13;1351
1;2025-12-18;14;1268
1;2025-12-18;15;1414
1;2025-12-18;16;1439
1;2025-12-18;17;1782
1;2025-12-18;18;1812
1;2025-12-18;19;1394
1;2025-12-18;20;909
1;2025-12-18;21;468
1;2025-12-18;22;203
1;2025-12-18;23;36
5;2025-12-18;0;0
5;2025-12-18;1;0
5;2025-12-18;2;0
5;2025-12-18;3;0
5;2025-12-18;4;0
5;2025-12-18;5;0
5;2025-12-18;6;0
5;2025-12-18;7;0
5;2025-12-18;8;0
5;2025-12-18;9;0
5;2025-12-18;10;0
5;2025-12-18;11;0
5;2025-12-18;12;0
5;2025-12-18;13;0
5;2025-12-18;14;0
5;2025-12-18;15;0
5;2025-12-18;16;0
5;2025-12-18;17;0
5;2025-12-18;18;0
5;2025-12-18;19;0
5;2025-12-18;20;0
5;2025-12-18;21;0
5;2025-12-18;22;0
5;2025-12-18;23;0
7;2025-12-18;0;69
7;2025-12-18;1;18
7;2025-12-18;2;0
7;2025-12-18;3;0
7;2025-12-18;4;4
7;2025-12-18;5;183
7;2025-12-18;6;665
7;2025-12-18;7;1683
7;2025-12-18;8;2653
7;2025-12-18;9;1868
7;2025-12-18;10;1734
7;2025-12-18;11;1597
7;2025-12-18;12;1725
7;2025-12-18;13;1650
7;2025-12-18;14;1794
7;2025-12-18;15;1868
7;2025-12-18;16;1923
7;2025-12-18;17;2420
7;2025-12-18;18;2806
7;2025-12-18;19;1789
7;2025-12-18;20;1123
7;2025-12-18;21;633
7;2025-12-18;22;346
7;2025-12-18;23;228
11;2025-12-18;0;66
11;2025-12-18;1;1
11;2025-12-18;2;0
11;2025-12-18;3;0
11;2025-12-18;4;0
11;2025-12-18;5;240
11;2025-12-18;6;1344
11;2025-12-18;7;2654
11;2025-12-18;8;3292
11;2025-12-18;9;2585
11;2025-12-18;10;2175
11;2025-12-18;11;2006
11;2025-12-18;12;2059
11;2025-12-18;13;2108
11;2025-12-18;14;2060
11;2025-12-18;15;1972
11;2025-12-18;16;2318
11;2025-12-18;17;2939
11;2025-12-18;18;3253
11;2025-12-18;19;2408
11;2025-12-18;20;1517
11;2025-12-18;21;904
11;2025-12-18;22;420
11;2025-12-18;23;257
12;2025-12-18;0;48
12;2025-12-18;1;3
12;2025-12-18;2;0
12;2025-12-18;3;0
12;2025-12-18;4;10
12;2025-12-18;5;337
12;2025-12-18;6;1495
12;2025-12-18;7;2877
12;2025-12-18;8;3847
12;2025-12-18;9;2611
12;2025-12-18;10;2079
12;2025-12-18;11;1923
12;2025-12-18;12;2036
12;2025-12-18;13;2063
12;2025-12-18;14;1887
12;2025-12-18;15;2198
12;2025-12-18;16;2692
12;2025-12-18;17;3147
12;2025-12-18;18;3375
12;2025-12-18;19;2534
12;2025-12-18;20;1680
12;2025-12-18;21;1022
12;2025-12-18;22;540
12;2025-12-18;23;265
17;2025-12-18;0;125
17;2025-12-18;1;15
17;2025-12-18;2;0
17;2025-12-18;3;0
17;2025-12-18;4;22
17;2025-12-18;5;316
17;2025-12-18;6;1557
17;2025-12-18;7;4240
17;2025-12-18;8;5477
17;2025-12-18;9;3948
17;2025-12-18;10;3190
17;2025-12-18;11;3149
17;2025-12-18;12;3069
17;2025-12-18;13;3144
17;2025-12-18;14;3180
17;2025-12-18;15;3183
17;2025-12-18;16;3800
17;2025-12-18;17;4476
17;2025-12-18;18;4802
17;2025-12-18;19;3428
17;2025-12-18;20;2359
17;2025-12-18;21;1458
17;2025-12-18;22;750
17;2025-12-18;23;380
25;2025-12-18;0;1
25;2025-12-18;1;0
25;2025-12-18;2;0
25;2025-12-18;3;0
25;2025-12-18;4;0
25;2025-12-18;5;10
25;2025-12-18;6;186
25;2025-12-18;7;555
25;2025-12-18;8;946
25;2025-12-18;9;485
25;2025-12-18;10;421
25;2025-12-18;11;461
25;2025-12-18;12;436
25;2025-12-18;13;567
25;2025-12-18;14;535
25;2025-12-18;15;626
25;2025-12-18;16;698
25;2025-12-18;17;771
25;2025-12-18;18;796
25;2025-12-18;19;612
25;2025-12-18;20;335
25;2025-12-18;21;229
25;2025-12-18;22;100
25;2025-12-18;23;8
26;2025-12-18;0;37
26;2025-12-18;1;3
26;2025-12-18;2;0
26;2025-12-18;3;0
26;2025-12-18;4;3
26;2025-12-18;5;82
26;2025-12-18;6;472
26;2025-12-18;7;1130
26;2025-12-18;8;2209
26;2025-12-18;9;1461
26;2025-12-18;10;1221
26;2025-12-18;11;1123
26;2025-12-18;12;1133
26;2025-12-18;13;1145
26;2025-12-18;14;1293
26;2025-12-18;15;1298
26;2025-12-18;16;1452
26;2025-12-18;17;1689
26;2025-12-18;18;1854
26;2025-12-18;19;1185
26;2025-12-18;20;738
26;2025-12-18;21;495
26;2025-12-18;22;221
26;2025-12-18;23;129
28;2025-12-18;0;2
28;2025-12-18;1;0
28;2025-12-18;2;0
28;2025-12-18;3;0
28;2025-12-18;4;3
28;2025-12-18;5;81
28;2025-12-18;6;255
28;2025-12-18;7;721
28;2025-12-18;8;1220
28;2025-12-18;9;803
28;2025-12-18;10;581
28;2025-12-18;11;548
28;2025-12-18;12;670
28;2025-12-18;13;676
28;2025-12-18;14;639
28;2025-12-18;15;676
28;2025-12-18;16;818
28;2025-12-18;17;949
28;2025-12-18;18;909
28;2025-12-18;19;704
28;2025-12-18;20;489
28;2025-12-18;21;304
28;2025-12-18;22;125
28;2025-12-18;23;12
50;2025-12-18;0;38
50;2025-12-18;1;5
50;2025-12-18;2;0
50;2025-12-18;3;0
50;2025-12-18;4;6
50;2025-12-18;5;71
50;2025-12-18;6;497
50;2025-12-18;7;1674
50;2025-12-18;8;2786
50;2025-12-18;9;2164
50;2025-12-18;10;1706
50;2025-12-18;11;1490
50;2025-12-18;12;1430
50;2025-12-18;13;1491
50;2025-12-18;14;1414
50;2025-12-18;15;1563
50;2025-12-18;16;1680
50;2025-12-18;17;2282
50;2025-12-18;18;2444
50;2025-12-18;19;1460
50;2025-12-18;20;969
50;2025-12-18;21;670
50;2025-12-18;22;268
50;2025-12-18;23;160
1;2025-12-19;0;4
1;2025-12-19;1;0
1;2025-12-19;2;0
1;2025-12-19;3;0
1;2025-12-19;4;11
1;2025-12-19;5;133
1;2025-12-19;6;480
1;2025-12-19;7;1479
1;2025-12-19;8;1959
1;2025-12-19;9;1442
1;2025-12-19;10;1320
1;2025-12-19;11;1334
1;2025-12-19;12;1357
1;2025-12-19;13;1428
1;2025-12-19;14;1297
1;2025-12-19;15;1483
1;2025-12-19;16;1522
1;2025-12-19;17;1786
1;2025-12-19;18;1642
1;2025-12-19;19;1282
1;2025-12-19;20;853
1;2025-12-19;21;486
1;2025-12-19;22;210
1;2025-12-19;23;42
5;2025-12-19;0;0
5;2025-12-19;1;0
5;2025-12-19;2;0
5;2025-12-19;3;0
5;2025-12-19;4;0
5;2025-12-19;5;0
5;2025-12-19;6;0
5;2025-12-19;7;0
5;2025-12-19;8;0
5;2025-12-19;9;0
5;2025-12-19;10;0
5;2025-12-19;11;0
5;2025-12-19;12;0
5;2025-12-19;13;0
5;2025-12-19;14;0
5;2025-12-19;15;0
5;2025-12-19;16;0
5;2025-12-19;17;0
5;2025-12-19;18;0
5;2025-12-19;19;0
5;2025-12-19;20;0
5;2025-12-19;21;0
5;2025-12-19;22;0
5;2025-12-19;23;0
7;2025-12-19;0;76
7;2025-12-19;1;18
7;2025-12-19;2;0
7;2025-12-19;3;0
7;2025-12-19;4;4
7;2025-12-19;5;185
7;2025-12-19;6;612
7;2025-12-19;7;1700
7;2025-12-19;8;2561
7;2025-12-19;9;1811
7;2025-12-19;10;1730
7;2025-12-19;11;1613
7;2025-12-19;12;1761
7;2025-12-19;13;1755
7;2025-12-19;14;1798
7;2025-12-19;15;2010
7;2025-12-19;16;2100
7;2025-12-19;17;2399
7;2025-12-19;18;2271
7;2025-12-19;19;1561
7;2025-12-19;20;1075
7;2025-12-19;21;629
7;2025-12-19;22;366
7;2025-12-19;23;252
11;2025-12-19;0;69
11;2025-12-19;1;2
11;2025-12-19;2;0
11;2025-12-19;3;0
11;2025-12-19;4;0
11;2025-12-19;5;240
11;2025-12-19;6;1343
11;2025-12-19;7;2504
11;2025-12-19;8;3214
11;2025-12-19;9;2448
11;2025-12-19;10;1990
11;2025-12-19;11;1937
11;2025-12-19;12;1980
11;2025-12-19;13;1955
11;2025-12-19;14;2039
11;2025-12-19;15;2062
11;2025-12-19;16;2444
11;2025-12-19;17;3032
11;2025-12-19;18;2666
11;2025-12-19;19;2213
11;2025-12-19;20;1421
11;2025-12-19;21;865
11;2025-12-19;22;416
11;2025-12-19;23;288
12;2025-12-19;0;55
12;2025-12-19;1;3
12;2025-12-19;2;0
12;2025-12-19;3;0
12;2025-12-19;4;10
12;2025-12-19;5;343
12;2025-12-19;6;1479
12;2025-12-19;7;2761
12;2025-12-19;8;3650
12;2025-12-19;9;2545
12;2025-12-19;10;2015
12;2025-12-19;11;1923
12;2025-12-19;12;1946
12;2025-12-19;13;2049
12;2025-12-19;14;1961
12;2025-12-19;15;2297
12;2025-12-19;16;2884
12;2025-12-19;17;3083
12;2025-12-19;18;2678
12;2025-12-19;19;2239
12;2025-12-19;20;1514
12;2025-12-19;21;1048
12;2025-12-19;22;535
12;2025-12-19;23;294
17;2025-12-19;0;138
17;2025-12-19;1;17
17;2025-12-19;2;0
17;2025-12-19;3;0
17;2025-12-19;4;22
17;2025-12-19;5;312
17;2025-12-19;6;1552
17;2025-12-19;7;4163
17;2025-12-19;8;5343
17;2025-12-19;9;3932
17;2025-12-19;10;3081
17;2025-12-19;11;3119
17;2025-12-19;12;3071
17;2025-12-19;13;3184
17;2025-12-19;14;3296
17;2025-12-19;15;3348
17;2025-12-19;16;4125
17;2025-12-19;17;4697
17;2025-12-19;18;4429
17;2025-12-19;19;3278
17;2025-12-19;20;2352
17;2025-12-19;21;1521
17;2025-12-19;22;773
17;2025-12-19;23;439
25;2025-12-19;0;1
25;2025-12-19;1;0
25;2025-12-19;2;0
25;2025-12-19;3;0
25;2025-12-19;4;0
25;2025-12-19;5;12
25;2025-12-19;6;195
25;2025-12-19;7;569
25;2025-12-19;8;924
25;2025-12-19;9;486
25;2025-12-19;10;412
25;2025-12-19;11;473
25;2025-12-19;12;443
25;2025-12-19;13;606
25;2025-12-19;14;538
25;2025-12-19;15;674
25;2025-12-19;16;778
25;2025-12-19;17;796
25;2025-12-19;18;725
25;2025-12-19;19;600
25;2025-12-19;20;349
25;2025-12-19;21;230
25;2025-12-19;22;114
25;2025-12-19;23;14
26;2025-12-19;0;37
26;2025-12-19;1;3
26;2025-12-19;2;0
26;2025-12-19;3;0
26;2025-12-19;4;3
26;2025-12-19;5;76
26;2025-12-19;6;471
26;2025-12-19;7;1101
26;2025-12-19;8;2126
26;2025-12-19;9;1390
26;2025-12-19;10;1233
26;2025-12-19;11;1089
26;2025-12-19;12;1120
26;2025-12-19;13;1172
26;2025-12-19;14;1317
26;2025-12-19;15;1309
26;2025-12-19;16;1595
26;2025-12-19;17;1706
26;2025-12-19;18;1475
26;2025-12-19;19;1092
26;2025-12-19;20;691
26;2025-12-19;21;488
26;2025-12-19;22;219
26;2025-12-19;23;151
28;2025-12-19;0;1
28;2025-12-19;1;0
28;2025-12-19;2;0
28;2025-12-19;3;0
28;2025-12-19;4;4
28;2025-12-19;5;80
28;2025-12-19;6;252
28;2025-12-19;7;715
28;2025-12-19;8;1175
28;2025-12-19;9;781
28;2025-12-19;10;592
28;2025-12-19;11;571
28;2025-12-19;12;706
28;2025-12-19;13;701
28;2025-12-19;14;639
28;2025-12-19;15;688
28;2025-12-19;16;862
28;2025-12-19;17;926
28;2025-12-19;18;807
28;2025-12-19;19;641
28;2025-12-19;20;446
28;2025-12-19;21;304
28;2025-12-19;22;128
28;2025-12-19;23;15
50;2025-12-19;0;41
50;2025-12-19;1;4
50;2025-12-19;2;0
50;2025-12-19;3;0
50;2025-12-19;4;8
50;2025-12-19;5;72
50;2025-12-19;6;512
50;2025-12-19;7;1695
50;2025-12-19;8;2836
50;2025-12-19;9;2110
50;2025-12-19;10;1621
50;2025-12-19;11;1550
50;2025-12-19;12;1480
50;2025-12-19;13;1551
50;2025-12-19;14;1455
50;2025-12-19;15;1748
50;2025-12-19;16;2139
50;2025-12-19;17;2227
50;2025-12-19;18;1806
50;2025-12-19;19;1312
50;2025-12-19;20;911
50;2025-12-19;21;597
50;2025-12-19;22;279
50;2025-12-19;23;163
1;2025-12-20;0;3
1;2025-12-20;1;0
1;2025-12-20;2;0
1;2025-12-20;3;0
1;2025-12-20;4;0
1;2025-12-20;5;29
1;2025-12-20;6;153
1;2025-12-20;7;305
1;2025-12-20;8;409
1;2025-12-20;9;646
1;2025-12-20;10;746
1;2025-12-20;11;664
1;2025-12-20;12;791
1;2025-12-20;13;842
1;2025-12-20;14;702
1;2025-12-20;15;621
1;2025-12-20;16;613
1;2025-12-20;17;590
1;2025-12-20;18;544
1;2025-12-20;19;514
1;2025-12-20;20;393
1;2025-12-20;21;277
1;2025-12-20;22;115
1;2025-12-20;23;24
5;2025-12-20;0;0
5;2025-12-20;1;0
5;2025-12-20;2;0
5;2025-12-20;3;0
5;2025-12-20;4;0
5;2025-12-20;5;0
5;2025-12-20;6;0
5;2025-12-20;7;0
5;2025-12-20;8;0
5;2025-12-20;9;0
5;2025-12-20;10;0
5;2025-12-20;11;0
5;2025-12-20;12;0
5;2025-12-20;13;0
5;2025-12-20;14;0
5;2025-12-20;15;0
5;2025-12-20;16;0
5;2025-12-20;17;0
5;2025-12-20;18;0
5;2025-12-20;19;0
5;2025-12-20;20;0
5;2025-12-20;21;0
5;2025-12-20;22;0
5;2025-12-20;23;0
7;2025-12-20;0;114
7;2025-12-20;1;21
7;2025-12-20;2;0
7;2025-12-20;3;0
7;2025-12-20;4;3
7;2025-12-20;5;50
7;2025-12-20;6;215
7;2025-12-20;7;378
7;2025-12-20;8;652
7;2025-12-20;9;607
7;2025-12-20;10;645
7;2025-12-20;11;711
7;2025-12-20;12;813
7;2025-12-20;13;775
7;2025-12-20;14;824
7;2025-12-20;15;730
7;2025-12-20;16;688
7;2025-12-20;17;741
7;2025-12-20;18;844
7;2025-12-20;19;792
7;2025-12-20;20;625
7;2025-12-20;21;481
7;2025-12-20;22;230
7;2025-12-20;23;134
11;2025-12-20;0;104
11;2025-12-20;1;2
11;2025-12-20;2;0
11;2025-12-20;3;0
11;2025-12-20;4;0
11;2025-12-20;5;163
11;2025-12-20;6;875
11;2025-12-20;7;715
11;2025-12-20;8;940
11;2025-12-20;9;1101
11;2025-12-20;10;1249
11;2025-12-20;11;1491
11;2025-12-20;12;1631
11;2025-12-20;13;1580
11;2025-12-20;14;1601
11;2025-12-20;15;1472
11;2025-12-20;16;1541
11;2025-12-20;17;1708
11;2025-12-20;18;1529
11;2025-12-20;19;1592
11;2025-12-20;20;1199
11;2025-12-20;21;840
11;2025-12-20;22;485
11;2025-12-20;23;323
12;2025-12-20;0;78
12;2025-12-20;1;3
12;2025-12-20;2;0
12;2025-12-20;3;0
12;2025-12-20;4;6
12;2025-12-20;5;294
12;2025-12-20;6;913
12;2025-12-20;7;912
12;2025-12-20;8;928
12;2025-12-20;9;1145
12;2025-12-20;10;1355
12;2025-12-20;11;1299
12;2025-12-20;12;1312
12;2025-12-20;13;1400
12;2025-12-20;14;1258
12;2025-12-20;15;1207
12;2025-12-20;16;1334
12;2025-12-20;17;1401
12;2025-12-20;18;1384
12;2025-12-20;19;1408
12;2025-12-20;20;1060
12;2025-12-20;21;774
12;2025-12-20;22;457
12;2025-12-20;23;284
17;2025-12-20;0;196
17;2025-12-20;1;21
17;2025-12-20;2;0
17;2025-12-20;3;0
17;2025-12-20;4;8
17;2025-12-20;5;123
17;2025-12-20;6;549
17;2025-12-20;7;1130
17;2025-12-20;8;1605
17;2025-12-20;9;1957
17;2025-12-20;10;2280
17;2025-12-20;11;2680
17;2025-12-20;12;2854
17;2025-12-20;13;3052
17;2025-12-20;14;3016
17;2025-12-20;15;2605
17;2025-12-20;16;2791
17;2025-12-20;17;2931
17;2025-12-20;18;2782
17;2025-12-20;19;2397
17;2025-12-20;20;1915
17;2025-12-20;21;1440
17;2025-12-20;22;905
17;2025-12-20;23;479
25;2025-12-20;0;2
25;2025-12-20;1;0
25;2025-12-20;2;0
25;2025-12-20;3;0
25;2025-12-20;4;0
25;2025-12-20;5;7
25;2025-12-20;6;55
25;2025-12-20;7;117
25;2025-12-20;8;252
25;2025-12-20;9;242
25;2025-12-20;10;252
25;2025-12-20;11;312
25;2025-12-20;12;323
25;2025-12-20;13;434
25;2025-12-20;14;452
25;2025-12-20;15;548
25;2025-12-20;16;483
25;2025-12-20;17;424
25;2025-12-20;18;468
25;2025-12-20;19;423
25;2025-12-20;20;274
25;2025-12-20;21;220
25;2025-12-20;22;113
25;2025-12-20;23;41
26;2025-12-20;0;43
26;2025-12-20;1;3
26;2025-12-20;2;0
26;2025-12-20;3;0
26;2025-12-20;4;4
26;2025-12-20;5;43
26;2025-12-20;6;243
26;2025-12-20;7;327
26;2025-12-20;8;483
26;2025-12-20;9;553
26;2025-12-20;10;673
26;2025-12-20;11;800
26;2025-12-20;12;767
26;2025-12-20;13;777
26;2025-12-20;14;787
26;2025-12-20;15;745
26;2025-12-20;16;766
26;2025-12-20;17;712
26;2025-12-20;18;718
26;2025-12-20;19;684
26;2025-12-20;20;489
26;2025-12-20;21;345
26;2025-12-20;22;210
26;2025-12-20;23;150
28;2025-12-20;0;1
28;2025-12-20;1;0
28;2025-12-20;2;0
28;2025-12-20;3;0
28;2025-12-20;4;2
28;2025-12-20;5;40
28;2025-12-20;6;96
28;2025-12-20;7;204
28;2025-12-20;8;328
28;2025-12-20;9;383
28;2025-12-20;10;389
28;2025-12-20;11;408
28;2025-12-20;12;455
28;2025-12-20;13;462
28;2025-12-20;14;442
28;2025-12-20;15;486
28;2025-12-20;16;452
28;2025-12-20;17;446
28;2025-12-20;18;413
28;2025-12-20;19;369
28;2025-12-20;20;291
28;2025-12-20;21;256
28;2025-12-20;22;129
28;2025-12-20;23;17
50;2025-12-20;0;59
50;2025-12-20;1;5
50;2025-12-20;2;0
50;2025-12-20;3;0
50;2025-12-20;4;2
50;2025-12-20;5;62
50;2025-12-20;6;224
50;2025-12-20;7;444
50;2025-12-20;8;626
50;2025-12-20;9;642
50;2025-12-20;10;689
50;2025-12-20;11;742
50;2025-12-20;12;760
50;2025-12-20;13;796
50;2025-12-20;14;796
50;2025-12-20;15;740
50;2025-12-20;16;744
50;2025-12-20;17;768
50;2025-12-20;18;767
50;2025-12-20;19;692
50;2025-12-20;20;627
50;2025-12-20;21;487
50;2025-12-20;22;248
50;2025-12-20;23;202
1;2025-12-21;0;0
1;2025-12-21;1;0
1;2025-12-21;2;0
1;2025-12-21;3;0
1;2025-12-21;4;0
1;2025-12-21;5;22
1;2025-12-21;6;116
1;2025-12-21;7;242
1;2025-12-21;8;331
1;2025-12-21;9;555
1;2025-12-21;10;647
1;2025-12-21;11;633
1;2025-12-21;12;711
1;2025-12-21;13;741
1;2025-12-21;14;653
1;2025-12-21;15;584
1;2025-12-21;16;546
1;2025-12-21;17;523
1;2025-12-21;18;513
1;2025-12-21;19;454
1;2025-12-21;20;360
1;2025-12-21;21;254
1;2025-12-21;22;102
1;2025-12-21;23;25
5;2025-12-21;0;0
5;2025-12-21;1;0
5;2025-12-21;2;0
5;2025-12-21;3;0
5;2025-12-21;4;0
5;2025-12-21;5;0
5;2025-12-21;6;0
5;2025-12-21;7;0
5;2025-12-21;8;0
5;2025-12-21;9;0
5;2025-12-21;10;0
5;2025-12-21;11;0
5;2025-12-21;12;0
5;2025-12-21;13;0
5;2025-12-21;14;0
5;2025-12-21;15;0
5;2025-12-21;16;0
5;2025-12-21;17;0
5;2025-12-21;18;0
5;2025-12-21;19;0
5;2025-12-21;20;0
5;2025-12-21;21;0
5;2025-12-21;22;0
5;2025-12-21;23;0
7;2025-12-21;0;76
7;2025-12-21;1;8
7;2025-12-21;2;0
7;2025-12-21;3;0
7;2025-12-21;4;3
7;2025-12-21;5;35
7;2025-12-21;6;139
7;2025-12-21;7;269
7;2025-12-21;8;469
7;2025-12-21;9;515
7;2025-12-21;10;516
7;2025-12-21;11;627
7;2025-12-21;12;666
7;2025-12-21;13;659
7;2025-12-21;14;713
7;2025-12-21;15;635
7;2025-12-21;16;586
7;2025-12-21;17;683
7;2025-12-21;18;779
7;2025-12-21;19;676
7;2025-12-21;20;560
7;2025-12-21;21;421
7;2025-12-21;22;206
7;2025-12-21;23;108
11;2025-12-21;0;107
11;2025-12-21;1;15
11;2025-12-21;2;0
11;2025-12-21;3;0
11;2025-12-21;4;0
11;2025-12-21;5;112
11;2025-12-21;6;590
11;2025-12-21;7;553
11;2025-12-21;8;703
11;2025-12-21;9;942
11;2025-12-21;10;1045
11;2025-12-21;11;1349
11;2025-12-21;12;1460
11;2025-12-21;13;1421
11;2025-12-21;14;1400
11;2025-12-21;15;1442
11;2025-12-21;16;1471
11;2025-12-21;17;1662
11;2025-12-21;18;1424
11;2025-12-21;19;1284
11;2025-12-21;20;1008
11;2025-12-21;21;720
11;2025-12-21;22;418
11;2025-12-21;23;269
12;2025-12-21;0;85
12;2025-12-21;1;7
12;2025-12-21;2;0
12;2025-12-21;3;0
12;2025-12-21;4;6
12;2025-12-21;5;186
12;2025-12-21;6;589
12;2025-12-21;7;703
12;2025-12-21;8;724
12;2025-12-21;9;874
12;2025-12-21;10;1051
12;2025-12-21;11;1107
12;2025-12-21;12;1182
12;2025-12-21;13;1278
12;2025-12-21;14;1225
12;2025-12-21;15;1220
12;2025-12-21;16;1353
12;2025-12-21;17;1497
12;2025-12-21;18;1263
12;2025-12-21;19;1016
12;2025-12-21;20;827
12;2025-12-21;21;642
12;2025-12-21;22;425
12;2025-12-21;23;230
17;2025-12-21;0;197
17;2025-12-21;1;25
17;2025-12-21;2;0
17;2025-12-21;3;0
17;2025-12-21;4;8
17;2025-12-21;5;100
17;2025-12-21;6;437
17;2025-12-21;7;820
17;2025-12-21;8;1235
17;2025-12-21;9;1572
17;2025-12-21;10;1840
17;2025-12-21;11;2254
17;2025-12-21;12;2505
17;2025-12-21;13;2727
17;2025-12-21;14;2794
17;2025-12-21;15;2476
17;2025-12-21;16;2639
17;2025-12-21;17;2688
17;2025-12-21;18;2548
17;2025-12-21;19;2125
17;2025-12-21;20;1710
17;2025-12-21;21;1313
17;2025-12-21;22;797
17;2025-12-21;23;372
25;2025-12-21;0;14
25;2025-12-21;1;1
25;2025-12-21;2;0
25;2025-12-21;3;0
25;2025-12-21;4;0
25;2025-12-21;5;8
25;2025-12-21;6;45
25;2025-12-21;7;93
25;2025-12-21;8;166
25;2025-12-21;9;180
25;2025-12-21;10;202
25;2025-12-21;11;254
25;2025-12-21;12;302
25;2025-12-21;13;370
25;2025-12-21;14;413
25;2025-12-21;15;511
25;2025-12-21;16;429
25;2025-12-21;17;405
25;2025-12-21;18;414
25;2025-12-21;19;331
25;2025-12-21;20;239
25;2025-12-21;21;186
25;2025-12-21;22;105
25;2025-12-21;23;32
26;2025-12-21;0;50
26;2025-12-21;1;7
26;2025-12-21;2;0
26;2025-12-21;3;0
26;2025-12-21;4;3
26;2025-12-21;5;26
26;2025-12-21;6;156
26;2025-12-21;7;250
26;2025-12-21;8;341
26;2025-12-21;9;446
26;2025-12-21;10;506
26;2025-12-21;11;663
26;2025-12-21;12;670
26;2025-12-21;13;666
26;2025-12-21;14;665
26;2025-12-21;15;650
26;2025-12-21;16;650
26;2025-12-21;17;636
26;2025-12-21;18;647
26;2025-12-21;19;526
26;2025-12-21;20;434
26;2025-12-21;21;296
26;2025-12-21;22;190
26;2025-12-21;23;117
28;2025-12-21;0;2
28;2025-12-21;1;1
28;2025-12-21;2;0
28;2025-12-21;3;0
28;2025-12-21;4;1
28;2025-12-21;5;32
28;2025-12-21;6;76
28;2025-12-21;7;139
28;2025-12-21;8;224
28;2025-12-21;9;276
28;2025-12-21;10;307
28;2025-12-21;11;341
28;2025-12-21;12;372
28;2025-12-21;13;420
28;2025-12-21;14;406
28;2025-12-21;15;422
28;2025-12-21;16;390
28;2025-12-21;17;403
28;2025-12-21;18;396
28;2025-12-21;19;347
28;2025-12-21;20;277
28;2025-12-21;21;223
28;2025-12-21;22;104
28;2025-12-21;23;10
50;2025-12-21;0;28
50;2025-12-21;1;2
50;2025-12-21;2;0
50;2025-12-21;3;0
50;2025-12-21;4;3
50;2025-12-21;5;40
50;2025-12-21;6;162
50;2025-12-21;7;298
50;2025-12-21;8;456
50;2025-12-21;9;497
50;2025-12-21;10;546
50;2025-12-21;11;640
50;2025-12-21;12;669
50;2025-12-21;13;751
50;2025-12-21;14;750
50;2025-12-21;15;729
50;2025-12-21;16;706
50;2025-12-21;17;716
50;2025-12-21;18;716
50;2025-12-21;19;630
50;2025-12-21;20;558
50;2025-12-21;21;438
50;2025-12-21;22;234
50;2025-12-21;23;146
1;2025-12-22;0;0
1;2025-12-22;1;0
1;2025-12-22;2;0
1;2025-12-22;3;0
1;2025-12-22;4;8
1;2025-12-22;5;111
1;2025-12-22;6;433
1;2025-12-22;7;1086
1;2025-12-22;8;1529
1;2025-12-22;9;1183
1;2025-12-22;10;1097
1;2025-12-22;11;1075
1;2025-12-22;12;1069
1;2025-12-22;13;1116
1;2025-12-22;14;1012
1;2025-12-22;15;1064
1;2025-12-22;16;1084
1;2025-12-22;17;1388
1;2025-12-22;18;1563
1;2025-12-22;19;1254
1;2025-12-22;20;842
1;2025-12-22;21;421
1;2025-12-22;22;187
1;2025-12-22;23;31
5;2025-12-22;0;0
5;2025-12-22;1;0
5;2025-12-22;2;0
5;2025-12-22;3;0
5;2025-12-22;4;0
5;2025-12-22;5;0
5;2025-12-22;6;0
5;2025-12-22;7;0
5;2025-12-22;8;0
5;2025-12-22;9;0
5;2025-12-22;10;0
5;2025-12-22;11;0
5;2025-12-22;12;0
5;2025-12-22;13;0
5;2025-12-22;14;0
5;2025-12-22;15;0
5;2025-12-22;16;0
5;2025-12-22;17;0
5;2025-12-22;18;0
5;2025-12-22;19;0
5;2025-12-22;20;0
5;2025-12-22;21;0
5;2025-12-22;22;0
5;2025-12-22;23;0
7;2025-12-22;0;59
7;2025-12-22;1;6
7;2025-12-22;2;0
7;2025-12-22;3;0
7;2025-12-22;4;3
7;2025-12-22;5;187
7;2025-12-22;6;582
7;2025-12-22;7;1427
7;2025-12-22;8;2167
7;2025-12-22;9;1550
7;2025-12-22;10;1344
7;2025-12-22;11;1210
7;2025-12-22;12;1322
7;2025-12-22;13;1256
7;2025-12-22;14;1265
7;2025-12-22;15;1321
7;2025-12-22;16;1386
7;2025-12-22;17;1855
7;2025-12-22;18;2287
7;2025-12-22;19;1551
7;2025-12-22;20;1042
7;2025-12-22;21;584
7;2025-12-22;22;306
7;2025-12-22;23;205
11;2025-12-22;0;76
11;2025-12-22;1;7
11;2025-12-22;2;0
11;2025-12-22;3;0
11;2025-12-22;4;0
11;2025-12-22;5;248
11;2025-12-22;6;1339
11;2025-12-22;7;1986
11;2025-12-22;8;2520
11;2025-12-22;9;1954
11;2025-12-22;10;1600
11;2025-12-22;11;1549
11;2025-12-22;12;1469
11;2025-12-22;13;1565
11;2025-12-22;14;1545
11;2025-12-22;15;1502
11;2025-12-22;16;1749
11;2025-12-22;17;2376
11;2025-12-22;18;2817
11;2025-12-22;19;2272
11;2025-12-22;20;1469
11;2025-12-22;21;849
11;2025-12-22;22;402
11;2025-12-22;23;233
12;2025-12-22;0;63
12;2025-12-22;1;4
12;2025-12-22;2;0
12;2025-12-22;3;0
12;2025-12-22;4;9
12;2025-12-22;5;347
12;2025-12-22;6;1409
12;2025-12-22;7;2262
12;2025-12-22;8;2878
12;2025-12-22;9;2235
12;2025-12-22;10;1840
12;2025-12-22;11;1648
12;2025-12-22;12;1752
12;2025-12-22;13;1627
12;2025-12-22;14;1448
12;2025-12-22;15;1707
12;2025-12-22;16;2102
12;2025-12-22;17;2460
12;2025-12-22;18;2899
12;2025-12-22;19;2330
12;2025-12-22;20;1592
12;2025-12-22;21;1004
12;2025-12-22;22;516
12;2025-12-22;23;243
17;2025-12-22;0;125
17;2025-12-22;1;13
17;2025-12-22;2;0
17;2025-12-22;3;0
17;2025-12-22;4;18
17;2025-12-22;5;274
17;2025-12-22;6;1335
17;2025-12-22;7;3494
17;2025-12-22;8;4323
17;2025-12-22;9;3365
17;2025-12-22;10;2604
17;2025-12-22;11;2543
17;2025-12-22;12;2543
17;2025-12-22;13;2535
17;2025-12-22;14;2591
17;2025-12-22;15;2642
17;2025-12-22;16;2925
17;2025-12-22;17;3766
17;2025-12-22;18;4481
17;2025-12-22;19;3129
17;2025-12-22;20;2325
17;2025-12-22;21;1434
17;2025-12-22;22;773
17;2025-12-22;23;356
25;2025-12-22;0;8
25;2025-12-22;1;1
25;2025-12-22;2;0
25;2025-12-22;3;0
25;2025-12-22;4;0
25;2025-12-22;5;8
25;2025-12-22;6;140
25;2025-12-22;7;419
25;2025-12-22;8;649
25;2025-12-22;9;379
25;2025-12-22;10;290
25;2025-12-22;11;298
25;2025-12-22;12;303
25;2025-12-22;13;394
25;2025-12-22;14;326
25;2025-12-22;15;380
25;2025-12-22;16;474
25;2025-12-22;17;536
25;2025-12-22;18;615
25;2025-12-22;19;461
25;2025-12-22;20;296
25;2025-12-22;21;194
25;2025-12-22;22;88
25;2025-12-22;23;10
26;2025-12-22;0;29
26;2025-12-22;1;4
26;2025-12-22;2;0
26;2025-12-22;3;0
26;2025-12-22;4;3
26;2025-12-22;5;63
26;2025-12-22;6;455
26;2025-12-22;7;830
26;2025-12-22;8;1545
26;2025-12-22;9;1091
26;2025-12-22;10;924
26;2025-12-22;11;805
26;2025-12-22;12;800
26;2025-12-22;13;791
26;2025-12-22;14;795
26;2025-12-22;15;846
26;2025-12-22;16;997
26;2025-12-22;17;1206
26;2025-12-22;18;1463
26;2025-12-22;19;992
26;2025-12-22;20;649
26;2025-12-22;21;396
26;2025-12-22;22;196
26;2025-12-22;23;111
28;2025-12-22;0;1
28;2025-12-22;1;0
28;2025-12-22;2;0
28;2025-12-22;3;0
28;2025-12-22;4;4
28;2025-12-22;5;74
28;2025-12-22;6;210
28;2025-12-22;7;502
28;2025-12-22;8;830
28;2025-12-22;9;625
28;2025-12-22;10;450
28;2025-12-22;11;437
28;2025-12-22;12;498
28;2025-12-22;13;505
28;2025-12-22;14;435
28;2025-12-22;15;461
28;2025-12-22;16;594
28;2025-12-22;17;700
28;2025-12-22;18;770
28;2025-12-22;19;614
28;2025-12-22;20;411
28;2025-12-22;21;259
28;2025-12-22;22;108
28;2025-12-22;23;8
50;2025-12-22;0;9
50;2025-12-22;1;1
50;2025-12-22;2;0
50;2025-12-22;3;0
50;2025-12-22;4;6
50;2025-12-22;5;72
50;2025-12-22;6;491
50;2025-12-22;7;1552
50;2025-12-22;8;2407
50;2025-12-22;9;1863
50;2025-12-22;10;1471
50;2025-12-22;11;1270
50;2025-12-22;12;1148
50;2025-12-22;13;1184
50;2025-12-22;14;1149
50;2025-12-22;15;1223
50;2025-12-22;16;1428
50;2025-12-22;17;1939
50;2025-12-22;18;2180
50;2025-12-22;19;1291
50;2025-12-22;20;933
50;2025-12-22;21;599
50;2025-12-22;22;260
50;2025-12-22;23;137
1;2025-12-23;0;4
1;2025-12-23;1;0
1;2025-12-23;2;0
1;2025-12-23;3;0
1;2025-12-23;4;9
1;2025-12-23;5;117
1;2025-12-23;6;458
1;2025-12-23;7;1169
1;2025-12-23;8;1623
1;2025-12-23;9;1319
1;2025-12-23;10;1200
1;2025-12-23;11;1150
1;2025-12-23;12;1180
1;2025-12-23;13;1190
1;2025-12-23;14;1041
1;2025-12-23;15;1062
1;2025-12-23;16;1097
1;2025-12-23;17;1447
1;2025-12-23;18;1600
1;2025-12-23;19;1296
1;2025-12-23;20;872
1;2025-12-23;21;461
1;2025-12-23;22;203
1;2025-12-23;23;35
5;2025-12-23;0;0
5;2025-12-23;1;0
5;2025-12-23;2;0
5;2025-12-23;3;0
5;2025-12-23;4;0
5;2025-12-23;5;0
5;2025-12-23;6;0
5;2025-12-23;7;0
5;2025-12-23;8;0
5;2025-12-23;9;0
5;2025-12-23;10;0
5;2025-12-23;11;0
5;2025-12-23;12;0
5;2025-12-23;13;0
5;2025-12-23;14;0
5;2025-12-23;15;0
5;2025-12-23;16;0
5;2025-12-23;17;0
5;2025-12-23;18;0
5;2025-12-23;19;0
5;2025-12-23;20;0
5;2025-12-23;21;0
5;2025-12-23;22;0
5;2025-12-23;23;0
7;2025-12-23;0;73
7;2025-12-23;1;13
7;2025-12-23;2;0
7;2025-12-23;3;0
7;2025-12-23;4;4
7;2025-12-23;5;200
7;2025-12-23;6;601
7;2025-12-23;7;1520
7;2025-12-23;8;2225
7;2025-12-23;9;1611
7;2025-12-23;10;1463
7;2025-12-23;11;1326
7;2025-12-23;12;1434
7;2025-12-23;13;1361
7;2025-12-23;14;1354
7;2025-12-23;15;1364
7;2025-12-23;16;1381
7;2025-12-23;17;1915
7;2025-12-23;18;2482
7;2025-12-23;19;1732
7;2025-12-23;20;1130
7;2025-12-23;21;664
7;2025-12-23;22;367
7;2025-12-23;23;254
11;2025-12-23;0;65
11;2025-12-23;1;1
11;2025-12-23;2;0
11;2025-12-23;3;0
11;2025-12-23;4;0
11;2025-12-23;5;246
11;2025-12-23;6;1409
11;2025-12-23;7;2142
11;2025-12-23;8;2720
11;2025-12-23;9;2088
11;2025-12-23;10;1761
11;2025-12-23;11;1684
11;2025-12-23;12;1608
11;2025-12-23;13;1670
11;2025-12-23;14;1730
11;2025-12-23;15;1592
11;2025-12-23;16;1911
11;2025-12-23;17;2537
11;2025-12-23;18;3028
11;2025-12-23;19;2441
11;2025-12-23;20;1641
11;2025-12-23;21;930
11;2025-12-23;22;447
11;2025-12-23;23;251
12;2025-12-23;0;46
12;2025-12-23;1;2
12;2025-12-23;2;0
12;2025-12-23;3;0
12;2025-12-23;4;10
12;2025-12-23;5;378
12;2025-12-23;6;1529
12;2025-12-23;7;2403
12;2025-12-23;8;3126
12;2025-12-23;9;2329
12;2025-12-23;10;1953
12;2025-12-23;11;1683
12;2025-12-23;12;1755
12;2025-12-23;13;1744
12;2025-12-23;14;1561
12;2025-12-23;15;1739
12;2025-12-23;16;2191
12;2025-12-23;17;2648
12;2025-12-23;18;3008
12;2025-12-23;19;2477
12;2025-12-23;20;1630
12;2025-12-23;21;1052
12;2025-12-23;22;561
12;2025-12-23;23;265
17;2025-12-23;0;118
17;2025-12-23;1;13
17;2025-12-23;2;0
17;2025-12-23;3;0
17;2025-12-23;4;19
17;2025-12-23;5;290
17;2025-12-23;6;1433
17;2025-12-23;7;3728
17;2025-12-23;8;4555
17;2025-12-23;9;3462
17;2025-12-23;10;2780
17;2025-12-23;11;2664
17;2025-12-23;12;2603
17;2025-12-23;13;2684
17;2025-12-23;14;2713
17;2025-12-23;15;2715
17;2025-12-23;16;3057
17;2025-12-23;17;4010
17;2025-12-23;18;4838
17;2025-12-23;19;3441
17;2025-12-23;20;2469
17;2025-12-23;21;1547
17;2025-12-23;22;868
17;2025-12-23;23;392
25;2025-12-23;0;3
25;2025-12-23;1;0
25;2025-12-23;2;0
25;2025-12-23;3;0
25;2025-12-23;4;0
25;2025-12-23;5;9
25;2025-12-23;6;150
25;2025-12-23;7;432
25;2025-12-23;8;656
25;2025-12-23;9;382
25;2025-12-23;10;310
25;2025-12-23;11;316
25;2025-12-23;12;319
25;2025-12-23;13;371
25;2025-12-23;14;351
25;2025-12-23;15;418
25;2025-12-23;16;484
25;2025-12-23;17;528
25;2025-12-23;18;654
25;2025-12-23;19;492
25;2025-12-23;20;320
25;2025-12-23;21;206
25;2025-12-23;22;93
25;2025-12-23;23;8
26;2025-12-23;0;31
26;2025-12-23;1;3
26;2025-12-23;2;0
26;2025-12-23;3;1
26;2025-12-23;4;3
26;2025-12-23;5;67
26;2025-12-23;6;486
26;2025-12-23;7;879
26;2025-12-23;8;1612
26;2025-12-23;9;1157
26;2025-12-23;10;984
26;2025-12-23;11;868
26;2025-12-23;12;860
26;2025-12-23;13;815
26;2025-12-23;14;865
26;2025-12-23;15;874
26;2025-12-23;16;1033
26;2025-12-23;17;1264
26;2025-12-23;18;1558
26;2025-12-23;19;1071
26;2025-12-23;20;695
26;2025-12-23;21;438
26;2025-12-23;22;221
26;2025-12-23;23;124
28;2025-12-23;0;1
28;2025-12-23;1;0
28;2025-12-23;2;0
28;2025-12-23;3;0
28;2025-12-23;4;3
28;2025-12-23;5;59
28;2025-12-23;6;169
28;2025-12-23;7;413
28;2025-12-23;8;652
28;2025-12-23;9;484
28;2025-12-23;10;366
28;2025-12-23;11;387
28;2025-12-23;12;388
28;2025-12-23;13;403
28;2025-12-23;14;347
28;2025-12-23;15;365
28;2025-12-23;16;451
28;2025-12-23;17;540
28;2025-12-23;18;592
28;2025-12-23;19;459
28;2025-12-23;20;335
28;2025-12-23;21;215
28;2025-12-23;22;98
28;2025-12-23;23;8
50;2025-12-23;0;26
50;2025-12-23;1;4
50;2025-12-23;2;0
50;2025-12-23;3;0
50;2025-12-23;4;5
50;2025-12-23;5;75
50;2025-12-23;6;546
50;2025-12-23;7;1642
50;2025-12-23;8;2528
50;2025-12-23;9;1937
50;2025-12-23;10;1548
50;2025-12-23;11;1327
50;2025-12-23;12;1248
50;2025-12-23;13;1152
50;2025-12-23;14;1097
50;2025-12-23;15;1252
50;2025-12-23;16;1471
50;2025-12-23;17;2151
50;2025-12-23;18;2307
50;2025-12-23;19;1402
50;2025-12-23;20;1001
50;2025-12-23;21;663
50;2025-12-23;22;281
50;2025-12-23;23;153
1;2025-12-24;0;4
1;2025-12-24;1;0
1;2025-12-24;2;0
1;2025-12-24;3;0
1;2025-12-24;4;8
1;2025-12-24;5;118
1;2025-12-24;6;472
1;2025-12-24;7;1097
1;2025-12-24;8;1654
1;2025-12-24;9;1275
1;2025-12-24;10;1207
1;2025-12-24;11;1161
1;2025-12-24;12;1168
1;2025-12-24;13;1164
1;2025-12-24;14;1042
1;2025-12-24;15;1069
1;2025-12-24;16;1086
1;2025-12-24;17;1430
1;2025-12-24;18;1586
1;2025-12-24;19;1297
1;2025-12-24;20;862
1;2025-12-24;21;442
1;2025-12-24;22;216
1;2025-12-24;23;33
5;2025-12-24;0;0
5;2025-12-24;1;0
5;2025-12-24;2;0
5;2025-12-24;3;0
5;2025-12-24;4;0
5;2025-12-24;5;0
5;2025-12-24;6;0
5;2025-12-24;7;0
5;2025-12-24;8;0
5;2025-12-24;9;0
5;2025-12-24;10;0
5;2025-12-24;11;0
5;2025-12-24;12;0
5;2025-12-24;13;0
5;2025-12-24;14;0
5;2025-12-24;15;0
5;2025-12-24;16;0
5;2025-12-24;17;0
5;2025-12-24;18;0
5;2025-12-24;19;0
5;2025-12-24;20;0
5;2025-12-24;21;0
5;2025-12-24;22;0
5;2025-12-24;23;0
7;2025-12-24;0;71
7;2025-12-24;1;14
7;2025-12-24;2;0
7;2025-12-24;3;0
7;2025-12-24;4;5
7;2025-12-24;5;210
7;2025-12-24;6;640
7;2025-12-24;7;1450
7;2025-12-24;8;2176
7;2025-12-24;9;1605
7;2025-12-24;10;1460
7;2025-12-24;11;1312
7;2025-12-24;12;1387
7;2025-12-24;13;1288
7;2025-12-24;14;1330
7;2025-12-24;15;1414
7;2025-12-24;16;1443
7;2025-12-24;17;1928
7;2025-12-24;18;2396
7;2025-12-24;19;1596
7;2025-12-24;20;1079
7;2025-12-24;21;652
7;2025-12-24;22;368
7;2025-12-24;23;246
11;2025-12-24;0;71
11;2025-12-24;1;1
11;2025-12-24;2;0
11;2025-12-24;3;0
11;2025-12-24;4;0
11;2025-12-24;5;260
11;2025-12-24;6;1382
11;2025-12-24;7;2156
11;2025-12-24;8;2781
11;2025-12-24;9;2134
11;2025-12-24;10;1882
11;2025-12-24;11;1813
11;2025-12-24;12;1726
11;2025-12-24;13;1832
11;2025-12-24;14;1832
11;2025-12-24;15;1661
11;2025-12-24;16;1903
11;2025-12-24;17;2630
11;2025-12-24;18;3120
11;2025-12-24;19;2507
11;2025-12-24;20;1657
11;2025-12-24;21;970
11;2025-12-24;22;463
11;2025-12-24;23;278
12;2025-12-24;0;65
12;2025-12-24;1;2
12;2025-12-24;2;0
12;2025-12-24;3;0
12;2025-12-24;4;9
12;2025-12-24;5;393
12;2025-12-24;6;1592
12;2025-12-24;7;2519
12;2025-12-24;8;3114
12;2025-12-24;9;2489
12;2025-12-24;10;2058
12;2025-12-24;11;1779
12;2025-12-24;12;1900
12;2025-12-24;13;1759
12;2025-12-24;14;1600
12;2025-12-24;15;1876
12;2025-12-24;16;2351
12;2025-12-24;17;2770
12;2025-12-24;18;3162
12;2025-12-24;19;2610
12;2025-12-24;20;1707
12;2025-12-24;21;1141
12;2025-12-24;22;602
12;2025-12-24;23;295
17;2025-12-24;0;130
17;2025-12-24;1;13
17;2025-12-24;2;0
17;2025-12-24;3;0
17;2025-12-24;4;20
17;2025-12-24;5;288
17;2025-12-24;6;1427
17;2025-12-24;7;3541
17;2025-12-24;8;4479
17;2025-12-24;9;3406
17;2025-12-24;10;2816
17;2025-12-24;11;2665
17;2025-12-24;12;2656
17;2025-12-24;13;2719
17;2025-12-24;14;2734
17;2025-12-24;15;2732
17;2025-12-24;16;3025
17;2025-12-24;17;3932
17;2025-12-24;18;4681
17;2025-12-24;19;3358
17;2025-12-24;20;2401
17;2025-12-24;21;1596
17;2025-12-24;22;885
17;2025-12-24;23;429
25;2025-12-24;0;1
25;2025-12-24;1;0
25;2025-12-24;2;0
25;2025-12-24;3;0
25;2025-12-24;4;0
25;2025-12-24;5;9
25;2025-12-24;6;156
25;2025-12-24;7;452
25;2025-12-24;8;695
25;2025-12-24;9;398
25;2025-12-24;10;340
25;2025-12-24;11;353
25;2025-12-24;12;363
25;2025-12-24;13;442
25;2025-12-24;14;365
25;2025-12-24;15;478
25;2025-12-24;16;535
25;2025-12-24;17;604
25;2025-12-24;18;726
25;2025-12-24;19;561
25;2025-12-24;20;351
25;2025-12-24;21;249
25;2025-12-24;22;112
25;2025-12-24;23;8
26;2025-12-24;0;32
26;2025-12-24;1;4
26;2025-12-24;2;0
26;2025-12-24;3;0
26;2025-12-24;4;4
26;2025-12-24;5;70
26;2025-12-24;6;463
26;2025-12-24;7;852
26;2025-12-24;8;1559
26;2025-12-24;9;1147
26;2025-12-24;10;940
26;2025-12-24;11;858
26;2025-12-24;12;852
26;2025-12-24;13;823
26;2025-12-24;14;872
26;2025-12-24;15;899
26;2025-12-24;16;1000
26;2025-12-24;17;1198
26;2025-12-24;18;1497
26;2025-12-24;19;1018
26;2025-12-24;20;685
26;2025-12-24;21;463
26;2025-12-24;22;229
26;2025-12-24;23;137
28;2025-12-24;0;1
28;2025-12-24;1;0
28;2025-12-24;2;0
28;2025-12-24;3;0
28;2025-12-24;4;3
28;2025-12-24;5;83
28;2025-12-24;6;229
28;2025-12-24;7;535
28;2025-12-24;8;852
28;2025-12-24;9;631
28;2025-12-24;10;460
28;2025-12-24;11;481
28;2025-12-24;12;522
28;2025-12-24;13;542
28;2025-12-24;14;458
28;2025-12-24;15;498
28;2025-12-24;16;629
28;2025-12-24;17;732
28;2025-12-24;18;801
28;2025-12-24;19;633
28;2025-12-24;20;452
28;2025-12-24;21;285
28;2025-12-24;22;128
28;2025-12-24;23;9
50;2025-12-24;0;30
50;2025-12-24;1;4
50;2025-12-24;2;0
50;2025-12-24;3;0
50;2025-12-24;4;6
50;2025-12-24;5;85
50;2025-12-24;6;566
50;2025-12-24;7;1732
50;2025-12-24;8;2629
50;2025-12-24;9;2098
50;2025-12-24;10;1666
50;2025-12-24;11;1431
50;2025-12-24;12;1368
50;2025-12-24;13;1378
50;2025-12-24;14;1322
50;2025-12-24;15;1404
50;2025-12-24;16;1584
50;2025-12-24;17;2198
50;2025-12-24;18;2430
50;2025-12-24;19;1524
50;2025-12-24;20;1046
50;2025-12-24;21;716
50;2025-12-24;22;321
50;2025-12-24;23;172
1;2025-12-25;0;4
1;2025-12-25;1;0
1;2025-12-25;2;0
1;2025-12-25;3;0
1;2025-12-25;4;9
1;2025-12-25;5;108
1;2025-12-25;6;436
1;2025-12-25;7;1085
1;2025-12-25;8;1556
1;2025-12-25;9;1238
1;2025-12-25;10;1198
1;2025-12-25;11;1175
1;2025-12-25;12;1205
1;2025-12-25;13;1177
1;2025-12-25;14;1050
1;2025-12-25;15;1085
1;2025-12-25;16;1132
1;2025-12-25;17;1438
1;2025-12-25;18;1558
1;2025-12-25;19;1263
1;2025-12-25;20;853
1;2025-12-25;21;451
1;2025-12-25;22;216
1;2025-12-25;23;34
5;2025-12-25;0;0
5;2025-12-25;1;0
5;2025-12-25;2;0
5;2025-12-25;3;0
5;2025-12-25;4;0
5;2025-12-25;5;0
5;2025-12-25;6;0
5;2025-12-25;7;0
5;2025-12-25;8;0
5;2025-12-25;9;0
5;2025-12-25;10;0
5;2025-12-25;11;0
5;2025-12-25;12;0
5;2025-12-25;13;0
5;2025-12-25;14;0
5;2025-12-25;15;0
5;2025-12-25;16;0
5;2025-12-25;17;0
5;2025-12-25;18;0
5;2025-12-25;19;0
5;2025-12-25;20;0
5;2025-12-25;21;0
5;2025-12-25;22;0
5;2025-12-25;23;0
7;2025-12-25;0;77
7;2025-12-25;1;15
7;2025-12-25;2;0
7;2025-12-25;3;0
7;2025-12-25;4;3
7;2025-12-25;5;211
7;2025-12-25;6;664
7;2025-12-25;7;1459
7;2025-12-25;8;2208
7;2025-12-25;9;1588
7;2025-12-25;10;1379
7;2025-12-25;11;1294
7;2025-12-25;12;1366
7;2025-12-25;13;1286
7;2025-12-25;14;1362
7;2025-12-25;15;1371
7;2025-12-25;16;1454
7;2025-12-25;17;1829
7;2025-12-25;18;2400
7;2025-12-25;19;1584
7;2025-12-25;20;1064
7;2025-12-25;21;625
7;2025-12-25;22;360
7;2025-12-25;23;254
11;2025-12-25;0;74
11;2025-12-25;1;1
11;2025-12-25;2;0
11;2025-12-25;3;0
11;2025-12-25;4;0
11;2025-12-25;5;254
11;2025-12-25;6;1403
11;2025-12-25;7;2186
11;2025-12-25;8;2687
11;2025-12-25;9;2185
11;2025-12-25;10;1929
11;2025-12-25;11;1708
11;2025-12-25;12;1732
11;2025-12-25;13;1780
11;2025-12-25;14;1775
11;2025-12-25;15;1627
11;2025-12-25;16;1939
11;2025-12-25;17;2630
11;2025-12-25;18;3078
11;2025-12-25;19;2535
11;2025-12-25;20;1693
11;2025-12-25;21;1004
11;2025-12-25;22;482
11;2025-12-25;23;301
12;2025-12-25;0;56
12;2025-12-25;1;3
12;2025-12-25;2;0
12;2025-12-25;3;0
12;2025-12-25;4;9
12;2025-12-25;5;386
12;2025-12-25;6;1560
12;2025-12-25;7;2533
12;2025-12-25;8;3115
12;2025-12-25;9;2430
12;2025-12-25;10;1989
12;2025-12-25;11;1778
12;2025-12-25;12;1920
12;2025-12-25;13;1777
12;2025-12-25;14;1565
12;2025-12-25;15;1850
12;2025-12-25;16;2356
12;2025-12-25;17;2711
12;2025-12-25;18;3204
12;2025-12-25;19;2552
12;2025-12-25;20;1760
12;2025-12-25;21;1102
12;2025-12-25;22;615
12;2025-12-25;23;299
17;2025-12-25;0;136
17;2025-12-25;1;14
17;2025-12-25;2;0
17;2025-12-25;3;0
17;2025-12-25;4;19
17;2025-12-25;5;292
17;2025-12-25;6;1365
17;2025-12-25;7;3586
17;2025-12-25;8;4352
17;2025-12-25;9;3497
17;2025-12-25;10;2831
17;2025-12-25;11;2780
17;2025-12-25;12;2770
17;2025-12-25;13;2846
17;2025-12-25;14;2866
17;2025-12-25;15;2734
17;2025-12-25;16;3156
17;2025-12-25;17;4006
17;2025-12-25;18;4683
17;2025-12-25;19;3387
17;2025-12-25;20;2546
17;2025-12-25;21;1643
17;2025-12-25;22;921
17;2025-12-25;23;453
25;2025-12-25;0;2
25;2025-12-25;1;0
25;2025-12-25;2;0
25;2025-12-25;3;0
25;2025-12-25;4;0
25;2025-12-25;5;9
25;2025-12-25;6;157
25;2025-12-25;7;450
25;2025-12-25;8;679
25;2025-12-25;9;381
25;2025-12-25;10;339
25;2025-12-25;11;338
25;2025-12-25;12;356
25;2025-12-25;13;412
25;2025-12-25;14;404
25;2025-12-25;15;477
25;2025-12-25;16;517
25;2025-12-25;17;571
25;2025-12-25;18;666
25;2025-12-25;19;532
25;2025-12-25;20;332
25;2025-12-25;21;232
25;2025-12-25;22;104
25;2025-12-25;23;7
26;2025-12-25;0;35
26;2025-12-25;1;3
26;2025-12-25;2;0
26;2025-12-25;3;1
26;2025-12-25;4;3
26;2025-12-25;5;69
26;2025-12-25;6;489
26;2025-12-25;7;880
26;2025-12-25;8;1653
26;2025-12-25;9;1201
26;2025-12-25;10;988
26;2025-12-25;11;886
26;2025-12-25;12;872
26;2025-12-25;13;838
26;2025-12-25;14;889
26;2025-12-25;15;941
26;2025-12-25;16;1048
26;2025-12-25;17;1264
26;2025-12-25;18;1567
26;2025-12-25;19;1033
26;2025-12-25;20;692
26;2025-12-25;21;450
26;2025-12-25;22;228
26;2025-12-25;23;133
28;2025-12-25;0;2
28;2025-12-25;1;0
28;2025-12-25;2;0
28;2025-12-25;3;0
28;2025-12-25;4;3
28;2025-12-25;5;82
28;2025-12-25;6;229
28;2025-12-25;7;547
28;2025-12-25;8;854
28;2025-12-25;9;636
28;2025-12-25;10;460
28;2025-12-25;11;474
28;2025-12-25;12;510
28;2025-12-25;13;550
28;2025-12-25;14;487
28;2025-12-25;15;510
28;2025-12-25;16;628
28;2025-12-25;17;757
28;2025-12-25;18;833
28;2025-12-25;19;636
28;2025-12-25;20;456
28;2025-12-25;21;299
28;2025-12-25;22;131
28;2025-12-25;23;10
50;2025-12-25;0;37
50;2025-12-25;1;4
50;2025-12-25;2;0
50;2025-12-25;3;0
50;2025-12-25;4;5
50;2025-12-25;5;83
50;2025-12-25;6;540
50;2025-12-25;7;1761
50;2025-12-25;8;2546
50;2025-12-25;9;2031
50;2025-12-25;10;1686
50;2025-12-25;11;1416
50;2025-12-25;12;1342
50;2025-12-25;13;1338
50;2025-12-25;14;1249
50;2025-12-25;15;1313
50;2025-12-25;16;1554
50;2025-12-25;17;2181
50;2025-12-25;18;2422
50;2025-12-25;19;1468
50;2025-12-25;20;1087
50;2025-12-25;21;755
50;2025-12-25;22;317
50;2025-12-25;23;191
1;2025-12-26;0;3
1;2025-12-26;1;0
1;2025-12-26;2;0
1;2025-12-26;3;1
1;2025-12-26;4;8
1;2025-12-26;5;119
1;2025-12-26;6;428
1;2025-12-26;7;1077
1;2025-12-26;8;1521
1;2025-12-26;9;1235
1;2025-12-26;10;1147
1;2025-12-26;11;1167
1;2025-12-26;12;1170
1;2025-12-26;13;1178
1;2025-12-26;14;1044
1;2025-12-26;15;1102
1;2025-12-26;16;1190
1;2025-12-26;17;1392
1;2025-12-26;18;1324
1;2025-12-26;19;1146
1;2025-12-26;20;776
1;2025-12-26;21;458
1;2025-12-26;22;214
1;2025-12-26;23;39
5;2025-12-26;0;0
5;2025-12-26;1;0
5;2025-12-26;2;0
5;2025-12-26;3;0
5;2025-12-26;4;0
5;2025-12-26;5;0
5;2025-12-26;6;0
5;2025-12-26;7;0
5;2025-12-26;8;0
5;2025-12-26;9;0
5;2025-12-26;10;0
5;2025-12-26;11;0
5;2025-12-26;12;0
5;2025-12-26;13;0
5;2025-12-26;14;0
5;2025-12-26;15;0
5;2025-12-26;16;0
5;2025-12-26;17;0
5;2025-12-26;18;0
5;2025-12-26;19;0
5;2025-12-26;20;0
5;2025-12-26;21;0
5;2025-12-26;22;0
5;2025-12-26;23;0
7;2025-12-26;0;81
7;2025-12-26;1;14
7;2025-12-26;2;0
7;2025-12-26;3;0
7;2025-12-26;4;3
7;2025-12-26;5;203
7;2025-12-26;6;591
7;2025-12-26;7;1390
7;2025-12-26;8;2071
7;2025-12-26;9;1511
7;2025-12-26;10;1386
7;2025-12-26;11;1282
7;2025-12-26;12;1317
7;2025-12-26;13;1338
7;2025-12-26;14;1337
7;2025-12-26;15;1418
7;2025-12-26;16;1536
7;2025-12-26;17;1787
7;2025-12-26;18;1847
7;2025-12-26;19;1352
7;2025-12-26;20;990
7;2025-12-26;21;600
7;2025-12-26;22;360
7;2025-12-26;23;263
11;2025-12-26;0;74
11;2025-12-26;1;2
11;2025-12-26;2;0
11;2025-12-26;3;0
11;2025-12-26;4;0
11;2025-12-26;5;252
11;2025-12-26;6;1398
11;2025-12-26;7;2045
11;2025-12-26;8;2584
11;2025-12-26;9;1981
11;2025-12-26;10;1746
11;2025-12-26;11;1613
11;2025-12-26;12;1606
11;2025-12-26;13;1608
11;2025-12-26;14;1704
11;2025-12-26;15;1635
11;2025-12-26;16;1940
11;2025-12-26;17;2582
11;2025-12-26;18;2383
11;2025-12-26;19;2227
11;2025-12-26;20;1560
11;2025-12-26;21;954
11;2025-12-26;22;478
11;2025-12-26;23;343
12;2025-12-26;0;61
12;2025-12-26;1;3
12;2025-12-26;2;0
12;2025-12-26;3;0
12;2025-12-26;4;8
12;2025-12-26;5;383
12;2025-12-26;6;1517
12;2025-12-26;7;2369
12;2025-12-26;8;2975
12;2025-12-26;9;2345
12;2025-12-26;10;1889
12;2025-12-26;11;1689
12;2025-12-26;12;1745
12;2025-12-26;13;1722
12;2025-12-26;14;1579
12;2025-12-26;15;1898
12;2025-12-26;16;2442
12;2025-12-26;17;2601
12;2025-12-26;18;2559
12;2025-12-26;19;2231
12;2025-12-26;20;1559
12;2025-12-26;21;1110
12;2025-12-26;22;600
12;2025-12-26;23;319
17;2025-12-26;0;142
17;2025-12-26;1;14
17;2025-12-26;2;0
17;2025-12-26;3;0
17;2025-12-26;4;18
17;2025-12-26;5;274
17;2025-12-26;6;1357
17;2025-12-26;7;3404
17;2025-12-26;8;4304
17;2025-12-26;9;3432
17;2025-12-26;10;2654
17;2025-12-26;11;2683
17;2025-12-26;12;2636
17;2025-12-26;13;2740
17;2025-12-26;14;2777
17;2025-12-26;15;2815
17;2025-12-26;16;3310
17;2025-12-26;17;3973
17;2025-12-26;18;4108
17;2025-12-26;19;3039
17;2025-12-26;20;2379
17;2025-12-26;21;1604
17;2025-12-26;22;898
17;2025-12-26;23;479
25;2025-12-26;0;1
25;2025-12-26;1;0
25;2025-12-26;2;0
25;2025-12-26;3;0
25;2025-12-26;4;0
25;2025-12-26;5;10
25;2025-12-26;6;158
25;2025-12-26;7;450
25;2025-12-26;8;643
25;2025-12-26;9;377
25;2025-12-26;10;322
25;2025-12-26;11;343
25;2025-12-26;12;340
25;2025-12-26;13;418
25;2025-12-26;14;387
25;2025-12-26;15;482
25;2025-12-26;16;553
25;2025-12-26;17;550
25;2025-12-26;18;581
25;2025-12-26;19;500
25;2025-12-26;20;330
25;2025-12-26;21;221
25;2025-12-26;22;116
25;2025-12-26;23;12
26;2025-12-26;0;32
26;2025-12-26;1;3
26;2025-12-26;2;0
26;2025-12-26;3;2
26;2025-12-26;4;3
26;2025-12-26;5;64
26;2025-12-26;6;478
26;2025-12-26;7;819
26;2025-12-26;8;1557
26;2025-12-26;9;1121
26;2025-12-26;10;956
26;2025-12-26;11;824
26;2025-12-26;12;834
26;2025-12-26;13;792
26;2025-12-26;14;861
26;2025-12-26;15;882
26;2025-12-26;16;1078
26;2025-12-26;17;1223
26;2025-12-26;18;1151
26;2025-12-26;19;886
26;2025-12-26;20;602
26;2025-12-26;21;419
26;2025-12-26;22;217
26;2025-12-26;23;148
28;2025-12-26;0;1
28;2025-12-26;1;0
28;2025-12-26;2;0
28;2025-12-26;3;0
28;2025-12-26;4;3
28;2025-12-26;5;79
28;2025-12-26;6;226
28;2025-12-26;7;555
28;2025-12-26;8;848
28;2025-12-26;9;630
28;2025-12-26;10;460
28;2025-12-26;11;488
28;2025-12-26;12;553
28;2025-12-26;13;562
28;2025-12-26;14;475
28;2025-12-26;15;509
28;2025-12-26;16;656
28;2025-12-26;17;721
28;2025-12-26;18;702
28;2025-12-26;19;574
28;2025-12-26;20;410
28;2025-12-26;21;301
28;2025-12-26;22;134
28;2025-12-26;23;12
50;2025-12-26;0;37
50;2025-12-26;1;3
50;2025-12-26;2;1
50;2025-12-26;3;0
50;2025-12-26;4;6
50;2025-12-26;5;83
50;2025-12-26;6;534
50;2025-12-26;7;1727
50;2025-12-26;8;2546
50;2025-12-26;9;1923
50;2025-12-26;10;1548
50;2025-12-26;11;1367
50;2025-12-26;12;1313
50;2025-12-26;13;1304
50;2025-12-26;14;1267
50;2025-12-26;15;1374
50;2025-12-26;16;1884
50;2025-12-26;17;1973
50;2025-12-26;18;1664
50;2025-12-26;19;1241
50;2025-12-26;20;974
50;2025-12-26;21;639
50;2025-12-26;22;316
50;2025-12-26;23;190
1;2025-12-27;0;3
1;2025-12-27;1;0
1;2025-12-27;2;0
1;2025-12-27;3;0
1;2025-12-27;4;0
1;2025-12-27;5;29
1;2025-12-27;6;150
1;2025-12-27;7;294
1;2025-12-27;8;401
1;2025-12-27;9;640
1;2025-12-27;10;740
1;2025-12-27;11;646
1;2025-12-27;12;774
1;2025-12-27;13;815
1;2025-12-27;14;690
1;2025-12-27;15;590
1;2025-12-27;16;588
1;2025-12-27;17;577
1;2025-12-27;18;538
1;2025-12-27;19;513
1;2025-12-27;20;387
1;2025-12-27;21;277
1;2025-12-27;22;117
1;2025-12-27;23;24
5;2025-12-27;0;0
5;2025-12-27;1;0
5;2025-12-27;2;0
5;2025-12-27;3;0
5;2025-12-27;4;0
5;2025-12-27;5;0
5;2025-12-27;6;0
5;2025-12-27;7;0
5;2025-12-27;8;0
5;2025-12-27;9;0
5;2025-12-27;10;0
5;2025-12-27;11;0
5;2025-12-27;12;0
5;2025-12-27;13;0
5;2025-12-27;14;0
5;2025-12-27;15;0
5;2025-12-27;16;0
5;2025-12-27;17;0
5;2025-12-27;18;0
5;2025-12-27;19;0
5;2025-12-27;20;0
5;2025-12-27;21;0
5;2025-12-27;22;0
5;2025-12-27;23;0
7;2025-12-27;0;114
7;2025-12-27;1;20
7;2025-12-27;2;0
7;2025-12-27;3;0
7;2025-12-27;4;3
7;2025-12-27;5;53
7;2025-12-27;6;223
7;2025-12-27;7;376
7;2025-12-27;8;642
7;2025-12-27;9;590
7;2025-12-27;10;625
7;2025-12-27;11;677
7;2025-12-27;12;768
7;2025-12-27;13;731
7;2025-12-27;14;787
7;2025-12-27;15;705
7;2025-12-27;16;675
7;2025-12-27;17;711
7;2025-12-27;18;822
7;2025-12-27;19;776
7;2025-12-27;20;618
7;2025-12-27;21;479
7;2025-12-27;22;231
7;2025-12-27;23;132
11;2025-12-27;0;108
11;2025-12-27;1;2
11;2025-12-27;2;0
11;2025-12-27;3;0
11;2025-12-27;4;0
11;2025-12-27;5;163
11;2025-12-27;6;889
11;2025-12-27;7;731
11;2025-12-27;8;958
11;2025-12-27;9;1100
11;2025-12-27;10;1248
11;2025-12-27;11;1468
11;2025-12-27;12;1601
11;2025-12-27;13;1562
11;2025-12-27;14;1588
11;2025-12-27;15;1478
11;2025-12-27;16;1525
11;2025-12-27;17;1729
11;2025-12-27;18;1567
11;2025-12-27;19;1643
11;2025-12-27;20;1231
11;2025-12-27;21;864
11;2025-12-27;22;496
11;2025-12-27;23;337
12;2025-12-27;0;80
12;2025-12-27;1;3
12;2025-12-27;2;0
12;2025-12-27;3;0
12;2025-12-27;4;6
12;2025-12-27;5;305
12;2025-12-27;6;960
12;2025-12-27;7;930
12;2025-12-27;8;941
12;2025-12-27;9;1154
12;2025-12-27;10;1356
12;2025-12-27;11;1278
12;2025-12-27;12;1316
12;2025-12-27;13;1380
12;2025-12-27;14;1247
12;2025-12-27;15;1208
12;2025-12-27;16;1346
12;2025-12-27;17;1393
12;2025-12-27;18;1382
12;2025-12-27;19;1452
12;2025-12-27;20;1087
12;2025-12-27;21;805
12;2025-12-27;22;475
12;2025-12-27;23;295
17;2025-12-27;0;196
17;2025-12-27;1;21
17;2025-12-27;2;0
17;2025-12-27;3;0
17;2025-12-27;4;8
17;2025-12-27;5;124
17;2025-12-27;6;553
17;2025-12-27;7;1115
17;2025-12-27;8;1562
17;2025-12-27;9;1884
17;2025-12-27;10;2226
17;2025-12-27;11;2537
17;2025-12-27;12;2703
17;2025-12-27;13;2910
17;2025-12-27;14;2833
17;2025-12-27;15;2488
17;2025-12-27;16;2671
17;2025-12-27;17;2806
17;2025-12-27;18;2750
17;2025-12-27;19;2357
17;2025-12-27;20;1935
17;2025-12-27;21;1454
17;2025-12-27;22;945
17;2025-12-27;23;485
25;2025-12-27;0;2
25;2025-12-27;1;0
25;2025-12-27;2;0
25;2025-12-27;3;0
25;2025-12-27;4;0
25;2025-12-27;5;7
25;2025-12-27;6;56
25;2025-12-27;7;122
25;2025-12-27;8;255
25;2025-12-27;9;244
25;2025-12-27;10;259
25;2025-12-27;11;314
25;2025-12-27;12;330
25;2025-12-27;13;444
25;2025-12-27;14;457
25;2025-12-27;15;554
25;2025-12-27;16;483
25;2025-12-27;17;427
25;2025-12-27;18;486
25;2025-12-27;19;440
25;2025-12-27;20;287
25;2025-12-27;21;236
25;2025-12-27;22;119
25;2025-12-27;23;44
26;2025-12-27;0;43
26;2025-12-27;1;3
26;2025-12-27;2;0
26;2025-12-27;3;0
26;2025-12-27;4;4
26;2025-12-27;5;43
26;2025-12-27;6;243
26;2025-12-27;7;318
26;2025-12-27;8;463
26;2025-12-27;9;535
26;2025-12-27;10;650
26;2025-12-27;11;780
26;2025-12-27;12;735
26;2025-12-27;13;729
26;2025-12-27;14;736
26;2025-12-27;15;704
26;2025-12-27;16;724
26;2025-12-27;17;681
26;2025-12-27;18;708
26;2025-12-27;19;661
26;2025-12-27;20;486
26;2025-12-27;21;344
26;2025-12-27;22;212
26;2025-12-27;23;149
28;2025-12-27;0;1
28;2025-12-27;1;0
28;2025-12-27;2;0
28;2025-12-27;3;0
28;2025-12-27;4;2
28;2025-12-27;5;40
28;2025-12-27;6;94
28;2025-12-27;7;196
28;2025-12-27;8;306
28;2025-12-27;9;363
28;2025-12-27;10;366
28;2025-12-27;11;393
28;2025-12-27;12;436
28;2025-12-27;13;446
28;2025-12-27;14;423
28;2025-12-27;15;459
28;2025-12-27;16;424
28;2025-12-27;17;429
28;2025-12-27;18;401
28;2025-12-27;19;361
28;2025-12-27;20;287
28;2025-12-27;21;253
28;2025-12-27;22;127
28;2025-12-27;23;16
50;2025-12-27;0;61
50;2025-12-27;1;5
50;2025-12-27;2;0
50;2025-12-27;3;0
50;2025-12-27;4;2
50;2025-12-27;5;64
50;2025-12-27;6;237
50;2025-12-27;7;482
50;2025-12-27;8;666
50;2025-12-27;9;678
50;2025-12-27;10;731
50;2025-12-27;11;779
50;2025-12-27;12;790
50;2025-12-27;13;819
50;2025-12-27;14;837
50;2025-12-27;15;766
50;2025-12-27;16;767
50;2025-12-27;17;820
50;2025-12-27;18;820
50;2025-12-27;19;742
50;2025-12-27;20;667
50;2025-12-27;21;522
50;2025-12-27;22;268
50;2025-12-27;23;213
1;2025-12-28;0;0
1;2025-12-28;1;0
1;2025-12-28;2;0
1;2025-12-28;3;0
1;2025-12-28;4;0
1;2025-12-28;5;24
1;2025-12-28;6;127
1;2025-12-28;7;261
1;2025-12-28;8;361
1;2025-12-28;9;606
1;2025-12-28;10;692
1;2025-12-28;11;680
1;2025-12-28;12;779
1;2025-12-28;13;829
1;2025-12-28;14;703
1;2025-12-28;15;621
1;2025-12-28;16;584
1;2025-12-28;17;575
1;2025-12-28;18;554
1;2025-12-28;19;492
1;2025-12-28;20;390
1;2025-12-28;21;277
1;2025-12-28;22;110
1;2025-12-28;23;27
5;2025-12-28;0;0
5;2025-12-28;1;0
5;2025-12-28;2;0
5;2025-12-28;3;0
5;2025-12-28;4;0
5;2025-12-28;5;0
5;2025-12-28;6;0
5;2025-12-28;7;0
5;2025-12-28;8;0
5;2025-12-28;9;0
5;2025-12-28;10;0
5;2025-12-28;11;0
5;2025-12-28;12;0
5;2025-12-28;13;0
5;2025-12-28;14;0
5;2025-12-28;15;0
5;2025-12-28;16;0
5;2025-12-28;17;0
5;2025-12-28;18;0
5;2025-12-28;19;0
5;2025-12-28;20;0
5;2025-12-28;21;0
5;2025-12-28;22;0
5;2025-12-28;23;0
7;2025-12-28;0;79
7;2025-12-28;1;8
7;2025-12-28;2;0
7;2025-12-28;3;0
7;2025-12-28;4;3
7;2025-12-28;5;37
7;2025-12-28;6;155
7;2025-12-28;7;288
7;2025-12-28;8;500
7;2025-12-28;9;542
7;2025-12-28;10;529
7;2025-12-28;11;667
7;2025-12-28;12;692
7;2025-12-28;13;675
7;2025-12-28;14;738
7;2025-12-28;15;674
7;2025-12-28;16;635
7;2025-12-28;17;717
7;2025-12-28;18;806
7;2025-12-28;19;722
7;2025-12-28;20;590
7;2025-12-28;21;446
7;2025-12-28;22;212
7;2025-12-28;23;110
11;2025-12-28;0;123
11;2025-12-28;1;16
11;2025-12-28;2;0
11;2025-12-28;3;0
11;2025-12-28;4;0
11;2025-12-28;5;118
11;2025-12-28;6;636
11;2025-12-28;7;593
11;2025-12-28;8;773
11;2025-12-28;9;1028
11;2025-12-28;10;1122
11;2025-12-28;11;1424
11;2025-12-28;12;1546
11;2025-12-28;13;1506
11;2025-12-28;14;1486
11;2025-12-28;15;1528
11;2025-12-28;16;1618
11;2025-12-28;17;1856
11;2025-12-28;18;1528
11;2025-12-28;19;1413
11;2025-12-28;20;1117
11;2025-12-28;21;788
11;2025-12-28;22;456
11;2025-12-28;23;298
12;2025-12-28;0;95
12;2025-12-28;1;8
12;2025-12-28;2;0
12;2025-12-28;3;0
12;2025-12-28;4;7
12;2025-12-28;5;205
12;2025-12-28;6;649
12;2025-12-28;7;775
12;2025-12-28;8;782
12;2025-12-28;9;947
12;2025-12-28;10;1142
12;2025-12-28;11;1190
12;2025-12-28;12;1262
12;2025-12-28;13;1369
12;2025-12-28;14;1307
12;2025-12-28;15;1296
12;2025-12-28;16;1459
12;2025-12-28;17;1623
12;2025-12-28;18;1361
12;2025-12-28;19;1101
12;2025-12-28;20;906
12;2025-12-28;21;702
12;2025-12-28;22;468
12;2025-12-28;23;254
17;2025-12-28;0;213
17;2025-12-28;1;27
17;2025-12-28;2;0
17;2025-12-28;3;0
17;2025-12-28;4;8
17;2025-12-28;5;108
17;2025-12-28;6;455
17;2025-12-28;7;859
17;2025-12-28;8;1286
17;2025-12-28;9;1645
17;2025-12-28;10;1924
17;2025-12-28;11;2307
17;2025-12-28;12;2612
17;2025-12-28;13;2806
17;2025-12-28;14;2848
17;2025-12-28;15;2502
17;2025-12-28;16;2707
17;2025-12-28;17;2793
17;2025-12-28;18;2674
17;2025-12-28;19;2236
17;2025-12-28;20;1817
17;2025-12-28;21;1373
17;2025-12-28;22;887
17;2025-12-28;23;399
25;2025-12-28;0;15
25;2025-12-28;1;1
25;2025-12-28;2;0
25;2025-12-28;3;0
25;2025-12-28;4;0
25;2025-12-28;5;8
25;2025-12-28;6;48
25;2025-12-28;7;103
25;2025-12-28;8;179
25;2025-12-28;9;192
25;2025-12-28;10;220
25;2025-12-28;11;268
25;2025-12-28;12;324
25;2025-12-28;13;393
25;2025-12-28;14;434
25;2025-12-28;15;544
25;2025-12-28;16;453
25;2025-12-28;17;439
25;2025-12-28;18;448
25;2025-12-28;19;362
25;2025-12-28;20;260
25;2025-12-28;21;207
25;2025-12-28;22;115
25;2025-12-28;23;36
26;2025-12-28;0;55
26;2025-12-28;1;8
26;2025-12-28;2;0
26;2025-12-28;3;0
26;2025-12-28;4;4
26;2025-12-28;5;28
26;2025-12-28;6;169
26;2025-12-28;7;275
26;2025-12-28;8;370
26;2025-12-28;9;488
26;2025-12-28;10;555
26;2025-12-28;11;718
26;2025-12-28;12;695
26;2025-12-28;13;708
26;2025-12-28;14;686
26;2025-12-28;15;677
26;2025-12-28;16;691
26;2025-12-28;17;677
26;2025-12-28;18;704
26;2025-12-28;19;570
26;2025-12-28;20;472
26;2025-12-28;21;322
26;2025-12-28;22;207
26;2025-12-28;23;122
28;2025-12-28;0;2
28;2025-12-28;1;1
28;2025-12-28;2;0
28;2025-12-28;3;0
28;2025-12-28;4;2
28;2025-12-28;5;34
28;2025-12-28;6;80
28;2025-12-28;7;145
28;2025-12-28;8;225
28;2025-12-28;9;291
28;2025-12-28;10;324
28;2025-12-28;11;369
28;2025-12-28;12;395
28;2025-12-28;13;443
28;2025-12-28;14;428
28;2025-12-28;15;439
28;2025-12-28;16;406
28;2025-12-28;17;429
28;2025-12-28;18;428
28;2025-12-28;19;368
28;2025-12-28;20;300
28;2025-12-28;21;242
28;2025-12-28;22;112
28;2025-12-28;23;11
50;2025-12-28;0;29
50;2025-12-28;1;3
50;2025-12-28;2;0
50;2025-12-28;3;0
50;2025-12-28;4;3
50;2025-12-28;5;43
50;2025-12-28;6;180
50;2025-12-28;7;330
50;2025-12-28;8;497
50;2025-12-28;9;546
50;2025-12-28;10;612
50;2025-12-28;11;709
50;2025-12-28;12;733
50;2025-12-28;13;825
50;2025-12-28;14;820
50;2025-12-28;15;797
50;2025-12-28;16;774
50;2025-12-28;17;800
50;2025-12-28;18;792
50;2025-12-28;19;712
50;2025-12-28;20;618
50;2025-12-28;21;488
50;2025-12-28;22;264
50;2025-12-28;23;155
1;2025-12-29;0;0
1;2025-12-29;1;0
1;2025-12-29;2;0
1;2025-12-29;3;0
1;2025-12-29;4;8
1;2025-12-29;5;112
1;2025-12-29;6;443
1;2025-12-29;7;1069
1;2025-12-29;8;1527
1;2025-12-29;9;1168
1;2025-12-29;10;1093
1;2025-12-29;11;1051
1;2025-12-29;12;1068
1;2025-12-29;13;1093
1;2025-12-29;14;986
1;2025-12-29;15;1029
1;2025-12-29;16;1061
1;2025-12-29;17;1352
1;2025-12-29;18;1546
1;2025-12-29;19;1210
1;2025-12-29;20;816
1;2025-12-29;21;418
1;2025-12-29;22;185
1;2025-12-29;23;31
5;2025-12-29;0;0
5;2025-12-29;1;0
5;2025-12-29;2;0
5;2025-12-29;3;0
5;2025-12-29;4;0
5;2025-12-29;5;0
5;2025-12-29;6;0
5;2025-12-29;7;0
5;2025-12-29;8;0
5;2025-12-29;9;0
5;2025-12-29;10;0
5;2025-12-29;11;0
5;2025-12-29;12;0
5;2025-12-29;13;0
5;2025-12-29;14;0
5;2025-12-29;15;0
5;2025-12-29;16;0
5;2025-12-29;17;0
5;2025-12-29;18;0
5;2025-12-29;19;0
5;2025-12-29;20;0
5;2025-12-29;21;0
5;2025-12-29;22;0
5;2025-12-29;23;0
7;2025-12-29;0;60
7;2025-12-29;1;6
7;2025-12-29;2;0
7;2025-12-29;3;0
7;2025-12-29;4;3
7;2025-12-29;5;201
7;2025-12-29;6;599
7;2025-12-29;7;1409
7;2025-12-29;8;2098
7;2025-12-29;9;1474
7;2025-12-29;10;1318
7;2025-12-29;11;1199
7;2025-12-29;12;1286
7;2025-12-29;13;1221
7;2025-12-29;14;1222
7;2025-12-29;15;1324
7;2025-12-29;16;1390
7;2025-12-29;17;1808
7;2025-12-29;18;2242
7;2025-12-29;19;1550
7;2025-12-29;20;1032
7;2025-12-29;21;574
7;2025-12-29;22;308
7;2025-12-29;23;211
11;2025-12-29;0;78
11;2025-12-29;1;7
11;2025-12-29;2;0
11;2025-12-29;3;0
11;2025-12-29;4;0
11;2025-12-29;5;251
11;2025-12-29;6;1373
11;2025-12-29;7;2009
11;2025-12-29;8;2569
11;2025-12-29;9;2013
11;2025-12-29;10;1650
11;2025-12-29;11;1591
11;2025-12-29;12;1529
11;2025-12-29;13;1572
11;2025-12-29;14;1572
11;2025-12-29;15;1556
11;2025-12-29;16;1827
11;2025-12-29;17;2451
11;2025-12-29;18;2878
11;2025-12-29;19;2417
11;2025-12-29;20;1558
11;2025-12-29;21;906
11;2025-12-29;22;424
11;2025-12-29;23;245
12;2025-12-29;0;67
12;2025-12-29;1;4
12;2025-12-29;2;0
12;2025-12-29;3;0
12;2025-12-29;4;9
12;2025-12-29;5;373
12;2025-12-29;6;1504
12;2025-12-29;7;2390
12;2025-12-29;8;2983
12;2025-12-29;9;2260
12;2025-12-29;10;1906
12;2025-12-29;11;1687
12;2025-12-29;12;1751
12;2025-12-29;13;1637
12;2025-12-29;14;1482
12;2025-12-29;15;1733
12;2025-12-29;16;2134
12;2025-12-29;17;2559
12;2025-12-29;18;2910
12;2025-12-29;19;2393
12;2025-12-29;20;1671
12;2025-12-29;21;1050
12;2025-12-29;22;552
12;2025-12-29;23;257
17;2025-12-29;0;127
17;2025-12-29;1;13
17;2025-12-29;2;0
17;2025-12-29;3;0
17;2025-12-29;4;18
17;2025-12-29;5;269
17;2025-12-29;6;1308
17;2025-12-29;7;3412
17;2025-12-29;8;4310
17;2025-12-29;9;3273
17;2025-12-29;10;2569
17;2025-12-29;11;2496
17;2025-12-29;12;2509
17;2025-12-29;13;2528
17;2025-12-29;14;2507
17;2025-12-29;15;2474
17;2025-12-29;16;2794
17;2025-12-29;17;3667
17;2025-12-29;18;4370
17;2025-12-29;19;3075
17;2025-12-29;20;2271
17;2025-12-29;21;1435
17;2025-12-29;22;788
17;2025-12-29;23;356
25;2025-12-29;0;8
25;2025-12-29;1;0
25;2025-12-29;2;0
25;2025-12-29;3;0
25;2025-12-29;4;0
25;2025-12-29;5;8
25;2025-12-29;6;146
25;2025-12-29;7;436
25;2025-12-29;8;663
25;2025-12-29;9;383
25;2025-12-29;10;301
25;2025-12-29;11;304
25;2025-12-29;12;313
25;2025-12-29;13;406
25;2025-12-29;14;340
25;2025-12-29;15;406
25;2025-12-29;16;490
25;2025-12-29;17;560
25;2025-12-29;18;658
25;2025-12-29;19;502
25;2025-12-29;20;310
25;2025-12-29;21;203
25;2025-12-29;22;94
25;2025-12-29;23;11
26;2025-12-29;0;29
26;2025-12-29;1;4
26;2025-12-29;2;0
26;2025-12-29;3;1
26;2025-12-29;4;3
26;2025-12-29;5;64
26;2025-12-29;6;455
26;2025-12-29;7;826
26;2025-12-29;8;1534
26;2025-12-29;9;1086
26;2025-12-29;10;923
26;2025-12-29;11;794
26;2025-12-29;12;773
26;2025-12-29;13;783
26;2025-12-29;14;802
26;2025-12-29;15;858
26;2025-12-29;16;997
26;2025-12-29;17;1209
26;2025-12-29;18;1470
26;2025-12-29;19;981
26;2025-12-29;20;635
26;2025-12-29;21;405
26;2025-12-29;22;196
26;2025-12-29;23;112
28;2025-12-29;0;1
28;2025-12-29;1;0
28;2025-12-29;2;0
28;2025-12-29;3;0
28;2025-12-29;4;4
28;2025-12-29;5;74
28;2025-12-29;6;203
28;2025-12-29;7;491
28;2025-12-29;8;803
28;2025-12-29;9;596
28;2025-12-29;10;437
28;2025-12-29;11;422
28;2025-12-29;12;484
28;2025-12-29;13;489
28;2025-12-29;14;422
28;2025-12-29;15;453
28;2025-12-29;16;578
28;2025-12-29;17;676
28;2025-12-29;18;732
28;2025-12-29;19;596
28;2025-12-29;20;405
28;2025-12-29;21;255
28;2025-12-29;22;108
28;2025-12-29;23;8
50;2025-12-29;0;10
50;2025-12-29;1;1
50;2025-12-29;2;0
50;2025-12-29;3;0
50;2025-12-29;4;6
50;2025-12-29;5;76
50;2025-12-29;6;524
50;2025-12-29;7;1589
50;2025-12-29;8;2431
50;2025-12-29;9;1900
50;2025-12-29;10;1496
50;2025-12-29;11;1311
50;2025-12-29;12;1215
50;2025-12-29;13;1251
50;2025-12-29;14;1180
50;2025-12-29;15;1289
50;2025-12-29;16;1448
50;2025-12-29;17;1951
50;2025-12-29;18;2240
50;2025-12-29;19;1345
50;2025-12-29;20;980
50;2025-12-29;21;636
50;2025-12-29;22;272
50;2025-12-29;23;145
1;2025-12-30;0;3
1;2025-12-30;1;0
1;2025-12-30;2;0
1;2025-12-30;3;0
1;2025-12-30;4;9
1;2025-12-30;5;115
1;2025-12-30;6;465
1;2025-12-30;7;1159
1;2025-12-30;8;1606
1;2025-12-30;9;1297
1;2025-12-30;10;1225
1;2025-12-30;11;1148
1;2025-12-30;12;1178
1;2025-12-30;13;1209
1;2025-12-30;14;1018
1;2025-12-30;15;1078
1;2025-12-30;16;1127
1;2025-12-30;17;1431
1;2025-12-30;18;1571
1;2025-12-30;19;1294
1;2025-12-30;20;864
1;2025-12-30;21;458
1;2025-12-30;22;206
1;2025-12-30;23;35
5;2025-12-30;0;0
5;2025-12-30;1;0
5;2025-12-30;2;0
5;2025-12-30;3;0
5;2025-12-30;4;0
5;2025-12-30;5;0
5;2025-12-30;6;0
5;2025-12-30;7;0
5;2025-12-30;8;0
5;2025-12-30;9;0
5;2025-12-30;10;0
5;2025-12-30;11;0
5;2025-12-30;12;0
5;2025-12-30;13;0
5;2025-12-30;14;0
5;2025-12-30;15;0
5;2025-12-30;16;0
5;2025-12-30;17;0
5;2025-12-30;18;0
5;2025-12-30;19;0
5;2025-12-30;20;0
5;2025-12-30;21;0
5;2025-12-30;22;0
5;2025-12-30;23;0
7;2025-12-30;0;72
7;2025-12-30;1;13
7;2025-12-30;2;0
7;2025-12-30;3;0
7;2025-12-30;4;4
7;2025-12-30;5;214
7;2025-12-30;6;629
7;2025-12-30;7;1502
7;2025-12-30;8;2168
7;2025-12-30;9;1578
7;2025-12-30;10;1444
7;2025-12-30;11;1352
7;2025-12-30;12;1427
7;2025-12-30;13;1324
7;2025-12-30;14;1291
7;2025-12-30;15;1444
7;2025-12-30;16;1456
7;2025-12-30;17;1904
7;2025-12-30;18;2420
7;2025-12-30;19;1722
7;2025-12-30;20;1137
7;2025-12-30;21;650
7;2025-12-30;22;351
7;2025-12-30;23;248
11;2025-12-30;0;66
11;2025-12-30;1;1
11;2025-12-30;2;0
11;2025-12-30;3;0
11;2025-12-30;4;0
11;2025-12-30;5;257
11;2025-12-30;6;1460
11;2025-12-30;7;2169
11;2025-12-30;8;2831
11;2025-12-30;9;2180
11;2025-12-30;10;1842
11;2025-12-30;11;1666
11;2025-12-30;12;1657
11;2025-12-30;13;1674
11;2025-12-30;14;1720
11;2025-12-30;15;1609
11;2025-12-30;16;1935
11;2025-12-30;17;2576
11;2025-12-30;18;3013
11;2025-12-30;19;2576
11;2025-12-30;20;1740
11;2025-12-30;21;957
11;2025-12-30;22;462
11;2025-12-30;23;272
12;2025-12-30;0;53
12;2025-12-30;1;1
12;2025-12-30;2;0
12;2025-12-30;3;0
12;2025-12-30;4;9
12;2025-12-30;5;407
12;2025-12-30;6;1607
12;2025-12-30;7;2541
12;2025-12-30;8;3161
12;2025-12-30;9;2396
12;2025-12-30;10;1996
12;2025-12-30;11;1789
12;2025-12-30;12;1815
12;2025-12-30;13;1760
12;2025-12-30;14;1598
12;2025-12-30;15;1803
12;2025-12-30;16;2267
12;2025-12-30;17;2685
12;2025-12-30;18;3051
12;2025-12-30;19;2493
12;2025-12-30;20;1707
12;2025-12-30;21;1110
12;2025-12-30;22;599
12;2025-12-30;23;273
17;2025-12-30;0;122
17;2025-12-30;1;13
17;2025-12-30;2;0
17;2025-12-30;3;0
17;2025-12-30;4;18
17;2025-12-30;5;290
17;2025-12-30;6;1390
17;2025-12-30;7;3660
17;2025-12-30;8;4548
17;2025-12-30;9;3433
17;2025-12-30;10;2783
17;2025-12-30;11;2634
17;2025-12-30;12;2600
17;2025-12-30;13;2694
17;2025-12-30;14;2728
17;2025-12-30;15;2572
17;2025-12-30;16;2906
17;2025-12-30;17;3998
17;2025-12-30;18;4699
17;2025-12-30;19;3378
17;2025-12-30;20;2473
17;2025-12-30;21;1576
17;2025-12-30;22;870
17;2025-12-30;23;399
25;2025-12-30;0;2
25;2025-12-30;1;0
25;2025-12-30;2;0
25;2025-12-30;3;0
25;2025-12-30;4;0
25;2025-12-30;5;9
25;2025-12-30;6;155
25;2025-12-30;7;465
25;2025-12-30;8;694
25;2025-12-30;9;393
25;2025-12-30;10;330
25;2025-12-30;11;340
25;2025-12-30;12;340
25;2025-12-30;13;407
25;2025-12-30;14;369
25;2025-12-30;15;457
25;2025-12-30;16;517
25;2025-12-30;17;547
25;2025-12-30;18;679
25;2025-12-30;19;544
25;2025-12-30;20;337
25;2025-12-30;21;215
25;2025-12-30;22;99
25;2025-12-30;23;9
26;2025-12-30;0;32
26;2025-12-30;1;3
26;2025-12-30;2;0
26;2025-12-30;3;1
26;2025-12-30;4;3
26;2025-12-30;5;70
26;2025-12-30;6;488
26;2025-12-30;7;894
26;2025-12-30;8;1660
26;2025-12-30;9;1182
26;2025-12-30;10;1008
26;2025-12-30;11;882
26;2025-12-30;12;854
26;2025-12-30;13;805
26;2025-12-30;14;866
26;2025-12-30;15;909
26;2025-12-30;16;1051
26;2025-12-30;17;1296
26;2025-12-30;18;1565
26;2025-12-30;19;1064
26;2025-12-30;20;687
26;2025-12-30;21;433
26;2025-12-30;22;212
26;2025-12-30;23;122
28;2025-12-30;0;1
28;2025-12-30;1;0
28;2025-12-30;2;0
28;2025-12-30;3;0
28;2025-12-30;4;3
28;2025-12-30;5;77
28;2025-12-30;6;219
28;2025-12-30;7;544
28;2025-12-30;8;867
28;2025-12-30;9;620
28;2025-12-30;10;483
28;2025-12-30;11;468
28;2025-12-30;12;519
28;2025-12-30;13;535
28;2025-12-30;14;452
28;2025-12-30;15;494
28;2025-12-30;16;590
28;2025-12-30;17;706
28;2025-12-30;18;784
28;2025-12-30;19;624
28;2025-12-30;20;452
28;2025-12-30;21;289
28;2025-12-30;22;131
28;2025-12-30;23;9
50;2025-12-30;0;30
50;2025-12-30;1;4
50;2025-12-30;2;0
50;2025-12-30;3;0
50;2025-12-30;4;5
50;2025-12-30;5;84
50;2025-12-30;6;573
50;2025-12-30;7;1740
50;2025-12-30;8;2601
50;2025-12-30;9;2034
50;2025-12-30;10;1630
50;2025-12-30;11;1386
50;2025-12-30;12;1308
50;2025-12-30;13;1283
50;2025-12-30;14;1182
50;2025-12-30;15;1313
50;2025-12-30;16;1516
50;2025-12-30;17;2228
50;2025-12-30;18;2382
50;2025-12-30;19;1500
50;2025-12-30;20;1067
50;2025-12-30;21;706
50;2025-12-30;22;290
50;2025-12-30;23;160
1;2025-12-31;0;1
1;2025-12-31;1;0
1;2025-12-31;2;0
1;2025-12-31;3;0
1;2025-12-31;4;0
1;2025-12-31;5;26
1;2025-12-31;6;130
1;2025-12-31;7;287
1;2025-12-31;8;379
1;2025-12-31;9;649
1;2025-12-31;10;753
1;2025-12-31;11;662
1;2025-12-31;12;800
1;2025-12-31;13;801
1;2025-12-31;14;731
1;2025-12-31;15;600
1;2025-12-31;16;564
1;2025-12-31;17;535
1;2025-12-31;18;579
1;2025-12-31;19;504
1;2025-12-31;20;394
1;2025-12-31;21;286
1;2025-12-31;22;116
1;2025-12-31;23;28
5;2025-12-31;0;0
5;2025-12-31;1;0
5;2025-12-31;2;0
5;2025-12-31;3;0
5;2025-12-31;4;0
5;2025-12-31;5;0
5;2025-12-31;6;0
5;2025-12-31;7;0
5;2025-12-31;8;0
5;2025-12-31;9;0
5;2025-12-31;10;0
5;2025-12-31;11;0
5;2025-12-31;12;0
5;2025-12-31;13;0
5;2025-12-31;14;0
5;2025-12-31;15;0
5;2025-12-31;16;0
5;2025-12-31;17;0
5;2025-12-31;18;0
5;2025-12-31;19;0
5;2025-12-31;20;0
5;2025-12-31;21;0
5;2025-12-31;22;0
5;2025-12-31;23;0
7;2025-12-31;0;123
7;2025-12-31;1;19
7;2025-12-31;2;0
7;2025-12-31;3;0
7;2025-12-31;4;5
7;2025-12-31;5;37
7;2025-12-31;6;156
7;2025-12-31;7;323
7;2025-12-31;8;512
7;2025-12-31;9;596
7;2025-12-31;10;573
7;2025-12-31;11;743
7;2025-12-31;12;743
7;2025-12-31;13;746
7;2025-12-31;14;774
7;2025-12-31;15;712
7;2025-12-31;16;634
7;2025-12-31;17;726
7;2025-12-31;18;842
7;2025-12-31;19;796
7;2025-12-31;20;671
7;2025-12-31;21;502
7;2025-12-31;22;232
7;2025-12-31;23;170
11;2025-12-31;0;121
11;2025-12-31;1;16
11;2025-12-31;2;0
11;2025-12-31;3;0
11;2025-12-31;4;1
11;2025-12-31;5;122
11;2025-12-31;6;652
11;2025-12-31;7;622
11;2025-12-31;8;774
11;2025-12-31;9;1034
11;2025-12-31;10;1140
11;2025-12-31;11;1411
11;2025-12-31;12;1500
11;2025-12-31;13;1514
11;2025-12-31;14;1463
11;2025-12-31;15;1431
11;2025-12-31;16;1368
11;2025-12-31;17;1687
11;2025-12-31;18;1575
11;2025-12-31;19;1411
11;2025-12-31;20;1140
11;2025-12-31;21;796
11;2025-12-31;22;446
11;2025-12-31;23;276
12;2025-12-31;0;94
12;2025-12-31;1;8
12;2025-12-31;2;0
12;2025-12-31;3;0
12;2025-12-31;4;7
12;2025-12-31;5;198
12;2025-12-31;6;642
12;2025-12-31;7;697
12;2025-12-31;8;737
12;2025-12-31;9;955
12;2025-12-31;10;1130
12;2025-12-31;11;1207
12;2025-12-31;12;1240
12;2025-12-31;13;1351
12;2025-12-31;14;1251
12;2025-12-31;15;1256
12;2025-12-31;16;1295
12;2025-12-31;17;1353
12;2025-12-31;18;1348
12;2025-12-31;19;1103
12;2025-12-31;20;928
12;2025-12-31;21;697
12;2025-12-31;22;454
12;2025-12-31;23;257
17;2025-12-31;0;216
17;2025-12-31;1;28
17;2025-12-31;2;0
17;2025-12-31;3;0
17;2025-12-31;4;9
17;2025-12-31;5;112
17;2025-12-31;6;471
17;2025-12-31;7;919
17;2025-12-31;8;1367
17;2025-12-31;9;1825
17;2025-12-31;10;1954
17;2025-12-31;11;2335
17;2025-12-31;12;2571
17;2025-12-31;13;2739
17;2025-12-31;14;2763
17;2025-12-31;15;2602
17;2025-12-31;16;2693
17;2025-12-31;17;2771
17;2025-12-31;18;2681
17;2025-12-31;19;2488
17;2025-12-31;20;1977
17;2025-12-31;21;1590
17;2025-12-31;22;941
17;2025-12-31;23;427
25;2025-12-31;0;17
25;2025-12-31;1;1
25;2025-12-31;2;0
25;2025-12-31;3;0
25;2025-12-31;4;0
25;2025-12-31;5;9
25;2025-12-31;6;50
25;2025-12-31;7;104
25;2025-12-31;8;190
25;2025-12-31;9;210
25;2025-12-31;10;234
25;2025-12-31;11;284
25;2025-12-31;12;333
25;2025-12-31;13;407
25;2025-12-31;14;433
25;2025-12-31;15;552
25;2025-12-31;16;462
25;2025-12-31;17;443
25;2025-12-31;18;427
25;2025-12-31;19;352
25;2025-12-31;20;255
25;2025-12-31;21;206
25;2025-12-31;22;115
25;2025-12-31;23;37
26;2025-12-31;0;57
26;2025-12-31;1;9
26;2025-12-31;2;0
26;2025-12-31;3;0
26;2025-12-31;4;4
26;2025-12-31;5;29
26;2025-12-31;6;178
26;2025-12-31;7;268
26;2025-12-31;8;381
26;2025-12-31;9;508
26;2025-12-31;10;577
26;2025-12-31;11;724
26;2025-12-31;12;725
26;2025-12-31;13;724
26;2025-12-31;14;693
26;2025-12-31;15;635
26;2025-12-31;16;652
26;2025-12-31;17;678
26;2025-12-31;18;681
26;2025-12-31;19;626
26;2025-12-31;20;488
26;2025-12-31;21;352
26;2025-12-31;22;217
26;2025-12-31;23;128
28;2025-12-31;0;3
28;2025-12-31;1;1
28;2025-12-31;2;0
28;2025-12-31;3;0
28;2025-12-31;4;2
28;2025-12-31;5;34
28;2025-12-31;6;82
28;2025-12-31;7;143
28;2025-12-31;8;232
28;2025-12-31;9;305
28;2025-12-31;10;335
28;2025-12-31;11;357
28;2025-12-31;12;412
28;2025-12-31;13;425
28;2025-12-31;14;440
28;2025-12-31;15;421
28;2025-12-31;16;391
28;2025-12-31;17;404
28;2025-12-31;18;391
28;2025-12-31;19;353
28;2025-12-31;20;288
28;2025-12-31;21;245
28;2025-12-31;22;110
28;2025-12-31;23;12
50;2025-12-31;0;53
50;2025-12-31;1;7
50;2025-12-31;2;0
50;2025-12-31;3;0
50;2025-12-31;4;4
50;2025-12-31;5;44
50;2025-12-31;6;178
50;2025-12-31;7;315
50;2025-12-31;8;462
50;2025-12-31;9;545
50;2025-12-31;10;616
50;2025-12-31;11;641
50;2025-12-31;12;628
50;2025-12-31;13;777
50;2025-12-31;14;717
50;2025-12-31;15;711
50;2025-12-31;16;657
50;2025-12-31;17;722
50;2025-12-31;18;728
50;2025-12-31;19;688
50;2025-12-31;20;598
50;2025-12-31;21;466
50;2025-12-31;22;254
50;2025-12-31;23;150
