route;date;hour;prediction
1;2025-11-01;0;6
1;2025-11-01;1;0
1;2025-11-01;2;0
1;2025-11-01;3;0
1;2025-11-01;4;7
1;2025-11-01;5;137
1;2025-11-01;6;533
1;2025-11-01;7;1537
1;2025-11-01;8;1835
1;2025-11-01;9;1438
1;2025-11-01;10;1293
1;2025-11-01;11;1394
1;2025-11-01;12;1383
1;2025-11-01;13;1443
1;2025-11-01;14;1369
1;2025-11-01;15;1527
1;2025-11-01;16;1600
1;2025-11-01;17;1740
1;2025-11-01;18;1555
1;2025-11-01;19;1212
1;2025-11-01;20;815
1;2025-11-01;21;506
1;2025-11-01;22;259
1;2025-11-01;23;53
1;2025-11-02;0;0
1;2025-11-02;1;0
1;2025-11-02;2;0
1;2025-11-02;3;0
1;2025-11-02;4;0
1;2025-11-02;5;25
1;2025-11-02;6;131
1;2025-11-02;7;257
1;2025-11-02;8;364
1;2025-11-02;9;604
1;2025-11-02;10;702
1;2025-11-02;11;682
1;2025-11-02;12;856
1;2025-11-02;13;866
1;2025-11-02;14;783
1;2025-11-02;15;704
1;2025-11-02;16;639
1;2025-11-02;17;592
1;2025-11-02;18;558
1;2025-11-02;19;475
1;2025-11-02;20;363
1;2025-11-02;21;255
1;2025-11-02;22;106
1;2025-11-02;23;28
1;2025-11-03;0;0
1;2025-11-03;1;0
1;2025-11-03;2;0
1;2025-11-03;3;0
1;2025-11-03;4;0
1;2025-11-03;5;25
1;2025-11-03;6;131
1;2025-11-03;7;257
1;2025-11-03;8;364
1;2025-11-03;9;604
1;2025-11-03;10;702
1;2025-11-03;11;682
1;2025-11-03;12;856
1;2025-11-03;13;866
1;2025-11-03;14;783
1;2025-11-03;15;704
1;2025-11-03;16;639
1;2025-11-03;17;592
1;2025-11-03;18;558
1;2025-11-03;19;475
1;2025-11-03;20;363
1;2025-11-03;21;255
1;2025-11-03;22;106
1;2025-11-03;23;28
1;2025-11-04;0;0
1;2025-11-04;1;0
1;2025-11-04;2;0
1;2025-11-04;3;0
1;2025-11-04;4;0
1;2025-11-04;5;25
1;2025-11-04;6;131
1;2025-11-04;7;257
1;2025-11-04;8;364
1;2025-11-04;9;604
1;2025-11-04;10;702
1;2025-11-04;11;682
1;2025-11-04;12;856
1;2025-11-04;13;866
1;2025-11-04;14;783
1;2025-11-04;15;704
1;2025-11-04;16;639
1;2025-11-04;17;592
1;2025-11-04;18;558
1;2025-11-04;19;475
1;2025-11-04;20;363
1;2025-11-04;21;255
1;2025-11-04;22;106
1;2025-11-04;23;28
1;2025-11-05;0;4
1;2025-11-05;1;0
1;2025-11-05;2;0
1;2025-11-05;3;0
1;2025-11-05;4;8
1;2025-11-05;5;139
1;2025-11-05;6;564
1;2025-11-05;7;1541
1;2025-11-05;8;1914
1;2025-11-05;9;1471
1;2025-11-05;10;1303
1;2025-11-05;11;1334
1;2025-11-05;12;1371
1;2025-11-05;13;1420
1;2025-11-05;14;1361
1;2025-11-05;15;1540
1;2025-11-05;16;1477
1;2025-11-05;17;1785
1;2025-11-05;18;1789
1;2025-11-05;19;1418
1;2025-11-05;20;890
1;2025-11-05;21;483
1;2025-11-05;22;261
1;2025-11-05;23;47
1;2025-11-06;0;5
1;2025-11-06;1;0
1;2025-11-06;2;0
1;2025-11-06;3;0
1;2025-11-06;4;8
1;2025-11-06;5;126
1;2025-11-06;6;532
1;2025-11-06;7;1523
1;2025-11-06;8;1956
1;2025-11-06;9;1493
1;2025-11-06;10;1322
1;2025-11-06;11;1376
1;2025-11-06;12;1402
1;2025-11-06;13;1430
1;2025-11-06;14;1385
1;2025-11-06;15;1538
1;2025-11-06;16;1533
1;2025-11-06;17;1785
1;2025-11-06;18;1787
1;2025-11-06;19;1380
1;2025-11-06;20;888
1;2025-11-06;21;508
1;2025-11-06;22;249
1;2025-11-06;23;56
1;2025-11-07;0;6
1;2025-11-07;1;0
1;2025-11-07;2;0
1;2025-11-07;3;0
1;2025-11-07;4;7
1;2025-11-07;5;137
1;2025-11-07;6;533
1;2025-11-07;7;1537
1;2025-11-07;8;1835
1;2025-11-07;9;1438
1;2025-11-07;10;1293
1;2025-11-07;11;1394
1;2025-11-07;12;1383
1;2025-11-07;13;1443
1;2025-11-07;14;1369
1;2025-11-07;15;1527
1;2025-11-07;16;1600
1;2025-11-07;17;1740
1;2025-11-07;18;1555
1;2025-11-07;19;1212
1;2025-11-07;20;815
1;2025-11-07;21;506
1;2025-11-07;22;259
1;2025-11-07;23;53
1;2025-11-08;0;5
1;2025-11-08;1;0
1;2025-11-08;2;0
1;2025-11-08;3;0
1;2025-11-08;4;0
1;2025-11-08;5;29
1;2025-11-08;6;170
1;2025-11-08;7;342
1;2025-11-08;8;475
1;2025-11-08;9;723
1;2025-11-08;10;836
1;2025-11-08;11;768
1;2025-11-08;12;974
1;2025-11-08;13;1001
1;2025-11-08;14;945
1;2025-11-08;15;821
1;2025-11-08;16;760
1;2025-11-08;17;697
1;2025-11-08;18;625
1;2025-11-08;19;575
1;2025-11-08;20;422
1;2025-11-08;21;298
1;2025-11-08;22;137
1;2025-11-08;23;31
1;2025-11-09;0;0
1;2025-11-09;1;0
1;2025-11-09;2;0
1;2025-11-09;3;0
1;2025-11-09;4;0
1;2025-11-09;5;25
1;2025-11-09;6;131
1;2025-11-09;7;257
1;2025-11-09;8;364
1;2025-11-09;9;604
1;2025-11-09;10;702
1;2025-11-09;11;682
1;2025-11-09;12;856
1;2025-11-09;13;866
1;2025-11-09;14;783
1;2025-11-09;15;704
1;2025-11-09;16;639
1;2025-11-09;17;592
1;2025-11-09;18;558
1;2025-11-09;19;475
1;2025-11-09;20;363
1;2025-11-09;21;255
1;2025-11-09;22;106
1;2025-11-09;23;28
1;2025-11-10;0;0
1;2025-11-10;1;0
1;2025-11-10;2;0
1;2025-11-10;3;0
1;2025-11-10;4;8
1;2025-11-10;5;133
1;2025-11-10;6;549
1;2025-11-10;7;1500
1;2025-11-10;8;1884
1;2025-11-10;9;1390
1;2025-11-10;10;1227
1;2025-11-10;11;1264
1;2025-11-10;12;1338
1;2025-11-10;13;1331
1;2025-11-10;14;1289
1;2025-11-10;15;1462
1;2025-11-10;16;1506
1;2025-11-10;17;1772
1;2025-11-10;18;1877
1;2025-11-10;19;1441
1;2025-11-10;20;872
1;2025-11-10;21;468
1;2025-11-10;22;218
1;2025-11-10;23;43
1;2025-11-11;0;3
1;2025-11-11;1;0
1;2025-11-11;2;0
1;2025-11-11;3;0
1;2025-11-11;4;7
1;2025-11-11;5;139
1;2025-11-11;6;566
1;2025-11-11;7;1590
1;2025-11-11;8;1928
1;2025-11-11;9;1495
1;2025-11-11;10;1340
1;2025-11-11;11;1346
1;2025-11-11;12;1374
1;2025-11-11;13;1414
1;2025-11-11;14;1336
1;2025-11-11;15;1448
1;2025-11-11;16;1498
1;2025-11-11;17;1760
1;2025-11-11;18;1791
1;2025-11-11;19;1421
1;2025-11-11;20;918
1;2025-11-11;21;488
1;2025-11-11;22;243
1;2025-11-11;23;45
1;2025-11-12;0;4
1;2025-11-12;1;0
1;2025-11-12;2;0
1;2025-11-12;3;0
1;2025-11-12;4;8
1;2025-11-12;5;139
1;2025-11-12;6;564
1;2025-11-12;7;1541
1;2025-11-12;8;1914
1;2025-11-12;9;1471
1;2025-11-12;10;1303
1;2025-11-12;11;1334
1;2025-11-12;12;1371
1;2025-11-12;13;1420
1;2025-11-12;14;1361
1;2025-11-12;15;1540
1;2025-11-12;16;1477
1;2025-11-12;17;1785
1;2025-11-12;18;1789
1;2025-11-12;19;1418
1;2025-11-12;20;890
1;2025-11-12;21;483
1;2025-11-12;22;261
1;2025-11-12;23;47
1;2025-11-13;0;5
1;2025-11-13;1;0
1;2025-11-13;2;0
1;2025-11-13;3;0
1;2025-11-13;4;8
1;2025-11-13;5;126
1;2025-11-13;6;532
1;2025-11-13;7;1523
1;2025-11-13;8;1956
1;2025-11-13;9;1493
1;2025-11-13;10;1322
1;2025-11-13;11;1376
1;2025-11-13;12;1402
1;2025-11-13;13;1430
1;2025-11-13;14;1385
1;2025-11-13;15;1538
1;2025-11-13;16;1533
1;2025-11-13;17;1785
1;2025-11-13;18;1787
1;2025-11-13;19;1380
1;2025-11-13;20;888
1;2025-11-13;21;508
1;2025-11-13;22;249
1;2025-11-13;23;56
1;2025-11-14;0;6
1;2025-11-14;1;0
1;2025-11-14;2;0
1;2025-11-14;3;0
1;2025-11-14;4;7
1;2025-11-14;5;137
1;2025-11-14;6;533
1;2025-11-14;7;1537
1;2025-11-14;8;1835
1;2025-11-14;9;1438
1;2025-11-14;10;1293
1;2025-11-14;11;1394
1;2025-11-14;12;1383
1;2025-11-14;13;1443
1;2025-11-14;14;1369
1;2025-11-14;15;1527
1;2025-11-14;16;1600
1;2025-11-14;17;1740
1;2025-11-14;18;1555
1;2025-11-14;19;1212
1;2025-11-14;20;815
1;2025-11-14;21;506
1;2025-11-14;22;259
1;2025-11-14;23;53
1;2025-11-15;0;5
1;2025-11-15;1;0
1;2025-11-15;2;0
1;2025-11-15;3;0
1;2025-11-15;4;0
1;2025-11-15;5;29
1;2025-11-15;6;170
1;2025-11-15;7;342
1;2025-11-15;8;475
1;2025-11-15;9;723
1;2025-11-15;10;836
1;2025-11-15;11;768
1;2025-11-15;12;974
1;2025-11-15;13;1001
1;2025-11-15;14;945
1;2025-11-15;15;821
1;2025-11-15;16;760
1;2025-11-15;17;697
1;2025-11-15;18;625
1;2025-11-15;19;575
1;2025-11-15;20;422
1;2025-11-15;21;298
1;2025-11-15;22;137
1;2025-11-15;23;31
1;2025-11-16;0;0
1;2025-11-16;1;0
1;2025-11-16;2;0
1;2025-11-16;3;0
1;2025-11-16;4;0
1;2025-11-16;5;25
1;2025-11-16;6;131
1;2025-11-16;7;257
1;2025-11-16;8;364
1;2025-11-16;9;604
1;2025-11-16;10;702
1;2025-11-16;11;682
1;2025-11-16;12;856
1;2025-11-16;13;866
1;2025-11-16;14;783
1;2025-11-16;15;704
1;2025-11-16;16;639
1;2025-11-16;17;592
1;2025-11-16;18;558
1;2025-11-16;19;475
1;2025-11-16;20;363
1;2025-11-16;21;255
1;2025-11-16;22;106
1;2025-11-16;23;28
1;2025-11-17;0;0
1;2025-11-17;1;0
1;2025-11-17;2;0
1;2025-11-17;3;0
1;2025-11-17;4;8
1;2025-11-17;5;133
1;2025-11-17;6;549
1;2025-11-17;7;1500
1;2025-11-17;8;1884
1;2025-11-17;9;1390
1;2025-11-17;10;1227
1;2025-11-17;11;1264
1;2025-11-17;12;1338
1;2025-11-17;13;1331
1;2025-11-17;14;1289
1;2025-11-17;15;1462
1;2025-11-17;16;1506
1;2025-11-17;17;1772
1;2025-11-17;18;1877
1;2025-11-17;19;1441
1;2025-11-17;20;872
1;2025-11-17;21;468
1;2025-11-17;22;218
1;2025-11-17;23;43
1;2025-11-18;0;3
1;2025-11-18;1;0
1;2025-11-18;2;0
1;2025-11-18;3;0
1;2025-11-18;4;7
1;2025-11-18;5;139
1;2025-11-18;6;566
1;2025-11-18;7;1590
1;2025-11-18;8;1928
1;2025-11-18;9;1495
1;2025-11-18;10;1340
1;2025-11-18;11;1346
1;2025-11-18;12;1374
1;2025-11-18;13;1414
1;2025-11-18;14;1336
1;2025-11-18;15;1448
1;2025-11-18;16;1498
1;2025-11-18;17;1760
1;2025-11-18;18;1791
1;2025-11-18;19;1421
1;2025-11-18;20;918
1;2025-11-18;21;488
1;2025-11-18;22;243
1;2025-11-18;23;45
1;2025-11-19;0;4
1;2025-11-19;1;0
1;2025-11-19;2;0
1;2025-11-19;3;0
1;2025-11-19;4;8
1;2025-11-19;5;139
1;2025-11-19;6;564
1;2025-11-19;7;1541
1;2025-11-19;8;1914
1;2025-11-19;9;1471
1;2025-11-19;10;1303
1;2025-11-19;11;1334
1;2025-11-19;12;1371
1;2025-11-19;13;1420
1;2025-11-19;14;1361
1;2025-11-19;15;1540
1;2025-11-19;16;1477
1;2025-11-19;17;1785
1;2025-11-19;18;1789
1;2025-11-19;19;1418
1;2025-11-19;20;890
1;2025-11-19;21;483
1;2025-11-19;22;261
1;2025-11-19;23;47
1;2025-11-20;0;5
1;2025-11-20;1;0
1;2025-11-20;2;0
1;2025-11-20;3;0
1;2025-11-20;4;8
1;2025-11-20;5;126
1;2025-11-20;6;532
1;2025-11-20;7;1523
1;2025-11-20;8;1956
1;2025-11-20;9;1493
1;2025-11-20;10;1322
1;2025-11-20;11;1376
1;2025-11-20;12;1402
1;2025-11-20;13;1430
1;2025-11-20;14;1385
1;2025-11-20;15;1538
1;2025-11-20;16;1533
1;2025-11-20;17;1785
1;2025-11-20;18;1787
1;2025-11-20;19;1380
1;2025-11-20;20;888
1;2025-11-20;21;508
1;2025-11-20;22;249
1;2025-11-20;23;56
1;2025-11-21;0;6
1;2025-11-21;1;0
1;2025-11-21;2;0
1;2025-11-21;3;0
1;2025-11-21;4;7
1;2025-11-21;5;137
1;2025-11-21;6;533
1;2025-11-21;7;1537
1;2025-11-21;8;1835
1;2025-11-21;9;1438
1;2025-11-21;10;1293
1;2025-11-21;11;1394
1;2025-11-21;12;1383
1;2025-11-21;13;1443
1;2025-11-21;14;1369
1;2025-11-21;15;1527
1;2025-11-21;16;1600
1;2025-11-21;17;1740
1;2025-11-21;18;1555
1;2025-11-21;19;1212
1;2025-11-21;20;815
1;2025-11-21;21;506
1;2025-11-21;22;259
1;2025-11-21;23;53
1;2025-11-22;0;5
1;2025-11-22;1;0
1;2025-11-22;2;0
1;2025-11-22;3;0
1;2025-11-22;4;0
1;2025-11-22;5;29
1;2025-11-22;6;170
1;2025-11-22;7;342
1;2025-11-22;8;475
1;2025-11-22;9;723
1;2025-11-22;10;836
1;2025-11-22;11;768
1;2025-11-22;12;974
1;2025-11-22;13;1001
1;2025-11-22;14;945
1;2025-11-22;15;821
1;2025-11-22;16;760
1;2025-11-22;17;697
1;2025-11-22;18;625
1;2025-11-22;19;575
1;2025-11-22;20;422
1;2025-11-22;21;298
1;2025-11-22;22;137
1;2025-11-22;23;31
1;2025-11-23;0;0
1;2025-11-23;1;0
1;2025-11-23;2;0
1;2025-11-23;3;0
1;2025-11-23;4;0
1;2025-11-23;5;25
1;2025-11-23;6;131
1;2025-11-23;7;257
1;2025-11-23;8;364
1;2025-11-23;9;604
1;2025-11-23;10;702
1;2025-11-23;11;682
1;2025-11-23;12;856
1;2025-11-23;13;866
1;2025-11-23;14;783
1;2025-11-23;15;704
1;2025-11-23;16;639
1;2025-11-23;17;592
1;2025-11-23;18;558
1;2025-11-23;19;475
1;2025-11-23;20;363
1;2025-11-23;21;255
1;2025-11-23;22;106
1;2025-11-23;23;28
1;2025-11-24;0;0
1;2025-11-24;1;0
1;2025-11-24;2;0
1;2025-11-24;3;0
1;2025-11-24;4;8
1;2025-11-24;5;133
1;2025-11-24;6;549
1;2025-11-24;7;1500
1;2025-11-24;8;1884
1;2025-11-24;9;1390
1;2025-11-24;10;1227
1;2025-11-24;11;1264
1;2025-11-24;12;1338
1;2025-11-24;13;1331
1;2025-11-24;14;1289
1;2025-11-24;15;1462
1;2025-11-24;16;1506
1;2025-11-24;17;1772
1;2025-11-24;18;1877
1;2025-11-24;19;1441
1;2025-11-24;20;872
1;2025-11-24;21;468
1;2025-11-24;22;218
1;2025-11-24;23;43
1;2025-11-25;0;3
1;2025-11-25;1;0
1;2025-11-25;2;0
1;2025-11-25;3;0
1;2025-11-25;4;7
1;2025-11-25;5;139
1;2025-11-25;6;566
1;2025-11-25;7;1590
1;2025-11-25;8;1928
1;2025-11-25;9;1495
1;2025-11-25;10;1340
1;2025-11-25;11;1346
1;2025-11-25;12;1374
1;2025-11-25;13;1414
1;2025-11-25;14;1336
1;2025-11-25;15;1448
1;2025-11-25;16;1498
1;2025-11-25;17;1760
1;2025-11-25;18;1791
1;2025-11-25;19;1421
1;2025-11-25;20;918
1;2025-11-25;21;488
1;2025-11-25;22;243
1;2025-11-25;23;45
1;2025-11-26;0;4
1;2025-11-26;1;0
1;2025-11-26;2;0
1;2025-11-26;3;0
1;2025-11-26;4;8
1;2025-11-26;5;139
1;2025-11-26;6;564
1;2025-11-26;7;1541
1;2025-11-26;8;1914
1;2025-11-26;9;1471
1;2025-11-26;10;1303
1;2025-11-26;11;1334
1;2025-11-26;12;1371
1;2025-11-26;13;1420
1;2025-11-26;14;1361
1;2025-11-26;15;1540
1;2025-11-26;16;1477
1;2025-11-26;17;1785
1;2025-11-26;18;1789
1;2025-11-26;19;1418
1;2025-11-26;20;890
1;2025-11-26;21;483
1;2025-11-26;22;261
1;2025-11-26;23;47
1;2025-11-27;0;5
1;2025-11-27;1;0
1;2025-11-27;2;0
1;2025-11-27;3;0
1;2025-11-27;4;8
1;2025-11-27;5;126
1;2025-11-27;6;532
1;2025-11-27;7;1523
1;2025-11-27;8;1956
1;2025-11-27;9;1493
1;2025-11-27;10;1322
1;2025-11-27;11;1376
1;2025-11-27;12;1402
1;2025-11-27;13;1430
1;2025-11-27;14;1385
1;2025-11-27;15;1538
1;2025-11-27;16;1533
1;2025-11-27;17;1785
1;2025-11-27;18;1787
1;2025-11-27;19;1380
1;2025-11-27;20;888
1;2025-11-27;21;508
1;2025-11-27;22;249
1;2025-11-27;23;56
1;2025-11-28;0;6
1;2025-11-28;1;0
1;2025-11-28;2;0
1;2025-11-28;3;0
1;2025-11-28;4;7
1;2025-11-28;5;137
1;2025-11-28;6;533
1;2025-11-28;7;1537
1;2025-11-28;8;1835
1;2025-11-28;9;1438
1;2025-11-28;10;1293
1;2025-11-28;11;1394
1;2025-11-28;12;1383
1;2025-11-28;13;1443
1;2025-11-28;14;1369
1;2025-11-28;15;1527
1;2025-11-28;16;1600
1;2025-11-28;17;1740
1;2025-11-28;18;1555
1;2025-11-28;19;1212
1;2025-11-28;20;815
1;2025-11-28;21;506
1;2025-11-28;22;259
1;2025-11-28;23;53
1;2025-11-29;0;5
1;2025-11-29;1;0
1;2025-11-29;2;0
1;2025-11-29;3;0
1;2025-11-29;4;0
1;2025-11-29;5;29
1;2025-11-29;6;170
1;2025-11-29;7;342
1;2025-11-29;8;475
1;2025-11-29;9;723
1;2025-11-29;10;836
1;2025-11-29;11;768
1;2025-11-29;12;974
1;2025-11-29;13;1001
1;2025-11-29;14;945
1;2025-11-29;15;821
1;2025-11-29;16;760
1;2025-11-29;17;697
1;2025-11-29;18;625
1;2025-11-29;19;575
1;2025-11-29;20;422
1;2025-11-29;21;298
1;2025-11-29;22;137
1;2025-11-29;23;31
1;2025-11-30;0;0
1;2025-11-30;1;0
1;2025-11-30;2;0
1;2025-11-30;3;0
1;2025-11-30;4;0
1;2025-11-30;5;25
1;2025-11-30;6;131
1;2025-11-30;7;257
1;2025-11-30;8;364
1;2025-11-30;9;604
1;2025-11-30;10;702
1;2025-11-30;11;682
1;2025-11-30;12;856
1;2025-11-30;13;866
1;2025-11-30;14;783
1;2025-11-30;15;704
1;2025-11-30;16;639
1;2025-11-30;17;592
1;2025-11-30;18;558
1;2025-11-30;19;475
1;2025-11-30;20;363
1;2025-11-30;21;255
1;2025-11-30;22;106
1;2025-11-30;23;28
1;2025-12-01;0;0
1;2025-12-01;1;0
1;2025-12-01;2;0
1;2025-12-01;3;0
1;2025-12-01;4;8
1;2025-12-01;5;133
1;2025-12-01;6;549
1;2025-12-01;7;1500
1;2025-12-01;8;1884
1;2025-12-01;9;1390
1;2025-12-01;10;1227
1;2025-12-01;11;1264
1;2025-12-01;12;1338
1;2025-12-01;13;1331
1;2025-12-01;14;1289
1;2025-12-01;15;1462
1;2025-12-01;16;1506
1;2025-12-01;17;1772
1;2025-12-01;18;1877
1;2025-12-01;19;1441
1;2025-12-01;20;872
1;2025-12-01;21;468
1;2025-12-01;22;218
1;2025-12-01;23;43
1;2025-12-02;0;3
1;2025-12-02;1;0
1;2025-12-02;2;0
1;2025-12-02;3;0
1;2025-12-02;4;7
1;2025-12-02;5;139
1;2025-12-02;6;566
1;2025-12-02;7;1590
1;2025-12-02;8;1928
1;2025-12-02;9;1495
1;2025-12-02;10;1340
1;2025-12-02;11;1346
1;2025-12-02;12;1374
1;2025-12-02;13;1414
1;2025-12-02;14;1336
1;2025-12-02;15;1448
1;2025-12-02;16;1498
1;2025-12-02;17;1760
1;2025-12-02;18;1791
1;2025-12-02;19;1421
1;2025-12-02;20;918
1;2025-12-02;21;488
1;2025-12-02;22;243
1;2025-12-02;23;45
1;2025-12-03;0;4
1;2025-12-03;1;0
1;2025-12-03;2;0
1;2025-12-03;3;0
1;2025-12-03;4;8
1;2025-12-03;5;139
1;2025-12-03;6;564
1;2025-12-03;7;1541
1;2025-12-03;8;1914
1;2025-12-03;9;1471
1;2025-12-03;10;1303
1;2025-12-03;11;1334
1;2025-12-03;12;1371
1;2025-12-03;13;1420
1;2025-12-03;14;1361
1;2025-12-03;15;1540
1;2025-12-03;16;1477
1;2025-12-03;17;1785
1;2025-12-03;18;1789
1;2025-12-03;19;1418
1;2025-12-03;20;890
1;2025-12-03;21;483
1;2025-12-03;22;261
1;2025-12-03;23;47
1;2025-12-04;0;5
1;2025-12-04;1;0
1;2025-12-04;2;0
1;2025-12-04;3;0
1;2025-12-04;4;8
1;2025-12-04;5;126
1;2025-12-04;6;532
1;2025-12-04;7;1523
1;2025-12-04;8;1956
1;2025-12-04;9;1493
1;2025-12-04;10;1322
1;2025-12-04;11;1376
1;2025-12-04;12;1402
1;2025-12-04;13;1430
1;2025-12-04;14;1385
1;2025-12-04;15;1538
1;2025-12-04;16;1533
1;2025-12-04;17;1785
1;2025-12-04;18;1787
1;2025-12-04;19;1380
1;2025-12-04;20;888
1;2025-12-04;21;508
1;2025-12-04;22;249
1;2025-12-04;23;56
1;2025-12-05;0;6
1;2025-12-05;1;0
1;2025-12-05;2;0
1;2025-12-05;3;0
1;2025-12-05;4;7
1;2025-12-05;5;137
1;2025-12-05;6;533
1;2025-12-05;7;1537
1;2025-12-05;8;1835
1;2025-12-05;9;1438
1;2025-12-05;10;1293
1;2025-12-05;11;1394
1;2025-12-05;12;1383
1;2025-12-05;13;1443
1;2025-12-05;14;1369
1;2025-12-05;15;1527
1;2025-12-05;16;1600
1;2025-12-05;17;1740
1;2025-12-05;18;1555
1;2025-12-05;19;1212
1;2025-12-05;20;815
1;2025-12-05;21;506
1;2025-12-05;22;259
1;2025-12-05;23;53
1;2025-12-06;0;5
1;2025-12-06;1;0
1;2025-12-06;2;0
1;2025-12-06;3;0
1;2025-12-06;4;0
1;2025-12-06;5;29
1;2025-12-06;6;170
1;2025-12-06;7;342
1;2025-12-06;8;475
1;2025-12-06;9;723
1;2025-12-06;10;836
1;2025-12-06;11;768
1;2025-12-06;12;974
1;2025-12-06;13;1001
1;2025-12-06;14;945
1;2025-12-06;15;821
1;2025-12-06;16;760
1;2025-12-06;17;697
1;2025-12-06;18;625
1;2025-12-06;19;575
1;2025-12-06;20;422
1;2025-12-06;21;298
1;2025-12-06;22;137
1;2025-12-06;23;31
1;2025-12-07;0;0
1;2025-12-07;1;0
1;2025-12-07;2;0
1;2025-12-07;3;0
1;2025-12-07;4;0
1;2025-12-07;5;25
1;2025-12-07;6;131
1;2025-12-07;7;257
1;2025-12-07;8;364
1;2025-12-07;9;604
1;2025-12-07;10;702
1;2025-12-07;11;682
1;2025-12-07;12;856
1;2025-12-07;13;866
1;2025-12-07;14;783
1;2025-12-07;15;704
1;2025-12-07;16;639
1;2025-12-07;17;592
1;2025-12-07;18;558
1;2025-12-07;19;475
1;2025-12-07;20;363
1;2025-12-07;21;255
1;2025-12-07;22;106
1;2025-12-07;23;28
1;2025-12-08;0;0
1;2025-12-08;1;0
1;2025-12-08;2;0
1;2025-12-08;3;0
1;2025-12-08;4;8
1;2025-12-08;5;133
1;2025-12-08;6;549
1;2025-12-08;7;1500
1;2025-12-08;8;1884
1;2025-12-08;9;1390
1;2025-12-08;10;1227
1;2025-12-08;11;1264
1;2025-12-08;12;1338
1;2025-12-08;13;1331
1;2025-12-08;14;1289
1;2025-12-08;15;1462
1;2025-12-08;16;1506
1;2025-12-08;17;1772
1;2025-12-08;18;1877
1;2025-12-08;19;1441
1;2025-12-08;20;872
1;2025-12-08;21;468
1;2025-12-08;22;218
1;2025-12-08;23;43
1;2025-12-09;0;3
1;2025-12-09;1;0
1;2025-12-09;2;0
1;2025-12-09;3;0
1;2025-12-09;4;7
1;2025-12-09;5;139
1;2025-12-09;6;566
1;2025-12-09;7;1590
1;2025-12-09;8;1928
1;2025-12-09;9;1495
1;2025-12-09;10;1340
1;2025-12-09;11;1346
1;2025-12-09;12;1374
1;2025-12-09;13;1414
1;2025-12-09;14;1336
1;2025-12-09;15;1448
1;2025-12-09;16;1498
1;2025-12-09;17;1760
1;2025-12-09;18;1791
1;2025-12-09;19;1421
1;2025-12-09;20;918
1;2025-12-09;21;488
1;2025-12-09;22;243
1;2025-12-09;23;45
1;2025-12-10;0;4
1;2025-12-10;1;0
1;2025-12-10;2;0
1;2025-12-10;3;0
1;2025-12-10;4;8
1;2025-12-10;5;139
1;2025-12-10;6;564
1;2025-12-10;7;1541
1;2025-12-10;8;1914
1;2025-12-10;9;1471
1;2025-12-10;10;1303
1;2025-12-10;11;1334
1;2025-12-10;12;1371
1;2025-12-10;13;1420
1;2025-12-10;14;1361
1;2025-12-10;15;1540
1;2025-12-10;16;1477
1;2025-12-10;17;1785
1;2025-12-10;18;1789
1;2025-12-10;19;1418
1;2025-12-10;20;890
1;2025-12-10;21;483
1;2025-12-10;22;261
1;2025-12-10;23;47
1;2025-12-11;0;5
1;2025-12-11;1;0
1;2025-12-11;2;0
1;2025-12-11;3;0
1;2025-12-11;4;8
1;2025-12-11;5;126
1;2025-12-11;6;532
1;2025-12-11;7;1523
1;2025-12-11;8;1956
1;2025-12-11;9;1493
1;2025-12-11;10;1322
1;2025-12-11;11;1376
1;2025-12-11;12;1402
1;2025-12-11;13;1430
1;2025-12-11;14;1385
1;2025-12-11;15;1538
1;2025-12-11;16;1533
1;2025-12-11;17;1785
1;2025-12-11;18;1787
1;2025-12-11;19;1380
1;2025-12-11;20;888
1;2025-12-11;21;508
1;2025-12-11;22;249
1;2025-12-11;23;56
1;2025-12-12;0;6
1;2025-12-12;1;0
1;2025-12-12;2;0
1;2025-12-12;3;0
1;2025-12-12;4;7
1;2025-12-12;5;137
1;2025-12-12;6;533
1;2025-12-12;7;1537
1;2025-12-12;8;1835
1;2025-12-12;9;1438
1;2025-12-12;10;1293
1;2025-12-12;11;1394
1;2025-12-12;12;1383
1;2025-12-12;13;1443
1;2025-12-12;14;1369
1;2025-12-12;15;1527
1;2025-12-12;16;1600
1;2025-12-12;17;1740
1;2025-12-12;18;1555
1;2025-12-12;19;1212
1;2025-12-12;20;815
1;2025-12-12;21;506
1;2025-12-12;22;259
1;2025-12-12;23;53
1;2025-12-13;0;5
1;2025-12-13;1;0
1;2025-12-13;2;0
1;2025-12-13;3;0
1;2025-12-13;4;0
1;2025-12-13;5;29
1;2025-12-13;6;170
1;2025-12-13;7;342
1;2025-12-13;8;475
1;2025-12-13;9;723
1;2025-12-13;10;836
1;2025-12-13;11;768
1;2025-12-13;12;974
1;2025-12-13;13;1001
1;2025-12-13;14;945
1;2025-12-13;15;821
1;2025-12-13;16;760
1;2025-12-13;17;697
1;2025-12-13;18;625
1;2025-12-13;19;575
1;2025-12-13;20;422
1;2025-12-13;21;298
1;2025-12-13;22;137
1;2025-12-13;23;31
1;2025-12-14;0;0
1;2025-12-14;1;0
1;2025-12-14;2;0
1;2025-12-14;3;0
1;2025-12-14;4;0
1;2025-12-14;5;25
1;2025-12-14;6;131
1;2025-12-14;7;257
1;2025-12-14;8;364
1;2025-12-14;9;604
1;2025-12-14;10;702
1;2025-12-14;11;682
1;2025-12-14;12;856
1;2025-12-14;13;866
1;2025-12-14;14;783
1;2025-12-14;15;704
1;2025-12-14;16;639
1;2025-12-14;17;592
1;2025-12-14;18;558
1;2025-12-14;19;475
1;2025-12-14;20;363
1;2025-12-14;21;255
1;2025-12-14;22;106
1;2025-12-14;23;28
1;2025-12-15;0;0
1;2025-12-15;1;0
1;2025-12-15;2;0
1;2025-12-15;3;0
1;2025-12-15;4;8
1;2025-12-15;5;133
1;2025-12-15;6;549
1;2025-12-15;7;1500
1;2025-12-15;8;1884
1;2025-12-15;9;1390
1;2025-12-15;10;1227
1;2025-12-15;11;1264
1;2025-12-15;12;1338
1;2025-12-15;13;1331
1;2025-12-15;14;1289
1;2025-12-15;15;1462
1;2025-12-15;16;1506
1;2025-12-15;17;1772
1;2025-12-15;18;1877
1;2025-12-15;19;1441
1;2025-12-15;20;872
1;2025-12-15;21;468
1;2025-12-15;22;218
1;2025-12-15;23;43
1;2025-12-16;0;3
1;2025-12-16;1;0
1;2025-12-16;2;0
1;2025-12-16;3;0
1;2025-12-16;4;7
1;2025-12-16;5;139
1;2025-12-16;6;566
1;2025-12-16;7;1590
1;2025-12-16;8;1928
1;2025-12-16;9;1495
1;2025-12-16;10;1340
1;2025-12-16;11;1346
1;2025-12-16;12;1374
1;2025-12-16;13;1414
1;2025-12-16;14;1336
1;2025-12-16;15;1448
1;2025-12-16;16;1498
1;2025-12-16;17;1760
1;2025-12-16;18;1791
1;2025-12-16;19;1421
1;2025-12-16;20;918
1;2025-12-16;21;488
1;2025-12-16;22;243
1;2025-12-16;23;45
1;2025-12-17;0;4
1;2025-12-17;1;0
1;2025-12-17;2;0
1;2025-12-17;3;0
1;2025-12-17;4;8
1;2025-12-17;5;139
1;2025-12-17;6;564
1;2025-12-17;7;1541
1;2025-12-17;8;1914
1;2025-12-17;9;1471
1;2025-12-17;10;1303
1;2025-12-17;11;1334
1;2025-12-17;12;1371
1;2025-12-17;13;1420
1;2025-12-17;14;1361
1;2025-12-17;15;1540
1;2025-12-17;16;1477
1;2025-12-17;17;1785
1;2025-12-17;18;1789
1;2025-12-17;19;1418
1;2025-12-17;20;890
1;2025-12-17;21;483
1;2025-12-17;22;261
1;2025-12-17;23;47
1;2025-12-18;0;5
1;2025-12-18;1;0
1;2025-12-18;2;0
1;2025-12-18;3;0
1;2025-12-18;4;8
1;2025-12-18;5;126
1;2025-12-18;6;532
1;2025-12-18;7;1523
1;2025-12-18;8;1956
1;2025-12-18;9;1493
1;2025-12-18;10;1322
1;2025-12-18;11;1376
1;2025-12-18;12;1402
1;2025-12-18;13;1430
1;2025-12-18;14;1385
1;2025-12-18;15;1538
1;2025-12-18;16;1533
1;2025-12-18;17;1785
1;2025-12-18;18;1787
1;2025-12-18;19;1380
1;2025-12-18;20;888
1;2025-12-18;21;508
1;2025-12-18;22;249
1;2025-12-18;23;56
1;2025-12-19;0;6
1;2025-12-19;1;0
1;2025-12-19;2;0
1;2025-12-19;3;0
1;2025-12-19;4;7
1;2025-12-19;5;137
1;2025-12-19;6;533
1;2025-12-19;7;1537
1;2025-12-19;8;1835
1;2025-12-19;9;1438
1;2025-12-19;10;1293
1;2025-12-19;11;1394
1;2025-12-19;12;1383
1;2025-12-19;13;1443
1;2025-12-19;14;1369
1;2025-12-19;15;1527
1;2025-12-19;16;1600
1;2025-12-19;17;1740
1;2025-12-19;18;1555
1;2025-12-19;19;1212
1;2025-12-19;20;815
1;2025-12-19;21;506
1;2025-12-19;22;259
1;2025-12-19;23;53
1;2025-12-20;0;5
1;2025-12-20;1;0
1;2025-12-20;2;0
1;2025-12-20;3;0
1;2025-12-20;4;0
1;2025-12-20;5;29
1;2025-12-20;6;170
1;2025-12-20;7;342
1;2025-12-20;8;475
1;2025-12-20;9;723
1;2025-12-20;10;836
1;2025-12-20;11;768
1;2025-12-20;12;974
1;2025-12-20;13;1001
1;2025-12-20;14;945
1;2025-12-20;15;821
1;2025-12-20;16;760
1;2025-12-20;17;697
1;2025-12-20;18;625
1;2025-12-20;19;575
1;2025-12-20;20;422
1;2025-12-20;21;298
1;2025-12-20;22;137
1;2025-12-20;23;31
1;2025-12-21;0;0
1;2025-12-21;1;0
1;2025-12-21;2;0
1;2025-12-21;3;0
1;2025-12-21;4;0
1;2025-12-21;5;25
1;2025-12-21;6;131
1;2025-12-21;7;257
1;2025-12-21;8;364
1;2025-12-21;9;604
1;2025-12-21;10;702
1;2025-12-21;11;682
1;2025-12-21;12;856
1;2025-12-21;13;866
1;2025-12-21;14;783
1;2025-12-21;15;704
1;2025-12-21;16;639
1;2025-12-21;17;592
1;2025-12-21;18;558
1;2025-12-21;19;475
1;2025-12-21;20;363
1;2025-12-21;21;255
1;2025-12-21;22;106
1;2025-12-21;23;28
1;2025-12-22;0;0
1;2025-12-22;1;0
1;2025-12-22;2;0
1;2025-12-22;3;0
1;2025-12-22;4;8
1;2025-12-22;5;133
1;2025-12-22;6;549
1;2025-12-22;7;1500
1;2025-12-22;8;1884
1;2025-12-22;9;1390
1;2025-12-22;10;1227
1;2025-12-22;11;1264
1;2025-12-22;12;1338
1;2025-12-22;13;1331
1;2025-12-22;14;1289
1;2025-12-22;15;1462
1;2025-12-22;16;1506
1;2025-12-22;17;1772
1;2025-12-22;18;1877
1;2025-12-22;19;1441
1;2025-12-22;20;872
1;2025-12-22;21;468
1;2025-12-22;22;218
1;2025-12-22;23;43
1;2025-12-23;0;3
1;2025-12-23;1;0
1;2025-12-23;2;0
1;2025-12-23;3;0
1;2025-12-23;4;7
1;2025-12-23;5;139
1;2025-12-23;6;566
1;2025-12-23;7;1590
1;2025-12-23;8;1928
1;2025-12-23;9;1495
1;2025-12-23;10;1340
1;2025-12-23;11;1346
1;2025-12-23;12;1374
1;2025-12-23;13;1414
1;2025-12-23;14;1336
1;2025-12-23;15;1448
1;2025-12-23;16;1498
1;2025-12-23;17;1760
1;2025-12-23;18;1791
1;2025-12-23;19;1421
1;2025-12-23;20;918
1;2025-12-23;21;488
1;2025-12-23;22;243
1;2025-12-23;23;45
1;2025-12-24;0;4
1;2025-12-24;1;0
1;2025-12-24;2;0
1;2025-12-24;3;0
1;2025-12-24;4;8
1;2025-12-24;5;139
1;2025-12-24;6;564
1;2025-12-24;7;1541
1;2025-12-24;8;1914
1;2025-12-24;9;1471
1;2025-12-24;10;1303
1;2025-12-24;11;1334
1;2025-12-24;12;1371
1;2025-12-24;13;1420
1;2025-12-24;14;1361
1;2025-12-24;15;1540
1;2025-12-24;16;1477
1;2025-12-24;17;1785
1;2025-12-24;18;1789
1;2025-12-24;19;1418
1;2025-12-24;20;890
1;2025-12-24;21;483
1;2025-12-24;22;261
1;2025-12-24;23;47
1;2025-12-25;0;5
1;2025-12-25;1;0
1;2025-12-25;2;0
1;2025-12-25;3;0
1;2025-12-25;4;8
1;2025-12-25;5;126
1;2025-12-25;6;532
1;2025-12-25;7;1523
1;2025-12-25;8;1956
1;2025-12-25;9;1493
1;2025-12-25;10;1322
1;2025-12-25;11;1376
1;2025-12-25;12;1402
1;2025-12-25;13;1430
1;2025-12-25;14;1385
1;2025-12-25;15;1538
1;2025-12-25;16;1533
1;2025-12-25;17;1785
1;2025-12-25;18;1787
1;2025-12-25;19;1380
1;2025-12-25;20;888
1;2025-12-25;21;508
1;2025-12-25;22;249
1;2025-12-25;23;56
1;2025-12-26;0;6
1;2025-12-26;1;0
1;2025-12-26;2;0
1;2025-12-26;3;0
1;2025-12-26;4;7
1;2025-12-26;5;137
1;2025-12-26;6;533
1;2025-12-26;7;1537
1;2025-12-26;8;1835
1;2025-12-26;9;1438
1;2025-12-26;10;1293
1;2025-12-26;11;1394
1;2025-12-26;12;1383
1;2025-12-26;13;1443
1;2025-12-26;14;1369
1;2025-12-26;15;1527
1;2025-12-26;16;1600
1;2025-12-26;17;1740
1;2025-12-26;18;1555
1;2025-12-26;19;1212
1;2025-12-26;20;815
1;2025-12-26;21;506
1;2025-12-26;22;259
1;2025-12-26;23;53
1;2025-12-27;0;5
1;2025-12-27;1;0
1;2025-12-27;2;0
1;2025-12-27;3;0
1;2025-12-27;4;0
1;2025-12-27;5;29
1;2025-12-27;6;170
1;2025-12-27;7;342
1;2025-12-27;8;475
1;2025-12-27;9;723
1;2025-12-27;10;836
1;2025-12-27;11;768
1;2025-12-27;12;974
1;2025-12-27;13;1001
1;2025-12-27;14;945
1;2025-12-27;15;821
1;2025-12-27;16;760
1;2025-12-27;17;697
1;2025-12-27;18;625
1;2025-12-27;19;575
1;2025-12-27;20;422
1;2025-12-27;21;298
1;2025-12-27;22;137
1;2025-12-27;23;31
1;2025-12-28;0;0
1;2025-12-28;1;0
1;2025-12-28;2;0
1;2025-12-28;3;0
1;2025-12-28;4;0
1;2025-12-28;5;25
1;2025-12-28;6;131
1;2025-12-28;7;257
1;2025-12-28;8;364
1;2025-12-28;9;604
1;2025-12-28;10;702
1;2025-12-28;11;682
1;2025-12-28;12;856
1;2025-12-28;13;866
1;2025-12-28;14;783
1;2025-12-28;15;704
1;2025-12-28;16;639
1;2025-12-28;17;592
1;2025-12-28;18;558
1;2025-12-28;19;475
1;2025-12-28;20;363
1;2025-12-28;21;255
1;2025-12-28;22;106
1;2025-12-28;23;28
1;2025-12-29;0;0
1;2025-12-29;1;0
1;2025-12-29;2;0
1;2025-12-29;3;0
1;2025-12-29;4;8
1;2025-12-29;5;133
1;2025-12-29;6;549
1;2025-12-29;7;1500
1;2025-12-29;8;1884
1;2025-12-29;9;1390
1;2025-12-29;10;1227
1;2025-12-29;11;1264
1;2025-12-29;12;1338
1;2025-12-29;13;1331
1;2025-12-29;14;1289
1;2025-12-29;15;1462
1;2025-12-29;16;1506
1;2025-12-29;17;1772
1;2025-12-29;18;1877
1;2025-12-29;19;1441
1;2025-12-29;20;872
1;2025-12-29;21;468
1;2025-12-29;22;218
1;2025-12-29;23;43
1;2025-12-30;0;3
1;2025-12-30;1;0
1;2025-12-30;2;0
1;2025-12-30;3;0
1;2025-12-30;4;7
1;2025-12-30;5;139
1;2025-12-30;6;566
1;2025-12-30;7;1590
1;2025-12-30;8;1928
1;2025-12-30;9;1495
1;2025-12-30;10;1340
1;2025-12-30;11;1346
1;2025-12-30;12;1374
1;2025-12-30;13;1414
1;2025-12-30;14;1336
1;2025-12-30;15;1448
1;2025-12-30;16;1498
1;2025-12-30;17;1760
1;2025-12-30;18;1791
1;2025-12-30;19;1421
1;2025-12-30;20;918
1;2025-12-30;21;488
1;2025-12-30;22;243
1;2025-12-30;23;45
1;2025-12-31;0;0
1;2025-12-31;1;0
1;2025-12-31;2;0
1;2025-12-31;3;0
1;2025-12-31;4;0
1;2025-12-31;5;25
1;2025-12-31;6;131
1;2025-12-31;7;257
1;2025-12-31;8;364
1;2025-12-31;9;604
1;2025-12-31;10;702
1;2025-12-31;11;682
1;2025-12-31;12;856
1;2025-12-31;13;866
1;2025-12-31;14;783
1;2025-12-31;15;704
1;2025-12-31;16;639
1;2025-12-31;17;592
1;2025-12-31;18;558
1;2025-12-31;19;475
1;2025-12-31;20;363
1;2025-12-31;21;255
1;2025-12-31;22;106
1;2025-12-31;23;28
5;2025-11-01;0;0
5;2025-11-01;1;0
5;2025-11-01;2;0
5;2025-11-01;3;0
5;2025-11-01;4;0
5;2025-11-01;5;0
5;2025-11-01;6;0
5;2025-11-01;7;0
5;2025-11-01;8;0
5;2025-11-01;9;0
5;2025-11-01;10;0
5;2025-11-01;11;0
5;2025-11-01;12;0
5;2025-11-01;13;0
5;2025-11-01;14;0
5;2025-11-01;15;0
5;2025-11-01;16;0
5;2025-11-01;17;0
5;2025-11-01;18;0
5;2025-11-01;19;0
5;2025-11-01;20;0
5;2025-11-01;21;0
5;2025-11-01;22;0
5;2025-11-01;23;0
5;2025-11-02;0;0
5;2025-11-02;1;0
5;2025-11-02;2;0
5;2025-11-02;3;0
5;2025-11-02;4;0
5;2025-11-02;5;0
5;2025-11-02;6;0
5;2025-11-02;7;0
5;2025-11-02;8;0
5;2025-11-02;9;0
5;2025-11-02;10;0
5;2025-11-02;11;0
5;2025-11-02;12;0
5;2025-11-02;13;0
5;2025-11-02;14;0
5;2025-11-02;15;0
5;2025-11-02;16;0
5;2025-11-02;17;0
5;2025-11-02;18;0
5;2025-11-02;19;0
5;2025-11-02;20;0
5;2025-11-02;21;0
5;2025-11-02;22;0
5;2025-11-02;23;0
5;2025-11-03;0;0
5;2025-11-03;1;0
5;2025-11-03;2;0
5;2025-11-03;3;0
5;2025-11-03;4;0
5;2025-11-03;5;0
5;2025-11-03;6;0
5;2025-11-03;7;0
5;2025-11-03;8;0
5;2025-11-03;9;0
5;2025-11-03;10;0
5;2025-11-03;11;0
5;2025-11-03;12;0
5;2025-11-03;13;0
5;2025-11-03;14;0
5;2025-11-03;15;0
5;2025-11-03;16;0
5;2025-11-03;17;0
5;2025-11-03;18;0
5;2025-11-03;19;0
5;2025-11-03;20;0
5;2025-11-03;21;0
5;2025-11-03;22;0
5;2025-11-03;23;0
5;2025-11-04;0;0
5;2025-11-04;1;0
5;2025-11-04;2;0
5;2025-11-04;3;0
5;2025-11-04;4;0
5;2025-11-04;5;0
5;2025-11-04;6;0
5;2025-11-04;7;0
5;2025-11-04;8;0
5;2025-11-04;9;0
5;2025-11-04;10;0
5;2025-11-04;11;0
5;2025-11-04;12;0
5;2025-11-04;13;0
5;2025-11-04;14;0
5;2025-11-04;15;0
5;2025-11-04;16;0
5;2025-11-04;17;0
5;2025-11-04;18;0
5;2025-11-04;19;0
5;2025-11-04;20;0
5;2025-11-04;21;0
5;2025-11-04;22;0
5;2025-11-04;23;0
5;2025-11-05;0;0
5;2025-11-05;1;0
5;2025-11-05;2;0
5;2025-11-05;3;0
5;2025-11-05;4;0
5;2025-11-05;5;0
5;2025-11-05;6;0
5;2025-11-05;7;0
5;2025-11-05;8;0
5;2025-11-05;9;0
5;2025-11-05;10;0
5;2025-11-05;11;0
5;2025-11-05;12;0
5;2025-11-05;13;0
5;2025-11-05;14;0
5;2025-11-05;15;0
5;2025-11-05;16;0
5;2025-11-05;17;0
5;2025-11-05;18;0
5;2025-11-05;19;0
5;2025-11-05;20;0
5;2025-11-05;21;0
5;2025-11-05;22;0
5;2025-11-05;23;0
5;2025-11-06;0;0
5;2025-11-06;1;0
5;2025-11-06;2;0
5;2025-11-06;3;0
5;2025-11-06;4;0
5;2025-11-06;5;0
5;2025-11-06;6;0
5;2025-11-06;7;0
5;2025-11-06;8;0
5;2025-11-06;9;0
5;2025-11-06;10;0
5;2025-11-06;11;0
5;2025-11-06;12;0
5;2025-11-06;13;0
5;2025-11-06;14;0
5;2025-11-06;15;0
5;2025-11-06;16;0
5;2025-11-06;17;0
5;2025-11-06;18;0
5;2025-11-06;19;0
5;2025-11-06;20;0
5;2025-11-06;21;0
5;2025-11-06;22;0
5;2025-11-06;23;0
5;2025-11-07;0;0
5;2025-11-07;1;0
5;2025-11-07;2;0
5;2025-11-07;3;0
5;2025-11-07;4;0
5;2025-11-07;5;0
5;2025-11-07;6;0
5;2025-11-07;7;0
5;2025-11-07;8;0
5;2025-11-07;9;0
5;2025-11-07;10;0
5;2025-11-07;11;0
5;2025-11-07;12;0
5;2025-11-07;13;0
5;2025-11-07;14;0
5;2025-11-07;15;0
5;2025-11-07;16;0
5;2025-11-07;17;0
5;2025-11-07;18;0
5;2025-11-07;19;0
5;2025-11-07;20;0
5;2025-11-07;21;0
5;2025-11-07;22;0
5;2025-11-07;23;0
5;2025-11-08;0;0
5;2025-11-08;1;0
5;2025-11-08;2;0
5;2025-11-08;3;0
5;2025-11-08;4;0
5;2025-11-08;5;0
5;2025-11-08;6;0
5;2025-11-08;7;0
5;2025-11-08;8;0
5;2025-11-08;9;0
5;2025-11-08;10;0
5;2025-11-08;11;0
5;2025-11-08;12;0
5;2025-11-08;13;0
5;2025-11-08;14;0
5;2025-11-08;15;0
5;2025-11-08;16;0
5;2025-11-08;17;0
5;2025-11-08;18;0
5;2025-11-08;19;0
5;2025-11-08;20;0
5;2025-11-08;21;0
5;2025-11-08;22;0
5;2025-11-08;23;0
5;2025-11-09;0;0
5;2025-11-09;1;0
5;2025-11-09;2;0
5;2025-11-09;3;0
5;2025-11-09;4;0
5;2025-11-09;5;0
5;2025-11-09;6;0
5;2025-11-09;7;0
5;2025-11-09;8;0
5;2025-11-09;9;0
5;2025-11-09;10;0
5;2025-11-09;11;0
5;2025-11-09;12;0
5;2025-11-09;13;0
5;2025-11-09;14;0
5;2025-11-09;15;0
5;2025-11-09;16;0
5;2025-11-09;17;0
5;2025-11-09;18;0
5;2025-11-09;19;0
5;2025-11-09;20;0
5;2025-11-09;21;0
5;2025-11-09;22;0
5;2025-11-09;23;0
5;2025-11-10;0;0
5;2025-11-10;1;0
5;2025-11-10;2;0
5;2025-11-10;3;0
5;2025-11-10;4;0
5;2025-11-10;5;0
5;2025-11-10;6;0
5;2025-11-10;7;0
5;2025-11-10;8;0
5;2025-11-10;9;0
5;2025-11-10;10;0
5;2025-11-10;11;0
5;2025-11-10;12;0
5;2025-11-10;13;0
5;2025-11-10;14;0
5;2025-11-10;15;0
5;2025-11-10;16;0
5;2025-11-10;17;0
5;2025-11-10;18;0
5;2025-11-10;19;0
5;2025-11-10;20;0
5;2025-11-10;21;0
5;2025-11-10;22;0
5;2025-11-10;23;0
5;2025-11-11;0;0
5;2025-11-11;1;0
5;2025-11-11;2;0
5;2025-11-11;3;0
5;2025-11-11;4;0
5;2025-11-11;5;0
5;2025-11-11;6;0
5;2025-11-11;7;0
5;2025-11-11;8;0
5;2025-11-11;9;0
5;2025-11-11;10;0
5;2025-11-11;11;0
5;2025-11-11;12;0
5;2025-11-11;13;0
5;2025-11-11;14;0
5;2025-11-11;15;0
5;2025-11-11;16;0
5;2025-11-11;17;0
5;2025-11-11;18;0
5;2025-11-11;19;0
5;2025-11-11;20;0
5;2025-11-11;21;0
5;2025-11-11;22;0
5;2025-11-11;23;0
5;2025-11-12;0;0
5;2025-11-12;1;0
5;2025-11-12;2;0
5;2025-11-12;3;0
5;2025-11-12;4;0
5;2025-11-12;5;0
5;2025-11-12;6;0
5;2025-11-12;7;0
5;2025-11-12;8;0
5;2025-11-12;9;0
5;2025-11-12;10;0
5;2025-11-12;11;0
5;2025-11-12;12;0
5;2025-11-12;13;0
5;2025-11-12;14;0
5;2025-11-12;15;0
5;2025-11-12;16;0
5;2025-11-12;17;0
5;2025-11-12;18;0
5;2025-11-12;19;0
5;2025-11-12;20;0
5;2025-11-12;21;0
5;2025-11-12;22;0
5;2025-11-12;23;0
5;2025-11-13;0;0
5;2025-11-13;1;0
5;2025-11-13;2;0
5;2025-11-13;3;0
5;2025-11-13;4;0
5;2025-11-13;5;0
5;2025-11-13;6;0
5;2025-11-13;7;0
5;2025-11-13;8;0
5;2025-11-13;9;0
5;2025-11-13;10;0
5;2025-11-13;11;0
5;2025-11-13;12;0
5;2025-11-13;13;0
5;2025-11-13;14;0
5;2025-11-13;15;0
5;2025-11-13;16;0
5;2025-11-13;17;0
5;2025-11-13;18;0
5;2025-11-13;19;0
5;2025-11-13;20;0
5;2025-11-13;21;0
5;2025-11-13;22;0
5;2025-11-13;23;0
5;2025-11-14;0;0
5;2025-11-14;1;0
5;2025-11-14;2;0
5;2025-11-14;3;0
5;2025-11-14;4;0
5;2025-11-14;5;0
5;2025-11-14;6;0
5;2025-11-14;7;0
5;2025-11-14;8;0
5;2025-11-14;9;0
5;2025-11-14;10;0
5;2025-11-14;11;0
5;2025-11-14;12;0
5;2025-11-14;13;0
5;2025-11-14;14;0
5;2025-11-14;15;0
5;2025-11-14;16;0
5;2025-11-14;17;0
5;2025-11-14;18;0
5;2025-11-14;19;0
5;2025-11-14;20;0
5;2025-11-14;21;0
5;2025-11-14;22;0
5;2025-11-14;23;0
5;2025-11-15;0;0
5;2025-11-15;1;0
5;2025-11-15;2;0
5;2025-11-15;3;0
5;2025-11-15;4;0
5;2025-11-15;5;0
5;2025-11-15;6;0
5;2025-11-15;7;0
5;2025-11-15;8;0
5;2025-11-15;9;0
5;2025-11-15;10;0
5;2025-11-15;11;0
5;2025-11-15;12;0
5;2025-11-15;13;0
5;2025-11-15;14;0
5;2025-11-15;15;0
5;2025-11-15;16;0
5;2025-11-15;17;0
5;2025-11-15;18;0
5;2025-11-15;19;0
5;2025-11-15;20;0
5;2025-11-15;21;0
5;2025-11-15;22;0
5;2025-11-15;23;0
5;2025-11-16;0;0
5;2025-11-16;1;0
5;2025-11-16;2;0
5;2025-11-16;3;0
5;2025-11-16;4;0
5;2025-11-16;5;0
5;2025-11-16;6;0
5;2025-11-16;7;0
5;2025-11-16;8;0
5;2025-11-16;9;0
5;2025-11-16;10;0
5;2025-11-16;11;0
5;2025-11-16;12;0
5;2025-11-16;13;0
5;2025-11-16;14;0
5;2025-11-16;15;0
5;2025-11-16;16;0
5;2025-11-16;17;0
5;2025-11-16;18;0
5;2025-11-16;19;0
5;2025-11-16;20;0
5;2025-11-16;21;0
5;2025-11-16;22;0
5;2025-11-16;23;0
5;2025-11-17;0;0
5;2025-11-17;1;0
5;2025-11-17;2;0
5;2025-11-17;3;0
5;2025-11-17;4;0
5;2025-11-17;5;0
5;2025-11-17;6;0
5;2025-11-17;7;0
5;2025-11-17;8;0
5;2025-11-17;9;0
5;2025-11-17;10;0
5;2025-11-17;11;0
5;2025-11-17;12;0
5;2025-11-17;13;0
5;2025-11-17;14;0
5;2025-11-17;15;0
5;2025-11-17;16;0
5;2025-11-17;17;0
5;2025-11-17;18;0
5;2025-11-17;19;0
5;2025-11-17;20;0
5;2025-11-17;21;0
5;2025-11-17;22;0
5;2025-11-17;23;0
5;2025-11-18;0;0
5;2025-11-18;1;0
5;2025-11-18;2;0
5;2025-11-18;3;0
5;2025-11-18;4;0
5;2025-11-18;5;0
5;2025-11-18;6;0
5;2025-11-18;7;0
5;2025-11-18;8;0
5;2025-11-18;9;0
5;2025-11-18;10;0
5;2025-11-18;11;0
5;2025-11-18;12;0
5;2025-11-18;13;0
5;2025-11-18;14;0
5;2025-11-18;15;0
5;2025-11-18;16;0
5;2025-11-18;17;0
5;2025-11-18;18;0
5;2025-11-18;19;0
5;2025-11-18;20;0
5;2025-11-18;21;0
5;2025-11-18;22;0
5;2025-11-18;23;0
5;2025-11-19;0;0
5;2025-11-19;1;0
5;2025-11-19;2;0
5;2025-11-19;3;0
5;2025-11-19;4;0
5;2025-11-19;5;0
5;2025-11-19;6;0
5;2025-11-19;7;0
5;2025-11-19;8;0
5;2025-11-19;9;0
5;2025-11-19;10;0
5;2025-11-19;11;0
5;2025-11-19;12;0
5;2025-11-19;13;0
5;2025-11-19;14;0
5;2025-11-19;15;0
5;2025-11-19;16;0
5;2025-11-19;17;0
5;2025-11-19;18;0
5;2025-11-19;19;0
5;2025-11-19;20;0
5;2025-11-19;21;0
5;2025-11-19;22;0
5;2025-11-19;23;0
5;2025-11-20;0;0
5;2025-11-20;1;0
5;2025-11-20;2;0
5;2025-11-20;3;0
5;2025-11-20;4;0
5;2025-11-20;5;0
5;2025-11-20;6;0
5;2025-11-20;7;0
5;2025-11-20;8;0
5;2025-11-20;9;0
5;2025-11-20;10;0
5;2025-11-20;11;0
5;2025-11-20;12;0
5;2025-11-20;13;0
5;2025-11-20;14;0
5;2025-11-20;15;0
5;2025-11-20;16;0
5;2025-11-20;17;0
5;2025-11-20;18;0
5;2025-11-20;19;0
5;2025-11-20;20;0
5;2025-11-20;21;0
5;2025-11-20;22;0
5;2025-11-20;23;0
5;2025-11-21;0;0
5;2025-11-21;1;0
5;2025-11-21;2;0
5;2025-11-21;3;0
5;2025-11-21;4;0
5;2025-11-21;5;0
5;2025-11-21;6;0
5;2025-11-21;7;0
5;2025-11-21;8;0
5;2025-11-21;9;0
5;2025-11-21;10;0
5;2025-11-21;11;0
5;2025-11-21;12;0
5;2025-11-21;13;0
5;2025-11-21;14;0
5;2025-11-21;15;0
5;2025-11-21;16;0
5;2025-11-21;17;0
5;2025-11-21;18;0
5;2025-11-21;19;0
5;2025-11-21;20;0
5;2025-11-21;21;0
5;2025-11-21;22;0
5;2025-11-21;23;0
5;2025-11-22;0;0
5;2025-11-22;1;0
5;2025-11-22;2;0
5;2025-11-22;3;0
5;2025-11-22;4;0
5;2025-11-22;5;0
5;2025-11-22;6;0
5;2025-11-22;7;0
5;2025-11-22;8;0
5;2025-11-22;9;0
5;2025-11-22;10;0
5;2025-11-22;11;0
5;2025-11-22;12;0
5;2025-11-22;13;0
5;2025-11-22;14;0
5;2025-11-22;15;0
5;2025-11-22;16;0
5;2025-11-22;17;0
5;2025-11-22;18;0
5;2025-11-22;19;0
5;2025-11-22;20;0
5;2025-11-22;21;0
5;2025-11-22;22;0
5;2025-11-22;23;0
5;2025-11-23;0;0
5;2025-11-23;1;0
5;2025-11-23;2;0
5;2025-11-23;3;0
5;2025-11-23;4;0
5;2025-11-23;5;0
5;2025-11-23;6;0
5;2025-11-23;7;0
5;2025-11-23;8;0
5;2025-11-23;9;0
5;2025-11-23;10;0
5;2025-11-23;11;0
5;2025-11-23;12;0
5;2025-11-23;13;0
5;2025-11-23;14;0
5;2025-11-23;15;0
5;2025-11-23;16;0
5;2025-11-23;17;0
5;2025-11-23;18;0
5;2025-11-23;19;0
5;2025-11-23;20;0
5;2025-11-23;21;0
5;2025-11-23;22;0
5;2025-11-23;23;0
5;2025-11-24;0;0
5;2025-11-24;1;0
5;2025-11-24;2;0
5;2025-11-24;3;0
5;2025-11-24;4;0
5;2025-11-24;5;0
5;2025-11-24;6;0
5;2025-11-24;7;0
5;2025-11-24;8;0
5;2025-11-24;9;0
5;2025-11-24;10;0
5;2025-11-24;11;0
5;2025-11-24;12;0
5;2025-11-24;13;0
5;2025-11-24;14;0
5;2025-11-24;15;0
5;2025-11-24;16;0
5;2025-11-24;17;0
5;2025-11-24;18;0
5;2025-11-24;19;0
5;2025-11-24;20;0
5;2025-11-24;21;0
5;2025-11-24;22;0
5;2025-11-24;23;0
5;2025-11-25;0;0
5;2025-11-25;1;0
5;2025-11-25;2;0
5;2025-11-25;3;0
5;2025-11-25;4;0
5;2025-11-25;5;0
5;2025-11-25;6;0
5;2025-11-25;7;0
5;2025-11-25;8;0
5;2025-11-25;9;0
5;2025-11-25;10;0
5;2025-11-25;11;0
5;2025-11-25;12;0
5;2025-11-25;13;0
5;2025-11-25;14;0
5;2025-11-25;15;0
5;2025-11-25;16;0
5;2025-11-25;17;0
5;2025-11-25;18;0
5;2025-11-25;19;0
5;2025-11-25;20;0
5;2025-11-25;21;0
5;2025-11-25;22;0
5;2025-11-25;23;0
5;2025-11-26;0;0
5;2025-11-26;1;0
5;2025-11-26;2;0
5;2025-11-26;3;0
5;2025-11-26;4;0
5;2025-11-26;5;0
5;2025-11-26;6;0
5;2025-11-26;7;0
5;2025-11-26;8;0
5;2025-11-26;9;0
5;2025-11-26;10;0
5;2025-11-26;11;0
5;2025-11-26;12;0
5;2025-11-26;13;0
5;2025-11-26;14;0
5;2025-11-26;15;0
5;2025-11-26;16;0
5;2025-11-26;17;0
5;2025-11-26;18;0
5;2025-11-26;19;0
5;2025-11-26;20;0
5;2025-11-26;21;0
5;2025-11-26;22;0
5;2025-11-26;23;0
5;2025-11-27;0;0
5;2025-11-27;1;0
5;2025-11-27;2;0
5;2025-11-27;3;0
5;2025-11-27;4;0
5;2025-11-27;5;0
5;2025-11-27;6;0
5;2025-11-27;7;0
5;2025-11-27;8;0
5;2025-11-27;9;0
5;2025-11-27;10;0
5;2025-11-27;11;0
5;2025-11-27;12;0
5;2025-11-27;13;0
5;2025-11-27;14;0
5;2025-11-27;15;0
5;2025-11-27;16;0
5;2025-11-27;17;0
5;2025-11-27;18;0
5;2025-11-27;19;0
5;2025-11-27;20;0
5;2025-11-27;21;0
5;2025-11-27;22;0
5;2025-11-27;23;0
5;2025-11-28;0;0
5;2025-11-28;1;0
5;2025-11-28;2;0
5;2025-11-28;3;0
5;2025-11-28;4;0
5;2025-11-28;5;0
5;2025-11-28;6;0
5;2025-11-28;7;0
5;2025-11-28;8;0
5;2025-11-28;9;0
5;2025-11-28;10;0
5;2025-11-28;11;0
5;2025-11-28;12;0
5;2025-11-28;13;0
5;2025-11-28;14;0
5;2025-11-28;15;0
5;2025-11-28;16;0
5;2025-11-28;17;0
5;2025-11-28;18;0
5;2025-11-28;19;0
5;2025-11-28;20;0
5;2025-11-28;21;0
5;2025-11-28;22;0
5;2025-11-28;23;0
5;2025-11-29;0;0
5;2025-11-29;1;0
5;2025-11-29;2;0
5;2025-11-29;3;0
5;2025-11-29;4;0
5;2025-11-29;5;0
5;2025-11-29;6;0
5;2025-11-29;7;0
5;2025-11-29;8;0
5;2025-11-29;9;0
5;2025-11-29;10;0
5;2025-11-29;11;0
5;2025-11-29;12;0
5;2025-11-29;13;0
5;2025-11-29;14;0
5;2025-11-29;15;0
5;2025-11-29;16;0
5;2025-11-29;17;0
5;2025-11-29;18;0
5;2025-11-29;19;0
5;2025-11-29;20;0
5;2025-11-29;21;0
5;2025-11-29;22;0
5;2025-11-29;23;0
5;2025-11-30;0;0
5;2025-11-30;1;0
5;2025-11-30;2;0
5;2025-11-30;3;0
5;2025-11-30;4;0
5;2025-11-30;5;0
5;2025-11-30;6;0
5;2025-11-30;7;0
5;2025-11-30;8;0
5;2025-11-30;9;0
5;2025-11-30;10;0
5;2025-11-30;11;0
5;2025-11-30;12;0
5;2025-11-30;13;0
5;2025-11-30;14;0
5;2025-11-30;15;0
5;2025-11-30;16;0
5;2025-11-30;17;0
5;2025-11-30;18;0
5;2025-11-30;19;0
5;2025-11-30;20;0
5;2025-11-30;21;0
5;2025-11-30;22;0
5;2025-11-30;23;0
5;2025-12-01;0;0
5;2025-12-01;1;0
5;2025-12-01;2;0
5;2025-12-01;3;0
5;2025-12-01;4;0
5;2025-12-01;5;0
5;2025-12-01;6;0
5;2025-12-01;7;0
5;2025-12-01;8;0
5;2025-12-01;9;0
5;2025-12-01;10;0
5;2025-12-01;11;0
5;2025-12-01;12;0
5;2025-12-01;13;0
5;2025-12-01;14;0
5;2025-12-01;15;0
5;2025-12-01;16;0
5;2025-12-01;17;0
5;2025-12-01;18;0
5;2025-12-01;19;0
5;2025-12-01;20;0
5;2025-12-01;21;0
5;2025-12-01;22;0
5;2025-12-01;23;0
5;2025-12-02;0;0
5;2025-12-02;1;0
5;2025-12-02;2;0
5;2025-12-02;3;0
5;2025-12-02;4;0
5;2025-12-02;5;0
5;2025-12-02;6;0
5;2025-12-02;7;0
5;2025-12-02;8;0
5;2025-12-02;9;0
5;2025-12-02;10;0
5;2025-12-02;11;0
5;2025-12-02;12;0
5;2025-12-02;13;0
5;2025-12-02;14;0
5;2025-12-02;15;0
5;2025-12-02;16;0
5;2025-12-02;17;0
5;2025-12-02;18;0
5;2025-12-02;19;0
5;2025-12-02;20;0
5;2025-12-02;21;0
5;2025-12-02;22;0
5;2025-12-02;23;0
5;2025-12-03;0;0
5;2025-12-03;1;0
5;2025-12-03;2;0
5;2025-12-03;3;0
5;2025-12-03;4;0
5;2025-12-03;5;0
5;2025-12-03;6;0
5;2025-12-03;7;0
5;2025-12-03;8;0
5;2025-12-03;9;0
5;2025-12-03;10;0
5;2025-12-03;11;0
5;2025-12-03;12;0
5;2025-12-03;13;0
5;2025-12-03;14;0
5;2025-12-03;15;0
5;2025-12-03;16;0
5;2025-12-03;17;0
5;2025-12-03;18;0
5;2025-12-03;19;0
5;2025-12-03;20;0
5;2025-12-03;21;0
5;2025-12-03;22;0
5;2025-12-03;23;0
5;2025-12-04;0;0
5;2025-12-04;1;0
5;2025-12-04;2;0
5;2025-12-04;3;0
5;2025-12-04;4;0
5;2025-12-04;5;0
5;2025-12-04;6;0
5;2025-12-04;7;0
5;2025-12-04;8;0
5;2025-12-04;9;0
5;2025-12-04;10;0
5;2025-12-04;11;0
5;2025-12-04;12;0
5;2025-12-04;13;0
5;2025-12-04;14;0
5;2025-12-04;15;0
5;2025-12-04;16;0
5;2025-12-04;17;0
5;2025-12-04;18;0
5;2025-12-04;19;0
5;2025-12-04;20;0
5;2025-12-04;21;0
5;2025-12-04;22;0
5;2025-12-04;23;0
5;2025-12-05;0;0
5;2025-12-05;1;0
5;2025-12-05;2;0
5;2025-12-05;3;0
5;2025-12-05;4;0
5;2025-12-05;5;0
5;2025-12-05;6;0
5;2025-12-05;7;0
5;2025-12-05;8;0
5;2025-12-05;9;0
5;2025-12-05;10;0
5;2025-12-05;11;0
5;2025-12-05;12;0
5;2025-12-05;13;0
5;2025-12-05;14;0
5;2025-12-05;15;0
5;2025-12-05;16;0
5;2025-12-05;17;0
5;2025-12-05;18;0
5;2025-12-05;19;0
5;2025-12-05;20;0
5;2025-12-05;21;0
5;2025-12-05;22;0
5;2025-12-05;23;0
5;2025-12-06;0;0
5;2025-12-06;1;0
5;2025-12-06;2;0
5;2025-12-06;3;0
5;2025-12-06;4;0
5;2025-12-06;5;0
5;2025-12-06;6;0
5;2025-12-06;7;0
5;2025-12-06;8;0
5;2025-12-06;9;0
5;2025-12-06;10;0
5;2025-12-06;11;0
5;2025-12-06;12;0
5;2025-12-06;13;0
5;2025-12-06;14;0
5;2025-12-06;15;0
5;2025-12-06;16;0
5;2025-12-06;17;0
5;2025-12-06;18;0
5;2025-12-06;19;0
5;2025-12-06;20;0
5;2025-12-06;21;0
5;2025-12-06;22;0
5;2025-12-06;23;0
5;2025-12-07;0;0
5;2025-12-07;1;0
5;2025-12-07;2;0
5;2025-12-07;3;0
5;2025-12-07;4;0
5;2025-12-07;5;0
5;2025-12-07;6;0
5;2025-12-07;7;0
5;2025-12-07;8;0
5;2025-12-07;9;0
5;2025-12-07;10;0
5;2025-12-07;11;0
5;2025-12-07;12;0
5;2025-12-07;13;0
5;2025-12-07;14;0
5;2025-12-07;15;0
5;2025-12-07;16;0
5;2025-12-07;17;0
5;2025-12-07;18;0
5;2025-12-07;19;0
5;2025-12-07;20;0
5;2025-12-07;21;0
5;2025-12-07;22;0
5;2025-12-07;23;0
5;2025-12-08;0;0
5;2025-12-08;1;0
5;2025-12-08;2;0
5;2025-12-08;3;0
5;2025-12-08;4;0
5;2025-12-08;5;0
5;2025-12-08;6;0
5;2025-12-08;7;0
5;2025-12-08;8;0
5;2025-12-08;9;0
5;2025-12-08;10;0
5;2025-12-08;11;0
5;2025-12-08;12;0
5;2025-12-08;13;0
5;2025-12-08;14;0
5;2025-12-08;15;0
5;2025-12-08;16;0
5;2025-12-08;17;0
5;2025-12-08;18;0
5;2025-12-08;19;0
5;2025-12-08;20;0
5;2025-12-08;21;0
5;2025-12-08;22;0
5;2025-12-08;23;0
5;2025-12-09;0;0
5;2025-12-09;1;0
5;2025-12-09;2;0
5;2025-12-09;3;0
5;2025-12-09;4;0
5;2025-12-09;5;0
5;2025-12-09;6;0
5;2025-12-09;7;0
5;2025-12-09;8;0
5;2025-12-09;9;0
5;2025-12-09;10;0
5;2025-12-09;11;0
5;2025-12-09;12;0
5;2025-12-09;13;0
5;2025-12-09;14;0
5;2025-12-09;15;0
5;2025-12-09;16;0
5;2025-12-09;17;0
5;2025-12-09;18;0
5;2025-12-09;19;0
5;2025-12-09;20;0
5;2025-12-09;21;0
5;2025-12-09;22;0
5;2025-12-09;23;0
5;2025-12-10;0;0
5;2025-12-10;1;0
5;2025-12-10;2;0
5;2025-12-10;3;0
5;2025-12-10;4;0
5;2025-12-10;5;0
5;2025-12-10;6;0
5;2025-12-10;7;0
5;2025-12-10;8;0
5;2025-12-10;9;0
5;2025-12-10;10;0
5;2025-12-10;11;0
5;2025-12-10;12;0
5;2025-12-10;13;0
5;2025-12-10;14;0
5;2025-12-10;15;0
5;2025-12-10;16;0
5;2025-12-10;17;0
5;2025-12-10;18;0
5;2025-12-10;19;0
5;2025-12-10;20;0
5;2025-12-10;21;0
5;2025-12-10;22;0
5;2025-12-10;23;0
5;2025-12-11;0;0
5;2025-12-11;1;0
5;2025-12-11;2;0
5;2025-12-11;3;0
5;2025-12-11;4;0
5;2025-12-11;5;0
5;2025-12-11;6;0
5;2025-12-11;7;0
5;2025-12-11;8;0
5;2025-12-11;9;0
5;2025-12-11;10;0
5;2025-12-11;11;0
5;2025-12-11;12;0
5;2025-12-11;13;0
5;2025-12-11;14;0
5;2025-12-11;15;0
5;2025-12-11;16;0
5;2025-12-11;17;0
5;2025-12-11;18;0
5;2025-12-11;19;0
5;2025-12-11;20;0
5;2025-12-11;21;0
5;2025-12-11;22;0
5;2025-12-11;23;0
5;2025-12-12;0;0
5;2025-12-12;1;0
5;2025-12-12;2;0
5;2025-12-12;3;0
5;2025-12-12;4;0
5;2025-12-12;5;0
5;2025-12-12;6;0
5;2025-12-12;7;0
5;2025-12-12;8;0
5;2025-12-12;9;0
5;2025-12-12;10;0
5;2025-12-12;11;0
5;2025-12-12;12;0
5;2025-12-12;13;0
5;2025-12-12;14;0
5;2025-12-12;15;0
5;2025-12-12;16;0
5;2025-12-12;17;0
5;2025-12-12;18;0
5;2025-12-12;19;0
5;2025-12-12;20;0
5;2025-12-12;21;0
5;2025-12-12;22;0
5;2025-12-12;23;0
5;2025-12-13;0;0
5;2025-12-13;1;0
5;2025-12-13;2;0
5;2025-12-13;3;0
5;2025-12-13;4;0
5;2025-12-13;5;0
5;2025-12-13;6;0
5;2025-12-13;7;0
5;2025-12-13;8;0
5;2025-12-13;9;0
5;2025-12-13;10;0
5;2025-12-13;11;0
5;2025-12-13;12;0
5;2025-12-13;13;0
5;2025-12-13;14;0
5;2025-12-13;15;0
5;2025-12-13;16;0
5;2025-12-13;17;0
5;2025-12-13;18;0
5;2025-12-13;19;0
5;2025-12-13;20;0
5;2025-12-13;21;0
5;2025-12-13;22;0
5;2025-12-13;23;0
5;2025-12-14;0;0
5;2025-12-14;1;0
5;2025-12-14;2;0
5;2025-12-14;3;0
5;2025-12-14;4;0
5;2025-12-14;5;0
5;2025-12-14;6;0
5;2025-12-14;7;0
5;2025-12-14;8;0
5;2025-12-14;9;0
5;2025-12-14;10;0
5;2025-12-14;11;0
5;2025-12-14;12;0
5;2025-12-14;13;0
5;2025-12-14;14;0
5;2025-12-14;15;0
5;2025-12-14;16;0
5;2025-12-14;17;0
5;2025-12-14;18;0
5;2025-12-14;19;0
5;2025-12-14;20;0
5;2025-12-14;21;0
5;2025-12-14;22;0
5;2025-12-14;23;0
5;2025-12-15;0;0
5;2025-12-15;1;0
5;2025-12-15;2;0
5;2025-12-15;3;0
5;2025-12-15;4;0
5;2025-12-15;5;0
5;2025-12-15;6;0
5;2025-12-15;7;0
5;2025-12-15;8;0
5;2025-12-15;9;0
5;2025-12-15;10;0
5;2025-12-15;11;0
5;2025-12-15;12;0
5;2025-12-15;13;0
5;2025-12-15;14;0
5;2025-12-15;15;0
5;2025-12-15;16;0
5;2025-12-15;17;0
5;2025-12-15;18;0
5;2025-12-15;19;0
5;2025-12-15;20;0
5;2025-12-15;21;0
5;2025-12-15;22;0
5;2025-12-15;23;0
5;2025-12-16;0;0
5;2025-12-16;1;0
5;2025-12-16;2;0
5;2025-12-16;3;0
5;2025-12-16;4;0
5;2025-12-16;5;0
5;2025-12-16;6;0
5;2025-12-16;7;0
5;2025-12-16;8;0
5;2025-12-16;9;0
5;2025-12-16;10;0
5;2025-12-16;11;0
5;2025-12-16;12;0
5;2025-12-16;13;0
5;2025-12-16;14;0
5;2025-12-16;15;0
5;2025-12-16;16;0
5;2025-12-16;17;0
5;2025-12-16;18;0
5;2025-12-16;19;0
5;2025-12-16;20;0
5;2025-12-16;21;0
5;2025-12-16;22;0
5;2025-12-16;23;0
5;2025-12-17;0;0
5;2025-12-17;1;0
5;2025-12-17;2;0
5;2025-12-17;3;0
5;2025-12-17;4;0
5;2025-12-17;5;0
5;2025-12-17;6;0
5;2025-12-17;7;0
5;2025-12-17;8;0
5;2025-12-17;9;0
5;2025-12-17;10;0
5;2025-12-17;11;0
5;2025-12-17;12;0
5;2025-12-17;13;0
5;2025-12-17;14;0
5;2025-12-17;15;0
5;2025-12-17;16;0
5;2025-12-17;17;0
5;2025-12-17;18;0
5;2025-12-17;19;0
5;2025-12-17;20;0
5;2025-12-17;21;0
5;2025-12-17;22;0
5;2025-12-17;23;0
5;2025-12-18;0;0
5;2025-12-18;1;0
5;2025-12-18;2;0
5;2025-12-18;3;0
5;2025-12-18;4;0
5;2025-12-18;5;0
5;2025-12-18;6;0
5;2025-12-18;7;0
5;2025-12-18;8;0
5;2025-12-18;9;0
5;2025-12-18;10;0
5;2025-12-18;11;0
5;2025-12-18;12;0
5;2025-12-18;13;0
5;2025-12-18;14;0
5;2025-12-18;15;0
5;2025-12-18;16;0
5;2025-12-18;17;0
5;2025-12-18;18;0
5;2025-12-18;19;0
5;2025-12-18;20;0
5;2025-12-18;21;0
5;2025-12-18;22;0
5;2025-12-18;23;0
5;2025-12-19;0;0
5;2025-12-19;1;0
5;2025-12-19;2;0
5;2025-12-19;3;0
5;2025-12-19;4;0
5;2025-12-19;5;0
5;2025-12-19;6;0
5;2025-12-19;7;0
5;2025-12-19;8;0
5;2025-12-19;9;0
5;2025-12-19;10;0
5;2025-12-19;11;0
5;2025-12-19;12;0
5;2025-12-19;13;0
5;2025-12-19;14;0
5;2025-12-19;15;0
5;2025-12-19;16;0
5;2025-12-19;17;0
5;2025-12-19;18;0
5;2025-12-19;19;0
5;2025-12-19;20;0
5;2025-12-19;21;0
5;2025-12-19;22;0
5;2025-12-19;23;0
5;2025-12-20;0;0
5;2025-12-20;1;0
5;2025-12-20;2;0
5;2025-12-20;3;0
5;2025-12-20;4;0
5;2025-12-20;5;0
5;2025-12-20;6;0
5;2025-12-20;7;0
5;2025-12-20;8;0
5;2025-12-20;9;0
5;2025-12-20;10;0
5;2025-12-20;11;0
5;2025-12-20;12;0
5;2025-12-20;13;0
5;2025-12-20;14;0
5;2025-12-20;15;0
5;2025-12-20;16;0
5;2025-12-20;17;0
5;2025-12-20;18;0
5;2025-12-20;19;0
5;2025-12-20;20;0
5;2025-12-20;21;0
5;2025-12-20;22;0
5;2025-12-20;23;0
5;2025-12-21;0;0
5;2025-12-21;1;0
5;2025-12-21;2;0
5;2025-12-21;3;0
5;2025-12-21;4;0
5;2025-12-21;5;0
5;2025-12-21;6;0
5;2025-12-21;7;0
5;2025-12-21;8;0
5;2025-12-21;9;0
5;2025-12-21;10;0
5;2025-12-21;11;0
5;2025-12-21;12;0
5;2025-12-21;13;0
5;2025-12-21;14;0
5;2025-12-21;15;0
5;2025-12-21;16;0
5;2025-12-21;17;0
5;2025-12-21;18;0
5;2025-12-21;19;0
5;2025-12-21;20;0
5;2025-12-21;21;0
5;2025-12-21;22;0
5;2025-12-21;23;0
5;2025-12-22;0;0
5;2025-12-22;1;0
5;2025-12-22;2;0
5;2025-12-22;3;0
5;2025-12-22;4;0
5;2025-12-22;5;0
5;2025-12-22;6;0
5;2025-12-22;7;0
5;2025-12-22;8;0
5;2025-12-22;9;0
5;2025-12-22;10;0
5;2025-12-22;11;0
5;2025-12-22;12;0
5;2025-12-22;13;0
5;2025-12-22;14;0
5;2025-12-22;15;0
5;2025-12-22;16;0
5;2025-12-22;17;0
5;2025-12-22;18;0
5;2025-12-22;19;0
5;2025-12-22;20;0
5;2025-12-22;21;0
5;2025-12-22;22;0
5;2025-12-22;23;0
5;2025-12-23;0;0
5;2025-12-23;1;0
5;2025-12-23;2;0
5;2025-12-23;3;0
5;2025-12-23;4;0
5;2025-12-23;5;0
5;2025-12-23;6;0
5;2025-12-23;7;0
5;2025-12-23;8;0
5;2025-12-23;9;0
5;2025-12-23;10;0
5;2025-12-23;11;0
5;2025-12-23;12;0
5;2025-12-23;13;0
5;2025-12-23;14;0
5;2025-12-23;15;0
5;2025-12-23;16;0
5;2025-12-23;17;0
5;2025-12-23;18;0
5;2025-12-23;19;0
5;2025-12-23;20;0
5;2025-12-23;21;0
5;2025-12-23;22;0
5;2025-12-23;23;0
5;2025-12-24;0;0
5;2025-12-24;1;0
5;2025-12-24;2;0
5;2025-12-24;3;0
5;2025-12-24;4;0
5;2025-12-24;5;0
5;2025-12-24;6;0
5;2025-12-24;7;0
5;2025-12-24;8;0
5;2025-12-24;9;0
5;2025-12-24;10;0
5;2025-12-24;11;0
5;2025-12-24;12;0
5;2025-12-24;13;0
5;2025-12-24;14;0
5;2025-12-24;15;0
5;2025-12-24;16;0
5;2025-12-24;17;0
5;2025-12-24;18;0
5;2025-12-24;19;0
5;2025-12-24;20;0
5;2025-12-24;21;0
5;2025-12-24;22;0
5;2025-12-24;23;0
5;2025-12-25;0;0
5;2025-12-25;1;0
5;2025-12-25;2;0
5;2025-12-25;3;0
5;2025-12-25;4;0
5;2025-12-25;5;0
5;2025-12-25;6;0
5;2025-12-25;7;0
5;2025-12-25;8;0
5;2025-12-25;9;0
5;2025-12-25;10;0
5;2025-12-25;11;0
5;2025-12-25;12;0
5;2025-12-25;13;0
5;2025-12-25;14;0
5;2025-12-25;15;0
5;2025-12-25;16;0
5;2025-12-25;17;0
5;2025-12-25;18;0
5;2025-12-25;19;0
5;2025-12-25;20;0
5;2025-12-25;21;0
5;2025-12-25;22;0
5;2025-12-25;23;0
5;2025-12-26;0;0
5;2025-12-26;1;0
5;2025-12-26;2;0
5;2025-12-26;3;0
5;2025-12-26;4;0
5;2025-12-26;5;0
5;2025-12-26;6;0
5;2025-12-26;7;0
5;2025-12-26;8;0
5;2025-12-26;9;0
5;2025-12-26;10;0
5;2025-12-26;11;0
5;2025-12-26;12;0
5;2025-12-26;13;0
5;2025-12-26;14;0
5;2025-12-26;15;0
5;2025-12-26;16;0
5;2025-12-26;17;0
5;2025-12-26;18;0
5;2025-12-26;19;0
5;2025-12-26;20;0
5;2025-12-26;21;0
5;2025-12-26;22;0
5;2025-12-26;23;0
5;2025-12-27;0;0
5;2025-12-27;1;0
5;2025-12-27;2;0
5;2025-12-27;3;0
5;2025-12-27;4;0
5;2025-12-27;5;0
5;2025-12-27;6;0
5;2025-12-27;7;0
5;2025-12-27;8;0
5;2025-12-27;9;0
5;2025-12-27;10;0
5;2025-12-27;11;0
5;2025-12-27;12;0
5;2025-12-27;13;0
5;2025-12-27;14;0
5;2025-12-27;15;0
5;2025-12-27;16;0
5;2025-12-27;17;0
5;2025-12-27;18;0
5;2025-12-27;19;0
5;2025-12-27;20;0
5;2025-12-27;21;0
5;2025-12-27;22;0
5;2025-12-27;23;0
5;2025-12-28;0;0
5;2025-12-28;1;0
5;2025-12-28;2;0
5;2025-12-28;3;0
5;2025-12-28;4;0
5;2025-12-28;5;0
5;2025-12-28;6;0
5;2025-12-28;7;0
5;2025-12-28;8;0
5;2025-12-28;9;0
5;2025-12-28;10;0
5;2025-12-28;11;0
5;2025-12-28;12;0
5;2025-12-28;13;0
5;2025-12-28;14;0
5;2025-12-28;15;0
5;2025-12-28;16;0
5;2025-12-28;17;0
5;2025-12-28;18;0
5;2025-12-28;19;0
5;2025-12-28;20;0
5;2025-12-28;21;0
5;2025-12-28;22;0
5;2025-12-28;23;0
5;2025-12-29;0;0
5;2025-12-29;1;0
5;2025-12-29;2;0
5;2025-12-29;3;0
5;2025-12-29;4;0
5;2025-12-29;5;0
5;2025-12-29;6;0
5;2025-12-29;7;0
5;2025-12-29;8;0
5;2025-12-29;9;0
5;2025-12-29;10;0
5;2025-12-29;11;0
5;2025-12-29;12;0
5;2025-12-29;13;0
5;2025-12-29;14;0
5;2025-12-29;15;0
5;2025-12-29;16;0
5;2025-12-29;17;0
5;2025-12-29;18;0
5;2025-12-29;19;0
5;2025-12-29;20;0
5;2025-12-29;21;0
5;2025-12-29;22;0
5;2025-12-29;23;0
5;2025-12-30;0;0
5;2025-12-30;1;0
5;2025-12-30;2;0
5;2025-12-30;3;0
5;2025-12-30;4;0
5;2025-12-30;5;0
5;2025-12-30;6;0
5;2025-12-30;7;0
5;2025-12-30;8;0
5;2025-12-30;9;0
5;2025-12-30;10;0
5;2025-12-30;11;0
5;2025-12-30;12;0
5;2025-12-30;13;0
5;2025-12-30;14;0
5;2025-12-30;15;0
5;2025-12-30;16;0
5;2025-12-30;17;0
5;2025-12-30;18;0
5;2025-12-30;19;0
5;2025-12-30;20;0
5;2025-12-30;21;0
5;2025-12-30;22;0
5;2025-12-30;23;0
5;2025-12-31;0;0
5;2025-12-31;1;0
5;2025-12-31;2;0
5;2025-12-31;3;0
5;2025-12-31;4;0
5;2025-12-31;5;0
5;2025-12-31;6;0
5;2025-12-31;7;0
5;2025-12-31;8;0
5;2025-12-31;9;0
5;2025-12-31;10;0
5;2025-12-31;11;0
5;2025-12-31;12;0
5;2025-12-31;13;0
5;2025-12-31;14;0
5;2025-12-31;15;0
5;2025-12-31;16;0
5;2025-12-31;17;0
5;2025-12-31;18;0
5;2025-12-31;19;0
5;2025-12-31;20;0
5;2025-12-31;21;0
5;2025-12-31;22;0
5;2025-12-31;23;0
7;2025-11-01;0;63
7;2025-11-01;1;12
7;2025-11-01;2;0
7;2025-11-01;3;0
7;2025-11-01;4;1
7;2025-11-01;5;192
7;2025-11-01;6;654
7;2025-11-01;7;1567
7;2025-11-01;8;2370
7;2025-11-01;9;1815
7;2025-11-01;10;1589
7;2025-11-01;11;1489
7;2025-11-01;12;1554
7;2025-11-01;13;1623
7;2025-11-01;14;1706
7;2025-11-01;15;1822
7;2025-11-01;16;2041
7;2025-11-01;17;2281
7;2025-11-01;18;2168
7;2025-11-01;19;1585
7;2025-11-01;20;1045
7;2025-11-01;21;613
7;2025-11-01;22;357
7;2025-11-01;23;217
7;2025-11-02;0;95
7;2025-11-02;1;19
7;2025-11-02;2;0
7;2025-11-02;3;0
7;2025-11-02;4;0
7;2025-11-02;5;31
7;2025-11-02;6;188
7;2025-11-02;7;304
7;2025-11-02;8;512
7;2025-11-02;9;621
7;2025-11-02;10;715
7;2025-11-02;11;894
7;2025-11-02;12;1000
7;2025-11-02;13;1042
7;2025-11-02;14;1121
7;2025-11-02;15;1040
7;2025-11-02;16;909
7;2025-11-02;17;996
7;2025-11-02;18;830
7;2025-11-02;19;714
7;2025-11-02;20;617
7;2025-11-02;21;480
7;2025-11-02;22;268
7;2025-11-02;23;153
7;2025-11-03;0;95
7;2025-11-03;1;19
7;2025-11-03;2;0
7;2025-11-03;3;0
7;2025-11-03;4;0
7;2025-11-03;5;31
7;2025-11-03;6;188
7;2025-11-03;7;304
7;2025-11-03;8;512
7;2025-11-03;9;621
7;2025-11-03;10;715
7;2025-11-03;11;894
7;2025-11-03;12;1000
7;2025-11-03;13;1042
7;2025-11-03;14;1121
7;2025-11-03;15;1040
7;2025-11-03;16;909
7;2025-11-03;17;996
7;2025-11-03;18;830
7;2025-11-03;19;714
7;2025-11-03;20;617
7;2025-11-03;21;480
7;2025-11-03;22;268
7;2025-11-03;23;153
7;2025-11-04;0;95
7;2025-11-04;1;19
7;2025-11-04;2;0
7;2025-11-04;3;0
7;2025-11-04;4;0
7;2025-11-04;5;31
7;2025-11-04;6;188
7;2025-11-04;7;304
7;2025-11-04;8;512
7;2025-11-04;9;621
7;2025-11-04;10;715
7;2025-11-04;11;894
7;2025-11-04;12;1000
7;2025-11-04;13;1042
7;2025-11-04;14;1121
7;2025-11-04;15;1040
7;2025-11-04;16;909
7;2025-11-04;17;996
7;2025-11-04;18;830
7;2025-11-04;19;714
7;2025-11-04;20;617
7;2025-11-04;21;480
7;2025-11-04;22;268
7;2025-11-04;23;153
7;2025-11-05;0;58
7;2025-11-05;1;9
7;2025-11-05;2;0
7;2025-11-05;3;0
7;2025-11-05;4;2
7;2025-11-05;5;196
7;2025-11-05;6;713
7;2025-11-05;7;1628
7;2025-11-05;8;2517
7;2025-11-05;9;1936
7;2025-11-05;10;1659
7;2025-11-05;11;1446
7;2025-11-05;12;1541
7;2025-11-05;13;1519
7;2025-11-05;14;1666
7;2025-11-05;15;1776
7;2025-11-05;16;1818
7;2025-11-05;17;2346
7;2025-11-05;18;2505
7;2025-11-05;19;1734
7;2025-11-05;20;1091
7;2025-11-05;21;628
7;2025-11-05;22;340
7;2025-11-05;23;201
7;2025-11-06;0;63
7;2025-11-06;1;12
7;2025-11-06;2;0
7;2025-11-06;3;0
7;2025-11-06;4;2
7;2025-11-06;5;192
7;2025-11-06;6;723
7;2025-11-06;7;1617
7;2025-11-06;8;2457
7;2025-11-06;9;1802
7;2025-11-06;10;1553
7;2025-11-06;11;1431
7;2025-11-06;12;1523
7;2025-11-06;13;1483
7;2025-11-06;14;1636
7;2025-11-06;15;1704
7;2025-11-06;16;1792
7;2025-11-06;17;2291
7;2025-11-06;18;2663
7;2025-11-06;19;1723
7;2025-11-06;20;1053
7;2025-11-06;21;658
7;2025-11-06;22;314
7;2025-11-06;23;200
7;2025-11-07;0;63
7;2025-11-07;1;12
7;2025-11-07;2;0
7;2025-11-07;3;0
7;2025-11-07;4;1
7;2025-11-07;5;192
7;2025-11-07;6;654
7;2025-11-07;7;1567
7;2025-11-07;8;2370
7;2025-11-07;9;1815
7;2025-11-07;10;1589
7;2025-11-07;11;1489
7;2025-11-07;12;1554
7;2025-11-07;13;1623
7;2025-11-07;14;1706
7;2025-11-07;15;1822
7;2025-11-07;16;2041
7;2025-11-07;17;2281
7;2025-11-07;18;2168
7;2025-11-07;19;1585
7;2025-11-07;20;1045
7;2025-11-07;21;613
7;2025-11-07;22;357
7;2025-11-07;23;217
7;2025-11-08;0;100
7;2025-11-08;1;22
7;2025-11-08;2;0
7;2025-11-08;3;0
7;2025-11-08;4;0
7;2025-11-08;5;54
7;2025-11-08;6;279
7;2025-11-08;7;468
7;2025-11-08;8;706
7;2025-11-08;9;853
7;2025-11-08;10;897
7;2025-11-08;11;1073
7;2025-11-08;12;1195
7;2025-11-08;13;1224
7;2025-11-08;14;1267
7;2025-11-08;15;1184
7;2025-11-08;16;1137
7;2025-11-08;17;1073
7;2025-11-08;18;1042
7;2025-11-08;19;1021
7;2025-11-08;20;771
7;2025-11-08;21;597
7;2025-11-08;22;322
7;2025-11-08;23;215
7;2025-11-09;0;95
7;2025-11-09;1;19
7;2025-11-09;2;0
7;2025-11-09;3;0
7;2025-11-09;4;0
7;2025-11-09;5;31
7;2025-11-09;6;188
7;2025-11-09;7;304
7;2025-11-09;8;512
7;2025-11-09;9;621
7;2025-11-09;10;715
7;2025-11-09;11;894
7;2025-11-09;12;1000
7;2025-11-09;13;1042
7;2025-11-09;14;1121
7;2025-11-09;15;1040
7;2025-11-09;16;909
7;2025-11-09;17;996
7;2025-11-09;18;830
7;2025-11-09;19;714
7;2025-11-09;20;617
7;2025-11-09;21;480
7;2025-11-09;22;268
7;2025-11-09;23;153
7;2025-11-10;0;65
7;2025-11-10;1;12
7;2025-11-10;2;0
7;2025-11-10;3;0
7;2025-11-10;4;1
7;2025-11-10;5;193
7;2025-11-10;6;708
7;2025-11-10;7;1589
7;2025-11-10;8;2431
7;2025-11-10;9;1786
7;2025-11-10;10;1484
7;2025-11-10;11;1307
7;2025-11-10;12;1463
7;2025-11-10;13;1479
7;2025-11-10;14;1525
7;2025-11-10;15;1662
7;2025-11-10;16;1760
7;2025-11-10;17;2191
7;2025-11-10;18;2465
7;2025-11-10;19;1690
7;2025-11-10;20;1032
7;2025-11-10;21;573
7;2025-11-10;22;289
7;2025-11-10;23;163
7;2025-11-11;0;53
7;2025-11-11;1;12
7;2025-11-11;2;0
7;2025-11-11;3;0
7;2025-11-11;4;2
7;2025-11-11;5;201
7;2025-11-11;6;704
7;2025-11-11;7;1639
7;2025-11-11;8;2465
7;2025-11-11;9;1816
7;2025-11-11;10;1587
7;2025-11-11;11;1476
7;2025-11-11;12;1600
7;2025-11-11;13;1544
7;2025-11-11;14;1594
7;2025-11-11;15;1711
7;2025-11-11;16;1829
7;2025-11-11;17;2267
7;2025-11-11;18;2512
7;2025-11-11;19;1745
7;2025-11-11;20;1084
7;2025-11-11;21;652
7;2025-11-11;22;322
7;2025-11-11;23;179
7;2025-11-12;0;58
7;2025-11-12;1;9
7;2025-11-12;2;0
7;2025-11-12;3;0
7;2025-11-12;4;2
7;2025-11-12;5;196
7;2025-11-12;6;713
7;2025-11-12;7;1628
7;2025-11-12;8;2517
7;2025-11-12;9;1936
7;2025-11-12;10;1659
7;2025-11-12;11;1446
7;2025-11-12;12;1541
7;2025-11-12;13;1519
7;2025-11-12;14;1666
7;2025-11-12;15;1776
7;2025-11-12;16;1818
7;2025-11-12;17;2346
7;2025-11-12;18;2505
7;2025-11-12;19;1734
7;2025-11-12;20;1091
7;2025-11-12;21;628
7;2025-11-12;22;340
7;2025-11-12;23;201
7;2025-11-13;0;63
7;2025-11-13;1;12
7;2025-11-13;2;0
7;2025-11-13;3;0
7;2025-11-13;4;2
7;2025-11-13;5;192
7;2025-11-13;6;723
7;2025-11-13;7;1617
7;2025-11-13;8;2457
7;2025-11-13;9;1802
7;2025-11-13;10;1553
7;2025-11-13;11;1431
7;2025-11-13;12;1523
7;2025-11-13;13;1483
7;2025-11-13;14;1636
7;2025-11-13;15;1704
7;2025-11-13;16;1792
7;2025-11-13;17;2291
7;2025-11-13;18;2663
7;2025-11-13;19;1723
7;2025-11-13;20;1053
7;2025-11-13;21;658
7;2025-11-13;22;314
7;2025-11-13;23;200
7;2025-11-14;0;63
7;2025-11-14;1;12
7;2025-11-14;2;0
7;2025-11-14;3;0
7;2025-11-14;4;1
7;2025-11-14;5;192
7;2025-11-14;6;654
7;2025-11-14;7;1567
7;2025-11-14;8;2370
7;2025-11-14;9;1815
7;2025-11-14;10;1589
7;2025-11-14;11;1489
7;2025-11-14;12;1554
7;2025-11-14;13;1623
7;2025-11-14;14;1706
7;2025-11-14;15;1822
7;2025-11-14;16;2041
7;2025-11-14;17;2281
7;2025-11-14;18;2168
7;2025-11-14;19;1585
7;2025-11-14;20;1045
7;2025-11-14;21;613
7;2025-11-14;22;357
7;2025-11-14;23;217
7;2025-11-15;0;100
7;2025-11-15;1;22
7;2025-11-15;2;0
7;2025-11-15;3;0
7;2025-11-15;4;0
7;2025-11-15;5;54
7;2025-11-15;6;279
7;2025-11-15;7;468
7;2025-11-15;8;706
7;2025-11-15;9;853
7;2025-11-15;10;897
7;2025-11-15;11;1073
7;2025-11-15;12;1195
7;2025-11-15;13;1224
7;2025-11-15;14;1267
7;2025-11-15;15;1184
7;2025-11-15;16;1137
7;2025-11-15;17;1073
7;2025-11-15;18;1042
7;2025-11-15;19;1021
7;2025-11-15;20;771
7;2025-11-15;21;597
7;2025-11-15;22;322
7;2025-11-15;23;215
7;2025-11-16;0;95
7;2025-11-16;1;19
7;2025-11-16;2;0
7;2025-11-16;3;0
7;2025-11-16;4;0
7;2025-11-16;5;31
7;2025-11-16;6;188
7;2025-11-16;7;304
7;2025-11-16;8;512
7;2025-11-16;9;621
7;2025-11-16;10;715
7;2025-11-16;11;894
7;2025-11-16;12;1000
7;2025-11-16;13;1042
7;2025-11-16;14;1121
7;2025-11-16;15;1040
7;2025-11-16;16;909
7;2025-11-16;17;996
7;2025-11-16;18;830
7;2025-11-16;19;714
7;2025-11-16;20;617
7;2025-11-16;21;480
7;2025-11-16;22;268
7;2025-11-16;23;153
7;2025-11-17;0;65
7;2025-11-17;1;12
7;2025-11-17;2;0
7;2025-11-17;3;0
7;2025-11-17;4;1
7;2025-11-17;5;193
7;2025-11-17;6;708
7;2025-11-17;7;1589
7;2025-11-17;8;2431
7;2025-11-17;9;1786
7;2025-11-17;10;1484
7;2025-11-17;11;1307
7;2025-11-17;12;1463
7;2025-11-17;13;1479
7;2025-11-17;14;1525
7;2025-11-17;15;1662
7;2025-11-17;16;1760
7;2025-11-17;17;2191
7;2025-11-17;18;2465
7;2025-11-17;19;1690
7;2025-11-17;20;1032
7;2025-11-17;21;573
7;2025-11-17;22;289
7;2025-11-17;23;163
7;2025-11-18;0;53
7;2025-11-18;1;12
7;2025-11-18;2;0
7;2025-11-18;3;0
7;2025-11-18;4;2
7;2025-11-18;5;201
7;2025-11-18;6;704
7;2025-11-18;7;1639
7;2025-11-18;8;2465
7;2025-11-18;9;1816
7;2025-11-18;10;1587
7;2025-11-18;11;1476
7;2025-11-18;12;1600
7;2025-11-18;13;1544
7;2025-11-18;14;1594
7;2025-11-18;15;1711
7;2025-11-18;16;1829
7;2025-11-18;17;2267
7;2025-11-18;18;2512
7;2025-11-18;19;1745
7;2025-11-18;20;1084
7;2025-11-18;21;652
7;2025-11-18;22;322
7;2025-11-18;23;179
7;2025-11-19;0;58
7;2025-11-19;1;9
7;2025-11-19;2;0
7;2025-11-19;3;0
7;2025-11-19;4;2
7;2025-11-19;5;196
7;2025-11-19;6;713
7;2025-11-19;7;1628
7;2025-11-19;8;2517
7;2025-11-19;9;1936
7;2025-11-19;10;1659
7;2025-11-19;11;1446
7;2025-11-19;12;1541
7;2025-11-19;13;1519
7;2025-11-19;14;1666
7;2025-11-19;15;1776
7;2025-11-19;16;1818
7;2025-11-19;17;2346
7;2025-11-19;18;2505
7;2025-11-19;19;1734
7;2025-11-19;20;1091
7;2025-11-19;21;628
7;2025-11-19;22;340
7;2025-11-19;23;201
7;2025-11-20;0;63
7;2025-11-20;1;12
7;2025-11-20;2;0
7;2025-11-20;3;0
7;2025-11-20;4;2
7;2025-11-20;5;192
7;2025-11-20;6;723
7;2025-11-20;7;1617
7;2025-11-20;8;2457
7;2025-11-20;9;1802
7;2025-11-20;10;1553
7;2025-11-20;11;1431
7;2025-11-20;12;1523
7;2025-11-20;13;1483
7;2025-11-20;14;1636
7;2025-11-20;15;1704
7;2025-11-20;16;1792
7;2025-11-20;17;2291
7;2025-11-20;18;2663
7;2025-11-20;19;1723
7;2025-11-20;20;1053
7;2025-11-20;21;658
7;2025-11-20;22;314
7;2025-11-20;23;200
7;2025-11-21;0;63
7;2025-11-21;1;12
7;2025-11-21;2;0
7;2025-11-21;3;0
7;2025-11-21;4;1
7;2025-11-21;5;192
7;2025-11-21;6;654
7;2025-11-21;7;1567
7;2025-11-21;8;2370
7;2025-11-21;9;1815
7;2025-11-21;10;1589
7;2025-11-21;11;1489
7;2025-11-21;12;1554
7;2025-11-21;13;1623
7;2025-11-21;14;1706
7;2025-11-21;15;1822
7;2025-11-21;16;2041
7;2025-11-21;17;2281
7;2025-11-21;18;2168
7;2025-11-21;19;1585
7;2025-11-21;20;1045
7;2025-11-21;21;613
7;2025-11-21;22;357
7;2025-11-21;23;217
7;2025-11-22;0;100
7;2025-11-22;1;22
7;2025-11-22;2;0
7;2025-11-22;3;0
7;2025-11-22;4;0
7;2025-11-22;5;54
7;2025-11-22;6;279
7;2025-11-22;7;468
7;2025-11-22;8;706
7;2025-11-22;9;853
7;2025-11-22;10;897
7;2025-11-22;11;1073
7;2025-11-22;12;1195
7;2025-11-22;13;1224
7;2025-11-22;14;1267
7;2025-11-22;15;1184
7;2025-11-22;16;1137
7;2025-11-22;17;1073
7;2025-11-22;18;1042
7;2025-11-22;19;1021
7;2025-11-22;20;771
7;2025-11-22;21;597
7;2025-11-22;22;322
7;2025-11-22;23;215
7;2025-11-23;0;95
7;2025-11-23;1;19
7;2025-11-23;2;0
7;2025-11-23;3;0
7;2025-11-23;4;0
7;2025-11-23;5;31
7;2025-11-23;6;188
7;2025-11-23;7;304
7;2025-11-23;8;512
7;2025-11-23;9;621
7;2025-11-23;10;715
7;2025-11-23;11;894
7;2025-11-23;12;1000
7;2025-11-23;13;1042
7;2025-11-23;14;1121
7;2025-11-23;15;1040
7;2025-11-23;16;909
7;2025-11-23;17;996
7;2025-11-23;18;830
7;2025-11-23;19;714
7;2025-11-23;20;617
7;2025-11-23;21;480
7;2025-11-23;22;268
7;2025-11-23;23;153
7;2025-11-24;0;65
7;2025-11-24;1;12
7;2025-11-24;2;0
7;2025-11-24;3;0
7;2025-11-24;4;1
7;2025-11-24;5;193
7;2025-11-24;6;708
7;2025-11-24;7;1589
7;2025-11-24;8;2431
7;2025-11-24;9;1786
7;2025-11-24;10;1484
7;2025-11-24;11;1307
7;2025-11-24;12;1463
7;2025-11-24;13;1479
7;2025-11-24;14;1525
7;2025-11-24;15;1662
7;2025-11-24;16;1760
7;2025-11-24;17;2191
7;2025-11-24;18;2465
7;2025-11-24;19;1690
7;2025-11-24;20;1032
7;2025-11-24;21;573
7;2025-11-24;22;289
7;2025-11-24;23;163
7;2025-11-25;0;53
7;2025-11-25;1;12
7;2025-11-25;2;0
7;2025-11-25;3;0
7;2025-11-25;4;2
7;2025-11-25;5;201
7;2025-11-25;6;704
7;2025-11-25;7;1639
7;2025-11-25;8;2465
7;2025-11-25;9;1816
7;2025-11-25;10;1587
7;2025-11-25;11;1476
7;2025-11-25;12;1600
7;2025-11-25;13;1544
7;2025-11-25;14;1594
7;2025-11-25;15;1711
7;2025-11-25;16;1829
7;2025-11-25;17;2267
7;2025-11-25;18;2512
7;2025-11-25;19;1745
7;2025-11-25;20;1084
7;2025-11-25;21;652
7;2025-11-25;22;322
7;2025-11-25;23;179
7;2025-11-26;0;58
7;2025-11-26;1;9
7;2025-11-26;2;0
7;2025-11-26;3;0
7;2025-11-26;4;2
7;2025-11-26;5;196
7;2025-11-26;6;713
7;2025-11-26;7;1628
7;2025-11-26;8;2517
7;2025-11-26;9;1936
7;2025-11-26;10;1659
7;2025-11-26;11;1446
7;2025-11-26;12;1541
7;2025-11-26;13;1519
7;2025-11-26;14;1666
7;2025-11-26;15;1776
7;2025-11-26;16;1818
7;2025-11-26;17;2346
7;2025-11-26;18;2505
7;2025-11-26;19;1734
7;2025-11-26;20;1091
7;2025-11-26;21;628
7;2025-11-26;22;340
7;2025-11-26;23;201
7;2025-11-27;0;63
7;2025-11-27;1;12
7;2025-11-27;2;0
7;2025-11-27;3;0
7;2025-11-27;4;2
7;2025-11-27;5;192
7;2025-11-27;6;723
7;2025-11-27;7;1617
7;2025-11-27;8;2457
7;2025-11-27;9;1802
7;2025-11-27;10;1553
7;2025-11-27;11;1431
7;2025-11-27;12;1523
7;2025-11-27;13;1483
7;2025-11-27;14;1636
7;2025-11-27;15;1704
7;2025-11-27;16;1792
7;2025-11-27;17;2291
7;2025-11-27;18;2663
7;2025-11-27;19;1723
7;2025-11-27;20;1053
7;2025-11-27;21;658
7;2025-11-27;22;314
7;2025-11-27;23;200
7;2025-11-28;0;63
7;2025-11-28;1;12
7;2025-11-28;2;0
7;2025-11-28;3;0
7;2025-11-28;4;1
7;2025-11-28;5;192
7;2025-11-28;6;654
7;2025-11-28;7;1567
7;2025-11-28;8;2370
7;2025-11-28;9;1815
7;2025-11-28;10;1589
7;2025-11-28;11;1489
7;2025-11-28;12;1554
7;2025-11-28;13;1623
7;2025-11-28;14;1706
7;2025-11-28;15;1822
7;2025-11-28;16;2041
7;2025-11-28;17;2281
7;2025-11-28;18;2168
7;2025-11-28;19;1585
7;2025-11-28;20;1045
7;2025-11-28;21;613
7;2025-11-28;22;357
7;2025-11-28;23;217
7;2025-11-29;0;100
7;2025-11-29;1;22
7;2025-11-29;2;0
7;2025-11-29;3;0
7;2025-11-29;4;0
7;2025-11-29;5;54
7;2025-11-29;6;279
7;2025-11-29;7;468
7;2025-11-29;8;706
7;2025-11-29;9;853
7;2025-11-29;10;897
7;2025-11-29;11;1073
7;2025-11-29;12;1195
7;2025-11-29;13;1224
7;2025-11-29;14;1267
7;2025-11-29;15;1184
7;2025-11-29;16;1137
7;2025-11-29;17;1073
7;2025-11-29;18;1042
7;2025-11-29;19;1021
7;2025-11-29;20;771
7;2025-11-29;21;597
7;2025-11-29;22;322
7;2025-11-29;23;215
7;2025-11-30;0;95
7;2025-11-30;1;19
7;2025-11-30;2;0
7;2025-11-30;3;0
7;2025-11-30;4;0
7;2025-11-30;5;31
7;2025-11-30;6;188
7;2025-11-30;7;304
7;2025-11-30;8;512
7;2025-11-30;9;621
7;2025-11-30;10;715
7;2025-11-30;11;894
7;2025-11-30;12;1000
7;2025-11-30;13;1042
7;2025-11-30;14;1121
7;2025-11-30;15;1040
7;2025-11-30;16;909
7;2025-11-30;17;996
7;2025-11-30;18;830
7;2025-11-30;19;714
7;2025-11-30;20;617
7;2025-11-30;21;480
7;2025-11-30;22;268
7;2025-11-30;23;153
7;2025-12-01;0;65
7;2025-12-01;1;12
7;2025-12-01;2;0
7;2025-12-01;3;0
7;2025-12-01;4;1
7;2025-12-01;5;193
7;2025-12-01;6;708
7;2025-12-01;7;1589
7;2025-12-01;8;2431
7;2025-12-01;9;1786
7;2025-12-01;10;1484
7;2025-12-01;11;1307
7;2025-12-01;12;1463
7;2025-12-01;13;1479
7;2025-12-01;14;1525
7;2025-12-01;15;1662
7;2025-12-01;16;1760
7;2025-12-01;17;2191
7;2025-12-01;18;2465
7;2025-12-01;19;1690
7;2025-12-01;20;1032
7;2025-12-01;21;573
7;2025-12-01;22;289
7;2025-12-01;23;163
7;2025-12-02;0;53
7;2025-12-02;1;12
7;2025-12-02;2;0
7;2025-12-02;3;0
7;2025-12-02;4;2
7;2025-12-02;5;201
7;2025-12-02;6;704
7;2025-12-02;7;1639
7;2025-12-02;8;2465
7;2025-12-02;9;1816
7;2025-12-02;10;1587
7;2025-12-02;11;1476
7;2025-12-02;12;1600
7;2025-12-02;13;1544
7;2025-12-02;14;1594
7;2025-12-02;15;1711
7;2025-12-02;16;1829
7;2025-12-02;17;2267
7;2025-12-02;18;2512
7;2025-12-02;19;1745
7;2025-12-02;20;1084
7;2025-12-02;21;652
7;2025-12-02;22;322
7;2025-12-02;23;179
7;2025-12-03;0;58
7;2025-12-03;1;9
7;2025-12-03;2;0
7;2025-12-03;3;0
7;2025-12-03;4;2
7;2025-12-03;5;196
7;2025-12-03;6;713
7;2025-12-03;7;1628
7;2025-12-03;8;2517
7;2025-12-03;9;1936
7;2025-12-03;10;1659
7;2025-12-03;11;1446
7;2025-12-03;12;1541
7;2025-12-03;13;1519
7;2025-12-03;14;1666
7;2025-12-03;15;1776
7;2025-12-03;16;1818
7;2025-12-03;17;2346
7;2025-12-03;18;2505
7;2025-12-03;19;1734
7;2025-12-03;20;1091
7;2025-12-03;21;628
7;2025-12-03;22;340
7;2025-12-03;23;201
7;2025-12-04;0;63
7;2025-12-04;1;12
7;2025-12-04;2;0
7;2025-12-04;3;0
7;2025-12-04;4;2
7;2025-12-04;5;192
7;2025-12-04;6;723
7;2025-12-04;7;1617
7;2025-12-04;8;2457
7;2025-12-04;9;1802
7;2025-12-04;10;1553
7;2025-12-04;11;1431
7;2025-12-04;12;1523
7;2025-12-04;13;1483
7;2025-12-04;14;1636
7;2025-12-04;15;1704
7;2025-12-04;16;1792
7;2025-12-04;17;2291
7;2025-12-04;18;2663
7;2025-12-04;19;1723
7;2025-12-04;20;1053
7;2025-12-04;21;658
7;2025-12-04;22;314
7;2025-12-04;23;200
7;2025-12-05;0;63
7;2025-12-05;1;12
7;2025-12-05;2;0
7;2025-12-05;3;0
7;2025-12-05;4;1
7;2025-12-05;5;192
7;2025-12-05;6;654
7;2025-12-05;7;1567
7;2025-12-05;8;2370
7;2025-12-05;9;1815
7;2025-12-05;10;1589
7;2025-12-05;11;1489
7;2025-12-05;12;1554
7;2025-12-05;13;1623
7;2025-12-05;14;1706
7;2025-12-05;15;1822
7;2025-12-05;16;2041
7;2025-12-05;17;2281
7;2025-12-05;18;2168
7;2025-12-05;19;1585
7;2025-12-05;20;1045
7;2025-12-05;21;613
7;2025-12-05;22;357
7;2025-12-05;23;217
7;2025-12-06;0;100
7;2025-12-06;1;22
7;2025-12-06;2;0
7;2025-12-06;3;0
7;2025-12-06;4;0
7;2025-12-06;5;54
7;2025-12-06;6;279
7;2025-12-06;7;468
7;2025-12-06;8;706
7;2025-12-06;9;853
7;2025-12-06;10;897
7;2025-12-06;11;1073
7;2025-12-06;12;1195
7;2025-12-06;13;1224
7;2025-12-06;14;1267
7;2025-12-06;15;1184
7;2025-12-06;16;1137
7;2025-12-06;17;1073
7;2025-12-06;18;1042
7;2025-12-06;19;1021
7;2025-12-06;20;771
7;2025-12-06;21;597
7;2025-12-06;22;322
7;2025-12-06;23;215
7;2025-12-07;0;95
7;2025-12-07;1;19
7;2025-12-07;2;0
7;2025-12-07;3;0
7;2025-12-07;4;0
7;2025-12-07;5;31
7;2025-12-07;6;188
7;2025-12-07;7;304
7;2025-12-07;8;512
7;2025-12-07;9;621
7;2025-12-07;10;715
7;2025-12-07;11;894
7;2025-12-07;12;1000
7;2025-12-07;13;1042
7;2025-12-07;14;1121
7;2025-12-07;15;1040
7;2025-12-07;16;909
7;2025-12-07;17;996
7;2025-12-07;18;830
7;2025-12-07;19;714
7;2025-12-07;20;617
7;2025-12-07;21;480
7;2025-12-07;22;268
7;2025-12-07;23;153
7;2025-12-08;0;65
7;2025-12-08;1;12
7;2025-12-08;2;0
7;2025-12-08;3;0
7;2025-12-08;4;1
7;2025-12-08;5;193
7;2025-12-08;6;708
7;2025-12-08;7;1589
7;2025-12-08;8;2431
7;2025-12-08;9;1786
7;2025-12-08;10;1484
7;2025-12-08;11;1307
7;2025-12-08;12;1463
7;2025-12-08;13;1479
7;2025-12-08;14;1525
7;2025-12-08;15;1662
7;2025-12-08;16;1760
7;2025-12-08;17;2191
7;2025-12-08;18;2465
7;2025-12-08;19;1690
7;2025-12-08;20;1032
7;2025-12-08;21;573
7;2025-12-08;22;289
7;2025-12-08;23;163
7;2025-12-09;0;53
7;2025-12-09;1;12
7;2025-12-09;2;0
7;2025-12-09;3;0
7;2025-12-09;4;2
7;2025-12-09;5;201
7;2025-12-09;6;704
7;2025-12-09;7;1639
7;2025-12-09;8;2465
7;2025-12-09;9;1816
7;2025-12-09;10;1587
7;2025-12-09;11;1476
7;2025-12-09;12;1600
7;2025-12-09;13;1544
7;2025-12-09;14;1594
7;2025-12-09;15;1711
7;2025-12-09;16;1829
7;2025-12-09;17;2267
7;2025-12-09;18;2512
7;2025-12-09;19;1745
7;2025-12-09;20;1084
7;2025-12-09;21;652
7;2025-12-09;22;322
7;2025-12-09;23;179
7;2025-12-10;0;58
7;2025-12-10;1;9
7;2025-12-10;2;0
7;2025-12-10;3;0
7;2025-12-10;4;2
7;2025-12-10;5;196
7;2025-12-10;6;713
7;2025-12-10;7;1628
7;2025-12-10;8;2517
7;2025-12-10;9;1936
7;2025-12-10;10;1659
7;2025-12-10;11;1446
7;2025-12-10;12;1541
7;2025-12-10;13;1519
7;2025-12-10;14;1666
7;2025-12-10;15;1776
7;2025-12-10;16;1818
7;2025-12-10;17;2346
7;2025-12-10;18;2505
7;2025-12-10;19;1734
7;2025-12-10;20;1091
7;2025-12-10;21;628
7;2025-12-10;22;340
7;2025-12-10;23;201
7;2025-12-11;0;63
7;2025-12-11;1;12
7;2025-12-11;2;0
7;2025-12-11;3;0
7;2025-12-11;4;2
7;2025-12-11;5;192
7;2025-12-11;6;723
7;2025-12-11;7;1617
7;2025-12-11;8;2457
7;2025-12-11;9;1802
7;2025-12-11;10;1553
7;2025-12-11;11;1431
7;2025-12-11;12;1523
7;2025-12-11;13;1483
7;2025-12-11;14;1636
7;2025-12-11;15;1704
7;2025-12-11;16;1792
7;2025-12-11;17;2291
7;2025-12-11;18;2663
7;2025-12-11;19;1723
7;2025-12-11;20;1053
7;2025-12-11;21;658
7;2025-12-11;22;314
7;2025-12-11;23;200
7;2025-12-12;0;63
7;2025-12-12;1;12
7;2025-12-12;2;0
7;2025-12-12;3;0
7;2025-12-12;4;1
7;2025-12-12;5;192
7;2025-12-12;6;654
7;2025-12-12;7;1567
7;2025-12-12;8;2370
7;2025-12-12;9;1815
7;2025-12-12;10;1589
7;2025-12-12;11;1489
7;2025-12-12;12;1554
7;2025-12-12;13;1623
7;2025-12-12;14;1706
7;2025-12-12;15;1822
7;2025-12-12;16;2041
7;2025-12-12;17;2281
7;2025-12-12;18;2168
7;2025-12-12;19;1585
7;2025-12-12;20;1045
7;2025-12-12;21;613
7;2025-12-12;22;357
7;2025-12-12;23;217
7;2025-12-13;0;100
7;2025-12-13;1;22
7;2025-12-13;2;0
7;2025-12-13;3;0
7;2025-12-13;4;0
7;2025-12-13;5;54
7;2025-12-13;6;279
7;2025-12-13;7;468
7;2025-12-13;8;706
7;2025-12-13;9;853
7;2025-12-13;10;897
7;2025-12-13;11;1073
7;2025-12-13;12;1195
7;2025-12-13;13;1224
7;2025-12-13;14;1267
7;2025-12-13;15;1184
7;2025-12-13;16;1137
7;2025-12-13;17;1073
7;2025-12-13;18;1042
7;2025-12-13;19;1021
7;2025-12-13;20;771
7;2025-12-13;21;597
7;2025-12-13;22;322
7;2025-12-13;23;215
7;2025-12-14;0;95
7;2025-12-14;1;19
7;2025-12-14;2;0
7;2025-12-14;3;0
7;2025-12-14;4;0
7;2025-12-14;5;31
7;2025-12-14;6;188
7;2025-12-14;7;304
7;2025-12-14;8;512
7;2025-12-14;9;621
7;2025-12-14;10;715
7;2025-12-14;11;894
7;2025-12-14;12;1000
7;2025-12-14;13;1042
7;2025-12-14;14;1121
7;2025-12-14;15;1040
7;2025-12-14;16;909
7;2025-12-14;17;996
7;2025-12-14;18;830
7;2025-12-14;19;714
7;2025-12-14;20;617
7;2025-12-14;21;480
7;2025-12-14;22;268
7;2025-12-14;23;153
7;2025-12-15;0;65
7;2025-12-15;1;12
7;2025-12-15;2;0
7;2025-12-15;3;0
7;2025-12-15;4;1
7;2025-12-15;5;193
7;2025-12-15;6;708
7;2025-12-15;7;1589
7;2025-12-15;8;2431
7;2025-12-15;9;1786
7;2025-12-15;10;1484
7;2025-12-15;11;1307
7;2025-12-15;12;1463
7;2025-12-15;13;1479
7;2025-12-15;14;1525
7;2025-12-15;15;1662
7;2025-12-15;16;1760
7;2025-12-15;17;2191
7;2025-12-15;18;2465
7;2025-12-15;19;1690
7;2025-12-15;20;1032
7;2025-12-15;21;573
7;2025-12-15;22;289
7;2025-12-15;23;163
7;2025-12-16;0;53
7;2025-12-16;1;12
7;2025-12-16;2;0
7;2025-12-16;3;0
7;2025-12-16;4;2
7;2025-12-16;5;201
7;2025-12-16;6;704
7;2025-12-16;7;1639
7;2025-12-16;8;2465
7;2025-12-16;9;1816
7;2025-12-16;10;1587
7;2025-12-16;11;1476
7;2025-12-16;12;1600
7;2025-12-16;13;1544
7;2025-12-16;14;1594
7;2025-12-16;15;1711
7;2025-12-16;16;1829
7;2025-12-16;17;2267
7;2025-12-16;18;2512
7;2025-12-16;19;1745
7;2025-12-16;20;1084
7;2025-12-16;21;652
7;2025-12-16;22;322
7;2025-12-16;23;179
7;2025-12-17;0;58
7;2025-12-17;1;9
7;2025-12-17;2;0
7;2025-12-17;3;0
7;2025-12-17;4;2
7;2025-12-17;5;196
7;2025-12-17;6;713
7;2025-12-17;7;1628
7;2025-12-17;8;2517
7;2025-12-17;9;1936
7;2025-12-17;10;1659
7;2025-12-17;11;1446
7;2025-12-17;12;1541
7;2025-12-17;13;1519
7;2025-12-17;14;1666
7;2025-12-17;15;1776
7;2025-12-17;16;1818
7;2025-12-17;17;2346
7;2025-12-17;18;2505
7;2025-12-17;19;1734
7;2025-12-17;20;1091
7;2025-12-17;21;628
7;2025-12-17;22;340
7;2025-12-17;23;201
7;2025-12-18;0;63
7;2025-12-18;1;12
7;2025-12-18;2;0
7;2025-12-18;3;0
7;2025-12-18;4;2
7;2025-12-18;5;192
7;2025-12-18;6;723
7;2025-12-18;7;1617
7;2025-12-18;8;2457
7;2025-12-18;9;1802
7;2025-12-18;10;1553
7;2025-12-18;11;1431
7;2025-12-18;12;1523
7;2025-12-18;13;1483
7;2025-12-18;14;1636
7;2025-12-18;15;1704
7;2025-12-18;16;1792
7;2025-12-18;17;2291
7;2025-12-18;18;2663
7;2025-12-18;19;1723
7;2025-12-18;20;1053
7;2025-12-18;21;658
7;2025-12-18;22;314
7;2025-12-18;23;200
7;2025-12-19;0;63
7;2025-12-19;1;12
7;2025-12-19;2;0
7;2025-12-19;3;0
7;2025-12-19;4;1
7;2025-12-19;5;192
7;2025-12-19;6;654
7;2025-12-19;7;1567
7;2025-12-19;8;2370
7;2025-12-19;9;1815
7;2025-12-19;10;1589
7;2025-12-19;11;1489
7;2025-12-19;12;1554
7;2025-12-19;13;1623
7;2025-12-19;14;1706
7;2025-12-19;15;1822
7;2025-12-19;16;2041
7;2025-12-19;17;2281
7;2025-12-19;18;2168
7;2025-12-19;19;1585
7;2025-12-19;20;1045
7;2025-12-19;21;613
7;2025-12-19;22;357
7;2025-12-19;23;217
7;2025-12-20;0;100
7;2025-12-20;1;22
7;2025-12-20;2;0
7;2025-12-20;3;0
7;2025-12-20;4;0
7;2025-12-20;5;54
7;2025-12-20;6;279
7;2025-12-20;7;468
7;2025-12-20;8;706
7;2025-12-20;9;853
7;2025-12-20;10;897
7;2025-12-20;11;1073
7;2025-12-20;12;1195
7;2025-12-20;13;1224
7;2025-12-20;14;1267
7;2025-12-20;15;1184
7;2025-12-20;16;1137
7;2025-12-20;17;1073
7;2025-12-20;18;1042
7;2025-12-20;19;1021
7;2025-12-20;20;771
7;2025-12-20;21;597
7;2025-12-20;22;322
7;2025-12-20;23;215
7;2025-12-21;0;95
7;2025-12-21;1;19
7;2025-12-21;2;0
7;2025-12-21;3;0
7;2025-12-21;4;0
7;2025-12-21;5;31
7;2025-12-21;6;188
7;2025-12-21;7;304
7;2025-12-21;8;512
7;2025-12-21;9;621
7;2025-12-21;10;715
7;2025-12-21;11;894
7;2025-12-21;12;1000
7;2025-12-21;13;1042
7;2025-12-21;14;1121
7;2025-12-21;15;1040
7;2025-12-21;16;909
7;2025-12-21;17;996
7;2025-12-21;18;830
7;2025-12-21;19;714
7;2025-12-21;20;617
7;2025-12-21;21;480
7;2025-12-21;22;268
7;2025-12-21;23;153
7;2025-12-22;0;65
7;2025-12-22;1;12
7;2025-12-22;2;0
7;2025-12-22;3;0
7;2025-12-22;4;1
7;2025-12-22;5;193
7;2025-12-22;6;708
7;2025-12-22;7;1589
7;2025-12-22;8;2431
7;2025-12-22;9;1786
7;2025-12-22;10;1484
7;2025-12-22;11;1307
7;2025-12-22;12;1463
7;2025-12-22;13;1479
7;2025-12-22;14;1525
7;2025-12-22;15;1662
7;2025-12-22;16;1760
7;2025-12-22;17;2191
7;2025-12-22;18;2465
7;2025-12-22;19;1690
7;2025-12-22;20;1032
7;2025-12-22;21;573
7;2025-12-22;22;289
7;2025-12-22;23;163
7;2025-12-23;0;53
7;2025-12-23;1;12
7;2025-12-23;2;0
7;2025-12-23;3;0
7;2025-12-23;4;2
7;2025-12-23;5;201
7;2025-12-23;6;704
7;2025-12-23;7;1639
7;2025-12-23;8;2465
7;2025-12-23;9;1816
7;2025-12-23;10;1587
7;2025-12-23;11;1476
7;2025-12-23;12;1600
7;2025-12-23;13;1544
7;2025-12-23;14;1594
7;2025-12-23;15;1711
7;2025-12-23;16;1829
7;2025-12-23;17;2267
7;2025-12-23;18;2512
7;2025-12-23;19;1745
7;2025-12-23;20;1084
7;2025-12-23;21;652
7;2025-12-23;22;322
7;2025-12-23;23;179
7;2025-12-24;0;58
7;2025-12-24;1;9
7;2025-12-24;2;0
7;2025-12-24;3;0
7;2025-12-24;4;2
7;2025-12-24;5;196
7;2025-12-24;6;713
7;2025-12-24;7;1628
7;2025-12-24;8;2517
7;2025-12-24;9;1936
7;2025-12-24;10;1659
7;2025-12-24;11;1446
7;2025-12-24;12;1541
7;2025-12-24;13;1519
7;2025-12-24;14;1666
7;2025-12-24;15;1776
7;2025-12-24;16;1818
7;2025-12-24;17;2346
7;2025-12-24;18;2505
7;2025-12-24;19;1734
7;2025-12-24;20;1091
7;2025-12-24;21;628
7;2025-12-24;22;340
7;2025-12-24;23;201
7;2025-12-25;0;63
7;2025-12-25;1;12
7;2025-12-25;2;0
7;2025-12-25;3;0
7;2025-12-25;4;2
7;2025-12-25;5;192
7;2025-12-25;6;723
7;2025-12-25;7;1617
7;2025-12-25;8;2457
7;2025-12-25;9;1802
7;2025-12-25;10;1553
7;2025-12-25;11;1431
7;2025-12-25;12;1523
7;2025-12-25;13;1483
7;2025-12-25;14;1636
7;2025-12-25;15;1704
7;2025-12-25;16;1792
7;2025-12-25;17;2291
7;2025-12-25;18;2663
7;2025-12-25;19;1723
7;2025-12-25;20;1053
7;2025-12-25;21;658
7;2025-12-25;22;314
7;2025-12-25;23;200
7;2025-12-26;0;63
7;2025-12-26;1;12
7;2025-12-26;2;0
7;2025-12-26;3;0
7;2025-12-26;4;1
7;2025-12-26;5;192
7;2025-12-26;6;654
7;2025-12-26;7;1567
7;2025-12-26;8;2370
7;2025-12-26;9;1815
7;2025-12-26;10;1589
7;2025-12-26;11;1489
7;2025-12-26;12;1554
7;2025-12-26;13;1623
7;2025-12-26;14;1706
7;2025-12-26;15;1822
7;2025-12-26;16;2041
7;2025-12-26;17;2281
7;2025-12-26;18;2168
7;2025-12-26;19;1585
7;2025-12-26;20;1045
7;2025-12-26;21;613
7;2025-12-26;22;357
7;2025-12-26;23;217
7;2025-12-27;0;100
7;2025-12-27;1;22
7;2025-12-27;2;0
7;2025-12-27;3;0
7;2025-12-27;4;0
7;2025-12-27;5;54
7;2025-12-27;6;279
7;2025-12-27;7;468
7;2025-12-27;8;706
7;2025-12-27;9;853
7;2025-12-27;10;897
7;2025-12-27;11;1073
7;2025-12-27;12;1195
7;2025-12-27;13;1224
7;2025-12-27;14;1267
7;2025-12-27;15;1184
7;2025-12-27;16;1137
7;2025-12-27;17;1073
7;2025-12-27;18;1042
7;2025-12-27;19;1021
7;2025-12-27;20;771
7;2025-12-27;21;597
7;2025-12-27;22;322
7;2025-12-27;23;215
7;2025-12-28;0;95
7;2025-12-28;1;19
7;2025-12-28;2;0
7;2025-12-28;3;0
7;2025-12-28;4;0
7;2025-12-28;5;31
7;2025-12-28;6;188
7;2025-12-28;7;304
7;2025-12-28;8;512
7;2025-12-28;9;621
7;2025-12-28;10;715
7;2025-12-28;11;894
7;2025-12-28;12;1000
7;2025-12-28;13;1042
7;2025-12-28;14;1121
7;2025-12-28;15;1040
7;2025-12-28;16;909
7;2025-12-28;17;996
7;2025-12-28;18;830
7;2025-12-28;19;714
7;2025-12-28;20;617
7;2025-12-28;21;480
7;2025-12-28;22;268
7;2025-12-28;23;153
7;2025-12-29;0;65
7;2025-12-29;1;12
7;2025-12-29;2;0
7;2025-12-29;3;0
7;2025-12-29;4;1
7;2025-12-29;5;193
7;2025-12-29;6;708
7;2025-12-29;7;1589
7;2025-12-29;8;2431
7;2025-12-29;9;1786
7;2025-12-29;10;1484
7;2025-12-29;11;1307
7;2025-12-29;12;1463
7;2025-12-29;13;1479
7;2025-12-29;14;1525
7;2025-12-29;15;1662
7;2025-12-29;16;1760
7;2025-12-29;17;2191
7;2025-12-29;18;2465
7;2025-12-29;19;1690
7;2025-12-29;20;1032
7;2025-12-29;21;573
7;2025-12-29;22;289
7;2025-12-29;23;163
7;2025-12-30;0;53
7;2025-12-30;1;12
7;2025-12-30;2;0
7;2025-12-30;3;0
7;2025-12-30;4;2
7;2025-12-30;5;201
7;2025-12-30;6;704
7;2025-12-30;7;1639
7;2025-12-30;8;2465
7;2025-12-30;9;1816
7;2025-12-30;10;1587
7;2025-12-30;11;1476
7;2025-12-30;12;1600
7;2025-12-30;13;1544
7;2025-12-30;14;1594
7;2025-12-30;15;1711
7;2025-12-30;16;1829
7;2025-12-30;17;2267
7;2025-12-30;18;2512
7;2025-12-30;19;1745
7;2025-12-30;20;1084
7;2025-12-30;21;652
7;2025-12-30;22;322
7;2025-12-30;23;179
7;2025-12-31;0;95
7;2025-12-31;1;19
7;2025-12-31;2;0
7;2025-12-31;3;0
7;2025-12-31;4;0
7;2025-12-31;5;31
7;2025-12-31;6;188
7;2025-12-31;7;304
7;2025-12-31;8;512
7;2025-12-31;9;621
7;2025-12-31;10;715
7;2025-12-31;11;894
7;2025-12-31;12;1000
7;2025-12-31;13;1042
7;2025-12-31;14;1121
7;2025-12-31;15;1040
7;2025-12-31;16;909
7;2025-12-31;17;996
7;2025-12-31;18;830
7;2025-12-31;19;714
7;2025-12-31;20;617
7;2025-12-31;21;480
7;2025-12-31;22;268
7;2025-12-31;23;153
11;2025-11-01;0;72
11;2025-11-01;1;1
11;2025-11-01;2;0
11;2025-11-01;3;0
11;2025-11-01;4;0
11;2025-11-01;5;291
11;2025-11-01;6;1336
11;2025-11-01;7;2307
11;2025-11-01;8;3083
11;2025-11-01;9;2349
11;2025-11-01;10;1924
11;2025-11-01;11;1893
11;2025-11-01;12;1913
11;2025-11-01;13;1965
11;2025-11-01;14;2061
11;2025-11-01;15;2280
11;2025-11-01;16;2501
11;2025-11-01;17;2945
11;2025-11-01;18;2566
11;2025-11-01;19;2084
11;2025-11-01;20;1435
11;2025-11-01;21;877
11;2025-11-01;22;477
11;2025-11-01;23;296
11;2025-11-02;0;109
11;2025-11-02;1;10
11;2025-11-02;2;0
11;2025-11-02;3;0
11;2025-11-02;4;2
11;2025-11-02;5;119
11;2025-11-02;6;482
11;2025-11-02;7;514
11;2025-11-02;8;649
11;2025-11-02;9;916
11;2025-11-02;10;1019
11;2025-11-02;11;1432
11;2025-11-02;12;1620
11;2025-11-02;13;1562
11;2025-11-02;14;1583
11;2025-11-02;15;1647
11;2025-11-02;16;1545
11;2025-11-02;17;1677
11;2025-11-02;18;1320
11;2025-11-02;19;1050
11;2025-11-02;20;851
11;2025-11-02;21;601
11;2025-11-02;22;354
11;2025-11-02;23;246
11;2025-11-03;0;109
11;2025-11-03;1;10
11;2025-11-03;2;0
11;2025-11-03;3;0
11;2025-11-03;4;2
11;2025-11-03;5;119
11;2025-11-03;6;482
11;2025-11-03;7;514
11;2025-11-03;8;649
11;2025-11-03;9;916
11;2025-11-03;10;1019
11;2025-11-03;11;1432
11;2025-11-03;12;1620
11;2025-11-03;13;1562
11;2025-11-03;14;1583
11;2025-11-03;15;1647
11;2025-11-03;16;1545
11;2025-11-03;17;1677
11;2025-11-03;18;1320
11;2025-11-03;19;1050
11;2025-11-03;20;851
11;2025-11-03;21;601
11;2025-11-03;22;354
11;2025-11-03;23;246
11;2025-11-04;0;109
11;2025-11-04;1;10
11;2025-11-04;2;0
11;2025-11-04;3;0
11;2025-11-04;4;2
11;2025-11-04;5;119
11;2025-11-04;6;482
11;2025-11-04;7;514
11;2025-11-04;8;649
11;2025-11-04;9;916
11;2025-11-04;10;1019
11;2025-11-04;11;1432
11;2025-11-04;12;1620
11;2025-11-04;13;1562
11;2025-11-04;14;1583
11;2025-11-04;15;1647
11;2025-11-04;16;1545
11;2025-11-04;17;1677
11;2025-11-04;18;1320
11;2025-11-04;19;1050
11;2025-11-04;20;851
11;2025-11-04;21;601
11;2025-11-04;22;354
11;2025-11-04;23;246
11;2025-11-05;0;62
11;2025-11-05;1;0
11;2025-11-05;2;0
11;2025-11-05;3;0
11;2025-11-05;4;0
11;2025-11-05;5;292
11;2025-11-05;6;1297
11;2025-11-05;7;2426
11;2025-11-05;8;3180
11;2025-11-05;9;2380
11;2025-11-05;10;1844
11;2025-11-05;11;1873
11;2025-11-05;12;1902
11;2025-11-05;13;2030
11;2025-11-05;14;1982
11;2025-11-05;15;2027
11;2025-11-05;16;2144
11;2025-11-05;17;2787
11;2025-11-05;18;3060
11;2025-11-05;19;2369
11;2025-11-05;20;1557
11;2025-11-05;21;912
11;2025-11-05;22;425
11;2025-11-05;23;244
11;2025-11-06;0;64
11;2025-11-06;1;1
11;2025-11-06;2;0
11;2025-11-06;3;0
11;2025-11-06;4;0
11;2025-11-06;5;296
11;2025-11-06;6;1332
11;2025-11-06;7;2382
11;2025-11-06;8;3129
11;2025-11-06;9;2490
11;2025-11-06;10;1993
11;2025-11-06;11;1861
11;2025-11-06;12;1937
11;2025-11-06;13;2030
11;2025-11-06;14;1943
11;2025-11-06;15;2073
11;2025-11-06;16;2349
11;2025-11-06;17;2810
11;2025-11-06;18;3153
11;2025-11-06;19;2320
11;2025-11-06;20;1509
11;2025-11-06;21;952
11;2025-11-06;22;457
11;2025-11-06;23;242
11;2025-11-07;0;72
11;2025-11-07;1;1
11;2025-11-07;2;0
11;2025-11-07;3;0
11;2025-11-07;4;0
11;2025-11-07;5;291
11;2025-11-07;6;1336
11;2025-11-07;7;2307
11;2025-11-07;8;3083
11;2025-11-07;9;2349
11;2025-11-07;10;1924
11;2025-11-07;11;1893
11;2025-11-07;12;1913
11;2025-11-07;13;1965
11;2025-11-07;14;2061
11;2025-11-07;15;2280
11;2025-11-07;16;2501
11;2025-11-07;17;2945
11;2025-11-07;18;2566
11;2025-11-07;19;2084
11;2025-11-07;20;1435
11;2025-11-07;21;877
11;2025-11-07;22;477
11;2025-11-07;23;296
11;2025-11-08;0;100
11;2025-11-08;1;2
11;2025-11-08;2;0
11;2025-11-08;3;0
11;2025-11-08;4;4
11;2025-11-08;5;199
11;2025-11-08;6;789
11;2025-11-08;7;715
11;2025-11-08;8;1014
11;2025-11-08;9;1155
11;2025-11-08;10;1275
11;2025-11-08;11;1643
11;2025-11-08;12;1866
11;2025-11-08;13;1788
11;2025-11-08;14;1833
11;2025-11-08;15;1767
11;2025-11-08;16;1791
11;2025-11-08;17;1845
11;2025-11-08;18;1576
11;2025-11-08;19;1459
11;2025-11-08;20;1108
11;2025-11-08;21;737
11;2025-11-08;22;448
11;2025-11-08;23;304
11;2025-11-09;0;109
11;2025-11-09;1;10
11;2025-11-09;2;0
11;2025-11-09;3;0
11;2025-11-09;4;2
11;2025-11-09;5;119
11;2025-11-09;6;482
11;2025-11-09;7;514
11;2025-11-09;8;649
11;2025-11-09;9;916
11;2025-11-09;10;1019
11;2025-11-09;11;1432
11;2025-11-09;12;1620
11;2025-11-09;13;1562
11;2025-11-09;14;1583
11;2025-11-09;15;1647
11;2025-11-09;16;1545
11;2025-11-09;17;1677
11;2025-11-09;18;1320
11;2025-11-09;19;1050
11;2025-11-09;20;851
11;2025-11-09;21;601
11;2025-11-09;22;354
11;2025-11-09;23;246
11;2025-11-10;0;74
11;2025-11-10;1;6
11;2025-11-10;2;0
11;2025-11-10;3;0
11;2025-11-10;4;0
11;2025-11-10;5;292
11;2025-11-10;6;1346
11;2025-11-10;7;2359
11;2025-11-10;8;3105
11;2025-11-10;9;2367
11;2025-11-10;10;1805
11;2025-11-10;11;1829
11;2025-11-10;12;1719
11;2025-11-10;13;1883
11;2025-11-10;14;1882
11;2025-11-10;15;1982
11;2025-11-10;16;2228
11;2025-11-10;17;2779
11;2025-11-10;18;3071
11;2025-11-10;19;2356
11;2025-11-10;20;1493
11;2025-11-10;21;835
11;2025-11-10;22;420
11;2025-11-10;23;206
11;2025-11-11;0;62
11;2025-11-11;1;1
11;2025-11-11;2;0
11;2025-11-11;3;0
11;2025-11-11;4;0
11;2025-11-11;5;280
11;2025-11-11;6;1376
11;2025-11-11;7;2409
11;2025-11-11;8;3210
11;2025-11-11;9;2446
11;2025-11-11;10;1863
11;2025-11-11;11;1818
11;2025-11-11;12;1804
11;2025-11-11;13;1999
11;2025-11-11;14;2000
11;2025-11-11;15;2061
11;2025-11-11;16;2258
11;2025-11-11;17;2833
11;2025-11-11;18;3063
11;2025-11-11;19;2293
11;2025-11-11;20;1480
11;2025-11-11;21;867
11;2025-11-11;22;440
11;2025-11-11;23;210
11;2025-11-12;0;62
11;2025-11-12;1;0
11;2025-11-12;2;0
11;2025-11-12;3;0
11;2025-11-12;4;0
11;2025-11-12;5;292
11;2025-11-12;6;1297
11;2025-11-12;7;2426
11;2025-11-12;8;3180
11;2025-11-12;9;2380
11;2025-11-12;10;1844
11;2025-11-12;11;1873
11;2025-11-12;12;1902
11;2025-11-12;13;2030
11;2025-11-12;14;1982
11;2025-11-12;15;2027
11;2025-11-12;16;2144
11;2025-11-12;17;2787
11;2025-11-12;18;3060
11;2025-11-12;19;2369
11;2025-11-12;20;1557
11;2025-11-12;21;912
11;2025-11-12;22;425
11;2025-11-12;23;244
11;2025-11-13;0;64
11;2025-11-13;1;1
11;2025-11-13;2;0
11;2025-11-13;3;0
11;2025-11-13;4;0
11;2025-11-13;5;296
11;2025-11-13;6;1332
11;2025-11-13;7;2382
11;2025-11-13;8;3129
11;2025-11-13;9;2490
11;2025-11-13;10;1993
11;2025-11-13;11;1861
11;2025-11-13;12;1937
11;2025-11-13;13;2030
11;2025-11-13;14;1943
11;2025-11-13;15;2073
11;2025-11-13;16;2349
11;2025-11-13;17;2810
11;2025-11-13;18;3153
11;2025-11-13;19;2320
11;2025-11-13;20;1509
11;2025-11-13;21;952
11;2025-11-13;22;457
11;2025-11-13;23;242
11;2025-11-14;0;72
11;2025-11-14;1;1
11;2025-11-14;2;0
11;2025-11-14;3;0
11;2025-11-14;4;0
11;2025-11-14;5;291
11;2025-11-14;6;1336
11;2025-11-14;7;2307
11;2025-11-14;8;3083
11;2025-11-14;9;2349
11;2025-11-14;10;1924
11;2025-11-14;11;1893
11;2025-11-14;12;1913
11;2025-11-14;13;1965
11;2025-11-14;14;2061
11;2025-11-14;15;2280
11;2025-11-14;16;2501
11;2025-11-14;17;2945
11;2025-11-14;18;2566
11;2025-11-14;19;2084
11;2025-11-14;20;1435
11;2025-11-14;21;877
11;2025-11-14;22;477
11;2025-11-14;23;296
11;2025-11-15;0;100
11;2025-11-15;1;2
11;2025-11-15;2;0
11;2025-11-15;3;0
11;2025-11-15;4;4
11;2025-11-15;5;199
11;2025-11-15;6;789
11;2025-11-15;7;715
11;2025-11-15;8;1014
11;2025-11-15;9;1155
11;2025-11-15;10;1275
11;2025-11-15;11;1643
11;2025-11-15;12;1866
11;2025-11-15;13;1788
11;2025-11-15;14;1833
11;2025-11-15;15;1767
11;2025-11-15;16;1791
11;2025-11-15;17;1845
11;2025-11-15;18;1576
11;2025-11-15;19;1459
11;2025-11-15;20;1108
11;2025-11-15;21;737
11;2025-11-15;22;448
11;2025-11-15;23;304
11;2025-11-16;0;109
11;2025-11-16;1;10
11;2025-11-16;2;0
11;2025-11-16;3;0
11;2025-11-16;4;2
11;2025-11-16;5;119
11;2025-11-16;6;482
11;2025-11-16;7;514
11;2025-11-16;8;649
11;2025-11-16;9;916
11;2025-11-16;10;1019
11;2025-11-16;11;1432
11;2025-11-16;12;1620
11;2025-11-16;13;1562
11;2025-11-16;14;1583
11;2025-11-16;15;1647
11;2025-11-16;16;1545
11;2025-11-16;17;1677
11;2025-11-16;18;1320
11;2025-11-16;19;1050
11;2025-11-16;20;851
11;2025-11-16;21;601
11;2025-11-16;22;354
11;2025-11-16;23;246
11;2025-11-17;0;74
11;2025-11-17;1;6
11;2025-11-17;2;0
11;2025-11-17;3;0
11;2025-11-17;4;0
11;2025-11-17;5;292
11;2025-11-17;6;1346
11;2025-11-17;7;2359
11;2025-11-17;8;3105
11;2025-11-17;9;2367
11;2025-11-17;10;1805
11;2025-11-17;11;1829
11;2025-11-17;12;1719
11;2025-11-17;13;1883
11;2025-11-17;14;1882
11;2025-11-17;15;1982
11;2025-11-17;16;2228
11;2025-11-17;17;2779
11;2025-11-17;18;3071
11;2025-11-17;19;2356
11;2025-11-17;20;1493
11;2025-11-17;21;835
11;2025-11-17;22;420
11;2025-11-17;23;206
11;2025-11-18;0;62
11;2025-11-18;1;1
11;2025-11-18;2;0
11;2025-11-18;3;0
11;2025-11-18;4;0
11;2025-11-18;5;280
11;2025-11-18;6;1376
11;2025-11-18;7;2409
11;2025-11-18;8;3210
11;2025-11-18;9;2446
11;2025-11-18;10;1863
11;2025-11-18;11;1818
11;2025-11-18;12;1804
11;2025-11-18;13;1999
11;2025-11-18;14;2000
11;2025-11-18;15;2061
11;2025-11-18;16;2258
11;2025-11-18;17;2833
11;2025-11-18;18;3063
11;2025-11-18;19;2293
11;2025-11-18;20;1480
11;2025-11-18;21;867
11;2025-11-18;22;440
11;2025-11-18;23;210
11;2025-11-19;0;62
11;2025-11-19;1;0
11;2025-11-19;2;0
11;2025-11-19;3;0
11;2025-11-19;4;0
11;2025-11-19;5;292
11;2025-11-19;6;1297
11;2025-11-19;7;2426
11;2025-11-19;8;3180
11;2025-11-19;9;2380
11;2025-11-19;10;1844
11;2025-11-19;11;1873
11;2025-11-19;12;1902
11;2025-11-19;13;2030
11;2025-11-19;14;1982
11;2025-11-19;15;2027
11;2025-11-19;16;2144
11;2025-11-19;17;2787
11;2025-11-19;18;3060
11;2025-11-19;19;2369
11;2025-11-19;20;1557
11;2025-11-19;21;912
11;2025-11-19;22;425
11;2025-11-19;23;244
11;2025-11-20;0;64
11;2025-11-20;1;1
11;2025-11-20;2;0
11;2025-11-20;3;0
11;2025-11-20;4;0
11;2025-11-20;5;296
11;2025-11-20;6;1332
11;2025-11-20;7;2382
11;2025-11-20;8;3129
11;2025-11-20;9;2490
11;2025-11-20;10;1993
11;2025-11-20;11;1861
11;2025-11-20;12;1937
11;2025-11-20;13;2030
11;2025-11-20;14;1943
11;2025-11-20;15;2073
11;2025-11-20;16;2349
11;2025-11-20;17;2810
11;2025-11-20;18;3153
11;2025-11-20;19;2320
11;2025-11-20;20;1509
11;2025-11-20;21;952
11;2025-11-20;22;457
11;2025-11-20;23;242
11;2025-11-21;0;72
11;2025-11-21;1;1
11;2025-11-21;2;0
11;2025-11-21;3;0
11;2025-11-21;4;0
11;2025-11-21;5;291
11;2025-11-21;6;1336
11;2025-11-21;7;2307
11;2025-11-21;8;3083
11;2025-11-21;9;2349
11;2025-11-21;10;1924
11;2025-11-21;11;1893
11;2025-11-21;12;1913
11;2025-11-21;13;1965
11;2025-11-21;14;2061
11;2025-11-21;15;2280
11;2025-11-21;16;2501
11;2025-11-21;17;2945
11;2025-11-21;18;2566
11;2025-11-21;19;2084
11;2025-11-21;20;1435
11;2025-11-21;21;877
11;2025-11-21;22;477
11;2025-11-21;23;296
11;2025-11-22;0;100
11;2025-11-22;1;2
11;2025-11-22;2;0
11;2025-11-22;3;0
11;2025-11-22;4;4
11;2025-11-22;5;199
11;2025-11-22;6;789
11;2025-11-22;7;715
11;2025-11-22;8;1014
11;2025-11-22;9;1155
11;2025-11-22;10;1275
11;2025-11-22;11;1643
11;2025-11-22;12;1866
11;2025-11-22;13;1788
11;2025-11-22;14;1833
11;2025-11-22;15;1767
11;2025-11-22;16;1791
11;2025-11-22;17;1845
11;2025-11-22;18;1576
11;2025-11-22;19;1459
11;2025-11-22;20;1108
11;2025-11-22;21;737
11;2025-11-22;22;448
11;2025-11-22;23;304
11;2025-11-23;0;109
11;2025-11-23;1;10
11;2025-11-23;2;0
11;2025-11-23;3;0
11;2025-11-23;4;2
11;2025-11-23;5;119
11;2025-11-23;6;482
11;2025-11-23;7;514
11;2025-11-23;8;649
11;2025-11-23;9;916
11;2025-11-23;10;1019
11;2025-11-23;11;1432
11;2025-11-23;12;1620
11;2025-11-23;13;1562
11;2025-11-23;14;1583
11;2025-11-23;15;1647
11;2025-11-23;16;1545
11;2025-11-23;17;1677
11;2025-11-23;18;1320
11;2025-11-23;19;1050
11;2025-11-23;20;851
11;2025-11-23;21;601
11;2025-11-23;22;354
11;2025-11-23;23;246
11;2025-11-24;0;74
11;2025-11-24;1;6
11;2025-11-24;2;0
11;2025-11-24;3;0
11;2025-11-24;4;0
11;2025-11-24;5;292
11;2025-11-24;6;1346
11;2025-11-24;7;2359
11;2025-11-24;8;3105
11;2025-11-24;9;2367
11;2025-11-24;10;1805
11;2025-11-24;11;1829
11;2025-11-24;12;1719
11;2025-11-24;13;1883
11;2025-11-24;14;1882
11;2025-11-24;15;1982
11;2025-11-24;16;2228
11;2025-11-24;17;2779
11;2025-11-24;18;3071
11;2025-11-24;19;2356
11;2025-11-24;20;1493
11;2025-11-24;21;835
11;2025-11-24;22;420
11;2025-11-24;23;206
11;2025-11-25;0;62
11;2025-11-25;1;1
11;2025-11-25;2;0
11;2025-11-25;3;0
11;2025-11-25;4;0
11;2025-11-25;5;280
11;2025-11-25;6;1376
11;2025-11-25;7;2409
11;2025-11-25;8;3210
11;2025-11-25;9;2446
11;2025-11-25;10;1863
11;2025-11-25;11;1818
11;2025-11-25;12;1804
11;2025-11-25;13;1999
11;2025-11-25;14;2000
11;2025-11-25;15;2061
11;2025-11-25;16;2258
11;2025-11-25;17;2833
11;2025-11-25;18;3063
11;2025-11-25;19;2293
11;2025-11-25;20;1480
11;2025-11-25;21;867
11;2025-11-25;22;440
11;2025-11-25;23;210
11;2025-11-26;0;62
11;2025-11-26;1;0
11;2025-11-26;2;0
11;2025-11-26;3;0
11;2025-11-26;4;0
11;2025-11-26;5;292
11;2025-11-26;6;1297
11;2025-11-26;7;2426
11;2025-11-26;8;3180
11;2025-11-26;9;2380
11;2025-11-26;10;1844
11;2025-11-26;11;1873
11;2025-11-26;12;1902
11;2025-11-26;13;2030
11;2025-11-26;14;1982
11;2025-11-26;15;2027
11;2025-11-26;16;2144
11;2025-11-26;17;2787
11;2025-11-26;18;3060
11;2025-11-26;19;2369
11;2025-11-26;20;1557
11;2025-11-26;21;912
11;2025-11-26;22;425
11;2025-11-26;23;244
11;2025-11-27;0;64
11;2025-11-27;1;1
11;2025-11-27;2;0
11;2025-11-27;3;0
11;2025-11-27;4;0
11;2025-11-27;5;296
11;2025-11-27;6;1332
11;2025-11-27;7;2382
11;2025-11-27;8;3129
11;2025-11-27;9;2490
11;2025-11-27;10;1993
11;2025-11-27;11;1861
11;2025-11-27;12;1937
11;2025-11-27;13;2030
11;2025-11-27;14;1943
11;2025-11-27;15;2073
11;2025-11-27;16;2349
11;2025-11-27;17;2810
11;2025-11-27;18;3153
11;2025-11-27;19;2320
11;2025-11-27;20;1509
11;2025-11-27;21;952
11;2025-11-27;22;457
11;2025-11-27;23;242
11;2025-11-28;0;72
11;2025-11-28;1;1
11;2025-11-28;2;0
11;2025-11-28;3;0
11;2025-11-28;4;0
11;2025-11-28;5;291
11;2025-11-28;6;1336
11;2025-11-28;7;2307
11;2025-11-28;8;3083
11;2025-11-28;9;2349
11;2025-11-28;10;1924
11;2025-11-28;11;1893
11;2025-11-28;12;1913
11;2025-11-28;13;1965
11;2025-11-28;14;2061
11;2025-11-28;15;2280
11;2025-11-28;16;2501
11;2025-11-28;17;2945
11;2025-11-28;18;2566
11;2025-11-28;19;2084
11;2025-11-28;20;1435
11;2025-11-28;21;877
11;2025-11-28;22;477
11;2025-11-28;23;296
11;2025-11-29;0;100
11;2025-11-29;1;2
11;2025-11-29;2;0
11;2025-11-29;3;0
11;2025-11-29;4;4
11;2025-11-29;5;199
11;2025-11-29;6;789
11;2025-11-29;7;715
11;2025-11-29;8;1014
11;2025-11-29;9;1155
11;2025-11-29;10;1275
11;2025-11-29;11;1643
11;2025-11-29;12;1866
11;2025-11-29;13;1788
11;2025-11-29;14;1833
11;2025-11-29;15;1767
11;2025-11-29;16;1791
11;2025-11-29;17;1845
11;2025-11-29;18;1576
11;2025-11-29;19;1459
11;2025-11-29;20;1108
11;2025-11-29;21;737
11;2025-11-29;22;448
11;2025-11-29;23;304
11;2025-11-30;0;109
11;2025-11-30;1;10
11;2025-11-30;2;0
11;2025-11-30;3;0
11;2025-11-30;4;2
11;2025-11-30;5;119
11;2025-11-30;6;482
11;2025-11-30;7;514
11;2025-11-30;8;649
11;2025-11-30;9;916
11;2025-11-30;10;1019
11;2025-11-30;11;1432
11;2025-11-30;12;1620
11;2025-11-30;13;1562
11;2025-11-30;14;1583
11;2025-11-30;15;1647
11;2025-11-30;16;1545
11;2025-11-30;17;1677
11;2025-11-30;18;1320
11;2025-11-30;19;1050
11;2025-11-30;20;851
11;2025-11-30;21;601
11;2025-11-30;22;354
11;2025-11-30;23;246
11;2025-12-01;0;74
11;2025-12-01;1;6
11;2025-12-01;2;0
11;2025-12-01;3;0
11;2025-12-01;4;0
11;2025-12-01;5;292
11;2025-12-01;6;1346
11;2025-12-01;7;2359
11;2025-12-01;8;3105
11;2025-12-01;9;2367
11;2025-12-01;10;1805
11;2025-12-01;11;1829
11;2025-12-01;12;1719
11;2025-12-01;13;1883
11;2025-12-01;14;1882
11;2025-12-01;15;1982
11;2025-12-01;16;2228
11;2025-12-01;17;2779
11;2025-12-01;18;3071
11;2025-12-01;19;2356
11;2025-12-01;20;1493
11;2025-12-01;21;835
11;2025-12-01;22;420
11;2025-12-01;23;206
11;2025-12-02;0;62
11;2025-12-02;1;1
11;2025-12-02;2;0
11;2025-12-02;3;0
11;2025-12-02;4;0
11;2025-12-02;5;280
11;2025-12-02;6;1376
11;2025-12-02;7;2409
11;2025-12-02;8;3210
11;2025-12-02;9;2446
11;2025-12-02;10;1863
11;2025-12-02;11;1818
11;2025-12-02;12;1804
11;2025-12-02;13;1999
11;2025-12-02;14;2000
11;2025-12-02;15;2061
11;2025-12-02;16;2258
11;2025-12-02;17;2833
11;2025-12-02;18;3063
11;2025-12-02;19;2293
11;2025-12-02;20;1480
11;2025-12-02;21;867
11;2025-12-02;22;440
11;2025-12-02;23;210
11;2025-12-03;0;62
11;2025-12-03;1;0
11;2025-12-03;2;0
11;2025-12-03;3;0
11;2025-12-03;4;0
11;2025-12-03;5;292
11;2025-12-03;6;1297
11;2025-12-03;7;2426
11;2025-12-03;8;3180
11;2025-12-03;9;2380
11;2025-12-03;10;1844
11;2025-12-03;11;1873
11;2025-12-03;12;1902
11;2025-12-03;13;2030
11;2025-12-03;14;1982
11;2025-12-03;15;2027
11;2025-12-03;16;2144
11;2025-12-03;17;2787
11;2025-12-03;18;3060
11;2025-12-03;19;2369
11;2025-12-03;20;1557
11;2025-12-03;21;912
11;2025-12-03;22;425
11;2025-12-03;23;244
11;2025-12-04;0;64
11;2025-12-04;1;1
11;2025-12-04;2;0
11;2025-12-04;3;0
11;2025-12-04;4;0
11;2025-12-04;5;296
11;2025-12-04;6;1332
11;2025-12-04;7;2382
11;2025-12-04;8;3129
11;2025-12-04;9;2490
11;2025-12-04;10;1993
11;2025-12-04;11;1861
11;2025-12-04;12;1937
11;2025-12-04;13;2030
11;2025-12-04;14;1943
11;2025-12-04;15;2073
11;2025-12-04;16;2349
11;2025-12-04;17;2810
11;2025-12-04;18;3153
11;2025-12-04;19;2320
11;2025-12-04;20;1509
11;2025-12-04;21;952
11;2025-12-04;22;457
11;2025-12-04;23;242
11;2025-12-05;0;72
11;2025-12-05;1;1
11;2025-12-05;2;0
11;2025-12-05;3;0
11;2025-12-05;4;0
11;2025-12-05;5;291
11;2025-12-05;6;1336
11;2025-12-05;7;2307
11;2025-12-05;8;3083
11;2025-12-05;9;2349
11;2025-12-05;10;1924
11;2025-12-05;11;1893
11;2025-12-05;12;1913
11;2025-12-05;13;1965
11;2025-12-05;14;2061
11;2025-12-05;15;2280
11;2025-12-05;16;2501
11;2025-12-05;17;2945
11;2025-12-05;18;2566
11;2025-12-05;19;2084
11;2025-12-05;20;1435
11;2025-12-05;21;877
11;2025-12-05;22;477
11;2025-12-05;23;296
11;2025-12-06;0;100
11;2025-12-06;1;2
11;2025-12-06;2;0
11;2025-12-06;3;0
11;2025-12-06;4;4
11;2025-12-06;5;199
11;2025-12-06;6;789
11;2025-12-06;7;715
11;2025-12-06;8;1014
11;2025-12-06;9;1155
11;2025-12-06;10;1275
11;2025-12-06;11;1643
11;2025-12-06;12;1866
11;2025-12-06;13;1788
11;2025-12-06;14;1833
11;2025-12-06;15;1767
11;2025-12-06;16;1791
11;2025-12-06;17;1845
11;2025-12-06;18;1576
11;2025-12-06;19;1459
11;2025-12-06;20;1108
11;2025-12-06;21;737
11;2025-12-06;22;448
11;2025-12-06;23;304
11;2025-12-07;0;109
11;2025-12-07;1;10
11;2025-12-07;2;0
11;2025-12-07;3;0
11;2025-12-07;4;2
11;2025-12-07;5;119
11;2025-12-07;6;482
11;2025-12-07;7;514
11;2025-12-07;8;649
11;2025-12-07;9;916
11;2025-12-07;10;1019
11;2025-12-07;11;1432
11;2025-12-07;12;1620
11;2025-12-07;13;1562
11;2025-12-07;14;1583
11;2025-12-07;15;1647
11;2025-12-07;16;1545
11;2025-12-07;17;1677
11;2025-12-07;18;1320
11;2025-12-07;19;1050
11;2025-12-07;20;851
11;2025-12-07;21;601
11;2025-12-07;22;354
11;2025-12-07;23;246
11;2025-12-08;0;74
11;2025-12-08;1;6
11;2025-12-08;2;0
11;2025-12-08;3;0
11;2025-12-08;4;0
11;2025-12-08;5;292
11;2025-12-08;6;1346
11;2025-12-08;7;2359
11;2025-12-08;8;3105
11;2025-12-08;9;2367
11;2025-12-08;10;1805
11;2025-12-08;11;1829
11;2025-12-08;12;1719
11;2025-12-08;13;1883
11;2025-12-08;14;1882
11;2025-12-08;15;1982
11;2025-12-08;16;2228
11;2025-12-08;17;2779
11;2025-12-08;18;3071
11;2025-12-08;19;2356
11;2025-12-08;20;1493
11;2025-12-08;21;835
11;2025-12-08;22;420
11;2025-12-08;23;206
11;2025-12-09;0;62
11;2025-12-09;1;1
11;2025-12-09;2;0
11;2025-12-09;3;0
11;2025-12-09;4;0
11;2025-12-09;5;280
11;2025-12-09;6;1376
11;2025-12-09;7;2409
11;2025-12-09;8;3210
11;2025-12-09;9;2446
11;2025-12-09;10;1863
11;2025-12-09;11;1818
11;2025-12-09;12;1804
11;2025-12-09;13;1999
11;2025-12-09;14;2000
11;2025-12-09;15;2061
11;2025-12-09;16;2258
11;2025-12-09;17;2833
11;2025-12-09;18;3063
11;2025-12-09;19;2293
11;2025-12-09;20;1480
11;2025-12-09;21;867
11;2025-12-09;22;440
11;2025-12-09;23;210
11;2025-12-10;0;62
11;2025-12-10;1;0
11;2025-12-10;2;0
11;2025-12-10;3;0
11;2025-12-10;4;0
11;2025-12-10;5;292
11;2025-12-10;6;1297
11;2025-12-10;7;2426
11;2025-12-10;8;3180
11;2025-12-10;9;2380
11;2025-12-10;10;1844
11;2025-12-10;11;1873
11;2025-12-10;12;1902
11;2025-12-10;13;2030
11;2025-12-10;14;1982
11;2025-12-10;15;2027
11;2025-12-10;16;2144
11;2025-12-10;17;2787
11;2025-12-10;18;3060
11;2025-12-10;19;2369
11;2025-12-10;20;1557
11;2025-12-10;21;912
11;2025-12-10;22;425
11;2025-12-10;23;244
11;2025-12-11;0;64
11;2025-12-11;1;1
11;2025-12-11;2;0
11;2025-12-11;3;0
11;2025-12-11;4;0
11;2025-12-11;5;296
11;2025-12-11;6;1332
11;2025-12-11;7;2382
11;2025-12-11;8;3129
11;2025-12-11;9;2490
11;2025-12-11;10;1993
11;2025-12-11;11;1861
11;2025-12-11;12;1937
11;2025-12-11;13;2030
11;2025-12-11;14;1943
11;2025-12-11;15;2073
11;2025-12-11;16;2349
11;2025-12-11;17;2810
11;2025-12-11;18;3153
11;2025-12-11;19;2320
11;2025-12-11;20;1509
11;2025-12-11;21;952
11;2025-12-11;22;457
11;2025-12-11;23;242
11;2025-12-12;0;72
11;2025-12-12;1;1
11;2025-12-12;2;0
11;2025-12-12;3;0
11;2025-12-12;4;0
11;2025-12-12;5;291
11;2025-12-12;6;1336
11;2025-12-12;7;2307
11;2025-12-12;8;3083
11;2025-12-12;9;2349
11;2025-12-12;10;1924
11;2025-12-12;11;1893
11;2025-12-12;12;1913
11;2025-12-12;13;1965
11;2025-12-12;14;2061
11;2025-12-12;15;2280
11;2025-12-12;16;2501
11;2025-12-12;17;2945
11;2025-12-12;18;2566
11;2025-12-12;19;2084
11;2025-12-12;20;1435
11;2025-12-12;21;877
11;2025-12-12;22;477
11;2025-12-12;23;296
11;2025-12-13;0;100
11;2025-12-13;1;2
11;2025-12-13;2;0
11;2025-12-13;3;0
11;2025-12-13;4;4
11;2025-12-13;5;199
11;2025-12-13;6;789
11;2025-12-13;7;715
11;2025-12-13;8;1014
11;2025-12-13;9;1155
11;2025-12-13;10;1275
11;2025-12-13;11;1643
11;2025-12-13;12;1866
11;2025-12-13;13;1788
11;2025-12-13;14;1833
11;2025-12-13;15;1767
11;2025-12-13;16;1791
11;2025-12-13;17;1845
11;2025-12-13;18;1576
11;2025-12-13;19;1459
11;2025-12-13;20;1108
11;2025-12-13;21;737
11;2025-12-13;22;448
11;2025-12-13;23;304
11;2025-12-14;0;109
11;2025-12-14;1;10
11;2025-12-14;2;0
11;2025-12-14;3;0
11;2025-12-14;4;2
11;2025-12-14;5;119
11;2025-12-14;6;482
11;2025-12-14;7;514
11;2025-12-14;8;649
11;2025-12-14;9;916
11;2025-12-14;10;1019
11;2025-12-14;11;1432
11;2025-12-14;12;1620
11;2025-12-14;13;1562
11;2025-12-14;14;1583
11;2025-12-14;15;1647
11;2025-12-14;16;1545
11;2025-12-14;17;1677
11;2025-12-14;18;1320
11;2025-12-14;19;1050
11;2025-12-14;20;851
11;2025-12-14;21;601
11;2025-12-14;22;354
11;2025-12-14;23;246
11;2025-12-15;0;74
11;2025-12-15;1;6
11;2025-12-15;2;0
11;2025-12-15;3;0
11;2025-12-15;4;0
11;2025-12-15;5;292
11;2025-12-15;6;1346
11;2025-12-15;7;2359
11;2025-12-15;8;3105
11;2025-12-15;9;2367
11;2025-12-15;10;1805
11;2025-12-15;11;1829
11;2025-12-15;12;1719
11;2025-12-15;13;1883
11;2025-12-15;14;1882
11;2025-12-15;15;1982
11;2025-12-15;16;2228
11;2025-12-15;17;2779
11;2025-12-15;18;3071
11;2025-12-15;19;2356
11;2025-12-15;20;1493
11;2025-12-15;21;835
11;2025-12-15;22;420
11;2025-12-15;23;206
11;2025-12-16;0;62
11;2025-12-16;1;1
11;2025-12-16;2;0
11;2025-12-16;3;0
11;2025-12-16;4;0
11;2025-12-16;5;280
11;2025-12-16;6;1376
11;2025-12-16;7;2409
11;2025-12-16;8;3210
11;2025-12-16;9;2446
11;2025-12-16;10;1863
11;2025-12-16;11;1818
11;2025-12-16;12;1804
11;2025-12-16;13;1999
11;2025-12-16;14;2000
11;2025-12-16;15;2061
11;2025-12-16;16;2258
11;2025-12-16;17;2833
11;2025-12-16;18;3063
11;2025-12-16;19;2293
11;2025-12-16;20;1480
11;2025-12-16;21;867
11;2025-12-16;22;440
11;2025-12-16;23;210
11;2025-12-17;0;62
11;2025-12-17;1;0
11;2025-12-17;2;0
11;2025-12-17;3;0
11;2025-12-17;4;0
11;2025-12-17;5;292
11;2025-12-17;6;1297
11;2025-12-17;7;2426
11;2025-12-17;8;3180
11;2025-12-17;9;2380
11;2025-12-17;10;1844
11;2025-12-17;11;1873
11;2025-12-17;12;1902
11;2025-12-17;13;2030
11;2025-12-17;14;1982
11;2025-12-17;15;2027
11;2025-12-17;16;2144
11;2025-12-17;17;2787
11;2025-12-17;18;3060
11;2025-12-17;19;2369
11;2025-12-17;20;1557
11;2025-12-17;21;912
11;2025-12-17;22;425
11;2025-12-17;23;244
11;2025-12-18;0;64
11;2025-12-18;1;1
11;2025-12-18;2;0
11;2025-12-18;3;0
11;2025-12-18;4;0
11;2025-12-18;5;296
11;2025-12-18;6;1332
11;2025-12-18;7;2382
11;2025-12-18;8;3129
11;2025-12-18;9;2490
11;2025-12-18;10;1993
11;2025-12-18;11;1861
11;2025-12-18;12;1937
11;2025-12-18;13;2030
11;2025-12-18;14;1943
11;2025-12-18;15;2073
11;2025-12-18;16;2349
11;2025-12-18;17;2810
11;2025-12-18;18;3153
11;2025-12-18;19;2320
11;2025-12-18;20;1509
11;2025-12-18;21;952
11;2025-12-18;22;457
11;2025-12-18;23;242
11;2025-12-19;0;72
11;2025-12-19;1;1
11;2025-12-19;2;0
11;2025-12-19;3;0
11;2025-12-19;4;0
11;2025-12-19;5;291
11;2025-12-19;6;1336
11;2025-12-19;7;2307
11;2025-12-19;8;3083
11;2025-12-19;9;2349
11;2025-12-19;10;1924
11;2025-12-19;11;1893
11;2025-12-19;12;1913
11;2025-12-19;13;1965
11;2025-12-19;14;2061
11;2025-12-19;15;2280
11;2025-12-19;16;2501
11;2025-12-19;17;2945
11;2025-12-19;18;2566
11;2025-12-19;19;2084
11;2025-12-19;20;1435
11;2025-12-19;21;877
11;2025-12-19;22;477
11;2025-12-19;23;296
11;2025-12-20;0;100
11;2025-12-20;1;2
11;2025-12-20;2;0
11;2025-12-20;3;0
11;2025-12-20;4;4
11;2025-12-20;5;199
11;2025-12-20;6;789
11;2025-12-20;7;715
11;2025-12-20;8;1014
11;2025-12-20;9;1155
11;2025-12-20;10;1275
11;2025-12-20;11;1643
11;2025-12-20;12;1866
11;2025-12-20;13;1788
11;2025-12-20;14;1833
11;2025-12-20;15;1767
11;2025-12-20;16;1791
11;2025-12-20;17;1845
11;2025-12-20;18;1576
11;2025-12-20;19;1459
11;2025-12-20;20;1108
11;2025-12-20;21;737
11;2025-12-20;22;448
11;2025-12-20;23;304
11;2025-12-21;0;109
11;2025-12-21;1;10
11;2025-12-21;2;0
11;2025-12-21;3;0
11;2025-12-21;4;2
11;2025-12-21;5;119
11;2025-12-21;6;482
11;2025-12-21;7;514
11;2025-12-21;8;649
11;2025-12-21;9;916
11;2025-12-21;10;1019
11;2025-12-21;11;1432
11;2025-12-21;12;1620
11;2025-12-21;13;1562
11;2025-12-21;14;1583
11;2025-12-21;15;1647
11;2025-12-21;16;1545
11;2025-12-21;17;1677
11;2025-12-21;18;1320
11;2025-12-21;19;1050
11;2025-12-21;20;851
11;2025-12-21;21;601
11;2025-12-21;22;354
11;2025-12-21;23;246
11;2025-12-22;0;74
11;2025-12-22;1;6
11;2025-12-22;2;0
11;2025-12-22;3;0
11;2025-12-22;4;0
11;2025-12-22;5;292
11;2025-12-22;6;1346
11;2025-12-22;7;2359
11;2025-12-22;8;3105
11;2025-12-22;9;2367
11;2025-12-22;10;1805
11;2025-12-22;11;1829
11;2025-12-22;12;1719
11;2025-12-22;13;1883
11;2025-12-22;14;1882
11;2025-12-22;15;1982
11;2025-12-22;16;2228
11;2025-12-22;17;2779
11;2025-12-22;18;3071
11;2025-12-22;19;2356
11;2025-12-22;20;1493
11;2025-12-22;21;835
11;2025-12-22;22;420
11;2025-12-22;23;206
11;2025-12-23;0;62
11;2025-12-23;1;1
11;2025-12-23;2;0
11;2025-12-23;3;0
11;2025-12-23;4;0
11;2025-12-23;5;280
11;2025-12-23;6;1376
11;2025-12-23;7;2409
11;2025-12-23;8;3210
11;2025-12-23;9;2446
11;2025-12-23;10;1863
11;2025-12-23;11;1818
11;2025-12-23;12;1804
11;2025-12-23;13;1999
11;2025-12-23;14;2000
11;2025-12-23;15;2061
11;2025-12-23;16;2258
11;2025-12-23;17;2833
11;2025-12-23;18;3063
11;2025-12-23;19;2293
11;2025-12-23;20;1480
11;2025-12-23;21;867
11;2025-12-23;22;440
11;2025-12-23;23;210
11;2025-12-24;0;62
11;2025-12-24;1;0
11;2025-12-24;2;0
11;2025-12-24;3;0
11;2025-12-24;4;0
11;2025-12-24;5;292
11;2025-12-24;6;1297
11;2025-12-24;7;2426
11;2025-12-24;8;3180
11;2025-12-24;9;2380
11;2025-12-24;10;1844
11;2025-12-24;11;1873
11;2025-12-24;12;1902
11;2025-12-24;13;2030
11;2025-12-24;14;1982
11;2025-12-24;15;2027
11;2025-12-24;16;2144
11;2025-12-24;17;2787
11;2025-12-24;18;3060
11;2025-12-24;19;2369
11;2025-12-24;20;1557
11;2025-12-24;21;912
11;2025-12-24;22;425
11;2025-12-24;23;244
11;2025-12-25;0;64
11;2025-12-25;1;1
11;2025-12-25;2;0
11;2025-12-25;3;0
11;2025-12-25;4;0
11;2025-12-25;5;296
11;2025-12-25;6;1332
11;2025-12-25;7;2382
11;2025-12-25;8;3129
11;2025-12-25;9;2490
11;2025-12-25;10;1993
11;2025-12-25;11;1861
11;2025-12-25;12;1937
11;2025-12-25;13;2030
11;2025-12-25;14;1943
11;2025-12-25;15;2073
11;2025-12-25;16;2349
11;2025-12-25;17;2810
11;2025-12-25;18;3153
11;2025-12-25;19;2320
11;2025-12-25;20;1509
11;2025-12-25;21;952
11;2025-12-25;22;457
11;2025-12-25;23;242
11;2025-12-26;0;72
11;2025-12-26;1;1
11;2025-12-26;2;0
11;2025-12-26;3;0
11;2025-12-26;4;0
11;2025-12-26;5;291
11;2025-12-26;6;1336
11;2025-12-26;7;2307
11;2025-12-26;8;3083
11;2025-12-26;9;2349
11;2025-12-26;10;1924
11;2025-12-26;11;1893
11;2025-12-26;12;1913
11;2025-12-26;13;1965
11;2025-12-26;14;2061
11;2025-12-26;15;2280
11;2025-12-26;16;2501
11;2025-12-26;17;2945
11;2025-12-26;18;2566
11;2025-12-26;19;2084
11;2025-12-26;20;1435
11;2025-12-26;21;877
11;2025-12-26;22;477
11;2025-12-26;23;296
11;2025-12-27;0;100
11;2025-12-27;1;2
11;2025-12-27;2;0
11;2025-12-27;3;0
11;2025-12-27;4;4
11;2025-12-27;5;199
11;2025-12-27;6;789
11;2025-12-27;7;715
11;2025-12-27;8;1014
11;2025-12-27;9;1155
11;2025-12-27;10;1275
11;2025-12-27;11;1643
11;2025-12-27;12;1866
11;2025-12-27;13;1788
11;2025-12-27;14;1833
11;2025-12-27;15;1767
11;2025-12-27;16;1791
11;2025-12-27;17;1845
11;2025-12-27;18;1576
11;2025-12-27;19;1459
11;2025-12-27;20;1108
11;2025-12-27;21;737
11;2025-12-27;22;448
11;2025-12-27;23;304
11;2025-12-28;0;109
11;2025-12-28;1;10
11;2025-12-28;2;0
11;2025-12-28;3;0
11;2025-12-28;4;2
11;2025-12-28;5;119
11;2025-12-28;6;482
11;2025-12-28;7;514
11;2025-12-28;8;649
11;2025-12-28;9;916
11;2025-12-28;10;1019
11;2025-12-28;11;1432
11;2025-12-28;12;1620
11;2025-12-28;13;1562
11;2025-12-28;14;1583
11;2025-12-28;15;1647
11;2025-12-28;16;1545
11;2025-12-28;17;1677
11;2025-12-28;18;1320
11;2025-12-28;19;1050
11;2025-12-28;20;851
11;2025-12-28;21;601
11;2025-12-28;22;354
11;2025-12-28;23;246
11;2025-12-29;0;74
11;2025-12-29;1;6
11;2025-12-29;2;0
11;2025-12-29;3;0
11;2025-12-29;4;0
11;2025-12-29;5;292
11;2025-12-29;6;1346
11;2025-12-29;7;2359
11;2025-12-29;8;3105
11;2025-12-29;9;2367
11;2025-12-29;10;1805
11;2025-12-29;11;1829
11;2025-12-29;12;1719
11;2025-12-29;13;1883
11;2025-12-29;14;1882
11;2025-12-29;15;1982
11;2025-12-29;16;2228
11;2025-12-29;17;2779
11;2025-12-29;18;3071
11;2025-12-29;19;2356
11;2025-12-29;20;1493
11;2025-12-29;21;835
11;2025-12-29;22;420
11;2025-12-29;23;206
11;2025-12-30;0;62
11;2025-12-30;1;1
11;2025-12-30;2;0
11;2025-12-30;3;0
11;2025-12-30;4;0
11;2025-12-30;5;280
11;2025-12-30;6;1376
11;2025-12-30;7;2409
11;2025-12-30;8;3210
11;2025-12-30;9;2446
11;2025-12-30;10;1863
11;2025-12-30;11;1818
11;2025-12-30;12;1804
11;2025-12-30;13;1999
11;2025-12-30;14;2000
11;2025-12-30;15;2061
11;2025-12-30;16;2258
11;2025-12-30;17;2833
11;2025-12-30;18;3063
11;2025-12-30;19;2293
11;2025-12-30;20;1480
11;2025-12-30;21;867
11;2025-12-30;22;440
11;2025-12-30;23;210
11;2025-12-31;0;109
11;2025-12-31;1;10
11;2025-12-31;2;0
11;2025-12-31;3;0
11;2025-12-31;4;2
11;2025-12-31;5;119
11;2025-12-31;6;482
11;2025-12-31;7;514
11;2025-12-31;8;649
11;2025-12-31;9;916
11;2025-12-31;10;1019
11;2025-12-31;11;1432
11;2025-12-31;12;1620
11;2025-12-31;13;1562
11;2025-12-31;14;1583
11;2025-12-31;15;1647
11;2025-12-31;16;1545
11;2025-12-31;17;1677
11;2025-12-31;18;1320
11;2025-12-31;19;1050
11;2025-12-31;20;851
11;2025-12-31;21;601
11;2025-12-31;22;354
11;2025-12-31;23;246
12;2025-11-01;0;56
12;2025-11-01;1;2
12;2025-11-01;2;0
12;2025-11-01;3;0
12;2025-11-01;4;6
12;2025-11-01;5;321
12;2025-11-01;6;1399
12;2025-11-01;7;2709
12;2025-11-01;8;3522
12;2025-11-01;9;2369
12;2025-11-01;10;1923
12;2025-11-01;11;1999
12;2025-11-01;12;2024
12;2025-11-01;13;2033
12;2025-11-01;14;2082
12;2025-11-01;15;2399
12;2025-11-01;16;3055
12;2025-11-01;17;2991
12;2025-11-01;18;2625
12;2025-11-01;19;2289
12;2025-11-01;20;1496
12;2025-11-01;21;1000
12;2025-11-01;22;530
12;2025-11-01;23;302
12;2025-11-02;0;88
12;2025-11-02;1;7
12;2025-11-02;2;0
12;2025-11-02;3;0
12;2025-11-02;4;2
12;2025-11-02;5;156
12;2025-11-02;6;520
12;2025-11-02;7;647
12;2025-11-02;8;729
12;2025-11-02;9;938
12;2025-11-02;10;1157
12;2025-11-02;11;1294
12;2025-11-02;12;1341
12;2025-11-02;13;1590
12;2025-11-02;14;1460
12;2025-11-02;15;1364
12;2025-11-02;16;1492
12;2025-11-02;17;1497
12;2025-11-02;18;1286
12;2025-11-02;19;1027
12;2025-11-02;20;753
12;2025-11-02;21;600
12;2025-11-02;22;381
12;2025-11-02;23;204
12;2025-11-03;0;88
12;2025-11-03;1;7
12;2025-11-03;2;0
12;2025-11-03;3;0
12;2025-11-03;4;2
12;2025-11-03;5;156
12;2025-11-03;6;520
12;2025-11-03;7;647
12;2025-11-03;8;729
12;2025-11-03;9;938
12;2025-11-03;10;1157
12;2025-11-03;11;1294
12;2025-11-03;12;1341
12;2025-11-03;13;1590
12;2025-11-03;14;1460
12;2025-11-03;15;1364
12;2025-11-03;16;1492
12;2025-11-03;17;1497
12;2025-11-03;18;1286
12;2025-11-03;19;1027
12;2025-11-03;20;753
12;2025-11-03;21;600
12;2025-11-03;22;381
12;2025-11-03;23;204
12;2025-11-04;0;88
12;2025-11-04;1;7
12;2025-11-04;2;0
12;2025-11-04;3;0
12;2025-11-04;4;2
12;2025-11-04;5;156
12;2025-11-04;6;520
12;2025-11-04;7;647
12;2025-11-04;8;729
12;2025-11-04;9;938
12;2025-11-04;10;1157
12;2025-11-04;11;1294
12;2025-11-04;12;1341
12;2025-11-04;13;1590
12;2025-11-04;14;1460
12;2025-11-04;15;1364
12;2025-11-04;16;1492
12;2025-11-04;17;1497
12;2025-11-04;18;1286
12;2025-11-04;19;1027
12;2025-11-04;20;753
12;2025-11-04;21;600
12;2025-11-04;22;381
12;2025-11-04;23;204
12;2025-11-05;0;56
12;2025-11-05;1;2
12;2025-11-05;2;0
12;2025-11-05;3;0
12;2025-11-05;4;6
12;2025-11-05;5;346
12;2025-11-05;6;1489
12;2025-11-05;7;2699
12;2025-11-05;8;3524
12;2025-11-05;9;2589
12;2025-11-05;10;2082
12;2025-11-05;11;2066
12;2025-11-05;12;2077
12;2025-11-05;13;2063
12;2025-11-05;14;2030
12;2025-11-05;15;2268
12;2025-11-05;16;2737
12;2025-11-05;17;3022
12;2025-11-05;18;3171
12;2025-11-05;19;2517
12;2025-11-05;20;1517
12;2025-11-05;21;989
12;2025-11-05;22;503
12;2025-11-05;23;263
12;2025-11-06;0;51
12;2025-11-06;1;2
12;2025-11-06;2;0
12;2025-11-06;3;0
12;2025-11-06;4;6
12;2025-11-06;5;331
12;2025-11-06;6;1391
12;2025-11-06;7;2774
12;2025-11-06;8;3626
12;2025-11-06;9;2468
12;2025-11-06;10;2051
12;2025-11-06;11;2077
12;2025-11-06;12;2098
12;2025-11-06;13;2054
12;2025-11-06;14;2045
12;2025-11-06;15;2293
12;2025-11-06;16;2752
12;2025-11-06;17;3112
12;2025-11-06;18;3252
12;2025-11-06;19;2575
12;2025-11-06;20;1615
12;2025-11-06;21;940
12;2025-11-06;22;498
12;2025-11-06;23;266
12;2025-11-07;0;56
12;2025-11-07;1;2
12;2025-11-07;2;0
12;2025-11-07;3;0
12;2025-11-07;4;6
12;2025-11-07;5;321
12;2025-11-07;6;1399
12;2025-11-07;7;2709
12;2025-11-07;8;3522
12;2025-11-07;9;2369
12;2025-11-07;10;1923
12;2025-11-07;11;1999
12;2025-11-07;12;2024
12;2025-11-07;13;2033
12;2025-11-07;14;2082
12;2025-11-07;15;2399
12;2025-11-07;16;3055
12;2025-11-07;17;2991
12;2025-11-07;18;2625
12;2025-11-07;19;2289
12;2025-11-07;20;1496
12;2025-11-07;21;1000
12;2025-11-07;22;530
12;2025-11-07;23;302
12;2025-11-08;0;84
12;2025-11-08;1;4
12;2025-11-08;2;0
12;2025-11-08;3;0
12;2025-11-08;4;2
12;2025-11-08;5;239
12;2025-11-08;6;846
12;2025-11-08;7;900
12;2025-11-08;8;1001
12;2025-11-08;9;1181
12;2025-11-08;10;1425
12;2025-11-08;11;1452
12;2025-11-08;12;1455
12;2025-11-08;13;1669
12;2025-11-08;14;1616
12;2025-11-08;15;1496
12;2025-11-08;16;1566
12;2025-11-08;17;1516
12;2025-11-08;18;1452
12;2025-11-08;19;1416
12;2025-11-08;20;1002
12;2025-11-08;21;714
12;2025-11-08;22;413
12;2025-11-08;23;287
12;2025-11-09;0;88
12;2025-11-09;1;7
12;2025-11-09;2;0
12;2025-11-09;3;0
12;2025-11-09;4;2
12;2025-11-09;5;156
12;2025-11-09;6;520
12;2025-11-09;7;647
12;2025-11-09;8;729
12;2025-11-09;9;938
12;2025-11-09;10;1157
12;2025-11-09;11;1294
12;2025-11-09;12;1341
12;2025-11-09;13;1590
12;2025-11-09;14;1460
12;2025-11-09;15;1364
12;2025-11-09;16;1492
12;2025-11-09;17;1497
12;2025-11-09;18;1286
12;2025-11-09;19;1027
12;2025-11-09;20;753
12;2025-11-09;21;600
12;2025-11-09;22;381
12;2025-11-09;23;204
12;2025-11-10;0;63
12;2025-11-10;1;3
12;2025-11-10;2;0
12;2025-11-10;3;0
12;2025-11-10;4;5
12;2025-11-10;5;332
12;2025-11-10;6;1392
12;2025-11-10;7;2684
12;2025-11-10;8;3465
12;2025-11-10;9;2415
12;2025-11-10;10;1925
12;2025-11-10;11;1827
12;2025-11-10;12;1974
12;2025-11-10;13;1949
12;2025-11-10;14;1918
12;2025-11-10;15;2170
12;2025-11-10;16;2631
12;2025-11-10;17;2949
12;2025-11-10;18;3180
12;2025-11-10;19;2425
12;2025-11-10;20;1547
12;2025-11-10;21;922
12;2025-11-10;22;448
12;2025-11-10;23;230
12;2025-11-11;0;50
12;2025-11-11;1;1
12;2025-11-11;2;0
12;2025-11-11;3;0
12;2025-11-11;4;5
12;2025-11-11;5;337
12;2025-11-11;6;1426
12;2025-11-11;7;2766
12;2025-11-11;8;3683
12;2025-11-11;9;2516
12;2025-11-11;10;2093
12;2025-11-11;11;2064
12;2025-11-11;12;2032
12;2025-11-11;13;2062
12;2025-11-11;14;2034
12;2025-11-11;15;2204
12;2025-11-11;16;2741
12;2025-11-11;17;3063
12;2025-11-11;18;3204
12;2025-11-11;19;2555
12;2025-11-11;20;1541
12;2025-11-11;21;926
12;2025-11-11;22;488
12;2025-11-11;23;239
12;2025-11-12;0;56
12;2025-11-12;1;2
12;2025-11-12;2;0
12;2025-11-12;3;0
12;2025-11-12;4;6
12;2025-11-12;5;346
12;2025-11-12;6;1489
12;2025-11-12;7;2699
12;2025-11-12;8;3524
12;2025-11-12;9;2589
12;2025-11-12;10;2082
12;2025-11-12;11;2066
12;2025-11-12;12;2077
12;2025-11-12;13;2063
12;2025-11-12;14;2030
12;2025-11-12;15;2268
12;2025-11-12;16;2737
12;2025-11-12;17;3022
12;2025-11-12;18;3171
12;2025-11-12;19;2517
12;2025-11-12;20;1517
12;2025-11-12;21;989
12;2025-11-12;22;503
12;2025-11-12;23;263
12;2025-11-13;0;51
12;2025-11-13;1;2
12;2025-11-13;2;0
12;2025-11-13;3;0
12;2025-11-13;4;6
12;2025-11-13;5;331
12;2025-11-13;6;1391
12;2025-11-13;7;2774
12;2025-11-13;8;3626
12;2025-11-13;9;2468
12;2025-11-13;10;2051
12;2025-11-13;11;2077
12;2025-11-13;12;2098
12;2025-11-13;13;2054
12;2025-11-13;14;2045
12;2025-11-13;15;2293
12;2025-11-13;16;2752
12;2025-11-13;17;3112
12;2025-11-13;18;3252
12;2025-11-13;19;2575
12;2025-11-13;20;1615
12;2025-11-13;21;940
12;2025-11-13;22;498
12;2025-11-13;23;266
12;2025-11-14;0;56
12;2025-11-14;1;2
12;2025-11-14;2;0
12;2025-11-14;3;0
12;2025-11-14;4;6
12;2025-11-14;5;321
12;2025-11-14;6;1399
12;2025-11-14;7;2709
12;2025-11-14;8;3522
12;2025-11-14;9;2369
12;2025-11-14;10;1923
12;2025-11-14;11;1999
12;2025-11-14;12;2024
12;2025-11-14;13;2033
12;2025-11-14;14;2082
12;2025-11-14;15;2399
12;2025-11-14;16;3055
12;2025-11-14;17;2991
12;2025-11-14;18;2625
12;2025-11-14;19;2289
12;2025-11-14;20;1496
12;2025-11-14;21;1000
12;2025-11-14;22;530
12;2025-11-14;23;302
12;2025-11-15;0;84
12;2025-11-15;1;4
12;2025-11-15;2;0
12;2025-11-15;3;0
12;2025-11-15;4;2
12;2025-11-15;5;239
12;2025-11-15;6;846
12;2025-11-15;7;900
12;2025-11-15;8;1001
12;2025-11-15;9;1181
12;2025-11-15;10;1425
12;2025-11-15;11;1452
12;2025-11-15;12;1455
12;2025-11-15;13;1669
12;2025-11-15;14;1616
12;2025-11-15;15;1496
12;2025-11-15;16;1566
12;2025-11-15;17;1516
12;2025-11-15;18;1452
12;2025-11-15;19;1416
12;2025-11-15;20;1002
12;2025-11-15;21;714
12;2025-11-15;22;413
12;2025-11-15;23;287
12;2025-11-16;0;88
12;2025-11-16;1;7
12;2025-11-16;2;0
12;2025-11-16;3;0
12;2025-11-16;4;2
12;2025-11-16;5;156
12;2025-11-16;6;520
12;2025-11-16;7;647
12;2025-11-16;8;729
12;2025-11-16;9;938
12;2025-11-16;10;1157
12;2025-11-16;11;1294
12;2025-11-16;12;1341
12;2025-11-16;13;1590
12;2025-11-16;14;1460
12;2025-11-16;15;1364
12;2025-11-16;16;1492
12;2025-11-16;17;1497
12;2025-11-16;18;1286
12;2025-11-16;19;1027
12;2025-11-16;20;753
12;2025-11-16;21;600
12;2025-11-16;22;381
12;2025-11-16;23;204
12;2025-11-17;0;63
12;2025-11-17;1;3
12;2025-11-17;2;0
12;2025-11-17;3;0
12;2025-11-17;4;5
12;2025-11-17;5;332
12;2025-11-17;6;1392
12;2025-11-17;7;2684
12;2025-11-17;8;3465
12;2025-11-17;9;2415
12;2025-11-17;10;1925
12;2025-11-17;11;1827
12;2025-11-17;12;1974
12;2025-11-17;13;1949
12;2025-11-17;14;1918
12;2025-11-17;15;2170
12;2025-11-17;16;2631
12;2025-11-17;17;2949
12;2025-11-17;18;3180
12;2025-11-17;19;2425
12;2025-11-17;20;1547
12;2025-11-17;21;922
12;2025-11-17;22;448
12;2025-11-17;23;230
12;2025-11-18;0;50
12;2025-11-18;1;1
12;2025-11-18;2;0
12;2025-11-18;3;0
12;2025-11-18;4;5
12;2025-11-18;5;337
12;2025-11-18;6;1426
12;2025-11-18;7;2766
12;2025-11-18;8;3683
12;2025-11-18;9;2516
12;2025-11-18;10;2093
12;2025-11-18;11;2064
12;2025-11-18;12;2032
12;2025-11-18;13;2062
12;2025-11-18;14;2034
12;2025-11-18;15;2204
12;2025-11-18;16;2741
12;2025-11-18;17;3063
12;2025-11-18;18;3204
12;2025-11-18;19;2555
12;2025-11-18;20;1541
12;2025-11-18;21;926
12;2025-11-18;22;488
12;2025-11-18;23;239
12;2025-11-19;0;56
12;2025-11-19;1;2
12;2025-11-19;2;0
12;2025-11-19;3;0
12;2025-11-19;4;6
12;2025-11-19;5;346
12;2025-11-19;6;1489
12;2025-11-19;7;2699
12;2025-11-19;8;3524
12;2025-11-19;9;2589
12;2025-11-19;10;2082
12;2025-11-19;11;2066
12;2025-11-19;12;2077
12;2025-11-19;13;2063
12;2025-11-19;14;2030
12;2025-11-19;15;2268
12;2025-11-19;16;2737
12;2025-11-19;17;3022
12;2025-11-19;18;3171
12;2025-11-19;19;2517
12;2025-11-19;20;1517
12;2025-11-19;21;989
12;2025-11-19;22;503
12;2025-11-19;23;263
12;2025-11-20;0;51
12;2025-11-20;1;2
12;2025-11-20;2;0
12;2025-11-20;3;0
12;2025-11-20;4;6
12;2025-11-20;5;331
12;2025-11-20;6;1391
12;2025-11-20;7;2774
12;2025-11-20;8;3626
12;2025-11-20;9;2468
12;2025-11-20;10;2051
12;2025-11-20;11;2077
12;2025-11-20;12;2098
12;2025-11-20;13;2054
12;2025-11-20;14;2045
12;2025-11-20;15;2293
12;2025-11-20;16;2752
12;2025-11-20;17;3112
12;2025-11-20;18;3252
12;2025-11-20;19;2575
12;2025-11-20;20;1615
12;2025-11-20;21;940
12;2025-11-20;22;498
12;2025-11-20;23;266
12;2025-11-21;0;56
12;2025-11-21;1;2
12;2025-11-21;2;0
12;2025-11-21;3;0
12;2025-11-21;4;6
12;2025-11-21;5;321
12;2025-11-21;6;1399
12;2025-11-21;7;2709
12;2025-11-21;8;3522
12;2025-11-21;9;2369
12;2025-11-21;10;1923
12;2025-11-21;11;1999
12;2025-11-21;12;2024
12;2025-11-21;13;2033
12;2025-11-21;14;2082
12;2025-11-21;15;2399
12;2025-11-21;16;3055
12;2025-11-21;17;2991
12;2025-11-21;18;2625
12;2025-11-21;19;2289
12;2025-11-21;20;1496
12;2025-11-21;21;1000
12;2025-11-21;22;530
12;2025-11-21;23;302
12;2025-11-22;0;84
12;2025-11-22;1;4
12;2025-11-22;2;0
12;2025-11-22;3;0
12;2025-11-22;4;2
12;2025-11-22;5;239
12;2025-11-22;6;846
12;2025-11-22;7;900
12;2025-11-22;8;1001
12;2025-11-22;9;1181
12;2025-11-22;10;1425
12;2025-11-22;11;1452
12;2025-11-22;12;1455
12;2025-11-22;13;1669
12;2025-11-22;14;1616
12;2025-11-22;15;1496
12;2025-11-22;16;1566
12;2025-11-22;17;1516
12;2025-11-22;18;1452
12;2025-11-22;19;1416
12;2025-11-22;20;1002
12;2025-11-22;21;714
12;2025-11-22;22;413
12;2025-11-22;23;287
12;2025-11-23;0;88
12;2025-11-23;1;7
12;2025-11-23;2;0
12;2025-11-23;3;0
12;2025-11-23;4;2
12;2025-11-23;5;156
12;2025-11-23;6;520
12;2025-11-23;7;647
12;2025-11-23;8;729
12;2025-11-23;9;938
12;2025-11-23;10;1157
12;2025-11-23;11;1294
12;2025-11-23;12;1341
12;2025-11-23;13;1590
12;2025-11-23;14;1460
12;2025-11-23;15;1364
12;2025-11-23;16;1492
12;2025-11-23;17;1497
12;2025-11-23;18;1286
12;2025-11-23;19;1027
12;2025-11-23;20;753
12;2025-11-23;21;600
12;2025-11-23;22;381
12;2025-11-23;23;204
12;2025-11-24;0;63
12;2025-11-24;1;3
12;2025-11-24;2;0
12;2025-11-24;3;0
12;2025-11-24;4;5
12;2025-11-24;5;332
12;2025-11-24;6;1392
12;2025-11-24;7;2684
12;2025-11-24;8;3465
12;2025-11-24;9;2415
12;2025-11-24;10;1925
12;2025-11-24;11;1827
12;2025-11-24;12;1974
12;2025-11-24;13;1949
12;2025-11-24;14;1918
12;2025-11-24;15;2170
12;2025-11-24;16;2631
12;2025-11-24;17;2949
12;2025-11-24;18;3180
12;2025-11-24;19;2425
12;2025-11-24;20;1547
12;2025-11-24;21;922
12;2025-11-24;22;448
12;2025-11-24;23;230
12;2025-11-25;0;50
12;2025-11-25;1;1
12;2025-11-25;2;0
12;2025-11-25;3;0
12;2025-11-25;4;5
12;2025-11-25;5;337
12;2025-11-25;6;1426
12;2025-11-25;7;2766
12;2025-11-25;8;3683
12;2025-11-25;9;2516
12;2025-11-25;10;2093
12;2025-11-25;11;2064
12;2025-11-25;12;2032
12;2025-11-25;13;2062
12;2025-11-25;14;2034
12;2025-11-25;15;2204
12;2025-11-25;16;2741
12;2025-11-25;17;3063
12;2025-11-25;18;3204
12;2025-11-25;19;2555
12;2025-11-25;20;1541
12;2025-11-25;21;926
12;2025-11-25;22;488
12;2025-11-25;23;239
12;2025-11-26;0;56
12;2025-11-26;1;2
12;2025-11-26;2;0
12;2025-11-26;3;0
12;2025-11-26;4;6
12;2025-11-26;5;346
12;2025-11-26;6;1489
12;2025-11-26;7;2699
12;2025-11-26;8;3524
12;2025-11-26;9;2589
12;2025-11-26;10;2082
12;2025-11-26;11;2066
12;2025-11-26;12;2077
12;2025-11-26;13;2063
12;2025-11-26;14;2030
12;2025-11-26;15;2268
12;2025-11-26;16;2737
12;2025-11-26;17;3022
12;2025-11-26;18;3171
12;2025-11-26;19;2517
12;2025-11-26;20;1517
12;2025-11-26;21;989
12;2025-11-26;22;503
12;2025-11-26;23;263
12;2025-11-27;0;51
12;2025-11-27;1;2
12;2025-11-27;2;0
12;2025-11-27;3;0
12;2025-11-27;4;6
12;2025-11-27;5;331
12;2025-11-27;6;1391
12;2025-11-27;7;2774
12;2025-11-27;8;3626
12;2025-11-27;9;2468
12;2025-11-27;10;2051
12;2025-11-27;11;2077
12;2025-11-27;12;2098
12;2025-11-27;13;2054
12;2025-11-27;14;2045
12;2025-11-27;15;2293
12;2025-11-27;16;2752
12;2025-11-27;17;3112
12;2025-11-27;18;3252
12;2025-11-27;19;2575
12;2025-11-27;20;1615
12;2025-11-27;21;940
12;2025-11-27;22;498
12;2025-11-27;23;266
12;2025-11-28;0;56
12;2025-11-28;1;2
12;2025-11-28;2;0
12;2025-11-28;3;0
12;2025-11-28;4;6
12;2025-11-28;5;321
12;2025-11-28;6;1399
12;2025-11-28;7;2709
12;2025-11-28;8;3522
12;2025-11-28;9;2369
12;2025-11-28;10;1923
12;2025-11-28;11;1999
12;2025-11-28;12;2024
12;2025-11-28;13;2033
12;2025-11-28;14;2082
12;2025-11-28;15;2399
12;2025-11-28;16;3055
12;2025-11-28;17;2991
12;2025-11-28;18;2625
12;2025-11-28;19;2289
12;2025-11-28;20;1496
12;2025-11-28;21;1000
12;2025-11-28;22;530
12;2025-11-28;23;302
12;2025-11-29;0;84
12;2025-11-29;1;4
12;2025-11-29;2;0
12;2025-11-29;3;0
12;2025-11-29;4;2
12;2025-11-29;5;239
12;2025-11-29;6;846
12;2025-11-29;7;900
12;2025-11-29;8;1001
12;2025-11-29;9;1181
12;2025-11-29;10;1425
12;2025-11-29;11;1452
12;2025-11-29;12;1455
12;2025-11-29;13;1669
12;2025-11-29;14;1616
12;2025-11-29;15;1496
12;2025-11-29;16;1566
12;2025-11-29;17;1516
12;2025-11-29;18;1452
12;2025-11-29;19;1416
12;2025-11-29;20;1002
12;2025-11-29;21;714
12;2025-11-29;22;413
12;2025-11-29;23;287
12;2025-11-30;0;88
12;2025-11-30;1;7
12;2025-11-30;2;0
12;2025-11-30;3;0
12;2025-11-30;4;2
12;2025-11-30;5;156
12;2025-11-30;6;520
12;2025-11-30;7;647
12;2025-11-30;8;729
12;2025-11-30;9;938
12;2025-11-30;10;1157
12;2025-11-30;11;1294
12;2025-11-30;12;1341
12;2025-11-30;13;1590
12;2025-11-30;14;1460
12;2025-11-30;15;1364
12;2025-11-30;16;1492
12;2025-11-30;17;1497
12;2025-11-30;18;1286
12;2025-11-30;19;1027
12;2025-11-30;20;753
12;2025-11-30;21;600
12;2025-11-30;22;381
12;2025-11-30;23;204
12;2025-12-01;0;63
12;2025-12-01;1;3
12;2025-12-01;2;0
12;2025-12-01;3;0
12;2025-12-01;4;5
12;2025-12-01;5;332
12;2025-12-01;6;1392
12;2025-12-01;7;2684
12;2025-12-01;8;3465
12;2025-12-01;9;2415
12;2025-12-01;10;1925
12;2025-12-01;11;1827
12;2025-12-01;12;1974
12;2025-12-01;13;1949
12;2025-12-01;14;1918
12;2025-12-01;15;2170
12;2025-12-01;16;2631
12;2025-12-01;17;2949
12;2025-12-01;18;3180
12;2025-12-01;19;2425
12;2025-12-01;20;1547
12;2025-12-01;21;922
12;2025-12-01;22;448
12;2025-12-01;23;230
12;2025-12-02;0;50
12;2025-12-02;1;1
12;2025-12-02;2;0
12;2025-12-02;3;0
12;2025-12-02;4;5
12;2025-12-02;5;337
12;2025-12-02;6;1426
12;2025-12-02;7;2766
12;2025-12-02;8;3683
12;2025-12-02;9;2516
12;2025-12-02;10;2093
12;2025-12-02;11;2064
12;2025-12-02;12;2032
12;2025-12-02;13;2062
12;2025-12-02;14;2034
12;2025-12-02;15;2204
12;2025-12-02;16;2741
12;2025-12-02;17;3063
12;2025-12-02;18;3204
12;2025-12-02;19;2555
12;2025-12-02;20;1541
12;2025-12-02;21;926
12;2025-12-02;22;488
12;2025-12-02;23;239
12;2025-12-03;0;56
12;2025-12-03;1;2
12;2025-12-03;2;0
12;2025-12-03;3;0
12;2025-12-03;4;6
12;2025-12-03;5;346
12;2025-12-03;6;1489
12;2025-12-03;7;2699
12;2025-12-03;8;3524
12;2025-12-03;9;2589
12;2025-12-03;10;2082
12;2025-12-03;11;2066
12;2025-12-03;12;2077
12;2025-12-03;13;2063
12;2025-12-03;14;2030
12;2025-12-03;15;2268
12;2025-12-03;16;2737
12;2025-12-03;17;3022
12;2025-12-03;18;3171
12;2025-12-03;19;2517
12;2025-12-03;20;1517
12;2025-12-03;21;989
12;2025-12-03;22;503
12;2025-12-03;23;263
12;2025-12-04;0;51
12;2025-12-04;1;2
12;2025-12-04;2;0
12;2025-12-04;3;0
12;2025-12-04;4;6
12;2025-12-04;5;331
12;2025-12-04;6;1391
12;2025-12-04;7;2774
12;2025-12-04;8;3626
12;2025-12-04;9;2468
12;2025-12-04;10;2051
12;2025-12-04;11;2077
12;2025-12-04;12;2098
12;2025-12-04;13;2054
12;2025-12-04;14;2045
12;2025-12-04;15;2293
12;2025-12-04;16;2752
12;2025-12-04;17;3112
12;2025-12-04;18;3252
12;2025-12-04;19;2575
12;2025-12-04;20;1615
12;2025-12-04;21;940
12;2025-12-04;22;498
12;2025-12-04;23;266
12;2025-12-05;0;56
12;2025-12-05;1;2
12;2025-12-05;2;0
12;2025-12-05;3;0
12;2025-12-05;4;6
12;2025-12-05;5;321
12;2025-12-05;6;1399
12;2025-12-05;7;2709
12;2025-12-05;8;3522
12;2025-12-05;9;2369
12;2025-12-05;10;1923
12;2025-12-05;11;1999
12;2025-12-05;12;2024
12;2025-12-05;13;2033
12;2025-12-05;14;2082
12;2025-12-05;15;2399
12;2025-12-05;16;3055
12;2025-12-05;17;2991
12;2025-12-05;18;2625
12;2025-12-05;19;2289
12;2025-12-05;20;1496
12;2025-12-05;21;1000
12;2025-12-05;22;530
12;2025-12-05;23;302
12;2025-12-06;0;84
12;2025-12-06;1;4
12;2025-12-06;2;0
12;2025-12-06;3;0
12;2025-12-06;4;2
12;2025-12-06;5;239
12;2025-12-06;6;846
12;2025-12-06;7;900
12;2025-12-06;8;1001
12;2025-12-06;9;1181
12;2025-12-06;10;1425
12;2025-12-06;11;1452
12;2025-12-06;12;1455
12;2025-12-06;13;1669
12;2025-12-06;14;1616
12;2025-12-06;15;1496
12;2025-12-06;16;1566
12;2025-12-06;17;1516
12;2025-12-06;18;1452
12;2025-12-06;19;1416
12;2025-12-06;20;1002
12;2025-12-06;21;714
12;2025-12-06;22;413
12;2025-12-06;23;287
12;2025-12-07;0;88
12;2025-12-07;1;7
12;2025-12-07;2;0
12;2025-12-07;3;0
12;2025-12-07;4;2
12;2025-12-07;5;156
12;2025-12-07;6;520
12;2025-12-07;7;647
12;2025-12-07;8;729
12;2025-12-07;9;938
12;2025-12-07;10;1157
12;2025-12-07;11;1294
12;2025-12-07;12;1341
12;2025-12-07;13;1590
12;2025-12-07;14;1460
12;2025-12-07;15;1364
12;2025-12-07;16;1492
12;2025-12-07;17;1497
12;2025-12-07;18;1286
12;2025-12-07;19;1027
12;2025-12-07;20;753
12;2025-12-07;21;600
12;2025-12-07;22;381
12;2025-12-07;23;204
12;2025-12-08;0;63
12;2025-12-08;1;3
12;2025-12-08;2;0
12;2025-12-08;3;0
12;2025-12-08;4;5
12;2025-12-08;5;332
12;2025-12-08;6;1392
12;2025-12-08;7;2684
12;2025-12-08;8;3465
12;2025-12-08;9;2415
12;2025-12-08;10;1925
12;2025-12-08;11;1827
12;2025-12-08;12;1974
12;2025-12-08;13;1949
12;2025-12-08;14;1918
12;2025-12-08;15;2170
12;2025-12-08;16;2631
12;2025-12-08;17;2949
12;2025-12-08;18;3180
12;2025-12-08;19;2425
12;2025-12-08;20;1547
12;2025-12-08;21;922
12;2025-12-08;22;448
12;2025-12-08;23;230
12;2025-12-09;0;50
12;2025-12-09;1;1
12;2025-12-09;2;0
12;2025-12-09;3;0
12;2025-12-09;4;5
12;2025-12-09;5;337
12;2025-12-09;6;1426
12;2025-12-09;7;2766
12;2025-12-09;8;3683
12;2025-12-09;9;2516
12;2025-12-09;10;2093
12;2025-12-09;11;2064
12;2025-12-09;12;2032
12;2025-12-09;13;2062
12;2025-12-09;14;2034
12;2025-12-09;15;2204
12;2025-12-09;16;2741
12;2025-12-09;17;3063
12;2025-12-09;18;3204
12;2025-12-09;19;2555
12;2025-12-09;20;1541
12;2025-12-09;21;926
12;2025-12-09;22;488
12;2025-12-09;23;239
12;2025-12-10;0;56
12;2025-12-10;1;2
12;2025-12-10;2;0
12;2025-12-10;3;0
12;2025-12-10;4;6
12;2025-12-10;5;346
12;2025-12-10;6;1489
12;2025-12-10;7;2699
12;2025-12-10;8;3524
12;2025-12-10;9;2589
12;2025-12-10;10;2082
12;2025-12-10;11;2066
12;2025-12-10;12;2077
12;2025-12-10;13;2063
12;2025-12-10;14;2030
12;2025-12-10;15;2268
12;2025-12-10;16;2737
12;2025-12-10;17;3022
12;2025-12-10;18;3171
12;2025-12-10;19;2517
12;2025-12-10;20;1517
12;2025-12-10;21;989
12;2025-12-10;22;503
12;2025-12-10;23;263
12;2025-12-11;0;51
12;2025-12-11;1;2
12;2025-12-11;2;0
12;2025-12-11;3;0
12;2025-12-11;4;6
12;2025-12-11;5;331
12;2025-12-11;6;1391
12;2025-12-11;7;2774
12;2025-12-11;8;3626
12;2025-12-11;9;2468
12;2025-12-11;10;2051
12;2025-12-11;11;2077
12;2025-12-11;12;2098
12;2025-12-11;13;2054
12;2025-12-11;14;2045
12;2025-12-11;15;2293
12;2025-12-11;16;2752
12;2025-12-11;17;3112
12;2025-12-11;18;3252
12;2025-12-11;19;2575
12;2025-12-11;20;1615
12;2025-12-11;21;940
12;2025-12-11;22;498
12;2025-12-11;23;266
12;2025-12-12;0;56
12;2025-12-12;1;2
12;2025-12-12;2;0
12;2025-12-12;3;0
12;2025-12-12;4;6
12;2025-12-12;5;321
12;2025-12-12;6;1399
12;2025-12-12;7;2709
12;2025-12-12;8;3522
12;2025-12-12;9;2369
12;2025-12-12;10;1923
12;2025-12-12;11;1999
12;2025-12-12;12;2024
12;2025-12-12;13;2033
12;2025-12-12;14;2082
12;2025-12-12;15;2399
12;2025-12-12;16;3055
12;2025-12-12;17;2991
12;2025-12-12;18;2625
12;2025-12-12;19;2289
12;2025-12-12;20;1496
12;2025-12-12;21;1000
12;2025-12-12;22;530
12;2025-12-12;23;302
12;2025-12-13;0;84
12;2025-12-13;1;4
12;2025-12-13;2;0
12;2025-12-13;3;0
12;2025-12-13;4;2
12;2025-12-13;5;239
12;2025-12-13;6;846
12;2025-12-13;7;900
12;2025-12-13;8;1001
12;2025-12-13;9;1181
12;2025-12-13;10;1425
12;2025-12-13;11;1452
12;2025-12-13;12;1455
12;2025-12-13;13;1669
12;2025-12-13;14;1616
12;2025-12-13;15;1496
12;2025-12-13;16;1566
12;2025-12-13;17;1516
12;2025-12-13;18;1452
12;2025-12-13;19;1416
12;2025-12-13;20;1002
12;2025-12-13;21;714
12;2025-12-13;22;413
12;2025-12-13;23;287
12;2025-12-14;0;88
12;2025-12-14;1;7
12;2025-12-14;2;0
12;2025-12-14;3;0
12;2025-12-14;4;2
12;2025-12-14;5;156
12;2025-12-14;6;520
12;2025-12-14;7;647
12;2025-12-14;8;729
12;2025-12-14;9;938
12;2025-12-14;10;1157
12;2025-12-14;11;1294
12;2025-12-14;12;1341
12;2025-12-14;13;1590
12;2025-12-14;14;1460
12;2025-12-14;15;1364
12;2025-12-14;16;1492
12;2025-12-14;17;1497
12;2025-12-14;18;1286
12;2025-12-14;19;1027
12;2025-12-14;20;753
12;2025-12-14;21;600
12;2025-12-14;22;381
12;2025-12-14;23;204
12;2025-12-15;0;63
12;2025-12-15;1;3
12;2025-12-15;2;0
12;2025-12-15;3;0
12;2025-12-15;4;5
12;2025-12-15;5;332
12;2025-12-15;6;1392
12;2025-12-15;7;2684
12;2025-12-15;8;3465
12;2025-12-15;9;2415
12;2025-12-15;10;1925
12;2025-12-15;11;1827
12;2025-12-15;12;1974
12;2025-12-15;13;1949
12;2025-12-15;14;1918
12;2025-12-15;15;2170
12;2025-12-15;16;2631
12;2025-12-15;17;2949
12;2025-12-15;18;3180
12;2025-12-15;19;2425
12;2025-12-15;20;1547
12;2025-12-15;21;922
12;2025-12-15;22;448
12;2025-12-15;23;230
12;2025-12-16;0;50
12;2025-12-16;1;1
12;2025-12-16;2;0
12;2025-12-16;3;0
12;2025-12-16;4;5
12;2025-12-16;5;337
12;2025-12-16;6;1426
12;2025-12-16;7;2766
12;2025-12-16;8;3683
12;2025-12-16;9;2516
12;2025-12-16;10;2093
12;2025-12-16;11;2064
12;2025-12-16;12;2032
12;2025-12-16;13;2062
12;2025-12-16;14;2034
12;2025-12-16;15;2204
12;2025-12-16;16;2741
12;2025-12-16;17;3063
12;2025-12-16;18;3204
12;2025-12-16;19;2555
12;2025-12-16;20;1541
12;2025-12-16;21;926
12;2025-12-16;22;488
12;2025-12-16;23;239
12;2025-12-17;0;56
12;2025-12-17;1;2
12;2025-12-17;2;0
12;2025-12-17;3;0
12;2025-12-17;4;6
12;2025-12-17;5;346
12;2025-12-17;6;1489
12;2025-12-17;7;2699
12;2025-12-17;8;3524
12;2025-12-17;9;2589
12;2025-12-17;10;2082
12;2025-12-17;11;2066
12;2025-12-17;12;2077
12;2025-12-17;13;2063
12;2025-12-17;14;2030
12;2025-12-17;15;2268
12;2025-12-17;16;2737
12;2025-12-17;17;3022
12;2025-12-17;18;3171
12;2025-12-17;19;2517
12;2025-12-17;20;1517
12;2025-12-17;21;989
12;2025-12-17;22;503
12;2025-12-17;23;263
12;2025-12-18;0;51
12;2025-12-18;1;2
12;2025-12-18;2;0
12;2025-12-18;3;0
12;2025-12-18;4;6
12;2025-12-18;5;331
12;2025-12-18;6;1391
12;2025-12-18;7;2774
12;2025-12-18;8;3626
12;2025-12-18;9;2468
12;2025-12-18;10;2051
12;2025-12-18;11;2077
12;2025-12-18;12;2098
12;2025-12-18;13;2054
12;2025-12-18;14;2045
12;2025-12-18;15;2293
12;2025-12-18;16;2752
12;2025-12-18;17;3112
12;2025-12-18;18;3252
12;2025-12-18;19;2575
12;2025-12-18;20;1615
12;2025-12-18;21;940
12;2025-12-18;22;498
12;2025-12-18;23;266
12;2025-12-19;0;56
12;2025-12-19;1;2
12;2025-12-19;2;0
12;2025-12-19;3;0
12;2025-12-19;4;6
12;2025-12-19;5;321
12;2025-12-19;6;1399
12;2025-12-19;7;2709
12;2025-12-19;8;3522
12;2025-12-19;9;2369
12;2025-12-19;10;1923
12;2025-12-19;11;1999
12;2025-12-19;12;2024
12;2025-12-19;13;2033
12;2025-12-19;14;2082
12;2025-12-19;15;2399
12;2025-12-19;16;3055
12;2025-12-19;17;2991
12;2025-12-19;18;2625
12;2025-12-19;19;2289
12;2025-12-19;20;1496
12;2025-12-19;21;1000
12;2025-12-19;22;530
12;2025-12-19;23;302
12;2025-12-20;0;84
12;2025-12-20;1;4
12;2025-12-20;2;0
12;2025-12-20;3;0
12;2025-12-20;4;2
12;2025-12-20;5;239
12;2025-12-20;6;846
12;2025-12-20;7;900
12;2025-12-20;8;1001
12;2025-12-20;9;1181
12;2025-12-20;10;1425
12;2025-12-20;11;1452
12;2025-12-20;12;1455
12;2025-12-20;13;1669
12;2025-12-20;14;1616
12;2025-12-20;15;1496
12;2025-12-20;16;1566
12;2025-12-20;17;1516
12;2025-12-20;18;1452
12;2025-12-20;19;1416
12;2025-12-20;20;1002
12;2025-12-20;21;714
12;2025-12-20;22;413
12;2025-12-20;23;287
12;2025-12-21;0;88
12;2025-12-21;1;7
12;2025-12-21;2;0
12;2025-12-21;3;0
12;2025-12-21;4;2
12;2025-12-21;5;156
12;2025-12-21;6;520
12;2025-12-21;7;647
12;2025-12-21;8;729
12;2025-12-21;9;938
12;2025-12-21;10;1157
12;2025-12-21;11;1294
12;2025-12-21;12;1341
12;2025-12-21;13;1590
12;2025-12-21;14;1460
12;2025-12-21;15;1364
12;2025-12-21;16;1492
12;2025-12-21;17;1497
12;2025-12-21;18;1286
12;2025-12-21;19;1027
12;2025-12-21;20;753
12;2025-12-21;21;600
12;2025-12-21;22;381
12;2025-12-21;23;204
12;2025-12-22;0;63
12;2025-12-22;1;3
12;2025-12-22;2;0
12;2025-12-22;3;0
12;2025-12-22;4;5
12;2025-12-22;5;332
12;2025-12-22;6;1392
12;2025-12-22;7;2684
12;2025-12-22;8;3465
12;2025-12-22;9;2415
12;2025-12-22;10;1925
12;2025-12-22;11;1827
12;2025-12-22;12;1974
12;2025-12-22;13;1949
12;2025-12-22;14;1918
12;2025-12-22;15;2170
12;2025-12-22;16;2631
12;2025-12-22;17;2949
12;2025-12-22;18;3180
12;2025-12-22;19;2425
12;2025-12-22;20;1547
12;2025-12-22;21;922
12;2025-12-22;22;448
12;2025-12-22;23;230
12;2025-12-23;0;50
12;2025-12-23;1;1
12;2025-12-23;2;0
12;2025-12-23;3;0
12;2025-12-23;4;5
12;2025-12-23;5;337
12;2025-12-23;6;1426
12;2025-12-23;7;2766
12;2025-12-23;8;3683
12;2025-12-23;9;2516
12;2025-12-23;10;2093
12;2025-12-23;11;2064
12;2025-12-23;12;2032
12;2025-12-23;13;2062
12;2025-12-23;14;2034
12;2025-12-23;15;2204
12;2025-12-23;16;2741
12;2025-12-23;17;3063
12;2025-12-23;18;3204
12;2025-12-23;19;2555
12;2025-12-23;20;1541
12;2025-12-23;21;926
12;2025-12-23;22;488
12;2025-12-23;23;239
12;2025-12-24;0;56
12;2025-12-24;1;2
12;2025-12-24;2;0
12;2025-12-24;3;0
12;2025-12-24;4;6
12;2025-12-24;5;346
12;2025-12-24;6;1489
12;2025-12-24;7;2699
12;2025-12-24;8;3524
12;2025-12-24;9;2589
12;2025-12-24;10;2082
12;2025-12-24;11;2066
12;2025-12-24;12;2077
12;2025-12-24;13;2063
12;2025-12-24;14;2030
12;2025-12-24;15;2268
12;2025-12-24;16;2737
12;2025-12-24;17;3022
12;2025-12-24;18;3171
12;2025-12-24;19;2517
12;2025-12-24;20;1517
12;2025-12-24;21;989
12;2025-12-24;22;503
12;2025-12-24;23;263
12;2025-12-25;0;51
12;2025-12-25;1;2
12;2025-12-25;2;0
12;2025-12-25;3;0
12;2025-12-25;4;6
12;2025-12-25;5;331
12;2025-12-25;6;1391
12;2025-12-25;7;2774
12;2025-12-25;8;3626
12;2025-12-25;9;2468
12;2025-12-25;10;2051
12;2025-12-25;11;2077
12;2025-12-25;12;2098
12;2025-12-25;13;2054
12;2025-12-25;14;2045
12;2025-12-25;15;2293
12;2025-12-25;16;2752
12;2025-12-25;17;3112
12;2025-12-25;18;3252
12;2025-12-25;19;2575
12;2025-12-25;20;1615
12;2025-12-25;21;940
12;2025-12-25;22;498
12;2025-12-25;23;266
12;2025-12-26;0;56
12;2025-12-26;1;2
12;2025-12-26;2;0
12;2025-12-26;3;0
12;2025-12-26;4;6
12;2025-12-26;5;321
12;2025-12-26;6;1399
12;2025-12-26;7;2709
12;2025-12-26;8;3522
12;2025-12-26;9;2369
12;2025-12-26;10;1923
12;2025-12-26;11;1999
12;2025-12-26;12;2024
12;2025-12-26;13;2033
12;2025-12-26;14;2082
12;2025-12-26;15;2399
12;2025-12-26;16;3055
12;2025-12-26;17;2991
12;2025-12-26;18;2625
12;2025-12-26;19;2289
12;2025-12-26;20;1496
12;2025-12-26;21;1000
12;2025-12-26;22;530
12;2025-12-26;23;302
12;2025-12-27;0;84
12;2025-12-27;1;4
12;2025-12-27;2;0
12;2025-12-27;3;0
12;2025-12-27;4;2
12;2025-12-27;5;239
12;2025-12-27;6;846
12;2025-12-27;7;900
12;2025-12-27;8;1001
12;2025-12-27;9;1181
12;2025-12-27;10;1425
12;2025-12-27;11;1452
12;2025-12-27;12;1455
12;2025-12-27;13;1669
12;2025-12-27;14;1616
12;2025-12-27;15;1496
12;2025-12-27;16;1566
12;2025-12-27;17;1516
12;2025-12-27;18;1452
12;2025-12-27;19;1416
12;2025-12-27;20;1002
12;2025-12-27;21;714
12;2025-12-27;22;413
12;2025-12-27;23;287
12;2025-12-28;0;88
12;2025-12-28;1;7
12;2025-12-28;2;0
12;2025-12-28;3;0
12;2025-12-28;4;2
12;2025-12-28;5;156
12;2025-12-28;6;520
12;2025-12-28;7;647
12;2025-12-28;8;729
12;2025-12-28;9;938
12;2025-12-28;10;1157
12;2025-12-28;11;1294
12;2025-12-28;12;1341
12;2025-12-28;13;1590
12;2025-12-28;14;1460
12;2025-12-28;15;1364
12;2025-12-28;16;1492
12;2025-12-28;17;1497
12;2025-12-28;18;1286
12;2025-12-28;19;1027
12;2025-12-28;20;753
12;2025-12-28;21;600
12;2025-12-28;22;381
12;2025-12-28;23;204
12;2025-12-29;0;63
12;2025-12-29;1;3
12;2025-12-29;2;0
12;2025-12-29;3;0
12;2025-12-29;4;5
12;2025-12-29;5;332
12;2025-12-29;6;1392
12;2025-12-29;7;2684
12;2025-12-29;8;3465
12;2025-12-29;9;2415
12;2025-12-29;10;1925
12;2025-12-29;11;1827
12;2025-12-29;12;1974
12;2025-12-29;13;1949
12;2025-12-29;14;1918
12;2025-12-29;15;2170
12;2025-12-29;16;2631
12;2025-12-29;17;2949
12;2025-12-29;18;3180
12;2025-12-29;19;2425
12;2025-12-29;20;1547
12;2025-12-29;21;922
12;2025-12-29;22;448
12;2025-12-29;23;230
12;2025-12-30;0;50
12;2025-12-30;1;1
12;2025-12-30;2;0
12;2025-12-30;3;0
12;2025-12-30;4;5
12;2025-12-30;5;337
12;2025-12-30;6;1426
12;2025-12-30;7;2766
12;2025-12-30;8;3683
12;2025-12-30;9;2516
12;2025-12-30;10;2093
12;2025-12-30;11;2064
12;2025-12-30;12;2032
12;2025-12-30;13;2062
12;2025-12-30;14;2034
12;2025-12-30;15;2204
12;2025-12-30;16;2741
12;2025-12-30;17;3063
12;2025-12-30;18;3204
12;2025-12-30;19;2555
12;2025-12-30;20;1541
12;2025-12-30;21;926
12;2025-12-30;22;488
12;2025-12-30;23;239
12;2025-12-31;0;88
12;2025-12-31;1;7
12;2025-12-31;2;0
12;2025-12-31;3;0
12;2025-12-31;4;2
12;2025-12-31;5;156
12;2025-12-31;6;520
12;2025-12-31;7;647
12;2025-12-31;8;729
12;2025-12-31;9;938
12;2025-12-31;10;1157
12;2025-12-31;11;1294
12;2025-12-31;12;1341
12;2025-12-31;13;1590
12;2025-12-31;14;1460
12;2025-12-31;15;1364
12;2025-12-31;16;1492
12;2025-12-31;17;1497
12;2025-12-31;18;1286
12;2025-12-31;19;1027
12;2025-12-31;20;753
12;2025-12-31;21;600
12;2025-12-31;22;381
12;2025-12-31;23;204
17;2025-11-01;0;143
17;2025-11-01;1;15
17;2025-11-01;2;0
17;2025-11-01;3;0
17;2025-11-01;4;26
17;2025-11-01;5;314
17;2025-11-01;6;1526
17;2025-11-01;7;3977
17;2025-11-01;8;5231
17;2025-11-01;9;3754
17;2025-11-01;10;2989
17;2025-11-01;11;2947
17;2025-11-01;12;3033
17;2025-11-01;13;3106
17;2025-11-01;14;3150
17;2025-11-01;15;3492
17;2025-11-01;16;4156
17;2025-11-01;17;4639
17;2025-11-01;18;4477
17;2025-11-01;19;3328
17;2025-11-01;20;2373
17;2025-11-01;21;1595
17;2025-11-01;22;905
17;2025-11-01;23;454
17;2025-11-02;0;175
17;2025-11-02;1;22
17;2025-11-02;2;0
17;2025-11-02;3;0
17;2025-11-02;4;3
17;2025-11-02;5;103
17;2025-11-02;6;408
17;2025-11-02;7;739
17;2025-11-02;8;1182
17;2025-11-02;9;1639
17;2025-11-02;10;1917
17;2025-11-02;11;2423
17;2025-11-02;12;2784
17;2025-11-02;13;2994
17;2025-11-02;14;3106
17;2025-11-02;15;3099
17;2025-11-02;16;3064
17;2025-11-02;17;2879
17;2025-11-02;18;2539
17;2025-11-02;19;2059
17;2025-11-02;20;1586
17;2025-11-02;21;1134
17;2025-11-02;22;714
17;2025-11-02;23;317
17;2025-11-03;0;175
17;2025-11-03;1;22
17;2025-11-03;2;0
17;2025-11-03;3;0
17;2025-11-03;4;3
17;2025-11-03;5;103
17;2025-11-03;6;408
17;2025-11-03;7;739
17;2025-11-03;8;1182
17;2025-11-03;9;1639
17;2025-11-03;10;1917
17;2025-11-03;11;2423
17;2025-11-03;12;2784
17;2025-11-03;13;2994
17;2025-11-03;14;3106
17;2025-11-03;15;3099
17;2025-11-03;16;3064
17;2025-11-03;17;2879
17;2025-11-03;18;2539
17;2025-11-03;19;2059
17;2025-11-03;20;1586
17;2025-11-03;21;1134
17;2025-11-03;22;714
17;2025-11-03;23;317
17;2025-11-04;0;175
17;2025-11-04;1;22
17;2025-11-04;2;0
17;2025-11-04;3;0
17;2025-11-04;4;3
17;2025-11-04;5;103
17;2025-11-04;6;408
17;2025-11-04;7;739
17;2025-11-04;8;1182
17;2025-11-04;9;1639
17;2025-11-04;10;1917
17;2025-11-04;11;2423
17;2025-11-04;12;2784
17;2025-11-04;13;2994
17;2025-11-04;14;3106
17;2025-11-04;15;3099
17;2025-11-04;16;3064
17;2025-11-04;17;2879
17;2025-11-04;18;2539
17;2025-11-04;19;2059
17;2025-11-04;20;1586
17;2025-11-04;21;1134
17;2025-11-04;22;714
17;2025-11-04;23;317
17;2025-11-05;0;123
17;2025-11-05;1;9
17;2025-11-05;2;0
17;2025-11-05;3;0
17;2025-11-05;4;27
17;2025-11-05;5;322
17;2025-11-05;6;1549
17;2025-11-05;7;4036
17;2025-11-05;8;5321
17;2025-11-05;9;3785
17;2025-11-05;10;2990
17;2025-11-05;11;2965
17;2025-11-05;12;2954
17;2025-11-05;13;3058
17;2025-11-05;14;3084
17;2025-11-05;15;3269
17;2025-11-05;16;3656
17;2025-11-05;17;4485
17;2025-11-05;18;4912
17;2025-11-05;19;3470
17;2025-11-05;20;2375
17;2025-11-05;21;1504
17;2025-11-05;22;822
17;2025-11-05;23;389
17;2025-11-06;0;129
17;2025-11-06;1;10
17;2025-11-06;2;0
17;2025-11-06;3;0
17;2025-11-06;4;26
17;2025-11-06;5;323
17;2025-11-06;6;1543
17;2025-11-06;7;4035
17;2025-11-06;8;5322
17;2025-11-06;9;3805
17;2025-11-06;10;3024
17;2025-11-06;11;2940
17;2025-11-06;12;3011
17;2025-11-06;13;3038
17;2025-11-06;14;3125
17;2025-11-06;15;3266
17;2025-11-06;16;3712
17;2025-11-06;17;4508
17;2025-11-06;18;4942
17;2025-11-06;19;3521
17;2025-11-06;20;2443
17;2025-11-06;21;1521
17;2025-11-06;22;850
17;2025-11-06;23;394
17;2025-11-07;0;143
17;2025-11-07;1;15
17;2025-11-07;2;0
17;2025-11-07;3;0
17;2025-11-07;4;26
17;2025-11-07;5;314
17;2025-11-07;6;1526
17;2025-11-07;7;3977
17;2025-11-07;8;5231
17;2025-11-07;9;3754
17;2025-11-07;10;2989
17;2025-11-07;11;2947
17;2025-11-07;12;3033
17;2025-11-07;13;3106
17;2025-11-07;14;3150
17;2025-11-07;15;3492
17;2025-11-07;16;4156
17;2025-11-07;17;4639
17;2025-11-07;18;4477
17;2025-11-07;19;3328
17;2025-11-07;20;2373
17;2025-11-07;21;1595
17;2025-11-07;22;905
17;2025-11-07;23;454
17;2025-11-08;0;193
17;2025-11-08;1;22
17;2025-11-08;2;0
17;2025-11-08;3;0
17;2025-11-08;4;5
17;2025-11-08;5;127
17;2025-11-08;6;533
17;2025-11-08;7;1151
17;2025-11-08;8;1703
17;2025-11-08;9;2148
17;2025-11-08;10;2354
17;2025-11-08;11;2814
17;2025-11-08;12;3115
17;2025-11-08;13;3288
17;2025-11-08;14;3317
17;2025-11-08;15;3343
17;2025-11-08;16;3331
17;2025-11-08;17;3107
17;2025-11-08;18;2951
17;2025-11-08;19;2413
17;2025-11-08;20;1845
17;2025-11-08;21;1365
17;2025-11-08;22;854
17;2025-11-08;23;425
17;2025-11-09;0;175
17;2025-11-09;1;22
17;2025-11-09;2;0
17;2025-11-09;3;0
17;2025-11-09;4;3
17;2025-11-09;5;103
17;2025-11-09;6;408
17;2025-11-09;7;739
17;2025-11-09;8;1182
17;2025-11-09;9;1639
17;2025-11-09;10;1917
17;2025-11-09;11;2423
17;2025-11-09;12;2784
17;2025-11-09;13;2994
17;2025-11-09;14;3106
17;2025-11-09;15;3099
17;2025-11-09;16;3064
17;2025-11-09;17;2879
17;2025-11-09;18;2539
17;2025-11-09;19;2059
17;2025-11-09;20;1586
17;2025-11-09;21;1134
17;2025-11-09;22;714
17;2025-11-09;23;317
17;2025-11-10;0;106
17;2025-11-10;1;12
17;2025-11-10;2;0
17;2025-11-10;3;0
17;2025-11-10;4;26
17;2025-11-10;5;310
17;2025-11-10;6;1508
17;2025-11-10;7;3987
17;2025-11-10;8;5335
17;2025-11-10;9;3704
17;2025-11-10;10;2847
17;2025-11-10;11;2827
17;2025-11-10;12;2841
17;2025-11-10;13;2896
17;2025-11-10;14;2953
17;2025-11-10;15;3152
17;2025-11-10;16;3605
17;2025-11-10;17;4423
17;2025-11-10;18;4865
17;2025-11-10;19;3500
17;2025-11-10;20;2344
17;2025-11-10;21;1392
17;2025-11-10;22;751
17;2025-11-10;23;330
17;2025-11-11;0;109
17;2025-11-11;1;9
17;2025-11-11;2;0
17;2025-11-11;3;0
17;2025-11-11;4;27
17;2025-11-11;5;323
17;2025-11-11;6;1555
17;2025-11-11;7;4093
17;2025-11-11;8;5440
17;2025-11-11;9;3847
17;2025-11-11;10;2992
17;2025-11-11;11;2868
17;2025-11-11;12;2964
17;2025-11-11;13;3003
17;2025-11-11;14;3113
17;2025-11-11;15;3217
17;2025-11-11;16;3590
17;2025-11-11;17;4505
17;2025-11-11;18;4962
17;2025-11-11;19;3510
17;2025-11-11;20;2405
17;2025-11-11;21;1434
17;2025-11-11;22;784
17;2025-11-11;23;356
17;2025-11-12;0;123
17;2025-11-12;1;9
17;2025-11-12;2;0
17;2025-11-12;3;0
17;2025-11-12;4;27
17;2025-11-12;5;322
17;2025-11-12;6;1549
17;2025-11-12;7;4036
17;2025-11-12;8;5321
17;2025-11-12;9;3785
17;2025-11-12;10;2990
17;2025-11-12;11;2965
17;2025-11-12;12;2954
17;2025-11-12;13;3058
17;2025-11-12;14;3084
17;2025-11-12;15;3269
17;2025-11-12;16;3656
17;2025-11-12;17;4485
17;2025-11-12;18;4912
17;2025-11-12;19;3470
17;2025-11-12;20;2375
17;2025-11-12;21;1504
17;2025-11-12;22;822
17;2025-11-12;23;389
17;2025-11-13;0;129
17;2025-11-13;1;10
17;2025-11-13;2;0
17;2025-11-13;3;0
17;2025-11-13;4;26
17;2025-11-13;5;323
17;2025-11-13;6;1543
17;2025-11-13;7;4035
17;2025-11-13;8;5322
17;2025-11-13;9;3805
17;2025-11-13;10;3024
17;2025-11-13;11;2940
17;2025-11-13;12;3011
17;2025-11-13;13;3038
17;2025-11-13;14;3125
17;2025-11-13;15;3266
17;2025-11-13;16;3712
17;2025-11-13;17;4508
17;2025-11-13;18;4942
17;2025-11-13;19;3521
17;2025-11-13;20;2443
17;2025-11-13;21;1521
17;2025-11-13;22;850
17;2025-11-13;23;394
17;2025-11-14;0;143
17;2025-11-14;1;15
17;2025-11-14;2;0
17;2025-11-14;3;0
17;2025-11-14;4;26
17;2025-11-14;5;314
17;2025-11-14;6;1526
17;2025-11-14;7;3977
17;2025-11-14;8;5231
17;2025-11-14;9;3754
17;2025-11-14;10;2989
17;2025-11-14;11;2947
17;2025-11-14;12;3033
17;2025-11-14;13;3106
17;2025-11-14;14;3150
17;2025-11-14;15;3492
17;2025-11-14;16;4156
17;2025-11-14;17;4639
17;2025-11-14;18;4477
17;2025-11-14;19;3328
17;2025-11-14;20;2373
17;2025-11-14;21;1595
17;2025-11-14;22;905
17;2025-11-14;23;454
17;2025-11-15;0;193
17;2025-11-15;1;22
17;2025-11-15;2;0
17;2025-11-15;3;0
17;2025-11-15;4;5
17;2025-11-15;5;127
17;2025-11-15;6;533
17;2025-11-15;7;1151
17;2025-11-15;8;1703
17;2025-11-15;9;2148
17;2025-11-15;10;2354
17;2025-11-15;11;2814
17;2025-11-15;12;3115
17;2025-11-15;13;3288
17;2025-11-15;14;3317
17;2025-11-15;15;3343
17;2025-11-15;16;3331
17;2025-11-15;17;3107
17;2025-11-15;18;2951
17;2025-11-15;19;2413
17;2025-11-15;20;1845
17;2025-11-15;21;1365
17;2025-11-15;22;854
17;2025-11-15;23;425
17;2025-11-16;0;175
17;2025-11-16;1;22
17;2025-11-16;2;0
17;2025-11-16;3;0
17;2025-11-16;4;3
17;2025-11-16;5;103
17;2025-11-16;6;408
17;2025-11-16;7;739
17;2025-11-16;8;1182
17;2025-11-16;9;1639
17;2025-11-16;10;1917
17;2025-11-16;11;2423
17;2025-11-16;12;2784
17;2025-11-16;13;2994
17;2025-11-16;14;3106
17;2025-11-16;15;3099
17;2025-11-16;16;3064
17;2025-11-16;17;2879
17;2025-11-16;18;2539
17;2025-11-16;19;2059
17;2025-11-16;20;1586
17;2025-11-16;21;1134
17;2025-11-16;22;714
17;2025-11-16;23;317
17;2025-11-17;0;106
17;2025-11-17;1;12
17;2025-11-17;2;0
17;2025-11-17;3;0
17;2025-11-17;4;26
17;2025-11-17;5;310
17;2025-11-17;6;1508
17;2025-11-17;7;3987
17;2025-11-17;8;5335
17;2025-11-17;9;3704
17;2025-11-17;10;2847
17;2025-11-17;11;2827
17;2025-11-17;12;2841
17;2025-11-17;13;2896
17;2025-11-17;14;2953
17;2025-11-17;15;3152
17;2025-11-17;16;3605
17;2025-11-17;17;4423
17;2025-11-17;18;4865
17;2025-11-17;19;3500
17;2025-11-17;20;2344
17;2025-11-17;21;1392
17;2025-11-17;22;751
17;2025-11-17;23;330
17;2025-11-18;0;109
17;2025-11-18;1;9
17;2025-11-18;2;0
17;2025-11-18;3;0
17;2025-11-18;4;27
17;2025-11-18;5;323
17;2025-11-18;6;1555
17;2025-11-18;7;4093
17;2025-11-18;8;5440
17;2025-11-18;9;3847
17;2025-11-18;10;2992
17;2025-11-18;11;2868
17;2025-11-18;12;2964
17;2025-11-18;13;3003
17;2025-11-18;14;3113
17;2025-11-18;15;3217
17;2025-11-18;16;3590
17;2025-11-18;17;4505
17;2025-11-18;18;4962
17;2025-11-18;19;3510
17;2025-11-18;20;2405
17;2025-11-18;21;1434
17;2025-11-18;22;784
17;2025-11-18;23;356
17;2025-11-19;0;123
17;2025-11-19;1;9
17;2025-11-19;2;0
17;2025-11-19;3;0
17;2025-11-19;4;27
17;2025-11-19;5;322
17;2025-11-19;6;1549
17;2025-11-19;7;4036
17;2025-11-19;8;5321
17;2025-11-19;9;3785
17;2025-11-19;10;2990
17;2025-11-19;11;2965
17;2025-11-19;12;2954
17;2025-11-19;13;3058
17;2025-11-19;14;3084
17;2025-11-19;15;3269
17;2025-11-19;16;3656
17;2025-11-19;17;4485
17;2025-11-19;18;4912
17;2025-11-19;19;3470
17;2025-11-19;20;2375
17;2025-11-19;21;1504
17;2025-11-19;22;822
17;2025-11-19;23;389
17;2025-11-20;0;129
17;2025-11-20;1;10
17;2025-11-20;2;0
17;2025-11-20;3;0
17;2025-11-20;4;26
17;2025-11-20;5;323
17;2025-11-20;6;1543
17;2025-11-20;7;4035
17;2025-11-20;8;5322
17;2025-11-20;9;3805
17;2025-11-20;10;3024
17;2025-11-20;11;2940
17;2025-11-20;12;3011
17;2025-11-20;13;3038
17;2025-11-20;14;3125
17;2025-11-20;15;3266
17;2025-11-20;16;3712
17;2025-11-20;17;4508
17;2025-11-20;18;4942
17;2025-11-20;19;3521
17;2025-11-20;20;2443
17;2025-11-20;21;1521
17;2025-11-20;22;850
17;2025-11-20;23;394
17;2025-11-21;0;143
17;2025-11-21;1;15
17;2025-11-21;2;0
17;2025-11-21;3;0
17;2025-11-21;4;26
17;2025-11-21;5;314
17;2025-11-21;6;1526
17;2025-11-21;7;3977
17;2025-11-21;8;5231
17;2025-11-21;9;3754
17;2025-11-21;10;2989
17;2025-11-21;11;2947
17;2025-11-21;12;3033
17;2025-11-21;13;3106
17;2025-11-21;14;3150
17;2025-11-21;15;3492
17;2025-11-21;16;4156
17;2025-11-21;17;4639
17;2025-11-21;18;4477
17;2025-11-21;19;3328
17;2025-11-21;20;2373
17;2025-11-21;21;1595
17;2025-11-21;22;905
17;2025-11-21;23;454
17;2025-11-22;0;193
17;2025-11-22;1;22
17;2025-11-22;2;0
17;2025-11-22;3;0
17;2025-11-22;4;5
17;2025-11-22;5;127
17;2025-11-22;6;533
17;2025-11-22;7;1151
17;2025-11-22;8;1703
17;2025-11-22;9;2148
17;2025-11-22;10;2354
17;2025-11-22;11;2814
17;2025-11-22;12;3115
17;2025-11-22;13;3288
17;2025-11-22;14;3317
17;2025-11-22;15;3343
17;2025-11-22;16;3331
17;2025-11-22;17;3107
17;2025-11-22;18;2951
17;2025-11-22;19;2413
17;2025-11-22;20;1845
17;2025-11-22;21;1365
17;2025-11-22;22;854
17;2025-11-22;23;425
17;2025-11-23;0;175
17;2025-11-23;1;22
17;2025-11-23;2;0
17;2025-11-23;3;0
17;2025-11-23;4;3
17;2025-11-23;5;103
17;2025-11-23;6;408
17;2025-11-23;7;739
17;2025-11-23;8;1182
17;2025-11-23;9;1639
17;2025-11-23;10;1917
17;2025-11-23;11;2423
17;2025-11-23;12;2784
17;2025-11-23;13;2994
17;2025-11-23;14;3106
17;2025-11-23;15;3099
17;2025-11-23;16;3064
17;2025-11-23;17;2879
17;2025-11-23;18;2539
17;2025-11-23;19;2059
17;2025-11-23;20;1586
17;2025-11-23;21;1134
17;2025-11-23;22;714
17;2025-11-23;23;317
17;2025-11-24;0;106
17;2025-11-24;1;12
17;2025-11-24;2;0
17;2025-11-24;3;0
17;2025-11-24;4;26
17;2025-11-24;5;310
17;2025-11-24;6;1508
17;2025-11-24;7;3987
17;2025-11-24;8;5335
17;2025-11-24;9;3704
17;2025-11-24;10;2847
17;2025-11-24;11;2827
17;2025-11-24;12;2841
17;2025-11-24;13;2896
17;2025-11-24;14;2953
17;2025-11-24;15;3152
17;2025-11-24;16;3605
17;2025-11-24;17;4423
17;2025-11-24;18;4865
17;2025-11-24;19;3500
17;2025-11-24;20;2344
17;2025-11-24;21;1392
17;2025-11-24;22;751
17;2025-11-24;23;330
17;2025-11-25;0;109
17;2025-11-25;1;9
17;2025-11-25;2;0
17;2025-11-25;3;0
17;2025-11-25;4;27
17;2025-11-25;5;323
17;2025-11-25;6;1555
17;2025-11-25;7;4093
17;2025-11-25;8;5440
17;2025-11-25;9;3847
17;2025-11-25;10;2992
17;2025-11-25;11;2868
17;2025-11-25;12;2964
17;2025-11-25;13;3003
17;2025-11-25;14;3113
17;2025-11-25;15;3217
17;2025-11-25;16;3590
17;2025-11-25;17;4505
17;2025-11-25;18;4962
17;2025-11-25;19;3510
17;2025-11-25;20;2405
17;2025-11-25;21;1434
17;2025-11-25;22;784
17;2025-11-25;23;356
17;2025-11-26;0;123
17;2025-11-26;1;9
17;2025-11-26;2;0
17;2025-11-26;3;0
17;2025-11-26;4;27
17;2025-11-26;5;322
17;2025-11-26;6;1549
17;2025-11-26;7;4036
17;2025-11-26;8;5321
17;2025-11-26;9;3785
17;2025-11-26;10;2990
17;2025-11-26;11;2965
17;2025-11-26;12;2954
17;2025-11-26;13;3058
17;2025-11-26;14;3084
17;2025-11-26;15;3269
17;2025-11-26;16;3656
17;2025-11-26;17;4485
17;2025-11-26;18;4912
17;2025-11-26;19;3470
17;2025-11-26;20;2375
17;2025-11-26;21;1504
17;2025-11-26;22;822
17;2025-11-26;23;389
17;2025-11-27;0;129
17;2025-11-27;1;10
17;2025-11-27;2;0
17;2025-11-27;3;0
17;2025-11-27;4;26
17;2025-11-27;5;323
17;2025-11-27;6;1543
17;2025-11-27;7;4035
17;2025-11-27;8;5322
17;2025-11-27;9;3805
17;2025-11-27;10;3024
17;2025-11-27;11;2940
17;2025-11-27;12;3011
17;2025-11-27;13;3038
17;2025-11-27;14;3125
17;2025-11-27;15;3266
17;2025-11-27;16;3712
17;2025-11-27;17;4508
17;2025-11-27;18;4942
17;2025-11-27;19;3521
17;2025-11-27;20;2443
17;2025-11-27;21;1521
17;2025-11-27;22;850
17;2025-11-27;23;394
17;2025-11-28;0;143
17;2025-11-28;1;15
17;2025-11-28;2;0
17;2025-11-28;3;0
17;2025-11-28;4;26
17;2025-11-28;5;314
17;2025-11-28;6;1526
17;2025-11-28;7;3977
17;2025-11-28;8;5231
17;2025-11-28;9;3754
17;2025-11-28;10;2989
17;2025-11-28;11;2947
17;2025-11-28;12;3033
17;2025-11-28;13;3106
17;2025-11-28;14;3150
17;2025-11-28;15;3492
17;2025-11-28;16;4156
17;2025-11-28;17;4639
17;2025-11-28;18;4477
17;2025-11-28;19;3328
17;2025-11-28;20;2373
17;2025-11-28;21;1595
17;2025-11-28;22;905
17;2025-11-28;23;454
17;2025-11-29;0;193
17;2025-11-29;1;22
17;2025-11-29;2;0
17;2025-11-29;3;0
17;2025-11-29;4;5
17;2025-11-29;5;127
17;2025-11-29;6;533
17;2025-11-29;7;1151
17;2025-11-29;8;1703
17;2025-11-29;9;2148
17;2025-11-29;10;2354
17;2025-11-29;11;2814
17;2025-11-29;12;3115
17;2025-11-29;13;3288
17;2025-11-29;14;3317
17;2025-11-29;15;3343
17;2025-11-29;16;3331
17;2025-11-29;17;3107
17;2025-11-29;18;2951
17;2025-11-29;19;2413
17;2025-11-29;20;1845
17;2025-11-29;21;1365
17;2025-11-29;22;854
17;2025-11-29;23;425
17;2025-11-30;0;175
17;2025-11-30;1;22
17;2025-11-30;2;0
17;2025-11-30;3;0
17;2025-11-30;4;3
17;2025-11-30;5;103
17;2025-11-30;6;408
17;2025-11-30;7;739
17;2025-11-30;8;1182
17;2025-11-30;9;1639
17;2025-11-30;10;1917
17;2025-11-30;11;2423
17;2025-11-30;12;2784
17;2025-11-30;13;2994
17;2025-11-30;14;3106
17;2025-11-30;15;3099
17;2025-11-30;16;3064
17;2025-11-30;17;2879
17;2025-11-30;18;2539
17;2025-11-30;19;2059
17;2025-11-30;20;1586
17;2025-11-30;21;1134
17;2025-11-30;22;714
17;2025-11-30;23;317
17;2025-12-01;0;106
17;2025-12-01;1;12
17;2025-12-01;2;0
17;2025-12-01;3;0
17;2025-12-01;4;26
17;2025-12-01;5;310
17;2025-12-01;6;1508
17;2025-12-01;7;3987
17;2025-12-01;8;5335
17;2025-12-01;9;3704
17;2025-12-01;10;2847
17;2025-12-01;11;2827
17;2025-12-01;12;2841
17;2025-12-01;13;2896
17;2025-12-01;14;2953
17;2025-12-01;15;3152
17;2025-12-01;16;3605
17;2025-12-01;17;4423
17;2025-12-01;18;4865
17;2025-12-01;19;3500
17;2025-12-01;20;2344
17;2025-12-01;21;1392
17;2025-12-01;22;751
17;2025-12-01;23;330
17;2025-12-02;0;109
17;2025-12-02;1;9
17;2025-12-02;2;0
17;2025-12-02;3;0
17;2025-12-02;4;27
17;2025-12-02;5;323
17;2025-12-02;6;1555
17;2025-12-02;7;4093
17;2025-12-02;8;5440
17;2025-12-02;9;3847
17;2025-12-02;10;2992
17;2025-12-02;11;2868
17;2025-12-02;12;2964
17;2025-12-02;13;3003
17;2025-12-02;14;3113
17;2025-12-02;15;3217
17;2025-12-02;16;3590
17;2025-12-02;17;4505
17;2025-12-02;18;4962
17;2025-12-02;19;3510
17;2025-12-02;20;2405
17;2025-12-02;21;1434
17;2025-12-02;22;784
17;2025-12-02;23;356
17;2025-12-03;0;123
17;2025-12-03;1;9
17;2025-12-03;2;0
17;2025-12-03;3;0
17;2025-12-03;4;27
17;2025-12-03;5;322
17;2025-12-03;6;1549
17;2025-12-03;7;4036
17;2025-12-03;8;5321
17;2025-12-03;9;3785
17;2025-12-03;10;2990
17;2025-12-03;11;2965
17;2025-12-03;12;2954
17;2025-12-03;13;3058
17;2025-12-03;14;3084
17;2025-12-03;15;3269
17;2025-12-03;16;3656
17;2025-12-03;17;4485
17;2025-12-03;18;4912
17;2025-12-03;19;3470
17;2025-12-03;20;2375
17;2025-12-03;21;1504
17;2025-12-03;22;822
17;2025-12-03;23;389
17;2025-12-04;0;129
17;2025-12-04;1;10
17;2025-12-04;2;0
17;2025-12-04;3;0
17;2025-12-04;4;26
17;2025-12-04;5;323
17;2025-12-04;6;1543
17;2025-12-04;7;4035
17;2025-12-04;8;5322
17;2025-12-04;9;3805
17;2025-12-04;10;3024
17;2025-12-04;11;2940
17;2025-12-04;12;3011
17;2025-12-04;13;3038
17;2025-12-04;14;3125
17;2025-12-04;15;3266
17;2025-12-04;16;3712
17;2025-12-04;17;4508
17;2025-12-04;18;4942
17;2025-12-04;19;3521
17;2025-12-04;20;2443
17;2025-12-04;21;1521
17;2025-12-04;22;850
17;2025-12-04;23;394
17;2025-12-05;0;143
17;2025-12-05;1;15
17;2025-12-05;2;0
17;2025-12-05;3;0
17;2025-12-05;4;26
17;2025-12-05;5;314
17;2025-12-05;6;1526
17;2025-12-05;7;3977
17;2025-12-05;8;5231
17;2025-12-05;9;3754
17;2025-12-05;10;2989
17;2025-12-05;11;2947
17;2025-12-05;12;3033
17;2025-12-05;13;3106
17;2025-12-05;14;3150
17;2025-12-05;15;3492
17;2025-12-05;16;4156
17;2025-12-05;17;4639
17;2025-12-05;18;4477
17;2025-12-05;19;3328
17;2025-12-05;20;2373
17;2025-12-05;21;1595
17;2025-12-05;22;905
17;2025-12-05;23;454
17;2025-12-06;0;193
17;2025-12-06;1;22
17;2025-12-06;2;0
17;2025-12-06;3;0
17;2025-12-06;4;5
17;2025-12-06;5;127
17;2025-12-06;6;533
17;2025-12-06;7;1151
17;2025-12-06;8;1703
17;2025-12-06;9;2148
17;2025-12-06;10;2354
17;2025-12-06;11;2814
17;2025-12-06;12;3115
17;2025-12-06;13;3288
17;2025-12-06;14;3317
17;2025-12-06;15;3343
17;2025-12-06;16;3331
17;2025-12-06;17;3107
17;2025-12-06;18;2951
17;2025-12-06;19;2413
17;2025-12-06;20;1845
17;2025-12-06;21;1365
17;2025-12-06;22;854
17;2025-12-06;23;425
17;2025-12-07;0;175
17;2025-12-07;1;22
17;2025-12-07;2;0
17;2025-12-07;3;0
17;2025-12-07;4;3
17;2025-12-07;5;103
17;2025-12-07;6;408
17;2025-12-07;7;739
17;2025-12-07;8;1182
17;2025-12-07;9;1639
17;2025-12-07;10;1917
17;2025-12-07;11;2423
17;2025-12-07;12;2784
17;2025-12-07;13;2994
17;2025-12-07;14;3106
17;2025-12-07;15;3099
17;2025-12-07;16;3064
17;2025-12-07;17;2879
17;2025-12-07;18;2539
17;2025-12-07;19;2059
17;2025-12-07;20;1586
17;2025-12-07;21;1134
17;2025-12-07;22;714
17;2025-12-07;23;317
17;2025-12-08;0;106
17;2025-12-08;1;12
17;2025-12-08;2;0
17;2025-12-08;3;0
17;2025-12-08;4;26
17;2025-12-08;5;310
17;2025-12-08;6;1508
17;2025-12-08;7;3987
17;2025-12-08;8;5335
17;2025-12-08;9;3704
17;2025-12-08;10;2847
17;2025-12-08;11;2827
17;2025-12-08;12;2841
17;2025-12-08;13;2896
17;2025-12-08;14;2953
17;2025-12-08;15;3152
17;2025-12-08;16;3605
17;2025-12-08;17;4423
17;2025-12-08;18;4865
17;2025-12-08;19;3500
17;2025-12-08;20;2344
17;2025-12-08;21;1392
17;2025-12-08;22;751
17;2025-12-08;23;330
17;2025-12-09;0;109
17;2025-12-09;1;9
17;2025-12-09;2;0
17;2025-12-09;3;0
17;2025-12-09;4;27
17;2025-12-09;5;323
17;2025-12-09;6;1555
17;2025-12-09;7;4093
17;2025-12-09;8;5440
17;2025-12-09;9;3847
17;2025-12-09;10;2992
17;2025-12-09;11;2868
17;2025-12-09;12;2964
17;2025-12-09;13;3003
17;2025-12-09;14;3113
17;2025-12-09;15;3217
17;2025-12-09;16;3590
17;2025-12-09;17;4505
17;2025-12-09;18;4962
17;2025-12-09;19;3510
17;2025-12-09;20;2405
17;2025-12-09;21;1434
17;2025-12-09;22;784
17;2025-12-09;23;356
17;2025-12-10;0;123
17;2025-12-10;1;9
17;2025-12-10;2;0
17;2025-12-10;3;0
17;2025-12-10;4;27
17;2025-12-10;5;322
17;2025-12-10;6;1549
17;2025-12-10;7;4036
17;2025-12-10;8;5321
17;2025-12-10;9;3785
17;2025-12-10;10;2990
17;2025-12-10;11;2965
17;2025-12-10;12;2954
17;2025-12-10;13;3058
17;2025-12-10;14;3084
17;2025-12-10;15;3269
17;2025-12-10;16;3656
17;2025-12-10;17;4485
17;2025-12-10;18;4912
17;2025-12-10;19;3470
17;2025-12-10;20;2375
17;2025-12-10;21;1504
17;2025-12-10;22;822
17;2025-12-10;23;389
17;2025-12-11;0;129
17;2025-12-11;1;10
17;2025-12-11;2;0
17;2025-12-11;3;0
17;2025-12-11;4;26
17;2025-12-11;5;323
17;2025-12-11;6;1543
17;2025-12-11;7;4035
17;2025-12-11;8;5322
17;2025-12-11;9;3805
17;2025-12-11;10;3024
17;2025-12-11;11;2940
17;2025-12-11;12;3011
17;2025-12-11;13;3038
17;2025-12-11;14;3125
17;2025-12-11;15;3266
17;2025-12-11;16;3712
17;2025-12-11;17;4508
17;2025-12-11;18;4942
17;2025-12-11;19;3521
17;2025-12-11;20;2443
17;2025-12-11;21;1521
17;2025-12-11;22;850
17;2025-12-11;23;394
17;2025-12-12;0;143
17;2025-12-12;1;15
17;2025-12-12;2;0
17;2025-12-12;3;0
17;2025-12-12;4;26
17;2025-12-12;5;314
17;2025-12-12;6;1526
17;2025-12-12;7;3977
17;2025-12-12;8;5231
17;2025-12-12;9;3754
17;2025-12-12;10;2989
17;2025-12-12;11;2947
17;2025-12-12;12;3033
17;2025-12-12;13;3106
17;2025-12-12;14;3150
17;2025-12-12;15;3492
17;2025-12-12;16;4156
17;2025-12-12;17;4639
17;2025-12-12;18;4477
17;2025-12-12;19;3328
17;2025-12-12;20;2373
17;2025-12-12;21;1595
17;2025-12-12;22;905
17;2025-12-12;23;454
17;2025-12-13;0;193
17;2025-12-13;1;22
17;2025-12-13;2;0
17;2025-12-13;3;0
17;2025-12-13;4;5
17;2025-12-13;5;127
17;2025-12-13;6;533
17;2025-12-13;7;1151
17;2025-12-13;8;1703
17;2025-12-13;9;2148
17;2025-12-13;10;2354
17;2025-12-13;11;2814
17;2025-12-13;12;3115
17;2025-12-13;13;3288
17;2025-12-13;14;3317
17;2025-12-13;15;3343
17;2025-12-13;16;3331
17;2025-12-13;17;3107
17;2025-12-13;18;2951
17;2025-12-13;19;2413
17;2025-12-13;20;1845
17;2025-12-13;21;1365
17;2025-12-13;22;854
17;2025-12-13;23;425
17;2025-12-14;0;175
17;2025-12-14;1;22
17;2025-12-14;2;0
17;2025-12-14;3;0
17;2025-12-14;4;3
17;2025-12-14;5;103
17;2025-12-14;6;408
17;2025-12-14;7;739
17;2025-12-14;8;1182
17;2025-12-14;9;1639
17;2025-12-14;10;1917
17;2025-12-14;11;2423
17;2025-12-14;12;2784
17;2025-12-14;13;2994
17;2025-12-14;14;3106
17;2025-12-14;15;3099
17;2025-12-14;16;3064
17;2025-12-14;17;2879
17;2025-12-14;18;2539
17;2025-12-14;19;2059
17;2025-12-14;20;1586
17;2025-12-14;21;1134
17;2025-12-14;22;714
17;2025-12-14;23;317
17;2025-12-15;0;106
17;2025-12-15;1;12
17;2025-12-15;2;0
17;2025-12-15;3;0
17;2025-12-15;4;26
17;2025-12-15;5;310
17;2025-12-15;6;1508
17;2025-12-15;7;3987
17;2025-12-15;8;5335
17;2025-12-15;9;3704
17;2025-12-15;10;2847
17;2025-12-15;11;2827
17;2025-12-15;12;2841
17;2025-12-15;13;2896
17;2025-12-15;14;2953
17;2025-12-15;15;3152
17;2025-12-15;16;3605
17;2025-12-15;17;4423
17;2025-12-15;18;4865
17;2025-12-15;19;3500
17;2025-12-15;20;2344
17;2025-12-15;21;1392
17;2025-12-15;22;751
17;2025-12-15;23;330
17;2025-12-16;0;109
17;2025-12-16;1;9
17;2025-12-16;2;0
17;2025-12-16;3;0
17;2025-12-16;4;27
17;2025-12-16;5;323
17;2025-12-16;6;1555
17;2025-12-16;7;4093
17;2025-12-16;8;5440
17;2025-12-16;9;3847
17;2025-12-16;10;2992
17;2025-12-16;11;2868
17;2025-12-16;12;2964
17;2025-12-16;13;3003
17;2025-12-16;14;3113
17;2025-12-16;15;3217
17;2025-12-16;16;3590
17;2025-12-16;17;4505
17;2025-12-16;18;4962
17;2025-12-16;19;3510
17;2025-12-16;20;2405
17;2025-12-16;21;1434
17;2025-12-16;22;784
17;2025-12-16;23;356
17;2025-12-17;0;123
17;2025-12-17;1;9
17;2025-12-17;2;0
17;2025-12-17;3;0
17;2025-12-17;4;27
17;2025-12-17;5;322
17;2025-12-17;6;1549
17;2025-12-17;7;4036
17;2025-12-17;8;5321
17;2025-12-17;9;3785
17;2025-12-17;10;2990
17;2025-12-17;11;2965
17;2025-12-17;12;2954
17;2025-12-17;13;3058
17;2025-12-17;14;3084
17;2025-12-17;15;3269
17;2025-12-17;16;3656
17;2025-12-17;17;4485
17;2025-12-17;18;4912
17;2025-12-17;19;3470
17;2025-12-17;20;2375
17;2025-12-17;21;1504
17;2025-12-17;22;822
17;2025-12-17;23;389
17;2025-12-18;0;129
17;2025-12-18;1;10
17;2025-12-18;2;0
17;2025-12-18;3;0
17;2025-12-18;4;26
17;2025-12-18;5;323
17;2025-12-18;6;1543
17;2025-12-18;7;4035
17;2025-12-18;8;5322
17;2025-12-18;9;3805
17;2025-12-18;10;3024
17;2025-12-18;11;2940
17;2025-12-18;12;3011
17;2025-12-18;13;3038
17;2025-12-18;14;3125
17;2025-12-18;15;3266
17;2025-12-18;16;3712
17;2025-12-18;17;4508
17;2025-12-18;18;4942
17;2025-12-18;19;3521
17;2025-12-18;20;2443
17;2025-12-18;21;1521
17;2025-12-18;22;850
17;2025-12-18;23;394
17;2025-12-19;0;143
17;2025-12-19;1;15
17;2025-12-19;2;0
17;2025-12-19;3;0
17;2025-12-19;4;26
17;2025-12-19;5;314
17;2025-12-19;6;1526
17;2025-12-19;7;3977
17;2025-12-19;8;5231
17;2025-12-19;9;3754
17;2025-12-19;10;2989
17;2025-12-19;11;2947
17;2025-12-19;12;3033
17;2025-12-19;13;3106
17;2025-12-19;14;3150
17;2025-12-19;15;3492
17;2025-12-19;16;4156
17;2025-12-19;17;4639
17;2025-12-19;18;4477
17;2025-12-19;19;3328
17;2025-12-19;20;2373
17;2025-12-19;21;1595
17;2025-12-19;22;905
17;2025-12-19;23;454
17;2025-12-20;0;193
17;2025-12-20;1;22
17;2025-12-20;2;0
17;2025-12-20;3;0
17;2025-12-20;4;5
17;2025-12-20;5;127
17;2025-12-20;6;533
17;2025-12-20;7;1151
17;2025-12-20;8;1703
17;2025-12-20;9;2148
17;2025-12-20;10;2354
17;2025-12-20;11;2814
17;2025-12-20;12;3115
17;2025-12-20;13;3288
17;2025-12-20;14;3317
17;2025-12-20;15;3343
17;2025-12-20;16;3331
17;2025-12-20;17;3107
17;2025-12-20;18;2951
17;2025-12-20;19;2413
17;2025-12-20;20;1845
17;2025-12-20;21;1365
17;2025-12-20;22;854
17;2025-12-20;23;425
17;2025-12-21;0;175
17;2025-12-21;1;22
17;2025-12-21;2;0
17;2025-12-21;3;0
17;2025-12-21;4;3
17;2025-12-21;5;103
17;2025-12-21;6;408
17;2025-12-21;7;739
17;2025-12-21;8;1182
17;2025-12-21;9;1639
17;2025-12-21;10;1917
17;2025-12-21;11;2423
17;2025-12-21;12;2784
17;2025-12-21;13;2994
17;2025-12-21;14;3106
17;2025-12-21;15;3099
17;2025-12-21;16;3064
17;2025-12-21;17;2879
17;2025-12-21;18;2539
17;2025-12-21;19;2059
17;2025-12-21;20;1586
17;2025-12-21;21;1134
17;2025-12-21;22;714
17;2025-12-21;23;317
17;2025-12-22;0;106
17;2025-12-22;1;12
17;2025-12-22;2;0
17;2025-12-22;3;0
17;2025-12-22;4;26
17;2025-12-22;5;310
17;2025-12-22;6;1508
17;2025-12-22;7;3987
17;2025-12-22;8;5335
17;2025-12-22;9;3704
17;2025-12-22;10;2847
17;2025-12-22;11;2827
17;2025-12-22;12;2841
17;2025-12-22;13;2896
17;2025-12-22;14;2953
17;2025-12-22;15;3152
17;2025-12-22;16;3605
17;2025-12-22;17;4423
17;2025-12-22;18;4865
17;2025-12-22;19;3500
17;2025-12-22;20;2344
17;2025-12-22;21;1392
17;2025-12-22;22;751
17;2025-12-22;23;330
17;2025-12-23;0;109
17;2025-12-23;1;9
17;2025-12-23;2;0
17;2025-12-23;3;0
17;2025-12-23;4;27
17;2025-12-23;5;323
17;2025-12-23;6;1555
17;2025-12-23;7;4093
17;2025-12-23;8;5440
17;2025-12-23;9;3847
17;2025-12-23;10;2992
17;2025-12-23;11;2868
17;2025-12-23;12;2964
17;2025-12-23;13;3003
17;2025-12-23;14;3113
17;2025-12-23;15;3217
17;2025-12-23;16;3590
17;2025-12-23;17;4505
17;2025-12-23;18;4962
17;2025-12-23;19;3510
17;2025-12-23;20;2405
17;2025-12-23;21;1434
17;2025-12-23;22;784
17;2025-12-23;23;356
17;2025-12-24;0;123
17;2025-12-24;1;9
17;2025-12-24;2;0
17;2025-12-24;3;0
17;2025-12-24;4;27
17;2025-12-24;5;322
17;2025-12-24;6;1549
17;2025-12-24;7;4036
17;2025-12-24;8;5321
17;2025-12-24;9;3785
17;2025-12-24;10;2990
17;2025-12-24;11;2965
17;2025-12-24;12;2954
17;2025-12-24;13;3058
17;2025-12-24;14;3084
17;2025-12-24;15;3269
17;2025-12-24;16;3656
17;2025-12-24;17;4485
17;2025-12-24;18;4912
17;2025-12-24;19;3470
17;2025-12-24;20;2375
17;2025-12-24;21;1504
17;2025-12-24;22;822
17;2025-12-24;23;389
17;2025-12-25;0;129
17;2025-12-25;1;10
17;2025-12-25;2;0
17;2025-12-25;3;0
17;2025-12-25;4;26
17;2025-12-25;5;323
17;2025-12-25;6;1543
17;2025-12-25;7;4035
17;2025-12-25;8;5322
17;2025-12-25;9;3805
17;2025-12-25;10;3024
17;2025-12-25;11;2940
17;2025-12-25;12;3011
17;2025-12-25;13;3038
17;2025-12-25;14;3125
17;2025-12-25;15;3266
17;2025-12-25;16;3712
17;2025-12-25;17;4508
17;2025-12-25;18;4942
17;2025-12-25;19;3521
17;2025-12-25;20;2443
17;2025-12-25;21;1521
17;2025-12-25;22;850
17;2025-12-25;23;394
17;2025-12-26;0;143
17;2025-12-26;1;15
17;2025-12-26;2;0
17;2025-12-26;3;0
17;2025-12-26;4;26
17;2025-12-26;5;314
17;2025-12-26;6;1526
17;2025-12-26;7;3977
17;2025-12-26;8;5231
17;2025-12-26;9;3754
17;2025-12-26;10;2989
17;2025-12-26;11;2947
17;2025-12-26;12;3033
17;2025-12-26;13;3106
17;2025-12-26;14;3150
17;2025-12-26;15;3492
17;2025-12-26;16;4156
17;2025-12-26;17;4639
17;2025-12-26;18;4477
17;2025-12-26;19;3328
17;2025-12-26;20;2373
17;2025-12-26;21;1595
17;2025-12-26;22;905
17;2025-12-26;23;454
17;2025-12-27;0;193
17;2025-12-27;1;22
17;2025-12-27;2;0
17;2025-12-27;3;0
17;2025-12-27;4;5
17;2025-12-27;5;127
17;2025-12-27;6;533
17;2025-12-27;7;1151
17;2025-12-27;8;1703
17;2025-12-27;9;2148
17;2025-12-27;10;2354
17;2025-12-27;11;2814
17;2025-12-27;12;3115
17;2025-12-27;13;3288
17;2025-12-27;14;3317
17;2025-12-27;15;3343
17;2025-12-27;16;3331
17;2025-12-27;17;3107
17;2025-12-27;18;2951
17;2025-12-27;19;2413
17;2025-12-27;20;1845
17;2025-12-27;21;1365
17;2025-12-27;22;854
17;2025-12-27;23;425
17;2025-12-28;0;175
17;2025-12-28;1;22
17;2025-12-28;2;0
17;2025-12-28;3;0
17;2025-12-28;4;3
17;2025-12-28;5;103
17;2025-12-28;6;408
17;2025-12-28;7;739
17;2025-12-28;8;1182
17;2025-12-28;9;1639
17;2025-12-28;10;1917
17;2025-12-28;11;2423
17;2025-12-28;12;2784
17;2025-12-28;13;2994
17;2025-12-28;14;3106
17;2025-12-28;15;3099
17;2025-12-28;16;3064
17;2025-12-28;17;2879
17;2025-12-28;18;2539
17;2025-12-28;19;2059
17;2025-12-28;20;1586
17;2025-12-28;21;1134
17;2025-12-28;22;714
17;2025-12-28;23;317
17;2025-12-29;0;106
17;2025-12-29;1;12
17;2025-12-29;2;0
17;2025-12-29;3;0
17;2025-12-29;4;26
17;2025-12-29;5;310
17;2025-12-29;6;1508
17;2025-12-29;7;3987
17;2025-12-29;8;5335
17;2025-12-29;9;3704
17;2025-12-29;10;2847
17;2025-12-29;11;2827
17;2025-12-29;12;2841
17;2025-12-29;13;2896
17;2025-12-29;14;2953
17;2025-12-29;15;3152
17;2025-12-29;16;3605
17;2025-12-29;17;4423
17;2025-12-29;18;4865
17;2025-12-29;19;3500
17;2025-12-29;20;2344
17;2025-12-29;21;1392
17;2025-12-29;22;751
17;2025-12-29;23;330
17;2025-12-30;0;109
17;2025-12-30;1;9
17;2025-12-30;2;0
17;2025-12-30;3;0
17;2025-12-30;4;27
17;2025-12-30;5;323
17;2025-12-30;6;1555
17;2025-12-30;7;4093
17;2025-12-30;8;5440
17;2025-12-30;9;3847
17;2025-12-30;10;2992
17;2025-12-30;11;2868
17;2025-12-30;12;2964
17;2025-12-30;13;3003
17;2025-12-30;14;3113
17;2025-12-30;15;3217
17;2025-12-30;16;3590
17;2025-12-30;17;4505
17;2025-12-30;18;4962
17;2025-12-30;19;3510
17;2025-12-30;20;2405
17;2025-12-30;21;1434
17;2025-12-30;22;784
17;2025-12-30;23;356
17;2025-12-31;0;175
17;2025-12-31;1;22
17;2025-12-31;2;0
17;2025-12-31;3;0
17;2025-12-31;4;3
17;2025-12-31;5;103
17;2025-12-31;6;408
17;2025-12-31;7;739
17;2025-12-31;8;1182
17;2025-12-31;9;1639
17;2025-12-31;10;1917
17;2025-12-31;11;2423
17;2025-12-31;12;2784
17;2025-12-31;13;2994
17;2025-12-31;14;3106
17;2025-12-31;15;3099
17;2025-12-31;16;3064
17;2025-12-31;17;2879
17;2025-12-31;18;2539
17;2025-12-31;19;2059
17;2025-12-31;20;1586
17;2025-12-31;21;1134
17;2025-12-31;22;714
17;2025-12-31;23;317
25;2025-11-01;0;0
25;2025-11-01;1;0
25;2025-11-01;2;0
25;2025-11-01;3;0
25;2025-11-01;4;0
25;2025-11-01;5;4
25;2025-11-01;6;166
25;2025-11-01;7;539
25;2025-11-01;8;858
25;2025-11-01;9;450
25;2025-11-01;10;356
25;2025-11-01;11;433
25;2025-11-01;12;430
25;2025-11-01;13;543
25;2025-11-01;14;507
25;2025-11-01;15;603
25;2025-11-01;16;744
25;2025-11-01;17;766
25;2025-11-01;18;690
25;2025-11-01;19;489
25;2025-11-01;20;316
25;2025-11-01;21;217
25;2025-11-01;22;132
25;2025-11-01;23;8
25;2025-11-02;0;15
25;2025-11-02;1;0
25;2025-11-02;2;0
25;2025-11-02;3;0
25;2025-11-02;4;0
25;2025-11-02;5;3
25;2025-11-02;6;54
25;2025-11-02;7;97
25;2025-11-02;8;189
25;2025-11-02;9;219
25;2025-11-02;10;225
25;2025-11-02;11;302
25;2025-11-02;12;354
25;2025-11-02;13;475
25;2025-11-02;14;499
25;2025-11-02;15;606
25;2025-11-02;16;523
25;2025-11-02;17;472
25;2025-11-02;18;424
25;2025-11-02;19;342
25;2025-11-02;20;235
25;2025-11-02;21;175
25;2025-11-02;22;105
25;2025-11-02;23;39
25;2025-11-03;0;15
25;2025-11-03;1;0
25;2025-11-03;2;0
25;2025-11-03;3;0
25;2025-11-03;4;0
25;2025-11-03;5;3
25;2025-11-03;6;54
25;2025-11-03;7;97
25;2025-11-03;8;189
25;2025-11-03;9;219
25;2025-11-03;10;225
25;2025-11-03;11;302
25;2025-11-03;12;354
25;2025-11-03;13;475
25;2025-11-03;14;499
25;2025-11-03;15;606
25;2025-11-03;16;523
25;2025-11-03;17;472
25;2025-11-03;18;424
25;2025-11-03;19;342
25;2025-11-03;20;235
25;2025-11-03;21;175
25;2025-11-03;22;105
25;2025-11-03;23;39
25;2025-11-04;0;15
25;2025-11-04;1;0
25;2025-11-04;2;0
25;2025-11-04;3;0
25;2025-11-04;4;0
25;2025-11-04;5;3
25;2025-11-04;6;54
25;2025-11-04;7;97
25;2025-11-04;8;189
25;2025-11-04;9;219
25;2025-11-04;10;225
25;2025-11-04;11;302
25;2025-11-04;12;354
25;2025-11-04;13;475
25;2025-11-04;14;499
25;2025-11-04;15;606
25;2025-11-04;16;523
25;2025-11-04;17;472
25;2025-11-04;18;424
25;2025-11-04;19;342
25;2025-11-04;20;235
25;2025-11-04;21;175
25;2025-11-04;22;105
25;2025-11-04;23;39
25;2025-11-05;0;0
25;2025-11-05;1;0
25;2025-11-05;2;0
25;2025-11-05;3;0
25;2025-11-05;4;0
25;2025-11-05;5;6
25;2025-11-05;6;174
25;2025-11-05;7;541
25;2025-11-05;8;919
25;2025-11-05;9;480
25;2025-11-05;10;356
25;2025-11-05;11;422
25;2025-11-05;12;430
25;2025-11-05;13;552
25;2025-11-05;14;447
25;2025-11-05;15;541
25;2025-11-05;16;679
25;2025-11-05;17;741
25;2025-11-05;18;815
25;2025-11-05;19;517
25;2025-11-05;20;343
25;2025-11-05;21;219
25;2025-11-05;22;117
25;2025-11-05;23;7
25;2025-11-06;0;0
25;2025-11-06;1;0
25;2025-11-06;2;0
25;2025-11-06;3;0
25;2025-11-06;4;0
25;2025-11-06;5;7
25;2025-11-06;6;167
25;2025-11-06;7;546
25;2025-11-06;8;939
25;2025-11-06;9;473
25;2025-11-06;10;382
25;2025-11-06;11;418
25;2025-11-06;12;407
25;2025-11-06;13;530
25;2025-11-06;14;477
25;2025-11-06;15;573
25;2025-11-06;16;674
25;2025-11-06;17;763
25;2025-11-06;18;796
25;2025-11-06;19;529
25;2025-11-06;20;316
25;2025-11-06;21;216
25;2025-11-06;22;117
25;2025-11-06;23;7
25;2025-11-07;0;0
25;2025-11-07;1;0
25;2025-11-07;2;0
25;2025-11-07;3;0
25;2025-11-07;4;0
25;2025-11-07;5;4
25;2025-11-07;6;166
25;2025-11-07;7;539
25;2025-11-07;8;858
25;2025-11-07;9;450
25;2025-11-07;10;356
25;2025-11-07;11;433
25;2025-11-07;12;430
25;2025-11-07;13;543
25;2025-11-07;14;507
25;2025-11-07;15;603
25;2025-11-07;16;744
25;2025-11-07;17;766
25;2025-11-07;18;690
25;2025-11-07;19;489
25;2025-11-07;20;316
25;2025-11-07;21;217
25;2025-11-07;22;132
25;2025-11-07;23;8
25;2025-11-08;0;1
25;2025-11-08;1;0
25;2025-11-08;2;0
25;2025-11-08;3;0
25;2025-11-08;4;0
25;2025-11-08;5;3
25;2025-11-08;6;59
25;2025-11-08;7;137
25;2025-11-08;8;317
25;2025-11-08;9;279
25;2025-11-08;10;277
25;2025-11-08;11;384
25;2025-11-08;12;391
25;2025-11-08;13;531
25;2025-11-08;14;549
25;2025-11-08;15;643
25;2025-11-08;16;574
25;2025-11-08;17;491
25;2025-11-08;18;483
25;2025-11-08;19;418
25;2025-11-08;20;263
25;2025-11-08;21;208
25;2025-11-08;22;137
25;2025-11-08;23;53
25;2025-11-09;0;15
25;2025-11-09;1;0
25;2025-11-09;2;0
25;2025-11-09;3;0
25;2025-11-09;4;0
25;2025-11-09;5;3
25;2025-11-09;6;54
25;2025-11-09;7;97
25;2025-11-09;8;189
25;2025-11-09;9;219
25;2025-11-09;10;225
25;2025-11-09;11;302
25;2025-11-09;12;354
25;2025-11-09;13;475
25;2025-11-09;14;499
25;2025-11-09;15;606
25;2025-11-09;16;523
25;2025-11-09;17;472
25;2025-11-09;18;424
25;2025-11-09;19;342
25;2025-11-09;20;235
25;2025-11-09;21;175
25;2025-11-09;22;105
25;2025-11-09;23;39
25;2025-11-10;0;8
25;2025-11-10;1;0
25;2025-11-10;2;0
25;2025-11-10;3;0
25;2025-11-10;4;0
25;2025-11-10;5;5
25;2025-11-10;6;168
25;2025-11-10;7;558
25;2025-11-10;8;905
25;2025-11-10;9;486
25;2025-11-10;10;342
25;2025-11-10;11;404
25;2025-11-10;12;396
25;2025-11-10;13;520
25;2025-11-10;14;415
25;2025-11-10;15;516
25;2025-11-10;16;674
25;2025-11-10;17;737
25;2025-11-10;18;800
25;2025-11-10;19;506
25;2025-11-10;20;311
25;2025-11-10;21;209
25;2025-11-10;22;109
25;2025-11-10;23;7
25;2025-11-11;0;1
25;2025-11-11;1;0
25;2025-11-11;2;0
25;2025-11-11;3;0
25;2025-11-11;4;0
25;2025-11-11;5;5
25;2025-11-11;6;171
25;2025-11-11;7;546
25;2025-11-11;8;911
25;2025-11-11;9;496
25;2025-11-11;10;380
25;2025-11-11;11;429
25;2025-11-11;12;384
25;2025-11-11;13;485
25;2025-11-11;14;463
25;2025-11-11;15;531
25;2025-11-11;16;669
25;2025-11-11;17;723
25;2025-11-11;18;785
25;2025-11-11;19;509
25;2025-11-11;20;317
25;2025-11-11;21;210
25;2025-11-11;22;110
25;2025-11-11;23;8
25;2025-11-12;0;0
25;2025-11-12;1;0
25;2025-11-12;2;0
25;2025-11-12;3;0
25;2025-11-12;4;0
25;2025-11-12;5;6
25;2025-11-12;6;174
25;2025-11-12;7;541
25;2025-11-12;8;919
25;2025-11-12;9;480
25;2025-11-12;10;356
25;2025-11-12;11;422
25;2025-11-12;12;430
25;2025-11-12;13;552
25;2025-11-12;14;447
25;2025-11-12;15;541
25;2025-11-12;16;679
25;2025-11-12;17;741
25;2025-11-12;18;815
25;2025-11-12;19;517
25;2025-11-12;20;343
25;2025-11-12;21;219
25;2025-11-12;22;117
25;2025-11-12;23;7
25;2025-11-13;0;0
25;2025-11-13;1;0
25;2025-11-13;2;0
25;2025-11-13;3;0
25;2025-11-13;4;0
25;2025-11-13;5;7
25;2025-11-13;6;167
25;2025-11-13;7;546
25;2025-11-13;8;939
25;2025-11-13;9;473
25;2025-11-13;10;382
25;2025-11-13;11;418
25;2025-11-13;12;407
25;2025-11-13;13;530
25;2025-11-13;14;477
25;2025-11-13;15;573
25;2025-11-13;16;674
25;2025-11-13;17;763
25;2025-11-13;18;796
25;2025-11-13;19;529
25;2025-11-13;20;316
25;2025-11-13;21;216
25;2025-11-13;22;117
25;2025-11-13;23;7
25;2025-11-14;0;0
25;2025-11-14;1;0
25;2025-11-14;2;0
25;2025-11-14;3;0
25;2025-11-14;4;0
25;2025-11-14;5;4
25;2025-11-14;6;166
25;2025-11-14;7;539
25;2025-11-14;8;858
25;2025-11-14;9;450
25;2025-11-14;10;356
25;2025-11-14;11;433
25;2025-11-14;12;430
25;2025-11-14;13;543
25;2025-11-14;14;507
25;2025-11-14;15;603
25;2025-11-14;16;744
25;2025-11-14;17;766
25;2025-11-14;18;690
25;2025-11-14;19;489
25;2025-11-14;20;316
25;2025-11-14;21;217
25;2025-11-14;22;132
25;2025-11-14;23;8
25;2025-11-15;0;1
25;2025-11-15;1;0
25;2025-11-15;2;0
25;2025-11-15;3;0
25;2025-11-15;4;0
25;2025-11-15;5;3
25;2025-11-15;6;59
25;2025-11-15;7;137
25;2025-11-15;8;317
25;2025-11-15;9;279
25;2025-11-15;10;277
25;2025-11-15;11;384
25;2025-11-15;12;391
25;2025-11-15;13;531
25;2025-11-15;14;549
25;2025-11-15;15;643
25;2025-11-15;16;574
25;2025-11-15;17;491
25;2025-11-15;18;483
25;2025-11-15;19;418
25;2025-11-15;20;263
25;2025-11-15;21;208
25;2025-11-15;22;137
25;2025-11-15;23;53
25;2025-11-16;0;15
25;2025-11-16;1;0
25;2025-11-16;2;0
25;2025-11-16;3;0
25;2025-11-16;4;0
25;2025-11-16;5;3
25;2025-11-16;6;54
25;2025-11-16;7;97
25;2025-11-16;8;189
25;2025-11-16;9;219
25;2025-11-16;10;225
25;2025-11-16;11;302
25;2025-11-16;12;354
25;2025-11-16;13;475
25;2025-11-16;14;499
25;2025-11-16;15;606
25;2025-11-16;16;523
25;2025-11-16;17;472
25;2025-11-16;18;424
25;2025-11-16;19;342
25;2025-11-16;20;235
25;2025-11-16;21;175
25;2025-11-16;22;105
25;2025-11-16;23;39
25;2025-11-17;0;8
25;2025-11-17;1;0
25;2025-11-17;2;0
25;2025-11-17;3;0
25;2025-11-17;4;0
25;2025-11-17;5;5
25;2025-11-17;6;168
25;2025-11-17;7;558
25;2025-11-17;8;905
25;2025-11-17;9;486
25;2025-11-17;10;342
25;2025-11-17;11;404
25;2025-11-17;12;396
25;2025-11-17;13;520
25;2025-11-17;14;415
25;2025-11-17;15;516
25;2025-11-17;16;674
25;2025-11-17;17;737
25;2025-11-17;18;800
25;2025-11-17;19;506
25;2025-11-17;20;311
25;2025-11-17;21;209
25;2025-11-17;22;109
25;2025-11-17;23;7
25;2025-11-18;0;1
25;2025-11-18;1;0
25;2025-11-18;2;0
25;2025-11-18;3;0
25;2025-11-18;4;0
25;2025-11-18;5;5
25;2025-11-18;6;171
25;2025-11-18;7;546
25;2025-11-18;8;911
25;2025-11-18;9;496
25;2025-11-18;10;380
25;2025-11-18;11;429
25;2025-11-18;12;384
25;2025-11-18;13;485
25;2025-11-18;14;463
25;2025-11-18;15;531
25;2025-11-18;16;669
25;2025-11-18;17;723
25;2025-11-18;18;785
25;2025-11-18;19;509
25;2025-11-18;20;317
25;2025-11-18;21;210
25;2025-11-18;22;110
25;2025-11-18;23;8
25;2025-11-19;0;0
25;2025-11-19;1;0
25;2025-11-19;2;0
25;2025-11-19;3;0
25;2025-11-19;4;0
25;2025-11-19;5;6
25;2025-11-19;6;174
25;2025-11-19;7;541
25;2025-11-19;8;919
25;2025-11-19;9;480
25;2025-11-19;10;356
25;2025-11-19;11;422
25;2025-11-19;12;430
25;2025-11-19;13;552
25;2025-11-19;14;447
25;2025-11-19;15;541
25;2025-11-19;16;679
25;2025-11-19;17;741
25;2025-11-19;18;815
25;2025-11-19;19;517
25;2025-11-19;20;343
25;2025-11-19;21;219
25;2025-11-19;22;117
25;2025-11-19;23;7
25;2025-11-20;0;0
25;2025-11-20;1;0
25;2025-11-20;2;0
25;2025-11-20;3;0
25;2025-11-20;4;0
25;2025-11-20;5;7
25;2025-11-20;6;167
25;2025-11-20;7;546
25;2025-11-20;8;939
25;2025-11-20;9;473
25;2025-11-20;10;382
25;2025-11-20;11;418
25;2025-11-20;12;407
25;2025-11-20;13;530
25;2025-11-20;14;477
25;2025-11-20;15;573
25;2025-11-20;16;674
25;2025-11-20;17;763
25;2025-11-20;18;796
25;2025-11-20;19;529
25;2025-11-20;20;316
25;2025-11-20;21;216
25;2025-11-20;22;117
25;2025-11-20;23;7
25;2025-11-21;0;0
25;2025-11-21;1;0
25;2025-11-21;2;0
25;2025-11-21;3;0
25;2025-11-21;4;0
25;2025-11-21;5;4
25;2025-11-21;6;166
25;2025-11-21;7;539
25;2025-11-21;8;858
25;2025-11-21;9;450
25;2025-11-21;10;356
25;2025-11-21;11;433
25;2025-11-21;12;430
25;2025-11-21;13;543
25;2025-11-21;14;507
25;2025-11-21;15;603
25;2025-11-21;16;744
25;2025-11-21;17;766
25;2025-11-21;18;690
25;2025-11-21;19;489
25;2025-11-21;20;316
25;2025-11-21;21;217
25;2025-11-21;22;132
25;2025-11-21;23;8
25;2025-11-22;0;1
25;2025-11-22;1;0
25;2025-11-22;2;0
25;2025-11-22;3;0
25;2025-11-22;4;0
25;2025-11-22;5;3
25;2025-11-22;6;59
25;2025-11-22;7;137
25;2025-11-22;8;317
25;2025-11-22;9;279
25;2025-11-22;10;277
25;2025-11-22;11;384
25;2025-11-22;12;391
25;2025-11-22;13;531
25;2025-11-22;14;549
25;2025-11-22;15;643
25;2025-11-22;16;574
25;2025-11-22;17;491
25;2025-11-22;18;483
25;2025-11-22;19;418
25;2025-11-22;20;263
25;2025-11-22;21;208
25;2025-11-22;22;137
25;2025-11-22;23;53
25;2025-11-23;0;15
25;2025-11-23;1;0
25;2025-11-23;2;0
25;2025-11-23;3;0
25;2025-11-23;4;0
25;2025-11-23;5;3
25;2025-11-23;6;54
25;2025-11-23;7;97
25;2025-11-23;8;189
25;2025-11-23;9;219
25;2025-11-23;10;225
25;2025-11-23;11;302
25;2025-11-23;12;354
25;2025-11-23;13;475
25;2025-11-23;14;499
25;2025-11-23;15;606
25;2025-11-23;16;523
25;2025-11-23;17;472
25;2025-11-23;18;424
25;2025-11-23;19;342
25;2025-11-23;20;235
25;2025-11-23;21;175
25;2025-11-23;22;105
25;2025-11-23;23;39
25;2025-11-24;0;8
25;2025-11-24;1;0
25;2025-11-24;2;0
25;2025-11-24;3;0
25;2025-11-24;4;0
25;2025-11-24;5;5
25;2025-11-24;6;168
25;2025-11-24;7;558
25;2025-11-24;8;905
25;2025-11-24;9;486
25;2025-11-24;10;342
25;2025-11-24;11;404
25;2025-11-24;12;396
25;2025-11-24;13;520
25;2025-11-24;14;415
25;2025-11-24;15;516
25;2025-11-24;16;674
25;2025-11-24;17;737
25;2025-11-24;18;800
25;2025-11-24;19;506
25;2025-11-24;20;311
25;2025-11-24;21;209
25;2025-11-24;22;109
25;2025-11-24;23;7
25;2025-11-25;0;1
25;2025-11-25;1;0
25;2025-11-25;2;0
25;2025-11-25;3;0
25;2025-11-25;4;0
25;2025-11-25;5;5
25;2025-11-25;6;171
25;2025-11-25;7;546
25;2025-11-25;8;911
25;2025-11-25;9;496
25;2025-11-25;10;380
25;2025-11-25;11;429
25;2025-11-25;12;384
25;2025-11-25;13;485
25;2025-11-25;14;463
25;2025-11-25;15;531
25;2025-11-25;16;669
25;2025-11-25;17;723
25;2025-11-25;18;785
25;2025-11-25;19;509
25;2025-11-25;20;317
25;2025-11-25;21;210
25;2025-11-25;22;110
25;2025-11-25;23;8
25;2025-11-26;0;0
25;2025-11-26;1;0
25;2025-11-26;2;0
25;2025-11-26;3;0
25;2025-11-26;4;0
25;2025-11-26;5;6
25;2025-11-26;6;174
25;2025-11-26;7;541
25;2025-11-26;8;919
25;2025-11-26;9;480
25;2025-11-26;10;356
25;2025-11-26;11;422
25;2025-11-26;12;430
25;2025-11-26;13;552
25;2025-11-26;14;447
25;2025-11-26;15;541
25;2025-11-26;16;679
25;2025-11-26;17;741
25;2025-11-26;18;815
25;2025-11-26;19;517
25;2025-11-26;20;343
25;2025-11-26;21;219
25;2025-11-26;22;117
25;2025-11-26;23;7
25;2025-11-27;0;0
25;2025-11-27;1;0
25;2025-11-27;2;0
25;2025-11-27;3;0
25;2025-11-27;4;0
25;2025-11-27;5;7
25;2025-11-27;6;167
25;2025-11-27;7;546
25;2025-11-27;8;939
25;2025-11-27;9;473
25;2025-11-27;10;382
25;2025-11-27;11;418
25;2025-11-27;12;407
25;2025-11-27;13;530
25;2025-11-27;14;477
25;2025-11-27;15;573
25;2025-11-27;16;674
25;2025-11-27;17;763
25;2025-11-27;18;796
25;2025-11-27;19;529
25;2025-11-27;20;316
25;2025-11-27;21;216
25;2025-11-27;22;117
25;2025-11-27;23;7
25;2025-11-28;0;0
25;2025-11-28;1;0
25;2025-11-28;2;0
25;2025-11-28;3;0
25;2025-11-28;4;0
25;2025-11-28;5;4
25;2025-11-28;6;166
25;2025-11-28;7;539
25;2025-11-28;8;858
25;2025-11-28;9;450
25;2025-11-28;10;356
25;2025-11-28;11;433
25;2025-11-28;12;430
25;2025-11-28;13;543
25;2025-11-28;14;507
25;2025-11-28;15;603
25;2025-11-28;16;744
25;2025-11-28;17;766
25;2025-11-28;18;690
25;2025-11-28;19;489
25;2025-11-28;20;316
25;2025-11-28;21;217
25;2025-11-28;22;132
25;2025-11-28;23;8
25;2025-11-29;0;1
25;2025-11-29;1;0
25;2025-11-29;2;0
25;2025-11-29;3;0
25;2025-11-29;4;0
25;2025-11-29;5;3
25;2025-11-29;6;59
25;2025-11-29;7;137
25;2025-11-29;8;317
25;2025-11-29;9;279
25;2025-11-29;10;277
25;2025-11-29;11;384
25;2025-11-29;12;391
25;2025-11-29;13;531
25;2025-11-29;14;549
25;2025-11-29;15;643
25;2025-11-29;16;574
25;2025-11-29;17;491
25;2025-11-29;18;483
25;2025-11-29;19;418
25;2025-11-29;20;263
25;2025-11-29;21;208
25;2025-11-29;22;137
25;2025-11-29;23;53
25;2025-11-30;0;15
25;2025-11-30;1;0
25;2025-11-30;2;0
25;2025-11-30;3;0
25;2025-11-30;4;0
25;2025-11-30;5;3
25;2025-11-30;6;54
25;2025-11-30;7;97
25;2025-11-30;8;189
25;2025-11-30;9;219
25;2025-11-30;10;225
25;2025-11-30;11;302
25;2025-11-30;12;354
25;2025-11-30;13;475
25;2025-11-30;14;499
25;2025-11-30;15;606
25;2025-11-30;16;523
25;2025-11-30;17;472
25;2025-11-30;18;424
25;2025-11-30;19;342
25;2025-11-30;20;235
25;2025-11-30;21;175
25;2025-11-30;22;105
25;2025-11-30;23;39
25;2025-12-01;0;8
25;2025-12-01;1;0
25;2025-12-01;2;0
25;2025-12-01;3;0
25;2025-12-01;4;0
25;2025-12-01;5;5
25;2025-12-01;6;168
25;2025-12-01;7;558
25;2025-12-01;8;905
25;2025-12-01;9;486
25;2025-12-01;10;342
25;2025-12-01;11;404
25;2025-12-01;12;396
25;2025-12-01;13;520
25;2025-12-01;14;415
25;2025-12-01;15;516
25;2025-12-01;16;674
25;2025-12-01;17;737
25;2025-12-01;18;800
25;2025-12-01;19;506
25;2025-12-01;20;311
25;2025-12-01;21;209
25;2025-12-01;22;109
25;2025-12-01;23;7
25;2025-12-02;0;1
25;2025-12-02;1;0
25;2025-12-02;2;0
25;2025-12-02;3;0
25;2025-12-02;4;0
25;2025-12-02;5;5
25;2025-12-02;6;171
25;2025-12-02;7;546
25;2025-12-02;8;911
25;2025-12-02;9;496
25;2025-12-02;10;380
25;2025-12-02;11;429
25;2025-12-02;12;384
25;2025-12-02;13;485
25;2025-12-02;14;463
25;2025-12-02;15;531
25;2025-12-02;16;669
25;2025-12-02;17;723
25;2025-12-02;18;785
25;2025-12-02;19;509
25;2025-12-02;20;317
25;2025-12-02;21;210
25;2025-12-02;22;110
25;2025-12-02;23;8
25;2025-12-03;0;0
25;2025-12-03;1;0
25;2025-12-03;2;0
25;2025-12-03;3;0
25;2025-12-03;4;0
25;2025-12-03;5;6
25;2025-12-03;6;174
25;2025-12-03;7;541
25;2025-12-03;8;919
25;2025-12-03;9;480
25;2025-12-03;10;356
25;2025-12-03;11;422
25;2025-12-03;12;430
25;2025-12-03;13;552
25;2025-12-03;14;447
25;2025-12-03;15;541
25;2025-12-03;16;679
25;2025-12-03;17;741
25;2025-12-03;18;815
25;2025-12-03;19;517
25;2025-12-03;20;343
25;2025-12-03;21;219
25;2025-12-03;22;117
25;2025-12-03;23;7
25;2025-12-04;0;0
25;2025-12-04;1;0
25;2025-12-04;2;0
25;2025-12-04;3;0
25;2025-12-04;4;0
25;2025-12-04;5;7
25;2025-12-04;6;167
25;2025-12-04;7;546
25;2025-12-04;8;939
25;2025-12-04;9;473
25;2025-12-04;10;382
25;2025-12-04;11;418
25;2025-12-04;12;407
25;2025-12-04;13;530
25;2025-12-04;14;477
25;2025-12-04;15;573
25;2025-12-04;16;674
25;2025-12-04;17;763
25;2025-12-04;18;796
25;2025-12-04;19;529
25;2025-12-04;20;316
25;2025-12-04;21;216
25;2025-12-04;22;117
25;2025-12-04;23;7
25;2025-12-05;0;0
25;2025-12-05;1;0
25;2025-12-05;2;0
25;2025-12-05;3;0
25;2025-12-05;4;0
25;2025-12-05;5;4
25;2025-12-05;6;166
25;2025-12-05;7;539
25;2025-12-05;8;858
25;2025-12-05;9;450
25;2025-12-05;10;356
25;2025-12-05;11;433
25;2025-12-05;12;430
25;2025-12-05;13;543
25;2025-12-05;14;507
25;2025-12-05;15;603
25;2025-12-05;16;744
25;2025-12-05;17;766
25;2025-12-05;18;690
25;2025-12-05;19;489
25;2025-12-05;20;316
25;2025-12-05;21;217
25;2025-12-05;22;132
25;2025-12-05;23;8
25;2025-12-06;0;1
25;2025-12-06;1;0
25;2025-12-06;2;0
25;2025-12-06;3;0
25;2025-12-06;4;0
25;2025-12-06;5;3
25;2025-12-06;6;59
25;2025-12-06;7;137
25;2025-12-06;8;317
25;2025-12-06;9;279
25;2025-12-06;10;277
25;2025-12-06;11;384
25;2025-12-06;12;391
25;2025-12-06;13;531
25;2025-12-06;14;549
25;2025-12-06;15;643
25;2025-12-06;16;574
25;2025-12-06;17;491
25;2025-12-06;18;483
25;2025-12-06;19;418
25;2025-12-06;20;263
25;2025-12-06;21;208
25;2025-12-06;22;137
25;2025-12-06;23;53
25;2025-12-07;0;15
25;2025-12-07;1;0
25;2025-12-07;2;0
25;2025-12-07;3;0
25;2025-12-07;4;0
25;2025-12-07;5;3
25;2025-12-07;6;54
25;2025-12-07;7;97
25;2025-12-07;8;189
25;2025-12-07;9;219
25;2025-12-07;10;225
25;2025-12-07;11;302
25;2025-12-07;12;354
25;2025-12-07;13;475
25;2025-12-07;14;499
25;2025-12-07;15;606
25;2025-12-07;16;523
25;2025-12-07;17;472
25;2025-12-07;18;424
25;2025-12-07;19;342
25;2025-12-07;20;235
25;2025-12-07;21;175
25;2025-12-07;22;105
25;2025-12-07;23;39
25;2025-12-08;0;8
25;2025-12-08;1;0
25;2025-12-08;2;0
25;2025-12-08;3;0
25;2025-12-08;4;0
25;2025-12-08;5;5
25;2025-12-08;6;168
25;2025-12-08;7;558
25;2025-12-08;8;905
25;2025-12-08;9;486
25;2025-12-08;10;342
25;2025-12-08;11;404
25;2025-12-08;12;396
25;2025-12-08;13;520
25;2025-12-08;14;415
25;2025-12-08;15;516
25;2025-12-08;16;674
25;2025-12-08;17;737
25;2025-12-08;18;800
25;2025-12-08;19;506
25;2025-12-08;20;311
25;2025-12-08;21;209
25;2025-12-08;22;109
25;2025-12-08;23;7
25;2025-12-09;0;1
25;2025-12-09;1;0
25;2025-12-09;2;0
25;2025-12-09;3;0
25;2025-12-09;4;0
25;2025-12-09;5;5
25;2025-12-09;6;171
25;2025-12-09;7;546
25;2025-12-09;8;911
25;2025-12-09;9;496
25;2025-12-09;10;380
25;2025-12-09;11;429
25;2025-12-09;12;384
25;2025-12-09;13;485
25;2025-12-09;14;463
25;2025-12-09;15;531
25;2025-12-09;16;669
25;2025-12-09;17;723
25;2025-12-09;18;785
25;2025-12-09;19;509
25;2025-12-09;20;317
25;2025-12-09;21;210
25;2025-12-09;22;110
25;2025-12-09;23;8
25;2025-12-10;0;0
25;2025-12-10;1;0
25;2025-12-10;2;0
25;2025-12-10;3;0
25;2025-12-10;4;0
25;2025-12-10;5;6
25;2025-12-10;6;174
25;2025-12-10;7;541
25;2025-12-10;8;919
25;2025-12-10;9;480
25;2025-12-10;10;356
25;2025-12-10;11;422
25;2025-12-10;12;430
25;2025-12-10;13;552
25;2025-12-10;14;447
25;2025-12-10;15;541
25;2025-12-10;16;679
25;2025-12-10;17;741
25;2025-12-10;18;815
25;2025-12-10;19;517
25;2025-12-10;20;343
25;2025-12-10;21;219
25;2025-12-10;22;117
25;2025-12-10;23;7
25;2025-12-11;0;0
25;2025-12-11;1;0
25;2025-12-11;2;0
25;2025-12-11;3;0
25;2025-12-11;4;0
25;2025-12-11;5;7
25;2025-12-11;6;167
25;2025-12-11;7;546
25;2025-12-11;8;939
25;2025-12-11;9;473
25;2025-12-11;10;382
25;2025-12-11;11;418
25;2025-12-11;12;407
25;2025-12-11;13;530
25;2025-12-11;14;477
25;2025-12-11;15;573
25;2025-12-11;16;674
25;2025-12-11;17;763
25;2025-12-11;18;796
25;2025-12-11;19;529
25;2025-12-11;20;316
25;2025-12-11;21;216
25;2025-12-11;22;117
25;2025-12-11;23;7
25;2025-12-12;0;0
25;2025-12-12;1;0
25;2025-12-12;2;0
25;2025-12-12;3;0
25;2025-12-12;4;0
25;2025-12-12;5;4
25;2025-12-12;6;166
25;2025-12-12;7;539
25;2025-12-12;8;858
25;2025-12-12;9;450
25;2025-12-12;10;356
25;2025-12-12;11;433
25;2025-12-12;12;430
25;2025-12-12;13;543
25;2025-12-12;14;507
25;2025-12-12;15;603
25;2025-12-12;16;744
25;2025-12-12;17;766
25;2025-12-12;18;690
25;2025-12-12;19;489
25;2025-12-12;20;316
25;2025-12-12;21;217
25;2025-12-12;22;132
25;2025-12-12;23;8
25;2025-12-13;0;1
25;2025-12-13;1;0
25;2025-12-13;2;0
25;2025-12-13;3;0
25;2025-12-13;4;0
25;2025-12-13;5;3
25;2025-12-13;6;59
25;2025-12-13;7;137
25;2025-12-13;8;317
25;2025-12-13;9;279
25;2025-12-13;10;277
25;2025-12-13;11;384
25;2025-12-13;12;391
25;2025-12-13;13;531
25;2025-12-13;14;549
25;2025-12-13;15;643
25;2025-12-13;16;574
25;2025-12-13;17;491
25;2025-12-13;18;483
25;2025-12-13;19;418
25;2025-12-13;20;263
25;2025-12-13;21;208
25;2025-12-13;22;137
25;2025-12-13;23;53
25;2025-12-14;0;15
25;2025-12-14;1;0
25;2025-12-14;2;0
25;2025-12-14;3;0
25;2025-12-14;4;0
25;2025-12-14;5;3
25;2025-12-14;6;54
25;2025-12-14;7;97
25;2025-12-14;8;189
25;2025-12-14;9;219
25;2025-12-14;10;225
25;2025-12-14;11;302
25;2025-12-14;12;354
25;2025-12-14;13;475
25;2025-12-14;14;499
25;2025-12-14;15;606
25;2025-12-14;16;523
25;2025-12-14;17;472
25;2025-12-14;18;424
25;2025-12-14;19;342
25;2025-12-14;20;235
25;2025-12-14;21;175
25;2025-12-14;22;105
25;2025-12-14;23;39
25;2025-12-15;0;8
25;2025-12-15;1;0
25;2025-12-15;2;0
25;2025-12-15;3;0
25;2025-12-15;4;0
25;2025-12-15;5;5
25;2025-12-15;6;168
25;2025-12-15;7;558
25;2025-12-15;8;905
25;2025-12-15;9;486
25;2025-12-15;10;342
25;2025-12-15;11;404
25;2025-12-15;12;396
25;2025-12-15;13;520
25;2025-12-15;14;415
25;2025-12-15;15;516
25;2025-12-15;16;674
25;2025-12-15;17;737
25;2025-12-15;18;800
25;2025-12-15;19;506
25;2025-12-15;20;311
25;2025-12-15;21;209
25;2025-12-15;22;109
25;2025-12-15;23;7
25;2025-12-16;0;1
25;2025-12-16;1;0
25;2025-12-16;2;0
25;2025-12-16;3;0
25;2025-12-16;4;0
25;2025-12-16;5;5
25;2025-12-16;6;171
25;2025-12-16;7;546
25;2025-12-16;8;911
25;2025-12-16;9;496
25;2025-12-16;10;380
25;2025-12-16;11;429
25;2025-12-16;12;384
25;2025-12-16;13;485
25;2025-12-16;14;463
25;2025-12-16;15;531
25;2025-12-16;16;669
25;2025-12-16;17;723
25;2025-12-16;18;785
25;2025-12-16;19;509
25;2025-12-16;20;317
25;2025-12-16;21;210
25;2025-12-16;22;110
25;2025-12-16;23;8
25;2025-12-17;0;0
25;2025-12-17;1;0
25;2025-12-17;2;0
25;2025-12-17;3;0
25;2025-12-17;4;0
25;2025-12-17;5;6
25;2025-12-17;6;174
25;2025-12-17;7;541
25;2025-12-17;8;919
25;2025-12-17;9;480
25;2025-12-17;10;356
25;2025-12-17;11;422
25;2025-12-17;12;430
25;2025-12-17;13;552
25;2025-12-17;14;447
25;2025-12-17;15;541
25;2025-12-17;16;679
25;2025-12-17;17;741
25;2025-12-17;18;815
25;2025-12-17;19;517
25;2025-12-17;20;343
25;2025-12-17;21;219
25;2025-12-17;22;117
25;2025-12-17;23;7
25;2025-12-18;0;0
25;2025-12-18;1;0
25;2025-12-18;2;0
25;2025-12-18;3;0
25;2025-12-18;4;0
25;2025-12-18;5;7
25;2025-12-18;6;167
25;2025-12-18;7;546
25;2025-12-18;8;939
25;2025-12-18;9;473
25;2025-12-18;10;382
25;2025-12-18;11;418
25;2025-12-18;12;407
25;2025-12-18;13;530
25;2025-12-18;14;477
25;2025-12-18;15;573
25;2025-12-18;16;674
25;2025-12-18;17;763
25;2025-12-18;18;796
25;2025-12-18;19;529
25;2025-12-18;20;316
25;2025-12-18;21;216
25;2025-12-18;22;117
25;2025-12-18;23;7
25;2025-12-19;0;0
25;2025-12-19;1;0
25;2025-12-19;2;0
25;2025-12-19;3;0
25;2025-12-19;4;0
25;2025-12-19;5;4
25;2025-12-19;6;166
25;2025-12-19;7;539
25;2025-12-19;8;858
25;2025-12-19;9;450
25;2025-12-19;10;356
25;2025-12-19;11;433
25;2025-12-19;12;430
25;2025-12-19;13;543
25;2025-12-19;14;507
25;2025-12-19;15;603
25;2025-12-19;16;744
25;2025-12-19;17;766
25;2025-12-19;18;690
25;2025-12-19;19;489
25;2025-12-19;20;316
25;2025-12-19;21;217
25;2025-12-19;22;132
25;2025-12-19;23;8
25;2025-12-20;0;1
25;2025-12-20;1;0
25;2025-12-20;2;0
25;2025-12-20;3;0
25;2025-12-20;4;0
25;2025-12-20;5;3
25;2025-12-20;6;59
25;2025-12-20;7;137
25;2025-12-20;8;317
25;2025-12-20;9;279
25;2025-12-20;10;277
25;2025-12-20;11;384
25;2025-12-20;12;391
25;2025-12-20;13;531
25;2025-12-20;14;549
25;2025-12-20;15;643
25;2025-12-20;16;574
25;2025-12-20;17;491
25;2025-12-20;18;483
25;2025-12-20;19;418
25;2025-12-20;20;263
25;2025-12-20;21;208
25;2025-12-20;22;137
25;2025-12-20;23;53
25;2025-12-21;0;15
25;2025-12-21;1;0
25;2025-12-21;2;0
25;2025-12-21;3;0
25;2025-12-21;4;0
25;2025-12-21;5;3
25;2025-12-21;6;54
25;2025-12-21;7;97
25;2025-12-21;8;189
25;2025-12-21;9;219
25;2025-12-21;10;225
25;2025-12-21;11;302
25;2025-12-21;12;354
25;2025-12-21;13;475
25;2025-12-21;14;499
25;2025-12-21;15;606
25;2025-12-21;16;523
25;2025-12-21;17;472
25;2025-12-21;18;424
25;2025-12-21;19;342
25;2025-12-21;20;235
25;2025-12-21;21;175
25;2025-12-21;22;105
25;2025-12-21;23;39
25;2025-12-22;0;8
25;2025-12-22;1;0
25;2025-12-22;2;0
25;2025-12-22;3;0
25;2025-12-22;4;0
25;2025-12-22;5;5
25;2025-12-22;6;168
25;2025-12-22;7;558
25;2025-12-22;8;905
25;2025-12-22;9;486
25;2025-12-22;10;342
25;2025-12-22;11;404
25;2025-12-22;12;396
25;2025-12-22;13;520
25;2025-12-22;14;415
25;2025-12-22;15;516
25;2025-12-22;16;674
25;2025-12-22;17;737
25;2025-12-22;18;800
25;2025-12-22;19;506
25;2025-12-22;20;311
25;2025-12-22;21;209
25;2025-12-22;22;109
25;2025-12-22;23;7
25;2025-12-23;0;1
25;2025-12-23;1;0
25;2025-12-23;2;0
25;2025-12-23;3;0
25;2025-12-23;4;0
25;2025-12-23;5;5
25;2025-12-23;6;171
25;2025-12-23;7;546
25;2025-12-23;8;911
25;2025-12-23;9;496
25;2025-12-23;10;380
25;2025-12-23;11;429
25;2025-12-23;12;384
25;2025-12-23;13;485
25;2025-12-23;14;463
25;2025-12-23;15;531
25;2025-12-23;16;669
25;2025-12-23;17;723
25;2025-12-23;18;785
25;2025-12-23;19;509
25;2025-12-23;20;317
25;2025-12-23;21;210
25;2025-12-23;22;110
25;2025-12-23;23;8
25;2025-12-24;0;0
25;2025-12-24;1;0
25;2025-12-24;2;0
25;2025-12-24;3;0
25;2025-12-24;4;0
25;2025-12-24;5;6
25;2025-12-24;6;174
25;2025-12-24;7;541
25;2025-12-24;8;919
25;2025-12-24;9;480
25;2025-12-24;10;356
25;2025-12-24;11;422
25;2025-12-24;12;430
25;2025-12-24;13;552
25;2025-12-24;14;447
25;2025-12-24;15;541
25;2025-12-24;16;679
25;2025-12-24;17;741
25;2025-12-24;18;815
25;2025-12-24;19;517
25;2025-12-24;20;343
25;2025-12-24;21;219
25;2025-12-24;22;117
25;2025-12-24;23;7
25;2025-12-25;0;0
25;2025-12-25;1;0
25;2025-12-25;2;0
25;2025-12-25;3;0
25;2025-12-25;4;0
25;2025-12-25;5;7
25;2025-12-25;6;167
25;2025-12-25;7;546
25;2025-12-25;8;939
25;2025-12-25;9;473
25;2025-12-25;10;382
25;2025-12-25;11;418
25;2025-12-25;12;407
25;2025-12-25;13;530
25;2025-12-25;14;477
25;2025-12-25;15;573
25;2025-12-25;16;674
25;2025-12-25;17;763
25;2025-12-25;18;796
25;2025-12-25;19;529
25;2025-12-25;20;316
25;2025-12-25;21;216
25;2025-12-25;22;117
25;2025-12-25;23;7
25;2025-12-26;0;0
25;2025-12-26;1;0
25;2025-12-26;2;0
25;2025-12-26;3;0
25;2025-12-26;4;0
25;2025-12-26;5;4
25;2025-12-26;6;166
25;2025-12-26;7;539
25;2025-12-26;8;858
25;2025-12-26;9;450
25;2025-12-26;10;356
25;2025-12-26;11;433
25;2025-12-26;12;430
25;2025-12-26;13;543
25;2025-12-26;14;507
25;2025-12-26;15;603
25;2025-12-26;16;744
25;2025-12-26;17;766
25;2025-12-26;18;690
25;2025-12-26;19;489
25;2025-12-26;20;316
25;2025-12-26;21;217
25;2025-12-26;22;132
25;2025-12-26;23;8
25;2025-12-27;0;1
25;2025-12-27;1;0
25;2025-12-27;2;0
25;2025-12-27;3;0
25;2025-12-27;4;0
25;2025-12-27;5;3
25;2025-12-27;6;59
25;2025-12-27;7;137
25;2025-12-27;8;317
25;2025-12-27;9;279
25;2025-12-27;10;277
25;2025-12-27;11;384
25;2025-12-27;12;391
25;2025-12-27;13;531
25;2025-12-27;14;549
25;2025-12-27;15;643
25;2025-12-27;16;574
25;2025-12-27;17;491
25;2025-12-27;18;483
25;2025-12-27;19;418
25;2025-12-27;20;263
25;2025-12-27;21;208
25;2025-12-27;22;137
25;2025-12-27;23;53
25;2025-12-28;0;15
25;2025-12-28;1;0
25;2025-12-28;2;0
25;2025-12-28;3;0
25;2025-12-28;4;0
25;2025-12-28;5;3
25;2025-12-28;6;54
25;2025-12-28;7;97
25;2025-12-28;8;189
25;2025-12-28;9;219
25;2025-12-28;10;225
25;2025-12-28;11;302
25;2025-12-28;12;354
25;2025-12-28;13;475
25;2025-12-28;14;499
25;2025-12-28;15;606
25;2025-12-28;16;523
25;2025-12-28;17;472
25;2025-12-28;18;424
25;2025-12-28;19;342
25;2025-12-28;20;235
25;2025-12-28;21;175
25;2025-12-28;22;105
25;2025-12-28;23;39
25;2025-12-29;0;8
25;2025-12-29;1;0
25;2025-12-29;2;0
25;2025-12-29;3;0
25;2025-12-29;4;0
25;2025-12-29;5;5
25;2025-12-29;6;168
25;2025-12-29;7;558
25;2025-12-29;8;905
25;2025-12-29;9;486
25;2025-12-29;10;342
25;2025-12-29;11;404
25;2025-12-29;12;396
25;2025-12-29;13;520
25;2025-12-29;14;415
25;2025-12-29;15;516
25;2025-12-29;16;674
25;2025-12-29;17;737
25;2025-12-29;18;800
25;2025-12-29;19;506
25;2025-12-29;20;311
25;2025-12-29;21;209
25;2025-12-29;22;109
25;2025-12-29;23;7
25;2025-12-30;0;1
25;2025-12-30;1;0
25;2025-12-30;2;0
25;2025-12-30;3;0
25;2025-12-30;4;0
25;2025-12-30;5;5
25;2025-12-30;6;171
25;2025-12-30;7;546
25;2025-12-30;8;911
25;2025-12-30;9;496
25;2025-12-30;10;380
25;2025-12-30;11;429
25;2025-12-30;12;384
25;2025-12-30;13;485
25;2025-12-30;14;463
25;2025-12-30;15;531
25;2025-12-30;16;669
25;2025-12-30;17;723
25;2025-12-30;18;785
25;2025-12-30;19;509
25;2025-12-30;20;317
25;2025-12-30;21;210
25;2025-12-30;22;110
25;2025-12-30;23;8
25;2025-12-31;0;15
25;2025-12-31;1;0
25;2025-12-31;2;0
25;2025-12-31;3;0
25;2025-12-31;4;0
25;2025-12-31;5;3
25;2025-12-31;6;54
25;2025-12-31;7;97
25;2025-12-31;8;189
25;2025-12-31;9;219
25;2025-12-31;10;225
25;2025-12-31;11;302
25;2025-12-31;12;354
25;2025-12-31;13;475
25;2025-12-31;14;499
25;2025-12-31;15;606
25;2025-12-31;16;523
25;2025-12-31;17;472
25;2025-12-31;18;424
25;2025-12-31;19;342
25;2025-12-31;20;235
25;2025-12-31;21;175
25;2025-12-31;22;105
25;2025-12-31;23;39
26;2025-11-01;0;34
26;2025-11-01;1;2
26;2025-11-01;2;0
26;2025-11-01;3;0
26;2025-11-01;4;1
26;2025-11-01;5;88
26;2025-11-01;6;505
26;2025-11-01;7;1063
26;2025-11-01;8;2069
26;2025-11-01;9;1384
26;2025-11-01;10;1208
26;2025-11-01;11;1075
26;2025-11-01;12;1121
26;2025-11-01;13;1185
26;2025-11-01;14;1239
26;2025-11-01;15;1380
26;2025-11-01;16;1617
26;2025-11-01;17;1680
26;2025-11-01;18;1433
26;2025-11-01;19;1109
26;2025-11-01;20;751
26;2025-11-01;21;458
26;2025-11-01;22;230
26;2025-11-01;23;162
26;2025-11-02;0;49
26;2025-11-02;1;4
26;2025-11-02;2;0
26;2025-11-02;3;0
26;2025-11-02;4;1
26;2025-11-02;5;27
26;2025-11-02;6;156
26;2025-11-02;7;256
26;2025-11-02;8;382
26;2025-11-02;9;524
26;2025-11-02;10;594
26;2025-11-02;11;819
26;2025-11-02;12;823
26;2025-11-02;13;885
26;2025-11-02;14;878
26;2025-11-02;15;798
26;2025-11-02;16;818
26;2025-11-02;17;776
26;2025-11-02;18;706
26;2025-11-02;19;544
26;2025-11-02;20;415
26;2025-11-02;21;284
26;2025-11-02;22;198
26;2025-11-02;23;102
26;2025-11-03;0;49
26;2025-11-03;1;4
26;2025-11-03;2;0
26;2025-11-03;3;0
26;2025-11-03;4;1
26;2025-11-03;5;27
26;2025-11-03;6;156
26;2025-11-03;7;256
26;2025-11-03;8;382
26;2025-11-03;9;524
26;2025-11-03;10;594
26;2025-11-03;11;819
26;2025-11-03;12;823
26;2025-11-03;13;885
26;2025-11-03;14;878
26;2025-11-03;15;798
26;2025-11-03;16;818
26;2025-11-03;17;776
26;2025-11-03;18;706
26;2025-11-03;19;544
26;2025-11-03;20;415
26;2025-11-03;21;284
26;2025-11-03;22;198
26;2025-11-03;23;102
26;2025-11-04;0;49
26;2025-11-04;1;4
26;2025-11-04;2;0
26;2025-11-04;3;0
26;2025-11-04;4;1
26;2025-11-04;5;27
26;2025-11-04;6;156
26;2025-11-04;7;256
26;2025-11-04;8;382
26;2025-11-04;9;524
26;2025-11-04;10;594
26;2025-11-04;11;819
26;2025-11-04;12;823
26;2025-11-04;13;885
26;2025-11-04;14;878
26;2025-11-04;15;798
26;2025-11-04;16;818
26;2025-11-04;17;776
26;2025-11-04;18;706
26;2025-11-04;19;544
26;2025-11-04;20;415
26;2025-11-04;21;284
26;2025-11-04;22;198
26;2025-11-04;23;102
26;2025-11-05;0;30
26;2025-11-05;1;1
26;2025-11-05;2;0
26;2025-11-05;3;0
26;2025-11-05;4;2
26;2025-11-05;5;92
26;2025-11-05;6;518
26;2025-11-05;7;1099
26;2025-11-05;8;2214
26;2025-11-05;9;1482
26;2025-11-05;10;1223
26;2025-11-05;11;1103
26;2025-11-05;12;1143
26;2025-11-05;13;1164
26;2025-11-05;14;1282
26;2025-11-05;15;1336
26;2025-11-05;16;1479
26;2025-11-05;17;1624
26;2025-11-05;18;1812
26;2025-11-05;19;1214
26;2025-11-05;20;787
26;2025-11-05;21;502
26;2025-11-05;22;241
26;2025-11-05;23;127
26;2025-11-06;0;37
26;2025-11-06;1;1
26;2025-11-06;2;0
26;2025-11-06;3;0
26;2025-11-06;4;1
26;2025-11-06;5;88
26;2025-11-06;6;491
26;2025-11-06;7;1084
26;2025-11-06;8;2174
26;2025-11-06;9;1495
26;2025-11-06;10;1187
26;2025-11-06;11;1149
26;2025-11-06;12;1115
26;2025-11-06;13;1155
26;2025-11-06;14;1215
26;2025-11-06;15;1328
26;2025-11-06;16;1483
26;2025-11-06;17;1698
26;2025-11-06;18;1903
26;2025-11-06;19;1270
26;2025-11-06;20;787
26;2025-11-06;21;475
26;2025-11-06;22;243
26;2025-11-06;23;133
26;2025-11-07;0;34
26;2025-11-07;1;2
26;2025-11-07;2;0
26;2025-11-07;3;0
26;2025-11-07;4;1
26;2025-11-07;5;88
26;2025-11-07;6;505
26;2025-11-07;7;1063
26;2025-11-07;8;2069
26;2025-11-07;9;1384
26;2025-11-07;10;1208
26;2025-11-07;11;1075
26;2025-11-07;12;1121
26;2025-11-07;13;1185
26;2025-11-07;14;1239
26;2025-11-07;15;1380
26;2025-11-07;16;1617
26;2025-11-07;17;1680
26;2025-11-07;18;1433
26;2025-11-07;19;1109
26;2025-11-07;20;751
26;2025-11-07;21;458
26;2025-11-07;22;230
26;2025-11-07;23;162
26;2025-11-08;0;45
26;2025-11-08;1;2
26;2025-11-08;2;0
26;2025-11-08;3;0
26;2025-11-08;4;2
26;2025-11-08;5;48
26;2025-11-08;6;267
26;2025-11-08;7;370
26;2025-11-08;8;606
26;2025-11-08;9;695
26;2025-11-08;10;813
26;2025-11-08;11;992
26;2025-11-08;12;1041
26;2025-11-08;13;1019
26;2025-11-08;14;1065
26;2025-11-08;15;946
26;2025-11-08;16;1000
26;2025-11-08;17;915
26;2025-11-08;18;872
26;2025-11-08;19;815
26;2025-11-08;20;542
26;2025-11-08;21;366
26;2025-11-08;22;220
26;2025-11-08;23;149
26;2025-11-09;0;49
26;2025-11-09;1;4
26;2025-11-09;2;0
26;2025-11-09;3;0
26;2025-11-09;4;1
26;2025-11-09;5;27
26;2025-11-09;6;156
26;2025-11-09;7;256
26;2025-11-09;8;382
26;2025-11-09;9;524
26;2025-11-09;10;594
26;2025-11-09;11;819
26;2025-11-09;12;823
26;2025-11-09;13;885
26;2025-11-09;14;878
26;2025-11-09;15;798
26;2025-11-09;16;818
26;2025-11-09;17;776
26;2025-11-09;18;706
26;2025-11-09;19;544
26;2025-11-09;20;415
26;2025-11-09;21;284
26;2025-11-09;22;198
26;2025-11-09;23;102
26;2025-11-10;0;27
26;2025-11-10;1;2
26;2025-11-10;2;0
26;2025-11-10;3;0
26;2025-11-10;4;2
26;2025-11-10;5;91
26;2025-11-10;6;503
26;2025-11-10;7;1098
26;2025-11-10;8;2082
26;2025-11-10;9;1447
26;2025-11-10;10;1188
26;2025-11-10;11;1050
26;2025-11-10;12;1070
26;2025-11-10;13;1143
26;2025-11-10;14;1195
26;2025-11-10;15;1292
26;2025-11-10;16;1463
26;2025-11-10;17;1656
26;2025-11-10;18;1894
26;2025-11-10;19;1251
26;2025-11-10;20;767
26;2025-11-10;21;456
26;2025-11-10;22;212
26;2025-11-10;23;100
26;2025-11-11;0;29
26;2025-11-11;1;1
26;2025-11-11;2;0
26;2025-11-11;3;0
26;2025-11-11;4;2
26;2025-11-11;5;86
26;2025-11-11;6;512
26;2025-11-11;7;1105
26;2025-11-11;8;2242
26;2025-11-11;9;1467
26;2025-11-11;10;1201
26;2025-11-11;11;1077
26;2025-11-11;12;1146
26;2025-11-11;13;1158
26;2025-11-11;14;1192
26;2025-11-11;15;1287
26;2025-11-11;16;1500
26;2025-11-11;17;1730
26;2025-11-11;18;1871
26;2025-11-11;19;1334
26;2025-11-11;20;794
26;2025-11-11;21;464
26;2025-11-11;22;237
26;2025-11-11;23;114
26;2025-11-12;0;30
26;2025-11-12;1;1
26;2025-11-12;2;0
26;2025-11-12;3;0
26;2025-11-12;4;2
26;2025-11-12;5;92
26;2025-11-12;6;518
26;2025-11-12;7;1099
26;2025-11-12;8;2214
26;2025-11-12;9;1482
26;2025-11-12;10;1223
26;2025-11-12;11;1103
26;2025-11-12;12;1143
26;2025-11-12;13;1164
26;2025-11-12;14;1282
26;2025-11-12;15;1336
26;2025-11-12;16;1479
26;2025-11-12;17;1624
26;2025-11-12;18;1812
26;2025-11-12;19;1214
26;2025-11-12;20;787
26;2025-11-12;21;502
26;2025-11-12;22;241
26;2025-11-12;23;127
26;2025-11-13;0;37
26;2025-11-13;1;1
26;2025-11-13;2;0
26;2025-11-13;3;0
26;2025-11-13;4;1
26;2025-11-13;5;88
26;2025-11-13;6;491
26;2025-11-13;7;1084
26;2025-11-13;8;2174
26;2025-11-13;9;1495
26;2025-11-13;10;1187
26;2025-11-13;11;1149
26;2025-11-13;12;1115
26;2025-11-13;13;1155
26;2025-11-13;14;1215
26;2025-11-13;15;1328
26;2025-11-13;16;1483
26;2025-11-13;17;1698
26;2025-11-13;18;1903
26;2025-11-13;19;1270
26;2025-11-13;20;787
26;2025-11-13;21;475
26;2025-11-13;22;243
26;2025-11-13;23;133
26;2025-11-14;0;34
26;2025-11-14;1;2
26;2025-11-14;2;0
26;2025-11-14;3;0
26;2025-11-14;4;1
26;2025-11-14;5;88
26;2025-11-14;6;505
26;2025-11-14;7;1063
26;2025-11-14;8;2069
26;2025-11-14;9;1384
26;2025-11-14;10;1208
26;2025-11-14;11;1075
26;2025-11-14;12;1121
26;2025-11-14;13;1185
26;2025-11-14;14;1239
26;2025-11-14;15;1380
26;2025-11-14;16;1617
26;2025-11-14;17;1680
26;2025-11-14;18;1433
26;2025-11-14;19;1109
26;2025-11-14;20;751
26;2025-11-14;21;458
26;2025-11-14;22;230
26;2025-11-14;23;162
26;2025-11-15;0;45
26;2025-11-15;1;2
26;2025-11-15;2;0
26;2025-11-15;3;0
26;2025-11-15;4;2
26;2025-11-15;5;48
26;2025-11-15;6;267
26;2025-11-15;7;370
26;2025-11-15;8;606
26;2025-11-15;9;695
26;2025-11-15;10;813
26;2025-11-15;11;992
26;2025-11-15;12;1041
26;2025-11-15;13;1019
26;2025-11-15;14;1065
26;2025-11-15;15;946
26;2025-11-15;16;1000
26;2025-11-15;17;915
26;2025-11-15;18;872
26;2025-11-15;19;815
26;2025-11-15;20;542
26;2025-11-15;21;366
26;2025-11-15;22;220
26;2025-11-15;23;149
26;2025-11-16;0;49
26;2025-11-16;1;4
26;2025-11-16;2;0
26;2025-11-16;3;0
26;2025-11-16;4;1
26;2025-11-16;5;27
26;2025-11-16;6;156
26;2025-11-16;7;256
26;2025-11-16;8;382
26;2025-11-16;9;524
26;2025-11-16;10;594
26;2025-11-16;11;819
26;2025-11-16;12;823
26;2025-11-16;13;885
26;2025-11-16;14;878
26;2025-11-16;15;798
26;2025-11-16;16;818
26;2025-11-16;17;776
26;2025-11-16;18;706
26;2025-11-16;19;544
26;2025-11-16;20;415
26;2025-11-16;21;284
26;2025-11-16;22;198
26;2025-11-16;23;102
26;2025-11-17;0;27
26;2025-11-17;1;2
26;2025-11-17;2;0
26;2025-11-17;3;0
26;2025-11-17;4;2
26;2025-11-17;5;91
26;2025-11-17;6;503
26;2025-11-17;7;1098
26;2025-11-17;8;2082
26;2025-11-17;9;1447
26;2025-11-17;10;1188
26;2025-11-17;11;1050
26;2025-11-17;12;1070
26;2025-11-17;13;1143
26;2025-11-17;14;1195
26;2025-11-17;15;1292
26;2025-11-17;16;1463
26;2025-11-17;17;1656
26;2025-11-17;18;1894
26;2025-11-17;19;1251
26;2025-11-17;20;767
26;2025-11-17;21;456
26;2025-11-17;22;212
26;2025-11-17;23;100
26;2025-11-18;0;29
26;2025-11-18;1;1
26;2025-11-18;2;0
26;2025-11-18;3;0
26;2025-11-18;4;2
26;2025-11-18;5;86
26;2025-11-18;6;512
26;2025-11-18;7;1105
26;2025-11-18;8;2242
26;2025-11-18;9;1467
26;2025-11-18;10;1201
26;2025-11-18;11;1077
26;2025-11-18;12;1146
26;2025-11-18;13;1158
26;2025-11-18;14;1192
26;2025-11-18;15;1287
26;2025-11-18;16;1500
26;2025-11-18;17;1730
26;2025-11-18;18;1871
26;2025-11-18;19;1334
26;2025-11-18;20;794
26;2025-11-18;21;464
26;2025-11-18;22;237
26;2025-11-18;23;114
26;2025-11-19;0;30
26;2025-11-19;1;1
26;2025-11-19;2;0
26;2025-11-19;3;0
26;2025-11-19;4;2
26;2025-11-19;5;92
26;2025-11-19;6;518
26;2025-11-19;7;1099
26;2025-11-19;8;2214
26;2025-11-19;9;1482
26;2025-11-19;10;1223
26;2025-11-19;11;1103
26;2025-11-19;12;1143
26;2025-11-19;13;1164
26;2025-11-19;14;1282
26;2025-11-19;15;1336
26;2025-11-19;16;1479
26;2025-11-19;17;1624
26;2025-11-19;18;1812
26;2025-11-19;19;1214
26;2025-11-19;20;787
26;2025-11-19;21;502
26;2025-11-19;22;241
26;2025-11-19;23;127
26;2025-11-20;0;37
26;2025-11-20;1;1
26;2025-11-20;2;0
26;2025-11-20;3;0
26;2025-11-20;4;1
26;2025-11-20;5;88
26;2025-11-20;6;491
26;2025-11-20;7;1084
26;2025-11-20;8;2174
26;2025-11-20;9;1495
26;2025-11-20;10;1187
26;2025-11-20;11;1149
26;2025-11-20;12;1115
26;2025-11-20;13;1155
26;2025-11-20;14;1215
26;2025-11-20;15;1328
26;2025-11-20;16;1483
26;2025-11-20;17;1698
26;2025-11-20;18;1903
26;2025-11-20;19;1270
26;2025-11-20;20;787
26;2025-11-20;21;475
26;2025-11-20;22;243
26;2025-11-20;23;133
26;2025-11-21;0;34
26;2025-11-21;1;2
26;2025-11-21;2;0
26;2025-11-21;3;0
26;2025-11-21;4;1
26;2025-11-21;5;88
26;2025-11-21;6;505
26;2025-11-21;7;1063
26;2025-11-21;8;2069
26;2025-11-21;9;1384
26;2025-11-21;10;1208
26;2025-11-21;11;1075
26;2025-11-21;12;1121
26;2025-11-21;13;1185
26;2025-11-21;14;1239
26;2025-11-21;15;1380
26;2025-11-21;16;1617
26;2025-11-21;17;1680
26;2025-11-21;18;1433
26;2025-11-21;19;1109
26;2025-11-21;20;751
26;2025-11-21;21;458
26;2025-11-21;22;230
26;2025-11-21;23;162
26;2025-11-22;0;45
26;2025-11-22;1;2
26;2025-11-22;2;0
26;2025-11-22;3;0
26;2025-11-22;4;2
26;2025-11-22;5;48
26;2025-11-22;6;267
26;2025-11-22;7;370
26;2025-11-22;8;606
26;2025-11-22;9;695
26;2025-11-22;10;813
26;2025-11-22;11;992
26;2025-11-22;12;1041
26;2025-11-22;13;1019
26;2025-11-22;14;1065
26;2025-11-22;15;946
26;2025-11-22;16;1000
26;2025-11-22;17;915
26;2025-11-22;18;872
26;2025-11-22;19;815
26;2025-11-22;20;542
26;2025-11-22;21;366
26;2025-11-22;22;220
26;2025-11-22;23;149
26;2025-11-23;0;49
26;2025-11-23;1;4
26;2025-11-23;2;0
26;2025-11-23;3;0
26;2025-11-23;4;1
26;2025-11-23;5;27
26;2025-11-23;6;156
26;2025-11-23;7;256
26;2025-11-23;8;382
26;2025-11-23;9;524
26;2025-11-23;10;594
26;2025-11-23;11;819
26;2025-11-23;12;823
26;2025-11-23;13;885
26;2025-11-23;14;878
26;2025-11-23;15;798
26;2025-11-23;16;818
26;2025-11-23;17;776
26;2025-11-23;18;706
26;2025-11-23;19;544
26;2025-11-23;20;415
26;2025-11-23;21;284
26;2025-11-23;22;198
26;2025-11-23;23;102
26;2025-11-24;0;27
26;2025-11-24;1;2
26;2025-11-24;2;0
26;2025-11-24;3;0
26;2025-11-24;4;2
26;2025-11-24;5;91
26;2025-11-24;6;503
26;2025-11-24;7;1098
26;2025-11-24;8;2082
26;2025-11-24;9;1447
26;2025-11-24;10;1188
26;2025-11-24;11;1050
26;2025-11-24;12;1070
26;2025-11-24;13;1143
26;2025-11-24;14;1195
26;2025-11-24;15;1292
26;2025-11-24;16;1463
26;2025-11-24;17;1656
26;2025-11-24;18;1894
26;2025-11-24;19;1251
26;2025-11-24;20;767
26;2025-11-24;21;456
26;2025-11-24;22;212
26;2025-11-24;23;100
26;2025-11-25;0;29
26;2025-11-25;1;1
26;2025-11-25;2;0
26;2025-11-25;3;0
26;2025-11-25;4;2
26;2025-11-25;5;86
26;2025-11-25;6;512
26;2025-11-25;7;1105
26;2025-11-25;8;2242
26;2025-11-25;9;1467
26;2025-11-25;10;1201
26;2025-11-25;11;1077
26;2025-11-25;12;1146
26;2025-11-25;13;1158
26;2025-11-25;14;1192
26;2025-11-25;15;1287
26;2025-11-25;16;1500
26;2025-11-25;17;1730
26;2025-11-25;18;1871
26;2025-11-25;19;1334
26;2025-11-25;20;794
26;2025-11-25;21;464
26;2025-11-25;22;237
26;2025-11-25;23;114
26;2025-11-26;0;30
26;2025-11-26;1;1
26;2025-11-26;2;0
26;2025-11-26;3;0
26;2025-11-26;4;2
26;2025-11-26;5;92
26;2025-11-26;6;518
26;2025-11-26;7;1099
26;2025-11-26;8;2214
26;2025-11-26;9;1482
26;2025-11-26;10;1223
26;2025-11-26;11;1103
26;2025-11-26;12;1143
26;2025-11-26;13;1164
26;2025-11-26;14;1282
26;2025-11-26;15;1336
26;2025-11-26;16;1479
26;2025-11-26;17;1624
26;2025-11-26;18;1812
26;2025-11-26;19;1214
26;2025-11-26;20;787
26;2025-11-26;21;502
26;2025-11-26;22;241
26;2025-11-26;23;127
26;2025-11-27;0;37
26;2025-11-27;1;1
26;2025-11-27;2;0
26;2025-11-27;3;0
26;2025-11-27;4;1
26;2025-11-27;5;88
26;2025-11-27;6;491
26;2025-11-27;7;1084
26;2025-11-27;8;2174
26;2025-11-27;9;1495
26;2025-11-27;10;1187
26;2025-11-27;11;1149
26;2025-11-27;12;1115
26;2025-11-27;13;1155
26;2025-11-27;14;1215
26;2025-11-27;15;1328
26;2025-11-27;16;1483
26;2025-11-27;17;1698
26;2025-11-27;18;1903
26;2025-11-27;19;1270
26;2025-11-27;20;787
26;2025-11-27;21;475
26;2025-11-27;22;243
26;2025-11-27;23;133
26;2025-11-28;0;34
26;2025-11-28;1;2
26;2025-11-28;2;0
26;2025-11-28;3;0
26;2025-11-28;4;1
26;2025-11-28;5;88
26;2025-11-28;6;505
26;2025-11-28;7;1063
26;2025-11-28;8;2069
26;2025-11-28;9;1384
26;2025-11-28;10;1208
26;2025-11-28;11;1075
26;2025-11-28;12;1121
26;2025-11-28;13;1185
26;2025-11-28;14;1239
26;2025-11-28;15;1380
26;2025-11-28;16;1617
26;2025-11-28;17;1680
26;2025-11-28;18;1433
26;2025-11-28;19;1109
26;2025-11-28;20;751
26;2025-11-28;21;458
26;2025-11-28;22;230
26;2025-11-28;23;162
26;2025-11-29;0;45
26;2025-11-29;1;2
26;2025-11-29;2;0
26;2025-11-29;3;0
26;2025-11-29;4;2
26;2025-11-29;5;48
26;2025-11-29;6;267
26;2025-11-29;7;370
26;2025-11-29;8;606
26;2025-11-29;9;695
26;2025-11-29;10;813
26;2025-11-29;11;992
26;2025-11-29;12;1041
26;2025-11-29;13;1019
26;2025-11-29;14;1065
26;2025-11-29;15;946
26;2025-11-29;16;1000
26;2025-11-29;17;915
26;2025-11-29;18;872
26;2025-11-29;19;815
26;2025-11-29;20;542
26;2025-11-29;21;366
26;2025-11-29;22;220
26;2025-11-29;23;149
26;2025-11-30;0;49
26;2025-11-30;1;4
26;2025-11-30;2;0
26;2025-11-30;3;0
26;2025-11-30;4;1
26;2025-11-30;5;27
26;2025-11-30;6;156
26;2025-11-30;7;256
26;2025-11-30;8;382
26;2025-11-30;9;524
26;2025-11-30;10;594
26;2025-11-30;11;819
26;2025-11-30;12;823
26;2025-11-30;13;885
26;2025-11-30;14;878
26;2025-11-30;15;798
26;2025-11-30;16;818
26;2025-11-30;17;776
26;2025-11-30;18;706
26;2025-11-30;19;544
26;2025-11-30;20;415
26;2025-11-30;21;284
26;2025-11-30;22;198
26;2025-11-30;23;102
26;2025-12-01;0;27
26;2025-12-01;1;2
26;2025-12-01;2;0
26;2025-12-01;3;0
26;2025-12-01;4;2
26;2025-12-01;5;91
26;2025-12-01;6;503
26;2025-12-01;7;1098
26;2025-12-01;8;2082
26;2025-12-01;9;1447
26;2025-12-01;10;1188
26;2025-12-01;11;1050
26;2025-12-01;12;1070
26;2025-12-01;13;1143
26;2025-12-01;14;1195
26;2025-12-01;15;1292
26;2025-12-01;16;1463
26;2025-12-01;17;1656
26;2025-12-01;18;1894
26;2025-12-01;19;1251
26;2025-12-01;20;767
26;2025-12-01;21;456
26;2025-12-01;22;212
26;2025-12-01;23;100
26;2025-12-02;0;29
26;2025-12-02;1;1
26;2025-12-02;2;0
26;2025-12-02;3;0
26;2025-12-02;4;2
26;2025-12-02;5;86
26;2025-12-02;6;512
26;2025-12-02;7;1105
26;2025-12-02;8;2242
26;2025-12-02;9;1467
26;2025-12-02;10;1201
26;2025-12-02;11;1077
26;2025-12-02;12;1146
26;2025-12-02;13;1158
26;2025-12-02;14;1192
26;2025-12-02;15;1287
26;2025-12-02;16;1500
26;2025-12-02;17;1730
26;2025-12-02;18;1871
26;2025-12-02;19;1334
26;2025-12-02;20;794
26;2025-12-02;21;464
26;2025-12-02;22;237
26;2025-12-02;23;114
26;2025-12-03;0;30
26;2025-12-03;1;1
26;2025-12-03;2;0
26;2025-12-03;3;0
26;2025-12-03;4;2
26;2025-12-03;5;92
26;2025-12-03;6;518
26;2025-12-03;7;1099
26;2025-12-03;8;2214
26;2025-12-03;9;1482
26;2025-12-03;10;1223
26;2025-12-03;11;1103
26;2025-12-03;12;1143
26;2025-12-03;13;1164
26;2025-12-03;14;1282
26;2025-12-03;15;1336
26;2025-12-03;16;1479
26;2025-12-03;17;1624
26;2025-12-03;18;1812
26;2025-12-03;19;1214
26;2025-12-03;20;787
26;2025-12-03;21;502
26;2025-12-03;22;241
26;2025-12-03;23;127
26;2025-12-04;0;37
26;2025-12-04;1;1
26;2025-12-04;2;0
26;2025-12-04;3;0
26;2025-12-04;4;1
26;2025-12-04;5;88
26;2025-12-04;6;491
26;2025-12-04;7;1084
26;2025-12-04;8;2174
26;2025-12-04;9;1495
26;2025-12-04;10;1187
26;2025-12-04;11;1149
26;2025-12-04;12;1115
26;2025-12-04;13;1155
26;2025-12-04;14;1215
26;2025-12-04;15;1328
26;2025-12-04;16;1483
26;2025-12-04;17;1698
26;2025-12-04;18;1903
26;2025-12-04;19;1270
26;2025-12-04;20;787
26;2025-12-04;21;475
26;2025-12-04;22;243
26;2025-12-04;23;133
26;2025-12-05;0;34
26;2025-12-05;1;2
26;2025-12-05;2;0
26;2025-12-05;3;0
26;2025-12-05;4;1
26;2025-12-05;5;88
26;2025-12-05;6;505
26;2025-12-05;7;1063
26;2025-12-05;8;2069
26;2025-12-05;9;1384
26;2025-12-05;10;1208
26;2025-12-05;11;1075
26;2025-12-05;12;1121
26;2025-12-05;13;1185
26;2025-12-05;14;1239
26;2025-12-05;15;1380
26;2025-12-05;16;1617
26;2025-12-05;17;1680
26;2025-12-05;18;1433
26;2025-12-05;19;1109
26;2025-12-05;20;751
26;2025-12-05;21;458
26;2025-12-05;22;230
26;2025-12-05;23;162
26;2025-12-06;0;45
26;2025-12-06;1;2
26;2025-12-06;2;0
26;2025-12-06;3;0
26;2025-12-06;4;2
26;2025-12-06;5;48
26;2025-12-06;6;267
26;2025-12-06;7;370
26;2025-12-06;8;606
26;2025-12-06;9;695
26;2025-12-06;10;813
26;2025-12-06;11;992
26;2025-12-06;12;1041
26;2025-12-06;13;1019
26;2025-12-06;14;1065
26;2025-12-06;15;946
26;2025-12-06;16;1000
26;2025-12-06;17;915
26;2025-12-06;18;872
26;2025-12-06;19;815
26;2025-12-06;20;542
26;2025-12-06;21;366
26;2025-12-06;22;220
26;2025-12-06;23;149
26;2025-12-07;0;49
26;2025-12-07;1;4
26;2025-12-07;2;0
26;2025-12-07;3;0
26;2025-12-07;4;1
26;2025-12-07;5;27
26;2025-12-07;6;156
26;2025-12-07;7;256
26;2025-12-07;8;382
26;2025-12-07;9;524
26;2025-12-07;10;594
26;2025-12-07;11;819
26;2025-12-07;12;823
26;2025-12-07;13;885
26;2025-12-07;14;878
26;2025-12-07;15;798
26;2025-12-07;16;818
26;2025-12-07;17;776
26;2025-12-07;18;706
26;2025-12-07;19;544
26;2025-12-07;20;415
26;2025-12-07;21;284
26;2025-12-07;22;198
26;2025-12-07;23;102
26;2025-12-08;0;27
26;2025-12-08;1;2
26;2025-12-08;2;0
26;2025-12-08;3;0
26;2025-12-08;4;2
26;2025-12-08;5;91
26;2025-12-08;6;503
26;2025-12-08;7;1098
26;2025-12-08;8;2082
26;2025-12-08;9;1447
26;2025-12-08;10;1188
26;2025-12-08;11;1050
26;2025-12-08;12;1070
26;2025-12-08;13;1143
26;2025-12-08;14;1195
26;2025-12-08;15;1292
26;2025-12-08;16;1463
26;2025-12-08;17;1656
26;2025-12-08;18;1894
26;2025-12-08;19;1251
26;2025-12-08;20;767
26;2025-12-08;21;456
26;2025-12-08;22;212
26;2025-12-08;23;100
26;2025-12-09;0;29
26;2025-12-09;1;1
26;2025-12-09;2;0
26;2025-12-09;3;0
26;2025-12-09;4;2
26;2025-12-09;5;86
26;2025-12-09;6;512
26;2025-12-09;7;1105
26;2025-12-09;8;2242
26;2025-12-09;9;1467
26;2025-12-09;10;1201
26;2025-12-09;11;1077
26;2025-12-09;12;1146
26;2025-12-09;13;1158
26;2025-12-09;14;1192
26;2025-12-09;15;1287
26;2025-12-09;16;1500
26;2025-12-09;17;1730
26;2025-12-09;18;1871
26;2025-12-09;19;1334
26;2025-12-09;20;794
26;2025-12-09;21;464
26;2025-12-09;22;237
26;2025-12-09;23;114
26;2025-12-10;0;30
26;2025-12-10;1;1
26;2025-12-10;2;0
26;2025-12-10;3;0
26;2025-12-10;4;2
26;2025-12-10;5;92
26;2025-12-10;6;518
26;2025-12-10;7;1099
26;2025-12-10;8;2214
26;2025-12-10;9;1482
26;2025-12-10;10;1223
26;2025-12-10;11;1103
26;2025-12-10;12;1143
26;2025-12-10;13;1164
26;2025-12-10;14;1282
26;2025-12-10;15;1336
26;2025-12-10;16;1479
26;2025-12-10;17;1624
26;2025-12-10;18;1812
26;2025-12-10;19;1214
26;2025-12-10;20;787
26;2025-12-10;21;502
26;2025-12-10;22;241
26;2025-12-10;23;127
26;2025-12-11;0;37
26;2025-12-11;1;1
26;2025-12-11;2;0
26;2025-12-11;3;0
26;2025-12-11;4;1
26;2025-12-11;5;88
26;2025-12-11;6;491
26;2025-12-11;7;1084
26;2025-12-11;8;2174
26;2025-12-11;9;1495
26;2025-12-11;10;1187
26;2025-12-11;11;1149
26;2025-12-11;12;1115
26;2025-12-11;13;1155
26;2025-12-11;14;1215
26;2025-12-11;15;1328
26;2025-12-11;16;1483
26;2025-12-11;17;1698
26;2025-12-11;18;1903
26;2025-12-11;19;1270
26;2025-12-11;20;787
26;2025-12-11;21;475
26;2025-12-11;22;243
26;2025-12-11;23;133
26;2025-12-12;0;34
26;2025-12-12;1;2
26;2025-12-12;2;0
26;2025-12-12;3;0
26;2025-12-12;4;1
26;2025-12-12;5;88
26;2025-12-12;6;505
26;2025-12-12;7;1063
26;2025-12-12;8;2069
26;2025-12-12;9;1384
26;2025-12-12;10;1208
26;2025-12-12;11;1075
26;2025-12-12;12;1121
26;2025-12-12;13;1185
26;2025-12-12;14;1239
26;2025-12-12;15;1380
26;2025-12-12;16;1617
26;2025-12-12;17;1680
26;2025-12-12;18;1433
26;2025-12-12;19;1109
26;2025-12-12;20;751
26;2025-12-12;21;458
26;2025-12-12;22;230
26;2025-12-12;23;162
26;2025-12-13;0;45
26;2025-12-13;1;2
26;2025-12-13;2;0
26;2025-12-13;3;0
26;2025-12-13;4;2
26;2025-12-13;5;48
26;2025-12-13;6;267
26;2025-12-13;7;370
26;2025-12-13;8;606
26;2025-12-13;9;695
26;2025-12-13;10;813
26;2025-12-13;11;992
26;2025-12-13;12;1041
26;2025-12-13;13;1019
26;2025-12-13;14;1065
26;2025-12-13;15;946
26;2025-12-13;16;1000
26;2025-12-13;17;915
26;2025-12-13;18;872
26;2025-12-13;19;815
26;2025-12-13;20;542
26;2025-12-13;21;366
26;2025-12-13;22;220
26;2025-12-13;23;149
26;2025-12-14;0;49
26;2025-12-14;1;4
26;2025-12-14;2;0
26;2025-12-14;3;0
26;2025-12-14;4;1
26;2025-12-14;5;27
26;2025-12-14;6;156
26;2025-12-14;7;256
26;2025-12-14;8;382
26;2025-12-14;9;524
26;2025-12-14;10;594
26;2025-12-14;11;819
26;2025-12-14;12;823
26;2025-12-14;13;885
26;2025-12-14;14;878
26;2025-12-14;15;798
26;2025-12-14;16;818
26;2025-12-14;17;776
26;2025-12-14;18;706
26;2025-12-14;19;544
26;2025-12-14;20;415
26;2025-12-14;21;284
26;2025-12-14;22;198
26;2025-12-14;23;102
26;2025-12-15;0;27
26;2025-12-15;1;2
26;2025-12-15;2;0
26;2025-12-15;3;0
26;2025-12-15;4;2
26;2025-12-15;5;91
26;2025-12-15;6;503
26;2025-12-15;7;1098
26;2025-12-15;8;2082
26;2025-12-15;9;1447
26;2025-12-15;10;1188
26;2025-12-15;11;1050
26;2025-12-15;12;1070
26;2025-12-15;13;1143
26;2025-12-15;14;1195
26;2025-12-15;15;1292
26;2025-12-15;16;1463
26;2025-12-15;17;1656
26;2025-12-15;18;1894
26;2025-12-15;19;1251
26;2025-12-15;20;767
26;2025-12-15;21;456
26;2025-12-15;22;212
26;2025-12-15;23;100
26;2025-12-16;0;29
26;2025-12-16;1;1
26;2025-12-16;2;0
26;2025-12-16;3;0
26;2025-12-16;4;2
26;2025-12-16;5;86
26;2025-12-16;6;512
26;2025-12-16;7;1105
26;2025-12-16;8;2242
26;2025-12-16;9;1467
26;2025-12-16;10;1201
26;2025-12-16;11;1077
26;2025-12-16;12;1146
26;2025-12-16;13;1158
26;2025-12-16;14;1192
26;2025-12-16;15;1287
26;2025-12-16;16;1500
26;2025-12-16;17;1730
26;2025-12-16;18;1871
26;2025-12-16;19;1334
26;2025-12-16;20;794
26;2025-12-16;21;464
26;2025-12-16;22;237
26;2025-12-16;23;114
26;2025-12-17;0;30
26;2025-12-17;1;1
26;2025-12-17;2;0
26;2025-12-17;3;0
26;2025-12-17;4;2
26;2025-12-17;5;92
26;2025-12-17;6;518
26;2025-12-17;7;1099
26;2025-12-17;8;2214
26;2025-12-17;9;1482
26;2025-12-17;10;1223
26;2025-12-17;11;1103
26;2025-12-17;12;1143
26;2025-12-17;13;1164
26;2025-12-17;14;1282
26;2025-12-17;15;1336
26;2025-12-17;16;1479
26;2025-12-17;17;1624
26;2025-12-17;18;1812
26;2025-12-17;19;1214
26;2025-12-17;20;787
26;2025-12-17;21;502
26;2025-12-17;22;241
26;2025-12-17;23;127
26;2025-12-18;0;37
26;2025-12-18;1;1
26;2025-12-18;2;0
26;2025-12-18;3;0
26;2025-12-18;4;1
26;2025-12-18;5;88
26;2025-12-18;6;491
26;2025-12-18;7;1084
26;2025-12-18;8;2174
26;2025-12-18;9;1495
26;2025-12-18;10;1187
26;2025-12-18;11;1149
26;2025-12-18;12;1115
26;2025-12-18;13;1155
26;2025-12-18;14;1215
26;2025-12-18;15;1328
26;2025-12-18;16;1483
26;2025-12-18;17;1698
26;2025-12-18;18;1903
26;2025-12-18;19;1270
26;2025-12-18;20;787
26;2025-12-18;21;475
26;2025-12-18;22;243
26;2025-12-18;23;133
26;2025-12-19;0;34
26;2025-12-19;1;2
26;2025-12-19;2;0
26;2025-12-19;3;0
26;2025-12-19;4;1
26;2025-12-19;5;88
26;2025-12-19;6;505
26;2025-12-19;7;1063
26;2025-12-19;8;2069
26;2025-12-19;9;1384
26;2025-12-19;10;1208
26;2025-12-19;11;1075
26;2025-12-19;12;1121
26;2025-12-19;13;1185
26;2025-12-19;14;1239
26;2025-12-19;15;1380
26;2025-12-19;16;1617
26;2025-12-19;17;1680
26;2025-12-19;18;1433
26;2025-12-19;19;1109
26;2025-12-19;20;751
26;2025-12-19;21;458
26;2025-12-19;22;230
26;2025-12-19;23;162
26;2025-12-20;0;45
26;2025-12-20;1;2
26;2025-12-20;2;0
26;2025-12-20;3;0
26;2025-12-20;4;2
26;2025-12-20;5;48
26;2025-12-20;6;267
26;2025-12-20;7;370
26;2025-12-20;8;606
26;2025-12-20;9;695
26;2025-12-20;10;813
26;2025-12-20;11;992
26;2025-12-20;12;1041
26;2025-12-20;13;1019
26;2025-12-20;14;1065
26;2025-12-20;15;946
26;2025-12-20;16;1000
26;2025-12-20;17;915
26;2025-12-20;18;872
26;2025-12-20;19;815
26;2025-12-20;20;542
26;2025-12-20;21;366
26;2025-12-20;22;220
26;2025-12-20;23;149
26;2025-12-21;0;49
26;2025-12-21;1;4
26;2025-12-21;2;0
26;2025-12-21;3;0
26;2025-12-21;4;1
26;2025-12-21;5;27
26;2025-12-21;6;156
26;2025-12-21;7;256
26;2025-12-21;8;382
26;2025-12-21;9;524
26;2025-12-21;10;594
26;2025-12-21;11;819
26;2025-12-21;12;823
26;2025-12-21;13;885
26;2025-12-21;14;878
26;2025-12-21;15;798
26;2025-12-21;16;818
26;2025-12-21;17;776
26;2025-12-21;18;706
26;2025-12-21;19;544
26;2025-12-21;20;415
26;2025-12-21;21;284
26;2025-12-21;22;198
26;2025-12-21;23;102
26;2025-12-22;0;27
26;2025-12-22;1;2
26;2025-12-22;2;0
26;2025-12-22;3;0
26;2025-12-22;4;2
26;2025-12-22;5;91
26;2025-12-22;6;503
26;2025-12-22;7;1098
26;2025-12-22;8;2082
26;2025-12-22;9;1447
26;2025-12-22;10;1188
26;2025-12-22;11;1050
26;2025-12-22;12;1070
26;2025-12-22;13;1143
26;2025-12-22;14;1195
26;2025-12-22;15;1292
26;2025-12-22;16;1463
26;2025-12-22;17;1656
26;2025-12-22;18;1894
26;2025-12-22;19;1251
26;2025-12-22;20;767
26;2025-12-22;21;456
26;2025-12-22;22;212
26;2025-12-22;23;100
26;2025-12-23;0;29
26;2025-12-23;1;1
26;2025-12-23;2;0
26;2025-12-23;3;0
26;2025-12-23;4;2
26;2025-12-23;5;86
26;2025-12-23;6;512
26;2025-12-23;7;1105
26;2025-12-23;8;2242
26;2025-12-23;9;1467
26;2025-12-23;10;1201
26;2025-12-23;11;1077
26;2025-12-23;12;1146
26;2025-12-23;13;1158
26;2025-12-23;14;1192
26;2025-12-23;15;1287
26;2025-12-23;16;1500
26;2025-12-23;17;1730
26;2025-12-23;18;1871
26;2025-12-23;19;1334
26;2025-12-23;20;794
26;2025-12-23;21;464
26;2025-12-23;22;237
26;2025-12-23;23;114
26;2025-12-24;0;30
26;2025-12-24;1;1
26;2025-12-24;2;0
26;2025-12-24;3;0
26;2025-12-24;4;2
26;2025-12-24;5;92
26;2025-12-24;6;518
26;2025-12-24;7;1099
26;2025-12-24;8;2214
26;2025-12-24;9;1482
26;2025-12-24;10;1223
26;2025-12-24;11;1103
26;2025-12-24;12;1143
26;2025-12-24;13;1164
26;2025-12-24;14;1282
26;2025-12-24;15;1336
26;2025-12-24;16;1479
26;2025-12-24;17;1624
26;2025-12-24;18;1812
26;2025-12-24;19;1214
26;2025-12-24;20;787
26;2025-12-24;21;502
26;2025-12-24;22;241
26;2025-12-24;23;127
26;2025-12-25;0;37
26;2025-12-25;1;1
26;2025-12-25;2;0
26;2025-12-25;3;0
26;2025-12-25;4;1
26;2025-12-25;5;88
26;2025-12-25;6;491
26;2025-12-25;7;1084
26;2025-12-25;8;2174
26;2025-12-25;9;1495
26;2025-12-25;10;1187
26;2025-12-25;11;1149
26;2025-12-25;12;1115
26;2025-12-25;13;1155
26;2025-12-25;14;1215
26;2025-12-25;15;1328
26;2025-12-25;16;1483
26;2025-12-25;17;1698
26;2025-12-25;18;1903
26;2025-12-25;19;1270
26;2025-12-25;20;787
26;2025-12-25;21;475
26;2025-12-25;22;243
26;2025-12-25;23;133
26;2025-12-26;0;34
26;2025-12-26;1;2
26;2025-12-26;2;0
26;2025-12-26;3;0
26;2025-12-26;4;1
26;2025-12-26;5;88
26;2025-12-26;6;505
26;2025-12-26;7;1063
26;2025-12-26;8;2069
26;2025-12-26;9;1384
26;2025-12-26;10;1208
26;2025-12-26;11;1075
26;2025-12-26;12;1121
26;2025-12-26;13;1185
26;2025-12-26;14;1239
26;2025-12-26;15;1380
26;2025-12-26;16;1617
26;2025-12-26;17;1680
26;2025-12-26;18;1433
26;2025-12-26;19;1109
26;2025-12-26;20;751
26;2025-12-26;21;458
26;2025-12-26;22;230
26;2025-12-26;23;162
26;2025-12-27;0;45
26;2025-12-27;1;2
26;2025-12-27;2;0
26;2025-12-27;3;0
26;2025-12-27;4;2
26;2025-12-27;5;48
26;2025-12-27;6;267
26;2025-12-27;7;370
26;2025-12-27;8;606
26;2025-12-27;9;695
26;2025-12-27;10;813
26;2025-12-27;11;992
26;2025-12-27;12;1041
26;2025-12-27;13;1019
26;2025-12-27;14;1065
26;2025-12-27;15;946
26;2025-12-27;16;1000
26;2025-12-27;17;915
26;2025-12-27;18;872
26;2025-12-27;19;815
26;2025-12-27;20;542
26;2025-12-27;21;366
26;2025-12-27;22;220
26;2025-12-27;23;149
26;2025-12-28;0;49
26;2025-12-28;1;4
26;2025-12-28;2;0
26;2025-12-28;3;0
26;2025-12-28;4;1
26;2025-12-28;5;27
26;2025-12-28;6;156
26;2025-12-28;7;256
26;2025-12-28;8;382
26;2025-12-28;9;524
26;2025-12-28;10;594
26;2025-12-28;11;819
26;2025-12-28;12;823
26;2025-12-28;13;885
26;2025-12-28;14;878
26;2025-12-28;15;798
26;2025-12-28;16;818
26;2025-12-28;17;776
26;2025-12-28;18;706
26;2025-12-28;19;544
26;2025-12-28;20;415
26;2025-12-28;21;284
26;2025-12-28;22;198
26;2025-12-28;23;102
26;2025-12-29;0;27
26;2025-12-29;1;2
26;2025-12-29;2;0
26;2025-12-29;3;0
26;2025-12-29;4;2
26;2025-12-29;5;91
26;2025-12-29;6;503
26;2025-12-29;7;1098
26;2025-12-29;8;2082
26;2025-12-29;9;1447
26;2025-12-29;10;1188
26;2025-12-29;11;1050
26;2025-12-29;12;1070
26;2025-12-29;13;1143
26;2025-12-29;14;1195
26;2025-12-29;15;1292
26;2025-12-29;16;1463
26;2025-12-29;17;1656
26;2025-12-29;18;1894
26;2025-12-29;19;1251
26;2025-12-29;20;767
26;2025-12-29;21;456
26;2025-12-29;22;212
26;2025-12-29;23;100
26;2025-12-30;0;29
26;2025-12-30;1;1
26;2025-12-30;2;0
26;2025-12-30;3;0
26;2025-12-30;4;2
26;2025-12-30;5;86
26;2025-12-30;6;512
26;2025-12-30;7;1105
26;2025-12-30;8;2242
26;2025-12-30;9;1467
26;2025-12-30;10;1201
26;2025-12-30;11;1077
26;2025-12-30;12;1146
26;2025-12-30;13;1158
26;2025-12-30;14;1192
26;2025-12-30;15;1287
26;2025-12-30;16;1500
26;2025-12-30;17;1730
26;2025-12-30;18;1871
26;2025-12-30;19;1334
26;2025-12-30;20;794
26;2025-12-30;21;464
26;2025-12-30;22;237
26;2025-12-30;23;114
26;2025-12-31;0;49
26;2025-12-31;1;4
26;2025-12-31;2;0
26;2025-12-31;3;0
26;2025-12-31;4;1
26;2025-12-31;5;27
26;2025-12-31;6;156
26;2025-12-31;7;256
26;2025-12-31;8;382
26;2025-12-31;9;524
26;2025-12-31;10;594
26;2025-12-31;11;819
26;2025-12-31;12;823
26;2025-12-31;13;885
26;2025-12-31;14;878
26;2025-12-31;15;798
26;2025-12-31;16;818
26;2025-12-31;17;776
26;2025-12-31;18;706
26;2025-12-31;19;544
26;2025-12-31;20;415
26;2025-12-31;21;284
26;2025-12-31;22;198
26;2025-12-31;23;102
28;2025-11-01;0;0
28;2025-11-01;1;0
28;2025-11-01;2;0
28;2025-11-01;3;0
28;2025-11-01;4;2
28;2025-11-01;5;77
28;2025-11-01;6;260
28;2025-11-01;7;780
28;2025-11-01;8;1137
28;2025-11-01;9;818
28;2025-11-01;10;617
28;2025-11-01;11;543
28;2025-11-01;12;687
28;2025-11-01;13;701
28;2025-11-01;14;689
28;2025-11-01;15;719
28;2025-11-01;16;959
28;2025-11-01;17;973
28;2025-11-01;18;820
28;2025-11-01;19;622
28;2025-11-01;20;457
28;2025-11-01;21;313
28;2025-11-01;22;144
28;2025-11-01;23;19
28;2025-11-02;0;1
28;2025-11-02;1;0
28;2025-11-02;2;0
28;2025-11-02;3;0
28;2025-11-02;4;1
28;2025-11-02;5;31
28;2025-11-02;6;80
28;2025-11-02;7;151
28;2025-11-02;8;250
28;2025-11-02;9;324
28;2025-11-02;10;365
28;2025-11-02;11;398
28;2025-11-02;12;458
28;2025-11-02;13;509
28;2025-11-02;14;498
28;2025-11-02;15;501
28;2025-11-02;16;461
28;2025-11-02;17;472
28;2025-11-02;18;408
28;2025-11-02;19;359
28;2025-11-02;20;273
28;2025-11-02;21;228
28;2025-11-02;22;109
28;2025-11-02;23;11
28;2025-11-03;0;1
28;2025-11-03;1;0
28;2025-11-03;2;0
28;2025-11-03;3;0
28;2025-11-03;4;1
28;2025-11-03;5;31
28;2025-11-03;6;80
28;2025-11-03;7;151
28;2025-11-03;8;250
28;2025-11-03;9;324
28;2025-11-03;10;365
28;2025-11-03;11;398
28;2025-11-03;12;458
28;2025-11-03;13;509
28;2025-11-03;14;498
28;2025-11-03;15;501
28;2025-11-03;16;461
28;2025-11-03;17;472
28;2025-11-03;18;408
28;2025-11-03;19;359
28;2025-11-03;20;273
28;2025-11-03;21;228
28;2025-11-03;22;109
28;2025-11-03;23;11
28;2025-11-04;0;1
28;2025-11-04;1;0
28;2025-11-04;2;0
28;2025-11-04;3;0
28;2025-11-04;4;1
28;2025-11-04;5;31
28;2025-11-04;6;80
28;2025-11-04;7;151
28;2025-11-04;8;250
28;2025-11-04;9;324
28;2025-11-04;10;365
28;2025-11-04;11;398
28;2025-11-04;12;458
28;2025-11-04;13;509
28;2025-11-04;14;498
28;2025-11-04;15;501
28;2025-11-04;16;461
28;2025-11-04;17;472
28;2025-11-04;18;408
28;2025-11-04;19;359
28;2025-11-04;20;273
28;2025-11-04;21;228
28;2025-11-04;22;109
28;2025-11-04;23;11
28;2025-11-05;0;0
28;2025-11-05;1;0
28;2025-11-05;2;0
28;2025-11-05;3;0
28;2025-11-05;4;2
28;2025-11-05;5;83
28;2025-11-05;6;281
28;2025-11-05;7;781
28;2025-11-05;8;1221
28;2025-11-05;9;831
28;2025-11-05;10;635
28;2025-11-05;11;590
28;2025-11-05;12;688
28;2025-11-05;13;725
28;2025-11-05;14;675
28;2025-11-05;15;705
28;2025-11-05;16;864
28;2025-11-05;17;1006
28;2025-11-05;18;952
28;2025-11-05;19;732
28;2025-11-05;20;501
28;2025-11-05;21;317
28;2025-11-05;22;145
28;2025-11-05;23;17
28;2025-11-06;0;0
28;2025-11-06;1;0
28;2025-11-06;2;0
28;2025-11-06;3;0
28;2025-11-06;4;1
28;2025-11-06;5;77
28;2025-11-06;6;276
28;2025-11-06;7;839
28;2025-11-06;8;1266
28;2025-11-06;9;886
28;2025-11-06;10;639
28;2025-11-06;11;553
28;2025-11-06;12;705
28;2025-11-06;13;724
28;2025-11-06;14;672
28;2025-11-06;15;710
28;2025-11-06;16;847
28;2025-11-06;17;988
28;2025-11-06;18;1022
28;2025-11-06;19;742
28;2025-11-06;20;539
28;2025-11-06;21;326
28;2025-11-06;22;143
28;2025-11-06;23;16
28;2025-11-07;0;0
28;2025-11-07;1;0
28;2025-11-07;2;0
28;2025-11-07;3;0
28;2025-11-07;4;2
28;2025-11-07;5;77
28;2025-11-07;6;260
28;2025-11-07;7;780
28;2025-11-07;8;1137
28;2025-11-07;9;818
28;2025-11-07;10;617
28;2025-11-07;11;543
28;2025-11-07;12;687
28;2025-11-07;13;701
28;2025-11-07;14;689
28;2025-11-07;15;719
28;2025-11-07;16;959
28;2025-11-07;17;973
28;2025-11-07;18;820
28;2025-11-07;19;622
28;2025-11-07;20;457
28;2025-11-07;21;313
28;2025-11-07;22;144
28;2025-11-07;23;19
28;2025-11-08;0;0
28;2025-11-08;1;0
28;2025-11-08;2;0
28;2025-11-08;3;0
28;2025-11-08;4;0
28;2025-11-08;5;38
28;2025-11-08;6;99
28;2025-11-08;7;217
28;2025-11-08;8;379
28;2025-11-08;9;456
28;2025-11-08;10;474
28;2025-11-08;11;481
28;2025-11-08;12;569
28;2025-11-08;13;577
28;2025-11-08;14;589
28;2025-11-08;15;578
28;2025-11-08;16;533
28;2025-11-08;17;548
28;2025-11-08;18;491
28;2025-11-08;19;409
28;2025-11-08;20;311
28;2025-11-08;21;267
28;2025-11-08;22;132
28;2025-11-08;23;18
28;2025-11-09;0;1
28;2025-11-09;1;0
28;2025-11-09;2;0
28;2025-11-09;3;0
28;2025-11-09;4;1
28;2025-11-09;5;31
28;2025-11-09;6;80
28;2025-11-09;7;151
28;2025-11-09;8;250
28;2025-11-09;9;324
28;2025-11-09;10;365
28;2025-11-09;11;398
28;2025-11-09;12;458
28;2025-11-09;13;509
28;2025-11-09;14;498
28;2025-11-09;15;501
28;2025-11-09;16;461
28;2025-11-09;17;472
28;2025-11-09;18;408
28;2025-11-09;19;359
28;2025-11-09;20;273
28;2025-11-09;21;228
28;2025-11-09;22;109
28;2025-11-09;23;11
28;2025-11-10;0;0
28;2025-11-10;1;0
28;2025-11-10;2;0
28;2025-11-10;3;0
28;2025-11-10;4;2
28;2025-11-10;5;79
28;2025-11-10;6;272
28;2025-11-10;7;779
28;2025-11-10;8;1194
28;2025-11-10;9;848
28;2025-11-10;10;605
28;2025-11-10;11;529
28;2025-11-10;12;645
28;2025-11-10;13;660
28;2025-11-10;14;614
28;2025-11-10;15;649
28;2025-11-10;16;872
28;2025-11-10;17;935
28;2025-11-10;18;946
28;2025-11-10;19;714
28;2025-11-10;20;478
28;2025-11-10;21;302
28;2025-11-10;22;122
28;2025-11-10;23;11
28;2025-11-11;0;0
28;2025-11-11;1;0
28;2025-11-11;2;0
28;2025-11-11;3;0
28;2025-11-11;4;2
28;2025-11-11;5;74
28;2025-11-11;6;261
28;2025-11-11;7;796
28;2025-11-11;8;1231
28;2025-11-11;9;865
28;2025-11-11;10;670
28;2025-11-11;11;563
28;2025-11-11;12;665
28;2025-11-11;13;729
28;2025-11-11;14;657
28;2025-11-11;15;683
28;2025-11-11;16;825
28;2025-11-11;17;955
28;2025-11-11;18;936
28;2025-11-11;19;730
28;2025-11-11;20;527
28;2025-11-11;21;313
28;2025-11-11;22;125
28;2025-11-11;23;18
28;2025-11-12;0;0
28;2025-11-12;1;0
28;2025-11-12;2;0
28;2025-11-12;3;0
28;2025-11-12;4;2
28;2025-11-12;5;83
28;2025-11-12;6;281
28;2025-11-12;7;781
28;2025-11-12;8;1221
28;2025-11-12;9;831
28;2025-11-12;10;635
28;2025-11-12;11;590
28;2025-11-12;12;688
28;2025-11-12;13;725
28;2025-11-12;14;675
28;2025-11-12;15;705
28;2025-11-12;16;864
28;2025-11-12;17;1006
28;2025-11-12;18;952
28;2025-11-12;19;732
28;2025-11-12;20;501
28;2025-11-12;21;317
28;2025-11-12;22;145
28;2025-11-12;23;17
28;2025-11-13;0;0
28;2025-11-13;1;0
28;2025-11-13;2;0
28;2025-11-13;3;0
28;2025-11-13;4;1
28;2025-11-13;5;77
28;2025-11-13;6;276
28;2025-11-13;7;839
28;2025-11-13;8;1266
28;2025-11-13;9;886
28;2025-11-13;10;639
28;2025-11-13;11;553
28;2025-11-13;12;705
28;2025-11-13;13;724
28;2025-11-13;14;672
28;2025-11-13;15;710
28;2025-11-13;16;847
28;2025-11-13;17;988
28;2025-11-13;18;1022
28;2025-11-13;19;742
28;2025-11-13;20;539
28;2025-11-13;21;326
28;2025-11-13;22;143
28;2025-11-13;23;16
28;2025-11-14;0;0
28;2025-11-14;1;0
28;2025-11-14;2;0
28;2025-11-14;3;0
28;2025-11-14;4;2
28;2025-11-14;5;77
28;2025-11-14;6;260
28;2025-11-14;7;780
28;2025-11-14;8;1137
28;2025-11-14;9;818
28;2025-11-14;10;617
28;2025-11-14;11;543
28;2025-11-14;12;687
28;2025-11-14;13;701
28;2025-11-14;14;689
28;2025-11-14;15;719
28;2025-11-14;16;959
28;2025-11-14;17;973
28;2025-11-14;18;820
28;2025-11-14;19;622
28;2025-11-14;20;457
28;2025-11-14;21;313
28;2025-11-14;22;144
28;2025-11-14;23;19
28;2025-11-15;0;0
28;2025-11-15;1;0
28;2025-11-15;2;0
28;2025-11-15;3;0
28;2025-11-15;4;0
28;2025-11-15;5;38
28;2025-11-15;6;99
28;2025-11-15;7;217
28;2025-11-15;8;379
28;2025-11-15;9;456
28;2025-11-15;10;474
28;2025-11-15;11;481
28;2025-11-15;12;569
28;2025-11-15;13;577
28;2025-11-15;14;589
28;2025-11-15;15;578
28;2025-11-15;16;533
28;2025-11-15;17;548
28;2025-11-15;18;491
28;2025-11-15;19;409
28;2025-11-15;20;311
28;2025-11-15;21;267
28;2025-11-15;22;132
28;2025-11-15;23;18
28;2025-11-16;0;1
28;2025-11-16;1;0
28;2025-11-16;2;0
28;2025-11-16;3;0
28;2025-11-16;4;1
28;2025-11-16;5;31
28;2025-11-16;6;80
28;2025-11-16;7;151
28;2025-11-16;8;250
28;2025-11-16;9;324
28;2025-11-16;10;365
28;2025-11-16;11;398
28;2025-11-16;12;458
28;2025-11-16;13;509
28;2025-11-16;14;498
28;2025-11-16;15;501
28;2025-11-16;16;461
28;2025-11-16;17;472
28;2025-11-16;18;408
28;2025-11-16;19;359
28;2025-11-16;20;273
28;2025-11-16;21;228
28;2025-11-16;22;109
28;2025-11-16;23;11
28;2025-11-17;0;0
28;2025-11-17;1;0
28;2025-11-17;2;0
28;2025-11-17;3;0
28;2025-11-17;4;2
28;2025-11-17;5;79
28;2025-11-17;6;272
28;2025-11-17;7;779
28;2025-11-17;8;1194
28;2025-11-17;9;848
28;2025-11-17;10;605
28;2025-11-17;11;529
28;2025-11-17;12;645
28;2025-11-17;13;660
28;2025-11-17;14;614
28;2025-11-17;15;649
28;2025-11-17;16;872
28;2025-11-17;17;935
28;2025-11-17;18;946
28;2025-11-17;19;714
28;2025-11-17;20;478
28;2025-11-17;21;302
28;2025-11-17;22;122
28;2025-11-17;23;11
28;2025-11-18;0;0
28;2025-11-18;1;0
28;2025-11-18;2;0
28;2025-11-18;3;0
28;2025-11-18;4;2
28;2025-11-18;5;74
28;2025-11-18;6;261
28;2025-11-18;7;796
28;2025-11-18;8;1231
28;2025-11-18;9;865
28;2025-11-18;10;670
28;2025-11-18;11;563
28;2025-11-18;12;665
28;2025-11-18;13;729
28;2025-11-18;14;657
28;2025-11-18;15;683
28;2025-11-18;16;825
28;2025-11-18;17;955
28;2025-11-18;18;936
28;2025-11-18;19;730
28;2025-11-18;20;527
28;2025-11-18;21;313
28;2025-11-18;22;125
28;2025-11-18;23;18
28;2025-11-19;0;0
28;2025-11-19;1;0
28;2025-11-19;2;0
28;2025-11-19;3;0
28;2025-11-19;4;2
28;2025-11-19;5;83
28;2025-11-19;6;281
28;2025-11-19;7;781
28;2025-11-19;8;1221
28;2025-11-19;9;831
28;2025-11-19;10;635
28;2025-11-19;11;590
28;2025-11-19;12;688
28;2025-11-19;13;725
28;2025-11-19;14;675
28;2025-11-19;15;705
28;2025-11-19;16;864
28;2025-11-19;17;1006
28;2025-11-19;18;952
28;2025-11-19;19;732
28;2025-11-19;20;501
28;2025-11-19;21;317
28;2025-11-19;22;145
28;2025-11-19;23;17
28;2025-11-20;0;0
28;2025-11-20;1;0
28;2025-11-20;2;0
28;2025-11-20;3;0
28;2025-11-20;4;1
28;2025-11-20;5;77
28;2025-11-20;6;276
28;2025-11-20;7;839
28;2025-11-20;8;1266
28;2025-11-20;9;886
28;2025-11-20;10;639
28;2025-11-20;11;553
28;2025-11-20;12;705
28;2025-11-20;13;724
28;2025-11-20;14;672
28;2025-11-20;15;710
28;2025-11-20;16;847
28;2025-11-20;17;988
28;2025-11-20;18;1022
28;2025-11-20;19;742
28;2025-11-20;20;539
28;2025-11-20;21;326
28;2025-11-20;22;143
28;2025-11-20;23;16
28;2025-11-21;0;0
28;2025-11-21;1;0
28;2025-11-21;2;0
28;2025-11-21;3;0
28;2025-11-21;4;2
28;2025-11-21;5;77
28;2025-11-21;6;260
28;2025-11-21;7;780
28;2025-11-21;8;1137
28;2025-11-21;9;818
28;2025-11-21;10;617
28;2025-11-21;11;543
28;2025-11-21;12;687
28;2025-11-21;13;701
28;2025-11-21;14;689
28;2025-11-21;15;719
28;2025-11-21;16;959
28;2025-11-21;17;973
28;2025-11-21;18;820
28;2025-11-21;19;622
28;2025-11-21;20;457
28;2025-11-21;21;313
28;2025-11-21;22;144
28;2025-11-21;23;19
28;2025-11-22;0;0
28;2025-11-22;1;0
28;2025-11-22;2;0
28;2025-11-22;3;0
28;2025-11-22;4;0
28;2025-11-22;5;38
28;2025-11-22;6;99
28;2025-11-22;7;217
28;2025-11-22;8;379
28;2025-11-22;9;456
28;2025-11-22;10;474
28;2025-11-22;11;481
28;2025-11-22;12;569
28;2025-11-22;13;577
28;2025-11-22;14;589
28;2025-11-22;15;578
28;2025-11-22;16;533
28;2025-11-22;17;548
28;2025-11-22;18;491
28;2025-11-22;19;409
28;2025-11-22;20;311
28;2025-11-22;21;267
28;2025-11-22;22;132
28;2025-11-22;23;18
28;2025-11-23;0;1
28;2025-11-23;1;0
28;2025-11-23;2;0
28;2025-11-23;3;0
28;2025-11-23;4;1
28;2025-11-23;5;31
28;2025-11-23;6;80
28;2025-11-23;7;151
28;2025-11-23;8;250
28;2025-11-23;9;324
28;2025-11-23;10;365
28;2025-11-23;11;398
28;2025-11-23;12;458
28;2025-11-23;13;509
28;2025-11-23;14;498
28;2025-11-23;15;501
28;2025-11-23;16;461
28;2025-11-23;17;472
28;2025-11-23;18;408
28;2025-11-23;19;359
28;2025-11-23;20;273
28;2025-11-23;21;228
28;2025-11-23;22;109
28;2025-11-23;23;11
28;2025-11-24;0;0
28;2025-11-24;1;0
28;2025-11-24;2;0
28;2025-11-24;3;0
28;2025-11-24;4;2
28;2025-11-24;5;79
28;2025-11-24;6;272
28;2025-11-24;7;779
28;2025-11-24;8;1194
28;2025-11-24;9;848
28;2025-11-24;10;605
28;2025-11-24;11;529
28;2025-11-24;12;645
28;2025-11-24;13;660
28;2025-11-24;14;614
28;2025-11-24;15;649
28;2025-11-24;16;872
28;2025-11-24;17;935
28;2025-11-24;18;946
28;2025-11-24;19;714
28;2025-11-24;20;478
28;2025-11-24;21;302
28;2025-11-24;22;122
28;2025-11-24;23;11
28;2025-11-25;0;0
28;2025-11-25;1;0
28;2025-11-25;2;0
28;2025-11-25;3;0
28;2025-11-25;4;2
28;2025-11-25;5;74
28;2025-11-25;6;261
28;2025-11-25;7;796
28;2025-11-25;8;1231
28;2025-11-25;9;865
28;2025-11-25;10;670
28;2025-11-25;11;563
28;2025-11-25;12;665
28;2025-11-25;13;729
28;2025-11-25;14;657
28;2025-11-25;15;683
28;2025-11-25;16;825
28;2025-11-25;17;955
28;2025-11-25;18;936
28;2025-11-25;19;730
28;2025-11-25;20;527
28;2025-11-25;21;313
28;2025-11-25;22;125
28;2025-11-25;23;18
28;2025-11-26;0;0
28;2025-11-26;1;0
28;2025-11-26;2;0
28;2025-11-26;3;0
28;2025-11-26;4;2
28;2025-11-26;5;83
28;2025-11-26;6;281
28;2025-11-26;7;781
28;2025-11-26;8;1221
28;2025-11-26;9;831
28;2025-11-26;10;635
28;2025-11-26;11;590
28;2025-11-26;12;688
28;2025-11-26;13;725
28;2025-11-26;14;675
28;2025-11-26;15;705
28;2025-11-26;16;864
28;2025-11-26;17;1006
28;2025-11-26;18;952
28;2025-11-26;19;732
28;2025-11-26;20;501
28;2025-11-26;21;317
28;2025-11-26;22;145
28;2025-11-26;23;17
28;2025-11-27;0;0
28;2025-11-27;1;0
28;2025-11-27;2;0
28;2025-11-27;3;0
28;2025-11-27;4;1
28;2025-11-27;5;77
28;2025-11-27;6;276
28;2025-11-27;7;839
28;2025-11-27;8;1266
28;2025-11-27;9;886
28;2025-11-27;10;639
28;2025-11-27;11;553
28;2025-11-27;12;705
28;2025-11-27;13;724
28;2025-11-27;14;672
28;2025-11-27;15;710
28;2025-11-27;16;847
28;2025-11-27;17;988
28;2025-11-27;18;1022
28;2025-11-27;19;742
28;2025-11-27;20;539
28;2025-11-27;21;326
28;2025-11-27;22;143
28;2025-11-27;23;16
28;2025-11-28;0;0
28;2025-11-28;1;0
28;2025-11-28;2;0
28;2025-11-28;3;0
28;2025-11-28;4;2
28;2025-11-28;5;77
28;2025-11-28;6;260
28;2025-11-28;7;780
28;2025-11-28;8;1137
28;2025-11-28;9;818
28;2025-11-28;10;617
28;2025-11-28;11;543
28;2025-11-28;12;687
28;2025-11-28;13;701
28;2025-11-28;14;689
28;2025-11-28;15;719
28;2025-11-28;16;959
28;2025-11-28;17;973
28;2025-11-28;18;820
28;2025-11-28;19;622
28;2025-11-28;20;457
28;2025-11-28;21;313
28;2025-11-28;22;144
28;2025-11-28;23;19
28;2025-11-29;0;0
28;2025-11-29;1;0
28;2025-11-29;2;0
28;2025-11-29;3;0
28;2025-11-29;4;0
28;2025-11-29;5;38
28;2025-11-29;6;99
28;2025-11-29;7;217
28;2025-11-29;8;379
28;2025-11-29;9;456
28;2025-11-29;10;474
28;2025-11-29;11;481
28;2025-11-29;12;569
28;2025-11-29;13;577
28;2025-11-29;14;589
28;2025-11-29;15;578
28;2025-11-29;16;533
28;2025-11-29;17;548
28;2025-11-29;18;491
28;2025-11-29;19;409
28;2025-11-29;20;311
28;2025-11-29;21;267
28;2025-11-29;22;132
28;2025-11-29;23;18
28;2025-11-30;0;1
28;2025-11-30;1;0
28;2025-11-30;2;0
28;2025-11-30;3;0
28;2025-11-30;4;1
28;2025-11-30;5;31
28;2025-11-30;6;80
28;2025-11-30;7;151
28;2025-11-30;8;250
28;2025-11-30;9;324
28;2025-11-30;10;365
28;2025-11-30;11;398
28;2025-11-30;12;458
28;2025-11-30;13;509
28;2025-11-30;14;498
28;2025-11-30;15;501
28;2025-11-30;16;461
28;2025-11-30;17;472
28;2025-11-30;18;408
28;2025-11-30;19;359
28;2025-11-30;20;273
28;2025-11-30;21;228
28;2025-11-30;22;109
28;2025-11-30;23;11
28;2025-12-01;0;0
28;2025-12-01;1;0
28;2025-12-01;2;0
28;2025-12-01;3;0
28;2025-12-01;4;2
28;2025-12-01;5;79
28;2025-12-01;6;272
28;2025-12-01;7;779
28;2025-12-01;8;1194
28;2025-12-01;9;848
28;2025-12-01;10;605
28;2025-12-01;11;529
28;2025-12-01;12;645
28;2025-12-01;13;660
28;2025-12-01;14;614
28;2025-12-01;15;649
28;2025-12-01;16;872
28;2025-12-01;17;935
28;2025-12-01;18;946
28;2025-12-01;19;714
28;2025-12-01;20;478
28;2025-12-01;21;302
28;2025-12-01;22;122
28;2025-12-01;23;11
28;2025-12-02;0;0
28;2025-12-02;1;0
28;2025-12-02;2;0
28;2025-12-02;3;0
28;2025-12-02;4;2
28;2025-12-02;5;74
28;2025-12-02;6;261
28;2025-12-02;7;796
28;2025-12-02;8;1231
28;2025-12-02;9;865
28;2025-12-02;10;670
28;2025-12-02;11;563
28;2025-12-02;12;665
28;2025-12-02;13;729
28;2025-12-02;14;657
28;2025-12-02;15;683
28;2025-12-02;16;825
28;2025-12-02;17;955
28;2025-12-02;18;936
28;2025-12-02;19;730
28;2025-12-02;20;527
28;2025-12-02;21;313
28;2025-12-02;22;125
28;2025-12-02;23;18
28;2025-12-03;0;0
28;2025-12-03;1;0
28;2025-12-03;2;0
28;2025-12-03;3;0
28;2025-12-03;4;2
28;2025-12-03;5;83
28;2025-12-03;6;281
28;2025-12-03;7;781
28;2025-12-03;8;1221
28;2025-12-03;9;831
28;2025-12-03;10;635
28;2025-12-03;11;590
28;2025-12-03;12;688
28;2025-12-03;13;725
28;2025-12-03;14;675
28;2025-12-03;15;705
28;2025-12-03;16;864
28;2025-12-03;17;1006
28;2025-12-03;18;952
28;2025-12-03;19;732
28;2025-12-03;20;501
28;2025-12-03;21;317
28;2025-12-03;22;145
28;2025-12-03;23;17
28;2025-12-04;0;0
28;2025-12-04;1;0
28;2025-12-04;2;0
28;2025-12-04;3;0
28;2025-12-04;4;1
28;2025-12-04;5;77
28;2025-12-04;6;276
28;2025-12-04;7;839
28;2025-12-04;8;1266
28;2025-12-04;9;886
28;2025-12-04;10;639
28;2025-12-04;11;553
28;2025-12-04;12;705
28;2025-12-04;13;724
28;2025-12-04;14;672
28;2025-12-04;15;710
28;2025-12-04;16;847
28;2025-12-04;17;988
28;2025-12-04;18;1022
28;2025-12-04;19;742
28;2025-12-04;20;539
28;2025-12-04;21;326
28;2025-12-04;22;143
28;2025-12-04;23;16
28;2025-12-05;0;0
28;2025-12-05;1;0
28;2025-12-05;2;0
28;2025-12-05;3;0
28;2025-12-05;4;2
28;2025-12-05;5;77
28;2025-12-05;6;260
28;2025-12-05;7;780
28;2025-12-05;8;1137
28;2025-12-05;9;818
28;2025-12-05;10;617
28;2025-12-05;11;543
28;2025-12-05;12;687
28;2025-12-05;13;701
28;2025-12-05;14;689
28;2025-12-05;15;719
28;2025-12-05;16;959
28;2025-12-05;17;973
28;2025-12-05;18;820
28;2025-12-05;19;622
28;2025-12-05;20;457
28;2025-12-05;21;313
28;2025-12-05;22;144
28;2025-12-05;23;19
28;2025-12-06;0;0
28;2025-12-06;1;0
28;2025-12-06;2;0
28;2025-12-06;3;0
28;2025-12-06;4;0
28;2025-12-06;5;38
28;2025-12-06;6;99
28;2025-12-06;7;217
28;2025-12-06;8;379
28;2025-12-06;9;456
28;2025-12-06;10;474
28;2025-12-06;11;481
28;2025-12-06;12;569
28;2025-12-06;13;577
28;2025-12-06;14;589
28;2025-12-06;15;578
28;2025-12-06;16;533
28;2025-12-06;17;548
28;2025-12-06;18;491
28;2025-12-06;19;409
28;2025-12-06;20;311
28;2025-12-06;21;267
28;2025-12-06;22;132
28;2025-12-06;23;18
28;2025-12-07;0;1
28;2025-12-07;1;0
28;2025-12-07;2;0
28;2025-12-07;3;0
28;2025-12-07;4;1
28;2025-12-07;5;31
28;2025-12-07;6;80
28;2025-12-07;7;151
28;2025-12-07;8;250
28;2025-12-07;9;324
28;2025-12-07;10;365
28;2025-12-07;11;398
28;2025-12-07;12;458
28;2025-12-07;13;509
28;2025-12-07;14;498
28;2025-12-07;15;501
28;2025-12-07;16;461
28;2025-12-07;17;472
28;2025-12-07;18;408
28;2025-12-07;19;359
28;2025-12-07;20;273
28;2025-12-07;21;228
28;2025-12-07;22;109
28;2025-12-07;23;11
28;2025-12-08;0;0
28;2025-12-08;1;0
28;2025-12-08;2;0
28;2025-12-08;3;0
28;2025-12-08;4;2
28;2025-12-08;5;79
28;2025-12-08;6;272
28;2025-12-08;7;779
28;2025-12-08;8;1194
28;2025-12-08;9;848
28;2025-12-08;10;605
28;2025-12-08;11;529
28;2025-12-08;12;645
28;2025-12-08;13;660
28;2025-12-08;14;614
28;2025-12-08;15;649
28;2025-12-08;16;872
28;2025-12-08;17;935
28;2025-12-08;18;946
28;2025-12-08;19;714
28;2025-12-08;20;478
28;2025-12-08;21;302
28;2025-12-08;22;122
28;2025-12-08;23;11
28;2025-12-09;0;0
28;2025-12-09;1;0
28;2025-12-09;2;0
28;2025-12-09;3;0
28;2025-12-09;4;2
28;2025-12-09;5;74
28;2025-12-09;6;261
28;2025-12-09;7;796
28;2025-12-09;8;1231
28;2025-12-09;9;865
28;2025-12-09;10;670
28;2025-12-09;11;563
28;2025-12-09;12;665
28;2025-12-09;13;729
28;2025-12-09;14;657
28;2025-12-09;15;683
28;2025-12-09;16;825
28;2025-12-09;17;955
28;2025-12-09;18;936
28;2025-12-09;19;730
28;2025-12-09;20;527
28;2025-12-09;21;313
28;2025-12-09;22;125
28;2025-12-09;23;18
28;2025-12-10;0;0
28;2025-12-10;1;0
28;2025-12-10;2;0
28;2025-12-10;3;0
28;2025-12-10;4;2
28;2025-12-10;5;83
28;2025-12-10;6;281
28;2025-12-10;7;781
28;2025-12-10;8;1221
28;2025-12-10;9;831
28;2025-12-10;10;635
28;2025-12-10;11;590
28;2025-12-10;12;688
28;2025-12-10;13;725
28;2025-12-10;14;675
28;2025-12-10;15;705
28;2025-12-10;16;864
28;2025-12-10;17;1006
28;2025-12-10;18;952
28;2025-12-10;19;732
28;2025-12-10;20;501
28;2025-12-10;21;317
28;2025-12-10;22;145
28;2025-12-10;23;17
28;2025-12-11;0;0
28;2025-12-11;1;0
28;2025-12-11;2;0
28;2025-12-11;3;0
28;2025-12-11;4;1
28;2025-12-11;5;77
28;2025-12-11;6;276
28;2025-12-11;7;839
28;2025-12-11;8;1266
28;2025-12-11;9;886
28;2025-12-11;10;639
28;2025-12-11;11;553
28;2025-12-11;12;705
28;2025-12-11;13;724
28;2025-12-11;14;672
28;2025-12-11;15;710
28;2025-12-11;16;847
28;2025-12-11;17;988
28;2025-12-11;18;1022
28;2025-12-11;19;742
28;2025-12-11;20;539
28;2025-12-11;21;326
28;2025-12-11;22;143
28;2025-12-11;23;16
28;2025-12-12;0;0
28;2025-12-12;1;0
28;2025-12-12;2;0
28;2025-12-12;3;0
28;2025-12-12;4;2
28;2025-12-12;5;77
28;2025-12-12;6;260
28;2025-12-12;7;780
28;2025-12-12;8;1137
28;2025-12-12;9;818
28;2025-12-12;10;617
28;2025-12-12;11;543
28;2025-12-12;12;687
28;2025-12-12;13;701
28;2025-12-12;14;689
28;2025-12-12;15;719
28;2025-12-12;16;959
28;2025-12-12;17;973
28;2025-12-12;18;820
28;2025-12-12;19;622
28;2025-12-12;20;457
28;2025-12-12;21;313
28;2025-12-12;22;144
28;2025-12-12;23;19
28;2025-12-13;0;0
28;2025-12-13;1;0
28;2025-12-13;2;0
28;2025-12-13;3;0
28;2025-12-13;4;0
28;2025-12-13;5;38
28;2025-12-13;6;99
28;2025-12-13;7;217
28;2025-12-13;8;379
28;2025-12-13;9;456
28;2025-12-13;10;474
28;2025-12-13;11;481
28;2025-12-13;12;569
28;2025-12-13;13;577
28;2025-12-13;14;589
28;2025-12-13;15;578
28;2025-12-13;16;533
28;2025-12-13;17;548
28;2025-12-13;18;491
28;2025-12-13;19;409
28;2025-12-13;20;311
28;2025-12-13;21;267
28;2025-12-13;22;132
28;2025-12-13;23;18
28;2025-12-14;0;1
28;2025-12-14;1;0
28;2025-12-14;2;0
28;2025-12-14;3;0
28;2025-12-14;4;1
28;2025-12-14;5;31
28;2025-12-14;6;80
28;2025-12-14;7;151
28;2025-12-14;8;250
28;2025-12-14;9;324
28;2025-12-14;10;365
28;2025-12-14;11;398
28;2025-12-14;12;458
28;2025-12-14;13;509
28;2025-12-14;14;498
28;2025-12-14;15;501
28;2025-12-14;16;461
28;2025-12-14;17;472
28;2025-12-14;18;408
28;2025-12-14;19;359
28;2025-12-14;20;273
28;2025-12-14;21;228
28;2025-12-14;22;109
28;2025-12-14;23;11
28;2025-12-15;0;0
28;2025-12-15;1;0
28;2025-12-15;2;0
28;2025-12-15;3;0
28;2025-12-15;4;2
28;2025-12-15;5;79
28;2025-12-15;6;272
28;2025-12-15;7;779
28;2025-12-15;8;1194
28;2025-12-15;9;848
28;2025-12-15;10;605
28;2025-12-15;11;529
28;2025-12-15;12;645
28;2025-12-15;13;660
28;2025-12-15;14;614
28;2025-12-15;15;649
28;2025-12-15;16;872
28;2025-12-15;17;935
28;2025-12-15;18;946
28;2025-12-15;19;714
28;2025-12-15;20;478
28;2025-12-15;21;302
28;2025-12-15;22;122
28;2025-12-15;23;11
28;2025-12-16;0;0
28;2025-12-16;1;0
28;2025-12-16;2;0
28;2025-12-16;3;0
28;2025-12-16;4;2
28;2025-12-16;5;74
28;2025-12-16;6;261
28;2025-12-16;7;796
28;2025-12-16;8;1231
28;2025-12-16;9;865
28;2025-12-16;10;670
28;2025-12-16;11;563
28;2025-12-16;12;665
28;2025-12-16;13;729
28;2025-12-16;14;657
28;2025-12-16;15;683
28;2025-12-16;16;825
28;2025-12-16;17;955
28;2025-12-16;18;936
28;2025-12-16;19;730
28;2025-12-16;20;527
28;2025-12-16;21;313
28;2025-12-16;22;125
28;2025-12-16;23;18
28;2025-12-17;0;0
28;2025-12-17;1;0
28;2025-12-17;2;0
28;2025-12-17;3;0
28;2025-12-17;4;2
28;2025-12-17;5;83
28;2025-12-17;6;281
28;2025-12-17;7;781
28;2025-12-17;8;1221
28;2025-12-17;9;831
28;2025-12-17;10;635
28;2025-12-17;11;590
28;2025-12-17;12;688
28;2025-12-17;13;725
28;2025-12-17;14;675
28;2025-12-17;15;705
28;2025-12-17;16;864
28;2025-12-17;17;1006
28;2025-12-17;18;952
28;2025-12-17;19;732
28;2025-12-17;20;501
28;2025-12-17;21;317
28;2025-12-17;22;145
28;2025-12-17;23;17
28;2025-12-18;0;0
28;2025-12-18;1;0
28;2025-12-18;2;0
28;2025-12-18;3;0
28;2025-12-18;4;1
28;2025-12-18;5;77
28;2025-12-18;6;276
28;2025-12-18;7;839
28;2025-12-18;8;1266
28;2025-12-18;9;886
28;2025-12-18;10;639
28;2025-12-18;11;553
28;2025-12-18;12;705
28;2025-12-18;13;724
28;2025-12-18;14;672
28;2025-12-18;15;710
28;2025-12-18;16;847
28;2025-12-18;17;988
28;2025-12-18;18;1022
28;2025-12-18;19;742
28;2025-12-18;20;539
28;2025-12-18;21;326
28;2025-12-18;22;143
28;2025-12-18;23;16
28;2025-12-19;0;0
28;2025-12-19;1;0
28;2025-12-19;2;0
28;2025-12-19;3;0
28;2025-12-19;4;2
28;2025-12-19;5;77
28;2025-12-19;6;260
28;2025-12-19;7;780
28;2025-12-19;8;1137
28;2025-12-19;9;818
28;2025-12-19;10;617
28;2025-12-19;11;543
28;2025-12-19;12;687
28;2025-12-19;13;701
28;2025-12-19;14;689
28;2025-12-19;15;719
28;2025-12-19;16;959
28;2025-12-19;17;973
28;2025-12-19;18;820
28;2025-12-19;19;622
28;2025-12-19;20;457
28;2025-12-19;21;313
28;2025-12-19;22;144
28;2025-12-19;23;19
28;2025-12-20;0;0
28;2025-12-20;1;0
28;2025-12-20;2;0
28;2025-12-20;3;0
28;2025-12-20;4;0
28;2025-12-20;5;38
28;2025-12-20;6;99
28;2025-12-20;7;217
28;2025-12-20;8;379
28;2025-12-20;9;456
28;2025-12-20;10;474
28;2025-12-20;11;481
28;2025-12-20;12;569
28;2025-12-20;13;577
28;2025-12-20;14;589
28;2025-12-20;15;578
28;2025-12-20;16;533
28;2025-12-20;17;548
28;2025-12-20;18;491
28;2025-12-20;19;409
28;2025-12-20;20;311
28;2025-12-20;21;267
28;2025-12-20;22;132
28;2025-12-20;23;18
28;2025-12-21;0;1
28;2025-12-21;1;0
28;2025-12-21;2;0
28;2025-12-21;3;0
28;2025-12-21;4;1
28;2025-12-21;5;31
28;2025-12-21;6;80
28;2025-12-21;7;151
28;2025-12-21;8;250
28;2025-12-21;9;324
28;2025-12-21;10;365
28;2025-12-21;11;398
28;2025-12-21;12;458
28;2025-12-21;13;509
28;2025-12-21;14;498
28;2025-12-21;15;501
28;2025-12-21;16;461
28;2025-12-21;17;472
28;2025-12-21;18;408
28;2025-12-21;19;359
28;2025-12-21;20;273
28;2025-12-21;21;228
28;2025-12-21;22;109
28;2025-12-21;23;11
28;2025-12-22;0;0
28;2025-12-22;1;0
28;2025-12-22;2;0
28;2025-12-22;3;0
28;2025-12-22;4;2
28;2025-12-22;5;79
28;2025-12-22;6;272
28;2025-12-22;7;779
28;2025-12-22;8;1194
28;2025-12-22;9;848
28;2025-12-22;10;605
28;2025-12-22;11;529
28;2025-12-22;12;645
28;2025-12-22;13;660
28;2025-12-22;14;614
28;2025-12-22;15;649
28;2025-12-22;16;872
28;2025-12-22;17;935
28;2025-12-22;18;946
28;2025-12-22;19;714
28;2025-12-22;20;478
28;2025-12-22;21;302
28;2025-12-22;22;122
28;2025-12-22;23;11
28;2025-12-23;0;0
28;2025-12-23;1;0
28;2025-12-23;2;0
28;2025-12-23;3;0
28;2025-12-23;4;2
28;2025-12-23;5;74
28;2025-12-23;6;261
28;2025-12-23;7;796
28;2025-12-23;8;1231
28;2025-12-23;9;865
28;2025-12-23;10;670
28;2025-12-23;11;563
28;2025-12-23;12;665
28;2025-12-23;13;729
28;2025-12-23;14;657
28;2025-12-23;15;683
28;2025-12-23;16;825
28;2025-12-23;17;955
28;2025-12-23;18;936
28;2025-12-23;19;730
28;2025-12-23;20;527
28;2025-12-23;21;313
28;2025-12-23;22;125
28;2025-12-23;23;18
28;2025-12-24;0;0
28;2025-12-24;1;0
28;2025-12-24;2;0
28;2025-12-24;3;0
28;2025-12-24;4;2
28;2025-12-24;5;83
28;2025-12-24;6;281
28;2025-12-24;7;781
28;2025-12-24;8;1221
28;2025-12-24;9;831
28;2025-12-24;10;635
28;2025-12-24;11;590
28;2025-12-24;12;688
28;2025-12-24;13;725
28;2025-12-24;14;675
28;2025-12-24;15;705
28;2025-12-24;16;864
28;2025-12-24;17;1006
28;2025-12-24;18;952
28;2025-12-24;19;732
28;2025-12-24;20;501
28;2025-12-24;21;317
28;2025-12-24;22;145
28;2025-12-24;23;17
28;2025-12-25;0;0
28;2025-12-25;1;0
28;2025-12-25;2;0
28;2025-12-25;3;0
28;2025-12-25;4;1
28;2025-12-25;5;77
28;2025-12-25;6;276
28;2025-12-25;7;839
28;2025-12-25;8;1266
28;2025-12-25;9;886
28;2025-12-25;10;639
28;2025-12-25;11;553
28;2025-12-25;12;705
28;2025-12-25;13;724
28;2025-12-25;14;672
28;2025-12-25;15;710
28;2025-12-25;16;847
28;2025-12-25;17;988
28;2025-12-25;18;1022
28;2025-12-25;19;742
28;2025-12-25;20;539
28;2025-12-25;21;326
28;2025-12-25;22;143
28;2025-12-25;23;16
28;2025-12-26;0;0
28;2025-12-26;1;0
28;2025-12-26;2;0
28;2025-12-26;3;0
28;2025-12-26;4;2
28;2025-12-26;5;77
28;2025-12-26;6;260
28;2025-12-26;7;780
28;2025-12-26;8;1137
28;2025-12-26;9;818
28;2025-12-26;10;617
28;2025-12-26;11;543
28;2025-12-26;12;687
28;2025-12-26;13;701
28;2025-12-26;14;689
28;2025-12-26;15;719
28;2025-12-26;16;959
28;2025-12-26;17;973
28;2025-12-26;18;820
28;2025-12-26;19;622
28;2025-12-26;20;457
28;2025-12-26;21;313
28;2025-12-26;22;144
28;2025-12-26;23;19
28;2025-12-27;0;0
28;2025-12-27;1;0
28;2025-12-27;2;0
28;2025-12-27;3;0
28;2025-12-27;4;0
28;2025-12-27;5;38
28;2025-12-27;6;99
28;2025-12-27;7;217
28;2025-12-27;8;379
28;2025-12-27;9;456
28;2025-12-27;10;474
28;2025-12-27;11;481
28;2025-12-27;12;569
28;2025-12-27;13;577
28;2025-12-27;14;589
28;2025-12-27;15;578
28;2025-12-27;16;533
28;2025-12-27;17;548
28;2025-12-27;18;491
28;2025-12-27;19;409
28;2025-12-27;20;311
28;2025-12-27;21;267
28;2025-12-27;22;132
28;2025-12-27;23;18
28;2025-12-28;0;1
28;2025-12-28;1;0
28;2025-12-28;2;0
28;2025-12-28;3;0
28;2025-12-28;4;1
28;2025-12-28;5;31
28;2025-12-28;6;80
28;2025-12-28;7;151
28;2025-12-28;8;250
28;2025-12-28;9;324
28;2025-12-28;10;365
28;2025-12-28;11;398
28;2025-12-28;12;458
28;2025-12-28;13;509
28;2025-12-28;14;498
28;2025-12-28;15;501
28;2025-12-28;16;461
28;2025-12-28;17;472
28;2025-12-28;18;408
28;2025-12-28;19;359
28;2025-12-28;20;273
28;2025-12-28;21;228
28;2025-12-28;22;109
28;2025-12-28;23;11
28;2025-12-29;0;0
28;2025-12-29;1;0
28;2025-12-29;2;0
28;2025-12-29;3;0
28;2025-12-29;4;2
28;2025-12-29;5;79
28;2025-12-29;6;272
28;2025-12-29;7;779
28;2025-12-29;8;1194
28;2025-12-29;9;848
28;2025-12-29;10;605
28;2025-12-29;11;529
28;2025-12-29;12;645
28;2025-12-29;13;660
28;2025-12-29;14;614
28;2025-12-29;15;649
28;2025-12-29;16;872
28;2025-12-29;17;935
28;2025-12-29;18;946
28;2025-12-29;19;714
28;2025-12-29;20;478
28;2025-12-29;21;302
28;2025-12-29;22;122
28;2025-12-29;23;11
28;2025-12-30;0;0
28;2025-12-30;1;0
28;2025-12-30;2;0
28;2025-12-30;3;0
28;2025-12-30;4;2
28;2025-12-30;5;74
28;2025-12-30;6;261
28;2025-12-30;7;796
28;2025-12-30;8;1231
28;2025-12-30;9;865
28;2025-12-30;10;670
28;2025-12-30;11;563
28;2025-12-30;12;665
28;2025-12-30;13;729
28;2025-12-30;14;657
28;2025-12-30;15;683
28;2025-12-30;16;825
28;2025-12-30;17;955
28;2025-12-30;18;936
28;2025-12-30;19;730
28;2025-12-30;20;527
28;2025-12-30;21;313
28;2025-12-30;22;125
28;2025-12-30;23;18
28;2025-12-31;0;1
28;2025-12-31;1;0
28;2025-12-31;2;0
28;2025-12-31;3;0
28;2025-12-31;4;1
28;2025-12-31;5;31
28;2025-12-31;6;80
28;2025-12-31;7;151
28;2025-12-31;8;250
28;2025-12-31;9;324
28;2025-12-31;10;365
28;2025-12-31;11;398
28;2025-12-31;12;458
28;2025-12-31;13;509
28;2025-12-31;14;498
28;2025-12-31;15;501
28;2025-12-31;16;461
28;2025-12-31;17;472
28;2025-12-31;18;408
28;2025-12-31;19;359
28;2025-12-31;20;273
28;2025-12-31;21;228
28;2025-12-31;22;109
28;2025-12-31;23;11
50;2025-11-01;0;38
50;2025-11-01;1;3
50;2025-11-01;2;0
50;2025-11-01;3;0
50;2025-11-01;4;2
50;2025-11-01;5;64
50;2025-11-01;6;523
50;2025-11-01;7;1638
50;2025-11-01;8;2521
50;2025-11-01;9;1948
50;2025-11-01;10;1458
50;2025-11-01;11;1530
50;2025-11-01;12;1432
50;2025-11-01;13;1396
50;2025-11-01;14;1345
50;2025-11-01;15;1645
50;2025-11-01;16;1948
50;2025-11-01;17;2046
50;2025-11-01;18;1688
50;2025-11-01;19;1172
50;2025-11-01;20;777
50;2025-11-01;21;523
50;2025-11-01;22;287
50;2025-11-01;23;165
50;2025-11-02;0;41
50;2025-11-02;1;4
50;2025-11-02;2;0
50;2025-11-02;3;0
50;2025-11-02;4;0
50;2025-11-02;5;17
50;2025-11-02;6;83
50;2025-11-02;7;159
50;2025-11-02;8;275
50;2025-11-02;9;346
50;2025-11-02;10;397
50;2025-11-02;11;505
50;2025-11-02;12;547
50;2025-11-02;13;593
50;2025-11-02;14;633
50;2025-11-02;15;556
50;2025-11-02;16;573
50;2025-11-02;17;564
50;2025-11-02;18;504
50;2025-11-02;19;427
50;2025-11-02;20;348
50;2025-11-02;21;265
50;2025-11-02;22;158
50;2025-11-02;23;87
50;2025-11-03;0;41
50;2025-11-03;1;4
50;2025-11-03;2;0
50;2025-11-03;3;0
50;2025-11-03;4;0
50;2025-11-03;5;17
50;2025-11-03;6;83
50;2025-11-03;7;159
50;2025-11-03;8;275
50;2025-11-03;9;346
50;2025-11-03;10;397
50;2025-11-03;11;505
50;2025-11-03;12;547
50;2025-11-03;13;593
50;2025-11-03;14;633
50;2025-11-03;15;556
50;2025-11-03;16;573
50;2025-11-03;17;564
50;2025-11-03;18;504
50;2025-11-03;19;427
50;2025-11-03;20;348
50;2025-11-03;21;265
50;2025-11-03;22;158
50;2025-11-03;23;87
50;2025-11-04;0;41
50;2025-11-04;1;4
50;2025-11-04;2;0
50;2025-11-04;3;0
50;2025-11-04;4;0
50;2025-11-04;5;17
50;2025-11-04;6;83
50;2025-11-04;7;159
50;2025-11-04;8;275
50;2025-11-04;9;346
50;2025-11-04;10;397
50;2025-11-04;11;505
50;2025-11-04;12;547
50;2025-11-04;13;593
50;2025-11-04;14;633
50;2025-11-04;15;556
50;2025-11-04;16;573
50;2025-11-04;17;564
50;2025-11-04;18;504
50;2025-11-04;19;427
50;2025-11-04;20;348
50;2025-11-04;21;265
50;2025-11-04;22;158
50;2025-11-04;23;87
50;2025-11-05;0;31
50;2025-11-05;1;4
50;2025-11-05;2;0
50;2025-11-05;3;0
50;2025-11-05;4;3
50;2025-11-05;5;67
50;2025-11-05;6;524
50;2025-11-05;7;1660
50;2025-11-05;8;2580
50;2025-11-05;9;1991
50;2025-11-05;10;1569
50;2025-11-05;11;1472
50;2025-11-05;12;1391
50;2025-11-05;13;1421
50;2025-11-05;14;1349
50;2025-11-05;15;1580
50;2025-11-05;16;1617
50;2025-11-05;17;2282
50;2025-11-05;18;2340
50;2025-11-05;19;1428
50;2025-11-05;20;828
50;2025-11-05;21;592
50;2025-11-05;22;273
50;2025-11-05;23;135
50;2025-11-06;0;36
50;2025-11-06;1;2
50;2025-11-06;2;0
50;2025-11-06;3;0
50;2025-11-06;4;2
50;2025-11-06;5;66
50;2025-11-06;6;519
50;2025-11-06;7;1660
50;2025-11-06;8;2523
50;2025-11-06;9;2008
50;2025-11-06;10;1580
50;2025-11-06;11;1434
50;2025-11-06;12;1399
50;2025-11-06;13;1385
50;2025-11-06;14;1317
50;2025-11-06;15;1498
50;2025-11-06;16;1688
50;2025-11-06;17;2197
50;2025-11-06;18;2342
50;2025-11-06;19;1407
50;2025-11-06;20;892
50;2025-11-06;21;638
50;2025-11-06;22;275
50;2025-11-06;23;146
50;2025-11-07;0;38
50;2025-11-07;1;3
50;2025-11-07;2;0
50;2025-11-07;3;0
50;2025-11-07;4;2
50;2025-11-07;5;64
50;2025-11-07;6;523
50;2025-11-07;7;1638
50;2025-11-07;8;2521
50;2025-11-07;9;1948
50;2025-11-07;10;1458
50;2025-11-07;11;1530
50;2025-11-07;12;1432
50;2025-11-07;13;1396
50;2025-11-07;14;1345
50;2025-11-07;15;1645
50;2025-11-07;16;1948
50;2025-11-07;17;2046
50;2025-11-07;18;1688
50;2025-11-07;19;1172
50;2025-11-07;20;777
50;2025-11-07;21;523
50;2025-11-07;22;287
50;2025-11-07;23;165
50;2025-11-08;0;64
50;2025-11-08;1;5
50;2025-11-08;2;0
50;2025-11-08;3;0
50;2025-11-08;4;1
50;2025-11-08;5;25
50;2025-11-08;6;141
50;2025-11-08;7;327
50;2025-11-08;8;485
50;2025-11-08;9;512
50;2025-11-08;10;502
50;2025-11-08;11;605
50;2025-11-08;12;638
50;2025-11-08;13;655
50;2025-11-08;14;669
50;2025-11-08;15;636
50;2025-11-08;16;630
50;2025-11-08;17;629
50;2025-11-08;18;551
50;2025-11-08;19;474
50;2025-11-08;20;366
50;2025-11-08;21;281
50;2025-11-08;22;180
50;2025-11-08;23;107
50;2025-11-09;0;41
50;2025-11-09;1;4
50;2025-11-09;2;0
50;2025-11-09;3;0
50;2025-11-09;4;0
50;2025-11-09;5;17
50;2025-11-09;6;83
50;2025-11-09;7;159
50;2025-11-09;8;275
50;2025-11-09;9;346
50;2025-11-09;10;397
50;2025-11-09;11;505
50;2025-11-09;12;547
50;2025-11-09;13;593
50;2025-11-09;14;633
50;2025-11-09;15;556
50;2025-11-09;16;573
50;2025-11-09;17;564
50;2025-11-09;18;504
50;2025-11-09;19;427
50;2025-11-09;20;348
50;2025-11-09;21;265
50;2025-11-09;22;158
50;2025-11-09;23;87
50;2025-11-10;0;25
50;2025-11-10;1;3
50;2025-11-10;2;0
50;2025-11-10;3;0
50;2025-11-10;4;3
50;2025-11-10;5;65
50;2025-11-10;6;499
50;2025-11-10;7;1673
50;2025-11-10;8;2604
50;2025-11-10;9;2019
50;2025-11-10;10;1548
50;2025-11-10;11;1441
50;2025-11-10;12;1293
50;2025-11-10;13;1337
50;2025-11-10;14;1287
50;2025-11-10;15;1501
50;2025-11-10;16;1561
50;2025-11-10;17;2211
50;2025-11-10;18;2347
50;2025-11-10;19;1387
50;2025-11-10;20;845
50;2025-11-10;21;569
50;2025-11-10;22;248
50;2025-11-10;23;116
50;2025-11-11;0;31
50;2025-11-11;1;2
50;2025-11-11;2;0
50;2025-11-11;3;0
50;2025-11-11;4;2
50;2025-11-11;5;64
50;2025-11-11;6;540
50;2025-11-11;7;1700
50;2025-11-11;8;2671
50;2025-11-11;9;2088
50;2025-11-11;10;1584
50;2025-11-11;11;1482
50;2025-11-11;12;1420
50;2025-11-11;13;1404
50;2025-11-11;14;1334
50;2025-11-11;15;1549
50;2025-11-11;16;1596
50;2025-11-11;17;2237
50;2025-11-11;18;2435
50;2025-11-11;19;1435
50;2025-11-11;20;905
50;2025-11-11;21;592
50;2025-11-11;22;263
50;2025-11-11;23;124
50;2025-11-12;0;31
50;2025-11-12;1;4
50;2025-11-12;2;0
50;2025-11-12;3;0
50;2025-11-12;4;3
50;2025-11-12;5;67
50;2025-11-12;6;524
50;2025-11-12;7;1660
50;2025-11-12;8;2580
50;2025-11-12;9;1991
50;2025-11-12;10;1569
50;2025-11-12;11;1472
50;2025-11-12;12;1391
50;2025-11-12;13;1421
50;2025-11-12;14;1349
50;2025-11-12;15;1580
50;2025-11-12;16;1617
50;2025-11-12;17;2282
50;2025-11-12;18;2340
50;2025-11-12;19;1428
50;2025-11-12;20;828
50;2025-11-12;21;592
50;2025-11-12;22;273
50;2025-11-12;23;135
50;2025-11-13;0;36
50;2025-11-13;1;2
50;2025-11-13;2;0
50;2025-11-13;3;0
50;2025-11-13;4;2
50;2025-11-13;5;66
50;2025-11-13;6;519
50;2025-11-13;7;1660
50;2025-11-13;8;2523
50;2025-11-13;9;2008
50;2025-11-13;10;1580
50;2025-11-13;11;1434
50;2025-11-13;12;1399
50;2025-11-13;13;1385
50;2025-11-13;14;1317
50;2025-11-13;15;1498
50;2025-11-13;16;1688
50;2025-11-13;17;2197
50;2025-11-13;18;2342
50;2025-11-13;19;1407
50;2025-11-13;20;892
50;2025-11-13;21;638
50;2025-11-13;22;275
50;2025-11-13;23;146
50;2025-11-14;0;38
50;2025-11-14;1;3
50;2025-11-14;2;0
50;2025-11-14;3;0
50;2025-11-14;4;2
50;2025-11-14;5;64
50;2025-11-14;6;523
50;2025-11-14;7;1638
50;2025-11-14;8;2521
50;2025-11-14;9;1948
50;2025-11-14;10;1458
50;2025-11-14;11;1530
50;2025-11-14;12;1432
50;2025-11-14;13;1396
50;2025-11-14;14;1345
50;2025-11-14;15;1645
50;2025-11-14;16;1948
50;2025-11-14;17;2046
50;2025-11-14;18;1688
50;2025-11-14;19;1172
50;2025-11-14;20;777
50;2025-11-14;21;523
50;2025-11-14;22;287
50;2025-11-14;23;165
50;2025-11-15;0;64
50;2025-11-15;1;5
50;2025-11-15;2;0
50;2025-11-15;3;0
50;2025-11-15;4;1
50;2025-11-15;5;25
50;2025-11-15;6;141
50;2025-11-15;7;327
50;2025-11-15;8;485
50;2025-11-15;9;512
50;2025-11-15;10;502
50;2025-11-15;11;605
50;2025-11-15;12;638
50;2025-11-15;13;655
50;2025-11-15;14;669
50;2025-11-15;15;636
50;2025-11-15;16;630
50;2025-11-15;17;629
50;2025-11-15;18;551
50;2025-11-15;19;474
50;2025-11-15;20;366
50;2025-11-15;21;281
50;2025-11-15;22;180
50;2025-11-15;23;107
50;2025-11-16;0;41
50;2025-11-16;1;4
50;2025-11-16;2;0
50;2025-11-16;3;0
50;2025-11-16;4;0
50;2025-11-16;5;17
50;2025-11-16;6;83
50;2025-11-16;7;159
50;2025-11-16;8;275
50;2025-11-16;9;346
50;2025-11-16;10;397
50;2025-11-16;11;505
50;2025-11-16;12;547
50;2025-11-16;13;593
50;2025-11-16;14;633
50;2025-11-16;15;556
50;2025-11-16;16;573
50;2025-11-16;17;564
50;2025-11-16;18;504
50;2025-11-16;19;427
50;2025-11-16;20;348
50;2025-11-16;21;265
50;2025-11-16;22;158
50;2025-11-16;23;87
50;2025-11-17;0;25
50;2025-11-17;1;3
50;2025-11-17;2;0
50;2025-11-17;3;0
50;2025-11-17;4;3
50;2025-11-17;5;65
50;2025-11-17;6;499
50;2025-11-17;7;1673
50;2025-11-17;8;2604
50;2025-11-17;9;2019
50;2025-11-17;10;1548
50;2025-11-17;11;1441
50;2025-11-17;12;1293
50;2025-11-17;13;1337
50;2025-11-17;14;1287
50;2025-11-17;15;1501
50;2025-11-17;16;1561
50;2025-11-17;17;2211
50;2025-11-17;18;2347
50;2025-11-17;19;1387
50;2025-11-17;20;845
50;2025-11-17;21;569
50;2025-11-17;22;248
50;2025-11-17;23;116
50;2025-11-18;0;31
50;2025-11-18;1;2
50;2025-11-18;2;0
50;2025-11-18;3;0
50;2025-11-18;4;2
50;2025-11-18;5;64
50;2025-11-18;6;540
50;2025-11-18;7;1700
50;2025-11-18;8;2671
50;2025-11-18;9;2088
50;2025-11-18;10;1584
50;2025-11-18;11;1482
50;2025-11-18;12;1420
50;2025-11-18;13;1404
50;2025-11-18;14;1334
50;2025-11-18;15;1549
50;2025-11-18;16;1596
50;2025-11-18;17;2237
50;2025-11-18;18;2435
50;2025-11-18;19;1435
50;2025-11-18;20;905
50;2025-11-18;21;592
50;2025-11-18;22;263
50;2025-11-18;23;124
50;2025-11-19;0;31
50;2025-11-19;1;4
50;2025-11-19;2;0
50;2025-11-19;3;0
50;2025-11-19;4;3
50;2025-11-19;5;67
50;2025-11-19;6;524
50;2025-11-19;7;1660
50;2025-11-19;8;2580
50;2025-11-19;9;1991
50;2025-11-19;10;1569
50;2025-11-19;11;1472
50;2025-11-19;12;1391
50;2025-11-19;13;1421
50;2025-11-19;14;1349
50;2025-11-19;15;1580
50;2025-11-19;16;1617
50;2025-11-19;17;2282
50;2025-11-19;18;2340
50;2025-11-19;19;1428
50;2025-11-19;20;828
50;2025-11-19;21;592
50;2025-11-19;22;273
50;2025-11-19;23;135
50;2025-11-20;0;36
50;2025-11-20;1;2
50;2025-11-20;2;0
50;2025-11-20;3;0
50;2025-11-20;4;2
50;2025-11-20;5;66
50;2025-11-20;6;519
50;2025-11-20;7;1660
50;2025-11-20;8;2523
50;2025-11-20;9;2008
50;2025-11-20;10;1580
50;2025-11-20;11;1434
50;2025-11-20;12;1399
50;2025-11-20;13;1385
50;2025-11-20;14;1317
50;2025-11-20;15;1498
50;2025-11-20;16;1688
50;2025-11-20;17;2197
50;2025-11-20;18;2342
50;2025-11-20;19;1407
50;2025-11-20;20;892
50;2025-11-20;21;638
50;2025-11-20;22;275
50;2025-11-20;23;146
50;2025-11-21;0;38
50;2025-11-21;1;3
50;2025-11-21;2;0
50;2025-11-21;3;0
50;2025-11-21;4;2
50;2025-11-21;5;64
50;2025-11-21;6;523
50;2025-11-21;7;1638
50;2025-11-21;8;2521
50;2025-11-21;9;1948
50;2025-11-21;10;1458
50;2025-11-21;11;1530
50;2025-11-21;12;1432
50;2025-11-21;13;1396
50;2025-11-21;14;1345
50;2025-11-21;15;1645
50;2025-11-21;16;1948
50;2025-11-21;17;2046
50;2025-11-21;18;1688
50;2025-11-21;19;1172
50;2025-11-21;20;777
50;2025-11-21;21;523
50;2025-11-21;22;287
50;2025-11-21;23;165
50;2025-11-22;0;64
50;2025-11-22;1;5
50;2025-11-22;2;0
50;2025-11-22;3;0
50;2025-11-22;4;1
50;2025-11-22;5;25
50;2025-11-22;6;141
50;2025-11-22;7;327
50;2025-11-22;8;485
50;2025-11-22;9;512
50;2025-11-22;10;502
50;2025-11-22;11;605
50;2025-11-22;12;638
50;2025-11-22;13;655
50;2025-11-22;14;669
50;2025-11-22;15;636
50;2025-11-22;16;630
50;2025-11-22;17;629
50;2025-11-22;18;551
50;2025-11-22;19;474
50;2025-11-22;20;366
50;2025-11-22;21;281
50;2025-11-22;22;180
50;2025-11-22;23;107
50;2025-11-23;0;41
50;2025-11-23;1;4
50;2025-11-23;2;0
50;2025-11-23;3;0
50;2025-11-23;4;0
50;2025-11-23;5;17
50;2025-11-23;6;83
50;2025-11-23;7;159
50;2025-11-23;8;275
50;2025-11-23;9;346
50;2025-11-23;10;397
50;2025-11-23;11;505
50;2025-11-23;12;547
50;2025-11-23;13;593
50;2025-11-23;14;633
50;2025-11-23;15;556
50;2025-11-23;16;573
50;2025-11-23;17;564
50;2025-11-23;18;504
50;2025-11-23;19;427
50;2025-11-23;20;348
50;2025-11-23;21;265
50;2025-11-23;22;158
50;2025-11-23;23;87
50;2025-11-24;0;25
50;2025-11-24;1;3
50;2025-11-24;2;0
50;2025-11-24;3;0
50;2025-11-24;4;3
50;2025-11-24;5;65
50;2025-11-24;6;499
50;2025-11-24;7;1673
50;2025-11-24;8;2604
50;2025-11-24;9;2019
50;2025-11-24;10;1548
50;2025-11-24;11;1441
50;2025-11-24;12;1293
50;2025-11-24;13;1337
50;2025-11-24;14;1287
50;2025-11-24;15;1501
50;2025-11-24;16;1561
50;2025-11-24;17;2211
50;2025-11-24;18;2347
50;2025-11-24;19;1387
50;2025-11-24;20;845
50;2025-11-24;21;569
50;2025-11-24;22;248
50;2025-11-24;23;116
50;2025-11-25;0;31
50;2025-11-25;1;2
50;2025-11-25;2;0
50;2025-11-25;3;0
50;2025-11-25;4;2
50;2025-11-25;5;64
50;2025-11-25;6;540
50;2025-11-25;7;1700
50;2025-11-25;8;2671
50;2025-11-25;9;2088
50;2025-11-25;10;1584
50;2025-11-25;11;1482
50;2025-11-25;12;1420
50;2025-11-25;13;1404
50;2025-11-25;14;1334
50;2025-11-25;15;1549
50;2025-11-25;16;1596
50;2025-11-25;17;2237
50;2025-11-25;18;2435
50;2025-11-25;19;1435
50;2025-11-25;20;905
50;2025-11-25;21;592
50;2025-11-25;22;263
50;2025-11-25;23;124
50;2025-11-26;0;31
50;2025-11-26;1;4
50;2025-11-26;2;0
50;2025-11-26;3;0
50;2025-11-26;4;3
50;2025-11-26;5;67
50;2025-11-26;6;524
50;2025-11-26;7;1660
50;2025-11-26;8;2580
50;2025-11-26;9;1991
50;2025-11-26;10;1569
50;2025-11-26;11;1472
50;2025-11-26;12;1391
50;2025-11-26;13;1421
50;2025-11-26;14;1349
50;2025-11-26;15;1580
50;2025-11-26;16;1617
50;2025-11-26;17;2282
50;2025-11-26;18;2340
50;2025-11-26;19;1428
50;2025-11-26;20;828
50;2025-11-26;21;592
50;2025-11-26;22;273
50;2025-11-26;23;135
50;2025-11-27;0;36
50;2025-11-27;1;2
50;2025-11-27;2;0
50;2025-11-27;3;0
50;2025-11-27;4;2
50;2025-11-27;5;66
50;2025-11-27;6;519
50;2025-11-27;7;1660
50;2025-11-27;8;2523
50;2025-11-27;9;2008
50;2025-11-27;10;1580
50;2025-11-27;11;1434
50;2025-11-27;12;1399
50;2025-11-27;13;1385
50;2025-11-27;14;1317
50;2025-11-27;15;1498
50;2025-11-27;16;1688
50;2025-11-27;17;2197
50;2025-11-27;18;2342
50;2025-11-27;19;1407
50;2025-11-27;20;892
50;2025-11-27;21;638
50;2025-11-27;22;275
50;2025-11-27;23;146
50;2025-11-28;0;38
50;2025-11-28;1;3
50;2025-11-28;2;0
50;2025-11-28;3;0
50;2025-11-28;4;2
50;2025-11-28;5;64
50;2025-11-28;6;523
50;2025-11-28;7;1638
50;2025-11-28;8;2521
50;2025-11-28;9;1948
50;2025-11-28;10;1458
50;2025-11-28;11;1530
50;2025-11-28;12;1432
50;2025-11-28;13;1396
50;2025-11-28;14;1345
50;2025-11-28;15;1645
50;2025-11-28;16;1948
50;2025-11-28;17;2046
50;2025-11-28;18;1688
50;2025-11-28;19;1172
50;2025-11-28;20;777
50;2025-11-28;21;523
50;2025-11-28;22;287
50;2025-11-28;23;165
50;2025-11-29;0;64
50;2025-11-29;1;5
50;2025-11-29;2;0
50;2025-11-29;3;0
50;2025-11-29;4;1
50;2025-11-29;5;25
50;2025-11-29;6;141
50;2025-11-29;7;327
50;2025-11-29;8;485
50;2025-11-29;9;512
50;2025-11-29;10;502
50;2025-11-29;11;605
50;2025-11-29;12;638
50;2025-11-29;13;655
50;2025-11-29;14;669
50;2025-11-29;15;636
50;2025-11-29;16;630
50;2025-11-29;17;629
50;2025-11-29;18;551
50;2025-11-29;19;474
50;2025-11-29;20;366
50;2025-11-29;21;281
50;2025-11-29;22;180
50;2025-11-29;23;107
50;2025-11-30;0;41
50;2025-11-30;1;4
50;2025-11-30;2;0
50;2025-11-30;3;0
50;2025-11-30;4;0
50;2025-11-30;5;17
50;2025-11-30;6;83
50;2025-11-30;7;159
50;2025-11-30;8;275
50;2025-11-30;9;346
50;2025-11-30;10;397
50;2025-11-30;11;505
50;2025-11-30;12;547
50;2025-11-30;13;593
50;2025-11-30;14;633
50;2025-11-30;15;556
50;2025-11-30;16;573
50;2025-11-30;17;564
50;2025-11-30;18;504
50;2025-11-30;19;427
50;2025-11-30;20;348
50;2025-11-30;21;265
50;2025-11-30;22;158
50;2025-11-30;23;87
50;2025-12-01;0;25
50;2025-12-01;1;3
50;2025-12-01;2;0
50;2025-12-01;3;0
50;2025-12-01;4;3
50;2025-12-01;5;65
50;2025-12-01;6;499
50;2025-12-01;7;1673
50;2025-12-01;8;2604
50;2025-12-01;9;2019
50;2025-12-01;10;1548
50;2025-12-01;11;1441
50;2025-12-01;12;1293
50;2025-12-01;13;1337
50;2025-12-01;14;1287
50;2025-12-01;15;1501
50;2025-12-01;16;1561
50;2025-12-01;17;2211
50;2025-12-01;18;2347
50;2025-12-01;19;1387
50;2025-12-01;20;845
50;2025-12-01;21;569
50;2025-12-01;22;248
50;2025-12-01;23;116
50;2025-12-02;0;31
50;2025-12-02;1;2
50;2025-12-02;2;0
50;2025-12-02;3;0
50;2025-12-02;4;2
50;2025-12-02;5;64
50;2025-12-02;6;540
50;2025-12-02;7;1700
50;2025-12-02;8;2671
50;2025-12-02;9;2088
50;2025-12-02;10;1584
50;2025-12-02;11;1482
50;2025-12-02;12;1420
50;2025-12-02;13;1404
50;2025-12-02;14;1334
50;2025-12-02;15;1549
50;2025-12-02;16;1596
50;2025-12-02;17;2237
50;2025-12-02;18;2435
50;2025-12-02;19;1435
50;2025-12-02;20;905
50;2025-12-02;21;592
50;2025-12-02;22;263
50;2025-12-02;23;124
50;2025-12-03;0;31
50;2025-12-03;1;4
50;2025-12-03;2;0
50;2025-12-03;3;0
50;2025-12-03;4;3
50;2025-12-03;5;67
50;2025-12-03;6;524
50;2025-12-03;7;1660
50;2025-12-03;8;2580
50;2025-12-03;9;1991
50;2025-12-03;10;1569
50;2025-12-03;11;1472
50;2025-12-03;12;1391
50;2025-12-03;13;1421
50;2025-12-03;14;1349
50;2025-12-03;15;1580
50;2025-12-03;16;1617
50;2025-12-03;17;2282
50;2025-12-03;18;2340
50;2025-12-03;19;1428
50;2025-12-03;20;828
50;2025-12-03;21;592
50;2025-12-03;22;273
50;2025-12-03;23;135
50;2025-12-04;0;36
50;2025-12-04;1;2
50;2025-12-04;2;0
50;2025-12-04;3;0
50;2025-12-04;4;2
50;2025-12-04;5;66
50;2025-12-04;6;519
50;2025-12-04;7;1660
50;2025-12-04;8;2523
50;2025-12-04;9;2008
50;2025-12-04;10;1580
50;2025-12-04;11;1434
50;2025-12-04;12;1399
50;2025-12-04;13;1385
50;2025-12-04;14;1317
50;2025-12-04;15;1498
50;2025-12-04;16;1688
50;2025-12-04;17;2197
50;2025-12-04;18;2342
50;2025-12-04;19;1407
50;2025-12-04;20;892
50;2025-12-04;21;638
50;2025-12-04;22;275
50;2025-12-04;23;146
50;2025-12-05;0;38
50;2025-12-05;1;3
50;2025-12-05;2;0
50;2025-12-05;3;0
50;2025-12-05;4;2
50;2025-12-05;5;64
50;2025-12-05;6;523
50;2025-12-05;7;1638
50;2025-12-05;8;2521
50;2025-12-05;9;1948
50;2025-12-05;10;1458
50;2025-12-05;11;1530
50;2025-12-05;12;1432
50;2025-12-05;13;1396
50;2025-12-05;14;1345
50;2025-12-05;15;1645
50;2025-12-05;16;1948
50;2025-12-05;17;2046
50;2025-12-05;18;1688
50;2025-12-05;19;1172
50;2025-12-05;20;777
50;2025-12-05;21;523
50;2025-12-05;22;287
50;2025-12-05;23;165
50;2025-12-06;0;64
50;2025-12-06;1;5
50;2025-12-06;2;0
50;2025-12-06;3;0
50;2025-12-06;4;1
50;2025-12-06;5;25
50;2025-12-06;6;141
50;2025-12-06;7;327
50;2025-12-06;8;485
50;2025-12-06;9;512
50;2025-12-06;10;502
50;2025-12-06;11;605
50;2025-12-06;12;638
50;2025-12-06;13;655
50;2025-12-06;14;669
50;2025-12-06;15;636
50;2025-12-06;16;630
50;2025-12-06;17;629
50;2025-12-06;18;551
50;2025-12-06;19;474
50;2025-12-06;20;366
50;2025-12-06;21;281
50;2025-12-06;22;180
50;2025-12-06;23;107
50;2025-12-07;0;41
50;2025-12-07;1;4
50;2025-12-07;2;0
50;2025-12-07;3;0
50;2025-12-07;4;0
50;2025-12-07;5;17
50;2025-12-07;6;83
50;2025-12-07;7;159
50;2025-12-07;8;275
50;2025-12-07;9;346
50;2025-12-07;10;397
50;2025-12-07;11;505
50;2025-12-07;12;547
50;2025-12-07;13;593
50;2025-12-07;14;633
50;2025-12-07;15;556
50;2025-12-07;16;573
50;2025-12-07;17;564
50;2025-12-07;18;504
50;2025-12-07;19;427
50;2025-12-07;20;348
50;2025-12-07;21;265
50;2025-12-07;22;158
50;2025-12-07;23;87
50;2025-12-08;0;25
50;2025-12-08;1;3
50;2025-12-08;2;0
50;2025-12-08;3;0
50;2025-12-08;4;3
50;2025-12-08;5;65
50;2025-12-08;6;499
50;2025-12-08;7;1673
50;2025-12-08;8;2604
50;2025-12-08;9;2019
50;2025-12-08;10;1548
50;2025-12-08;11;1441
50;2025-12-08;12;1293
50;2025-12-08;13;1337
50;2025-12-08;14;1287
50;2025-12-08;15;1501
50;2025-12-08;16;1561
50;2025-12-08;17;2211
50;2025-12-08;18;2347
50;2025-12-08;19;1387
50;2025-12-08;20;845
50;2025-12-08;21;569
50;2025-12-08;22;248
50;2025-12-08;23;116
50;2025-12-09;0;31
50;2025-12-09;1;2
50;2025-12-09;2;0
50;2025-12-09;3;0
50;2025-12-09;4;2
50;2025-12-09;5;64
50;2025-12-09;6;540
50;2025-12-09;7;1700
50;2025-12-09;8;2671
50;2025-12-09;9;2088
50;2025-12-09;10;1584
50;2025-12-09;11;1482
50;2025-12-09;12;1420
50;2025-12-09;13;1404
50;2025-12-09;14;1334
50;2025-12-09;15;1549
50;2025-12-09;16;1596
50;2025-12-09;17;2237
50;2025-12-09;18;2435
50;2025-12-09;19;1435
50;2025-12-09;20;905
50;2025-12-09;21;592
50;2025-12-09;22;263
50;2025-12-09;23;124
50;2025-12-10;0;31
50;2025-12-10;1;4
50;2025-12-10;2;0
50;2025-12-10;3;0
50;2025-12-10;4;3
50;2025-12-10;5;67
50;2025-12-10;6;524
50;2025-12-10;7;1660
50;2025-12-10;8;2580
50;2025-12-10;9;1991
50;2025-12-10;10;1569
50;2025-12-10;11;1472
50;2025-12-10;12;1391
50;2025-12-10;13;1421
50;2025-12-10;14;1349
50;2025-12-10;15;1580
50;2025-12-10;16;1617
50;2025-12-10;17;2282
50;2025-12-10;18;2340
50;2025-12-10;19;1428
50;2025-12-10;20;828
50;2025-12-10;21;592
50;2025-12-10;22;273
50;2025-12-10;23;135
50;2025-12-11;0;36
50;2025-12-11;1;2
50;2025-12-11;2;0
50;2025-12-11;3;0
50;2025-12-11;4;2
50;2025-12-11;5;66
50;2025-12-11;6;519
50;2025-12-11;7;1660
50;2025-12-11;8;2523
50;2025-12-11;9;2008
50;2025-12-11;10;1580
50;2025-12-11;11;1434
50;2025-12-11;12;1399
50;2025-12-11;13;1385
50;2025-12-11;14;1317
50;2025-12-11;15;1498
50;2025-12-11;16;1688
50;2025-12-11;17;2197
50;2025-12-11;18;2342
50;2025-12-11;19;1407
50;2025-12-11;20;892
50;2025-12-11;21;638
50;2025-12-11;22;275
50;2025-12-11;23;146
50;2025-12-12;0;38
50;2025-12-12;1;3
50;2025-12-12;2;0
50;2025-12-12;3;0
50;2025-12-12;4;2
50;2025-12-12;5;64
50;2025-12-12;6;523
50;2025-12-12;7;1638
50;2025-12-12;8;2521
50;2025-12-12;9;1948
50;2025-12-12;10;1458
50;2025-12-12;11;1530
50;2025-12-12;12;1432
50;2025-12-12;13;1396
50;2025-12-12;14;1345
50;2025-12-12;15;1645
50;2025-12-12;16;1948
50;2025-12-12;17;2046
50;2025-12-12;18;1688
50;2025-12-12;19;1172
50;2025-12-12;20;777
50;2025-12-12;21;523
50;2025-12-12;22;287
50;2025-12-12;23;165
50;2025-12-13;0;64
50;2025-12-13;1;5
50;2025-12-13;2;0
50;2025-12-13;3;0
50;2025-12-13;4;1
50;2025-12-13;5;25
50;2025-12-13;6;141
50;2025-12-13;7;327
50;2025-12-13;8;485
50;2025-12-13;9;512
50;2025-12-13;10;502
50;2025-12-13;11;605
50;2025-12-13;12;638
50;2025-12-13;13;655
50;2025-12-13;14;669
50;2025-12-13;15;636
50;2025-12-13;16;630
50;2025-12-13;17;629
50;2025-12-13;18;551
50;2025-12-13;19;474
50;2025-12-13;20;366
50;2025-12-13;21;281
50;2025-12-13;22;180
50;2025-12-13;23;107
50;2025-12-14;0;41
50;2025-12-14;1;4
50;2025-12-14;2;0
50;2025-12-14;3;0
50;2025-12-14;4;0
50;2025-12-14;5;17
50;2025-12-14;6;83
50;2025-12-14;7;159
50;2025-12-14;8;275
50;2025-12-14;9;346
50;2025-12-14;10;397
50;2025-12-14;11;505
50;2025-12-14;12;547
50;2025-12-14;13;593
50;2025-12-14;14;633
50;2025-12-14;15;556
50;2025-12-14;16;573
50;2025-12-14;17;564
50;2025-12-14;18;504
50;2025-12-14;19;427
50;2025-12-14;20;348
50;2025-12-14;21;265
50;2025-12-14;22;158
50;2025-12-14;23;87
50;2025-12-15;0;25
50;2025-12-15;1;3
50;2025-12-15;2;0
50;2025-12-15;3;0
50;2025-12-15;4;3
50;2025-12-15;5;65
50;2025-12-15;6;499
50;2025-12-15;7;1673
50;2025-12-15;8;2604
50;2025-12-15;9;2019
50;2025-12-15;10;1548
50;2025-12-15;11;1441
50;2025-12-15;12;1293
50;2025-12-15;13;1337
50;2025-12-15;14;1287
50;2025-12-15;15;1501
50;2025-12-15;16;1561
50;2025-12-15;17;2211
50;2025-12-15;18;2347
50;2025-12-15;19;1387
50;2025-12-15;20;845
50;2025-12-15;21;569
50;2025-12-15;22;248
50;2025-12-15;23;116
50;2025-12-16;0;31
50;2025-12-16;1;2
50;2025-12-16;2;0
50;2025-12-16;3;0
50;2025-12-16;4;2
50;2025-12-16;5;64
50;2025-12-16;6;540
50;2025-12-16;7;1700
50;2025-12-16;8;2671
50;2025-12-16;9;2088
50;2025-12-16;10;1584
50;2025-12-16;11;1482
50;2025-12-16;12;1420
50;2025-12-16;13;1404
50;2025-12-16;14;1334
50;2025-12-16;15;1549
50;2025-12-16;16;1596
50;2025-12-16;17;2237
50;2025-12-16;18;2435
50;2025-12-16;19;1435
50;2025-12-16;20;905
50;2025-12-16;21;592
50;2025-12-16;22;263
50;2025-12-16;23;124
50;2025-12-17;0;31
50;2025-12-17;1;4
50;2025-12-17;2;0
50;2025-12-17;3;0
50;2025-12-17;4;3
50;2025-12-17;5;67
50;2025-12-17;6;524
50;2025-12-17;7;1660
50;2025-12-17;8;2580
50;2025-12-17;9;1991
50;2025-12-17;10;1569
50;2025-12-17;11;1472
50;2025-12-17;12;1391
50;2025-12-17;13;1421
50;2025-12-17;14;1349
50;2025-12-17;15;1580
50;2025-12-17;16;1617
50;2025-12-17;17;2282
50;2025-12-17;18;2340
50;2025-12-17;19;1428
50;2025-12-17;20;828
50;2025-12-17;21;592
50;2025-12-17;22;273
50;2025-12-17;23;135
50;2025-12-18;0;36
50;2025-12-18;1;2
50;2025-12-18;2;0
50;2025-12-18;3;0
50;2025-12-18;4;2
50;2025-12-18;5;66
50;2025-12-18;6;519
50;2025-12-18;7;1660
50;2025-12-18;8;2523
50;2025-12-18;9;2008
50;2025-12-18;10;1580
50;2025-12-18;11;1434
50;2025-12-18;12;1399
50;2025-12-18;13;1385
50;2025-12-18;14;1317
50;2025-12-18;15;1498
50;2025-12-18;16;1688
50;2025-12-18;17;2197
50;2025-12-18;18;2342
50;2025-12-18;19;1407
50;2025-12-18;20;892
50;2025-12-18;21;638
50;2025-12-18;22;275
50;2025-12-18;23;146
50;2025-12-19;0;38
50;2025-12-19;1;3
50;2025-12-19;2;0
50;2025-12-19;3;0
50;2025-12-19;4;2
50;2025-12-19;5;64
50;2025-12-19;6;523
50;2025-12-19;7;1638
50;2025-12-19;8;2521
50;2025-12-19;9;1948
50;2025-12-19;10;1458
50;2025-12-19;11;1530
50;2025-12-19;12;1432
50;2025-12-19;13;1396
50;2025-12-19;14;1345
50;2025-12-19;15;1645
50;2025-12-19;16;1948
50;2025-12-19;17;2046
50;2025-12-19;18;1688
50;2025-12-19;19;1172
50;2025-12-19;20;777
50;2025-12-19;21;523
50;2025-12-19;22;287
50;2025-12-19;23;165
50;2025-12-20;0;64
50;2025-12-20;1;5
50;2025-12-20;2;0
50;2025-12-20;3;0
50;2025-12-20;4;1
50;2025-12-20;5;25
50;2025-12-20;6;141
50;2025-12-20;7;327
50;2025-12-20;8;485
50;2025-12-20;9;512
50;2025-12-20;10;502
50;2025-12-20;11;605
50;2025-12-20;12;638
50;2025-12-20;13;655
50;2025-12-20;14;669
50;2025-12-20;15;636
50;2025-12-20;16;630
50;2025-12-20;17;629
50;2025-12-20;18;551
50;2025-12-20;19;474
50;2025-12-20;20;366
50;2025-12-20;21;281
50;2025-12-20;22;180
50;2025-12-20;23;107
50;2025-12-21;0;41
50;2025-12-21;1;4
50;2025-12-21;2;0
50;2025-12-21;3;0
50;2025-12-21;4;0
50;2025-12-21;5;17
50;2025-12-21;6;83
50;2025-12-21;7;159
50;2025-12-21;8;275
50;2025-12-21;9;346
50;2025-12-21;10;397
50;2025-12-21;11;505
50;2025-12-21;12;547
50;2025-12-21;13;593
50;2025-12-21;14;633
50;2025-12-21;15;556
50;2025-12-21;16;573
50;2025-12-21;17;564
50;2025-12-21;18;504
50;2025-12-21;19;427
50;2025-12-21;20;348
50;2025-12-21;21;265
50;2025-12-21;22;158
50;2025-12-21;23;87
50;2025-12-22;0;25
50;2025-12-22;1;3
50;2025-12-22;2;0
50;2025-12-22;3;0
50;2025-12-22;4;3
50;2025-12-22;5;65
50;2025-12-22;6;499
50;2025-12-22;7;1673
50;2025-12-22;8;2604
50;2025-12-22;9;2019
50;2025-12-22;10;1548
50;2025-12-22;11;1441
50;2025-12-22;12;1293
50;2025-12-22;13;1337
50;2025-12-22;14;1287
50;2025-12-22;15;1501
50;2025-12-22;16;1561
50;2025-12-22;17;2211
50;2025-12-22;18;2347
50;2025-12-22;19;1387
50;2025-12-22;20;845
50;2025-12-22;21;569
50;2025-12-22;22;248
50;2025-12-22;23;116
50;2025-12-23;0;31
50;2025-12-23;1;2
50;2025-12-23;2;0
50;2025-12-23;3;0
50;2025-12-23;4;2
50;2025-12-23;5;64
50;2025-12-23;6;540
50;2025-12-23;7;1700
50;2025-12-23;8;2671
50;2025-12-23;9;2088
50;2025-12-23;10;1584
50;2025-12-23;11;1482
50;2025-12-23;12;1420
50;2025-12-23;13;1404
50;2025-12-23;14;1334
50;2025-12-23;15;1549
50;2025-12-23;16;1596
50;2025-12-23;17;2237
50;2025-12-23;18;2435
50;2025-12-23;19;1435
50;2025-12-23;20;905
50;2025-12-23;21;592
50;2025-12-23;22;263
50;2025-12-23;23;124
50;2025-12-24;0;31
50;2025-12-24;1;4
50;2025-12-24;2;0
50;2025-12-24;3;0
50;2025-12-24;4;3
50;2025-12-24;5;67
50;2025-12-24;6;524
50;2025-12-24;7;1660
50;2025-12-24;8;2580
50;2025-12-24;9;1991
50;2025-12-24;10;1569
50;2025-12-24;11;1472
50;2025-12-24;12;1391
50;2025-12-24;13;1421
50;2025-12-24;14;1349
50;2025-12-24;15;1580
50;2025-12-24;16;1617
50;2025-12-24;17;2282
50;2025-12-24;18;2340
50;2025-12-24;19;1428
50;2025-12-24;20;828
50;2025-12-24;21;592
50;2025-12-24;22;273
50;2025-12-24;23;135
50;2025-12-25;0;36
50;2025-12-25;1;2
50;2025-12-25;2;0
50;2025-12-25;3;0
50;2025-12-25;4;2
50;2025-12-25;5;66
50;2025-12-25;6;519
50;2025-12-25;7;1660
50;2025-12-25;8;2523
50;2025-12-25;9;2008
50;2025-12-25;10;1580
50;2025-12-25;11;1434
50;2025-12-25;12;1399
50;2025-12-25;13;1385
50;2025-12-25;14;1317
50;2025-12-25;15;1498
50;2025-12-25;16;1688
50;2025-12-25;17;2197
50;2025-12-25;18;2342
50;2025-12-25;19;1407
50;2025-12-25;20;892
50;2025-12-25;21;638
50;2025-12-25;22;275
50;2025-12-25;23;146
50;2025-12-26;0;38
50;2025-12-26;1;3
50;2025-12-26;2;0
50;2025-12-26;3;0
50;2025-12-26;4;2
50;2025-12-26;5;64
50;2025-12-26;6;523
50;2025-12-26;7;1638
50;2025-12-26;8;2521
50;2025-12-26;9;1948
50;2025-12-26;10;1458
50;2025-12-26;11;1530
50;2025-12-26;12;1432
50;2025-12-26;13;1396
50;2025-12-26;14;1345
50;2025-12-26;15;1645
50;2025-12-26;16;1948
50;2025-12-26;17;2046
50;2025-12-26;18;1688
50;2025-12-26;19;1172
50;2025-12-26;20;777
50;2025-12-26;21;523
50;2025-12-26;22;287
50;2025-12-26;23;165
50;2025-12-27;0;64
50;2025-12-27;1;5
50;2025-12-27;2;0
50;2025-12-27;3;0
50;2025-12-27;4;1
50;2025-12-27;5;25
50;2025-12-27;6;141
50;2025-12-27;7;327
50;2025-12-27;8;485
50;2025-12-27;9;512
50;2025-12-27;10;502
50;2025-12-27;11;605
50;2025-12-27;12;638
50;2025-12-27;13;655
50;2025-12-27;14;669
50;2025-12-27;15;636
50;2025-12-27;16;630
50;2025-12-27;17;629
50;2025-12-27;18;551
50;2025-12-27;19;474
50;2025-12-27;20;366
50;2025-12-27;21;281
50;2025-12-27;22;180
50;2025-12-27;23;107
50;2025-12-28;0;41
50;2025-12-28;1;4
50;2025-12-28;2;0
50;2025-12-28;3;0
50;2025-12-28;4;0
50;2025-12-28;5;17
50;2025-12-28;6;83
50;2025-12-28;7;159
50;2025-12-28;8;275
50;2025-12-28;9;346
50;2025-12-28;10;397
50;2025-12-28;11;505
50;2025-12-28;12;547
50;2025-12-28;13;593
50;2025-12-28;14;633
50;2025-12-28;15;556
50;2025-12-28;16;573
50;2025-12-28;17;564
50;2025-12-28;18;504
50;2025-12-28;19;427
50;2025-12-28;20;348
50;2025-12-28;21;265
50;2025-12-28;22;158
50;2025-12-28;23;87
50;2025-12-29;0;25
50;2025-12-29;1;3
50;2025-12-29;2;0
50;2025-12-29;3;0
50;2025-12-29;4;3
50;2025-12-29;5;65
50;2025-12-29;6;499
50;2025-12-29;7;1673
50;2025-12-29;8;2604
50;2025-12-29;9;2019
50;2025-12-29;10;1548
50;2025-12-29;11;1441
50;2025-12-29;12;1293
50;2025-12-29;13;1337
50;2025-12-29;14;1287
50;2025-12-29;15;1501
50;2025-12-29;16;1561
50;2025-12-29;17;2211
50;2025-12-29;18;2347
50;2025-12-29;19;1387
50;2025-12-29;20;845
50;2025-12-29;21;569
50;2025-12-29;22;248
50;2025-12-29;23;116
50;2025-12-30;0;31
50;2025-12-30;1;2
50;2025-12-30;2;0
50;2025-12-30;3;0
50;2025-12-30;4;2
50;2025-12-30;5;64
50;2025-12-30;6;540
50;2025-12-30;7;1700
50;2025-12-30;8;2671
50;2025-12-30;9;2088
50;2025-12-30;10;1584
50;2025-12-30;11;1482
50;2025-12-30;12;1420
50;2025-12-30;13;1404
50;2025-12-30;14;1334
50;2025-12-30;15;1549
50;2025-12-30;16;1596
50;2025-12-30;17;2237
50;2025-12-30;18;2435
50;2025-12-30;19;1435
50;2025-12-30;20;905
50;2025-12-30;21;592
50;2025-12-30;22;263
50;2025-12-30;23;124
50;2025-12-31;0;41
50;2025-12-31;1;4
50;2025-12-31;2;0
50;2025-12-31;3;0
50;2025-12-31;4;0
50;2025-12-31;5;17
50;2025-12-31;6;83
50;2025-12-31;7;159
50;2025-12-31;8;275
50;2025-12-31;9;346
50;2025-12-31;10;397
50;2025-12-31;11;505
50;2025-12-31;12;547
50;2025-12-31;13;593
50;2025-12-31;14;633
50;2025-12-31;15;556
50;2025-12-31;16;573
50;2025-12-31;17;564
50;2025-12-31;18;504
50;2025-12-31;19;427
50;2025-12-31;20;348
50;2025-12-31;21;265
50;2025-12-31;22;158
50;2025-12-31;23;87
